met,altitude_km,downrange_km,velocity_ms,g_force,dynamic_pressure_kpa,thrust_kn,pitch_deg,heading_deg
0.0,0.241,0.0,0.0,1.0,0.0,0.0,90.0,83.33
0.0,0.241,0.0,0.0,1.0,0.0,0.0,90.0,83.33
0.0,0.241,0.0,0.0,1.0,0.0,0.0,90.0,83.33
0.0,0.241,0.0,0.0,1.0,0.0,0.0,90.0,83.33
0.0,0.241,0.0,0.0,1.0,0.0,0.0,90.0,83.33
0.0,0.241,0.0,0.0,1.0,0.0,0.0,90.0,83.33
0.0,0.241,0.0,0.0,1.0,0.0,0.0,90.0,83.33
0.0,0.241,0.0,0.0,1.0,0.0,0.0,90.0,83.33
0.0,0.241,0.0,0.0,1.0,0.0,0.0,90.0,83.33
0.0,0.241,0.0,0.0,1.0,0.0,0.0,90.0,83.33
0.0,0.241,0.0,0.0,1.0,0.0,0.0,90.0,83.33
0.0,0.241,0.0,0.0,1.0,0.0,0.0,90.0,83.33
0.0,0.241,0.0,0.0,1.0,0.0,0.1,90.0,83.33
0.0,0.241,0.0,0.0,1.0,0.0,0.1,90.0,83.33
0.0,0.241,0.0,0.0,1.0,0.0,0.1,90.0,83.33
0.0,0.241,0.0,0.0,1.0,0.0,0.1,90.0,83.33
0.0,0.241,0.0,0.0,1.0,0.0,0.1,90.0,83.33
0.0,0.241,0.0,0.0,1.0,0.0,0.1,90.0,83.33
0.0,0.241,0.0,0.0,1.0,0.0,0.1,90.0,83.33
0.0,0.241,0.0,0.0,1.0,0.0,0.1,90.0,83.33
0.0,0.241,0.0,0.0,1.0,0.0,0.2,90.0,83.33
0.0,0.241,0.0,0.0,1.0,0.0,0.2,90.0,83.33
0.0,0.241,0.0,0.0,1.0,0.0,0.2,90.0,83.33
0.0,0.241,0.0,0.0,1.0,0.0,0.2,90.0,83.33
0.0,0.241,0.0,0.0,1.0,0.0,0.2,90.0,83.33
0.0,0.241,0.0,0.0,1.0,0.0,0.3,90.0,83.33
0.0,0.241,0.0,0.0,1.0,0.0,0.3,90.0,83.33
0.0,0.241,0.0,0.0,1.0,0.0,0.3,90.0,83.33
0.0,0.241,0.0,0.0,1.0,0.0,0.4,90.0,83.33
0.0,0.241,0.0,0.0,1.0,0.0,0.4,90.0,83.33
0.0,0.241,0.0,0.0,1.0,0.0,0.5,90.0,83.33
0.0,0.241,0.0,0.0,1.0,0.0,0.5,90.0,83.33
0.0,0.241,0.0,0.0,1.0,0.0,0.6,90.0,83.33
0.0,0.241,0.0,0.0,1.0,0.0,0.7,90.0,83.33
0.0,0.241,0.0,0.0,1.0,0.0,0.7,90.0,83.33
0.0,0.241,0.0,0.0,1.0,0.0,0.8,90.0,83.33
0.0,0.241,0.0,0.0,1.0,0.0,0.9,90.0,83.33
0.0,0.241,0.0,0.0,1.0,0.0,1.0,90.0,83.33
0.0,0.241,0.0,0.0,1.0,0.0,1.2,90.0,83.33
0.0,0.241,0.0,0.0,1.0,0.0,1.2,90.0,83.33
0.0,0.241,0.0,0.0,1.0,0.0,1.4,90.0,83.33
0.0,0.241,0.0,0.0,1.0,0.0,16.6,90.0,83.33
0.0,0.241,0.0,0.0,1.0,0.0,31.4,90.0,83.33
0.0,0.241,0.0,0.0,1.0,0.0,57.5,90.0,83.33
0.0,0.241,0.0,0.0,1.0,0.0,80.4,90.0,83.33
0.0,0.241,0.0,0.0,1.0,0.0,114.1,90.0,83.33
0.0,0.241,0.0,0.0,1.0,0.0,134.7,90.0,83.33
0.0,0.241,0.0,0.0,1.0,0.0,161.5,90.0,83.33
0.0,0.241,0.0,0.0,1.0,0.0,175.9,90.0,83.33
0.0,0.241,0.0,0.0,1.0,0.0,193.5,90.0,83.33
0.0,0.241,0.0,0.0,1.0,0.0,202.7,90.0,83.33
0.0,0.241,0.0,0.0,1.0,0.0,212.6,90.0,83.33
0.0,0.241,0.0,0.0,1.0,0.0,218.2,90.0,83.33
0.0,0.241,0.0,0.0,1.0,0.0,224.3,90.0,83.33
0.0,0.241,0.0,0.0,1.0,0.0,227.3,90.0,83.33
0.0,0.241,0.0,0.0,1.0,0.0,230.9,90.0,83.33
0.0,0.241,0.0,0.0,1.0,0.0,232.9,90.0,83.33
0.0,0.241,0.0,0.0,1.0,0.0,234.2,90.0,83.33
0.0,0.241,0.0,0.0,1.0,0.0,236.0,90.0,83.33
0.0,0.241,0.0,0.0,1.0,0.0,237.1,90.0,83.33
0.0,0.241,0.0,0.0,1.0,0.0,237.3,90.0,83.33
0.0,0.241,0.0,0.0,1.0,0.0,237.5,90.0,83.33
0.0,0.241,0.0,0.0,1.0,0.0,237.8,90.0,83.33
0.0,0.241,0.0,0.0,1.0,0.0,239.0,90.0,83.33
0.0,0.241,0.0,0.0,1.0,0.0,239.8,90.0,83.33
0.0,0.241,0.0,0.0,1.0,0.0,239.1,90.0,83.33
0.0,0.241,0.0,0.0,1.0,0.0,239.4,90.0,83.33
0.0,0.241,0.0,0.0,1.0,0.0,239.1,90.0,83.33
0.0,0.241,0.0,0.0,1.0,0.0,239.6,90.0,83.33
0.0,0.241,0.0,0.0,1.0,0.0,238.8,90.0,83.33
0.0,0.241,0.0,0.0,1.0,0.0,238.9,90.0,83.33
0.0,0.241,0.0,0.51,1.13,0.0,239.7,90.0,83.33
0.0,0.241,0.0,0.85,1.22,0.0,239.7,90.0,83.33
0.0,0.241,0.0,1.37,1.35,0.0,239.3,90.0,83.33
0.0,0.241,0.0,1.71,1.44,0.0,239.9,90.0,83.33
0.0,0.241,0.0,2.22,1.57,0.0,239.5,90.0,83.33
0.02,0.242,0.0,2.74,1.7,0.0,239.1,90.0,83.33
0.06,0.242,0.0,3.08,1.79,0.0,239.6,89.98,83.33
0.12,0.242,0.0,3.6,1.87,0.0,239.7,90.0,83.33
0.16,0.242,0.0,3.94,1.87,0.01,238.9,90.0,83.33
0.22,0.242,0.0,4.46,1.87,0.01,239.2,90.0,83.33
0.26,0.242,0.0,4.8,1.88,0.01,239.8,90.0,83.33
0.32,0.243,0.0,5.32,1.88,0.01,239.1,89.98,83.33
0.36,0.243,0.0,5.66,1.88,0.01,239.2,90.0,83.33
0.42,0.243,0.0,6.18,1.88,0.02,239.3,90.0,83.33
0.46,0.244,0.0,6.53,1.88,0.02,239.4,90.0,83.33
0.52,0.244,0.0,7.05,1.88,0.02,239.6,90.0,83.33
0.56,0.244,0.0,7.39,1.88,0.03,239.5,90.0,83.33
0.62,0.245,0.0,7.91,1.88,0.03,239.0,90.0,83.33
0.66,0.245,0.0,8.26,1.88,0.03,238.9,90.0,83.33
0.72,0.246,0.0,8.78,1.88,0.04,239.6,90.0,83.33
0.76,0.246,0.0,9.13,1.88,0.04,239.4,90.0,83.33
0.82,0.247,0.0,9.65,1.88,0.05,239.1,89.97,83.33
0.86,0.247,0.0,10.0,1.89,0.05,238.8,90.0,83.33
0.9,0.247,0.0,10.35,1.89,0.06,239.6,90.0,83.33
0.9,0.247,0.0,10.35,1.89,0.06,239.6,90.0,83.33
0.96,0.248,0.0,10.87,1.89,0.06,239.0,90.0,83.33
1.02,0.249,0.0,11.4,1.89,0.07,239.6,89.97,83.33
1.08,0.249,0.0,11.92,1.89,0.08,239.0,90.0,83.33
1.12,0.25,0.0,12.27,1.89,0.08,239.2,90.0,83.33
1.18,0.251,0.0,12.8,1.89,0.09,239.5,89.98,83.33
1.22,0.251,0.0,13.15,1.89,0.1,238.9,89.97,83.33
1.28,0.252,0.0,13.68,1.89,0.1,239.6,89.96,83.33
1.32,0.252,0.0,14.03,1.89,0.11,239.2,90.0,83.33
1.36,0.253,0.0,14.38,1.89,0.12,239.2,89.98,83.33
1.42,0.254,0.0,14.91,1.9,0.13,238.8,89.96,83.33
1.48,0.255,0.0,15.44,1.9,0.14,239.5,89.97,83.33
1.52,0.255,0.0,15.79,1.9,0.14,239.2,89.97,83.33
1.56,0.256,0.0,16.15,1.9,0.15,239.2,89.96,83.33
1.62,0.257,0.0,16.68,1.9,0.16,239.4,89.96,83.33
1.68,0.258,0.0,17.21,1.9,0.17,239.4,89.95,83.33
1.72,0.259,0.0,17.57,1.9,0.18,239.2,89.95,83.33
1.78,0.26,0.0,18.1,1.9,0.19,239.9,89.95,83.33
1.82,0.261,0.0,18.46,1.9,0.2,239.3,89.95,83.33
1.88,0.262,0.0,18.99,1.91,0.21,239.6,89.95,83.33
1.94,0.263,0.0,19.53,1.91,0.22,238.9,89.95,83.33
1.98,0.264,0.0,19.88,1.91,0.23,239.5,89.94,83.33
2.02,0.265,0.0,20.24,1.91,0.24,239.7,89.94,83.33
2.08,0.266,0.0,20.78,1.91,0.25,239.5,89.94,83.33
2.12,0.267,0.0,21.14,1.91,0.26,239.0,89.94,83.33
2.18,0.268,0.0,21.67,1.91,0.28,239.5,89.93,83.33
2.24,0.269,0.0,22.21,1.91,0.29,239.5,89.93,83.34
2.28,0.27,0.0,22.57,1.91,0.3,240.0,89.93,83.34
2.32,0.271,0.0,22.93,1.91,0.31,239.8,89.93,83.34
2.38,0.272,0.0,23.47,1.92,0.33,239.7,89.92,83.34
2.44,0.274,0.0,24.02,1.92,0.34,239.9,89.92,83.34
2.48,0.275,0.0,24.38,1.92,0.36,240.2,89.91,83.34
2.52,0.276,0.0,24.74,1.92,0.37,239.8,89.91,83.34
2.58,0.277,0.0,25.28,1.92,0.38,239.7,89.91,83.34
2.62,0.278,0.0,25.64,1.92,0.4,239.5,89.91,83.34
2.68,0.28,0.0,26.19,1.92,0.41,239.6,89.9,83.34
2.74,0.282,0.0,26.73,1.92,0.43,240.1,89.9,83.35
2.78,0.283,0.0,27.1,1.92,0.44,239.9,89.9,83.35
2.82,0.284,0.0,27.46,1.92,0.46,239.9,89.89,83.35
2.88,0.285,0.0,28.01,1.93,0.47,240.0,89.89,83.35
2.94,0.287,0.0,28.56,1.93,0.49,240.3,89.88,83.35
2.98,0.288,0.0,28.92,1.93,0.51,239.8,89.88,83.35
3.04,0.29,0.0,29.47,1.93,0.53,239.9,89.88,96.71
3.08,0.291,0.0,29.84,1.93,0.54,239.8,89.87,97.16
3.12,0.292,0.0,30.2,1.93,0.56,239.5,89.87,97.59
3.18,0.294,0.0,30.75,1.93,0.58,239.9,89.87,98.28
3.24,0.296,0.0,31.3,1.93,0.6,239.2,89.87,98.99
3.28,0.297,0.0,31.67,1.93,0.61,239.5,89.86,99.45
3.34,0.299,0.0,32.22,1.93,0.63,239.8,89.86,100.17
3.38,0.301,0.0,32.58,1.93,0.65,239.3,89.85,100.66
3.44,0.303,0.0,33.14,1.94,0.67,240.2,89.85,101.41
3.48,0.304,0.0,33.51,1.94,0.69,240.1,89.84,101.91
3.54,0.306,0.0,34.06,1.94,0.71,239.9,89.84,102.68
3.58,0.307,0.0,34.43,1.94,0.73,239.7,89.84,103.19
3.64,0.309,0.0,34.98,1.94,0.75,239.3,89.83,103.97
3.68,0.311,0.0,35.35,1.94,0.77,239.4,89.83,104.5
3.74,0.313,0.0,35.91,1.94,0.79,239.7,89.82,105.3
3.8,0.315,0.0,36.47,1.94,0.82,240.3,89.82,106.11
3.84,0.317,0.0,36.84,1.94,0.83,240.2,89.81,106.65
3.88,0.318,0.0,37.21,1.94,0.85,239.2,89.81,107.2
3.94,0.32,0.0,37.77,1.94,0.88,239.7,89.81,108.04
4.0,0.323,0.0,38.33,1.95,0.9,239.6,89.8,108.88
4.04,0.324,0.0,38.7,1.95,0.92,240.2,89.79,109.44
4.08,0.326,0.0,39.07,1.95,0.94,239.4,89.79,110.01
4.14,0.328,0.0,39.63,1.95,0.97,239.9,89.79,110.86
4.2,0.33,0.0,40.19,1.95,1.0,239.3,89.78,111.73
4.24,0.332,0.0,40.56,1.95,1.02,239.2,89.78,112.31
4.28,0.334,0.0,40.94,1.95,1.04,239.9,89.77,112.89
4.34,0.336,0.0,41.5,1.95,1.06,239.9,89.77,113.77
4.4,0.339,0.0,42.06,1.95,1.09,239.2,89.76,114.65
4.44,0.34,0.0,42.44,1.95,1.11,240.0,89.76,115.25
4.48,0.342,0.0,42.81,1.95,1.13,239.4,89.75,115.84
4.54,0.345,0.0,43.38,1.96,1.16,239.6,89.74,116.73
4.6,0.347,0.0,43.94,1.96,1.2,240.0,89.74,117.62
4.64,0.349,0.0,44.32,1.96,1.22,239.5,89.73,118.21
4.68,0.351,0.0,44.7,1.96,1.24,240.0,89.73,118.81
4.74,0.354,0.0,45.26,1.96,1.27,239.8,89.72,119.7
4.8,0.356,0.0,45.83,1.96,1.3,240.2,89.71,120.6
4.84,0.358,0.0,46.21,1.96,1.32,239.6,89.71,121.2
4.9,0.361,0.0,46.78,1.96,1.36,239.9,89.7,122.09
4.96,0.364,0.0,47.35,1.96,1.39,239.8,89.69,122.98
5.0,0.366,0.0,47.73,1.96,1.41,239.7,89.69,123.58
5.04,0.368,0.0,48.11,1.97,1.43,240.4,89.68,124.16
5.1,0.371,0.0,48.68,1.97,1.47,240.5,89.67,125.04
5.16,0.373,0.0,49.25,1.97,1.5,240.0,89.66,125.92
5.2,0.375,0.0,49.64,1.97,1.53,240.1,89.66,126.51
5.24,0.377,0.0,50.02,1.97,1.55,239.7,89.65,127.08
5.3,0.38,0.0,50.59,1.97,1.59,239.7,89.64,127.96
5.36,0.384,0.0,51.17,1.97,1.62,239.9,89.64,128.82
5.4,0.386,0.0,51.55,1.97,1.65,240.3,89.63,129.39
5.44,0.388,0.0,51.93,1.97,1.67,240.3,89.62,129.96
5.5,0.391,0.0,52.51,1.98,1.71,240.0,89.61,130.81
5.54,0.393,0.0,52.89,1.98,1.74,239.8,89.6,131.37
5.6,0.396,0.0,53.47,1.98,1.77,240.7,89.6,132.2
5.66,0.399,0.001,54.05,1.98,1.81,240.8,89.59,133.03
5.7,0.402,0.001,54.44,1.98,1.84,239.9,89.58,133.57
5.74,0.404,0.001,54.82,1.98,1.87,239.7,89.57,134.11
5.8,0.407,0.001,55.4,1.98,1.91,240.6,89.56,134.92
5.86,0.41,0.001,55.99,1.98,1.95,240.1,89.55,135.71
5.9,0.413,0.001,56.37,1.99,1.97,240.5,89.54,136.23
5.94,0.415,0.001,56.76,1.99,2.0,240.1,89.54,136.75
6.0,0.418,0.001,57.34,1.99,2.04,240.2,89.52,137.52
6.06,0.422,0.001,57.93,1.99,2.08,239.9,89.51,138.28
6.1,0.424,0.001,58.31,1.99,2.11,240.0,89.51,138.78
6.16,0.428,0.001,58.9,1.99,2.15,240.6,89.49,139.51
6.2,0.43,0.001,59.29,1.99,2.18,239.7,89.49,140.0
6.26,0.434,0.001,59.87,1.99,2.22,240.6,89.47,140.72
6.3,0.436,0.001,60.27,1.99,2.25,240.6,89.47,141.19
6.36,0.44,0.001,60.85,1.99,2.3,240.7,89.45,141.9
6.4,0.442,0.001,61.24,1.99,2.33,240.1,89.45,142.36
6.46,0.446,0.001,61.83,2.0,2.37,240.2,89.43,143.04
6.5,0.448,0.001,62.23,2.0,2.4,240.1,89.42,143.49
6.56,0.452,0.001,62.82,2.0,2.45,241.0,89.41,144.15
6.6,0.455,0.001,63.21,2.0,2.48,240.3,89.4,144.58
6.66,0.458,0.001,63.8,2.0,2.52,240.3,89.39,145.22
6.7,0.461,0.001,64.2,2.0,2.55,240.9,89.38,145.64
6.76,0.465,0.001,64.79,2.0,2.6,240.5,89.37,146.27
6.8,0.467,0.001,65.19,2.0,2.63,240.9,89.36,146.67
6.86,0.471,0.001,65.78,2.01,2.68,240.9,89.35,147.27
6.9,0.474,0.001,66.18,2.01,2.71,240.8,89.34,147.67
6.96,0.478,0.001,66.77,2.01,2.76,240.4,89.32,148.25
7.0,0.481,0.001,67.17,2.01,2.79,241.1,89.31,148.62
7.06,0.485,0.001,67.77,2.01,2.84,240.2,89.3,149.19
7.1,0.487,0.001,68.16,2.01,2.88,240.5,89.29,149.55
7.16,0.492,0.001,68.76,2.01,2.93,241.2,89.28,150.09
7.22,0.496,0.001,69.36,2.01,2.98,240.8,89.26,150.61
7.26,0.498,0.001,69.76,2.01,3.01,240.5,89.25,150.95
7.3,0.501,0.001,70.16,2.01,3.04,240.7,89.24,151.29
7.36,0.506,0.001,70.76,2.02,3.1,240.5,89.23,151.79
7.42,0.51,0.001,71.36,2.02,3.15,240.7,89.22,152.28
7.46,0.513,0.001,71.76,2.02,3.18,241.4,89.21,152.59
7.5,0.516,0.001,72.16,2.02,3.22,240.5,89.2,152.9
7.56,0.52,0.001,72.77,2.02,3.27,241.3,89.18,153.36
7.62,0.524,0.001,73.37,2.02,3.33,240.8,89.17,153.8
7.66,0.527,0.002,73.78,2.02,3.36,241.2,89.16,154.09
7.7,0.53,0.002,74.18,2.03,3.4,240.7,89.15,154.37
7.76,0.535,0.002,74.78,2.03,3.45,240.8,89.13,154.79
7.82,0.539,0.002,75.39,2.03,3.51,240.4,89.12,155.2
7.86,0.542,0.002,75.79,2.03,3.54,240.5,89.11,155.46
7.92,0.547,0.002,76.4,2.03,3.6,240.8,89.1,155.85
7.96,0.55,0.002,76.81,2.03,3.64,241.4,89.09,156.1
8.02,0.554,0.002,77.42,2.03,3.69,240.4,89.07,156.46
8.06,0.558,0.002,77.82,2.03,3.73,241.2,89.06,156.7
8.12,0.562,0.002,78.43,2.03,3.79,241.2,89.05,157.05
8.16,0.565,0.002,78.84,2.03,3.83,241.5,89.04,157.27
8.2,0.569,0.002,79.25,2.04,3.87,241.4,89.03,157.49
8.26,0.573,0.002,79.86,2.04,3.92,241.3,89.02,157.81
8.32,0.578,0.002,80.47,2.04,3.98,240.6,89.01,158.13
8.36,0.581,0.002,80.88,2.04,4.02,240.9,89.0,158.33
8.4,0.585,0.002,81.29,2.04,4.06,240.6,88.99,158.53
8.46,0.59,0.002,81.91,2.04,4.12,241.6,88.98,158.81
8.52,0.594,0.002,82.52,2.04,4.18,241.4,88.96,159.09
8.56,0.598,0.002,82.93,2.04,4.22,240.9,88.95,159.27
8.62,0.603,0.002,83.55,2.04,4.28,241.3,88.94,159.53
8.66,0.606,0.002,83.96,2.05,4.33,241.4,88.93,159.69
8.72,0.611,0.003,84.58,2.05,4.39,241.2,88.92,159.93
8.78,0.616,0.003,85.2,2.05,4.45,241.6,88.91,160.16
8.82,0.62,0.003,85.61,2.05,4.49,241.0,88.9,160.31
8.86,0.623,0.003,86.03,2.05,4.53,241.5,88.89,160.46
8.92,0.628,0.003,86.65,2.05,4.6,241.2,88.88,160.67
8.98,0.634,0.003,87.27,2.05,4.66,241.1,88.87,160.87
9.02,0.637,0.003,87.68,2.05,4.7,241.3,88.86,161.0
9.06,0.641,0.003,88.1,2.05,4.75,241.8,88.86,161.12
9.12,0.646,0.003,88.73,2.06,4.81,241.4,88.85,161.3
9.16,0.649,0.003,89.14,2.06,4.86,241.1,88.84,161.41
9.22,0.655,0.003,89.77,2.06,4.92,241.5,88.83,161.57
9.28,0.66,0.003,90.39,2.06,4.99,241.6,88.82,161.73
9.32,0.664,0.003,90.81,2.06,5.03,241.5,88.81,161.82
9.36,0.668,0.003,91.23,2.06,5.08,241.9,88.8,161.92
9.42,0.673,0.003,91.86,2.06,5.15,241.9,88.79,162.05
9.48,0.679,0.004,92.49,2.07,5.21,241.4,88.78,162.18
9.52,0.682,0.004,92.91,2.07,5.26,241.3,88.78,162.26
9.58,0.688,0.004,93.54,2.07,5.33,241.2,88.77,162.37
9.62,0.692,0.004,93.96,2.07,5.37,241.9,88.76,162.44
9.68,0.697,0.004,94.59,2.07,5.44,242.2,88.75,162.54
9.72,0.701,0.004,95.01,2.07,5.49,241.8,88.74,162.61
9.78,0.707,0.004,95.64,2.07,5.56,241.3,88.74,162.7
9.82,0.711,0.004,96.06,2.07,5.61,241.4,88.73,162.75
9.88,0.716,0.004,96.7,2.07,5.68,241.8,88.72,162.83
9.92,0.72,0.004,97.12,2.07,5.73,242.1,88.71,162.88
9.98,0.726,0.004,97.76,2.08,5.8,242.0,88.71,162.94
10.02,0.73,0.004,98.18,2.08,5.85,242.0,88.7,162.99
10.08,0.736,0.005,98.82,2.08,5.92,241.8,88.69,163.04
10.12,0.74,0.005,99.25,2.08,5.97,241.9,88.68,163.08
10.18,0.746,0.005,99.89,2.08,6.04,241.9,88.68,163.12
10.22,0.75,0.005,100.31,2.08,6.09,241.6,88.67,163.15
10.28,0.756,0.005,100.95,2.09,6.16,242.1,88.66,163.2
10.32,0.76,0.005,101.38,2.09,6.21,242.5,88.66,163.22
10.38,0.766,0.005,102.02,2.09,6.29,241.9,88.65,163.25
10.42,0.77,0.005,102.45,2.09,6.34,242.0,88.64,163.27
10.48,0.776,0.005,103.1,2.09,6.42,242.6,88.63,163.3
10.52,0.781,0.005,103.53,2.09,6.47,241.9,88.63,163.32
10.58,0.787,0.005,104.17,2.09,6.54,242.3,88.62,163.34
10.62,0.791,0.006,104.6,2.09,6.59,242.5,88.61,163.36
10.68,0.797,0.006,105.25,2.1,6.67,242.4,88.6,163.37
10.74,0.804,0.006,105.9,2.1,6.75,242.5,88.59,163.39
10.78,0.808,0.006,106.33,2.1,6.8,242.0,88.59,163.41
10.82,0.812,0.006,106.76,2.1,6.85,241.8,88.58,163.42
10.88,0.819,0.006,107.41,2.1,6.93,242.1,88.57,163.44
10.94,0.825,0.006,108.06,2.1,7.01,242.5,88.56,163.45
10.98,0.829,0.006,108.5,2.1,7.07,242.7,88.56,163.47
11.02,0.834,0.006,108.93,2.1,7.12,241.9,88.55,163.47
11.08,0.84,0.007,109.58,2.1,7.2,241.9,88.54,163.49
11.14,0.847,0.007,110.23,2.11,7.28,241.9,88.53,163.51
11.18,0.851,0.007,110.67,2.11,7.33,242.5,88.52,163.52
11.22,0.856,0.007,111.11,2.11,7.39,242.5,88.52,163.54
11.28,0.862,0.007,111.76,2.11,7.47,242.2,88.51,163.56
11.34,0.869,0.007,112.42,2.11,7.55,242.3,88.5,163.58
11.38,0.874,0.007,112.85,2.11,7.61,242.9,88.49,163.6
11.44,0.88,0.007,113.51,2.11,7.69,243.0,88.48,163.62
11.48,0.885,0.008,113.95,2.11,7.75,242.3,88.47,163.65
11.54,0.892,0.008,114.61,2.12,7.83,243.0,88.46,163.67
11.6,0.899,0.008,115.27,2.12,7.92,242.2,88.45,163.7
11.64,0.903,0.008,115.71,2.12,7.97,242.5,88.44,163.73
11.68,0.908,0.008,116.15,2.12,8.03,242.6,88.43,163.75
11.74,0.915,0.008,116.81,2.12,8.11,242.8,88.42,163.79
11.78,0.92,0.008,117.25,2.12,8.17,242.8,88.41,163.82
11.84,0.927,0.009,117.92,2.12,8.26,242.5,88.4,163.87
11.88,0.932,0.009,118.36,2.12,8.32,242.7,88.39,163.9
11.94,0.939,0.009,119.03,2.13,8.4,242.5,88.38,163.95
11.98,0.943,0.009,119.47,2.13,8.46,242.7,88.37,163.99
12.04,0.951,0.009,120.14,2.13,8.55,243.6,88.36,164.05
12.1,0.958,0.009,120.81,2.13,8.64,243.3,88.35,164.11
12.14,0.963,0.009,121.25,2.13,8.7,243.4,88.34,164.14
12.18,0.968,0.01,121.7,2.13,8.76,243.4,88.33,164.18
12.24,0.975,0.01,122.37,2.13,8.85,243.5,88.32,164.21
12.28,0.98,0.01,122.82,2.14,8.91,243.3,88.32,164.23
12.34,0.987,0.01,123.49,2.14,9.0,242.9,88.32,164.25
12.4,0.995,0.01,124.16,2.14,9.09,243.3,88.32,164.26
12.44,1.0,0.01,124.61,2.14,9.15,243.3,88.32,164.26
12.48,1.005,0.01,125.06,2.14,9.21,243.2,88.32,164.26
12.54,1.012,0.011,125.74,2.14,9.3,244.0,88.32,164.25
12.6,1.02,0.011,126.41,2.14,9.39,243.7,88.33,164.23
12.64,1.025,0.011,126.87,2.15,9.46,243.0,88.34,164.21
12.7,1.032,0.011,127.54,2.15,9.55,243.6,88.35,164.18
12.74,1.037,0.011,127.99,2.15,9.61,243.5,88.35,164.15
12.78,1.043,0.011,128.45,2.15,9.67,243.2,88.36,164.12
12.84,1.05,0.012,129.13,2.15,9.77,243.7,88.37,164.07
12.9,1.058,0.012,129.81,2.15,9.86,243.3,88.39,164.02
12.94,1.063,0.012,130.26,2.15,9.93,244.0,88.4,163.98
13.0,1.071,0.012,130.95,2.15,10.02,243.5,88.42,163.92
13.04,1.076,0.012,131.4,2.16,10.08,243.2,88.43,163.87
13.1,1.084,0.013,132.08,2.16,10.18,243.9,88.45,163.81
13.14,1.09,0.013,132.54,2.16,10.25,243.6,88.46,163.77
13.2,1.098,0.013,133.23,2.16,10.34,243.7,88.48,163.7
13.24,1.103,0.013,133.68,2.16,10.41,244.0,88.49,163.65
13.3,1.111,0.013,134.37,2.16,10.51,243.3,88.51,163.58
13.34,1.116,0.014,134.83,2.16,10.57,243.5,88.52,163.54
13.38,1.122,0.014,135.29,2.16,10.64,243.9,88.53,163.49
13.44,1.13,0.014,135.97,2.17,10.73,244.1,88.55,163.44
13.5,1.138,0.014,136.66,2.17,10.83,243.6,88.56,163.39
13.54,1.144,0.014,137.12,2.17,10.9,243.6,88.57,163.35
13.6,1.152,0.015,137.82,2.17,11.0,243.8,88.59,163.31
13.64,1.157,0.015,138.28,2.17,11.07,243.8,88.59,163.28
13.7,1.166,0.015,138.97,2.17,11.17,243.6,88.6,163.25
13.76,1.174,0.015,139.66,2.17,11.27,243.8,88.61,163.23
13.8,1.18,0.015,140.13,2.18,11.34,243.7,88.62,163.23
13.84,1.185,0.015,140.59,2.18,11.4,243.9,88.62,163.23
13.9,1.194,0.016,141.29,2.18,11.51,244.5,88.63,163.24
13.94,1.199,0.016,141.75,2.18,11.57,244.0,88.63,163.25
14.0,1.208,0.016,142.45,2.18,11.68,244.6,88.63,163.28
14.06,1.216,0.016,143.15,2.18,11.78,243.7,88.63,163.33
14.1,1.222,0.017,143.61,2.18,11.85,244.1,88.63,163.37
14.14,1.228,0.017,144.08,2.18,11.92,243.8,88.63,163.42
14.2,1.237,0.017,144.78,2.19,12.02,244.8,88.62,163.5
14.24,1.242,0.017,145.25,2.19,12.09,244.6,88.62,163.56
14.3,1.251,0.017,145.95,2.19,12.2,244.6,88.61,163.66
14.34,1.257,0.018,146.42,2.19,12.27,244.2,88.6,163.74
14.4,1.266,0.018,147.13,2.19,12.38,244.9,88.59,163.85
14.44,1.272,0.018,147.6,2.19,12.45,244.6,88.58,163.93
14.5,1.281,0.018,148.3,2.2,12.55,244.6,88.56,164.07
14.56,1.29,0.019,149.01,2.2,12.66,244.6,88.54,164.21
14.6,1.295,0.019,149.48,2.2,12.73,244.3,88.53,164.3
14.64,1.301,0.019,149.95,2.2,12.8,244.3,88.51,164.4
14.7,1.311,0.019,150.66,2.2,12.91,245.0,88.49,164.56
14.76,1.32,0.019,151.37,2.2,13.02,244.5,88.47,164.71
14.8,1.326,0.02,151.85,2.2,13.09,245.3,88.45,164.81
14.86,1.335,0.02,152.56,2.2,13.2,244.4,88.42,164.96
14.9,1.341,0.02,153.04,2.21,13.28,245.2,88.4,165.07
14.96,1.35,0.02,153.75,2.21,13.39,244.4,88.38,165.22
15.0,1.356,0.021,154.22,2.21,13.46,245.1,88.36,165.32
15.06,1.366,0.021,154.94,2.21,13.57,244.6,88.33,165.46
15.1,1.372,0.021,155.42,2.21,13.64,244.6,88.31,165.55
15.14,1.378,0.021,155.89,2.21,13.72,244.9,88.29,165.63
15.22,1.39,0.022,156.86,2.22,13.87,245.7,88.25,165.82
15.26,1.397,0.022,157.33,2.22,13.94,245.4,88.23,165.9
15.3,1.403,0.022,157.81,2.22,14.02,245.4,88.21,165.98
15.36,1.413,0.022,158.53,2.22,14.13,244.6,88.18,166.1
15.4,1.419,0.022,159.02,2.22,14.21,245.3,88.16,166.18
15.46,1.428,0.023,159.74,2.22,14.32,245.4,88.13,166.28
15.52,1.438,0.023,160.46,2.22,14.44,245.5,88.11,166.39
15.56,1.445,0.023,160.94,2.23,14.51,245.6,88.09,166.45
15.6,1.451,0.023,161.43,2.23,14.59,245.5,88.07,166.51
15.66,1.461,0.024,162.15,2.23,14.7,244.8,88.05,166.59
15.7,1.467,0.024,162.64,2.23,14.78,245.7,88.04,166.64
15.76,1.477,0.024,163.37,2.23,14.9,245.9,88.02,166.72
15.8,1.484,0.024,163.85,2.23,14.98,245.6,88.0,166.76
15.86,1.493,0.025,164.58,2.23,15.09,245.4,87.98,166.83
15.9,1.5,0.025,165.07,2.24,15.17,245.2,87.97,166.87
15.96,1.51,0.025,165.8,2.24,15.29,245.5,87.96,166.93
16.02,1.52,0.026,166.53,2.24,15.41,245.8,87.95,166.98
16.06,1.527,0.026,167.02,2.24,15.49,245.7,87.94,167.02
16.1,1.533,0.026,167.51,2.24,15.56,246.1,87.93,167.05
16.16,1.543,0.026,168.24,2.24,15.68,245.8,87.92,167.09
16.22,1.553,0.027,168.98,2.24,15.8,245.7,87.92,167.13
16.26,1.56,0.027,169.47,2.25,15.88,246.1,87.91,167.15
16.32,1.57,0.027,170.21,2.25,16.0,245.8,87.91,167.2
16.36,1.577,0.028,170.7,2.25,16.08,245.4,87.91,167.22
16.42,1.587,0.028,171.44,2.25,16.2,245.6,87.9,167.25
16.46,1.594,0.028,171.93,2.25,16.29,246.3,87.9,167.27
16.5,1.601,0.028,172.42,2.25,16.37,246.1,87.9,167.29
16.56,1.612,0.029,173.17,2.25,16.49,245.9,87.91,167.31
16.6,1.619,0.029,173.66,2.25,16.57,246.2,87.91,167.33
16.66,1.629,0.029,174.4,2.26,16.69,246.0,87.91,167.36
16.72,1.639,0.03,175.15,2.26,16.82,246.8,87.91,167.39
16.76,1.646,0.03,175.65,2.26,16.9,246.1,87.92,167.4
16.82,1.657,0.03,176.39,2.26,17.02,246.2,87.92,167.42
16.86,1.664,0.031,176.89,2.26,17.1,245.8,87.92,167.44
16.9,1.671,0.031,177.39,2.26,17.19,245.8,87.93,167.46
16.96,1.682,0.031,178.14,2.27,17.31,246.5,87.93,167.48
17.02,1.693,0.032,178.89,2.27,17.44,246.6,87.93,167.51
17.06,1.7,0.032,179.39,2.27,17.52,246.1,87.93,167.54
17.12,1.711,0.032,180.14,2.27,17.65,246.3,87.94,167.56
17.18,1.721,0.033,180.89,2.27,17.77,246.1,87.94,167.6
17.22,1.729,0.033,181.39,2.27,17.86,247.1,87.94,167.62
17.26,1.736,0.033,181.9,2.28,17.94,246.9,87.94,167.64
17.3,1.743,0.033,182.4,2.28,18.03,246.1,87.94,167.67
17.3,1.747,0.034,182.65,2.28,18.07,246.4,87.94,167.69
17.38,1.758,0.034,183.41,2.28,18.2,246.8,87.94,167.72
17.44,1.769,0.034,184.16,2.28,18.33,246.5,87.94,167.76
17.48,1.776,0.035,184.67,2.28,18.41,247.1,87.93,167.8
17.52,1.784,0.035,185.18,2.28,18.5,247.0,87.93,167.83
17.58,1.795,0.035,185.94,2.29,18.63,246.7,87.92,167.88
17.62,1.802,0.036,186.44,2.29,18.71,246.9,87.92,167.92
17.68,1.813,0.036,187.21,2.29,18.85,246.9,87.91,167.97
17.74,1.825,0.036,187.97,2.29,18.98,247.0,87.9,168.03
17.78,1.832,0.037,188.48,2.29,19.06,247.1,87.89,168.07
17.82,1.84,0.037,188.99,2.29,19.15,246.9,87.88,168.11
17.88,1.851,0.037,189.75,2.29,19.28,247.1,87.87,168.17
17.92,1.859,0.038,190.26,2.29,19.37,246.8,87.86,168.22
17.98,1.87,0.038,191.03,2.3,19.5,246.7,87.84,168.28
18.04,1.882,0.039,191.8,2.3,19.63,247.7,87.82,168.34
18.08,1.889,0.039,192.31,2.3,19.72,247.2,87.81,168.39
18.12,1.897,0.039,192.82,2.3,19.81,247.8,87.8,168.43
18.18,1.909,0.04,193.59,2.3,19.95,247.8,87.78,168.5
18.22,1.916,0.04,194.11,2.3,20.04,247.6,87.76,168.55
18.28,1.928,0.04,194.88,2.31,20.17,247.4,87.73,168.63
18.34,1.94,0.041,195.66,2.31,20.31,247.5,87.7,168.71
18.38,1.948,0.041,196.17,2.31,20.4,247.2,87.68,168.77
18.44,1.959,0.042,196.95,2.31,20.53,247.7,87.64,168.85
18.48,1.967,0.042,197.47,2.31,20.62,247.9,87.62,168.92
18.54,1.979,0.042,198.24,2.32,20.76,247.7,87.58,169.0
18.58,1.987,0.043,198.76,2.32,20.85,247.7,87.55,169.06
18.64,1.999,0.043,199.54,2.32,20.99,248.4,87.51,169.15
18.68,2.007,0.043,200.07,2.32,21.08,248.6,87.48,169.21
18.72,2.015,0.044,200.59,2.32,21.17,247.8,87.46,169.26
18.78,2.027,0.044,201.37,2.32,21.31,248.4,87.41,169.34
18.84,2.039,0.045,202.15,2.33,21.45,247.9,87.37,169.42
18.88,2.047,0.045,202.68,2.33,21.54,247.8,87.35,169.47
18.94,2.059,0.046,203.46,2.33,21.68,248.3,87.31,169.53
18.98,2.068,0.046,203.99,2.33,21.77,248.4,87.29,169.58
19.04,2.08,0.046,204.78,2.33,21.91,248.4,87.25,169.65
19.08,2.088,0.047,205.3,2.33,22.01,248.6,87.23,169.69
19.14,2.1,0.047,206.09,2.34,22.15,248.8,87.2,169.75
19.18,2.109,0.048,206.62,2.34,22.24,248.4,87.18,169.79
19.24,2.121,0.048,207.41,2.34,22.38,248.7,87.16,169.84
19.3,2.133,0.049,208.21,2.34,22.53,248.5,87.13,169.89
19.34,2.142,0.049,208.74,2.34,22.62,248.6,87.12,169.92
19.4,2.154,0.049,209.53,2.34,22.77,248.0,87.1,169.96
19.44,2.163,0.05,210.06,2.35,22.86,248.9,87.1,169.99
19.48,2.171,0.05,210.59,2.35,22.96,249.1,87.09,170.01
19.54,2.184,0.051,211.39,2.35,23.1,248.5,87.08,170.05
19.58,2.192,0.051,211.92,2.35,23.2,248.1,87.08,170.07
19.64,2.205,0.052,212.72,2.35,23.34,249.0,87.07,170.1
19.7,2.218,0.052,213.52,2.35,23.49,248.4,87.07,170.12
19.74,2.226,0.053,214.05,2.35,23.58,249.1,87.08,170.14
19.78,2.235,0.053,214.59,2.36,23.68,249.4,87.08,170.16
19.84,2.248,0.054,215.39,2.36,23.83,249.0,87.08,170.18
19.88,2.256,0.054,215.92,2.36,23.93,249.0,87.09,170.19
19.94,2.269,0.055,216.73,2.36,24.07,249.4,87.09,170.22
20.0,2.282,0.055,217.53,2.36,24.22,248.6,87.1,170.24
20.04,2.291,0.056,218.07,2.36,24.32,249.3,87.11,170.24
20.08,2.3,0.056,218.6,2.36,24.42,249.3,87.11,170.26
20.14,2.313,0.057,219.41,2.36,24.56,248.7,87.12,170.28
20.18,2.322,0.057,219.94,2.36,24.66,248.7,87.13,170.28
20.24,2.335,0.058,220.75,2.37,24.81,249.4,87.14,170.31
20.3,2.348,0.058,221.55,2.37,24.96,248.8,87.14,170.33
20.34,2.357,0.059,222.09,2.37,25.06,249.7,87.15,170.35
20.4,2.37,0.059,222.9,2.37,25.21,248.9,87.15,170.37
20.44,2.379,0.06,223.43,2.37,25.3,248.8,87.15,170.39
20.5,2.393,0.06,224.24,2.37,25.45,249.4,87.15,170.41
20.54,2.402,0.061,224.78,2.37,25.55,249.5,87.15,170.43
20.6,2.415,0.061,225.59,2.37,25.7,249.1,87.15,170.46
20.64,2.424,0.062,226.12,2.37,25.8,249.1,87.15,170.48
20.7,2.438,0.062,226.93,2.37,25.95,249.4,87.14,170.52
20.74,2.447,0.063,227.47,2.37,26.05,250.0,87.13,170.54
20.8,2.461,0.063,228.28,2.37,26.2,249.2,87.12,170.57
20.84,2.47,0.064,228.82,2.37,26.3,249.6,87.11,170.6
20.9,2.484,0.065,229.63,2.37,26.45,250.2,87.09,170.62
20.96,2.497,0.065,230.44,2.37,26.6,249.8,87.07,170.66
21.0,2.507,0.066,230.98,2.37,26.7,250.0,87.06,170.69
21.04,2.516,0.066,231.52,2.37,26.8,249.8,87.05,170.71
21.1,2.53,0.067,232.33,2.37,26.95,250.3,87.02,170.75
21.14,2.539,0.067,232.87,2.37,27.05,249.6,87.01,170.78
21.2,2.553,0.068,233.68,2.37,27.2,250.5,86.98,170.81
21.26,2.567,0.069,234.49,2.37,27.35,250.3,86.95,170.84
21.3,2.576,0.069,235.02,2.37,27.45,249.7,86.94,170.87
21.34,2.586,0.07,235.56,2.37,27.55,250.4,86.92,170.9
21.4,2.6,0.07,236.37,2.37,27.7,250.0,86.89,170.94
21.44,2.609,0.071,236.91,2.37,27.8,250.7,86.87,170.96
21.5,2.624,0.071,237.72,2.37,27.95,250.1,86.85,170.99
21.56,2.638,0.072,238.52,2.37,28.1,250.3,86.82,171.03
21.6,2.647,0.073,239.06,2.37,28.2,249.9,86.8,171.06
21.66,2.662,0.073,239.86,2.37,28.35,250.7,86.78,171.09
21.7,2.671,0.074,240.4,2.37,28.45,250.8,86.77,171.1
21.74,2.681,0.074,240.94,2.37,28.55,250.8,86.75,171.12
21.8,2.696,0.075,241.74,2.37,28.7,251.1,86.73,171.15
21.86,2.71,0.076,242.55,2.37,28.85,251.3,86.72,171.17
21.9,2.72,0.076,243.09,2.37,28.95,251.2,86.71,171.19
21.94,2.729,0.077,243.62,2.37,29.05,250.8,86.7,171.2
22.0,2.744,0.078,244.42,2.37,29.2,250.8,86.68,171.22
22.06,2.759,0.078,245.23,2.37,29.35,251.1,86.68,171.24
22.1,2.769,0.079,245.76,2.37,29.45,251.3,86.67,171.25
22.14,2.778,0.079,246.3,2.36,29.55,250.8,86.67,171.27
22.2,2.793,0.08,247.1,2.36,29.69,251.2,86.66,171.28
22.24,2.803,0.081,247.63,2.36,29.79,252.0,86.66,171.29
22.3,2.818,0.081,248.43,2.36,29.94,250.9,86.66,171.31
22.34,2.828,0.082,248.96,2.36,30.04,251.3,86.66,171.31
22.4,2.843,0.083,249.76,2.36,30.19,251.5,86.66,171.33
22.44,2.853,0.083,250.29,2.36,30.29,251.7,86.66,171.34
22.5,2.868,0.084,251.08,2.36,30.43,252.1,86.66,171.35
22.54,2.878,0.085,251.61,2.35,30.53,251.5,86.66,171.36
22.6,2.893,0.086,252.41,2.35,30.68,251.7,86.66,171.37
22.66,2.908,0.086,253.2,2.35,30.82,252.3,86.66,171.39
22.72,2.923,0.087,253.99,2.35,30.97,251.4,86.66,171.4
22.76,2.934,0.088,254.52,2.35,31.07,252.5,86.66,171.41
22.8,2.944,0.088,255.05,2.35,31.17,252.0,86.66,171.42
22.86,2.959,0.089,255.84,2.34,31.31,252.3,86.66,171.44
22.92,2.974,0.09,256.62,2.34,31.46,252.3,86.66,171.45
22.96,2.985,0.091,257.15,2.34,31.55,252.0,86.66,171.46
23.0,2.995,0.091,257.67,2.34,31.65,252.7,86.65,171.48
23.06,3.01,0.092,258.46,2.34,31.79,251.8,86.65,171.5
23.1,3.021,0.093,258.98,2.33,31.89,251.7,86.64,171.51
23.16,3.036,0.093,259.76,2.33,32.03,252.4,86.63,171.53
23.22,3.052,0.094,260.54,2.33,32.17,252.8,86.62,171.55
23.26,3.062,0.095,261.06,2.33,32.27,252.1,86.61,171.56
23.3,3.073,0.096,261.57,2.33,32.36,252.0,86.6,171.58
23.36,3.088,0.096,262.35,2.32,32.51,252.9,86.59,171.6
23.42,3.104,0.097,263.12,2.32,32.65,252.8,86.57,171.62
23.46,3.115,0.098,263.64,2.32,32.74,252.8,86.56,171.63
23.52,3.131,0.099,264.41,2.32,32.88,253.0,86.54,171.66
23.56,3.141,0.099,264.93,2.32,32.97,252.8,86.53,171.67
23.62,3.157,0.1,265.69,2.31,33.11,252.2,86.51,171.69
23.66,3.168,0.101,266.21,2.31,33.21,252.7,86.5,171.7
23.7,3.178,0.102,266.72,2.31,33.3,252.5,86.49,171.72
23.76,3.194,0.103,267.48,2.31,33.44,253.0,86.46,171.74
23.82,3.21,0.104,268.25,2.3,33.57,253.3,86.44,171.76
23.86,3.221,0.104,268.75,2.3,33.71,252.7,86.43,171.77
23.92,3.237,0.105,269.51,2.3,33.8,252.6,86.42,171.78
23.96,3.248,0.106,270.02,2.29,33.89,252.5,86.4,171.79
24.02,3.264,0.107,270.78,2.29,34.03,253.3,86.39,171.8
24.06,3.275,0.108,271.28,2.29,34.12,253.5,86.38,171.81
24.12,3.291,0.109,272.03,2.29,34.25,252.8,86.37,171.82
24.16,3.302,0.109,272.54,2.29,34.34,252.8,86.36,171.83
24.22,3.319,0.111,273.29,2.28,34.52,253.0,86.35,171.84
24.28,3.335,0.111,274.04,2.28,34.61,252.8,86.34,171.85
24.32,3.346,0.112,274.54,2.28,34.7,253.0,86.34,171.85
24.38,3.362,0.113,275.28,2.27,34.83,253.2,86.33,171.86
24.42,3.373,0.113,275.78,2.27,34.91,252.8,86.33,171.86
24.46,3.384,0.114,276.27,2.27,35.0,253.6,86.32,171.87
24.52,3.401,0.115,277.02,2.27,35.13,253.4,86.32,171.88
24.58,3.418,0.116,277.76,2.26,35.26,253.1,86.31,171.88
24.62,3.429,0.117,278.25,2.26,35.35,253.8,86.31,171.89
24.68,3.445,0.118,278.99,2.26,35.48,253.1,86.31,171.9
24.72,3.457,0.119,279.72,2.26,35.6,253.1,86.31,171.9
24.78,3.473,0.12,280.21,2.25,35.69,253.4,86.31,171.91
24.84,3.49,0.121,280.95,2.25,35.81,253.5,86.3,171.92
24.9,3.507,0.122,281.68,2.25,35.94,253.5,86.3,171.93
24.94,3.518,0.122,282.16,2.25,36.02,254.1,86.3,171.94
24.98,3.529,0.123,282.65,2.24,36.15,253.7,86.3,171.95
25.04,3.546,0.124,283.38,2.24,36.23,253.8,86.29,171.96
25.08,3.563,0.125,284.11,2.24,36.36,254.4,86.29,171.97
25.16,3.58,0.126,284.83,2.24,36.48,253.9,86.28,171.99
25.2,3.592,0.127,285.31,2.23,36.56,253.9,86.27,172.0
25.26,3.609,0.128,286.04,2.23,36.68,254.1,86.27,172.01
25.3,3.62,0.129,286.52,2.23,36.77,254.7,86.26,172.03
25.36,3.638,0.13,287.24,2.23,36.89,254.0,86.25,172.04
25.42,3.655,0.131,287.96,2.23,37.05,254.4,86.24,172.06
25.46,3.666,0.132,288.44,2.22,37.09,254.1,86.23,172.07
25.5,3.678,0.133,288.91,2.22,37.17,254.1,86.22,172.08
25.56,3.695,0.134,289.63,2.22,37.29,254.1,86.21,172.09
25.62,3.713,0.135,290.34,2.22,37.41,254.5,86.2,172.11
25.66,3.724,0.135,290.82,2.22,37.48,254.3,86.18,172.12
25.72,3.742,0.137,291.53,2.21,37.6,254.8,86.17,172.13
25.76,3.753,0.137,292.0,2.21,37.68,254.5,86.16,172.14
25.8,3.765,0.138,292.48,2.21,37.8,255.4,86.15,172.15
25.86,3.782,0.139,293.19,2.21,37.91,255.1,86.14,172.16
25.92,3.8,0.141,294.13,2.21,38.03,255.2,86.12,172.17
25.96,3.818,0.142,294.6,2.2,38.1,254.8,86.11,172.17
26.0,3.829,0.142,295.07,2.2,38.18,255.5,86.1,172.18
26.06,3.841,0.143,295.54,2.2,38.26,254.8,86.09,172.19
26.12,3.859,0.144,296.25,2.2,38.37,255.0,86.08,172.19
26.16,3.877,0.145,296.95,2.2,38.48,255.0,86.07,172.2
26.22,3.889,0.147,297.41,2.19,38.6,255.8,86.06,172.2
26.28,3.906,0.147,298.11,2.19,38.71,255.4,86.06,172.21
26.32,3.918,0.148,298.58,2.19,38.75,255.6,86.05,172.21
26.38,3.936,0.149,299.28,2.19,38.86,255.6,86.04,172.21
26.42,3.948,0.15,299.75,2.19,38.93,255.8,86.04,172.22
26.46,3.96,0.151,300.21,2.19,39.04,255.8,86.04,172.22
26.52,3.978,0.153,300.91,2.19,39.15,255.4,86.03,172.23
26.58,3.996,0.153,301.61,2.19,39.22,256.0,86.03,172.23
26.62,4.008,0.154,302.07,2.18,39.3,255.5,86.02,172.24
26.66,4.026,0.155,302.77,2.18,39.41,256.4,86.02,172.24
26.74,4.045,0.157,303.46,2.18,39.51,255.9,86.01,172.25
26.8,4.063,0.158,304.16,2.18,39.62,256.1,86.01,172.26
26.84,4.075,0.158,304.62,2.18,39.69,256.7,86.01,172.26
26.88,4.087,0.159,305.08,2.18,39.76,255.8,86.0,172.27
26.94,4.105,0.16,305.77,2.18,39.87,256.3,86.0,172.28
27.0,4.124,0.162,306.47,2.18,39.98,256.5,85.99,172.29
27.04,4.136,0.163,306.93,2.17,40.05,256.0,85.99,172.3
27.1,4.154,0.164,307.62,2.17,40.15,256.5,85.98,172.32
27.14,4.167,0.165,308.08,2.17,40.22,256.1,85.97,172.33
27.2,4.185,0.166,308.77,2.17,40.33,256.5,85.96,172.34
27.26,4.204,0.167,309.46,2.17,40.43,257.0,85.95,172.36
27.3,4.216,0.168,309.92,2.17,40.5,256.7,85.95,172.37
27.36,4.235,0.169,310.61,2.17,40.6,256.2,85.94,172.39
27.4,4.247,0.17,311.07,2.17,40.67,256.7,85.93,172.41
27.46,4.266,0.172,311.76,2.17,40.77,257.0,85.92,172.43
27.5,4.278,0.172,312.22,2.17,40.84,256.9,85.91,172.44
27.54,4.29,0.173,312.68,2.17,40.91,256.3,85.9,172.45
27.6,4.309,0.175,313.37,2.17,41.01,256.7,85.89,172.46
27.64,4.322,0.175,313.84,2.17,41.08,257.3,85.88,172.47
27.7,4.341,0.177,314.53,2.17,41.18,257.4,85.87,172.48
27.74,4.353,0.178,314.99,2.17,41.25,256.7,85.86,172.49
27.8,4.372,0.179,315.68,2.17,41.35,256.6,85.85,172.5
27.84,4.385,0.18,316.14,2.17,41.42,257.1,85.84,172.5
27.9,4.404,0.181,316.83,2.17,41.52,257.4,85.83,172.51
27.94,4.416,0.182,317.29,2.17,41.59,257.3,85.82,172.51
28.0,4.435,0.184,317.99,2.17,41.69,257.5,85.81,172.51
28.04,4.448,0.184,318.45,2.17,41.75,257.1,85.8,172.52
28.1,4.467,0.186,319.14,2.17,41.85,256.9,85.79,172.52
28.14,4.48,0.187,319.61,2.17,41.92,257.2,85.79,172.52
28.2,4.499,0.188,320.3,2.18,42.02,257.2,85.78,172.52
28.24,4.512,0.189,320.77,2.18,42.08,257.3,85.77,172.53
28.3,4.531,0.19,321.46,2.18,42.18,257.8,85.77,172.53
28.34,4.544,0.191,321.93,2.18,42.25,258.0,85.76,172.53
28.4,4.563,0.193,322.63,2.18,42.35,257.7,85.75,172.54
28.44,4.576,0.194,323.09,2.18,42.41,257.6,85.75,172.55
28.5,4.595,0.195,323.79,2.18,42.51,257.6,85.74,172.55
28.54,4.608,0.196,324.25,2.18,42.58,258.0,85.74,172.56
28.6,4.628,0.197,324.95,2.18,42.68,257.9,85.73,172.57
28.66,4.647,0.199,325.65,2.18,42.77,258.1,85.72,172.58
28.7,4.66,0.2,326.12,2.18,42.84,257.7,85.72,172.59
28.76,4.68,0.202,326.82,2.18,42.94,258.0,85.71,172.61
28.8,4.693,0.203,327.29,2.18,43.0,257.7,85.7,172.63
28.86,4.712,0.204,327.99,2.19,43.1,258.1,85.69,172.64
28.9,4.725,0.205,328.46,2.19,43.16,258.5,85.69,172.65
28.96,4.745,0.207,329.16,2.19,43.29,258.2,85.68,172.66
29.04,4.771,0.209,330.1,2.19,43.42,258.5,85.66,172.69
29.12,4.798,0.211,331.04,2.19,43.52,258.3,85.65,172.7
29.18,4.824,0.212,331.98,2.19,43.65,258.1,85.64,172.72
29.24,4.838,0.213,332.45,2.19,43.71,258.1,85.63,172.73
29.28,4.851,0.214,332.92,2.19,43.77,259.2,85.62,172.74
29.34,4.871,0.216,333.63,2.2,43.87,259.0,85.61,172.75
29.38,4.884,0.217,334.11,2.2,43.93,259.3,85.6,172.76
29.44,4.904,0.219,335.05,2.2,44.06,259.4,85.59,172.77
29.5,4.924,0.22,335.53,2.2,44.12,258.5,85.58,172.77
29.54,4.938,0.221,336.0,2.2,44.19,258.8,85.57,172.78
29.58,4.951,0.222,336.48,2.2,44.25,259.6,85.57,172.78
29.64,4.971,0.224,337.19,2.2,44.35,258.8,85.56,172.79
29.7,4.991,0.225,337.9,2.2,44.44,258.7,85.55,172.8
29.76,5.012,0.227,338.61,2.2,44.53,258.7,85.54,172.8
29.8,5.025,0.228,339.08,2.2,44.6,259.4,85.53,172.81
29.86,5.045,0.229,339.8,2.21,44.69,258.8,85.52,172.81
29.9,5.059,0.231,340.27,2.21,44.78,259.6,85.52,172.81
29.96,5.079,0.232,340.99,2.21,44.88,259.3,85.51,172.82
30.02,5.1,0.233,341.7,2.21,44.94,259.8,85.5,172.82
30.06,5.113,0.235,342.18,2.21,45.0,259.3,85.5,172.83
30.12,5.134,0.236,342.9,2.21,45.09,259.8,85.49,172.84
30.18,5.154,0.238,343.62,2.21,45.18,259.4,85.49,172.84
30.22,5.168,0.239,344.1,2.21,45.25,259.9,85.48,172.86
30.28,5.189,0.24,344.82,2.21,45.34,259.6,85.47,172.87
30.32,5.203,0.241,345.3,2.21,45.4,259.7,85.46,172.88
30.38,5.223,0.243,346.01,2.22,45.49,260.0,85.45,172.89
30.44,5.244,0.245,346.73,2.22,45.58,259.5,85.45,172.9
30.48,5.258,0.246,347.21,2.22,45.64,259.4,85.44,172.91
30.54,5.279,0.247,347.93,2.22,45.73,259.7,85.43,172.93
30.58,5.292,0.249,348.41,2.22,45.79,260.0,85.42,172.94
30.64,5.313,0.25,349.14,2.22,45.88,260.2,85.41,172.95
30.68,5.327,0.251,349.62,2.22,45.94,260.1,85.4,172.96
30.74,5.348,0.253,350.34,2.22,46.03,259.6,85.39,172.97
30.8,5.369,0.255,351.07,2.22,46.12,259.9,85.38,172.98
30.84,5.383,0.256,351.55,2.22,46.18,260.3,85.38,172.98
30.88,5.404,0.257,352.28,2.23,46.27,259.9,85.37,172.99
30.96,5.425,0.259,353.0,2.23,46.36,260.8,85.36,173.0
31.02,5.447,0.261,353.73,2.23,46.45,260.1,85.35,173.01
31.08,5.468,0.263,354.46,2.23,46.54,260.5,85.34,173.01
31.12,5.482,0.264,354.94,2.23,46.59,260.9,85.33,173.02
31.16,5.503,0.265,355.67,2.23,46.68,260.4,85.33,173.02
31.22,5.517,0.267,356.16,2.23,46.74,260.4,85.32,173.03
31.28,5.539,0.268,356.89,2.23,46.83,261.0,85.31,173.03
31.32,5.553,0.269,357.38,2.23,46.89,261.0,85.3,173.04
31.38,5.574,0.271,358.11,2.24,46.97,260.8,85.29,173.05
31.42,5.589,0.273,358.6,2.24,47.06,260.7,85.29,173.05
31.48,5.61,0.274,359.33,2.24,47.12,261.6,85.28,173.06
31.54,5.632,0.276,360.07,2.24,47.2,260.9,85.27,173.07
31.58,5.646,0.277,360.56,2.24,47.26,260.5,85.27,173.08
31.64,5.668,0.279,361.29,2.24,47.35,261.3,85.26,173.09
31.7,5.689,0.281,362.03,2.24,47.43,261.0,85.25,173.1
31.74,5.704,0.282,362.52,2.24,47.49,261.2,85.24,173.11
31.78,5.718,0.283,363.01,2.25,47.54,261.3,85.23,173.12
31.84,5.74,0.285,363.75,2.25,47.63,261.1,85.22,173.13
31.9,5.762,0.286,364.49,2.25,47.71,261.2,85.22,173.14
31.94,5.776,0.288,364.98,2.25,47.77,261.7,85.21,173.15
31.98,5.791,0.289,365.72,2.25,47.85,261.1,85.2,173.16
32.04,5.813,0.291,366.22,2.25,47.91,261.3,85.19,173.17
32.1,5.835,0.293,366.96,2.25,47.99,262.1,85.18,173.18
32.16,5.856,0.294,367.7,2.25,48.08,262.1,85.18,173.18
32.2,5.871,0.296,368.2,2.25,48.13,261.5,85.17,173.19
32.24,5.886,0.297,368.69,2.26,48.19,262.2,85.16,173.19
32.3,5.908,0.299,369.44,2.26,48.27,262.2,85.15,173.2
32.36,5.93,0.301,370.18,2.26,48.35,262.4,85.14,173.21
32.4,5.945,0.302,370.68,2.26,48.4,262.4,85.13,173.21
32.46,5.967,0.304,371.43,2.26,48.49,262.0,85.13,173.22
32.52,5.989,0.305,372.18,2.26,48.57,262.3,85.12,173.22
32.56,6.004,0.307,372.67,2.26,48.62,262.0,85.11,173.23
32.62,6.026,0.309,373.43,2.26,48.7,261.8,85.1,173.24
32.68,6.049,0.311,374.17,2.27,48.78,261.8,85.1,173.24
32.72,6.064,0.312,374.67,2.27,48.84,262.8,85.09,173.25
32.78,6.086,0.314,375.42,2.27,48.92,262.6,85.08,173.26
32.82,6.101,0.316,375.93,2.27,48.97,262.9,85.07,173.27
32.88,6.124,0.317,376.68,2.27,49.05,262.1,85.06,173.29
32.92,6.139,0.318,377.18,2.27,49.1,262.2,85.05,173.3
32.98,6.161,0.32,377.93,2.27,49.18,262.2,85.04,173.31
33.04,6.184,0.322,378.68,2.27,49.26,262.9,85.03,173.33
33.1,6.206,0.324,379.43,2.27,49.33,263.2,85.02,173.34
33.14,6.222,0.325,379.93,2.27,49.38,263.1,85.01,173.35
33.18,6.237,0.327,380.44,2.27,49.44,263.1,85.01,173.36
33.24,6.26,0.329,381.19,2.27,49.51,263.3,85.0,173.37
33.28,6.275,0.33,381.7,2.27,49.56,262.7,84.99,173.38
33.34,6.298,0.332,382.45,2.28,49.64,262.9,84.98,173.39
33.38,6.32,0.334,383.21,2.28,49.71,263.1,84.97,173.39
33.44,6.336,0.336,383.71,2.28,49.79,262.5,84.96,173.41
33.5,6.359,0.337,384.46,2.28,49.84,262.9,84.96,173.41
33.54,6.374,0.338,384.97,2.28,49.89,263.5,84.95,173.41
33.6,6.397,0.34,385.73,2.28,49.96,263.5,84.94,173.42
33.64,6.412,0.341,386.23,2.28,50.01,263.0,84.94,173.42
33.7,6.436,0.343,386.99,2.28,50.08,263.0,84.93,173.43
33.74,6.451,0.345,387.49,2.28,50.13,263.8,84.92,173.43
33.8,6.474,0.347,388.25,2.28,50.2,262.9,84.91,173.44
33.84,6.49,0.348,388.76,2.28,50.25,264.0,84.91,173.44
33.9,6.513,0.35,389.52,2.28,50.32,263.6,84.9,173.45
33.96,6.536,0.352,390.28,2.28,50.39,263.0,84.89,173.46
34.0,6.552,0.353,390.79,2.28,50.44,263.8,84.88,173.46
34.06,6.575,0.356,391.55,2.28,50.51,263.7,84.87,173.47
34.1,6.591,0.357,392.05,2.29,50.56,263.2,84.87,173.48
34.16,6.614,0.359,392.81,2.29,50.63,263.6,84.86,173.49
34.2,6.63,0.36,393.32,2.29,50.67,263.5,84.85,173.5
34.24,6.646,0.362,393.83,2.29,50.72,263.6,84.85,173.51
34.3,6.669,0.364,394.59,2.29,50.79,263.5,84.84,173.52
34.34,6.685,0.365,395.1,2.29,50.83,263.3,84.83,173.53
34.4,6.709,0.367,395.87,2.29,50.9,264.3,84.82,173.54
34.46,6.732,0.37,396.63,2.29,50.96,264.6,84.81,173.55
34.5,6.748,0.371,397.14,2.29,51.01,264.3,84.8,173.56
34.54,6.764,0.372,397.65,2.29,51.05,264.2,84.79,173.56
34.6,6.788,0.375,398.42,2.29,51.12,264.4,84.78,173.57
34.66,6.812,0.377,399.19,2.3,51.19,264.6,84.78,173.58
34.7,6.828,0.378,399.7,2.3,51.23,264.8,84.77,173.59
34.76,6.851,0.38,400.47,2.3,51.29,264.1,84.76,173.59
34.8,6.867,0.382,400.98,2.3,51.34,264.3,84.75,173.6
34.86,6.891,0.384,401.75,2.3,51.4,264.8,84.75,173.6
34.9,6.907,0.385,402.26,2.3,51.44,265.0,84.74,173.61
34.94,6.923,0.387,402.78,2.3,51.48,265.1,84.73,173.61
35.0,6.948,0.389,403.55,2.3,51.55,265.1,84.72,173.62
35.06,6.972,0.391,404.32,2.3,51.61,264.8,84.72,173.63
35.1,6.988,0.393,404.83,2.3,51.65,265.2,84.71,173.63
35.16,7.012,0.395,405.6,2.3,51.71,264.7,84.7,173.64
35.2,7.028,0.396,406.12,2.3,51.75,265.1,84.69,173.65
35.26,7.052,0.399,406.89,2.3,51.81,264.6,84.68,173.66
35.3,7.069,0.4,407.41,2.31,51.85,264.7,84.68,173.67
35.36,7.093,0.402,408.18,2.31,51.91,265.1,84.67,173.68
35.42,7.117,0.405,408.96,2.31,51.97,265.3,84.66,173.69
35.46,7.134,0.406,409.47,2.31,52.01,265.3,84.65,173.69
35.52,7.158,0.408,410.25,2.31,52.06,265.3,84.64,173.7
35.56,7.175,0.41,410.77,2.31,52.1,264.7,84.63,173.71
35.6,7.191,0.411,411.28,2.31,52.14,265.6,84.63,173.72
35.66,7.216,0.414,412.06,2.31,52.19,264.9,84.62,173.73
35.7,7.232,0.415,412.58,2.31,52.23,265.6,84.61,173.73
35.76,7.257,0.418,413.36,2.31,52.28,265.5,84.6,173.74
35.8,7.273,0.419,413.88,2.31,52.32,265.3,84.6,173.74
35.86,7.298,0.421,414.66,2.31,52.37,265.0,84.59,173.75
35.92,7.323,0.424,415.44,2.32,52.42,265.6,84.58,173.76
35.96,7.339,0.425,415.96,2.32,52.46,265.3,84.57,173.76
36.02,7.364,0.428,416.74,2.32,52.51,266.1,84.56,173.77
36.06,7.381,0.429,417.26,2.32,52.54,265.3,84.56,173.78
36.1,7.397,0.431,417.78,2.32,52.57,265.4,84.55,173.78
36.16,7.422,0.433,418.57,2.32,52.62,266.3,84.54,173.79
36.22,7.447,0.436,419.35,2.32,52.67,266.4,84.53,173.8
36.26,7.464,0.437,419.88,2.32,52.7,266.1,84.53,173.8
36.3,7.481,0.439,420.4,2.33,52.73,266.0,84.52,173.81
36.36,7.506,0.441,421.19,2.33,52.78,265.5,84.51,173.82
36.42,7.531,0.443,421.98,2.33,52.82,266.4,84.5,173.83
36.46,7.548,0.445,422.5,2.33,52.85,266.1,84.49,173.83
36.52,7.573,0.447,423.29,2.33,52.9,266.1,84.48,173.84
36.56,7.59,0.449,423.81,2.33,52.93,266.7,84.48,173.85
36.62,7.616,0.452,424.61,2.33,52.97,266.7,84.47,173.86
36.66,7.632,0.453,425.13,2.33,53.0,266.3,84.46,173.86
36.72,7.658,0.456,425.92,2.33,53.04,265.8,84.45,173.87
36.76,7.675,0.457,426.45,2.34,53.07,266.1,84.45,173.88
36.82,7.7,0.46,427.24,2.34,53.11,266.0,84.44,173.88
36.88,7.726,0.462,428.04,2.34,53.15,266.3,84.43,173.89
36.92,7.743,0.464,428.57,2.34,53.17,266.9,84.42,173.9
36.96,7.76,0.465,429.1,2.34,53.2,267.0,84.42,173.9
37.02,7.786,0.468,429.9,2.34,53.23,266.8,84.41,173.91
37.06,7.803,0.47,430.44,2.35,53.26,266.6,84.4,173.91
37.12,7.829,0.472,431.24,2.35,53.29,267.4,84.39,173.92
37.16,7.846,0.474,431.77,2.35,53.32,266.3,84.38,173.93
37.22,7.872,0.476,432.57,2.35,53.35,266.5,84.37,173.94
37.26,7.889,0.478,433.11,2.35,53.38,267.0,84.37,173.94
37.32,7.915,0.48,433.91,2.35,53.41,267.4,84.36,173.95
37.38,7.941,0.483,434.72,2.36,53.44,267.3,84.35,173.96
37.42,7.958,0.485,435.26,2.36,53.47,267.2,84.34,173.96
37.48,7.984,0.487,436.07,2.36,53.5,266.7,84.33,173.97
37.52,8.001,0.489,436.61,2.36,53.52,266.8,84.33,173.98
37.56,8.019,0.491,437.15,2.36,53.54,266.9,84.32,173.99
37.62,8.045,0.493,437.96,2.37,53.57,267.1,84.31,173.99
37.68,8.071,0.496,438.77,2.37,53.6,266.9,84.3,174.0
37.72,8.089,0.498,439.31,2.37,53.62,267.0,84.29,174.01
37.78,8.115,0.5,440.13,2.37,53.65,267.3,84.28,174.02
37.82,8.132,0.502,440.67,2.37,53.66,267.0,84.28,174.02
37.86,8.15,0.504,441.22,2.37,53.68,267.9,84.27,174.03
37.92,8.176,0.506,442.04,2.38,53.71,268.3,84.26,174.04
37.98,8.203,0.509,442.86,2.38,53.73,267.3,84.25,174.04
38.02,8.22,0.511,443.4,2.38,53.75,268.4,84.25,174.05
38.06,8.238,0.512,443.96,2.38,53.77,268.4,84.24,174.06
38.12,8.265,0.515,444.78,2.39,53.79,268.2,84.23,174.06
38.18,8.291,0.518,445.61,2.39,53.81,268.5,84.22,174.07
38.22,8.309,0.519,446.16,2.39,53.83,267.9,84.21,174.08
38.28,8.336,0.522,446.99,2.39,53.85,268.2,84.21,174.08
38.32,8.353,0.524,447.54,2.4,53.87,268.2,84.2,174.09
38.36,8.371,0.526,448.1,2.4,53.88,268.8,84.19,174.09
38.44,8.407,0.529,449.21,2.4,53.91,268.8,84.18,174.1
38.48,8.425,0.531,449.77,2.4,53.92,268.4,84.17,174.11
38.54,8.452,0.534,450.6,2.41,53.94,267.7,84.17,174.12
38.58,8.47,0.536,451.16,2.41,53.95,267.7,84.16,174.12
38.64,8.497,0.538,451.99,2.41,53.97,268.7,84.15,174.13
38.68,8.515,0.54,452.55,2.41,53.98,268.9,84.14,174.14
38.74,8.542,0.543,453.39,2.41,53.99,268.7,84.13,174.15
38.78,8.56,0.545,453.95,2.41,54.0,268.6,84.13,174.15
38.84,8.587,0.548,454.8,2.42,54.02,269.0,84.12,174.16
38.88,8.605,0.549,455.36,2.42,54.03,268.4,84.11,174.16
38.94,8.632,0.552,456.2,2.42,54.04,268.4,84.1,174.17
38.98,8.65,0.554,456.77,2.42,54.05,268.9,84.1,174.18
39.04,8.678,0.557,457.61,2.42,54.06,268.8,84.09,174.18
39.1,8.705,0.56,458.46,2.43,54.07,268.4,84.08,174.19
39.14,8.723,0.561,459.03,2.43,54.08,268.7,84.07,174.2
39.18,8.742,0.563,459.59,2.43,54.08,268.5,84.07,174.2
39.24,8.769,0.566,460.45,2.43,54.09,269.0,84.06,174.21
39.28,8.787,0.568,461.01,2.43,54.1,269.1,84.05,174.21
39.34,8.815,0.571,461.87,2.44,54.1,269.5,84.04,174.22
39.38,8.833,0.573,462.44,2.44,54.11,269.1,84.03,174.23
39.44,8.861,0.576,463.3,2.44,54.11,269.2,84.02,174.23
39.48,8.879,0.578,463.87,2.44,54.12,269.4,84.02,174.24
39.54,8.907,0.58,464.73,2.45,54.12,269.2,84.01,174.25
39.58,8.926,0.582,465.31,2.45,54.13,269.9,84.0,174.25
39.64,8.953,0.585,466.17,2.45,54.13,268.9,83.99,174.26
39.7,8.981,0.588,467.04,2.45,54.13,269.5,83.98,174.27
39.74,9.0,0.59,467.61,2.46,54.13,269.5,83.98,174.27
39.8,9.028,0.593,468.48,2.46,54.13,269.7,83.97,174.28
39.84,9.046,0.595,469.06,2.46,54.13,269.1,83.96,174.28
39.88,9.065,0.597,469.64,2.46,54.13,269.0,83.96,174.29
39.94,9.093,0.6,470.51,2.47,54.13,270.0,83.95,174.3
39.98,9.112,0.602,471.09,2.47,54.13,269.6,83.94,174.3
40.04,9.14,0.605,471.97,2.47,54.13,270.4,83.93,174.31
40.1,9.168,0.608,472.85,2.47,54.13,269.9,83.92,174.32
40.14,9.187,0.611,473.43,2.48,54.13,270.2,83.92,174.32
40.2,9.215,0.614,474.31,2.48,54.12,270.5,83.9,174.33
40.24,9.234,0.616,474.9,2.48,54.12,270.4,83.9,174.34
40.28,9.253,0.618,475.49,2.48,54.12,270.0,83.89,174.34
40.34,9.282,0.621,476.37,2.49,54.11,270.5,83.88,174.35
40.4,9.31,0.624,477.26,2.49,54.1,270.8,83.87,174.36
40.44,9.329,0.626,477.85,2.49,54.1,269.9,83.87,174.36
40.5,9.358,0.629,478.74,2.49,54.09,270.2,83.86,174.37
40.54,9.377,0.631,479.33,2.5,54.09,270.3,83.85,174.38
40.6,9.405,0.634,480.23,2.5,54.08,270.5,83.84,174.38
40.64,9.424,0.636,480.83,2.5,54.07,270.7,83.84,174.39
40.7,9.453,0.639,481.72,2.51,54.06,270.1,83.82,174.4
40.74,9.472,0.641,482.32,2.51,54.05,270.8,83.82,174.4
40.8,9.501,0.644,483.22,2.51,54.04,270.5,83.81,174.41
40.84,9.52,0.646,483.83,2.51,54.03,270.7,83.8,174.42
40.9,9.549,0.649,484.73,2.52,54.02,271.3,83.79,174.42
40.96,9.578,0.652,485.63,2.52,54.01,270.4,83.79,174.43
41.0,9.597,0.655,486.24,2.52,54.0,271.3,83.78,174.44
41.04,9.617,0.657,486.84,2.53,53.99,270.8,83.77,174.44
41.1,9.646,0.66,487.75,2.53,53.97,271.2,83.76,174.45
41.16,9.675,0.663,488.66,2.53,53.96,271.5,83.75,174.45
41.2,9.694,0.665,489.27,2.53,53.95,270.5,83.75,174.46
41.24,9.714,0.667,489.88,2.53,53.94,271.5,83.74,174.46
41.3,9.743,0.67,490.79,2.54,53.92,270.9,83.73,174.47
41.34,9.763,0.672,491.4,2.54,53.91,271.2,83.73,174.47
41.4,9.792,0.676,492.31,2.54,53.89,271.2,83.72,174.48
41.46,9.822,0.679,493.23,2.54,53.87,271.1,83.71,174.49
41.5,9.841,0.681,493.85,2.55,53.85,270.9,83.7,174.49
41.54,9.861,0.683,494.46,2.55,53.84,271.1,83.7,174.5
41.6,9.89,0.686,495.38,2.55,53.81,271.0,83.69,174.5
41.66,9.92,0.69,496.31,2.55,53.79,271.6,83.68,174.51
41.7,9.94,0.692,496.92,2.56,53.78,271.0,83.67,174.51
41.74,9.959,0.694,497.54,2.56,53.76,271.2,83.66,174.52
41.8,9.989,0.697,498.47,2.56,53.74,271.3,83.65,174.53
41.86,10.019,0.701,499.4,2.56,53.71,271.4,83.65,174.53
41.9,10.039,0.703,500.02,2.57,53.69,271.0,83.64,174.54
41.96,10.069,0.706,500.95,2.57,53.67,271.3,83.63,174.55
42.0,10.089,0.708,501.58,2.57,53.65,271.8,83.62,174.55
42.06,10.119,0.712,502.52,2.57,53.62,271.3,83.61,174.56
42.1,10.139,0.714,503.14,2.58,53.6,272.1,83.61,174.56
42.16,10.169,0.717,504.08,2.58,53.57,271.3,83.6,174.57
42.2,10.189,0.719,504.71,2.58,53.55,271.0,83.59,174.58
42.26,10.219,0.723,505.65,2.58,53.52,271.1,83.58,174.58
42.3,10.239,0.725,506.28,2.59,53.5,271.1,83.58,174.59
42.36,10.269,0.728,507.22,2.59,53.47,271.9,83.57,174.6
42.42,10.299,0.732,508.17,2.59,53.43,271.8,83.56,174.6
42.46,10.32,0.734,508.81,2.59,53.41,271.4,83.55,174.61
42.5,10.34,0.736,509.44,2.6,53.39,272.4,83.55,174.61
42.56,10.37,0.74,510.39,2.6,53.35,271.2,83.54,174.62
42.62,10.401,0.743,511.34,2.6,53.32,272.0,83.53,174.62
42.66,10.421,0.745,511.98,2.61,53.29,271.8,83.52,174.63
42.7,10.441,0.748,512.62,2.61,53.27,271.3,83.52,174.63
42.76,10.472,0.751,513.58,2.61,53.23,272.4,83.51,174.64
42.8,10.492,0.753,514.22,2.61,53.21,271.7,83.5,174.64
42.86,10.523,0.757,515.18,2.62,53.17,272.2,83.49,174.65
42.92,10.554,0.76,516.15,2.62,53.13,272.6,83.48,174.66
42.96,10.574,0.763,516.8,2.62,53.11,272.4,83.48,174.66
43.0,10.595,0.765,517.44,2.63,53.08,271.8,83.47,174.67
43.06,10.626,0.768,518.41,2.63,53.04,271.8,83.46,174.67
43.12,10.657,0.772,519.38,2.63,53.0,272.8,83.45,174.68
43.18,10.688,0.775,520.35,2.64,52.96,272.0,83.45,174.69
43.22,10.709,0.778,521.01,2.64,52.93,273.1,83.44,174.69
43.28,10.74,0.781,521.99,2.64,52.88,273.1,83.43,174.7
43.32,10.76,0.784,522.97,2.65,52.84,272.9,83.42,174.7
43.38,10.792,0.787,523.62,2.65,52.81,272.4,83.41,174.71
43.42,10.812,0.79,524.28,2.65,52.78,272.9,83.41,174.71
43.48,10.844,0.793,525.27,2.66,52.74,273.0,83.4,174.72
43.52,10.865,0.796,525.92,2.66,52.71,272.8,83.39,174.72
43.58,10.896,0.799,526.92,2.66,52.66,272.7,83.39,174.73
43.64,10.927,0.803,527.91,2.67,52.61,273.5,83.37,174.74
43.68,10.948,0.805,528.57,2.67,52.58,272.3,83.37,174.74
43.72,10.969,0.808,529.24,2.67,52.55,273.0,83.36,174.75
43.78,11.001,0.811,530.24,2.68,52.5,273.1,83.36,174.75
43.84,11.033,0.815,531.24,2.68,52.45,273.0,83.35,174.76
43.88,11.054,0.817,531.91,2.68,52.42,273.1,83.34,174.76
43.92,11.075,0.82,532.58,2.69,52.39,273.2,83.33,174.77
43.98,11.107,0.824,533.59,2.69,52.34,273.4,83.32,174.77
44.04,11.139,0.827,534.59,2.69,52.29,273.0,83.31,174.78
44.08,11.16,0.83,535.27,2.7,52.24,273.4,83.31,174.78
44.14,11.192,0.833,536.28,2.7,52.2,273.0,83.3,174.79
44.18,11.213,0.836,536.96,2.7,52.17,274.3,83.29,174.8
44.24,11.245,0.84,537.98,2.71,52.11,273.6,83.28,174.8
44.28,11.267,0.842,538.66,2.71,52.08,273.2,83.28,174.81
44.34,11.299,0.846,539.68,2.71,52.01,273.7,83.27,174.81
44.4,11.331,0.85,540.7,2.72,51.97,274.1,83.26,174.82
44.44,11.352,0.852,541.38,2.72,51.93,274.1,83.25,174.82
44.48,11.374,0.856,542.07,2.72,51.88,274.3,83.25,174.83
44.54,11.406,0.86,543.09,2.73,51.82,273.3,83.24,174.83
44.6,11.439,0.862,544.12,2.73,51.79,273.3,83.23,174.84
44.64,11.46,0.865,544.81,2.73,51.75,273.6,83.22,174.84
44.7,11.493,0.869,545.84,2.74,51.69,274.4,83.21,174.85
44.74,11.515,0.871,546.53,2.74,51.65,273.8,83.21,174.85
44.8,11.547,0.875,547.57,2.74,51.59,274.1,83.2,174.86
44.86,11.58,0.879,548.61,2.75,51.53,273.8,83.19,174.87
44.9,11.602,0.882,549.31,2.75,51.49,273.8,83.19,174.87
44.94,11.623,0.884,550.0,2.75,51.45,273.7,83.18,174.87
45.0,11.656,0.888,551.05,2.76,51.39,274.5,83.17,174.88
45.06,11.689,0.892,552.1,2.76,51.31,274.1,83.16,174.88
45.12,11.722,0.896,553.15,2.76,51.27,274.4,83.15,174.89
45.16,11.744,0.898,553.85,2.77,51.23,273.8,83.15,174.89
45.2,11.766,0.901,554.55,2.77,51.19,274.2,83.14,174.9
45.26,11.799,0.905,555.6,2.77,51.13,274.3,83.13,174.9
45.3,11.832,0.909,556.66,2.78,51.06,274.6,83.13,174.91
45.36,11.854,0.912,557.37,2.78,51.02,274.3,83.12,174.92
45.42,11.888,0.916,558.43,2.78,50.96,273.8,83.11,174.92
45.46,11.91,0.918,559.14,2.79,50.91,274.9,83.1,174.93
45.52,11.943,0.922,560.21,2.79,50.85,274.7,83.09,174.93
45.58,11.977,0.926,561.28,2.79,50.78,274.0,83.08,174.94
45.62,11.999,0.929,561.99,2.8,50.74,274.3,83.08,174.94
45.66,12.021,0.932,562.71,2.8,50.69,274.7,83.08,174.95
45.72,12.055,0.936,563.78,2.8,50.63,275.2,83.07,174.95
45.78,12.089,0.94,564.86,2.81,50.56,274.3,83.06,174.95
45.82,12.111,0.942,565.58,2.81,50.51,275.3,83.05,174.96
45.88,12.145,0.946,566.66,2.81,50.45,274.5,83.04,174.97
45.92,12.167,0.949,567.38,2.82,50.4,274.6,83.04,174.97
45.96,12.19,0.952,568.1,2.82,50.35,274.7,83.03,174.97
46.02,12.224,0.956,569.19,2.83,50.28,275.4,83.02,174.98
46.08,12.258,0.96,570.28,2.83,50.22,274.8,83.01,174.98
46.12,12.28,0.963,571.01,2.83,50.17,275.2,83.01,174.99
46.18,12.314,0.967,572.1,2.84,50.1,274.8,83.0,174.99
46.22,12.337,0.97,572.83,2.84,50.05,274.9,83.0,175.0
46.28,12.371,0.974,573.93,2.84,49.98,275.4,82.98,175.0
46.32,12.394,0.977,574.66,2.85,49.93,275.1,82.98,175.01
46.38,12.428,0.981,575.77,2.85,49.86,275.3,82.97,175.01
46.42,12.451,0.984,576.5,2.85,49.81,275.8,82.96,175.02
46.48,12.486,0.988,577.61,2.86,49.74,275.8,82.95,175.02
46.52,12.509,0.991,578.35,2.86,49.69,275.2,82.95,175.03
46.58,12.543,0.995,579.46,2.87,49.62,275.3,82.94,175.03
46.62,12.578,0.998,580.58,2.87,49.54,275.3,82.93,175.04
46.68,12.601,1.002,581.32,2.87,49.49,275.2,82.93,175.04
46.72,12.624,1.005,582.07,2.88,49.44,275.9,82.92,175.05
46.78,12.658,1.009,583.19,2.88,49.37,276.2,82.91,175.05
46.82,12.682,1.012,583.93,2.88,49.32,275.3,82.9,175.06
46.88,12.716,1.016,585.06,2.89,49.24,275.6,82.9,175.06
46.92,12.74,1.019,585.81,2.89,49.19,276.0,82.89,175.07
46.98,12.775,1.023,586.94,2.9,49.11,275.6,82.88,175.07
47.02,12.798,1.026,587.69,2.9,49.06,275.2,82.88,175.08
47.08,12.833,1.031,588.82,2.9,48.99,276.3,82.87,175.08
47.14,12.868,1.035,589.96,2.91,48.91,276.3,82.86,175.09
47.18,12.891,1.038,590.72,2.91,48.85,276.1,82.85,175.09
47.22,12.915,1.041,591.48,2.91,48.8,275.7,82.85,175.1
47.28,12.95,1.045,592.62,2.92,48.72,276.2,82.84,175.1
47.34,12.986,1.05,593.77,2.92,48.64,276.6,82.83,175.11
47.38,13.009,1.053,594.53,2.92,48.59,275.8,82.82,175.11
47.44,13.045,1.057,595.68,2.93,48.51,276.2,82.82,175.12
47.48,13.068,1.06,596.45,2.93,48.45,275.7,82.81,175.12
47.54,13.104,1.064,597.6,2.94,48.37,275.6,82.81,175.12
47.58,13.128,1.067,598.37,2.94,48.32,275.9,82.8,175.13
47.64,13.163,1.072,599.53,2.95,48.24,276.0,82.79,175.13
47.68,13.187,1.075,600.3,2.95,48.18,276.8,82.78,175.14
47.74,13.223,1.079,601.47,2.95,48.1,276.2,82.77,175.14
47.78,13.247,1.082,602.24,2.95,48.04,276.5,82.77,175.15
47.84,13.283,1.087,603.41,2.96,47.96,276.0,82.76,175.15
47.88,13.307,1.091,604.58,2.96,47.87,276.5,82.75,175.16
47.94,13.343,1.094,605.35,2.96,47.82,275.7,82.75,175.16
47.98,13.367,1.097,606.14,2.97,47.76,276.9,82.74,175.17
48.02,13.391,1.1,606.92,2.97,47.7,275.9,82.73,175.17
48.08,13.427,1.105,608.1,2.98,47.62,276.1,82.72,175.18
48.14,13.463,1.11,609.27,2.98,47.53,276.3,82.71,175.18
48.18,13.487,1.113,610.06,2.98,47.47,276.7,82.71,175.19
48.24,13.524,1.117,611.25,2.99,47.38,276.4,82.7,175.19
48.28,13.548,1.12,612.04,2.99,47.32,276.4,82.7,175.2
48.34,13.584,1.125,613.23,2.99,47.24,276.3,82.69,175.2
48.38,13.609,1.128,614.02,3.0,47.18,276.3,82.68,175.2
48.44,13.645,1.133,615.21,3.0,47.09,276.7,82.68,175.21
48.48,13.67,1.136,616.01,3.01,47.03,276.8,82.67,175.21
48.54,13.707,1.14,617.21,3.01,46.94,276.2,82.66,175.21
48.58,13.731,1.144,618.0,3.01,46.88,276.3,82.66,175.22
48.64,13.768,1.148,619.2,3.02,46.79,276.2,82.65,175.22
48.7,13.805,1.153,620.41,3.02,46.7,276.4,82.64,175.23
48.74,13.829,1.156,621.21,3.02,46.64,276.9,82.64,175.23
48.78,13.854,1.159,622.02,3.03,46.58,276.6,82.63,175.24
48.84,13.891,1.164,623.23,3.03,46.49,277.0,82.62,175.24
48.9,13.928,1.169,624.44,3.04,46.4,276.5,82.61,175.25
48.94,13.953,1.172,625.26,3.04,46.33,277.1,82.6,175.25
48.98,13.978,1.175,626.07,3.05,46.27,276.9,82.6,175.26
49.04,14.015,1.18,627.29,3.05,46.18,276.6,82.59,175.26
49.1,14.053,1.185,628.51,3.06,46.09,277.1,82.58,175.27
49.16,14.09,1.19,629.74,3.06,45.99,276.6,82.57,175.27
49.2,14.115,1.193,630.56,3.06,45.93,276.7,82.57,175.27
49.24,14.14,1.196,631.38,3.07,45.87,276.6,82.56,175.27
49.3,14.178,1.201,632.62,3.07,45.78,276.9,82.56,175.28
49.36,14.215,1.206,633.85,3.08,45.68,277.4,82.55,175.28
49.4,14.241,1.209,634.68,3.08,45.62,277.6,82.54,175.28
49.44,14.266,1.212,635.51,3.08,45.55,277.3,82.54,175.29
49.5,14.304,1.217,636.76,3.09,45.46,277.8,82.53,175.29
49.54,14.329,1.221,637.59,3.09,45.4,276.9,82.52,175.3
49.6,14.367,1.226,638.84,3.1,45.3,277.3,82.52,175.3
49.64,14.392,1.229,639.67,3.1,45.24,277.2,82.51,175.3
49.7,14.43,1.234,640.93,3.11,45.14,277.3,82.5,175.31
49.74,14.456,1.237,641.77,3.11,45.05,278.2,82.5,175.32
49.8,14.494,1.242,643.03,3.12,44.98,277.0,82.49,175.32
49.86,14.532,1.247,644.3,3.12,44.88,277.7,82.48,175.33
49.9,14.558,1.25,645.14,3.12,44.82,277.1,82.47,175.33
49.94,14.584,1.255,646.41,3.13,44.72,277.2,82.47,175.33
50.0,14.622,1.259,647.26,3.14,44.66,278.1,82.46,175.34
50.06,14.661,1.264,648.54,3.14,44.56,278.0,82.45,175.34
50.1,14.686,1.267,649.39,3.14,44.5,277.8,82.45,175.35
50.14,14.712,1.271,650.25,3.15,44.43,278.0,82.44,175.35
50.2,14.751,1.276,651.53,3.15,44.33,277.9,82.43,175.35
50.26,14.79,1.281,652.82,3.16,44.24,278.2,82.43,175.36
50.3,14.816,1.284,653.68,3.16,44.17,278.1,82.42,175.36
50.34,14.854,1.288,654.97,3.17,44.07,278.1,82.41,175.36
50.4,14.88,1.293,655.84,3.17,44.01,278.7,82.41,175.37
50.46,14.92,1.298,657.14,3.18,43.91,277.8,82.4,175.37
50.5,14.946,1.301,658.0,3.18,43.84,277.9,82.39,175.37
50.54,14.972,1.305,658.87,3.19,43.78,278.5,82.39,175.38
50.6,15.011,1.31,660.18,3.19,43.68,278.0,82.38,175.38
50.66,15.05,1.315,661.49,3.2,43.58,278.8,82.37,175.39
50.7,15.077,1.319,662.37,3.2,43.51,278.8,82.37,175.39
50.76,15.116,1.324,663.68,3.21,43.41,278.9,82.36,175.4
50.8,15.142,1.328,664.56,3.21,43.35,278.9,82.35,175.4
50.86,15.182,1.333,665.88,3.22,43.25,278.2,82.34,175.41
50.9,15.208,1.336,667.21,3.22,43.15,279.0,82.34,175.41
50.96,15.248,1.342,668.09,3.23,43.08,278.9,82.33,175.41
51.02,15.288,1.347,669.42,3.23,42.98,278.1,82.33,175.42
51.06,15.314,1.35,670.31,3.24,42.91,278.6,82.32,175.42
51.12,15.354,1.356,671.65,3.24,42.81,278.2,82.31,175.43
51.16,15.381,1.359,672.54,3.25,42.74,278.9,82.3,175.43
51.22,15.421,1.365,673.88,3.25,42.63,278.7,82.29,175.44
51.26,15.448,1.368,674.78,3.25,42.56,278.7,82.29,175.44
51.32,15.488,1.374,676.12,3.26,42.46,278.3,82.28,175.45
51.36,15.515,1.377,677.02,3.26,42.39,278.2,82.27,175.45
51.42,15.555,1.383,678.37,3.27,42.29,278.3,82.27,175.45
51.46,15.582,1.386,679.28,3.27,42.22,279.3,82.26,175.46
51.52,15.622,1.392,680.63,3.28,42.11,278.9,82.25,175.46
51.56,15.649,1.395,681.54,3.28,42.04,279.2,82.25,175.46
51.62,15.69,1.401,682.91,3.29,41.94,278.7,82.24,175.47
51.66,15.717,1.405,683.82,3.29,41.86,279.0,82.24,175.47
51.72,15.758,1.41,685.18,3.3,41.76,278.6,82.23,175.47
51.76,15.785,1.414,686.1,3.3,41.69,278.2,82.22,175.47
51.82,15.826,1.419,687.47,3.31,41.58,279.2,82.22,175.48
51.88,15.867,1.425,688.85,3.31,41.47,278.2,82.21,175.48
51.92,15.894,1.428,689.77,3.32,41.4,279.0,82.2,175.49
51.96,15.922,1.432,690.69,3.32,41.33,278.2,82.2,175.49
52.02,15.963,1.438,692.08,3.33,41.22,279.4,82.19,175.49
52.08,16.004,1.443,693.47,3.33,41.11,279.0,82.18,175.5
52.12,16.031,1.447,694.4,3.34,41.04,278.6,82.18,175.5
52.16,16.059,1.451,695.33,3.34,40.97,278.9,82.17,175.51
52.22,16.1,1.456,696.73,3.35,40.86,279.1,82.16,175.52
52.28,16.142,1.462,698.14,3.35,40.75,278.6,82.15,175.52
52.32,16.169,1.466,699.07,3.36,40.64,278.8,82.15,175.53
52.38,16.211,1.472,700.48,3.36,40.57,279.1,82.14,175.53
52.42,16.239,1.475,701.42,3.37,40.5,279.1,82.13,175.54
52.48,16.281,1.481,702.83,3.37,40.39,278.9,82.13,175.54
52.52,16.308,1.485,703.78,3.38,40.32,279.4,82.12,175.54
52.58,16.35,1.491,705.2,3.38,40.21,278.8,82.11,175.55
52.62,16.378,1.494,706.14,3.39,40.13,278.6,82.1,175.55
52.68,16.42,1.5,707.57,3.39,40.02,279.3,82.1,175.55
52.72,16.448,1.504,708.52,3.4,39.95,279.8,82.1,175.56
52.78,16.491,1.51,709.96,3.4,39.84,279.2,82.09,175.56
52.82,16.519,1.514,710.92,3.41,39.77,278.7,82.08,175.56
52.88,16.561,1.52,712.35,3.41,39.66,278.8,82.07,175.56
52.92,16.589,1.523,713.32,3.42,39.58,279.8,82.07,175.56
52.98,16.632,1.531,715.25,3.43,39.44,279.4,82.06,175.57
53.04,16.674,1.535,716.22,3.43,39.36,279.7,82.05,175.57
53.08,16.703,1.539,717.19,3.44,39.29,279.3,82.05,175.58
53.12,16.731,1.543,718.16,3.44,39.22,279.2,82.05,175.58
53.18,16.774,1.549,719.62,3.45,39.11,279.4,82.04,175.59
53.24,16.817,1.555,721.08,3.46,38.99,279.7,82.03,175.59
53.28,16.845,1.559,722.06,3.46,38.92,279.6,82.02,175.6
53.32,16.874,1.563,723.04,3.46,38.85,279.0,82.02,175.6
53.38,16.917,1.571,724.51,3.47,38.74,279.6,82.01,175.61
53.44,16.96,1.575,725.98,3.47,38.62,279.4,82.0,175.62
53.48,16.989,1.579,726.97,3.48,38.55,279.1,81.99,175.62
53.54,17.032,1.585,728.45,3.49,38.44,279.4,81.98,175.62
53.58,17.061,1.589,729.44,3.49,38.36,279.9,81.98,175.63
53.62,17.09,1.593,730.43,3.5,38.29,280.3,81.97,175.63
53.68,17.133,1.599,731.93,3.5,38.18,280.1,81.96,175.63
53.74,17.177,1.605,733.42,3.51,38.07,279.2,81.96,175.64
53.78,17.206,1.609,734.42,3.51,37.99,279.5,81.95,175.64
53.84,17.25,1.615,735.93,3.52,37.88,279.6,81.94,175.64
53.88,17.279,1.619,737.43,3.53,37.77,279.7,81.94,175.64
53.94,17.323,1.625,738.44,3.53,37.69,280.0,81.93,175.64
53.98,17.352,1.63,739.45,3.54,37.62,279.5,81.93,175.64
54.04,17.396,1.636,740.96,3.54,37.5,279.5,81.92,175.64
54.08,17.425,1.64,741.97,3.55,37.43,279.6,81.91,175.64
54.14,17.47,1.646,743.5,3.55,37.32,279.4,81.91,175.64
54.18,17.499,1.65,744.51,3.56,37.24,280.1,81.9,175.65
54.24,17.543,1.656,746.05,3.57,37.13,280.0,81.89,175.65
54.28,17.573,1.661,747.07,3.57,37.05,280.3,81.89,175.66
54.34,17.617,1.667,748.6,3.58,36.94,280.1,81.88,175.66
54.38,17.647,1.671,749.63,3.58,36.87,280.2,81.88,175.66
54.44,17.692,1.677,751.17,3.59,36.75,279.5,81.87,175.67
54.5,17.736,1.684,752.72,3.6,36.64,280.3,81.86,175.68
54.56,17.781,1.69,754.28,3.6,36.53,280.6,81.85,175.68
54.6,17.811,1.694,755.31,3.61,36.45,280.7,81.85,175.69
54.66,17.856,1.701,756.88,3.62,36.34,280.9,81.84,175.7
54.7,17.886,1.705,757.92,3.62,36.26,280.3,81.84,175.71
54.76,17.931,1.711,759.49,3.63,36.15,280.7,81.83,175.71
54.8,17.961,1.715,760.53,3.63,36.07,280.1,81.82,175.72
54.86,18.006,1.722,762.11,3.64,35.96,280.2,81.82,175.73
54.9,18.037,1.726,763.15,3.65,35.89,279.9,81.81,175.73
54.96,18.082,1.733,764.73,3.65,35.77,280.0,81.8,175.74
55.0,18.112,1.737,765.79,3.65,35.7,280.3,81.8,175.74
55.06,18.158,1.743,767.37,3.66,35.58,280.7,81.79,175.75
55.12,18.204,1.75,768.97,3.67,35.47,280.7,81.78,175.75
55.18,18.249,1.756,770.56,3.67,35.36,280.0,81.77,175.76
55.22,18.28,1.761,771.63,3.68,35.28,280.9,81.77,175.76
55.28,18.326,1.767,773.23,3.69,35.17,280.4,81.76,175.76
55.32,18.356,1.772,774.3,3.7,35.09,281.2,81.75,175.76
55.38,18.402,1.778,775.91,3.7,34.98,280.2,81.75,175.76
55.42,18.433,1.783,776.99,3.71,34.9,280.1,81.74,175.76
55.46,18.464,1.787,778.06,3.71,34.83,280.1,81.74,175.76
55.52,18.51,1.792,779.69,3.72,34.71,280.8,81.73,175.76
55.56,18.541,1.796,780.77,3.72,34.64,280.6,81.73,175.76
55.62,18.588,1.803,782.4,3.73,34.53,281.0,81.72,175.76
55.68,18.634,1.809,784.03,3.74,34.41,280.3,81.71,175.76
55.72,18.665,1.814,785.12,3.74,34.34,281.1,81.71,175.77
55.78,18.712,1.821,786.76,3.75,34.22,280.9,81.7,175.77
55.82,18.743,1.825,787.85,3.75,34.15,280.5,81.69,175.77
55.86,18.774,1.83,788.95,3.76,34.07,280.5,81.69,175.77
55.92,18.821,1.836,790.6,3.77,33.96,281.4,81.68,175.78
55.98,18.868,1.843,792.25,3.77,33.85,280.5,81.67,175.78
56.02,18.9,1.848,793.36,3.78,33.77,280.7,81.67,175.78
56.08,18.947,1.854,795.02,3.79,33.66,280.6,81.66,175.79
56.12,18.978,1.859,796.13,3.79,33.58,281.4,81.66,175.79
56.18,19.026,1.866,797.8,3.8,33.47,281.4,81.65,175.8
56.2,19.057,1.87,798.91,3.8,33.39,280.6,81.64,175.81
56.28,19.105,1.877,800.59,3.81,33.28,280.5,81.64,175.81
56.32,19.136,1.882,801.71,3.82,33.2,281.0,81.63,175.82
56.38,19.184,1.889,803.39,3.82,33.09,281.5,81.62,175.83
56.42,19.216,1.893,804.52,3.83,33.02,281.4,81.62,175.83
56.46,19.248,1.898,805.65,3.83,32.94,281.0,81.61,175.84
56.52,19.296,1.905,807.34,3.84,32.83,281.6,81.61,175.84
56.56,19.328,1.91,808.47,3.85,32.75,281.4,81.6,175.85
56.62,19.376,1.917,810.17,3.85,32.64,280.7,81.59,175.85
56.68,19.424,1.924,811.88,3.86,32.53,280.7,81.59,175.86
56.72,19.456,1.928,813.02,3.87,32.45,281.2,81.58,175.86
56.78,19.504,1.936,814.73,3.87,32.34,280.9,81.57,175.86
56.82,19.537,1.94,815.87,3.88,32.26,280.7,81.57,175.87
56.86,19.569,1.945,817.02,3.88,32.19,280.9,81.56,175.87
56.92,19.618,1.952,818.74,3.89,32.08,280.9,81.56,175.87
56.98,19.666,1.959,820.46,3.9,31.96,280.4,81.55,175.87
57.02,19.699,1.964,821.61,3.9,31.89,280.5,81.54,175.87
57.08,19.748,1.971,823.35,3.91,31.78,280.6,81.54,175.88
57.12,19.78,1.976,824.51,3.91,31.7,281.3,81.53,175.88
57.18,19.829,1.983,826.26,3.92,31.59,281.2,81.52,175.88
57.22,19.862,1.988,827.42,3.93,31.51,280.6,81.52,175.88
57.28,19.911,1.995,829.17,3.94,31.4,281.5,81.51,175.88
57.32,19.944,2.0,830.34,3.94,31.33,281.1,81.51,175.88
57.34,19.96,2.002,830.93,3.94,31.29,281.0,81.5,175.88
57.34,19.96,2.005,830.93,3.94,31.29,281.0,81.5,175.88
57.42,20.026,2.012,833.28,3.96,31.14,281.1,81.49,175.89
57.46,20.059,2.017,834.45,3.96,31.07,281.0,81.49,175.89
57.52,20.109,2.024,836.22,3.97,30.95,281.8,81.48,175.89
57.56,20.142,2.029,837.4,3.97,30.88,281.4,81.48,175.89
57.62,20.192,2.037,839.18,3.98,30.77,281.7,81.47,175.89
57.66,20.225,2.041,840.37,3.99,30.69,281.6,81.47,175.9
57.72,20.275,2.049,842.15,3.99,30.58,281.7,81.46,175.9
57.78,20.325,2.056,843.94,4.0,30.47,281.8,81.45,175.91
57.84,20.375,2.064,845.74,4.01,30.36,281.0,81.44,175.91
57.88,20.409,2.069,846.93,4.01,30.28,281.1,81.44,175.92
57.92,20.442,2.074,848.14,4.02,30.21,281.9,81.43,175.92
57.98,20.493,2.081,849.94,4.03,30.1,282.0,81.43,175.93
58.04,20.543,2.089,851.75,4.04,29.99,281.1,81.42,175.93
58.08,20.577,2.094,852.96,4.04,29.91,280.8,81.41,175.94
58.12,20.611,2.099,854.17,4.05,29.84,281.1,81.41,175.94
58.18,20.661,2.106,855.98,4.05,29.73,281.1,81.4,175.95
58.24,20.712,2.114,857.81,4.06,29.61,281.4,81.39,175.95
58.28,20.746,2.119,859.03,4.07,29.54,281.1,81.39,175.96
58.32,20.78,2.124,860.25,4.07,29.47,281.9,81.38,175.96
58.38,20.831,2.132,862.09,4.08,29.36,281.4,81.38,175.97
58.44,20.883,2.139,863.93,4.09,29.24,282.1,81.37,175.97
58.48,20.917,2.144,865.17,4.09,29.17,281.9,81.36,175.97
58.52,20.951,2.149,866.4,4.1,29.1,281.6,81.36,175.98
58.58,21.003,2.157,868.25,4.11,28.99,280.9,81.35,175.98
58.64,21.054,2.165,870.11,4.12,28.88,281.6,81.34,175.98
58.68,21.089,2.17,871.35,4.12,28.8,281.4,81.34,175.99
58.72,21.123,2.175,872.59,4.13,28.73,281.9,81.34,175.99
58.78,21.175,2.183,874.46,4.14,28.62,281.3,81.33,175.99
58.84,21.227,2.191,876.33,4.14,28.51,281.2,81.32,175.99
58.88,21.262,2.196,877.58,4.15,28.44,281.8,81.32,176.0
58.92,21.296,2.201,878.84,4.15,28.36,282.0,81.31,176.0
58.98,21.349,2.209,880.73,4.16,28.25,281.2,81.3,176.0
59.04,21.401,2.217,882.62,4.17,28.14,281.6,81.3,176.0
59.08,21.436,2.222,883.88,4.18,28.07,281.9,81.29,176.0
59.14,21.488,2.233,885.78,4.19,27.96,281.6,81.28,176.0
59.18,21.523,2.238,887.05,4.19,27.89,282.0,81.28,176.01
59.24,21.576,2.246,888.96,4.2,27.78,282.2,81.27,176.01
59.28,21.611,2.251,890.24,4.21,27.7,282.1,81.27,176.01
59.34,21.664,2.259,892.15,4.21,27.59,281.5,81.26,176.01
59.38,21.7,2.265,893.43,4.22,27.52,282.0,81.26,176.01
59.44,21.753,2.273,895.35,4.23,27.41,282.2,81.25,176.02
59.5,21.806,2.281,897.28,4.24,27.3,281.7,81.24,176.02
59.54,21.841,2.286,898.57,4.24,27.23,281.5,81.24,176.02
59.6,21.895,2.294,900.51,4.25,27.12,281.4,81.23,176.02
59.64,21.93,2.3,901.8,4.26,27.04,281.8,81.23,176.03
59.7,21.984,2.308,903.75,4.27,26.93,282.5,81.22,176.03
59.74,22.02,2.313,905.05,4.27,26.86,281.4,81.21,176.03
59.8,22.073,2.321,907.0,4.28,26.75,281.7,81.2,176.04
59.84,22.109,2.327,908.31,4.28,26.68,282.2,81.2,176.04
59.88,22.145,2.332,909.62,4.29,26.6,281.5,81.2,176.04
59.94,22.199,2.341,911.58,4.3,26.49,282.2,81.19,176.05
60.0,22.253,2.349,913.56,4.31,26.38,282.1,81.18,176.05
60.04,22.29,2.354,914.87,4.32,26.31,282.2,81.18,176.06
60.1,22.344,2.363,916.86,4.32,26.2,282.6,81.17,176.06
60.14,22.38,2.368,918.18,4.33,26.13,282.0,81.17,176.07
60.2,22.435,2.377,920.17,4.34,26.02,282.3,81.16,176.07
60.26,22.489,2.385,922.17,4.35,25.91,282.7,81.15,176.08
60.3,22.526,2.391,923.5,4.36,25.84,282.5,81.14,176.08
60.36,22.581,2.399,925.51,4.37,25.73,281.9,81.14,176.09
60.4,22.617,2.405,926.85,4.37,25.65,281.8,81.13,176.09
60.46,22.672,2.413,928.86,4.38,25.55,282.6,81.13,176.09
60.5,22.709,2.419,930.2,4.39,25.47,282.8,81.12,176.1
60.54,22.746,2.427,932.23,4.39,25.36,282.4,81.12,176.1
60.6,22.801,2.433,933.58,4.4,25.29,282.3,81.11,176.1
60.64,22.838,2.439,934.93,4.41,25.22,282.7,81.11,176.1
60.7,22.894,2.447,936.97,4.41,25.11,282.1,81.1,176.11
60.76,22.949,2.456,939.01,4.43,25.0,282.9,81.09,176.11
60.8,22.987,2.461,940.38,4.43,24.89,282.9,81.09,176.11
60.86,23.042,2.47,942.43,4.44,24.82,282.2,81.08,176.12
60.9,23.08,2.476,943.8,4.45,24.75,282.6,81.07,176.12
60.96,23.136,2.484,945.86,4.46,24.64,282.7,81.07,176.12
61.02,23.192,2.493,947.92,4.47,24.53,282.7,81.06,176.12
61.06,23.229,2.499,949.3,4.47,24.46,282.5,81.06,176.12
61.12,23.286,2.508,951.37,4.48,24.35,282.3,81.05,176.13
61.16,23.323,2.513,952.76,4.49,24.28,282.4,81.05,176.13
61.22,23.38,2.522,954.83,4.49,24.17,281.9,81.04,176.13
61.26,23.418,2.528,956.22,4.5,24.1,282.5,81.03,176.13
61.3,23.456,2.534,957.62,4.51,24.03,281.9,81.03,176.13
61.36,23.513,2.543,959.71,4.51,23.92,282.4,81.02,176.13
61.4,23.55,2.549,961.11,4.52,23.85,282.4,81.02,176.13
61.46,23.608,2.558,963.21,4.53,23.74,282.3,81.01,176.14
61.52,23.665,2.566,965.32,4.54,23.64,282.1,81.0,176.14
61.56,23.703,2.572,966.73,4.55,23.57,282.4,81.0,176.14
61.62,23.76,2.581,968.85,4.55,23.46,282.6,80.99,176.14
61.66,23.799,2.587,970.26,4.56,23.39,282.6,80.99,176.15
61.72,23.856,2.596,972.39,4.57,23.28,282.6,80.98,176.15
61.76,23.895,2.602,973.81,4.58,23.21,281.9,80.98,176.15
61.82,23.953,2.611,975.94,4.58,23.1,282.3,80.97,176.15
61.86,23.991,2.617,977.37,4.59,23.03,282.9,80.97,176.15
61.9,24.03,2.623,978.8,4.6,22.96,282.3,80.96,176.16
61.96,24.088,2.632,980.94,4.6,22.85,282.4,80.95,176.16
62.02,24.146,2.642,983.1,4.62,22.75,282.5,80.95,176.16
62.06,24.185,2.648,984.54,4.62,22.68,282.4,80.94,176.17
62.12,24.243,2.657,986.7,4.63,22.57,282.2,80.93,176.17
62.18,24.302,2.666,988.87,4.64,22.46,282.7,80.93,176.18
62.22,24.341,2.672,990.31,4.64,22.39,282.2,80.92,176.18
62.28,24.4,2.681,992.49,4.66,22.29,282.0,80.92,176.18
62.32,24.439,2.687,993.94,4.66,22.22,282.6,80.91,176.18
62.38,24.498,2.697,996.13,4.67,22.11,282.4,80.9,176.19
62.42,24.538,2.703,997.59,4.68,22.04,282.0,80.9,176.19
62.48,24.597,2.712,999.78,4.68,21.93,282.3,80.89,176.2
62.54,24.656,2.722,1001.98,4.7,21.83,282.0,80.89,176.2
62.58,24.696,2.728,1003.45,4.7,21.76,282.9,80.88,176.2
62.64,24.755,2.737,1005.66,4.71,21.65,282.4,80.87,176.21
62.68,24.795,2.743,1007.13,4.72,21.58,282.5,80.87,176.21
62.74,24.855,2.753,1009.35,4.72,21.48,282.0,80.86,176.21
62.78,24.895,2.759,1010.83,4.73,21.41,282.3,80.86,176.22
62.82,24.955,2.766,1013.06,4.74,21.3,282.9,80.85,176.22
62.88,24.995,2.775,1014.55,4.75,21.23,282.4,80.85,176.22
62.92,25.035,2.781,1016.04,4.75,21.16,282.5,80.84,176.23
62.98,25.095,2.791,1018.28,4.76,21.06,282.1,80.84,176.23
63.04,25.156,2.8,1020.52,4.77,20.96,282.1,80.83,176.23
63.08,25.196,2.807,1022.03,4.78,20.85,282.4,80.82,176.23
63.14,25.257,2.816,1024.28,4.79,20.78,282.3,80.82,176.24
63.18,25.297,2.823,1025.79,4.8,20.71,282.6,80.81,176.24
63.24,25.358,2.833,1028.06,4.8,20.61,282.6,80.81,176.24
63.28,25.399,2.839,1029.57,4.81,20.54,282.6,80.8,176.24
63.34,25.46,2.849,1031.85,4.82,20.44,283.1,80.8,176.24
63.38,25.501,2.855,1033.38,4.83,20.37,282.5,80.79,176.25
63.44,25.562,2.865,1035.66,4.84,20.26,282.7,80.79,176.25
63.48,25.603,2.871,1037.19,4.85,20.2,282.6,80.78,176.25
63.54,25.664,2.881,1039.49,4.86,20.09,283.3,80.77,176.25
63.58,25.706,2.888,1041.03,4.87,20.02,282.9,80.77,176.25
63.64,25.767,2.898,1043.34,4.88,19.92,282.7,80.76,176.25
63.7,25.829,2.907,1045.65,4.89,19.82,282.9,80.76,176.26
63.74,25.871,2.914,1047.2,4.89,19.75,283.1,80.75,176.26
63.8,25.933,2.924,1049.52,4.9,19.65,282.4,80.74,176.26
63.84,25.974,2.931,1051.08,4.91,19.58,283.4,80.74,176.26
63.9,26.037,2.941,1053.41,4.92,19.48,283.5,80.73,176.26
63.94,26.078,2.947,1054.97,4.93,19.41,282.9,80.73,176.26
64.0,26.141,2.957,1057.32,4.94,19.31,283.5,80.72,176.26
64.04,26.183,2.964,1058.89,4.94,19.24,282.5,80.72,176.26
64.1,26.245,2.974,1061.24,4.95,19.14,282.8,80.71,176.27
64.14,26.287,2.981,1062.81,4.96,19.07,282.4,80.71,176.27
64.2,26.35,2.991,1065.17,4.97,18.97,283.2,80.7,176.27
64.24,26.393,2.998,1066.75,4.98,18.9,282.7,80.7,176.27
64.3,26.456,3.008,1069.13,4.99,18.8,282.5,80.69,176.27
64.34,26.498,3.015,1070.72,4.99,18.73,283.6,80.69,176.27
64.4,26.562,3.025,1073.11,5.0,18.63,283.5,80.68,176.28
64.44,26.604,3.032,1074.7,5.01,18.57,283.1,80.67,176.28
64.5,26.668,3.042,1077.1,5.02,18.47,283.5,80.67,176.28
64.56,26.732,3.052,1079.5,5.03,18.37,283.6,80.66,176.28
64.6,26.774,3.059,1081.1,5.04,18.3,282.7,80.66,176.28
64.66,26.839,3.069,1083.51,5.05,18.2,283.2,80.65,176.29
64.7,26.881,3.076,1085.13,5.06,18.13,283.1,80.64,176.29
64.76,26.946,3.087,1087.54,5.07,18.03,282.9,80.64,176.29
64.8,26.989,3.094,1089.16,5.07,17.97,282.6,80.64,176.29
64.86,27.053,3.104,1091.59,5.08,17.87,283.0,80.63,176.3
64.9,27.096,3.111,1093.21,5.09,17.8,282.6,80.62,176.3
64.96,27.161,3.121,1095.66,5.1,17.7,283.5,80.62,176.3
65.0,27.205,3.128,1097.29,5.11,17.64,283.5,80.61,176.3
65.06,27.27,3.139,1099.75,5.12,17.54,283.6,80.6,176.31
65.1,27.313,3.146,1101.38,5.13,17.47,282.9,80.6,176.31
65.16,27.378,3.157,1103.85,5.13,17.38,283.5,80.59,176.31
65.22,27.444,3.167,1106.31,5.15,17.28,283.0,80.59,176.31
65.26,27.488,3.174,1107.96,5.15,17.21,282.4,80.58,176.32
65.3,27.531,3.181,1109.61,5.16,17.15,282.8,80.58,176.32
65.36,27.597,3.192,1112.09,5.17,17.05,283.0,80.57,176.32
65.4,27.641,3.199,1113.76,5.18,16.98,283.3,80.57,176.32
65.46,27.707,3.21,1116.25,5.19,16.89,283.4,80.56,176.33
65.52,27.773,3.221,1118.75,5.2,16.79,282.4,80.55,176.33
65.56,27.818,3.228,1120.42,5.2,16.73,283.2,80.55,176.33
65.6,27.862,3.235,1122.09,5.21,16.66,282.9,80.54,176.33
65.66,27.929,3.246,1124.61,5.22,16.56,283.0,80.54,176.33
65.72,27.995,3.257,1127.13,5.24,16.47,283.1,80.53,176.34
65.76,28.04,3.264,1128.81,5.24,16.4,283.7,80.53,176.34
65.82,28.107,3.275,1131.35,5.25,16.31,283.7,80.52,176.34
65.86,28.151,3.282,1133.04,5.26,16.24,283.2,80.52,176.34
65.92,28.219,3.293,1135.58,5.27,16.15,283.7,80.51,176.34
65.96,28.263,3.301,1137.29,5.28,16.08,283.5,80.5,176.35
66.02,28.331,3.312,1139.84,5.29,15.99,283.1,80.5,176.35
66.06,28.376,3.319,1141.55,5.3,15.93,283.6,80.49,176.35
66.1,28.421,3.326,1143.25,5.31,15.86,283.6,80.49,176.35
66.16,28.489,3.337,1145.82,5.32,15.77,282.9,80.48,176.35
66.22,28.557,3.349,1148.4,5.33,15.67,283.6,80.48,176.35
66.26,28.602,3.356,1150.12,5.33,15.61,283.1,80.47,176.35
66.32,28.67,3.367,1152.71,5.34,15.52,283.5,80.47,176.36
66.36,28.716,3.375,1154.45,5.35,15.45,284.1,80.46,176.36
66.42,28.784,3.386,1157.05,5.36,15.36,283.8,80.45,176.36
66.46,28.83,3.393,1158.78,5.37,15.3,283.3,80.45,176.36
66.52,28.899,3.405,1161.39,5.39,15.2,283.0,80.44,176.36
66.56,28.945,3.412,1163.14,5.39,15.14,282.8,80.44,176.36
66.62,29.014,3.423,1165.76,5.4,15.05,284.2,80.43,176.36
66.66,29.06,3.431,1167.51,5.41,14.99,283.0,80.43,176.36
66.72,29.129,3.442,1170.14,5.42,14.89,283.7,80.42,176.36
66.76,29.175,3.45,1171.9,5.43,14.8,283.3,80.42,176.36
66.82,29.245,3.462,1174.55,5.44,14.74,283.4,80.41,176.36
66.88,29.314,3.473,1177.19,5.45,14.65,283.0,80.4,176.36
66.92,29.361,3.481,1178.96,5.46,14.59,283.5,80.4,176.36
66.96,29.407,3.488,1180.73,5.46,14.53,283.0,80.4,176.36
67.02,29.477,3.5,1183.4,5.48,14.43,283.2,80.39,176.36
67.06,29.524,3.508,1185.18,5.48,14.37,283.6,80.39,176.36
67.12,29.594,3.519,1187.85,5.49,14.28,283.7,80.38,176.36
67.18,29.665,3.531,1190.53,5.5,14.19,283.5,80.37,176.36
67.22,29.712,3.539,1192.33,5.51,14.13,283.2,80.37,176.36
67.28,29.782,3.55,1195.02,5.53,14.04,283.5,80.36,176.36
67.32,29.83,3.558,1196.82,5.53,13.98,283.1,80.36,176.36
67.38,29.901,3.57,1199.52,5.54,13.89,283.5,80.35,176.36
67.42,29.948,3.578,1201.33,5.55,13.83,283.9,80.35,176.36
67.48,30.019,3.59,1204.05,5.56,13.71,283.3,80.34,176.36
67.52,30.067,3.597,1205.86,5.57,13.68,283.5,80.34,176.36
67.58,30.138,3.609,1208.58,5.58,13.59,282.9,80.33,176.36
67.62,30.186,3.617,1210.4,5.59,13.53,282.6,80.33,176.36
67.68,30.258,3.629,1213.14,5.6,13.45,283.4,80.32,176.36
67.72,30.306,3.637,1214.97,5.61,13.39,283.9,80.31,176.36
67.78,30.378,3.649,1217.72,5.62,13.3,282.7,80.31,176.36
67.82,30.426,3.657,1219.55,5.62,13.24,283.1,80.31,176.36
67.88,30.498,3.669,1222.3,5.63,13.15,282.6,80.3,176.36
67.94,30.57,3.681,1225.07,5.64,13.06,283.6,80.29,176.37
67.98,30.619,3.689,1226.91,5.65,13.01,283.2,80.29,176.37
68.04,30.692,3.701,1229.69,5.66,12.92,283.1,80.28,176.37
68.08,30.74,3.71,1231.55,5.67,12.86,283.7,80.28,176.37
68.12,30.789,3.718,1233.4,5.68,12.8,283.5,80.27,176.37
68.18,30.862,3.73,1236.19,5.69,12.72,283.1,80.27,176.37
68.22,30.911,3.738,1238.06,5.7,12.66,283.7,80.26,176.37
68.28,30.984,3.75,1240.86,5.71,12.57,282.9,80.26,176.37
68.34,31.058,3.763,1243.68,5.72,12.49,283.8,80.25,176.37
68.38,31.107,3.771,1245.56,5.73,12.43,283.2,80.24,176.37
68.44,31.181,3.783,1248.38,5.74,12.35,283.2,80.24,176.37
68.48,31.23,3.791,1250.27,5.75,12.29,283.7,80.23,176.37
68.54,31.304,3.804,1253.1,5.76,12.2,283.5,80.23,176.37
68.58,31.353,3.812,1254.99,5.77,12.15,283.5,80.22,176.37
68.62,31.403,3.82,1256.89,5.78,12.09,283.6,80.22,176.37
68.68,31.477,3.833,1259.74,5.79,12.01,283.0,80.21,176.37
68.72,31.527,3.841,1261.65,5.8,11.95,283.0,80.21,176.37
68.78,31.602,3.854,1264.51,5.81,11.87,282.9,80.2,176.37
68.84,31.677,3.866,1267.37,5.82,11.79,283.4,80.19,176.37
68.88,31.727,3.875,1269.29,5.82,11.73,283.0,80.19,176.37
68.94,31.802,3.887,1272.17,5.84,11.65,283.4,80.18,176.37
69.0,31.877,3.9,1275.06,5.85,11.57,283.9,80.18,176.37
69.04,31.928,3.909,1276.99,5.86,11.51,283.2,80.17,176.37
69.1,32.003,3.921,1279.89,5.87,11.43,283.4,80.16,176.37
69.14,32.054,3.93,1281.83,5.88,11.38,282.9,80.16,176.37
69.2,32.13,3.943,1284.74,5.89,11.3,283.3,80.15,176.37
69.24,32.181,3.951,1286.68,5.9,11.24,283.6,80.15,176.37
69.3,32.257,3.964,1289.61,5.92,11.16,283.7,80.14,176.37
69.34,32.308,3.973,1291.56,5.92,11.11,283.1,80.14,176.37
69.4,32.384,3.986,1294.5,5.94,11.03,283.7,80.13,176.37
69.44,32.435,3.994,1296.46,5.94,10.98,283.3,80.13,176.37
69.5,32.512,4.007,1299.41,5.95,10.9,283.4,80.12,176.37
69.54,32.564,4.016,1301.38,5.97,10.85,283.9,80.12,176.36
69.6,32.641,4.029,1304.35,5.97,10.77,283.4,80.11,176.36
69.64,32.692,4.038,1306.32,5.98,10.72,283.0,80.11,176.36
69.7,32.77,4.051,1309.3,6.0,10.64,283.6,80.1,176.36
69.74,32.821,4.059,1311.28,6.0,10.59,283.3,80.1,176.36
69.8,32.899,4.073,1314.27,6.01,10.51,282.9,80.09,176.36
69.86,32.977,4.086,1317.26,6.03,10.43,283.1,80.08,176.36
69.9,33.029,4.095,1319.26,6.04,10.38,284.2,80.08,176.36
69.96,33.107,4.108,1322.26,6.05,10.31,283.5,80.07,176.35
70.0,33.159,4.117,1324.27,6.06,10.26,283.6,80.07,176.35
70.06,33.238,4.13,1327.29,6.07,10.18,283.0,80.06,176.35
70.1,33.29,4.139,1329.3,6.07,10.13,283.6,80.06,176.35
70.16,33.369,4.152,1332.32,6.09,10.06,282.9,80.05,176.35
70.2,33.421,4.161,1334.34,6.09,10.01,283.5,80.05,176.35
70.24,33.474,4.17,1336.37,6.11,9.96,283.1,80.04,176.34
70.3,33.553,4.184,1339.42,6.12,9.88,283.7,80.03,176.34
70.36,33.632,4.197,1342.47,6.13,9.81,283.9,80.03,176.34
70.4,33.685,4.206,1344.52,6.14,9.76,283.7,80.03,176.34
70.46,33.765,4.22,1347.59,6.15,9.69,284.1,80.02,176.33
70.5,33.818,4.229,1349.63,6.16,9.64,283.2,80.02,176.33
70.56,33.898,4.243,1352.71,6.18,9.57,283.6,80.01,176.33
70.6,33.952,4.252,1354.77,6.19,9.52,284.0,80.0,176.33
70.66,34.032,4.265,1357.85,6.2,9.45,283.0,80.0,176.32
70.7,34.085,4.274,1359.92,6.2,9.4,283.9,79.99,176.32
70.76,34.166,4.288,1363.02,6.21,9.33,284.0,79.99,176.32
70.8,34.22,4.297,1365.09,6.22,9.28,283.3,79.98,176.31
70.86,34.301,4.311,1368.21,6.23,9.21,284.1,79.98,176.31
70.92,34.382,4.325,1371.34,6.25,9.14,283.8,79.97,176.3
70.96,34.436,4.334,1373.43,6.26,9.1,283.9,79.96,176.3
71.02,34.517,4.348,1376.56,6.27,9.03,283.3,79.96,176.3
71.06,34.571,4.358,1378.65,6.28,8.98,284.0,79.95,176.29
71.1,34.626,4.367,1380.75,6.29,8.94,283.9,79.95,176.29
71.16,34.708,4.381,1383.9,6.3,8.87,283.5,79.94,176.29
71.2,34.762,4.39,1386.01,6.31,8.82,283.2,79.94,176.28
71.26,34.844,4.404,1389.17,6.32,8.75,283.1,79.93,176.28
71.3,34.899,4.414,1391.28,6.32,8.71,283.4,79.93,176.28
71.36,34.981,4.428,1394.45,6.33,8.64,283.4,79.92,176.27
71.42,35.064,4.442,1397.63,6.35,8.57,283.6,79.92,176.27
71.46,35.119,4.452,1399.76,6.36,8.53,283.8,79.91,176.26
71.52,35.202,4.466,1402.97,6.37,8.46,284.3,79.9,176.26
71.56,35.257,4.475,1405.1,6.38,8.42,283.8,79.9,176.25
71.62,35.341,4.49,1408.31,6.39,8.35,284.1,79.89,176.25
71.66,35.396,4.499,1410.45,6.4,8.31,283.9,79.89,176.24
71.7,35.452,4.509,1412.6,6.41,8.26,283.0,79.88,176.24
71.76,35.536,4.523,1415.83,6.42,8.2,283.4,79.88,176.23
71.82,35.619,4.538,1419.05,6.44,8.13,283.4,79.87,176.23
71.86,35.675,4.548,1421.22,6.45,8.09,284.1,79.87,176.22
71.92,35.759,4.562,1424.46,6.45,8.03,282.9,79.86,176.22
71.96,35.816,4.572,1426.63,6.46,7.98,283.5,79.86,176.21
72.02,35.9,4.586,1429.89,6.48,7.92,283.9,79.85,176.21
72.06,35.957,4.596,1432.06,6.48,7.88,283.1,79.85,176.2
72.12,36.041,4.611,1435.34,6.5,7.81,284.0,79.84,176.2
72.16,36.098,4.621,1437.52,6.5,7.77,283.2,79.84,176.19
72.22,36.183,4.635,1440.8,6.52,7.71,283.7,79.83,176.19
72.26,36.24,4.645,1442.99,6.53,7.67,283.5,79.83,176.18
72.32,36.325,4.66,1446.28,6.54,7.6,282.8,79.82,176.17
72.36,36.382,4.67,1448.48,6.55,7.56,283.3,79.81,176.17
72.42,36.468,4.685,1451.79,6.56,7.5,283.8,79.81,176.16
72.48,36.554,4.7,1455.11,6.57,7.44,283.7,79.8,176.15
72.52,36.612,4.71,1457.32,6.58,7.4,283.3,79.8,176.15
72.56,36.669,4.719,1459.54,6.59,7.36,283.7,79.8,176.15
72.62,36.755,4.734,1462.87,6.6,7.3,283.6,79.79,176.14
72.66,36.813,4.745,1465.09,6.61,7.26,283.1,79.78,176.13
72.72,36.9,4.76,1468.44,6.62,7.2,283.2,79.78,176.12
72.78,36.987,4.775,1471.79,6.64,7.14,283.4,79.77,176.11
72.82,37.045,4.785,1474.03,6.64,7.1,282.9,79.77,176.11
72.88,37.132,4.8,1477.4,6.66,7.04,283.1,79.76,176.1
72.92,37.19,4.81,1479.65,6.67,7.0,283.6,79.76,176.1
72.98,37.278,4.825,1483.02,6.68,6.94,282.8,79.75,176.09
73.02,37.336,4.836,1485.28,6.69,6.9,283.8,79.75,176.08
73.06,37.395,4.846,1487.54,6.7,6.87,283.3,79.74,176.07
73.12,37.483,4.861,1490.94,6.71,6.81,283.0,79.73,176.07
73.18,37.571,4.877,1494.35,6.72,6.75,283.0,79.73,176.06
73.22,37.63,4.887,1496.63,6.74,6.71,283.6,79.72,176.05
73.28,37.719,4.902,1500.05,6.75,6.66,283.3,79.72,176.04
73.32,37.778,4.913,1502.34,6.76,6.62,283.9,79.71,176.03
73.38,37.867,4.928,1505.77,6.77,6.56,283.4,79.71,176.02
73.42,37.926,4.939,1508.06,6.78,6.53,283.5,79.7,176.02
73.48,38.016,4.954,1511.52,6.8,6.47,283.9,79.7,176.01
73.54,38.105,4.97,1514.97,6.81,6.42,283.3,79.69,176.0
73.58,38.165,4.98,1517.28,6.82,6.38,283.2,79.68,175.99
73.62,38.225,4.991,1519.6,6.83,6.35,284.0,79.68,175.98
73.68,38.315,5.006,1523.08,6.85,6.29,284.0,79.67,175.97
73.72,38.375,5.017,1525.4,6.86,6.26,283.6,79.67,175.96
73.78,38.465,5.033,1528.9,6.87,6.2,283.5,79.66,175.95
73.82,38.525,5.043,1531.24,6.89,6.17,284.0,79.66,175.94
73.88,38.616,5.059,1534.75,6.9,6.12,284.0,79.65,175.93
73.92,38.676,5.07,1537.1,6.91,6.08,284.2,79.65,175.92
73.98,38.767,5.086,1540.62,6.92,6.03,283.3,79.64,175.91
74.04,38.858,5.102,1544.15,6.94,5.98,284.0,79.63,175.9
74.08,38.919,5.113,1546.5,6.94,5.94,283.4,79.63,175.89
74.14,39.011,5.129,1550.05,6.96,5.89,284.2,79.62,175.88
74.18,39.072,5.139,1552.42,6.97,5.86,283.5,79.62,175.87
74.24,39.164,5.156,1555.98,6.98,5.81,284.3,79.61,175.86
74.28,39.225,5.166,1558.35,6.99,5.77,283.3,79.61,175.85
74.32,39.287,5.177,1560.73,7.0,5.74,284.0,79.6,175.84
74.38,39.379,5.193,1564.31,7.02,5.69,283.4,79.6,175.82
74.44,39.472,5.21,1567.9,7.03,5.64,284.1,79.59,175.81
74.48,39.533,5.221,1570.3,7.04,5.61,283.5,79.58,175.8
74.54,39.626,5.237,1573.9,7.06,5.56,284.2,79.58,175.79
74.58,39.688,5.248,1576.31,7.07,5.53,283.9,79.57,175.78
74.64,39.782,5.264,1579.92,7.08,5.48,283.6,79.57,175.76
74.68,39.844,5.275,1582.34,7.09,5.43,283.9,79.56,175.75
74.74,39.938,5.292,1585.97,7.1,5.4,284.2,79.56,175.73
74.78,40.0,5.303,1588.4,7.11,5.37,283.7,79.55,175.72
74.84,40.094,5.32,1592.04,7.13,5.32,283.3,79.55,175.71
74.9,40.188,5.336,1595.69,7.14,5.27,283.7,79.54,175.69
74.94,40.251,5.347,1595.24,6.05,5.24,0.0,79.53,175.68
75.0,40.345,5.364,1594.56,5.32,5.19,0.0,79.53,175.67
75.04,40.408,5.375,1594.11,4.59,5.15,0.0,79.52,175.66
75.1,40.502,5.392,1593.44,3.49,5.08,0.0,79.52,175.66
75.14,40.565,5.403,1592.99,2.39,5.04,0.0,79.51,175.65
75.2,40.659,5.42,1592.31,1.66,4.97,0.0,79.51,175.65
75.24,40.722,5.431,1591.86,0.93,4.92,0.0,79.5,175.65
75.28,40.784,5.442,1591.42,0.19,4.87,0.0,79.5,175.65
75.34,40.878,5.458,1590.75,0.17,4.8,0.0,79.49,175.65
75.4,40.972,5.469,1590.08,0.17,4.73,0.0,79.48,175.65
75.44,41.035,5.481,1589.63,0.17,4.69,0.0,79.48,175.66
75.5,41.129,5.497,1588.97,0.17,4.62,0.0,79.47,175.67
75.54,41.191,5.508,1588.52,0.17,4.58,0.0,79.47,175.67
75.6,41.285,5.525,1587.86,0.16,4.51,0.0,79.46,175.69
75.64,41.348,5.536,1587.42,0.16,4.47,0.0,79.45,175.7
75.7,41.441,5.553,1586.75,0.16,4.41,0.0,79.45,175.71
75.76,41.535,5.569,1586.09,0.16,4.35,0.0,79.44,175.73
75.8,41.597,5.58,1585.65,0.16,4.31,0.0,79.43,175.75
75.84,41.66,5.592,1585.21,0.16,4.27,0.0,79.43,175.76
75.9,41.754,5.608,1584.56,0.15,4.21,0.0,79.42,175.78
75.94,41.816,5.619,1584.12,0.15,4.17,0.0,79.42,175.8
76.0,41.909,5.636,1583.46,0.15,4.11,0.0,79.41,175.83
76.06,42.003,5.653,1582.81,0.15,4.05,0.0,79.41,175.86
76.1,42.065,5.664,1582.37,0.15,4.01,0.0,79.4,175.88
76.14,42.128,5.675,1581.94,0.14,3.98,0.0,79.4,175.9
76.2,42.221,5.691,1581.29,0.14,3.92,0.0,79.39,175.93
76.24,42.283,5.702,1580.85,0.14,3.88,0.0,79.38,175.96
76.3,42.376,5.719,1580.2,0.14,3.83,0.0,79.38,175.99
76.34,42.439,5.73,1579.77,0.14,3.79,0.0,79.37,176.02
76.4,42.532,5.747,1579.12,0.14,3.74,0.0,79.37,176.05
76.46,42.625,5.763,1578.47,0.13,3.69,0.0,79.36,176.09
76.5,42.687,5.774,1578.04,0.13,3.66,0.0,79.36,176.12
76.56,42.78,5.791,1577.4,0.13,3.6,0.0,79.35,176.16
76.6,42.843,5.802,1576.97,0.13,3.57,0.0,79.35,176.19
76.64,42.905,5.813,1576.54,0.13,3.54,0.0,79.34,176.22
76.7,42.998,5.83,1575.89,0.13,3.49,0.0,79.34,176.27
76.76,43.091,5.846,1575.25,0.13,3.44,0.0,79.33,176.31
76.8,43.153,5.858,1574.83,0.12,3.41,0.0,79.33,176.34
76.86,43.246,5.874,1574.19,0.12,3.36,0.0,79.32,176.39
76.9,43.308,5.885,1573.76,0.12,3.33,0.0,79.32,176.42
76.96,43.401,5.902,1573.12,0.12,3.29,0.0,79.31,176.47
77.0,43.462,5.913,1572.69,0.12,3.26,0.0,79.31,176.5
77.06,43.555,5.93,1572.06,0.12,3.21,0.0,79.3,176.55
77.1,43.617,5.941,1571.63,0.12,3.18,0.0,79.3,176.59
77.16,43.71,5.963,1571.0,0.11,3.14,0.0,79.29,176.65
77.2,43.772,5.974,1570.57,0.11,3.11,0.0,79.29,176.69
77.26,43.865,5.991,1569.94,0.11,3.07,0.0,79.29,176.74
77.3,43.926,6.002,1569.52,0.11,3.04,0.0,79.28,176.78
77.36,44.019,6.018,1568.89,0.11,3.0,0.0,79.28,176.83
77.4,44.081,6.029,1568.46,0.11,2.97,0.0,79.27,176.86
77.46,44.173,6.046,1567.83,0.11,2.93,0.0,79.27,176.91
77.5,44.235,6.057,1567.41,0.11,2.91,0.0,79.27,176.95
77.56,44.328,6.074,1566.78,0.1,2.87,0.0,79.26,177.0
77.62,44.42,6.09,1566.15,0.1,2.83,0.0,79.26,177.05
77.66,44.482,6.101,1565.74,0.1,2.8,0.0,79.26,177.09
77.72,44.574,6.118,1565.11,0.1,2.77,0.0,79.25,177.14
77.76,44.636,6.129,1564.69,0.1,2.74,0.0,79.25,177.18
77.82,44.728,6.146,1564.06,0.1,2.71,0.0,79.25,177.23
77.86,44.79,6.157,1563.65,0.1,2.68,0.0,79.24,177.26
77.92,44.882,6.173,1563.02,0.1,2.65,0.0,79.24,177.32
77.96,44.943,6.184,1562.61,0.09,2.62,0.0,79.24,177.35
78.02,45.036,6.201,1561.98,0.09,2.59,0.0,79.24,177.4
78.06,45.097,6.212,1561.57,0.09,2.56,0.0,79.23,177.43
78.12,45.189,6.229,1560.94,0.09,2.53,0.0,79.23,177.48
78.16,45.251,6.24,1560.53,0.09,2.51,0.0,79.23,177.52
78.22,45.343,6.256,1559.91,0.09,2.47,0.0,79.23,177.57
78.26,45.404,6.267,1559.49,0.09,2.45,0.0,79.22,177.6
78.32,45.496,6.284,1558.87,0.09,2.42,0.0,79.22,177.65
78.36,45.557,6.295,1558.46,0.09,2.4,0.0,79.22,177.66
78.42,45.649,6.312,1557.84,0.09,2.37,0.0,79.22,177.73
78.46,45.711,6.317,1557.43,0.08,2.35,0.0,79.22,177.74
78.52,45.803,6.339,1556.81,0.08,2.31,0.0,79.21,177.81
78.56,45.864,6.35,1556.4,0.08,2.29,0.0,79.21,177.84
78.62,45.956,6.367,1555.78,0.08,2.26,0.0,79.21,177.88
78.66,46.017,6.378,1555.37,0.08,2.24,0.0,79.21,177.91
78.72,46.109,6.395,1554.76,0.08,2.22,0.0,79.21,177.95
78.76,46.17,6.406,1554.35,0.08,2.2,0.0,79.21,177.98
78.82,46.262,6.422,1553.73,0.08,2.17,0.0,79.2,178.02
78.86,46.323,6.433,1553.32,0.08,2.15,0.0,79.2,178.04
78.92,46.414,6.45,1552.71,0.08,2.12,0.0,79.2,178.09
78.96,46.476,6.461,1552.3,0.08,2.1,0.0,79.2,178.12
79.02,46.567,6.478,1551.69,0.07,2.07,0.0,79.2,178.15
79.06,46.628,6.489,1551.28,0.07,2.06,0.0,79.2,178.18
79.12,46.72,6.505,1550.67,0.07,2.03,0.0,79.2,178.22
79.16,46.781,6.516,1550.26,0.07,2.01,0.0,79.2,178.24
79.22,46.872,6.533,1549.65,0.07,1.99,0.0,79.2,178.28
79.26,46.933,6.544,1549.25,0.07,1.97,0.0,79.19,178.3
79.32,47.025,6.561,1548.64,0.07,1.94,0.0,79.19,178.33
79.36,47.085,6.572,1548.23,0.07,1.93,0.0,79.19,178.35
79.42,47.177,6.588,1547.62,0.07,1.9,0.0,79.19,178.38
79.48,47.268,6.605,1547.01,0.07,1.88,0.0,79.19,178.41
79.52,47.329,6.616,1546.61,0.07,1.86,0.0,79.19,178.43
79.58,47.42,6.632,1546.0,0.07,1.84,0.0,79.19,178.46
79.62,47.481,6.643,1545.6,0.06,1.82,0.0,79.19,178.48
79.68,47.572,6.66,1544.99,0.06,1.8,0.0,79.19,178.51
79.72,47.633,6.671,1544.59,0.06,1.78,0.0,79.19,178.52
79.78,47.724,6.688,1543.98,0.06,1.76,0.0,79.19,178.55
79.82,47.785,6.699,1543.58,0.06,1.75,0.0,79.19,178.56
79.88,47.876,6.715,1542.98,0.06,1.72,0.0,79.19,178.58
79.92,47.937,6.726,1542.57,0.06,1.71,0.0,79.19,178.6
79.98,48.028,6.743,1541.97,0.06,1.69,0.0,79.19,178.62
80.04,48.119,6.76,1541.37,0.06,1.67,0.0,79.19,178.64
80.08,48.179,6.771,1540.96,0.06,1.65,0.0,79.19,178.65
80.14,48.27,6.787,1540.36,0.06,1.63,0.0,79.19,178.67
80.18,48.331,6.798,1539.96,0.06,1.62,0.0,79.19,178.68
80.24,48.422,6.815,1539.36,0.06,1.6,0.0,79.19,178.69
80.28,48.482,6.826,1538.96,0.06,1.58,0.0,79.19,178.7
80.34,48.573,6.842,1538.36,0.05,1.56,0.0,79.19,178.71
80.38,48.633,6.853,1537.96,0.05,1.55,0.0,79.19,178.72
80.44,48.724,6.87,1537.36,0.05,1.53,0.0,79.19,178.73
80.48,48.785,6.881,1536.96,0.05,1.52,0.0,79.19,178.74
80.54,48.875,6.898,1536.36,0.05,1.5,0.0,79.19,178.75
80.58,48.936,6.909,1535.96,0.05,1.49,0.0,79.19,178.75
80.64,49.026,6.925,1535.36,0.05,1.47,0.0,79.19,178.76
80.68,49.087,6.936,1534.96,0.05,1.46,0.0,79.19,178.76
80.74,49.177,6.953,1534.36,0.05,1.44,0.0,79.19,178.77
80.78,49.238,6.964,1533.96,0.05,1.43,0.0,79.19,178.77
80.84,49.328,6.981,1533.37,0.05,1.41,0.0,79.19,178.77
80.88,49.388,6.992,1532.97,0.05,1.4,0.0,79.19,178.77
80.94,49.479,7.008,1532.37,0.05,1.38,0.0,79.19,178.77
80.98,49.539,7.019,1531.98,0.05,1.37,0.0,79.19,178.77
81.04,49.629,7.036,1531.38,0.05,1.35,0.0,79.19,178.77
81.08,49.69,7.047,1530.98,0.05,1.34,0.0,79.19,178.77
81.14,49.78,7.063,1530.39,0.05,1.33,0.0,79.19,178.77
81.18,49.84,7.074,1529.99,0.05,1.32,0.0,79.19,178.77
81.24,49.93,7.091,1529.39,0.04,1.3,0.0,79.19,178.76
81.28,49.991,7.102,1529.0,0.04,1.29,0.0,79.19,178.76
81.34,50.081,7.119,1528.4,0.04,1.27,0.0,79.19,178.75
81.38,50.141,7.13,1528.01,0.04,1.26,0.0,79.19,178.75
81.44,50.231,7.146,1527.41,0.04,1.25,0.0,79.19,178.74
81.48,50.291,7.157,1527.02,0.04,1.24,0.0,79.19,178.73
81.54,50.381,7.174,1526.42,0.04,1.22,0.0,79.19,178.72
81.58,50.441,7.185,1526.03,0.04,1.21,0.0,79.2,178.72
81.64,50.531,7.201,1525.43,0.04,1.2,0.0,79.2,178.71
81.7,50.621,7.218,1524.84,0.04,1.18,0.0,79.2,178.69
81.74,50.681,7.229,1524.45,0.04,1.17,0.0,79.2,178.68
81.8,50.771,7.246,1523.85,0.04,1.16,0.0,79.2,178.67
81.84,50.831,7.251,1523.46,0.04,1.15,0.0,79.2,178.67
81.9,50.921,7.268,1522.87,0.04,1.14,0.0,79.2,178.65
81.94,50.981,7.279,1522.47,0.04,1.13,0.0,79.2,178.64
82.0,51.07,7.295,1521.88,0.04,1.11,0.0,79.2,178.62
82.04,51.13,7.306,1521.49,0.04,1.1,0.0,79.2,178.61
82.08,51.19,7.317,1521.09,0.04,1.1,0.0,79.2,178.6
82.14,51.28,7.334,1520.5,0.04,1.08,0.0,79.2,178.58
82.2,51.369,7.351,1519.91,0.04,1.07,0.0,79.2,178.56
82.24,51.429,7.362,1519.51,0.04,1.06,0.0,79.2,178.55
82.3,51.519,7.378,1518.92,0.04,1.05,0.0,79.2,178.53
82.34,51.578,7.389,1518.53,0.04,1.04,0.0,79.2,178.51
82.4,51.668,7.406,1517.94,0.04,1.03,0.0,79.2,178.49
82.44,51.728,7.417,1517.55,0.04,1.02,0.0,79.2,178.48
82.5,51.817,7.433,1516.96,0.04,1.01,0.0,79.2,178.45
82.54,51.877,7.444,1516.56,0.04,1.0,0.0,79.2,178.44
82.6,51.966,7.461,1515.97,0.04,0.99,0.0,79.2,178.41
82.66,52.056,7.477,1515.39,0.04,0.98,0.0,79.2,178.39
82.7,52.115,7.488,1514.99,0.04,0.97,0.0,79.2,178.37
82.74,52.175,7.5,1514.6,0.04,0.96,0.0,79.2,178.36
82.8,52.264,7.516,1514.01,0.03,0.95,0.0,79.2,178.33
82.84,52.324,7.527,1513.62,0.03,0.94,0.0,79.2,178.31
82.9,52.413,7.544,1513.03,0.03,0.93,0.0,79.2,178.28
82.94,52.472,7.555,1512.64,0.03,0.92,0.0,79.2,178.27
83.0,52.562,7.571,1512.05,0.03,0.91,0.0,79.2,178.24
83.06,52.651,7.588,1511.46,0.03,0.9,0.0,79.19,178.21
83.1,52.71,7.599,1511.07,0.03,0.89,0.0,79.19,178.19
83.14,52.769,7.61,1510.68,0.03,0.89,0.0,79.19,178.17
83.2,52.859,7.626,1510.09,0.03,0.88,0.0,79.19,178.14
83.24,52.918,7.637,1509.7,0.03,0.87,0.0,79.19,178.12
83.3,53.007,7.654,1509.11,0.03,0.86,0.0,79.19,178.09
83.36,53.096,7.671,1508.52,0.03,0.85,0.0,79.19,178.06
83.4,53.155,7.682,1508.13,0.03,0.84,0.0,79.19,178.04
83.46,53.244,7.698,1507.55,0.03,0.83,0.0,79.19,178.01
83.5,53.303,7.709,1507.16,0.03,0.83,0.0,79.19,177.98
83.54,53.363,7.726,1506.76,0.03,0.82,0.0,79.19,177.95
83.6,53.451,7.737,1506.18,0.03,0.81,0.0,79.19,177.93
83.64,53.511,7.753,1505.79,0.03,0.8,0.0,79.19,177.9
83.7,53.599,7.77,1505.2,0.03,0.79,0.0,79.19,177.87
83.76,53.688,7.786,1504.62,0.03,0.79,0.0,79.18,177.83
83.82,53.777,7.803,1504.03,0.03,0.78,0.0,79.18,177.81
83.86,53.836,7.814,1503.64,0.03,0.77,0.0,79.18,177.78
83.9,53.895,7.825,1503.25,0.03,0.76,0.0,79.18,177.75
83.96,53.984,7.836,1502.67,0.03,0.76,0.0,79.18,177.73
84.0,54.043,7.847,1502.28,0.03,0.75,0.0,79.18,177.71
84.06,54.131,7.864,1501.69,0.03,0.74,0.0,79.18,177.67
84.12,54.22,7.88,1501.11,0.03,0.73,0.0,79.18,177.64
84.16,54.279,7.891,1500.72,0.03,0.73,0.0,79.17,177.62
84.22,54.367,7.908,1500.13,0.03,0.72,0.0,79.17,177.58
84.26,54.426,7.919,1499.74,0.03,0.71,0.0,79.17,177.56
84.3,54.485,7.93,1499.35,0.03,0.71,0.0,79.17,177.53
84.36,54.573,7.946,1498.77,0.03,0.7,0.0,79.17,177.5
84.4,54.632,7.957,1498.38,0.03,0.69,0.0,79.17,177.47
84.46,54.721,7.974,1497.8,0.03,0.69,0.0,79.17,177.44
84.52,54.809,7.99,1497.21,0.03,0.68,0.0,79.16,177.4
84.56,54.868,8.001,1496.82,0.03,0.67,0.0,79.16,177.38
84.6,54.927,8.012,1496.43,0.03,0.67,0.0,79.16,177.36
84.66,55.015,8.029,1495.85,0.03,0.66,0.0,79.16,177.32
84.72,55.103,8.045,1495.27,0.03,0.65,0.0,79.16,177.29
84.76,55.162,8.056,1494.88,0.03,0.65,0.0,79.16,177.26
84.82,55.25,8.073,1494.3,0.03,0.64,0.0,79.15,177.23
84.86,55.309,8.084,1493.91,0.03,0.64,0.0,79.15,177.2
84.9,55.367,8.095,1493.52,0.03,0.63,0.0,79.15,177.18
84.96,55.455,8.112,1492.94,0.03,0.62,0.0,79.15,177.14
85.02,55.543,8.128,1492.35,0.02,0.62,0.0,79.14,177.11
85.06,55.602,8.139,1491.97,0.02,0.61,0.0,79.14,177.08
85.12,55.69,8.156,1491.38,0.02,0.6,0.0,79.14,177.05
85.18,55.778,8.172,1490.8,0.02,0.6,0.0,79.14,177.01
85.22,55.836,8.183,1490.42,0.02,0.59,0.0,79.14,176.99
85.26,55.895,8.194,1490.03,0.02,0.59,0.0,79.13,176.97
85.32,55.983,8.211,1489.45,0.02,0.58,0.0,79.13,176.93
85.36,56.041,8.222,1489.06,0.02,0.58,0.0,79.13,176.91
85.42,56.129,8.238,1488.48,0.02,0.57,0.0,79.13,176.87
85.48,56.217,8.255,1487.9,0.02,0.56,0.0,79.12,176.84
85.52,56.275,8.266,1487.51,0.02,0.56,0.0,79.12,176.81
85.56,56.334,8.277,1487.12,0.02,0.56,0.0,79.12,176.79
85.62,56.421,8.293,1486.54,0.02,0.55,0.0,79.12,176.76
85.66,56.48,8.304,1486.15,0.02,0.55,0.0,79.11,176.73
85.72,56.567,8.326,1485.57,0.02,0.54,0.0,79.11,176.7
85.76,56.626,8.337,1485.19,0.02,0.54,0.0,79.11,176.66
85.82,56.713,8.354,1484.6,0.02,0.53,0.0,79.1,176.63
85.86,56.771,8.365,1484.22,0.02,0.53,0.0,79.1,176.61
85.92,56.859,8.376,1483.64,0.02,0.52,0.0,79.1,176.59
85.98,56.946,8.393,1483.06,0.02,0.51,0.0,79.1,176.55
86.02,57.005,8.404,1482.67,0.02,0.51,0.0,79.09,176.53
86.08,57.092,8.42,1482.09,0.02,0.5,0.0,79.09,176.5
86.12,57.15,8.431,1481.7,0.02,0.5,0.0,79.09,176.47
86.16,57.208,8.442,1481.32,0.02,0.5,0.0,79.09,176.45
86.22,57.296,8.459,1480.74,0.02,0.49,0.0,79.08,176.42
86.26,57.354,8.47,1480.35,0.02,0.49,0.0,79.08,176.4
86.32,57.441,8.486,1479.77,0.02,0.48,0.0,79.08,176.37
86.38,57.528,8.503,1479.19,0.02,0.48,0.0,79.07,176.33
86.42,57.586,8.514,1478.81,0.02,0.47,0.0,79.07,176.31
86.48,57.673,8.53,1478.23,0.02,0.47,0.0,79.07,176.28
86.52,57.731,8.541,1477.84,0.02,0.46,0.0,79.06,176.26
86.58,57.819,8.558,1477.26,0.02,0.46,0.0,79.06,176.23
86.62,57.877,8.569,1476.88,0.02,0.45,0.0,79.06,176.21
86.68,57.964,8.585,1476.3,0.02,0.45,0.0,79.05,176.18
86.72,58.022,8.596,1475.91,0.02,0.45,0.0,79.05,176.16
86.78,58.108,8.613,1475.33,0.02,0.44,0.0,79.05,176.13
86.82,58.166,8.624,1474.95,0.02,0.44,0.0,79.04,176.11
86.88,58.253,8.64,1474.37,0.02,0.43,0.0,79.04,176.08
86.94,58.34,8.657,1473.79,0.02,0.43,0.0,79.03,176.05
86.98,58.398,8.668,1473.41,0.02,0.42,0.0,79.03,176.03
87.02,58.456,8.679,1473.02,0.02,0.42,0.0,79.03,176.01
87.08,58.543,8.695,1472.44,0.02,0.42,0.0,79.02,175.98
87.12,58.601,8.706,1472.06,0.02,0.41,0.0,79.02,175.96
87.18,58.687,8.723,1471.48,0.02,0.41,0.0,79.02,175.94
87.24,58.774,8.739,1470.9,0.02,0.4,0.0,79.01,175.91
87.28,58.832,8.75,1470.52,0.02,0.4,0.0,79.01,175.89
87.34,58.918,8.767,1469.94,0.02,0.4,0.0,79.0,175.86
87.38,58.976,8.778,1469.56,0.02,0.39,0.0,79.0,175.84
87.42,59.034,8.789,1469.17,0.02,0.39,0.0,79.0,175.83
87.48,59.12,8.805,1468.59,0.02,0.39,0.0,78.99,175.8
87.54,59.207,8.822,1468.02,0.02,0.38,0.0,78.99,175.77
87.58,59.264,8.833,1467.63,0.02,0.38,0.0,78.99,175.76
87.64,59.351,8.849,1467.06,0.02,0.37,0.0,78.98,175.73
87.68,59.408,8.86,1466.67,0.02,0.37,0.0,78.98,175.71
87.74,59.495,8.877,1466.09,0.02,0.37,0.0,78.97,175.69
87.78,59.552,8.888,1465.71,0.02,0.36,0.0,78.97,175.67
87.82,59.61,8.899,1465.33,0.02,0.36,0.0,78.97,175.66
87.88,59.696,8.915,1464.75,0.02,0.36,0.0,78.96,175.63
87.94,59.783,8.932,1464.17,0.02,0.35,0.0,78.96,175.61
87.98,59.84,8.943,1463.79,0.02,0.35,0.0,78.95,175.59
88.04,59.926,8.959,1463.21,0.02,0.35,0.0,78.95,175.57
88.08,59.984,8.97,1462.83,0.02,0.34,0.0,78.94,175.55
88.14,60.07,8.987,1462.25,0.02,0.34,0.0,78.94,175.53
88.18,60.127,8.998,1461.87,0.02,0.34,0.0,78.94,175.52
88.22,60.185,9.009,1461.48,0.02,0.33,0.0,78.93,175.5
88.28,60.271,9.026,1460.91,0.02,0.33,0.0,78.93,175.48
88.34,60.357,9.042,1460.33,0.02,0.33,0.0,78.92,175.46
88.38,60.414,9.053,1459.95,0.02,0.32,0.0,78.92,175.45
88.44,60.5,9.07,1459.37,0.02,0.32,0.0,78.91,175.42
88.48,60.557,9.081,1458.99,0.02,0.32,0.0,78.91,175.41
88.54,60.643,9.097,1458.41,0.02,0.31,0.0,78.9,175.39
88.6,60.729,9.114,1457.84,0.02,0.31,0.0,78.9,175.37
88.64,60.786,9.125,1457.45,0.02,0.31,0.0,78.9,175.36
88.68,60.844,9.136,1457.07,0.02,0.31,0.0,78.89,175.34
88.74,60.929,9.152,1456.5,0.01,0.3,0.0,78.89,175.33
88.78,60.987,9.163,1456.11,0.01,0.3,0.0,78.88,175.31
88.84,61.072,9.18,1455.54,0.01,0.3,0.0,78.88,175.29
88.88,61.129,9.191,1455.15,0.01,0.29,0.0,78.87,175.28
88.94,61.215,9.207,1454.58,0.01,0.29,0.0,78.87,175.26
89.0,61.301,9.223,1454.0,0.01,0.29,0.0,78.86,175.25
89.04,61.358,9.234,1453.62,0.01,0.29,0.0,78.86,175.24
89.1,61.443,9.251,1453.05,0.01,0.28,0.0,78.85,175.22
89.14,61.501,9.262,1452.66,0.01,0.28,0.0,78.85,175.21
89.18,61.558,9.273,1452.28,0.01,0.28,0.0,78.85,175.2
89.24,61.643,9.289,1451.71,0.01,0.27,0.0,78.84,175.18
89.3,61.729,9.306,1451.13,0.01,0.27,0.0,78.84,175.16
89.34,61.785,9.317,1450.75,0.01,0.27,0.0,78.83,175.15
89.4,61.871,9.333,1450.17,0.01,0.27,0.0,78.83,175.14
89.44,61.928,9.344,1449.79,0.01,0.26,0.0,78.82,175.13
89.5,62.013,9.361,1449.22,0.01,0.26,0.0,78.82,175.11
89.54,62.07,9.372,1448.83,0.01,0.26,0.0,78.81,175.1
89.6,62.155,9.388,1448.26,0.01,0.26,0.0,78.81,175.09
89.64,62.212,9.399,1447.88,0.01,0.25,0.0,78.8,175.08
89.7,62.297,9.416,1447.3,0.01,0.25,0.0,78.8,175.07
89.74,62.354,9.427,1446.92,0.01,0.25,0.0,78.79,175.06
89.8,62.439,9.443,1446.35,0.01,0.25,0.0,78.79,175.05
89.84,62.496,9.454,1445.96,0.01,0.24,0.0,78.78,175.04
89.9,62.581,9.471,1445.39,0.01,0.24,0.0,78.78,175.02
89.94,62.638,9.482,1445.01,0.01,0.24,0.0,78.77,175.02
90.0,62.723,9.498,1444.44,0.01,0.24,0.0,78.77,175.0
90.04,62.78,9.509,1444.05,0.01,0.23,0.0,78.76,175.0
90.1,62.865,9.526,1443.48,0.01,0.23,0.0,78.76,174.99
90.14,62.921,9.537,1443.1,0.01,0.23,0.0,78.75,174.98
90.2,63.006,9.553,1442.52,0.01,0.23,0.0,78.75,174.97
90.26,63.091,9.57,1441.95,0.01,0.22,0.0,78.74,174.96
90.3,63.148,9.581,1441.57,0.01,0.22,0.0,78.74,174.95
90.36,63.233,9.597,1441.0,0.01,0.22,0.0,78.73,174.94
90.4,63.289,9.608,1440.61,0.01,0.22,0.0,78.73,174.93
90.44,63.346,9.619,1440.23,0.01,0.22,0.0,78.72,174.93
90.5,63.431,9.636,1439.66,0.01,0.21,0.0,78.72,174.92
90.54,63.487,9.647,1439.28,0.01,0.21,0.0,78.71,174.91
90.6,63.572,9.663,1438.71,0.01,0.21,0.0,78.71,174.9
90.66,63.656,9.68,1438.13,0.01,0.21,0.0,78.7,174.89
90.7,63.713,9.691,1437.75,0.01,0.21,0.0,78.7,174.89
90.76,63.798,9.707,1437.18,0.01,0.2,0.0,78.69,174.88
90.8,63.854,9.718,1436.8,0.01,0.2,0.0,78.69,174.88
90.86,63.938,9.735,1436.22,0.01,0.2,0.0,78.68,174.87
90.9,63.995,9.746,1435.84,0.01,0.2,0.0,78.68,174.86
90.96,64.079,9.762,1435.27,0.01,0.2,0.0,78.67,174.86
91.0,64.136,9.773,1434.89,0.01,0.19,0.0,78.67,174.85
91.04,64.192,9.784,1434.51,0.01,0.19,0.0,78.66,174.85
91.1,64.276,9.801,1433.94,0.01,0.19,0.0,78.66,174.84
91.16,64.361,9.817,1433.36,0.01,0.19,0.0,78.65,174.83
91.2,64.417,9.828,1432.98,0.01,0.19,0.0,78.65,174.83
91.26,64.501,9.845,1432.41,0.01,0.18,0.0,78.64,174.82
91.3,64.558,9.856,1432.03,0.01,0.18,0.0,78.64,174.82
91.34,64.614,9.866,1431.65,0.01,0.18,0.0,78.63,174.82
91.4,64.698,9.883,1431.08,0.01,0.18,0.0,78.63,174.81
91.46,64.782,9.899,1430.5,0.01,0.18,0.0,78.62,174.81
91.5,64.838,9.91,1430.12,0.01,0.18,0.0,78.62,174.8
91.56,64.922,9.927,1429.55,0.01,0.17,0.0,78.61,174.8
91.62,65.007,9.943,1428.98,0.01,0.17,0.0,78.61,174.8
91.66,65.063,9.954,1428.6,0.01,0.17,0.0,78.6,174.79
91.7,65.119,9.965,1428.22,0.01,0.17,0.0,78.6,174.79
91.76,65.203,9.982,1427.65,0.01,0.17,0.0,78.59,174.79
91.8,65.259,9.993,1427.27,0.01,0.17,0.0,78.59,174.79
91.86,65.343,10.009,1426.7,0.01,0.16,0.0,78.58,174.78
91.9,65.399,10.02,1426.31,0.01,0.16,0.0,78.58,174.78
91.96,65.483,10.037,1425.74,0.01,0.16,0.0,78.57,174.78
92.0,65.539,10.048,1425.36,0.01,0.16,0.0,78.57,174.78
92.06,65.622,10.064,1424.79,0.01,0.16,0.0,78.56,174.77
92.12,65.706,10.086,1424.22,0.01,0.15,0.0,78.55,174.77
92.16,65.762,10.097,1423.84,0.01,0.15,0.0,78.55,174.77
92.22,65.846,10.114,1423.27,0.01,0.15,0.0,78.54,174.77
92.26,65.902,10.125,1422.89,0.01,0.15,0.0,78.54,174.77
92.32,65.985,10.141,1422.32,0.01,0.15,0.0,78.53,174.77
92.36,66.041,10.152,1421.94,0.01,0.15,0.0,78.53,174.77
92.42,66.125,10.169,1421.37,0.01,0.15,0.0,78.52,174.76
92.46,66.181,10.179,1420.99,0.01,0.14,0.0,78.52,174.76
92.52,66.264,10.196,1420.42,0.01,0.14,0.0,78.51,174.76
92.56,66.32,10.207,1420.04,0.01,0.14,0.0,78.51,174.76
92.62,66.403,10.223,1419.47,0.01,0.14,0.0,78.5,174.76
92.66,66.459,10.234,1419.09,0.01,0.14,0.0,78.5,174.76
92.72,66.543,10.251,1418.52,0.01,0.14,0.0,78.49,174.76
92.76,66.598,10.262,1418.14,0.01,0.14,0.0,78.48,174.76
92.82,66.682,10.278,1417.57,0.01,0.13,0.0,78.48,174.76
92.86,66.737,10.289,1417.19,0.01,0.13,0.0,78.48,174.77
92.92,66.821,10.306,1416.62,0.01,0.13,0.0,78.47,174.77
92.96,66.876,10.317,1416.24,0.01,0.13,0.0,78.47,174.77
93.02,66.959,10.333,1415.67,0.01,0.13,0.0,78.46,174.77
93.06,67.015,10.344,1415.29,0.01,0.13,0.0,78.46,174.77
93.12,67.098,10.361,1414.72,0.01,0.13,0.0,78.45,174.77
93.18,67.181,10.377,1414.15,0.01,0.12,0.0,78.44,174.77
93.22,67.237,10.388,1413.77,0.01,0.12,0.0,78.44,174.77
93.28,67.32,10.405,1413.2,0.01,0.12,0.0,78.43,174.78
93.32,67.375,10.415,1412.82,0.01,0.12,0.0,78.43,174.78
93.38,67.459,10.432,1412.25,0.01,0.12,0.0,78.42,174.78
93.42,67.514,10.437,1411.87,0.01,0.12,0.0,78.42,174.78
93.48,67.597,10.454,1411.3,0.01,0.12,0.0,78.41,174.78
93.52,67.652,10.465,1410.92,0.01,0.12,0.0,78.41,174.78
93.58,67.735,10.481,1410.35,0.01,0.11,0.0,78.4,174.79
93.62,67.791,10.492,1409.97,0.01,0.11,0.0,78.4,174.79
93.68,67.874,10.509,1409.4,0.01,0.11,0.0,78.39,174.79
93.72,67.929,10.52,1409.02,0.01,0.11,0.0,78.39,174.79
93.76,67.984,10.531,1408.64,0.01,0.11,0.0,78.38,174.8
93.82,68.067,10.547,1408.07,0.01,0.11,0.0,78.38,174.8
93.88,68.15,10.564,1407.5,0.01,0.11,0.0,78.37,174.8
93.92,68.205,10.575,1407.12,0.01,0.11,0.0,78.37,174.81
93.98,68.288,10.591,1406.55,0.01,0.1,0.0,78.36,174.81
94.02,68.343,10.602,1406.18,0.01,0.1,0.0,78.36,174.81
94.08,68.425,10.618,1405.61,0.01,0.1,0.0,78.35,174.82
94.12,68.481,10.629,1405.23,0.01,0.1,0.0,78.34,174.82
94.18,68.563,10.646,1404.66,0.01,0.1,0.0,78.34,174.82
94.22,68.618,10.657,1404.28,0.01,0.1,0.0,78.33,174.83
94.26,68.673,10.668,1403.9,0.01,0.1,0.0,78.33,174.83
94.32,68.756,10.684,1403.33,0.01,0.1,0.0,78.32,174.84
94.38,68.838,10.701,1402.76,0.01,0.1,0.0,78.32,174.84
94.42,68.893,10.712,1402.38,0.01,0.1,0.0,78.31,174.84
94.48,68.976,10.728,1401.82,0.01,0.09,0.0,78.31,174.85
94.52,69.031,10.739,1401.44,0.01,0.09,0.0,78.3,174.85
94.58,69.113,10.756,1400.87,0.01,0.09,0.0,78.3,174.86
94.62,69.168,10.767,1400.49,0.01,0.09,0.0,78.29,174.86
94.68,69.25,10.783,1399.92,0.01,0.09,0.0,78.29,174.87
94.72,69.305,10.794,1399.54,0.01,0.09,0.0,78.28,174.87
94.78,69.388,10.81,1398.97,0.01,0.09,0.0,78.28,174.88
94.82,69.442,10.821,1398.59,0.01,0.09,0.0,78.27,174.88
94.86,69.497,10.832,1398.22,0.01,0.09,0.0,78.27,174.89
94.94,69.607,10.854,1397.46,0.01,0.09,0.0,78.26,174.89
94.98,69.662,10.865,1397.08,0.01,0.08,0.0,78.25,174.9
95.02,69.716,10.876,1396.7,0.01,0.08,0.0,78.25,174.9
95.08,69.799,10.893,1396.13,0.01,0.08,0.0,78.24,174.91
95.12,69.853,10.904,1395.76,0.01,0.08,0.0,78.24,174.91
95.18,69.935,10.92,1395.19,0.01,0.08,0.0,78.23,174.92
95.22,69.99,10.931,1394.81,0.01,0.08,0.0,78.23,174.92
95.28,70.072,10.948,1394.24,0.01,0.08,0.0,78.22,174.93
95.32,70.127,10.959,1393.86,0.01,0.08,0.0,78.22,174.94
95.38,70.209,10.975,1393.29,0.01,0.08,0.0,78.21,174.94
95.44,70.29,10.991,1392.73,0.01,0.08,0.0,78.21,174.95
95.48,70.345,11.002,1392.35,0.01,0.08,0.0,78.2,174.95
95.54,70.427,11.019,1391.78,0.01,0.08,0.0,78.2,174.96
95.58,70.481,11.03,1391.4,0.01,0.07,0.0,78.19,174.97
95.62,70.536,11.041,1391.02,0.01,0.07,0.0,78.19,174.97
95.68,70.618,11.057,1390.46,0.01,0.07,0.0,78.18,174.98
95.74,70.699,11.074,1389.89,0.01,0.07,0.0,78.18,174.99
95.78,70.754,11.085,1389.51,0.01,0.07,0.0,78.17,174.99
95.84,70.836,11.101,1388.94,0.01,0.07,0.0,78.17,175.0
95.88,70.89,11.112,1388.57,0.01,0.07,0.0,78.16,175.01
95.88,70.89,11.112,1388.57,0.01,0.07,0.0,78.16,175.01
95.96,70.999,11.134,1387.81,0.01,0.07,0.0,78.15,175.02
96.0,71.053,11.145,1387.43,0.01,0.07,0.0,78.15,175.02
96.06,71.135,11.161,1386.86,0.01,0.07,0.0,78.14,175.03
96.1,71.189,11.172,1386.49,0.01,0.07,0.0,78.14,175.04
96.16,71.271,11.189,1385.92,0.01,0.07,0.0,78.13,175.04
96.2,71.325,11.2,1385.54,0.01,0.07,0.0,78.13,175.05
96.26,71.406,11.216,1384.97,0.01,0.06,0.0,78.12,175.06
96.32,71.488,11.233,1384.41,0.01,0.06,0.0,78.12,175.07
96.36,71.542,11.244,1384.03,0.01,0.06,0.0,78.11,175.07
96.42,71.623,11.26,1383.46,0.01,0.06,0.0,78.11,175.08
96.46,71.678,11.271,1383.09,0.01,0.06,0.0,78.1,175.09
96.52,71.759,11.287,1382.52,0.01,0.06,0.0,78.1,175.1
96.56,71.813,11.298,1382.14,0.01,0.06,0.0,78.09,175.1
96.62,71.894,11.315,1381.57,0.01,0.06,0.0,78.08,175.11
96.66,71.948,11.326,1381.2,0.01,0.06,0.0,78.08,175.12
96.72,72.029,11.342,1380.63,0.01,0.06,0.0,78.07,175.13
96.76,72.084,11.353,1380.25,0.01,0.06,0.0,78.07,175.13
96.82,72.165,11.37,1379.69,0.01,0.06,0.0,78.06,175.14
96.86,72.219,11.381,1379.31,0.01,0.06,0.0,78.06,175.15
96.92,72.3,11.397,1378.74,0.01,0.06,0.0,78.05,175.16
96.96,72.354,11.408,1378.36,0.01,0.06,0.0,78.05,175.16
97.02,72.435,11.424,1377.8,0.01,0.05,0.0,78.04,175.17
97.06,72.489,11.435,1377.42,0.01,0.05,0.0,78.04,175.18
97.12,72.57,11.452,1376.85,0.01,0.05,0.0,78.03,175.19
97.18,72.651,11.468,1376.29,0.01,0.05,0.0,78.03,175.2
97.22,72.704,11.479,1375.91,0.01,0.05,0.0,78.02,175.21
97.28,72.785,11.496,1375.34,0.01,0.05,0.0,78.02,175.22
97.32,72.839,11.507,1374.97,0.01,0.05,0.0,78.01,175.22
97.38,72.92,11.523,1374.4,0.0,0.05,0.0,78.01,175.23
97.42,72.974,11.534,1374.02,0.0,0.05,0.0,78.0,175.24
97.46,73.028,11.545,1373.65,0.0,0.05,0.0,78.0,175.25
97.52,73.108,11.561,1373.08,0.0,0.05,0.0,77.99,175.26
97.56,73.162,11.572,1372.7,0.0,0.05,0.0,77.99,175.26
97.62,73.243,11.589,1372.14,0.0,0.05,0.0,77.98,175.27
97.68,73.323,11.605,1371.57,0.0,0.05,0.0,77.98,175.28
97.72,73.377,11.616,1371.19,0.0,0.05,0.0,77.97,175.29
97.78,73.458,11.633,1370.63,0.0,0.05,0.0,77.97,175.3
97.82,73.511,11.644,1370.25,0.0,0.05,0.0,77.96,175.31
97.88,73.592,11.66,1369.68,0.0,0.05,0.0,77.96,175.32
97.92,73.645,11.671,1369.31,0.0,0.04,0.0,77.95,175.32
97.98,73.726,11.687,1368.74,0.0,0.04,0.0,77.95,175.34
98.02,73.779,11.698,1368.36,0.0,0.04,0.0,77.94,175.34
98.08,73.86,11.715,1367.8,0.0,0.04,0.0,77.94,175.35
98.12,73.913,11.726,1367.42,0.0,0.04,0.0,77.93,175.36
98.18,73.994,11.742,1366.86,0.0,0.04,0.0,77.93,175.37
98.22,74.047,11.753,1366.48,0.0,0.04,0.0,77.92,175.38
98.28,74.128,11.769,1365.91,0.0,0.04,0.0,77.92,175.39
98.32,74.181,11.78,1365.54,0.0,0.04,0.0,77.91,175.4
98.38,74.261,11.797,1364.97,0.0,0.04,0.0,77.91,175.41
98.42,74.315,11.808,1364.59,0.0,0.04,0.0,77.9,175.41
98.48,74.395,11.824,1364.03,0.0,0.04,0.0,77.9,175.42
98.54,74.475,11.841,1363.46,0.0,0.04,0.0,77.89,175.44
98.58,74.528,11.852,1363.09,0.0,0.04,0.0,77.89,175.44
98.64,74.608,11.868,1362.52,0.0,0.04,0.0,77.88,175.45
98.68,74.662,11.879,1362.15,0.0,0.04,0.0,77.88,175.46
98.74,74.742,11.895,1361.58,0.0,0.04,0.0,77.87,175.47
98.78,74.795,11.906,1361.2,0.0,0.04,0.0,77.87,175.48
98.82,74.848,11.917,1360.83,0.0,0.04,0.0,77.86,175.49
98.88,74.928,11.934,1360.26,0.0,0.04,0.0,77.86,175.5
98.92,74.982,11.945,1359.88,0.0,0.04,0.0,77.85,175.51
98.98,75.061,11.961,1359.32,0.0,0.04,0.0,77.85,175.52
99.02,75.115,11.972,1358.94,0.0,0.04,0.0,77.84,175.52
99.08,75.194,11.988,1358.38,0.0,0.03,0.0,77.83,175.54
99.14,75.274,12.005,1357.81,0.0,0.03,0.0,77.83,175.55
99.18,75.327,12.016,1357.44,0.0,0.03,0.0,77.82,175.55
99.24,75.407,12.032,1356.87,0.0,0.03,0.0,77.82,175.57
99.28,75.46,12.043,1356.49,0.0,0.03,0.0,77.81,175.57
99.34,75.54,12.06,1355.93,0.0,0.03,0.0,77.81,175.59
99.38,75.593,12.071,1355.55,0.0,0.03,0.0,77.8,175.59
99.44,75.673,12.087,1354.99,0.0,0.03,0.0,77.8,175.6
99.48,75.726,12.098,1354.61,0.0,0.03,0.0,77.79,175.61
99.54,75.805,12.114,1354.05,0.0,0.03,0.0,77.79,175.62
99.58,75.858,12.125,1353.67,0.0,0.03,0.0,77.78,175.63
99.64,75.938,12.142,1353.11,0.0,0.03,0.0,77.78,175.64
99.68,75.991,12.153,1352.73,0.0,0.03,0.0,77.77,175.65
99.74,76.07,12.169,1352.17,0.0,0.03,0.0,77.77,175.66
99.78,76.123,12.18,1351.79,0.0,0.03,0.0,77.76,175.67
99.84,76.202,12.196,1351.22,0.0,0.03,0.0,77.76,175.68
99.88,76.255,12.207,1350.85,0.0,0.03,0.0,77.75,175.69
99.94,76.334,12.224,1350.28,0.0,0.03,0.0,77.75,175.7
100.0,76.414,12.24,1349.72,0.0,0.03,0.0,77.74,175.71
100.04,76.467,12.251,1349.34,0.0,0.03,0.0,77.74,175.72
100.08,76.519,12.262,1348.97,0.0,0.03,0.0,77.73,175.73
100.14,76.599,12.279,1348.4,0.0,0.03,0.0,77.73,175.74
100.18,76.651,12.29,1348.03,0.0,0.03,0.0,77.73,175.75
100.24,76.73,12.306,1347.46,0.0,0.03,0.0,77.72,175.76
100.28,76.783,12.317,1347.09,0.0,0.03,0.0,77.72,175.77
100.34,76.862,12.333,1346.52,0.0,0.03,0.0,77.71,175.78
100.38,76.915,12.344,1346.15,0.0,0.03,0.0,77.71,175.79
100.44,76.994,12.361,1345.58,0.0,0.03,0.0,77.7,175.8
100.5,77.073,12.377,1345.02,0.0,0.03,0.0,77.69,175.81
100.54,77.126,12.388,1344.64,0.0,0.03,0.0,77.69,175.82
100.6,77.205,12.404,1344.08,0.0,0.03,0.0,77.68,175.83
100.64,77.257,12.415,1343.7,0.0,0.02,0.0,77.68,175.84
100.7,77.336,12.432,1343.14,0.0,0.02,0.0,77.67,175.85
100.74,77.389,12.443,1342.76,0.0,0.02,0.0,77.67,175.86
100.8,77.467,12.459,1342.2,0.0,0.02,0.0,77.66,175.87
100.84,77.52,12.47,1341.82,0.0,0.02,0.0,77.66,175.88
100.9,77.599,12.486,1341.26,0.0,0.02,0.0,77.65,175.89
100.94,77.651,12.497,1340.88,0.0,0.02,0.0,77.65,175.9
100.98,77.704,12.508,1340.51,0.0,0.02,0.0,77.65,175.91
101.04,77.782,12.525,1339.94,0.0,0.02,0.0,77.64,175.92
101.1,77.861,12.541,1339.38,0.0,0.02,0.0,77.63,175.93
101.14,77.913,12.552,1339.0,0.0,0.02,0.0,77.63,175.94
101.2,77.992,12.569,1338.44,0.0,0.02,0.0,77.62,175.95
101.24,78.044,12.579,1338.06,0.0,0.02,0.0,77.62,175.96
101.3,78.123,12.596,1337.5,0.0,0.02,0.0,77.61,175.97
101.34,78.175,12.607,1337.12,0.0,0.02,0.0,77.61,175.98
101.4,78.254,12.623,1336.56,0.0,0.02,0.0,77.6,175.99
101.46,78.332,12.64,1336.0,0.0,0.02,0.0,77.6,176.0
101.5,78.384,12.651,1335.62,0.0,0.02,0.0,77.59,176.01
101.54,78.437,12.662,1335.24,0.0,0.02,0.0,77.59,176.02
101.6,78.515,12.678,1334.68,0.0,0.02,0.0,77.58,176.03
101.64,78.567,12.689,1334.31,0.0,0.02,0.0,77.58,176.04
101.7,78.645,12.705,1333.74,0.0,0.02,0.0,77.57,176.05
101.74,78.698,12.716,1333.37,0.0,0.02,0.0,77.57,176.06
101.8,78.776,12.733,1332.8,0.0,0.02,0.0,77.56,176.07
101.84,78.828,12.744,1332.43,0.0,0.02,0.0,77.56,176.08
101.9,78.906,12.76,1331.86,0.0,0.02,0.0,77.56,176.09
101.94,78.958,12.771,1331.49,0.0,0.02,0.0,77.55,176.1
102.0,79.036,12.787,1330.93,0.0,0.02,0.0,77.55,176.11
102.06,79.114,12.804,1330.36,0.0,0.02,0.0,77.54,176.13
102.1,79.166,12.815,1329.99,0.0,0.02,0.0,77.54,176.14
102.16,79.244,12.831,1329.42,0.0,0.02,0.0,77.53,176.15
102.2,79.296,12.842,1329.05,0.0,0.02,0.0,77.53,176.16
102.24,79.348,12.853,1328.67,0.0,0.02,0.0,77.52,176.16
102.3,79.426,12.869,1328.11,0.0,0.02,0.0,77.52,176.18
102.34,79.478,12.88,1327.73,0.0,0.02,0.0,77.51,176.18
102.4,79.556,12.897,1327.17,0.0,0.02,0.0,77.51,176.2
102.44,79.608,12.908,1326.8,0.0,0.02,0.0,77.5,176.21
102.5,79.686,12.924,1326.23,0.0,0.02,0.0,77.5,176.22
102.56,79.764,12.94,1325.67,0.0,0.02,0.0,77.49,176.23
102.6,79.816,12.951,1325.29,0.0,0.02,0.0,77.49,176.24
102.66,79.893,12.968,1324.73,0.0,0.02,0.0,77.48,176.25
102.7,79.945,12.979,1324.36,0.0,0.02,0.0,77.48,176.26
102.76,80.023,12.995,1323.79,0.0,0.02,0.0,77.47,176.27
102.8,80.075,13.006,1323.42,0.0,0.02,0.0,77.47,176.28
102.86,80.152,13.022,1322.86,0.0,0.02,0.0,77.46,176.29
102.9,80.204,13.033,1322.48,0.0,0.02,0.0,77.46,176.3
102.96,80.282,13.05,1321.92,0.0,0.02,0.0,77.45,176.31
103.02,80.359,13.066,1321.36,0.0,0.02,0.0,77.45,176.32
103.06,80.411,13.077,1320.98,0.0,0.01,0.0,77.44,176.33
103.12,80.488,13.093,1320.42,0.0,0.01,0.0,77.44,176.35
103.16,80.54,13.104,1320.04,0.0,0.01,0.0,77.43,176.35
103.2,80.591,13.115,1319.67,0.0,0.01,0.0,77.43,176.36
103.26,80.669,13.132,1319.11,0.0,0.01,0.0,77.42,176.37
103.3,80.72,13.143,1318.73,0.0,0.01,0.0,77.42,176.38
103.36,80.798,13.159,1318.17,0.0,0.01,0.0,77.41,176.39
103.4,80.849,13.17,1317.79,0.0,0.01,0.0,77.41,176.4
103.46,80.927,13.186,1317.23,0.0,0.01,0.0,77.4,176.42
103.5,80.978,13.197,1316.86,0.0,0.01,0.0,77.4,176.42
103.56,81.055,13.214,1316.29,0.0,0.01,0.0,77.39,176.44
103.6,81.107,13.225,1315.92,0.0,0.01,0.0,77.39,176.44
103.66,81.184,13.241,1315.36,0.0,0.01,0.0,77.38,176.46
103.72,81.261,13.257,1314.79,0.0,0.01,0.0,77.38,176.47
103.76,81.313,13.268,1314.42,0.0,0.01,0.0,77.37,176.48
103.82,81.39,13.285,1313.86,0.0,0.01,0.0,77.37,176.49
103.86,81.441,13.296,1313.48,0.0,0.01,0.0,77.36,176.5
103.92,81.518,13.312,1312.92,0.0,0.01,0.0,77.36,176.51
103.96,81.569,13.323,1312.54,0.0,0.01,0.0,77.35,176.52
104.02,81.646,13.339,1311.98,0.0,0.01,0.0,77.35,176.53
104.06,81.698,13.35,1311.61,0.0,0.01,0.0,77.34,176.54
104.12,81.774,13.367,1311.05,0.0,0.01,0.0,77.34,176.55
104.16,81.826,13.378,1310.67,0.0,0.01,0.0,77.33,176.56
104.22,81.903,13.394,1310.11,0.0,0.01,0.0,77.33,176.57
104.26,81.954,13.405,1309.73,0.0,0.01,0.0,77.33,176.58
104.32,82.031,13.421,1309.17,0.0,0.01,0.0,77.32,176.59
104.36,82.082,13.432,1308.8,0.0,0.01,0.0,77.32,176.6
104.42,82.158,13.449,1308.24,0.0,0.01,0.0,77.31,176.61
104.46,82.21,13.46,1307.86,0.0,0.01,0.0,77.31,176.62
104.52,82.286,13.476,1307.3,0.0,0.01,0.0,77.3,176.63
104.56,82.337,13.487,1306.93,0.0,0.01,0.0,77.3,176.64
104.62,82.414,13.503,1306.36,0.0,0.01,0.0,77.29,176.65
104.68,82.491,13.52,1305.8,0.0,0.01,0.0,77.28,176.67
104.72,82.542,13.531,1305.43,0.0,0.01,0.0,77.28,176.68
104.76,82.593,13.541,1305.05,0.0,0.01,0.0,77.28,176.68
104.82,82.669,13.558,1304.49,0.0,0.01,0.0,77.27,176.7
104.86,82.72,13.569,1304.12,0.0,0.01,0.0,77.27,176.7
104.92,82.797,13.585,1303.56,0.0,0.01,0.0,77.26,176.72
104.96,82.847,13.596,1303.18,0.0,0.01,0.0,77.26,176.72
105.02,82.924,13.612,1302.62,0.0,0.01,0.0,77.25,176.74
105.06,82.975,13.623,1302.25,0.0,0.01,0.0,77.25,176.74
105.12,83.051,13.64,1301.68,0.0,0.01,0.0,77.24,176.76
105.18,83.127,13.656,1301.12,0.0,0.01,0.0,77.24,176.77
105.22,83.178,13.667,1300.75,0.0,0.01,0.0,77.23,176.78
105.28,83.254,13.683,1300.19,0.0,0.01,0.0,77.23,176.79
105.32,83.305,13.694,1299.81,0.0,0.01,0.0,77.22,176.8
105.36,83.356,13.705,1299.44,0.0,0.01,0.0,77.22,176.81
105.42,83.432,13.722,1298.88,0.0,0.01,0.0,77.21,176.82
105.46,83.483,13.733,1298.5,0.0,0.01,0.0,77.21,176.83
105.52,83.559,13.749,1297.94,0.0,0.01,0.0,77.2,176.84
105.58,83.635,13.765,1297.38,0.0,0.01,0.0,77.2,176.85
105.62,83.686,13.776,1297.01,0.0,0.01,0.0,77.19,176.86
105.68,83.762,13.793,1296.45,0.0,0.01,0.0,77.19,176.87
105.72,83.812,13.804,1296.07,0.0,0.01,0.0,77.18,176.88
105.78,83.888,13.82,1295.51,0.0,0.01,0.0,77.18,176.89
105.82,83.939,13.831,1295.14,0.0,0.01,0.0,77.18,176.9
105.86,83.99,13.842,1294.76,0.0,0.01,0.0,77.17,176.91
105.92,84.065,13.858,1294.2,0.0,0.01,0.0,77.17,176.92
105.98,84.141,13.875,1293.64,0.0,0.01,0.0,77.16,176.93
106.02,84.192,13.886,1293.27,0.0,0.01,0.0,77.16,176.94
106.08,84.268,13.902,1292.7,0.0,0.01,0.0,77.15,176.95
106.12,84.318,13.913,1292.33,0.0,0.01,0.0,77.15,176.96
106.18,84.394,13.929,1291.77,0.0,0.01,0.0,77.14,176.97
106.22,84.444,13.94,1291.4,0.0,0.01,0.0,77.14,176.98
106.28,84.52,13.956,1290.84,0.0,0.01,0.0,77.13,176.99
106.32,84.57,13.967,1290.46,0.0,0.01,0.0,77.13,177.0
106.38,84.646,13.984,1289.9,0.0,0.01,0.0,77.12,177.02
106.42,84.696,13.995,1289.53,0.0,0.01,0.0,77.12,177.02
106.48,84.772,14.011,1288.97,0.0,0.01,0.0,77.11,177.04
106.54,84.847,14.027,1288.41,0.0,0.01,0.0,77.11,177.05
106.58,84.898,14.038,1288.03,0.0,0.01,0.0,77.1,177.06
106.62,84.948,14.049,1287.66,0.0,0.01,0.0,77.1,177.06
106.68,85.024,14.066,1287.1,0.0,0.01,0.0,77.09,177.08
106.72,85.074,14.077,1286.72,0.0,0.01,0.0,77.09,177.08
106.78,85.149,14.093,1286.16,0.0,0.01,0.0,77.08,177.1
106.82,85.199,14.104,1285.79,0.0,0.01,0.0,77.08,177.1
106.88,85.275,14.12,1285.23,0.0,0.01,0.0,77.07,177.12
106.92,85.325,14.131,1284.86,0.0,0.01,0.0,77.07,177.12
106.98,85.4,14.148,1284.29,0.0,0.01,0.0,77.06,177.14
107.02,85.45,14.158,1283.92,0.0,0.01,0.0,77.06,177.15
107.08,85.526,14.175,1283.36,0.0,0.01,0.0,77.05,177.16
107.12,85.576,14.186,1282.99,0.0,0.01,0.0,77.05,177.17
107.18,85.651,14.202,1282.43,0.0,0.01,0.0,77.04,177.18
107.22,85.701,14.213,1282.05,0.0,0.01,0.0,77.04,177.19
107.28,85.776,14.229,1281.49,0.0,0.01,0.0,77.04,177.2
107.34,85.851,14.246,1280.93,0.0,0.01,0.0,77.03,177.21
107.38,85.901,14.257,1280.56,0.0,0.01,0.0,77.03,177.22
107.44,85.976,14.273,1280.0,0.0,0.01,0.0,77.02,177.23
107.48,86.026,14.284,1279.63,0.0,0.01,0.0,77.02,177.24
107.54,86.101,14.3,1279.07,0.0,0.01,0.0,77.01,177.25
107.58,86.151,14.311,1278.69,0.0,0.01,0.0,77.01,177.26
107.64,86.226,14.328,1278.13,0.0,0.01,0.0,77.0,177.27
107.68,86.276,14.339,1277.76,0.0,0.01,0.0,77.0,177.28
107.74,86.35,14.355,1277.2,0.0,0.01,0.0,76.99,177.29
107.78,86.4,14.366,1276.82,0.0,0.01,0.0,76.99,177.3
107.84,86.475,14.382,1276.26,0.0,0.01,0.0,76.98,177.31
107.88,86.525,14.393,1275.89,0.0,0.01,0.0,76.98,177.32
107.94,86.6,14.409,1275.33,0.0,0.01,0.0,76.97,177.33
107.98,86.649,14.42,1274.96,0.0,0.01,0.0,76.97,177.34
108.04,86.724,14.437,1274.4,0.0,0.01,0.0,76.96,177.35
108.08,86.774,14.448,1274.03,0.0,0.0,0.0,76.96,177.36
108.14,86.848,14.464,1273.47,0.0,0.0,0.0,76.95,177.37
108.18,86.898,14.475,1273.09,0.0,0.0,0.0,76.95,177.38
108.24,86.973,14.491,1272.53,0.0,0.0,0.0,76.94,177.39
108.3,87.047,14.508,1271.97,0.0,0.0,0.0,76.94,177.4
108.34,87.097,14.519,1271.6,0.0,0.0,0.0,76.93,177.41
108.4,87.171,14.535,1271.04,0.0,0.0,0.0,76.93,177.42
108.44,87.221,14.546,1270.67,0.0,0.0,0.0,76.92,177.43
108.5,87.295,14.562,1270.11,0.0,0.0,0.0,76.92,177.44
108.54,87.345,14.573,1269.73,0.0,0.0,0.0,76.92,177.45
108.6,87.419,14.589,1269.17,0.0,0.0,0.0,76.91,177.46
108.64,87.469,14.6,1268.8,0.0,0.0,0.0,76.91,177.47
108.7,87.543,14.617,1268.24,0.0,0.0,0.0,76.9,177.48
108.74,87.593,14.628,1267.87,0.0,0.0,0.0,76.9,177.49
108.8,87.667,14.644,1267.31,0.0,0.0,0.0,76.89,177.5
108.84,87.716,14.655,1266.94,0.0,0.0,0.0,76.89,177.51
108.88,87.766,14.666,1266.56,0.0,0.0,0.0,76.88,177.52
108.94,87.84,14.682,1266.0,0.0,0.0,0.0,76.88,177.53
108.98,87.889,14.693,1265.63,0.0,0.0,0.0,76.87,177.54
109.04,87.963,14.709,1265.07,0.0,0.0,0.0,76.87,177.55
109.1,88.037,14.726,1264.51,0.0,0.0,0.0,76.86,177.56
109.14,88.087,14.737,1264.14,0.0,0.0,0.0,76.86,177.57
109.2,88.161,14.753,1263.58,0.0,0.0,0.0,76.85,177.58
109.24,88.21,14.764,1263.21,0.0,0.0,0.0,76.85,177.59
109.3,88.284,14.78,1262.65,0.0,0.0,0.0,76.84,177.6
109.34,88.333,14.791,1262.28,0.0,0.0,0.0,76.84,177.61
109.4,88.407,14.808,1261.72,0.0,0.0,0.0,76.83,177.62
109.44,88.456,14.819,1261.34,0.0,0.0,0.0,76.83,177.63
109.5,88.53,14.835,1260.78,0.0,0.0,0.0,76.82,177.64
109.54,88.579,14.846,1260.41,0.0,0.0,0.0,76.82,177.65
109.6,88.653,14.862,1259.85,0.0,0.0,0.0,76.82,177.66
109.64,88.702,14.873,1259.48,0.0,0.0,0.0,76.81,177.67
109.7,88.776,14.889,1258.92,0.0,0.0,0.0,76.81,177.68
109.74,88.825,14.9,1258.55,0.0,0.0,0.0,76.8,177.69
109.8,88.899,14.917,1257.99,0.0,0.0,0.0,76.8,177.7
109.84,88.948,14.928,1257.62,0.0,0.0,0.0,76.79,177.71
109.9,89.021,14.944,1257.06,0.0,0.0,0.0,76.79,177.72
109.94,89.07,14.955,1256.68,0.0,0.0,0.0,76.78,177.73
110.0,89.144,14.971,1256.13,0.0,0.0,0.0,76.78,177.74
110.06,89.217,14.988,1255.57,0.0,0.0,0.0,76.77,177.75
110.1,89.266,14.998,1255.19,0.0,0.0,0.0,76.77,177.76
110.16,89.34,15.015,1254.64,0.0,0.0,0.0,76.76,177.77
110.2,89.389,15.026,1254.26,0.0,0.0,0.0,76.76,177.78
110.24,89.438,15.037,1253.89,0.0,0.0,0.0,76.75,177.78
110.3,89.511,15.053,1253.33,0.0,0.0,0.0,76.75,177.8
110.34,89.56,15.064,1252.96,0.0,0.0,0.0,76.75,177.8
110.4,89.633,15.08,1252.4,0.0,0.0,0.0,76.74,177.82
110.44,89.682,15.091,1252.03,0.0,0.0,0.0,76.74,177.82
110.5,89.755,15.108,1251.47,0.0,0.0,0.0,76.73,177.83
110.54,89.804,15.118,1251.1,0.0,0.0,0.0,76.73,177.84
110.6,89.877,15.135,1250.54,0.0,0.0,0.0,76.72,177.85
110.66,89.95,15.151,1249.98,0.0,0.0,0.0,76.71,177.87
110.7,89.999,15.162,1249.61,0.0,0.0,0.0,76.71,177.87
110.76,90.072,15.178,1249.05,0.0,0.0,0.0,76.71,177.88
110.8,90.121,15.189,1248.68,0.0,0.0,0.0,76.7,177.89
110.86,90.194,15.206,1248.12,0.0,0.0,0.0,76.7,177.9
110.9,90.243,15.217,1247.75,0.0,0.0,0.0,76.69,177.91
110.96,90.316,15.233,1247.19,0.0,0.0,0.0,76.69,177.92
111.0,90.364,15.244,1246.82,0.0,0.0,0.0,76.68,177.93
111.06,90.437,15.26,1246.26,0.0,0.0,0.0,76.68,177.94
111.1,90.486,15.271,1245.88,0.0,0.0,0.0,76.67,177.95
111.16,90.559,15.287,1245.33,0.0,0.0,0.0,76.67,177.96
111.22,90.632,15.304,1244.77,0.0,0.0,0.0,76.66,177.97
111.26,90.68,15.315,1244.4,0.0,0.0,0.0,76.66,177.98
111.32,90.753,15.331,1243.84,0.0,0.0,0.0,76.65,177.99
111.36,90.801,15.342,1243.47,0.0,0.0,0.0,76.65,178.0
111.42,90.874,15.358,1242.91,0.0,0.0,0.0,76.64,178.01
111.46,90.923,15.369,1242.53,0.0,0.0,0.0,76.64,178.02
111.5,90.971,15.38,1242.16,0.0,0.0,0.0,76.64,178.03
111.56,91.044,15.396,1241.6,0.0,0.0,0.0,76.63,178.04
111.62,91.116,15.413,1241.05,0.0,0.0,0.0,76.62,178.05
111.66,91.165,15.424,1240.67,0.0,0.0,0.0,76.62,178.06
111.72,91.237,15.44,1240.12,0.0,0.0,0.0,76.61,178.07
111.76,91.286,15.451,1239.74,0.0,0.0,0.0,76.61,178.08
111.8,91.334,15.462,1239.37,0.0,0.0,0.0,76.61,178.08
111.86,91.406,15.478,1238.81,0.0,0.0,0.0,76.6,178.1
111.9,91.455,15.489,1238.44,0.0,0.0,0.0,76.6,178.1
111.96,91.527,15.505,1237.88,0.0,0.0,0.0,76.59,178.11
112.0,91.575,15.516,1237.51,0.0,0.0,0.0,76.59,178.12
112.06,91.648,15.533,1236.95,0.0,0.0,0.0,76.58,178.13
112.1,91.696,15.543,1236.58,0.0,0.0,0.0,76.58,178.14
112.16,91.768,15.56,1236.03,0.0,0.0,0.0,76.57,178.15
112.2,91.816,15.571,1235.65,0.0,0.0,0.0,76.57,178.16
112.26,91.889,15.587,1235.1,0.0,0.0,0.0,76.56,178.17
112.3,91.937,15.598,1234.72,0.0,0.0,0.0,76.56,178.18
112.36,92.009,15.614,1234.17,0.0,0.0,0.0,76.55,178.19
112.42,92.081,15.631,1233.61,0.0,0.0,0.0,76.55,178.2
112.46,92.129,15.642,1233.24,0.0,0.0,0.0,76.55,178.21
112.52,92.201,15.658,1232.68,0.0,0.0,0.0,76.54,178.22
112.56,92.249,15.669,1232.31,0.0,0.0,0.0,76.54,178.23
112.62,92.321,15.685,1231.75,0.0,0.0,0.0,76.53,178.24
112.66,92.369,15.696,1231.38,0.0,0.0,0.0,76.53,178.25
112.72,92.441,15.712,1230.82,0.0,0.0,0.0,76.52,178.26
112.76,92.489,15.723,1230.45,0.0,0.0,0.0,76.52,178.26
112.82,92.561,15.74,1229.89,0.0,0.0,0.0,76.51,178.28
112.86,92.609,15.75,1229.52,0.0,0.0,0.0,76.51,178.28
112.92,92.681,15.767,1228.96,0.0,0.0,0.0,76.5,178.29
112.96,92.729,15.778,1228.59,0.0,0.0,0.0,76.5,178.3
113.02,92.801,15.794,1228.03,0.0,0.0,0.0,76.49,178.31
113.06,92.848,15.805,1227.66,0.0,0.0,0.0,76.49,178.32
113.12,92.92,15.821,1227.1,0.0,0.0,0.0,76.48,178.33
113.18,92.992,15.838,1226.55,0.0,0.0,0.0,76.48,178.34
113.22,93.04,15.848,1226.17,0.0,0.0,0.0,76.47,178.35
113.28,93.111,15.865,1225.62,0.0,0.0,0.0,76.47,178.36
113.32,93.159,15.876,1225.25,0.0,0.0,0.0,76.46,178.37
113.38,93.231,15.892,1224.69,0.0,0.0,0.0,76.46,178.38
113.42,93.278,15.903,1224.32,0.0,0.0,0.0,76.46,178.39
113.48,93.35,15.919,1223.76,0.0,0.0,0.0,76.45,178.4
113.52,93.398,15.93,1223.39,0.0,0.0,0.0,76.45,178.41
113.58,93.469,15.947,1222.83,0.0,0.0,0.0,76.44,178.42
113.62,93.517,15.957,1222.46,0.0,0.0,0.0,76.44,178.42
113.68,93.588,15.974,1221.9,0.0,0.0,0.0,76.43,178.44
113.72,93.636,15.985,1221.53,0.0,0.0,0.0,76.43,178.44
113.78,93.707,16.001,1220.97,0.0,0.0,0.0,76.42,178.45
113.82,93.755,16.012,1220.6,0.0,0.0,0.0,76.42,178.46
113.88,93.826,16.028,1220.05,0.0,0.0,0.0,76.41,178.47
113.92,93.874,16.039,1219.68,0.0,0.0,0.0,76.41,178.48
113.98,93.945,16.055,1219.12,0.0,0.0,0.0,76.4,178.49
114.02,93.992,16.066,1218.75,0.0,0.0,0.0,76.4,178.5
114.08,94.063,16.083,1218.19,0.0,0.0,0.0,76.39,178.51
114.12,94.111,16.094,1217.82,0.0,0.0,0.0,76.39,178.52
114.18,94.182,16.11,1217.26,0.0,0.0,0.0,76.38,178.53
114.22,94.229,16.121,1216.89,0.0,0.0,0.0,76.38,178.53
114.28,94.301,16.137,1216.33,0.0,0.0,0.0,76.37,178.55
114.32,94.348,16.148,1215.96,0.0,0.0,0.0,76.37,178.55
114.38,94.419,16.164,1215.41,0.0,0.0,0.0,76.37,178.56
114.42,94.466,16.175,1215.03,0.0,0.0,0.0,76.36,178.57
114.48,94.537,16.192,1214.48,0.0,0.0,0.0,76.36,178.58
114.52,94.585,16.202,1214.11,0.0,0.0,0.0,76.35,178.59
114.58,94.655,16.219,1213.55,0.0,0.0,0.0,76.35,178.6
114.62,94.703,16.23,1213.18,0.0,0.0,0.0,76.34,178.61
114.68,94.774,16.246,1212.62,0.0,0.0,0.0,76.34,178.62
114.74,94.844,16.262,1212.07,0.0,0.0,0.0,76.33,178.63
114.78,94.892,16.273,1211.7,0.0,0.0,0.0,76.33,178.64
114.84,94.962,16.289,1211.14,0.0,0.0,0.0,76.32,178.65
114.88,95.01,16.3,1210.77,0.0,0.0,0.0,76.32,178.65
114.92,95.057,16.311,1210.4,0.0,0.0,0.0,76.31,178.66
114.98,95.127,16.328,1209.84,0.0,0.0,0.0,76.31,178.67
115.02,95.174,16.338,1209.47,0.0,0.0,0.0,76.31,178.68
115.08,95.245,16.355,1208.91,0.0,0.0,0.0,76.3,178.69
115.12,95.292,16.366,1208.54,0.0,0.0,0.0,76.3,178.7
115.18,95.363,16.382,1207.99,0.0,0.0,0.0,76.29,178.71
115.24,95.433,16.398,1207.43,0.0,0.0,0.0,76.28,178.72
115.28,95.48,16.409,1207.06,0.0,0.0,0.0,76.28,178.73
115.34,95.551,16.426,1206.5,0.0,0.0,0.0,76.28,178.74
115.38,95.598,16.436,1206.13,0.0,0.0,0.0,76.27,178.75
115.44,95.668,16.453,1205.57,0.0,0.0,0.0,76.27,178.76
115.48,95.715,16.464,1205.2,0.0,0.0,0.0,76.26,178.76
115.54,95.785,16.48,1204.65,0.0,0.0,0.0,76.26,178.77
115.58,95.832,16.491,1204.28,0.0,0.0,0.0,76.25,178.78
115.64,95.903,16.507,1203.72,0.0,0.0,0.0,76.25,178.79
115.68,95.949,16.518,1203.35,0.0,0.0,0.0,76.24,178.8
115.74,96.02,16.534,1202.79,0.0,0.0,0.0,76.24,178.81
115.78,96.067,16.545,1202.42,0.0,0.0,0.0,76.23,178.82
115.84,96.137,16.562,1201.87,0.0,0.0,0.0,76.23,178.83
115.88,96.183,16.572,1201.5,0.0,0.0,0.0,76.22,178.83
115.94,96.254,16.589,1200.94,0.0,0.0,0.0,76.22,178.85
115.98,96.3,16.6,1200.57,0.0,0.0,0.0,76.22,178.85
116.04,96.37,16.616,1200.01,0.0,0.0,0.0,76.21,178.86
116.08,96.417,16.627,1199.64,0.0,0.0,0.0,76.21,178.87
116.14,96.487,16.643,1199.09,0.0,0.0,0.0,76.2,178.88
116.18,96.534,16.654,1198.72,0.0,0.0,0.0,76.2,178.89
116.24,96.604,16.67,1198.16,0.0,0.0,0.0,76.19,178.9
116.28,96.65,16.681,1197.79,0.0,0.0,0.0,76.19,178.91
116.34,96.72,16.698,1197.23,0.0,0.0,0.0,76.18,178.92
116.38,96.767,16.709,1196.86,0.0,0.0,0.0,76.18,178.92
116.44,96.837,16.725,1196.31,0.0,0.0,0.0,76.17,178.93
116.48,96.883,16.736,1195.94,0.0,0.0,0.0,76.17,178.94
116.54,96.953,16.752,1195.38,0.0,0.0,0.0,76.16,178.95
116.58,97.0,16.763,1195.01,0.0,0.0,0.0,76.16,178.96
116.64,97.069,16.779,1194.46,0.0,0.0,0.0,76.15,178.97
116.7,97.139,16.796,1193.9,0.0,0.0,0.0,76.15,178.98
116.74,97.185,16.806,1193.53,0.0,0.0,0.0,76.14,178.99
116.8,97.255,16.823,1192.97,0.0,0.0,0.0,76.14,179.0
116.84,97.302,16.834,1192.6,0.0,0.0,0.0,76.13,179.0
116.9,97.371,16.85,1192.05,0.0,0.0,0.0,76.13,179.01
116.94,97.418,16.861,1191.68,0.0,0.0,0.0,76.13,179.02
117.0,97.487,16.877,1191.12,0.0,0.0,0.0,76.12,179.03
117.04,97.533,16.888,1190.75,0.0,0.0,0.0,76.12,179.04
117.1,97.603,16.904,1190.2,0.0,0.0,0.0,76.11,179.05
117.14,97.649,16.915,1189.83,0.0,0.0,0.0,76.11,179.06
117.2,97.719,16.932,1189.27,0.0,0.0,0.0,76.1,179.07
117.24,97.765,16.942,1188.9,0.0,0.0,0.0,76.1,179.07
117.3,97.834,16.959,1188.35,0.0,0.0,0.0,76.09,179.08
117.34,97.88,16.97,1187.98,0.0,0.0,0.0,76.09,179.09
117.4,97.95,16.986,1187.42,0.0,0.0,0.0,76.08,179.1
117.44,97.996,16.997,1187.05,0.0,0.0,0.0,76.08,179.11
117.5,98.065,17.013,1186.5,0.0,0.0,0.0,76.07,179.12
117.54,98.111,17.024,1186.12,0.0,0.0,0.0,76.07,179.13
117.6,98.18,17.04,1185.57,0.0,0.0,0.0,76.06,179.14
117.64,98.227,17.051,1185.2,0.0,0.0,0.0,76.06,179.14
117.7,98.296,17.067,1184.64,0.0,0.0,0.0,76.05,179.15
118.6,99.329,17.312,1176.32,0.0,0.0,0.0,75.97,179.31
118.64,99.374,17.323,1175.95,0.0,0.0,0.0,75.97,179.31
118.68,99.42,17.334,1175.58,0.0,0.0,0.0,75.96,179.32
118.74,99.489,17.35,1175.03,0.0,0.0,0.0,75.96,179.33
118.78,99.534,17.361,1174.66,0.0,0.0,0.0,75.95,179.34
118.84,99.603,17.377,1174.1,0.0,0.0,0.0,75.95,179.35
118.88,99.648,17.388,1173.73,0.0,0.0,0.0,75.94,179.36
118.94,99.717,17.405,1173.18,0.0,0.0,0.0,75.94,179.37
118.98,99.762,17.415,1172.81,0.0,0.0,0.0,75.93,179.37
119.04,99.831,17.432,1172.25,0.0,0.0,0.0,75.93,179.38
119.08,99.876,17.443,1171.88,0.0,0.0,0.0,75.93,179.39
119.14,99.945,17.459,1171.33,0.0,0.0,0.0,75.92,179.4
119.18,99.99,17.47,1170.96,0.0,0.0,0.0,75.92,179.41
119.24,100.058,17.486,1170.41,0.0,0.0,0.0,75.91,179.42
119.3,100.127,17.502,1169.85,0.0,0.0,0.0,75.9,179.43
119.34,100.172,17.513,1169.48,0.0,0.0,0.0,75.9,179.43
119.4,100.24,17.53,1168.93,0.0,0.0,0.0,75.9,179.44
119.44,100.286,17.54,1168.56,0.0,0.0,0.0,75.89,179.45
119.5,100.354,17.557,1168.0,0.0,0.0,0.0,75.89,179.46
119.54,100.399,17.568,1167.63,0.0,0.0,0.0,75.88,179.47
119.6,100.467,17.584,1167.08,0.0,0.0,0.0,75.88,179.48
119.64,100.513,17.595,1166.71,0.0,0.0,0.0,75.87,179.48
119.68,100.558,17.606,1166.34,0.0,0.0,0.0,75.87,179.49
119.74,100.626,17.622,1165.79,0.0,0.0,0.0,75.86,179.5
119.78,100.671,17.633,1165.42,0.0,0.0,0.0,75.86,179.51
119.84,100.739,17.649,1164.86,0.0,0.0,0.0,75.85,179.52
119.9,100.807,17.665,1164.31,0.0,0.0,0.0,75.85,179.53
119.94,100.852,17.676,1163.94,0.0,0.0,0.0,75.84,179.53
120.0,100.92,17.693,1163.39,0.0,0.0,0.0,75.84,179.54
120.04,100.965,17.703,1163.02,0.0,0.0,0.0,75.84,179.55
120.1,101.033,17.72,1162.46,0.0,0.0,0.0,75.83,179.56
120.14,101.078,17.731,1162.09,0.0,0.0,0.0,75.83,179.57
120.2,101.146,17.747,1161.54,0.0,0.0,0.0,75.82,179.58
120.26,101.213,17.763,1160.99,0.0,0.0,0.0,75.81,179.59
120.3,101.259,17.774,1160.62,0.0,0.0,0.0,75.81,179.59
120.36,101.326,17.79,1160.06,0.0,0.0,0.0,75.81,179.6
120.4,101.371,17.801,1159.69,0.0,0.0,0.0,75.8,179.61
120.44,101.416,17.812,1159.32,0.0,0.0,0.0,75.8,179.62
120.5,101.484,17.828,1158.77,0.0,0.0,0.0,75.79,179.63
120.54,101.529,17.839,1158.4,0.0,0.0,0.0,75.79,179.63
120.6,101.596,17.856,1157.85,0.0,0.0,0.0,75.78,179.64
120.64,101.641,17.867,1157.48,0.0,0.0,0.0,75.78,179.65
120.7,101.709,17.883,1156.92,0.0,0.0,0.0,75.77,179.66
120.74,101.754,17.894,1156.56,0.0,0.0,0.0,75.77,179.67
120.8,101.821,17.91,1156.0,0.0,0.0,0.0,75.76,179.68
120.84,101.866,17.921,1155.63,0.0,0.0,0.0,75.76,179.68
120.9,101.933,17.937,1155.08,0.0,0.0,0.0,75.75,179.69
120.96,102.0,17.953,1154.53,0.0,0.0,0.0,75.75,179.7
121.0,102.045,17.964,1154.16,0.0,0.0,0.0,75.75,179.71
121.06,102.113,17.981,1153.6,0.0,0.0,0.0,75.74,179.72
121.1,102.157,17.991,1153.23,0.0,0.0,0.0,75.74,179.73
121.16,102.224,18.008,1152.68,0.0,0.0,0.0,75.73,179.74
121.2,102.269,18.019,1152.31,0.0,0.0,0.0,75.73,179.74
121.26,102.336,18.035,1151.76,0.0,0.0,0.0,75.72,179.75
121.3,102.381,18.046,1151.39,0.0,0.0,0.0,75.72,179.76
121.36,102.448,18.062,1150.84,0.0,0.0,0.0,75.71,179.77
121.4,102.493,18.073,1150.47,0.0,0.0,0.0,75.71,179.77
121.46,102.56,18.089,1149.91,0.0,0.0,0.0,75.7,179.78
121.5,102.604,18.1,1149.54,0.0,0.0,0.0,75.7,179.79
121.56,102.671,18.116,1148.99,0.0,0.0,0.0,75.69,179.8
121.6,102.716,18.127,1148.62,0.0,0.0,0.0,75.69,179.81
121.66,102.783,18.144,1148.07,0.0,0.0,0.0,75.68,179.82
121.7,102.827,18.154,1147.7,0.0,0.0,0.0,75.68,179.82
121.76,102.894,18.171,1147.15,0.0,0.0,0.0,75.67,179.83
121.8,102.939,18.182,1146.78,0.0,0.0,0.0,75.67,179.84
121.86,103.005,18.198,1146.23,0.0,0.0,0.0,75.67,179.85
121.9,103.05,18.209,1145.86,0.0,0.0,0.0,75.66,179.86
121.96,103.117,18.225,1145.3,0.0,0.0,0.0,75.66,179.87
122.0,103.161,18.236,1144.93,0.0,0.0,0.0,75.65,179.87
122.06,103.228,18.252,1144.38,0.0,0.0,0.0,75.65,179.88
122.1,103.272,18.263,1144.01,0.0,0.0,0.0,75.64,179.89
122.16,103.339,18.279,1143.46,0.0,0.0,0.0,75.64,179.9
122.2,103.383,18.29,1143.09,0.0,0.0,0.0,75.63,179.9
122.26,103.45,18.306,1142.54,0.0,0.0,0.0,75.63,179.91
122.32,103.516,18.323,1141.99,0.0,0.0,0.0,75.62,179.92
122.36,103.56,18.334,1141.62,0.0,0.0,0.0,75.62,179.93
122.42,103.627,18.35,1141.06,0.0,0.0,0.0,75.61,179.94
122.46,103.671,18.361,1140.7,0.0,0.0,0.0,75.61,179.95
122.5,103.715,18.372,1140.33,0.0,0.0,0.0,75.61,179.95
122.56,103.782,18.388,1139.77,0.0,0.0,0.0,75.6,179.96
122.62,103.848,18.404,1139.22,0.0,0.0,0.0,75.59,179.97
122.66,103.892,18.415,1138.85,0.0,0.0,0.0,75.59,179.98
122.72,103.959,18.431,1138.3,0.0,0.0,0.0,75.58,179.99
122.76,104.003,18.442,1137.93,0.0,0.0,0.0,75.58,179.99
122.82,104.069,18.458,1137.38,0.0,0.0,0.0,75.58,180.0
122.86,104.113,18.469,1137.01,0.0,0.0,0.0,75.57,180.01
122.9,104.157,18.48,1136.64,0.0,0.0,0.0,75.57,180.02
122.96,104.223,18.497,1136.09,0.0,0.0,0.0,75.56,180.03
123.02,104.289,18.513,1135.54,0.0,0.0,0.0,75.56,180.03
123.06,104.334,18.524,1135.17,0.0,0.0,0.0,75.55,180.04
123.12,104.4,18.54,1134.62,0.0,0.0,0.0,75.55,180.05
123.16,104.444,18.551,1134.25,0.0,0.0,0.0,75.54,180.06
123.22,104.51,18.567,1133.7,0.0,0.0,0.0,75.54,180.07
123.26,104.554,18.578,1133.33,0.0,0.0,0.0,75.53,180.07
123.32,104.619,18.594,1132.77,0.0,0.0,0.0,75.53,180.08
123.36,104.663,18.605,1132.41,0.0,0.0,0.0,75.52,180.09
123.42,104.729,18.621,1131.85,0.0,0.0,0.0,75.52,180.1
123.46,104.773,18.632,1131.49,0.0,0.0,0.0,75.52,180.1
123.52,104.839,18.649,1130.93,0.0,0.0,0.0,75.51,180.11
123.58,104.905,18.665,1130.38,0.0,0.0,0.0,75.5,180.12
123.62,104.949,18.676,1130.01,0.0,0.0,0.0,75.5,180.13
123.68,105.014,18.692,1129.46,0.0,0.0,0.0,75.49,180.14
123.72,105.058,18.703,1129.09,0.0,0.0,0.0,75.49,180.15
123.78,105.124,18.719,1128.54,0.0,0.0,0.0,75.49,180.15
123.82,105.168,18.73,1128.17,0.0,0.0,0.0,75.48,180.16
123.86,105.211,18.741,1127.8,0.0,0.0,0.0,75.48,180.17
123.92,105.277,18.757,1127.25,0.0,0.0,0.0,75.47,180.18
123.96,105.321,18.768,1126.88,0.0,0.0,0.0,75.47,180.18
124.02,105.386,18.784,1126.33,0.0,0.0,0.0,75.46,180.19
124.08,105.452,18.8,1125.78,0.0,0.0,0.0,75.46,180.2
124.12,105.495,18.811,1125.41,0.0,0.0,0.0,75.45,180.21
124.18,105.561,18.828,1124.86,0.0,0.0,0.0,75.45,180.22
124.22,105.604,18.838,1124.49,0.0,0.0,0.0,75.44,180.22
124.28,105.67,18.855,1123.94,0.0,0.0,0.0,75.44,180.23
124.32,105.713,18.866,1123.57,0.0,0.0,0.0,75.43,180.24
124.38,105.779,18.882,1123.02,0.0,0.0,0.0,75.43,180.25
124.42,105.822,18.893,1122.65,0.0,0.0,0.0,75.43,180.25
124.46,105.866,18.904,1122.28,0.0,0.0,0.0,75.42,180.26
124.52,105.931,18.92,1121.73,0.0,0.0,0.0,75.42,180.27
124.58,105.996,18.936,1121.18,0.0,0.0,0.0,75.41,180.28
124.62,106.04,18.947,1120.81,0.0,0.0,0.0,75.41,180.29
124.68,106.105,18.963,1120.26,0.0,0.0,0.0,75.4,180.3
124.72,106.148,18.974,1119.89,0.0,0.0,0.0,75.4,180.3
124.78,106.213,18.99,1119.34,0.0,0.0,0.0,75.39,180.31
124.82,106.257,19.001,1118.97,0.0,0.0,0.0,75.39,180.32
124.88,106.322,19.018,1118.42,0.0,0.0,0.0,75.38,180.33
124.92,106.365,19.028,1118.05,0.0,0.0,0.0,75.38,180.33
124.98,106.43,19.045,1117.5,0.0,0.0,0.0,75.37,180.34
125.02,106.473,19.056,1117.14,0.0,0.0,0.0,75.37,180.35
125.08,106.538,19.072,1116.58,0.0,0.0,0.0,75.36,180.36
125.12,106.582,19.083,1116.22,0.0,0.0,0.0,75.36,180.36
125.18,106.646,19.099,1115.66,0.0,0.0,0.0,75.35,180.37
125.24,106.711,19.115,1115.11,0.0,0.0,0.0,75.35,180.38
125.28,106.754,19.126,1114.75,0.0,0.0,0.0,75.35,180.39
125.34,106.819,19.142,1114.19,0.0,0.0,0.0,75.34,180.4
125.38,106.862,19.153,1113.83,0.0,0.0,0.0,75.34,180.4
125.42,106.906,19.164,1113.46,0.0,0.0,0.0,75.33,180.41
125.48,106.97,19.18,1112.91,0.0,0.0,0.0,75.33,180.42
125.54,107.035,19.197,1112.36,0.0,0.0,0.0,75.32,180.43
125.58,107.078,19.207,1111.99,0.0,0.0,0.0,75.32,180.43
125.64,107.143,19.224,1111.44,0.0,0.0,0.0,75.31,180.44
125.68,107.186,19.235,1111.07,0.0,0.0,0.0,75.31,180.45
125.74,107.25,19.251,1110.52,0.0,0.0,0.0,75.3,180.46
125.78,107.293,19.262,1110.15,0.0,0.0,0.0,75.3,180.46
125.84,107.358,19.278,1109.6,0.0,0.0,0.0,75.29,180.47
125.88,107.401,19.289,1109.23,0.0,0.0,0.0,75.29,180.48
125.92,107.444,19.3,1108.87,0.0,0.0,0.0,75.29,180.49
125.98,107.508,19.316,1108.31,0.0,0.0,0.0,75.28,180.49
126.04,107.572,19.332,1107.76,0.0,0.0,0.0,75.27,180.5
126.08,107.615,19.343,1107.4,0.0,0.0,0.0,75.27,180.51
126.14,107.68,19.359,1106.84,0.0,0.0,0.0,75.26,180.52
126.18,107.723,19.37,1106.48,0.0,0.0,0.0,75.26,180.52
126.24,107.787,19.386,1105.93,0.0,0.0,0.0,75.26,180.53
126.28,107.83,19.397,1105.56,0.0,0.0,0.0,75.25,180.54
126.34,107.894,19.414,1105.01,0.0,0.0,0.0,75.25,180.55
126.38,107.937,19.424,1104.64,0.0,0.0,0.0,75.24,180.56
126.44,108.001,19.441,1104.09,0.0,0.0,0.0,75.24,180.56
126.48,108.044,19.452,1103.72,0.0,0.0,0.0,75.23,180.57
126.54,108.108,19.468,1103.17,0.0,0.0,0.0,75.23,180.58
126.58,108.15,19.479,1102.8,0.0,0.0,0.0,75.22,180.59
126.64,108.214,19.495,1102.25,0.0,0.0,0.0,75.22,180.59
126.7,108.278,19.511,1101.7,0.0,0.0,0.0,75.21,180.6
126.74,108.321,19.522,1101.34,0.0,0.0,0.0,75.21,180.61
126.78,108.364,19.533,1100.97,0.0,0.0,0.0,75.2,180.62
126.84,108.428,19.549,1100.42,0.0,0.0,0.0,75.2,180.62
126.88,108.47,19.56,1100.05,0.0,0.0,0.0,75.2,180.63
126.94,108.534,19.576,1099.5,0.0,0.0,0.0,75.19,180.64
127.0,108.598,19.593,1098.95,0.0,0.0,0.0,75.18,180.65
127.04,108.64,19.603,1098.58,0.0,0.0,0.0,75.18,180.65
127.08,108.683,19.614,1098.22,0.0,0.0,0.0,75.18,180.66
127.14,108.747,19.631,1097.67,0.0,0.0,0.0,75.17,180.67
127.18,108.789,19.641,1097.3,0.0,0.0,0.0,75.17,180.68
127.24,108.853,19.658,1096.75,0.0,0.0,0.0,75.16,180.68
127.3,108.917,19.674,1096.2,0.0,0.0,0.0,75.16,180.69
127.34,108.959,19.685,1095.83,0.0,0.0,0.0,75.15,180.7
127.4,109.023,19.701,1095.28,0.0,0.0,0.0,75.15,180.71
127.44,109.065,19.712,1094.91,0.0,0.0,0.0,75.14,180.71
127.5,109.129,19.728,1094.36,0.0,0.0,0.0,75.14,180.72
127.54,109.171,19.739,1094.0,0.0,0.0,0.0,75.13,180.73
127.58,109.213,19.75,1093.63,0.0,0.0,0.0,75.13,180.73
127.64,109.277,19.766,1093.08,0.0,0.0,0.0,75.12,180.74
127.7,109.34,19.782,1092.53,0.0,0.0,0.0,75.12,180.75
127.74,109.382,19.793,1092.16,0.0,0.0,0.0,75.11,180.76
127.8,109.446,19.809,1091.61,0.0,0.0,0.0,75.11,180.77
127.84,109.488,19.82,1091.24,0.0,0.0,0.0,75.11,180.77
127.9,109.551,19.837,1090.69,0.0,0.0,0.0,75.1,180.78
127.94,109.594,19.847,1090.33,0.0,0.0,0.0,75.1,180.79
128.0,109.657,19.864,1089.78,0.0,0.0,0.0,75.09,180.8
128.04,109.699,19.874,1089.41,0.0,0.0,0.0,75.09,180.8
128.1,109.762,19.891,1088.86,0.0,0.0,0.0,75.08,180.81
128.14,109.804,19.902,1088.49,0.0,0.0,0.0,75.08,180.82
128.18,109.847,19.912,1088.13,0.0,0.0,0.0,75.07,180.82
128.24,109.91,19.929,1087.58,0.0,0.0,0.0,75.07,180.83
128.3,109.973,19.945,1087.03,0.0,0.0,0.0,75.06,180.84
128.34,110.015,19.956,1086.66,0.0,0.0,0.0,75.06,180.85
128.4,110.078,19.972,1086.11,0.0,0.0,0.0,75.05,180.86
128.44,110.12,19.983,1085.74,0.0,0.0,0.0,75.05,180.86
128.5,110.183,19.999,1085.19,0.0,0.0,0.0,75.04,180.87
128.56,110.246,20.015,1084.64,0.0,0.0,0.0,75.04,180.88
128.6,110.288,20.026,1084.28,0.0,0.0,0.0,75.03,180.88
128.64,110.33,20.037,1083.91,0.0,0.0,0.0,75.03,180.89
128.7,110.393,20.053,1083.36,0.0,0.0,0.0,75.02,180.9
128.74,110.434,20.064,1083.0,0.0,0.0,0.0,75.02,180.91
128.8,110.497,20.08,1082.45,0.0,0.0,0.0,75.01,180.91
128.84,110.539,20.091,1082.08,0.0,0.0,0.0,75.01,180.92
128.9,110.602,20.108,1081.53,0.0,0.0,0.0,75.01,180.93
128.96,110.665,20.124,1080.98,0.0,0.0,0.0,75.0,180.94
129.0,110.706,20.135,1080.61,0.0,0.0,0.0,75.0,180.94
129.06,110.769,20.151,1080.06,0.0,0.0,0.0,74.99,180.95
129.1,110.811,20.162,1079.7,0.0,0.0,0.0,74.99,180.96
129.14,110.853,20.173,1079.33,0.0,0.0,0.0,74.98,180.96
129.2,110.915,20.189,1078.78,0.0,0.0,0.0,74.98,180.97
129.26,110.978,20.205,1078.23,0.0,0.0,0.0,74.97,180.98
129.3,111.019,20.216,1077.87,0.0,0.0,0.0,74.97,180.99
129.36,111.082,20.232,1077.32,0.0,0.0,0.0,74.96,181.0
129.4,111.124,20.243,1076.95,0.0,0.0,0.0,74.96,181.0
129.46,111.186,20.259,1076.4,0.0,0.0,0.0,74.95,181.01
129.5,111.228,20.27,1076.03,0.0,0.0,0.0,74.95,181.02
129.54,111.269,20.281,1075.67,0.0,0.0,0.0,74.95,181.02
129.6,111.332,20.297,1075.12,0.0,0.0,0.0,74.94,181.03
129.64,111.373,20.308,1074.75,0.0,0.0,0.0,74.94,181.04
129.7,111.435,20.324,1074.2,0.0,0.0,0.0,74.93,181.04
129.76,111.498,20.341,1073.65,0.0,0.0,0.0,74.92,181.05
129.8,111.539,20.351,1073.29,0.0,0.0,0.0,74.92,181.06
129.86,111.601,20.368,1072.74,0.0,0.0,0.0,74.92,181.07
129.9,111.643,20.379,1072.37,0.0,0.0,0.0,74.91,181.07
129.96,111.705,20.395,1071.82,0.0,0.0,0.0,74.91,181.08
130.0,111.746,20.406,1071.46,0.0,0.0,0.0,74.9,181.09
130.04,111.788,20.416,1071.09,0.0,0.0,0.0,74.9,181.09
130.1,111.85,20.433,1070.54,0.0,0.0,0.0,74.89,181.1
130.16,111.912,20.449,1069.99,0.0,0.0,0.0,74.89,181.11
130.2,111.953,20.46,1069.63,0.0,0.0,0.0,74.88,181.12
130.26,112.015,20.476,1069.08,0.0,0.0,0.0,74.88,181.12
130.3,112.057,20.487,1068.71,0.0,0.0,0.0,74.87,181.13
130.36,112.118,20.503,1068.16,0.0,0.0,0.0,74.87,181.14
130.4,112.16,20.514,1067.8,0.0,0.0,0.0,74.86,181.14
130.46,112.222,20.53,1067.25,0.0,0.0,0.0,74.86,181.15
130.5,112.263,20.541,1066.88,0.0,0.0,0.0,74.86,181.16
130.56,112.325,20.557,1066.34,0.0,0.0,0.0,74.85,181.17
130.6,112.366,20.568,1065.97,0.0,0.0,0.0,74.85,181.17
130.66,112.428,20.584,1065.42,0.0,0.0,0.0,74.84,181.18
130.72,112.489,20.601,1064.87,0.0,0.0,0.0,74.83,181.19
130.76,112.53,20.611,1064.51,0.0,0.0,0.0,74.83,181.2
130.8,112.572,20.622,1064.14,0.0,0.0,0.0,74.83,181.2
130.86,112.633,20.639,1063.59,0.0,0.0,0.0,74.82,181.21
130.9,112.674,20.649,1063.23,0.0,0.0,0.0,74.82,181.22
130.96,112.736,20.666,1062.68,0.0,0.0,0.0,74.81,181.22
131.0,112.777,20.676,1062.31,0.0,0.0,0.0,74.81,181.23
131.06,112.838,20.693,1061.76,0.0,0.0,0.0,74.8,181.24
131.12,112.9,20.709,1061.21,0.0,0.0,0.0,74.8,181.25
131.16,112.941,20.72,1060.85,0.0,0.0,0.0,74.79,181.25
131.22,113.002,20.736,1060.3,0.0,0.0,0.0,74.79,181.26
131.26,113.043,20.747,1059.93,0.0,0.0,0.0,74.78,181.27
131.32,113.105,20.763,1059.39,0.0,0.0,0.0,74.78,181.27
131.36,113.146,20.774,1059.02,0.0,0.0,0.0,74.77,181.28
131.42,113.207,20.79,1058.47,0.0,0.0,0.0,74.77,181.29
131.46,113.248,20.801,1058.11,0.0,0.0,0.0,74.76,181.29
131.5,113.289,20.812,1057.74,0.0,0.0,0.0,74.76,181.3
131.56,113.35,20.828,1057.19,0.0,0.0,0.0,74.76,181.31
131.62,113.411,20.844,1056.65,0.0,0.0,0.0,74.75,181.32
131.66,113.452,20.855,1056.28,0.0,0.0,0.0,74.75,181.32
131.72,113.513,20.871,1055.73,0.0,0.0,0.0,74.74,181.33
131.76,113.554,20.882,1055.37,0.0,0.0,0.0,74.74,181.34
131.82,113.615,20.899,1054.82,0.0,0.0,0.0,74.73,181.34
131.86,113.656,20.909,1054.45,0.0,0.0,0.0,74.73,181.35
131.92,113.717,20.926,1053.9,0.0,0.0,0.0,74.72,181.36
131.96,113.757,20.936,1053.54,0.0,0.0,0.0,74.72,181.36
132.02,113.818,20.953,1052.99,0.0,0.0,0.0,74.71,181.37
132.06,113.859,20.964,1052.63,0.0,0.0,0.0,74.71,181.38
132.12,113.92,20.98,1052.08,0.0,0.0,0.0,74.7,181.39
132.16,113.961,20.991,1051.71,0.0,0.0,0.0,74.7,181.39
132.22,114.021,21.007,1051.16,0.0,0.0,0.0,74.69,181.4
132.26,114.062,21.018,1050.8,0.0,0.0,0.0,74.69,181.41
132.3,114.103,21.029,1050.43,0.0,0.0,0.0,74.69,181.41
132.36,114.163,21.045,1049.89,0.0,0.0,0.0,74.68,181.42
132.42,114.224,21.061,1049.34,0.0,0.0,0.0,74.67,181.43
132.46,114.265,21.072,1048.97,0.0,0.0,0.0,74.67,181.43
132.52,114.325,21.088,1048.43,0.0,0.0,0.0,74.66,181.44
132.56,114.366,21.099,1048.06,0.0,0.0,0.0,74.66,181.45
132.62,114.426,21.115,1047.51,0.0,0.0,0.0,74.66,181.46
132.66,114.467,21.126,1047.15,0.0,0.0,0.0,74.65,181.46
132.72,114.527,21.142,1046.6,0.0,0.0,0.0,74.65,181.47
132.76,114.568,21.153,1046.23,0.0,0.0,0.0,74.64,181.47
132.82,114.628,21.169,1045.69,0.0,0.0,0.0,74.64,181.48
132.86,114.669,21.18,1045.32,0.0,0.0,0.0,74.63,181.49
132.92,114.729,21.196,1044.77,0.0,0.0,0.0,74.63,181.5
132.96,114.769,21.207,1044.41,0.0,0.0,0.0,74.62,181.5
133.02,114.83,21.223,1043.86,0.0,0.0,0.0,74.62,181.51
133.06,114.87,21.234,1043.5,0.0,0.0,0.0,74.61,181.52
133.12,114.93,21.25,1042.95,0.0,0.0,0.0,74.61,181.52
133.16,114.971,21.261,1042.58,0.0,0.0,0.0,74.6,181.53
133.22,115.031,21.278,1042.04,0.0,0.0,0.0,74.6,181.54
133.28,115.091,21.294,1041.49,0.0,0.0,0.0,74.59,181.55
133.32,115.131,21.305,1041.12,0.0,0.0,0.0,74.59,181.55
133.36,115.172,21.315,1040.76,0.0,0.0,0.0,74.59,181.56
133.4,115.212,21.326,1040.39,0.0,0.0,0.0,74.58,181.56
133.48,115.292,21.348,1039.67,0.0,0.0,0.0,74.57,181.57
133.52,115.332,21.359,1039.3,0.0,0.0,0.0,74.57,181.58
133.56,115.372,21.37,1038.94,0.0,0.0,0.0,74.57,181.58
133.62,115.432,21.386,1038.39,0.0,0.0,0.0,74.56,181.59
133.66,115.472,21.397,1038.02,0.0,0.0,0.0,74.56,181.6
133.72,115.532,21.413,1037.48,0.0,0.0,0.0,74.55,181.61
133.76,115.572,21.424,1037.11,0.0,0.0,0.0,74.55,181.61
133.82,115.632,21.44,1036.56,0.0,0.0,0.0,74.54,181.62
133.88,115.692,21.456,1036.02,0.0,0.0,0.0,74.54,181.63
133.92,115.732,21.467,1035.65,0.0,0.0,0.0,74.53,181.63
133.98,115.792,21.483,1035.11,0.0,0.0,0.0,74.53,181.64
134.02,115.832,21.494,1034.74,0.0,0.0,0.0,74.52,181.65
134.08,115.892,21.51,1034.19,0.0,0.0,0.0,74.52,181.65
134.12,115.931,21.521,1033.83,0.0,0.0,0.0,74.51,181.66
134.18,115.991,21.537,1033.28,0.0,0.0,0.0,74.51,181.67
134.2,116.011,21.543,1033.1,0.0,0.0,0.0,74.51,181.67
134.24,116.051,21.554,1032.74,0.0,0.0,0.0,74.5,181.68
134.3,116.111,21.57,1032.19,0.0,0.0,0.0,74.5,181.68
134.36,116.17,21.586,1031.64,0.0,0.0,0.0,74.49,181.69
134.4,116.21,21.597,1031.28,0.0,0.0,0.0,74.49,181.7
134.46,116.27,21.613,1030.73,0.0,0.0,0.0,74.48,181.71
134.5,116.309,21.624,1030.37,0.0,0.0,0.0,74.48,181.71
134.56,116.369,21.64,1029.82,0.0,0.0,0.0,74.47,181.72
134.6,116.409,21.651,1029.46,0.0,0.0,0.0,74.47,181.72
134.66,116.468,21.667,1028.91,0.0,0.0,0.0,74.46,181.73
134.72,116.528,21.683,1028.36,0.0,0.0,0.0,74.46,181.74
134.76,116.567,21.694,1028.0,0.0,0.0,0.0,74.45,181.75
134.8,116.607,21.705,1027.63,0.0,0.0,0.0,74.45,181.75
134.86,116.666,21.721,1027.09,0.0,0.0,0.0,74.44,181.76
134.9,116.706,21.732,1026.72,0.0,0.0,0.0,74.44,181.76
134.96,116.765,21.748,1026.18,0.0,0.0,0.0,74.43,181.77
135.0,116.805,21.759,1025.81,0.0,0.0,0.0,74.43,181.78
135.06,116.864,21.775,1025.27,0.0,0.0,0.0,74.43,181.79
135.1,116.903,21.786,1024.9,0.0,0.0,0.0,74.42,181.79
135.16,116.963,21.803,1024.36,0.0,0.0,0.0,74.42,181.8
135.22,117.022,21.819,1023.81,0.0,0.0,0.0,74.41,181.81
135.26,117.061,21.83,1023.44,0.0,0.0,0.0,74.41,181.81
135.32,117.12,21.846,1022.9,0.0,0.0,0.0,74.4,181.82
135.36,117.16,21.857,1022.53,0.0,0.0,0.0,74.4,181.83
135.42,117.219,21.873,1021.99,0.0,0.0,0.0,74.39,181.83
135.46,117.258,21.884,1021.62,0.0,0.0,0.0,74.39,181.84
135.52,117.317,21.9,1021.08,0.0,0.0,0.0,74.38,181.85
135.56,117.356,21.911,1020.71,0.0,0.0,0.0,74.38,181.85
135.62,117.415,21.927,1020.17,0.0,0.0,0.0,74.37,181.86
135.66,117.455,21.938,1019.8,0.0,0.0,0.0,74.37,181.87
135.7,117.494,21.949,1019.44,0.0,0.0,0.0,74.36,181.87
135.76,117.553,21.965,1018.89,0.0,0.0,0.0,74.36,181.88
135.82,117.612,21.981,1018.35,0.0,0.0,0.0,74.35,181.89
135.86,117.651,21.992,1017.98,0.0,0.0,0.0,74.35,181.89
135.92,117.71,22.008,1017.44,0.0,0.0,0.0,74.34,181.9
135.96,117.749,22.019,1017.07,0.0,0.0,0.0,74.34,181.91
136.02,117.807,22.035,1016.53,0.0,0.0,0.0,74.33,181.91
136.06,117.847,22.046,1016.16,0.0,0.0,0.0,74.33,181.92
136.12,117.905,22.062,1015.62,0.0,0.0,0.0,74.33,181.93
136.16,117.944,22.073,1015.25,0.0,0.0,0.0,74.32,181.93
136.22,118.003,22.089,1014.71,0.0,0.0,0.0,74.32,181.94
136.26,118.042,22.1,1014.34,0.0,0.0,0.0,74.31,181.94
136.32,118.101,22.116,1013.8,0.0,0.0,0.0,74.31,181.95
136.36,118.14,22.127,1013.44,0.0,0.0,0.0,74.3,181.96
136.42,118.198,22.143,1012.89,0.0,0.0,0.0,74.3,181.97
136.48,118.256,22.16,1012.34,0.0,0.0,0.0,74.29,181.97
136.52,118.295,22.17,1011.98,0.0,0.0,0.0,74.29,181.98
136.58,118.354,22.187,1011.43,0.0,0.0,0.0,74.28,181.99
136.62,118.393,22.197,1011.07,0.0,0.0,0.0,74.28,181.99
136.66,118.432,22.208,1010.71,0.0,0.0,0.0,74.27,182.0
136.72,118.49,22.224,1010.16,0.0,0.0,0.0,74.27,182.0
136.76,118.529,22.235,1009.8,0.0,0.0,0.0,74.26,182.01
136.82,118.587,22.252,1009.25,0.0,0.0,0.0,74.26,182.02
136.88,118.645,22.268,1008.71,0.0,0.0,0.0,74.25,182.03
136.92,118.684,22.279,1008.34,0.0,0.0,0.0,74.25,182.03
136.98,118.742,22.295,1007.8,0.0,0.0,0.0,74.24,182.04
137.02,118.781,22.306,1007.44,0.0,0.0,0.0,74.24,182.04
137.06,118.82,22.316,1007.07,0.0,0.0,0.0,74.24,182.05
137.12,118.878,22.333,1006.53,0.0,0.0,0.0,74.23,182.06
137.16,118.917,22.343,1006.16,0.0,0.0,0.0,74.23,182.06
137.22,118.975,22.36,1005.62,0.0,0.0,0.0,74.22,182.07
137.28,119.033,22.376,1005.07,0.0,0.0,0.0,74.22,182.08
137.32,119.071,22.387,1004.71,0.0,0.0,0.0,74.21,182.08
137.38,119.129,22.403,1004.16,0.0,0.0,0.0,74.21,182.09
137.42,119.168,22.414,1003.8,0.0,0.0,0.0,74.2,182.1
137.48,119.226,22.43,1003.26,0.0,0.0,0.0,74.2,182.1
137.52,119.264,22.441,1002.89,0.0,0.0,0.0,74.19,182.11
137.56,119.303,22.452,1002.53,0.0,0.0,0.0,74.19,182.11
137.62,119.361,22.468,1001.98,0.0,0.0,0.0,74.18,182.12
137.68,119.419,22.484,1001.44,0.0,0.0,0.0,74.18,182.13
137.72,119.457,22.495,1001.08,0.0,0.0,0.0,74.17,182.13
137.78,119.515,22.511,1000.53,0.0,0.0,0.0,74.17,182.14
137.82,119.553,22.522,1000.17,0.0,0.0,0.0,74.16,182.15
137.88,119.611,22.538,999.62,0.0,0.0,0.0,74.16,182.15
137.92,119.649,22.549,999.26,0.0,0.0,0.0,74.15,182.16
137.98,119.707,22.565,998.71,0.0,0.0,0.0,74.15,182.17
138.02,119.745,22.576,998.35,0.0,0.0,0.0,74.15,182.17
138.08,119.803,22.592,997.81,0.0,0.0,0.0,74.14,182.18
138.12,119.841,22.603,997.44,0.0,0.0,0.0,74.14,182.19
138.18,119.899,22.619,996.9,0.0,0.0,0.0,74.13,182.19
138.24,119.956,22.635,996.35,0.0,0.0,0.0,74.12,182.2
138.28,119.994,22.646,995.99,0.0,0.0,0.0,74.12,182.21
138.32,120.033,22.657,995.63,0.0,0.0,0.0,74.12,182.21
138.38,120.09,22.673,995.08,0.0,0.0,0.0,74.11,182.22
138.42,120.128,22.684,994.72,0.0,0.0,0.0,74.11,182.22
138.48,120.186,22.7,994.18,0.0,0.0,0.0,74.1,182.23
138.54,120.243,22.717,993.63,0.0,0.0,0.0,74.1,182.24
138.58,120.281,22.727,993.27,0.0,0.0,0.0,74.09,182.24
138.64,120.338,22.744,992.72,0.0,0.0,0.0,74.09,182.25
138.68,120.376,22.754,992.36,0.0,0.0,0.0,74.08,182.26
138.72,120.415,22.765,992.0,0.0,0.0,0.0,74.08,182.26
138.78,120.472,22.781,991.45,0.0,0.0,0.0,74.07,182.27
138.82,120.51,22.792,991.09,0.0,0.0,0.0,74.07,182.27
138.88,120.567,22.808,990.55,0.0,0.0,0.0,74.06,182.28
138.94,120.624,22.825,990.0,0.0,0.0,0.0,74.06,182.29
138.98,120.662,22.835,989.64,0.0,0.0,0.0,74.05,182.29
139.04,120.719,22.852,989.1,0.0,0.0,0.0,74.05,182.3
139.08,120.757,22.863,988.73,0.0,0.0,0.0,74.05,182.31
139.12,120.795,22.873,988.37,0.0,0.0,0.0,74.04,182.31
139.18,120.852,22.89,987.83,0.0,0.0,0.0,74.04,182.32
139.24,120.909,22.906,987.28,0.0,0.0,0.0,74.03,182.33
139.28,120.947,22.917,986.92,0.0,0.0,0.0,74.03,182.33
139.34,121.004,22.933,986.38,0.0,0.0,0.0,74.02,182.34
139.38,121.041,22.944,986.01,0.0,0.0,0.0,74.02,182.35
139.44,121.098,22.96,985.47,0.0,0.0,0.0,74.01,182.35
139.5,121.155,22.976,984.93,0.0,0.0,0.0,74.01,182.36
139.54,121.193,22.987,984.56,0.0,0.0,0.0,74.0,182.37
139.58,121.231,22.998,984.2,0.0,0.0,0.0,74.0,182.37
139.64,121.287,23.014,983.66,0.0,0.0,0.0,73.99,182.38
139.68,121.325,23.025,983.29,0.0,0.0,0.0,73.99,182.38
139.74,121.382,23.041,982.75,0.0,0.0,0.0,73.98,182.39
139.78,121.419,23.052,982.39,0.0,0.0,0.0,73.98,182.4
139.84,121.476,23.068,981.84,0.0,0.0,0.0,73.97,182.4
139.9,121.532,23.084,981.3,0.0,0.0,0.0,73.97,182.41
139.94,121.57,23.095,980.94,0.0,0.0,0.0,73.96,182.42
139.98,121.608,23.106,980.58,0.0,0.0,0.0,73.96,182.42
140.04,121.664,23.122,980.03,0.0,0.0,0.0,73.95,182.43
140.08,121.702,23.133,979.67,0.0,0.0,0.0,73.95,182.43
140.14,121.758,23.149,979.13,0.0,0.0,0.0,73.94,182.44
140.2,121.815,23.165,978.58,0.0,0.0,0.0,73.94,182.45
140.24,121.852,23.176,978.22,0.0,0.0,0.0,73.94,182.45
140.3,121.908,23.192,977.68,0.0,0.0,0.0,73.93,182.46
140.34,121.946,23.203,977.31,0.0,0.0,0.0,73.93,182.47
140.4,122.002,23.219,976.77,0.0,0.0,0.0,73.92,182.47
140.44,122.04,23.23,976.41,0.0,0.0,0.0,73.92,182.48
140.48,122.077,23.241,976.05,0.0,0.0,0.0,73.91,182.48
140.54,122.133,23.257,975.5,0.0,0.0,0.0,73.91,182.49
140.6,122.189,23.273,974.96,0.0,0.0,0.0,73.9,182.5
140.64,122.227,23.284,974.6,0.0,0.0,0.0,73.9,182.5
140.7,122.283,23.3,974.06,0.0,0.0,0.0,73.89,182.51
140.74,122.32,23.311,973.69,0.0,0.0,0.0,73.89,182.51
140.8,122.376,23.327,973.15,0.0,0.0,0.0,73.88,182.52
140.84,122.414,23.338,972.79,0.0,0.0,0.0,73.88,182.53
140.88,122.451,23.349,972.43,0.0,0.0,0.0,73.87,182.53
140.94,122.507,23.365,971.88,0.0,0.0,0.0,73.87,182.54
141.0,122.563,23.381,971.34,0.0,0.0,0.0,73.86,182.55
141.04,122.6,23.392,970.98,0.0,0.0,0.0,73.86,182.55
141.1,122.656,23.408,970.43,0.0,0.0,0.0,73.85,182.56
141.14,122.693,23.419,970.07,0.0,0.0,0.0,73.85,182.56
141.2,122.749,23.435,969.53,0.0,0.0,0.0,73.84,182.57
141.24,122.786,23.446,969.17,0.0,0.0,0.0,73.84,182.58
141.3,122.842,23.462,968.63,0.0,0.0,0.0,73.83,182.58
141.34,122.879,23.473,968.26,0.0,0.0,0.0,73.83,182.59
141.4,122.934,23.489,967.72,0.0,0.0,0.0,73.82,182.6
141.44,122.972,23.5,967.36,0.0,0.0,0.0,73.82,182.6
141.5,123.027,23.516,966.82,0.0,0.0,0.0,73.82,182.61
141.54,123.064,23.527,966.45,0.0,0.0,0.0,73.81,182.61
141.6,123.12,23.543,965.91,0.0,0.0,0.0,73.81,182.62
141.64,123.157,23.554,965.55,0.0,0.0,0.0,73.8,182.63
141.7,123.212,23.57,965.01,0.0,0.0,0.0,73.8,182.63
141.74,123.249,23.581,964.65,0.0,0.0,0.0,73.79,182.64
141.8,123.305,23.597,964.1,0.0,0.0,0.0,73.79,182.64
141.84,123.342,23.608,963.74,0.0,0.0,0.0,73.78,182.65
141.9,123.397,23.624,963.2,0.0,0.0,0.0,73.78,182.66
141.94,123.434,23.635,962.84,0.0,0.0,0.0,73.77,182.66
142.0,123.489,23.651,962.3,0.0,0.0,0.0,73.77,182.67
142.06,123.545,23.668,961.75,0.0,0.0,0.0,73.76,182.68
142.1,123.581,23.678,961.39,0.0,0.0,0.0,73.76,182.68
142.14,123.618,23.689,961.03,0.0,0.0,0.0,73.75,182.69
142.2,123.674,23.705,960.49,0.0,0.0,0.0,73.75,182.69
142.24,123.71,23.716,960.13,0.0,0.0,0.0,73.75,182.7
142.3,123.766,23.732,959.58,0.0,0.0,0.0,73.74,182.71
142.36,123.821,23.754,959.04,0.0,0.0,0.0,73.73,182.72
142.4,123.857,23.765,958.68,0.0,0.0,0.0,73.73,182.72
142.46,123.912,23.781,958.14,0.0,0.0,0.0,73.72,182.73
142.5,123.949,23.792,957.78,0.0,0.0,0.0,73.72,182.73
142.56,124.004,23.808,957.23,0.0,0.0,0.0,73.71,182.74
142.6,124.041,23.819,956.87,0.0,0.0,0.0,73.71,182.74
142.66,124.096,23.835,956.33,0.0,0.0,0.0,73.7,182.75
142.7,124.132,23.846,955.97,0.0,0.0,0.0,73.7,182.76
142.76,124.187,23.862,955.43,0.0,0.0,0.0,73.69,182.76
142.8,124.224,23.873,955.07,0.0,0.0,0.0,73.69,182.77
142.86,124.279,23.889,954.52,0.0,0.0,0.0,73.68,182.78
142.9,124.315,23.9,954.16,0.0,0.0,0.0,73.68,182.78
142.96,124.37,23.916,953.62,0.0,0.0,0.0,73.67,182.79
143.0,124.407,23.927,953.26,0.0,0.0,0.0,73.67,182.79
143.06,124.461,23.943,952.72,0.0,0.0,0.0,73.67,182.8
143.1,124.498,23.954,952.36,0.0,0.0,0.0,73.66,182.8
143.16,124.552,23.97,951.82,0.0,0.0,0.0,73.66,182.81
143.2,124.589,23.981,951.45,0.0,0.0,0.0,73.65,182.82
143.26,124.644,23.997,950.91,0.0,0.0,0.0,73.65,182.82
143.3,124.68,24.008,950.55,0.0,0.0,0.0,73.64,182.83
143.36,124.734,24.019,950.01,0.0,0.0,0.0,73.64,182.83
143.4,124.771,24.029,949.65,0.0,0.0,0.0,73.63,182.84
143.46,124.825,24.046,949.11,0.0,0.0,0.0,73.63,182.84
143.52,124.88,24.062,948.57,0.0,0.0,0.0,73.62,182.85
143.56,124.916,24.073,948.21,0.0,0.0,0.0,73.62,182.86
143.6,124.952,24.083,947.84,0.0,0.0,0.0,73.62,182.86
143.66,125.007,24.1,947.3,0.0,0.0,0.0,73.61,182.87
143.7,125.043,24.11,946.94,0.0,0.0,0.0,73.61,182.87
143.76,125.097,24.127,946.4,0.0,0.0,0.0,73.6,182.88
143.82,125.152,24.143,945.86,0.0,0.0,0.0,73.59,182.89
143.86,125.188,24.154,945.5,0.0,0.0,0.0,73.59,182.89
143.92,125.242,24.17,944.96,0.0,0.0,0.0,73.59,182.9
143.96,125.278,24.181,944.6,0.0,0.0,0.0,73.58,182.9
144.0,125.314,24.191,944.24,0.0,0.0,0.0,73.58,182.91
144.06,125.369,24.208,943.7,0.0,0.0,0.0,73.57,182.92
144.12,125.423,24.224,943.15,0.0,0.0,0.0,73.57,182.92
144.16,125.459,24.235,942.79,0.0,0.0,0.0,73.56,182.93
144.22,125.513,24.251,942.25,0.0,0.0,0.0,73.56,182.94
144.26,125.549,24.262,941.89,0.0,0.0,0.0,73.55,182.94
144.32,125.603,24.278,941.35,0.0,0.0,0.0,73.55,182.95
144.36,125.639,24.289,940.99,0.0,0.0,0.0,73.54,182.95
144.42,125.693,24.305,940.45,0.0,0.0,0.0,73.54,182.96
144.46,125.729,24.316,940.09,0.0,0.0,0.0,73.53,182.96
144.52,125.783,24.332,939.55,0.0,0.0,0.0,73.53,182.97
144.56,125.819,24.343,939.19,0.0,0.0,0.0,73.52,182.98
144.62,125.873,24.359,938.65,0.0,0.0,0.0,73.52,182.98
144.66,125.908,24.37,938.29,0.0,0.0,0.0,73.51,182.99
144.72,125.962,24.386,937.75,0.0,0.0,0.0,73.51,182.99
144.76,125.998,24.397,937.39,0.0,0.0,0.0,73.51,183.0
144.82,126.052,24.413,936.84,0.0,0.0,0.0,73.5,183.01
144.86,126.088,24.424,936.48,0.0,0.0,0.0,73.5,183.01
144.92,126.141,24.44,935.94,0.0,0.0,0.0,73.49,183.02
144.96,126.177,24.451,935.58,0.0,0.0,0.0,73.49,183.02
145.02,126.231,24.467,935.04,0.0,0.0,0.0,73.48,183.03
145.06,126.266,24.478,934.68,0.0,0.0,0.0,73.48,183.03
145.12,126.32,24.494,934.14,0.0,0.0,0.0,73.47,183.04
145.16,126.356,24.505,933.78,0.0,0.0,0.0,73.47,183.05
145.22,126.409,24.521,933.24,0.0,0.0,0.0,73.46,183.05
145.28,126.463,24.537,932.7,0.0,0.0,0.0,73.46,183.06
145.32,126.498,24.548,932.34,0.0,0.0,0.0,73.45,183.06
145.36,126.534,24.559,931.98,0.0,0.0,0.0,73.45,183.07
145.42,126.587,24.575,931.44,0.0,0.0,0.0,73.44,183.08
145.46,126.623,24.586,931.08,0.0,0.0,0.0,73.44,183.08
145.52,126.676,24.602,930.54,0.0,0.0,0.0,73.43,183.09
145.56,126.712,24.613,930.18,0.0,0.0,0.0,73.43,183.09
145.62,126.765,24.629,929.64,0.0,0.0,0.0,73.42,183.1
145.68,126.818,24.645,929.1,0.0,0.0,0.0,73.42,183.11
145.72,126.854,24.656,928.74,0.0,0.0,0.0,73.41,183.11
145.78,126.907,24.672,928.2,0.0,0.0,0.0,73.41,183.12
145.82,126.942,24.683,927.84,0.0,0.0,0.0,73.4,183.12
145.88,126.996,24.699,927.3,0.0,0.0,0.0,73.4,183.13
145.92,127.031,24.71,926.94,0.0,0.0,0.0,73.39,183.13
145.96,127.066,24.72,926.58,0.0,0.0,0.0,73.39,183.14
146.02,127.119,24.737,926.04,0.0,0.0,0.0,73.39,183.15
146.08,127.172,24.753,925.5,0.0,0.0,0.0,73.38,183.15
146.12,127.208,24.764,925.14,0.0,0.0,0.0,73.38,183.16
146.18,127.261,24.78,924.6,0.0,0.0,0.0,73.37,183.16
146.22,127.296,24.791,924.24,0.0,0.0,0.0,73.37,183.17
146.28,127.349,24.807,923.7,0.0,0.0,0.0,73.36,183.18
146.32,127.384,24.818,923.34,0.0,0.0,0.0,73.36,183.18
146.38,127.437,24.834,922.8,0.0,0.0,0.0,73.35,183.19
146.42,127.472,24.845,922.44,0.0,0.0,0.0,73.35,183.19
146.46,127.508,24.855,922.08,0.0,0.0,0.0,73.34,183.2
146.52,127.56,24.872,921.54,0.0,0.0,0.0,73.34,183.2
146.56,127.596,24.882,921.18,0.0,0.0,0.0,73.33,183.21
146.62,127.648,24.899,920.64,0.0,0.0,0.0,73.33,183.21
146.68,127.701,24.915,920.1,0.0,0.0,0.0,73.32,183.22
146.74,127.754,24.931,919.56,0.0,0.0,0.0,73.32,183.23
146.78,127.789,24.942,919.21,0.0,0.0,0.0,73.31,183.23
146.82,127.824,24.952,918.85,0.0,0.0,0.0,73.31,183.24
146.88,127.876,24.969,918.31,0.0,0.0,0.0,73.3,183.24
146.92,127.911,24.979,917.95,0.0,0.0,0.0,73.3,183.25
146.98,127.964,24.996,917.41,0.0,0.0,0.0,73.29,183.26
147.04,128.016,25.012,916.87,0.0,0.0,0.0,73.29,183.26
147.08,128.051,25.023,916.51,0.0,0.0,0.0,73.28,183.27
147.14,128.104,25.039,915.97,0.0,0.0,0.0,73.28,183.27
147.18,128.139,25.05,915.61,0.0,0.0,0.0,73.27,183.28
147.24,128.191,25.066,915.07,0.0,0.0,0.0,73.27,183.29
147.28,128.226,25.077,914.71,0.0,0.0,0.0,73.27,183.29
147.32,128.261,25.087,914.35,0.0,0.0,0.0,73.26,183.29
147.38,128.313,25.104,913.81,0.0,0.0,0.0,73.26,183.3
147.42,128.348,25.114,913.45,0.0,0.0,0.0,73.25,183.31
147.48,128.4,25.131,912.92,0.0,0.0,0.0,73.25,183.31
147.54,128.452,25.147,912.38,0.0,0.0,0.0,73.24,183.32
147.58,128.487,25.158,912.02,0.0,0.0,0.0,73.24,183.32
147.64,128.539,25.174,911.48,0.0,0.0,0.0,73.23,183.33
147.68,128.574,25.184,911.12,0.0,0.0,0.0,73.23,183.33
147.74,128.626,25.201,910.58,0.0,0.0,0.0,73.22,183.34
147.78,128.661,25.211,910.22,0.0,0.0,0.0,73.22,183.35
147.82,128.696,25.222,909.86,0.0,0.0,0.0,73.21,183.35
147.88,128.748,25.238,909.32,0.0,0.0,0.0,73.21,183.36
147.94,128.8,25.255,908.79,0.0,0.0,0.0,73.2,183.36
147.98,128.834,25.265,908.43,0.0,0.0,0.0,73.2,183.37
148.04,128.886,25.282,907.89,0.0,0.0,0.0,73.19,183.38
148.08,128.921,25.292,907.53,0.0,0.0,0.0,73.19,183.38
148.14,128.973,25.309,906.99,0.0,0.0,0.0,73.18,183.39
148.18,129.007,25.319,906.63,0.0,0.0,0.0,73.18,183.39
148.24,129.059,25.336,906.09,0.0,0.0,0.0,73.17,183.4
148.28,129.094,25.346,905.73,0.0,0.0,0.0,73.17,183.4
148.34,129.145,25.362,905.2,0.0,0.0,0.0,73.16,183.41
148.38,129.18,25.373,904.84,0.0,0.0,0.0,73.16,183.41
148.44,129.231,25.389,904.3,0.0,0.0,0.0,73.15,183.42
148.48,129.266,25.4,903.94,0.0,0.0,0.0,73.15,183.43
148.54,129.318,25.416,903.4,0.0,0.0,0.0,73.14,183.43
148.58,129.352,25.427,903.04,0.0,0.0,0.0,73.14,183.44
148.64,129.404,25.443,902.51,0.0,0.0,0.0,73.14,183.44
148.68,129.438,25.454,902.15,0.0,0.0,0.0,73.13,183.45
148.74,129.489,25.47,901.61,0.0,0.0,0.0,73.13,183.45
148.78,129.524,25.481,901.25,0.0,0.0,0.0,73.12,183.46
148.84,129.575,25.497,900.71,0.0,0.0,0.0,73.12,183.47
148.88,129.61,25.508,900.35,0.0,0.0,0.0,73.11,183.47
148.94,129.661,25.524,899.82,0.0,0.0,0.0,73.11,183.48
148.98,129.695,25.535,899.46,0.0,0.0,0.0,73.1,183.48
149.04,129.747,25.551,898.92,0.0,0.0,0.0,73.1,183.49
149.1,129.798,25.567,898.38,0.0,0.0,0.0,73.09,183.49
149.14,129.832,25.578,898.02,0.0,0.0,0.0,73.09,183.5
149.2,129.883,25.594,897.49,0.0,0.0,0.0,73.08,183.51
149.24,129.918,25.605,897.13,0.0,0.0,0.0,73.08,183.51
149.3,129.969,25.621,896.59,0.0,0.0,0.0,73.07,183.52
149.34,130.003,25.632,896.23,0.0,0.0,0.0,73.07,183.52
149.4,130.054,25.648,895.69,0.0,0.0,0.0,73.06,183.53
149.44,130.088,25.659,895.34,0.0,0.0,0.0,73.06,183.53
149.48,130.122,25.67,894.98,0.0,0.0,0.0,73.05,183.54
149.54,130.173,25.686,894.44,0.0,0.0,0.0,73.05,183.54
149.58,130.207,25.697,894.08,0.0,0.0,0.0,73.05,183.55
149.64,130.258,25.713,893.54,0.0,0.0,0.0,73.04,183.55
149.7,130.309,25.729,893.01,0.0,0.0,0.0,73.03,183.56
149.74,130.343,25.74,892.65,0.0,0.0,0.0,73.03,183.57
149.78,130.377,25.751,892.29,0.0,0.0,0.0,73.03,183.57
149.84,130.428,25.767,891.75,0.0,0.0,0.0,73.02,183.58
149.9,130.479,25.783,891.22,0.0,0.0,0.0,73.01,183.58
149.94,130.513,25.794,890.86,0.0,0.0,0.0,73.01,183.59
150.0,130.564,25.81,890.32,0.0,0.0,0.0,73.01,183.59
150.04,130.598,25.821,889.96,0.0,0.0,0.0,73.0,183.6
150.1,130.648,25.837,889.43,0.0,0.0,0.0,73.0,183.61
150.14,130.682,25.848,889.07,0.0,0.0,0.0,72.99,183.61
150.2,130.733,25.864,888.53,0.0,0.0,0.0,72.99,183.62
150.24,130.767,25.875,888.17,0.0,0.0,0.0,72.98,183.62
150.3,130.817,25.891,887.64,0.0,0.0,0.0,72.98,183.63
150.34,130.851,25.902,887.28,0.0,0.0,0.0,72.97,183.63
150.4,130.902,25.918,886.74,0.0,0.0,0.0,72.97,183.64
150.44,130.935,25.929,886.38,0.0,0.0,0.0,72.96,183.64
150.5,130.986,25.945,885.85,0.0,0.0,0.0,72.96,183.65
150.56,131.036,25.961,885.31,0.0,0.0,0.0,72.95,183.66
150.6,131.07,25.972,884.95,0.0,0.0,0.0,72.95,183.66
150.64,131.104,25.983,884.59,0.0,0.0,0.0,72.94,183.66
150.7,131.154,25.999,884.06,0.0,0.0,0.0,72.94,183.67
150.74,131.188,26.01,883.7,0.0,0.0,0.0,72.93,183.68
150.8,131.238,26.026,883.16,0.0,0.0,0.0,72.93,183.68
150.84,131.272,26.037,882.8,0.0,0.0,0.0,72.92,183.69
150.9,131.322,26.053,882.27,0.0,0.0,0.0,72.92,183.69
150.94,131.355,26.064,881.91,0.0,0.0,0.0,72.92,183.7
151.0,131.406,26.08,881.37,0.0,0.0,0.0,72.91,183.7
151.06,131.456,26.096,880.84,0.0,0.0,0.0,72.9,183.71
151.1,131.489,26.107,880.48,0.0,0.0,0.0,72.9,183.71
151.16,131.539,26.123,879.94,0.0,0.0,0.0,72.89,183.72
151.2,131.573,26.134,879.59,0.0,0.0,0.0,72.89,183.73
151.24,131.606,26.144,879.23,0.0,0.0,0.0,72.89,183.73
151.3,131.656,26.161,878.69,0.0,0.0,0.0,72.88,183.74
151.34,131.69,26.171,878.34,0.0,0.0,0.0,72.88,183.74
151.4,131.74,26.188,877.8,0.0,0.0,0.0,72.87,183.75
151.44,131.773,26.198,877.44,0.0,0.0,0.0,72.87,183.75
151.5,131.823,26.214,876.91,0.0,0.0,0.0,72.86,183.76
151.56,131.873,26.231,876.37,0.0,0.0,0.0,72.86,183.76
151.6,131.906,26.241,876.01,0.0,0.0,0.0,72.85,183.77
151.66,131.956,26.258,875.48,0.0,0.0,0.0,72.85,183.78
151.7,131.989,26.268,875.12,0.0,0.0,0.0,72.84,183.78
151.76,132.039,26.285,874.58,0.0,0.0,0.0,72.84,183.79
151.8,132.072,26.295,874.23,0.0,0.0,0.0,72.83,183.79
151.86,132.122,26.312,873.69,0.0,0.0,0.0,72.83,183.8
151.92,132.172,26.328,873.16,0.0,0.0,0.0,72.82,183.8
151.96,132.205,26.338,872.8,0.0,0.0,0.0,72.82,183.81
152.02,132.255,26.355,872.26,0.0,0.0,0.0,72.81,183.81
152.06,132.288,26.365,871.91,0.0,0.0,0.0,72.81,183.82
152.1,132.321,26.376,871.55,0.0,0.0,0.0,72.8,183.82
152.16,132.37,26.392,871.01,0.0,0.0,0.0,72.8,183.83
152.2,132.404,26.403,870.66,0.0,0.0,0.0,72.79,183.83
152.26,132.453,26.419,870.12,0.0,0.0,0.0,72.79,183.84
152.3,132.486,26.43,869.76,0.0,0.0,0.0,72.79,183.84
152.36,132.536,26.446,869.23,0.0,0.0,0.0,72.78,183.85
152.4,132.569,26.457,868.87,0.0,0.0,0.0,72.78,183.86
152.46,132.618,26.473,868.34,0.0,0.0,0.0,72.77,183.86
152.5,132.651,26.484,867.98,0.0,0.0,0.0,72.77,183.87
152.56,132.7,26.5,867.44,0.0,0.0,0.0,72.76,183.87
152.62,132.75,26.516,866.91,0.0,0.0,0.0,72.75,183.88
152.66,132.782,26.527,866.55,0.0,0.0,0.0,72.75,183.88
152.72,132.832,26.543,866.02,0.0,0.0,0.0,72.74,183.89
152.76,132.865,26.554,865.66,0.0,0.0,0.0,72.74,183.89
152.82,132.914,26.57,865.12,0.0,0.0,0.0,72.74,183.9
152.86,132.947,26.581,864.77,0.0,0.0,0.0,72.73,183.9
152.92,132.996,26.597,864.23,0.0,0.0,0.0,72.73,183.91
152.96,133.029,26.608,863.88,0.0,0.0,0.0,72.72,183.92
153.02,133.078,26.624,863.34,0.0,0.0,0.0,72.72,183.92
153.06,133.11,26.635,862.98,0.0,0.0,0.0,72.71,183.93
153.12,133.159,26.651,862.45,0.0,0.0,0.0,72.71,183.93
153.16,133.192,26.662,862.09,0.0,0.0,0.0,72.7,183.94
153.22,133.241,26.678,861.56,0.0,0.0,0.0,72.7,183.94
153.26,133.274,26.689,861.2,0.0,0.0,0.0,72.69,183.95
153.32,133.323,26.705,860.67,0.0,0.0,0.0,72.69,183.95
153.36,133.355,26.716,860.31,0.0,0.0,0.0,72.68,183.96
153.42,133.404,26.732,859.78,0.0,0.0,0.0,72.68,183.96
153.46,133.437,26.743,859.42,0.0,0.0,0.0,72.67,183.97
153.52,133.486,26.759,858.89,0.0,0.0,0.0,72.67,183.97
153.58,133.534,26.775,858.35,0.0,0.0,0.0,72.66,183.98
153.62,133.567,26.786,857.99,0.0,0.0,0.0,72.66,183.99
153.66,133.599,26.797,857.64,0.0,0.0,0.0,72.65,183.99
153.72,133.648,26.813,857.1,0.0,0.0,0.0,72.65,184.0
153.76,133.681,26.823,856.75,0.0,0.0,0.0,72.65,184.0
153.82,133.729,26.84,856.21,0.0,0.0,0.0,72.64,184.01
153.86,133.762,26.85,855.86,0.0,0.0,0.0,72.64,184.01
153.92,133.81,26.867,855.32,0.0,0.0,0.0,72.63,184.02
153.96,133.843,26.877,854.97,0.0,0.0,0.0,72.63,184.02
154.02,133.891,26.894,854.43,0.0,0.0,0.0,72.62,184.03
154.06,133.924,26.904,854.08,0.0,0.0,0.0,72.62,184.03
154.12,133.972,26.92,853.54,0.0,0.0,0.0,72.61,184.04
154.16,134.004,26.931,853.19,0.0,0.0,0.0,72.61,184.04
154.22,134.053,26.947,852.65,0.0,0.0,0.0,72.6,184.05
154.26,134.085,26.958,852.3,0.0,0.0,0.0,72.6,184.05
154.32,134.133,26.974,851.76,0.0,0.0,0.0,72.59,184.06
154.36,134.166,26.985,851.41,0.0,0.0,0.0,72.59,184.06
154.42,134.214,27.001,850.87,0.0,0.0,0.0,72.58,184.07
154.46,134.246,27.012,850.52,0.0,0.0,0.0,72.58,184.07
154.52,134.294,27.028,849.98,0.0,0.0,0.0,72.57,184.08
154.58,134.343,27.044,849.45,0.0,0.0,0.0,72.57,184.09
154.62,134.375,27.055,849.09,0.0,0.0,0.0,72.56,184.09
154.68,134.423,27.071,848.56,0.0,0.0,0.0,72.56,184.1
154.72,134.455,27.082,848.2,0.0,0.0,0.0,72.55,184.1
154.78,134.503,27.098,847.67,0.0,0.0,0.0,72.55,184.11
154.82,134.535,27.109,847.32,0.0,0.0,0.0,72.54,184.11
154.88,134.583,27.125,846.78,0.0,0.0,0.0,72.54,184.12
154.92,134.615,27.136,846.43,0.0,0.0,0.0,72.53,184.12
154.98,134.663,27.152,845.89,0.0,0.0,0.0,72.53,184.13
155.02,134.695,27.163,845.54,0.0,0.0,0.0,72.52,184.13
155.08,134.743,27.179,845.0,0.0,0.0,0.0,72.52,184.14
155.12,134.775,27.19,844.65,0.0,0.0,0.0,72.51,184.14
155.18,134.823,27.206,844.12,0.0,0.0,0.0,72.51,184.15
155.22,134.855,27.217,843.76,0.0,0.0,0.0,72.51,184.15
155.28,134.903,27.233,843.23,0.0,0.0,0.0,72.5,184.16
155.34,134.951,27.249,842.69,0.0,0.0,0.0,72.49,184.17
155.38,134.983,27.26,842.34,0.0,0.0,0.0,72.49,184.17
155.44,135.03,27.276,841.81,0.0,0.0,0.0,72.48,184.18
155.48,135.062,27.287,841.45,0.0,0.0,0.0,72.48,184.18
155.52,135.094,27.298,841.09,0.0,0.0,0.0,72.48,184.18
155.58,135.142,27.314,840.56,0.0,0.0,0.0,72.47,184.19
155.62,135.173,27.324,840.21,0.0,0.0,0.0,72.47,184.19
155.68,135.221,27.341,839.67,0.0,0.0,0.0,72.46,184.2
155.72,135.253,27.351,839.32,0.0,0.0,0.0,72.46,184.2
155.78,135.3,27.368,838.79,0.0,0.0,0.0,72.45,184.21
155.82,135.332,27.378,838.43,0.0,0.0,0.0,72.45,184.22
155.88,135.379,27.394,837.9,0.0,0.0,0.0,72.44,184.22
155.92,135.411,27.405,837.54,0.0,0.0,0.0,72.44,184.23
155.98,135.458,27.421,837.01,0.0,0.0,0.0,72.43,184.23
156.02,135.49,27.432,836.66,0.0,0.0,0.0,72.43,184.24
156.08,135.537,27.448,836.12,0.0,0.0,0.0,72.42,184.24
156.12,135.569,27.459,835.77,0.0,0.0,0.0,72.42,184.25
156.18,135.616,27.475,835.24,0.0,0.0,0.0,72.41,184.25
156.22,135.648,27.486,834.88,0.0,0.0,0.0,72.41,184.26
156.28,135.695,27.502,834.35,0.0,0.0,0.0,72.4,184.26
156.32,135.727,27.513,833.99,0.0,0.0,0.0,72.4,184.27
156.38,135.774,27.529,833.46,0.0,0.0,0.0,72.39,184.27
156.44,135.821,27.545,832.93,0.0,0.0,0.0,72.39,184.28
156.48,135.852,27.556,832.57,0.0,0.0,0.0,72.38,184.28
156.54,135.9,27.572,832.04,0.0,0.0,0.0,72.38,184.29
156.58,135.931,27.583,831.69,0.0,0.0,0.0,72.37,184.29
156.62,135.962,27.594,831.33,0.0,0.0,0.0,72.37,184.3
156.68,136.009,27.61,830.8,0.0,0.0,0.0,72.37,184.3
156.72,136.041,27.621,830.45,0.0,0.0,0.0,72.36,184.31
156.78,136.088,27.637,829.91,0.0,0.0,0.0,72.36,184.31
156.84,136.135,27.653,829.38,0.0,0.0,0.0,72.35,184.32
156.88,136.166,27.664,829.03,0.0,0.0,0.0,72.35,184.32
156.94,136.213,27.68,828.5,0.0,0.0,0.0,72.34,184.33
156.98,136.244,27.691,828.14,0.0,0.0,0.0,72.34,184.33
157.04,136.291,27.707,827.61,0.0,0.0,0.0,72.33,184.34
157.08,136.322,27.718,827.25,0.0,0.0,0.0,72.33,184.34
157.14,136.369,27.734,826.72,0.0,0.0,0.0,72.32,184.35
157.18,136.4,27.745,826.37,0.0,0.0,0.0,72.32,184.35
157.24,136.447,27.761,825.84,0.0,0.0,0.0,72.31,184.36
157.28,136.478,27.771,825.48,0.0,0.0,0.0,72.31,184.36
157.34,136.525,27.788,824.95,0.0,0.0,0.0,72.3,184.37
157.38,136.556,27.798,824.6,0.0,0.0,0.0,72.3,184.37
157.44,136.602,27.814,824.07,0.0,0.0,0.0,72.29,184.38
157.48,136.634,27.825,823.71,0.0,0.0,0.0,72.29,184.39
157.54,136.68,27.841,823.18,0.0,0.0,0.0,72.28,184.39
157.58,136.711,27.852,822.83,0.0,0.0,0.0,72.28,184.4
157.64,136.758,27.868,822.29,0.0,0.0,0.0,72.27,184.4
157.68,136.789,27.879,821.94,0.0,0.0,0.0,72.27,184.41
157.74,136.835,27.895,821.41,0.0,0.0,0.0,72.26,184.41
157.78,136.866,27.906,821.06,0.0,0.0,0.0,72.26,184.42
157.84,136.912,27.922,820.52,0.0,0.0,0.0,72.25,184.42
157.88,136.943,27.933,820.17,0.0,0.0,0.0,72.25,184.43
157.94,136.99,27.949,819.64,0.0,0.0,0.0,72.24,184.43
157.98,137.021,27.96,819.29,0.0,0.0,0.0,72.24,184.44
158.04,137.067,27.976,818.75,0.0,0.0,0.0,72.23,184.44
158.08,137.098,27.987,818.4,0.0,0.0,0.0,72.23,184.45
158.14,137.144,28.003,817.87,0.0,0.0,0.0,72.23,184.45
158.18,137.175,28.014,817.52,0.0,0.0,0.0,72.22,184.46
158.24,137.221,28.03,816.99,0.0,0.0,0.0,72.22,184.46
158.3,137.267,28.046,816.45,0.0,0.0,0.0,72.21,184.47
158.34,137.298,28.057,816.1,0.0,0.0,0.0,72.21,184.47
158.4,137.344,28.073,815.57,0.0,0.0,0.0,72.2,184.48
158.44,137.374,28.084,815.22,0.0,0.0,0.0,72.2,184.48
158.5,137.421,28.1,814.69,0.0,0.0,0.0,72.19,184.49
158.54,137.451,28.111,814.33,0.0,0.0,0.0,72.19,184.49
158.6,137.497,28.127,813.8,0.0,0.0,0.0,72.18,184.5
158.64,137.528,28.138,813.45,0.0,0.0,0.0,72.18,184.5
158.7,137.574,28.154,812.92,0.0,0.0,0.0,72.17,184.51
158.74,137.604,28.164,812.57,0.0,0.0,0.0,72.17,184.51
158.8,137.65,28.181,812.03,0.0,0.0,0.0,72.16,184.52
158.84,137.681,28.191,811.68,0.0,0.0,0.0,72.16,184.52
158.9,137.726,28.207,811.15,0.0,0.0,0.0,72.15,184.53
158.94,137.757,28.218,810.8,0.0,0.0,0.0,72.15,184.53
159.0,137.803,28.234,810.27,0.0,0.0,0.0,72.14,184.54
159.06,137.848,28.251,809.74,0.0,0.0,0.0,72.14,184.54
159.1,137.879,28.261,809.38,0.0,0.0,0.0,72.13,184.55
159.14,137.909,28.272,809.03,0.0,0.0,0.0,72.13,184.55
159.2,137.955,28.288,808.5,0.0,0.0,0.0,72.12,184.56
159.24,137.985,28.299,808.15,0.0,0.0,0.0,72.12,184.56
159.3,138.031,28.315,807.62,0.0,0.0,0.0,72.11,184.57
159.34,138.061,28.326,807.27,0.0,0.0,0.0,72.11,184.57
159.4,138.107,28.342,806.74,0.0,0.0,0.0,72.1,184.58
159.44,138.137,28.353,806.38,0.0,0.0,0.0,72.1,184.58
159.5,138.183,28.369,805.85,0.0,0.0,0.0,72.09,184.59
159.56,138.228,28.385,805.32,0.0,0.0,0.0,72.09,184.59
159.6,138.258,28.396,804.97,0.0,0.0,0.0,72.08,184.6
159.66,138.304,28.412,804.44,0.0,0.0,0.0,72.08,184.6
159.7,138.334,28.423,804.09,0.0,0.0,0.0,72.08,184.61
159.76,138.379,28.439,803.56,0.0,0.0,0.0,72.07,184.61
159.8,138.409,28.45,803.21,0.0,0.0,0.0,72.07,184.62
159.86,138.455,28.466,802.68,0.0,0.0,0.0,72.06,184.62
159.9,138.485,28.477,802.32,0.0,0.0,0.0,72.06,184.63
159.96,138.53,28.493,801.79,0.0,0.0,0.0,72.05,184.63
160.0,138.56,28.503,801.44,0.0,0.0,0.0,72.05,184.64
160.06,138.605,28.52,800.91,0.0,0.0,0.0,72.04,184.64
160.1,138.635,28.53,800.56,0.0,0.0,0.0,72.04,184.65
160.16,138.68,28.547,800.03,0.0,0.0,0.0,72.03,184.65
160.2,138.71,28.557,799.68,0.0,0.0,0.0,72.03,184.66
160.26,138.755,28.573,799.15,0.0,0.0,0.0,72.02,184.66
160.3,138.785,28.584,798.8,0.0,0.0,0.0,72.02,184.67
160.36,138.83,28.6,798.27,0.0,0.0,0.0,72.01,184.67
160.4,138.86,28.611,797.92,0.0,0.0,0.0,72.01,184.68
160.46,138.905,28.627,797.39,0.0,0.0,0.0,72.0,184.68
160.5,138.935,28.638,797.03,0.0,0.0,0.0,72.0,184.69
160.56,138.98,28.654,796.51,0.0,0.0,0.0,71.99,184.69
160.6,139.01,28.665,796.15,0.0,0.0,0.0,71.99,184.7
160.66,139.055,28.681,795.62,0.0,0.0,0.0,71.98,184.7
160.7,139.085,28.692,795.27,0.0,0.0,0.0,71.98,184.71
160.76,139.129,28.708,794.74,0.0,0.0,0.0,71.97,184.71
160.8,139.159,28.719,794.39,0.0,0.0,0.0,71.97,184.72
160.86,139.204,28.735,793.86,0.0,0.0,0.0,71.96,184.72
160.9,139.234,28.746,793.51,0.0,0.0,0.0,71.96,184.73
160.96,139.278,28.762,792.98,0.0,0.0,0.0,71.95,184.73
161.0,139.308,28.773,792.63,0.0,0.0,0.0,71.95,184.74
161.06,139.353,28.789,792.1,0.0,0.0,0.0,71.94,184.74
161.1,139.382,28.799,791.75,0.0,0.0,0.0,71.94,184.74
161.16,139.427,28.816,791.22,0.0,0.0,0.0,71.93,184.75
161.2,139.457,28.826,790.87,0.0,0.0,0.0,71.93,184.75
161.26,139.501,28.842,790.34,0.0,0.0,0.0,71.92,184.76
161.3,139.531,28.853,789.99,0.0,0.0,0.0,71.92,184.76
161.36,139.575,28.869,789.46,0.0,0.0,0.0,71.92,184.77
161.4,139.605,28.88,789.11,0.0,0.0,0.0,71.91,184.77
161.46,139.649,28.896,788.58,0.0,0.0,0.0,71.91,184.78
161.5,139.679,28.907,788.23,0.0,0.0,0.0,71.9,184.78
161.56,139.723,28.923,787.7,0.0,0.0,0.0,71.9,184.79
161.6,139.752,28.934,787.35,0.0,0.0,0.0,71.89,184.79
161.66,139.797,28.95,786.82,0.0,0.0,0.0,71.89,184.8
161.72,139.841,28.966,786.3,0.0,0.0,0.0,71.88,184.81
161.76,139.87,28.977,785.94,0.0,0.0,0.0,71.88,184.81
161.82,139.914,28.993,785.42,0.0,0.0,0.0,71.87,184.81
161.86,139.944,29.004,785.07,0.0,0.0,0.0,71.87,184.82
161.92,139.988,29.02,784.54,0.0,0.0,0.0,71.86,184.82
161.96,140.017,29.031,784.19,0.0,0.0,0.0,71.86,184.83
162.02,140.061,29.047,783.66,0.0,0.0,0.0,71.85,184.83
162.06,140.091,29.058,783.31,0.0,0.0,0.0,71.85,184.84
162.12,140.135,29.074,782.78,0.0,0.0,0.0,71.84,184.84
162.16,140.164,29.085,782.43,0.0,0.0,0.0,71.84,184.85
162.22,140.208,29.101,781.9,0.0,0.0,0.0,71.83,184.85
162.26,140.237,29.111,781.55,0.0,0.0,0.0,71.83,184.86
162.32,140.281,29.128,781.02,0.0,0.0,0.0,71.82,184.86
162.36,140.31,29.138,780.67,0.0,0.0,0.0,71.82,184.87
162.42,140.354,29.155,780.15,0.0,0.0,0.0,71.81,184.87
162.46,140.383,29.165,779.79,0.0,0.0,0.0,71.81,184.88
162.52,140.427,29.181,779.27,0.0,0.0,0.0,71.8,184.88
162.56,140.456,29.192,778.92,0.0,0.0,0.0,71.8,184.89
162.62,140.5,29.208,778.39,0.0,0.0,0.0,71.79,184.89
162.66,140.529,29.219,778.04,0.0,0.0,0.0,71.79,184.9
162.72,140.573,29.235,777.51,0.0,0.0,0.0,71.78,184.9
162.78,140.616,29.251,776.99,0.0,0.0,0.0,71.78,184.91
162.82,140.645,29.262,776.63,0.0,0.0,0.0,71.77,184.91
162.88,140.689,29.278,776.11,0.0,0.0,0.0,71.77,184.92
162.92,140.718,29.289,775.76,0.0,0.0,0.0,71.77,184.92
162.98,140.762,29.305,775.23,0.0,0.0,0.0,71.76,184.93
163.02,140.791,29.316,774.88,0.0,0.0,0.0,71.76,184.93
163.08,140.834,29.332,774.35,0.0,0.0,0.0,71.75,184.94
163.12,140.863,29.343,774.0,0.0,0.0,0.0,71.75,184.94
163.18,140.906,29.359,773.48,0.0,0.0,0.0,71.74,184.95
163.22,140.935,29.37,773.13,0.0,0.0,0.0,71.74,184.95
163.28,140.979,29.386,772.6,0.0,0.0,0.0,71.73,184.95
163.32,141.007,29.397,772.25,0.0,0.0,0.0,71.73,184.96
163.38,141.051,29.413,771.72,0.0,0.0,0.0,71.72,184.96
163.42,141.08,29.423,771.37,0.0,0.0,0.0,71.72,184.97
163.48,141.123,29.44,770.85,0.0,0.0,0.0,71.71,184.97
163.52,141.152,29.45,770.5,0.0,0.0,0.0,71.71,184.98
163.58,141.195,29.466,769.97,0.0,0.0,0.0,71.7,184.98
163.62,141.223,29.477,769.62,0.0,0.0,0.0,71.7,184.99
163.68,141.267,29.493,769.09,0.0,0.0,0.0,71.69,184.99
163.72,141.295,29.504,768.74,0.0,0.0,0.0,71.69,185.0
163.78,141.338,29.52,768.22,0.0,0.0,0.0,71.68,185.0
163.82,141.367,29.531,767.87,0.0,0.0,0.0,71.68,185.01
163.88,141.41,29.547,767.34,0.0,0.0,0.0,71.67,185.01
163.92,141.439,29.558,766.99,0.0,0.0,0.0,71.67,185.02
163.98,141.482,29.574,766.47,0.0,0.0,0.0,71.66,185.02
164.02,141.51,29.585,766.12,0.0,0.0,0.0,71.66,185.02
164.08,141.553,29.601,765.59,0.0,0.0,0.0,71.65,185.03
164.12,141.582,29.612,765.24,0.0,0.0,0.0,71.65,185.03
164.18,141.625,29.628,764.72,0.0,0.0,0.0,71.64,185.04
164.22,141.653,29.639,764.37,0.0,0.0,0.0,71.64,185.04
164.28,141.696,29.655,763.84,0.0,0.0,0.0,71.63,185.05
164.32,141.724,29.665,763.49,0.0,0.0,0.0,71.63,185.05
164.38,141.767,29.682,762.97,0.0,0.0,0.0,71.62,185.06
164.42,141.796,29.692,762.62,0.0,0.0,0.0,71.62,185.06
164.48,141.838,29.708,762.09,0.0,0.0,0.0,71.61,185.07
164.54,141.881,29.725,761.57,0.0,0.0,0.0,71.61,185.07
164.58,141.909,29.735,761.22,0.0,0.0,0.0,71.61,185.08
164.62,141.938,29.746,760.87,0.0,0.0,0.0,71.6,185.08
164.68,141.98,29.762,760.34,0.0,0.0,0.0,71.6,185.09
164.72,142.009,29.773,759.99,0.0,0.0,0.0,71.59,185.09
164.78,142.051,29.789,759.47,0.0,0.0,0.0,71.59,185.1
164.82,142.079,29.8,759.12,0.0,0.0,0.0,71.58,185.1
164.88,142.122,29.816,758.59,0.0,0.0,0.0,71.58,185.11
164.94,142.164,29.832,758.07,0.0,0.0,0.0,71.57,185.11
164.98,142.192,29.843,757.72,0.0,0.0,0.0,71.57,185.12
165.02,142.221,29.854,757.37,0.0,0.0,0.0,71.56,185.12
165.08,142.263,29.87,756.85,0.0,0.0,0.0,71.56,185.12
165.12,142.291,29.881,756.5,0.0,0.0,0.0,71.55,185.13
165.18,142.333,29.897,755.97,0.0,0.0,0.0,71.55,185.13
165.22,142.362,29.907,755.62,0.0,0.0,0.0,71.54,185.14
165.28,142.404,29.924,755.1,0.0,0.0,0.0,71.54,185.14
165.32,142.432,29.934,754.75,0.0,0.0,0.0,71.53,185.15
165.38,142.474,29.95,754.23,0.0,0.0,0.0,71.53,185.15
165.42,142.502,29.961,753.88,0.0,0.0,0.0,71.52,185.16
165.48,142.544,29.977,753.35,0.0,0.0,0.0,71.52,185.16
165.52,142.572,29.988,753.0,0.0,0.0,0.0,71.51,185.17
165.58,142.614,30.004,752.48,0.0,0.0,0.0,71.51,185.17
165.64,142.656,30.02,751.96,0.0,0.0,0.0,71.5,185.18
165.68,142.684,30.031,751.61,0.0,0.0,0.0,71.5,185.18
165.74,142.726,30.047,751.08,0.0,0.0,0.0,71.49,185.19
165.78,142.754,30.058,750.73,0.0,0.0,0.0,71.49,185.19
165.84,142.796,30.074,750.21,0.0,0.0,0.0,71.48,185.2
165.9,142.838,30.09,749.69,0.0,0.0,0.0,71.48,185.2
165.94,142.866,30.101,749.34,0.0,0.0,0.0,71.47,185.2
165.98,142.894,30.112,748.99,0.0,0.0,0.0,71.47,185.21
166.04,142.936,30.128,748.47,0.0,0.0,0.0,71.46,185.21
166.08,142.963,30.139,748.12,0.0,0.0,0.0,71.46,185.22
166.14,143.005,30.155,747.59,0.0,0.0,0.0,71.45,185.22
166.18,143.033,30.165,747.25,0.0,0.0,0.0,71.45,185.23
166.24,143.075,30.182,746.72,0.0,0.0,0.0,71.45,185.23
166.28,143.102,30.192,746.37,0.0,0.0,0.0,71.44,185.24
166.34,143.144,30.208,745.85,0.0,0.0,0.0,71.44,185.24
166.38,143.172,30.219,745.5,0.0,0.0,0.0,71.43,185.24
166.44,143.213,30.235,744.98,0.0,0.0,0.0,71.43,185.25
166.48,143.241,30.246,744.63,0.0,0.0,0.0,71.42,185.25
166.54,143.283,30.262,744.11,0.0,0.0,0.0,71.42,185.26
166.58,143.31,30.273,743.76,0.0,0.0,0.0,71.41,185.26
166.64,143.352,30.289,743.24,0.0,0.0,0.0,71.41,185.27
166.68,143.379,30.3,742.89,0.0,0.0,0.0,71.4,185.27
166.74,143.421,30.316,742.37,0.0,0.0,0.0,71.4,185.28
166.78,143.448,30.327,742.02,0.0,0.0,0.0,71.39,185.28
166.84,143.49,30.343,741.5,0.0,0.0,0.0,71.39,185.29
166.88,143.517,30.354,741.15,0.0,0.0,0.0,71.38,185.29
166.94,143.558,30.37,740.63,0.0,0.0,0.0,71.38,185.3
166.98,143.586,30.381,740.28,0.0,0.0,0.0,71.37,185.3
167.04,143.627,30.397,739.75,0.0,0.0,0.0,71.37,185.31
167.08,143.655,30.407,739.41,0.0,0.0,0.0,71.36,185.31
167.14,143.696,30.424,738.88,0.0,0.0,0.0,71.36,185.31
167.18,143.723,30.434,738.54,0.0,0.0,0.0,71.35,185.32
167.24,143.764,30.45,738.01,0.0,0.0,0.0,71.35,185.32
167.28,143.792,30.461,737.67,0.0,0.0,0.0,71.34,185.33
167.34,143.833,30.477,737.14,0.0,0.0,0.0,71.34,185.33
167.4,143.874,30.493,736.62,0.0,0.0,0.0,71.33,185.34
167.44,143.901,30.504,736.28,0.0,0.0,0.0,71.33,185.34
167.5,143.942,30.52,735.75,0.0,0.0,0.0,71.32,185.35
167.54,143.969,30.531,735.41,0.0,0.0,0.0,71.32,185.35
167.6,144.01,30.547,734.88,0.0,0.0,0.0,71.31,185.36
167.64,144.037,30.558,734.54,0.0,0.0,0.0,71.31,185.36
167.7,144.078,30.574,734.02,0.0,0.0,0.0,71.3,185.37
167.74,144.106,30.585,733.67,0.0,0.0,0.0,71.3,185.37
167.8,144.146,30.601,733.15,0.0,0.0,0.0,71.29,185.37
167.84,144.173,30.612,732.8,0.0,0.0,0.0,71.29,185.38
167.9,144.214,30.628,732.28,0.0,0.0,0.0,71.28,185.38
167.94,144.241,30.639,731.93,0.0,0.0,0.0,71.28,185.39
168.0,144.282,30.655,731.41,0.0,0.0,0.0,71.28,185.39
168.04,144.309,30.665,731.06,0.0,0.0,0.0,71.27,185.4
168.1,144.35,30.681,730.54,0.0,0.0,0.0,71.27,185.4
168.16,144.39,30.698,730.02,0.0,0.0,0.0,71.26,185.41
168.2,144.417,30.708,729.67,0.0,0.0,0.0,71.26,185.41
168.26,144.458,30.724,729.15,0.0,0.0,0.0,71.25,185.42
168.3,144.485,30.735,728.8,0.0,0.0,0.0,71.25,185.42
168.34,144.512,30.746,728.46,0.0,0.0,0.0,71.24,185.42
168.4,144.552,30.762,727.94,0.0,0.0,0.0,71.24,185.43
168.44,144.579,30.773,727.59,0.0,0.0,0.0,71.23,185.43
168.5,144.62,30.789,727.07,0.0,0.0,0.0,71.23,185.44
168.54,144.647,30.8,726.72,0.0,0.0,0.0,71.22,185.44
168.6,144.687,30.816,726.2,0.0,0.0,0.0,71.22,185.45
168.64,144.714,30.827,725.85,0.0,0.0,0.0,71.21,185.45
168.7,144.754,30.843,725.33,0.0,0.0,0.0,71.21,185.46
168.74,144.781,30.853,724.99,0.0,0.0,0.0,71.2,185.46
168.8,144.821,30.87,724.47,0.0,0.0,0.0,71.2,185.46
168.84,144.848,30.88,724.12,0.0,0.0,0.0,71.19,185.47
168.9,144.888,30.896,723.6,0.0,0.0,0.0,71.19,185.47
168.94,144.915,30.907,723.25,0.0,0.0,0.0,71.18,185.48
169.0,144.955,30.923,722.73,0.0,0.0,0.0,71.18,185.48
169.04,144.982,30.934,722.39,0.0,0.0,0.0,71.17,185.49
169.1,145.022,30.95,721.87,0.0,0.0,0.0,71.17,185.49
169.14,145.049,30.962,721.52,0.0,0.0,0.0,71.16,185.5
169.2,145.089,30.979,721.0,0.0,0.0,0.0,71.16,185.5
169.26,145.129,30.995,720.48,0.0,0.0,0.0,71.15,185.51
169.3,145.155,31.007,720.14,0.0,0.0,0.0,71.15,185.51
169.34,145.182,31.018,719.79,0.0,0.0,0.0,71.15,185.52
169.4,145.222,31.035,719.27,0.0,0.0,0.0,71.14,185.52
169.46,145.262,31.052,718.75,0.0,0.0,0.0,71.13,185.53
169.5,145.288,31.063,718.4,0.0,0.0,0.0,71.13,185.53
169.54,145.315,31.074,718.06,0.0,0.0,0.0,71.13,185.54
169.6,145.355,31.091,717.54,0.0,0.0,0.0,71.12,185.54
169.64,145.381,31.102,717.19,0.0,0.0,0.0,71.12,185.55
169.7,145.421,31.119,716.67,0.0,0.0,0.0,71.11,185.55
169.76,145.46,31.136,716.15,0.0,0.0,0.0,71.1,185.56
169.8,145.487,31.147,715.81,0.0,0.0,0.0,71.1,185.56
169.86,145.527,31.164,715.29,0.0,0.0,0.0,71.1,185.57
169.9,145.553,31.176,714.94,0.0,0.0,0.0,71.09,185.57
169.96,145.593,31.193,714.42,0.0,0.0,0.0,71.09,185.58
170.02,145.632,31.21,713.91,0.0,0.0,0.0,71.08,185.58
170.04,145.645,31.215,713.73,0.0,0.0,0.0,71.08,185.59
170.1,145.685,31.232,713.21,0.0,0.0,0.0,71.07,185.59
170.16,145.724,31.249,712.7,0.0,0.0,0.0,71.07,185.6
170.2,145.751,31.261,712.35,0.0,0.0,0.0,71.06,185.6
170.26,145.79,31.278,711.83,0.0,0.0,0.0,71.06,185.61
170.3,145.816,31.289,711.49,0.0,0.0,0.0,71.05,185.61
170.36,145.856,31.306,710.97,0.0,0.0,0.0,71.05,185.62
170.4,145.882,31.317,710.62,0.0,0.0,0.0,71.04,185.62
170.46,145.921,31.334,710.1,0.0,0.0,0.0,71.04,185.63
170.52,145.96,31.351,709.59,0.0,0.0,0.0,71.03,185.63
170.56,145.986,31.363,709.24,0.0,0.0,0.0,71.03,185.64
170.62,146.026,31.38,708.72,0.0,0.0,0.0,71.02,185.64
170.66,146.052,31.391,708.38,0.0,0.0,0.0,71.02,185.65
170.7,146.078,31.402,708.03,0.0,0.0,0.0,71.01,185.65
170.76,146.117,31.419,707.51,0.0,0.0,0.0,71.01,185.66
170.82,146.156,31.436,707.0,0.0,0.0,0.0,71.0,185.66
170.86,146.182,31.448,706.65,0.0,0.0,0.0,71.0,185.67
170.92,146.221,31.465,706.13,0.0,0.0,0.0,70.99,185.67
170.96,146.247,31.476,705.79,0.0,0.0,0.0,70.99,185.68
171.02,146.286,31.493,705.27,0.0,0.0,0.0,70.98,185.68
171.06,146.312,31.505,704.93,0.0,0.0,0.0,70.98,185.69
171.06,146.325,31.516,704.58,0.0,0.0,0.0,70.97,185.69
171.14,146.364,31.528,704.24,0.0,0.0,0.0,70.97,185.69
171.18,146.39,31.539,703.89,0.0,0.0,0.0,70.97,185.7
171.24,146.429,31.556,703.37,0.0,0.0,0.0,70.96,185.7
171.28,146.455,31.568,703.03,0.0,0.0,0.0,70.96,185.71
171.34,146.494,31.585,702.51,0.0,0.0,0.0,70.95,185.71
171.4,146.532,31.602,701.99,0.0,0.0,0.0,70.95,185.72
171.44,146.558,31.613,701.65,0.0,0.0,0.0,70.94,185.72
171.5,146.597,31.63,701.13,0.0,0.0,0.0,70.94,185.73
171.54,146.623,31.642,700.79,0.0,0.0,0.0,70.93,185.73
171.58,146.649,31.653,700.44,0.0,0.0,0.0,70.93,185.74
171.64,146.687,31.67,699.93,0.0,0.0,0.0,70.92,185.74
171.7,146.726,31.688,699.41,0.0,0.0,0.0,70.92,185.75
171.74,146.751,31.699,699.07,0.0,0.0,0.0,70.91,185.75
171.8,146.79,31.716,698.55,0.0,0.0,0.0,70.91,185.76
171.84,146.816,31.728,698.21,0.0,0.0,0.0,70.9,185.76
171.9,146.854,31.745,697.69,0.0,0.0,0.0,70.9,185.77
171.96,146.893,31.762,697.17,0.0,0.0,0.0,70.89,185.77
172.0,146.918,31.774,696.83,0.0,0.0,0.0,70.89,185.78
172.04,146.944,31.785,696.48,0.0,0.0,0.0,70.88,185.78
172.1,146.982,31.802,695.97,0.0,0.0,0.0,70.88,185.79
172.14,147.008,31.814,695.62,0.0,0.0,0.0,70.87,185.79
172.2,147.046,31.831,695.11,0.0,0.0,0.0,70.87,185.8
172.26,147.084,31.848,694.59,0.0,0.0,0.0,70.86,185.8
172.3,147.11,31.86,694.25,0.0,0.0,0.0,70.86,185.81
172.34,147.135,31.871,693.9,0.0,0.0,0.0,70.85,185.81
172.4,147.174,31.888,693.39,0.0,0.0,0.0,70.85,185.82
172.44,147.199,31.9,693.04,0.0,0.0,0.0,70.84,185.82
172.5,147.237,31.917,692.53,0.0,0.0,0.0,70.84,185.83
172.56,147.275,31.935,692.01,0.0,0.0,0.0,70.83,185.83
172.6,147.301,31.946,691.67,0.0,0.0,0.0,70.83,185.84
172.66,147.339,31.963,691.15,0.0,0.0,0.0,70.82,185.84
172.7,147.364,31.975,690.81,0.0,0.0,0.0,70.82,185.85
172.76,147.402,31.992,690.3,0.0,0.0,0.0,70.81,185.85
172.8,147.428,32.004,689.95,0.0,0.0,0.0,70.81,185.86
172.86,147.465,32.021,689.44,0.0,0.0,0.0,70.8,185.86
172.9,147.491,32.033,689.09,0.0,0.0,0.0,70.8,185.87
172.96,147.529,32.05,688.58,0.0,0.0,0.0,70.79,185.87
173.0,147.554,32.061,688.23,0.0,0.0,0.0,70.79,185.87
173.06,147.592,32.079,687.72,0.0,0.0,0.0,70.78,185.88
173.1,147.617,32.09,687.38,0.0,0.0,0.0,70.78,185.88
173.16,147.655,32.108,686.86,0.0,0.0,0.0,70.77,185.89
173.2,147.68,32.119,686.52,0.0,0.0,0.0,70.77,185.89
173.26,147.718,32.137,686.0,0.0,0.0,0.0,70.77,185.9
173.3,147.743,32.148,685.66,0.0,0.0,0.0,70.76,185.9
173.36,147.78,32.166,685.15,0.0,0.0,0.0,70.76,185.91
173.4,147.806,32.177,684.8,0.0,0.0,0.0,70.75,185.91
173.46,147.843,32.195,684.29,0.0,0.0,0.0,70.75,185.92
173.5,147.868,32.206,683.95,0.0,0.0,0.0,70.74,185.92
173.56,147.906,32.223,683.43,0.0,0.0,0.0,70.74,185.93
173.6,147.931,32.235,683.09,0.0,0.0,0.0,70.73,185.93
173.66,147.968,32.252,682.57,0.0,0.0,0.0,70.73,185.94
173.7,147.993,32.264,682.23,0.0,0.0,0.0,70.72,185.94
173.76,148.031,32.282,681.72,0.0,0.0,0.0,70.72,185.95
173.8,148.056,32.293,681.38,0.0,0.0,0.0,70.71,185.95
173.86,148.093,32.311,680.86,0.0,0.0,0.0,70.71,185.96
173.9,148.118,32.322,680.52,0.0,0.0,0.0,70.7,185.96
173.96,148.155,32.34,680.01,0.0,0.0,0.0,70.7,185.97
174.02,148.193,32.357,679.49,0.0,0.0,0.0,70.69,185.97
174.06,148.218,32.369,679.15,0.0,0.0,0.0,70.69,185.98
174.1,148.242,32.38,678.81,0.0,0.0,0.0,70.68,185.98
174.16,148.28,32.398,678.29,0.0,0.0,0.0,70.68,185.99
174.2,148.304,32.409,677.95,0.0,0.0,0.0,70.67,185.99
174.26,148.342,32.427,677.44,0.0,0.0,0.0,70.67,186.0
174.32,148.379,32.444,676.92,0.0,0.0,0.0,70.66,186.0
174.36,148.403,32.456,676.58,0.0,0.0,0.0,70.66,186.0
174.42,148.44,32.474,676.07,0.0,0.0,0.0,70.65,186.01
174.46,148.465,32.485,675.73,0.0,0.0,0.0,70.65,186.01
174.5,148.49,32.497,675.39,0.0,0.0,0.0,70.64,186.02
174.56,148.527,32.514,674.87,0.0,0.0,0.0,70.64,186.02
174.62,148.564,32.532,674.36,0.0,0.0,0.0,70.63,186.03
174.66,148.588,32.544,674.02,0.0,0.0,0.0,70.63,186.03
174.72,148.625,32.561,673.51,0.0,0.0,0.0,70.62,186.04
174.76,148.65,32.573,673.16,0.0,0.0,0.0,70.62,186.04
174.8,148.675,32.585,672.82,0.0,0.0,0.0,70.62,186.05
174.86,148.711,32.602,672.31,0.0,0.0,0.0,70.61,186.05
174.92,148.748,32.62,671.8,0.0,0.0,0.0,70.6,186.06
174.96,148.773,32.631,671.46,0.0,0.0,0.0,70.6,186.06
175.02,148.809,32.649,670.94,0.0,0.0,0.0,70.59,186.07
175.06,148.834,32.661,670.6,0.0,0.0,0.0,70.59,186.07
175.12,148.871,32.678,670.09,0.0,0.0,0.0,70.58,186.08
175.16,148.895,32.69,669.75,0.0,0.0,0.0,70.58,186.08
175.22,148.932,32.707,669.24,0.0,0.0,0.0,70.57,186.09
175.26,148.956,32.719,668.9,0.0,0.0,0.0,70.57,186.09
175.32,148.993,32.737,668.38,0.0,0.0,0.0,70.56,186.1
175.36,149.017,32.749,668.04,0.0,0.0,0.0,70.56,186.1
175.42,149.053,32.766,667.53,0.0,0.0,0.0,70.56,186.1
175.48,149.09,32.784,667.02,0.0,0.0,0.0,70.55,186.11
175.52,149.114,32.795,666.68,0.0,0.0,0.0,70.55,186.11
175.56,149.139,32.807,666.34,0.0,0.0,0.0,70.54,186.12
175.62,149.175,32.825,665.83,0.0,0.0,0.0,70.54,186.12
175.68,149.211,32.843,665.31,0.0,0.0,0.0,70.53,186.13
175.72,149.236,32.854,664.97,0.0,0.0,0.0,70.53,186.13
175.76,149.26,32.866,664.63,0.0,0.0,0.0,70.52,186.14
175.82,149.296,32.884,664.12,0.0,0.0,0.0,70.52,186.14
175.86,149.32,32.895,663.78,0.0,0.0,0.0,70.51,186.15
175.92,149.356,32.913,663.27,0.0,0.0,0.0,70.51,186.15
175.98,149.393,32.931,662.76,0.0,0.0,0.0,70.5,186.16
176.02,149.417,32.943,662.42,0.0,0.0,0.0,70.5,186.16
176.08,149.453,32.96,661.91,0.0,0.0,0.0,70.49,186.17
176.12,149.477,32.972,661.57,0.0,0.0,0.0,70.49,186.17
176.16,149.501,32.984,661.23,0.0,0.0,0.0,70.48,186.17
176.22,149.537,33.002,660.72,0.0,0.0,0.0,70.48,186.18
176.26,149.561,33.013,660.38,0.0,0.0,0.0,70.47,186.18
176.32,149.597,33.031,659.87,0.0,0.0,0.0,70.47,186.19
176.38,149.633,33.049,659.36,0.0,0.0,0.0,70.46,186.19
176.42,149.657,33.061,659.02,0.0,0.0,0.0,70.46,186.2
176.48,149.693,33.078,658.51,0.0,0.0,0.0,70.45,186.2
176.52,149.717,33.09,658.17,0.0,0.0,0.0,70.45,186.21
176.56,149.741,33.102,657.83,0.0,0.0,0.0,70.44,186.21
176.62,149.777,33.12,657.32,0.0,0.0,0.0,70.44,186.22
176.68,149.813,33.137,656.81,0.0,0.0,0.0,70.43,186.22
176.72,149.836,33.149,656.47,0.0,0.0,0.0,70.43,186.23
176.78,149.872,33.167,655.96,0.0,0.0,0.0,70.42,186.23
176.82,149.896,33.179,655.62,0.0,0.0,0.0,70.42,186.24
176.88,149.932,33.197,655.11,0.0,0.0,0.0,70.41,186.24
176.92,149.955,33.208,654.77,0.0,0.0,0.0,70.41,186.24
176.98,149.991,33.226,654.26,0.0,0.0,0.0,70.4,186.25
177.02,150.015,33.238,653.92,0.0,0.0,0.0,70.4,186.25
177.08,150.05,33.256,653.41,0.0,0.0,0.0,70.39,186.26
177.12,150.074,33.268,653.07,0.0,0.0,0.0,70.39,186.26
177.18,150.11,33.285,652.56,0.0,0.0,0.0,70.38,186.27
177.22,150.133,33.297,652.22,0.0,0.0,0.0,70.38,186.27
177.28,150.169,33.315,651.71,0.0,0.0,0.0,70.37,186.28
177.32,150.192,33.327,651.37,0.0,0.0,0.0,70.37,186.28
177.38,150.228,33.345,650.86,0.0,0.0,0.0,70.36,186.29
177.42,150.251,33.357,650.52,0.0,0.0,0.0,70.36,186.29
177.48,150.287,33.375,650.02,0.0,0.0,0.0,70.35,186.3
177.52,150.31,33.386,649.68,0.0,0.0,0.0,70.35,186.3
177.58,150.346,33.404,649.17,0.0,0.0,0.0,70.35,186.31
177.64,150.381,33.422,648.66,0.0,0.0,0.0,70.34,186.31
177.68,150.404,33.434,648.32,0.0,0.0,0.0,70.34,186.31
177.74,150.44,33.452,647.81,0.0,0.0,0.0,70.33,186.32
177.78,150.463,33.464,647.47,0.0,0.0,0.0,70.33,186.32
177.82,150.487,33.476,647.14,0.0,0.0,0.0,70.32,186.33
177.88,150.522,33.494,646.63,0.0,0.0,0.0,70.32,186.33
177.94,150.557,33.511,646.12,0.0,0.0,0.0,70.31,186.34
177.98,150.58,33.523,645.78,0.0,0.0,0.0,70.31,186.34
178.04,150.615,33.541,645.27,0.0,0.0,0.0,70.3,186.35
178.08,150.639,33.553,644.94,0.0,0.0,0.0,70.3,186.35
178.12,150.662,33.565,644.6,0.0,0.0,0.0,70.29,186.36
178.18,150.697,33.583,644.09,0.0,0.0,0.0,70.29,186.36
178.24,150.732,33.601,643.58,0.0,0.0,0.0,70.28,186.37
178.28,150.755,33.613,643.24,0.0,0.0,0.0,70.28,186.37
178.34,150.79,33.631,642.74,0.0,0.0,0.0,70.27,186.38
178.38,150.813,33.643,642.4,0.0,0.0,0.0,70.27,186.38
178.42,150.836,33.655,642.06,0.0,0.0,0.0,70.26,186.38
178.48,150.871,33.673,641.55,0.0,0.0,0.0,70.26,186.39
178.54,150.906,33.691,641.05,0.0,0.0,0.0,70.25,186.39
178.58,150.929,33.703,640.71,0.0,0.0,0.0,70.25,186.4
178.64,150.964,33.72,640.2,0.0,0.0,0.0,70.24,186.4
178.68,150.987,33.732,639.86,0.0,0.0,0.0,70.24,186.41
178.74,151.022,33.75,639.36,0.0,0.0,0.0,70.23,186.41
178.78,151.045,33.762,639.02,0.0,0.0,0.0,70.23,186.42
178.84,151.079,33.78,638.51,0.0,0.0,0.0,70.22,186.42
178.88,151.102,33.792,638.17,0.0,0.0,0.0,70.22,186.42
178.94,151.137,33.81,637.67,0.0,0.0,0.0,70.21,186.43
178.98,151.16,33.822,637.33,0.0,0.0,0.0,70.21,186.43
179.04,151.194,33.84,636.82,0.0,0.0,0.0,70.2,186.44
179.1,151.229,33.858,636.32,0.0,0.0,0.0,70.2,186.44
179.14,151.252,33.87,635.98,0.0,0.0,0.0,70.19,186.45
179.18,151.275,33.882,635.64,0.0,0.0,0.0,70.19,186.45
179.24,151.309,33.9,635.14,0.0,0.0,0.0,70.18,186.46
179.28,151.332,33.912,634.8,0.0,0.0,0.0,70.18,186.46
179.34,151.366,33.93,634.3,0.0,0.0,0.0,70.17,186.47
179.4,151.401,33.948,633.79,0.0,0.0,0.0,70.17,186.47
179.44,151.423,33.96,633.45,0.0,0.0,0.0,70.16,186.48
179.5,151.458,33.978,632.95,0.0,0.0,0.0,70.16,186.48
179.54,151.48,33.99,632.61,0.0,0.0,0.0,70.15,186.48
179.58,151.503,34.002,632.27,0.0,0.0,0.0,70.15,186.49
179.64,151.537,34.02,631.77,0.0,0.0,0.0,70.14,186.49
179.7,151.572,34.039,631.26,0.0,0.0,0.0,70.14,186.5
179.74,151.594,34.051,630.93,0.0,0.0,0.0,70.13,186.5
179.8,151.628,34.069,630.42,0.0,0.0,0.0,70.13,186.51
179.84,151.651,34.081,630.09,0.0,0.0,0.0,70.12,186.51
179.88,151.674,34.093,629.75,0.0,0.0,0.0,70.12,186.51
179.94,151.708,34.111,629.24,0.0,0.0,0.0,70.12,186.52
180.0,151.742,34.129,628.74,0.0,0.0,0.0,70.11,186.53
180.04,151.764,34.141,628.4,0.0,0.0,0.0,70.11,186.53
180.1,151.798,34.159,627.9,0.0,0.0,0.0,70.1,186.53
180.14,151.821,34.171,627.56,0.0,0.0,0.0,70.1,186.54
180.2,151.855,34.189,627.06,0.0,0.0,0.0,70.09,186.54
180.24,151.877,34.201,626.72,0.0,0.0,0.0,70.09,186.55
180.3,151.911,34.219,626.22,0.0,0.0,0.0,70.08,186.55
180.34,151.933,34.231,625.88,0.0,0.0,0.0,70.08,186.56
180.4,151.967,34.25,625.38,0.0,0.0,0.0,70.07,186.56
180.44,151.99,34.262,625.04,0.0,0.0,0.0,70.07,186.57
180.5,152.023,34.28,624.54,0.0,0.0,0.0,70.06,186.57
180.54,152.046,34.292,624.2,0.0,0.0,0.0,70.06,186.57
180.6,152.079,34.31,623.7,0.0,0.0,0.0,70.05,186.58
180.64,152.102,34.322,623.36,0.0,0.0,0.0,70.05,186.58
180.7,152.135,34.34,622.86,0.0,0.0,0.0,70.04,186.59
180.74,152.158,34.352,622.53,0.0,0.0,0.0,70.04,186.59
180.8,152.191,34.371,622.02,0.0,0.0,0.0,70.03,186.6
180.86,152.225,34.389,621.52,0.0,0.0,0.0,70.03,186.6
180.9,152.247,34.401,621.18,0.0,0.0,0.0,70.02,186.61
180.94,152.269,34.413,620.85,0.0,0.0,0.0,70.02,186.61
181.0,152.302,34.431,620.35,0.0,0.0,0.0,70.01,186.62
181.04,152.325,34.443,620.01,0.0,0.0,0.0,70.01,186.62
181.1,152.358,34.461,619.51,0.0,0.0,0.0,70.0,186.62
181.16,152.391,34.48,619.0,0.0,0.0,0.0,70.0,186.63
181.2,152.414,34.492,618.67,0.0,0.0,0.0,69.99,186.63
181.26,152.447,34.51,618.17,0.0,0.0,0.0,69.99,186.64
181.3,152.469,34.522,617.83,0.0,0.0,0.0,69.98,186.64
181.34,152.491,34.534,617.5,0.0,0.0,0.0,69.98,186.65
181.4,152.524,34.552,617.0,0.0,0.0,0.0,69.97,186.65
181.46,152.557,34.571,616.49,0.0,0.0,0.0,69.97,186.66
181.5,152.579,34.583,616.16,0.0,0.0,0.0,69.96,186.66
181.54,152.601,34.595,615.82,0.0,0.0,0.0,69.96,186.66
181.6,152.634,34.613,615.32,0.0,0.0,0.0,69.95,186.67
181.66,152.668,34.631,614.82,0.0,0.0,0.0,69.95,186.67
181.7,152.689,34.644,614.49,0.0,0.0,0.0,69.94,186.68
181.76,152.722,34.662,613.98,0.0,0.0,0.0,69.94,186.68
181.8,152.744,34.674,613.65,0.0,0.0,0.0,69.93,186.69
181.86,152.777,34.692,613.15,0.0,0.0,0.0,69.93,186.69
181.9,152.799,34.705,612.82,0.0,0.0,0.0,69.92,186.69
181.96,152.832,34.723,612.31,0.0,0.0,0.0,69.92,186.7
182.0,152.854,34.735,611.98,0.0,0.0,0.0,69.91,186.7
182.06,152.887,34.753,611.48,0.0,0.0,0.0,69.91,186.71
182.1,152.909,34.765,611.15,0.0,0.0,0.0,69.9,186.71
182.16,152.941,34.784,610.64,0.0,0.0,0.0,69.9,186.72
182.2,152.963,34.796,610.31,0.0,0.0,0.0,69.89,186.72
182.26,152.996,34.814,609.81,0.0,0.0,0.0,69.89,186.73
182.3,153.018,34.826,609.48,0.0,0.0,0.0,69.89,186.73
182.36,153.05,34.845,608.98,0.0,0.0,0.0,69.88,186.74
182.4,153.072,34.857,608.64,0.0,0.0,0.0,69.88,186.74
182.46,153.105,34.875,608.14,0.0,0.0,0.0,69.87,186.74
182.52,153.137,34.894,607.64,0.0,0.0,0.0,69.86,186.75
182.56,153.159,34.906,607.31,0.0,0.0,0.0,69.86,186.75
182.6,153.18,34.918,606.98,0.0,0.0,0.0,69.86,186.76
182.66,153.213,34.936,606.48,0.0,0.0,0.0,69.85,186.76
182.72,153.245,34.955,605.98,0.0,0.0,0.0,69.84,186.77
182.76,153.267,34.967,605.64,0.0,0.0,0.0,69.84,186.77
182.82,153.299,34.985,605.14,0.0,0.0,0.0,69.83,186.78
182.86,153.321,34.997,604.81,0.0,0.0,0.0,69.83,186.78
182.9,153.342,35.01,604.48,0.0,0.0,0.0,69.83,186.78
182.96,153.375,35.028,603.98,0.0,0.0,0.0,69.82,186.79
183.02,153.407,35.046,603.48,0.0,0.0,0.0,69.81,186.79
183.06,153.428,35.059,603.15,0.0,0.0,0.0,69.81,186.8
183.12,153.461,35.077,602.65,0.0,0.0,0.0,69.8,186.8
183.16,153.482,35.089,602.31,0.0,0.0,0.0,69.8,186.81
183.2,153.503,35.102,601.98,0.0,0.0,0.0,69.8,186.81
183.26,153.536,35.12,601.48,0.0,0.0,0.0,69.79,186.81
183.32,153.568,35.138,600.98,0.0,0.0,0.0,69.79,186.82
183.36,153.589,35.151,600.65,0.0,0.0,0.0,69.78,186.82
183.42,153.621,35.169,600.15,0.0,0.0,0.0,69.78,186.83
183.46,153.642,35.181,599.82,0.0,0.0,0.0,69.77,186.83
183.52,153.674,35.2,599.32,0.0,0.0,0.0,69.77,186.84
183.56,153.696,35.212,598.99,0.0,0.0,0.0,69.76,186.84
183.62,153.728,35.23,598.49,0.0,0.0,0.0,69.76,186.85
183.66,153.749,35.243,598.16,0.0,0.0,0.0,69.75,186.85
183.72,153.781,35.261,597.66,0.0,0.0,0.0,69.75,186.85
183.76,153.802,35.273,597.33,0.0,0.0,0.0,69.74,186.86
183.82,153.834,35.292,596.83,0.0,0.0,0.0,69.74,186.86
183.86,153.855,35.304,596.5,0.0,0.0,0.0,69.73,186.87
183.92,153.887,35.323,596.0,0.0,0.0,0.0,69.73,186.87
183.96,153.908,35.335,595.67,0.0,0.0,0.0,69.72,186.87
184.02,153.94,35.353,595.18,0.0,0.0,0.0,69.72,186.88
184.06,153.961,35.366,594.84,0.0,0.0,0.0,69.71,186.88
184.12,153.992,35.384,594.35,0.0,0.0,0.0,69.71,186.89
184.18,154.024,35.403,593.85,0.0,0.0,0.0,69.7,186.89
184.22,154.045,35.415,593.52,0.0,0.0,0.0,69.7,186.9
184.26,154.066,35.427,593.19,0.0,0.0,0.0,69.69,186.9
184.32,154.097,35.446,592.69,0.0,0.0,0.0,69.69,186.91
184.36,154.118,35.458,592.36,0.0,0.0,0.0,69.68,186.91
184.42,154.15,35.477,591.86,0.0,0.0,0.0,69.68,186.91
184.48,154.181,35.495,591.37,0.0,0.0,0.0,69.67,186.92
184.52,154.202,35.507,591.04,0.0,0.0,0.0,69.67,186.92
184.56,154.223,35.52,590.71,0.0,0.0,0.0,69.66,186.93
184.62,154.255,35.538,590.21,0.0,0.0,0.0,69.66,186.93
184.66,154.275,35.551,589.88,0.0,0.0,0.0,69.65,186.93
184.72,154.307,35.569,589.38,0.0,0.0,0.0,69.65,186.94
184.78,154.338,35.588,588.89,0.0,0.0,0.0,69.64,186.95
184.82,154.359,35.6,588.56,0.0,0.0,0.0,69.64,186.95
184.86,154.38,35.612,588.23,0.0,0.0,0.0,69.64,186.95
184.92,154.411,35.631,587.73,0.0,0.0,0.0,69.63,186.96
184.98,154.442,35.649,587.24,0.0,0.0,0.0,69.62,186.96
185.02,154.463,35.662,586.9,0.0,0.0,0.0,69.62,186.97
185.06,154.484,35.674,586.57,0.0,0.0,0.0,69.62,186.97
185.12,154.515,35.693,586.08,0.0,0.0,0.0,69.61,186.97
185.18,154.546,35.711,585.58,0.0,0.0,0.0,69.6,186.98
185.22,154.566,35.724,585.25,0.0,0.0,0.0,69.6,186.98
185.26,154.587,35.736,584.93,0.0,0.0,0.0,69.6,186.99
185.32,154.618,35.754,584.43,0.0,0.0,0.0,69.59,186.99
185.38,154.649,35.773,583.94,0.0,0.0,0.0,69.58,187.0
185.42,154.67,35.785,583.61,0.0,0.0,0.0,69.58,187.0
185.48,154.7,35.804,583.11,0.0,0.0,0.0,69.57,187.01
185.52,154.721,35.816,582.78,0.0,0.0,0.0,69.57,187.01
185.58,154.752,35.835,582.29,0.0,0.0,0.0,69.56,187.01
185.62,154.772,35.847,581.96,0.0,0.0,0.0,69.56,187.02
185.68,154.803,35.866,581.46,0.0,0.0,0.0,69.55,187.02
185.72,154.824,35.878,581.14,0.0,0.0,0.0,69.55,187.03
185.78,154.854,35.897,580.64,0.0,0.0,0.0,69.55,187.03
185.84,154.885,35.916,580.15,0.0,0.0,0.0,69.54,187.04
185.88,154.905,35.928,579.82,0.0,0.0,0.0,69.54,187.04
185.92,154.926,35.94,579.49,0.0,0.0,0.0,69.53,187.04
185.98,154.956,35.959,579.0,0.0,0.0,0.0,69.53,187.05
186.02,154.977,35.971,578.67,0.0,0.0,0.0,69.52,187.05
186.08,155.007,35.99,578.18,0.0,0.0,0.0,69.52,187.06
186.14,155.038,36.009,577.68,0.0,0.0,0.0,69.51,187.06
186.18,155.058,36.021,577.35,0.0,0.0,0.0,69.51,187.06
186.22,155.078,36.034,577.03,0.0,0.0,0.0,69.5,187.07
186.28,155.109,36.052,576.53,0.0,0.0,0.0,69.5,187.07
186.34,155.139,36.071,576.04,0.0,0.0,0.0,69.49,187.08
186.38,155.16,36.083,575.71,0.0,0.0,0.0,69.49,187.08
186.44,155.19,36.102,575.22,0.0,0.0,0.0,69.48,187.09
186.48,155.21,36.114,574.89,0.0,0.0,0.0,69.48,187.09
186.52,155.23,36.127,574.56,0.0,0.0,0.0,69.47,187.09
186.58,155.261,36.146,574.07,0.0,0.0,0.0,69.47,187.1
186.64,155.291,36.164,573.58,0.0,0.0,0.0,69.46,187.1
186.68,155.311,36.177,573.25,0.0,0.0,0.0,69.46,187.11
186.74,155.341,36.195,572.76,0.0,0.0,0.0,69.45,187.11
186.78,155.361,36.208,572.43,0.0,0.0,0.0,69.45,187.12
186.84,155.391,36.227,571.94,0.0,0.0,0.0,69.44,187.12
186.88,155.411,36.239,571.61,0.0,0.0,0.0,69.44,187.12
186.94,155.441,36.258,571.12,0.0,0.0,0.0,69.43,187.13
186.98,155.461,36.27,570.79,0.0,0.0,0.0,69.43,187.13
187.04,155.491,36.289,570.3,0.0,0.0,0.0,69.42,187.14
187.08,155.511,36.301,569.98,0.0,0.0,0.0,69.42,187.14
187.14,155.541,36.32,569.49,0.0,0.0,0.0,69.41,187.15
187.18,155.561,36.333,569.16,0.0,0.0,0.0,69.41,187.15
187.24,155.591,36.351,568.67,0.0,0.0,0.0,69.4,187.15
187.28,155.611,36.364,568.34,0.0,0.0,0.0,69.4,187.16
187.34,155.641,36.383,567.85,0.0,0.0,0.0,69.39,187.16
187.38,155.661,36.395,567.52,0.0,0.0,0.0,69.39,187.17
187.44,155.691,36.414,567.03,0.0,0.0,0.0,69.38,187.17
187.5,155.72,36.432,566.54,0.0,0.0,0.0,69.38,187.18
187.54,155.74,36.445,566.22,0.0,0.0,0.0,69.37,187.18
187.58,155.76,36.457,565.89,0.0,0.0,0.0,69.37,187.18
187.64,155.79,36.476,565.4,0.0,0.0,0.0,69.36,187.19
187.68,155.809,36.489,565.07,0.0,0.0,0.0,69.36,187.19
187.74,155.839,36.508,564.59,0.0,0.0,0.0,69.35,187.2
187.8,155.869,36.526,564.1,0.0,0.0,0.0,69.35,187.2
187.84,155.888,36.539,563.77,0.0,0.0,0.0,69.34,187.2
187.88,155.908,36.551,563.44,0.0,0.0,0.0,69.34,187.21
187.94,155.937,36.57,562.95,0.0,0.0,0.0,69.33,187.21
188.0,155.967,36.589,562.47,0.0,0.0,0.0,69.33,187.22
188.04,155.986,36.601,562.14,0.0,0.0,0.0,69.32,187.22
188.08,156.006,36.614,561.81,0.0,0.0,0.0,69.32,187.22
188.14,156.035,36.633,561.33,0.0,0.0,0.0,69.31,187.23
188.2,156.065,36.652,560.84,0.0,0.0,0.0,69.31,187.23
188.24,156.084,36.664,560.51,0.0,0.0,0.0,69.3,187.24
188.3,156.114,36.683,560.02,0.0,0.0,0.0,69.3,187.24
188.34,156.133,36.695,559.7,0.0,0.0,0.0,69.29,187.25
188.38,156.153,36.708,559.37,0.0,0.0,0.0,69.29,187.25
188.44,156.182,36.727,558.89,0.0,0.0,0.0,69.29,187.25
188.5,156.211,36.746,558.4,0.0,0.0,0.0,69.28,187.26
188.54,156.231,36.758,558.07,0.0,0.0,0.0,69.28,187.26
188.6,156.26,36.777,557.59,0.0,0.0,0.0,69.27,187.27
188.64,156.279,36.79,557.26,0.0,0.0,0.0,69.27,187.27
188.68,156.298,36.802,556.94,0.0,0.0,0.0,69.26,187.27
188.74,156.328,36.821,556.45,0.0,0.0,0.0,69.26,187.28
188.8,156.357,36.84,555.96,0.0,0.0,0.0,69.25,187.28
188.84,156.376,36.852,555.64,0.0,0.0,0.0,69.25,187.29
188.9,156.405,36.871,555.15,0.0,0.0,0.0,69.24,187.29
188.94,156.424,36.884,554.83,0.0,0.0,0.0,69.24,187.3
189.0,156.453,36.903,554.34,0.0,0.0,0.0,69.23,187.3
189.04,156.472,36.915,554.02,0.0,0.0,0.0,69.23,187.3
189.1,156.501,36.934,553.53,0.0,0.0,0.0,69.22,187.31
189.14,156.52,36.947,553.2,0.0,0.0,0.0,69.22,187.31
189.2,156.549,36.966,552.72,0.0,0.0,0.0,69.21,187.32
189.24,156.568,36.978,552.39,0.0,0.0,0.0,69.21,187.32
189.3,156.597,36.997,551.91,0.0,0.0,0.0,69.2,187.32
189.36,156.626,37.016,551.42,0.0,0.0,0.0,69.2,187.33
189.4,156.645,37.029,551.1,0.0,0.0,0.0,69.19,187.33
189.44,156.664,37.041,550.78,0.0,0.0,0.0,69.19,187.34
189.5,156.693,37.06,550.29,0.0,0.0,0.0,69.18,187.34
189.54,156.712,37.073,549.97,0.0,0.0,0.0,69.18,187.34
189.6,156.74,37.092,549.48,0.0,0.0,0.0,69.17,187.35
189.66,156.769,37.11,549.0,0.0,0.0,0.0,69.17,187.35
189.7,156.788,37.123,548.67,0.0,0.0,0.0,69.16,187.36
189.74,156.807,37.136,548.35,0.0,0.0,0.0,69.16,187.36
189.8,156.835,37.155,547.87,0.0,0.0,0.0,69.15,187.37
189.86,156.864,37.174,547.38,0.0,0.0,0.0,69.15,187.37
189.9,156.883,37.186,547.06,0.0,0.0,0.0,69.14,187.37
189.96,156.911,37.205,546.58,0.0,0.0,0.0,69.14,187.38
190.0,156.93,37.218,546.25,0.0,0.0,0.0,69.13,187.38
190.04,156.949,37.23,545.93,0.0,0.0,0.0,69.13,187.39
190.1,156.977,37.249,545.45,0.0,0.0,0.0,69.12,187.39
190.16,157.005,37.268,544.96,0.0,0.0,0.0,69.12,187.4
190.2,157.024,37.281,544.64,0.0,0.0,0.0,69.11,187.4
190.26,157.052,37.3,544.16,0.0,0.0,0.0,69.11,187.4
190.3,157.071,37.313,543.83,0.0,0.0,0.0,69.1,187.41
190.36,157.099,37.331,543.35,0.0,0.0,0.0,69.1,187.41
190.4,157.118,37.344,543.03,0.0,0.0,0.0,69.09,187.41
190.46,157.146,37.363,542.55,0.0,0.0,0.0,69.09,187.42
190.5,157.165,37.376,542.22,0.0,0.0,0.0,69.08,187.42
190.54,157.183,37.388,541.9,0.0,0.0,0.0,69.08,187.43
190.6,157.211,37.407,541.42,0.0,0.0,0.0,69.07,187.43
190.66,157.239,37.426,540.94,0.0,0.0,0.0,69.07,187.44
190.7,157.258,37.439,540.62,0.0,0.0,0.0,69.06,187.44
190.76,157.286,37.458,540.13,0.0,0.0,0.0,69.06,187.44
190.8,157.305,37.471,539.81,0.0,0.0,0.0,69.05,187.45
190.86,157.332,37.49,539.33,0.0,0.0,0.0,69.05,187.45
190.9,157.351,37.502,539.01,0.0,0.0,0.0,69.04,187.46
190.96,157.379,37.521,538.53,0.0,0.0,0.0,69.04,187.46
191.0,157.397,37.534,538.21,0.0,0.0,0.0,69.03,187.46
191.06,157.425,37.553,537.73,0.0,0.0,0.0,69.03,187.47
191.12,157.453,37.572,537.25,0.0,0.0,0.0,69.02,187.47
191.16,157.471,37.585,536.92,0.0,0.0,0.0,69.02,187.48
191.2,157.49,37.597,536.6,0.0,0.0,0.0,69.01,187.48
191.26,157.517,37.617,536.12,0.0,0.0,0.0,69.01,187.48
191.32,157.545,37.636,535.64,0.0,0.0,0.0,69.0,187.49
191.36,157.563,37.648,535.32,0.0,0.0,0.0,69.0,187.49
191.42,157.591,37.667,534.84,0.0,0.0,0.0,68.99,187.5
191.46,157.609,37.68,534.52,0.0,0.0,0.0,68.99,187.5
191.5,157.628,37.693,534.2,0.0,0.0,0.0,68.99,187.5
191.56,157.655,37.712,533.72,0.0,0.0,0.0,68.98,187.51
191.62,157.682,37.731,533.24,0.0,0.0,0.0,68.97,187.51
191.66,157.701,37.744,532.92,0.0,0.0,0.0,68.97,187.52
191.72,157.728,37.763,532.44,0.0,0.0,0.0,68.96,187.52
191.76,157.746,37.775,532.12,0.0,0.0,0.0,68.96,187.52
191.8,157.765,37.788,531.8,0.0,0.0,0.0,68.96,187.53
191.86,157.792,37.807,531.32,0.0,0.0,0.0,68.95,187.53
191.92,157.819,37.826,530.84,0.0,0.0,0.0,68.94,187.54
191.96,157.837,37.839,530.53,0.0,0.0,0.0,68.94,187.54
192.02,157.865,37.858,530.05,0.0,0.0,0.0,68.93,187.55
192.06,157.883,37.871,529.73,0.0,0.0,0.0,68.93,187.55
192.12,157.91,37.89,529.25,0.0,0.0,0.0,68.92,187.55
192.16,157.928,37.903,528.93,0.0,0.0,0.0,68.92,187.56
192.22,157.955,37.922,528.45,0.0,0.0,0.0,68.91,187.56
192.26,157.973,37.934,528.13,0.0,0.0,0.0,68.91,187.56
192.32,158.0,37.953,527.65,0.0,0.0,0.0,68.91,187.57
192.36,158.018,37.966,527.34,0.0,0.0,0.0,68.9,187.57
192.42,158.045,37.985,526.86,0.0,0.0,0.0,68.9,187.58
192.46,158.063,37.998,526.54,0.0,0.0,0.0,68.89,187.58
192.52,158.09,38.017,526.06,0.0,0.0,0.0,68.89,187.59
192.56,158.108,38.03,525.74,0.0,0.0,0.0,68.88,187.59
192.62,158.135,38.049,525.27,0.0,0.0,0.0,68.88,187.59
192.68,158.162,38.068,524.79,0.0,0.0,0.0,68.87,187.6
192.72,158.18,38.081,524.47,0.0,0.0,0.0,68.87,187.6
192.76,158.197,38.094,524.15,0.0,0.0,0.0,68.86,187.6
192.82,158.224,38.113,523.68,0.0,0.0,0.0,68.86,187.61
192.88,158.251,38.132,523.2,0.0,0.0,0.0,68.85,187.61
192.92,158.269,38.145,522.88,0.0,0.0,0.0,68.85,187.62
192.96,158.287,38.158,522.57,0.0,0.0,0.0,68.84,187.62
193.02,158.313,38.177,522.09,0.0,0.0,0.0,68.84,187.63
193.06,158.331,38.189,521.77,0.0,0.0,0.0,68.83,187.63
193.12,158.358,38.209,521.3,0.0,0.0,0.0,68.83,187.63
193.18,158.384,38.228,520.82,0.0,0.0,0.0,68.82,187.64
193.22,158.402,38.241,520.51,0.0,0.0,0.0,68.82,187.64
193.26,158.419,38.253,520.19,0.0,0.0,0.0,68.81,187.64
193.32,158.446,38.273,519.71,0.0,0.0,0.0,68.81,187.65
193.38,158.472,38.292,519.24,0.0,0.0,0.0,68.8,187.65
193.42,158.49,38.305,518.92,0.0,0.0,0.0,68.8,187.66
193.48,158.516,38.324,518.45,0.0,0.0,0.0,68.79,187.66
193.52,158.534,38.337,518.13,0.0,0.0,0.0,68.79,187.66
193.58,158.56,38.356,517.66,0.0,0.0,0.0,68.78,187.67
193.62,158.578,38.369,517.34,0.0,0.0,0.0,68.78,187.67
193.68,158.604,38.388,516.87,0.0,0.0,0.0,68.77,187.68
193.72,158.622,38.401,516.55,0.0,0.0,0.0,68.77,187.68
193.78,158.648,38.42,516.08,0.0,0.0,0.0,68.76,187.69
193.82,158.665,38.433,515.76,0.0,0.0,0.0,68.76,187.69
193.88,158.692,38.452,515.29,0.0,0.0,0.0,68.75,187.69
193.92,158.709,38.465,514.97,0.0,0.0,0.0,68.75,187.7
193.98,158.735,38.484,514.5,0.0,0.0,0.0,68.74,187.7
194.02,158.752,38.497,514.18,0.0,0.0,0.0,68.74,187.7
194.08,158.779,38.516,513.71,0.0,0.0,0.0,68.73,187.71
194.14,158.805,38.535,513.24,0.0,0.0,0.0,68.73,187.71
194.18,158.822,38.548,512.92,0.0,0.0,0.0,68.72,187.72
194.22,158.839,38.561,512.61,0.0,0.0,0.0,68.72,187.72
194.28,158.865,38.58,512.13,0.0,0.0,0.0,68.71,187.72
194.32,158.882,38.593,511.82,0.0,0.0,0.0,68.71,187.73
194.38,158.908,38.612,511.35,0.0,0.0,0.0,68.7,187.73
194.42,158.926,38.625,511.03,0.0,0.0,0.0,68.7,187.74
194.48,158.951,38.644,510.56,0.0,0.0,0.0,68.69,187.74
194.52,158.969,38.657,510.25,0.0,0.0,0.0,68.69,187.74
194.58,158.994,38.676,509.78,0.0,0.0,0.0,68.68,187.75
194.64,159.02,38.696,509.3,0.0,0.0,0.0,68.68,187.75
194.68,159.037,38.708,508.99,0.0,0.0,0.0,68.67,187.76
194.72,159.054,38.721,508.68,0.0,0.0,0.0,68.67,187.76
194.78,159.08,38.74,508.21,0.0,0.0,0.0,68.66,187.76
194.82,159.097,38.753,507.89,0.0,0.0,0.0,68.66,187.77
194.88,159.123,38.773,507.42,0.0,0.0,0.0,68.65,187.77
194.94,159.148,38.792,506.95,0.0,0.0,0.0,68.65,187.78
194.98,159.165,38.805,506.64,0.0,0.0,0.0,68.64,187.78
195.02,159.182,38.818,506.32,0.0,0.0,0.0,68.64,187.78
195.08,159.208,38.837,505.85,0.0,0.0,0.0,68.63,187.79
195.14,159.233,38.856,505.38,0.0,0.0,0.0,68.63,187.79
195.18,159.25,38.869,505.07,0.0,0.0,0.0,68.62,187.8
195.24,159.276,38.888,504.6,0.0,0.0,0.0,68.62,187.8
195.28,159.293,38.901,504.29,0.0,0.0,0.0,68.61,187.8
195.34,159.318,38.921,503.82,0.0,0.0,0.0,68.61,187.81
195.38,159.335,38.933,503.51,0.0,0.0,0.0,68.61,187.81
195.42,159.352,38.946,503.2,0.0,0.0,0.0,68.6,187.81
195.48,159.377,38.966,502.73,0.0,0.0,0.0,68.6,187.82
195.54,159.402,38.985,502.26,0.0,0.0,0.0,68.59,187.82
195.58,159.419,38.998,501.95,0.0,0.0,0.0,68.59,187.83
195.64,159.444,39.017,501.48,0.0,0.0,0.0,68.58,187.83
195.68,159.461,39.03,501.17,0.0,0.0,0.0,68.58,187.83
195.74,159.486,39.049,500.7,0.0,0.0,0.0,68.57,187.84
195.78,159.503,39.062,500.39,0.0,0.0,0.0,68.57,187.84
195.84,159.528,39.082,499.92,0.0,0.0,0.0,68.56,187.85
195.88,159.545,39.095,499.61,0.0,0.0,0.0,68.56,187.85
195.94,159.57,39.114,499.14,0.0,0.0,0.0,68.55,187.85
195.98,159.586,39.127,498.83,0.0,0.0,0.0,68.55,187.86
196.04,159.611,39.146,498.36,0.0,0.0,0.0,68.54,187.86
196.08,159.628,39.159,498.05,0.0,0.0,0.0,68.54,187.86
196.14,159.653,39.178,497.58,0.0,0.0,0.0,68.53,187.87
196.18,159.67,39.191,497.27,0.0,0.0,0.0,68.53,187.87
196.24,159.694,39.211,496.81,0.0,0.0,0.0,68.52,187.88
196.28,159.711,39.224,496.5,0.0,0.0,0.0,68.52,187.88
196.34,159.736,39.243,496.03,0.0,0.0,0.0,68.51,187.88
196.38,159.752,39.256,495.72,0.0,0.0,0.0,68.51,187.89
196.44,159.777,39.275,495.25,0.0,0.0,0.0,68.5,187.89
196.5,159.802,39.295,494.79,0.0,0.0,0.0,68.5,187.9
196.54,159.818,39.308,494.48,0.0,0.0,0.0,68.49,187.9
196.58,159.835,39.321,494.17,0.0,0.0,0.0,68.49,187.9
196.64,159.859,39.34,493.7,0.0,0.0,0.0,68.48,187.91
196.7,159.884,39.359,493.24,0.0,0.0,0.0,68.48,187.91
196.74,159.9,39.372,492.93,0.0,0.0,0.0,68.47,187.92
196.8,159.925,39.392,492.47,0.0,0.0,0.0,68.47,187.92
196.84,159.941,39.405,492.16,0.0,0.0,0.0,68.46,187.92
196.88,159.957,39.418,491.85,0.0,0.0,0.0,68.46,187.93
196.94,159.982,39.437,491.38,0.0,0.0,0.0,68.45,187.93
197.0,160.006,39.456,490.92,0.0,0.0,0.0,68.45,187.94
197.04,160.023,39.469,490.61,0.0,0.0,0.0,68.44,187.94
197.1,160.047,39.489,490.15,0.0,0.0,0.0,68.44,187.94
197.14,160.063,39.502,489.84,0.0,0.0,0.0,68.43,187.95
197.2,160.088,39.521,489.38,0.0,0.0,0.0,68.43,187.95
197.24,160.104,39.534,489.07,0.0,0.0,0.0,68.42,187.95
197.3,160.128,39.554,488.6,0.0,0.0,0.0,68.42,187.96
197.34,160.144,39.567,488.3,0.0,0.0,0.0,68.41,187.96
197.4,160.168,39.586,487.83,0.0,0.0,0.0,68.41,187.97
197.44,160.184,39.599,487.53,0.0,0.0,0.0,68.4,187.97
197.5,160.209,39.618,487.06,0.0,0.0,0.0,68.4,187.97
197.54,160.225,39.631,486.76,0.0,0.0,0.0,68.39,187.98
197.6,160.249,39.651,486.29,0.0,0.0,0.0,68.39,187.98
197.64,160.265,39.664,485.99,0.0,0.0,0.0,68.38,187.98
197.7,160.289,39.683,485.53,0.0,0.0,0.0,68.38,187.99
197.76,160.313,39.703,485.06,0.0,0.0,0.0,68.37,187.99
197.8,160.329,39.716,484.76,0.0,0.0,0.0,68.37,188.0
197.84,160.345,39.729,484.45,0.0,0.0,0.0,68.36,188.0
197.9,160.369,39.748,483.99,0.0,0.0,0.0,68.36,188.0
197.94,160.385,39.761,483.68,0.0,0.0,0.0,68.35,188.01
198.0,160.409,39.781,483.22,0.0,0.0,0.0,68.35,188.01
198.06,160.432,39.8,482.76,0.0,0.0,0.0,68.34,188.02
198.1,160.448,39.813,482.46,0.0,0.0,0.0,68.34,188.02
198.14,160.464,39.826,482.15,0.0,0.0,0.0,68.33,188.02
198.2,160.488,39.846,481.69,0.0,0.0,0.0,68.33,188.03
198.24,160.504,39.859,481.38,0.0,0.0,0.0,68.32,188.03
198.3,160.527,39.878,480.92,0.0,0.0,0.0,68.32,188.03
198.36,160.551,39.898,480.47,0.0,0.0,0.0,68.31,188.04
198.4,160.567,39.911,480.16,0.0,0.0,0.0,68.31,188.04
198.46,160.59,39.93,479.7,0.0,0.0,0.0,68.3,188.05
198.5,160.606,39.943,479.4,0.0,0.0,0.0,68.3,188.05
198.54,160.622,39.956,479.09,0.0,0.0,0.0,68.29,188.05
198.6,160.645,39.976,478.63,0.0,0.0,0.0,68.29,188.06
198.66,160.669,39.995,478.17,0.0,0.0,0.0,68.28,188.06
198.7,160.685,40.008,477.87,0.0,0.0,0.0,68.28,188.06
198.74,160.7,40.021,477.56,0.0,0.0,0.0,68.28,188.07
198.8,160.724,40.041,477.11,0.0,0.0,0.0,68.27,188.07
198.86,160.747,40.06,476.65,0.0,0.0,0.0,68.26,188.08
198.9,160.763,40.073,476.35,0.0,0.0,0.0,68.26,188.08
198.96,160.786,40.093,475.89,0.0,0.0,0.0,68.25,188.08
199.0,160.801,40.106,475.58,0.0,0.0,0.0,68.25,188.09
199.06,160.825,40.125,475.13,0.0,0.0,0.0,68.24,188.09
199.1,160.84,40.138,474.82,0.0,0.0,0.0,68.24,188.09
199.16,160.863,40.158,474.37,0.0,0.0,0.0,68.23,188.1
199.2,160.879,40.171,474.06,0.0,0.0,0.0,68.23,188.1
199.26,160.902,40.191,473.61,0.0,0.0,0.0,68.22,188.11
199.3,160.918,40.204,473.3,0.0,0.0,0.0,68.22,188.11
199.36,160.941,40.223,472.85,0.0,0.0,0.0,68.21,188.11
199.4,160.956,40.236,472.55,0.0,0.0,0.0,68.21,188.12
199.46,160.979,40.256,472.09,0.0,0.0,0.0,68.2,188.12
199.5,160.994,40.269,471.79,0.0,0.0,0.0,68.2,188.12
199.56,161.017,40.288,471.33,0.0,0.0,0.0,68.19,188.13
199.6,161.033,40.301,471.03,0.0,0.0,0.0,68.19,188.13
199.66,161.056,40.321,470.58,0.0,0.0,0.0,68.18,188.14
199.7,161.071,40.334,470.27,0.0,0.0,0.0,68.18,188.14
199.76,161.094,40.354,469.82,0.0,0.0,0.0,68.17,188.14
199.8,161.109,40.367,469.52,0.0,0.0,0.0,68.17,188.15
199.86,161.132,40.386,469.07,0.0,0.0,0.0,68.17,188.15
199.92,161.155,40.406,468.61,0.0,0.0,0.0,68.16,188.16
199.96,161.17,40.419,468.31,0.0,0.0,0.0,68.16,188.16
200.0,161.185,40.432,468.01,0.0,0.0,0.0,68.15,188.16
200.06,161.208,40.452,467.56,0.0,0.0,0.0,68.15,188.17
200.1,161.223,40.465,467.25,0.0,0.0,0.0,68.14,188.17
200.16,161.246,40.484,466.8,0.0,0.0,0.0,68.14,188.17
200.22,161.268,40.504,466.35,0.0,0.0,0.0,68.13,188.18
200.26,161.283,40.517,466.05,0.0,0.0,0.0,68.13,188.18
200.3,161.298,40.53,465.75,0.0,0.0,0.0,68.12,188.18
200.36,161.321,40.55,465.3,0.0,0.0,0.0,68.12,188.19
200.42,161.343,40.569,464.85,0.0,0.0,0.0,68.11,188.19
200.46,161.358,40.582,464.55,0.0,0.0,0.0,68.11,188.2
200.52,161.381,40.602,464.09,0.0,0.0,0.0,68.1,188.2
200.56,161.396,40.615,463.79,0.0,0.0,0.0,68.1,188.2
200.6,161.411,40.628,463.49,0.0,0.0,0.0,68.09,188.21
200.66,161.433,40.648,463.04,0.0,0.0,0.0,68.09,188.21
200.72,161.455,40.668,462.59,0.0,0.0,0.0,68.08,188.22
200.76,161.47,40.681,462.29,0.0,0.0,0.0,68.08,188.22
200.82,161.493,40.7,461.84,0.0,0.0,0.0,68.07,188.22
200.86,161.507,40.713,461.55,0.0,0.0,0.0,68.07,188.23
200.92,161.53,40.733,461.1,0.0,0.0,0.0,68.06,188.23
200.96,161.544,40.746,460.8,0.0,0.0,0.0,68.06,188.23
201.02,161.567,40.766,460.35,0.0,0.0,0.0,68.05,188.24
201.06,161.581,40.779,460.05,0.0,0.0,0.0,68.05,188.24
201.12,161.604,40.799,459.6,0.0,0.0,0.0,68.04,188.25
201.18,161.626,40.818,459.15,0.0,0.0,0.0,68.04,188.25
201.22,161.64,40.831,458.85,0.0,0.0,0.0,68.03,188.25
201.26,161.655,40.844,458.56,0.0,0.0,0.0,68.03,188.26
201.32,161.677,40.864,458.11,0.0,0.0,0.0,68.02,188.26
201.36,161.692,40.877,457.81,0.0,0.0,0.0,68.02,188.26
201.42,161.714,40.897,457.36,0.0,0.0,0.0,68.01,188.27
201.48,161.736,40.917,456.92,0.0,0.0,0.0,68.01,188.27
201.52,161.75,40.93,456.62,0.0,0.0,0.0,68.0,188.27
201.56,161.765,40.943,456.32,0.0,0.0,0.0,68.0,188.28
201.62,161.787,40.963,455.88,0.0,0.0,0.0,67.99,188.28
201.68,161.808,40.982,455.43,0.0,0.0,0.0,67.99,188.29
201.72,161.823,40.995,455.13,0.0,0.0,0.0,67.98,188.29
201.76,161.837,41.009,454.84,0.0,0.0,0.0,67.98,188.29
201.82,161.859,41.028,454.39,0.0,0.0,0.0,67.97,188.3
201.88,161.881,41.048,453.94,0.0,0.0,0.0,67.97,188.3
201.92,161.895,41.061,453.65,0.0,0.0,0.0,67.96,188.3
201.98,161.917,41.081,453.2,0.0,0.0,0.0,67.96,188.31
202.02,161.931,41.094,452.91,0.0,0.0,0.0,67.95,188.31
202.06,161.946,41.107,452.61,0.0,0.0,0.0,67.95,188.31
202.12,161.967,41.127,452.17,0.0,0.0,0.0,67.94,188.32
202.18,161.989,41.147,451.72,0.0,0.0,0.0,67.94,188.32
202.22,162.003,41.16,451.43,0.0,0.0,0.0,67.93,188.33
202.26,162.018,41.173,451.13,0.0,0.0,0.0,67.93,188.33
202.32,162.039,41.193,450.69,0.0,0.0,0.0,67.92,188.33
202.38,162.06,41.212,450.25,0.0,0.0,0.0,67.92,188.34
202.42,162.075,41.225,449.95,0.0,0.0,0.0,67.91,188.34
202.48,162.096,41.245,449.51,0.0,0.0,0.0,67.91,188.35
202.52,162.11,41.258,449.21,0.0,0.0,0.0,67.9,188.35
202.58,162.132,41.278,448.77,0.0,0.0,0.0,67.9,188.35
202.62,162.146,41.291,448.48,0.0,0.0,0.0,67.89,188.36
202.68,162.167,41.311,448.03,0.0,0.0,0.0,67.89,188.36
202.72,162.181,41.324,447.74,0.0,0.0,0.0,67.88,188.36
202.78,162.202,41.344,447.3,0.0,0.0,0.0,67.88,188.37
202.82,162.217,41.357,447.01,0.0,0.0,0.0,67.87,188.37
202.88,162.238,41.377,446.56,0.0,0.0,0.0,67.87,188.37
202.92,162.252,41.39,446.27,0.0,0.0,0.0,67.86,188.38
202.98,162.273,41.41,445.83,0.0,0.0,0.0,67.86,188.38
203.02,162.287,41.423,445.54,0.0,0.0,0.0,67.85,188.38
203.08,162.308,41.443,445.1,0.0,0.0,0.0,67.85,188.39
203.14,162.329,41.463,444.66,0.0,0.0,0.0,67.84,188.39
203.18,162.343,41.476,444.37,0.0,0.0,0.0,67.84,188.4
203.22,162.357,41.489,444.07,0.0,0.0,0.0,67.83,188.4
203.28,162.378,41.509,443.63,0.0,0.0,0.0,67.83,188.4
203.34,162.399,41.528,443.19,0.0,0.0,0.0,67.82,188.41
203.38,162.413,41.542,442.9,0.0,0.0,0.0,67.82,188.41
203.44,162.433,41.561,442.46,0.0,0.0,0.0,67.81,188.41
203.48,162.447,41.575,442.17,0.0,0.0,0.0,67.81,188.42
203.52,162.461,41.588,441.88,0.0,0.0,0.0,67.81,188.42
203.58,162.482,41.608,441.44,0.0,0.0,0.0,67.8,188.42
203.64,162.503,41.627,441.01,0.0,0.0,0.0,67.79,188.43
203.68,162.516,41.641,440.71,0.0,0.0,0.0,67.79,188.43
203.74,162.537,41.66,440.28,0.0,0.0,0.0,67.78,188.44
203.78,162.551,41.674,439.99,0.0,0.0,0.0,67.78,188.44
203.84,162.571,41.693,439.55,0.0,0.0,0.0,67.77,188.44
203.88,162.585,41.707,439.26,0.0,0.0,0.0,67.77,188.45
203.94,162.606,41.726,438.82,0.0,0.0,0.0,67.76,188.45
203.98,162.619,41.74,438.53,0.0,0.0,0.0,67.76,188.45
204.04,162.64,41.76,438.1,0.0,0.0,0.0,67.75,188.46
204.08,162.653,41.773,437.81,0.0,0.0,0.0,67.75,188.46
204.14,162.674,41.793,437.37,0.0,0.0,0.0,67.74,188.47
204.18,162.687,41.806,437.08,0.0,0.0,0.0,67.74,188.47
204.24,162.708,41.826,436.65,0.0,0.0,0.0,67.73,188.47
204.28,162.721,41.839,436.36,0.0,0.0,0.0,67.73,188.48
204.34,162.742,41.859,435.93,0.0,0.0,0.0,67.72,188.48
204.38,162.755,41.872,435.64,0.0,0.0,0.0,67.72,188.48
204.44,162.776,41.892,435.2,0.0,0.0,0.0,67.71,188.49
204.48,162.789,41.905,434.91,0.0,0.0,0.0,67.71,188.49
204.54,162.809,41.925,434.48,0.0,0.0,0.0,67.7,188.49
204.6,162.829,41.945,434.05,0.0,0.0,0.0,67.7,188.5
204.64,162.843,41.958,433.76,0.0,0.0,0.0,67.69,188.5
204.68,162.856,41.971,433.47,0.0,0.0,0.0,67.69,188.5
204.74,162.876,41.991,433.04,0.0,0.0,0.0,67.69,188.51
204.8,162.896,42.011,432.61,0.0,0.0,0.0,67.68,188.51
204.84,162.91,42.024,432.32,0.0,0.0,0.0,67.68,188.52
204.9,162.93,42.044,431.89,0.0,0.0,0.0,67.67,188.52
204.94,162.943,42.057,431.6,0.0,0.0,0.0,67.67,188.52
204.98,162.956,42.071,431.31,0.0,0.0,0.0,67.66,188.53
205.04,162.976,42.09,430.88,0.0,0.0,0.0,67.66,188.53
205.1,162.996,42.11,430.45,0.0,0.0,0.0,67.65,188.53
205.14,163.01,42.124,430.17,0.0,0.0,0.0,67.65,188.54
205.18,163.023,42.137,429.88,0.0,0.0,0.0,67.64,188.54
205.24,163.043,42.157,429.45,0.0,0.0,0.0,67.64,188.54
205.28,163.056,42.17,429.16,0.0,0.0,0.0,67.63,188.55
205.34,163.076,42.19,428.74,0.0,0.0,0.0,67.63,188.55
205.4,163.095,42.21,428.31,0.0,0.0,0.0,67.62,188.56
205.44,163.108,42.223,428.02,0.0,0.0,0.0,67.62,188.56
205.5,163.128,42.243,427.59,0.0,0.0,0.0,67.61,188.56
205.54,163.141,42.256,427.31,0.0,0.0,0.0,67.61,188.57
205.6,163.161,42.276,426.88,0.0,0.0,0.0,67.6,188.57
205.64,163.174,42.289,426.6,0.0,0.0,0.0,67.6,188.57
205.7,163.193,42.309,426.17,0.0,0.0,0.0,67.59,188.58
205.74,163.207,42.322,425.88,0.0,0.0,0.0,67.59,188.58
205.8,163.226,42.342,425.46,0.0,0.0,0.0,67.58,188.58
205.84,163.239,42.356,425.17,0.0,0.0,0.0,67.58,188.59
205.9,163.258,42.376,424.75,0.0,0.0,0.0,67.57,188.59
205.94,163.271,42.389,424.46,0.0,0.0,0.0,67.57,188.59
206.0,163.291,42.409,424.04,0.0,0.0,0.0,67.56,188.6
206.04,163.304,42.422,423.75,0.0,0.0,0.0,67.56,188.6
206.1,163.323,42.442,423.33,0.0,0.0,0.0,67.55,188.6
206.14,163.336,42.455,423.04,0.0,0.0,0.0,67.55,188.61
206.2,163.355,42.475,422.62,0.0,0.0,0.0,67.54,188.61
206.26,163.374,42.495,422.2,0.0,0.0,0.0,67.54,188.62
206.3,163.387,42.508,421.91,0.0,0.0,0.0,67.53,188.62
206.34,163.4,42.522,421.63,0.0,0.0,0.0,67.53,188.62
206.4,163.419,42.542,421.21,0.0,0.0,0.0,67.52,188.63
206.46,163.438,42.562,420.78,0.0,0.0,0.0,67.52,188.63
206.5,163.451,42.575,420.5,0.0,0.0,0.0,67.51,188.63
206.56,163.47,42.595,420.08,0.0,0.0,0.0,67.51,188.64
206.6,163.483,42.608,419.8,0.0,0.0,0.0,67.5,188.64
206.66,163.502,42.628,419.37,0.0,0.0,0.0,67.5,188.64
206.7,163.515,42.641,419.09,0.0,0.0,0.0,67.49,188.65
206.76,163.534,42.661,418.67,0.0,0.0,0.0,67.49,188.65
206.8,163.546,42.675,418.39,0.0,0.0,0.0,67.48,188.65
206.84,163.559,42.688,418.11,0.0,0.0,0.0,67.48,188.66
206.9,163.578,42.708,417.69,0.0,0.0,0.0,67.47,188.66
206.96,163.597,42.728,417.27,0.0,0.0,0.0,67.47,188.67
207.0,163.609,42.741,416.99,0.0,0.0,0.0,67.46,188.67
207.04,163.622,42.755,416.71,0.0,0.0,0.0,67.46,188.67
207.1,163.64,42.775,416.29,0.0,0.0,0.0,67.45,188.68
207.16,163.659,42.795,415.87,0.0,0.0,0.0,67.45,188.68
207.2,163.672,42.808,415.59,0.0,0.0,0.0,67.44,188.68
207.26,163.69,42.828,415.17,0.0,0.0,0.0,67.44,188.69
207.3,163.703,42.841,414.89,0.0,0.0,0.0,67.43,188.69
207.34,163.715,42.855,414.61,0.0,0.0,0.0,67.43,188.69
207.4,163.734,42.875,414.19,0.0,0.0,0.0,67.42,188.7
207.44,163.746,42.888,413.92,0.0,0.0,0.0,67.42,188.7
207.44,163.752,42.901,413.64,0.0,0.0,0.0,67.42,188.7
207.52,163.771,42.915,413.36,0.0,0.0,0.0,67.41,188.7
207.58,163.79,42.935,412.94,0.0,0.0,0.0,67.41,188.71
207.62,163.802,42.948,412.66,0.0,0.0,0.0,67.4,188.71
207.68,163.82,42.968,412.25,0.0,0.0,0.0,67.4,188.72
207.72,163.833,42.981,411.97,0.0,0.0,0.0,67.39,188.72
207.78,163.851,43.001,411.55,0.0,0.0,0.0,67.39,188.72
207.82,163.863,43.015,411.28,0.0,0.0,0.0,67.38,188.73
207.88,163.882,43.035,410.86,0.0,0.0,0.0,67.38,188.73
207.92,163.894,43.048,410.59,0.0,0.0,0.0,67.37,188.73
207.98,163.912,43.068,410.17,0.0,0.0,0.0,67.37,188.74
208.02,163.924,43.081,409.89,0.0,0.0,0.0,67.36,188.74
208.08,163.943,43.101,409.48,0.0,0.0,0.0,67.36,188.74
208.12,163.955,43.115,409.2,0.0,0.0,0.0,67.35,188.75
208.18,163.973,43.135,408.79,0.0,0.0,0.0,67.35,188.75
208.22,163.985,43.148,408.51,0.0,0.0,0.0,67.34,188.75
208.28,164.003,43.168,408.1,0.0,0.0,0.0,67.34,188.76
208.34,164.021,43.188,407.69,0.0,0.0,0.0,67.33,188.76
208.38,164.033,43.201,407.41,0.0,0.0,0.0,67.33,188.76
208.42,164.045,43.215,407.14,0.0,0.0,0.0,67.32,188.77
208.48,164.063,43.235,406.73,0.0,0.0,0.0,67.32,188.77
208.54,164.081,43.255,406.32,0.0,0.0,0.0,67.31,188.78
208.58,164.093,43.268,406.04,0.0,0.0,0.0,67.31,188.78
208.64,164.111,43.288,405.63,0.0,0.0,0.0,67.3,188.78
208.68,164.123,43.302,405.36,0.0,0.0,0.0,67.3,188.79
208.72,164.135,43.315,405.08,0.0,0.0,0.0,67.29,188.79
208.78,164.153,43.335,404.67,0.0,0.0,0.0,67.29,188.79
208.84,164.171,43.355,404.26,0.0,0.0,0.0,67.28,188.8
208.88,164.182,43.369,403.99,0.0,0.0,0.0,67.28,188.8
208.92,164.194,43.382,403.72,0.0,0.0,0.0,67.27,188.8
208.98,164.212,43.402,403.31,0.0,0.0,0.0,67.27,188.81
209.04,164.23,43.422,402.9,0.0,0.0,0.0,67.26,188.81
209.08,164.242,43.436,402.63,0.0,0.0,0.0,67.26,188.81
209.14,164.259,43.456,402.22,0.0,0.0,0.0,67.25,188.82
209.18,164.271,43.469,401.95,0.0,0.0,0.0,67.25,188.82
209.24,164.289,43.489,401.54,0.0,0.0,0.0,67.24,188.82
209.28,164.3,43.502,401.27,0.0,0.0,0.0,67.24,188.83
209.34,164.318,43.523,400.86,0.0,0.0,0.0,67.23,188.83
209.38,164.329,43.536,400.59,0.0,0.0,0.0,67.23,188.83
209.44,164.347,43.556,400.18,0.0,0.0,0.0,67.22,188.84
209.48,164.359,43.569,399.91,0.0,0.0,0.0,67.22,188.84
209.54,164.376,43.589,399.51,0.0,0.0,0.0,67.21,188.84
209.58,164.388,43.603,399.24,0.0,0.0,0.0,67.21,188.85
209.64,164.405,43.623,398.83,0.0,0.0,0.0,67.2,188.85
209.68,164.416,43.636,398.56,0.0,0.0,0.0,67.2,188.85
209.74,164.434,43.656,398.16,0.0,0.0,0.0,67.19,188.86
209.78,164.445,43.67,397.89,0.0,0.0,0.0,67.19,188.86
209.84,164.463,43.69,397.49,0.0,0.0,0.0,67.18,188.86
209.88,164.474,43.703,397.22,0.0,0.0,0.0,67.18,188.87
209.94,164.491,43.724,396.81,0.0,0.0,0.0,67.17,188.87
209.98,164.503,43.737,396.55,0.0,0.0,0.0,67.17,188.87
210.04,164.52,43.757,396.14,0.0,0.0,0.0,67.16,188.88
210.1,164.537,43.777,395.74,0.0,0.0,0.0,67.16,188.88
210.14,164.548,43.791,395.47,0.0,0.0,0.0,67.15,188.89
210.18,164.56,43.804,395.21,0.0,0.0,0.0,67.15,188.89
210.24,164.577,43.824,394.81,0.0,0.0,0.0,67.14,188.89
210.3,164.594,43.844,394.4,0.0,0.0,0.0,67.14,188.9
210.34,164.605,43.858,394.14,0.0,0.0,0.0,67.13,188.9
210.38,164.616,43.871,393.87,0.0,0.0,0.0,67.13,188.9
210.44,164.633,43.891,393.47,0.0,0.0,0.0,67.12,188.91
210.5,164.65,43.911,393.07,0.0,0.0,0.0,67.12,188.91
210.54,164.661,43.925,392.81,0.0,0.0,0.0,67.11,188.91
210.58,164.673,43.938,392.54,0.0,0.0,0.0,67.11,188.92
210.64,164.689,43.958,392.14,0.0,0.0,0.0,67.1,188.92
210.7,164.706,43.979,391.74,0.0,0.0,0.0,67.1,188.92
210.74,164.717,43.992,391.48,0.0,0.0,0.0,67.09,188.93
210.8,164.734,44.012,391.08,0.0,0.0,0.0,67.09,188.93
210.84,164.745,44.026,390.82,0.0,0.0,0.0,67.08,188.93
210.9,164.762,44.046,390.42,0.0,0.0,0.0,67.08,188.94
210.94,164.773,44.059,390.15,0.0,0.0,0.0,67.07,188.94
211.0,164.79,44.079,389.76,0.0,0.0,0.0,67.07,188.94
211.04,164.801,44.093,389.49,0.0,0.0,0.0,67.06,188.95
211.1,164.817,44.113,389.1,0.0,0.0,0.0,67.06,188.95
211.14,164.828,44.126,388.84,0.0,0.0,0.0,67.05,188.95
211.2,164.845,44.147,388.44,0.0,0.0,0.0,67.05,188.96
211.24,164.856,44.16,388.18,0.0,0.0,0.0,67.04,188.96
211.3,164.872,44.18,387.78,0.0,0.0,0.0,67.04,188.96
211.34,164.883,44.194,387.52,0.0,0.0,0.0,67.03,188.97
211.4,164.899,44.214,387.13,0.0,0.0,0.0,67.03,188.97
211.44,164.91,44.227,386.87,0.0,0.0,0.0,67.02,188.97
211.5,164.927,44.247,386.47,0.0,0.0,0.0,67.02,188.98
211.54,164.937,44.261,386.21,0.0,0.0,0.0,67.01,188.98
211.6,164.954,44.281,385.82,0.0,0.0,0.0,67.01,188.98
211.64,164.965,44.295,385.56,0.0,0.0,0.0,67.0,188.99
211.7,164.981,44.315,385.17,0.0,0.0,0.0,67.0,188.99
211.74,164.992,44.328,384.91,0.0,0.0,0.0,67.0,188.99
211.8,165.008,44.348,384.52,0.0,0.0,0.0,66.99,189.0
211.84,165.018,44.362,384.26,0.0,0.0,0.0,66.99,189.0
211.9,165.035,44.382,383.87,0.0,0.0,0.0,66.98,189.0
211.94,165.045,44.396,383.61,0.0,0.0,0.0,66.98,189.01
212.0,165.061,44.416,383.22,0.0,0.0,0.0,66.97,189.01
212.06,165.077,44.436,382.83,0.0,0.0,0.0,66.96,189.02
212.1,165.088,44.449,382.57,0.0,0.0,0.0,66.96,189.02
212.14,165.099,44.463,382.31,0.0,0.0,0.0,66.96,189.02
212.2,165.115,44.483,381.92,0.0,0.0,0.0,66.95,189.02
212.26,165.13,44.503,381.53,0.0,0.0,0.0,66.94,189.03
212.3,165.141,44.517,381.28,0.0,0.0,0.0,66.94,189.03
212.34,165.152,44.53,381.02,0.0,0.0,0.0,66.94,189.03
212.4,165.167,44.55,380.63,0.0,0.0,0.0,66.93,189.04
212.46,165.183,44.571,380.25,0.0,0.0,0.0,66.92,189.04
212.5,165.194,44.584,379.99,0.0,0.0,0.0,66.92,189.04
212.56,165.21,44.604,379.6,0.0,0.0,0.0,66.91,189.05
212.6,165.22,44.618,379.35,0.0,0.0,0.0,66.91,189.05
212.66,165.236,44.638,378.96,0.0,0.0,0.0,66.9,189.06
212.7,165.246,44.652,378.71,0.0,0.0,0.0,66.9,189.06
212.76,165.262,44.672,378.32,0.0,0.0,0.0,66.89,189.06
212.8,165.272,44.685,378.07,0.0,0.0,0.0,66.89,189.06
212.86,165.288,44.706,377.68,0.0,0.0,0.0,66.88,189.07
212.9,165.298,44.719,377.43,0.0,0.0,0.0,66.88,189.07
212.96,165.314,44.739,377.05,0.0,0.0,0.0,66.87,189.08
213.0,165.324,44.753,376.79,0.0,0.0,0.0,66.87,189.08
213.06,165.339,44.773,376.41,0.0,0.0,0.0,66.86,189.08
213.1,165.35,44.787,376.15,0.0,0.0,0.0,66.86,189.08
213.16,165.365,44.807,375.77,0.0,0.0,0.0,66.85,189.09
213.2,165.375,44.82,375.52,0.0,0.0,0.0,66.85,189.09
213.26,165.391,44.841,375.14,0.0,0.0,0.0,66.85,189.1
213.32,165.406,44.861,374.76,0.0,0.0,0.0,66.84,189.1
213.36,165.416,44.874,374.51,0.0,0.0,0.0,66.84,189.1
213.4,165.426,44.888,374.25,0.0,0.0,0.0,66.83,189.1
213.46,165.441,44.908,373.88,0.0,0.0,0.0,66.83,189.11
213.52,165.457,44.928,373.5,0.0,0.0,0.0,66.82,189.11
213.56,165.467,44.942,373.25,0.0,0.0,0.0,66.82,189.12
213.6,165.477,44.955,372.99,0.0,0.0,0.0,66.81,189.12
213.66,165.492,44.976,372.62,0.0,0.0,0.0,66.81,189.12
213.72,165.507,44.996,372.24,0.0,0.0,0.0,66.8,189.13
213.76,165.517,45.01,371.99,0.0,0.0,0.0,66.8,189.13
213.82,165.532,45.03,371.61,0.0,0.0,0.0,66.79,189.13
213.86,165.542,45.043,371.36,0.0,0.0,0.0,66.79,189.14
213.9,165.552,45.057,371.11,0.0,0.0,0.0,66.78,189.14
213.96,165.567,45.077,370.74,0.0,0.0,0.0,66.78,189.14
214.02,165.582,45.097,370.36,0.0,0.0,0.0,66.77,189.15
214.06,165.592,45.111,370.11,0.0,0.0,0.0,66.77,189.15
214.12,165.607,45.131,369.74,0.0,0.0,0.0,66.76,189.15
214.16,165.617,45.145,369.49,0.0,0.0,0.0,66.76,189.15
214.22,165.632,45.165,369.12,0.0,0.0,0.0,66.75,189.16
214.26,165.641,45.179,368.87,0.0,0.0,0.0,66.75,189.16
214.32,165.656,45.199,368.5,0.0,0.0,0.0,66.74,189.17
214.36,165.666,45.213,368.25,0.0,0.0,0.0,66.74,189.17
214.42,165.681,45.233,367.88,0.0,0.0,0.0,66.73,189.17
214.48,165.695,45.253,367.51,0.0,0.0,0.0,66.72,189.18
214.52,165.705,45.267,367.26,0.0,0.0,0.0,66.72,189.18
214.56,165.715,45.28,367.02,0.0,0.0,0.0,66.72,189.18
214.62,165.729,45.301,366.65,0.0,0.0,0.0,66.71,189.19
214.66,165.739,45.314,366.4,0.0,0.0,0.0,66.71,189.19
214.72,165.754,45.334,366.03,0.0,0.0,0.0,66.7,189.19
214.76,165.763,45.348,365.79,0.0,0.0,0.0,66.7,189.19
214.82,165.778,45.368,365.42,0.0,0.0,0.0,66.69,189.2
214.86,165.787,45.382,365.17,0.0,0.0,0.0,66.69,189.2
214.92,165.802,45.402,364.81,0.0,0.0,0.0,66.68,189.2
214.98,165.816,45.422,364.44,0.0,0.0,0.0,66.68,189.21
215.02,165.826,45.436,364.19,0.0,0.0,0.0,66.67,189.21
215.06,165.835,45.45,363.95,0.0,0.0,0.0,66.67,189.21
215.12,165.85,45.47,363.58,0.0,0.0,0.0,66.66,189.22
215.16,165.859,45.483,363.34,0.0,0.0,0.0,66.66,189.22
215.22,165.873,45.504,362.98,0.0,0.0,0.0,66.65,189.22
215.26,165.883,45.517,362.73,0.0,0.0,0.0,66.65,189.23
215.32,165.897,45.538,362.37,0.0,0.0,0.0,66.64,189.23
215.38,165.911,45.558,362.01,0.0,0.0,0.0,66.64,189.24
215.42,165.921,45.572,361.76,0.0,0.0,0.0,66.63,189.24
215.46,165.93,45.585,361.52,0.0,0.0,0.0,66.63,189.24
215.52,165.944,45.606,361.16,0.0,0.0,0.0,66.62,189.24
215.58,165.958,45.626,360.8,0.0,0.0,0.0,66.62,189.25
215.62,165.968,45.639,360.56,0.0,0.0,0.0,66.61,189.25
215.66,165.977,45.653,360.32,0.0,0.0,0.0,66.61,189.25
215.72,165.991,45.673,359.96,0.0,0.0,0.0,66.6,189.26
215.78,166.005,45.694,359.6,0.0,0.0,0.0,66.6,189.26
215.82,166.014,45.707,359.36,0.0,0.0,0.0,66.59,189.26
215.86,166.023,45.721,359.12,0.0,0.0,0.0,66.59,189.27
215.92,166.037,45.741,358.76,0.0,0.0,0.0,66.58,189.27
215.98,166.051,45.762,358.4,0.0,0.0,0.0,66.58,189.27
216.02,166.06,45.775,358.16,0.0,0.0,0.0,66.57,189.28
216.06,166.069,45.789,357.92,0.0,0.0,0.0,66.57,189.28
216.12,166.083,45.809,357.56,0.0,0.0,0.0,66.56,189.28
216.18,166.097,45.83,357.21,0.0,0.0,0.0,66.56,189.29
216.22,166.106,45.843,356.97,0.0,0.0,0.0,66.55,189.29
216.28,166.12,45.864,356.61,0.0,0.0,0.0,66.55,189.29
216.32,166.129,45.877,356.38,0.0,0.0,0.0,66.54,189.3
216.38,166.142,45.898,356.02,0.0,0.0,0.0,66.54,189.3
216.42,166.151,45.911,355.79,0.0,0.0,0.0,66.53,189.3
216.48,166.165,45.932,355.43,0.0,0.0,0.0,66.53,189.31
216.52,166.174,45.945,355.2,0.0,0.0,0.0,66.52,189.31
216.58,166.187,45.966,354.84,0.0,0.0,0.0,66.52,189.31
216.62,166.196,45.979,354.61,0.0,0.0,0.0,66.51,189.32
216.68,166.21,46.0,354.26,0.0,0.0,0.0,66.51,189.32
216.74,166.223,46.02,353.9,0.0,0.0,0.0,66.5,189.32
216.78,166.232,46.034,353.67,0.0,0.0,0.0,66.5,189.33
216.82,166.241,46.047,353.44,0.0,0.0,0.0,66.49,189.33
216.88,166.254,46.068,353.09,0.0,0.0,0.0,66.49,189.33
216.94,166.268,46.088,352.74,0.0,0.0,0.0,66.48,189.34
216.98,166.276,46.102,352.5,0.0,0.0,0.0,66.48,189.34
217.02,166.285,46.115,352.27,0.0,0.0,0.0,66.47,189.34
217.08,166.298,46.136,351.92,0.0,0.0,0.0,66.47,189.35
217.14,166.312,46.156,351.57,0.0,0.0,0.0,66.46,189.35
217.18,166.32,46.17,351.34,0.0,0.0,0.0,66.46,189.35
217.24,166.334,46.19,350.99,0.0,0.0,0.0,66.45,189.36
217.28,166.342,46.204,350.76,0.0,0.0,0.0,66.45,189.36
217.34,166.355,46.224,350.42,0.0,0.0,0.0,66.44,189.36
217.38,166.364,46.238,350.19,0.0,0.0,0.0,66.44,189.36
217.44,166.377,46.258,349.84,0.0,0.0,0.0,66.43,189.37
217.48,166.386,46.272,349.61,0.0,0.0,0.0,66.43,189.37
217.52,166.394,46.285,349.38,0.0,0.0,0.0,66.42,189.37
217.58,166.407,46.306,349.04,0.0,0.0,0.0,66.42,189.38
217.64,166.42,46.326,348.69,0.0,0.0,0.0,66.41,189.38
217.68,166.429,46.34,348.46,0.0,0.0,0.0,66.41,189.38
217.74,166.442,46.36,348.12,0.0,0.0,0.0,66.4,189.39
217.78,166.45,46.374,347.89,0.0,0.0,0.0,66.4,189.39
217.84,166.463,46.394,347.55,0.0,0.0,0.0,66.39,189.39
217.88,166.471,46.408,347.32,0.0,0.0,0.0,66.39,189.4
217.94,166.484,46.428,346.98,0.0,0.0,0.0,66.38,189.4
217.98,166.493,46.442,346.76,0.0,0.0,0.0,66.38,189.4
218.04,166.505,46.463,346.42,0.0,0.0,0.0,66.37,189.41
218.08,166.514,46.476,346.19,0.0,0.0,0.0,66.37,189.41
218.14,166.526,46.497,345.85,0.0,0.0,0.0,66.36,189.41
218.18,166.535,46.51,345.63,0.0,0.0,0.0,66.36,189.42
218.24,166.547,46.531,345.29,0.0,0.0,0.0,66.35,189.42
218.3,166.56,46.551,344.95,0.0,0.0,0.0,66.35,189.42
218.34,166.568,46.565,344.73,0.0,0.0,0.0,66.34,189.43
218.38,166.576,46.578,344.5,0.0,0.0,0.0,66.34,189.43
218.44,166.589,46.599,344.17,0.0,0.0,0.0,66.33,189.43
218.5,166.601,46.619,343.83,0.0,0.0,0.0,66.33,189.44
218.54,166.61,46.633,343.61,0.0,0.0,0.0,66.32,189.44
218.58,166.618,46.647,343.38,0.0,0.0,0.0,66.32,189.44
218.64,166.63,46.667,343.05,0.0,0.0,0.0,66.31,189.44
218.7,166.643,46.688,342.72,0.0,0.0,0.0,66.31,189.45
218.74,166.651,46.701,342.49,0.0,0.0,0.0,66.3,189.45
218.78,166.659,46.715,342.27,0.0,0.0,0.0,66.3,189.45
218.84,166.671,46.735,341.94,0.0,0.0,0.0,66.29,189.46
218.9,166.683,46.756,341.61,0.0,0.0,0.0,66.29,189.46
218.94,166.691,46.77,341.39,0.0,0.0,0.0,66.28,189.46
218.98,166.699,46.783,341.17,0.0,0.0,0.0,66.28,189.47
219.04,166.712,46.804,340.84,0.0,0.0,0.0,66.27,189.47
219.1,166.724,46.824,340.51,0.0,0.0,0.0,66.27,189.47
219.14,166.732,46.838,340.29,0.0,0.0,0.0,66.26,189.48
219.2,166.744,46.858,339.96,0.0,0.0,0.0,66.26,189.48
219.24,166.752,46.872,339.74,0.0,0.0,0.0,66.25,189.48
219.3,166.764,46.893,339.41,0.0,0.0,0.0,66.25,189.49
219.34,166.772,46.906,339.2,0.0,0.0,0.0,66.24,189.49
219.4,166.784,46.927,338.87,0.0,0.0,0.0,66.24,189.49
219.44,166.792,46.94,338.65,0.0,0.0,0.0,66.23,189.5
219.5,166.803,46.961,338.33,0.0,0.0,0.0,66.23,189.5
219.54,166.811,46.975,338.11,0.0,0.0,0.0,66.22,189.5
219.6,166.823,46.995,337.79,0.0,0.0,0.0,66.22,189.51
219.64,166.831,47.009,337.57,0.0,0.0,0.0,66.21,189.51
219.7,166.843,47.029,337.25,0.0,0.0,0.0,66.21,189.51
219.74,166.85,47.043,337.03,0.0,0.0,0.0,66.2,189.51
219.8,166.862,47.064,336.71,0.0,0.0,0.0,66.2,189.52
219.84,166.87,47.077,336.49,0.0,0.0,0.0,66.19,189.52
219.9,166.882,47.098,336.17,0.0,0.0,0.0,66.19,189.52
219.94,166.889,47.111,335.96,0.0,0.0,0.0,66.18,189.53
220.0,166.901,47.132,335.64,0.0,0.0,0.0,66.18,189.53
220.04,166.909,47.146,335.42,0.0,0.0,0.0,66.18,189.53
220.1,166.92,47.166,335.11,0.0,0.0,0.0,66.17,189.54
220.14,166.928,47.18,334.89,0.0,0.0,0.0,66.17,189.54
220.2,166.939,47.2,334.57,0.0,0.0,0.0,66.16,189.54
220.24,166.947,47.214,334.36,0.0,0.0,0.0,66.16,189.55
220.3,166.958,47.235,334.05,0.0,0.0,0.0,66.15,189.55
220.36,166.97,47.255,333.73,0.0,0.0,0.0,66.14,189.55
220.4,166.977,47.269,333.52,0.0,0.0,0.0,66.14,189.56
220.44,166.985,47.283,333.31,0.0,0.0,0.0,66.14,189.56
220.5,166.996,47.303,332.99,0.0,0.0,0.0,66.13,189.56
220.56,167.007,47.324,332.68,0.0,0.0,0.0,66.12,189.57
220.6,167.015,47.337,332.47,0.0,0.0,0.0,66.12,189.57
220.64,167.022,47.351,332.26,0.0,0.0,0.0,66.12,189.57
220.7,167.034,47.372,331.95,0.0,0.0,0.0,66.11,189.57
220.76,167.045,47.392,331.63,0.0,0.0,0.0,66.1,189.58
220.8,167.052,47.406,331.43,0.0,0.0,0.0,66.1,189.58
220.86,167.063,47.426,331.12,0.0,0.0,0.0,66.09,189.58
220.9,167.071,47.44,330.91,0.0,0.0,0.0,66.09,189.59
220.96,167.082,47.461,330.6,0.0,0.0,0.0,66.08,189.59
221.0,167.089,47.474,330.39,0.0,0.0,0.0,66.08,189.59
221.06,167.1,47.495,330.08,0.0,0.0,0.0,66.07,189.6
221.1,167.107,47.509,329.88,0.0,0.0,0.0,66.07,189.6
221.16,167.118,47.529,329.57,0.0,0.0,0.0,66.06,189.6
221.2,167.126,47.543,329.36,0.0,0.0,0.0,66.06,189.61
221.26,167.136,47.563,329.06,0.0,0.0,0.0,66.05,189.61
221.3,167.144,47.577,328.85,0.0,0.0,0.0,66.05,189.61
221.36,167.154,47.598,328.55,0.0,0.0,0.0,66.04,189.62
221.4,167.162,47.611,328.34,0.0,0.0,0.0,66.04,189.62
221.46,167.172,47.632,328.04,0.0,0.0,0.0,66.03,189.62
221.5,167.18,47.646,327.84,0.0,0.0,0.0,66.03,189.62
221.56,167.19,47.666,327.53,0.0,0.0,0.0,66.02,189.63
221.6,167.197,47.68,327.33,0.0,0.0,0.0,66.02,189.63
221.66,167.208,47.701,327.03,0.0,0.0,0.0,66.01,189.63
221.7,167.215,47.714,326.83,0.0,0.0,0.0,66.01,189.64
221.76,167.226,47.735,326.53,0.0,0.0,0.0,66.0,189.64
221.82,167.236,47.756,326.23,0.0,0.0,0.0,66.0,189.64
221.86,167.243,47.769,326.02,0.0,0.0,0.0,65.99,189.65
221.9,167.25,47.783,325.83,0.0,0.0,0.0,65.99,189.65
221.96,167.261,47.804,325.53,0.0,0.0,0.0,65.99,189.65
222.02,167.271,47.824,325.23,0.0,0.0,0.0,65.98,189.66
222.06,167.278,47.838,325.03,0.0,0.0,0.0,65.98,189.66
222.1,167.285,47.852,324.83,0.0,0.0,0.0,65.97,189.66
222.16,167.296,47.872,324.53,0.0,0.0,0.0,65.97,189.67
222.22,167.306,47.893,324.24,0.0,0.0,0.0,65.96,189.67
222.26,167.313,47.907,324.04,0.0,0.0,0.0,65.96,189.67
222.3,167.32,47.92,323.84,0.0,0.0,0.0,65.95,189.67
222.36,167.33,47.941,323.55,0.0,0.0,0.0,65.95,189.68
222.42,167.34,47.962,323.26,0.0,0.0,0.0,65.94,189.68
222.46,167.347,47.975,323.06,0.0,0.0,0.0,65.94,189.68
222.52,167.357,47.996,322.77,0.0,0.0,0.0,65.93,189.69
222.56,167.364,48.01,322.57,0.0,0.0,0.0,65.93,189.69
222.62,167.374,48.03,322.28,0.0,0.0,0.0,65.92,189.69
222.66,167.381,48.044,322.09,0.0,0.0,0.0,65.92,189.7
222.72,167.391,48.065,321.8,0.0,0.0,0.0,65.91,189.7
222.76,167.397,48.078,321.61,0.0,0.0,0.0,65.91,189.7
222.82,167.407,48.099,321.32,0.0,0.0,0.0,65.9,189.71
222.86,167.414,48.113,321.12,0.0,0.0,0.0,65.9,189.71
222.92,167.424,48.133,320.84,0.0,0.0,0.0,65.89,189.71
222.96,167.431,48.147,320.64,0.0,0.0,0.0,65.89,189.71
223.02,167.441,48.168,320.36,0.0,0.0,0.0,65.88,189.72
223.06,167.447,48.182,320.17,0.0,0.0,0.0,65.88,189.72
223.12,167.457,48.202,319.88,0.0,0.0,0.0,65.87,189.72
223.16,167.464,48.216,319.69,0.0,0.0,0.0,65.87,189.73
223.22,167.473,48.237,319.41,0.0,0.0,0.0,65.86,189.73
223.26,167.48,48.25,319.22,0.0,0.0,0.0,65.86,189.73
223.32,167.49,48.271,318.94,0.0,0.0,0.0,65.85,189.74
223.38,167.499,48.292,318.65,0.0,0.0,0.0,65.84,189.74
223.42,167.506,48.305,318.47,0.0,0.0,0.0,65.84,189.74
223.46,167.512,48.319,318.28,0.0,0.0,0.0,65.84,189.74
223.52,167.522,48.34,318.0,0.0,0.0,0.0,65.83,189.75
223.58,167.531,48.361,317.72,0.0,0.0,0.0,65.82,189.75
223.62,167.538,48.374,317.53,0.0,0.0,0.0,65.82,189.75
223.66,167.544,48.388,317.35,0.0,0.0,0.0,65.82,189.76
223.72,167.554,48.409,317.07,0.0,0.0,0.0,65.81,189.76
223.78,167.563,48.429,316.79,0.0,0.0,0.0,65.8,189.76
223.82,167.569,48.443,316.61,0.0,0.0,0.0,65.8,189.77
223.86,167.576,48.457,316.42,0.0,0.0,0.0,65.8,189.77
223.92,167.585,48.478,316.15,0.0,0.0,0.0,65.79,189.77
223.98,167.594,48.498,315.87,0.0,0.0,0.0,65.79,189.78
224.02,167.601,48.512,315.69,0.0,0.0,0.0,65.78,189.78
224.06,167.607,48.526,315.51,0.0,0.0,0.0,65.78,189.78
224.12,167.616,48.546,315.23,0.0,0.0,0.0,65.77,189.79
224.18,167.625,48.567,314.96,0.0,0.0,0.0,65.77,189.79
224.22,167.631,48.581,314.78,0.0,0.0,0.0,65.76,189.79
224.26,167.638,48.595,314.6,0.0,0.0,0.0,65.76,189.79
224.32,167.647,48.615,314.33,0.0,0.0,0.0,65.75,189.8
224.38,167.656,48.636,314.06,0.0,0.0,0.0,65.75,189.8
224.42,167.662,48.65,313.88,0.0,0.0,0.0,65.74,189.8
224.48,167.671,48.671,313.61,0.0,0.0,0.0,65.74,189.81
224.52,167.677,48.684,313.43,0.0,0.0,0.0,65.73,189.81
224.58,167.686,48.705,313.16,0.0,0.0,0.0,65.73,189.81
224.62,167.692,48.719,312.99,0.0,0.0,0.0,65.72,189.82
224.68,167.701,48.74,312.72,0.0,0.0,0.0,65.72,189.82
224.72,167.707,48.753,312.54,0.0,0.0,0.0,65.71,189.82
224.78,167.716,48.774,312.28,0.0,0.0,0.0,65.71,189.83
224.82,167.722,48.788,312.1,0.0,0.0,0.0,65.7,189.83
224.88,167.731,48.809,311.84,0.0,0.0,0.0,65.7,189.83
224.92,167.737,48.822,311.66,0.0,0.0,0.0,65.69,189.83
224.98,167.745,48.843,311.4,0.0,0.0,0.0,65.69,189.84
225.02,167.751,48.857,311.23,0.0,0.0,0.0,65.68,189.84
225.08,167.76,48.878,310.97,0.0,0.0,0.0,65.68,189.84
225.12,167.766,48.891,310.79,0.0,0.0,0.0,65.67,189.85
225.18,167.774,48.912,310.53,0.0,0.0,0.0,65.67,189.85
225.22,167.78,48.926,310.36,0.0,0.0,0.0,65.66,189.85
225.28,167.789,48.947,310.1,0.0,0.0,0.0,65.66,189.86
225.34,167.798,48.967,309.84,0.0,0.0,0.0,65.65,189.86
225.38,167.803,48.981,309.67,0.0,0.0,0.0,65.65,189.86
225.42,167.809,48.995,309.5,0.0,0.0,0.0,65.64,189.86
225.48,167.817,49.016,309.25,0.0,0.0,0.0,65.64,189.87
225.54,167.826,49.036,308.99,0.0,0.0,0.0,65.63,189.87
225.58,167.832,49.05,308.82,0.0,0.0,0.0,65.63,189.87
225.62,167.837,49.064,308.65,0.0,0.0,0.0,65.62,189.88
225.68,167.846,49.085,308.4,0.0,0.0,0.0,65.62,189.88
225.74,167.854,49.105,308.15,0.0,0.0,0.0,65.61,189.88
225.78,167.86,49.119,307.98,0.0,0.0,0.0,65.61,189.89
225.84,167.868,49.14,307.73,0.0,0.0,0.0,65.6,189.89
225.88,167.873,49.154,307.56,0.0,0.0,0.0,65.6,189.89
225.94,167.882,49.174,307.31,0.0,0.0,0.0,65.59,189.89
225.98,167.887,49.188,307.15,0.0,0.0,0.0,65.59,189.9
226.04,167.895,49.209,306.9,0.0,0.0,0.0,65.58,189.9
226.08,167.901,49.223,306.73,0.0,0.0,0.0,65.58,189.9
226.12,167.906,49.237,306.57,0.0,0.0,0.0,65.57,189.91
226.18,167.914,49.257,306.32,0.0,0.0,0.0,65.57,189.91
226.24,167.923,49.278,306.08,0.0,0.0,0.0,65.56,189.91
226.28,167.928,49.292,305.91,0.0,0.0,0.0,65.56,189.92
226.32,167.933,49.306,305.75,0.0,0.0,0.0,65.55,189.92
226.38,167.941,49.327,305.51,0.0,0.0,0.0,65.55,189.92
226.44,167.949,49.347,305.27,0.0,0.0,0.0,65.54,189.92
226.48,167.955,49.361,305.1,0.0,0.0,0.0,65.54,189.93
226.54,167.962,49.382,304.86,0.0,0.0,0.0,65.53,189.93
226.58,167.968,49.396,304.7,0.0,0.0,0.0,65.53,189.93
226.64,167.976,49.416,304.46,0.0,0.0,0.0,65.52,189.94
226.68,167.981,49.43,304.3,0.0,0.0,0.0,65.52,189.94
226.74,167.989,49.451,304.07,0.0,0.0,0.0,65.51,189.94
226.78,167.994,49.465,303.91,0.0,0.0,0.0,65.51,189.94
226.84,168.002,49.486,303.67,0.0,0.0,0.0,65.5,189.95
226.88,168.007,49.5,303.51,0.0,0.0,0.0,65.5,189.95
226.94,168.015,49.52,303.28,0.0,0.0,0.0,65.49,189.95
226.98,168.02,49.534,303.12,0.0,0.0,0.0,65.49,189.96
227.04,168.027,49.555,302.89,0.0,0.0,0.0,65.48,189.96
227.1,168.035,49.576,302.65,0.0,0.0,0.0,65.48,189.96
227.14,168.04,49.589,302.5,0.0,0.0,0.0,65.47,189.97
227.18,168.045,49.603,302.34,0.0,0.0,0.0,65.47,189.97
227.24,168.053,49.624,302.11,0.0,0.0,0.0,65.46,189.97
227.3,168.06,49.645,301.88,0.0,0.0,0.0,65.46,189.98
227.34,168.065,49.659,301.73,0.0,0.0,0.0,65.45,189.98
227.38,168.07,49.673,301.57,0.0,0.0,0.0,65.45,189.98
227.44,168.077,49.693,301.35,0.0,0.0,0.0,65.44,189.98
227.5,168.085,49.714,301.12,0.0,0.0,0.0,65.44,189.99
227.54,168.09,49.728,300.97,0.0,0.0,0.0,65.43,189.99
227.58,168.095,49.742,300.82,0.0,0.0,0.0,65.43,189.99
227.64,168.102,49.763,300.59,0.0,0.0,0.0,65.42,190.0
227.7,168.109,49.783,300.37,0.0,0.0,0.0,65.42,190.0
227.74,168.114,49.797,300.22,0.0,0.0,0.0,65.41,190.0
227.78,168.119,49.811,300.07,0.0,0.0,0.0,65.41,190.0
227.84,168.126,49.832,299.84,0.0,0.0,0.0,65.4,190.01
227.9,168.133,49.853,299.62,0.0,0.0,0.0,65.4,190.01
227.94,168.138,49.867,299.48,0.0,0.0,0.0,65.39,190.01
228.0,168.145,49.887,299.26,0.0,0.0,0.0,65.39,190.02
228.04,168.15,49.901,299.11,0.0,0.0,0.0,65.38,190.02
228.1,168.157,49.922,298.89,0.0,0.0,0.0,65.38,190.02
228.14,168.162,49.936,298.74,0.0,0.0,0.0,65.37,190.03
228.2,168.169,49.957,298.53,0.0,0.0,0.0,65.37,190.03
228.24,168.173,49.971,298.38,0.0,0.0,0.0,65.36,190.03
228.3,168.18,49.991,298.17,0.0,0.0,0.0,65.36,190.03
228.34,168.185,50.005,298.02,0.0,0.0,0.0,65.35,190.04
228.4,168.192,50.026,297.81,0.0,0.0,0.0,65.35,190.04
228.44,168.196,50.04,297.67,0.0,0.0,0.0,65.34,190.04
228.5,168.203,50.061,297.45,0.0,0.0,0.0,65.34,190.05
228.54,168.208,50.075,297.31,0.0,0.0,0.0,65.33,190.05
228.6,168.215,50.095,297.1,0.0,0.0,0.0,65.33,190.05
228.64,168.219,50.109,296.96,0.0,0.0,0.0,65.32,190.05
228.7,168.226,50.13,296.75,0.0,0.0,0.0,65.32,190.06
228.74,168.23,50.144,296.61,0.0,0.0,0.0,65.31,190.06
228.8,168.237,50.165,296.4,0.0,0.0,0.0,65.31,190.06
228.84,168.241,50.179,296.26,0.0,0.0,0.0,65.3,190.07
228.9,168.248,50.2,296.06,0.0,0.0,0.0,65.3,190.07
228.96,168.254,50.22,295.85,0.0,0.0,0.0,65.29,190.07
229.0,168.259,50.234,295.71,0.0,0.0,0.0,65.29,190.08
229.04,168.263,50.248,295.58,0.0,0.0,0.0,65.28,190.08
229.1,168.27,50.269,295.37,0.0,0.0,0.0,65.28,190.08
229.16,168.276,50.29,295.17,0.0,0.0,0.0,65.27,190.08
229.2,168.28,50.304,295.03,0.0,0.0,0.0,65.27,190.09
229.26,168.287,50.325,294.83,0.0,0.0,0.0,65.26,190.09
229.3,168.291,50.338,294.7,0.0,0.0,0.0,65.26,190.09
229.36,168.298,50.359,294.5,0.0,0.0,0.0,65.25,190.1
229.4,168.302,50.373,294.37,0.0,0.0,0.0,65.25,190.1
229.46,168.308,50.394,294.17,0.0,0.0,0.0,65.24,190.1
229.5,168.312,50.408,294.04,0.0,0.0,0.0,65.24,190.1
229.56,168.318,50.429,293.84,0.0,0.0,0.0,65.23,190.11
229.6,168.323,50.443,293.71,0.0,0.0,0.0,65.23,190.11
229.66,168.329,50.464,293.51,0.0,0.0,0.0,65.22,190.11
229.7,168.333,50.477,293.38,0.0,0.0,0.0,65.22,190.12
229.76,168.339,50.498,293.19,0.0,0.0,0.0,65.21,190.12
229.8,168.343,50.512,293.06,0.0,0.0,0.0,65.21,190.12
229.86,168.349,50.533,292.87,0.0,0.0,0.0,65.2,190.13
229.9,168.353,50.547,292.74,0.0,0.0,0.0,65.2,190.13
229.96,168.359,50.568,292.55,0.0,0.0,0.0,65.19,190.13
230.0,168.363,50.582,292.42,0.0,0.0,0.0,65.19,190.13
230.06,168.369,50.603,292.23,0.0,0.0,0.0,65.18,190.14
230.1,168.373,50.616,292.11,0.0,0.0,0.0,65.18,190.14
230.16,168.379,50.637,291.92,0.0,0.0,0.0,65.17,190.14
230.2,168.383,50.651,291.8,0.0,0.0,0.0,65.17,190.15
230.26,168.389,50.672,291.61,0.0,0.0,0.0,65.16,190.15
230.3,168.393,50.686,291.49,0.0,0.0,0.0,65.16,190.15
230.36,168.399,50.707,291.3,0.0,0.0,0.0,65.15,190.15
230.42,168.404,50.728,291.12,0.0,0.0,0.0,65.15,190.16
230.46,168.408,50.742,291.0,0.0,0.0,0.0,65.14,190.16
230.5,168.412,50.756,290.88,0.0,0.0,0.0,65.14,190.16
230.56,168.418,50.776,290.7,0.0,0.0,0.0,65.13,190.17
230.62,168.423,50.797,290.52,0.0,0.0,0.0,65.13,190.17
230.66,168.427,50.811,290.4,0.0,0.0,0.0,65.12,190.17
230.7,168.431,50.825,290.28,0.0,0.0,0.0,65.12,190.17
230.76,168.436,50.846,290.1,0.0,0.0,0.0,65.11,190.18
230.82,168.442,50.867,289.92,0.0,0.0,0.0,65.11,190.18
230.86,168.446,50.881,289.8,0.0,0.0,0.0,65.1,190.18
230.9,168.449,50.895,289.69,0.0,0.0,0.0,65.1,190.19
230.96,168.455,50.916,289.51,0.0,0.0,0.0,65.09,190.19
231.02,168.46,50.937,289.34,0.0,0.0,0.0,65.09,190.19
231.06,168.464,50.95,289.22,0.0,0.0,0.0,65.08,190.19
231.12,168.469,50.971,289.05,0.0,0.0,0.0,65.08,190.2
231.16,168.473,50.985,288.94,0.0,0.0,0.0,65.07,190.2
231.22,168.478,51.006,288.77,0.0,0.0,0.0,65.07,190.2
231.26,168.482,51.02,288.65,0.0,0.0,0.0,65.06,190.21
231.32,168.487,51.041,288.48,0.0,0.0,0.0,65.06,190.21
231.36,168.49,51.055,288.37,0.0,0.0,0.0,65.05,190.21
231.42,168.496,51.076,288.2,0.0,0.0,0.0,65.05,190.22
231.46,168.499,51.09,288.09,0.0,0.0,0.0,65.04,190.22
231.52,168.504,51.111,287.93,0.0,0.0,0.0,65.04,190.22
231.56,168.508,51.125,287.82,0.0,0.0,0.0,65.03,190.22
231.62,168.513,51.146,287.65,0.0,0.0,0.0,65.03,190.23
231.66,168.516,51.159,287.55,0.0,0.0,0.0,65.02,190.23
231.72,168.521,51.18,287.38,0.0,0.0,0.0,65.02,190.23
231.76,168.524,51.194,287.28,0.0,0.0,0.0,65.01,190.23
231.82,168.529,51.215,287.12,0.0,0.0,0.0,65.01,190.24
231.88,168.534,51.236,286.96,0.0,0.0,0.0,65.0,190.24
231.92,168.538,51.25,286.85,0.0,0.0,0.0,65.0,190.24
231.96,168.541,51.264,286.74,0.0,0.0,0.0,64.99,190.25
232.02,168.546,51.285,286.59,0.0,0.0,0.0,64.99,190.25
232.08,168.551,51.306,286.43,0.0,0.0,0.0,64.98,190.25
232.12,168.554,51.32,286.33,0.0,0.0,0.0,64.98,190.26
232.16,168.557,51.334,286.22,0.0,0.0,0.0,64.97,190.26
232.22,168.562,51.355,286.07,0.0,0.0,0.0,64.97,190.26
232.26,168.565,51.369,285.97,0.0,0.0,0.0,64.96,190.26
233.14,168.631,51.683,283.79,0.0,0.0,0.0,64.87,190.31
233.2,168.635,51.697,283.7,0.0,0.0,0.0,64.87,190.32
233.24,168.638,51.711,283.61,0.0,0.0,0.0,64.87,190.32
233.3,168.642,51.732,283.47,0.0,0.0,0.0,64.86,190.32
233.34,168.645,51.746,283.38,0.0,0.0,0.0,64.86,190.32
233.4,168.649,51.767,283.25,0.0,0.0,0.0,64.85,190.33
233.46,168.653,51.787,283.12,0.0,0.0,0.0,64.85,190.33
233.5,168.655,51.801,283.03,0.0,0.0,0.0,64.84,190.33
233.54,168.658,51.815,282.94,0.0,0.0,0.0,64.84,190.34
233.6,168.662,51.836,282.81,0.0,0.0,0.0,64.83,190.34
233.66,168.666,51.857,282.68,0.0,0.0,0.0,64.83,190.34
233.7,168.669,51.871,282.59,0.0,0.0,0.0,64.82,190.34
233.74,168.671,51.885,282.51,0.0,0.0,0.0,64.82,190.35
233.8,168.675,51.906,282.38,0.0,0.0,0.0,64.81,190.35
233.86,168.679,51.927,282.26,0.0,0.0,0.0,64.81,190.35
233.9,168.682,51.941,282.17,0.0,0.0,0.0,64.8,190.36
233.94,168.684,51.955,282.09,0.0,0.0,0.0,64.8,190.36
234.0,168.688,51.976,281.97,0.0,0.0,0.0,64.79,190.36
234.06,168.692,51.997,281.84,0.0,0.0,0.0,64.79,190.37
234.1,168.694,52.011,281.76,0.0,0.0,0.0,64.78,190.37
234.16,168.698,52.032,281.64,0.0,0.0,0.0,64.78,190.37
234.2,168.7,52.046,281.56,0.0,0.0,0.0,64.77,190.37
234.26,168.704,52.067,281.44,0.0,0.0,0.0,64.77,190.38
234.3,168.706,52.081,281.36,0.0,0.0,0.0,64.76,190.38
234.36,168.71,52.102,281.25,0.0,0.0,0.0,64.76,190.38
234.4,168.712,52.116,281.17,0.0,0.0,0.0,64.75,190.38
234.46,168.716,52.137,281.05,0.0,0.0,0.0,64.75,190.39
234.5,168.718,52.151,280.98,0.0,0.0,0.0,64.74,190.39
234.56,168.721,52.172,280.86,0.0,0.0,0.0,64.74,190.39
234.6,168.724,52.186,280.79,0.0,0.0,0.0,64.73,190.4
234.66,168.727,52.207,280.68,0.0,0.0,0.0,64.73,190.4
234.72,168.73,52.228,280.57,0.0,0.0,0.0,64.72,190.4
234.76,168.733,52.242,280.49,0.0,0.0,0.0,64.72,190.4
234.8,168.735,52.256,280.42,0.0,0.0,0.0,64.71,190.41
234.86,168.738,52.277,280.31,0.0,0.0,0.0,64.71,190.41
234.92,168.741,52.298,280.21,0.0,0.0,0.0,64.7,190.41
234.96,168.744,52.312,280.13,0.0,0.0,0.0,64.7,190.42
235.0,168.746,52.326,280.06,0.0,0.0,0.0,64.69,190.42
235.06,168.749,52.347,279.96,0.0,0.0,0.0,64.69,190.42
235.12,168.752,52.368,279.86,0.0,0.0,0.0,64.68,190.42
235.16,168.754,52.382,279.79,0.0,0.0,0.0,64.68,190.43
235.2,168.756,52.396,279.72,0.0,0.0,0.0,64.67,190.43
235.26,168.759,52.417,279.62,0.0,0.0,0.0,64.67,190.43
235.32,168.762,52.438,279.52,0.0,0.0,0.0,64.66,190.44
235.36,168.764,52.452,279.45,0.0,0.0,0.0,64.66,190.44
235.4,168.766,52.466,279.39,0.0,0.0,0.0,64.65,190.44
235.46,168.769,52.487,279.29,0.0,0.0,0.0,64.65,190.44
235.52,168.772,52.508,279.19,0.0,0.0,0.0,64.64,190.45
235.56,168.774,52.522,279.13,0.0,0.0,0.0,64.64,190.45
235.62,168.777,52.543,279.03,0.0,0.0,0.0,64.63,190.45
235.66,168.779,52.557,278.97,0.0,0.0,0.0,64.63,190.45
235.72,168.782,52.578,278.88,0.0,0.0,0.0,64.62,190.46
235.76,168.784,52.592,278.82,0.0,0.0,0.0,64.62,190.46
235.82,168.786,52.613,278.73,0.0,0.0,0.0,64.61,190.46
235.86,168.788,52.627,278.67,0.0,0.0,0.0,64.61,190.47
235.92,168.791,52.648,278.58,0.0,0.0,0.0,64.6,190.47
235.96,168.793,52.662,278.52,0.0,0.0,0.0,64.6,190.47
236.02,168.795,52.683,278.43,0.0,0.0,0.0,64.59,190.47
236.06,168.797,52.697,278.37,0.0,0.0,0.0,64.59,190.48
236.12,168.8,52.718,278.29,0.0,0.0,0.0,64.58,190.48
236.16,168.801,52.732,278.23,0.0,0.0,0.0,64.58,190.48
236.22,168.804,52.753,278.15,0.0,0.0,0.0,64.57,190.49
236.26,168.805,52.767,278.09,0.0,0.0,0.0,64.57,190.49
236.32,168.808,52.788,278.01,0.0,0.0,0.0,64.56,190.49
236.36,168.81,52.802,277.96,0.0,0.0,0.0,64.56,190.49
236.42,168.812,52.824,277.88,0.0,0.0,0.0,64.55,190.5
236.46,168.814,52.838,277.82,0.0,0.0,0.0,64.55,190.5
236.52,168.816,52.859,277.75,0.0,0.0,0.0,64.54,190.5
236.56,168.818,52.873,277.69,0.0,0.0,0.0,64.54,190.5
236.62,168.82,52.894,277.62,0.0,0.0,0.0,64.53,190.51
236.68,168.822,52.915,277.54,0.0,0.0,0.0,64.53,190.51
236.72,168.824,52.929,277.49,0.0,0.0,0.0,64.52,190.51
236.76,168.825,52.943,277.44,0.0,0.0,0.0,64.52,190.51
236.82,168.827,52.964,277.37,0.0,0.0,0.0,64.51,190.52
236.88,168.829,52.985,277.3,0.0,0.0,0.0,64.51,190.52
236.92,168.831,52.999,277.25,0.0,0.0,0.0,64.5,190.52
236.98,168.833,53.02,277.18,0.0,0.0,0.0,64.5,190.53
237.02,168.834,53.034,277.14,0.0,0.0,0.0,64.49,190.53
237.08,168.836,53.055,277.07,0.0,0.0,0.0,64.49,190.53
237.12,168.838,53.069,277.02,0.0,0.0,0.0,64.48,190.53
237.18,168.84,53.09,276.96,0.0,0.0,0.0,64.48,190.54
237.22,168.841,53.104,276.92,0.0,0.0,0.0,64.47,190.54
237.26,168.842,53.118,276.87,0.0,0.0,0.0,64.47,190.54
237.32,168.844,53.139,276.81,0.0,0.0,0.0,64.46,190.55
237.38,168.846,53.16,276.75,0.0,0.0,0.0,64.46,190.55
237.42,168.847,53.174,276.71,0.0,0.0,0.0,64.45,190.55
237.48,168.849,53.195,276.64,0.0,0.0,0.0,64.45,190.55
237.52,168.85,53.21,276.6,0.0,0.0,0.0,64.44,190.56
237.58,168.852,53.231,276.55,0.0,0.0,0.0,64.44,190.56
237.62,168.853,53.245,276.51,0.0,0.0,0.0,64.43,190.56
237.68,168.855,53.266,276.45,0.0,0.0,0.0,64.43,190.57
237.72,168.856,53.28,276.41,0.0,0.0,0.0,64.42,190.57
237.78,168.858,53.301,276.36,0.0,0.0,0.0,64.42,190.57
237.82,168.859,53.315,276.32,0.0,0.0,0.0,64.41,190.57
237.88,168.861,53.336,276.27,0.0,0.0,0.0,64.41,190.58
237.92,168.862,53.35,276.23,0.0,0.0,0.0,64.4,190.58
237.98,168.863,53.371,276.18,0.0,0.0,0.0,64.4,190.58
238.02,168.864,53.385,276.15,0.0,0.0,0.0,64.39,190.58
238.08,168.866,53.406,276.1,0.0,0.0,0.0,64.39,190.59
238.12,168.867,53.42,276.07,0.0,0.0,0.0,64.38,190.59
238.18,168.868,53.441,276.02,0.0,0.0,0.0,64.38,190.59
238.24,168.869,53.462,275.97,0.0,0.0,0.0,64.37,190.6
238.28,168.87,53.477,275.94,0.0,0.0,0.0,64.37,190.6
238.32,168.871,53.491,275.91,0.0,0.0,0.0,64.36,190.6
238.38,168.873,53.512,275.87,0.0,0.0,0.0,64.36,190.6
238.44,168.874,53.533,275.83,0.0,0.0,0.0,64.35,190.61
238.48,168.875,53.547,275.8,0.0,0.0,0.0,64.35,190.61
238.52,168.876,53.561,275.77,0.0,0.0,0.0,64.34,190.61
238.58,168.877,53.582,275.73,0.0,0.0,0.0,64.34,190.61
238.64,168.878,53.603,275.69,0.0,0.0,0.0,64.33,190.62
238.68,168.879,53.617,275.67,0.0,0.0,0.0,64.33,190.62
238.72,168.88,53.631,275.64,0.0,0.0,0.0,64.32,190.62
238.78,168.881,53.652,275.61,0.0,0.0,0.0,64.32,190.63
238.84,168.882,53.673,275.57,0.0,0.0,0.0,64.31,190.63
238.88,168.882,53.688,275.55,0.0,0.0,0.0,64.31,190.63
238.94,168.883,53.709,275.52,0.0,0.0,0.0,64.3,190.63
238.98,168.884,53.723,275.49,0.0,0.0,0.0,64.3,190.64
239.04,168.885,53.744,275.46,0.0,0.0,0.0,64.29,190.64
239.08,168.886,53.758,275.44,0.0,0.0,0.0,64.29,190.64
239.14,168.887,53.779,275.41,0.0,0.0,0.0,64.28,190.64
239.18,168.887,53.793,275.39,0.0,0.0,0.0,64.28,190.65
239.24,168.888,53.814,275.37,0.0,0.0,0.0,64.27,190.65
239.28,168.889,53.828,275.35,0.0,0.0,0.0,64.27,190.65
239.34,168.889,53.849,275.32,0.0,0.0,0.0,64.26,190.66
239.38,168.89,53.863,275.31,0.0,0.0,0.0,64.26,190.66
239.44,168.891,53.885,275.28,0.0,0.0,0.0,64.25,190.66
239.48,168.891,53.899,275.27,0.0,0.0,0.0,64.25,190.66
239.54,168.892,53.92,275.25,0.0,0.0,0.0,64.24,190.67
239.58,168.892,53.934,275.23,0.0,0.0,0.0,64.24,190.67
239.64,168.893,53.955,275.21,0.0,0.0,0.0,64.23,190.67
239.68,168.893,53.969,275.2,0.0,0.0,0.0,64.23,190.67
239.74,168.894,53.99,275.18,0.0,0.0,0.0,64.22,190.68
239.78,168.894,54.004,275.17,0.0,0.0,0.0,64.22,190.68
239.84,168.895,54.025,275.15,0.0,0.0,0.0,64.21,190.68
239.88,168.895,54.039,275.14,0.0,0.0,0.0,64.21,190.68
239.94,168.895,54.061,275.13,0.0,0.0,0.0,64.2,190.69
239.98,168.896,54.075,275.12,0.0,0.0,0.0,64.2,190.69
240.04,168.896,54.096,275.11,0.0,0.0,0.0,64.19,190.69
240.08,168.896,54.11,275.1,0.0,0.0,0.0,64.19,190.7
240.14,168.897,54.131,275.09,0.0,0.0,0.0,64.18,190.7
240.2,168.897,54.152,275.08,0.0,0.0,0.0,64.18,190.7
240.24,168.897,54.166,275.07,0.0,0.0,0.0,64.17,190.7
240.28,168.897,54.18,275.07,0.0,0.0,0.0,64.17,190.71
240.34,168.898,54.202,275.06,0.0,0.0,0.0,64.16,190.71
240.4,168.898,54.223,275.05,0.0,0.0,0.0,64.16,190.71
240.44,168.898,54.237,275.05,0.0,0.0,0.0,64.15,190.71
240.48,168.898,54.251,275.05,0.0,0.0,0.0,64.15,190.72
240.54,168.898,54.272,275.05,0.0,0.0,0.0,64.14,190.72
240.6,168.898,54.293,275.04,0.0,0.0,0.0,64.14,190.72
240.64,168.898,54.307,275.04,0.0,0.0,0.0,64.13,190.72
240.68,168.898,54.321,275.04,0.0,0.0,0.0,64.13,190.73
240.74,168.898,54.342,275.04,0.0,0.0,0.0,64.12,190.73
240.8,168.898,54.364,275.04,0.0,0.0,0.0,64.12,190.73
240.84,168.898,54.378,275.05,0.0,0.0,0.0,64.11,190.74
240.9,168.898,54.399,275.05,0.0,0.0,0.0,64.11,190.74
240.94,168.898,54.413,275.05,0.0,0.0,0.0,64.1,190.74
241.0,168.898,54.434,275.06,0.0,0.0,0.0,64.1,190.74
241.04,168.898,54.448,275.06,0.0,0.0,0.0,64.09,190.75
241.1,168.898,54.469,275.07,0.0,0.0,0.0,64.09,190.75
241.14,168.897,54.484,275.08,0.0,0.0,0.0,64.08,190.75
241.2,168.897,54.505,275.09,0.0,0.0,0.0,64.08,190.75
241.24,168.897,54.519,275.09,0.0,0.0,0.0,64.07,190.76
241.3,168.897,54.54,275.1,0.0,0.0,0.0,64.07,190.76
241.34,168.897,54.554,275.11,0.0,0.0,0.0,64.06,190.76
241.4,168.896,54.575,275.12,0.0,0.0,0.0,64.06,190.77
241.44,168.896,54.589,275.13,0.0,0.0,0.0,64.05,190.77
241.5,168.896,54.611,275.15,0.0,0.0,0.0,64.05,190.77
241.54,168.895,54.625,275.16,0.0,0.0,0.0,64.04,190.77
241.6,168.895,54.646,275.18,0.0,0.0,0.0,64.04,190.78
241.64,168.894,54.66,275.19,0.0,0.0,0.0,64.03,190.78
241.7,168.894,54.681,275.21,0.0,0.0,0.0,64.03,190.78
241.74,168.894,54.695,275.22,0.0,0.0,0.0,64.02,190.78
241.8,168.893,54.716,275.24,0.0,0.0,0.0,64.02,190.79
241.84,168.893,54.731,275.26,0.0,0.0,0.0,64.01,190.79
241.9,168.892,54.752,275.28,0.0,0.0,0.0,64.01,190.79
241.94,168.891,54.766,275.29,0.0,0.0,0.0,64.0,190.79
242.0,168.891,54.787,275.32,0.0,0.0,0.0,64.0,190.8
242.06,168.89,54.808,275.34,0.0,0.0,0.0,63.99,190.8
242.1,168.89,54.822,275.36,0.0,0.0,0.0,63.99,190.8
242.14,168.889,54.836,275.38,0.0,0.0,0.0,63.98,190.8
242.2,168.888,54.858,275.41,0.0,0.0,0.0,63.98,190.81
242.26,168.887,54.879,275.44,0.0,0.0,0.0,63.97,190.81
242.3,168.887,54.893,275.46,0.0,0.0,0.0,63.97,190.81
242.34,168.886,54.907,275.48,0.0,0.0,0.0,63.96,190.81
242.4,168.885,54.928,275.51,0.0,0.0,0.0,63.96,190.82
242.46,168.884,54.949,275.54,0.0,0.0,0.0,63.95,190.82
242.5,168.884,54.964,275.57,0.0,0.0,0.0,63.95,190.82
242.56,168.883,54.985,275.6,0.0,0.0,0.0,63.94,190.83
242.6,168.882,54.999,275.62,0.0,0.0,0.0,63.94,190.83
242.66,168.881,55.02,275.66,0.0,0.0,0.0,63.93,190.83
242.7,168.88,55.034,275.69,0.0,0.0,0.0,63.93,190.83
242.76,168.879,55.055,275.72,0.0,0.0,0.0,63.92,190.84
242.8,168.878,55.07,275.75,0.0,0.0,0.0,63.92,190.84
242.86,168.877,55.091,275.79,0.0,0.0,0.0,63.91,190.84
242.9,168.876,55.105,275.82,0.0,0.0,0.0,63.91,190.84
242.96,168.875,55.126,275.86,0.0,0.0,0.0,63.9,190.85
243.0,168.874,55.14,275.89,0.0,0.0,0.0,63.9,190.85
243.06,168.873,55.161,275.93,0.0,0.0,0.0,63.89,190.85
243.12,168.872,55.183,275.98,0.0,0.0,0.0,63.89,190.86
243.16,168.871,55.197,276.01,0.0,0.0,0.0,63.88,190.86
243.2,168.87,55.211,276.04,0.0,0.0,0.0,63.88,190.86
243.26,168.869,55.232,276.09,0.0,0.0,0.0,63.87,190.86
243.3,168.868,55.246,276.12,0.0,0.0,0.0,63.87,190.87
243.3,168.867,55.26,276.16,0.0,0.0,0.0,63.86,190.87
243.38,168.866,55.275,276.19,0.0,0.0,0.0,63.86,190.87
243.44,168.864,55.296,276.24,0.0,0.0,0.0,63.85,190.87
243.48,168.863,55.31,276.28,0.0,0.0,0.0,63.85,190.87
243.54,168.862,55.331,276.33,0.0,0.0,0.0,63.84,190.88
243.58,168.86,55.345,276.37,0.0,0.0,0.0,63.84,190.88
243.64,168.859,55.367,276.42,0.0,0.0,0.0,63.83,190.88
243.7,168.857,55.388,276.48,0.0,0.0,0.0,63.83,190.89
243.74,168.856,55.402,276.51,0.0,0.0,0.0,63.82,190.89
243.8,168.854,55.423,276.57,0.0,0.0,0.0,63.82,190.89
243.84,168.853,55.437,276.61,0.0,0.0,0.0,63.81,190.89
243.9,168.852,55.458,276.67,0.0,0.0,0.0,63.81,190.9
243.94,168.85,55.473,276.71,0.0,0.0,0.0,63.8,190.9
244.0,168.849,55.494,276.77,0.0,0.0,0.0,63.8,190.9
244.04,168.847,55.508,276.82,0.0,0.0,0.0,63.79,190.9
244.08,168.846,55.522,276.86,0.0,0.0,0.0,63.79,190.91
244.14,168.844,55.543,276.92,0.0,0.0,0.0,63.78,190.91
244.2,168.842,55.565,276.99,0.0,0.0,0.0,63.78,190.91
244.24,168.841,55.579,277.03,0.0,0.0,0.0,63.77,190.91
244.3,168.839,55.6,277.1,0.0,0.0,0.0,63.77,190.92
244.34,168.838,55.614,277.15,0.0,0.0,0.0,63.76,190.92
244.4,168.836,55.635,277.21,0.0,0.0,0.0,63.76,190.92
244.44,168.834,55.65,277.26,0.0,0.0,0.0,63.75,190.92
244.5,168.832,55.671,277.33,0.0,0.0,0.0,63.75,190.93
244.54,168.831,55.685,277.38,0.0,0.0,0.0,63.74,190.93
244.6,168.829,55.706,277.45,0.0,0.0,0.0,63.74,190.93
244.64,168.827,55.72,277.5,0.0,0.0,0.0,63.73,190.93
244.7,168.825,55.742,277.58,0.0,0.0,0.0,63.73,190.94
244.74,168.824,55.756,277.63,0.0,0.0,0.0,63.72,190.94
244.8,168.821,55.777,277.7,0.0,0.0,0.0,63.72,190.94
244.84,168.82,55.791,277.76,0.0,0.0,0.0,63.71,190.95
244.9,168.817,55.812,277.83,0.0,0.0,0.0,63.71,190.95
244.94,168.816,55.827,277.89,0.0,0.0,0.0,63.7,190.95
245.0,168.813,55.848,277.97,0.0,0.0,0.0,63.7,190.95
245.06,168.811,55.869,278.05,0.0,0.0,0.0,63.69,190.96
245.1,168.809,55.883,278.1,0.0,0.0,0.0,63.69,190.96
245.14,168.808,55.897,278.16,0.0,0.0,0.0,63.68,190.96
245.2,168.805,55.919,278.24,0.0,0.0,0.0,63.68,190.96
245.24,168.804,55.933,278.3,0.0,0.0,0.0,63.67,190.97
245.3,168.801,55.954,278.38,0.0,0.0,0.0,63.67,190.97
245.34,168.799,55.968,278.44,0.0,0.0,0.0,63.66,190.97
245.38,168.798,55.983,278.5,0.0,0.0,0.0,63.66,190.97
245.44,168.795,56.004,278.59,0.0,0.0,0.0,63.65,190.98
245.5,168.792,56.025,278.68,0.0,0.0,0.0,63.65,190.98
245.54,168.791,56.039,278.74,0.0,0.0,0.0,63.64,190.98
245.6,168.788,56.06,278.83,0.0,0.0,0.0,63.64,190.98
245.64,168.786,56.075,278.89,0.0,0.0,0.0,63.63,190.99
245.68,168.784,56.089,278.95,0.0,0.0,0.0,63.63,190.99
245.76,168.781,56.117,279.08,0.0,0.0,0.0,63.62,190.99
245.8,168.779,56.131,279.14,0.0,0.0,0.0,63.62,190.99
245.86,168.776,56.153,279.24,0.0,0.0,0.0,63.61,191.0
245.9,168.774,56.167,279.3,0.0,0.0,0.0,63.61,191.0
245.94,168.772,56.181,279.37,0.0,0.0,0.0,63.6,191.0
246.0,168.769,56.202,279.46,0.0,0.0,0.0,63.6,191.0
246.06,168.766,56.224,279.56,0.0,0.0,0.0,63.59,191.01
246.1,168.764,56.238,279.63,0.0,0.0,0.0,63.59,191.01
246.16,168.761,56.259,279.73,0.0,0.0,0.0,63.58,191.01
246.2,168.759,56.273,279.8,0.0,0.0,0.0,63.58,191.02
246.26,168.756,56.295,279.9,0.0,0.0,0.0,63.57,191.02
246.3,168.754,56.309,279.97,0.0,0.0,0.0,63.57,191.02
246.36,168.751,56.33,280.08,0.0,0.0,0.0,63.56,191.02
246.4,168.749,56.344,280.15,0.0,0.0,0.0,63.56,191.03
246.46,168.746,56.365,280.25,0.0,0.0,0.0,63.55,191.03
246.5,168.743,56.38,280.33,0.0,0.0,0.0,63.55,191.03
246.56,168.74,56.401,280.43,0.0,0.0,0.0,63.54,191.03
246.62,168.737,56.422,280.54,0.0,0.0,0.0,63.54,191.04
246.66,168.735,56.436,280.62,0.0,0.0,0.0,63.53,191.04
246.7,168.733,56.451,280.69,0.0,0.0,0.0,63.53,191.04
246.76,168.729,56.472,280.8,0.0,0.0,0.0,63.52,191.04
246.82,168.726,56.493,280.92,0.0,0.0,0.0,63.52,191.05
246.86,168.724,56.507,280.99,0.0,0.0,0.0,63.51,191.05
246.92,168.72,56.529,281.11,0.0,0.0,0.0,63.51,191.05
246.96,168.718,56.543,281.18,0.0,0.0,0.0,63.5,191.05
247.0,168.715,56.557,281.26,0.0,0.0,0.0,63.5,191.06
247.06,168.712,56.578,281.38,0.0,0.0,0.0,63.49,191.06
247.12,168.708,56.6,281.5,0.0,0.0,0.0,63.49,191.06
247.16,168.706,56.614,281.58,0.0,0.0,0.0,63.48,191.06
247.2,168.704,56.628,281.66,0.0,0.0,0.0,63.48,191.07
247.26,168.7,56.649,281.78,0.0,0.0,0.0,63.47,191.07
247.32,168.696,56.671,281.9,0.0,0.0,0.0,63.47,191.07
247.36,168.694,56.685,281.98,0.0,0.0,0.0,63.46,191.07
247.42,168.69,56.706,282.11,0.0,0.0,0.0,63.46,191.08
247.46,168.688,56.72,282.19,0.0,0.0,0.0,63.45,191.08
247.52,168.684,56.744,282.31,0.0,0.0,0.0,63.45,191.08
247.56,168.681,56.763,282.4,0.0,0.0,0.0,63.44,191.09
247.62,168.678,56.784,282.52,0.0,0.0,0.0,63.44,191.09
247.66,168.675,56.799,282.61,0.0,0.0,0.0,63.43,191.09
247.72,168.671,56.82,282.74,0.0,0.0,0.0,63.43,191.09
247.78,168.667,56.841,282.87,0.0,0.0,0.0,63.42,191.1
247.82,168.665,56.855,282.96,0.0,0.0,0.0,63.42,191.1
247.86,168.662,56.87,283.04,0.0,0.0,0.0,63.41,191.1
247.92,168.658,56.891,283.18,0.0,0.0,0.0,63.41,191.1
247.98,168.654,56.912,283.31,0.0,0.0,0.0,63.4,191.11
248.02,168.651,56.926,283.4,0.0,0.0,0.0,63.4,191.11
248.08,168.647,56.948,283.53,0.0,0.0,0.0,63.39,191.11
248.14,168.643,56.969,283.67,0.0,0.0,0.0,63.38,191.11
248.18,168.64,56.983,283.76,0.0,0.0,0.0,63.38,191.12
248.24,168.636,57.005,283.9,0.0,0.0,0.0,63.37,191.12
248.28,168.633,57.019,283.99,0.0,0.0,0.0,63.37,191.12
248.34,168.629,57.04,284.13,0.0,0.0,0.0,63.37,191.12
248.38,168.626,57.054,284.22,0.0,0.0,0.0,63.36,191.13
248.44,168.622,57.076,284.37,0.0,0.0,0.0,63.35,191.13
248.5,168.618,57.097,284.51,0.0,0.0,0.0,63.35,191.13
248.54,168.615,57.114,284.6,0.0,0.0,0.0,63.34,191.13
248.6,168.61,57.133,284.75,0.0,0.0,0.0,63.34,191.14
248.64,168.607,57.147,284.84,0.0,0.0,0.0,63.33,191.14
248.7,168.603,57.168,284.99,0.0,0.0,0.0,63.33,191.14
248.76,168.598,57.19,285.14,0.0,0.0,0.0,63.32,191.15
248.8,168.595,57.204,285.23,0.0,0.0,0.0,63.32,191.15
248.84,168.592,57.218,285.33,0.0,0.0,0.0,63.31,191.15
248.9,168.588,57.239,285.48,0.0,0.0,0.0,63.31,191.15
248.96,168.583,57.261,285.63,0.0,0.0,0.0,63.3,191.16
249.0,168.58,57.275,285.73,0.0,0.0,0.0,63.3,191.16
249.06,168.576,57.296,285.88,0.0,0.0,0.0,63.29,191.16
249.12,168.571,57.318,286.04,0.0,0.0,0.0,63.29,191.16
249.16,168.568,57.332,286.14,0.0,0.0,0.0,63.28,191.17
249.22,168.563,57.353,286.29,0.0,0.0,0.0,63.28,191.17
249.26,168.56,57.37,286.4,0.0,0.0,0.0,63.27,191.17
249.32,168.555,57.389,286.55,0.0,0.0,0.0,63.27,191.17
249.38,168.549,57.412,286.76,0.0,0.0,0.0,63.26,191.18
249.44,168.546,57.431,286.87,0.0,0.0,0.0,63.25,191.18
249.48,168.542,57.446,286.98,0.0,0.0,0.0,63.25,191.18
249.54,168.537,57.467,287.14,0.0,0.0,0.0,63.24,191.18
249.58,168.534,57.481,287.24,0.0,0.0,0.0,63.24,191.19
249.64,168.529,57.503,287.4,0.0,0.0,0.0,63.23,191.19
249.7,168.524,57.524,287.57,0.0,0.0,0.0,63.23,191.19
249.74,168.521,57.54,287.73,0.0,0.0,0.0,63.22,191.19
249.8,168.516,57.56,287.84,0.0,0.0,0.0,63.22,191.2
249.84,168.512,57.574,287.95,0.0,0.0,0.0,63.21,191.2
249.9,168.507,57.595,288.11,0.0,0.0,0.0,63.21,191.2
249.96,168.502,57.617,288.28,0.0,0.0,0.0,63.2,191.21
250.0,168.499,57.631,288.39,0.0,0.0,0.0,63.2,191.21
250.06,168.494,57.652,288.56,0.0,0.0,0.0,63.19,191.21
250.1,168.488,57.666,288.73,0.0,0.0,0.0,63.19,191.21
250.16,168.485,57.681,288.84,0.0,0.0,0.0,63.18,191.21
250.22,168.48,57.702,289.02,0.0,0.0,0.0,63.18,191.22
250.26,168.476,57.716,289.13,0.0,0.0,0.0,63.17,191.22
250.3,168.472,57.73,289.24,0.0,0.0,0.0,63.17,191.22
250.36,168.467,57.752,289.42,0.0,0.0,0.0,63.16,191.22
250.42,168.462,57.773,289.59,0.0,0.0,0.0,63.16,191.23
250.46,168.458,57.787,289.71,0.0,0.0,0.0,63.15,191.23
250.52,168.453,57.809,289.88,0.0,0.0,0.0,63.15,191.23
250.56,168.449,57.823,290.0,0.0,0.0,0.0,63.14,191.23
250.62,168.444,57.844,290.18,0.0,0.0,0.0,63.14,191.24
250.66,168.44,57.859,290.3,0.0,0.0,0.0,63.13,191.24
250.72,168.434,57.88,290.48,0.0,0.0,0.0,63.13,191.24
250.76,168.431,57.894,290.6,0.0,0.0,0.0,63.12,191.24
250.82,168.425,57.916,290.78,0.0,0.0,0.0,63.12,191.25
250.86,168.421,57.93,290.9,0.0,0.0,0.0,63.11,191.25
250.92,168.416,57.951,291.08,0.0,0.0,0.0,63.11,191.25
250.96,168.412,57.966,291.2,0.0,0.0,0.0,63.1,191.25
251.02,168.406,57.987,291.39,0.0,0.0,0.0,63.1,191.26
251.08,168.4,58.008,291.57,0.0,0.0,0.0,63.09,191.26
251.12,168.396,58.023,291.7,0.0,0.0,0.0,63.09,191.26
251.16,168.393,58.037,291.82,0.0,0.0,0.0,63.08,191.26
251.22,168.387,58.058,292.01,0.0,0.0,0.0,63.08,191.27
251.26,168.383,58.073,292.13,0.0,0.0,0.0,63.07,191.27
251.32,168.377,58.094,292.32,0.0,0.0,0.0,63.07,191.27
251.36,168.373,58.108,292.45,0.0,0.0,0.0,63.06,191.27
251.42,168.367,58.13,292.64,0.0,0.0,0.0,63.06,191.28
251.48,168.361,58.151,292.83,0.0,0.0,0.0,63.05,191.28
251.52,168.357,58.165,292.96,0.0,0.0,0.0,63.05,191.28
251.56,168.353,58.18,293.08,0.0,0.0,0.0,63.05,191.28
251.62,168.347,58.201,293.28,0.0,0.0,0.0,63.04,191.29
251.68,168.341,58.222,293.47,0.0,0.0,0.0,63.03,191.29
251.72,168.337,58.237,293.6,0.0,0.0,0.0,63.03,191.29
251.76,168.333,58.251,293.73,0.0,0.0,0.0,63.03,191.29
251.82,168.327,58.272,293.93,0.0,0.0,0.0,63.02,191.3
251.88,168.32,58.294,294.13,0.0,0.0,0.0,63.01,191.3
251.92,168.316,58.308,294.26,0.0,0.0,0.0,63.01,191.3
251.96,168.312,58.322,294.39,0.0,0.0,0.0,63.01,191.3
252.02,168.306,58.344,294.59,0.0,0.0,0.0,63.0,191.31
252.08,168.299,58.365,294.79,0.0,0.0,0.0,62.99,191.31
252.12,168.295,58.379,294.92,0.0,0.0,0.0,62.99,191.31
252.18,168.289,58.401,295.13,0.0,0.0,0.0,62.98,191.31
252.22,168.285,58.415,295.26,0.0,0.0,0.0,62.98,191.32
252.28,168.278,58.436,295.47,0.0,0.0,0.0,62.97,191.32
252.32,168.274,58.451,295.6,0.0,0.0,0.0,62.97,191.32
252.38,168.267,58.472,295.81,0.0,0.0,0.0,62.96,191.32
252.42,168.263,58.486,295.94,0.0,0.0,0.0,62.96,191.33
252.48,168.256,58.508,296.15,0.0,0.0,0.0,62.95,191.33
252.52,168.252,58.522,296.29,0.0,0.0,0.0,62.95,191.33
252.58,168.245,58.543,296.5,0.0,0.0,0.0,62.94,191.33
252.62,168.241,58.558,296.64,0.0,0.0,0.0,62.94,191.34
252.68,168.234,58.579,296.85,0.0,0.0,0.0,62.93,191.34
252.72,168.23,58.593,296.99,0.0,0.0,0.0,62.93,191.34
252.78,168.223,58.615,297.2,0.0,0.0,0.0,62.92,191.34
252.82,168.219,58.629,297.34,0.0,0.0,0.0,62.92,191.35
252.88,168.212,58.651,297.55,0.0,0.0,0.0,62.91,191.35
252.92,168.207,58.665,297.69,0.0,0.0,0.0,62.91,191.35
252.98,168.201,58.686,297.91,0.0,0.0,0.0,62.9,191.35
253.04,168.194,58.708,298.12,0.0,0.0,0.0,62.9,191.36
253.08,168.189,58.722,298.27,0.0,0.0,0.0,62.89,191.36
253.12,168.185,58.736,298.41,0.0,0.0,0.0,62.89,191.36
253.18,168.178,58.758,298.63,0.0,0.0,0.0,62.88,191.36
253.22,168.173,58.772,298.77,0.0,0.0,0.0,62.88,191.36
253.28,168.166,58.793,298.99,0.0,0.0,0.0,62.87,191.37
253.32,168.161,58.808,299.14,0.0,0.0,0.0,62.87,191.37
253.38,168.154,58.829,299.36,0.0,0.0,0.0,62.86,191.37
253.42,168.15,58.843,299.5,0.0,0.0,0.0,62.86,191.37
253.48,168.143,58.865,299.72,0.0,0.0,0.0,62.85,191.38
253.54,168.135,58.886,299.95,0.0,0.0,0.0,62.85,191.38
253.58,168.131,58.901,300.1,0.0,0.0,0.0,62.84,191.38
253.64,168.123,58.922,300.32,0.0,0.0,0.0,62.84,191.39
253.68,168.119,58.936,300.47,0.0,0.0,0.0,62.83,191.39
253.74,168.111,58.958,300.69,0.0,0.0,0.0,62.83,191.39
253.78,168.107,58.972,300.84,0.0,0.0,0.0,62.82,191.39
253.84,168.099,58.994,301.07,0.0,0.0,0.0,62.82,191.39
253.88,168.094,59.008,301.22,0.0,0.0,0.0,62.81,191.4
253.94,168.087,59.029,301.45,0.0,0.0,0.0,62.81,191.4
253.98,168.082,59.044,301.6,0.0,0.0,0.0,62.8,191.4
254.04,168.075,59.065,301.83,0.0,0.0,0.0,62.8,191.4
254.08,168.07,59.079,301.99,0.0,0.0,0.0,62.79,191.41
254.14,168.062,59.101,302.22,0.0,0.0,0.0,62.79,191.41
254.18,168.057,59.115,302.37,0.0,0.0,0.0,62.78,191.41
254.22,168.052,59.129,302.53,0.0,0.0,0.0,62.78,191.41
254.28,168.045,59.151,302.76,0.0,0.0,0.0,62.77,191.42
254.34,168.037,59.172,302.99,0.0,0.0,0.0,62.77,191.42
254.38,168.032,59.187,303.15,0.0,0.0,0.0,62.76,191.42
254.44,168.024,59.208,303.38,0.0,0.0,0.0,62.76,191.42
254.48,168.019,59.222,303.54,0.0,0.0,0.0,62.75,191.43
254.54,168.012,59.244,303.78,0.0,0.0,0.0,62.75,191.43
254.58,168.007,59.258,303.94,0.0,0.0,0.0,62.74,191.43
254.62,168.001,59.272,304.1,0.0,0.0,0.0,62.74,191.43
254.7,167.991,59.301,304.41,0.0,0.0,0.0,62.73,191.44
254.7,167.988,59.315,304.57,0.0,0.0,0.0,62.73,191.44
254.78,167.981,59.33,304.73,0.0,0.0,0.0,62.72,191.44
254.84,167.973,59.351,304.97,0.0,0.0,0.0,62.72,191.44
254.88,167.967,59.365,305.13,0.0,0.0,0.0,62.71,191.44
254.94,167.96,59.387,305.38,0.0,0.0,0.0,62.71,191.45
255.0,167.952,59.408,305.62,0.0,0.0,0.0,62.7,191.45
255.04,167.946,59.423,305.78,0.0,0.0,0.0,62.7,191.45
255.08,167.941,59.437,305.95,0.0,0.0,0.0,62.69,191.45
255.14,167.933,59.458,306.19,0.0,0.0,0.0,62.69,191.46
255.2,167.925,59.48,306.44,0.0,0.0,0.0,62.68,191.46
255.24,167.919,59.494,306.6,0.0,0.0,0.0,62.68,191.46
255.3,167.911,59.516,306.85,0.0,0.0,0.0,62.67,191.46
255.34,167.906,59.53,307.01,0.0,0.0,0.0,62.67,191.47
255.4,167.898,59.551,307.26,0.0,0.0,0.0,62.66,191.47
255.44,167.892,59.566,307.43,0.0,0.0,0.0,62.66,191.47
255.5,167.884,59.587,307.68,0.0,0.0,0.0,62.65,191.47
255.54,167.879,59.602,307.84,0.0,0.0,0.0,62.65,191.48
255.6,167.87,59.623,308.1,0.0,0.0,0.0,62.64,191.48
255.64,167.865,59.637,308.26,0.0,0.0,0.0,62.64,191.48
255.7,167.856,59.659,308.52,0.0,0.0,0.0,62.63,191.48
255.74,167.851,59.673,308.68,0.0,0.0,0.0,62.63,191.49
255.8,167.842,59.695,308.94,0.0,0.0,0.0,62.62,191.49
255.84,167.837,59.709,309.11,0.0,0.0,0.0,62.62,191.49
255.9,167.828,59.73,309.36,0.0,0.0,0.0,62.61,191.49
255.94,167.823,59.745,309.53,0.0,0.0,0.0,62.61,191.5
256.0,167.814,59.766,309.79,0.0,0.0,0.0,62.6,191.5
256.04,167.809,59.781,309.96,0.0,0.0,0.0,62.6,191.5
256.1,167.8,59.802,310.22,0.0,0.0,0.0,62.59,191.5
256.14,167.794,59.816,310.39,0.0,0.0,0.0,62.59,191.5
256.2,167.786,59.838,310.65,0.0,0.0,0.0,62.58,191.51
256.24,167.78,59.852,310.82,0.0,0.0,0.0,62.58,191.51
256.3,167.771,59.874,311.08,0.0,0.0,0.0,62.57,191.51
256.34,167.765,59.888,311.26,0.0,0.0,0.0,62.57,191.51
256.4,167.757,59.909,311.52,0.0,0.0,0.0,62.56,191.52
256.46,167.748,59.931,311.78,0.0,0.0,0.0,62.56,191.52
256.5,167.742,59.945,311.96,0.0,0.0,0.0,62.55,191.52
256.54,167.736,59.96,312.13,0.0,0.0,0.0,62.55,191.52
256.6,167.727,59.981,312.4,0.0,0.0,0.0,62.54,191.53
256.64,167.722,59.995,312.58,0.0,0.0,0.0,62.54,191.53
256.7,167.713,60.017,312.84,0.0,0.0,0.0,62.53,191.53
256.74,167.707,60.031,313.02,0.0,0.0,0.0,62.53,191.53
256.8,167.698,60.053,313.29,0.0,0.0,0.0,62.52,191.54
256.84,167.692,60.067,313.46,0.0,0.0,0.0,62.52,191.54
256.9,167.683,60.089,313.73,0.0,0.0,0.0,62.51,191.54
256.96,167.674,60.11,314.0,0.0,0.0,0.0,62.51,191.54
257.0,167.668,60.124,314.18,0.0,0.0,0.0,62.5,191.55
257.04,167.662,60.139,314.36,0.0,0.0,0.0,62.5,191.55
257.1,167.652,60.16,314.63,0.0,0.0,0.0,62.49,191.55
257.16,167.643,60.182,314.9,0.0,0.0,0.0,62.49,191.55
257.2,167.637,60.196,315.08,0.0,0.0,0.0,62.48,191.56
257.24,167.631,60.211,315.27,0.0,0.0,0.0,62.48,191.56
257.3,167.622,60.232,315.54,0.0,0.0,0.0,62.47,191.56
257.36,167.613,60.254,315.81,0.0,0.0,0.0,62.47,191.56
257.4,167.606,60.268,316.0,0.0,0.0,0.0,62.46,191.56
257.46,167.597,60.289,316.27,0.0,0.0,0.0,62.46,191.57
257.5,167.591,60.304,316.46,0.0,0.0,0.0,62.45,191.57
257.56,167.581,60.325,316.73,0.0,0.0,0.0,62.45,191.57
257.6,167.575,60.34,316.92,0.0,0.0,0.0,62.44,191.57
257.66,167.566,60.361,317.19,0.0,0.0,0.0,62.44,191.58
257.7,167.559,60.375,317.38,0.0,0.0,0.0,62.43,191.58
257.76,167.55,60.397,317.66,0.0,0.0,0.0,62.43,191.58
257.8,167.544,60.411,317.85,0.0,0.0,0.0,62.42,191.58
257.86,167.534,60.433,318.13,0.0,0.0,0.0,62.42,191.59
257.92,167.525,60.454,318.41,0.0,0.0,0.0,62.41,191.59
257.96,167.518,60.469,318.59,0.0,0.0,0.0,62.41,191.59
258.0,167.512,60.483,318.78,0.0,0.0,0.0,62.4,191.59
258.06,167.502,60.505,319.06,0.0,0.0,0.0,62.4,191.6
258.12,167.492,60.526,319.35,0.0,0.0,0.0,62.39,191.6
258.16,167.486,60.54,319.54,0.0,0.0,0.0,62.39,191.6
258.2,167.479,60.555,319.73,0.0,0.0,0.0,62.38,191.6
258.26,167.47,60.576,320.01,0.0,0.0,0.0,62.38,191.6
258.32,167.46,60.598,320.3,0.0,0.0,0.0,62.37,191.61
258.36,167.453,60.612,320.49,0.0,0.0,0.0,62.37,191.61
258.4,167.447,60.627,320.68,0.0,0.0,0.0,62.36,191.61
258.46,167.437,60.648,320.97,0.0,0.0,0.0,62.36,191.61
258.52,167.427,60.67,321.26,0.0,0.0,0.0,62.35,191.62
258.56,167.42,60.684,321.45,0.0,0.0,0.0,62.35,191.62
258.6,167.414,60.698,321.64,0.0,0.0,0.0,62.34,191.62
258.66,167.404,60.72,321.93,0.0,0.0,0.0,62.34,191.62
258.72,167.394,60.741,322.22,0.0,0.0,0.0,62.33,191.63
258.76,167.387,60.756,322.42,0.0,0.0,0.0,62.33,191.63
258.82,167.377,60.777,322.71,0.0,0.0,0.0,62.32,191.63
258.86,167.37,60.792,322.9,0.0,0.0,0.0,62.32,191.63
258.92,167.36,60.813,323.2,0.0,0.0,0.0,62.31,191.64
258.96,167.353,60.828,323.39,0.0,0.0,0.0,62.31,191.64
259.02,167.343,60.849,323.68,0.0,0.0,0.0,62.3,191.64
259.06,167.336,60.864,323.88,0.0,0.0,0.0,62.3,191.64
259.12,167.326,60.885,324.18,0.0,0.0,0.0,62.29,191.64
259.16,167.319,60.899,324.37,0.0,0.0,0.0,62.29,191.65
259.22,167.309,60.921,324.67,0.0,0.0,0.0,62.28,191.65
259.26,167.302,60.935,324.87,0.0,0.0,0.0,62.28,191.65
259.32,167.292,60.957,325.17,0.0,0.0,0.0,62.27,191.65
259.36,167.285,60.971,325.36,0.0,0.0,0.0,62.27,191.66
259.42,167.274,60.993,325.66,0.0,0.0,0.0,62.26,191.66
259.46,167.267,61.007,325.86,0.0,0.0,0.0,62.26,191.66
259.52,167.257,61.029,326.16,0.0,0.0,0.0,62.25,191.66
259.56,167.25,61.043,326.36,0.0,0.0,0.0,62.25,191.67
259.62,167.239,61.065,326.66,0.0,0.0,0.0,62.24,191.67
259.66,167.232,61.079,326.86,0.0,0.0,0.0,62.24,191.67
259.72,167.222,61.101,327.17,0.0,0.0,0.0,62.23,191.67
259.76,167.215,61.115,327.37,0.0,0.0,0.0,62.23,191.67
259.82,167.204,61.137,327.67,0.0,0.0,0.0,62.22,191.68
259.86,167.197,61.151,327.87,0.0,0.0,0.0,62.22,191.68
259.92,167.186,61.172,328.18,0.0,0.0,0.0,62.21,191.68
259.96,167.179,61.187,328.38,0.0,0.0,0.0,62.21,191.68
260.02,167.168,61.208,328.69,0.0,0.0,0.0,62.2,191.69
260.06,167.161,61.223,328.89,0.0,0.0,0.0,62.2,191.69
260.12,167.15,61.244,329.2,0.0,0.0,0.0,62.19,191.69
260.16,167.143,61.259,329.4,0.0,0.0,0.0,62.19,191.69
260.22,167.132,61.28,329.71,0.0,0.0,0.0,62.18,191.7
260.28,167.121,61.302,330.02,0.0,0.0,0.0,62.18,191.7
260.32,167.114,61.316,330.22,0.0,0.0,0.0,62.17,191.7
260.36,167.107,61.331,330.43,0.0,0.0,0.0,62.17,191.7
260.42,167.096,61.352,330.74,0.0,0.0,0.0,62.16,191.71
260.48,167.085,61.374,331.05,0.0,0.0,0.0,62.16,191.71
260.52,167.078,61.388,331.26,0.0,0.0,0.0,62.15,191.71
260.56,167.07,61.402,331.46,0.0,0.0,0.0,62.15,191.71
260.62,167.059,61.424,331.78,0.0,0.0,0.0,62.14,191.71
260.68,167.048,61.446,332.09,0.0,0.0,0.0,62.14,191.72
260.72,167.041,61.46,332.3,0.0,0.0,0.0,62.13,191.72
260.76,167.033,61.474,332.51,0.0,0.0,0.0,62.13,191.72
260.82,167.022,61.496,332.82,0.0,0.0,0.0,62.12,191.72
260.88,167.011,61.518,333.14,0.0,0.0,0.0,62.12,191.73
260.92,167.003,61.532,333.35,0.0,0.0,0.0,62.11,191.73
260.96,166.996,61.546,333.56,0.0,0.0,0.0,62.11,191.73
261.02,166.984,61.568,333.87,0.0,0.0,0.0,62.1,191.73
261.08,166.973,61.589,334.19,0.0,0.0,0.0,62.1,191.74
261.12,166.965,61.604,334.4,0.0,0.0,0.0,62.09,191.74
261.18,166.954,61.625,334.72,0.0,0.0,0.0,62.09,191.74
261.22,166.946,61.64,334.93,0.0,0.0,0.0,62.08,191.74
261.28,166.935,61.661,335.25,0.0,0.0,0.0,62.08,191.74
261.32,166.927,61.676,335.46,0.0,0.0,0.0,62.07,191.75
261.38,166.916,61.697,335.78,0.0,0.0,0.0,62.07,191.75
261.44,166.904,61.719,336.1,0.0,0.0,0.0,62.06,191.75
261.48,166.897,61.733,336.32,0.0,0.0,0.0,62.06,191.75
261.52,166.889,61.748,336.53,0.0,0.0,0.0,62.05,191.76
261.58,166.877,61.769,336.86,0.0,0.0,0.0,62.05,191.76
261.62,166.87,61.784,337.07,0.0,0.0,0.0,62.04,191.76
261.68,166.858,61.805,337.39,0.0,0.0,0.0,62.04,191.76
261.74,166.846,61.827,337.72,0.0,0.0,0.0,62.03,191.77
261.78,166.838,61.841,337.93,0.0,0.0,0.0,62.03,191.77
261.82,166.83,61.856,338.15,0.0,0.0,0.0,62.02,191.77
261.88,166.819,61.877,338.47,0.0,0.0,0.0,62.02,191.77
261.92,166.811,61.892,338.69,0.0,0.0,0.0,62.01,191.77
261.98,166.799,61.913,339.02,0.0,0.0,0.0,62.01,191.78
262.02,166.791,61.928,339.24,0.0,0.0,0.0,62.0,191.78
262.08,166.779,61.949,339.56,0.0,0.0,0.0,62.0,191.78
262.14,166.767,61.971,339.89,0.0,0.0,0.0,61.99,191.78
262.18,166.759,61.985,340.11,0.0,0.0,0.0,61.99,191.79
262.22,166.751,62.0,340.33,0.0,0.0,0.0,61.98,191.79
262.28,166.739,62.021,340.66,0.0,0.0,0.0,61.98,191.79
262.34,166.727,62.043,340.99,0.0,0.0,0.0,61.97,191.79
262.38,166.719,62.057,341.21,0.0,0.0,0.0,61.97,191.79
262.42,166.711,62.072,341.43,0.0,0.0,0.0,61.96,191.8
262.48,166.699,62.093,341.76,0.0,0.0,0.0,61.96,191.8
262.54,166.687,62.115,342.09,0.0,0.0,0.0,61.95,191.8
262.58,166.679,62.129,342.31,0.0,0.0,0.0,61.95,191.8
262.64,166.667,62.151,342.65,0.0,0.0,0.0,61.94,191.81
262.68,166.658,62.165,342.87,0.0,0.0,0.0,61.94,191.81
262.74,166.646,62.187,343.2,0.0,0.0,0.0,61.93,191.81
262.78,166.638,62.201,343.42,0.0,0.0,0.0,61.93,191.81
262.84,166.626,62.223,343.76,0.0,0.0,0.0,61.92,191.82
262.88,166.617,62.237,343.98,0.0,0.0,0.0,61.92,191.82
262.94,166.605,62.259,344.32,0.0,0.0,0.0,61.91,191.82
262.98,166.597,62.273,344.54,0.0,0.0,0.0,61.91,191.82
263.04,166.584,62.295,344.88,0.0,0.0,0.0,61.9,191.82
263.08,166.576,62.309,345.1,0.0,0.0,0.0,61.9,191.83
263.14,166.564,62.331,345.44,0.0,0.0,0.0,61.89,191.83
263.18,166.555,62.346,345.67,0.0,0.0,0.0,61.89,191.83
263.24,166.543,62.367,346.01,0.0,0.0,0.0,61.88,191.83
263.28,166.534,62.382,346.23,0.0,0.0,0.0,61.88,191.84
263.34,166.522,62.403,346.57,0.0,0.0,0.0,61.87,191.84
263.38,166.513,62.418,346.8,0.0,0.0,0.0,61.87,191.84
263.44,166.501,62.439,347.14,0.0,0.0,0.0,61.86,191.84
263.48,166.492,62.454,347.37,0.0,0.0,0.0,61.86,191.84
263.54,166.479,62.475,347.71,0.0,0.0,0.0,61.85,191.85
263.6,166.467,62.497,348.05,0.0,0.0,0.0,61.84,191.85
263.64,166.458,62.511,348.28,0.0,0.0,0.0,61.84,191.85
263.68,166.45,62.526,348.51,0.0,0.0,0.0,61.84,191.85
263.74,166.437,62.547,348.85,0.0,0.0,0.0,61.83,191.86
263.8,166.424,62.569,349.19,0.0,0.0,0.0,61.82,191.86
263.84,166.415,62.583,349.42,0.0,0.0,0.0,61.82,191.86
263.88,166.407,62.598,349.65,0.0,0.0,0.0,61.82,191.86
263.94,166.394,62.619,350.0,0.0,0.0,0.0,61.81,191.87
264.0,166.381,62.641,350.34,0.0,0.0,0.0,61.8,191.87
264.04,166.372,62.656,350.57,0.0,0.0,0.0,61.8,191.87
264.1,166.359,62.677,350.92,0.0,0.0,0.0,61.79,191.87
264.14,166.35,62.692,351.15,0.0,0.0,0.0,61.79,191.87
264.2,166.337,62.713,351.5,0.0,0.0,0.0,61.78,191.88
264.24,166.329,62.728,351.73,0.0,0.0,0.0,61.78,191.88
264.3,166.316,62.749,352.08,0.0,0.0,0.0,61.77,191.88
264.34,166.307,62.764,352.31,0.0,0.0,0.0,61.77,191.88
264.4,166.294,62.785,352.66,0.0,0.0,0.0,61.76,191.89
264.44,166.285,62.8,352.9,0.0,0.0,0.0,61.76,191.89
264.5,166.272,62.821,353.25,0.0,0.0,0.0,61.75,191.89
264.54,166.263,62.836,353.48,0.0,0.0,0.0,61.75,191.89
264.6,166.249,62.857,353.83,0.0,0.0,0.0,61.74,191.89
264.64,166.24,62.872,354.06,0.0,0.0,0.0,61.74,191.9
264.7,166.227,62.894,354.42,0.0,0.0,0.0,61.73,191.9
264.74,166.218,62.908,354.65,0.0,0.0,0.0,61.73,191.9
264.8,166.205,62.93,355.0,0.0,0.0,0.0,61.72,191.9
264.84,166.196,62.944,355.24,0.0,0.0,0.0,61.72,191.91
264.9,166.182,62.966,355.59,0.0,0.0,0.0,61.71,191.91
264.94,166.173,62.98,355.83,0.0,0.0,0.0,61.71,191.91
265.0,166.16,63.002,356.18,0.0,0.0,0.0,61.7,191.91
265.04,166.151,63.016,356.42,0.0,0.0,0.0,61.7,191.91
265.1,166.137,63.038,356.78,0.0,0.0,0.0,61.69,191.92
265.14,166.128,63.052,357.01,0.0,0.0,0.0,61.69,191.92
265.2,166.115,63.074,357.37,0.0,0.0,0.0,61.68,191.92
265.24,166.105,63.088,357.61,0.0,0.0,0.0,61.68,191.92
265.3,166.092,63.11,357.97,0.0,0.0,0.0,61.67,191.93
265.36,166.078,63.132,358.32,0.0,0.0,0.0,61.67,191.93
265.4,166.069,63.146,358.56,0.0,0.0,0.0,61.66,191.93
265.44,166.06,63.161,358.8,0.0,0.0,0.0,61.66,191.93
265.5,166.046,63.182,359.16,0.0,0.0,0.0,61.65,191.93
265.56,166.032,63.204,359.52,0.0,0.0,0.0,61.65,191.94
265.6,166.023,63.218,359.76,0.0,0.0,0.0,61.64,191.94
265.64,166.013,63.233,360.0,0.0,0.0,0.0,61.64,191.94
265.7,166.0,63.254,360.36,0.0,0.0,0.0,61.63,191.94
265.76,165.986,63.276,360.72,0.0,0.0,0.0,61.63,191.95
265.8,165.976,63.291,360.96,0.0,0.0,0.0,61.62,191.95
265.86,165.962,63.312,361.32,0.0,0.0,0.0,61.62,191.95
265.9,165.953,63.327,361.57,0.0,0.0,0.0,61.61,191.95
265.96,165.939,63.348,361.93,0.0,0.0,0.0,61.61,191.96
266.0,165.929,63.363,362.17,0.0,0.0,0.0,61.6,191.96
266.06,165.915,63.384,362.54,0.0,0.0,0.0,61.6,191.96
266.1,165.906,63.399,362.78,0.0,0.0,0.0,61.59,191.96
266.16,165.892,63.421,363.14,0.0,0.0,0.0,61.59,191.96
266.2,165.882,63.435,363.39,0.0,0.0,0.0,61.58,191.97
266.26,165.868,63.457,363.75,0.0,0.0,0.0,61.58,191.97
266.3,165.859,63.471,363.99,0.0,0.0,0.0,61.57,191.97
266.36,165.844,63.493,364.36,0.0,0.0,0.0,61.57,191.97
266.4,165.835,63.507,364.61,0.0,0.0,0.0,61.56,191.97
266.46,165.82,63.529,364.97,0.0,0.0,0.0,61.56,191.98
266.5,165.811,63.543,365.22,0.0,0.0,0.0,61.55,191.98
266.56,165.796,63.565,365.58,0.0,0.0,0.0,61.55,191.98
266.6,165.787,63.58,365.83,0.0,0.0,0.0,61.54,191.98
266.66,165.772,63.601,366.2,0.0,0.0,0.0,61.54,191.99
266.7,165.763,63.616,366.44,0.0,0.0,0.0,61.53,191.99
266.76,165.748,63.637,366.81,0.0,0.0,0.0,61.53,191.99
266.8,165.739,63.652,367.06,0.0,0.0,0.0,61.52,191.99
266.86,165.724,63.674,367.43,0.0,0.0,0.0,61.52,192.0
266.9,165.714,63.688,367.68,0.0,0.0,0.0,61.51,192.0
266.96,165.7,63.71,368.05,0.0,0.0,0.0,61.51,192.0
267.0,165.69,63.724,368.3,0.0,0.0,0.0,61.5,192.0
267.06,165.675,63.746,368.67,0.0,0.0,0.0,61.5,192.0
267.1,165.665,63.76,368.92,0.0,0.0,0.0,61.49,192.01
267.16,165.651,63.782,369.29,0.0,0.0,0.0,61.49,192.01
267.22,165.636,63.804,369.66,0.0,0.0,0.0,61.48,192.01
267.26,165.626,63.818,369.91,0.0,0.0,0.0,61.48,192.01
267.3,165.616,63.833,370.16,0.0,0.0,0.0,61.47,192.01
267.36,165.601,63.854,370.53,0.0,0.0,0.0,61.47,192.02
267.42,165.586,63.876,370.91,0.0,0.0,0.0,61.46,192.02
267.46,165.576,63.89,371.16,0.0,0.0,0.0,61.46,192.02
267.5,165.567,63.905,371.41,0.0,0.0,0.0,61.45,192.02
267.56,165.552,63.927,371.78,0.0,0.0,0.0,61.45,192.03
267.62,165.537,63.948,372.16,0.0,0.0,0.0,61.44,192.03
267.66,165.527,63.963,372.41,0.0,0.0,0.0,61.44,192.03
267.7,165.517,63.977,372.66,0.0,0.0,0.0,61.43,192.03
267.76,165.501,63.999,373.04,0.0,0.0,0.0,61.43,192.03
267.82,165.486,64.021,373.42,0.0,0.0,0.0,61.42,192.04
267.86,165.476,64.035,373.67,0.0,0.0,0.0,61.42,192.04
267.92,165.461,64.057,374.05,0.0,0.0,0.0,61.41,192.04
267.96,165.451,64.071,374.3,0.0,0.0,0.0,61.41,192.04
268.0,165.441,64.086,374.55,0.0,0.0,0.0,61.4,192.05
268.06,165.426,64.107,374.93,0.0,0.0,0.0,61.4,192.05
268.12,165.41,64.129,375.31,0.0,0.0,0.0,61.39,192.05
268.16,165.4,64.144,375.57,0.0,0.0,0.0,61.39,192.05
268.22,165.385,64.165,375.95,0.0,0.0,0.0,61.38,192.05
268.26,165.375,64.18,376.2,0.0,0.0,0.0,61.38,192.06
268.32,165.359,64.201,376.58,0.0,0.0,0.0,61.37,192.06
268.36,165.349,64.216,376.84,0.0,0.0,0.0,61.37,192.06
268.42,165.334,64.238,377.22,0.0,0.0,0.0,61.36,192.06
268.48,165.318,64.259,377.6,0.0,0.0,0.0,61.36,192.07
268.52,165.308,64.274,377.86,0.0,0.0,0.0,61.35,192.07
268.56,165.297,64.288,378.11,0.0,0.0,0.0,61.35,192.07
268.62,165.282,64.31,378.5,0.0,0.0,0.0,61.34,192.07
268.66,165.271,64.324,378.75,0.0,0.0,0.0,61.34,192.07
268.72,165.256,64.346,379.14,0.0,0.0,0.0,61.33,192.08
268.76,165.245,64.361,379.39,0.0,0.0,0.0,61.33,192.08
268.82,165.23,64.382,379.78,0.0,0.0,0.0,61.32,192.08
268.88,165.214,64.404,380.16,0.0,0.0,0.0,61.32,192.08
268.92,165.204,64.419,380.42,0.0,0.0,0.0,61.31,192.09
268.98,165.188,64.44,380.81,0.0,0.0,0.0,61.31,192.09
269.02,165.177,64.455,381.06,0.0,0.0,0.0,61.3,192.09
269.06,165.167,64.469,381.32,0.0,0.0,0.0,61.3,192.09
269.12,165.151,64.491,381.71,0.0,0.0,0.0,61.29,192.09
269.18,165.135,64.513,382.1,0.0,0.0,0.0,61.29,192.1
269.22,165.125,64.527,382.36,0.0,0.0,0.0,61.28,192.1
269.28,165.109,64.549,382.74,0.0,0.0,0.0,61.28,192.1
269.32,165.098,64.563,383.0,0.0,0.0,0.0,61.27,192.1
269.38,165.082,64.585,383.39,0.0,0.0,0.0,61.27,192.1
269.42,165.071,64.6,383.65,0.0,0.0,0.0,61.26,192.11
269.48,165.055,64.621,384.04,0.0,0.0,0.0,61.26,192.11
269.52,165.045,64.636,384.3,0.0,0.0,0.0,61.25,192.11
269.58,165.029,64.658,384.69,0.0,0.0,0.0,61.25,192.11
269.62,165.018,64.672,384.95,0.0,0.0,0.0,61.24,192.12
269.68,165.002,64.694,385.34,0.0,0.0,0.0,61.24,192.12
269.72,164.991,64.708,385.61,0.0,0.0,0.0,61.23,192.12
269.78,164.975,64.73,386.0,0.0,0.0,0.0,61.23,192.12
269.82,164.964,64.744,386.26,0.0,0.0,0.0,61.22,192.12
269.88,164.948,64.766,386.65,0.0,0.0,0.0,61.22,192.13
269.92,164.937,64.781,386.91,0.0,0.0,0.0,61.21,192.13
269.98,164.921,64.802,387.31,0.0,0.0,0.0,61.21,192.13
270.02,164.91,64.817,387.57,0.0,0.0,0.0,61.2,192.13
270.08,164.893,64.839,387.96,0.0,0.0,0.0,61.2,192.14
270.12,164.882,64.853,388.23,0.0,0.0,0.0,61.19,192.14
270.18,164.866,64.875,388.62,0.0,0.0,0.0,61.19,192.14
270.22,164.855,64.889,388.88,0.0,0.0,0.0,61.18,192.14
270.28,164.839,64.911,389.28,0.0,0.0,0.0,61.18,192.14
270.32,164.828,64.926,389.54,0.0,0.0,0.0,61.17,192.15
270.38,164.811,64.947,389.94,0.0,0.0,0.0,61.17,192.15
270.42,164.8,64.962,390.2,0.0,0.0,0.0,61.16,192.15
270.48,164.783,64.984,390.6,0.0,0.0,0.0,61.16,192.15
270.52,164.772,64.998,390.86,0.0,0.0,0.0,61.15,192.15
270.58,164.756,65.02,391.26,0.0,0.0,0.0,61.15,192.16
270.62,164.745,65.034,391.53,0.0,0.0,0.0,61.14,192.16
270.68,164.728,65.056,391.92,0.0,0.0,0.0,61.14,192.16
270.74,164.711,65.078,392.32,0.0,0.0,0.0,61.13,192.16
270.78,164.7,65.092,392.59,0.0,0.0,0.0,61.13,192.17
270.82,164.689,65.107,392.85,0.0,0.0,0.0,61.12,192.17
270.88,164.672,65.129,393.25,0.0,0.0,0.0,61.12,192.17
270.92,164.661,65.143,393.52,0.0,0.0,0.0,61.11,192.17
270.98,164.644,65.165,393.92,0.0,0.0,0.0,61.11,192.17
271.04,164.627,65.187,394.32,0.0,0.0,0.0,61.1,192.18
271.08,164.616,65.201,394.59,0.0,0.0,0.0,61.1,192.18
271.14,164.599,65.223,394.99,0.0,0.0,0.0,61.09,192.18
271.18,164.587,65.237,395.25,0.0,0.0,0.0,61.09,192.18
271.24,164.57,65.259,395.66,0.0,0.0,0.0,61.08,192.18
271.28,164.559,65.274,395.92,0.0,0.0,0.0,61.08,192.19
271.34,164.542,65.295,396.33,0.0,0.0,0.0,61.07,192.19
271.38,164.531,65.31,396.59,0.0,0.0,0.0,61.07,192.19
271.44,164.513,65.332,397.0,0.0,0.0,0.0,61.06,192.19
271.48,164.502,65.346,397.27,0.0,0.0,0.0,61.06,192.2
271.54,164.485,65.368,397.67,0.0,0.0,0.0,61.05,192.2
271.58,164.473,65.382,397.94,0.0,0.0,0.0,61.05,192.2
271.64,164.456,65.404,398.34,0.0,0.0,0.0,61.04,192.2
271.68,164.445,65.419,398.61,0.0,0.0,0.0,61.04,192.2
271.74,164.427,65.44,399.02,0.0,0.0,0.0,61.03,192.21
271.78,164.416,65.455,399.29,0.0,0.0,0.0,61.03,192.21
271.84,164.398,65.477,399.69,0.0,0.0,0.0,61.02,192.21
271.88,164.387,65.491,399.96,0.0,0.0,0.0,61.02,192.21
271.94,164.369,65.513,400.37,0.0,0.0,0.0,61.01,192.21
271.98,164.358,65.527,400.64,0.0,0.0,0.0,61.01,192.22
272.04,164.34,65.549,401.05,0.0,0.0,0.0,61.0,192.22
272.1,164.323,65.571,401.45,0.0,0.0,0.0,60.99,192.22
272.14,164.311,65.586,401.72,0.0,0.0,0.0,60.99,192.22
272.18,164.3,65.6,402.0,0.0,0.0,0.0,60.99,192.22
272.24,164.282,65.622,402.4,0.0,0.0,0.0,60.98,192.23
272.28,164.27,65.636,402.68,0.0,0.0,0.0,60.98,192.23
272.34,164.253,65.658,403.08,0.0,0.0,0.0,60.97,192.23
272.38,164.241,65.673,403.36,0.0,0.0,0.0,60.97,192.23
272.44,164.223,65.694,403.77,0.0,0.0,0.0,60.96,192.24
272.5,164.205,65.716,404.18,0.0,0.0,0.0,60.95,192.24
272.54,164.194,65.731,404.45,0.0,0.0,0.0,60.95,192.24
272.58,164.182,65.745,404.72,0.0,0.0,0.0,60.95,192.24
272.64,164.164,65.767,405.13,0.0,0.0,0.0,60.94,192.24
272.7,164.146,65.789,405.54,0.0,0.0,0.0,60.93,192.25
272.74,164.134,65.803,405.82,0.0,0.0,0.0,60.93,192.25
272.78,164.122,65.818,406.09,0.0,0.0,0.0,60.93,192.25
272.84,164.104,65.84,406.5,0.0,0.0,0.0,60.92,192.25
272.9,164.087,65.861,406.91,0.0,0.0,0.0,60.91,192.26
272.94,164.075,65.876,407.19,0.0,0.0,0.0,60.91,192.26
273.0,164.057,65.898,407.6,0.0,0.0,0.0,60.9,192.26
273.04,164.045,65.912,407.88,0.0,0.0,0.0,60.9,192.26
273.08,164.033,65.927,408.15,0.0,0.0,0.0,60.9,192.26
273.14,164.014,65.949,408.56,0.0,0.0,0.0,60.89,192.27
273.2,163.996,65.97,408.98,0.0,0.0,0.0,60.88,192.27
273.24,163.984,65.985,409.25,0.0,0.0,0.0,60.88,192.27
273.28,163.972,65.999,409.53,0.0,0.0,0.0,60.88,192.27
273.34,163.954,66.021,409.94,0.0,0.0,0.0,60.87,192.27
273.4,163.936,66.043,410.36,0.0,0.0,0.0,60.86,192.28
273.44,163.924,66.057,410.64,0.0,0.0,0.0,60.86,192.28
273.5,163.905,66.079,411.05,0.0,0.0,0.0,60.85,192.28
273.54,163.893,66.094,411.33,0.0,0.0,0.0,60.85,192.28
273.6,163.875,66.116,411.74,0.0,0.0,0.0,60.84,192.28
273.64,163.863,66.13,412.02,0.0,0.0,0.0,60.84,192.29
273.7,163.844,66.152,412.44,0.0,0.0,0.0,60.83,192.29
273.74,163.832,66.166,412.71,0.0,0.0,0.0,60.83,192.29
273.8,163.813,66.188,413.13,0.0,0.0,0.0,60.82,192.29
273.84,163.801,66.203,413.41,0.0,0.0,0.0,60.82,192.29
273.9,163.783,66.225,413.83,0.0,0.0,0.0,60.81,192.3
273.94,163.77,66.239,414.11,0.0,0.0,0.0,60.81,192.3
274.0,163.752,66.261,414.52,0.0,0.0,0.0,60.8,192.3
274.04,163.739,66.275,414.8,0.0,0.0,0.0,60.8,192.3
274.1,163.721,66.297,415.22,0.0,0.0,0.0,60.79,192.31
274.14,163.708,66.312,415.5,0.0,0.0,0.0,60.79,192.31
274.2,163.69,66.334,415.92,0.0,0.0,0.0,60.78,192.31
274.26,163.671,66.355,416.34,0.0,0.0,0.0,60.78,192.31
274.3,163.659,66.37,416.62,0.0,0.0,0.0,60.77,192.31
274.34,163.646,66.384,416.9,0.0,0.0,0.0,60.77,192.32
274.4,163.627,66.406,417.32,0.0,0.0,0.0,60.76,192.32
274.46,163.608,66.428,417.74,0.0,0.0,0.0,60.76,192.32
274.5,163.596,66.443,418.02,0.0,0.0,0.0,60.75,192.32
274.54,163.583,66.457,418.3,0.0,0.0,0.0,60.75,192.32
274.6,163.564,66.479,418.72,0.0,0.0,0.0,60.74,192.33
274.66,163.545,66.501,419.14,0.0,0.0,0.0,60.74,192.33
274.7,163.533,66.515,419.43,0.0,0.0,0.0,60.73,192.33
274.76,163.514,66.537,419.85,0.0,0.0,0.0,60.73,192.33
274.8,163.501,66.552,420.13,0.0,0.0,0.0,60.72,192.34
274.86,163.482,66.573,420.55,0.0,0.0,0.0,60.72,192.34
274.9,163.469,66.588,420.83,0.0,0.0,0.0,60.71,192.34
274.96,163.45,66.61,421.26,0.0,0.0,0.0,60.71,192.34
275.0,163.438,66.624,421.54,0.0,0.0,0.0,60.7,192.34
275.06,163.419,66.646,421.96,0.0,0.0,0.0,60.7,192.35
275.1,163.406,66.661,422.25,0.0,0.0,0.0,60.69,192.35
275.16,163.387,66.683,422.67,0.0,0.0,0.0,60.69,192.35
275.2,163.374,66.697,422.95,0.0,0.0,0.0,60.68,192.35
275.26,163.354,66.719,423.38,0.0,0.0,0.0,60.68,192.35
275.3,163.342,66.733,423.66,0.0,0.0,0.0,60.67,192.36
275.36,163.322,66.755,424.09,0.0,0.0,0.0,60.67,192.36
275.4,163.309,66.77,424.37,0.0,0.0,0.0,60.66,192.36
275.46,163.29,66.792,424.8,0.0,0.0,0.0,60.66,192.36
275.5,163.277,66.806,425.08,0.0,0.0,0.0,60.65,192.36
275.56,163.258,66.828,425.51,0.0,0.0,0.0,60.65,192.37
275.6,163.245,66.843,425.79,0.0,0.0,0.0,60.64,192.37
275.66,163.225,66.864,426.22,0.0,0.0,0.0,60.64,192.37
275.7,163.212,66.879,426.5,0.0,0.0,0.0,60.63,192.37
275.76,163.193,66.901,426.93,0.0,0.0,0.0,60.63,192.38
275.8,163.18,66.915,427.22,0.0,0.0,0.0,60.62,192.38
275.86,163.16,66.937,427.64,0.0,0.0,0.0,60.62,192.38
275.9,163.147,66.952,427.93,0.0,0.0,0.0,60.61,192.38
275.96,163.127,66.974,428.36,0.0,0.0,0.0,60.61,192.38
276.0,163.114,66.988,428.64,0.0,0.0,0.0,60.6,192.38
276.06,163.095,67.01,429.07,0.0,0.0,0.0,60.6,192.39
276.1,163.081,67.024,429.36,0.0,0.0,0.0,60.59,192.39
276.16,163.062,67.046,429.79,0.0,0.0,0.0,60.59,192.39
276.22,163.042,67.068,430.22,0.0,0.0,0.0,60.58,192.39
276.26,163.029,67.083,430.5,0.0,0.0,0.0,60.58,192.4
276.3,163.015,67.097,430.79,0.0,0.0,0.0,60.57,192.4
276.36,162.996,67.119,431.22,0.0,0.0,0.0,60.57,192.4
276.42,162.976,67.141,431.65,0.0,0.0,0.0,60.56,192.4
276.46,162.962,67.155,431.94,0.0,0.0,0.0,60.56,192.4
276.5,162.949,67.17,432.23,0.0,0.0,0.0,60.55,192.41
276.56,162.929,67.192,432.66,0.0,0.0,0.0,60.55,192.41
276.62,162.909,67.214,433.09,0.0,0.0,0.0,60.54,192.41
276.66,162.896,67.228,433.38,0.0,0.0,0.0,60.54,192.41
276.7,162.882,67.243,433.67,0.0,0.0,0.0,60.53,192.41
276.76,162.862,67.265,434.1,0.0,0.0,0.0,60.53,192.42
276.82,162.842,67.287,434.53,0.0,0.0,0.0,60.52,192.42
276.86,162.829,67.301,434.82,0.0,0.0,0.0,60.52,192.42
276.92,162.808,67.323,435.25,0.0,0.0,0.0,60.51,192.42
276.96,162.795,67.338,435.54,0.0,0.0,0.0,60.51,192.42
277.02,162.775,67.359,435.98,0.0,0.0,0.0,60.5,192.43
277.06,162.761,67.374,436.27,0.0,0.0,0.0,60.5,192.43
277.12,162.741,67.396,436.7,0.0,0.0,0.0,60.49,192.43
277.16,162.727,67.41,436.99,0.0,0.0,0.0,60.49,192.43
277.22,162.707,67.432,437.42,0.0,0.0,0.0,60.48,192.44
277.26,162.693,67.447,437.71,0.0,0.0,0.0,60.48,192.44
277.32,162.673,67.469,438.15,0.0,0.0,0.0,60.47,192.44
277.36,162.659,67.483,438.44,0.0,0.0,0.0,60.47,192.44
277.42,162.639,67.505,438.88,0.0,0.0,0.0,60.46,192.44
277.46,162.625,67.52,439.17,0.0,0.0,0.0,60.46,192.44
277.52,162.605,67.541,439.6,0.0,0.0,0.0,60.45,192.45
277.56,162.591,67.556,439.89,0.0,0.0,0.0,60.45,192.45
277.62,162.571,67.578,440.33,0.0,0.0,0.0,60.44,192.45
277.66,162.557,67.592,440.62,0.0,0.0,0.0,60.44,192.45
277.72,162.536,67.614,441.06,0.0,0.0,0.0,60.43,192.46
277.76,162.522,67.629,441.35,0.0,0.0,0.0,60.43,192.46
277.82,162.502,67.651,441.79,0.0,0.0,0.0,60.42,192.46
277.88,162.481,67.673,442.22,0.0,0.0,0.0,60.42,192.46
277.92,162.467,67.687,442.52,0.0,0.0,0.0,60.41,192.46
277.98,162.446,67.709,442.95,0.0,0.0,0.0,60.41,192.47
278.02,162.433,67.724,443.25,0.0,0.0,0.0,60.4,192.47
278.08,162.412,67.745,443.69,0.0,0.0,0.0,60.4,192.47
278.12,162.398,67.76,443.98,0.0,0.0,0.0,60.39,192.47
278.16,162.384,67.775,444.27,0.0,0.0,0.0,60.39,192.47
278.22,162.363,67.796,444.71,0.0,0.0,0.0,60.38,192.48
278.28,162.342,67.818,445.15,0.0,0.0,0.0,60.38,192.48
278.32,162.328,67.833,445.44,0.0,0.0,0.0,60.37,192.48
278.38,162.307,67.855,445.88,0.0,0.0,0.0,60.37,192.48
278.42,162.293,67.869,446.18,0.0,0.0,0.0,60.36,192.48
278.48,162.272,67.891,446.62,0.0,0.0,0.0,60.36,192.49
278.52,162.258,67.906,446.91,0.0,0.0,0.0,60.35,192.49
278.58,162.237,67.928,447.35,0.0,0.0,0.0,60.35,192.49
278.62,162.223,67.942,447.65,0.0,0.0,0.0,60.34,192.49
