met,altitude_km,downrange_km,velocity_ms,g_force,dynamic_pressure_kpa,thrust_kn,pitch_deg,heading_deg
0.0,0.24,0.0,0.0,1.0,0.0,0.0,90.0,83.33
0.0,0.24,0.0,0.0,1.0,0.0,0.0,90.0,83.33
0.0,0.24,0.0,0.0,1.0,0.0,0.0,90.0,83.33
0.0,0.24,0.0,0.0,1.0,0.0,0.0,89.98,83.33
0.0,0.24,0.0,0.0,1.0,0.0,0.0,90.0,83.33
0.0,0.24,0.0,0.0,1.0,0.0,0.0,90.0,83.33
0.0,0.24,0.0,0.0,1.0,0.0,0.0,90.0,83.33
0.0,0.24,0.0,0.0,1.0,0.0,0.0,90.0,83.33
0.0,0.24,0.0,0.0,1.0,0.0,0.0,90.0,83.33
0.0,0.24,0.0,0.0,1.0,0.0,0.0,90.0,83.33
0.0,0.24,0.0,0.0,1.0,0.0,0.0,90.0,83.33
0.0,0.24,0.0,0.0,1.0,0.0,0.0,90.0,83.33
0.0,0.24,0.0,0.0,1.0,0.0,0.1,89.97,83.33
0.0,0.24,0.0,0.0,1.0,0.0,0.1,90.0,83.33
0.0,0.24,0.0,0.0,1.0,0.0,0.1,89.98,83.33
0.0,0.24,0.0,0.0,1.0,0.0,0.1,90.0,83.33
0.0,0.24,0.0,0.0,1.0,0.0,0.1,90.0,83.33
0.0,0.24,0.0,0.0,1.0,0.0,0.1,89.98,83.33
0.0,0.24,0.0,0.0,1.0,0.0,0.1,90.0,83.33
0.0,0.24,0.0,0.0,1.0,0.0,0.1,90.0,83.33
0.0,0.24,0.0,0.0,1.0,0.0,0.1,90.0,83.33
0.0,0.24,0.0,0.0,1.0,0.0,0.2,90.0,83.33
0.0,0.24,0.0,0.0,1.0,0.0,0.2,89.98,83.33
0.0,0.24,0.0,0.0,1.0,0.0,0.2,90.0,83.33
0.0,0.24,0.0,0.0,1.0,0.0,0.2,90.0,83.33
0.0,0.24,0.0,0.0,1.0,0.0,0.3,90.0,83.33
0.0,0.24,0.0,0.0,1.0,0.0,0.3,90.0,83.33
0.0,0.24,0.0,0.0,1.0,0.0,0.3,90.0,83.33
0.0,0.24,0.0,0.0,1.0,0.0,0.4,90.0,83.33
0.0,0.24,0.0,0.0,1.0,0.0,0.4,90.0,83.33
0.0,0.24,0.0,0.0,1.0,0.0,0.4,90.0,83.33
0.0,0.24,0.0,0.0,1.0,0.0,0.5,89.97,83.33
0.0,0.24,0.0,0.0,1.0,0.0,0.5,90.0,83.33
0.0,0.24,0.0,0.0,1.0,0.0,0.6,89.98,83.33
0.0,0.24,0.0,0.0,1.0,0.0,0.7,90.0,83.33
0.0,0.24,0.0,0.0,1.0,0.0,0.8,90.0,83.33
0.0,0.24,0.0,0.0,1.0,0.0,0.8,89.97,83.33
0.0,0.24,0.0,0.0,1.0,0.0,1.0,90.0,83.33
0.0,0.24,0.0,0.0,1.0,0.0,1.1,89.98,83.33
0.0,0.24,0.0,0.0,1.0,0.0,1.2,90.0,83.33
0.0,0.24,0.0,0.0,1.0,0.0,1.4,90.0,83.33
0.0,0.24,0.0,0.0,1.0,0.0,1.5,89.98,83.33
0.0,0.24,0.0,0.0,1.0,0.0,24.1,90.0,83.33
0.0,0.24,0.0,0.0,1.0,0.0,38.8,90.0,83.33
0.0,0.24,0.0,0.0,1.0,0.0,69.1,90.0,83.33
0.0,0.24,0.0,0.0,1.0,0.0,91.9,90.0,83.33
0.0,0.24,0.0,0.0,1.0,0.0,125.2,90.0,83.33
0.0,0.24,0.0,0.0,1.0,0.0,144.5,90.0,83.33
0.0,0.24,0.0,0.0,1.0,0.0,169.9,90.0,83.33
0.0,0.24,0.0,0.0,1.0,0.0,182.8,90.0,83.33
0.0,0.24,0.0,0.0,1.0,0.0,198.8,89.97,83.33
0.0,0.24,0.0,0.0,1.0,0.0,207.0,90.0,83.33
0.0,0.24,0.0,0.0,1.0,0.0,216.9,89.98,83.33
0.0,0.24,0.0,0.0,1.0,0.0,221.3,90.0,83.33
0.0,0.24,0.0,0.0,1.0,0.0,226.6,90.0,83.33
0.0,0.24,0.0,0.0,1.0,0.0,229.7,89.97,83.33
0.0,0.24,0.0,0.0,1.0,0.0,232.6,90.0,83.33
0.0,0.24,0.0,0.0,1.0,0.0,234.2,89.98,83.33
0.0,0.24,0.0,0.0,1.0,0.0,235.5,90.0,83.33
0.0,0.24,0.0,0.0,1.0,0.0,236.9,90.0,83.33
0.0,0.24,0.0,0.0,1.0,0.0,237.6,89.98,83.33
0.0,0.24,0.0,0.0,1.0,0.0,238.0,90.0,83.33
0.0,0.24,0.0,0.0,1.0,0.0,239.4,90.0,83.33
0.0,0.24,0.0,0.0,1.0,0.0,240.5,90.0,83.33
0.0,0.24,0.0,0.0,1.0,0.0,239.7,90.0,83.33
0.0,0.24,0.0,0.0,1.0,0.0,240.2,89.98,83.33
0.0,0.24,0.0,0.0,1.0,0.0,240.3,90.0,83.33
0.0,0.24,0.0,0.0,1.0,0.0,239.8,90.0,83.33
0.0,0.24,0.0,0.0,1.0,0.0,240.3,90.0,83.33
0.0,0.24,0.0,0.0,1.0,0.0,239.8,89.97,83.33
0.0,0.24,0.0,0.0,1.0,0.0,240.4,90.0,83.33
0.0,0.241,0.0,0.0,1.0,0.0,240.2,90.0,83.33
0.0,0.241,0.0,0.35,1.09,0.0,240.7,90.0,83.33
0.0,0.241,0.0,0.69,1.18,0.0,240.4,90.0,83.33
0.0,0.241,0.0,1.21,1.31,0.0,240.0,90.0,83.33
0.0,0.241,0.0,1.72,1.44,0.0,240.1,90.0,83.33
0.0,0.241,0.0,2.07,1.53,0.0,240.2,90.0,83.33
0.0,0.241,0.0,2.59,1.66,0.0,239.9,90.0,83.33
0.04,0.241,0.0,2.93,1.75,0.0,240.3,90.0,83.33
0.1,0.242,0.0,3.45,1.88,0.0,240.0,90.0,83.33
0.16,0.242,0.0,3.97,1.88,0.01,240.1,90.0,83.33
0.2,0.242,0.0,4.32,1.88,0.01,240.7,90.0,83.33
0.26,0.242,0.0,4.84,1.88,0.01,239.8,90.0,83.33
0.3,0.243,0.0,5.18,1.88,0.01,239.7,90.0,83.33
0.36,0.243,0.0,5.71,1.88,0.01,240.3,90.0,83.33
0.4,0.243,0.0,6.06,1.88,0.02,240.6,90.0,83.33
0.46,0.244,0.0,6.58,1.89,0.02,240.1,90.0,83.33
0.5,0.244,0.0,6.93,1.89,0.02,240.6,90.0,83.33
0.56,0.244,0.0,7.45,1.89,0.03,240.2,90.0,83.33
0.6,0.245,0.0,7.8,1.89,0.03,240.2,90.0,83.33
0.66,0.245,0.0,8.33,1.89,0.03,240.1,90.0,83.33
0.7,0.245,0.0,8.68,1.89,0.04,240.2,90.0,83.33
0.76,0.246,0.0,9.21,1.89,0.04,240.7,90.0,83.33
0.8,0.246,0.0,9.56,1.89,0.05,240.2,89.97,83.33
0.86,0.247,0.0,10.08,1.89,0.05,239.9,90.0,83.33
0.9,0.247,0.0,10.44,1.89,0.06,240.4,90.0,83.33
0.96,0.248,0.0,10.96,1.9,0.06,240.0,90.0,83.33
1.0,0.248,0.0,11.32,1.9,0.07,240.5,90.0,83.33
1.06,0.249,0.0,11.85,1.9,0.08,240.3,90.0,83.33
1.1,0.25,0.0,12.2,1.9,0.08,240.5,90.0,83.33
1.16,0.25,0.0,12.73,1.9,0.09,240.0,89.97,83.33
1.2,0.251,0.0,13.08,1.9,0.09,240.7,89.97,83.33
1.26,0.252,0.0,13.62,1.9,0.1,240.3,90.0,83.33
1.3,0.252,0.0,13.97,1.9,0.11,240.4,89.97,83.33
1.36,0.253,0.0,14.5,1.9,0.12,240.1,90.0,83.33
1.4,0.254,0.0,14.86,1.9,0.12,240.6,89.97,83.33
1.46,0.255,0.0,15.39,1.9,0.13,240.4,89.96,83.33
1.5,0.255,0.0,15.75,1.9,0.14,240.2,89.97,83.33
1.56,0.256,0.0,16.28,1.91,0.15,240.2,89.97,83.33
1.6,0.257,0.0,16.64,1.91,0.16,240.7,89.97,83.33
1.66,0.258,0.0,17.18,1.91,0.17,240.1,89.96,83.33
1.72,0.259,0.0,17.71,1.91,0.18,239.9,89.96,83.33
1.76,0.26,0.0,18.07,1.91,0.19,240.8,89.96,83.33
1.8,0.26,0.0,18.43,1.91,0.2,240.5,89.95,83.33
1.86,0.261,0.0,18.97,1.91,0.21,240.1,89.94,83.33
1.92,0.263,0.0,19.51,1.91,0.22,240.8,89.94,83.34
1.96,0.263,0.0,19.87,1.91,0.23,240.3,89.95,83.34
2.02,0.265,0.0,20.41,1.91,0.24,240.6,89.94,83.34
2.06,0.265,0.0,20.77,1.92,0.25,240.1,89.94,83.34
2.1,0.266,0.0,21.13,1.92,0.26,240.0,89.94,83.34
2.16,0.268,0.0,21.67,1.92,0.28,239.8,89.93,83.34
2.22,0.269,0.0,22.21,1.92,0.29,240.7,89.94,83.34
2.26,0.27,0.0,22.58,1.92,0.3,240.4,89.93,83.34
2.32,0.271,0.0,23.12,1.92,0.32,240.7,89.92,83.34
2.36,0.272,0.0,23.48,1.92,0.33,240.0,89.93,83.34
2.42,0.274,0.0,24.02,1.92,0.34,240.0,89.92,83.34
2.46,0.275,0.0,24.39,1.92,0.36,240.3,89.92,83.34
2.52,0.276,0.0,24.93,1.92,0.37,240.5,89.92,83.35
2.56,0.277,0.0,25.3,1.92,0.38,240.6,89.91,83.35
2.62,0.279,0.0,25.85,1.93,0.4,240.7,89.91,83.35
2.66,0.28,0.0,26.21,1.93,0.41,240.5,89.91,83.35
2.72,0.281,0.0,26.76,1.93,0.43,240.1,89.91,83.35
2.78,0.283,0.0,27.31,1.93,0.45,240.5,89.9,83.35
2.82,0.284,0.0,27.67,1.93,0.46,240.5,89.9,83.35
2.86,0.285,0.0,28.04,1.93,0.48,240.5,89.9,83.36
2.92,0.287,0.0,28.59,1.93,0.5,240.0,89.9,83.36
2.96,0.288,0.0,28.95,1.93,0.51,239.8,89.9,83.36
3.02,0.29,0.0,29.5,1.93,0.53,240.0,89.88,83.36
3.08,0.291,0.0,30.06,1.93,0.55,239.8,89.88,83.36
3.12,0.293,0.0,30.42,1.93,0.56,240.0,89.88,100.76
3.16,0.294,0.0,30.79,1.93,0.58,240.0,89.88,101.25
3.22,0.296,0.0,31.34,1.94,0.6,240.0,89.87,102.01
3.28,0.298,0.0,31.9,1.94,0.62,240.4,89.87,102.77
3.32,0.299,0.0,32.27,1.94,0.64,241.0,89.87,103.28
3.38,0.301,0.0,32.82,1.94,0.66,240.8,89.86,104.07
3.42,0.302,0.0,33.19,1.94,0.67,240.1,89.86,104.61
3.48,0.304,0.0,33.75,1.94,0.7,240.3,89.85,105.42
3.52,0.306,0.0,34.12,1.94,0.71,240.6,89.85,105.97
3.58,0.308,0.0,34.68,1.94,0.74,240.1,89.85,106.78
3.64,0.31,0.0,35.24,1.95,0.76,240.5,89.84,107.62
3.68,0.311,0.0,35.61,1.95,0.78,240.7,89.84,108.19
3.72,0.313,0.0,35.98,1.95,0.8,240.6,89.83,108.76
3.78,0.315,0.0,36.54,1.95,0.82,240.4,89.83,109.63
3.84,0.317,0.0,37.1,1.95,0.85,240.9,89.82,110.49
3.88,0.319,0.0,37.48,1.95,0.86,240.4,89.82,111.08
3.92,0.32,0.0,37.85,1.95,0.88,241.1,89.82,111.67
3.98,0.322,0.0,38.41,1.95,0.91,240.1,89.81,112.55
4.04,0.325,0.0,38.98,1.95,0.94,240.4,89.81,113.45
4.08,0.326,0.0,39.35,1.95,0.95,240.7,89.8,114.04
4.12,0.328,0.0,39.73,1.96,0.97,241.3,89.8,114.64
4.18,0.33,0.0,40.29,1.96,1.0,240.3,89.79,115.54
4.24,0.333,0.0,40.86,1.96,1.03,241.0,89.79,116.45
4.28,0.334,0.0,41.24,1.96,1.05,240.8,89.78,117.06
4.34,0.337,0.0,41.81,1.96,1.08,240.4,89.78,117.97
4.38,0.339,0.0,42.18,1.96,1.1,240.6,89.77,118.57
4.42,0.34,0.0,42.56,1.96,1.12,240.6,89.77,119.19
4.48,0.343,0.0,43.13,1.96,1.15,240.6,89.76,120.1
4.52,0.345,0.0,43.51,1.96,1.17,241.2,89.76,120.71
4.58,0.347,0.0,44.08,1.97,1.2,240.4,89.75,121.63
4.64,0.35,0.0,44.65,1.97,1.23,240.5,89.74,122.54
4.68,0.352,0.0,45.03,1.97,1.26,240.9,89.74,123.15
4.74,0.354,0.0,45.61,1.97,1.29,241.3,89.73,124.06
4.78,0.356,0.0,45.99,1.97,1.31,240.9,89.73,124.67
4.84,0.359,0.0,46.56,1.97,1.34,240.4,89.72,125.58
4.88,0.361,0.0,46.94,1.97,1.37,240.7,89.71,126.18
4.94,0.364,0.0,47.52,1.97,1.4,241.2,89.7,127.07
4.98,0.366,0.0,47.9,1.97,1.42,240.7,89.7,127.66
5.04,0.368,0.0,48.48,1.97,1.46,240.7,89.69,128.55
5.08,0.37,0.0,48.86,1.98,1.48,241.2,89.68,129.13
5.14,0.373,0.0,49.44,1.98,1.52,240.7,89.68,130.01
5.18,0.375,0.0,49.82,1.98,1.54,240.6,89.67,130.59
5.22,0.377,0.0,50.21,1.98,1.56,241.2,89.66,131.17
5.28,0.38,0.0,50.78,1.98,1.6,240.8,89.65,132.03
5.34,0.383,0.0,51.36,1.98,1.64,241.3,89.65,132.88
5.38,0.386,0.0,51.75,1.98,1.66,241.0,89.64,133.44
5.44,0.389,0.0,52.33,1.98,1.7,241.0,89.63,134.28
5.5,0.392,0.0,52.91,1.98,1.74,240.8,89.62,135.11
5.54,0.394,0.0,53.3,1.98,1.76,240.9,89.61,135.65
5.58,0.396,0.0,53.69,1.99,1.79,240.5,89.61,136.19
5.64,0.399,0.001,54.27,1.99,1.83,240.8,89.6,137.0
5.7,0.403,0.001,54.85,1.99,1.87,241.2,89.59,137.78
5.74,0.405,0.001,55.24,1.99,1.89,241.3,89.58,138.3
5.78,0.407,0.001,55.63,1.99,1.92,241.4,89.57,138.83
5.84,0.41,0.001,56.22,1.99,1.96,241.3,89.56,139.59
5.9,0.414,0.001,56.8,1.99,2.0,241.3,89.55,140.35
5.94,0.416,0.001,57.2,1.99,2.03,241.1,89.54,140.85
6.0,0.42,0.001,57.78,2.0,2.07,241.1,89.53,141.59
6.04,0.422,0.001,58.17,2.0,2.1,241.1,89.52,142.07
6.08,0.424,0.001,58.57,2.0,2.13,241.2,89.51,142.54
6.14,0.428,0.001,59.16,2.0,2.17,241.6,89.5,143.25
6.2,0.431,0.001,59.75,2.0,2.21,240.8,89.49,143.95
6.24,0.434,0.001,60.14,2.0,2.24,240.7,89.48,144.4
6.3,0.437,0.001,60.73,2.0,2.29,241.3,89.47,145.08
6.34,0.44,0.001,61.12,2.0,2.32,240.7,89.46,145.52
6.4,0.443,0.001,61.72,2.0,2.36,241.7,89.45,146.17
6.44,0.446,0.001,62.11,2.0,2.39,241.3,89.44,146.6
6.5,0.45,0.001,62.71,2.01,2.44,241.1,89.42,147.24
6.54,0.452,0.001,63.1,2.01,2.47,241.3,89.42,147.65
6.6,0.456,0.001,63.7,2.01,2.52,241.4,89.4,148.26
6.64,0.459,0.001,64.09,2.01,2.55,241.6,89.39,148.67
6.7,0.462,0.001,64.69,2.01,2.59,240.9,89.38,149.26
6.74,0.465,0.001,65.09,2.01,2.63,241.0,89.37,149.64
6.8,0.469,0.001,65.69,2.01,2.67,241.8,89.36,150.21
6.86,0.473,0.001,66.28,2.01,2.72,241.0,89.34,150.77
6.9,0.476,0.001,66.68,2.01,2.75,241.5,89.33,151.14
6.96,0.48,0.001,67.28,2.02,2.8,241.8,89.32,151.67
7.0,0.482,0.001,67.68,2.02,2.84,241.2,89.31,152.02
7.06,0.486,0.001,68.28,2.02,2.89,241.8,89.3,152.54
7.1,0.489,0.001,68.68,2.02,2.92,241.2,89.29,152.88
7.14,0.492,0.001,69.09,2.02,2.95,241.5,89.28,153.21
7.2,0.496,0.001,69.69,2.02,3.0,242.0,89.26,153.7
7.24,0.499,0.001,70.09,2.02,3.04,241.9,89.25,154.02
7.3,0.503,0.001,70.7,2.02,3.09,242.0,89.24,154.49
7.34,0.506,0.001,71.1,2.02,3.13,241.6,89.23,154.8
7.4,0.51,0.001,71.71,2.03,3.18,241.8,89.21,155.25
7.44,0.513,0.001,72.11,2.03,3.21,241.0,89.2,155.54
7.5,0.518,0.001,72.72,2.03,3.27,241.2,89.19,155.97
7.56,0.522,0.001,73.32,2.03,3.32,241.5,89.18,156.39
7.6,0.525,0.001,73.73,2.03,3.36,242.1,89.17,156.66
7.66,0.529,0.002,74.34,2.03,3.41,241.5,89.15,157.06
7.7,0.532,0.002,74.74,2.03,3.45,241.5,89.14,157.32
7.76,0.537,0.002,75.35,2.03,3.5,241.4,89.13,157.71
7.8,0.54,0.002,75.76,2.03,3.54,241.4,89.12,157.95
7.84,0.543,0.002,76.17,2.04,3.58,242.0,89.11,158.2
7.9,0.547,0.002,76.78,2.04,3.63,242.0,89.1,158.55
7.94,0.551,0.002,77.19,2.04,3.67,242.2,89.09,158.79
8.0,0.555,0.002,77.8,2.04,3.73,241.6,89.07,159.13
8.06,0.56,0.002,78.42,2.04,3.79,241.2,89.06,159.45
8.12,0.565,0.002,79.03,2.04,3.85,241.7,89.04,159.77
8.16,0.568,0.002,79.44,2.04,3.88,242.0,89.03,159.98
8.22,0.573,0.002,80.06,2.04,3.94,241.6,89.02,160.28
8.26,0.576,0.002,80.47,2.04,3.98,241.9,89.01,160.47
8.32,0.581,0.002,81.09,2.05,4.04,242.2,89.0,160.76
8.36,0.584,0.002,81.5,2.05,4.08,241.6,88.99,160.94
8.4,0.587,0.002,81.91,2.05,4.12,241.7,88.98,161.12
8.46,0.592,0.002,82.53,2.05,4.18,242.4,88.97,161.38
8.52,0.597,0.002,83.15,2.05,4.25,242.2,88.95,161.64
8.56,0.6,0.002,83.56,2.05,4.29,241.6,88.95,161.8
8.62,0.605,0.002,84.19,2.05,4.35,242.5,88.93,162.04
8.66,0.609,0.002,84.6,2.05,4.39,241.8,88.93,162.19
8.72,0.614,0.003,85.22,2.05,4.45,242.2,88.91,162.41
8.76,0.617,0.003,85.64,2.06,4.5,241.8,88.91,162.55
8.82,0.623,0.003,86.26,2.06,4.56,242.0,88.89,162.75
8.86,0.626,0.003,86.68,2.06,4.6,242.2,88.89,162.89
8.92,0.631,0.003,87.31,2.06,4.67,242.8,88.87,163.08
8.96,0.635,0.003,87.73,2.06,4.71,242.4,88.87,163.2
9.0,0.638,0.003,88.15,2.06,4.75,242.6,88.86,163.32
9.06,0.644,0.003,88.77,2.06,4.82,241.8,88.85,163.49
9.12,0.649,0.003,89.4,2.07,4.89,242.3,88.84,163.65
9.16,0.652,0.003,89.82,2.07,4.93,241.7,88.83,163.75
9.22,0.658,0.003,90.45,2.07,5.0,242.6,88.82,163.9
9.26,0.662,0.003,90.87,2.07,5.04,242.6,88.81,163.99
9.32,0.667,0.003,91.5,2.07,5.11,242.0,88.8,164.12
9.36,0.671,0.003,91.93,2.07,5.15,242.2,88.79,164.21
9.42,0.676,0.003,92.56,2.07,5.22,242.6,88.78,164.33
9.46,0.68,0.004,92.98,2.07,5.27,242.5,88.78,164.41
9.52,0.686,0.004,93.62,2.07,5.34,242.2,88.77,164.51
9.56,0.689,0.004,94.04,2.07,5.38,242.0,88.76,164.58
9.62,0.695,0.004,94.67,2.08,5.45,242.6,88.75,164.68
9.66,0.699,0.004,95.1,2.08,5.5,242.3,88.75,164.74
9.72,0.705,0.004,95.73,2.08,5.57,242.8,88.74,164.82
9.78,0.71,0.004,96.37,2.08,5.64,242.6,88.73,164.9
9.82,0.714,0.004,96.8,2.08,5.69,242.2,88.72,164.96
9.86,0.718,0.004,97.22,2.08,5.74,242.2,88.71,165.0
9.92,0.724,0.004,97.86,2.08,5.81,242.9,88.71,165.07
9.98,0.73,0.004,98.51,2.08,5.88,242.8,88.7,165.13
10.02,0.734,0.004,98.93,2.09,5.93,242.5,88.69,165.17
10.08,0.74,0.005,99.58,2.09,6.01,242.6,88.68,165.22
10.12,0.744,0.005,100.01,2.09,6.06,243.1,88.68,165.25
10.16,0.748,0.005,100.44,2.09,6.11,243.2,88.67,165.28
10.22,0.754,0.005,101.08,2.09,6.18,243.2,88.66,165.32
10.26,0.758,0.005,101.51,2.09,6.23,242.4,88.66,165.35
10.32,0.764,0.005,102.16,2.09,6.31,243.3,88.65,165.38
10.36,0.768,0.005,102.59,2.09,6.36,242.4,88.64,165.4
10.42,0.774,0.005,103.23,2.1,6.43,243.0,88.63,165.43
10.46,0.778,0.005,103.67,2.1,6.48,243.3,88.63,165.45
10.52,0.785,0.005,104.32,2.1,6.56,243.2,88.62,165.47
10.56,0.789,0.005,104.75,2.1,6.61,243.4,88.61,165.48
10.62,0.795,0.006,105.4,2.1,6.69,242.7,88.6,165.51
10.68,0.801,0.006,106.05,2.1,6.77,243.3,88.59,165.53
10.72,0.806,0.006,106.49,2.1,6.82,243.2,88.59,165.54
10.78,0.812,0.006,107.14,2.11,6.9,243.5,88.58,165.55
10.82,0.816,0.006,107.58,2.11,6.96,243.1,88.57,165.56
10.88,0.823,0.006,108.23,2.11,7.04,243.7,88.56,165.58
10.92,0.827,0.006,108.67,2.11,7.09,243.1,88.56,165.59
10.98,0.834,0.006,109.33,2.11,7.17,243.4,88.55,165.61
11.02,0.838,0.006,109.76,2.11,7.22,242.7,88.54,165.62
11.08,0.845,0.007,110.42,2.11,7.31,243.6,88.53,165.63
11.12,0.849,0.007,110.86,2.11,7.36,243.4,88.52,165.65
11.16,0.854,0.007,111.3,2.12,7.42,242.7,88.52,165.66
11.22,0.86,0.007,111.96,2.12,7.5,243.3,88.51,165.67
11.28,0.867,0.007,112.62,2.12,7.58,243.6,88.5,165.7
11.32,0.872,0.007,113.06,2.12,7.64,243.1,88.49,165.71
11.38,0.878,0.007,113.72,2.12,7.72,243.1,88.48,165.73
11.42,0.883,0.007,114.16,2.12,7.78,243.7,88.47,165.75
11.48,0.89,0.008,114.83,2.12,7.86,243.8,88.46,165.77
11.52,0.894,0.008,115.27,2.12,7.92,243.6,88.45,165.8
11.58,0.901,0.008,115.93,2.13,8.0,243.8,88.44,165.83
11.62,0.906,0.008,116.38,2.13,8.06,243.9,88.43,165.85
11.68,0.913,0.008,117.04,2.13,8.15,243.6,88.42,165.89
11.72,0.918,0.008,117.49,2.13,8.21,243.7,88.41,165.92
11.78,0.925,0.008,118.16,2.13,8.29,244.1,88.4,165.96
11.82,0.93,0.009,118.6,2.13,8.35,243.8,88.39,165.99
11.88,0.937,0.009,119.28,2.13,8.44,244.2,88.38,166.03
11.94,0.944,0.009,119.95,2.14,8.53,243.2,88.37,166.09
11.98,0.949,0.009,120.39,2.14,8.59,243.7,88.36,166.13
12.02,0.954,0.009,120.84,2.14,8.65,244.2,88.35,166.16
12.08,0.961,0.009,121.51,2.14,8.74,243.8,88.34,166.22
12.12,0.966,0.009,121.96,2.14,8.8,243.9,88.33,166.26
12.18,0.973,0.01,122.64,2.14,8.89,244.4,88.32,166.3
12.24,0.98,0.01,123.31,2.14,8.98,244.0,88.31,166.34
12.28,0.985,0.01,123.76,2.14,9.04,243.5,88.31,166.36
12.32,0.99,0.01,124.21,2.14,9.1,243.9,88.31,166.37
12.38,0.998,0.01,124.89,2.15,9.19,243.9,88.31,166.4
12.42,1.003,0.01,125.34,2.15,9.25,244.4,88.31,166.4
12.48,1.01,0.011,126.02,2.15,9.34,244.5,88.31,166.41
12.54,1.018,0.011,126.7,2.15,9.44,244.4,88.32,166.42
12.58,1.023,0.011,127.16,2.15,9.5,244.0,88.32,166.42
12.64,1.031,0.011,127.84,2.15,9.59,244.2,88.33,166.42
12.68,1.036,0.011,128.29,2.15,9.66,244.0,88.34,166.41
12.74,1.043,0.011,128.98,2.16,9.75,244.3,88.35,166.39
12.78,1.049,0.012,129.44,2.16,9.82,244.9,88.36,166.38
12.84,1.056,0.012,130.12,2.16,9.91,244.7,88.37,166.36
12.88,1.062,0.012,130.58,2.16,9.97,243.9,88.38,166.35
12.92,1.067,0.012,131.04,2.16,10.04,244.7,88.39,166.34
12.98,1.075,0.012,131.73,2.16,10.14,245.0,88.41,166.31
13.04,1.083,0.013,132.42,2.17,10.23,244.7,88.43,166.29
13.1,1.091,0.013,133.1,2.17,10.33,244.4,88.44,166.26
13.14,1.096,0.013,133.57,2.17,10.4,244.6,88.45,166.24
13.2,1.104,0.013,134.26,2.17,10.49,244.5,88.47,166.21
13.24,1.109,0.013,134.72,2.17,10.56,244.7,88.48,166.2
13.28,1.115,0.013,135.18,2.17,10.63,245.2,88.5,166.18
13.34,1.123,0.014,135.87,2.17,10.73,245.1,88.51,166.15
13.38,1.128,0.014,136.34,2.17,10.79,245.0,88.53,166.14
13.44,1.137,0.014,137.03,2.18,10.89,244.7,88.54,166.12
13.48,1.142,0.014,137.49,2.18,10.96,244.9,88.55,166.11
13.54,1.15,0.014,138.19,2.18,11.06,244.5,88.57,166.09
13.58,1.156,0.015,138.65,2.18,11.13,244.8,88.58,166.09
13.64,1.164,0.015,139.35,2.18,11.23,244.8,88.59,166.09
13.68,1.17,0.015,139.82,2.18,11.3,244.7,88.6,166.09
13.74,1.178,0.015,140.52,2.18,11.4,244.7,88.6,166.1
13.78,1.184,0.015,140.98,2.18,11.47,244.4,88.61,166.11
13.84,1.192,0.016,141.68,2.19,11.57,245.0,88.62,166.13
13.9,1.201,0.016,142.39,2.19,11.68,244.7,88.62,166.17
13.94,1.207,0.016,142.85,2.19,11.75,245.0,88.62,166.19
14.0,1.215,0.016,143.56,2.19,11.85,244.5,88.62,166.24
14.04,1.221,0.017,144.03,2.19,11.92,244.7,88.62,166.28
14.08,1.227,0.017,144.5,2.19,11.99,244.6,88.62,166.32
14.14,1.235,0.017,145.2,2.19,12.09,245.4,88.62,166.39
14.2,1.244,0.017,145.91,2.2,12.2,244.4,88.61,166.47
14.24,1.25,0.017,146.38,2.2,12.27,245.1,88.6,166.52
14.3,1.259,0.018,147.09,2.2,12.38,245.2,88.59,166.61
14.34,1.265,0.018,147.56,2.2,12.45,244.7,88.58,166.68
14.4,1.274,0.018,148.27,2.2,12.56,245.1,88.57,166.79
14.44,1.28,0.018,148.74,2.2,12.63,245.1,88.56,166.86
14.5,1.288,0.018,149.45,2.2,12.74,244.8,88.54,166.97
14.54,1.294,0.019,149.92,2.2,12.81,244.8,88.53,167.04
14.6,1.303,0.019,150.63,2.2,12.92,245.4,88.5,167.15
14.64,1.31,0.019,151.11,2.21,12.99,245.3,88.49,167.23
14.7,1.319,0.019,151.82,2.21,13.1,245.2,88.47,167.34
14.76,1.328,0.02,152.54,2.21,13.21,245.4,88.44,167.46
14.8,1.334,0.02,153.02,2.21,13.28,245.8,88.42,167.54
14.84,1.34,0.02,153.5,2.21,13.36,245.4,88.4,167.62
14.9,1.349,0.02,154.21,2.21,13.47,245.5,88.38,167.74
14.94,1.355,0.02,154.69,2.21,13.54,245.2,88.36,167.81
15.0,1.365,0.021,155.41,2.22,13.65,245.4,88.33,167.92
15.04,1.371,0.021,155.89,2.22,13.73,245.3,88.31,167.99
15.1,1.38,0.021,156.61,2.22,13.84,245.3,88.28,168.1
15.14,1.387,0.021,157.09,2.22,13.92,245.7,88.26,168.16
15.2,1.396,0.022,157.81,2.22,14.03,246.1,88.23,168.26
15.26,1.406,0.022,158.54,2.22,14.14,245.6,88.2,168.36
15.3,1.412,0.022,159.02,2.22,14.22,246.4,88.18,168.42
15.34,1.418,0.022,159.5,2.23,14.3,246.1,88.16,168.48
15.4,1.428,0.023,160.23,2.23,14.41,246.2,88.13,168.56
15.46,1.438,0.023,160.96,2.23,14.53,245.4,88.1,168.65
15.5,1.444,0.023,161.44,2.23,14.6,246.1,88.09,168.7
15.56,1.454,0.024,162.17,2.23,14.72,245.6,88.06,168.78
15.6,1.46,0.024,162.66,2.24,14.8,246.1,88.05,168.82
15.66,1.47,0.024,163.39,2.24,14.91,246.2,88.02,168.89
15.7,1.476,0.024,163.88,2.24,14.99,246.7,88.01,168.93
15.76,1.486,0.025,164.61,2.24,15.11,246.5,87.99,169.0
15.8,1.493,0.025,165.1,2.24,15.19,246.8,87.98,169.03
15.86,1.503,0.025,165.84,2.24,15.31,246.9,87.96,169.09
15.9,1.51,0.025,166.33,2.24,15.39,246.7,87.95,169.12
15.96,1.52,0.026,167.07,2.25,15.5,247.0,87.94,169.18
16.0,1.526,0.026,167.56,2.25,15.58,246.9,87.93,169.21
16.06,1.536,0.026,168.3,2.25,15.7,246.6,87.92,169.26
16.1,1.543,0.026,168.79,2.25,15.79,247.1,87.91,169.29
16.16,1.553,0.027,169.53,2.25,15.91,246.7,87.9,169.33
16.2,1.56,0.027,170.03,2.26,15.99,247.0,87.9,169.36
16.26,1.57,0.027,170.77,2.26,16.11,247.2,87.9,169.4
16.3,1.577,0.028,171.27,2.26,16.19,247.3,87.89,169.42
16.36,1.587,0.028,172.01,2.26,16.31,247.1,87.89,169.46
16.4,1.594,0.028,172.51,2.26,16.39,247.0,87.89,169.49
16.46,1.605,0.029,173.25,2.26,16.52,246.8,87.89,169.53
16.5,1.612,0.029,173.75,2.26,16.6,247.1,87.89,169.55
16.56,1.622,0.029,174.5,2.26,16.72,247.1,87.89,169.58
16.6,1.629,0.029,175.0,2.27,16.8,246.8,87.9,169.6
16.66,1.64,0.03,175.75,2.27,16.93,246.8,87.9,169.63
16.7,1.647,0.03,176.25,2.27,17.01,247.5,87.9,169.66
16.76,1.657,0.03,177.0,2.27,17.14,247.2,87.91,169.7
16.8,1.664,0.031,177.5,2.27,17.22,247.4,87.91,169.72
16.86,1.675,0.031,178.25,2.27,17.35,247.2,87.91,169.76
16.92,1.686,0.031,179.01,2.28,17.47,246.7,87.92,169.8
16.96,1.693,0.032,179.51,2.28,17.56,247.2,87.92,169.82
17.02,1.704,0.032,180.27,2.28,17.69,247.1,87.92,169.86
17.06,1.711,0.032,180.77,2.28,17.77,246.9,87.92,169.89
17.12,1.722,0.033,181.52,2.28,17.9,247.5,87.93,169.93
17.16,1.729,0.033,182.03,2.28,17.98,247.6,87.93,169.95
17.2,1.736,0.033,182.53,2.28,18.07,247.0,87.93,169.98
17.26,1.747,0.034,183.29,2.28,18.2,248.0,87.93,170.03
17.32,1.758,0.034,184.05,2.29,18.33,247.2,87.93,170.08
17.36,1.766,0.034,184.56,2.29,18.41,247.3,87.92,170.11
17.4,1.773,0.035,185.07,2.29,18.5,247.5,87.92,170.14
17.46,1.784,0.035,185.83,2.29,18.63,247.9,87.92,170.19
17.52,1.795,0.035,186.6,2.29,18.76,247.6,87.91,170.24
17.56,1.803,0.036,187.11,2.29,18.85,247.9,87.91,170.27
17.62,1.814,0.036,187.88,2.3,18.98,247.8,87.9,170.32
17.66,1.822,0.036,188.39,2.3,19.07,247.7,87.89,170.35
17.72,1.833,0.037,189.16,2.3,19.2,248.4,87.88,170.41
17.76,1.84,0.037,189.67,2.3,19.29,247.5,87.87,170.44
17.82,1.852,0.038,190.44,2.3,19.42,248.5,87.86,170.49
17.86,1.859,0.038,190.95,2.3,19.51,247.6,87.85,170.53
17.92,1.871,0.038,191.72,2.31,19.64,248.2,87.83,170.58
17.96,1.879,0.039,192.24,2.31,19.73,248.5,87.82,170.61
18.02,1.89,0.039,193.01,2.31,19.87,248.4,87.8,170.67
18.06,1.898,0.039,193.53,2.31,19.96,248.7,87.79,170.7
18.12,1.91,0.04,194.31,2.31,20.09,248.1,87.77,170.75
18.18,1.921,0.04,195.09,2.31,20.23,248.6,87.74,170.79
18.22,1.929,0.04,195.6,2.32,20.32,247.9,87.73,170.83
18.26,1.937,0.041,196.12,2.32,20.41,248.2,87.71,170.87
18.32,1.949,0.041,196.9,2.32,20.54,248.6,87.68,170.93
18.38,1.961,0.042,197.69,2.32,20.68,249.1,87.64,170.99
18.42,1.968,0.042,198.21,2.32,20.77,248.9,87.62,171.03
18.46,1.976,0.042,198.73,2.32,20.86,248.4,87.6,171.07
18.52,1.988,0.043,199.51,2.33,21.0,248.4,87.56,171.14
18.56,1.996,0.043,200.04,2.33,21.1,248.8,87.53,171.18
18.62,2.008,0.044,200.82,2.33,21.23,249.1,87.49,171.24
18.66,2.016,0.044,201.35,2.33,21.33,249.0,87.46,171.28
18.72,2.028,0.044,202.14,2.33,21.47,249.3,87.42,171.33
18.76,2.037,0.045,202.66,2.33,21.56,249.0,87.4,171.37
18.82,2.049,0.045,203.45,2.34,21.7,249.1,87.36,171.43
18.88,2.061,0.046,204.24,2.34,21.84,249.0,87.32,171.48
18.92,2.069,0.046,204.77,2.34,21.94,248.6,87.29,171.51
18.98,2.081,0.047,205.56,2.34,22.08,249.4,87.26,171.56
19.02,2.09,0.047,206.09,2.34,22.17,249.0,87.23,171.59
19.08,2.102,0.047,206.88,2.34,22.31,248.8,87.2,171.64
19.12,2.11,0.048,207.41,2.34,22.41,248.7,87.18,171.67
19.18,2.123,0.048,208.21,2.35,22.55,249.2,87.16,171.71
19.22,2.131,0.049,208.74,2.35,22.65,248.9,87.14,171.74
19.28,2.144,0.049,209.54,2.35,22.79,249.5,87.12,171.78
19.32,2.152,0.049,210.07,2.35,22.89,248.9,87.11,171.8
19.38,2.165,0.05,210.87,2.35,23.03,249.4,87.09,171.83
19.42,2.173,0.05,211.4,2.35,23.13,249.8,87.08,171.86
19.48,2.186,0.051,212.2,2.35,23.27,249.2,87.07,171.89
19.52,2.194,0.051,212.74,2.36,23.37,249.2,87.07,171.91
19.58,2.207,0.052,213.54,2.36,23.52,249.7,87.06,171.95
19.62,2.216,0.052,214.08,2.36,23.61,249.9,87.06,171.97
19.68,2.229,0.053,214.88,2.36,23.76,249.9,87.06,172.0
19.72,2.237,0.053,215.42,2.36,23.86,250.2,87.06,172.02
19.78,2.25,0.054,216.22,2.37,24.01,250.0,87.06,172.05
19.82,2.259,0.054,216.76,2.37,24.11,249.7,87.07,172.07
19.88,2.272,0.055,217.57,2.37,24.25,249.7,87.07,172.1
19.92,2.281,0.055,218.11,2.37,24.35,250.1,87.08,172.13
19.98,2.294,0.056,218.92,2.37,24.5,250.3,87.09,172.15
20.02,2.302,0.056,219.46,2.37,24.6,249.6,87.09,172.17
20.08,2.316,0.057,220.27,2.37,24.75,250.2,87.1,172.19
20.12,2.324,0.057,220.81,2.37,24.85,250.3,87.11,172.22
20.18,2.338,0.058,221.62,2.37,25.0,249.8,87.11,172.25
20.22,2.347,0.058,222.16,2.37,25.1,250.6,87.12,172.27
20.28,2.36,0.059,222.97,2.38,25.25,249.8,87.13,172.3
20.34,2.373,0.059,223.78,2.38,25.4,250.7,87.13,172.33
20.38,2.382,0.06,224.32,2.38,25.5,250.3,87.13,172.36
20.42,2.391,0.06,224.86,2.38,25.6,249.9,87.13,172.37
20.48,2.405,0.061,225.68,2.38,25.75,250.1,87.13,172.42
20.52,2.414,0.061,226.22,2.38,25.85,250.6,87.13,172.43
20.58,2.427,0.062,227.03,2.38,26.0,250.2,87.13,172.46
20.64,2.441,0.063,227.84,2.38,26.15,250.6,87.12,172.49
20.68,2.45,0.063,228.39,2.38,26.25,250.7,87.12,172.51
20.74,2.464,0.064,229.2,2.38,26.4,250.3,87.1,172.55
20.78,2.473,0.064,229.74,2.38,26.5,250.3,87.09,172.57
20.82,2.482,0.065,230.28,2.38,26.6,250.6,87.09,172.58
20.88,2.496,0.065,231.09,2.38,26.75,251.1,87.07,172.62
20.94,2.51,0.066,231.91,2.38,26.9,251.2,87.05,172.64
20.98,2.519,0.066,232.45,2.38,27.01,250.4,87.03,172.67
21.04,2.533,0.067,233.26,2.38,27.16,250.6,87.01,172.69
21.08,2.542,0.068,233.8,2.38,27.26,250.4,87.0,172.71
21.14,2.557,0.068,234.61,2.38,27.41,250.7,86.97,172.74
21.18,2.566,0.069,235.15,2.38,27.51,250.8,86.95,172.76
21.24,2.58,0.069,235.96,2.38,27.66,251.4,86.93,172.78
21.28,2.589,0.07,236.5,2.38,27.76,250.8,86.91,172.79
21.34,2.604,0.071,237.32,2.38,27.91,251.2,86.88,172.81
21.38,2.613,0.071,237.86,2.38,28.01,251.5,86.87,172.82
21.44,2.627,0.072,238.67,2.38,28.16,251.0,86.84,172.84
21.48,2.637,0.072,239.2,2.38,28.26,251.0,86.82,172.86
21.54,2.651,0.073,240.01,2.38,28.42,250.9,86.8,172.88
21.58,2.661,0.073,240.55,2.38,28.52,252.0,86.78,172.88
21.64,2.675,0.074,241.36,2.37,28.67,251.8,86.76,172.91
21.68,2.685,0.075,241.9,2.37,28.77,251.6,86.74,172.91
21.74,2.7,0.075,242.71,2.37,28.92,251.2,86.73,172.93
21.78,2.709,0.076,243.24,2.37,29.02,251.4,86.71,172.94
21.84,2.724,0.077,244.05,2.37,29.17,251.7,86.7,172.96
21.88,2.734,0.077,244.59,2.37,29.27,252.3,86.69,172.97
21.94,2.748,0.078,245.39,2.37,29.42,251.8,86.68,172.99
21.98,2.758,0.078,245.93,2.37,29.52,251.9,86.67,173.0
22.04,2.773,0.079,246.74,2.37,29.67,252.1,86.66,173.02
22.08,2.783,0.08,247.27,2.37,29.77,251.7,86.66,173.03
22.14,2.798,0.081,248.07,2.37,29.92,251.8,86.65,173.05
22.16,2.803,0.081,248.34,2.37,29.97,252.3,86.65,173.06
22.18,2.808,0.081,248.61,2.37,30.02,252.3,86.65,173.06
22.24,2.823,0.082,249.41,2.36,30.16,252.5,86.65,173.08
22.3,2.838,0.083,250.21,2.36,30.31,252.5,86.65,173.1
22.34,2.848,0.083,250.74,2.36,30.41,252.9,86.65,173.12
22.4,2.863,0.084,251.54,2.36,30.56,252.0,86.65,173.14
22.44,2.873,0.085,252.07,2.36,30.66,252.6,86.65,173.15
22.5,2.888,0.085,252.87,2.36,30.81,252.2,86.65,173.17
22.56,2.903,0.086,253.66,2.35,30.95,252.9,86.65,173.19
22.6,2.913,0.087,254.19,2.35,31.05,253.2,86.65,173.21
22.64,2.923,0.087,254.72,2.35,31.15,252.8,86.65,173.22
22.7,2.939,0.088,255.51,2.35,31.3,252.3,86.65,173.25
22.74,2.949,0.089,256.04,2.35,31.39,252.5,86.65,173.26
22.8,2.964,0.09,256.83,2.35,31.54,253.2,86.65,173.28
22.84,2.974,0.09,257.35,2.34,31.64,252.8,86.65,173.3
22.88,2.985,0.091,257.88,2.34,31.73,252.6,86.64,173.31
22.96,3.005,0.092,258.93,2.34,31.93,253.2,86.64,173.34
23.0,3.016,0.093,259.45,2.34,32.02,253.3,86.63,173.35
23.04,3.026,0.093,259.97,2.34,32.12,252.8,86.63,173.37
23.1,3.042,0.094,260.75,2.33,32.26,253.5,86.62,173.38
23.16,3.057,0.095,261.54,2.33,32.4,253.6,86.61,173.4
23.2,3.068,0.095,262.06,2.33,32.5,253.7,86.6,173.41
23.26,3.084,0.096,262.84,2.33,32.64,252.9,86.59,173.43
23.3,3.094,0.097,263.35,2.33,32.74,253.6,86.58,173.44
23.36,3.11,0.098,264.13,2.32,32.88,253.6,86.56,173.46
23.4,3.12,0.098,264.65,2.32,32.97,252.9,86.55,173.47
23.46,3.136,0.099,265.42,2.32,33.11,253.7,86.53,173.48
23.48,3.142,0.1,265.68,2.32,33.16,254.0,86.53,173.48
23.54,3.158,0.101,266.45,2.32,33.3,254.1,86.51,173.5
23.58,3.168,0.101,266.96,2.31,33.39,253.7,86.5,173.5
23.64,3.184,0.102,267.73,2.31,33.53,253.8,86.48,173.51
23.7,3.2,0.103,268.5,2.31,33.67,253.2,86.46,173.52
23.76,3.216,0.104,269.26,2.31,33.81,253.8,86.44,173.53
23.8,3.227,0.105,269.77,2.3,33.9,254.2,86.43,173.54
23.84,3.238,0.105,270.28,2.3,33.99,254.0,86.42,173.55
23.9,3.254,0.106,271.04,2.3,34.13,254.2,86.4,173.55
23.96,3.27,0.107,271.8,2.3,34.26,254.0,86.39,173.56
24.0,3.281,0.108,272.3,2.29,34.35,253.8,86.38,173.57
24.06,3.298,0.109,273.06,2.29,34.49,253.6,86.36,173.57
24.1,3.309,0.11,273.56,2.29,34.58,254.3,86.36,173.58
24.14,3.32,0.11,274.06,2.29,34.67,254.0,86.35,173.58
24.2,3.336,0.111,274.81,2.28,34.8,253.7,86.34,173.59
24.26,3.352,0.112,275.57,2.28,34.93,254.4,86.33,173.6
24.3,3.363,0.113,276.06,2.28,35.02,254.2,86.32,173.6
24.34,3.375,0.113,276.56,2.28,35.11,253.9,86.32,173.61
24.4,3.391,0.115,277.31,2.27,35.24,254.0,86.31,173.62
24.44,3.402,0.115,277.81,2.27,35.33,255.0,86.31,173.63
24.5,3.419,0.116,278.55,2.27,35.46,254.2,86.31,173.64
24.54,3.43,0.117,279.04,2.27,35.54,254.1,86.31,173.65
24.62,3.452,0.118,280.03,2.26,35.72,254.3,86.3,173.66
24.66,3.464,0.119,280.52,2.26,35.8,254.5,86.3,173.67
24.7,3.475,0.12,281.01,2.26,35.89,254.4,86.3,173.68
24.76,3.492,0.121,281.75,2.26,36.01,255.3,86.3,173.69
24.82,3.508,0.122,282.48,2.25,36.14,255.0,86.29,173.71
24.86,3.52,0.122,282.97,2.25,36.23,254.9,86.29,173.72
24.9,3.531,0.123,283.46,2.25,36.31,255.2,86.29,173.73
24.96,3.548,0.124,284.19,2.25,36.43,255.2,86.28,173.74
25.02,3.565,0.125,284.92,2.24,36.56,255.2,86.28,173.76
25.06,3.577,0.126,285.41,2.24,36.64,255.4,86.27,173.77
25.1,3.588,0.127,285.9,2.24,36.72,255.4,86.27,173.78
25.16,3.605,0.128,286.62,2.24,36.85,255.7,86.26,173.8
25.22,3.622,0.129,287.35,2.24,36.97,255.7,86.25,173.81
25.26,3.634,0.13,287.83,2.24,37.05,255.4,86.25,173.82
25.32,3.651,0.131,288.55,2.23,37.17,254.9,86.24,173.83
25.36,3.663,0.131,289.03,2.23,37.25,255.3,86.23,173.84
25.4,3.674,0.132,289.51,2.23,37.34,255.5,86.22,173.85
25.46,3.691,0.133,290.23,2.22,37.46,255.4,86.21,173.86
25.52,3.709,0.134,290.94,2.22,37.57,255.7,86.2,173.87
25.56,3.721,0.135,291.42,2.22,37.65,255.6,86.19,173.88
25.6,3.732,0.136,291.9,2.22,37.73,255.2,86.18,173.88
25.66,3.75,0.137,292.61,2.22,37.85,256.0,86.16,173.89
25.72,3.767,0.138,293.32,2.21,37.97,255.9,86.15,173.9
25.76,3.779,0.139,293.79,2.21,38.04,256.3,86.14,173.9
25.82,3.797,0.14,294.5,2.21,38.16,255.6,86.13,173.91
25.86,3.808,0.141,294.98,2.21,38.24,256.4,86.12,173.91
25.9,3.82,0.142,295.45,2.21,38.31,256.3,86.11,173.91
25.96,3.838,0.143,296.16,2.2,38.43,255.6,86.1,173.92
26.02,3.856,0.144,296.86,2.2,38.54,255.9,86.08,173.92
26.06,3.867,0.145,297.33,2.2,38.62,256.5,86.08,173.93
26.12,3.885,0.146,298.04,2.2,38.73,256.3,86.07,173.93
26.16,3.897,0.147,298.5,2.2,38.81,256.5,86.06,173.94
26.22,3.915,0.148,299.2,2.2,38.92,256.6,86.05,173.94
26.28,3.933,0.149,299.91,2.19,39.03,256.7,86.04,173.95
26.32,3.945,0.15,300.37,2.19,39.11,256.5,86.04,173.95
26.36,3.957,0.151,300.84,2.19,39.18,256.6,86.03,173.96
26.42,3.975,0.152,301.54,2.19,39.29,256.3,86.03,173.96
26.48,3.993,0.153,302.23,2.19,39.4,256.0,86.02,173.97
26.52,4.005,0.154,302.7,2.19,39.47,256.8,86.02,173.98
26.58,4.023,0.155,303.39,2.18,39.58,256.4,86.01,173.99
26.62,4.035,0.156,303.86,2.18,39.65,256.2,86.01,174.0
26.66,4.048,0.157,304.32,2.18,39.73,257.2,86.01,174.0
26.72,4.066,0.158,305.02,2.18,39.83,256.3,86.0,174.01
26.76,4.078,0.159,305.48,2.18,39.9,256.9,86.0,174.02
26.8,4.096,0.16,306.18,2.18,40.01,257.0,85.99,174.04
26.88,4.115,0.161,306.87,2.18,40.12,256.8,85.99,174.05
26.92,4.127,0.162,307.34,2.18,40.19,257.5,85.98,174.06
26.98,4.145,0.164,308.03,2.18,40.29,256.6,85.97,174.07
27.02,4.158,0.164,308.49,2.18,40.37,257.7,85.97,174.08
27.06,4.17,0.165,308.96,2.18,40.44,257.8,85.96,174.09
27.12,4.189,0.167,309.65,2.18,40.54,256.9,85.95,174.1
27.18,4.207,0.168,310.34,2.18,40.65,257.4,85.94,174.12
27.22,4.219,0.169,310.8,2.18,40.72,257.1,85.94,174.13
27.26,4.232,0.17,311.27,2.18,40.78,258.0,85.93,174.13
27.32,4.251,0.171,311.96,2.18,40.89,257.9,85.92,174.15
27.36,4.263,0.172,312.42,2.18,40.96,257.7,85.91,174.15
27.42,4.282,0.173,313.12,2.18,41.06,257.3,85.9,174.16
27.48,4.301,0.174,313.81,2.17,41.16,257.9,85.89,174.17
27.52,4.313,0.175,314.28,2.18,41.23,258.3,85.88,174.18
27.56,4.326,0.176,314.74,2.18,41.3,257.9,85.87,174.18
27.62,4.344,0.177,315.43,2.18,41.4,257.6,85.86,174.19
27.68,4.363,0.179,316.12,2.18,41.5,257.9,85.85,174.2
27.72,4.376,0.18,316.59,2.18,41.57,257.8,85.84,174.2
27.76,4.389,0.181,317.05,2.18,41.64,257.8,85.83,174.21
27.82,4.408,0.182,317.75,2.18,41.74,257.8,85.82,174.22
27.88,4.427,0.183,318.44,2.18,41.84,257.6,85.81,174.22
27.92,4.439,0.184,318.91,2.18,41.91,258.0,85.8,174.23
27.98,4.459,0.186,319.6,2.18,42.01,257.6,85.79,174.23
28.02,4.471,0.186,320.07,2.18,42.08,258.7,85.79,174.24
28.08,4.49,0.188,320.77,2.18,42.18,258.3,85.78,174.25
28.14,4.51,0.189,321.47,2.18,42.28,258.6,85.77,174.26
28.18,4.523,0.19,321.93,2.18,42.34,257.9,85.76,174.26
28.22,4.535,0.191,322.4,2.18,42.41,258.4,85.76,174.27
28.28,4.555,0.193,323.1,2.18,42.51,257.8,85.75,174.28
28.34,4.574,0.194,323.8,2.18,42.61,258.8,85.75,174.29
28.38,4.587,0.195,324.27,2.19,42.67,258.6,85.74,174.3
28.44,4.606,0.196,324.97,2.19,42.77,258.8,85.73,174.31
28.48,4.619,0.197,325.44,2.19,42.84,258.3,85.73,174.32
28.52,4.632,0.198,325.9,2.19,42.91,258.4,85.72,174.33
28.58,4.652,0.2,326.61,2.19,43.0,258.8,85.72,174.34
28.58,4.658,0.2,326.84,2.19,43.04,258.3,85.71,174.34
28.66,4.678,0.202,327.55,2.19,43.13,259.1,85.71,174.36
28.72,4.698,0.203,328.25,2.19,43.23,258.9,85.7,174.37
28.76,4.711,0.204,328.72,2.19,43.3,258.7,85.69,174.38
28.82,4.73,0.205,329.42,2.19,43.4,258.7,85.68,174.39
28.86,4.744,0.206,329.89,2.19,43.46,258.6,85.68,174.4
28.9,4.757,0.207,330.36,2.19,43.52,258.5,85.67,174.4
28.96,4.777,0.209,331.07,2.19,43.62,259.0,85.66,174.41
29.0,4.79,0.21,331.54,2.19,43.69,258.9,85.65,174.42
29.08,4.816,0.212,332.49,2.2,43.81,259.4,85.63,174.43
29.12,4.83,0.213,332.96,2.2,43.88,259.8,85.63,174.44
29.16,4.843,0.214,333.43,2.2,43.94,258.9,85.62,174.44
29.22,4.863,0.215,334.14,2.2,44.04,259.5,85.61,174.45
29.26,4.876,0.216,334.62,2.2,44.1,259.7,85.6,174.45
29.32,4.896,0.218,335.33,2.2,44.2,259.4,85.59,174.46
29.36,4.91,0.219,335.8,2.2,44.26,259.5,85.58,174.47
29.42,4.93,0.22,336.51,2.2,44.36,259.3,85.57,174.47
29.46,4.943,0.221,336.99,2.2,44.42,259.6,85.57,174.47
29.52,4.963,0.223,337.71,2.21,44.52,260.4,85.56,174.47
29.56,4.977,0.224,338.18,2.21,44.58,259.8,85.55,174.47
29.62,4.997,0.226,338.9,2.21,44.67,260.1,85.54,174.47
29.68,5.017,0.227,339.61,2.21,44.77,259.6,85.53,174.47
29.72,5.031,0.228,340.09,2.21,44.83,260.5,85.53,174.48
29.78,5.051,0.23,340.81,2.21,44.93,260.8,85.52,174.48
29.82,5.065,0.231,341.29,2.21,44.99,260.6,85.52,174.49
29.88,5.085,0.232,342.01,2.22,45.08,260.5,85.51,174.5
29.92,5.099,0.233,342.49,2.22,45.15,260.9,85.5,174.51
29.98,5.12,0.235,343.22,2.22,45.24,260.7,85.49,174.53
30.04,5.14,0.237,343.93,2.22,45.33,260.1,85.49,174.55
30.08,5.154,0.238,344.41,2.22,45.4,260.7,85.48,174.56
30.12,5.168,0.239,344.89,2.22,45.46,259.9,85.48,174.57
30.18,5.188,0.24,345.62,2.22,45.55,260.8,85.47,174.59
30.24,5.209,0.242,346.34,2.22,45.64,260.9,85.46,174.61
30.28,5.223,0.243,346.82,2.22,45.7,260.5,85.45,174.62
30.32,5.237,0.244,347.3,2.22,45.77,260.2,85.44,174.64
30.38,5.257,0.246,348.03,2.22,45.86,261.3,85.43,174.65
30.42,5.271,0.247,348.51,2.22,45.92,261.1,85.43,174.66
30.48,5.292,0.248,349.24,2.23,46.01,260.2,85.42,174.67
30.54,5.313,0.25,349.97,2.23,46.1,261.3,85.41,174.68
30.58,5.327,0.251,350.45,2.23,46.16,260.8,85.4,174.68
30.62,5.341,0.252,350.94,2.23,46.22,261.1,85.39,174.68
30.68,5.362,0.254,351.66,2.23,46.31,260.5,85.38,174.69
30.72,5.376,0.256,352.15,2.23,46.37,261.4,85.37,174.69
30.78,5.397,0.257,352.87,2.23,46.46,261.0,85.36,174.69
30.82,5.411,0.259,353.36,2.23,46.52,261.7,85.36,174.69
30.88,5.433,0.261,354.09,2.23,46.64,261.3,85.35,174.69
30.94,5.454,0.262,354.82,2.23,46.7,261.4,85.34,174.69
31.0,5.475,0.264,355.56,2.24,46.79,261.4,85.33,174.69
31.06,5.496,0.265,356.29,2.24,46.88,261.2,85.32,174.7
31.1,5.51,0.266,356.77,2.24,46.93,260.9,85.32,174.7
31.14,5.525,0.268,357.26,2.24,46.99,261.3,85.31,174.71
31.2,5.546,0.269,358.0,2.24,47.08,261.9,85.3,174.72
31.26,5.568,0.272,358.73,2.24,47.17,261.5,85.29,174.73
31.32,5.589,0.273,359.47,2.24,47.26,262.0,85.28,174.74
31.36,5.603,0.274,359.96,2.24,47.31,261.5,85.28,174.75
31.42,5.625,0.276,360.7,2.24,47.4,261.8,85.27,174.77
31.46,5.639,0.278,361.19,2.25,47.49,262.2,85.26,174.78
31.52,5.661,0.279,361.93,2.25,47.54,261.4,85.26,174.8
31.56,5.675,0.28,362.42,2.25,47.6,261.8,85.25,174.81
31.62,5.697,0.282,363.17,2.25,47.69,262.2,85.24,174.82
31.66,5.712,0.283,363.66,2.25,47.75,261.6,85.23,174.83
31.72,5.733,0.285,364.4,2.25,47.83,262.6,85.22,174.84
31.78,5.755,0.288,365.39,2.26,47.94,261.9,85.21,174.85
31.86,5.784,0.29,366.14,2.26,48.06,262.7,85.19,174.86
31.94,5.814,0.291,367.14,2.26,48.14,262.7,85.18,174.87
31.98,5.836,0.293,367.88,2.26,48.23,262.8,85.18,174.87
32.04,5.85,0.294,368.38,2.26,48.31,262.9,85.17,174.87
32.1,5.872,0.296,369.13,2.26,48.37,262.8,85.16,174.88
32.14,5.887,0.297,369.63,2.26,48.42,263.1,85.15,174.88
32.2,5.909,0.299,370.38,2.27,48.51,263.2,85.14,174.88
32.24,5.924,0.301,370.88,2.27,48.56,263.2,85.14,174.88
32.3,5.946,0.302,371.63,2.27,48.64,263.6,85.13,174.89
32.34,5.961,0.304,372.14,2.27,48.7,263.3,85.12,174.89
32.4,5.983,0.306,372.89,2.27,48.78,263.7,85.12,174.9
32.44,5.998,0.307,373.39,2.27,48.84,263.2,85.11,174.91
32.5,6.02,0.309,374.15,2.27,48.92,263.4,85.1,174.92
32.54,6.035,0.31,374.65,2.27,48.97,263.0,85.1,174.93
32.6,6.058,0.312,375.4,2.28,49.05,263.6,85.09,174.94
32.64,6.073,0.313,375.91,2.28,49.11,263.3,85.08,174.95
32.7,6.095,0.315,376.66,2.28,49.19,263.4,85.07,174.97
32.74,6.11,0.316,377.17,2.28,49.24,263.1,85.06,174.98
32.8,6.133,0.318,377.92,2.28,49.32,263.4,85.05,174.99
32.84,6.148,0.32,378.43,2.28,49.38,264.1,85.04,175.0
32.9,6.171,0.322,379.19,2.28,49.45,263.8,85.03,175.02
32.94,6.193,0.324,379.95,2.28,49.53,263.9,85.02,175.03
33.0,6.209,0.325,380.45,2.28,49.59,264.0,85.01,175.04
33.04,6.224,0.327,381.21,2.28,49.66,264.0,85.0,175.05
33.1,6.246,0.328,381.71,2.28,49.74,264.0,84.99,175.05
33.16,6.269,0.33,382.47,2.28,49.79,263.9,84.98,175.06
33.2,6.285,0.332,383.23,2.28,49.87,264.3,84.98,175.07
33.26,6.308,0.333,383.74,2.28,49.92,263.6,84.97,175.07
33.3,6.323,0.335,384.25,2.28,49.97,264.0,84.96,175.08
33.36,6.346,0.337,385.01,2.28,50.05,263.9,84.96,175.08
33.4,6.361,0.338,385.51,2.29,50.1,263.8,84.95,175.08
33.46,6.384,0.34,386.27,2.29,50.17,264.3,84.94,175.09
33.52,6.407,0.342,387.03,2.29,50.24,263.9,84.93,175.09
33.58,6.431,0.345,387.8,2.29,50.34,264.5,84.92,175.1
33.64,6.454,0.346,388.56,2.29,50.42,264.7,84.91,175.11
33.68,6.469,0.348,389.07,2.29,50.44,264.2,84.91,175.11
33.72,6.485,0.349,389.58,2.29,50.49,264.3,84.9,175.12
33.78,6.508,0.351,390.34,2.29,50.56,264.6,84.89,175.13
33.84,6.531,0.353,391.1,2.29,50.63,264.6,84.88,175.14
33.88,6.547,0.354,391.61,2.29,50.68,264.4,84.88,175.14
33.94,6.57,0.356,392.38,2.29,50.75,264.7,84.87,175.16
33.98,6.586,0.358,392.89,2.29,50.8,264.3,84.86,175.16
34.02,6.61,0.36,393.65,2.29,50.87,264.4,84.85,175.18
34.08,6.625,0.361,394.16,2.29,50.91,265.1,84.85,175.18
34.12,6.641,0.363,394.67,2.29,50.96,265.1,84.84,175.19
34.18,6.665,0.365,395.44,2.29,51.03,264.2,84.83,175.2
34.24,6.688,0.367,396.21,2.29,51.1,264.4,84.81,175.21
34.28,6.704,0.369,396.72,2.3,51.14,264.6,84.81,175.22
34.32,6.72,0.371,397.48,2.3,51.21,265.1,84.8,175.23
34.4,6.752,0.373,398.25,2.3,51.28,264.9,84.79,175.23
34.44,6.768,0.375,399.02,2.3,51.34,265.2,84.78,175.24
34.5,6.791,0.377,399.53,2.3,51.39,265.2,84.77,175.25
34.56,6.815,0.378,400.3,2.3,51.45,265.0,84.76,175.25
34.6,6.831,0.38,400.81,2.3,51.49,265.4,84.76,175.26
34.66,6.855,0.382,401.58,2.3,51.56,264.9,84.75,175.26
34.7,6.871,0.384,402.1,2.3,51.6,265.5,84.74,175.27
34.76,6.895,0.386,402.87,2.3,51.67,264.9,84.73,175.27
34.8,6.911,0.387,403.38,2.3,51.71,264.9,84.73,175.28
34.86,6.935,0.389,404.15,2.3,51.77,265.3,84.72,175.28
34.92,6.96,0.392,404.92,2.3,51.83,265.1,84.71,175.29
34.96,6.976,0.393,405.44,2.3,51.87,265.0,84.7,175.3
35.02,7.0,0.396,406.21,2.3,51.95,265.7,84.69,175.31
35.08,7.024,0.398,406.98,2.3,52.0,265.2,84.68,175.32
35.12,7.041,0.399,407.5,2.3,52.04,265.3,84.68,175.32
35.18,7.065,0.401,408.27,2.31,52.09,265.2,84.67,175.34
35.24,7.089,0.404,409.04,2.31,52.15,265.2,84.66,175.35
35.3,7.114,0.406,409.82,2.31,52.23,265.9,84.65,175.36
35.36,7.138,0.408,410.6,2.31,52.27,266.2,84.64,175.36
35.4,7.155,0.41,411.12,2.31,52.31,265.7,84.63,175.37
35.46,7.179,0.412,411.9,2.31,52.36,266.2,84.62,175.38
35.5,7.196,0.413,412.42,2.31,52.4,266.2,84.61,175.39
35.56,7.22,0.416,413.2,2.32,52.45,266.5,84.61,175.39
35.6,7.237,0.417,413.72,2.32,52.49,265.7,84.6,175.4
35.66,7.262,0.42,414.5,2.32,52.54,266.8,84.59,175.41
35.7,7.278,0.421,415.03,2.32,52.58,266.0,84.58,175.41
35.76,7.303,0.423,415.81,2.32,52.63,266.6,84.58,175.42
35.8,7.32,0.425,416.33,2.32,52.67,266.1,84.57,175.42
35.86,7.344,0.427,417.12,2.32,52.72,266.6,84.56,175.43
35.9,7.361,0.429,417.64,2.32,52.75,266.3,84.55,175.43
35.96,7.386,0.431,418.43,2.33,52.8,266.7,84.54,175.44
36.0,7.403,0.433,418.95,2.33,52.84,266.6,84.54,175.44
36.06,7.428,0.435,419.74,2.33,52.88,266.4,84.53,175.45
36.1,7.445,0.437,420.26,2.33,52.93,266.5,84.52,175.46
36.16,7.47,0.439,421.05,2.33,52.98,267.3,84.51,175.46
36.22,7.503,0.442,422.11,2.33,53.03,266.6,84.5,175.48
36.3,7.529,0.446,422.9,2.33,53.09,266.7,84.49,175.49
36.36,7.554,0.447,423.69,2.34,53.12,266.7,84.48,175.49
36.4,7.571,0.449,424.22,2.34,53.15,267.4,84.48,175.5
36.46,7.596,0.452,425.28,2.34,53.2,267.5,84.46,175.51
36.52,7.621,0.454,425.81,2.34,53.23,266.9,84.46,175.52
36.58,7.647,0.456,426.6,2.34,53.27,268.0,84.45,175.53
36.64,7.672,0.459,427.4,2.34,53.32,267.4,84.44,175.53
36.68,7.689,0.461,427.93,2.34,53.34,267.9,84.43,175.54
36.74,7.715,0.463,428.73,2.35,53.38,268.1,84.42,175.55
36.8,7.741,0.465,429.54,2.35,53.42,268.1,84.41,175.56
36.84,7.758,0.467,430.07,2.35,53.45,267.4,84.4,175.56
36.88,7.775,0.469,430.88,2.35,53.49,268.2,84.4,175.56
36.94,7.801,0.471,431.41,2.35,53.51,268.0,84.39,175.57
36.98,7.818,0.473,431.95,2.36,53.54,267.5,84.38,175.58
37.04,7.844,0.475,432.75,2.36,53.57,267.7,84.38,175.58
37.08,7.861,0.477,433.29,2.36,53.6,267.3,84.37,175.59
37.14,7.887,0.479,434.09,2.36,53.63,267.9,84.36,175.6
37.2,7.913,0.482,434.9,2.36,53.67,267.8,84.35,175.61
37.24,7.93,0.484,435.44,2.36,53.69,267.8,84.34,175.61
37.3,7.956,0.486,436.25,2.36,53.72,268.0,84.33,175.62
37.34,7.974,0.488,436.79,2.37,53.74,267.9,84.33,175.63
37.38,7.991,0.49,437.34,2.37,53.76,267.6,84.32,175.63
37.44,8.017,0.492,438.15,2.37,53.8,268.2,84.31,175.64
37.5,8.043,0.495,438.96,2.37,53.83,268.0,84.3,175.65
37.56,8.07,0.497,439.78,2.37,53.86,268.5,84.29,175.66
37.6,8.096,0.5,440.6,2.38,53.88,268.0,84.28,175.66
37.66,8.113,0.502,441.15,2.38,53.9,267.8,84.27,175.67
37.72,8.14,0.504,441.97,2.38,53.93,269.0,84.26,175.68
37.76,8.157,0.506,442.52,2.38,53.95,269.0,84.26,175.68
37.8,8.175,0.508,443.07,2.39,53.97,268.5,84.25,175.69
37.86,8.201,0.51,443.89,2.39,53.99,269.0,84.25,175.69
37.92,8.228,0.512,444.72,2.39,54.02,269.1,84.24,175.7
37.96,8.246,0.514,445.27,2.39,54.03,268.9,84.23,175.7
38.0,8.263,0.516,445.83,2.39,54.05,268.3,84.22,175.71
38.06,8.29,0.518,446.66,2.4,54.07,269.4,84.21,175.72
38.12,8.317,0.521,447.49,2.4,54.1,269.5,84.2,175.72
38.16,8.335,0.523,448.05,2.4,54.11,269.4,84.2,175.73
38.2,8.353,0.525,448.6,2.4,54.13,268.8,84.19,175.73
38.26,8.379,0.527,449.44,2.41,54.15,269.1,84.18,175.74
38.32,8.406,0.53,450.27,2.41,54.17,269.0,84.17,175.75
38.36,8.424,0.532,450.83,2.41,54.18,269.4,84.17,175.75
38.42,8.451,0.535,451.67,2.41,54.2,269.7,84.16,175.76
38.46,8.469,0.537,452.23,2.41,54.21,269.6,84.15,175.77
38.52,8.496,0.539,453.08,2.42,54.23,269.7,84.14,175.77
38.58,8.523,0.542,453.92,2.42,54.24,268.7,84.13,175.78
38.62,8.541,0.544,454.48,2.42,54.25,269.4,84.13,175.79
38.66,8.559,0.546,455.04,2.42,54.26,269.8,84.12,175.79
38.72,8.587,0.548,455.89,2.42,54.28,269.3,84.11,175.8
38.78,8.614,0.551,456.73,2.43,54.29,269.1,84.1,175.81
38.82,8.632,0.553,457.3,2.43,54.3,269.6,84.1,175.81
38.86,8.65,0.555,457.87,2.43,54.31,269.6,84.09,175.82
38.92,8.678,0.558,458.72,2.43,54.32,270.0,84.08,175.82
38.96,8.696,0.56,459.29,2.43,54.33,269.7,84.07,175.83
39.0,8.714,0.562,459.86,2.43,54.33,269.7,84.07,175.83
39.06,8.742,0.564,460.71,2.44,54.34,270.3,84.06,175.84
39.1,8.76,0.566,461.28,2.44,54.35,269.5,84.05,175.84
39.16,8.788,0.569,462.14,2.44,54.36,270.2,84.04,175.85
39.22,8.815,0.572,463.0,2.44,54.37,269.3,84.03,175.86
39.28,8.843,0.575,463.86,2.45,54.37,269.5,84.02,175.87
39.32,8.861,0.577,464.43,2.45,54.38,270.5,84.02,175.87
39.38,8.889,0.58,465.29,2.45,54.38,270.0,84.01,175.88
39.42,8.908,0.582,465.87,2.45,54.38,270.7,84.0,175.88
39.48,8.935,0.584,466.74,2.46,54.39,270.1,83.99,175.89
39.52,8.954,0.586,467.32,2.46,54.39,270.3,83.99,175.9
39.58,8.982,0.589,468.18,2.46,54.39,270.3,83.98,175.9
39.62,9.001,0.591,468.76,2.46,54.39,269.9,83.97,175.91
39.68,9.029,0.594,469.63,2.46,54.4,270.6,83.96,175.92
39.72,9.047,0.596,470.21,2.47,54.4,270.1,83.95,175.92
39.78,9.075,0.599,471.09,2.47,54.4,270.1,83.95,175.93
39.82,9.094,0.601,471.67,2.47,54.39,270.4,83.94,175.93
39.88,9.122,0.604,472.55,2.47,54.39,270.2,83.93,175.94
39.92,9.141,0.606,473.13,2.47,54.39,270.2,83.92,175.94
39.98,9.169,0.609,474.01,2.48,54.39,270.5,83.91,175.95
40.04,9.198,0.612,474.9,2.48,54.38,271.2,83.9,175.96
40.08,9.217,0.614,475.49,2.48,54.38,271.2,83.9,175.96
40.12,9.235,0.616,476.08,2.49,54.38,270.8,83.89,175.97
40.18,9.264,0.619,476.97,2.49,54.37,271.3,83.88,175.98
40.24,9.292,0.622,477.86,2.49,54.37,271.6,83.87,175.98
40.28,9.311,0.624,478.45,2.5,54.36,271.0,83.87,175.99
40.32,9.331,0.626,479.05,2.5,54.36,271.6,83.86,175.99
40.38,9.359,0.629,479.94,2.5,54.35,270.8,83.85,176.0
40.42,9.378,0.631,480.54,2.51,54.35,271.1,83.84,176.0
40.48,9.407,0.634,481.44,2.51,54.34,271.8,83.83,176.01
40.54,9.436,0.637,482.34,2.51,54.33,270.9,83.82,176.02
40.58,9.455,0.639,482.94,2.51,54.32,271.5,83.82,176.03
40.64,9.484,0.642,483.84,2.52,54.31,272.0,83.81,176.03
40.68,9.503,0.644,484.44,2.52,54.3,271.7,83.8,176.04
40.72,9.522,0.646,485.04,2.52,54.29,271.2,83.8,176.04
40.78,9.551,0.65,485.95,2.52,54.28,271.9,83.79,176.05
40.84,9.58,0.653,486.86,2.53,54.27,271.9,83.78,176.06
40.88,9.6,0.655,487.47,2.53,54.26,272.2,83.77,176.06
40.94,9.629,0.659,488.38,2.53,54.24,271.7,83.76,176.07
40.98,9.648,0.661,488.99,2.53,54.23,272.0,83.76,176.07
41.04,9.677,0.664,489.9,2.54,54.22,271.9,83.75,176.08
41.08,9.697,0.666,490.51,2.54,54.2,272.3,83.74,176.08
41.12,9.716,0.669,491.13,2.54,54.19,272.4,83.74,176.09
41.18,9.746,0.672,492.04,2.55,54.17,271.6,83.72,176.09
41.24,9.775,0.675,492.97,2.55,54.15,272.7,83.72,176.1
41.28,9.795,0.677,493.59,2.55,54.14,272.6,83.71,176.11
41.34,9.824,0.68,494.51,2.55,54.12,272.3,83.7,176.11
41.38,9.844,0.682,495.13,2.56,54.11,272.8,83.69,176.12
41.44,9.873,0.686,496.05,2.56,54.09,272.4,83.68,176.12
41.5,9.903,0.689,496.98,2.56,54.06,272.0,83.67,176.13
41.54,9.923,0.691,497.6,2.56,54.05,272.2,83.67,176.14
41.6,9.953,0.694,498.53,2.57,54.02,272.5,83.66,176.14
41.64,9.972,0.697,499.16,2.57,54.01,272.8,83.65,176.15
41.68,9.992,0.699,499.78,2.57,53.99,272.6,83.65,176.15
41.74,10.022,0.702,500.71,2.57,53.97,272.5,83.64,176.16
41.78,10.042,0.704,501.34,2.57,53.95,272.0,83.63,176.17
41.84,10.072,0.708,502.28,2.58,53.92,272.6,83.62,176.17
41.88,10.092,0.711,503.22,2.58,53.89,271.8,83.61,176.18
41.94,10.122,0.713,503.84,2.58,53.88,272.2,83.61,176.19
41.98,10.142,0.715,504.47,2.59,53.86,272.2,83.6,176.19
42.04,10.172,0.719,505.41,2.59,53.83,272.8,83.59,176.2
42.1,10.202,0.722,506.36,2.59,53.8,272.4,83.58,176.2
42.14,10.223,0.724,507.0,2.59,53.77,272.6,83.58,176.21
42.2,10.253,0.728,507.95,2.6,53.73,273.0,83.56,176.21
42.24,10.273,0.73,508.58,2.6,53.72,272.5,83.56,176.22
42.3,10.303,0.733,509.53,2.6,53.69,273.0,83.55,176.22
42.34,10.324,0.736,510.17,2.61,53.67,272.4,83.54,176.23
42.4,10.354,0.739,511.13,2.61,53.63,273.1,83.54,176.23
42.44,10.374,0.741,511.77,2.61,53.61,273.2,83.53,176.24
42.48,10.395,0.744,512.41,2.61,53.59,273.3,83.52,176.24
42.54,10.425,0.747,513.37,2.62,53.55,272.8,83.51,176.25
42.6,10.456,0.75,514.34,2.62,53.51,273.5,83.51,176.25
42.64,10.476,0.753,514.98,2.62,53.49,272.7,83.5,176.26
42.7,10.507,0.756,515.95,2.63,53.45,273.5,83.49,176.26
42.74,10.528,0.759,516.59,2.63,53.43,273.3,83.48,176.27
42.8,10.559,0.762,517.57,2.63,53.39,273.0,83.47,176.28
42.86,10.589,0.766,518.54,2.63,53.35,273.8,83.46,176.28
42.9,10.61,0.768,519.19,2.64,53.32,273.4,83.46,176.29
42.94,10.631,0.77,519.84,2.64,53.29,273.5,83.45,176.29
43.0,10.662,0.774,520.82,2.64,53.25,272.8,83.44,176.3
43.04,10.683,0.776,521.47,2.64,53.22,273.5,83.44,176.31
43.1,10.714,0.78,522.45,2.65,53.18,273.1,83.43,176.31
43.14,10.734,0.782,523.11,2.65,53.15,274.2,83.42,176.32
43.2,10.766,0.784,524.1,2.66,53.11,273.3,83.41,176.32
43.26,10.797,0.788,525.09,2.66,53.06,273.7,83.41,176.32
43.3,10.818,0.79,525.75,2.66,53.03,273.8,83.4,176.33
43.34,10.839,0.793,526.41,2.66,53.0,273.6,83.4,176.33
43.4,10.87,0.796,527.41,2.67,52.96,274.0,83.39,176.34
43.46,10.902,0.8,528.4,2.67,52.91,273.4,83.38,176.34
43.5,10.923,0.802,529.06,2.68,52.88,274.3,83.37,176.35
43.56,10.954,0.806,530.06,2.68,52.83,273.9,83.36,176.35
43.6,10.975,0.808,530.73,2.68,52.8,273.8,83.36,176.36
43.64,10.996,0.811,531.4,2.68,52.77,273.8,83.35,176.36
43.7,11.028,0.815,532.4,2.69,52.72,273.9,83.34,176.37
43.76,11.06,0.818,533.41,2.69,52.67,274.6,83.33,176.38
43.8,11.081,0.821,534.08,2.69,52.64,274.2,83.32,176.38
43.84,11.102,0.823,534.76,2.7,52.6,274.4,83.32,176.38
43.9,11.134,0.827,535.77,2.7,52.55,274.8,83.31,176.39
43.96,11.166,0.831,536.79,2.7,52.5,274.1,83.3,176.4
44.0,11.188,0.833,537.46,2.71,52.47,273.7,83.29,176.4
44.06,11.22,0.837,538.48,2.71,52.41,274.1,83.29,176.41
44.1,11.241,0.839,539.16,2.71,52.38,274.8,83.28,176.41
44.16,11.273,0.843,540.18,2.72,52.32,274.5,83.27,176.42
44.2,11.295,0.845,540.86,2.72,52.29,273.8,83.27,176.42
44.26,11.327,0.849,541.89,2.72,52.23,274.9,83.26,176.43
44.3,11.349,0.852,542.58,2.72,52.19,274.3,83.25,176.43
44.36,11.381,0.856,543.6,2.73,52.14,274.3,83.24,176.43
44.4,11.403,0.858,544.29,2.73,52.1,275.0,83.24,176.44
44.46,11.435,0.862,545.33,2.74,52.04,274.7,83.23,176.44
44.5,11.457,0.864,546.02,2.74,52.01,274.1,83.22,176.45
44.56,11.489,0.868,547.05,2.74,51.95,275.1,83.21,176.46
44.6,11.511,0.871,547.75,2.74,51.91,274.8,83.21,176.46
44.64,11.533,0.873,548.44,2.75,51.87,274.1,83.2,176.46
44.7,11.566,0.877,549.48,2.75,51.81,274.4,83.19,176.47
44.76,11.598,0.881,550.53,2.75,51.75,274.4,83.18,176.48
44.82,11.631,0.885,551.57,2.76,51.69,274.6,83.17,176.49
44.86,11.653,0.888,552.27,2.76,51.65,275.6,83.17,176.49
44.9,11.675,0.89,552.97,2.76,51.61,274.3,83.16,176.49
44.96,11.708,0.895,554.03,2.77,51.54,275.4,83.15,176.5
45.0,11.73,0.898,554.73,2.77,51.5,274.8,83.14,176.5
45.06,11.763,0.902,555.79,2.77,51.44,274.8,83.13,176.51
45.1,11.785,0.905,556.49,2.78,51.4,275.1,83.13,176.51
45.16,11.818,0.909,557.56,2.78,51.33,275.6,83.12,176.52
45.2,11.841,0.911,558.27,2.79,51.29,275.7,83.11,176.52
45.26,11.874,0.915,559.33,2.79,51.23,275.4,83.1,176.53
45.32,11.907,0.919,560.4,2.79,51.16,275.8,83.1,176.53
45.36,11.93,0.922,561.11,2.8,51.12,275.4,83.09,176.54
45.42,11.963,0.926,562.18,2.8,51.05,275.3,83.08,176.54
45.46,11.985,0.929,562.9,2.8,51.01,275.6,83.08,176.54
45.52,12.019,0.933,563.98,2.81,50.94,275.6,83.07,176.55
45.56,12.041,0.935,564.7,2.81,50.9,275.8,83.06,176.55
45.62,12.075,0.939,565.78,2.82,50.83,276.0,83.05,176.56
45.66,12.098,0.942,566.5,2.82,50.78,275.3,83.05,176.56
45.7,12.12,0.945,567.22,2.82,50.74,276.0,83.04,176.57
45.76,12.154,0.949,568.31,2.82,50.67,276.5,83.04,176.57
45.8,12.176,0.952,569.04,2.83,50.62,275.9,83.03,176.58
45.86,12.21,0.956,570.13,2.83,50.55,276.5,83.02,176.58
45.92,12.244,0.96,571.23,2.84,50.48,276.1,83.01,176.59
45.96,12.267,0.963,571.95,2.84,50.44,275.5,83.0,176.59
46.02,12.301,0.967,573.05,2.84,50.37,275.6,82.99,176.6
46.06,12.324,0.97,573.78,2.85,50.32,276.7,82.99,176.6
46.12,12.358,0.974,574.89,2.85,50.25,276.6,82.98,176.61
46.18,12.392,0.978,576.0,2.86,50.17,276.8,82.97,176.62
46.22,12.415,0.981,576.74,2.86,50.13,276.5,82.96,176.62
46.28,12.45,0.985,577.85,2.86,50.05,276.5,82.95,176.63
46.34,12.484,0.989,578.96,2.87,49.98,276.2,82.95,176.63
46.38,12.507,0.992,579.7,2.87,49.93,275.8,82.94,176.64
46.42,12.53,0.995,580.44,2.88,49.88,276.5,82.93,176.64
46.48,12.565,0.999,581.56,2.88,49.81,276.8,82.93,176.64
46.52,12.588,1.002,582.31,2.88,49.76,276.4,82.92,176.65
46.58,12.623,1.006,583.43,2.89,49.68,276.3,82.91,176.65
46.62,12.646,1.009,584.18,2.89,49.63,276.3,82.91,176.66
46.68,12.681,1.012,585.31,2.89,49.56,276.4,82.9,176.66
46.74,12.716,1.016,586.44,2.89,49.48,276.5,82.89,176.66
46.78,12.739,1.019,587.19,2.9,49.43,277.0,82.89,176.67
46.84,12.774,1.023,588.33,2.9,49.35,276.5,82.88,176.67
46.88,12.797,1.026,589.09,2.91,49.3,276.9,82.87,176.68
46.94,12.832,1.031,590.22,2.91,49.22,276.8,82.86,176.68
46.98,12.856,1.034,590.98,2.91,49.17,276.5,82.86,176.68
47.04,12.891,1.038,592.13,2.92,49.09,277.2,82.85,176.69
47.08,12.915,1.041,592.89,2.92,49.04,276.7,82.84,176.69
47.14,12.95,1.045,594.03,2.93,48.96,276.9,82.83,176.7
47.18,12.974,1.048,594.8,2.93,48.9,276.6,82.83,176.7
47.24,13.009,1.053,595.95,2.93,48.82,276.4,82.82,176.71
47.28,13.033,1.056,596.72,2.94,48.77,277.4,82.81,176.71
47.34,13.068,1.06,597.88,2.94,48.69,277.7,82.81,176.72
47.38,13.092,1.063,598.65,2.94,48.63,277.0,82.8,176.72
47.44,13.128,1.067,599.81,2.95,48.55,276.7,82.79,176.73
47.48,13.152,1.07,600.58,2.95,48.49,277.0,82.79,176.73
47.54,13.187,1.075,601.75,2.95,48.41,277.3,82.78,176.74
47.58,13.211,1.078,602.53,2.96,48.35,277.0,82.77,176.74
47.64,13.247,1.082,603.69,2.96,48.27,276.9,82.76,176.75
47.68,13.271,1.085,604.47,2.96,48.21,277.1,82.76,176.75
47.74,13.307,1.09,605.64,2.97,48.13,276.8,82.75,176.76
47.8,13.343,1.094,606.82,2.97,48.04,276.9,82.74,176.76
47.84,13.367,1.098,607.6,2.98,47.98,277.8,82.73,176.76
47.88,13.392,1.101,608.39,2.98,47.93,277.9,82.73,176.77
47.94,13.428,1.105,609.58,2.98,47.84,277.6,82.72,176.77
48.0,13.464,1.11,610.76,2.99,47.75,277.4,82.71,176.78
48.04,13.488,1.113,611.55,2.99,47.69,277.0,82.71,176.78
48.08,13.513,1.116,612.34,2.99,47.64,276.8,82.7,176.78
48.14,13.549,1.121,613.54,3.0,47.55,278.1,82.69,176.79
48.2,13.586,1.125,614.73,3.01,47.46,278.0,82.68,176.79
48.24,13.61,1.128,615.53,3.01,47.4,278.1,82.68,176.8
48.3,13.647,1.133,616.73,3.01,47.31,277.5,82.67,176.8
48.34,13.671,1.136,617.53,3.02,47.25,277.9,82.66,176.81
48.4,13.708,1.141,618.74,3.02,47.16,277.7,82.66,176.81
48.44,13.733,1.145,619.54,3.02,47.1,277.2,82.65,176.82
48.5,13.77,1.15,620.75,3.03,47.01,277.2,82.64,176.82
48.54,13.794,1.153,621.55,3.03,46.95,277.1,82.63,176.82
48.6,13.831,1.158,622.77,3.04,46.86,278.2,82.63,176.83
48.64,13.856,1.161,623.58,3.04,46.8,278.4,82.62,176.83
48.7,13.893,1.166,624.8,3.04,46.71,277.8,82.62,176.84
48.74,13.918,1.169,625.61,3.05,46.64,277.4,82.61,176.84
48.8,13.955,1.174,626.83,3.05,46.55,278.4,82.6,176.84
48.84,13.98,1.177,627.65,3.06,46.49,278.2,82.59,176.85
48.9,14.018,1.182,628.88,3.06,46.4,277.9,82.58,176.85
48.94,14.043,1.185,629.7,3.06,46.33,277.9,82.58,176.86
49.0,14.08,1.19,630.92,3.07,46.24,277.6,82.57,176.86
49.04,14.105,1.193,631.75,3.07,46.18,277.4,82.57,176.87
49.1,14.143,1.198,632.98,3.08,46.08,278.4,82.56,176.87
49.14,14.168,1.201,633.81,3.08,46.02,277.6,82.55,176.88
49.2,14.206,1.206,635.05,3.08,45.92,278.3,82.54,176.88
49.24,14.231,1.21,635.88,3.08,45.86,277.5,82.54,176.88
49.3,14.269,1.214,637.12,3.09,45.76,278.5,82.53,176.89
49.36,14.307,1.219,638.38,3.1,45.67,278.6,82.52,176.89
49.4,14.332,1.223,639.21,3.1,45.6,277.8,82.52,176.89
49.46,14.37,1.228,640.46,3.11,45.51,278.4,82.51,176.9
49.5,14.396,1.231,641.3,3.11,45.44,278.5,82.5,176.9
49.56,14.434,1.236,642.57,3.12,45.35,278.3,82.49,176.91
49.6,14.459,1.238,643.41,3.12,45.28,278.7,82.49,176.91
49.64,14.485,1.241,644.25,3.12,45.22,278.3,82.49,176.91
49.7,14.523,1.246,645.52,3.13,45.12,279.0,82.48,176.91
49.76,14.562,1.251,646.79,3.13,45.02,278.1,82.47,176.92
49.8,14.587,1.254,647.64,3.14,44.96,278.4,82.46,176.92
49.84,14.613,1.258,648.5,3.14,44.89,278.6,82.46,176.93
49.9,14.652,1.263,649.77,3.15,44.8,278.6,82.45,176.93
49.96,14.69,1.268,651.06,3.15,44.7,279.4,82.44,176.94
50.0,14.716,1.271,651.92,3.16,44.63,278.9,82.43,176.94
50.04,14.742,1.275,652.78,3.16,44.57,278.5,82.43,176.95
50.1,14.781,1.28,654.07,3.16,44.47,278.6,82.42,176.96
50.16,14.82,1.285,655.36,3.17,44.37,279.1,82.41,176.96
50.2,14.846,1.288,656.23,3.18,44.3,279.2,82.4,176.96
50.26,14.885,1.293,657.53,3.18,44.2,279.5,82.4,176.97
50.32,14.924,1.299,658.83,3.19,44.1,278.6,82.39,176.97
50.34,14.937,1.3,659.27,3.19,44.07,279.2,82.39,176.97
50.4,14.977,1.306,660.58,3.2,43.97,279.4,82.38,176.98
50.46,15.016,1.311,661.9,3.2,43.87,279.8,82.37,176.98
50.52,15.055,1.316,663.21,3.21,43.77,279.6,82.37,176.98
50.56,15.082,1.32,664.09,3.21,43.71,279.3,82.36,176.98
50.6,15.108,1.323,664.97,3.22,43.64,279.8,82.36,176.99
50.64,15.134,1.327,665.86,3.22,43.57,278.9,82.35,176.99
50.7,15.174,1.332,667.18,3.23,43.47,279.1,82.34,176.99
50.74,15.2,1.335,668.07,3.23,43.4,279.7,82.34,177.0
50.8,15.24,1.341,669.4,3.23,43.3,279.4,82.33,177.0
50.84,15.267,1.344,670.29,3.24,43.23,279.2,82.33,177.0
50.9,15.307,1.349,671.62,3.24,43.13,279.8,82.32,177.01
50.94,15.333,1.353,672.51,3.25,43.06,279.3,82.31,177.01
51.0,15.373,1.358,673.86,3.25,42.96,279.7,82.3,177.02
51.06,15.414,1.364,675.2,3.26,42.85,280.1,82.29,177.02
51.12,15.454,1.369,676.56,3.26,42.75,280.1,82.28,177.03
51.16,15.481,1.373,677.46,3.27,42.68,279.8,82.28,177.03
51.22,15.521,1.378,678.81,3.27,42.57,279.3,82.27,177.04
51.26,15.548,1.382,679.72,3.28,42.5,279.6,82.26,177.05
51.32,15.588,1.387,681.08,3.28,42.4,279.8,82.25,177.05
51.36,15.615,1.391,681.99,3.29,42.33,279.2,82.25,177.05
51.42,15.656,1.396,683.35,3.29,42.22,279.4,82.24,177.06
51.46,15.683,1.4,684.27,3.3,42.15,280.1,82.23,177.06
51.52,15.724,1.405,685.64,3.3,42.04,279.6,82.23,177.07
51.56,15.751,1.409,686.56,3.31,41.97,279.9,82.22,177.07
51.62,15.792,1.415,687.94,3.31,41.86,280.0,82.21,177.07
51.66,15.819,1.418,688.86,3.32,41.79,279.7,82.21,177.07
51.72,15.86,1.424,690.24,3.32,41.68,279.8,82.2,177.08
51.76,15.888,1.428,691.17,3.33,41.61,279.5,82.2,177.08
51.82,15.929,1.433,692.56,3.33,41.5,279.6,82.19,177.08
51.86,15.956,1.437,693.48,3.34,41.43,279.8,82.19,177.09
51.9,15.984,1.441,694.42,3.34,41.36,279.9,82.18,177.09
51.96,16.025,1.446,695.82,3.35,41.25,280.1,82.17,177.1
52.0,16.053,1.45,696.75,3.35,41.18,279.9,82.17,177.1
52.06,16.094,1.456,698.16,3.36,41.07,280.0,82.16,177.11
52.12,16.136,1.461,699.57,3.36,40.96,279.6,82.15,177.11
52.18,16.177,1.467,700.98,3.37,40.85,279.9,82.14,177.12
52.22,16.205,1.471,701.92,3.37,40.78,279.8,82.13,177.12
52.26,16.233,1.475,702.87,3.38,40.7,280.2,82.13,177.12
52.32,16.275,1.48,704.29,3.38,40.59,280.4,82.12,177.13
52.36,16.303,1.484,705.24,3.39,40.52,279.8,82.12,177.13
52.4,16.331,1.488,706.19,3.39,40.45,280.0,82.11,177.14
52.46,16.373,1.494,707.62,3.4,40.34,279.7,82.1,177.14
52.52,16.415,1.5,709.05,3.4,40.23,280.4,82.09,177.14
52.56,16.443,1.503,710.01,3.41,40.15,280.7,82.09,177.15
52.62,16.485,1.509,711.45,3.41,40.04,279.6,82.08,177.15
52.66,16.514,1.513,712.41,3.42,39.97,280.0,82.08,177.15
52.7,16.542,1.517,713.37,3.42,39.89,280.8,82.07,177.15
52.78,16.598,1.525,715.3,3.43,39.75,279.8,82.06,177.16
52.82,16.627,1.529,716.27,3.43,39.67,280.2,82.06,177.16
52.88,16.669,1.535,717.72,3.44,39.56,280.5,82.05,177.16
52.92,16.698,1.538,718.7,3.45,39.49,280.2,82.04,177.17
52.98,16.741,1.544,720.16,3.45,39.37,280.8,82.04,177.17
53.02,16.769,1.548,721.14,3.46,39.3,280.4,82.03,177.18
53.06,16.798,1.552,722.12,3.46,39.23,280.6,82.03,177.18
53.12,16.841,1.558,723.59,3.47,39.11,280.7,82.02,177.18
53.18,16.884,1.564,725.06,3.47,39.0,280.2,82.01,177.19
53.22,16.913,1.568,726.05,3.48,38.93,280.6,82.0,177.19
53.28,16.956,1.574,727.53,3.48,38.82,280.5,82.0,177.2
53.32,16.985,1.578,728.52,3.49,38.74,280.0,81.99,177.2
53.38,17.028,1.584,730.01,3.5,38.63,280.2,81.98,177.21
53.42,17.057,1.588,731.0,3.5,38.55,280.1,81.98,177.21
53.48,17.1,1.594,732.49,3.51,38.44,280.2,81.97,177.21
53.5,17.13,1.598,733.49,3.51,38.37,281.1,81.96,177.22
53.56,17.159,1.602,734.49,3.52,38.29,280.2,81.96,177.22
53.62,17.202,1.609,736.0,3.52,38.18,280.6,81.95,177.23
53.66,17.232,1.613,737.01,3.53,38.1,281.0,81.94,177.23
53.72,17.275,1.619,738.52,3.53,37.99,280.2,81.94,177.23
53.78,17.319,1.625,740.03,3.54,37.88,281.1,81.93,177.24
53.82,17.349,1.629,741.05,3.55,37.8,281.5,81.92,177.24
53.88,17.393,1.635,742.57,3.55,37.69,280.5,81.92,177.24
53.92,17.422,1.639,743.58,3.56,37.61,280.3,81.91,177.25
53.98,17.466,1.646,745.12,3.57,37.5,281.4,81.9,177.25
54.04,17.511,1.652,746.65,3.57,37.38,281.7,81.89,177.26
54.08,17.54,1.656,747.68,3.58,37.31,281.2,81.89,177.26
54.12,17.57,1.66,748.71,3.58,37.23,280.7,81.88,177.26
54.18,17.615,1.666,750.25,3.59,37.12,281.3,81.88,177.27
54.24,17.659,1.673,751.8,3.6,37.01,281.0,81.87,177.27
54.28,17.689,1.677,752.84,3.6,36.93,281.5,81.86,177.28
54.32,17.719,1.681,753.87,3.61,36.86,281.1,81.86,177.28
54.38,17.764,1.687,755.43,3.61,36.74,281.2,81.85,177.28
54.44,17.809,1.694,757.0,3.62,36.63,281.6,81.84,177.29
54.48,17.839,1.698,758.04,3.63,36.55,281.9,81.84,177.29
54.54,17.884,1.704,759.62,3.63,36.44,281.9,81.83,177.3
54.58,17.914,1.709,760.67,3.64,36.36,281.5,81.83,177.3
54.64,17.959,1.715,762.25,3.65,36.25,281.8,81.82,177.3
54.68,17.989,1.719,763.3,3.65,36.17,281.2,81.81,177.31
54.72,18.02,1.724,764.36,3.66,36.1,282.1,81.81,177.31
54.78,18.065,1.73,765.94,3.66,35.98,281.0,81.8,177.31
54.84,18.111,1.737,767.53,3.67,35.87,281.2,81.79,177.32
54.88,18.141,1.741,768.6,3.68,35.79,282.0,81.79,177.32
54.94,18.187,1.748,770.2,3.68,35.68,281.5,81.78,177.32
54.98,18.217,1.752,771.26,3.69,35.6,281.6,81.77,177.32
55.02,18.248,1.756,772.33,3.69,35.53,281.5,81.77,177.33
55.08,18.294,1.763,773.94,3.7,35.41,281.7,81.76,177.33
55.12,18.324,1.767,775.02,3.7,35.34,282.3,81.76,177.33
55.18,18.371,1.774,776.64,3.71,35.22,282.3,81.75,177.34
55.24,18.417,1.78,778.26,3.72,35.11,281.4,81.74,177.34
55.28,18.448,1.785,779.34,3.72,35.03,281.7,81.74,177.35
55.34,18.494,1.791,780.96,3.73,34.92,281.1,81.73,177.35
55.38,18.525,1.798,782.05,3.73,34.84,281.4,81.72,177.36
55.44,18.571,1.803,783.68,3.74,34.73,281.7,81.72,177.36
55.5,18.618,1.809,785.32,3.75,34.62,281.3,81.71,177.36
55.54,18.649,1.816,786.41,3.75,34.54,281.3,81.7,177.37
55.6,18.696,1.823,788.06,3.76,34.42,282.0,81.7,177.37
55.64,18.727,1.827,789.16,3.77,34.31,281.5,81.69,177.38
55.7,18.774,1.834,790.81,3.77,34.23,281.3,81.68,177.38
55.74,18.805,1.839,791.91,3.77,34.16,282.2,81.68,177.38
55.78,18.837,1.845,793.02,3.78,34.08,281.3,81.67,177.39
55.84,18.884,1.85,794.67,3.79,33.97,281.4,81.67,177.39
55.9,18.931,1.857,796.34,3.8,33.85,281.1,81.66,177.39
55.94,18.963,1.861,797.45,3.8,33.78,281.9,81.65,177.4
56.0,19.01,1.868,799.13,3.81,33.66,281.7,81.64,177.4
56.04,19.042,1.873,800.24,3.81,33.59,281.7,81.64,177.4
56.08,19.073,1.88,801.92,3.82,33.47,281.4,81.63,177.41
56.14,19.121,1.884,803.05,3.82,33.4,281.3,81.62,177.41
56.2,19.169,1.891,804.73,3.83,33.28,281.6,81.62,177.41
56.24,19.201,1.894,805.86,3.84,33.21,282.2,81.61,177.42
56.3,19.249,1.9,807.56,3.84,33.09,282.0,81.61,177.42
56.34,19.281,1.905,808.69,3.85,33.02,281.4,81.6,177.42
56.4,19.329,1.912,810.39,3.86,32.9,281.5,81.59,177.42
56.46,19.377,1.919,812.09,3.86,32.79,281.7,81.59,177.43
56.5,19.409,1.924,813.23,3.87,32.71,281.9,81.58,177.43
56.54,19.441,1.929,814.38,3.87,32.64,281.6,81.58,177.43
56.6,19.49,1.936,816.09,3.88,32.52,282.0,81.57,177.44
56.66,19.538,1.943,817.82,3.89,32.41,282.3,81.56,177.44
56.7,19.571,1.947,818.96,3.89,32.33,281.2,81.56,177.44
56.74,19.603,1.952,820.12,3.9,32.26,281.7,81.55,177.45
56.8,19.652,1.959,821.85,3.9,32.15,281.7,81.55,177.45
56.86,19.701,1.967,823.58,3.91,32.03,281.6,81.54,177.45
56.9,19.733,1.971,824.74,3.92,31.96,282.0,81.54,177.46
56.94,19.766,1.976,825.91,3.92,31.88,281.6,81.53,177.46
57.0,19.815,1.983,827.66,3.93,31.77,282.4,81.52,177.46
57.04,19.848,1.988,828.82,3.94,31.69,282.2,81.52,177.47
57.1,19.897,1.995,830.58,3.94,31.58,282.3,81.51,177.47
57.16,19.947,2.003,832.34,3.95,31.47,282.2,81.5,177.48
57.2,19.979,2.007,833.52,3.96,31.39,282.5,81.5,177.48
57.26,20.029,2.015,835.29,3.97,31.28,281.8,81.49,177.48
57.3,20.062,2.02,836.47,3.97,31.2,281.5,81.49,177.49
57.36,20.112,2.027,838.25,3.98,31.09,282.2,81.48,177.49
57.4,20.145,2.032,839.43,3.99,31.01,282.3,81.47,177.49
57.46,20.195,2.039,841.22,3.99,30.9,282.0,81.46,177.5
57.5,20.228,2.044,842.41,4.0,30.83,282.3,81.46,177.5
57.54,20.262,2.049,843.6,4.0,30.75,282.2,81.45,177.5
57.6,20.312,2.057,845.4,4.01,30.64,282.4,81.45,177.51
57.66,20.362,2.064,847.2,4.02,30.53,282.4,81.44,177.51
57.7,20.396,2.069,848.4,4.03,30.45,282.2,81.43,177.52
57.76,20.446,2.076,850.21,4.03,30.34,282.5,81.42,177.52
57.82,20.496,2.084,852.03,4.04,30.23,282.2,81.42,177.52
57.86,20.53,2.089,853.23,4.05,30.15,282.0,81.41,177.53
57.9,20.564,2.094,854.45,4.05,30.08,282.1,81.41,177.53
57.96,20.615,2.102,856.27,4.06,29.96,282.6,81.4,177.53
58.0,20.649,2.107,857.49,4.06,29.89,282.0,81.39,177.53
58.06,20.7,2.114,859.32,4.07,29.78,282.0,81.39,177.54
58.1,20.734,2.119,860.54,4.08,29.7,282.8,81.38,177.54
58.16,20.785,2.127,862.39,4.09,29.59,282.2,81.37,177.54
58.2,20.819,2.132,863.62,4.09,29.52,282.2,81.37,177.55
58.26,20.87,2.14,865.47,4.1,29.41,283.1,81.36,177.55
58.3,20.905,2.145,866.71,4.11,29.33,283.0,81.36,177.55
58.36,20.956,2.153,868.57,4.12,29.22,283.2,81.35,177.55
58.4,20.99,2.158,869.82,4.13,29.15,283.4,81.35,177.56
58.46,21.042,2.165,871.68,4.13,29.04,283.2,81.34,177.56
58.52,21.094,2.173,873.56,4.14,28.92,282.4,81.33,177.56
58.56,21.129,2.178,874.81,4.15,28.85,283.2,81.33,177.57
58.62,21.181,2.186,876.69,4.16,28.74,282.6,81.32,177.57
58.66,21.215,2.191,877.94,4.16,28.67,282.3,81.32,177.57
58.72,21.267,2.199,879.83,4.17,28.56,283.0,81.31,177.58
58.76,21.302,2.204,881.09,4.17,28.48,283.3,81.31,177.58
58.8,21.337,2.21,882.36,4.18,28.41,283.3,81.3,177.58
58.86,21.39,2.218,884.26,4.19,28.3,282.3,81.3,177.59
58.92,21.442,2.226,886.16,4.2,28.19,282.9,81.29,177.59
58.96,21.477,2.231,887.43,4.2,28.11,282.4,81.29,177.59
59.02,21.53,2.239,889.34,4.21,28.0,282.6,81.28,177.6
59.06,21.565,2.244,890.62,4.22,27.93,283.5,81.27,177.6
59.12,21.618,2.252,892.54,4.22,27.82,282.4,81.27,177.6
59.16,21.653,2.257,893.82,4.23,27.74,282.9,81.26,177.61
59.22,21.706,2.265,895.76,4.24,27.63,283.4,81.25,177.61
59.26,21.742,2.271,897.04,4.24,27.56,282.6,81.25,177.61
59.32,21.795,2.279,898.98,4.25,27.45,282.7,81.24,177.62
59.36,21.831,2.284,900.27,4.26,27.37,282.6,81.23,177.62
59.42,21.884,2.292,902.22,4.27,27.26,283.6,81.23,177.62
59.46,21.92,2.298,903.52,4.27,27.19,282.7,81.22,177.63
59.52,21.974,2.306,905.47,4.28,27.08,282.5,81.21,177.63
59.56,22.009,2.311,906.78,4.28,27.01,282.6,81.21,177.63
59.62,22.063,2.32,908.74,4.29,26.9,282.3,81.2,177.64
59.66,22.099,2.325,910.05,4.3,26.82,282.7,81.2,177.64
59.72,22.153,2.333,912.02,4.31,26.71,282.7,81.19,177.64
59.76,22.189,2.339,913.34,4.31,26.64,283.6,81.18,177.65
59.82,22.244,2.347,915.32,4.32,26.53,282.7,81.18,177.65
59.88,22.298,2.355,917.31,4.33,26.42,283.5,81.17,177.65
59.92,22.334,2.361,918.63,4.34,26.34,282.3,81.16,177.66
59.98,22.389,2.369,920.62,4.34,26.23,282.9,81.16,177.66
60.02,22.425,2.375,921.95,4.35,26.16,283.2,81.15,177.66
60.08,22.48,2.383,923.96,4.36,26.05,283.4,81.14,177.66
60.12,22.517,2.389,925.29,4.36,25.97,283.2,81.14,177.67
60.18,22.572,2.397,927.31,4.37,25.86,282.7,81.13,177.67
60.22,22.608,2.403,928.65,4.38,25.79,283.3,81.13,177.67
60.28,22.663,2.411,930.67,4.39,25.68,283.0,81.12,177.67
60.34,22.719,2.42,932.69,4.4,25.57,282.8,81.12,177.68
60.38,22.756,2.426,934.05,4.4,25.5,283.2,81.11,177.68
60.42,22.793,2.431,935.4,4.41,25.43,283.5,81.11,177.68
60.48,22.848,2.44,937.44,4.42,25.32,282.7,81.1,177.69
60.52,22.885,2.445,938.8,4.43,25.24,283.7,81.1,177.69
60.58,22.941,2.454,940.86,4.44,25.13,283.5,81.09,177.69
60.62,22.978,2.46,942.22,4.44,25.06,283.0,81.09,177.69
60.68,23.034,2.468,944.28,4.45,24.95,283.9,81.08,177.7
60.74,23.09,2.477,946.35,4.46,24.84,283.7,81.07,177.7
60.78,23.128,2.483,947.72,4.47,24.77,283.9,81.07,177.7
60.84,23.184,2.492,949.79,4.48,24.66,283.2,81.06,177.71
60.88,23.222,2.497,951.18,4.48,24.59,283.7,81.06,177.71
60.94,23.278,2.506,953.26,4.49,24.48,283.0,81.05,177.71
60.98,23.316,2.512,954.65,4.5,24.41,283.9,81.05,177.71
61.04,23.372,2.521,956.74,4.51,24.3,283.6,81.04,177.72
61.08,23.41,2.527,958.13,4.51,24.23,283.5,81.03,177.72
61.12,23.448,2.532,959.53,4.52,24.15,283.3,81.03,177.72
61.18,23.505,2.541,961.64,4.53,24.05,283.7,81.02,177.73
61.22,23.543,2.547,963.04,4.53,23.97,284.0,81.02,177.73
61.28,23.6,2.556,965.15,4.54,23.87,283.9,81.01,177.73
61.34,23.658,2.565,967.27,4.55,23.76,283.6,81.0,177.74
61.38,23.696,2.571,968.68,4.56,23.69,282.9,81.0,177.74
61.44,23.753,2.58,970.81,4.57,23.58,283.3,80.99,177.74
61.48,23.792,2.586,972.22,4.57,23.51,283.2,80.99,177.74
61.54,23.85,2.595,974.36,4.58,23.4,283.2,80.98,177.75
61.58,23.888,2.601,975.78,4.59,23.33,283.2,80.98,177.75
61.64,23.946,2.61,977.92,4.59,23.22,283.2,80.97,177.75
61.68,23.985,2.616,979.35,4.6,23.15,283.0,80.96,177.76
61.74,24.043,2.625,981.5,4.61,23.04,283.6,80.96,177.76
61.78,24.082,2.631,982.94,4.62,22.97,283.7,80.95,177.76
61.84,24.14,2.64,985.11,4.63,22.86,284.0,80.94,177.77
61.88,24.179,2.646,986.55,4.63,22.79,283.0,80.94,177.77
61.94,24.238,2.655,988.72,4.64,22.68,282.7,80.93,177.77
61.98,24.277,2.662,990.17,4.65,22.61,283.9,80.93,177.77
62.04,24.336,2.671,992.35,4.66,22.5,282.9,80.92,177.78
62.1,24.394,2.68,994.54,4.67,22.4,283.9,80.91,177.78
62.14,24.434,2.686,996.0,4.67,22.33,283.1,80.91,177.78
62.18,24.473,2.692,997.46,4.68,22.26,283.1,80.9,177.78
62.24,24.532,2.702,999.65,4.69,22.15,283.4,80.9,177.79
62.28,24.572,2.708,1001.12,4.69,22.08,283.9,80.89,177.79
62.34,24.631,2.717,1003.33,4.7,21.97,283.8,80.88,177.79
62.38,24.671,2.723,1004.8,4.71,21.9,283.3,80.88,177.79
62.44,24.731,2.733,1007.02,4.72,21.8,283.2,80.87,177.8
62.48,24.77,2.739,1008.51,4.73,21.72,284.1,80.87,177.8
62.54,24.83,2.749,1010.73,4.74,21.62,283.1,80.86,177.8
62.6,24.89,2.758,1012.96,4.75,21.51,283.9,80.85,177.8
62.64,24.93,2.764,1014.45,4.75,21.44,282.9,80.85,177.81
62.68,24.97,2.771,1015.95,4.76,21.37,283.9,80.85,177.81
62.74,25.031,2.78,1018.19,4.77,21.27,283.9,80.84,177.81
62.78,25.071,2.787,1019.7,4.78,21.2,284.1,80.84,177.81
62.84,25.132,2.796,1021.95,4.79,21.09,283.3,80.83,177.82
62.9,25.192,2.806,1024.21,4.8,20.99,283.7,80.82,177.82
62.94,25.233,2.812,1025.72,4.8,20.92,283.6,80.82,177.82
63.0,25.294,2.822,1027.99,4.81,20.81,283.4,80.81,177.82
63.04,25.334,2.828,1029.51,4.82,20.74,283.4,80.81,177.83
63.1,25.395,2.838,1031.79,4.83,20.64,283.2,80.8,177.83
63.14,25.436,2.844,1033.32,4.84,20.57,283.9,80.8,177.83
63.2,25.497,2.854,1035.61,4.84,20.47,283.6,80.79,177.83
63.24,25.538,2.861,1037.14,4.85,20.4,284.1,80.79,177.84
63.3,25.6,2.87,1039.44,4.86,20.29,283.6,80.78,177.84
63.34,25.641,2.877,1040.98,4.87,20.22,283.7,80.78,177.84
63.4,25.703,2.887,1043.29,4.88,20.12,284.0,80.77,177.84
63.46,25.765,2.897,1045.61,4.89,20.02,283.9,80.76,177.85
63.5,25.806,2.903,1047.16,4.9,19.95,283.9,80.76,177.85
63.56,25.868,2.913,1049.49,4.91,19.84,284.1,80.75,177.85
63.6,25.91,2.92,1051.05,4.92,19.78,283.5,80.75,177.85
63.64,25.951,2.926,1052.61,4.92,19.71,284.3,80.74,177.85
63.7,26.014,2.936,1054.95,4.93,19.6,284.3,80.74,177.86
63.74,26.055,2.943,1056.51,4.94,19.54,283.5,80.73,177.86
63.8,26.118,2.953,1058.87,4.95,19.43,284.4,80.73,177.86
63.84,26.16,2.96,1060.44,4.96,19.36,284.1,80.72,177.86
63.9,26.223,2.97,1062.8,4.97,19.26,283.5,80.71,177.87
63.94,26.265,2.977,1064.38,4.97,19.19,284.4,80.71,177.87
63.98,26.307,2.983,1065.96,4.98,19.13,283.6,80.7,177.87
64.04,26.37,2.993,1068.34,4.99,19.02,283.4,80.7,177.87
64.08,26.412,3.0,1069.92,5.0,18.96,284.4,80.69,177.88
64.16,26.497,3.014,1073.11,5.01,18.82,283.5,80.68,177.88
64.2,26.54,3.021,1074.7,5.02,18.75,284.3,80.68,177.88
64.26,26.603,3.031,1077.1,5.03,18.65,283.7,80.67,177.88
64.3,26.646,3.038,1078.7,5.03,18.59,283.8,80.67,177.89
64.34,26.689,3.044,1080.31,5.04,18.52,284.5,80.66,177.89
64.4,26.753,3.055,1082.72,5.05,18.42,284.4,80.66,177.89
64.46,26.817,3.065,1085.14,5.06,18.32,283.5,80.65,177.89
64.5,26.86,3.072,1086.76,5.07,18.25,284.1,80.64,177.9
64.56,26.924,3.082,1089.18,5.08,18.15,283.8,80.64,177.9
64.6,26.967,3.089,1090.81,5.08,18.08,284.3,80.63,177.9
64.64,27.01,3.096,1092.44,5.09,18.02,284.2,80.63,177.9
64.7,27.075,3.107,1094.88,5.1,17.92,284.5,80.62,177.9
64.74,27.118,3.114,1096.51,5.11,17.85,284.1,80.62,177.91
64.8,27.183,3.124,1098.96,5.12,17.75,283.5,80.61,177.91
64.84,27.227,3.131,1100.61,5.13,17.68,284.6,80.6,177.91
64.9,27.292,3.142,1103.07,5.14,17.58,283.8,80.6,177.91
64.94,27.336,3.149,1104.72,5.15,17.52,284.3,80.59,177.91
65.0,27.401,3.16,1107.2,5.16,17.42,284.7,80.59,177.92
65.06,27.467,3.17,1109.68,5.17,17.32,283.7,80.58,177.92
65.1,27.511,3.177,1111.34,5.17,17.25,284.2,80.58,177.92
65.16,27.577,3.188,1113.83,5.18,17.16,283.8,80.57,177.92
65.2,27.621,3.195,1115.49,5.19,17.09,284.3,80.56,177.92
65.26,27.687,3.206,1118.0,5.2,16.99,284.7,80.56,177.93
65.3,27.731,3.213,1119.67,5.21,16.93,283.5,80.55,177.93
65.36,27.797,3.227,1122.18,5.22,16.83,284.8,80.54,177.93
65.38,27.842,3.231,1123.86,5.23,16.77,284.1,80.54,177.93
65.44,27.886,3.238,1125.55,5.23,16.7,284.4,80.54,177.93
65.5,27.953,3.249,1128.08,5.25,16.6,283.5,80.53,177.93
65.56,28.02,3.26,1130.61,5.26,16.51,284.5,80.52,177.94
65.6,28.065,3.267,1132.3,5.26,16.44,283.6,80.52,177.94
65.66,28.132,3.278,1134.85,5.27,16.35,284.5,80.51,177.94
65.72,28.199,3.289,1137.4,5.29,16.25,284.0,80.51,177.94
65.76,28.244,3.297,1139.11,5.29,16.18,284.6,80.5,177.94
65.8,28.289,3.304,1140.82,5.3,16.12,284.1,80.5,177.94
65.86,28.357,3.315,1143.38,5.31,16.02,284.1,80.49,177.95
65.9,28.402,3.322,1145.1,5.32,15.96,283.9,80.49,177.95
65.96,28.47,3.333,1147.67,5.33,15.87,283.9,80.48,177.95
66.0,28.515,3.341,1149.39,5.33,15.8,284.0,80.48,177.95
66.06,28.583,3.352,1151.98,5.35,15.71,283.6,80.47,177.95
66.1,28.629,3.359,1153.71,5.35,15.64,284.4,80.47,177.95
66.16,28.697,3.371,1156.3,5.36,15.55,284.5,80.46,177.95
66.22,28.766,3.382,1158.91,5.37,15.45,284.2,80.46,177.96
66.26,28.811,3.389,1160.64,5.38,15.39,283.6,80.45,177.96
66.32,28.88,3.401,1163.26,5.39,15.3,283.4,80.44,177.96
66.36,28.926,3.408,1165.0,5.4,15.23,283.9,80.44,177.96
66.42,28.995,3.42,1167.63,5.41,15.14,284.1,80.43,177.96
66.46,29.041,3.427,1169.38,5.41,15.08,284.5,80.43,177.96
66.52,29.111,3.439,1172.02,5.43,14.98,283.8,80.42,177.96
66.56,29.157,3.446,1173.78,5.43,14.92,283.8,80.42,177.97
66.62,29.227,3.458,1176.43,5.44,14.83,283.8,80.41,177.97
66.66,29.273,3.465,1178.2,5.45,14.77,284.4,80.41,177.97
66.72,29.343,3.477,1180.85,5.46,14.67,284.1,80.4,177.97
66.76,29.39,3.485,1182.63,5.47,14.61,284.4,80.4,177.97
66.8,29.436,3.492,1184.41,5.48,14.55,284.3,80.39,177.97
66.86,29.507,3.504,1187.08,5.49,14.46,284.2,80.39,177.97
66.9,29.553,3.512,1188.87,5.5,14.4,284.7,80.38,177.97
66.96,29.624,3.523,1191.56,5.51,14.31,283.8,80.38,177.98
67.0,29.671,3.531,1193.35,5.52,14.25,284.1,80.37,177.98
67.06,29.742,3.543,1196.04,5.53,14.15,283.9,80.37,177.98
67.12,29.813,3.554,1198.75,5.54,14.06,284.6,80.36,177.98
67.16,29.86,3.562,1200.55,5.55,14.0,283.6,80.35,177.98
67.22,29.931,3.574,1203.27,5.56,13.91,284.4,80.35,177.98
67.26,29.979,3.582,1205.08,5.57,13.85,284.4,80.34,177.98
67.32,30.05,3.594,1207.81,5.58,13.76,283.8,80.34,177.98
67.36,30.098,3.602,1209.63,5.59,13.7,284.7,80.33,177.98
67.42,30.17,3.614,1212.37,5.6,13.61,284.2,80.33,177.99
67.46,30.217,3.622,1214.2,5.61,13.55,284.0,80.32,177.99
67.52,30.289,3.633,1216.95,5.62,13.46,284.0,80.31,177.99
67.56,30.337,3.641,1218.78,5.63,13.4,284.7,80.31,177.99
67.62,30.41,3.653,1221.55,5.64,13.32,284.5,80.3,177.99
67.68,30.482,3.666,1224.31,5.65,13.23,284.1,80.3,177.99
67.72,30.53,3.674,1226.17,5.66,13.17,284.9,80.29,177.99
67.78,30.603,3.686,1228.95,5.67,13.08,284.1,80.29,177.99
67.82,30.652,3.694,1230.8,5.68,13.02,284.2,80.28,177.99
67.86,30.7,3.702,1232.66,5.68,12.96,284.8,80.28,177.99
67.92,30.773,3.714,1235.45,5.7,12.88,284.0,80.27,177.99
67.96,30.822,3.722,1237.32,5.7,12.82,284.3,80.27,177.99
68.02,30.895,3.734,1240.13,5.71,12.73,284.7,80.26,177.99
68.08,30.969,3.747,1242.94,5.73,12.64,284.8,80.25,177.99
68.12,31.018,3.755,1244.82,5.73,12.59,284.2,80.25,177.99
68.16,31.067,3.763,1246.7,5.74,12.53,284.1,80.24,178.0
68.22,31.141,3.775,1249.54,5.75,12.44,284.5,80.24,178.0
68.26,31.19,3.784,1251.43,5.76,12.39,284.5,80.23,178.0
68.32,31.265,3.796,1254.28,5.78,12.3,284.9,80.23,178.0
68.36,31.314,3.804,1256.17,5.78,12.24,284.7,80.22,178.0
68.42,31.389,3.817,1259.03,5.8,12.16,284.8,80.21,178.0
68.48,31.463,3.829,1261.89,5.81,12.08,284.8,80.21,178.0
68.52,31.513,3.838,1263.8,5.81,12.02,284.1,80.2,178.0
68.58,31.588,3.85,1266.67,5.83,11.94,284.5,80.2,178.0
68.62,31.638,3.859,1268.59,5.83,11.88,284.8,80.19,178.0
68.68,31.713,3.871,1271.48,5.84,11.8,284.8,80.19,178.0
68.72,31.763,3.88,1273.41,5.85,11.74,284.7,80.18,178.0
68.78,31.839,3.892,1276.3,5.86,11.66,284.0,80.17,178.0
68.82,31.889,3.901,1278.24,5.87,11.6,284.8,80.17,178.0
68.88,31.965,3.914,1281.15,5.89,11.52,284.7,80.16,178.0
68.92,32.015,3.922,1283.09,5.9,11.47,284.7,80.16,177.99
68.98,32.091,3.935,1286.01,5.91,11.39,284.0,80.15,177.99
69.04,32.168,3.948,1288.94,5.92,11.3,284.1,80.15,177.99
69.08,32.219,3.956,1290.9,5.93,11.25,284.6,80.14,177.99
69.12,32.269,3.965,1292.86,5.93,11.2,284.7,80.14,177.99
69.18,32.346,3.978,1295.8,5.95,11.12,284.5,80.13,177.99
69.22,32.397,3.986,1297.77,5.95,11.06,284.8,80.13,177.99
69.28,32.474,3.999,1300.72,5.97,10.98,284.4,80.12,177.99
69.32,32.525,4.008,1302.7,5.97,10.93,283.8,80.12,177.99
69.38,32.603,4.021,1305.67,5.99,10.85,284.0,80.11,177.99
69.42,32.654,4.03,1307.65,5.99,10.8,284.7,80.11,177.99
69.48,32.732,4.043,1310.63,6.01,10.72,284.9,80.1,177.99
69.52,32.783,4.052,1312.63,6.02,10.67,284.7,80.09,177.99
69.58,32.861,4.065,1315.62,6.03,10.59,285.0,80.09,177.99
69.62,32.913,4.074,1317.62,6.04,10.54,284.4,80.08,177.98
69.68,32.991,4.087,1320.62,6.05,10.46,284.0,80.08,177.98
69.72,33.043,4.096,1322.63,6.06,10.41,284.3,80.07,177.98
69.78,33.122,4.109,1325.65,6.07,10.34,284.4,80.07,177.98
69.84,33.2,4.122,1328.67,6.08,10.26,284.7,80.06,177.98
69.88,33.253,4.131,1330.7,6.09,10.21,284.4,80.06,177.98
69.94,33.331,4.145,1333.73,6.1,10.13,284.2,80.05,177.98
69.98,33.384,4.154,1335.76,6.11,10.08,284.5,80.05,177.97
70.04,33.463,4.167,1338.81,6.12,10.01,283.8,80.04,177.97
70.08,33.516,4.176,1340.84,6.13,9.96,284.0,80.03,177.97
70.12,33.569,4.185,1342.88,6.14,9.91,284.3,80.03,177.97
70.18,33.649,4.199,1345.95,6.15,9.84,284.8,80.02,177.97
70.22,33.702,4.208,1348.0,6.16,9.79,285.0,80.02,177.97
70.28,33.781,4.221,1351.08,6.17,9.71,285.0,80.01,177.96
70.34,33.862,4.235,1354.16,6.18,9.64,285.0,80.01,177.96
70.38,33.915,4.244,1356.22,6.19,9.59,284.4,80.0,177.96
70.44,33.995,4.258,1359.32,6.21,9.52,284.5,80.0,177.96
70.48,34.049,4.267,1361.39,6.21,9.47,284.2,79.99,177.96
70.54,34.13,4.281,1364.51,6.23,9.4,285.0,79.99,177.95
70.58,34.183,4.29,1366.58,6.24,9.35,284.9,79.98,177.95
70.64,34.264,4.304,1369.7,6.25,9.28,284.4,79.98,177.95
70.68,34.318,4.313,1371.79,6.26,9.24,284.8,79.97,177.95
70.72,34.373,4.322,1373.88,6.26,9.19,285.0,79.97,177.95
70.78,34.454,4.336,1377.02,6.28,9.12,284.1,79.96,177.94
70.84,34.535,4.35,1380.16,6.29,9.05,283.9,79.95,177.94
70.88,34.59,4.359,1382.27,6.3,9.0,284.2,79.95,177.94
70.94,34.672,4.373,1385.42,6.31,8.94,283.8,79.94,177.93
70.98,34.726,4.383,1387.53,6.31,8.89,284.4,79.94,177.93
71.04,34.809,4.397,1390.7,6.33,8.82,284.8,79.93,177.93
71.1,34.891,4.411,1393.88,6.34,8.75,283.7,79.93,177.93
71.14,34.946,4.42,1396.0,6.35,8.71,284.3,79.92,177.92
71.18,35.001,4.43,1398.12,6.36,8.66,284.6,79.92,177.92
71.24,35.084,4.444,1401.32,6.37,8.59,284.8,79.91,177.92
71.3,35.167,4.458,1404.53,6.38,8.53,284.3,79.91,177.91
71.34,35.222,4.468,1406.67,6.39,8.48,284.1,79.9,177.91
71.4,35.306,4.482,1409.88,6.4,8.41,284.0,79.89,177.91
71.44,35.361,4.492,1412.03,6.41,8.37,284.8,79.89,177.9
71.48,35.417,4.501,1414.18,6.42,8.33,285.0,79.89,177.9
71.54,35.501,4.516,1417.41,6.43,8.26,284.4,79.88,177.9
71.6,35.585,4.53,1420.65,6.45,8.19,284.2,79.87,177.89
71.64,35.641,4.54,1422.82,6.45,8.15,284.8,79.87,177.89
71.7,35.725,4.554,1426.07,6.47,8.09,284.3,79.86,177.88
71.74,35.781,4.564,1428.24,6.47,8.04,284.6,79.86,177.88
71.78,35.837,4.574,1430.42,6.48,8.0,284.7,79.85,177.88
71.84,35.922,4.589,1433.7,6.5,7.93,284.6,79.85,177.87
71.88,35.979,4.598,1435.88,6.51,7.89,284.5,79.84,177.87
71.94,36.064,4.613,1439.17,6.52,7.83,284.9,79.84,177.86
71.98,36.12,4.623,1441.36,6.53,7.79,284.7,79.83,177.86
72.04,36.206,4.638,1444.67,6.54,7.72,284.8,79.83,177.85
72.08,36.263,4.647,1446.87,6.55,7.68,284.4,79.82,177.85
72.14,36.348,4.662,1450.19,6.57,7.62,285.2,79.81,177.84
72.2,36.434,4.677,1453.51,6.58,7.56,285.2,79.81,177.84
72.24,36.492,4.687,1455.74,6.59,7.52,284.9,79.8,177.83
72.3,36.578,4.702,1459.07,6.61,7.45,284.3,79.8,177.83
72.36,36.664,4.717,1462.42,6.62,7.39,284.4,79.79,177.82
72.4,36.722,4.727,1464.65,6.63,7.35,284.3,79.79,177.82
72.46,36.809,4.742,1468.01,6.64,7.29,284.7,79.78,177.81
72.5,36.867,4.752,1470.25,6.65,7.25,284.3,79.77,177.81
72.54,36.925,4.762,1472.5,6.66,7.21,285.3,79.77,177.8
72.6,37.012,4.777,1475.88,6.68,7.15,284.6,79.76,177.79
72.64,37.07,4.787,1478.14,6.68,7.11,284.6,79.76,177.79
72.7,37.157,4.803,1481.52,6.7,7.05,284.4,79.75,177.78
72.76,37.245,4.818,1484.91,6.71,6.99,284.4,79.75,177.78
72.8,37.304,4.828,1487.18,6.72,6.96,284.2,79.74,177.77
72.86,37.392,4.843,1490.58,6.73,6.9,284.1,79.74,177.76
72.9,37.45,4.854,1492.86,6.74,6.86,285.2,79.73,177.76
72.94,37.509,4.864,1495.15,6.75,6.82,284.9,79.73,177.75
73.0,37.598,4.879,1498.58,6.76,6.76,284.9,79.72,177.74
73.04,37.657,4.89,1500.87,6.77,6.73,285.1,79.72,177.74
73.1,37.746,4.905,1504.31,6.78,6.67,284.7,79.71,177.73
73.16,37.835,4.921,1507.77,6.8,6.61,285.0,79.7,177.72
73.2,37.894,4.931,1510.08,6.81,6.58,285.1,79.7,177.71
73.26,37.984,4.947,1513.54,6.83,6.52,285.0,79.69,177.7
73.3,38.043,4.957,1515.86,6.83,6.48,284.9,79.69,177.7
73.36,38.133,4.973,1519.34,6.85,6.43,284.5,79.68,177.69
73.4,38.193,4.983,1521.66,6.86,6.39,284.6,79.68,177.68
73.46,38.283,4.999,1525.15,6.87,6.34,285.0,79.67,177.67
73.5,38.343,5.01,1527.49,6.88,6.3,284.9,79.66,177.67
73.56,38.434,5.025,1531.0,6.9,6.25,285.0,79.66,177.66
73.6,38.494,5.036,1533.34,6.9,6.21,285.0,79.65,177.65
73.66,38.585,5.052,1536.86,6.92,6.16,284.5,79.65,177.64
73.7,38.645,5.063,1539.21,6.93,6.12,284.7,79.64,177.63
73.76,38.736,5.079,1542.75,6.94,6.07,285.2,79.64,177.62
73.8,38.797,5.089,1545.11,6.95,6.04,284.4,79.63,177.61
73.86,38.889,5.105,1548.66,6.96,5.99,285.3,79.62,177.6
73.9,38.95,5.116,1551.02,6.97,5.95,284.1,79.62,177.59
73.96,39.042,5.132,1554.58,6.99,5.9,284.7,79.61,177.58
74.0,39.103,5.143,1556.96,6.99,5.87,284.4,79.61,177.57
74.06,39.195,5.159,1560.53,7.01,5.82,285.1,79.6,177.56
74.1,39.257,5.17,1562.92,7.02,5.78,284.2,79.6,177.55
74.14,39.318,5.181,1565.31,7.03,5.75,284.6,79.59,177.54
74.2,39.411,5.197,1568.91,7.04,5.7,284.4,79.59,177.53
74.22,39.473,5.208,1571.31,7.05,5.67,285.1,79.58,177.52
74.3,39.566,5.224,1574.92,7.07,5.62,285.2,79.57,177.51
74.34,39.628,5.235,1577.33,7.08,5.58,284.5,79.57,177.5
74.4,39.721,5.252,1580.95,7.09,5.53,284.5,79.56,177.48
74.46,39.815,5.268,1584.59,7.1,5.49,285.3,79.56,177.47
74.5,39.877,5.279,1587.01,7.11,5.45,284.5,79.55,177.46
74.56,39.971,5.296,1590.66,7.13,5.4,285.0,79.55,177.45
74.62,40.065,5.312,1594.31,7.14,5.36,284.7,79.54,177.43
74.66,40.128,5.324,1596.76,7.15,5.33,284.7,79.53,177.42
74.7,40.191,5.335,1599.2,7.16,5.29,284.3,79.53,177.41
74.76,40.285,5.351,1602.88,7.18,5.25,284.8,79.52,177.39
74.82,40.38,5.368,1602.2,6.08,5.2,0.0,79.52,177.38
74.86,40.443,5.379,1601.75,5.35,5.16,0.0,79.51,177.37
74.92,40.538,5.396,1601.07,4.25,5.1,0.0,79.5,177.36
74.96,40.601,5.407,1600.62,3.51,5.06,0.0,79.5,177.36
75.02,40.695,5.424,1599.95,2.41,4.99,0.0,79.49,177.35
75.06,40.758,5.435,1599.5,1.67,4.94,0.0,79.49,177.35
75.12,40.853,5.452,1598.82,0.56,4.87,0.0,79.48,177.35
75.16,40.916,5.463,1598.38,0.18,4.82,0.0,79.48,177.35
75.2,40.979,5.474,1597.93,0.17,4.78,0.0,79.47,177.35
75.26,41.073,5.491,1597.26,0.17,4.71,0.0,79.46,177.36
75.3,41.136,5.502,1596.82,0.17,4.66,0.0,79.46,177.36
75.36,41.23,5.519,1596.15,0.17,4.6,0.0,79.45,177.37
75.42,41.324,5.535,1595.49,0.17,4.53,0.0,79.45,177.38
75.46,41.387,5.547,1595.04,0.16,4.49,0.0,79.44,177.39
75.5,41.45,5.558,1594.6,0.16,4.45,0.0,79.44,177.4
75.56,41.544,5.575,1593.94,0.16,4.38,0.0,79.43,177.41
75.62,41.638,5.591,1593.28,0.16,4.32,0.0,79.42,177.43
75.66,41.701,5.602,1592.84,0.16,4.28,0.0,79.42,177.44
75.72,41.795,5.619,1592.18,0.15,4.22,0.0,79.41,177.47
75.76,41.858,5.63,1591.74,0.15,4.18,0.0,79.41,177.48
75.82,41.952,5.647,1591.09,0.15,4.12,0.0,79.4,177.51
75.86,42.014,5.658,1590.65,0.15,4.08,0.0,79.39,177.52
75.9,42.077,5.669,1590.21,0.15,4.05,0.0,79.39,177.54
75.96,42.171,5.686,1589.56,0.15,3.99,0.0,79.38,177.57
76.02,42.265,5.703,1588.91,0.14,3.93,0.0,79.38,177.6
76.06,42.327,5.714,1588.47,0.14,3.9,0.0,79.37,177.62
76.12,42.421,5.731,1587.82,0.14,3.84,0.0,79.37,177.66
76.16,42.484,5.742,1587.39,0.14,3.81,0.0,79.36,177.68
76.22,42.577,5.758,1586.74,0.14,3.75,0.0,79.36,177.71
76.26,42.64,5.77,1586.31,0.14,3.72,0.0,79.35,177.74
76.32,42.733,5.786,1585.66,0.13,3.67,0.0,79.35,177.78
76.36,42.796,5.797,1585.23,0.13,3.63,0.0,79.34,177.8
76.42,42.889,5.814,1584.59,0.13,3.58,0.0,79.34,177.84
76.46,42.952,5.825,1584.16,0.13,3.55,0.0,79.33,177.87
76.52,43.045,5.842,1583.51,0.13,3.5,0.0,79.33,177.91
76.56,43.108,5.853,1583.09,0.13,3.47,0.0,79.32,177.94
76.62,43.201,5.87,1582.44,0.12,3.42,0.0,79.32,177.99
76.66,43.263,5.881,1582.02,0.12,3.39,0.0,79.31,178.02
76.72,43.357,5.898,1581.38,0.12,3.34,0.0,79.31,178.06
76.78,43.45,5.914,1580.74,0.12,3.3,0.0,79.3,178.11
76.82,43.512,5.926,1580.31,0.12,3.27,0.0,79.3,178.14
76.88,43.606,5.942,1579.68,0.12,3.22,0.0,79.29,178.19
76.92,43.668,5.953,1579.25,0.12,3.19,0.0,79.29,178.22
76.98,43.761,5.97,1578.62,0.11,3.15,0.0,79.29,178.27
77.02,43.823,5.981,1578.19,0.11,3.12,0.0,79.28,178.3
77.08,43.916,5.998,1577.56,0.11,3.08,0.0,79.28,178.35
77.12,43.978,6.009,1577.14,0.11,3.05,0.0,79.27,178.38
77.18,44.071,6.026,1576.5,0.11,3.01,0.0,79.27,178.43
77.22,44.134,6.037,1576.08,0.11,2.98,0.0,79.27,178.47
77.28,44.227,6.054,1575.45,0.11,2.94,0.0,79.26,178.52
77.32,44.289,6.065,1575.03,0.11,2.91,0.0,79.26,178.55
77.38,44.382,6.082,1574.4,0.1,2.87,0.0,79.26,178.6
77.42,44.443,6.093,1573.98,0.1,2.85,0.0,79.25,178.64
77.48,44.536,6.109,1573.35,0.1,2.81,0.0,79.25,178.69
77.54,44.629,6.126,1572.72,0.1,2.77,0.0,79.25,178.74
77.58,44.691,6.137,1572.3,0.1,2.75,0.0,79.24,178.77
77.64,44.784,6.154,1571.68,0.1,2.71,0.0,79.24,178.82
77.68,44.846,6.165,1571.26,0.1,2.69,0.0,79.24,178.86
77.74,44.939,6.182,1570.64,0.1,2.65,0.0,79.23,178.91
77.78,45.0,6.193,1570.22,0.1,2.63,0.0,79.23,178.94
77.82,45.062,6.204,1569.8,0.09,2.6,0.0,79.23,178.97
77.88,45.155,6.221,1569.18,0.09,2.57,0.0,79.23,179.02
77.92,45.217,6.232,1568.77,0.09,2.55,0.0,79.22,179.06
77.98,45.309,6.248,1568.14,0.09,2.51,0.0,79.22,179.1
78.02,45.371,6.26,1567.73,0.09,2.49,0.0,79.22,179.14
78.08,45.463,6.276,1567.11,0.09,2.46,0.0,79.22,179.19
78.12,45.525,6.287,1566.69,0.09,2.43,0.0,79.22,179.22
78.18,45.617,6.304,1566.07,0.09,2.4,0.0,79.21,179.26
78.24,45.71,6.321,1565.46,0.09,2.37,0.0,79.21,179.31
78.28,45.771,6.332,1565.04,0.09,2.35,0.0,79.21,179.34
78.32,45.833,6.343,1564.63,0.08,2.33,0.0,79.21,179.37
78.38,45.925,6.36,1564.01,0.08,2.3,0.0,79.21,179.42
78.42,45.987,6.371,1563.6,0.08,2.28,0.0,79.21,179.45
78.48,46.079,6.388,1562.99,0.08,2.25,0.0,79.2,179.49
78.52,46.141,6.399,1562.58,0.08,2.23,0.0,79.2,179.52
78.58,46.233,6.415,1561.96,0.08,2.2,0.0,79.2,179.56
78.62,46.294,6.426,1561.55,0.08,2.18,0.0,79.2,179.59
78.68,46.386,6.443,1560.94,0.08,2.15,0.0,79.2,179.63
78.74,46.479,6.46,1560.32,0.08,2.12,0.0,79.2,179.67
78.78,46.54,6.471,1559.91,0.08,2.1,0.0,79.2,179.7
78.84,46.632,6.488,1559.3,0.07,2.08,0.0,79.19,179.74
78.88,46.693,6.499,1558.89,0.07,2.06,0.0,79.19,179.76
78.94,46.785,6.515,1558.28,0.07,2.03,0.0,79.19,179.8
78.98,46.847,6.527,1557.88,0.07,2.01,0.0,79.19,179.82
79.04,46.939,6.543,1557.27,0.07,1.99,0.0,79.19,179.86
79.08,47.0,6.554,1556.86,0.07,1.97,0.0,79.19,179.88
79.14,47.092,6.571,1556.25,0.07,1.95,0.0,79.19,179.92
79.18,47.153,6.582,1555.84,0.07,1.93,0.0,79.19,179.94
79.24,47.245,6.599,1555.23,0.07,1.9,0.0,79.19,179.97
79.28,47.306,6.61,1554.83,0.07,1.89,0.0,79.19,179.99
79.34,47.398,6.627,1554.22,0.07,1.86,0.0,79.19,180.02
79.38,47.459,6.638,1553.82,0.07,1.85,0.0,79.19,180.04
79.44,47.55,6.654,1553.21,0.07,1.82,0.0,79.19,180.07
79.5,47.642,6.671,1552.6,0.06,1.8,0.0,79.19,180.1
79.54,47.703,6.682,1552.2,0.06,1.78,0.0,79.19,180.12
79.58,47.764,6.693,1551.8,0.06,1.77,0.0,79.19,180.13
79.64,47.856,6.71,1551.19,0.06,1.75,0.0,79.19,180.16
79.68,47.917,6.721,1550.79,0.06,1.73,0.0,79.19,180.17
79.74,48.008,6.738,1550.18,0.06,1.71,0.0,79.19,180.2
79.8,48.1,6.754,1549.58,0.06,1.69,0.0,79.19,180.22
79.84,48.161,6.766,1549.18,0.06,1.67,0.0,79.19,180.23
79.9,48.252,6.782,1548.58,0.06,1.65,0.0,79.19,180.25
79.94,48.313,6.793,1548.17,0.06,1.64,0.0,79.19,180.26
80.0,48.404,6.81,1547.57,0.06,1.62,0.0,79.19,180.28
80.04,48.465,6.821,1547.17,0.06,1.6,0.0,79.19,180.29
80.1,48.557,6.838,1546.57,0.06,1.58,0.0,79.19,180.31
80.14,48.617,6.849,1546.17,0.06,1.57,0.0,79.19,180.32
80.2,48.709,6.866,1545.57,0.05,1.55,0.0,79.19,180.33
80.24,48.769,6.877,1545.17,0.05,1.54,0.0,79.19,180.34
80.3,48.86,6.893,1544.57,0.05,1.52,0.0,79.19,180.35
80.34,48.921,6.904,1544.17,0.05,1.51,0.0,79.19,180.36
80.4,49.012,6.921,1543.57,0.05,1.49,0.0,79.19,180.37
80.44,49.073,6.932,1543.17,0.05,1.48,0.0,79.19,180.38
80.48,49.134,6.943,1542.77,0.05,1.46,0.0,79.19,180.38
80.54,49.225,6.96,1542.17,0.05,1.45,0.0,79.19,180.39
80.6,49.316,6.977,1541.58,0.05,1.43,0.0,79.19,180.4
80.64,49.376,6.988,1541.18,0.05,1.42,0.0,79.19,180.4
80.7,49.467,7.004,1540.58,0.05,1.4,0.0,79.19,180.41
80.74,49.528,7.016,1540.18,0.05,1.39,0.0,79.19,180.41
80.8,49.619,7.032,1539.59,0.05,1.37,0.0,79.19,180.41
80.84,49.679,7.043,1539.19,0.05,1.36,0.0,79.19,180.41
80.9,49.77,7.06,1538.59,0.05,1.34,0.0,79.19,180.41
80.96,49.861,7.077,1538.0,0.05,1.33,0.0,79.19,180.41
81.0,49.921,7.088,1537.6,0.05,1.31,0.0,79.19,180.41
81.06,50.012,7.104,1537.01,0.04,1.3,0.0,79.19,180.41
81.1,50.072,7.116,1536.61,0.04,1.29,0.0,79.19,180.41
81.14,50.133,7.127,1536.21,0.04,1.28,0.0,79.19,180.4
81.2,50.223,7.143,1535.62,0.04,1.26,0.0,79.19,180.4
81.26,50.314,7.16,1535.02,0.04,1.25,0.0,79.19,180.39
81.3,50.374,7.171,1534.63,0.04,1.24,0.0,79.19,180.39
81.36,50.465,7.188,1534.03,0.04,1.22,0.0,79.19,180.38
81.4,50.525,7.199,1533.64,0.04,1.21,0.0,79.19,180.38
81.46,50.616,7.215,1533.05,0.04,1.2,0.0,79.19,180.37
81.5,50.676,7.227,1532.65,0.04,1.19,0.0,79.19,180.36
81.56,50.766,7.243,1532.06,0.04,1.17,0.0,79.19,180.35
81.6,50.827,7.254,1531.66,0.04,1.16,0.0,79.19,180.35
81.66,50.917,7.271,1531.07,0.04,1.15,0.0,79.19,180.33
81.7,50.977,7.282,1530.67,0.04,1.14,0.0,79.19,180.33
81.76,51.067,7.299,1530.08,0.04,1.13,0.0,79.2,180.31
81.8,51.127,7.31,1529.69,0.04,1.12,0.0,79.2,180.3
81.86,51.218,7.326,1529.1,0.04,1.1,0.0,79.2,180.29
81.9,51.278,7.338,1528.7,0.04,1.09,0.0,79.2,180.28
81.96,51.368,7.354,1528.11,0.04,1.08,0.0,79.2,180.26
82.0,51.428,7.365,1527.72,0.04,1.07,0.0,79.2,180.25
82.06,51.518,7.382,1527.13,0.04,1.06,0.0,79.2,180.23
82.1,51.578,7.393,1526.73,0.04,1.05,0.0,79.2,180.22
82.14,51.638,7.404,1526.34,0.04,1.04,0.0,79.2,180.21
82.2,51.728,7.421,1525.75,0.04,1.03,0.0,79.2,180.19
82.26,51.818,7.437,1525.16,0.04,1.02,0.0,79.2,180.17
82.3,51.878,7.449,1524.76,0.04,1.01,0.0,79.2,180.16
82.36,51.968,7.465,1524.17,0.04,1.0,0.0,79.2,180.14
82.4,52.028,7.476,1523.78,0.04,0.99,0.0,79.2,180.12
82.46,52.118,7.493,1523.19,0.04,0.98,0.0,79.2,180.1
82.5,52.178,7.504,1522.8,0.04,0.97,0.0,79.2,180.08
82.56,52.267,7.521,1522.21,0.04,0.96,0.0,79.19,180.06
82.6,52.327,7.532,1521.82,0.04,0.95,0.0,79.19,180.04
82.66,52.417,7.548,1521.23,0.03,0.94,0.0,79.19,180.02
82.7,52.477,7.56,1520.84,0.03,0.93,0.0,79.19,180.0
82.76,52.566,7.576,1520.25,0.03,0.92,0.0,79.19,179.98
82.8,52.626,7.587,1519.86,0.03,0.91,0.0,79.19,179.96
82.86,52.716,7.604,1519.27,0.03,0.9,0.0,79.19,179.94
82.9,52.776,7.615,1518.88,0.03,0.9,0.0,79.19,179.92
82.96,52.865,7.632,1518.29,0.03,0.89,0.0,79.19,179.89
83.02,52.955,7.648,1517.7,0.03,0.88,0.0,79.19,179.86
83.06,53.014,7.659,1517.31,0.03,0.87,0.0,79.19,179.84
83.12,53.104,7.676,1516.72,0.03,0.86,0.0,79.19,179.82
83.16,53.163,7.687,1516.33,0.03,0.85,0.0,79.19,179.8
83.22,53.253,7.704,1515.74,0.03,0.84,0.0,79.19,179.77
83.26,53.312,7.715,1515.35,0.03,0.83,0.0,79.19,179.75
83.32,53.402,7.731,1514.77,0.03,0.82,0.0,79.19,179.72
83.36,53.461,7.743,1514.38,0.03,0.82,0.0,79.19,179.7
83.42,53.551,7.759,1513.79,0.03,0.81,0.0,79.19,179.67
83.46,53.61,7.77,1513.4,0.03,0.8,0.0,79.18,179.65
83.52,53.699,7.787,1512.81,0.03,0.79,0.0,79.18,179.62
83.56,53.759,7.798,1512.42,0.03,0.79,0.0,79.18,179.6
83.62,53.848,7.815,1511.84,0.03,0.78,0.0,79.18,179.57
83.66,53.907,7.826,1511.45,0.03,0.77,0.0,79.18,179.55
83.72,53.996,7.842,1510.86,0.03,0.76,0.0,79.18,179.51
83.76,54.056,7.853,1510.47,0.03,0.76,0.0,79.18,179.49
83.82,54.145,7.87,1509.89,0.03,0.75,0.0,79.18,179.46
83.86,54.204,7.881,1509.5,0.03,0.74,0.0,79.18,179.44
83.92,54.293,7.898,1508.91,0.03,0.73,0.0,79.17,179.41
83.96,54.352,7.909,1508.52,0.03,0.73,0.0,79.17,179.38
84.02,54.441,7.925,1507.94,0.03,0.72,0.0,79.17,179.35
84.06,54.501,7.937,1507.55,0.03,0.71,0.0,79.17,179.33
84.12,54.589,7.953,1506.96,0.03,0.71,0.0,79.17,179.3
84.18,54.678,7.97,1506.38,0.03,0.7,0.0,79.17,179.26
84.22,54.737,7.981,1505.99,0.03,0.69,0.0,79.17,179.24
84.28,54.826,7.998,1505.41,0.03,0.68,0.0,79.16,179.21
84.32,54.885,8.009,1505.02,0.03,0.68,0.0,79.16,179.18
84.38,54.974,8.025,1504.43,0.03,0.67,0.0,79.16,179.15
84.42,55.033,8.036,1504.04,0.03,0.67,0.0,79.16,179.13
84.46,55.092,8.047,1503.66,0.03,0.66,0.0,79.16,179.1
84.52,55.181,8.064,1503.07,0.03,0.65,0.0,79.16,179.07
84.58,55.27,8.081,1502.49,0.03,0.65,0.0,79.15,179.04
84.62,55.329,8.092,1502.1,0.03,0.64,0.0,79.15,179.01
84.66,55.388,8.103,1501.71,0.03,0.64,0.0,79.15,178.99
84.72,55.476,8.119,1501.13,0.03,0.63,0.0,79.15,178.96
84.76,55.535,8.131,1500.74,0.03,0.62,0.0,79.15,178.93
84.82,55.624,8.147,1500.16,0.02,0.62,0.0,79.14,178.9
84.88,55.712,8.164,1499.58,0.02,0.61,0.0,79.14,178.87
84.92,55.771,8.175,1499.19,0.02,0.61,0.0,79.14,178.84
84.98,55.859,8.191,1498.61,0.02,0.6,0.0,79.14,178.81
85.02,55.918,8.203,1498.22,0.02,0.59,0.0,79.13,178.79
85.08,56.006,8.219,1497.64,0.02,0.59,0.0,79.13,178.75
85.12,56.065,8.23,1497.25,0.02,0.58,0.0,79.13,178.73
85.18,56.153,8.247,1496.67,0.02,0.58,0.0,79.13,178.7
85.22,56.212,8.258,1496.28,0.02,0.57,0.0,79.13,178.67
85.28,56.3,8.275,1495.7,0.02,0.56,0.0,79.12,178.64
85.32,56.359,8.286,1495.31,0.02,0.56,0.0,79.12,178.62
85.38,56.447,8.302,1494.73,0.02,0.55,0.0,79.12,178.58
85.42,56.506,8.313,1494.34,0.02,0.55,0.0,79.12,178.56
85.48,56.594,8.33,1493.76,0.02,0.54,0.0,79.11,178.53
85.52,56.653,8.341,1493.38,0.02,0.54,0.0,79.11,178.51
85.58,56.741,8.358,1492.8,0.02,0.53,0.0,79.11,178.47
85.62,56.799,8.369,1492.41,0.02,0.53,0.0,79.1,178.45
85.68,56.887,8.385,1491.83,0.02,0.52,0.0,79.1,178.42
85.72,56.946,8.396,1491.44,0.02,0.52,0.0,79.1,178.4
85.78,57.034,8.413,1490.86,0.02,0.51,0.0,79.1,178.36
85.82,57.092,8.424,1490.47,0.02,0.51,0.0,79.09,178.34
85.88,57.18,8.441,1489.9,0.02,0.5,0.0,79.09,178.31
85.94,57.268,8.457,1489.32,0.02,0.5,0.0,79.09,178.28
85.98,57.326,8.468,1488.93,0.02,0.49,0.0,79.08,178.26
86.04,57.414,8.485,1488.35,0.02,0.49,0.0,79.08,178.22
86.08,57.473,8.496,1487.96,0.02,0.48,0.0,79.08,178.2
86.12,57.531,8.507,1487.58,0.02,0.48,0.0,79.07,178.18
86.18,57.619,8.524,1487.0,0.02,0.48,0.0,79.07,178.15
86.24,57.706,8.54,1486.42,0.02,0.47,0.0,79.07,178.12
86.28,57.765,8.551,1486.03,0.02,0.47,0.0,79.06,178.1
86.34,57.852,8.568,1485.45,0.02,0.46,0.0,79.06,178.07
86.38,57.911,8.579,1485.07,0.02,0.46,0.0,79.06,178.05
86.44,57.998,8.596,1484.49,0.02,0.45,0.0,79.05,178.02
86.48,58.056,8.607,1484.1,0.02,0.45,0.0,79.05,178.0
86.5,58.115,8.618,1483.72,0.02,0.45,0.0,79.05,177.98
86.58,58.202,8.634,1483.14,0.02,0.44,0.0,79.04,177.95
86.64,58.29,8.651,1482.56,0.02,0.44,0.0,79.04,177.92
86.68,58.348,8.662,1482.17,0.02,0.43,0.0,79.04,177.9
86.72,58.406,8.673,1481.79,0.02,0.43,0.0,79.03,177.88
86.78,58.493,8.69,1481.21,0.02,0.42,0.0,79.03,177.85
86.82,58.551,8.701,1480.83,0.02,0.42,0.0,79.03,177.83
86.88,58.639,8.717,1480.25,0.02,0.42,0.0,79.02,177.8
86.94,58.726,8.734,1479.67,0.02,0.41,0.0,79.02,177.77
86.98,58.784,8.745,1479.28,0.02,0.41,0.0,79.02,177.75
87.04,58.871,8.762,1478.71,0.02,0.4,0.0,79.01,177.73
87.1,58.958,8.778,1478.13,0.02,0.4,0.0,79.01,177.7
87.14,59.016,8.789,1477.74,0.02,0.4,0.0,79.0,177.68
87.2,59.103,8.806,1477.17,0.02,0.39,0.0,79.0,177.65
87.24,59.161,8.817,1476.78,0.02,0.39,0.0,79.0,177.64
87.28,59.219,8.828,1476.4,0.02,0.39,0.0,78.99,177.62
87.34,59.306,8.845,1475.82,0.02,0.38,0.0,78.99,177.59
87.4,59.393,8.861,1475.24,0.02,0.38,0.0,78.98,177.57
87.44,59.451,8.872,1474.86,0.02,0.37,0.0,78.98,177.55
87.5,59.538,8.889,1474.28,0.02,0.37,0.0,78.97,177.52
87.54,59.596,8.9,1473.9,0.02,0.37,0.0,78.97,177.51
87.58,59.654,8.911,1473.51,0.02,0.36,0.0,78.97,177.49
87.64,59.741,8.928,1472.94,0.02,0.36,0.0,78.96,177.46
87.68,59.798,8.939,1472.55,0.02,0.36,0.0,78.96,177.45
87.74,59.885,8.955,1471.98,0.02,0.35,0.0,78.96,177.42
87.8,59.972,8.972,1471.4,0.02,0.35,0.0,78.95,177.4
87.84,60.03,8.983,1471.02,0.02,0.35,0.0,78.95,177.38
87.88,60.087,8.994,1470.63,0.02,0.34,0.0,78.94,177.37
87.94,60.174,9.011,1470.05,0.02,0.34,0.0,78.94,177.35
88.0,60.261,9.027,1469.48,0.02,0.34,0.0,78.93,177.32
88.04,60.318,9.038,1469.09,0.02,0.33,0.0,78.93,177.31
88.1,60.405,9.055,1468.52,0.02,0.33,0.0,78.92,177.29
88.14,60.462,9.066,1468.14,0.02,0.33,0.0,78.92,177.27
88.2,60.549,9.083,1467.56,0.02,0.32,0.0,78.92,177.25
88.24,60.606,9.094,1467.18,0.02,0.32,0.0,78.91,177.24
88.3,60.693,9.11,1466.6,0.02,0.32,0.0,78.91,177.21
88.34,60.75,9.121,1466.22,0.02,0.31,0.0,78.9,177.2
88.4,60.837,9.138,1465.64,0.02,0.31,0.0,78.9,177.18
88.46,60.923,9.154,1465.07,0.02,0.31,0.0,78.89,177.16
88.5,60.981,9.166,1464.68,0.02,0.3,0.0,78.89,177.15
88.56,61.067,9.182,1464.11,0.01,0.3,0.0,78.88,177.13
88.6,61.124,9.193,1463.72,0.01,0.3,0.0,78.88,177.11
88.66,61.211,9.21,1463.15,0.01,0.29,0.0,78.88,177.09
88.7,61.268,9.221,1462.77,0.01,0.29,0.0,78.87,177.08
88.74,61.325,9.232,1462.38,0.01,0.29,0.0,78.87,177.07
88.8,61.411,9.248,1461.81,0.01,0.29,0.0,78.86,177.05
88.84,61.469,9.26,1461.42,0.01,0.28,0.0,78.86,177.04
88.9,61.555,9.276,1460.85,0.01,0.28,0.0,78.85,177.02
88.94,61.612,9.287,1460.47,0.01,0.28,0.0,78.85,177.01
89.0,61.698,9.304,1459.89,0.01,0.28,0.0,78.84,176.99
89.06,61.784,9.32,1459.32,0.01,0.27,0.0,78.84,176.97
89.1,61.841,9.331,1458.93,0.01,0.27,0.0,78.83,176.96
89.14,61.899,9.342,1458.55,0.01,0.27,0.0,78.83,176.95
89.2,61.985,9.359,1457.98,0.01,0.27,0.0,78.83,176.94
89.26,62.07,9.376,1457.4,0.01,0.26,0.0,78.82,176.92
89.3,62.128,9.387,1457.02,0.01,0.26,0.0,78.82,176.91
89.34,62.185,9.398,1456.64,0.01,0.26,0.0,78.81,176.9
89.4,62.271,9.414,1456.06,0.01,0.25,0.0,78.81,176.88
89.44,62.328,9.425,1455.68,0.01,0.25,0.0,78.8,176.87
89.5,62.413,9.442,1455.11,0.01,0.25,0.0,78.8,176.86
89.56,62.499,9.459,1454.53,0.01,0.25,0.0,78.79,176.84
89.6,62.556,9.47,1454.15,0.01,0.24,0.0,78.79,176.83
89.66,62.642,9.486,1453.58,0.01,0.24,0.0,78.78,176.82
89.7,62.699,9.497,1453.19,0.01,0.24,0.0,78.78,176.81
89.76,62.784,9.514,1452.62,0.01,0.24,0.0,78.77,176.8
89.8,62.841,9.525,1452.24,0.01,0.24,0.0,78.77,176.79
89.86,62.927,9.541,1451.67,0.01,0.23,0.0,78.76,176.78
89.9,62.984,9.552,1451.28,0.01,0.23,0.0,78.76,176.77
89.96,63.069,9.569,1450.71,0.01,0.23,0.0,78.75,176.76
90.0,63.126,9.58,1450.33,0.01,0.23,0.0,78.75,176.75
90.06,63.212,9.597,1449.76,0.01,0.22,0.0,78.74,176.74
90.1,63.269,9.608,1449.37,0.01,0.22,0.0,78.74,176.73
90.16,63.354,9.624,1448.8,0.01,0.22,0.0,78.73,176.72
90.22,63.439,9.641,1448.23,0.01,0.22,0.0,78.73,176.71
90.26,63.496,9.652,1447.85,0.01,0.21,0.0,78.72,176.7
90.32,63.581,9.669,1447.27,0.01,0.21,0.0,78.72,176.69
90.36,63.638,9.68,1446.89,0.01,0.21,0.0,78.71,176.68
90.42,63.723,9.696,1446.32,0.01,0.21,0.0,78.71,176.67
90.46,63.78,9.707,1445.94,0.01,0.21,0.0,78.7,176.66
90.5,63.837,9.718,1445.55,0.01,0.2,0.0,78.7,176.66
90.56,63.922,9.735,1444.98,0.01,0.2,0.0,78.69,176.65
90.6,63.978,9.746,1444.6,0.01,0.2,0.0,78.69,176.64
90.66,64.063,9.762,1444.03,0.01,0.2,0.0,78.68,176.63
90.72,64.148,9.779,1443.46,0.01,0.2,0.0,78.68,176.62
90.76,64.205,9.79,1443.07,0.01,0.19,0.0,78.67,176.62
90.82,64.29,9.807,1442.5,0.01,0.19,0.0,78.67,176.61
90.86,64.347,9.818,1442.12,0.01,0.19,0.0,78.66,176.6
90.92,64.431,9.834,1441.55,0.01,0.19,0.0,78.66,176.6
90.96,64.488,9.845,1441.17,0.01,0.19,0.0,78.65,176.59
91.02,64.573,9.862,1440.6,0.01,0.18,0.0,78.65,176.58
91.06,64.629,9.873,1440.21,0.01,0.18,0.0,78.64,176.58
91.12,64.714,9.889,1439.64,0.01,0.18,0.0,78.64,176.57
91.16,64.771,9.901,1439.26,0.01,0.18,0.0,78.63,176.57
91.22,64.855,9.917,1438.69,0.01,0.18,0.0,78.63,176.56
91.26,64.912,9.928,1438.31,0.01,0.18,0.0,78.62,176.56
91.32,64.996,9.945,1437.74,0.01,0.17,0.0,78.62,176.55
91.36,65.053,9.956,1437.36,0.01,0.17,0.0,78.61,176.55
91.42,65.137,9.972,1436.78,0.01,0.17,0.0,78.6,176.54
91.48,65.222,9.989,1436.21,0.01,0.17,0.0,78.6,176.54
91.52,65.278,10.0,1435.83,0.01,0.17,0.0,78.59,176.53
91.56,65.335,10.011,1435.45,0.01,0.17,0.0,78.59,176.53
91.62,65.419,10.028,1434.88,0.01,0.16,0.0,78.58,176.52
91.66,65.475,10.039,1434.5,0.01,0.16,0.0,78.58,176.52
91.72,65.56,10.055,1433.93,0.01,0.16,0.0,78.57,176.52
91.76,65.616,10.066,1433.55,0.01,0.16,0.0,78.57,176.51
91.82,65.7,10.083,1432.98,0.01,0.16,0.0,78.56,176.51
91.88,65.785,10.099,1432.41,0.01,0.15,0.0,78.56,176.51
91.92,65.841,10.11,1432.03,0.01,0.15,0.0,78.55,176.5
91.98,65.925,10.127,1431.45,0.01,0.15,0.0,78.55,176.5
92.02,65.981,10.138,1431.07,0.01,0.15,0.0,78.54,176.5
92.08,66.065,10.155,1430.5,0.01,0.15,0.0,78.54,176.49
92.12,66.121,10.166,1430.12,0.01,0.15,0.0,78.53,176.49
92.16,66.178,10.177,1429.74,0.01,0.15,0.0,78.53,176.49
92.22,66.262,10.193,1429.17,0.01,0.14,0.0,78.52,176.49
92.28,66.346,10.21,1428.6,0.01,0.14,0.0,78.52,176.49
92.32,66.402,10.221,1428.22,0.01,0.14,0.0,78.51,176.48
92.38,66.486,10.237,1427.65,0.01,0.14,0.0,78.51,176.48
92.42,66.542,10.248,1427.27,0.01,0.14,0.0,78.5,176.48
92.48,66.626,10.265,1426.7,0.01,0.14,0.0,78.5,176.48
92.52,66.682,10.276,1426.32,0.01,0.14,0.0,78.49,176.48
92.58,66.766,10.293,1425.75,0.01,0.13,0.0,78.48,176.48
92.62,66.822,10.304,1425.37,0.01,0.13,0.0,78.48,176.48
92.66,66.877,10.315,1424.99,0.01,0.13,0.0,78.48,176.47
92.72,66.961,10.331,1424.42,0.01,0.13,0.0,78.47,176.47
92.78,67.045,10.348,1423.85,0.01,0.13,0.0,78.46,176.47
92.82,67.101,10.359,1423.47,0.01,0.13,0.0,78.46,176.47
92.88,67.185,10.375,1422.9,0.01,0.13,0.0,78.45,176.47
92.92,67.24,10.386,1422.52,0.01,0.12,0.0,78.45,176.47
92.98,67.324,10.403,1421.95,0.01,0.12,0.0,78.44,176.47
93.02,67.38,10.414,1421.57,0.01,0.12,0.0,78.44,176.47
93.08,67.463,10.43,1421.0,0.01,0.12,0.0,78.43,176.47
93.12,67.519,10.442,1420.62,0.01,0.12,0.0,78.43,176.47
93.18,67.603,10.458,1420.05,0.01,0.12,0.0,78.42,176.47
93.22,67.658,10.469,1419.67,0.01,0.12,0.0,78.42,176.47
93.28,67.742,10.486,1419.1,0.01,0.12,0.0,78.41,176.47
93.32,67.798,10.497,1418.72,0.01,0.11,0.0,78.41,176.47
93.38,67.881,10.513,1418.15,0.01,0.11,0.0,78.4,176.48
93.44,67.964,10.53,1417.58,0.01,0.11,0.0,78.39,176.48
93.48,68.02,10.541,1417.2,0.01,0.11,0.0,78.39,176.48
93.54,68.103,10.557,1416.64,0.01,0.11,0.0,78.38,176.48
93.58,68.159,10.568,1416.26,0.01,0.11,0.0,78.38,176.48
93.64,68.242,10.585,1415.69,0.01,0.11,0.0,78.37,176.48
93.68,68.298,10.596,1415.31,0.01,0.11,0.0,78.37,176.48
93.74,68.381,10.613,1414.74,0.01,0.1,0.0,78.36,176.49
93.78,68.436,10.624,1414.36,0.01,0.1,0.0,78.36,176.49
93.84,68.52,10.64,1413.79,0.01,0.1,0.0,78.35,176.49
93.88,68.575,10.651,1413.41,0.01,0.1,0.0,78.35,176.49
93.92,68.63,10.662,1413.03,0.01,0.1,0.0,78.34,176.49
93.98,68.714,10.679,1412.46,0.01,0.1,0.0,78.34,176.5
94.02,68.769,10.69,1412.08,0.01,0.1,0.0,78.33,176.5
94.08,68.852,10.706,1411.52,0.01,0.1,0.0,78.33,176.5
94.14,68.935,10.723,1410.95,0.01,0.1,0.0,78.32,176.5
94.18,68.99,10.734,1410.57,0.01,0.1,0.0,78.32,176.51
94.24,69.073,10.75,1410.0,0.01,0.09,0.0,78.31,176.51
94.28,69.128,10.761,1409.62,0.01,0.09,0.0,78.31,176.51
94.34,69.211,10.778,1409.05,0.01,0.09,0.0,78.3,176.52
94.38,69.267,10.789,1408.67,0.01,0.09,0.0,78.3,176.52
94.44,69.349,10.806,1408.1,0.01,0.09,0.0,78.29,176.52
94.48,69.405,10.817,1407.73,0.01,0.09,0.0,78.29,176.52
94.54,69.487,10.833,1407.16,0.01,0.09,0.0,78.28,176.53
94.58,69.543,10.844,1406.78,0.01,0.09,0.0,78.28,176.53
94.64,69.625,10.861,1406.21,0.01,0.09,0.0,78.27,176.53
94.7,69.708,10.877,1405.64,0.01,0.09,0.0,78.26,176.54
94.74,69.763,10.888,1405.26,0.01,0.08,0.0,78.26,176.54
94.78,69.818,10.899,1404.89,0.01,0.08,0.0,78.26,176.55
94.84,69.901,10.916,1404.32,0.01,0.08,0.0,78.25,176.55
94.88,69.956,10.927,1403.94,0.01,0.08,0.0,78.24,176.55
94.94,70.038,10.943,1403.37,0.01,0.08,0.0,78.24,176.56
94.98,70.093,10.954,1402.99,0.01,0.08,0.0,78.23,176.56
95.04,70.176,10.971,1402.42,0.01,0.08,0.0,78.23,176.57
95.1,70.258,10.988,1401.86,0.01,0.08,0.0,78.22,176.57
95.14,70.313,10.999,1401.48,0.01,0.08,0.0,78.22,176.57
95.2,70.396,11.015,1400.91,0.01,0.08,0.0,78.21,176.58
95.24,70.45,11.026,1400.53,0.01,0.08,0.0,78.21,176.58
95.3,70.533,11.043,1399.97,0.01,0.07,0.0,78.2,176.59
95.34,70.588,11.054,1399.59,0.01,0.07,0.0,78.2,176.59
95.4,70.67,11.07,1399.02,0.01,0.07,0.0,78.19,176.6
95.44,70.725,11.081,1398.64,0.01,0.07,0.0,78.19,176.6
95.5,70.807,11.098,1398.07,0.01,0.07,0.0,78.18,176.61
95.54,70.862,11.109,1397.7,0.01,0.07,0.0,78.18,176.61
95.58,70.916,11.12,1397.32,0.01,0.07,0.0,78.17,176.62
95.64,70.999,11.136,1396.75,0.01,0.07,0.0,78.17,176.62
95.7,71.081,11.153,1396.18,0.01,0.07,0.0,78.16,176.63
95.74,71.135,11.164,1395.8,0.01,0.07,0.0,78.16,176.63
95.8,71.217,11.18,1395.24,0.01,0.07,0.0,78.15,176.64
95.84,71.272,11.192,1394.86,0.01,0.07,0.0,78.15,176.64
95.9,71.354,11.208,1394.29,0.01,0.07,0.0,78.14,176.65
95.94,71.409,11.219,1393.91,0.01,0.06,0.0,78.14,176.65
96.0,71.491,11.236,1393.35,0.01,0.06,0.0,78.13,176.66
96.04,71.545,11.247,1392.97,0.01,0.06,0.0,78.12,176.67
96.1,71.627,11.263,1392.4,0.01,0.06,0.0,78.12,176.67
96.14,71.682,11.274,1392.03,0.01,0.06,0.0,78.11,176.68
96.2,71.763,11.291,1391.46,0.01,0.06,0.0,78.11,176.68
96.24,71.818,11.302,1391.08,0.01,0.06,0.0,78.1,176.69
96.3,71.9,11.318,1390.51,0.01,0.06,0.0,78.1,176.7
96.34,71.954,11.329,1390.14,0.01,0.06,0.0,78.09,176.7
96.4,72.036,11.346,1389.57,0.01,0.06,0.0,78.09,176.71
96.44,72.09,11.357,1389.19,0.01,0.06,0.0,78.08,176.71
96.5,72.172,11.373,1388.63,0.01,0.06,0.0,78.08,176.72
96.54,72.226,11.384,1388.25,0.01,0.06,0.0,78.07,176.73
96.6,72.308,11.401,1387.68,0.01,0.06,0.0,78.07,176.73
96.66,72.39,11.417,1387.11,0.01,0.06,0.0,78.06,176.74
96.7,72.444,11.428,1386.74,0.01,0.06,0.0,78.06,176.75
96.74,72.498,11.439,1386.36,0.01,0.05,0.0,78.05,176.75
96.8,72.58,11.456,1385.79,0.01,0.05,0.0,78.05,176.76
96.84,72.634,11.467,1385.42,0.01,0.05,0.0,78.04,176.76
96.9,72.715,11.484,1384.85,0.01,0.05,0.0,78.04,176.77
96.94,72.77,11.495,1384.47,0.01,0.05,0.0,78.03,176.78
97.0,72.851,11.511,1383.91,0.01,0.05,0.0,78.03,176.79
97.04,72.905,11.522,1383.53,0.01,0.05,0.0,78.02,176.79
97.1,72.986,11.539,1382.96,0.01,0.05,0.0,78.02,176.8
97.16,73.068,11.555,1382.4,0.0,0.05,0.0,78.01,176.81
97.2,73.122,11.566,1382.02,0.0,0.05,0.0,78.01,176.81
97.26,73.203,11.583,1381.45,0.0,0.05,0.0,78.0,176.82
97.3,73.257,11.594,1381.08,0.0,0.05,0.0,78.0,176.83
97.36,73.338,11.61,1380.51,0.0,0.05,0.0,77.99,176.84
97.4,73.392,11.621,1380.13,0.0,0.05,0.0,77.99,176.84
97.46,73.473,11.638,1379.57,0.0,0.05,0.0,77.98,176.85
97.5,73.527,11.649,1379.19,0.0,0.05,0.0,77.98,176.86
97.54,73.581,11.66,1378.81,0.0,0.05,0.0,77.97,176.86
97.6,73.662,11.676,1378.25,0.0,0.05,0.0,77.97,176.87
97.66,73.743,11.693,1377.68,0.0,0.04,0.0,77.96,176.88
97.7,73.797,11.704,1377.3,0.0,0.04,0.0,77.96,176.88
97.76,73.878,11.72,1376.74,0.0,0.04,0.0,77.95,176.89
97.8,73.932,11.731,1376.36,0.0,0.04,0.0,77.95,176.9
97.86,74.013,11.748,1375.79,0.0,0.04,0.0,77.94,176.91
97.9,74.067,11.759,1375.42,0.0,0.04,0.0,77.94,176.91
97.96,74.148,11.775,1374.85,0.0,0.04,0.0,77.93,176.92
98.0,74.202,11.787,1374.48,0.0,0.04,0.0,77.93,176.93
98.06,74.282,11.803,1373.91,0.0,0.04,0.0,77.92,176.94
98.1,74.336,11.814,1373.53,0.0,0.04,0.0,77.92,176.94
98.16,74.417,11.831,1372.97,0.0,0.04,0.0,77.91,176.95
98.2,74.471,11.842,1372.59,0.0,0.04,0.0,77.91,176.96
98.26,74.551,11.858,1372.02,0.0,0.04,0.0,77.9,176.97
98.3,74.605,11.869,1371.65,0.0,0.04,0.0,77.89,176.98
98.36,74.685,11.886,1371.08,0.0,0.04,0.0,77.89,176.99
98.4,74.739,11.897,1370.71,0.0,0.04,0.0,77.88,176.99
98.46,74.82,11.913,1370.14,0.0,0.04,0.0,77.88,177.0
98.52,74.9,11.93,1369.58,0.0,0.04,0.0,77.87,177.01
98.56,74.954,11.941,1369.2,0.0,0.04,0.0,77.87,177.02
98.6,75.007,11.952,1368.82,0.0,0.04,0.0,77.86,177.02
98.66,75.088,11.968,1368.26,0.0,0.04,0.0,77.86,177.03
98.7,75.141,11.979,1367.88,0.0,0.04,0.0,77.85,177.04
98.76,75.222,11.996,1367.32,0.0,0.04,0.0,77.85,177.05
98.82,75.302,12.012,1366.75,0.0,0.03,0.0,77.84,177.06
98.86,75.355,12.023,1366.37,0.0,0.03,0.0,77.84,177.06
98.92,75.436,12.04,1365.81,0.0,0.03,0.0,77.83,177.07
98.96,75.489,12.051,1365.43,0.0,0.03,0.0,77.83,177.08
99.0,75.543,12.062,1365.06,0.0,0.03,0.0,77.82,177.09
99.06,75.623,12.078,1364.49,0.0,0.03,0.0,77.82,177.1
99.12,75.703,12.095,1363.93,0.0,0.03,0.0,77.81,177.11
99.16,75.756,12.106,1363.55,0.0,0.03,0.0,77.81,177.11
99.22,75.836,12.122,1362.98,0.0,0.03,0.0,77.8,177.12
99.26,75.89,12.133,1362.61,0.0,0.03,0.0,77.8,177.13
99.32,75.97,12.15,1362.04,0.0,0.03,0.0,77.79,177.14
99.36,76.023,12.161,1361.67,0.0,0.03,0.0,77.79,177.15
99.42,76.103,12.177,1361.1,0.0,0.03,0.0,77.78,177.16
99.46,76.156,12.188,1360.73,0.0,0.03,0.0,77.78,177.16
99.52,76.236,12.205,1360.16,0.0,0.03,0.0,77.77,177.17
99.56,76.289,12.216,1359.78,0.0,0.03,0.0,77.77,177.18
99.62,76.369,12.232,1359.22,0.0,0.03,0.0,77.76,177.19
99.66,76.422,12.243,1358.84,0.0,0.03,0.0,77.76,177.2
99.72,76.502,12.26,1358.28,0.0,0.03,0.0,77.75,177.21
99.76,76.555,12.271,1357.9,0.0,0.03,0.0,77.75,177.21
99.82,76.635,12.287,1357.34,0.0,0.03,0.0,77.74,177.23
99.86,76.688,12.298,1356.96,0.0,0.03,0.0,77.74,177.23
99.9,76.741,12.309,1356.59,0.0,0.03,0.0,77.74,177.24
99.96,76.821,12.326,1356.02,0.0,0.03,0.0,77.73,177.25
100.02,76.901,12.342,1355.46,0.0,0.03,0.0,77.72,177.26
100.06,76.954,12.353,1355.08,0.0,0.03,0.0,77.72,177.27
100.1,77.007,12.364,1354.71,0.0,0.03,0.0,77.72,177.27
100.16,77.086,12.381,1354.14,0.0,0.03,0.0,77.71,177.28
100.2,77.139,12.392,1353.77,0.0,0.03,0.0,77.71,177.29
100.26,77.219,12.408,1353.2,0.0,0.03,0.0,77.7,177.3
100.3,77.272,12.419,1352.83,0.0,0.03,0.0,77.7,177.31
100.36,77.351,12.436,1352.26,0.0,0.02,0.0,77.69,177.32
100.4,77.404,12.447,1351.89,0.0,0.02,0.0,77.69,177.33
100.46,77.483,12.464,1351.32,0.0,0.02,0.0,77.68,177.34
100.52,77.563,12.48,1350.76,0.0,0.02,0.0,77.67,177.35
100.56,77.615,12.491,1350.38,0.0,0.02,0.0,77.67,177.35
100.62,77.695,12.513,1349.82,0.0,0.02,0.0,77.66,177.37
100.66,77.748,12.524,1349.44,0.0,0.02,0.0,77.66,177.38
100.7,77.8,12.535,1349.07,0.0,0.02,0.0,77.65,177.38
100.76,77.88,12.552,1348.5,0.0,0.02,0.0,77.65,177.39
100.82,77.959,12.563,1347.94,0.0,0.02,0.0,77.64,177.4
100.88,78.038,12.579,1347.37,0.0,0.02,0.0,77.64,177.41
100.92,78.091,12.59,1347.0,0.0,0.02,0.0,77.63,177.42
100.98,78.17,12.607,1346.43,0.0,0.02,0.0,77.63,177.43
101.02,78.222,12.618,1346.06,0.0,0.02,0.0,77.62,177.44
101.08,78.301,12.634,1345.5,0.0,0.02,0.0,77.62,177.45
101.12,78.354,12.645,1345.12,0.0,0.02,0.0,77.61,177.45
101.18,78.433,12.662,1344.56,0.0,0.02,0.0,77.61,177.46
101.22,78.485,12.673,1344.18,0.0,0.02,0.0,77.61,177.47
101.26,78.538,12.684,1343.8,0.0,0.02,0.0,77.6,177.48
101.32,78.617,12.7,1343.24,0.0,0.02,0.0,77.6,177.49
101.38,78.696,12.717,1342.68,0.0,0.02,0.0,77.59,177.5
101.38,78.748,12.728,1342.3,0.0,0.02,0.0,77.59,177.51
101.46,78.801,12.739,1341.93,0.0,0.02,0.0,77.58,177.51
101.52,78.879,12.755,1341.36,0.0,0.02,0.0,77.58,177.53
101.56,78.932,12.766,1340.99,0.0,0.02,0.0,77.57,177.53
101.62,79.011,12.783,1340.42,0.0,0.02,0.0,77.57,177.54
101.66,79.063,12.794,1340.05,0.0,0.02,0.0,77.56,177.55
101.7,79.116,12.805,1339.67,0.0,0.02,0.0,77.56,177.56
101.76,79.194,12.821,1339.11,0.0,0.02,0.0,77.55,177.57
101.82,79.273,12.838,1338.55,0.0,0.02,0.0,77.55,177.58
101.88,79.351,12.854,1337.98,0.0,0.02,0.0,77.54,177.59
101.92,79.404,12.865,1337.61,0.0,0.02,0.0,77.54,177.6
101.98,79.482,12.881,1337.04,0.0,0.02,0.0,77.53,177.61
102.02,79.534,12.892,1336.67,0.0,0.02,0.0,77.53,177.62
102.08,79.613,12.909,1336.11,0.0,0.02,0.0,77.52,177.63
102.1,79.639,12.914,1335.92,0.0,0.02,0.0,77.52,177.63
102.16,79.717,12.931,1335.36,0.0,0.02,0.0,77.51,177.64
102.2,79.769,12.942,1334.98,0.0,0.02,0.0,77.51,177.65
102.26,79.848,12.958,1334.42,0.0,0.02,0.0,77.5,177.66
102.32,79.926,12.975,1333.85,0.0,0.02,0.0,77.5,177.67
102.36,79.978,12.986,1333.48,0.0,0.02,0.0,77.49,177.68
102.42,80.056,13.002,1332.92,0.0,0.02,0.0,77.49,177.69
102.46,80.109,13.013,1332.54,0.0,0.02,0.0,77.48,177.7
102.52,80.187,13.03,1331.98,0.0,0.02,0.0,77.48,177.71
102.58,80.265,13.046,1331.42,0.0,0.02,0.0,77.47,177.72
102.62,80.317,13.057,1331.04,0.0,0.02,0.0,77.47,177.73
102.66,80.369,13.068,1330.67,0.0,0.02,0.0,77.46,177.73
102.72,80.447,13.085,1330.1,0.0,0.02,0.0,77.46,177.74
102.76,80.499,13.096,1329.73,0.0,0.01,0.0,77.46,177.75
102.82,80.577,13.112,1329.16,0.0,0.01,0.0,77.45,177.76
102.88,80.655,13.129,1328.6,0.0,0.01,0.0,77.44,177.77
102.92,80.707,13.14,1328.23,0.0,0.01,0.0,77.44,177.78
102.98,80.785,13.156,1327.66,0.0,0.01,0.0,77.43,177.79
103.02,80.837,13.167,1327.29,0.0,0.01,0.0,77.43,177.8
103.08,80.915,13.184,1326.73,0.0,0.01,0.0,77.42,177.81
103.12,80.967,13.195,1326.35,0.0,0.01,0.0,77.42,177.82
103.18,81.044,13.211,1325.79,0.0,0.01,0.0,77.41,177.83
103.22,81.096,13.222,1325.42,0.0,0.01,0.0,77.41,177.84
103.28,81.174,13.239,1324.85,0.0,0.01,0.0,77.4,177.85
103.32,81.226,13.25,1324.48,0.0,0.01,0.0,77.4,177.86
103.38,81.303,13.266,1323.92,0.0,0.01,0.0,77.4,177.87
103.42,81.355,13.277,1323.54,0.0,0.01,0.0,77.39,177.87
103.48,81.433,13.294,1322.98,0.0,0.01,0.0,77.39,177.89
103.52,81.484,13.305,1322.6,0.0,0.01,0.0,77.38,177.89
103.58,81.562,13.321,1322.04,0.0,0.01,0.0,77.38,177.9
103.64,81.64,13.338,1321.48,0.0,0.01,0.0,77.37,177.92
103.68,81.691,13.349,1321.1,0.0,0.01,0.0,77.37,177.92
103.74,81.769,13.365,1320.54,0.0,0.01,0.0,77.36,177.93
103.78,81.82,13.376,1320.17,0.0,0.01,0.0,77.36,177.94
103.82,81.872,13.387,1319.79,0.0,0.01,0.0,77.35,177.95
103.88,81.949,13.404,1319.23,0.0,0.01,0.0,77.35,177.96
103.92,82.001,13.415,1318.86,0.0,0.01,0.0,77.34,177.97
103.98,82.078,13.431,1318.29,0.0,0.01,0.0,77.34,177.98
104.04,82.155,13.448,1317.73,0.0,0.01,0.0,77.33,177.99
104.08,82.207,13.459,1317.36,0.0,0.01,0.0,77.33,178.0
104.14,82.284,13.475,1316.8,0.0,0.01,0.0,77.32,178.01
104.18,82.336,13.486,1316.42,0.0,0.01,0.0,77.32,178.02
104.24,82.413,13.503,1315.86,0.0,0.01,0.0,77.31,178.03
104.28,82.464,13.514,1315.49,0.0,0.01,0.0,77.31,178.03
104.34,82.541,13.53,1314.92,0.0,0.01,0.0,77.3,178.05
104.38,82.593,13.541,1314.55,0.0,0.01,0.0,77.3,178.05
104.44,82.67,13.557,1313.99,0.0,0.01,0.0,77.29,178.06
104.48,82.721,13.568,1313.61,0.0,0.01,0.0,77.29,178.07
104.54,82.798,13.585,1313.05,0.0,0.01,0.0,77.28,178.08
104.58,82.85,13.596,1312.68,0.0,0.01,0.0,77.28,178.09
104.64,82.926,13.612,1312.11,0.0,0.01,0.0,77.27,178.1
104.68,82.978,13.623,1311.74,0.0,0.01,0.0,77.27,178.11
104.74,83.055,13.64,1311.18,0.0,0.01,0.0,77.26,178.12
104.78,83.106,13.651,1310.8,0.0,0.01,0.0,77.26,178.13
104.84,83.183,13.667,1310.24,0.0,0.01,0.0,77.25,178.14
104.88,83.234,13.678,1309.87,0.0,0.01,0.0,77.25,178.15
104.94,83.311,13.695,1309.31,0.0,0.01,0.0,77.25,178.16
104.98,83.362,13.706,1308.93,0.0,0.01,0.0,77.24,178.16
105.04,83.439,13.722,1308.37,0.0,0.01,0.0,77.24,178.18
105.08,83.49,13.733,1308.0,0.0,0.01,0.0,77.23,178.18
105.14,83.566,13.75,1307.44,0.0,0.01,0.0,77.23,178.19
105.2,83.643,13.766,1306.88,0.0,0.01,0.0,77.22,178.21
105.24,83.694,13.777,1306.5,0.0,0.01,0.0,77.22,178.21
105.3,83.771,13.794,1305.94,0.0,0.01,0.0,77.21,178.22
105.34,83.822,13.805,1305.57,0.0,0.01,0.0,77.21,178.23
105.38,83.873,13.816,1305.19,0.0,0.01,0.0,77.2,178.24
105.44,83.949,13.832,1304.63,0.0,0.01,0.0,77.2,178.25
105.5,84.026,13.849,1304.07,0.0,0.01,0.0,77.19,178.26
105.54,84.077,13.86,1303.7,0.0,0.01,0.0,77.19,178.27
105.6,84.153,13.876,1303.13,0.0,0.01,0.0,77.18,178.28
105.64,84.204,13.887,1302.76,0.0,0.01,0.0,77.18,178.29
105.7,84.28,13.903,1302.2,0.0,0.01,0.0,77.17,178.3
105.74,84.331,13.914,1301.83,0.0,0.01,0.0,77.17,178.31
105.8,84.407,13.931,1301.26,0.0,0.01,0.0,77.16,178.32
105.84,84.458,13.942,1300.89,0.0,0.01,0.0,77.16,178.32
105.88,84.509,13.953,1300.52,0.0,0.01,0.0,77.16,178.33
105.94,84.585,13.969,1299.96,0.0,0.01,0.0,77.15,178.34
106.0,84.661,13.986,1299.39,0.0,0.01,0.0,77.14,178.35
106.04,84.712,13.997,1299.02,0.0,0.01,0.0,77.14,178.36
106.1,84.788,14.013,1298.46,0.0,0.01,0.0,77.13,178.37
106.14,84.839,14.024,1298.09,0.0,0.01,0.0,77.13,178.38
106.2,84.915,14.041,1297.53,0.0,0.01,0.0,77.13,178.39
106.26,84.991,14.057,1296.96,0.0,0.01,0.0,77.12,178.4
106.3,85.042,14.068,1296.59,0.0,0.01,0.0,77.12,178.41
106.34,85.092,14.079,1296.22,0.0,0.01,0.0,77.11,178.42
106.4,85.168,14.096,1295.66,0.0,0.01,0.0,77.11,178.43
106.44,85.219,14.107,1295.28,0.0,0.01,0.0,77.1,178.44
106.5,85.295,14.123,1294.72,0.0,0.01,0.0,77.1,178.45
106.54,85.345,14.134,1294.35,0.0,0.01,0.0,77.09,178.45
106.6,85.421,14.151,1293.79,0.0,0.01,0.0,77.09,178.47
106.64,85.472,14.161,1293.41,0.0,0.01,0.0,77.08,178.47
106.7,85.547,14.178,1292.85,0.0,0.01,0.0,77.08,178.48
106.76,85.623,14.194,1292.29,0.0,0.01,0.0,77.07,178.49
106.8,85.674,14.205,1291.92,0.0,0.01,0.0,77.07,178.5
106.86,85.749,14.222,1291.36,0.0,0.01,0.0,77.06,178.51
106.9,85.8,14.233,1290.99,0.0,0.01,0.0,77.06,178.52
106.96,85.875,14.249,1290.43,0.0,0.01,0.0,77.05,178.53
107.0,85.926,14.26,1290.05,0.0,0.01,0.0,77.05,178.54
107.06,86.001,14.277,1289.49,0.0,0.01,0.0,77.04,178.55
107.1,86.052,14.288,1289.12,0.0,0.01,0.0,77.04,178.56
107.14,86.102,14.299,1288.74,0.0,0.01,0.0,77.04,178.56
107.2,86.178,14.315,1288.18,0.0,0.01,0.0,77.03,178.58
107.26,86.253,14.332,1287.62,0.0,0.01,0.0,77.02,178.59
107.3,86.303,14.343,1287.25,0.0,0.01,0.0,77.02,178.59
107.36,86.379,14.359,1286.69,0.0,0.01,0.0,77.02,178.61
107.4,86.429,14.37,1286.32,0.0,0.01,0.0,77.01,178.61
107.44,86.479,14.381,1285.94,0.0,0.01,0.0,77.01,178.62
107.5,86.554,14.397,1285.38,0.0,0.01,0.0,77.0,178.63
107.56,86.63,14.414,1284.82,0.0,0.01,0.0,77.0,178.64
107.6,86.68,14.425,1284.45,0.0,0.01,0.0,76.99,178.65
107.66,86.755,14.441,1283.89,0.0,0.01,0.0,76.99,178.66
107.7,86.805,14.452,1283.52,0.0,0.01,0.0,76.98,178.67
107.74,86.855,14.463,1283.14,0.0,0.0,0.0,76.98,178.68
107.8,86.93,14.48,1282.58,0.0,0.0,0.0,76.97,178.69
107.86,87.006,14.496,1282.02,0.0,0.0,0.0,76.97,178.7
107.92,87.081,14.513,1281.46,0.0,0.0,0.0,76.96,178.71
107.96,87.131,14.524,1281.09,0.0,0.0,0.0,76.96,178.72
108.0,87.181,14.535,1280.72,0.0,0.0,0.0,76.95,178.72
108.06,87.256,14.551,1280.16,0.0,0.0,0.0,76.95,178.73
108.12,87.331,14.568,1279.6,0.0,0.0,0.0,76.94,178.74
108.16,87.38,14.579,1279.23,0.0,0.0,0.0,76.94,178.75
108.22,87.455,14.595,1278.67,0.0,0.0,0.0,76.93,178.76
108.26,87.505,14.606,1278.29,0.0,0.0,0.0,76.93,178.77
108.32,87.58,14.622,1277.73,0.0,0.0,0.0,76.92,178.78
108.36,87.63,14.633,1277.36,0.0,0.0,0.0,76.92,178.79
108.4,87.68,14.644,1276.99,0.0,0.0,0.0,76.92,178.8
108.46,87.755,14.661,1276.43,0.0,0.0,0.0,76.91,178.81
108.5,87.804,14.672,1276.05,0.0,0.0,0.0,76.91,178.81
108.56,87.879,14.688,1275.5,0.0,0.0,0.0,76.9,178.82
108.6,87.929,14.699,1275.12,0.0,0.0,0.0,76.9,178.83
108.66,88.004,14.716,1274.56,0.0,0.0,0.0,76.89,178.84
108.72,88.078,14.732,1274.0,0.0,0.0,0.0,76.89,178.85
108.76,88.128,14.743,1273.63,0.0,0.0,0.0,76.88,178.86
108.82,88.202,14.76,1273.07,0.0,0.0,0.0,76.88,178.87
108.86,88.252,14.771,1272.7,0.0,0.0,0.0,76.87,178.88
108.9,88.302,14.781,1272.33,0.0,0.0,0.0,76.87,178.89
108.96,88.376,14.798,1271.77,0.0,0.0,0.0,76.86,178.9
109.02,88.451,14.814,1271.21,0.0,0.0,0.0,76.86,178.91
109.06,88.5,14.825,1270.83,0.0,0.0,0.0,76.86,178.92
109.12,88.575,14.842,1270.28,0.0,0.0,0.0,76.85,178.93
109.16,88.624,14.853,1269.9,0.0,0.0,0.0,76.85,178.93
109.22,88.699,14.869,1269.34,0.0,0.0,0.0,76.84,178.94
109.26,88.748,14.88,1268.97,0.0,0.0,0.0,76.84,178.95
109.32,88.822,14.897,1268.41,0.0,0.0,0.0,76.83,178.96
109.36,88.872,14.908,1268.04,0.0,0.0,0.0,76.83,178.97
109.42,88.946,14.924,1267.48,0.0,0.0,0.0,76.82,178.98
109.46,88.996,14.935,1267.11,0.0,0.0,0.0,76.82,178.99
109.52,89.07,14.951,1266.55,0.0,0.0,0.0,76.81,179.0
109.56,89.119,14.962,1266.18,0.0,0.0,0.0,76.81,179.01
109.62,89.193,14.979,1265.62,0.0,0.0,0.0,76.8,179.02
109.68,89.267,14.995,1265.06,0.0,0.0,0.0,76.8,179.03
109.72,89.317,15.006,1264.68,0.0,0.0,0.0,76.79,179.03
109.76,89.366,15.017,1264.31,0.0,0.0,0.0,76.79,179.04
109.82,89.44,15.034,1263.75,0.0,0.0,0.0,76.78,179.05
109.86,89.489,15.045,1263.38,0.0,0.0,0.0,76.78,179.06
109.92,89.563,15.061,1262.82,0.0,0.0,0.0,76.77,179.07
109.98,89.637,15.078,1262.26,0.0,0.0,0.0,76.77,179.08
110.02,89.686,15.089,1261.89,0.0,0.0,0.0,76.76,179.09
110.08,89.76,15.105,1261.33,0.0,0.0,0.0,76.76,179.1
110.12,89.809,15.116,1260.96,0.0,0.0,0.0,76.76,179.11
110.16,89.858,15.127,1260.59,0.0,0.0,0.0,76.75,179.11
110.22,89.932,15.143,1260.03,0.0,0.0,0.0,76.75,179.12
110.26,89.981,15.154,1259.66,0.0,0.0,0.0,76.74,179.13
110.32,90.055,15.171,1259.1,0.0,0.0,0.0,76.74,179.14
110.38,90.129,15.187,1258.54,0.0,0.0,0.0,76.73,179.15
110.42,90.178,15.198,1258.17,0.0,0.0,0.0,76.73,179.16
110.48,90.251,15.215,1257.61,0.0,0.0,0.0,76.72,179.17
110.52,90.3,15.226,1257.24,0.0,0.0,0.0,76.72,179.18
110.56,90.349,15.237,1256.86,0.0,0.0,0.0,76.71,179.19
110.62,90.423,15.253,1256.3,0.0,0.0,0.0,76.71,179.2
110.68,90.496,15.269,1255.75,0.0,0.0,0.0,76.7,179.21
110.72,90.545,15.28,1255.37,0.0,0.0,0.0,76.7,179.21
110.78,90.619,15.297,1254.82,0.0,0.0,0.0,76.69,179.22
110.82,90.668,15.308,1254.44,0.0,0.0,0.0,76.69,179.23
110.88,90.741,15.324,1253.89,0.0,0.0,0.0,76.68,179.24
110.92,90.79,15.335,1253.51,0.0,0.0,0.0,76.68,179.25
110.98,90.863,15.352,1252.95,0.0,0.0,0.0,76.68,179.26
111.02,90.912,15.363,1252.58,0.0,0.0,0.0,76.67,179.27
111.08,90.986,15.379,1252.02,0.0,0.0,0.0,76.67,179.28
111.12,91.034,15.39,1251.65,0.0,0.0,0.0,76.66,179.28
111.18,91.108,15.406,1251.09,0.0,0.0,0.0,76.66,179.3
111.24,91.181,15.423,1250.54,0.0,0.0,0.0,76.65,179.31
111.28,91.229,15.434,1250.16,0.0,0.0,0.0,76.65,179.31
111.32,91.278,15.445,1249.79,0.0,0.0,0.0,76.64,179.32
111.38,91.351,15.461,1249.23,0.0,0.0,0.0,76.64,179.33
111.42,91.4,15.472,1248.86,0.0,0.0,0.0,76.63,179.34
111.48,91.473,15.489,1248.3,0.0,0.0,0.0,76.63,179.35
111.52,91.522,15.5,1247.93,0.0,0.0,0.0,76.62,179.36
111.58,91.595,15.516,1247.37,0.0,0.0,0.0,76.62,179.37
111.64,91.668,15.533,1246.82,0.0,0.0,0.0,76.61,179.38
111.68,91.716,15.543,1246.44,0.0,0.0,0.0,76.61,179.38
111.72,91.765,15.554,1246.07,0.0,0.0,0.0,76.61,179.39
111.78,91.838,15.571,1245.51,0.0,0.0,0.0,76.6,179.4
111.82,91.886,15.582,1245.14,0.0,0.0,0.0,76.6,179.41
111.88,91.959,15.598,1244.58,0.0,0.0,0.0,76.59,179.42
111.94,92.032,15.615,1244.03,0.0,0.0,0.0,76.59,179.43
111.98,92.08,15.626,1243.65,0.0,0.0,0.0,76.58,179.44
112.02,92.129,15.637,1243.28,0.0,0.0,0.0,76.58,179.44
112.08,92.201,15.653,1242.72,0.0,0.0,0.0,76.57,179.45
112.12,92.25,15.664,1242.35,0.0,0.0,0.0,76.57,179.46
112.18,92.323,15.68,1241.8,0.0,0.0,0.0,76.56,179.47
112.24,92.395,15.697,1241.24,0.0,0.0,0.0,76.56,179.48
112.28,92.443,15.708,1240.87,0.0,0.0,0.0,76.55,179.49
112.34,92.516,15.724,1240.31,0.0,0.0,0.0,76.55,179.5
112.38,92.564,15.735,1239.94,0.0,0.0,0.0,76.54,179.51
112.44,92.637,15.752,1239.38,0.0,0.0,0.0,76.54,179.52
112.48,92.685,15.763,1239.01,0.0,0.0,0.0,76.54,179.52
112.54,92.758,15.779,1238.45,0.0,0.0,0.0,76.53,179.53
112.58,92.806,15.79,1238.08,0.0,0.0,0.0,76.53,179.54
112.64,92.878,15.806,1237.52,0.0,0.0,0.0,76.52,179.55
112.68,92.926,15.817,1237.15,0.0,0.0,0.0,76.52,179.56
112.72,92.975,15.828,1236.78,0.0,0.0,0.0,76.51,179.56
112.78,93.047,15.845,1236.22,0.0,0.0,0.0,76.51,179.58
112.84,93.119,15.861,1235.66,0.0,0.0,0.0,76.5,179.59
112.88,93.167,15.872,1235.29,0.0,0.0,0.0,76.5,179.59
112.94,93.24,15.889,1234.73,0.0,0.0,0.0,76.49,179.6
113.0,93.312,15.905,1234.18,0.0,0.0,0.0,76.49,179.61
113.04,93.36,15.916,1233.81,0.0,0.0,0.0,76.48,179.62
113.08,93.408,15.927,1233.43,0.0,0.0,0.0,76.48,179.63
113.14,93.48,15.943,1232.88,0.0,0.0,0.0,76.47,179.64
113.18,93.528,15.954,1232.51,0.0,0.0,0.0,76.47,179.64
113.24,93.6,15.971,1231.95,0.0,0.0,0.0,76.46,179.65
113.28,93.648,15.982,1231.58,0.0,0.0,0.0,76.46,179.66
113.34,93.72,15.998,1231.02,0.0,0.0,0.0,76.46,179.67
113.4,93.792,16.015,1230.46,0.0,0.0,0.0,76.45,179.68
113.44,93.84,16.026,1230.09,0.0,0.0,0.0,76.45,179.69
113.48,93.888,16.036,1229.72,0.0,0.0,0.0,76.44,179.7
113.54,93.96,16.053,1229.16,0.0,0.0,0.0,76.44,179.71
113.6,94.031,16.069,1228.61,0.0,0.0,0.0,76.43,179.72
113.64,94.079,16.08,1228.23,0.0,0.0,0.0,76.43,179.72
113.7,94.151,16.097,1227.68,0.0,0.0,0.0,76.42,179.73
113.74,94.199,16.108,1227.31,0.0,0.0,0.0,76.42,179.74
113.78,94.247,16.119,1226.93,0.0,0.0,0.0,76.41,179.75
113.84,94.318,16.135,1226.38,0.0,0.0,0.0,76.41,179.76
113.9,94.39,16.151,1225.82,0.0,0.0,0.0,76.4,179.77
113.94,94.438,16.162,1225.45,0.0,0.0,0.0,76.4,179.77
114.0,94.509,16.179,1224.89,0.0,0.0,0.0,76.39,179.78
114.04,94.557,16.19,1224.52,0.0,0.0,0.0,76.39,179.79
114.08,94.605,16.201,1224.15,0.0,0.0,0.0,76.39,179.8
114.14,94.676,16.217,1223.59,0.0,0.0,0.0,76.38,179.81
114.2,94.748,16.234,1223.04,0.0,0.0,0.0,76.38,179.82
114.24,94.795,16.245,1222.67,0.0,0.0,0.0,76.37,179.83
114.3,94.867,16.261,1222.11,0.0,0.0,0.0,76.37,179.84
114.34,94.914,16.272,1221.74,0.0,0.0,0.0,76.36,179.84
114.4,94.986,16.288,1221.18,0.0,0.0,0.0,76.36,179.85
114.44,95.033,16.299,1220.81,0.0,0.0,0.0,76.35,179.86
114.5,95.105,16.316,1220.25,0.0,0.0,0.0,76.35,179.87
114.54,95.152,16.327,1219.88,0.0,0.0,0.0,76.34,179.88
114.6,95.223,16.343,1219.33,0.0,0.0,0.0,76.34,179.89
114.64,95.271,16.354,1218.96,0.0,0.0,0.0,76.33,179.89
114.7,95.342,16.37,1218.4,0.0,0.0,0.0,76.33,179.9
114.74,95.389,16.381,1218.03,0.0,0.0,0.0,76.33,179.91
114.8,95.461,16.398,1217.47,0.0,0.0,0.0,76.32,179.92
114.86,95.532,16.414,1216.92,0.0,0.0,0.0,76.31,179.93
114.9,95.579,16.425,1216.54,0.0,0.0,0.0,76.31,179.94
114.94,95.626,16.436,1216.17,0.0,0.0,0.0,76.31,179.94
115.0,95.697,16.453,1215.62,0.0,0.0,0.0,76.3,179.95
115.04,95.745,16.464,1215.25,0.0,0.0,0.0,76.3,179.96
115.1,95.816,16.48,1214.69,0.0,0.0,0.0,76.29,179.97
115.16,95.887,16.496,1214.13,0.0,0.0,0.0,76.29,179.98
115.2,95.934,16.507,1213.76,0.0,0.0,0.0,76.28,179.99
115.24,95.981,16.518,1213.39,0.0,0.0,0.0,76.28,179.99
115.3,96.052,16.535,1212.84,0.0,0.0,0.0,76.27,180.0
115.34,96.099,16.546,1212.47,0.0,0.0,0.0,76.27,180.01
115.4,96.17,16.562,1211.91,0.0,0.0,0.0,76.26,180.02
115.46,96.241,16.578,1211.35,0.0,0.0,0.0,76.26,180.03
115.5,96.288,16.589,1210.98,0.0,0.0,0.0,76.25,180.04
115.56,96.359,16.606,1210.43,0.0,0.0,0.0,76.25,180.05
115.6,96.406,16.617,1210.06,0.0,0.0,0.0,76.25,180.05
115.66,96.476,16.633,1209.5,0.0,0.0,0.0,76.24,180.06
115.7,96.523,16.644,1209.13,0.0,0.0,0.0,76.24,180.07
115.76,96.594,16.661,1208.57,0.0,0.0,0.0,76.23,180.08
115.8,96.641,16.671,1208.2,0.0,0.0,0.0,76.23,180.09
115.86,96.712,16.688,1207.65,0.0,0.0,0.0,76.22,180.1
115.9,96.759,16.699,1207.28,0.0,0.0,0.0,76.22,180.1
115.94,96.806,16.71,1206.91,0.0,0.0,0.0,76.21,180.11
116.0,96.876,16.726,1206.35,0.0,0.0,0.0,76.21,180.12
116.06,96.946,16.743,1205.79,0.0,0.0,0.0,76.2,180.13
116.1,96.993,16.754,1205.42,0.0,0.0,0.0,76.2,180.14
116.16,97.064,16.77,1204.87,0.0,0.0,0.0,76.19,180.15
116.2,97.111,16.781,1204.5,0.0,0.0,0.0,76.19,180.15
116.26,97.181,16.797,1203.94,0.0,0.0,0.0,76.18,180.16
116.3,97.228,16.808,1203.57,0.0,0.0,0.0,76.18,180.17
116.36,97.298,16.825,1203.02,0.0,0.0,0.0,76.17,180.18
116.4,97.345,16.836,1202.64,0.0,0.0,0.0,76.17,180.19
116.46,97.415,16.852,1202.09,0.0,0.0,0.0,76.17,180.2
116.5,97.462,16.863,1201.72,0.0,0.0,0.0,76.16,180.2
116.56,97.532,16.879,1201.16,0.0,0.0,0.0,76.16,180.21
116.6,97.579,16.89,1200.79,0.0,0.0,0.0,76.15,180.22
116.66,97.649,16.907,1200.24,0.0,0.0,0.0,76.15,180.23
116.72,97.719,16.923,1199.68,0.0,0.0,0.0,76.14,180.24
116.76,97.765,16.934,1199.31,0.0,0.0,0.0,76.14,180.24
116.82,97.835,16.95,1198.76,0.0,0.0,0.0,76.13,180.25
116.86,97.882,16.961,1198.39,0.0,0.0,0.0,76.13,180.26
116.9,97.929,16.972,1198.02,0.0,0.0,0.0,76.12,180.27
116.96,97.998,16.989,1197.46,0.0,0.0,0.0,76.12,180.28
117.02,98.068,17.005,1196.9,0.0,0.0,0.0,76.11,180.29
117.06,98.115,17.016,1196.53,0.0,0.0,0.0,76.11,180.29
117.12,98.185,17.033,1195.98,0.0,0.0,0.0,76.1,180.3
117.16,98.231,17.043,1195.61,0.0,0.0,0.0,76.1,180.31
117.22,98.301,17.06,1195.05,0.0,0.0,0.0,76.1,180.32
117.26,98.347,17.071,1194.68,0.0,0.0,0.0,76.09,180.33
117.3,98.394,17.082,1194.31,0.0,0.0,0.0,76.09,180.33
117.36,98.464,17.098,1193.76,0.0,0.0,0.0,76.08,180.34
117.42,98.533,17.115,1193.2,0.0,0.0,0.0,76.08,180.35
117.46,98.58,17.126,1192.83,0.0,0.0,0.0,76.07,180.36
117.52,98.649,17.142,1192.28,0.0,0.0,0.0,76.07,180.37
117.56,98.696,17.153,1191.91,0.0,0.0,0.0,76.06,180.38
117.62,98.765,17.169,1191.35,0.0,0.0,0.0,76.06,180.38
117.66,98.811,17.18,1190.98,0.0,0.0,0.0,76.05,180.39
117.72,98.881,17.197,1190.43,0.0,0.0,0.0,76.05,180.4
117.76,98.927,17.208,1190.06,0.0,0.0,0.0,76.05,180.41
117.82,98.997,17.224,1189.5,0.0,0.0,0.0,76.04,180.42
117.86,99.043,17.235,1189.13,0.0,0.0,0.0,76.04,180.42
117.92,99.112,17.251,1188.58,0.0,0.0,0.0,76.03,180.43
117.96,99.158,17.262,1188.21,0.0,0.0,0.0,76.03,180.44
118.02,99.228,17.279,1187.65,0.0,0.0,0.0,76.02,180.45
118.06,99.274,17.29,1187.28,0.0,0.0,0.0,76.02,180.46
118.1,99.32,17.301,1186.91,0.0,0.0,0.0,76.01,180.46
118.16,99.389,17.317,1186.36,0.0,0.0,0.0,76.01,180.47
118.22,99.458,17.333,1185.8,0.0,0.0,0.0,76.0,180.48
118.26,99.505,17.344,1185.43,0.0,0.0,0.0,76.0,180.49
118.32,99.574,17.361,1184.88,0.0,0.0,0.0,75.99,180.5
118.36,99.62,17.372,1184.51,0.0,0.0,0.0,75.99,180.5
118.42,99.689,17.388,1183.96,0.0,0.0,0.0,75.98,180.51
118.46,99.735,17.399,1183.59,0.0,0.0,0.0,75.98,180.52
118.52,99.804,17.415,1183.03,0.0,0.0,0.0,75.98,180.53
118.56,99.85,17.426,1182.66,0.0,0.0,0.0,75.97,180.54
118.62,99.919,17.443,1182.11,0.0,0.0,0.0,75.97,180.55
118.68,99.988,17.459,1181.55,0.0,0.0,0.0,75.96,180.55
118.72,100.034,17.47,1181.18,0.0,0.0,0.0,75.96,180.56
118.78,100.102,17.486,1180.63,0.0,0.0,0.0,75.95,180.57
118.82,100.148,17.497,1180.26,0.0,0.0,0.0,75.95,180.58
118.88,100.217,17.514,1179.7,0.0,0.0,0.0,75.94,180.59
118.92,100.263,17.525,1179.33,0.0,0.0,0.0,75.94,180.59
118.98,100.332,17.541,1178.78,0.0,0.0,0.0,75.93,180.6
119.02,100.378,17.552,1178.41,0.0,0.0,0.0,75.93,180.61
119.06,100.423,17.563,1178.04,0.0,0.0,0.0,75.93,180.61
119.12,100.492,17.579,1177.49,0.0,0.0,0.0,75.92,180.62
119.18,100.561,17.596,1176.93,0.0,0.0,0.0,75.91,180.63
119.22,100.606,17.607,1176.56,0.0,0.0,0.0,75.91,180.64
119.28,100.675,17.623,1176.01,0.0,0.0,0.0,75.9,180.65
119.32,100.721,17.634,1175.64,0.0,0.0,0.0,75.9,180.66
119.38,100.789,17.65,1175.08,0.0,0.0,0.0,75.9,180.67
119.42,100.835,17.661,1174.72,0.0,0.0,0.0,75.89,180.67
119.48,100.903,17.678,1174.16,0.0,0.0,0.0,75.89,180.68
119.52,100.949,17.689,1173.79,0.0,0.0,0.0,75.88,180.69
119.58,101.017,17.705,1173.24,0.0,0.0,0.0,75.88,180.7
119.62,101.063,17.716,1172.87,0.0,0.0,0.0,75.87,180.7
119.68,101.131,17.732,1172.31,0.0,0.0,0.0,75.87,180.71
119.72,101.177,17.743,1171.94,0.0,0.0,0.0,75.86,180.72
119.78,101.245,17.76,1171.39,0.0,0.0,0.0,75.86,180.73
119.84,101.313,17.776,1170.84,0.0,0.0,0.0,75.85,180.74
119.88,101.359,17.787,1170.47,0.0,0.0,0.0,75.85,180.74
119.92,101.404,17.798,1170.1,0.0,0.0,0.0,75.85,180.75
119.98,101.473,17.814,1169.54,0.0,0.0,0.0,75.84,180.76
120.02,101.518,17.825,1169.17,0.0,0.0,0.0,75.84,180.77
120.08,101.586,17.842,1168.62,0.0,0.0,0.0,75.83,180.78
120.12,101.631,17.853,1168.25,0.0,0.0,0.0,75.83,180.78
120.18,101.7,17.869,1167.7,0.0,0.0,0.0,75.82,180.79
120.22,101.745,17.88,1167.33,0.0,0.0,0.0,75.82,180.8
120.28,101.813,17.896,1166.78,0.0,0.0,0.0,75.81,180.81
120.34,101.881,17.913,1166.22,0.0,0.0,0.0,75.81,180.82
120.38,101.926,17.924,1165.85,0.0,0.0,0.0,75.8,180.82
120.44,101.994,17.94,1165.3,0.0,0.0,0.0,75.8,180.83
120.48,102.039,17.951,1164.93,0.0,0.0,0.0,75.79,180.84
120.54,102.107,17.967,1164.38,0.0,0.0,0.0,75.79,180.85
120.58,102.152,17.978,1164.01,0.0,0.0,0.0,75.78,180.85
120.64,102.22,17.995,1163.45,0.0,0.0,0.0,75.78,180.86
120.68,102.265,18.006,1163.08,0.0,0.0,0.0,75.78,180.87
120.72,102.311,18.017,1162.72,0.0,0.0,0.0,75.77,180.87
120.78,102.378,18.033,1162.16,0.0,0.0,0.0,75.77,180.88
120.84,102.446,18.049,1161.61,0.0,0.0,0.0,75.76,180.89
120.88,102.491,18.06,1161.24,0.0,0.0,0.0,75.76,180.9
120.94,102.559,18.077,1160.69,0.0,0.0,0.0,75.75,180.91
120.98,102.604,18.088,1160.32,0.0,0.0,0.0,75.75,180.91
121.04,102.671,18.104,1159.76,0.0,0.0,0.0,75.74,180.92
121.08,102.716,18.115,1159.39,0.0,0.0,0.0,75.74,180.93
121.14,102.784,18.131,1158.84,0.0,0.0,0.0,75.73,180.94
121.18,102.829,18.142,1158.47,0.0,0.0,0.0,75.73,180.95
121.24,102.896,18.159,1157.92,0.0,0.0,0.0,75.72,180.95
121.28,102.941,18.17,1157.55,0.0,0.0,0.0,75.72,180.96
121.34,103.009,18.186,1157.0,0.0,0.0,0.0,75.71,180.97
121.4,103.076,18.202,1156.44,0.0,0.0,0.0,75.71,180.98
121.44,103.121,18.213,1156.07,0.0,0.0,0.0,75.71,180.99
121.5,103.188,18.23,1155.52,0.0,0.0,0.0,75.7,180.99
121.54,103.233,18.241,1155.15,0.0,0.0,0.0,75.7,181.0
121.58,103.278,18.251,1154.78,0.0,0.0,0.0,75.69,181.01
121.64,103.345,18.268,1154.23,0.0,0.0,0.0,75.69,181.02
121.68,103.39,18.279,1153.86,0.0,0.0,0.0,75.68,181.02
121.74,103.457,18.295,1153.31,0.0,0.0,0.0,75.68,181.03
121.78,103.502,18.306,1152.94,0.0,0.0,0.0,75.67,181.04
121.84,103.569,18.322,1152.39,0.0,0.0,0.0,75.67,181.05
121.88,103.614,18.333,1152.02,0.0,0.0,0.0,75.66,181.05
121.94,103.681,18.35,1151.47,0.0,0.0,0.0,75.66,181.06
121.98,103.726,18.361,1151.1,0.0,0.0,0.0,75.66,181.07
122.04,103.793,18.377,1150.54,0.0,0.0,0.0,75.65,181.08
122.08,103.837,18.388,1150.18,0.0,0.0,0.0,75.65,181.08
122.14,103.904,18.404,1149.62,0.0,0.0,0.0,75.64,181.09
122.2,103.971,18.421,1149.07,0.0,0.0,0.0,75.63,181.1
122.24,104.016,18.432,1148.7,0.0,0.0,0.0,75.63,181.11
122.3,104.083,18.448,1148.15,0.0,0.0,0.0,75.63,181.12
122.34,104.127,18.459,1147.78,0.0,0.0,0.0,75.62,181.12
122.38,104.172,18.47,1147.41,0.0,0.0,0.0,75.62,181.13
122.44,104.238,18.486,1146.86,0.0,0.0,0.0,75.61,181.14
122.5,104.305,18.503,1146.31,0.0,0.0,0.0,75.61,181.15
122.54,104.35,18.514,1145.94,0.0,0.0,0.0,75.6,181.15
122.6,104.416,18.53,1145.39,0.0,0.0,0.0,75.6,181.16
122.64,104.461,18.541,1145.02,0.0,0.0,0.0,75.59,181.17
122.7,104.527,18.557,1144.46,0.0,0.0,0.0,75.59,181.18
122.74,104.572,18.568,1144.1,0.0,0.0,0.0,75.58,181.18
122.8,104.638,18.585,1143.54,0.0,0.0,0.0,75.58,181.19
122.84,104.683,18.596,1143.17,0.0,0.0,0.0,75.58,181.2
122.9,104.749,18.612,1142.62,0.0,0.0,0.0,75.57,181.21
122.96,104.816,18.628,1142.07,0.0,0.0,0.0,75.56,181.22
123.0,104.86,18.639,1141.7,0.0,0.0,0.0,75.56,181.22
123.04,104.904,18.65,1141.33,0.0,0.0,0.0,75.56,181.23
123.1,104.971,18.667,1140.78,0.0,0.0,0.0,75.55,181.24
123.14,105.015,18.677,1140.41,0.0,0.0,0.0,75.55,181.24
123.2,105.081,18.694,1139.86,0.0,0.0,0.0,75.54,181.25
123.26,105.148,18.71,1139.31,0.0,0.0,0.0,75.54,181.26
123.3,105.192,18.721,1138.94,0.0,0.0,0.0,75.53,181.27
123.36,105.258,18.737,1138.39,0.0,0.0,0.0,75.53,181.27
123.4,105.302,18.748,1138.02,0.0,0.0,0.0,75.52,181.28
123.46,105.368,18.765,1137.47,0.0,0.0,0.0,75.52,181.29
123.5,105.413,18.776,1137.1,0.0,0.0,0.0,75.51,181.3
123.56,105.479,18.792,1136.55,0.0,0.0,0.0,75.51,181.3
123.6,105.523,18.803,1136.18,0.0,0.0,0.0,75.51,181.31
123.64,105.567,18.814,1135.81,0.0,0.0,0.0,75.5,181.32
123.7,105.633,18.83,1135.26,0.0,0.0,0.0,75.5,181.33
123.74,105.677,18.841,1134.89,0.0,0.0,0.0,75.49,181.33
123.8,105.743,18.858,1134.34,0.0,0.0,0.0,75.49,181.34
123.86,105.809,18.874,1133.79,0.0,0.0,0.0,75.48,181.35
123.9,105.853,18.885,1133.42,0.0,0.0,0.0,75.48,181.35
123.94,105.897,18.896,1133.05,0.0,0.0,0.0,75.47,181.36
124.0,105.963,18.912,1132.5,0.0,0.0,0.0,75.47,181.37
124.06,106.028,18.929,1131.95,0.0,0.0,0.0,75.46,181.38
124.1,106.072,18.939,1131.58,0.0,0.0,0.0,75.46,181.38
124.16,106.138,18.956,1131.03,0.0,0.0,0.0,75.45,181.39
124.22,106.204,18.972,1130.47,0.0,0.0,0.0,75.45,181.4
124.26,106.248,18.983,1130.11,0.0,0.0,0.0,75.44,181.41
124.3,106.292,18.994,1129.74,0.0,0.0,0.0,75.44,181.41
124.36,106.357,19.01,1129.19,0.0,0.0,0.0,75.44,181.42
124.4,106.401,19.021,1128.82,0.0,0.0,0.0,75.43,181.43
124.46,106.467,19.038,1128.27,0.0,0.0,0.0,75.43,181.44
124.5,106.51,19.049,1127.9,0.0,0.0,0.0,75.42,181.44
124.56,106.576,19.065,1127.35,0.0,0.0,0.0,75.42,181.45
124.6,106.62,19.076,1126.98,0.0,0.0,0.0,75.41,181.46
124.66,106.685,19.092,1126.43,0.0,0.0,0.0,75.41,181.47
124.7,106.729,19.103,1126.06,0.0,0.0,0.0,75.4,181.47
124.76,106.794,19.12,1125.51,0.0,0.0,0.0,75.4,181.48
124.8,106.838,19.13,1125.14,0.0,0.0,0.0,75.39,181.49
124.86,106.903,19.147,1124.59,0.0,0.0,0.0,75.39,181.5
124.9,106.947,19.158,1124.22,0.0,0.0,0.0,75.39,181.5
124.96,107.012,19.174,1123.67,0.0,0.0,0.0,75.38,181.51
125.02,107.078,19.191,1123.12,0.0,0.0,0.0,75.37,181.52
125.06,107.121,19.201,1122.75,0.0,0.0,0.0,75.37,181.52
125.12,107.186,19.218,1122.2,0.0,0.0,0.0,75.36,181.53
125.16,107.23,19.229,1121.83,0.0,0.0,0.0,75.36,181.54
125.22,107.295,19.245,1121.28,0.0,0.0,0.0,75.36,181.55
125.26,107.338,19.256,1120.91,0.0,0.0,0.0,75.35,181.55
125.32,107.404,19.272,1120.36,0.0,0.0,0.0,75.35,181.56
125.36,107.447,19.283,1120.0,0.0,0.0,0.0,75.34,181.57
125.4,107.49,19.294,1119.63,0.0,0.0,0.0,75.34,181.57
125.46,107.555,19.311,1119.08,0.0,0.0,0.0,75.33,181.58
125.52,107.62,19.327,1118.53,0.0,0.0,0.0,75.33,181.59
125.56,107.664,19.338,1118.16,0.0,0.0,0.0,75.32,181.6
125.62,107.729,19.354,1117.61,0.0,0.0,0.0,75.32,181.61
125.66,107.772,19.365,1117.24,0.0,0.0,0.0,75.31,181.61
125.72,107.837,19.381,1116.69,0.0,0.0,0.0,75.31,181.62
125.76,107.88,19.392,1116.32,0.0,0.0,0.0,75.31,181.63
125.82,107.945,19.409,1115.77,0.0,0.0,0.0,75.3,181.63
125.88,108.01,19.425,1115.22,0.0,0.0,0.0,75.29,181.64
125.92,108.053,19.436,1114.85,0.0,0.0,0.0,75.29,181.65
125.96,108.096,19.447,1114.48,0.0,0.0,0.0,75.29,181.65
126.02,108.161,19.463,1113.93,0.0,0.0,0.0,75.28,181.66
126.06,108.204,19.474,1113.57,0.0,0.0,0.0,75.28,181.67
126.12,108.269,19.491,1113.01,0.0,0.0,0.0,75.27,181.68
126.16,108.312,19.502,1112.65,0.0,0.0,0.0,75.27,181.68
126.22,108.377,19.518,1112.1,0.0,0.0,0.0,75.26,181.69
126.26,108.42,19.529,1111.73,0.0,0.0,0.0,75.26,181.7
126.32,108.484,19.545,1111.18,0.0,0.0,0.0,75.25,181.71
126.36,108.527,19.556,1110.81,0.0,0.0,0.0,75.25,181.71
126.42,108.592,19.572,1110.26,0.0,0.0,0.0,75.24,181.72
126.46,108.635,19.583,1109.89,0.0,0.0,0.0,75.24,181.73
126.52,108.699,19.6,1109.34,0.0,0.0,0.0,75.24,181.74
126.56,108.742,19.611,1108.98,0.0,0.0,0.0,75.23,181.74
126.62,108.807,19.627,1108.42,0.0,0.0,0.0,75.23,181.75
126.68,108.871,19.643,1107.87,0.0,0.0,0.0,75.22,181.76
126.72,108.914,19.654,1107.51,0.0,0.0,0.0,75.22,181.76
126.78,108.978,19.671,1106.96,0.0,0.0,0.0,75.21,181.77
126.82,109.021,19.682,1106.59,0.0,0.0,0.0,75.21,181.78
126.88,109.085,19.698,1106.04,0.0,0.0,0.0,75.2,181.79
126.92,109.128,19.709,1105.67,0.0,0.0,0.0,75.2,181.79
126.96,109.171,19.72,1105.31,0.0,0.0,0.0,75.19,181.8
127.02,109.235,19.736,1104.75,0.0,0.0,0.0,75.19,181.81
127.08,109.299,19.752,1104.2,0.0,0.0,0.0,75.18,181.81
127.12,109.342,19.763,1103.84,0.0,0.0,0.0,75.18,181.82
127.18,109.406,19.78,1103.29,0.0,0.0,0.0,75.17,181.83
127.22,109.449,19.791,1102.92,0.0,0.0,0.0,75.17,181.83
127.28,109.513,19.807,1102.37,0.0,0.0,0.0,75.16,181.84
127.32,109.555,19.818,1102.0,0.0,0.0,0.0,75.16,181.85
127.38,109.619,19.834,1101.45,0.0,0.0,0.0,75.16,181.86
127.44,109.683,19.851,1100.9,0.0,0.0,0.0,75.15,181.87
127.48,109.726,19.861,1100.54,0.0,0.0,0.0,75.15,181.87
127.54,109.79,19.878,1099.99,0.0,0.0,0.0,75.14,181.88
127.58,109.832,19.889,1099.62,0.0,0.0,0.0,75.14,181.88
127.64,109.896,19.905,1099.07,0.0,0.0,0.0,75.13,181.89
127.68,109.939,19.916,1098.7,0.0,0.0,0.0,75.13,181.9
127.74,110.002,19.932,1098.15,0.0,0.0,0.0,75.12,181.91
127.78,110.045,19.943,1097.78,0.0,0.0,0.0,75.12,181.91
127.84,110.109,19.96,1097.23,0.0,0.0,0.0,75.11,181.92
127.88,110.151,19.971,1096.87,0.0,0.0,0.0,75.11,181.93
127.92,110.193,19.981,1096.5,0.0,0.0,0.0,75.11,181.93
127.98,110.257,19.998,1095.95,0.0,0.0,0.0,75.1,181.94
128.04,110.321,20.014,1095.4,0.0,0.0,0.0,75.09,181.95
128.08,110.363,20.025,1095.03,0.0,0.0,0.0,75.09,181.95
128.14,110.427,20.041,1094.48,0.0,0.0,0.0,75.09,181.96
128.18,110.469,20.052,1094.12,0.0,0.0,0.0,75.08,181.97
128.22,110.511,20.063,1093.75,0.0,0.0,0.0,75.08,181.97
128.28,110.575,20.08,1093.2,0.0,0.0,0.0,75.07,181.98
128.34,110.638,20.096,1092.65,0.0,0.0,0.0,75.07,181.99
128.38,110.68,20.107,1092.29,0.0,0.0,0.0,75.06,182.0
128.42,110.723,20.118,1091.92,0.0,0.0,0.0,75.06,182.0
128.48,110.786,20.134,1091.37,0.0,0.0,0.0,75.05,182.01
128.54,110.849,20.15,1090.82,0.0,0.0,0.0,75.05,182.02
128.58,110.892,20.161,1090.45,0.0,0.0,0.0,75.04,182.02
128.64,110.955,20.178,1089.9,0.0,0.0,0.0,75.04,182.03
128.68,110.997,20.189,1089.54,0.0,0.0,0.0,75.04,182.04
128.74,111.06,20.205,1088.99,0.0,0.0,0.0,75.03,182.05
128.78,111.102,20.216,1088.62,0.0,0.0,0.0,75.03,182.05
128.84,111.165,20.232,1088.07,0.0,0.0,0.0,75.02,182.06
128.88,111.207,20.243,1087.71,0.0,0.0,0.0,75.02,182.07
128.94,111.271,20.259,1087.16,0.0,0.0,0.0,75.01,182.07
128.98,111.313,20.27,1086.79,0.0,0.0,0.0,75.01,182.08
129.04,111.376,20.287,1086.24,0.0,0.0,0.0,75.0,182.09
129.08,111.418,20.298,1085.87,0.0,0.0,0.0,75.0,182.09
129.14,111.481,20.314,1085.32,0.0,0.0,0.0,74.99,182.1
129.18,111.523,20.325,1084.96,0.0,0.0,0.0,74.99,182.11
129.24,111.585,20.341,1084.41,0.0,0.0,0.0,74.98,182.12
129.3,111.648,20.358,1083.86,0.0,0.0,0.0,74.98,182.12
129.34,111.69,20.369,1083.49,0.0,0.0,0.0,74.97,182.13
129.4,111.753,20.385,1082.94,0.0,0.0,0.0,74.97,182.14
129.44,111.795,20.396,1082.58,0.0,0.0,0.0,74.96,182.14
129.5,111.858,20.412,1082.03,0.0,0.0,0.0,74.96,182.15
129.54,111.899,20.423,1081.66,0.0,0.0,0.0,74.96,182.16
129.6,111.962,20.439,1081.11,0.0,0.0,0.0,74.95,182.16
129.64,112.004,20.45,1080.75,0.0,0.0,0.0,74.95,182.17
129.7,112.067,20.467,1080.2,0.0,0.0,0.0,74.94,182.18
129.74,112.108,20.478,1079.83,0.0,0.0,0.0,74.94,182.18
129.8,112.171,20.494,1079.28,0.0,0.0,0.0,74.93,182.19
129.84,112.213,20.505,1078.92,0.0,0.0,0.0,74.93,182.2
129.9,112.275,20.521,1078.37,0.0,0.0,0.0,74.92,182.21
129.94,112.317,20.532,1078.0,0.0,0.0,0.0,74.92,182.21
130.0,112.379,20.548,1077.45,0.0,0.0,0.0,74.91,182.22
130.04,112.421,20.559,1077.09,0.0,0.0,0.0,74.91,182.22
130.1,112.483,20.576,1076.54,0.0,0.0,0.0,74.9,182.23
130.14,112.525,20.586,1076.17,0.0,0.0,0.0,74.9,182.24
130.2,112.587,20.603,1075.62,0.0,0.0,0.0,74.89,182.25
130.24,112.629,20.614,1075.26,0.0,0.0,0.0,74.89,182.25
130.3,112.691,20.63,1074.71,0.0,0.0,0.0,74.88,182.26
130.34,112.733,20.641,1074.34,0.0,0.0,0.0,74.88,182.27
130.4,112.795,20.657,1073.79,0.0,0.0,0.0,74.88,182.27
130.44,112.836,20.668,1073.43,0.0,0.0,0.0,74.87,182.28
130.5,112.899,20.685,1072.88,0.0,0.0,0.0,74.87,182.29
130.54,112.94,20.695,1072.51,0.0,0.0,0.0,74.86,182.29
130.6,113.002,20.712,1071.96,0.0,0.0,0.0,74.86,182.3
130.64,113.044,20.723,1071.6,0.0,0.0,0.0,74.85,182.31
130.7,113.106,20.739,1071.05,0.0,0.0,0.0,74.85,182.31
130.76,113.168,20.755,1070.5,0.0,0.0,0.0,74.84,182.32
130.8,113.209,20.766,1070.14,0.0,0.0,0.0,74.84,182.33
130.84,113.25,20.777,1069.77,0.0,0.0,0.0,74.83,182.33
130.9,113.312,20.794,1069.22,0.0,0.0,0.0,74.83,182.34
130.94,113.354,20.804,1068.86,0.0,0.0,0.0,74.83,182.35
131.0,113.416,20.821,1068.31,0.0,0.0,0.0,74.82,182.35
131.06,113.478,20.837,1067.76,0.0,0.0,0.0,74.81,182.36
131.1,113.519,20.848,1067.39,0.0,0.0,0.0,74.81,182.37
131.12,113.539,20.853,1067.21,0.0,0.0,0.0,74.81,182.37
131.16,113.601,20.87,1066.66,0.0,0.0,0.0,74.8,182.38
131.22,113.642,20.881,1066.3,0.0,0.0,0.0,74.8,182.38
131.28,113.704,20.897,1065.75,0.0,0.0,0.0,74.79,182.39
131.32,113.745,20.908,1065.38,0.0,0.0,0.0,74.79,182.4
131.36,113.807,20.924,1064.84,0.0,0.0,0.0,74.78,182.41
131.44,113.869,20.941,1064.29,0.0,0.0,0.0,74.78,182.41
131.48,113.91,20.952,1063.92,0.0,0.0,0.0,74.78,182.42
131.54,113.971,20.968,1063.37,0.0,0.0,0.0,74.77,182.43
131.6,114.033,20.984,1062.83,0.0,0.0,0.0,74.76,182.43
131.64,114.074,20.995,1062.46,0.0,0.0,0.0,74.76,182.44
131.7,114.135,21.011,1061.91,0.0,0.0,0.0,74.75,182.45
131.74,114.176,21.022,1061.55,0.0,0.0,0.0,74.75,182.45
131.8,114.238,21.039,1061.0,0.0,0.0,0.0,74.75,182.46
131.84,114.279,21.05,1060.63,0.0,0.0,0.0,74.74,182.47
131.9,114.34,21.066,1060.09,0.0,0.0,0.0,74.74,182.47
131.94,114.381,21.077,1059.72,0.0,0.0,0.0,74.73,182.48
132.0,114.443,21.093,1059.17,0.0,0.0,0.0,74.73,182.49
132.04,114.483,21.104,1058.81,0.0,0.0,0.0,74.72,182.49
132.1,114.545,21.12,1058.26,0.0,0.0,0.0,74.72,182.5
132.14,114.586,21.131,1057.89,0.0,0.0,0.0,74.71,182.51
132.2,114.647,21.148,1057.35,0.0,0.0,0.0,74.71,182.51
132.24,114.688,21.158,1056.98,0.0,0.0,0.0,74.7,182.52
132.3,114.749,21.175,1056.43,0.0,0.0,0.0,74.7,182.53
132.34,114.79,21.186,1056.07,0.0,0.0,0.0,74.7,182.53
132.4,114.851,21.202,1055.52,0.0,0.0,0.0,74.69,182.54
132.44,114.891,21.213,1055.15,0.0,0.0,0.0,74.69,182.55
132.5,114.952,21.229,1054.61,0.0,0.0,0.0,74.68,182.55
132.56,115.013,21.246,1054.06,0.0,0.0,0.0,74.68,182.56
132.6,115.054,21.257,1053.69,0.0,0.0,0.0,74.67,182.57
132.66,115.115,21.273,1053.15,0.0,0.0,0.0,74.67,182.58
132.7,115.156,21.284,1052.78,0.0,0.0,0.0,74.66,182.58
132.76,115.217,21.3,1052.23,0.0,0.0,0.0,74.66,182.59
132.8,115.257,21.311,1051.87,0.0,0.0,0.0,74.65,182.59
132.86,115.318,21.327,1051.32,0.0,0.0,0.0,74.65,182.6
132.9,115.359,21.338,1050.96,0.0,0.0,0.0,74.64,182.61
132.96,115.419,21.355,1050.41,0.0,0.0,0.0,74.64,182.61
133.0,115.46,21.365,1050.04,0.0,0.0,0.0,74.63,182.62
133.06,115.521,21.382,1049.5,0.0,0.0,0.0,74.63,182.63
133.1,115.561,21.393,1049.13,0.0,0.0,0.0,74.62,182.63
133.16,115.622,21.409,1048.59,0.0,0.0,0.0,74.62,182.64
133.2,115.662,21.42,1048.22,0.0,0.0,0.0,74.62,182.65
133.26,115.723,21.436,1047.67,0.0,0.0,0.0,74.61,182.65
133.3,115.763,21.447,1047.31,0.0,0.0,0.0,74.61,182.66
133.36,115.824,21.463,1046.76,0.0,0.0,0.0,74.6,182.67
133.4,115.864,21.474,1046.4,0.0,0.0,0.0,74.6,182.67
133.46,115.925,21.491,1045.85,0.0,0.0,0.0,74.59,182.68
133.5,115.965,21.502,1045.48,0.0,0.0,0.0,74.59,182.68
133.56,116.026,21.518,1044.94,0.0,0.0,0.0,74.58,182.69
133.6,116.066,21.529,1044.57,0.0,0.0,0.0,74.58,182.7
133.66,116.126,21.545,1044.03,0.0,0.0,0.0,74.57,182.71
133.7,116.167,21.556,1043.66,0.0,0.0,0.0,74.57,182.71
133.76,116.227,21.572,1043.11,0.0,0.0,0.0,74.56,182.72
133.8,116.267,21.583,1042.75,0.0,0.0,0.0,74.56,182.72
133.86,116.327,21.6,1042.2,0.0,0.0,0.0,74.55,182.73
133.9,116.368,21.61,1041.84,0.0,0.0,0.0,74.55,182.74
133.96,116.428,21.627,1041.29,0.0,0.0,0.0,74.54,182.74
134.02,116.488,21.643,1040.74,0.0,0.0,0.0,74.54,182.75
134.06,116.528,21.654,1040.38,0.0,0.0,0.0,74.54,182.76
134.1,116.568,21.665,1040.01,0.0,0.0,0.0,74.53,182.76
134.16,116.628,21.681,1039.47,0.0,0.0,0.0,74.53,182.77
134.2,116.668,21.692,1039.1,0.0,0.0,0.0,74.52,182.78
134.26,116.728,21.708,1038.56,0.0,0.0,0.0,74.52,182.78
134.32,116.788,21.725,1038.01,0.0,0.0,0.0,74.51,182.79
134.36,116.828,21.736,1037.65,0.0,0.0,0.0,74.51,182.8
134.42,116.888,21.752,1037.1,0.0,0.0,0.0,74.5,182.8
134.46,116.928,21.763,1036.73,0.0,0.0,0.0,74.5,182.81
134.52,116.988,21.779,1036.19,0.0,0.0,0.0,74.49,182.82
134.56,117.028,21.79,1035.82,0.0,0.0,0.0,74.49,182.82
134.62,117.088,21.806,1035.28,0.0,0.0,0.0,74.48,182.83
134.66,117.128,21.817,1034.91,0.0,0.0,0.0,74.48,182.83
134.72,117.188,21.834,1034.37,0.0,0.0,0.0,74.47,182.84
134.76,117.228,21.844,1034.0,0.0,0.0,0.0,74.47,182.85
134.82,117.287,21.861,1033.46,0.0,0.0,0.0,74.46,182.86
134.86,117.327,21.872,1033.09,0.0,0.0,0.0,74.46,182.86
134.9,117.367,21.883,1032.73,0.0,0.0,0.0,74.46,182.87
134.96,117.427,21.899,1032.18,0.0,0.0,0.0,74.45,182.87
135.0,117.466,21.91,1031.82,0.0,0.0,0.0,74.45,182.88
135.06,117.526,21.926,1031.27,0.0,0.0,0.0,74.44,182.89
135.12,117.586,21.942,1030.72,0.0,0.0,0.0,74.44,182.89
135.16,117.625,21.953,1030.36,0.0,0.0,0.0,74.43,182.9
135.22,117.685,21.97,1029.81,0.0,0.0,0.0,74.43,182.91
135.26,117.724,21.981,1029.45,0.0,0.0,0.0,74.42,182.91
135.3,117.764,21.991,1029.09,0.0,0.0,0.0,74.42,182.92
135.36,117.824,22.008,1028.54,0.0,0.0,0.0,74.41,182.92
135.4,117.863,22.019,1028.18,0.0,0.0,0.0,74.41,182.93
135.46,117.923,22.035,1027.63,0.0,0.0,0.0,74.41,182.94
135.52,117.982,22.051,1027.08,0.0,0.0,0.0,74.4,182.94
135.56,118.021,22.062,1026.72,0.0,0.0,0.0,74.4,182.95
135.62,118.081,22.079,1026.17,0.0,0.0,0.0,74.39,182.96
135.66,118.12,22.089,1025.81,0.0,0.0,0.0,74.39,182.96
135.72,118.179,22.106,1025.26,0.0,0.0,0.0,74.38,182.97
135.76,118.219,22.117,1024.9,0.0,0.0,0.0,74.38,182.97
135.82,118.278,22.133,1024.35,0.0,0.0,0.0,74.37,182.98
135.86,118.318,22.144,1023.99,0.0,0.0,0.0,74.37,182.99
135.92,118.377,22.16,1023.44,0.0,0.0,0.0,74.36,183.0
135.96,118.416,22.171,1023.08,0.0,0.0,0.0,74.36,183.0
136.0,118.455,22.182,1022.72,0.0,0.0,0.0,74.36,183.01
136.06,118.515,22.198,1022.17,0.0,0.0,0.0,74.35,183.01
136.12,118.574,22.215,1021.62,0.0,0.0,0.0,74.34,183.02
136.16,118.613,22.225,1021.26,0.0,0.0,0.0,74.34,183.03
136.2,118.652,22.236,1020.9,0.0,0.0,0.0,74.34,183.03
136.26,118.711,22.253,1020.35,0.0,0.0,0.0,74.33,183.04
136.32,118.77,22.269,1019.81,0.0,0.0,0.0,74.33,183.05
136.36,118.809,22.28,1019.44,0.0,0.0,0.0,74.32,183.05
136.42,118.868,22.296,1018.9,0.0,0.0,0.0,74.32,183.06
136.46,118.907,22.307,1018.53,0.0,0.0,0.0,74.31,183.06
136.52,118.966,22.323,1017.99,0.0,0.0,0.0,74.31,183.07
136.56,119.005,22.334,1017.62,0.0,0.0,0.0,74.3,183.08
136.62,119.064,22.351,1017.08,0.0,0.0,0.0,74.3,183.08
136.66,119.103,22.361,1016.71,0.0,0.0,0.0,74.29,183.09
136.72,119.162,22.378,1016.17,0.0,0.0,0.0,74.29,183.1
136.72,119.181,22.389,1015.81,0.0,0.0,0.0,74.28,183.1
136.8,119.24,22.4,1015.44,0.0,0.0,0.0,74.28,183.11
136.86,119.299,22.416,1014.9,0.0,0.0,0.0,74.27,183.11
136.9,119.338,22.427,1014.53,0.0,0.0,0.0,74.27,183.12
136.96,119.396,22.443,1013.99,0.0,0.0,0.0,74.27,183.13
137.0,119.435,22.454,1013.62,0.0,0.0,0.0,74.26,183.13
137.06,119.494,22.47,1013.08,0.0,0.0,0.0,74.26,183.14
137.1,119.533,22.481,1012.72,0.0,0.0,0.0,74.25,183.14
137.16,119.591,22.497,1012.17,0.0,0.0,0.0,74.25,183.15
137.2,119.63,22.508,1011.81,0.0,0.0,0.0,74.24,183.16
137.26,119.688,22.525,1011.26,0.0,0.0,0.0,74.24,183.16
137.3,119.727,22.535,1010.9,0.0,0.0,0.0,74.23,183.17
137.36,119.785,22.552,1010.35,0.0,0.0,0.0,74.23,183.18
137.4,119.824,22.563,1009.99,0.0,0.0,0.0,74.22,183.18
137.46,119.883,22.579,1009.45,0.0,0.0,0.0,74.22,183.19
137.5,119.921,22.59,1009.08,0.0,0.0,0.0,74.22,183.19
137.56,119.98,22.606,1008.54,0.0,0.0,0.0,74.21,183.2
137.6,120.018,22.617,1008.17,0.0,0.0,0.0,74.21,183.2
137.66,120.076,22.633,1007.63,0.0,0.0,0.0,74.2,183.21
137.7,120.115,22.644,1007.27,0.0,0.0,0.0,74.2,183.22
137.76,120.173,22.661,1006.72,0.0,0.0,0.0,74.19,183.22
137.8,120.212,22.671,1006.36,0.0,0.0,0.0,74.19,183.23
137.86,120.27,22.688,1005.81,0.0,0.0,0.0,74.18,183.24
137.92,120.328,22.704,1005.27,0.0,0.0,0.0,74.18,183.24
137.96,120.367,22.715,1004.91,0.0,0.0,0.0,74.17,183.25
138.02,120.425,22.731,1004.36,0.0,0.0,0.0,74.17,183.26
138.06,120.463,22.742,1004.0,0.0,0.0,0.0,74.16,183.26
138.12,120.521,22.758,1003.45,0.0,0.0,0.0,74.16,183.27
138.16,120.56,22.769,1003.09,0.0,0.0,0.0,74.15,183.27
138.2,120.598,22.78,1002.73,0.0,0.0,0.0,74.15,183.28
138.26,120.656,22.797,1002.18,0.0,0.0,0.0,74.14,183.29
138.3,120.695,22.807,1001.82,0.0,0.0,0.0,74.14,183.29
138.36,120.752,22.824,1001.28,0.0,0.0,0.0,74.14,183.3
138.42,120.81,22.84,1000.73,0.0,0.0,0.0,74.13,183.31
138.46,120.848,22.851,1000.37,0.0,0.0,0.0,74.13,183.31
138.52,120.906,22.867,999.82,0.0,0.0,0.0,74.12,183.32
138.56,120.944,22.878,999.46,0.0,0.0,0.0,74.12,183.32
138.62,121.002,22.894,998.92,0.0,0.0,0.0,74.11,183.33
138.66,121.04,22.905,998.55,0.0,0.0,0.0,74.11,183.33
138.72,121.098,22.922,998.01,0.0,0.0,0.0,74.1,183.34
138.76,121.136,22.932,997.65,0.0,0.0,0.0,74.1,183.35
138.82,121.194,22.949,997.1,0.0,0.0,0.0,74.09,183.35
138.86,121.232,22.96,996.74,0.0,0.0,0.0,74.09,183.36
138.92,121.29,22.976,996.2,0.0,0.0,0.0,74.08,183.37
138.98,121.347,22.992,995.65,0.0,0.0,0.0,74.08,183.37
139.02,121.385,23.003,995.29,0.0,0.0,0.0,74.07,183.38
139.06,121.423,23.014,994.93,0.0,0.0,0.0,74.07,183.38
139.12,121.481,23.03,994.38,0.0,0.0,0.0,74.06,183.39
139.16,121.519,23.041,994.02,0.0,0.0,0.0,74.06,183.4
139.22,121.576,23.058,993.48,0.0,0.0,0.0,74.05,183.4
139.26,121.614,23.068,993.11,0.0,0.0,0.0,74.05,183.41
139.32,121.671,23.085,992.57,0.0,0.0,0.0,74.05,183.42
139.38,121.729,23.101,992.03,0.0,0.0,0.0,74.04,183.42
139.42,121.767,23.112,991.66,0.0,0.0,0.0,74.04,183.43
139.46,121.805,23.123,991.3,0.0,0.0,0.0,74.03,183.43
139.52,121.862,23.139,990.76,0.0,0.0,0.0,74.03,183.44
139.58,121.919,23.155,990.21,0.0,0.0,0.0,74.02,183.45
139.62,121.957,23.166,989.85,0.0,0.0,0.0,74.02,183.45
139.68,122.014,23.183,989.31,0.0,0.0,0.0,74.01,183.46
139.72,122.052,23.193,988.94,0.0,0.0,0.0,74.01,183.46
139.78,122.109,23.21,988.4,0.0,0.0,0.0,74.0,183.47
139.82,122.147,23.221,988.04,0.0,0.0,0.0,74.0,183.48
139.88,122.204,23.237,987.5,0.0,0.0,0.0,73.99,183.48
139.92,122.242,23.248,987.13,0.0,0.0,0.0,73.99,183.49
139.98,122.298,23.264,986.59,0.0,0.0,0.0,73.98,183.49
140.02,122.336,23.275,986.23,0.0,0.0,0.0,73.98,183.5
140.08,122.393,23.291,985.68,0.0,0.0,0.0,73.97,183.51
140.12,122.431,23.302,985.32,0.0,0.0,0.0,73.97,183.51
140.18,122.488,23.318,984.78,0.0,0.0,0.0,73.96,183.52
140.22,122.525,23.329,984.42,0.0,0.0,0.0,73.96,183.52
140.28,122.582,23.346,983.87,0.0,0.0,0.0,73.96,183.53
140.32,122.62,23.357,983.51,0.0,0.0,0.0,73.95,183.54
140.38,122.676,23.373,982.97,0.0,0.0,0.0,73.95,183.54
140.42,122.714,23.384,982.6,0.0,0.0,0.0,73.94,183.55
140.48,122.771,23.4,982.06,0.0,0.0,0.0,73.94,183.55
140.52,122.808,23.411,981.7,0.0,0.0,0.0,73.93,183.56
140.58,122.865,23.427,981.16,0.0,0.0,0.0,73.93,183.57
140.62,122.902,23.438,980.79,0.0,0.0,0.0,73.92,183.57
140.66,122.94,23.449,980.43,0.0,0.0,0.0,73.92,183.58
140.72,122.996,23.465,979.89,0.0,0.0,0.0,73.91,183.58
140.78,123.053,23.482,979.35,0.0,0.0,0.0,73.91,183.59
140.84,123.109,23.498,978.8,0.0,0.0,0.0,73.9,183.6
140.88,123.147,23.509,978.44,0.0,0.0,0.0,73.9,183.6
140.92,123.184,23.52,978.08,0.0,0.0,0.0,73.9,183.61
140.98,123.24,23.536,977.54,0.0,0.0,0.0,73.89,183.61
141.02,123.278,23.547,977.17,0.0,0.0,0.0,73.89,183.62
141.08,123.334,23.563,976.63,0.0,0.0,0.0,73.88,183.63
141.12,123.372,23.574,976.27,0.0,0.0,0.0,73.88,183.63
141.18,123.428,23.59,975.73,0.0,0.0,0.0,73.87,183.64
141.2,123.446,23.596,975.55,0.0,0.0,0.0,73.87,183.64
141.24,123.484,23.607,975.18,0.0,0.0,0.0,73.87,183.64
141.28,123.521,23.617,974.82,0.0,0.0,0.0,73.86,183.65
141.34,123.577,23.634,974.28,0.0,0.0,0.0,73.86,183.66
141.4,123.633,23.65,973.74,0.0,0.0,0.0,73.85,183.66
141.46,123.689,23.666,973.19,0.0,0.0,0.0,73.85,183.67
141.5,123.727,23.677,972.83,0.0,0.0,0.0,73.84,183.68
141.56,123.783,23.693,972.29,0.0,0.0,0.0,73.84,183.68
141.6,123.82,23.704,971.93,0.0,0.0,0.0,73.83,183.69
141.66,123.876,23.721,971.39,0.0,0.0,0.0,73.83,183.69
141.7,123.913,23.731,971.02,0.0,0.0,0.0,73.82,183.7
141.76,123.969,23.748,970.48,0.0,0.0,0.0,73.82,183.71
141.8,124.006,23.759,970.12,0.0,0.0,0.0,73.81,183.71
141.84,124.043,23.77,969.76,0.0,0.0,0.0,73.81,183.72
141.9,124.099,23.786,969.22,0.0,0.0,0.0,73.8,183.72
141.96,124.155,23.802,968.67,0.0,0.0,0.0,73.8,183.73
142.0,124.192,23.813,968.31,0.0,0.0,0.0,73.79,183.73
142.04,124.229,23.824,967.95,0.0,0.0,0.0,73.79,183.74
142.1,124.284,23.84,967.41,0.0,0.0,0.0,73.79,183.75
142.16,124.34,23.856,966.87,0.0,0.0,0.0,73.78,183.75
142.2,124.377,23.867,966.5,0.0,0.0,0.0,73.78,183.76
142.26,124.433,23.884,965.96,0.0,0.0,0.0,73.77,183.76
142.3,124.47,23.894,965.6,0.0,0.0,0.0,73.77,183.77
142.36,124.525,23.911,965.06,0.0,0.0,0.0,73.76,183.78
142.4,124.562,23.922,964.7,0.0,0.0,0.0,73.76,183.78
142.44,124.599,23.933,964.34,0.0,0.0,0.0,73.75,183.79
142.5,124.654,23.949,963.79,0.0,0.0,0.0,73.75,183.79
142.56,124.71,23.965,963.25,0.0,0.0,0.0,73.74,183.8
142.6,124.747,23.976,962.89,0.0,0.0,0.0,73.74,183.8
142.66,124.802,23.992,962.35,0.0,0.0,0.0,73.73,183.81
142.7,124.839,24.003,961.99,0.0,0.0,0.0,73.73,183.82
142.76,124.894,24.019,961.45,0.0,0.0,0.0,73.72,183.82
142.8,124.931,24.03,961.09,0.0,0.0,0.0,73.72,183.83
142.86,124.986,24.047,960.54,0.0,0.0,0.0,73.71,183.83
142.9,125.023,24.057,960.18,0.0,0.0,0.0,73.71,183.84
142.96,125.078,24.074,959.64,0.0,0.0,0.0,73.7,183.85
143.0,125.115,24.085,959.28,0.0,0.0,0.0,73.7,183.85
143.06,125.17,24.101,958.74,0.0,0.0,0.0,73.7,183.86
143.12,125.225,24.117,958.2,0.0,0.0,0.0,73.69,183.86
143.16,125.262,24.128,957.84,0.0,0.0,0.0,73.69,183.87
143.22,125.317,24.144,957.29,0.0,0.0,0.0,73.68,183.88
143.26,125.353,24.155,956.93,0.0,0.0,0.0,73.68,183.88
143.3,125.39,24.166,956.57,0.0,0.0,0.0,73.67,183.89
143.36,125.445,24.182,956.03,0.0,0.0,0.0,73.67,183.89
143.42,125.5,24.199,955.49,0.0,0.0,0.0,73.66,183.9
143.46,125.536,24.21,955.13,0.0,0.0,0.0,73.66,183.9
143.5,125.573,24.22,954.77,0.0,0.0,0.0,73.65,183.91
143.56,125.628,24.237,954.23,0.0,0.0,0.0,73.65,183.92
143.6,125.664,24.248,953.86,0.0,0.0,0.0,73.65,183.92
143.66,125.719,24.264,953.32,0.0,0.0,0.0,73.64,183.93
143.72,125.773,24.28,952.78,0.0,0.0,0.0,73.63,183.93
143.76,125.81,24.291,952.42,0.0,0.0,0.0,73.63,183.94
143.8,125.846,24.302,952.06,0.0,0.0,0.0,73.63,183.94
143.86,125.901,24.318,951.52,0.0,0.0,0.0,73.62,183.95
143.92,125.956,24.334,950.98,0.0,0.0,0.0,73.62,183.96
143.96,125.992,24.345,950.62,0.0,0.0,0.0,73.61,183.96
144.0,126.028,24.356,950.26,0.0,0.0,0.0,73.61,183.97
144.06,126.083,24.372,949.72,0.0,0.0,0.0,73.6,183.97
144.12,126.137,24.389,949.18,0.0,0.0,0.0,73.6,183.98
144.16,126.174,24.4,948.81,0.0,0.0,0.0,73.59,183.98
144.22,126.228,24.416,948.27,0.0,0.0,0.0,73.59,183.99
144.26,126.264,24.427,947.91,0.0,0.0,0.0,73.58,184.0
144.32,126.319,24.443,947.37,0.0,0.0,0.0,73.58,184.0
144.36,126.355,24.454,947.01,0.0,0.0,0.0,73.57,184.01
144.42,126.409,24.47,946.47,0.0,0.0,0.0,73.57,184.01
144.46,126.445,24.481,946.11,0.0,0.0,0.0,73.56,184.02
144.52,126.5,24.497,945.57,0.0,0.0,0.0,73.56,184.03
144.56,126.536,24.508,945.21,0.0,0.0,0.0,73.56,184.03
144.62,126.59,24.525,944.67,0.0,0.0,0.0,73.55,184.04
144.66,126.626,24.535,944.31,0.0,0.0,0.0,73.55,184.04
144.72,126.68,24.552,943.77,0.0,0.0,0.0,73.54,184.05
144.78,126.734,24.568,943.23,0.0,0.0,0.0,73.53,184.06
144.82,126.77,24.579,942.87,0.0,0.0,0.0,73.53,184.06
144.84,126.807,24.59,942.51,0.0,0.0,0.0,73.53,184.06
144.92,126.861,24.606,941.97,0.0,0.0,0.0,73.52,184.07
144.96,126.897,24.617,941.61,0.0,0.0,0.0,73.52,184.08
145.02,126.951,24.633,941.06,0.0,0.0,0.0,73.51,184.08
145.08,127.004,24.649,940.52,0.0,0.0,0.0,73.51,184.09
145.12,127.04,24.66,940.16,0.0,0.0,0.0,73.5,184.09
145.16,127.076,24.671,939.8,0.0,0.0,0.0,73.5,184.1
145.22,127.13,24.687,939.26,0.0,0.0,0.0,73.49,184.11
145.28,127.184,24.704,938.72,0.0,0.0,0.0,73.49,184.11
145.32,127.22,24.715,938.36,0.0,0.0,0.0,73.48,184.12
145.34,127.238,24.72,938.18,0.0,0.0,0.0,73.48,184.12
145.4,127.292,24.736,937.64,0.0,0.0,0.0,73.48,184.13
145.46,127.345,24.753,937.1,0.0,0.0,0.0,73.47,184.13
145.5,127.381,24.763,936.74,0.0,0.0,0.0,73.47,184.14
145.54,127.417,24.774,936.38,0.0,0.0,0.0,73.46,184.14
145.6,127.471,24.791,935.84,0.0,0.0,0.0,73.46,184.15
145.66,127.524,24.807,935.3,0.0,0.0,0.0,73.45,184.15
145.7,127.56,24.818,934.94,0.0,0.0,0.0,73.45,184.16
145.76,127.614,24.834,934.4,0.0,0.0,0.0,73.44,184.17
145.8,127.649,24.845,934.04,0.0,0.0,0.0,73.44,184.17
145.86,127.703,24.861,933.5,0.0,0.0,0.0,73.43,184.18
145.9,127.738,24.872,933.14,0.0,0.0,0.0,73.43,184.18
145.94,127.774,24.883,932.78,0.0,0.0,0.0,73.43,184.19
146.0,127.827,24.899,932.24,0.0,0.0,0.0,73.42,184.19
146.04,127.863,24.91,931.88,0.0,0.0,0.0,73.42,184.2
146.1,127.916,24.926,931.34,0.0,0.0,0.0,73.41,184.2
146.16,127.97,24.943,930.8,0.0,0.0,0.0,73.4,184.21
146.2,128.005,24.953,930.44,0.0,0.0,0.0,73.4,184.22
146.26,128.059,24.97,929.91,0.0,0.0,0.0,73.4,184.22
146.3,128.094,24.981,929.55,0.0,0.0,0.0,73.39,184.23
146.36,128.147,24.997,929.01,0.0,0.0,0.0,73.39,184.23
146.4,128.183,25.008,928.65,0.0,0.0,0.0,73.38,184.24
146.44,128.218,25.019,928.29,0.0,0.0,0.0,73.38,184.24
146.5,128.271,25.035,927.75,0.0,0.0,0.0,73.37,184.25
146.56,128.324,25.051,927.21,0.0,0.0,0.0,73.37,184.26
146.6,128.36,25.062,926.85,0.0,0.0,0.0,73.36,184.26
146.66,128.413,25.078,926.31,0.0,0.0,0.0,73.36,184.27
146.7,128.448,25.089,925.95,0.0,0.0,0.0,73.35,184.27
146.76,128.501,25.105,925.41,0.0,0.0,0.0,73.35,184.28
146.82,128.554,25.122,924.87,0.0,0.0,0.0,73.34,184.28
146.86,128.589,25.133,924.51,0.0,0.0,0.0,73.34,184.29
146.9,128.625,25.143,924.15,0.0,0.0,0.0,73.34,184.29
146.94,128.66,25.154,923.79,0.0,0.0,0.0,73.33,184.3
146.98,128.695,25.165,923.43,0.0,0.0,0.0,73.33,184.3
147.02,128.73,25.176,923.07,0.0,0.0,0.0,73.32,184.31
147.04,128.748,25.181,922.89,0.0,0.0,0.0,73.32,184.31
147.08,128.783,25.192,922.53,0.0,0.0,0.0,73.32,184.31
147.12,128.818,25.203,922.18,0.0,0.0,0.0,73.31,184.32
147.14,128.836,25.209,922.0,0.0,0.0,0.0,73.31,184.32
147.18,128.871,25.219,921.64,0.0,0.0,0.0,73.31,184.32
147.22,128.906,25.23,921.28,0.0,0.0,0.0,73.31,184.33
147.26,128.942,25.241,920.92,0.0,0.0,0.0,73.3,184.33
147.32,128.994,25.257,920.38,0.0,0.0,0.0,73.3,184.34
147.36,129.029,25.268,920.02,0.0,0.0,0.0,73.29,184.34
147.42,129.082,25.285,919.48,0.0,0.0,0.0,73.29,184.35
147.46,129.117,25.295,919.12,0.0,0.0,0.0,73.28,184.36
147.52,129.17,25.312,918.58,0.0,0.0,0.0,73.28,184.36
147.58,129.222,25.328,918.04,0.0,0.0,0.0,73.27,184.37
147.62,129.257,25.339,917.69,0.0,0.0,0.0,73.27,184.37
147.66,129.292,25.35,917.33,0.0,0.0,0.0,73.26,184.38
147.72,129.344,25.366,916.79,0.0,0.0,0.0,73.26,184.38
147.76,129.379,25.377,916.43,0.0,0.0,0.0,73.25,184.39
147.82,129.432,25.393,915.89,0.0,0.0,0.0,73.25,184.4
147.86,129.467,25.404,915.53,0.0,0.0,0.0,73.25,184.4
147.92,129.519,25.42,914.99,0.0,0.0,0.0,73.24,184.41
147.96,129.554,25.431,914.63,0.0,0.0,0.0,73.24,184.41
148.02,129.606,25.447,914.09,0.0,0.0,0.0,73.23,184.42
148.06,129.641,25.458,913.74,0.0,0.0,0.0,73.23,184.42
148.12,129.693,25.474,913.2,0.0,0.0,0.0,73.22,184.43
148.16,129.728,25.485,912.84,0.0,0.0,0.0,73.22,184.43
148.18,129.763,25.496,912.48,0.0,0.0,0.0,73.21,184.44
148.26,129.815,25.512,911.94,0.0,0.0,0.0,73.21,184.44
148.3,129.85,25.523,911.58,0.0,0.0,0.0,73.2,184.45
148.36,129.902,25.54,911.04,0.0,0.0,0.0,73.2,184.45
148.4,129.937,25.55,910.69,0.0,0.0,0.0,73.19,184.46
148.46,129.989,25.567,910.15,0.0,0.0,0.0,73.19,184.47
148.52,130.041,25.583,909.61,0.0,0.0,0.0,73.18,184.47
148.56,130.075,25.594,909.25,0.0,0.0,0.0,73.18,184.48
148.6,130.11,25.605,908.89,0.0,0.0,0.0,73.18,184.48
148.66,130.162,25.621,908.35,0.0,0.0,0.0,73.17,184.49
148.72,130.214,25.637,907.82,0.0,0.0,0.0,73.16,184.49
148.74,130.231,25.643,907.64,0.0,0.0,0.0,73.16,184.5
148.8,130.283,25.659,907.1,0.0,0.0,0.0,73.16,184.5
148.86,130.335,25.675,906.56,0.0,0.0,0.0,73.15,184.51
148.9,130.369,25.686,906.2,0.0,0.0,0.0,73.15,184.51
148.94,130.404,25.697,905.84,0.0,0.0,0.0,73.14,184.52
148.98,130.455,25.713,905.31,0.0,0.0,0.0,73.14,184.52
149.04,130.49,25.724,904.95,0.0,0.0,0.0,73.13,184.53
149.1,130.541,25.74,904.41,0.0,0.0,0.0,73.13,184.54
149.16,130.593,25.757,903.87,0.0,0.0,0.0,73.12,184.54
149.2,130.628,25.767,903.51,0.0,0.0,0.0,73.12,184.55
149.26,130.679,25.784,902.98,0.0,0.0,0.0,73.11,184.55
149.3,130.713,25.795,902.62,0.0,0.0,0.0,73.11,184.56
149.36,130.765,25.811,902.08,0.0,0.0,0.0,73.1,184.56
149.4,130.799,25.822,901.72,0.0,0.0,0.0,73.1,184.57
149.4,130.799,25.833,901.54,0.0,0.0,0.0,73.1,184.57
149.48,130.868,25.843,901.01,0.0,0.0,0.0,73.09,184.58
149.5,130.885,25.849,900.83,0.0,0.0,0.0,73.09,184.58
149.54,130.919,25.86,900.47,0.0,0.0,0.0,73.09,184.58
149.6,130.971,25.876,899.93,0.0,0.0,0.0,73.08,184.59
149.66,131.022,25.892,899.39,0.0,0.0,0.0,73.08,184.6
149.68,131.056,25.903,899.04,0.0,0.0,0.0,73.07,184.6
149.74,131.108,25.919,898.5,0.0,0.0,0.0,73.07,184.61
149.8,131.142,25.93,898.14,0.0,0.0,0.0,73.06,184.61
149.86,131.193,25.946,897.6,0.0,0.0,0.0,73.06,184.62
149.88,131.227,25.957,897.25,0.0,0.0,0.0,73.05,184.62
149.96,131.278,25.974,896.71,0.0,0.0,0.0,73.05,184.63
150.0,131.312,25.99,896.17,0.0,0.0,0.0,73.04,184.63
150.04,131.347,25.995,895.99,0.0,0.0,0.0,73.04,184.64
150.1,131.398,26.012,895.46,0.0,0.0,0.0,73.03,184.64
150.14,131.432,26.022,895.1,0.0,0.0,0.0,73.03,184.65
150.18,131.466,26.033,894.74,0.0,0.0,0.0,73.03,184.65
150.24,131.517,26.049,894.2,0.0,0.0,0.0,73.02,184.66
150.24,131.534,26.06,894.02,0.0,0.0,0.0,73.02,184.66
150.32,131.585,26.071,893.49,0.0,0.0,0.0,73.01,184.67
150.36,131.619,26.082,893.13,0.0,0.0,0.0,73.01,184.67
150.42,131.67,26.098,892.59,0.0,0.0,0.0,73.0,184.68
150.46,131.704,26.109,892.23,0.0,0.0,0.0,73.0,184.68
150.52,131.754,26.125,891.7,0.0,0.0,0.0,73.0,184.69
150.58,131.805,26.142,891.16,0.0,0.0,0.0,72.99,184.69
150.62,131.839,26.153,890.8,0.0,0.0,0.0,72.99,184.7
150.68,131.89,26.169,890.27,0.0,0.0,0.0,72.98,184.71
150.72,131.924,26.18,889.91,0.0,0.0,0.0,72.98,184.71
150.76,131.958,26.19,889.55,0.0,0.0,0.0,72.97,184.71
150.82,132.008,26.207,889.01,0.0,0.0,0.0,72.97,184.72
150.88,132.059,26.223,888.48,0.0,0.0,0.0,72.96,184.73
150.92,132.093,26.234,888.12,0.0,0.0,0.0,72.96,184.73
150.98,132.143,26.25,887.58,0.0,0.0,0.0,72.95,184.74
151.02,132.177,26.261,887.23,0.0,0.0,0.0,72.95,184.74
151.08,132.228,26.277,886.69,0.0,0.0,0.0,72.94,184.75
151.14,132.278,26.294,886.15,0.0,0.0,0.0,72.94,184.75
151.18,132.312,26.304,885.8,0.0,0.0,0.0,72.93,184.76
151.24,132.362,26.321,885.26,0.0,0.0,0.0,72.93,184.77
151.28,132.396,26.331,884.9,0.0,0.0,0.0,72.92,184.77
151.32,132.429,26.342,884.55,0.0,0.0,0.0,72.92,184.77
151.38,132.48,26.359,884.01,0.0,0.0,0.0,72.91,184.78
151.42,132.513,26.369,883.65,0.0,0.0,0.0,72.91,184.78
151.48,132.564,26.386,883.12,0.0,0.0,0.0,72.9,184.79
151.52,132.597,26.397,882.76,0.0,0.0,0.0,72.9,184.79
151.58,132.648,26.413,882.22,0.0,0.0,0.0,72.9,184.8
151.62,132.681,26.424,881.87,0.0,0.0,0.0,72.89,184.81
151.66,132.715,26.434,881.51,0.0,0.0,0.0,72.89,184.81
151.72,132.765,26.451,880.97,0.0,0.0,0.0,72.88,184.82
151.78,132.815,26.467,880.44,0.0,0.0,0.0,72.88,184.82
151.82,132.848,26.478,880.08,0.0,0.0,0.0,72.87,184.83
151.88,132.898,26.494,879.54,0.0,0.0,0.0,72.87,184.83
151.94,132.948,26.51,879.01,0.0,0.0,0.0,72.86,184.84
151.98,132.982,26.521,878.65,0.0,0.0,0.0,72.86,184.84
152.04,133.032,26.537,878.12,0.0,0.0,0.0,72.85,184.85
152.08,133.065,26.548,877.76,0.0,0.0,0.0,72.85,184.85
152.14,133.115,26.565,877.22,0.0,0.0,0.0,72.84,184.86
152.18,133.148,26.575,876.87,0.0,0.0,0.0,72.84,184.86
152.24,133.198,26.592,876.33,0.0,0.0,0.0,72.83,184.87
152.28,133.232,26.603,875.97,0.0,0.0,0.0,72.83,184.87
152.34,133.281,26.619,875.44,0.0,0.0,0.0,72.82,184.88
152.38,133.315,26.63,875.08,0.0,0.0,0.0,72.82,184.89
152.44,133.364,26.646,874.55,0.0,0.0,0.0,72.81,184.89
152.48,133.398,26.657,874.19,0.0,0.0,0.0,72.81,184.9
152.54,133.447,26.673,873.65,0.0,0.0,0.0,72.8,184.9
152.58,133.48,26.684,873.3,0.0,0.0,0.0,72.8,184.91
152.64,133.53,26.7,872.76,0.0,0.0,0.0,72.8,184.91
152.68,133.563,26.711,872.41,0.0,0.0,0.0,72.79,184.92
152.74,133.613,26.727,871.87,0.0,0.0,0.0,72.79,184.92
152.78,133.646,26.738,871.51,0.0,0.0,0.0,72.78,184.93
152.84,133.695,26.754,870.98,0.0,0.0,0.0,72.78,184.93
152.9,133.745,26.771,870.44,0.0,0.0,0.0,72.77,184.94
152.94,133.778,26.781,870.09,0.0,0.0,0.0,72.77,184.94
153.0,133.827,26.798,869.55,0.0,0.0,0.0,72.76,184.95
153.04,133.86,26.809,869.2,0.0,0.0,0.0,72.76,184.95
153.08,133.893,26.819,868.84,0.0,0.0,0.0,72.75,184.96
153.14,133.943,26.836,868.31,0.0,0.0,0.0,72.75,184.96
153.2,133.992,26.852,867.77,0.0,0.0,0.0,72.74,184.97
153.24,134.025,26.863,867.41,0.0,0.0,0.0,72.74,184.98
153.3,134.074,26.879,866.88,0.0,0.0,0.0,72.73,184.98
153.34,134.107,26.89,866.52,0.0,0.0,0.0,72.73,184.99
153.38,134.14,26.901,866.17,0.0,0.0,0.0,72.73,184.99
153.44,134.189,26.917,865.63,0.0,0.0,0.0,72.72,185.0
153.5,134.238,26.933,865.1,0.0,0.0,0.0,72.71,185.0
153.54,134.271,26.944,864.74,0.0,0.0,0.0,72.71,185.01
153.6,134.32,26.96,864.21,0.0,0.0,0.0,72.71,185.01
153.64,134.353,26.971,863.85,0.0,0.0,0.0,72.7,185.02
153.7,134.402,26.987,863.32,0.0,0.0,0.0,72.7,185.02
153.74,134.435,26.998,862.96,0.0,0.0,0.0,72.69,185.03
153.8,134.484,27.015,862.43,0.0,0.0,0.0,72.69,185.03
153.84,134.516,27.025,862.07,0.0,0.0,0.0,72.68,185.04
153.9,134.565,27.042,861.54,0.0,0.0,0.0,72.68,185.04
153.94,134.598,27.052,861.18,0.0,0.0,0.0,72.67,185.05
154.0,134.647,27.069,860.65,0.0,0.0,0.0,72.67,185.05
154.04,134.68,27.08,860.29,0.0,0.0,0.0,72.66,185.06
154.1,134.728,27.096,859.76,0.0,0.0,0.0,72.66,185.06
154.14,134.761,27.107,859.4,0.0,0.0,0.0,72.65,185.07
154.2,134.81,27.123,858.87,0.0,0.0,0.0,72.65,185.07
154.24,134.842,27.134,858.51,0.0,0.0,0.0,72.64,185.08
154.3,134.891,27.15,857.98,0.0,0.0,0.0,72.64,185.09
154.34,134.923,27.161,857.62,0.0,0.0,0.0,72.64,185.09
154.38,134.956,27.172,857.26,0.0,0.0,0.0,72.63,185.09
154.44,135.005,27.188,856.73,0.0,0.0,0.0,72.63,185.1
154.5,135.053,27.204,856.2,0.0,0.0,0.0,72.62,185.11
154.56,135.102,27.22,855.66,0.0,0.0,0.0,72.61,185.11
154.6,135.134,27.231,855.31,0.0,0.0,0.0,72.61,185.12
154.64,135.167,27.242,854.95,0.0,0.0,0.0,72.61,185.12
154.7,135.215,27.258,854.42,0.0,0.0,0.0,72.6,185.13
154.76,135.264,27.275,853.88,0.0,0.0,0.0,72.6,185.13
154.8,135.296,27.285,853.53,0.0,0.0,0.0,72.59,185.14
154.86,135.344,27.302,853.0,0.0,0.0,0.0,72.59,185.14
154.9,135.377,27.313,852.64,0.0,0.0,0.0,72.58,185.15
154.96,135.425,27.329,852.11,0.0,0.0,0.0,72.58,185.15
155.0,135.457,27.34,851.75,0.0,0.0,0.0,72.57,185.16
155.06,135.505,27.356,851.22,0.0,0.0,0.0,72.57,185.16
155.1,135.538,27.367,850.86,0.0,0.0,0.0,72.56,185.17
155.16,135.586,27.383,850.33,0.0,0.0,0.0,72.56,185.17
155.2,135.618,27.394,849.97,0.0,0.0,0.0,72.55,185.18
155.26,135.666,27.41,849.44,0.0,0.0,0.0,72.55,185.18
155.3,135.698,27.421,849.09,0.0,0.0,0.0,72.54,185.19
155.36,135.746,27.437,848.55,0.0,0.0,0.0,72.54,185.19
155.4,135.779,27.448,848.2,0.0,0.0,0.0,72.54,185.2
155.42,135.795,27.453,848.02,0.0,0.0,0.0,72.53,185.2
155.5,135.859,27.475,847.31,0.0,0.0,0.0,72.53,185.21
155.54,135.891,27.486,846.95,0.0,0.0,0.0,72.52,185.21
155.6,135.939,27.502,846.42,0.0,0.0,0.0,72.52,185.22
155.66,135.987,27.518,845.89,0.0,0.0,0.0,72.51,185.22
155.72,136.035,27.535,845.35,0.0,0.0,0.0,72.51,185.23
155.76,136.067,27.546,845.0,0.0,0.0,0.0,72.5,185.23
155.8,136.098,27.556,844.64,0.0,0.0,0.0,72.5,185.24
155.86,136.146,27.573,844.11,0.0,0.0,0.0,72.49,185.24
155.9,136.178,27.583,843.76,0.0,0.0,0.0,72.49,185.25
155.96,136.226,27.6,843.22,0.0,0.0,0.0,72.48,185.25
156.0,136.258,27.611,842.87,0.0,0.0,0.0,72.48,185.26
156.06,136.306,27.627,842.34,0.0,0.0,0.0,72.47,185.26
156.12,136.353,27.643,841.8,0.0,0.0,0.0,72.47,185.27
156.16,136.385,27.654,841.45,0.0,0.0,0.0,72.46,185.27
156.22,136.433,27.67,840.92,0.0,0.0,0.0,72.46,185.28
156.26,136.465,27.681,840.56,0.0,0.0,0.0,72.45,185.28
156.32,136.512,27.697,840.03,0.0,0.0,0.0,72.45,185.29
156.36,136.544,27.708,839.68,0.0,0.0,0.0,72.44,185.29
156.4,136.576,27.719,839.32,0.0,0.0,0.0,72.44,185.3
156.46,136.623,27.735,838.79,0.0,0.0,0.0,72.44,185.3
156.52,136.671,27.751,838.26,0.0,0.0,0.0,72.43,185.31
156.56,136.702,27.762,837.9,0.0,0.0,0.0,72.43,185.32
156.6,136.734,27.773,837.55,0.0,0.0,0.0,72.42,185.32
156.66,136.781,27.789,837.01,0.0,0.0,0.0,72.42,185.33
156.7,136.813,27.8,836.66,0.0,0.0,0.0,72.41,185.33
156.76,136.86,27.816,836.13,0.0,0.0,0.0,72.41,185.34
156.8,136.892,27.827,835.77,0.0,0.0,0.0,72.4,185.34
156.86,136.939,27.843,835.24,0.0,0.0,0.0,72.4,185.35
156.92,136.986,27.86,834.71,0.0,0.0,0.0,72.39,185.35
156.96,137.018,27.871,834.36,0.0,0.0,0.0,72.39,185.36
157.02,137.065,27.887,833.82,0.0,0.0,0.0,72.38,185.36
157.06,137.096,27.898,833.47,0.0,0.0,0.0,72.38,185.37
157.12,137.144,27.914,832.94,0.0,0.0,0.0,72.37,185.37
157.16,137.175,27.925,832.58,0.0,0.0,0.0,72.37,185.38
157.22,137.222,27.941,832.05,0.0,0.0,0.0,72.36,185.38
157.26,137.253,27.952,831.7,0.0,0.0,0.0,72.36,185.39
157.32,137.3,27.968,831.17,0.0,0.0,0.0,72.35,185.39
157.38,137.347,27.984,830.64,0.0,0.0,0.0,72.35,185.4
157.42,137.379,27.995,830.28,0.0,0.0,0.0,72.34,185.4
157.48,137.426,28.011,829.75,0.0,0.0,0.0,72.34,185.41
157.52,137.457,28.022,829.4,0.0,0.0,0.0,72.34,185.41
157.58,137.504,28.038,828.86,0.0,0.0,0.0,72.33,185.42
157.62,137.535,28.049,828.51,0.0,0.0,0.0,72.33,185.42
157.66,137.566,28.06,828.16,0.0,0.0,0.0,72.32,185.43
157.72,137.613,28.076,827.62,0.0,0.0,0.0,72.32,185.43
157.76,137.644,28.087,827.27,0.0,0.0,0.0,72.31,185.43
157.82,137.691,28.103,826.74,0.0,0.0,0.0,72.31,185.44
157.86,137.722,28.114,826.39,0.0,0.0,0.0,72.3,185.44
157.92,137.769,28.131,825.85,0.0,0.0,0.0,72.3,185.45
157.96,137.8,28.141,825.5,0.0,0.0,0.0,72.29,185.45
158.02,137.847,28.158,824.97,0.0,0.0,0.0,72.29,185.46
158.06,137.878,28.168,824.62,0.0,0.0,0.0,72.28,185.46
158.12,137.924,28.185,824.09,0.0,0.0,0.0,72.28,185.47
158.18,137.971,28.201,823.55,0.0,0.0,0.0,72.27,185.48
158.22,138.002,28.212,823.2,0.0,0.0,0.0,72.27,185.48
158.28,138.048,28.228,822.67,0.0,0.0,0.0,72.26,185.49
158.32,138.079,28.239,822.32,0.0,0.0,0.0,72.26,185.49
158.36,138.11,28.25,821.96,0.0,0.0,0.0,72.26,185.49
158.42,138.157,28.266,821.43,0.0,0.0,0.0,72.25,185.5
158.48,138.203,28.282,820.9,0.0,0.0,0.0,72.24,185.51
158.52,138.234,28.293,820.55,0.0,0.0,0.0,72.24,185.51
158.56,138.265,28.304,820.19,0.0,0.0,0.0,72.24,185.51
158.62,138.311,28.32,819.66,0.0,0.0,0.0,72.23,185.52
158.68,138.358,28.336,819.13,0.0,0.0,0.0,72.23,185.53
158.72,138.388,28.347,818.78,0.0,0.0,0.0,72.22,185.53
158.78,138.435,28.363,818.25,0.0,0.0,0.0,72.22,185.54
158.82,138.465,28.374,817.9,0.0,0.0,0.0,72.21,185.54
158.86,138.496,28.385,817.54,0.0,0.0,0.0,72.21,185.54
158.9,138.527,28.396,817.19,0.0,0.0,0.0,72.2,185.55
158.96,138.573,28.412,816.66,0.0,0.0,0.0,72.2,185.55
159.0,138.604,28.423,816.31,0.0,0.0,0.0,72.2,185.56
159.04,138.634,28.434,815.95,0.0,0.0,0.0,72.19,185.56
159.1,138.68,28.45,815.42,0.0,0.0,0.0,72.19,185.57
159.16,138.726,28.466,814.89,0.0,0.0,0.0,72.18,185.57
159.2,138.757,28.477,814.54,0.0,0.0,0.0,72.18,185.58
159.26,138.803,28.493,814.01,0.0,0.0,0.0,72.17,185.58
159.3,138.834,28.504,813.66,0.0,0.0,0.0,72.17,185.59
159.34,138.864,28.515,813.3,0.0,0.0,0.0,72.16,185.59
159.4,138.91,28.531,812.77,0.0,0.0,0.0,72.16,185.6
159.46,138.956,28.547,812.25,0.0,0.0,0.0,72.15,185.6
159.5,138.987,28.558,811.89,0.0,0.0,0.0,72.15,185.61
159.56,139.032,28.575,811.36,0.0,0.0,0.0,72.14,185.61
159.62,139.078,28.591,810.83,0.0,0.0,0.0,72.14,185.62
159.66,139.109,28.602,810.48,0.0,0.0,0.0,72.13,185.62
159.72,139.154,28.618,809.95,0.0,0.0,0.0,72.13,185.63
159.76,139.185,28.629,809.6,0.0,0.0,0.0,72.12,185.63
159.8,139.215,28.639,809.25,0.0,0.0,0.0,72.12,185.64
159.86,139.261,28.656,808.72,0.0,0.0,0.0,72.11,185.64
159.9,139.291,28.667,808.36,0.0,0.0,0.0,72.11,185.65
159.96,139.337,28.683,807.83,0.0,0.0,0.0,72.1,185.65
160.0,139.367,28.694,807.48,0.0,0.0,0.0,72.1,185.66
160.04,139.397,28.704,807.13,0.0,0.0,0.0,72.1,185.66
160.1,139.443,28.721,806.6,0.0,0.0,0.0,72.09,185.66
160.16,139.488,28.737,806.07,0.0,0.0,0.0,72.09,185.67
160.2,139.518,28.748,805.72,0.0,0.0,0.0,72.08,185.67
160.26,139.564,28.764,805.19,0.0,0.0,0.0,72.08,185.68
160.3,139.594,28.775,804.84,0.0,0.0,0.0,72.07,185.68
160.36,139.639,28.791,804.31,0.0,0.0,0.0,72.07,185.69
160.42,139.685,28.807,803.78,0.0,0.0,0.0,72.06,185.7
160.46,139.715,28.818,803.43,0.0,0.0,0.0,72.06,185.7
160.5,139.745,28.829,803.07,0.0,0.0,0.0,72.05,185.7
160.56,139.79,28.845,802.55,0.0,0.0,0.0,72.05,185.71
160.6,139.82,28.856,802.19,0.0,0.0,0.0,72.04,185.71
160.66,139.866,28.872,801.66,0.0,0.0,0.0,72.04,185.72
160.7,139.896,28.883,801.31,0.0,0.0,0.0,72.03,185.72
160.76,139.941,28.899,800.78,0.0,0.0,0.0,72.03,185.73
160.8,139.971,28.91,800.43,0.0,0.0,0.0,72.03,185.73
160.86,140.016,28.926,799.9,0.0,0.0,0.0,72.02,185.74
160.92,140.061,28.943,799.37,0.0,0.0,0.0,72.01,185.74
160.96,140.091,28.953,799.02,0.0,0.0,0.0,72.01,185.75
161.02,140.136,28.97,798.49,0.0,0.0,0.0,72.0,185.75
161.06,140.166,28.98,798.14,0.0,0.0,0.0,72.0,185.76
161.12,140.211,28.997,797.61,0.0,0.0,0.0,71.99,185.76
161.16,140.241,29.008,797.26,0.0,0.0,0.0,71.99,185.77
161.2,140.27,29.018,796.91,0.0,0.0,0.0,71.99,185.77
161.26,140.315,29.035,796.38,0.0,0.0,0.0,71.98,185.78
161.3,140.345,29.045,796.03,0.0,0.0,0.0,71.98,185.78
161.36,140.39,29.062,795.5,0.0,0.0,0.0,71.97,185.79
161.42,140.435,29.078,794.97,0.0,0.0,0.0,71.97,185.79
161.46,140.464,29.089,794.62,0.0,0.0,0.0,71.96,185.8
161.52,140.509,29.105,794.1,0.0,0.0,0.0,71.96,185.8
161.56,140.539,29.116,793.74,0.0,0.0,0.0,71.95,185.81
161.62,140.583,29.132,793.22,0.0,0.0,0.0,71.95,185.81
161.66,140.613,29.143,792.86,0.0,0.0,0.0,71.94,185.82
161.72,140.658,29.159,792.34,0.0,0.0,0.0,71.94,185.82
161.76,140.687,29.17,791.98,0.0,0.0,0.0,71.93,185.82
161.82,140.732,29.186,791.46,0.0,0.0,0.0,71.93,185.83
161.86,140.762,29.197,791.11,0.0,0.0,0.0,71.92,185.83
161.92,140.806,29.213,790.58,0.0,0.0,0.0,71.92,185.84
161.96,140.836,29.224,790.23,0.0,0.0,0.0,71.92,185.84
162.02,140.88,29.24,789.7,0.0,0.0,0.0,71.91,185.85
162.06,140.91,29.251,789.35,0.0,0.0,0.0,71.91,185.85
162.12,140.954,29.267,788.82,0.0,0.0,0.0,71.9,185.86
162.16,140.984,29.278,788.47,0.0,0.0,0.0,71.9,185.86
162.22,141.028,29.294,787.94,0.0,0.0,0.0,71.89,185.87
162.26,141.057,29.305,787.59,0.0,0.0,0.0,71.89,185.87
162.32,141.102,29.321,787.06,0.0,0.0,0.0,71.88,185.88
162.38,141.146,29.338,786.54,0.0,0.0,0.0,71.88,185.88
162.42,141.175,29.348,786.19,0.0,0.0,0.0,71.87,185.89
162.48,141.219,29.365,785.66,0.0,0.0,0.0,71.87,185.89
162.52,141.249,29.376,785.31,0.0,0.0,0.0,71.86,185.9
162.56,141.278,29.386,784.96,0.0,0.0,0.0,71.86,185.9
162.62,141.322,29.403,784.43,0.0,0.0,0.0,71.85,185.91
162.68,141.366,29.419,783.9,0.0,0.0,0.0,71.85,185.91
162.72,141.396,29.43,783.55,0.0,0.0,0.0,71.84,185.92
162.78,141.44,29.446,783.03,0.0,0.0,0.0,71.84,185.92
162.84,141.483,29.462,782.5,0.0,0.0,0.0,71.83,185.93
162.88,141.513,29.473,782.15,0.0,0.0,0.0,71.83,185.93
162.94,141.557,29.489,781.62,0.0,0.0,0.0,71.82,185.94
162.98,141.586,29.5,781.27,0.0,0.0,0.0,71.82,185.94
163.04,141.63,29.516,780.74,0.0,0.0,0.0,71.81,185.95
163.08,141.659,29.527,780.39,0.0,0.0,0.0,71.81,185.95
163.14,141.703,29.543,779.87,0.0,0.0,0.0,71.8,185.96
163.18,141.732,29.554,779.52,0.0,0.0,0.0,71.8,185.96
163.22,141.761,29.565,779.17,0.0,0.0,0.0,71.8,185.96
163.28,141.805,29.581,778.64,0.0,0.0,0.0,71.79,185.97
163.32,141.834,29.592,778.29,0.0,0.0,0.0,71.79,185.97
163.38,141.877,29.608,777.76,0.0,0.0,0.0,71.78,185.98
163.42,141.906,29.619,777.41,0.0,0.0,0.0,71.78,185.98
163.48,141.95,29.635,776.89,0.0,0.0,0.0,71.77,185.99
163.54,141.994,29.651,776.36,0.0,0.0,0.0,71.77,185.99
163.58,142.023,29.662,776.01,0.0,0.0,0.0,71.76,186.0
163.64,142.066,29.679,775.48,0.0,0.0,0.0,71.76,186.0
163.68,142.095,29.689,775.13,0.0,0.0,0.0,71.75,186.01
163.74,142.138,29.706,774.61,0.0,0.0,0.0,71.75,186.01
163.78,142.167,29.716,774.26,0.0,0.0,0.0,71.74,186.02
163.84,142.211,29.733,773.73,0.0,0.0,0.0,71.74,186.02
163.88,142.24,29.743,773.38,0.0,0.0,0.0,71.73,186.02
163.94,142.283,29.76,772.86,0.0,0.0,0.0,71.73,186.03
163.98,142.312,29.771,772.51,0.0,0.0,0.0,71.72,186.03
164.04,142.355,29.787,771.98,0.0,0.0,0.0,71.72,186.04
164.08,142.384,29.798,771.63,0.0,0.0,0.0,71.71,186.04
164.14,142.427,29.814,771.11,0.0,0.0,0.0,71.71,186.05
164.2,142.47,29.83,770.58,0.0,0.0,0.0,71.7,186.05
164.24,142.499,29.841,770.23,0.0,0.0,0.0,71.7,186.06
164.3,142.542,29.857,769.71,0.0,0.0,0.0,71.69,186.06
164.34,142.571,29.868,769.36,0.0,0.0,0.0,71.69,186.07
164.38,142.6,29.879,769.01,0.0,0.0,0.0,71.69,186.07
164.44,142.643,29.895,768.48,0.0,0.0,0.0,71.68,186.08
164.48,142.671,29.906,768.13,0.0,0.0,0.0,71.68,186.08
164.54,142.714,29.922,767.61,0.0,0.0,0.0,71.67,186.09
164.58,142.743,29.933,767.26,0.0,0.0,0.0,71.67,186.09
164.64,142.786,29.949,766.73,0.0,0.0,0.0,71.66,186.1
164.68,142.814,29.96,766.38,0.0,0.0,0.0,71.66,186.1
164.74,142.857,29.976,765.86,0.0,0.0,0.0,71.65,186.11
164.78,142.886,29.987,765.51,0.0,0.0,0.0,71.65,186.11
164.84,142.929,30.003,764.98,0.0,0.0,0.0,71.64,186.11
164.9,142.971,30.019,764.46,0.0,0.0,0.0,71.64,186.12
164.94,143.0,30.03,764.11,0.0,0.0,0.0,71.63,186.12
165.0,143.043,30.046,763.58,0.0,0.0,0.0,71.63,186.13
165.04,143.071,30.057,763.24,0.0,0.0,0.0,71.62,186.13
165.08,143.1,30.068,762.89,0.0,0.0,0.0,71.62,186.14
165.14,143.142,30.084,762.36,0.0,0.0,0.0,71.61,186.14
165.2,143.185,30.1,761.84,0.0,0.0,0.0,71.61,186.15
165.24,143.213,30.111,761.49,0.0,0.0,0.0,71.6,186.15
165.3,143.256,30.128,760.96,0.0,0.0,0.0,71.6,186.16
165.34,143.284,30.138,760.61,0.0,0.0,0.0,71.6,186.16
165.4,143.327,30.155,760.09,0.0,0.0,0.0,71.59,186.17
165.44,143.355,30.165,759.74,0.0,0.0,0.0,71.59,186.17
165.48,143.383,30.176,759.39,0.0,0.0,0.0,71.58,186.17
165.54,143.426,30.192,758.87,0.0,0.0,0.0,71.58,186.18
165.6,143.468,30.209,758.34,0.0,0.0,0.0,71.57,186.18
165.64,143.496,30.219,758.0,0.0,0.0,0.0,71.57,186.19
165.7,143.539,30.236,757.47,0.0,0.0,0.0,71.56,186.19
165.74,143.567,30.247,757.12,0.0,0.0,0.0,71.56,186.2
165.8,143.609,30.263,756.6,0.0,0.0,0.0,71.55,186.2
165.86,143.651,30.279,756.08,0.0,0.0,0.0,71.55,186.21
165.92,143.693,30.295,755.55,0.0,0.0,0.0,71.54,186.21
165.96,143.722,30.306,755.2,0.0,0.0,0.0,71.54,186.22
166.0,143.75,30.317,754.85,0.0,0.0,0.0,71.53,186.22
166.06,143.792,30.333,754.33,0.0,0.0,0.0,71.53,186.23
166.1,143.82,30.344,753.98,0.0,0.0,0.0,71.52,186.23
166.16,143.862,30.36,753.46,0.0,0.0,0.0,71.52,186.24
166.2,143.89,30.371,753.11,0.0,0.0,0.0,71.51,186.24
166.26,143.932,30.387,752.59,0.0,0.0,0.0,71.51,186.25
166.3,143.96,30.398,752.24,0.0,0.0,0.0,71.5,186.25
166.36,144.002,30.414,751.72,0.0,0.0,0.0,71.5,186.25
166.42,144.044,30.43,751.19,0.0,0.0,0.0,71.49,186.26
166.46,144.072,30.441,750.84,0.0,0.0,0.0,71.49,186.26
166.5,144.1,30.452,750.5,0.0,0.0,0.0,71.49,186.27
166.56,144.142,30.468,749.97,0.0,0.0,0.0,71.48,186.27
166.6,144.169,30.479,749.63,0.0,0.0,0.0,71.48,186.28
166.66,144.211,30.495,749.1,0.0,0.0,0.0,71.47,186.28
166.7,144.239,30.506,748.75,0.0,0.0,0.0,71.47,186.29
166.76,144.281,30.522,748.23,0.0,0.0,0.0,71.46,186.29
166.82,144.322,30.539,747.71,0.0,0.0,0.0,71.45,186.3
166.86,144.35,30.549,747.36,0.0,0.0,0.0,71.45,186.3
166.92,144.392,30.566,746.84,0.0,0.0,0.0,71.45,186.31
166.96,144.42,30.576,746.49,0.0,0.0,0.0,71.44,186.31
167.02,144.461,30.593,745.97,0.0,0.0,0.0,71.44,186.31
167.06,144.489,30.603,745.62,0.0,0.0,0.0,71.43,186.32
167.12,144.53,30.62,745.1,0.0,0.0,0.0,71.43,186.32
167.16,144.558,30.63,744.75,0.0,0.0,0.0,71.42,186.33
167.22,144.6,30.647,744.23,0.0,0.0,0.0,71.42,186.33
167.26,144.627,30.657,743.88,0.0,0.0,0.0,71.41,186.34
167.32,144.669,30.674,743.36,0.0,0.0,0.0,71.41,186.34
167.36,144.696,30.685,743.01,0.0,0.0,0.0,71.4,186.35
167.42,144.738,30.701,742.49,0.0,0.0,0.0,71.4,186.35
167.48,144.779,30.717,741.97,0.0,0.0,0.0,71.39,186.36
167.52,144.806,30.728,741.62,0.0,0.0,0.0,71.39,186.36
167.56,144.834,30.739,741.27,0.0,0.0,0.0,71.38,186.36
167.62,144.875,30.755,740.75,0.0,0.0,0.0,71.38,186.37
167.66,144.903,30.766,740.4,0.0,0.0,0.0,71.38,186.37
167.72,144.944,30.782,739.88,0.0,0.0,0.0,71.37,186.38
167.76,144.971,30.793,739.53,0.0,0.0,0.0,71.37,186.38
167.82,145.012,30.809,739.01,0.0,0.0,0.0,71.36,186.39
167.88,145.054,30.825,738.49,0.0,0.0,0.0,71.35,186.39
167.92,145.081,30.836,738.14,0.0,0.0,0.0,71.35,186.4
167.96,145.108,30.847,737.8,0.0,0.0,0.0,71.35,186.4
168.02,145.149,30.864,737.27,0.0,0.0,0.0,71.34,186.41
168.08,145.19,30.88,736.75,0.0,0.0,0.0,71.34,186.41
168.12,145.218,30.892,736.41,0.0,0.0,0.0,71.33,186.42
168.12,145.231,30.903,736.23,0.0,0.0,0.0,71.33,186.42
168.2,145.272,30.914,735.71,0.0,0.0,0.0,71.32,186.42
168.26,145.313,30.93,735.19,0.0,0.0,0.0,71.32,186.43
168.3,145.34,30.941,734.84,0.0,0.0,0.0,71.31,186.43
168.36,145.381,30.958,734.32,0.0,0.0,0.0,71.31,186.44
168.4,145.408,30.969,733.98,0.0,0.0,0.0,71.3,186.44
168.46,145.449,30.985,733.45,0.0,0.0,0.0,71.3,186.45
168.52,145.49,31.002,732.93,0.0,0.0,0.0,71.29,186.46
168.56,145.517,31.013,732.59,0.0,0.0,0.0,71.29,186.46
168.62,145.558,31.03,732.07,0.0,0.0,0.0,71.28,186.47
168.66,145.585,31.041,731.72,0.0,0.0,0.0,71.28,186.47
168.72,145.625,31.057,731.2,0.0,0.0,0.0,71.27,186.48
168.76,145.652,31.068,730.85,0.0,0.0,0.0,71.27,186.48
168.82,145.693,31.085,730.33,0.0,0.0,0.0,71.26,186.49
168.86,145.72,31.096,729.99,0.0,0.0,0.0,71.26,186.49
168.92,145.761,31.113,729.47,0.0,0.0,0.0,71.26,186.5
168.96,145.788,31.124,729.12,0.0,0.0,0.0,71.25,186.5
169.02,145.828,31.14,728.6,0.0,0.0,0.0,71.25,186.51
169.08,145.868,31.157,728.08,0.0,0.0,0.0,71.24,186.51
169.12,145.895,31.168,727.73,0.0,0.0,0.0,71.24,186.52
169.18,145.936,31.185,727.21,0.0,0.0,0.0,71.23,186.52
169.22,145.963,31.196,726.87,0.0,0.0,0.0,71.23,186.53
169.28,146.003,31.213,726.35,0.0,0.0,0.0,71.22,186.53
169.32,146.03,31.224,726.0,0.0,0.0,0.0,71.22,186.54
169.38,146.07,31.24,725.48,0.0,0.0,0.0,71.21,186.54
169.44,146.11,31.257,724.96,0.0,0.0,0.0,71.21,186.55
169.48,146.137,31.268,724.61,0.0,0.0,0.0,71.2,186.55
169.52,146.164,31.279,724.27,0.0,0.0,0.0,71.2,186.56
169.58,146.204,31.296,723.75,0.0,0.0,0.0,71.19,186.56
169.64,146.244,31.313,723.23,0.0,0.0,0.0,71.19,186.57
169.68,146.271,31.324,722.88,0.0,0.0,0.0,71.18,186.57
169.74,146.311,31.341,722.36,0.0,0.0,0.0,71.18,186.58
169.78,146.338,31.352,722.02,0.0,0.0,0.0,71.17,186.58
169.84,146.378,31.369,721.5,0.0,0.0,0.0,71.17,186.59
169.88,146.404,31.38,721.15,0.0,0.0,0.0,71.16,186.59
169.94,146.444,31.396,720.63,0.0,0.0,0.0,71.16,186.6
169.98,146.471,31.408,720.29,0.0,0.0,0.0,71.15,186.6
170.04,146.511,31.424,719.77,0.0,0.0,0.0,71.15,186.61
170.08,146.537,31.436,719.42,0.0,0.0,0.0,71.14,186.61
170.14,146.577,31.452,718.91,0.0,0.0,0.0,71.14,186.62
170.18,146.604,31.464,718.56,0.0,0.0,0.0,71.14,186.62
170.24,146.643,31.48,718.04,0.0,0.0,0.0,71.13,186.63
170.28,146.67,31.492,717.7,0.0,0.0,0.0,71.13,186.63
170.34,146.71,31.508,717.18,0.0,0.0,0.0,71.12,186.64
170.38,146.736,31.52,716.83,0.0,0.0,0.0,71.12,186.64
170.44,146.776,31.536,716.31,0.0,0.0,0.0,71.11,186.65
170.48,146.802,31.548,715.97,0.0,0.0,0.0,71.11,186.65
170.54,146.842,31.564,715.45,0.0,0.0,0.0,71.1,186.66
170.6,146.881,31.581,714.93,0.0,0.0,0.0,71.1,186.66
170.64,146.908,31.593,714.59,0.0,0.0,0.0,71.09,186.67
170.68,146.934,31.604,714.24,0.0,0.0,0.0,71.09,186.67
170.74,146.974,31.621,713.72,0.0,0.0,0.0,71.08,186.68
170.8,147.013,31.638,713.2,0.0,0.0,0.0,71.08,186.68
170.84,147.039,31.649,712.86,0.0,0.0,0.0,71.07,186.69
170.88,147.066,31.66,712.51,0.0,0.0,0.0,71.07,186.69
170.94,147.105,31.677,712.0,0.0,0.0,0.0,71.06,186.7
171.0,147.144,31.694,711.48,0.0,0.0,0.0,71.06,186.7
171.04,147.171,31.705,711.13,0.0,0.0,0.0,71.05,186.71
171.1,147.21,31.722,710.62,0.0,0.0,0.0,71.05,186.71
171.14,147.236,31.733,710.27,0.0,0.0,0.0,71.04,186.72
171.18,147.262,31.745,709.93,0.0,0.0,0.0,71.04,186.72
171.24,147.301,31.761,709.41,0.0,0.0,0.0,71.03,186.73
171.3,147.341,31.778,708.89,0.0,0.0,0.0,71.03,186.73
171.34,147.367,31.79,708.55,0.0,0.0,0.0,71.02,186.74
171.4,147.406,31.807,708.03,0.0,0.0,0.0,71.02,186.74
171.44,147.432,31.818,707.68,0.0,0.0,0.0,71.02,186.74
171.5,147.471,31.835,707.17,0.0,0.0,0.0,71.01,186.75
171.54,147.497,31.846,706.82,0.0,0.0,0.0,71.01,186.75
171.6,147.536,31.863,706.31,0.0,0.0,0.0,71.0,186.76
171.64,147.562,31.874,705.96,0.0,0.0,0.0,71.0,186.76
171.68,147.588,31.886,705.62,0.0,0.0,0.0,70.99,186.77
171.74,147.627,31.903,705.1,0.0,0.0,0.0,70.99,186.77
171.8,147.666,31.92,704.58,0.0,0.0,0.0,70.98,186.78
171.82,147.692,31.931,704.24,0.0,0.0,0.0,70.98,186.78
171.9,147.731,31.948,703.72,0.0,0.0,0.0,70.97,186.79
171.94,147.756,31.959,703.38,0.0,0.0,0.0,70.97,186.79
172.0,147.795,31.976,702.86,0.0,0.0,0.0,70.96,186.8
172.04,147.821,31.988,702.52,0.0,0.0,0.0,70.96,186.8
172.1,147.86,32.005,702.0,0.0,0.0,0.0,70.95,186.81
172.14,147.886,32.016,701.66,0.0,0.0,0.0,70.95,186.81
172.18,147.911,32.027,701.31,0.0,0.0,0.0,70.94,186.82
172.24,147.95,32.044,700.8,0.0,0.0,0.0,70.94,186.82
172.3,147.989,32.062,700.28,0.0,0.0,0.0,70.93,186.83
172.34,148.014,32.073,699.94,0.0,0.0,0.0,70.93,186.83
172.4,148.053,32.09,699.42,0.0,0.0,0.0,70.92,186.84
172.44,148.079,32.101,699.08,0.0,0.0,0.0,70.92,186.84
172.5,148.117,32.118,698.56,0.0,0.0,0.0,70.91,186.85
172.56,148.156,32.135,698.05,0.0,0.0,0.0,70.91,186.85
172.6,148.181,32.147,697.7,0.0,0.0,0.0,70.9,186.86
172.6,148.194,32.153,697.53,0.0,0.0,0.0,70.9,186.86
172.66,148.22,32.164,697.19,0.0,0.0,0.0,70.9,186.86
172.72,148.258,32.181,696.67,0.0,0.0,0.0,70.89,186.87
172.78,148.296,32.198,696.16,0.0,0.0,0.0,70.89,186.87
172.84,148.335,32.215,695.64,0.0,0.0,0.0,70.88,186.88
172.88,148.36,32.227,695.3,0.0,0.0,0.0,70.88,186.88
172.92,148.386,32.238,694.95,0.0,0.0,0.0,70.87,186.89
172.98,148.424,32.255,694.44,0.0,0.0,0.0,70.87,186.89
173.02,148.449,32.267,694.09,0.0,0.0,0.0,70.86,186.9
173.08,148.488,32.284,693.58,0.0,0.0,0.0,70.86,186.9
173.12,148.513,32.295,693.24,0.0,0.0,0.0,70.85,186.91
173.18,148.551,32.312,692.72,0.0,0.0,0.0,70.85,186.91
173.24,148.589,32.33,692.21,0.0,0.0,0.0,70.84,186.92
173.28,148.615,32.341,691.86,0.0,0.0,0.0,70.84,186.92
173.32,148.64,32.352,691.52,0.0,0.0,0.0,70.84,186.93
173.38,148.678,32.37,691.01,0.0,0.0,0.0,70.83,186.93
173.44,148.716,32.387,690.49,0.0,0.0,0.0,70.82,186.94
173.48,148.741,32.398,690.15,0.0,0.0,0.0,70.82,186.94
173.52,148.767,32.41,689.81,0.0,0.0,0.0,70.82,186.95
173.58,148.804,32.427,689.29,0.0,0.0,0.0,70.81,186.95
173.64,148.842,32.444,688.78,0.0,0.0,0.0,70.81,186.96
173.68,148.868,32.456,688.43,0.0,0.0,0.0,70.8,186.96
173.72,148.893,32.467,688.09,0.0,0.0,0.0,70.8,186.96
173.78,148.931,32.484,687.58,0.0,0.0,0.0,70.79,186.97
173.84,148.968,32.501,687.06,0.0,0.0,0.0,70.79,186.98
173.88,148.993,32.513,686.72,0.0,0.0,0.0,70.78,186.98
173.94,149.031,32.53,686.21,0.0,0.0,0.0,70.78,186.99
173.98,149.056,32.542,685.86,0.0,0.0,0.0,70.77,186.99
174.04,149.094,32.559,685.35,0.0,0.0,0.0,70.77,186.99
174.08,149.119,32.57,685.01,0.0,0.0,0.0,70.76,187.0
174.14,149.157,32.588,684.49,0.0,0.0,0.0,70.76,187.0
174.18,149.182,32.599,684.15,0.0,0.0,0.0,70.75,187.01
174.24,149.219,32.616,683.64,0.0,0.0,0.0,70.75,187.01
174.28,149.244,32.628,683.3,0.0,0.0,0.0,70.74,187.02
174.34,149.282,32.645,682.78,0.0,0.0,0.0,70.74,187.02
174.38,149.307,32.657,682.44,0.0,0.0,0.0,70.73,187.03
174.44,149.344,32.674,681.93,0.0,0.0,0.0,70.73,187.03
174.48,149.369,32.686,681.59,0.0,0.0,0.0,70.72,187.04
174.54,149.406,32.703,681.07,0.0,0.0,0.0,70.72,187.04
174.58,149.431,32.714,680.73,0.0,0.0,0.0,70.72,187.05
174.64,149.469,32.732,680.22,0.0,0.0,0.0,70.71,187.05
174.68,149.493,32.743,679.88,0.0,0.0,0.0,70.71,187.06
174.74,149.531,32.761,679.36,0.0,0.0,0.0,70.7,187.06
174.78,149.555,32.772,679.02,0.0,0.0,0.0,70.7,187.06
174.84,149.593,32.79,678.51,0.0,0.0,0.0,70.69,187.07
174.88,149.617,32.801,678.17,0.0,0.0,0.0,70.69,187.07
174.94,149.655,32.818,677.65,0.0,0.0,0.0,70.68,187.08
175.0,149.692,32.836,677.14,0.0,0.0,0.0,70.68,187.09
175.04,149.716,32.847,676.8,0.0,0.0,0.0,70.67,187.09
175.08,149.741,32.859,676.46,0.0,0.0,0.0,70.67,187.09
175.14,149.778,32.876,675.95,0.0,0.0,0.0,70.66,187.1
175.2,149.815,32.894,675.43,0.0,0.0,0.0,70.66,187.1
175.24,149.84,32.905,675.09,0.0,0.0,0.0,70.65,187.11
175.28,149.864,32.917,674.75,0.0,0.0,0.0,70.65,187.11
175.34,149.901,32.934,674.24,0.0,0.0,0.0,70.64,187.12
175.4,149.938,32.952,673.73,0.0,0.0,0.0,70.64,187.12
175.44,149.963,32.963,673.39,0.0,0.0,0.0,70.63,187.13
175.5,150.0,32.981,672.87,0.0,0.0,0.0,70.63,187.13
175.54,150.024,32.992,672.53,0.0,0.0,0.0,70.62,187.14
175.6,150.061,33.01,672.02,0.0,0.0,0.0,70.62,187.14
175.66,150.098,33.027,671.51,0.0,0.0,0.0,70.61,187.15
175.7,150.122,33.039,671.17,0.0,0.0,0.0,70.61,187.15
175.76,150.159,33.056,670.66,0.0,0.0,0.0,70.6,187.16
175.8,150.183,33.068,670.32,0.0,0.0,0.0,70.6,187.16
175.86,150.22,33.085,669.81,0.0,0.0,0.0,70.59,187.17
175.9,150.244,33.097,669.47,0.0,0.0,0.0,70.59,187.17
175.96,150.281,33.114,668.95,0.0,0.0,0.0,70.58,187.18
176.0,150.305,33.126,668.61,0.0,0.0,0.0,70.58,187.18
176.06,150.342,33.143,668.1,0.0,0.0,0.0,70.57,187.18
176.1,150.366,33.155,667.76,0.0,0.0,0.0,70.57,187.19
176.16,150.402,33.173,667.25,0.0,0.0,0.0,70.56,187.19
176.2,150.427,33.184,666.91,0.0,0.0,0.0,70.56,187.2
176.26,150.463,33.202,666.4,0.0,0.0,0.0,70.55,187.2
176.3,150.487,33.213,666.06,0.0,0.0,0.0,70.55,187.21
176.34,150.512,33.225,665.72,0.0,0.0,0.0,70.55,187.21
176.4,150.548,33.243,665.21,0.0,0.0,0.0,70.54,187.22
176.46,150.584,33.26,664.7,0.0,0.0,0.0,70.54,187.22
176.5,150.608,33.272,664.36,0.0,0.0,0.0,70.53,187.23
176.56,150.645,33.289,663.85,0.0,0.0,0.0,70.53,187.23
176.6,150.669,33.301,663.51,0.0,0.0,0.0,70.52,187.23
176.66,150.705,33.318,663.0,0.0,0.0,0.0,70.52,187.24
176.72,150.741,33.336,662.49,0.0,0.0,0.0,70.51,187.25
176.76,150.765,33.348,662.15,0.0,0.0,0.0,70.51,187.25
176.8,150.789,33.359,661.81,0.0,0.0,0.0,70.5,187.25
176.86,150.825,33.377,661.3,0.0,0.0,0.0,70.5,187.26
176.9,150.849,33.389,660.96,0.0,0.0,0.0,70.49,187.26
176.96,150.885,33.406,660.45,0.0,0.0,0.0,70.49,187.27
177.0,150.909,33.418,660.11,0.0,0.0,0.0,70.48,187.27
177.06,150.945,33.435,659.6,0.0,0.0,0.0,70.48,187.28
177.12,150.981,33.453,659.09,0.0,0.0,0.0,70.47,187.28
177.16,151.005,33.465,658.75,0.0,0.0,0.0,70.47,187.29
177.2,151.029,33.476,658.41,0.0,0.0,0.0,70.47,187.29
177.26,151.065,33.494,657.9,0.0,0.0,0.0,70.46,187.3
177.32,151.101,33.512,657.39,0.0,0.0,0.0,70.45,187.3
177.36,151.124,33.523,657.05,0.0,0.0,0.0,70.45,187.31
177.4,151.148,33.535,656.71,0.0,0.0,0.0,70.45,187.31
177.46,151.184,33.553,656.21,0.0,0.0,0.0,70.44,187.31
177.52,151.22,33.57,655.7,0.0,0.0,0.0,70.43,187.32
177.56,151.243,33.582,655.36,0.0,0.0,0.0,70.43,187.32
177.62,151.279,33.6,654.85,0.0,0.0,0.0,70.42,187.33
177.66,151.303,33.612,654.51,0.0,0.0,0.0,70.42,187.33
177.7,151.326,33.623,654.17,0.0,0.0,0.0,70.42,187.34
177.76,151.362,33.641,653.66,0.0,0.0,0.0,70.41,187.34
177.82,151.398,33.659,653.15,0.0,0.0,0.0,70.41,187.35
177.86,151.421,33.67,652.82,0.0,0.0,0.0,70.4,187.35
177.92,151.457,33.688,652.31,0.0,0.0,0.0,70.4,187.36
177.96,151.48,33.7,651.97,0.0,0.0,0.0,70.39,187.36
178.02,151.516,33.717,651.46,0.0,0.0,0.0,70.39,187.37
178.08,151.551,33.735,650.95,0.0,0.0,0.0,70.38,187.37
178.12,151.575,33.747,650.61,0.0,0.0,0.0,70.38,187.38
178.16,151.598,33.759,650.28,0.0,0.0,0.0,70.37,187.38
178.22,151.634,33.776,649.77,0.0,0.0,0.0,70.37,187.38
178.28,151.669,33.794,649.26,0.0,0.0,0.0,70.36,187.39
178.32,151.692,33.806,648.92,0.0,0.0,0.0,70.36,187.39
178.36,151.716,33.818,648.58,0.0,0.0,0.0,70.35,187.4
178.42,151.751,33.835,648.08,0.0,0.0,0.0,70.35,187.4
178.48,151.786,33.853,647.57,0.0,0.0,0.0,70.34,187.41
178.54,151.821,33.871,647.06,0.0,0.0,0.0,70.34,187.41
178.58,151.845,33.883,646.72,0.0,0.0,0.0,70.33,187.42
178.64,151.88,33.9,646.22,0.0,0.0,0.0,70.33,187.42
178.68,151.903,33.912,645.88,0.0,0.0,0.0,70.32,187.43
178.74,151.938,33.93,645.37,0.0,0.0,0.0,70.32,187.43
178.78,151.961,33.942,645.03,0.0,0.0,0.0,70.31,187.44
178.84,151.996,33.96,644.53,0.0,0.0,0.0,70.31,187.44
178.88,152.02,33.971,644.19,0.0,0.0,0.0,70.3,187.44
178.94,152.054,33.989,643.68,0.0,0.0,0.0,70.3,187.45
178.98,152.078,34.001,643.35,0.0,0.0,0.0,70.29,187.45
179.04,152.113,34.019,642.84,0.0,0.0,0.0,70.29,187.46
179.08,152.136,34.031,642.5,0.0,0.0,0.0,70.29,187.46
179.14,152.171,34.048,642.0,0.0,0.0,0.0,70.28,187.47
179.18,152.194,34.06,641.66,0.0,0.0,0.0,70.28,187.47
179.24,152.228,34.078,641.15,0.0,0.0,0.0,70.27,187.48
179.28,152.252,34.09,640.81,0.0,0.0,0.0,70.27,187.48
179.34,152.286,34.108,640.31,0.0,0.0,0.0,70.26,187.49
179.38,152.309,34.12,639.97,0.0,0.0,0.0,70.26,187.49
179.44,152.344,34.137,639.47,0.0,0.0,0.0,70.25,187.5
179.48,152.367,34.149,639.13,0.0,0.0,0.0,70.25,187.5
179.54,152.402,34.167,638.62,0.0,0.0,0.0,70.24,187.5
179.6,152.436,34.185,638.12,0.0,0.0,0.0,70.24,187.51
179.64,152.459,34.197,637.78,0.0,0.0,0.0,70.23,187.51
179.68,152.482,34.209,637.44,0.0,0.0,0.0,70.23,187.52
179.74,152.516,34.227,636.94,0.0,0.0,0.0,70.22,187.52
179.8,152.551,34.244,636.43,0.0,0.0,0.0,70.22,187.53
179.84,152.574,34.256,636.1,0.0,0.0,0.0,70.21,187.53
179.88,152.597,34.268,635.76,0.0,0.0,0.0,70.21,187.53
179.94,152.631,34.286,635.26,0.0,0.0,0.0,70.2,187.54
179.98,152.654,34.298,634.92,0.0,0.0,0.0,70.2,187.54
180.04,152.688,34.316,634.41,0.0,0.0,0.0,70.19,187.55
180.1,152.722,34.334,633.91,0.0,0.0,0.0,70.19,187.55
180.14,152.745,34.346,633.57,0.0,0.0,0.0,70.18,187.56
180.2,152.779,34.363,633.07,0.0,0.0,0.0,70.18,187.56
180.24,152.802,34.375,632.73,0.0,0.0,0.0,70.17,187.57
180.3,152.836,34.393,632.23,0.0,0.0,0.0,70.17,187.57
180.34,152.859,34.405,631.89,0.0,0.0,0.0,70.16,187.58
180.4,152.893,34.423,631.39,0.0,0.0,0.0,70.16,187.58
180.44,152.916,34.435,631.05,0.0,0.0,0.0,70.16,187.59
180.5,152.95,34.453,630.55,0.0,0.0,0.0,70.15,187.59
180.54,152.973,34.465,630.21,0.0,0.0,0.0,70.15,187.59
180.6,153.007,34.483,629.71,0.0,0.0,0.0,70.14,187.6
180.64,153.029,34.495,629.37,0.0,0.0,0.0,70.14,187.6
180.7,153.063,34.513,628.87,0.0,0.0,0.0,70.13,187.61
180.74,153.086,34.525,628.53,0.0,0.0,0.0,70.13,187.61
180.8,153.119,34.543,628.03,0.0,0.0,0.0,70.12,187.62
180.84,153.142,34.555,627.69,0.0,0.0,0.0,70.12,187.62
180.9,153.176,34.573,627.19,0.0,0.0,0.0,70.11,187.63
180.94,153.198,34.584,626.85,0.0,0.0,0.0,70.11,187.63
181.0,153.232,34.602,626.35,0.0,0.0,0.0,70.1,187.64
181.04,153.255,34.614,626.02,0.0,0.0,0.0,70.1,187.64
181.1,153.288,34.632,625.51,0.0,0.0,0.0,70.09,187.64
181.14,153.311,34.644,625.18,0.0,0.0,0.0,70.09,187.65
181.2,153.344,34.662,624.67,0.0,0.0,0.0,70.08,187.65
181.24,153.367,34.674,624.34,0.0,0.0,0.0,70.08,187.66
181.3,153.4,34.692,623.84,0.0,0.0,0.0,70.07,187.66
181.36,153.434,34.71,623.33,0.0,0.0,0.0,70.07,187.67
181.4,153.456,34.722,623.0,0.0,0.0,0.0,70.06,187.67
181.44,153.478,34.734,622.66,0.0,0.0,0.0,70.06,187.67
181.5,153.512,34.752,622.16,0.0,0.0,0.0,70.05,187.68
181.56,153.545,34.77,621.66,0.0,0.0,0.0,70.05,187.69
181.62,153.579,34.788,621.16,0.0,0.0,0.0,70.04,187.69
181.66,153.601,34.8,620.82,0.0,0.0,0.0,70.04,187.69
181.68,153.623,34.812,620.49,0.0,0.0,0.0,70.03,187.7
181.76,153.657,34.83,619.99,0.0,0.0,0.0,70.03,187.7
181.82,153.69,34.848,619.49,0.0,0.0,0.0,70.02,187.71
181.86,153.712,34.86,619.15,0.0,0.0,0.0,70.02,187.71
181.92,153.745,34.878,618.65,0.0,0.0,0.0,70.01,187.72
181.96,153.767,34.891,618.32,0.0,0.0,0.0,70.01,187.72
182.0,153.789,34.903,617.98,0.0,0.0,0.0,70.01,187.72
182.06,153.823,34.921,617.48,0.0,0.0,0.0,70.0,187.73
182.1,153.845,34.933,617.15,0.0,0.0,0.0,70.0,187.73
182.16,153.878,34.951,616.64,0.0,0.0,0.0,69.99,187.74
182.22,153.911,34.969,616.14,0.0,0.0,0.0,69.98,187.74
182.26,153.933,34.981,615.81,0.0,0.0,0.0,69.98,187.75
182.3,153.955,34.993,615.48,0.0,0.0,0.0,69.98,187.75
182.36,153.988,35.011,614.97,0.0,0.0,0.0,69.97,187.76
182.42,154.021,35.029,614.47,0.0,0.0,0.0,69.97,187.76
182.46,154.043,35.041,614.14,0.0,0.0,0.0,69.96,187.76
182.5,154.065,35.053,613.81,0.0,0.0,0.0,69.96,187.77
182.56,154.098,35.071,613.31,0.0,0.0,0.0,69.95,187.77
182.62,154.13,35.089,612.81,0.0,0.0,0.0,69.95,187.78
182.66,154.152,35.101,612.47,0.0,0.0,0.0,69.94,187.78
182.72,154.185,35.12,611.97,0.0,0.0,0.0,69.94,187.79
182.76,154.207,35.132,611.64,0.0,0.0,0.0,69.93,187.79
182.82,154.24,35.15,611.14,0.0,0.0,0.0,69.93,187.8
182.86,154.261,35.162,610.81,0.0,0.0,0.0,69.92,187.8
182.92,154.294,35.18,610.31,0.0,0.0,0.0,69.92,187.81
182.96,154.316,35.192,609.97,0.0,0.0,0.0,69.91,187.81
183.02,154.348,35.21,609.47,0.0,0.0,0.0,69.91,187.81
183.06,154.37,35.222,609.14,0.0,0.0,0.0,69.9,187.82
183.12,154.403,35.24,608.64,0.0,0.0,0.0,69.9,187.82
183.16,154.424,35.253,608.31,0.0,0.0,0.0,69.89,187.83
183.22,154.457,35.271,607.81,0.0,0.0,0.0,69.89,187.83
183.28,154.489,35.289,607.31,0.0,0.0,0.0,69.88,187.84
183.32,154.511,35.301,606.98,0.0,0.0,0.0,69.88,187.84
183.36,154.532,35.313,606.65,0.0,0.0,0.0,69.88,187.84
183.42,154.565,35.331,606.15,0.0,0.0,0.0,69.87,187.85
183.48,154.597,35.349,605.65,0.0,0.0,0.0,69.86,187.85
183.52,154.619,35.362,605.32,0.0,0.0,0.0,69.86,187.86
183.58,154.651,35.38,604.82,0.0,0.0,0.0,69.85,187.86
183.62,154.673,35.392,604.48,0.0,0.0,0.0,69.85,187.87
183.66,154.694,35.404,604.15,0.0,0.0,0.0,69.85,187.87
183.72,154.726,35.422,603.65,0.0,0.0,0.0,69.84,187.88
183.78,154.758,35.44,603.16,0.0,0.0,0.0,69.84,187.88
183.82,154.78,35.453,602.82,0.0,0.0,0.0,69.83,187.88
183.88,154.812,35.471,602.33,0.0,0.0,0.0,69.83,187.89
183.92,154.833,35.483,601.99,0.0,0.0,0.0,69.82,187.89
183.98,154.865,35.501,601.5,0.0,0.0,0.0,69.82,187.9
184.02,154.887,35.513,601.16,0.0,0.0,0.0,69.81,187.9
184.08,154.919,35.532,600.67,0.0,0.0,0.0,69.81,187.91
184.12,154.94,35.544,600.34,0.0,0.0,0.0,69.8,187.91
184.18,154.972,35.562,599.84,0.0,0.0,0.0,69.8,187.92
184.22,154.993,35.574,599.51,0.0,0.0,0.0,69.79,187.92
184.28,155.025,35.592,599.01,0.0,0.0,0.0,69.79,187.92
184.32,155.047,35.605,598.68,0.0,0.0,0.0,69.78,187.93
184.38,155.078,35.623,598.18,0.0,0.0,0.0,69.78,187.93
184.44,155.11,35.641,597.68,0.0,0.0,0.0,69.77,187.94
184.44,155.121,35.653,597.52,0.0,0.0,0.0,69.77,187.94
184.52,155.153,35.665,597.02,0.0,0.0,0.0,69.76,187.94
184.58,155.184,35.684,596.53,0.0,0.0,0.0,69.76,187.95
184.62,155.205,35.696,596.19,0.0,0.0,0.0,69.75,187.95
184.66,155.227,35.708,595.86,0.0,0.0,0.0,69.75,187.96
184.72,155.258,35.726,595.37,0.0,0.0,0.0,69.74,187.96
184.78,155.29,35.745,594.87,0.0,0.0,0.0,69.74,187.97
184.82,155.311,35.757,594.54,0.0,0.0,0.0,69.74,187.97
184.88,155.342,35.775,594.04,0.0,0.0,0.0,69.73,187.98
184.92,155.364,35.787,593.71,0.0,0.0,0.0,69.73,187.98
184.96,155.385,35.8,593.38,0.0,0.0,0.0,69.72,187.98
185.02,155.416,35.818,592.89,0.0,0.0,0.0,69.72,187.99
185.08,155.447,35.836,592.39,0.0,0.0,0.0,69.71,187.99
185.12,155.468,35.848,592.06,0.0,0.0,0.0,69.71,188.0
185.18,155.5,35.867,591.57,0.0,0.0,0.0,69.7,188.0
185.22,155.521,35.879,591.24,0.0,0.0,0.0,69.7,188.01
185.28,155.552,35.897,590.74,0.0,0.0,0.0,69.69,188.01
185.32,155.573,35.91,590.41,0.0,0.0,0.0,69.69,188.01
185.38,155.604,35.928,589.92,0.0,0.0,0.0,69.68,188.02
185.42,155.625,35.94,589.59,0.0,0.0,0.0,69.68,188.02
185.48,155.656,35.958,589.09,0.0,0.0,0.0,69.67,188.03
185.52,155.677,35.971,588.76,0.0,0.0,0.0,69.67,188.03
185.58,155.708,35.989,588.27,0.0,0.0,0.0,69.66,188.04
185.62,155.729,36.001,587.94,0.0,0.0,0.0,69.66,188.04
185.68,155.76,36.02,587.44,0.0,0.0,0.0,69.65,188.04
185.72,155.781,36.032,587.11,0.0,0.0,0.0,69.65,188.05
185.78,155.812,36.05,586.62,0.0,0.0,0.0,69.64,188.05
185.84,155.843,36.069,586.13,0.0,0.0,0.0,69.64,188.06
185.88,155.864,36.081,585.8,0.0,0.0,0.0,69.63,188.06
185.92,155.884,36.093,585.47,0.0,0.0,0.0,69.63,188.07
185.98,155.915,36.112,584.97,0.0,0.0,0.0,69.62,188.07
186.04,155.946,36.13,584.48,0.0,0.0,0.0,69.62,188.08
186.08,155.967,36.142,584.15,0.0,0.0,0.0,69.61,188.08
186.12,155.987,36.154,583.82,0.0,0.0,0.0,69.61,188.08
186.18,156.018,36.173,583.33,0.0,0.0,0.0,69.6,188.09
186.22,156.039,36.185,583.0,0.0,0.0,0.0,69.6,188.09
186.28,156.069,36.204,582.51,0.0,0.0,0.0,69.6,188.1
186.32,156.09,36.216,582.18,0.0,0.0,0.0,69.59,188.1
186.38,156.121,36.234,581.68,0.0,0.0,0.0,69.59,188.1
186.44,156.151,36.253,581.19,0.0,0.0,0.0,69.58,188.11
186.48,156.172,36.265,580.86,0.0,0.0,0.0,69.58,188.11
186.54,156.202,36.283,580.37,0.0,0.0,0.0,69.57,188.12
186.58,156.223,36.296,580.04,0.0,0.0,0.0,69.57,188.12
186.62,156.243,36.308,579.71,0.0,0.0,0.0,69.56,188.13
186.68,156.274,36.326,579.22,0.0,0.0,0.0,69.56,188.13
186.74,156.304,36.345,578.73,0.0,0.0,0.0,69.55,188.14
186.78,156.325,36.357,578.4,0.0,0.0,0.0,69.55,188.14
186.84,156.355,36.376,577.91,0.0,0.0,0.0,69.54,188.14
186.88,156.375,36.388,577.58,0.0,0.0,0.0,69.54,188.15
186.92,156.396,36.4,577.25,0.0,0.0,0.0,69.53,188.15
186.98,156.426,36.419,576.76,0.0,0.0,0.0,69.53,188.16
187.04,156.456,36.437,576.27,0.0,0.0,0.0,69.52,188.16
187.08,156.477,36.45,575.94,0.0,0.0,0.0,69.52,188.16
187.14,156.507,36.468,575.45,0.0,0.0,0.0,69.51,188.17
187.18,156.527,36.48,575.13,0.0,0.0,0.0,69.51,188.17
187.24,156.557,36.499,574.63,0.0,0.0,0.0,69.5,188.18
187.28,156.578,36.511,574.31,0.0,0.0,0.0,69.5,188.18
187.34,156.608,36.53,573.82,0.0,0.0,0.0,69.49,188.19
187.38,156.628,36.542,573.49,0.0,0.0,0.0,69.49,188.19
187.44,156.658,36.561,573.0,0.0,0.0,0.0,69.48,188.19
187.5,156.688,36.579,572.51,0.0,0.0,0.0,69.48,188.2
187.54,156.708,36.591,572.18,0.0,0.0,0.0,69.47,188.2
187.6,156.738,36.61,571.69,0.0,0.0,0.0,69.47,188.21
187.64,156.758,36.622,571.36,0.0,0.0,0.0,69.46,188.21
187.7,156.788,36.641,570.87,0.0,0.0,0.0,69.46,188.22
187.76,156.818,36.659,570.38,0.0,0.0,0.0,69.45,188.22
187.8,156.838,36.672,570.06,0.0,0.0,0.0,69.45,188.23
187.86,156.868,36.69,569.57,0.0,0.0,0.0,69.44,188.23
187.9,156.888,36.703,569.24,0.0,0.0,0.0,69.44,188.23
187.96,156.918,36.721,568.75,0.0,0.0,0.0,69.43,188.24
188.0,156.938,36.734,568.43,0.0,0.0,0.0,69.43,188.24
188.06,156.967,36.752,567.94,0.0,0.0,0.0,69.42,188.25
188.1,156.987,36.764,567.61,0.0,0.0,0.0,69.42,188.25
188.16,157.017,36.783,567.12,0.0,0.0,0.0,69.41,188.26
188.2,157.037,36.795,566.8,0.0,0.0,0.0,69.41,188.26
188.26,157.066,36.814,566.31,0.0,0.0,0.0,69.41,188.26
188.3,157.086,36.826,565.98,0.0,0.0,0.0,69.4,188.27
188.36,157.116,36.845,565.49,0.0,0.0,0.0,69.4,188.27
188.4,157.136,36.857,565.17,0.0,0.0,0.0,69.39,188.28
188.46,157.165,36.876,564.68,0.0,0.0,0.0,69.39,188.28
188.5,157.185,36.888,564.35,0.0,0.0,0.0,69.38,188.28
188.56,157.214,36.907,563.87,0.0,0.0,0.0,69.38,188.29
188.6,157.234,36.919,563.54,0.0,0.0,0.0,69.37,188.29
188.66,157.263,36.938,563.05,0.0,0.0,0.0,69.37,188.3
188.72,157.293,36.956,562.56,0.0,0.0,0.0,69.36,188.3
188.76,157.312,36.969,562.24,0.0,0.0,0.0,69.36,188.31
188.8,157.332,36.981,561.91,0.0,0.0,0.0,69.35,188.31
188.86,157.361,37.0,561.43,0.0,0.0,0.0,69.35,188.31
188.9,157.381,37.012,561.1,0.0,0.0,0.0,69.34,188.32
188.96,157.41,37.031,560.61,0.0,0.0,0.0,69.34,188.32
189.02,157.439,37.05,560.13,0.0,0.0,0.0,69.33,188.33
189.06,157.459,37.062,559.8,0.0,0.0,0.0,69.33,188.33
189.1,157.478,37.074,559.48,0.0,0.0,0.0,69.32,188.33
189.16,157.507,37.093,558.99,0.0,0.0,0.0,69.32,188.34
189.22,157.537,37.112,558.51,0.0,0.0,0.0,69.31,188.34
189.26,157.556,37.124,558.18,0.0,0.0,0.0,69.31,188.35
189.32,157.585,37.143,557.69,0.0,0.0,0.0,69.3,188.35
189.36,157.604,37.155,557.37,0.0,0.0,0.0,69.3,188.36
189.4,157.624,37.168,557.05,0.0,0.0,0.0,69.3,188.36
189.46,157.653,37.186,556.56,0.0,0.0,0.0,69.29,188.36
189.52,157.682,37.205,556.07,0.0,0.0,0.0,69.28,188.37
189.56,157.701,37.217,555.75,0.0,0.0,0.0,69.28,188.37
189.62,157.73,37.236,555.27,0.0,0.0,0.0,69.27,188.38
189.66,157.749,37.249,554.94,0.0,0.0,0.0,69.27,188.38
189.72,157.778,37.267,554.46,0.0,0.0,0.0,69.26,188.39
189.76,157.797,37.28,554.13,0.0,0.0,0.0,69.26,188.39
189.82,157.826,37.298,553.65,0.0,0.0,0.0,69.26,188.39
189.86,157.845,37.311,553.32,0.0,0.0,0.0,69.25,188.4
189.92,157.874,37.33,552.84,0.0,0.0,0.0,69.25,188.4
189.96,157.893,37.342,552.52,0.0,0.0,0.0,69.24,188.41
190.02,157.922,37.361,552.03,0.0,0.0,0.0,69.24,188.41
190.06,157.941,37.373,551.71,0.0,0.0,0.0,69.23,188.41
190.12,157.97,37.392,551.22,0.0,0.0,0.0,69.23,188.42
190.18,157.998,37.411,550.74,0.0,0.0,0.0,69.22,188.42
190.22,158.017,37.423,550.42,0.0,0.0,0.0,69.22,188.43
190.26,158.036,37.436,550.09,0.0,0.0,0.0,69.21,188.43
190.32,158.065,37.454,549.61,0.0,0.0,0.0,69.21,188.44
190.38,158.093,37.473,549.13,0.0,0.0,0.0,69.2,188.44
190.42,158.112,37.486,548.8,0.0,0.0,0.0,69.2,188.44
190.48,158.141,37.504,548.32,0.0,0.0,0.0,69.19,188.45
190.52,158.16,37.517,548.0,0.0,0.0,0.0,69.19,188.45
190.58,158.188,37.536,547.52,0.0,0.0,0.0,69.18,188.46
190.64,158.216,37.554,547.03,0.0,0.0,0.0,69.18,188.46
190.68,158.235,37.567,546.71,0.0,0.0,0.0,69.17,188.46
190.72,158.254,37.579,546.39,0.0,0.0,0.0,69.17,188.47
190.78,158.282,37.598,545.91,0.0,0.0,0.0,69.16,188.47
190.84,158.311,37.617,545.42,0.0,0.0,0.0,69.16,188.48
190.88,158.329,37.629,545.1,0.0,0.0,0.0,69.15,188.48
190.94,158.358,37.648,544.62,0.0,0.0,0.0,69.15,188.49
190.98,158.376,37.661,544.3,0.0,0.0,0.0,69.14,188.49
191.04,158.404,37.679,543.82,0.0,0.0,0.0,69.14,188.49
191.08,158.423,37.692,543.49,0.0,0.0,0.0,69.13,188.5
191.14,158.451,37.711,543.01,0.0,0.0,0.0,69.13,188.5
191.18,158.47,37.723,542.69,0.0,0.0,0.0,69.12,188.51
191.24,158.498,37.742,542.21,0.0,0.0,0.0,69.12,188.51
191.28,158.517,37.755,541.89,0.0,0.0,0.0,69.12,188.51
191.34,158.544,37.773,541.41,0.0,0.0,0.0,69.11,188.52
191.38,158.563,37.786,541.09,0.0,0.0,0.0,69.11,188.52
191.44,158.591,37.805,540.61,0.0,0.0,0.0,69.1,188.53
191.48,158.61,37.817,540.29,0.0,0.0,0.0,69.1,188.53
191.54,158.637,37.836,539.81,0.0,0.0,0.0,69.09,188.54
191.58,158.656,37.849,539.48,0.0,0.0,0.0,69.09,188.54
191.64,158.684,37.867,539.0,0.0,0.0,0.0,69.08,188.54
191.7,158.711,37.886,538.52,0.0,0.0,0.0,69.07,188.55
191.74,158.73,37.899,538.2,0.0,0.0,0.0,69.07,188.55
191.8,158.758,37.918,537.72,0.0,0.0,0.0,69.07,188.56
191.84,158.776,37.93,537.4,0.0,0.0,0.0,69.06,188.56
191.88,158.795,37.943,537.08,0.0,0.0,0.0,69.06,188.56
191.94,158.822,37.962,536.6,0.0,0.0,0.0,69.05,188.57
191.98,158.841,37.974,536.28,0.0,0.0,0.0,69.05,188.57
192.04,158.868,37.993,535.8,0.0,0.0,0.0,69.04,188.58
192.1,158.896,38.012,535.33,0.0,0.0,0.0,69.04,188.58
192.14,158.914,38.024,535.01,0.0,0.0,0.0,69.03,188.58
192.18,158.932,38.037,534.69,0.0,0.0,0.0,69.03,188.59
192.24,158.96,38.056,534.21,0.0,0.0,0.0,69.02,188.59
192.3,158.987,38.075,533.73,0.0,0.0,0.0,69.02,188.6
192.34,159.005,38.087,533.41,0.0,0.0,0.0,69.01,188.6
192.4,159.033,38.106,532.93,0.0,0.0,0.0,69.01,188.61
192.44,159.051,38.119,532.61,0.0,0.0,0.0,69.0,188.61
192.5,159.078,38.138,532.13,0.0,0.0,0.0,69.0,188.61
192.54,159.096,38.15,531.82,0.0,0.0,0.0,68.99,188.62
192.6,159.124,38.169,531.34,0.0,0.0,0.0,68.99,188.62
192.64,159.142,38.182,531.02,0.0,0.0,0.0,68.98,188.62
192.7,159.169,38.201,530.54,0.0,0.0,0.0,68.98,188.63
192.74,159.187,38.213,530.22,0.0,0.0,0.0,68.97,188.63
192.8,159.214,38.232,529.75,0.0,0.0,0.0,68.97,188.64
192.84,159.232,38.245,529.43,0.0,0.0,0.0,68.97,188.64
192.9,159.259,38.264,528.95,0.0,0.0,0.0,68.96,188.65
192.94,159.277,38.276,528.63,0.0,0.0,0.0,68.96,188.65
193.0,159.304,38.295,528.16,0.0,0.0,0.0,68.95,188.65
193.04,159.322,38.308,527.84,0.0,0.0,0.0,68.95,188.66
193.1,159.349,38.327,527.36,0.0,0.0,0.0,68.94,188.66
193.14,159.367,38.339,527.04,0.0,0.0,0.0,68.94,188.67
193.2,159.394,38.358,526.57,0.0,0.0,0.0,68.93,188.67
193.24,159.412,38.371,526.25,0.0,0.0,0.0,68.93,188.67
193.3,159.439,38.39,525.77,0.0,0.0,0.0,68.92,188.68
193.34,159.457,38.402,525.46,0.0,0.0,0.0,68.92,188.68
193.4,159.484,38.421,524.98,0.0,0.0,0.0,68.91,188.69
193.46,159.51,38.44,524.51,0.0,0.0,0.0,68.91,188.69
193.5,159.528,38.453,524.19,0.0,0.0,0.0,68.9,188.69
193.54,159.546,38.465,523.87,0.0,0.0,0.0,68.9,188.7
193.6,159.573,38.484,523.4,0.0,0.0,0.0,68.89,188.7
193.64,159.591,38.497,523.08,0.0,0.0,0.0,68.89,188.71
193.66,159.608,38.51,522.76,0.0,0.0,0.0,68.88,188.71
193.74,159.635,38.529,522.29,0.0,0.0,0.0,68.88,188.71
193.8,159.661,38.548,521.81,0.0,0.0,0.0,68.87,188.72
193.86,159.688,38.567,521.34,0.0,0.0,0.0,68.87,188.72
193.9,159.706,38.579,521.02,0.0,0.0,0.0,68.86,188.73
193.96,159.732,38.598,520.55,0.0,0.0,0.0,68.86,188.73
194.0,159.75,38.611,520.23,0.0,0.0,0.0,68.85,188.73
194.06,159.776,38.63,519.76,0.0,0.0,0.0,68.85,188.74
194.1,159.794,38.643,519.44,0.0,0.0,0.0,68.84,188.74
194.16,159.82,38.662,518.97,0.0,0.0,0.0,68.84,188.75
194.2,159.838,38.674,518.65,0.0,0.0,0.0,68.83,188.75
194.26,159.864,38.693,518.18,0.0,0.0,0.0,68.83,188.75
194.3,159.882,38.706,517.87,0.0,0.0,0.0,68.82,188.76
194.36,159.908,38.725,517.39,0.0,0.0,0.0,68.82,188.76
194.4,159.925,38.738,517.08,0.0,0.0,0.0,68.81,188.77
194.46,159.952,38.757,516.6,0.0,0.0,0.0,68.81,188.77
194.52,159.978,38.776,516.13,0.0,0.0,0.0,68.8,188.78
194.56,159.995,38.788,515.82,0.0,0.0,0.0,68.8,188.78
194.6,160.013,38.801,515.5,0.0,0.0,0.0,68.8,188.78
194.66,160.039,38.82,515.03,0.0,0.0,0.0,68.79,188.79
194.72,160.065,38.839,514.56,0.0,0.0,0.0,68.78,188.79
194.76,160.082,38.852,514.24,0.0,0.0,0.0,68.78,188.79
194.8,160.099,38.864,513.93,0.0,0.0,0.0,68.78,188.8
194.86,160.125,38.883,513.46,0.0,0.0,0.0,68.77,188.8
194.92,160.151,38.902,512.99,0.0,0.0,0.0,68.76,188.81
194.96,160.169,38.915,512.67,0.0,0.0,0.0,68.76,188.81
195.0,160.186,38.928,512.36,0.0,0.0,0.0,68.76,188.81
195.06,160.212,38.947,511.89,0.0,0.0,0.0,68.75,188.82
195.12,160.238,38.966,511.42,0.0,0.0,0.0,68.75,188.82
195.16,160.255,38.979,511.1,0.0,0.0,0.0,68.74,188.83
195.2,160.272,38.991,510.79,0.0,0.0,0.0,68.74,188.83
195.26,160.298,39.01,510.32,0.0,0.0,0.0,68.73,188.83
195.32,160.323,39.029,509.85,0.0,0.0,0.0,68.73,188.84
195.36,160.341,39.042,509.54,0.0,0.0,0.0,68.72,188.84
195.4,160.358,39.055,509.22,0.0,0.0,0.0,68.72,188.85
195.46,160.383,39.074,508.75,0.0,0.0,0.0,68.71,188.85
195.52,160.409,39.093,508.28,0.0,0.0,0.0,68.71,188.86
195.56,160.426,39.106,507.97,0.0,0.0,0.0,68.7,188.86
195.62,160.452,39.125,507.5,0.0,0.0,0.0,68.7,188.86
195.66,160.469,39.138,507.19,0.0,0.0,0.0,68.69,188.87
195.72,160.494,39.157,506.72,0.0,0.0,0.0,68.69,188.87
195.76,160.511,39.169,506.41,0.0,0.0,0.0,68.68,188.87
195.82,160.537,39.189,505.94,0.0,0.0,0.0,68.68,188.88
195.86,160.553,39.201,505.63,0.0,0.0,0.0,68.67,188.88
195.92,160.579,39.22,505.16,0.0,0.0,0.0,68.67,188.89
195.96,160.596,39.233,504.85,0.0,0.0,0.0,68.66,188.89
196.02,160.621,39.252,504.38,0.0,0.0,0.0,68.66,188.89
196.06,160.638,39.265,504.07,0.0,0.0,0.0,68.66,188.9
196.12,160.663,39.284,503.6,0.0,0.0,0.0,68.65,188.9
196.18,160.688,39.303,503.13,0.0,0.0,0.0,68.64,188.91
196.22,160.705,39.316,502.82,0.0,0.0,0.0,68.64,188.91
196.26,160.722,39.329,502.51,0.0,0.0,0.0,68.64,188.91
196.32,160.747,39.348,502.04,0.0,0.0,0.0,68.63,188.92
196.36,160.764,39.361,501.73,0.0,0.0,0.0,68.63,188.92
196.42,160.789,39.38,501.27,0.0,0.0,0.0,68.62,188.93
196.48,160.814,39.399,500.8,0.0,0.0,0.0,68.61,188.93
196.52,160.831,39.412,500.49,0.0,0.0,0.0,68.61,188.93
196.56,160.848,39.424,500.18,0.0,0.0,0.0,68.61,188.94
196.62,160.873,39.444,499.71,0.0,0.0,0.0,68.6,188.94
196.68,160.898,39.463,499.25,0.0,0.0,0.0,68.6,188.95
196.72,160.914,39.475,498.94,0.0,0.0,0.0,68.59,188.95
196.78,160.939,39.495,498.47,0.0,0.0,0.0,68.59,188.95
196.82,160.956,39.507,498.16,0.0,0.0,0.0,68.58,188.96
196.84,160.964,39.514,498.0,0.0,0.0,0.0,68.58,188.96
196.86,160.98,39.527,497.69,0.0,0.0,0.0,68.58,188.96
196.94,161.005,39.546,497.23,0.0,0.0,0.0,68.57,188.97
197.0,161.03,39.565,496.77,0.0,0.0,0.0,68.56,188.97
197.04,161.047,39.578,496.46,0.0,0.0,0.0,68.56,188.97
197.1,161.071,39.597,495.99,0.0,0.0,0.0,68.55,188.98
197.16,161.096,39.616,495.53,0.0,0.0,0.0,68.55,188.98
197.2,161.112,39.629,495.22,0.0,0.0,0.0,68.55,188.99
197.24,161.129,39.642,494.91,0.0,0.0,0.0,68.54,188.99
197.3,161.153,39.661,494.44,0.0,0.0,0.0,68.54,188.99
197.36,161.178,39.68,493.98,0.0,0.0,0.0,68.53,189.0
197.4,161.194,39.693,493.67,0.0,0.0,0.0,68.53,189.0
197.44,161.211,39.706,493.36,0.0,0.0,0.0,68.52,189.01
197.5,161.235,39.725,492.9,0.0,0.0,0.0,68.52,189.01
197.56,161.26,39.744,492.44,0.0,0.0,0.0,68.51,189.01
197.6,161.276,39.757,492.13,0.0,0.0,0.0,68.51,189.02
197.66,161.3,39.776,491.67,0.0,0.0,0.0,68.5,189.02
197.7,161.317,39.789,491.36,0.0,0.0,0.0,68.5,189.03
197.76,161.341,39.808,490.9,0.0,0.0,0.0,68.49,189.03
197.8,161.357,39.821,490.59,0.0,0.0,0.0,68.49,189.03
197.86,161.382,39.84,490.13,0.0,0.0,0.0,68.48,189.04
197.9,161.398,39.853,489.82,0.0,0.0,0.0,68.48,189.04
197.96,161.422,39.872,489.36,0.0,0.0,0.0,68.47,189.05
198.0,161.438,39.885,489.05,0.0,0.0,0.0,68.47,189.05
198.06,161.462,39.904,488.59,0.0,0.0,0.0,68.46,189.05
198.1,161.478,39.917,488.28,0.0,0.0,0.0,68.46,189.06
198.16,161.503,39.936,487.82,0.0,0.0,0.0,68.45,189.06
198.2,161.519,39.949,487.51,0.0,0.0,0.0,68.45,189.06
198.26,161.543,39.968,487.05,0.0,0.0,0.0,68.44,189.07
198.32,161.567,39.988,486.59,0.0,0.0,0.0,68.44,189.07
198.36,161.583,40.0,486.29,0.0,0.0,0.0,68.43,189.08
198.4,161.599,40.013,485.98,0.0,0.0,0.0,68.43,189.08
198.46,161.623,40.033,485.52,0.0,0.0,0.0,68.42,189.08
198.52,161.647,40.052,485.06,0.0,0.0,0.0,68.42,189.09
198.56,161.663,40.065,484.75,0.0,0.0,0.0,68.41,189.09
198.6,161.679,40.077,484.45,0.0,0.0,0.0,68.41,189.1
198.66,161.702,40.097,483.99,0.0,0.0,0.0,68.4,189.1
198.72,161.726,40.116,483.53,0.0,0.0,0.0,68.4,189.1
198.76,161.742,40.129,483.22,0.0,0.0,0.0,68.39,189.11
198.8,161.758,40.142,482.92,0.0,0.0,0.0,68.39,189.11
198.86,161.782,40.161,482.46,0.0,0.0,0.0,68.39,189.12
198.92,161.805,40.18,482.0,0.0,0.0,0.0,68.38,189.12
198.96,161.821,40.193,481.7,0.0,0.0,0.0,68.38,189.12
199.0,161.837,40.206,481.39,0.0,0.0,0.0,68.37,189.13
199.06,161.861,40.225,480.94,0.0,0.0,0.0,68.37,189.13
199.12,161.884,40.245,480.48,0.0,0.0,0.0,68.36,189.14
199.16,161.9,40.257,480.17,0.0,0.0,0.0,68.36,189.14
199.22,161.923,40.277,479.72,0.0,0.0,0.0,68.35,189.14
199.26,161.939,40.29,479.41,0.0,0.0,0.0,68.35,189.15
199.32,161.963,40.309,478.95,0.0,0.0,0.0,68.34,189.15
199.36,161.978,40.322,478.65,0.0,0.0,0.0,68.34,189.15
199.42,162.002,40.341,478.19,0.0,0.0,0.0,68.33,189.16
199.48,162.025,40.36,477.74,0.0,0.0,0.0,68.33,189.16
199.52,162.041,40.373,477.43,0.0,0.0,0.0,68.32,189.17
199.58,162.064,40.393,476.98,0.0,0.0,0.0,68.32,189.17
199.64,162.087,40.412,476.52,0.0,0.0,0.0,68.31,189.18
199.68,162.103,40.425,476.22,0.0,0.0,0.0,68.31,189.18
199.72,162.118,40.438,475.92,0.0,0.0,0.0,68.3,189.18
199.78,162.142,40.457,475.46,0.0,0.0,0.0,68.3,189.19
199.84,162.165,40.476,475.01,0.0,0.0,0.0,68.29,189.19
199.88,162.18,40.489,474.7,0.0,0.0,0.0,68.29,189.19
199.94,162.203,40.509,474.25,0.0,0.0,0.0,68.28,189.2
199.98,162.219,40.522,473.95,0.0,0.0,0.0,68.28,189.2
200.02,162.234,40.535,473.64,0.0,0.0,0.0,68.27,189.2
200.08,162.257,40.554,473.19,0.0,0.0,0.0,68.27,189.21
200.14,162.28,40.573,472.74,0.0,0.0,0.0,68.26,189.21
200.18,162.296,40.586,472.44,0.0,0.0,0.0,68.26,189.22
200.22,162.311,40.599,472.13,0.0,0.0,0.0,68.25,189.22
200.28,162.334,40.618,471.68,0.0,0.0,0.0,68.25,189.22
200.34,162.357,40.638,471.23,0.0,0.0,0.0,68.24,189.23
200.38,162.372,40.651,470.93,0.0,0.0,0.0,68.24,189.23
200.44,162.395,40.67,470.47,0.0,0.0,0.0,68.23,189.24
200.48,162.41,40.683,470.17,0.0,0.0,0.0,68.23,189.24
200.54,162.433,40.702,469.72,0.0,0.0,0.0,68.22,189.24
200.58,162.448,40.715,469.42,0.0,0.0,0.0,68.22,189.25
200.64,162.471,40.735,468.97,0.0,0.0,0.0,68.21,189.25
200.68,162.486,40.748,468.67,0.0,0.0,0.0,68.21,189.25
200.74,162.509,40.767,468.21,0.0,0.0,0.0,68.2,189.26
200.78,162.524,40.78,467.91,0.0,0.0,0.0,68.2,189.26
200.84,162.546,40.799,467.46,0.0,0.0,0.0,68.19,189.27
200.88,162.561,40.812,467.16,0.0,0.0,0.0,68.19,189.27
200.94,162.584,40.832,466.71,0.0,0.0,0.0,68.18,189.27
201.0,162.607,40.851,466.26,0.0,0.0,0.0,68.18,189.28
201.04,162.622,40.864,465.96,0.0,0.0,0.0,68.18,189.28
201.08,162.637,40.877,465.66,0.0,0.0,0.0,68.17,189.28
201.14,162.659,40.896,465.21,0.0,0.0,0.0,68.17,189.29
201.2,162.682,40.916,464.76,0.0,0.0,0.0,68.16,189.29
201.24,162.696,40.929,464.46,0.0,0.0,0.0,68.16,189.3
201.3,162.719,40.948,464.02,0.0,0.0,0.0,68.15,189.3
201.34,162.734,40.961,463.72,0.0,0.0,0.0,68.15,189.3
201.38,162.749,40.974,463.42,0.0,0.0,0.0,68.14,189.31
201.44,162.771,40.994,462.97,0.0,0.0,0.0,68.14,189.31
201.5,162.793,41.013,462.52,0.0,0.0,0.0,68.13,189.32
201.54,162.808,41.032,462.22,0.0,0.0,0.0,68.13,189.32
201.6,162.83,41.052,461.77,0.0,0.0,0.0,68.12,189.33
201.64,162.845,41.065,461.48,0.0,0.0,0.0,68.12,189.33
201.7,162.867,41.091,461.03,0.0,0.0,0.0,68.11,189.33
201.76,162.889,41.111,460.58,0.0,0.0,0.0,68.1,189.34
201.84,162.919,41.136,459.99,0.0,0.0,0.0,68.1,189.34
201.9,162.941,41.149,459.54,0.0,0.0,0.0,68.09,189.35
201.94,162.955,41.169,459.24,0.0,0.0,0.0,68.09,189.35
202.0,162.977,41.188,458.8,0.0,0.0,0.0,68.08,189.36
202.06,162.999,41.194,458.35,0.0,0.0,0.0,68.08,189.36
202.1,163.014,41.207,458.05,0.0,0.0,0.0,68.07,189.36
202.16,163.036,41.227,457.61,0.0,0.0,0.0,68.07,189.37
202.22,163.058,41.246,457.16,0.0,0.0,0.0,68.06,189.37
202.28,163.08,41.266,456.72,0.0,0.0,0.0,68.06,189.38
202.32,163.094,41.279,456.42,0.0,0.0,0.0,68.05,189.38
202.36,163.109,41.292,456.12,0.0,0.0,0.0,68.05,189.38
202.42,163.13,41.311,455.68,0.0,0.0,0.0,68.04,189.39
202.46,163.145,41.324,455.38,0.0,0.0,0.0,68.04,189.39
202.52,163.167,41.344,454.94,0.0,0.0,0.0,68.03,189.39
202.58,163.188,41.363,454.5,0.0,0.0,0.0,68.03,189.4
202.62,163.203,41.376,454.2,0.0,0.0,0.0,68.02,189.4
202.66,163.217,41.389,453.91,0.0,0.0,0.0,68.02,189.4
202.72,163.239,41.409,453.46,0.0,0.0,0.0,68.01,189.41
202.78,163.26,41.428,453.02,0.0,0.0,0.0,68.01,189.41
202.82,163.275,41.441,452.72,0.0,0.0,0.0,68.0,189.42
202.86,163.289,41.454,452.43,0.0,0.0,0.0,68.0,189.42
202.92,163.31,41.474,451.99,0.0,0.0,0.0,67.99,189.42
202.98,163.332,41.493,451.55,0.0,0.0,0.0,67.99,189.43
203.02,163.346,41.506,451.25,0.0,0.0,0.0,67.98,189.43
203.08,163.368,41.526,450.81,0.0,0.0,0.0,67.98,189.44
203.12,163.382,41.539,450.52,0.0,0.0,0.0,67.97,189.44
203.18,163.403,41.558,450.08,0.0,0.0,0.0,67.97,189.44
203.22,163.417,41.571,449.78,0.0,0.0,0.0,67.96,189.45
203.28,163.439,41.591,449.34,0.0,0.0,0.0,67.96,189.45
203.32,163.453,41.604,449.05,0.0,0.0,0.0,67.96,189.45
203.38,163.474,41.624,448.61,0.0,0.0,0.0,67.95,189.46
203.42,163.488,41.637,448.31,0.0,0.0,0.0,67.95,189.46
203.48,163.509,41.656,447.87,0.0,0.0,0.0,67.94,189.46
203.52,163.523,41.669,447.58,0.0,0.0,0.0,67.94,189.47
203.58,163.544,41.689,447.14,0.0,0.0,0.0,67.93,189.47
203.62,163.558,41.702,446.85,0.0,0.0,0.0,67.93,189.48
203.68,163.58,41.721,446.41,0.0,0.0,0.0,67.92,189.48
203.74,163.601,41.741,445.97,0.0,0.0,0.0,67.91,189.48
203.78,163.615,41.754,445.68,0.0,0.0,0.0,67.91,189.49
203.82,163.629,41.767,445.39,0.0,0.0,0.0,67.91,189.49
203.88,163.649,41.786,444.95,0.0,0.0,0.0,67.9,189.49
203.92,163.663,41.799,444.66,0.0,0.0,0.0,67.9,189.5
203.98,163.684,41.819,444.22,0.0,0.0,0.0,67.89,189.5
204.02,163.698,41.832,443.93,0.0,0.0,0.0,67.89,189.5
204.08,163.719,41.852,443.49,0.0,0.0,0.0,67.88,189.51
204.14,163.74,41.871,443.06,0.0,0.0,0.0,67.88,189.51
204.18,163.754,41.884,442.76,0.0,0.0,0.0,67.87,189.52
204.22,163.767,41.897,442.47,0.0,0.0,0.0,67.87,189.52
204.28,163.788,41.917,442.04,0.0,0.0,0.0,67.86,189.52
204.34,163.809,41.937,441.6,0.0,0.0,0.0,67.86,189.53
204.38,163.823,41.95,441.31,0.0,0.0,0.0,67.85,189.53
204.44,163.843,41.969,440.88,0.0,0.0,0.0,67.85,189.54
204.5,163.864,41.989,440.44,0.0,0.0,0.0,67.84,189.54
204.56,163.884,42.008,440.01,0.0,0.0,0.0,67.84,189.54
204.6,163.898,42.021,439.72,0.0,0.0,0.0,67.83,189.55
204.66,163.919,42.041,439.28,0.0,0.0,0.0,67.83,189.55
204.7,163.932,42.054,438.99,0.0,0.0,0.0,67.82,189.55
204.74,163.946,42.067,438.7,0.0,0.0,0.0,67.82,189.56
204.8,163.966,42.087,438.27,0.0,0.0,0.0,67.81,189.56
204.86,163.987,42.106,437.84,0.0,0.0,0.0,67.81,189.57
204.9,164.0,42.119,437.55,0.0,0.0,0.0,67.8,189.57
204.96,164.021,42.139,437.12,0.0,0.0,0.0,67.8,189.57
205.0,164.034,42.152,436.83,0.0,0.0,0.0,67.79,189.58
205.04,164.048,42.165,436.54,0.0,0.0,0.0,67.79,189.58
205.1,164.068,42.185,436.11,0.0,0.0,0.0,67.78,189.58
205.16,164.088,42.205,435.68,0.0,0.0,0.0,67.78,189.59
205.2,164.102,42.218,435.39,0.0,0.0,0.0,67.77,189.59
205.24,164.115,42.231,435.1,0.0,0.0,0.0,67.77,189.59
205.3,164.135,42.25,434.67,0.0,0.0,0.0,67.76,189.6
205.32,164.149,42.263,434.38,0.0,0.0,0.0,67.76,189.6
205.4,164.169,42.283,433.95,0.0,0.0,0.0,67.75,189.61
205.46,164.189,42.303,433.52,0.0,0.0,0.0,67.75,189.61
205.5,164.202,42.316,433.23,0.0,0.0,0.0,67.74,189.61
205.52,164.215,42.329,432.95,0.0,0.0,0.0,67.74,189.62
205.6,164.235,42.349,432.52,0.0,0.0,0.0,67.73,189.62
205.64,164.249,42.362,432.23,0.0,0.0,0.0,67.73,189.62
205.7,164.269,42.381,431.8,0.0,0.0,0.0,67.73,189.63
205.76,164.289,42.401,431.37,0.0,0.0,0.0,67.72,189.63
205.8,164.302,42.414,431.09,0.0,0.0,0.0,67.72,189.64
205.84,164.315,42.427,430.8,0.0,0.0,0.0,67.71,189.64
205.9,164.335,42.447,430.37,0.0,0.0,0.0,67.71,189.64
205.94,164.348,42.46,430.09,0.0,0.0,0.0,67.7,189.65
206.0,164.368,42.48,429.66,0.0,0.0,0.0,67.7,189.65
206.02,164.381,42.493,429.38,0.0,0.0,0.0,67.69,189.65
206.06,164.394,42.506,429.09,0.0,0.0,0.0,67.69,189.66
206.12,164.407,42.519,428.81,0.0,0.0,0.0,67.68,189.66
206.18,164.427,42.539,428.38,0.0,0.0,0.0,67.68,189.66
206.22,164.44,42.552,428.1,0.0,0.0,0.0,67.68,189.67
206.26,164.453,42.565,427.81,0.0,0.0,0.0,67.67,189.67
206.32,164.473,42.585,427.39,0.0,0.0,0.0,67.67,189.67
206.38,164.492,42.604,426.96,0.0,0.0,0.0,67.66,189.68
206.42,164.505,42.617,426.68,0.0,0.0,0.0,67.66,189.68
206.48,164.525,42.637,426.25,0.0,0.0,0.0,67.65,189.68
206.52,164.538,42.65,425.97,0.0,0.0,0.0,67.65,189.69
206.58,164.557,42.67,425.54,0.0,0.0,0.0,67.64,189.69
206.6,164.57,42.683,425.26,0.0,0.0,0.0,67.64,189.7
206.66,164.583,42.696,424.98,0.0,0.0,0.0,67.63,189.7
206.72,164.602,42.716,424.55,0.0,0.0,0.0,67.63,189.7
206.76,164.615,42.729,424.27,0.0,0.0,0.0,67.62,189.71
206.82,164.634,42.749,423.85,0.0,0.0,0.0,67.62,189.71
206.88,164.654,42.768,423.42,0.0,0.0,0.0,67.61,189.71
206.9,164.666,42.782,423.14,0.0,0.0,0.0,67.61,189.72
206.98,164.686,42.801,422.72,0.0,0.0,0.0,67.6,189.72
207.02,164.698,42.814,422.44,0.0,0.0,0.0,67.6,189.72
207.08,164.718,42.834,422.02,0.0,0.0,0.0,67.59,189.73
207.14,164.737,42.854,421.59,0.0,0.0,0.0,67.59,189.73
207.18,164.749,42.867,421.31,0.0,0.0,0.0,67.58,189.74
207.22,164.762,42.88,421.03,0.0,0.0,0.0,67.58,189.74
207.28,164.781,42.9,420.61,0.0,0.0,0.0,67.57,189.74
207.34,164.8,42.92,420.19,0.0,0.0,0.0,67.57,189.75
207.38,164.813,42.933,419.91,0.0,0.0,0.0,67.56,189.75
207.44,164.832,42.953,419.49,0.0,0.0,0.0,67.56,189.75
207.48,164.844,42.966,419.21,0.0,0.0,0.0,67.55,189.76
207.52,164.857,42.979,418.93,0.0,0.0,0.0,67.55,189.76
207.56,164.87,42.992,418.65,0.0,0.0,0.0,67.55,189.76
207.62,164.888,43.012,418.23,0.0,0.0,0.0,67.54,189.77
207.68,164.907,43.032,417.81,0.0,0.0,0.0,67.53,189.77
207.72,164.92,43.045,417.53,0.0,0.0,0.0,67.53,189.77
207.78,164.938,43.064,417.12,0.0,0.0,0.0,67.52,189.78
207.82,164.951,43.078,416.84,0.0,0.0,0.0,67.52,189.78
207.86,164.963,43.091,416.56,0.0,0.0,0.0,67.52,189.78
207.92,164.982,43.111,416.14,0.0,0.0,0.0,67.51,189.79
207.96,164.995,43.124,415.86,0.0,0.0,0.0,67.51,189.79
208.02,165.013,43.144,415.45,0.0,0.0,0.0,67.5,189.8
208.08,165.032,43.163,415.03,0.0,0.0,0.0,67.5,189.8
208.12,165.044,43.176,414.75,0.0,0.0,0.0,67.49,189.8
208.18,165.063,43.196,414.34,0.0,0.0,0.0,67.49,189.81
208.22,165.075,43.209,414.06,0.0,0.0,0.0,67.48,189.81
208.24,165.087,43.223,413.78,0.0,0.0,0.0,67.48,189.81
208.32,165.106,43.242,413.37,0.0,0.0,0.0,67.47,189.82
208.36,165.118,43.256,413.09,0.0,0.0,0.0,67.47,189.82
208.42,165.137,43.275,412.68,0.0,0.0,0.0,67.46,189.82
208.48,165.155,43.295,412.26,0.0,0.0,0.0,67.46,189.83
208.52,165.167,43.308,411.99,0.0,0.0,0.0,67.45,189.83
208.58,165.185,43.328,411.57,0.0,0.0,0.0,67.45,189.84
208.62,165.198,43.341,411.3,0.0,0.0,0.0,67.44,189.84
208.68,165.216,43.361,410.88,0.0,0.0,0.0,67.44,189.84
208.72,165.228,43.374,410.61,0.0,0.0,0.0,67.43,189.85
208.78,165.246,43.394,410.2,0.0,0.0,0.0,67.43,189.85
208.82,165.258,43.407,409.92,0.0,0.0,0.0,67.42,189.85
208.88,165.276,43.427,409.51,0.0,0.0,0.0,67.42,189.86
208.92,165.289,43.44,409.23,0.0,0.0,0.0,67.41,189.86
208.98,165.307,43.46,408.82,0.0,0.0,0.0,67.41,189.86
209.02,165.319,43.473,408.55,0.0,0.0,0.0,67.4,189.87
209.08,165.337,43.493,408.14,0.0,0.0,0.0,67.4,189.87
209.12,165.349,43.506,407.86,0.0,0.0,0.0,67.39,189.87
209.16,165.361,43.52,407.59,0.0,0.0,0.0,67.39,189.88
209.22,165.379,43.539,407.18,0.0,0.0,0.0,67.39,189.88
209.26,165.391,43.553,406.91,0.0,0.0,0.0,67.38,189.88
209.32,165.409,43.573,406.5,0.0,0.0,0.0,67.38,189.89
209.38,165.426,43.592,406.09,0.0,0.0,0.0,67.37,189.89
209.42,165.438,43.606,405.82,0.0,0.0,0.0,67.37,189.9
209.48,165.456,43.625,405.41,0.0,0.0,0.0,67.36,189.9
209.52,165.468,43.639,405.14,0.0,0.0,0.0,67.36,189.9
209.58,165.486,43.658,404.73,0.0,0.0,0.0,67.35,189.91
209.64,165.503,43.678,404.32,0.0,0.0,0.0,67.34,189.91
209.68,165.515,43.692,404.05,0.0,0.0,0.0,67.34,189.91
209.72,165.527,43.705,403.78,0.0,0.0,0.0,67.34,189.92
209.78,165.545,43.725,403.37,0.0,0.0,0.0,67.33,189.92
209.82,165.556,43.738,403.1,0.0,0.0,0.0,67.33,189.92
209.88,165.574,43.758,402.69,0.0,0.0,0.0,67.32,189.93
209.94,165.592,43.778,402.29,0.0,0.0,0.0,67.32,189.93
209.96,165.597,43.784,402.15,0.0,0.0,0.0,67.31,189.93
209.96,165.603,43.791,402.02,0.0,0.0,0.0,67.31,189.94
210.02,165.615,43.804,401.75,0.0,0.0,0.0,67.31,189.94
210.08,165.632,43.824,401.34,0.0,0.0,0.0,67.3,189.94
210.14,165.65,43.844,400.94,0.0,0.0,0.0,67.3,189.95
210.18,165.661,43.857,400.67,0.0,0.0,0.0,67.29,189.95
210.24,165.679,43.877,400.27,0.0,0.0,0.0,67.29,189.95
210.28,165.69,43.89,400.0,0.0,0.0,0.0,67.28,189.96
210.34,165.708,43.91,399.59,0.0,0.0,0.0,67.28,189.96
210.36,165.713,43.917,399.46,0.0,0.0,0.0,67.27,189.96
210.44,165.736,43.943,398.92,0.0,0.0,0.0,67.27,189.97
210.5,165.754,43.963,398.52,0.0,0.0,0.0,67.26,189.97
210.54,165.765,43.976,398.25,0.0,0.0,0.0,67.26,189.97
210.6,165.782,43.996,397.85,0.0,0.0,0.0,67.25,189.98
210.64,165.794,44.009,397.58,0.0,0.0,0.0,67.25,189.98
210.7,165.811,44.029,397.18,0.0,0.0,0.0,67.24,189.99
210.74,165.822,44.043,396.92,0.0,0.0,0.0,67.24,189.99
210.8,165.839,44.062,396.52,0.0,0.0,0.0,67.23,189.99
210.84,165.851,44.076,396.25,0.0,0.0,0.0,67.23,190.0
210.88,165.862,44.089,395.98,0.0,0.0,0.0,67.22,190.0
210.94,165.879,44.109,395.58,0.0,0.0,0.0,67.22,190.0
211.0,165.896,44.129,395.18,0.0,0.0,0.0,67.21,190.01
211.04,165.907,44.142,394.92,0.0,0.0,0.0,67.21,190.01
211.1,165.924,44.162,394.52,0.0,0.0,0.0,67.2,190.01
211.14,165.936,44.175,394.25,0.0,0.0,0.0,67.2,190.02
211.2,165.952,44.195,393.86,0.0,0.0,0.0,67.19,190.02
211.24,165.964,44.208,393.59,0.0,0.0,0.0,67.19,190.02
211.3,165.98,44.228,393.2,0.0,0.0,0.0,67.18,190.03
211.36,165.997,44.248,392.8,0.0,0.0,0.0,67.18,190.03
211.4,166.008,44.262,392.53,0.0,0.0,0.0,67.17,190.04
211.44,166.019,44.275,392.27,0.0,0.0,0.0,67.17,190.04
211.5,166.036,44.295,391.87,0.0,0.0,0.0,67.16,190.04
211.56,166.053,44.315,391.48,0.0,0.0,0.0,67.16,190.05
211.6,166.064,44.328,391.22,0.0,0.0,0.0,67.15,190.05
211.64,166.075,44.341,390.95,0.0,0.0,0.0,67.15,190.05
211.7,166.091,44.361,390.56,0.0,0.0,0.0,67.15,190.06
211.74,166.103,44.374,390.3,0.0,0.0,0.0,67.14,190.06
211.8,166.119,44.394,389.9,0.0,0.0,0.0,67.14,190.06
211.84,166.13,44.408,389.64,0.0,0.0,0.0,67.13,190.07
211.9,166.146,44.428,389.25,0.0,0.0,0.0,67.13,190.07
211.96,166.163,44.448,388.85,0.0,0.0,0.0,67.12,190.07
212.0,166.174,44.461,388.59,0.0,0.0,0.0,67.12,190.08
212.06,166.19,44.481,388.2,0.0,0.0,0.0,67.11,190.08
212.1,166.201,44.494,387.94,0.0,0.0,0.0,67.11,190.08
212.16,166.217,44.514,387.55,0.0,0.0,0.0,67.1,190.09
212.2,166.228,44.527,387.29,0.0,0.0,0.0,67.1,190.09
212.24,166.239,44.541,387.03,0.0,0.0,0.0,67.09,190.09
212.3,166.255,44.561,386.64,0.0,0.0,0.0,67.09,190.1
212.36,166.272,44.581,386.25,0.0,0.0,0.0,67.08,190.1
212.4,166.282,44.594,385.99,0.0,0.0,0.0,67.08,190.1
212.46,166.298,44.614,385.6,0.0,0.0,0.0,67.07,190.11
212.5,166.309,44.627,385.34,0.0,0.0,0.0,67.07,190.11
212.56,166.325,44.647,384.95,0.0,0.0,0.0,67.06,190.12
212.6,166.336,44.661,384.69,0.0,0.0,0.0,67.06,190.12
212.66,166.352,44.68,384.31,0.0,0.0,0.0,67.05,190.12
212.7,166.363,44.694,384.05,0.0,0.0,0.0,67.05,190.13
212.76,166.379,44.714,383.66,0.0,0.0,0.0,67.04,190.13
212.8,166.389,44.727,383.4,0.0,0.0,0.0,67.04,190.13
212.86,166.405,44.747,383.02,0.0,0.0,0.0,67.03,190.14
212.9,166.416,44.76,382.76,0.0,0.0,0.0,67.03,190.14
212.96,166.432,44.78,382.37,0.0,0.0,0.0,67.02,190.14
213.0,166.442,44.794,382.12,0.0,0.0,0.0,67.02,190.15
213.06,166.458,44.814,381.73,0.0,0.0,0.0,67.01,190.15
213.12,166.474,44.834,381.35,0.0,0.0,0.0,67.01,190.15
213.16,166.484,44.847,381.09,0.0,0.0,0.0,67.0,190.16
213.2,166.495,44.86,380.83,0.0,0.0,0.0,67.0,190.16
213.26,166.511,44.88,380.45,0.0,0.0,0.0,66.99,190.16
213.3,166.521,44.894,380.2,0.0,0.0,0.0,66.99,190.17
213.36,166.537,44.914,379.81,0.0,0.0,0.0,66.98,190.17
213.4,166.547,44.927,379.56,0.0,0.0,0.0,66.98,190.17
213.46,166.563,44.947,379.18,0.0,0.0,0.0,66.97,190.18
213.52,166.578,44.967,378.79,0.0,0.0,0.0,66.97,190.18
213.56,166.589,44.98,378.54,0.0,0.0,0.0,66.97,190.18
213.62,166.604,45.0,378.16,0.0,0.0,0.0,66.96,190.19
213.66,166.614,45.014,377.91,0.0,0.0,0.0,66.96,190.19
213.72,166.63,45.034,377.53,0.0,0.0,0.0,66.95,190.2
213.76,166.64,45.047,377.27,0.0,0.0,0.0,66.95,190.2
213.78,166.645,45.054,377.15,0.0,0.0,0.0,66.94,190.2
213.86,166.666,45.081,376.64,0.0,0.0,0.0,66.94,190.21
213.9,166.676,45.094,376.39,0.0,0.0,0.0,66.93,190.21
213.96,166.691,45.114,376.01,0.0,0.0,0.0,66.93,190.21
214.0,166.701,45.127,375.76,0.0,0.0,0.0,66.92,190.22
214.06,166.717,45.147,375.38,0.0,0.0,0.0,66.92,190.22
214.1,166.727,45.161,375.13,0.0,0.0,0.0,66.91,190.22
214.16,166.742,45.181,374.75,0.0,0.0,0.0,66.91,190.23
214.2,166.752,45.194,374.5,0.0,0.0,0.0,66.9,190.23
214.26,166.767,45.214,374.13,0.0,0.0,0.0,66.9,190.23
214.32,166.782,45.234,373.75,0.0,0.0,0.0,66.89,190.24
214.36,166.792,45.248,373.5,0.0,0.0,0.0,66.89,190.24
214.42,166.808,45.268,373.13,0.0,0.0,0.0,66.88,190.24
214.46,166.818,45.281,372.88,0.0,0.0,0.0,66.88,190.25
214.52,166.833,45.301,372.5,0.0,0.0,0.0,66.87,190.25
214.56,166.843,45.314,372.25,0.0,0.0,0.0,66.87,190.25
214.62,166.857,45.334,371.88,0.0,0.0,0.0,66.86,190.26
214.66,166.867,45.348,371.63,0.0,0.0,0.0,66.86,190.26
214.72,166.882,45.368,371.26,0.0,0.0,0.0,66.85,190.26
214.78,166.897,45.388,370.89,0.0,0.0,0.0,66.85,190.27
214.82,166.907,45.401,370.64,0.0,0.0,0.0,66.84,190.27
214.86,166.917,45.415,370.39,0.0,0.0,0.0,66.84,190.27
214.92,166.932,45.435,370.02,0.0,0.0,0.0,66.83,190.28
214.98,166.946,45.455,369.65,0.0,0.0,0.0,66.83,190.28
215.02,166.956,45.468,369.4,0.0,0.0,0.0,66.82,190.28
215.06,166.966,45.482,369.16,0.0,0.0,0.0,66.82,190.29
215.12,166.981,45.502,368.79,0.0,0.0,0.0,66.81,190.29
215.18,166.995,45.522,368.42,0.0,0.0,0.0,66.81,190.3
215.22,167.005,45.535,368.17,0.0,0.0,0.0,66.8,190.3
215.26,167.015,45.549,367.93,0.0,0.0,0.0,66.8,190.3
215.32,167.029,45.569,367.56,0.0,0.0,0.0,66.79,190.31
215.38,167.044,45.589,367.19,0.0,0.0,0.0,66.79,190.31
215.42,167.053,45.602,366.95,0.0,0.0,0.0,66.79,190.31
215.46,167.063,45.615,366.7,0.0,0.0,0.0,66.78,190.31
215.52,167.078,45.636,366.34,0.0,0.0,0.0,66.78,190.32
215.56,167.087,45.649,366.09,0.0,0.0,0.0,66.77,190.32
215.62,167.102,45.669,365.73,0.0,0.0,0.0,66.77,190.33
215.68,167.116,45.689,365.36,0.0,0.0,0.0,66.76,190.33
215.72,167.125,45.703,365.12,0.0,0.0,0.0,66.76,190.33
215.76,167.135,45.716,364.88,0.0,0.0,0.0,66.75,190.34
215.82,167.149,45.736,364.51,0.0,0.0,0.0,66.75,190.34
215.88,167.163,45.756,364.15,0.0,0.0,0.0,66.74,190.34
215.92,167.173,45.77,363.91,0.0,0.0,0.0,66.74,190.35
215.96,167.182,45.783,363.67,0.0,0.0,0.0,66.73,190.35
216.02,167.197,45.803,363.31,0.0,0.0,0.0,66.73,190.35
216.06,167.206,45.817,363.06,0.0,0.0,0.0,66.72,190.36
216.12,167.22,45.837,362.7,0.0,0.0,0.0,66.72,190.36
216.16,167.229,45.85,362.46,0.0,0.0,0.0,66.71,190.36
216.22,167.244,45.87,362.1,0.0,0.0,0.0,66.71,190.37
216.28,167.258,45.89,361.74,0.0,0.0,0.0,66.7,190.37
216.32,167.267,45.904,361.5,0.0,0.0,0.0,66.7,190.37
216.38,167.281,45.924,361.14,0.0,0.0,0.0,66.69,190.38
216.44,167.295,45.944,360.79,0.0,0.0,0.0,66.69,190.38
216.48,167.304,45.957,360.55,0.0,0.0,0.0,66.68,190.38
216.52,167.313,45.971,360.31,0.0,0.0,0.0,66.68,190.39
216.58,167.327,45.991,359.95,0.0,0.0,0.0,66.67,190.39
216.62,167.336,46.004,359.71,0.0,0.0,0.0,66.67,190.39
216.68,167.355,46.038,359.24,0.0,0.0,0.0,66.66,190.4
216.72,167.364,46.045,359.0,0.0,0.0,0.0,66.66,190.4
216.78,167.373,46.058,358.76,0.0,0.0,0.0,66.65,190.4
216.82,167.382,46.072,358.53,0.0,0.0,0.0,66.65,190.41
216.88,167.396,46.092,358.17,0.0,0.0,0.0,66.64,190.41
216.94,167.409,46.112,357.82,0.0,0.0,0.0,66.64,190.41
216.98,167.419,46.125,357.58,0.0,0.0,0.0,66.63,190.42
217.04,167.432,46.145,357.23,0.0,0.0,0.0,66.63,190.42
217.1,167.446,46.166,356.88,0.0,0.0,0.0,66.62,190.43
217.14,167.455,46.179,356.64,0.0,0.0,0.0,66.62,190.43
217.18,167.464,46.192,356.41,0.0,0.0,0.0,66.61,190.43
217.24,167.477,46.213,356.06,0.0,0.0,0.0,66.61,190.43
217.28,167.486,46.226,355.82,0.0,0.0,0.0,66.6,190.44
217.34,167.5,46.246,355.47,0.0,0.0,0.0,66.6,190.44
217.4,167.513,46.266,355.12,0.0,0.0,0.0,66.59,190.45
217.44,167.522,46.28,354.89,0.0,0.0,0.0,66.59,190.45
217.48,167.531,46.293,354.65,0.0,0.0,0.0,66.59,190.45
217.54,167.544,46.313,354.31,0.0,0.0,0.0,66.58,190.45
217.6,167.557,46.334,353.96,0.0,0.0,0.0,66.57,190.46
217.64,167.566,46.347,353.73,0.0,0.0,0.0,66.57,190.46
217.7,167.579,46.367,353.38,0.0,0.0,0.0,66.56,190.47
217.74,167.588,46.381,353.15,0.0,0.0,0.0,66.56,190.47
217.78,167.597,46.394,352.92,0.0,0.0,0.0,66.56,190.47
217.84,167.61,46.414,352.57,0.0,0.0,0.0,66.55,190.47
217.9,167.623,46.435,352.22,0.0,0.0,0.0,66.54,190.48
217.94,167.632,46.448,351.99,0.0,0.0,0.0,66.54,190.48
218.0,167.645,46.468,351.65,0.0,0.0,0.0,66.54,190.49
218.04,167.654,46.482,351.42,0.0,0.0,0.0,66.53,190.49
218.1,167.667,46.502,351.08,0.0,0.0,0.0,66.53,190.49
218.14,167.675,46.515,350.85,0.0,0.0,0.0,66.52,190.49
218.2,167.688,46.535,350.5,0.0,0.0,0.0,66.52,190.5
218.24,167.697,46.549,350.28,0.0,0.0,0.0,66.51,190.5
218.3,167.71,46.569,349.93,0.0,0.0,0.0,66.51,190.51
218.34,167.718,46.583,349.71,0.0,0.0,0.0,66.5,190.51
218.4,167.731,46.603,349.36,0.0,0.0,0.0,66.5,190.51
218.44,167.74,46.616,349.14,0.0,0.0,0.0,66.49,190.51
218.5,167.753,46.636,348.8,0.0,0.0,0.0,66.49,190.52
218.54,167.761,46.65,348.57,0.0,0.0,0.0,66.48,190.52
218.6,167.774,46.67,348.23,0.0,0.0,0.0,66.48,190.53
218.64,167.782,46.684,348.01,0.0,0.0,0.0,66.47,190.53
218.7,167.795,46.704,347.67,0.0,0.0,0.0,66.47,190.53
218.74,167.803,46.717,347.44,0.0,0.0,0.0,66.46,190.53
218.8,167.816,46.738,347.11,0.0,0.0,0.0,66.46,190.54
218.86,167.828,46.758,346.77,0.0,0.0,0.0,66.45,190.54
218.9,167.837,46.771,346.54,0.0,0.0,0.0,66.45,190.55
218.96,167.849,46.792,346.21,0.0,0.0,0.0,66.44,190.55
219.0,167.858,46.805,345.99,0.0,0.0,0.0,66.44,190.55
219.06,167.87,46.825,345.65,0.0,0.0,0.0,66.43,190.56
219.1,167.878,46.839,345.43,0.0,0.0,0.0,66.43,190.56
219.16,167.891,46.859,345.09,0.0,0.0,0.0,66.42,190.56
219.2,167.899,46.872,344.87,0.0,0.0,0.0,66.42,190.57
219.24,167.907,46.886,344.65,0.0,0.0,0.0,66.41,190.57
219.3,167.92,46.906,344.32,0.0,0.0,0.0,66.41,190.57
219.36,167.932,46.926,343.99,0.0,0.0,0.0,66.4,190.58
219.4,167.94,46.94,343.77,0.0,0.0,0.0,66.4,190.58
219.44,167.948,46.953,343.54,0.0,0.0,0.0,66.4,190.58
219.5,167.96,46.974,343.21,0.0,0.0,0.0,66.39,190.58
219.52,167.965,46.98,343.1,0.0,0.0,0.0,66.39,190.59
219.58,167.977,47.001,342.77,0.0,0.0,0.0,66.38,190.59
219.64,167.989,47.021,342.45,0.0,0.0,0.0,66.38,190.59
219.7,168.001,47.041,342.12,0.0,0.0,0.0,66.37,190.6
219.74,168.009,47.055,341.9,0.0,0.0,0.0,66.37,190.6
219.8,168.021,47.075,341.57,0.0,0.0,0.0,66.36,190.6
219.84,168.029,47.088,341.35,0.0,0.0,0.0,66.36,190.61
219.9,168.041,47.109,341.03,0.0,0.0,0.0,66.35,190.61
219.94,168.049,47.122,340.81,0.0,0.0,0.0,66.35,190.61
220.0,168.061,47.142,340.48,0.0,0.0,0.0,66.34,190.62
220.04,168.069,47.156,340.27,0.0,0.0,0.0,66.34,190.62
220.1,168.081,47.176,339.94,0.0,0.0,0.0,66.33,190.62
220.14,168.089,47.19,339.73,0.0,0.0,0.0,66.33,190.63
220.18,168.097,47.203,339.51,0.0,0.0,0.0,66.32,190.63
220.24,168.108,47.224,339.19,0.0,0.0,0.0,66.32,190.63
220.3,168.12,47.244,338.87,0.0,0.0,0.0,66.31,190.64
220.34,168.128,47.257,338.65,0.0,0.0,0.0,66.31,190.64
220.4,168.14,47.278,338.33,0.0,0.0,0.0,66.3,190.64
220.44,168.148,47.291,338.12,0.0,0.0,0.0,66.3,190.65
220.5,168.159,47.311,337.79,0.0,0.0,0.0,66.29,190.65
220.54,168.167,47.325,337.58,0.0,0.0,0.0,66.29,190.65
220.6,168.179,47.345,337.26,0.0,0.0,0.0,66.28,190.66
220.64,168.186,47.359,337.05,0.0,0.0,0.0,66.28,190.66
220.68,168.194,47.372,336.84,0.0,0.0,0.0,66.28,190.66
220.74,168.205,47.393,336.52,0.0,0.0,0.0,66.27,190.67
220.8,168.217,47.413,336.2,0.0,0.0,0.0,66.26,190.67
220.84,168.225,47.426,335.99,0.0,0.0,0.0,66.26,190.67
220.9,168.236,47.447,335.67,0.0,0.0,0.0,66.25,190.68
220.94,168.244,47.46,335.46,0.0,0.0,0.0,66.25,190.68
221.0,168.255,47.481,335.15,0.0,0.0,0.0,66.24,190.68
221.04,168.263,47.494,334.94,0.0,0.0,0.0,66.24,190.69
221.08,168.27,47.508,334.73,0.0,0.0,0.0,66.24,190.69
221.14,168.281,47.528,334.42,0.0,0.0,0.0,66.23,190.69
221.2,168.293,47.548,334.1,0.0,0.0,0.0,66.22,190.7
221.24,168.3,47.562,333.9,0.0,0.0,0.0,66.22,190.7
221.3,168.311,47.582,333.58,0.0,0.0,0.0,66.22,190.7
221.34,168.319,47.596,333.38,0.0,0.0,0.0,66.21,190.71
221.4,168.33,47.616,333.06,0.0,0.0,0.0,66.21,190.71
221.46,168.341,47.636,332.75,0.0,0.0,0.0,66.2,190.71
221.5,168.349,47.65,332.55,0.0,0.0,0.0,66.2,190.72
221.54,168.356,47.663,332.34,0.0,0.0,0.0,66.19,190.72
221.6,168.367,47.684,332.03,0.0,0.0,0.0,66.19,190.72
221.66,168.378,47.704,331.73,0.0,0.0,0.0,66.18,190.73
221.7,168.385,47.718,331.52,0.0,0.0,0.0,66.18,190.73
221.74,168.393,47.731,331.32,0.0,0.0,0.0,66.17,190.73
221.78,168.4,47.745,331.11,0.0,0.0,0.0,66.17,190.73
221.84,168.411,47.765,330.8,0.0,0.0,0.0,66.16,190.74
221.9,168.422,47.785,330.5,0.0,0.0,0.0,66.16,190.74
221.96,168.433,47.806,330.19,0.0,0.0,0.0,66.15,190.75
222.0,168.44,47.819,329.99,0.0,0.0,0.0,66.15,190.75
222.06,168.451,47.84,329.69,0.0,0.0,0.0,66.14,190.75
222.12,168.461,47.86,329.39,0.0,0.0,0.0,66.14,190.76
222.16,168.468,47.873,329.18,0.0,0.0,0.0,66.13,190.76
222.22,168.479,47.894,328.88,0.0,0.0,0.0,66.13,190.76
222.26,168.486,47.907,328.68,0.0,0.0,0.0,66.12,190.76
222.32,168.497,47.928,328.38,0.0,0.0,0.0,66.12,190.77
222.36,168.504,47.941,328.18,0.0,0.0,0.0,66.11,190.77
222.4,168.511,47.955,327.98,0.0,0.0,0.0,66.11,190.77
222.46,168.522,47.975,327.68,0.0,0.0,0.0,66.1,190.78
222.52,168.532,47.995,327.38,0.0,0.0,0.0,66.1,190.78
222.56,168.539,48.009,327.18,0.0,0.0,0.0,66.09,190.78
222.6,168.546,48.023,326.99,0.0,0.0,0.0,66.09,190.79
222.66,168.557,48.043,326.69,0.0,0.0,0.0,66.08,190.79
222.72,168.567,48.063,326.39,0.0,0.0,0.0,66.08,190.79
222.76,168.574,48.077,326.2,0.0,0.0,0.0,66.07,190.8
222.82,168.584,48.097,325.9,0.0,0.0,0.0,66.07,190.8
222.86,168.591,48.111,325.7,0.0,0.0,0.0,66.06,190.8
222.92,168.602,48.131,325.41,0.0,0.0,0.0,66.06,190.81
222.96,168.608,48.145,325.21,0.0,0.0,0.0,66.05,190.81
223.02,168.619,48.165,324.92,0.0,0.0,0.0,66.05,190.81
223.06,168.625,48.179,324.73,0.0,0.0,0.0,66.04,190.82
223.12,168.636,48.199,324.44,0.0,0.0,0.0,66.04,190.82
223.16,168.642,48.213,324.24,0.0,0.0,0.0,66.03,190.82
223.22,168.653,48.233,323.95,0.0,0.0,0.0,66.03,190.83
223.28,168.663,48.253,323.66,0.0,0.0,0.0,66.02,190.83
223.32,168.669,48.267,323.47,0.0,0.0,0.0,66.02,190.83
223.36,168.676,48.281,323.28,0.0,0.0,0.0,66.02,190.84
223.42,168.686,48.301,322.99,0.0,0.0,0.0,66.01,190.84
223.48,168.696,48.321,322.7,0.0,0.0,0.0,66.0,190.84
223.52,168.703,48.335,322.51,0.0,0.0,0.0,66.0,190.85
223.58,168.713,48.355,322.22,0.0,0.0,0.0,65.99,190.85
223.62,168.719,48.369,322.03,0.0,0.0,0.0,65.99,190.85
223.66,168.726,48.383,321.84,0.0,0.0,0.0,65.99,190.85
223.72,168.736,48.403,321.56,0.0,0.0,0.0,65.98,190.86
223.78,168.746,48.423,321.27,0.0,0.0,0.0,65.97,190.86
223.82,168.752,48.437,321.09,0.0,0.0,0.0,65.97,190.87
223.88,168.762,48.457,320.8,0.0,0.0,0.0,65.96,190.87
223.92,168.768,48.471,320.61,0.0,0.0,0.0,65.96,190.87
223.98,168.778,48.491,320.33,0.0,0.0,0.0,65.96,190.88
224.02,168.785,48.505,320.15,0.0,0.0,0.0,65.95,190.88
224.08,168.794,48.525,319.87,0.0,0.0,0.0,65.95,190.88
224.12,168.801,48.539,319.68,0.0,0.0,0.0,65.94,190.88
224.18,168.81,48.559,319.4,0.0,0.0,0.0,65.94,190.89
224.22,168.817,48.573,319.21,0.0,0.0,0.0,65.93,190.89
224.28,168.826,48.593,318.94,0.0,0.0,0.0,65.93,190.89
224.32,168.833,48.607,318.75,0.0,0.0,0.0,65.92,190.9
224.38,168.842,48.627,318.48,0.0,0.0,0.0,65.92,190.9
224.42,168.848,48.641,318.29,0.0,0.0,0.0,65.91,190.9
224.48,168.858,48.662,318.02,0.0,0.0,0.0,65.91,190.91
224.52,168.864,48.675,317.83,0.0,0.0,0.0,65.9,190.91
224.58,168.874,48.696,317.56,0.0,0.0,0.0,65.9,190.91
224.64,168.883,48.716,317.29,0.0,0.0,0.0,65.89,190.92
224.68,168.889,48.73,317.1,0.0,0.0,0.0,65.89,190.92
224.7,168.892,48.736,317.01,0.0,0.0,0.0,65.89,190.92
224.76,168.901,48.757,316.74,0.0,0.0,0.0,65.88,190.93
224.82,168.911,48.777,316.47,0.0,0.0,0.0,65.87,190.93
224.86,168.917,48.791,316.29,0.0,0.0,0.0,65.87,190.93
224.92,168.926,48.811,316.02,0.0,0.0,0.0,65.86,190.94
224.98,168.935,48.832,315.75,0.0,0.0,0.0,65.86,190.94
225.0,168.938,48.839,315.66,0.0,0.0,0.0,65.86,190.94
225.06,168.947,48.859,315.39,0.0,0.0,0.0,65.85,190.94
225.12,168.956,48.879,315.13,0.0,0.0,0.0,65.84,190.95
225.16,168.962,48.893,314.95,0.0,0.0,0.0,65.84,190.95
225.22,168.972,48.914,314.68,0.0,0.0,0.0,65.83,190.95
225.28,168.981,48.934,314.42,0.0,0.0,0.0,65.83,190.96
225.32,168.986,48.948,314.24,0.0,0.0,0.0,65.83,190.96
225.38,168.995,48.968,313.98,0.0,0.0,0.0,65.82,190.96
225.42,169.001,48.982,313.8,0.0,0.0,0.0,65.82,190.97
225.46,169.007,48.995,313.63,0.0,0.0,0.0,65.81,190.97
225.52,169.016,49.016,313.36,0.0,0.0,0.0,65.81,190.97
225.58,169.025,49.036,313.1,0.0,0.0,0.0,65.8,190.98
225.62,169.031,49.05,312.93,0.0,0.0,0.0,65.8,190.98
225.66,169.037,49.064,312.76,0.0,0.0,0.0,65.79,190.98
225.72,169.045,49.084,312.5,0.0,0.0,0.0,65.79,190.99
225.78,169.054,49.104,312.24,0.0,0.0,0.0,65.78,190.99
225.82,169.06,49.118,312.07,0.0,0.0,0.0,65.78,190.99
225.88,169.069,49.139,311.81,0.0,0.0,0.0,65.77,191.0
225.92,169.074,49.152,311.64,0.0,0.0,0.0,65.77,191.0
225.98,169.083,49.173,311.38,0.0,0.0,0.0,65.76,191.0
226.02,169.089,49.186,311.21,0.0,0.0,0.0,65.76,191.0
226.08,169.097,49.207,310.96,0.0,0.0,0.0,65.75,191.01
226.12,169.103,49.22,310.79,0.0,0.0,0.0,65.75,191.01
226.18,169.111,49.241,310.53,0.0,0.0,0.0,65.74,191.01
226.22,169.117,49.255,310.36,0.0,0.0,0.0,65.74,191.02
226.28,169.125,49.275,310.11,0.0,0.0,0.0,65.73,191.02
226.32,169.131,49.289,309.94,0.0,0.0,0.0,65.73,191.02
226.38,169.139,49.309,309.69,0.0,0.0,0.0,65.72,191.03
226.42,169.145,49.323,309.53,0.0,0.0,0.0,65.72,191.03
226.48,169.153,49.343,309.28,0.0,0.0,0.0,65.71,191.03
226.52,169.159,49.357,309.11,0.0,0.0,0.0,65.71,191.04
226.58,169.167,49.377,308.86,0.0,0.0,0.0,65.7,191.04
226.62,169.173,49.391,308.7,0.0,0.0,0.0,65.7,191.04
226.68,169.181,49.412,308.45,0.0,0.0,0.0,65.69,191.05
226.72,169.186,49.425,308.29,0.0,0.0,0.0,65.69,191.05
226.78,169.194,49.446,308.04,0.0,0.0,0.0,65.68,191.05
226.84,169.203,49.466,307.8,0.0,0.0,0.0,65.68,191.06
226.88,169.208,49.48,307.64,0.0,0.0,0.0,65.67,191.06
226.92,169.213,49.494,307.47,0.0,0.0,0.0,65.67,191.06
226.98,169.221,49.514,307.23,0.0,0.0,0.0,65.66,191.06
227.04,169.229,49.535,306.99,0.0,0.0,0.0,65.66,191.07
227.08,169.235,49.548,306.83,0.0,0.0,0.0,65.65,191.07
227.14,169.243,49.569,306.59,0.0,0.0,0.0,65.65,191.07
227.18,169.248,49.582,306.43,0.0,0.0,0.0,65.64,191.08
227.24,169.256,49.603,306.19,0.0,0.0,0.0,65.64,191.08
227.28,169.261,49.617,306.03,0.0,0.0,0.0,65.63,191.08
227.34,169.269,49.637,305.79,0.0,0.0,0.0,65.63,191.09
227.38,169.274,49.651,305.63,0.0,0.0,0.0,65.62,191.09
227.42,169.279,49.664,305.48,0.0,0.0,0.0,65.62,191.09
227.48,169.287,49.685,305.24,0.0,0.0,0.0,65.62,191.1
227.54,169.295,49.706,305.0,0.0,0.0,0.0,65.61,191.1
227.58,169.3,49.719,304.85,0.0,0.0,0.0,65.61,191.1
227.6,169.303,49.726,304.77,0.0,0.0,0.0,65.6,191.1
227.66,169.31,49.747,304.54,0.0,0.0,0.0,65.6,191.11
227.68,169.315,49.76,304.38,0.0,0.0,0.0,65.59,191.11
227.76,169.323,49.781,304.15,0.0,0.0,0.0,65.59,191.11
227.82,169.331,49.801,303.92,0.0,0.0,0.0,65.58,191.12
227.86,169.336,49.815,303.77,0.0,0.0,0.0,65.58,191.12
227.92,169.343,49.836,303.54,0.0,0.0,0.0,65.57,191.12
227.96,169.348,49.849,303.38,0.0,0.0,0.0,65.57,191.13
228.02,169.356,49.87,303.16,0.0,0.0,0.0,65.56,191.13
228.06,169.36,49.883,303.0,0.0,0.0,0.0,65.56,191.13
228.12,169.368,49.904,302.78,0.0,0.0,0.0,65.55,191.14
228.18,169.375,49.925,302.55,0.0,0.0,0.0,65.55,191.14
228.22,169.38,49.938,302.4,0.0,0.0,0.0,65.54,191.14
228.26,169.385,49.952,302.25,0.0,0.0,0.0,65.54,191.14
228.32,169.392,49.972,302.03,0.0,0.0,0.0,65.53,191.15
228.38,169.4,49.993,301.8,0.0,0.0,0.0,65.53,191.15
228.42,169.404,50.007,301.66,0.0,0.0,0.0,65.52,191.15
228.46,169.409,50.02,301.51,0.0,0.0,0.0,65.52,191.16
228.52,169.416,50.041,301.29,0.0,0.0,0.0,65.51,191.16
228.58,169.424,50.061,301.07,0.0,0.0,0.0,65.51,191.16
228.62,169.428,50.075,300.92,0.0,0.0,0.0,65.5,191.17
228.66,169.433,50.089,300.78,0.0,0.0,0.0,65.5,191.17
228.72,169.44,50.109,300.56,0.0,0.0,0.0,65.49,191.17
228.78,169.447,50.13,300.34,0.0,0.0,0.0,65.49,191.18
228.82,169.452,50.144,300.2,0.0,0.0,0.0,65.49,191.18
228.88,169.459,50.164,299.98,0.0,0.0,0.0,65.48,191.18
228.92,169.463,50.178,299.84,0.0,0.0,0.0,65.48,191.19
228.98,169.47,50.199,299.62,0.0,0.0,0.0,65.47,191.19
229.02,169.475,50.212,299.48,0.0,0.0,0.0,65.47,191.19
229.08,169.482,50.233,299.27,0.0,0.0,0.0,65.46,191.2
229.12,169.486,50.247,299.13,0.0,0.0,0.0,65.46,191.2
229.18,169.493,50.267,298.92,0.0,0.0,0.0,65.45,191.2
229.22,169.498,50.281,298.77,0.0,0.0,0.0,65.45,191.2
229.28,169.505,50.301,298.57,0.0,0.0,0.0,65.44,191.21
229.32,169.509,50.315,298.43,0.0,0.0,0.0,65.44,191.21
229.38,169.516,50.336,298.22,0.0,0.0,0.0,65.43,191.21
229.42,169.52,50.349,298.08,0.0,0.0,0.0,65.43,191.22
229.48,169.527,50.37,297.87,0.0,0.0,0.0,65.42,191.22
229.52,169.531,50.384,297.74,0.0,0.0,0.0,65.42,191.22
229.58,169.538,50.404,297.53,0.0,0.0,0.0,65.41,191.23
229.62,169.542,50.418,297.39,0.0,0.0,0.0,65.41,191.23
229.68,169.549,50.439,297.19,0.0,0.0,0.0,65.4,191.23
229.72,169.553,50.452,297.05,0.0,0.0,0.0,65.4,191.23
229.78,169.56,50.473,296.85,0.0,0.0,0.0,65.39,191.24
229.82,169.564,50.487,296.72,0.0,0.0,0.0,65.39,191.24
229.88,169.57,50.507,296.52,0.0,0.0,0.0,65.38,191.24
229.94,169.577,50.528,296.32,0.0,0.0,0.0,65.38,191.25
229.98,169.581,50.542,296.18,0.0,0.0,0.0,65.37,191.25
230.02,169.585,50.555,296.05,0.0,0.0,0.0,65.37,191.25
230.08,169.592,50.576,295.85,0.0,0.0,0.0,65.36,191.26
230.14,169.598,50.596,295.66,0.0,0.0,0.0,65.36,191.26
230.18,169.602,50.61,295.53,0.0,0.0,0.0,65.35,191.26
230.22,169.606,50.624,295.4,0.0,0.0,0.0,65.35,191.27
230.28,169.612,50.645,295.2,0.0,0.0,0.0,65.34,191.27
230.34,169.618,50.665,295.01,0.0,0.0,0.0,65.34,191.27
230.38,169.623,50.679,294.88,0.0,0.0,0.0,65.33,191.27
230.42,169.627,50.693,294.75,0.0,0.0,0.0,65.33,191.28
230.48,169.633,50.713,294.56,0.0,0.0,0.0,65.32,191.28
230.54,169.639,50.734,294.37,0.0,0.0,0.0,65.32,191.28
230.58,169.643,50.748,294.24,0.0,0.0,0.0,65.31,191.29
230.64,169.649,50.768,294.05,0.0,0.0,0.0,65.31,191.29
230.68,169.653,50.782,293.93,0.0,0.0,0.0,65.3,191.29
230.74,169.659,50.803,293.74,0.0,0.0,0.0,65.3,191.3
230.78,169.663,50.816,293.62,0.0,0.0,0.0,65.29,191.3
230.84,169.669,50.837,293.43,0.0,0.0,0.0,65.29,191.3
230.88,169.673,50.851,293.31,0.0,0.0,0.0,65.28,191.31
230.9,169.676,50.864,293.19,0.0,0.0,0.0,65.28,191.31
230.98,169.682,50.885,293.0,0.0,0.0,0.0,65.28,191.31
231.02,169.686,50.899,292.88,0.0,0.0,0.0,65.27,191.31
231.08,169.692,50.919,292.7,0.0,0.0,0.0,65.27,191.32
231.14,169.698,50.94,292.52,0.0,0.0,0.0,65.26,191.32
231.18,169.701,50.954,292.4,0.0,0.0,0.0,65.26,191.32
231.24,169.707,50.974,292.22,0.0,0.0,0.0,65.25,191.33
231.28,169.711,50.988,292.1,0.0,0.0,0.0,65.25,191.33
231.34,169.716,51.009,291.92,0.0,0.0,0.0,65.24,191.33
231.38,169.72,51.023,291.8,0.0,0.0,0.0,65.24,191.34
232.26,169.8,51.332,289.26,0.0,0.0,0.0,65.15,191.39
232.32,169.803,51.346,289.15,0.0,0.0,0.0,65.14,191.39
232.36,169.807,51.36,289.04,0.0,0.0,0.0,65.14,191.4
232.4,169.81,51.374,288.94,0.0,0.0,0.0,65.14,191.4
232.46,169.815,51.394,288.78,0.0,0.0,0.0,65.13,191.4
232.52,169.82,51.415,288.62,0.0,0.0,0.0,65.13,191.4
232.56,169.823,51.429,288.51,0.0,0.0,0.0,65.12,191.41
232.62,169.828,51.449,288.35,0.0,0.0,0.0,65.12,191.41
232.66,169.831,51.463,288.25,0.0,0.0,0.0,65.11,191.41
232.72,169.836,51.484,288.1,0.0,0.0,0.0,65.11,191.42
232.76,169.839,51.498,287.99,0.0,0.0,0.0,65.1,191.42
232.82,169.844,51.518,287.84,0.0,0.0,0.0,65.1,191.42
232.86,169.847,51.532,287.74,0.0,0.0,0.0,65.09,191.43
232.92,169.852,51.553,287.58,0.0,0.0,0.0,65.09,191.43
232.96,169.855,51.567,287.48,0.0,0.0,0.0,65.08,191.43
233.02,169.86,51.587,287.33,0.0,0.0,0.0,65.08,191.43
233.08,169.865,51.608,287.18,0.0,0.0,0.0,65.07,191.44
233.12,169.868,51.622,287.08,0.0,0.0,0.0,65.07,191.44
233.16,169.871,51.635,286.99,0.0,0.0,0.0,65.06,191.44
233.22,169.875,51.656,286.84,0.0,0.0,0.0,65.06,191.45
233.26,169.878,51.67,286.74,0.0,0.0,0.0,65.05,191.45
233.32,169.883,51.691,286.6,0.0,0.0,0.0,65.05,191.45
233.38,169.887,51.711,286.45,0.0,0.0,0.0,65.04,191.46
233.42,169.89,51.725,286.36,0.0,0.0,0.0,65.04,191.46
233.46,169.893,51.739,286.26,0.0,0.0,0.0,65.03,191.46
233.52,169.898,51.76,286.12,0.0,0.0,0.0,65.03,191.46
233.58,169.902,51.78,285.98,0.0,0.0,0.0,65.02,191.47
233.62,169.905,51.794,285.88,0.0,0.0,0.0,65.02,191.47
233.68,169.909,51.815,285.74,0.0,0.0,0.0,65.01,191.47
233.72,169.912,51.829,285.65,0.0,0.0,0.0,65.01,191.48
233.76,169.915,51.842,285.56,0.0,0.0,0.0,65.0,191.48
233.82,169.919,51.863,285.42,0.0,0.0,0.0,65.0,191.48
233.88,169.923,51.884,285.29,0.0,0.0,0.0,64.99,191.49
233.92,169.926,51.898,285.2,0.0,0.0,0.0,64.99,191.49
233.96,169.929,51.911,285.11,0.0,0.0,0.0,64.99,191.49
234.02,169.933,51.932,284.97,0.0,0.0,0.0,64.98,191.49
234.08,169.937,51.953,284.84,0.0,0.0,0.0,64.97,191.5
234.12,169.94,51.967,284.75,0.0,0.0,0.0,64.97,191.5
234.18,169.944,51.987,284.62,0.0,0.0,0.0,64.96,191.5
234.22,169.946,52.001,284.54,0.0,0.0,0.0,64.96,191.51
234.24,169.948,52.008,284.49,0.0,0.0,0.0,64.96,191.51
234.26,169.95,52.022,284.41,0.0,0.0,0.0,64.95,191.51
234.34,169.954,52.043,284.28,0.0,0.0,0.0,64.95,191.51
234.4,169.958,52.063,284.15,0.0,0.0,0.0,64.94,191.52
234.44,169.961,52.077,284.07,0.0,0.0,0.0,64.94,191.52
234.5,169.965,52.098,283.94,0.0,0.0,0.0,64.93,191.52
234.54,169.967,52.112,283.86,0.0,0.0,0.0,64.93,191.53
234.6,169.971,52.132,283.74,0.0,0.0,0.0,64.92,191.53
234.64,169.974,52.146,283.66,0.0,0.0,0.0,64.92,191.53
234.7,169.977,52.167,283.53,0.0,0.0,0.0,64.91,191.53
234.74,169.98,52.181,283.45,0.0,0.0,0.0,64.91,191.54
234.8,169.984,52.202,283.33,0.0,0.0,0.0,64.9,191.54
234.84,169.986,52.215,283.25,0.0,0.0,0.0,64.9,191.54
234.9,169.99,52.236,283.14,0.0,0.0,0.0,64.89,191.55
234.94,169.992,52.25,283.06,0.0,0.0,0.0,64.89,191.55
235.0,169.996,52.271,282.94,0.0,0.0,0.0,64.88,191.55
235.06,169.999,52.291,282.83,0.0,0.0,0.0,64.88,191.56
235.1,170.001,52.305,282.75,0.0,0.0,0.0,64.87,191.56
235.14,170.004,52.319,282.67,0.0,0.0,0.0,64.87,191.56
235.2,170.007,52.34,282.56,0.0,0.0,0.0,64.86,191.56
235.24,170.01,52.354,282.49,0.0,0.0,0.0,64.86,191.57
235.3,170.013,52.374,282.37,0.0,0.0,0.0,64.85,191.57
235.34,170.015,52.388,282.3,0.0,0.0,0.0,64.85,191.57
235.4,170.019,52.409,282.19,0.0,0.0,0.0,64.85,191.58
235.46,170.022,52.43,282.08,0.0,0.0,0.0,64.84,191.58
235.5,170.024,52.444,282.01,0.0,0.0,0.0,64.84,191.58
235.54,170.026,52.457,281.94,0.0,0.0,0.0,64.83,191.58
235.6,170.029,52.478,281.83,0.0,0.0,0.0,64.83,191.59
235.66,170.033,52.499,281.73,0.0,0.0,0.0,64.82,191.59
235.7,170.035,52.513,281.66,0.0,0.0,0.0,64.82,191.59
235.76,170.038,52.533,281.56,0.0,0.0,0.0,64.81,191.6
235.8,170.04,52.547,281.49,0.0,0.0,0.0,64.81,191.6
235.84,170.042,52.561,281.42,0.0,0.0,0.0,64.8,191.6
235.9,170.045,52.582,281.32,0.0,0.0,0.0,64.8,191.61
235.96,170.048,52.603,281.22,0.0,0.0,0.0,64.79,191.61
236.0,170.05,52.616,281.16,0.0,0.0,0.0,64.79,191.61
236.06,170.053,52.637,281.06,0.0,0.0,0.0,64.78,191.62
236.1,170.055,52.651,280.99,0.0,0.0,0.0,64.78,191.62
236.16,170.058,52.672,280.9,0.0,0.0,0.0,64.77,191.62
236.2,170.06,52.686,280.83,0.0,0.0,0.0,64.77,191.62
236.26,170.063,52.706,280.74,0.0,0.0,0.0,64.76,191.63
236.3,170.065,52.72,280.68,0.0,0.0,0.0,64.76,191.63
236.36,170.068,52.741,280.59,0.0,0.0,0.0,64.75,191.63
236.4,170.069,52.755,280.53,0.0,0.0,0.0,64.75,191.64
236.46,170.072,52.776,280.43,0.0,0.0,0.0,64.74,191.64
236.5,170.074,52.79,280.37,0.0,0.0,0.0,64.74,191.64
236.56,170.077,52.81,280.29,0.0,0.0,0.0,64.73,191.64
236.62,170.079,52.831,280.2,0.0,0.0,0.0,64.73,191.65
236.66,170.081,52.845,280.14,0.0,0.0,0.0,64.72,191.65
236.7,170.083,52.859,280.08,0.0,0.0,0.0,64.72,191.65
236.76,170.085,52.88,280.0,0.0,0.0,0.0,64.71,191.66
236.82,170.088,52.9,279.91,0.0,0.0,0.0,64.71,191.66
236.86,170.09,52.914,279.86,0.0,0.0,0.0,64.7,191.66
236.9,170.091,52.928,279.8,0.0,0.0,0.0,64.7,191.66
236.96,170.094,52.949,279.72,0.0,0.0,0.0,64.69,191.67
237.0,170.095,52.963,279.67,0.0,0.0,0.0,64.69,191.67
237.06,170.098,52.984,279.59,0.0,0.0,0.0,64.68,191.67
237.12,170.1,53.004,279.51,0.0,0.0,0.0,64.68,191.68
237.16,170.102,53.018,279.46,0.0,0.0,0.0,64.67,191.68
237.22,170.104,53.039,279.38,0.0,0.0,0.0,64.67,191.68
237.26,170.106,53.053,279.33,0.0,0.0,0.0,64.66,191.69
237.3,170.107,53.067,279.28,0.0,0.0,0.0,64.66,191.69
237.36,170.11,53.088,279.21,0.0,0.0,0.0,64.65,191.69
237.42,170.112,53.108,279.13,0.0,0.0,0.0,64.65,191.69
237.46,170.113,53.122,279.09,0.0,0.0,0.0,64.64,191.7
237.5,170.115,53.136,279.04,0.0,0.0,0.0,64.64,191.7
237.52,170.116,53.15,278.99,0.0,0.0,0.0,64.64,191.7
237.6,170.118,53.171,278.92,0.0,0.0,0.0,64.63,191.71
237.66,170.12,53.192,278.85,0.0,0.0,0.0,64.63,191.71
237.72,170.122,53.212,278.79,0.0,0.0,0.0,64.62,191.71
237.76,170.124,53.226,278.74,0.0,0.0,0.0,64.62,191.71
237.82,170.126,53.247,278.67,0.0,0.0,0.0,64.61,191.72
237.86,170.127,53.261,278.63,0.0,0.0,0.0,64.61,191.72
237.92,170.129,53.282,278.57,0.0,0.0,0.0,64.6,191.72
237.96,170.13,53.296,278.53,0.0,0.0,0.0,64.6,191.73
238.02,170.132,53.316,278.46,0.0,0.0,0.0,64.59,191.73
238.08,170.134,53.337,278.4,0.0,0.0,0.0,64.58,191.73
238.12,170.135,53.351,278.36,0.0,0.0,0.0,64.58,191.74
238.16,170.136,53.365,278.32,0.0,0.0,0.0,64.58,191.74
238.22,170.138,53.386,278.26,0.0,0.0,0.0,64.57,191.74
238.28,170.14,53.407,278.21,0.0,0.0,0.0,64.56,191.74
238.32,170.141,53.421,278.17,0.0,0.0,0.0,64.56,191.75
238.36,170.142,53.434,278.13,0.0,0.0,0.0,64.56,191.75
238.42,170.144,53.455,278.08,0.0,0.0,0.0,64.55,191.75
238.48,170.145,53.476,278.02,0.0,0.0,0.0,64.55,191.76
238.52,170.147,53.49,277.99,0.0,0.0,0.0,64.54,191.76
238.58,170.148,53.511,277.94,0.0,0.0,0.0,64.54,191.76
238.62,170.149,53.525,277.9,0.0,0.0,0.0,64.53,191.76
238.66,170.15,53.539,277.87,0.0,0.0,0.0,64.53,191.77
238.72,170.152,53.559,277.82,0.0,0.0,0.0,64.52,191.77
238.78,170.153,53.58,277.77,0.0,0.0,0.0,64.52,191.77
238.82,170.154,53.594,277.74,0.0,0.0,0.0,64.51,191.78
238.88,170.156,53.615,277.7,0.0,0.0,0.0,64.51,191.78
238.92,170.156,53.629,277.66,0.0,0.0,0.0,64.5,191.78
238.98,170.158,53.65,277.62,0.0,0.0,0.0,64.5,191.79
239.02,170.159,53.664,277.59,0.0,0.0,0.0,64.49,191.79
239.08,170.16,53.684,277.55,0.0,0.0,0.0,64.49,191.79
239.12,170.161,53.698,277.52,0.0,0.0,0.0,64.48,191.79
239.18,170.162,53.719,277.48,0.0,0.0,0.0,64.48,191.8
239.22,170.163,53.733,277.45,0.0,0.0,0.0,64.47,191.8
239.28,170.164,53.754,277.42,0.0,0.0,0.0,64.47,191.8
239.32,170.165,53.768,277.39,0.0,0.0,0.0,64.46,191.8
239.38,170.166,53.789,277.35,0.0,0.0,0.0,64.46,191.81
239.42,170.167,53.803,277.33,0.0,0.0,0.0,64.45,191.81
239.48,170.168,53.823,277.29,0.0,0.0,0.0,64.45,191.81
239.52,170.168,53.837,277.27,0.0,0.0,0.0,64.44,191.82
239.58,170.169,53.858,277.24,0.0,0.0,0.0,64.44,191.82
239.64,170.17,53.879,277.21,0.0,0.0,0.0,64.43,191.82
239.68,170.171,53.893,277.19,0.0,0.0,0.0,64.43,191.83
239.72,170.172,53.907,277.17,0.0,0.0,0.0,64.42,191.83
239.78,170.173,53.928,277.14,0.0,0.0,0.0,64.42,191.83
239.84,170.174,53.949,277.11,0.0,0.0,0.0,64.41,191.83
239.88,170.174,53.962,277.09,0.0,0.0,0.0,64.41,191.84
239.94,170.175,53.983,277.06,0.0,0.0,0.0,64.4,191.84
239.98,170.175,53.997,277.05,0.0,0.0,0.0,64.4,191.84
240.04,170.176,54.018,277.02,0.0,0.0,0.0,64.39,191.85
240.08,170.177,54.032,277.01,0.0,0.0,0.0,64.39,191.85
240.12,170.177,54.046,276.99,0.0,0.0,0.0,64.39,191.85
240.18,170.178,54.067,276.97,0.0,0.0,0.0,64.38,191.85
240.24,170.178,54.088,276.95,0.0,0.0,0.0,64.37,191.86
240.28,170.179,54.102,276.93,0.0,0.0,0.0,64.37,191.86
240.34,170.179,54.122,276.91,0.0,0.0,0.0,64.36,191.86
240.38,170.18,54.136,276.9,0.0,0.0,0.0,64.36,191.87
240.44,170.18,54.157,276.89,0.0,0.0,0.0,64.35,191.87
240.48,170.181,54.171,276.87,0.0,0.0,0.0,64.35,191.87
240.52,170.181,54.185,276.86,0.0,0.0,0.0,64.35,191.87
240.58,170.182,54.206,276.85,0.0,0.0,0.0,64.34,191.88
240.64,170.182,54.227,276.84,0.0,0.0,0.0,64.34,191.88
240.68,170.182,54.241,276.83,0.0,0.0,0.0,64.33,191.88
240.74,170.183,54.262,276.82,0.0,0.0,0.0,64.33,191.89
240.78,170.183,54.276,276.81,0.0,0.0,0.0,64.32,191.89
240.84,170.183,54.297,276.8,0.0,0.0,0.0,64.32,191.89
240.86,170.183,54.303,276.8,0.0,0.0,0.0,64.31,191.89
240.94,170.184,54.331,276.79,0.0,0.0,0.0,64.31,191.9
240.98,170.184,54.345,276.78,0.0,0.0,0.0,64.3,191.9
241.04,170.184,54.366,276.78,0.0,0.0,0.0,64.3,191.9
241.1,170.184,54.387,276.77,0.0,0.0,0.0,64.29,191.91
241.14,170.184,54.401,276.77,0.0,0.0,0.0,64.29,191.91
241.18,170.184,54.415,276.77,0.0,0.0,0.0,64.28,191.91
241.24,170.184,54.436,276.76,0.0,0.0,0.0,64.28,191.91
241.3,170.184,54.457,276.76,0.0,0.0,0.0,64.27,191.92
241.34,170.184,54.471,276.76,0.0,0.0,0.0,64.27,191.92
241.38,170.184,54.485,276.76,0.0,0.0,0.0,64.26,191.92
241.44,170.184,54.505,276.77,0.0,0.0,0.0,64.26,191.93
241.5,170.184,54.526,276.77,0.0,0.0,0.0,64.25,191.93
241.54,170.184,54.54,276.77,0.0,0.0,0.0,64.25,191.93
241.6,170.184,54.561,276.78,0.0,0.0,0.0,64.24,191.94
241.64,170.184,54.575,276.78,0.0,0.0,0.0,64.24,191.94
241.68,170.184,54.589,276.78,0.0,0.0,0.0,64.23,191.94
241.74,170.184,54.61,276.79,0.0,0.0,0.0,64.23,191.94
241.8,170.184,54.631,276.8,0.0,0.0,0.0,64.22,191.95
241.84,170.183,54.645,276.81,0.0,0.0,0.0,64.22,191.95
241.9,170.183,54.666,276.82,0.0,0.0,0.0,64.21,191.95
241.94,170.183,54.68,276.82,0.0,0.0,0.0,64.21,191.95
242.0,170.183,54.701,276.84,0.0,0.0,0.0,64.2,191.96
242.04,170.182,54.715,276.84,0.0,0.0,0.0,64.2,191.96
242.1,170.182,54.735,276.86,0.0,0.0,0.0,64.19,191.96
242.14,170.182,54.749,276.87,0.0,0.0,0.0,64.19,191.97
242.2,170.181,54.77,276.88,0.0,0.0,0.0,64.18,191.97
242.24,170.181,54.784,276.89,0.0,0.0,0.0,64.18,191.97
242.3,170.181,54.805,276.91,0.0,0.0,0.0,64.17,191.97
242.34,170.18,54.819,276.92,0.0,0.0,0.0,64.17,191.98
242.4,170.18,54.84,276.94,0.0,0.0,0.0,64.16,191.98
242.46,170.179,54.861,276.97,0.0,0.0,0.0,64.16,191.98
242.5,170.179,54.875,276.98,0.0,0.0,0.0,64.15,191.99
242.54,170.178,54.889,276.99,0.0,0.0,0.0,64.15,191.99
242.6,170.178,54.91,277.02,0.0,0.0,0.0,64.14,191.99
242.66,170.177,54.931,277.04,0.0,0.0,0.0,64.14,192.0
242.7,170.176,54.945,277.06,0.0,0.0,0.0,64.13,192.0
242.76,170.176,54.966,277.09,0.0,0.0,0.0,64.13,192.0
242.8,170.175,54.98,277.1,0.0,0.0,0.0,64.12,192.0
242.84,170.175,54.994,277.12,0.0,0.0,0.0,64.12,192.01
242.9,170.174,55.015,277.15,0.0,0.0,0.0,64.11,192.01
242.96,170.173,55.035,277.18,0.0,0.0,0.0,64.11,192.01
243.0,170.172,55.049,277.2,0.0,0.0,0.0,64.11,192.01
243.04,170.172,55.063,277.22,0.0,0.0,0.0,64.1,192.02
243.1,170.171,55.084,277.26,0.0,0.0,0.0,64.1,192.02
243.16,170.17,55.105,277.29,0.0,0.0,0.0,64.09,192.02
243.2,170.169,55.119,277.31,0.0,0.0,0.0,64.09,192.03
243.24,170.168,55.133,277.34,0.0,0.0,0.0,64.08,192.03
243.3,170.167,55.154,277.37,0.0,0.0,0.0,64.08,192.03
243.36,170.166,55.175,277.41,0.0,0.0,0.0,64.07,192.03
243.4,170.165,55.189,277.44,0.0,0.0,0.0,64.07,192.04
243.46,170.164,55.21,277.48,0.0,0.0,0.0,64.06,192.04
243.5,170.164,55.224,277.5,0.0,0.0,0.0,64.06,192.04
243.56,170.162,55.245,277.54,0.0,0.0,0.0,64.05,192.05
243.6,170.162,55.259,277.57,0.0,0.0,0.0,64.05,192.05
243.66,170.16,55.28,277.61,0.0,0.0,0.0,64.04,192.05
243.7,170.159,55.294,277.64,0.0,0.0,0.0,64.04,192.05
243.76,170.158,55.315,277.69,0.0,0.0,0.0,64.03,192.06
243.8,170.157,55.329,277.72,0.0,0.0,0.0,64.03,192.06
243.86,170.156,55.35,277.77,0.0,0.0,0.0,64.02,192.06
243.92,170.154,55.371,277.81,0.0,0.0,0.0,64.02,192.07
243.96,170.153,55.385,277.85,0.0,0.0,0.0,64.01,192.07
244.0,170.153,55.399,277.88,0.0,0.0,0.0,64.01,192.07
244.06,170.151,55.42,277.93,0.0,0.0,0.0,64.0,192.07
244.12,170.15,55.441,277.98,0.0,0.0,0.0,64.0,192.08
244.16,170.148,55.455,278.02,0.0,0.0,0.0,63.99,192.08
244.22,170.147,55.475,278.07,0.0,0.0,0.0,63.99,192.08
244.26,170.146,55.489,278.11,0.0,0.0,0.0,63.98,192.08
244.3,170.145,55.503,278.14,0.0,0.0,0.0,63.98,192.09
244.36,170.143,55.524,278.2,0.0,0.0,0.0,63.97,192.09
244.42,170.141,55.545,278.26,0.0,0.0,0.0,63.97,192.09
244.46,170.14,55.559,278.3,0.0,0.0,0.0,63.96,192.1
244.52,170.139,55.58,278.35,0.0,0.0,0.0,63.96,192.1
244.56,170.137,55.594,278.39,0.0,0.0,0.0,63.95,192.1
244.62,170.136,55.615,278.46,0.0,0.0,0.0,63.95,192.1
244.66,170.134,55.629,278.5,0.0,0.0,0.0,63.94,192.11
244.72,170.133,55.65,278.56,0.0,0.0,0.0,63.94,192.11
244.76,170.131,55.664,278.6,0.0,0.0,0.0,63.93,192.11
244.82,170.129,55.685,278.67,0.0,0.0,0.0,63.93,192.12
244.86,170.128,55.699,278.71,0.0,0.0,0.0,63.92,192.12
244.9,170.127,55.713,278.75,0.0,0.0,0.0,63.92,192.12
244.96,170.125,55.734,278.82,0.0,0.0,0.0,63.91,192.12
245.0,170.123,55.748,278.87,0.0,0.0,0.0,63.91,192.13
245.08,170.121,55.776,278.96,0.0,0.0,0.0,63.9,192.13
245.12,170.119,55.79,279.01,0.0,0.0,0.0,63.9,192.13
245.16,170.118,55.804,279.05,0.0,0.0,0.0,63.89,192.13
245.22,170.116,55.825,279.12,0.0,0.0,0.0,63.89,192.14
245.26,170.114,55.839,279.17,0.0,0.0,0.0,63.88,192.14
245.32,170.112,55.86,279.25,0.0,0.0,0.0,63.88,192.14
245.36,170.111,55.874,279.3,0.0,0.0,0.0,63.88,192.15
245.42,170.109,55.895,279.37,0.0,0.0,0.0,63.87,192.15
245.46,170.107,55.909,279.42,0.0,0.0,0.0,63.87,192.15
245.52,170.105,55.93,279.5,0.0,0.0,0.0,63.86,192.15
245.56,170.103,55.944,279.55,0.0,0.0,0.0,63.86,192.16
245.6,170.102,55.958,279.61,0.0,0.0,0.0,63.85,192.16
245.66,170.099,55.979,279.69,0.0,0.0,0.0,63.85,192.16
245.72,170.097,56.0,279.77,0.0,0.0,0.0,63.84,192.17
245.76,170.095,56.014,279.82,0.0,0.0,0.0,63.84,192.17
245.82,170.093,56.035,279.9,0.0,0.0,0.0,63.83,192.17
245.88,170.09,56.056,279.99,0.0,0.0,0.0,63.82,192.17
245.92,170.089,56.07,280.04,0.0,0.0,0.0,63.82,192.18
245.96,170.087,56.084,280.1,0.0,0.0,0.0,63.82,192.18
246.02,170.084,56.105,280.19,0.0,0.0,0.0,63.81,192.18
246.08,170.082,56.126,280.27,0.0,0.0,0.0,63.8,192.19
246.12,170.08,56.14,280.33,0.0,0.0,0.0,63.8,192.19
246.16,170.078,56.154,280.39,0.0,0.0,0.0,63.8,192.19
246.22,170.075,56.175,280.48,0.0,0.0,0.0,63.79,192.19
246.26,170.074,56.189,280.54,0.0,0.0,0.0,63.79,192.2
246.32,170.071,56.21,280.64,0.0,0.0,0.0,63.78,192.2
246.38,170.068,56.231,280.73,0.0,0.0,0.0,63.78,192.2
246.42,170.066,56.245,280.79,0.0,0.0,0.0,63.77,192.2
246.48,170.063,56.266,280.89,0.0,0.0,0.0,63.77,192.21
246.52,170.062,56.28,280.95,0.0,0.0,0.0,63.76,192.21
246.58,170.059,56.301,281.05,0.0,0.0,0.0,63.76,192.21
246.62,170.057,56.315,281.11,0.0,0.0,0.0,63.75,192.22
246.68,170.054,56.336,281.21,0.0,0.0,0.0,63.75,192.22
246.72,170.052,56.35,281.28,0.0,0.0,0.0,63.74,192.22
246.78,170.049,56.371,281.38,0.0,0.0,0.0,63.74,192.22
246.82,170.047,56.385,281.44,0.0,0.0,0.0,63.73,192.23
246.88,170.044,56.406,281.54,0.0,0.0,0.0,63.73,192.23
246.92,170.042,56.42,281.61,0.0,0.0,0.0,63.72,192.23
246.98,170.039,56.441,281.72,0.0,0.0,0.0,63.72,192.24
247.0,170.038,56.448,281.75,0.0,0.0,0.0,63.72,192.24
247.0,170.037,56.456,281.79,0.0,0.0,0.0,63.71,192.24
247.06,170.034,56.47,281.86,0.0,0.0,0.0,63.71,192.24
247.12,170.031,56.491,281.96,0.0,0.0,0.0,63.7,192.24
247.18,170.028,56.512,282.07,0.0,0.0,0.0,63.7,192.25
247.22,170.026,56.526,282.14,0.0,0.0,0.0,63.69,192.25
247.28,170.023,56.547,282.25,0.0,0.0,0.0,63.69,192.25
247.32,170.02,56.561,282.32,0.0,0.0,0.0,63.68,192.25
247.38,170.017,56.582,282.43,0.0,0.0,0.0,63.68,192.26
247.42,170.015,56.596,282.51,0.0,0.0,0.0,63.67,192.26
247.48,170.011,56.617,282.62,0.0,0.0,0.0,63.67,192.26
247.5,170.01,56.624,282.66,0.0,0.0,0.0,63.67,192.26
247.52,170.008,56.638,282.74,0.0,0.0,0.0,63.66,192.27
247.6,170.005,56.659,282.85,0.0,0.0,0.0,63.66,192.27
247.66,170.001,56.68,282.97,0.0,0.0,0.0,63.65,192.27
247.7,169.999,56.694,283.04,0.0,0.0,0.0,63.65,192.27
247.76,169.995,56.715,283.16,0.0,0.0,0.0,63.64,192.28
247.82,169.992,56.736,283.28,0.0,0.0,0.0,63.64,192.28
247.86,169.989,56.75,283.36,0.0,0.0,0.0,63.63,192.28
247.9,169.987,56.764,283.44,0.0,0.0,0.0,63.63,192.29
247.96,169.983,56.785,283.56,0.0,0.0,0.0,63.62,192.29
248.02,169.979,56.806,283.68,0.0,0.0,0.0,63.62,192.29
248.06,169.977,56.82,283.76,0.0,0.0,0.0,63.61,192.29
248.12,169.973,56.841,283.89,0.0,0.0,0.0,63.61,192.3
248.16,169.971,56.855,283.97,0.0,0.0,0.0,63.6,192.3
248.22,169.967,56.876,284.1,0.0,0.0,0.0,63.6,192.3
248.26,169.964,56.89,284.18,0.0,0.0,0.0,63.59,192.31
248.32,169.96,56.912,284.31,0.0,0.0,0.0,63.59,192.31
248.36,169.958,56.926,284.39,0.0,0.0,0.0,63.58,192.31
248.4,169.955,56.94,284.48,0.0,0.0,0.0,63.58,192.31
248.46,169.951,56.961,284.61,0.0,0.0,0.0,63.57,192.32
248.52,169.947,56.982,284.74,0.0,0.0,0.0,63.57,192.32
248.56,169.945,56.996,284.83,0.0,0.0,0.0,63.56,192.32
248.62,169.941,57.017,284.96,0.0,0.0,0.0,63.56,192.32
248.66,169.938,57.031,285.05,0.0,0.0,0.0,63.55,192.33
248.72,169.934,57.052,285.18,0.0,0.0,0.0,63.55,192.33
248.76,169.931,57.066,285.27,0.0,0.0,0.0,63.54,192.33
248.82,169.927,57.087,285.41,0.0,0.0,0.0,63.54,192.34
248.86,169.924,57.101,285.5,0.0,0.0,0.0,63.53,192.34
248.92,169.92,57.122,285.63,0.0,0.0,0.0,63.53,192.34
248.96,169.917,57.136,285.73,0.0,0.0,0.0,63.52,192.34
249.02,169.913,57.157,285.87,0.0,0.0,0.0,63.52,192.35
249.08,169.909,57.178,286.01,0.0,0.0,0.0,63.51,192.35
249.12,169.906,57.192,286.1,0.0,0.0,0.0,63.51,192.35
249.16,169.903,57.206,286.19,0.0,0.0,0.0,63.5,192.35
249.22,169.899,57.228,286.34,0.0,0.0,0.0,63.5,192.36
249.26,169.896,57.242,286.43,0.0,0.0,0.0,63.49,192.36
249.32,169.891,57.263,286.58,0.0,0.0,0.0,63.49,192.36
249.36,169.888,57.277,286.67,0.0,0.0,0.0,63.48,192.36
249.42,169.884,57.298,286.82,0.0,0.0,0.0,63.48,192.37
249.46,169.881,57.312,286.92,0.0,0.0,0.0,63.48,192.37
249.52,169.876,57.333,287.07,0.0,0.0,0.0,63.47,192.37
249.58,169.872,57.354,287.21,0.0,0.0,0.0,63.46,192.38
249.62,169.869,57.368,287.31,0.0,0.0,0.0,63.46,192.38
249.66,169.866,57.382,287.41,0.0,0.0,0.0,63.46,192.38
249.72,169.861,57.403,287.56,0.0,0.0,0.0,63.45,192.38
249.78,169.856,57.424,287.72,0.0,0.0,0.0,63.44,192.39
249.82,169.853,57.438,287.82,0.0,0.0,0.0,63.44,192.39
249.88,169.849,57.46,287.97,0.0,0.0,0.0,63.43,192.39
249.92,169.845,57.474,288.08,0.0,0.0,0.0,63.43,192.39
249.98,169.841,57.495,288.23,0.0,0.0,0.0,63.42,192.4
250.02,169.837,57.509,288.33,0.0,0.0,0.0,63.42,192.4
250.06,169.834,57.523,288.44,0.0,0.0,0.0,63.42,192.4
250.12,169.829,57.544,288.6,0.0,0.0,0.0,63.41,192.41
250.18,169.824,57.565,288.76,0.0,0.0,0.0,63.4,192.41
250.22,169.821,57.579,288.86,0.0,0.0,0.0,63.4,192.41
250.28,169.816,57.6,289.02,0.0,0.0,0.0,63.4,192.41
250.32,169.813,57.614,289.13,0.0,0.0,0.0,63.39,192.42
250.38,169.808,57.635,289.29,0.0,0.0,0.0,63.39,192.42
250.42,169.804,57.649,289.4,0.0,0.0,0.0,63.38,192.42
250.48,169.799,57.671,289.56,0.0,0.0,0.0,63.38,192.42
250.52,169.796,57.685,289.67,0.0,0.0,0.0,63.37,192.43
250.58,169.791,57.706,289.84,0.0,0.0,0.0,63.37,192.43
250.62,169.788,57.72,289.95,0.0,0.0,0.0,63.36,192.43
250.68,169.782,57.741,290.12,0.0,0.0,0.0,63.36,192.44
250.72,169.779,57.755,290.23,0.0,0.0,0.0,63.35,192.44
250.78,169.774,57.776,290.4,0.0,0.0,0.0,63.35,192.44
250.82,169.77,57.79,290.51,0.0,0.0,0.0,63.34,192.44
250.88,169.765,57.811,290.68,0.0,0.0,0.0,63.34,192.45
250.92,169.761,57.825,290.79,0.0,0.0,0.0,63.33,192.45
250.98,169.756,57.846,290.96,0.0,0.0,0.0,63.33,192.45
251.04,169.751,57.868,291.14,0.0,0.0,0.0,63.32,192.45
251.08,169.747,57.882,291.25,0.0,0.0,0.0,63.32,192.46
251.14,169.742,57.903,291.43,0.0,0.0,0.0,63.31,192.46
251.18,169.738,57.917,291.54,0.0,0.0,0.0,63.31,192.46
251.22,169.734,57.931,291.66,0.0,0.0,0.0,63.3,192.46
251.28,169.729,57.952,291.84,0.0,0.0,0.0,63.3,192.47
251.34,169.723,57.973,292.02,0.0,0.0,0.0,63.29,192.47
251.38,169.72,57.987,292.13,0.0,0.0,0.0,63.29,192.47
251.42,169.716,58.001,292.25,0.0,0.0,0.0,63.28,192.48
251.48,169.71,58.022,292.43,0.0,0.0,0.0,63.28,192.48
251.54,169.705,58.044,292.61,0.0,0.0,0.0,63.27,192.48
251.58,169.701,58.058,292.73,0.0,0.0,0.0,63.27,192.48
251.64,169.695,58.079,292.92,0.0,0.0,0.0,63.26,192.49
251.68,169.691,58.093,293.04,0.0,0.0,0.0,63.26,192.49
251.74,169.685,58.114,293.22,0.0,0.0,0.0,63.25,192.49
251.78,169.682,58.128,293.35,0.0,0.0,0.0,63.25,192.49
251.84,169.676,58.149,293.53,0.0,0.0,0.0,63.24,192.5
251.88,169.672,58.163,293.66,0.0,0.0,0.0,63.24,192.5
251.94,169.666,58.184,293.84,0.0,0.0,0.0,63.23,192.5
251.98,169.662,58.199,293.97,0.0,0.0,0.0,63.23,192.5
252.04,169.656,58.22,294.16,0.0,0.0,0.0,63.22,192.51
252.1,169.65,58.241,294.35,0.0,0.0,0.0,63.22,192.51
252.14,169.646,58.255,294.47,0.0,0.0,0.0,63.21,192.51
252.18,169.642,58.269,294.6,0.0,0.0,0.0,63.21,192.52
252.24,169.636,58.29,294.79,0.0,0.0,0.0,63.2,192.52
252.28,169.632,58.304,294.92,0.0,0.0,0.0,63.2,192.52
252.34,169.626,58.325,295.11,0.0,0.0,0.0,63.19,192.52
252.38,169.622,58.34,295.24,0.0,0.0,0.0,63.19,192.53
252.44,169.616,58.361,295.44,0.0,0.0,0.0,63.18,192.53
252.5,169.61,58.382,295.63,0.0,0.0,0.0,63.18,192.53
252.54,169.605,58.396,295.76,0.0,0.0,0.0,63.17,192.53
252.6,169.599,58.417,295.96,0.0,0.0,0.0,63.17,192.54
252.64,169.595,58.431,296.09,0.0,0.0,0.0,63.16,192.54
252.7,169.589,58.452,296.29,0.0,0.0,0.0,63.16,192.54
252.74,169.585,58.466,296.42,0.0,0.0,0.0,63.16,192.55
252.78,169.58,58.481,296.56,0.0,0.0,0.0,63.15,192.55
252.84,169.574,58.502,296.76,0.0,0.0,0.0,63.15,192.55
252.9,169.567,58.523,296.96,0.0,0.0,0.0,63.14,192.55
252.94,169.563,58.537,297.1,0.0,0.0,0.0,63.14,192.56
252.98,169.559,58.551,297.23,0.0,0.0,0.0,63.13,192.56
253.04,169.552,58.572,297.44,0.0,0.0,0.0,63.13,192.56
253.1,169.546,58.593,297.64,0.0,0.0,0.0,63.12,192.56
253.14,169.542,58.607,297.78,0.0,0.0,0.0,63.12,192.57
253.18,169.537,58.622,297.91,0.0,0.0,0.0,63.11,192.57
253.24,169.531,58.643,298.12,0.0,0.0,0.0,63.11,192.57
253.3,169.524,58.664,298.33,0.0,0.0,0.0,63.1,192.57
253.34,169.519,58.678,298.47,0.0,0.0,0.0,63.1,192.58
253.4,169.513,58.699,298.68,0.0,0.0,0.0,63.09,192.58
253.44,169.508,58.713,298.82,0.0,0.0,0.0,63.09,192.58
253.5,169.502,58.734,299.03,0.0,0.0,0.0,63.08,192.59
253.54,169.497,58.749,299.17,0.0,0.0,0.0,63.08,192.59
253.6,169.49,58.77,299.38,0.0,0.0,0.0,63.07,192.59
253.64,169.486,58.784,299.52,0.0,0.0,0.0,63.07,192.59
253.7,169.479,58.805,299.74,0.0,0.0,0.0,63.06,192.6
253.74,169.474,58.819,299.88,0.0,0.0,0.0,63.06,192.6
253.8,169.467,58.84,300.1,0.0,0.0,0.0,63.05,192.6
253.84,169.463,58.854,300.24,0.0,0.0,0.0,63.05,192.6
253.9,169.456,58.876,300.46,0.0,0.0,0.0,63.04,192.61
253.96,169.449,58.897,300.67,0.0,0.0,0.0,63.04,192.61
254.0,169.444,58.911,300.82,0.0,0.0,0.0,63.03,192.61
254.04,169.439,58.925,300.97,0.0,0.0,0.0,63.03,192.61
254.1,169.432,58.946,301.19,0.0,0.0,0.0,63.02,192.62
254.14,169.428,58.96,301.33,0.0,0.0,0.0,63.02,192.62
254.2,169.42,58.982,301.55,0.0,0.0,0.0,63.01,192.62
254.24,169.416,58.996,301.7,0.0,0.0,0.0,63.01,192.62
254.3,169.408,59.017,301.92,0.0,0.0,0.0,63.0,192.63
254.36,169.401,59.038,302.15,0.0,0.0,0.0,63.0,192.63
254.4,169.396,59.052,302.3,0.0,0.0,0.0,62.99,192.63
254.46,169.389,59.073,302.52,0.0,0.0,0.0,62.99,192.64
254.5,169.384,59.087,302.67,0.0,0.0,0.0,62.98,192.64
254.56,169.377,59.109,302.9,0.0,0.0,0.0,62.98,192.64
254.6,169.372,59.123,303.05,0.0,0.0,0.0,62.97,192.64
254.64,169.367,59.137,303.2,0.0,0.0,0.0,62.97,192.65
254.7,169.36,59.158,303.43,0.0,0.0,0.0,62.96,192.65
254.76,169.352,59.179,303.66,0.0,0.0,0.0,62.96,192.65
254.8,169.347,59.193,303.81,0.0,0.0,0.0,62.95,192.65
254.86,169.34,59.215,304.04,0.0,0.0,0.0,62.95,192.66
254.92,169.332,59.236,304.28,0.0,0.0,0.0,62.94,192.66
254.96,169.327,59.25,304.43,0.0,0.0,0.0,62.94,192.66
255.0,169.322,59.264,304.59,0.0,0.0,0.0,62.93,192.66
255.06,169.314,59.285,304.82,0.0,0.0,0.0,62.93,192.67
255.1,169.309,59.299,304.97,0.0,0.0,0.0,62.92,192.67
255.16,169.302,59.321,305.21,0.0,0.0,0.0,62.92,192.67
255.22,169.294,59.342,305.45,0.0,0.0,0.0,62.91,192.68
255.26,169.289,59.356,305.6,0.0,0.0,0.0,62.91,192.68
255.3,169.284,59.37,305.76,0.0,0.0,0.0,62.91,192.68
255.36,169.276,59.391,306.0,0.0,0.0,0.0,62.9,192.68
255.42,169.268,59.412,306.24,0.0,0.0,0.0,62.89,192.69
255.46,169.263,59.427,306.4,0.0,0.0,0.0,62.89,192.69
255.5,169.258,59.441,306.56,0.0,0.0,0.0,62.89,192.69
255.56,169.25,59.462,306.8,0.0,0.0,0.0,62.88,192.69
255.62,169.242,59.483,307.04,0.0,0.0,0.0,62.87,192.7
255.66,169.237,59.497,307.2,0.0,0.0,0.0,62.87,192.7
255.7,169.231,59.511,307.36,0.0,0.0,0.0,62.87,192.7
255.76,169.223,59.533,307.6,0.0,0.0,0.0,62.86,192.7
255.82,169.215,59.554,307.85,0.0,0.0,0.0,62.85,192.71
255.86,169.21,59.568,308.01,0.0,0.0,0.0,62.85,192.71
255.9,169.204,59.582,308.17,0.0,0.0,0.0,62.85,192.71
255.96,169.196,59.603,308.42,0.0,0.0,0.0,62.84,192.71
256.02,169.188,59.625,308.67,0.0,0.0,0.0,62.83,192.72
256.06,169.183,59.639,308.83,0.0,0.0,0.0,62.83,192.72
256.12,169.174,59.66,309.08,0.0,0.0,0.0,62.83,192.72
256.16,169.169,59.674,309.25,0.0,0.0,0.0,62.82,192.72
256.2,169.163,59.688,309.41,0.0,0.0,0.0,62.82,192.73
256.26,169.155,59.71,309.66,0.0,0.0,0.0,62.81,192.73
256.32,169.147,59.731,309.91,0.0,0.0,0.0,62.81,192.73
256.36,169.141,59.745,310.08,0.0,0.0,0.0,62.8,192.73
256.42,169.133,59.766,310.33,0.0,0.0,0.0,62.8,192.74
256.46,169.127,59.78,310.5,0.0,0.0,0.0,62.79,192.74
256.52,169.119,59.801,310.75,0.0,0.0,0.0,62.79,192.74
256.56,169.113,59.816,310.92,0.0,0.0,0.0,62.78,192.74
256.62,169.105,59.837,311.18,0.0,0.0,0.0,62.78,192.75
256.66,169.099,59.851,311.35,0.0,0.0,0.0,62.77,192.75
256.72,169.091,59.872,311.6,0.0,0.0,0.0,62.77,192.75
256.76,169.085,59.886,311.78,0.0,0.0,0.0,62.76,192.76
256.8,169.079,59.901,311.95,0.0,0.0,0.0,62.76,192.76
256.86,169.071,59.922,312.2,0.0,0.0,0.0,62.75,192.76
256.92,169.062,59.943,312.46,0.0,0.0,0.0,62.75,192.76
256.96,169.056,59.957,312.64,0.0,0.0,0.0,62.74,192.77
257.02,169.047,59.978,312.9,0.0,0.0,0.0,62.74,192.77
257.06,169.042,59.993,313.07,0.0,0.0,0.0,62.73,192.77
257.12,169.033,60.014,313.33,0.0,0.0,0.0,62.73,192.77
257.16,169.027,60.028,313.51,0.0,0.0,0.0,62.72,192.78
257.22,169.018,60.049,313.77,0.0,0.0,0.0,62.72,192.78
257.28,169.009,60.07,314.03,0.0,0.0,0.0,62.71,192.78
257.32,169.003,60.085,314.21,0.0,0.0,0.0,62.71,192.78
257.36,168.997,60.099,314.38,0.0,0.0,0.0,62.7,192.79
257.42,168.988,60.12,314.65,0.0,0.0,0.0,62.7,192.79
257.48,168.98,60.141,314.92,0.0,0.0,0.0,62.69,192.79
257.52,168.974,60.155,315.09,0.0,0.0,0.0,62.69,192.79
257.58,168.965,60.177,315.36,0.0,0.0,0.0,62.68,192.8
257.62,168.958,60.191,315.54,0.0,0.0,0.0,62.68,192.8
257.68,168.949,60.212,315.81,0.0,0.0,0.0,62.67,192.8
257.74,168.94,60.233,316.08,0.0,0.0,0.0,62.67,192.81
257.78,168.934,60.248,316.26,0.0,0.0,0.0,62.66,192.81
257.84,168.925,60.269,316.53,0.0,0.0,0.0,62.66,192.81
257.9,168.916,60.29,316.8,0.0,0.0,0.0,62.65,192.81
257.94,168.91,60.304,316.98,0.0,0.0,0.0,62.65,192.82
257.98,168.904,60.318,317.16,0.0,0.0,0.0,62.64,192.82
258.04,168.894,60.34,317.43,0.0,0.0,0.0,62.64,192.82
258.1,168.885,60.361,317.71,0.0,0.0,0.0,62.63,192.82
258.14,168.879,60.375,317.89,0.0,0.0,0.0,62.63,192.83
258.18,168.872,60.389,318.07,0.0,0.0,0.0,62.62,192.83
258.24,168.863,60.411,318.35,0.0,0.0,0.0,62.62,192.83
258.3,168.854,60.432,318.62,0.0,0.0,0.0,62.61,192.83
258.34,168.847,60.446,318.81,0.0,0.0,0.0,62.61,192.84
258.38,168.841,60.46,318.99,0.0,0.0,0.0,62.6,192.84
258.44,168.832,60.481,319.27,0.0,0.0,0.0,62.6,192.84
258.5,168.822,60.503,319.55,0.0,0.0,0.0,62.59,192.84
258.54,168.816,60.517,319.74,0.0,0.0,0.0,62.59,192.85
258.58,168.809,60.531,319.92,0.0,0.0,0.0,62.58,192.85
258.64,168.8,60.552,320.2,0.0,0.0,0.0,62.58,192.85
258.7,168.79,60.574,320.48,0.0,0.0,0.0,62.57,192.85
258.74,168.784,60.588,320.67,0.0,0.0,0.0,62.57,192.86
258.78,168.777,60.602,320.86,0.0,0.0,0.0,62.57,192.86
258.84,168.767,60.623,321.14,0.0,0.0,0.0,62.56,192.86
258.9,168.758,60.644,321.43,0.0,0.0,0.0,62.55,192.87
258.94,168.751,60.659,321.62,0.0,0.0,0.0,62.55,192.87
259.0,168.741,60.68,321.9,0.0,0.0,0.0,62.54,192.87
259.04,168.735,60.694,322.09,0.0,0.0,0.0,62.54,192.87
259.1,168.725,60.715,322.38,0.0,0.0,0.0,62.53,192.88
259.14,168.718,60.73,322.57,0.0,0.0,0.0,62.53,192.88
259.2,168.708,60.751,322.85,0.0,0.0,0.0,62.52,192.88
259.24,168.702,60.765,323.05,0.0,0.0,0.0,62.52,192.88
259.3,168.692,60.786,323.33,0.0,0.0,0.0,62.51,192.89
259.34,168.685,60.8,323.53,0.0,0.0,0.0,62.51,192.89
259.4,168.675,60.822,323.82,0.0,0.0,0.0,62.5,192.89
259.44,168.668,60.836,324.01,0.0,0.0,0.0,62.5,192.89
259.5,168.658,60.857,324.3,0.0,0.0,0.0,62.49,192.9
259.54,168.652,60.871,324.49,0.0,0.0,0.0,62.49,192.9
259.6,168.641,60.893,324.79,0.0,0.0,0.0,62.49,192.9
259.64,168.635,60.907,324.98,0.0,0.0,0.0,62.48,192.9
259.7,168.624,60.928,325.27,0.0,0.0,0.0,62.48,192.91
259.76,168.614,60.949,325.57,0.0,0.0,0.0,62.47,192.91
259.8,168.607,60.964,325.76,0.0,0.0,0.0,62.47,192.91
259.84,168.6,60.978,325.96,0.0,0.0,0.0,62.46,192.91
259.9,168.59,60.999,326.26,0.0,0.0,0.0,62.46,192.92
259.96,168.58,61.02,326.55,0.0,0.0,0.0,62.45,192.92
260.0,168.573,61.035,326.75,0.0,0.0,0.0,62.45,192.92
260.04,168.566,61.049,326.95,0.0,0.0,0.0,62.44,192.92
260.1,168.556,61.07,327.24,0.0,0.0,0.0,62.44,192.93
260.14,168.549,61.084,327.44,0.0,0.0,0.0,62.43,192.93
260.2,168.538,61.106,327.74,0.0,0.0,0.0,62.43,192.93
260.26,168.528,61.127,328.04,0.0,0.0,0.0,62.42,192.93
260.3,168.521,61.141,328.24,0.0,0.0,0.0,62.42,192.94
260.34,168.513,61.155,328.44,0.0,0.0,0.0,62.41,192.94
260.4,168.503,61.177,328.74,0.0,0.0,0.0,62.41,192.94
260.46,168.492,61.198,329.04,0.0,0.0,0.0,62.4,192.94
260.48,168.489,61.205,329.14,0.0,0.0,0.0,62.4,192.95
260.54,168.478,61.226,329.45,0.0,0.0,0.0,62.39,192.95
260.58,168.471,61.241,329.65,0.0,0.0,0.0,62.39,192.95
260.64,168.46,61.262,329.95,0.0,0.0,0.0,62.38,192.95
260.7,168.449,61.283,330.26,0.0,0.0,0.0,62.38,192.96
260.74,168.442,61.297,330.46,0.0,0.0,0.0,62.37,192.96
260.8,168.431,61.319,330.77,0.0,0.0,0.0,62.37,192.96
260.84,168.424,61.333,330.97,0.0,0.0,0.0,62.36,192.96
260.9,168.413,61.354,331.28,0.0,0.0,0.0,62.36,192.97
260.96,168.402,61.376,331.58,0.0,0.0,0.0,62.35,192.97
261.0,168.395,61.39,331.79,0.0,0.0,0.0,62.35,192.97
261.06,168.384,61.411,332.1,0.0,0.0,0.0,62.34,192.97
261.1,168.377,61.425,332.3,0.0,0.0,0.0,62.34,192.98
261.14,168.37,61.439,332.51,0.0,0.0,0.0,62.33,192.98
261.2,168.358,61.461,332.82,0.0,0.0,0.0,62.33,192.98
261.26,168.347,61.482,333.13,0.0,0.0,0.0,62.32,192.98
261.3,168.34,61.496,333.34,0.0,0.0,0.0,62.32,192.99
261.34,168.333,61.511,333.54,0.0,0.0,0.0,62.31,192.99
261.4,168.321,61.532,333.85,0.0,0.0,0.0,62.31,192.99
261.46,168.31,61.553,334.17,0.0,0.0,0.0,62.3,192.99
261.5,168.303,61.567,334.38,0.0,0.0,0.0,62.3,193.0
261.54,168.295,61.582,334.58,0.0,0.0,0.0,62.3,193.0
261.6,168.284,61.603,334.9,0.0,0.0,0.0,62.29,193.0
261.66,168.273,61.624,335.21,0.0,0.0,0.0,62.28,193.0
261.7,168.265,61.638,335.42,0.0,0.0,0.0,62.28,193.01
261.76,168.254,61.66,335.74,0.0,0.0,0.0,62.27,193.01
261.8,168.246,61.674,335.95,0.0,0.0,0.0,62.27,193.01
261.84,168.239,61.688,336.16,0.0,0.0,0.0,62.27,193.01
261.9,168.227,61.71,336.48,0.0,0.0,0.0,62.26,193.02
261.96,168.216,61.731,336.8,0.0,0.0,0.0,62.25,193.02
262.0,168.208,61.745,337.01,0.0,0.0,0.0,62.25,193.02
262.06,168.197,61.766,337.33,0.0,0.0,0.0,62.24,193.02
262.1,168.189,61.781,337.54,0.0,0.0,0.0,62.24,193.03
262.16,168.177,61.802,337.86,0.0,0.0,0.0,62.23,193.03
262.2,168.17,61.816,338.07,0.0,0.0,0.0,62.23,193.03
262.26,168.158,61.838,338.39,0.0,0.0,0.0,62.23,193.03
262.32,168.146,61.859,338.72,0.0,0.0,0.0,62.22,193.04
262.36,168.138,61.873,338.93,0.0,0.0,0.0,62.22,193.04
262.4,168.131,61.887,339.15,0.0,0.0,0.0,62.21,193.04
262.46,168.119,61.909,339.47,0.0,0.0,0.0,62.21,193.04
262.52,168.107,61.93,339.79,0.0,0.0,0.0,62.2,193.05
262.56,168.099,61.944,340.01,0.0,0.0,0.0,62.2,193.05
262.6,168.091,61.958,340.22,0.0,0.0,0.0,62.19,193.05
262.66,168.08,61.98,340.55,0.0,0.0,0.0,62.19,193.05
262.72,168.068,62.001,340.88,0.0,0.0,0.0,62.18,193.06
262.76,168.06,62.015,341.09,0.0,0.0,0.0,62.18,193.06
262.82,168.048,62.037,341.42,0.0,0.0,0.0,62.17,193.06
262.86,168.04,62.051,341.64,0.0,0.0,0.0,62.17,193.06
262.9,168.032,62.065,341.86,0.0,0.0,0.0,62.16,193.07
262.96,168.02,62.087,342.18,0.0,0.0,0.0,62.16,193.07
263.02,168.008,62.108,342.51,0.0,0.0,0.0,62.15,193.07
263.06,168.0,62.122,342.73,0.0,0.0,0.0,62.15,193.07
263.1,167.992,62.136,342.95,0.0,0.0,0.0,62.14,193.08
263.16,167.979,62.158,343.28,0.0,0.0,0.0,62.14,193.08
263.22,167.967,62.179,343.61,0.0,0.0,0.0,62.13,193.08
263.26,167.959,62.193,343.83,0.0,0.0,0.0,62.13,193.08
263.3,167.951,62.207,344.05,0.0,0.0,0.0,62.12,193.09
263.36,167.939,62.229,344.39,0.0,0.0,0.0,62.12,193.09
263.42,167.927,62.25,344.72,0.0,0.0,0.0,62.11,193.09
263.46,167.918,62.264,344.94,0.0,0.0,0.0,62.11,193.09
263.52,167.906,62.286,345.27,0.0,0.0,0.0,62.1,193.1
263.56,167.898,62.3,345.5,0.0,0.0,0.0,62.1,193.1
263.62,167.885,62.321,345.83,0.0,0.0,0.0,62.09,193.1
263.66,167.877,62.336,346.05,0.0,0.0,0.0,62.09,193.1
263.72,167.865,62.357,346.39,0.0,0.0,0.0,62.08,193.11
263.76,167.856,62.371,346.61,0.0,0.0,0.0,62.08,193.11
263.8,167.848,62.385,346.84,0.0,0.0,0.0,62.07,193.11
263.86,167.835,62.407,347.17,0.0,0.0,0.0,62.07,193.11
263.9,167.827,62.421,347.4,0.0,0.0,0.0,62.06,193.12
263.96,167.815,62.442,347.74,0.0,0.0,0.0,62.06,193.12
264.0,167.806,62.457,347.96,0.0,0.0,0.0,62.05,193.12
264.06,167.793,62.478,348.3,0.0,0.0,0.0,62.05,193.12
264.12,167.781,62.499,348.64,0.0,0.0,0.0,62.04,193.13
264.16,167.772,62.514,348.87,0.0,0.0,0.0,62.04,193.13
264.2,167.764,62.528,349.09,0.0,0.0,0.0,62.04,193.13
264.26,167.751,62.549,349.43,0.0,0.0,0.0,62.03,193.13
264.32,167.738,62.571,349.78,0.0,0.0,0.0,62.02,193.14
264.36,167.73,62.585,350.0,0.0,0.0,0.0,62.02,193.14
264.42,167.717,62.606,350.34,0.0,0.0,0.0,62.01,193.14
264.46,167.708,62.621,350.57,0.0,0.0,0.0,62.01,193.14
264.5,167.7,62.635,350.8,0.0,0.0,0.0,62.01,193.15
264.56,167.687,62.656,351.15,0.0,0.0,0.0,62.0,193.15
264.62,167.674,62.678,351.49,0.0,0.0,0.0,61.99,193.15
264.66,167.665,62.692,351.72,0.0,0.0,0.0,61.99,193.15
264.7,167.657,62.706,351.95,0.0,0.0,0.0,61.99,193.16
264.76,167.644,62.727,352.29,0.0,0.0,0.0,61.98,193.16
264.82,167.631,62.749,352.64,0.0,0.0,0.0,61.97,193.16
264.86,167.622,62.763,352.87,0.0,0.0,0.0,61.97,193.16
264.92,167.609,62.784,353.22,0.0,0.0,0.0,61.96,193.17
264.96,167.6,62.799,353.45,0.0,0.0,0.0,61.96,193.17
265.02,167.587,62.82,353.8,0.0,0.0,0.0,61.96,193.17
265.06,167.578,62.834,354.03,0.0,0.0,0.0,61.95,193.17
265.12,167.565,62.856,354.38,0.0,0.0,0.0,61.95,193.18
265.16,167.556,62.87,354.61,0.0,0.0,0.0,61.94,193.18
265.22,167.543,62.891,354.96,0.0,0.0,0.0,61.94,193.18
265.26,167.534,62.906,355.19,0.0,0.0,0.0,61.93,193.18
265.32,167.52,62.927,355.54,0.0,0.0,0.0,61.93,193.19
265.36,167.512,62.941,355.78,0.0,0.0,0.0,61.92,193.19
265.42,167.498,62.963,356.13,0.0,0.0,0.0,61.92,193.19
265.48,167.485,62.984,356.48,0.0,0.0,0.0,61.91,193.19
265.52,167.476,62.998,356.71,0.0,0.0,0.0,61.91,193.2
265.56,167.467,63.013,356.95,0.0,0.0,0.0,61.9,193.2
265.62,167.453,63.034,357.3,0.0,0.0,0.0,61.9,193.2
265.68,167.44,63.055,357.65,0.0,0.0,0.0,61.89,193.2
265.72,167.431,63.07,357.89,0.0,0.0,0.0,61.89,193.21
265.76,167.422,63.084,358.13,0.0,0.0,0.0,61.88,193.21
265.82,167.408,63.105,358.48,0.0,0.0,0.0,61.88,193.21
265.88,167.394,63.127,358.84,0.0,0.0,0.0,61.87,193.21
265.92,167.385,63.141,359.07,0.0,0.0,0.0,61.87,193.22
265.96,167.376,63.155,359.31,0.0,0.0,0.0,61.86,193.22
266.02,167.362,63.177,359.67,0.0,0.0,0.0,61.86,193.22
266.08,167.349,63.198,360.02,0.0,0.0,0.0,61.85,193.22
266.12,167.339,63.212,360.26,0.0,0.0,0.0,61.85,193.23
266.16,167.33,63.227,360.5,0.0,0.0,0.0,61.84,193.23
266.22,167.316,63.248,360.86,0.0,0.0,0.0,61.84,193.23
266.28,167.303,63.269,361.22,0.0,0.0,0.0,61.83,193.23
266.32,167.293,63.284,361.46,0.0,0.0,0.0,61.83,193.24
266.36,167.284,63.298,361.7,0.0,0.0,0.0,61.82,193.24
266.42,167.27,63.319,362.06,0.0,0.0,0.0,61.82,193.24
266.48,167.256,63.341,362.42,0.0,0.0,0.0,61.81,193.24
266.52,167.247,63.355,362.66,0.0,0.0,0.0,61.81,193.24
266.56,167.237,63.369,362.9,0.0,0.0,0.0,61.8,193.25
266.62,167.223,63.391,363.26,0.0,0.0,0.0,61.8,193.25
266.68,167.209,63.412,363.62,0.0,0.0,0.0,61.79,193.25
266.72,167.2,63.426,363.86,0.0,0.0,0.0,61.79,193.25
266.78,167.186,63.448,364.22,0.0,0.0,0.0,61.78,193.26
266.82,167.176,63.462,364.47,0.0,0.0,0.0,61.78,193.26
266.88,167.162,63.483,364.83,0.0,0.0,0.0,61.77,193.26
266.92,167.152,63.498,365.07,0.0,0.0,0.0,61.77,193.26
266.98,167.138,63.519,365.44,0.0,0.0,0.0,61.76,193.27
267.02,167.129,63.533,365.68,0.0,0.0,0.0,61.76,193.27
267.1,167.11,63.562,366.17,0.0,0.0,0.0,61.75,193.27
267.12,167.105,63.569,366.29,0.0,0.0,0.0,61.75,193.27
267.18,167.09,63.591,366.66,0.0,0.0,0.0,61.74,193.28
267.24,167.076,63.612,367.02,0.0,0.0,0.0,61.74,193.28
267.3,167.062,63.633,367.39,0.0,0.0,0.0,61.73,193.28
267.34,167.052,63.648,367.63,0.0,0.0,0.0,61.73,193.28
267.4,167.037,63.669,368.0,0.0,0.0,0.0,61.72,193.29
267.44,167.028,63.683,368.25,0.0,0.0,0.0,61.72,193.29
267.5,167.013,63.705,368.62,0.0,0.0,0.0,61.71,193.29
267.54,167.003,63.719,368.86,0.0,0.0,0.0,61.71,193.29
267.6,166.989,63.741,369.23,0.0,0.0,0.0,61.7,193.3
267.64,166.979,63.755,369.48,0.0,0.0,0.0,61.7,193.3
267.7,166.964,63.776,369.85,0.0,0.0,0.0,61.69,193.3
267.74,166.955,63.791,370.09,0.0,0.0,0.0,61.69,193.3
267.8,166.94,63.812,370.47,0.0,0.0,0.0,61.68,193.31
267.84,166.93,63.826,370.71,0.0,0.0,0.0,61.68,193.31
267.9,166.915,63.848,371.09,0.0,0.0,0.0,61.67,193.31
267.94,166.905,63.862,371.33,0.0,0.0,0.0,61.67,193.31
268.0,166.891,63.883,371.71,0.0,0.0,0.0,61.66,193.32
268.04,166.881,63.898,371.95,0.0,0.0,0.0,61.66,193.32
268.1,166.866,63.919,372.33,0.0,0.0,0.0,61.65,193.32
268.14,166.856,63.933,372.58,0.0,0.0,0.0,61.65,193.32
268.2,166.841,63.955,372.95,0.0,0.0,0.0,61.64,193.33
268.26,166.826,63.976,373.33,0.0,0.0,0.0,61.64,193.33
268.3,166.816,63.991,373.58,0.0,0.0,0.0,61.63,193.33
268.34,166.806,64.005,373.83,0.0,0.0,0.0,61.63,193.33
268.4,166.791,64.026,374.2,0.0,0.0,0.0,61.62,193.34
268.46,166.776,64.048,374.58,0.0,0.0,0.0,61.62,193.34
268.5,166.766,64.062,374.83,0.0,0.0,0.0,61.61,193.34
268.54,166.756,64.076,375.08,0.0,0.0,0.0,61.61,193.34
268.6,166.74,64.098,375.46,0.0,0.0,0.0,61.6,193.35
268.66,166.725,64.119,375.83,0.0,0.0,0.0,61.6,193.35
268.7,166.715,64.134,376.09,0.0,0.0,0.0,61.6,193.35
268.74,166.705,64.148,376.34,0.0,0.0,0.0,61.59,193.35
268.8,166.69,64.169,376.72,0.0,0.0,0.0,61.59,193.36
268.86,166.674,64.191,377.1,0.0,0.0,0.0,61.58,193.36
268.9,166.664,64.205,377.35,0.0,0.0,0.0,61.58,193.36
268.96,166.649,64.226,377.73,0.0,0.0,0.0,61.57,193.36
269.0,166.638,64.241,377.98,0.0,0.0,0.0,61.57,193.36
269.06,166.623,64.262,378.36,0.0,0.0,0.0,61.56,193.37
269.1,166.613,64.277,378.62,0.0,0.0,0.0,61.56,193.37
269.16,166.597,64.298,379.0,0.0,0.0,0.0,61.55,193.37
269.2,166.587,64.312,379.25,0.0,0.0,0.0,61.55,193.37
269.26,166.571,64.334,379.64,0.0,0.0,0.0,61.54,193.38
269.3,166.561,64.348,379.89,0.0,0.0,0.0,61.54,193.38
269.36,166.545,64.37,380.27,0.0,0.0,0.0,61.53,193.38
269.4,166.535,64.384,380.53,0.0,0.0,0.0,61.53,193.38
269.46,166.519,64.405,380.91,0.0,0.0,0.0,61.52,193.39
269.5,166.509,64.42,381.17,0.0,0.0,0.0,61.52,193.39
269.56,166.493,64.441,381.55,0.0,0.0,0.0,61.51,193.39
269.62,166.477,64.463,381.94,0.0,0.0,0.0,61.51,193.39
269.66,166.467,64.477,382.19,0.0,0.0,0.0,61.5,193.4
269.72,166.451,64.498,382.58,0.0,0.0,0.0,61.5,193.4
269.76,166.441,64.513,382.84,0.0,0.0,0.0,61.49,193.4
269.8,166.43,64.527,383.09,0.0,0.0,0.0,61.49,193.4
269.86,166.414,64.548,383.48,0.0,0.0,0.0,61.48,193.41
269.92,166.398,64.57,383.87,0.0,0.0,0.0,61.48,193.41
269.96,166.388,64.584,384.13,0.0,0.0,0.0,61.47,193.41
270.0,166.377,64.598,384.38,0.0,0.0,0.0,61.47,193.41
270.06,166.361,64.62,384.77,0.0,0.0,0.0,61.46,193.42
270.1,166.35,64.634,385.03,0.0,0.0,0.0,61.46,193.42
270.16,166.334,64.656,385.42,0.0,0.0,0.0,61.45,193.42
270.22,166.318,64.677,385.81,0.0,0.0,0.0,61.45,193.42
270.26,166.308,64.699,386.07,0.0,0.0,0.0,61.44,193.43
270.28,166.291,64.713,386.46,0.0,0.0,0.0,61.44,193.43
270.36,166.281,64.727,386.72,0.0,0.0,0.0,61.43,193.43
270.4,166.27,64.742,386.98,0.0,0.0,0.0,61.43,193.43
270.46,166.254,64.763,387.37,0.0,0.0,0.0,61.42,193.43
270.5,166.243,64.777,387.63,0.0,0.0,0.0,61.42,193.44
270.56,166.227,64.799,388.02,0.0,0.0,0.0,61.41,193.44
270.62,166.21,64.82,388.41,0.0,0.0,0.0,61.41,193.44
270.66,166.199,64.835,388.67,0.0,0.0,0.0,61.4,193.44
270.72,166.183,64.856,389.06,0.0,0.0,0.0,61.4,193.45
270.76,166.172,64.87,389.33,0.0,0.0,0.0,61.39,193.45
270.82,166.156,64.892,389.72,0.0,0.0,0.0,61.39,193.45
270.86,166.145,64.906,389.98,0.0,0.0,0.0,61.38,193.45
270.92,166.128,64.928,390.38,0.0,0.0,0.0,61.38,193.46
270.96,166.117,64.942,390.64,0.0,0.0,0.0,61.37,193.46
271.02,166.101,64.964,391.03,0.0,0.0,0.0,61.37,193.46
271.06,166.09,64.978,391.3,0.0,0.0,0.0,61.36,193.46
271.12,166.073,64.999,391.69,0.0,0.0,0.0,61.36,193.47
271.18,166.057,65.021,392.09,0.0,0.0,0.0,61.35,193.47
271.22,166.045,65.035,392.35,0.0,0.0,0.0,61.35,193.47
271.26,166.034,65.049,392.61,0.0,0.0,0.0,61.34,193.47
271.32,166.018,65.071,393.01,0.0,0.0,0.0,61.34,193.48
271.36,166.007,65.085,393.28,0.0,0.0,0.0,61.33,193.48
271.42,165.99,65.107,393.67,0.0,0.0,0.0,61.33,193.48
271.46,165.979,65.121,393.94,0.0,0.0,0.0,61.33,193.48
271.52,165.962,65.143,394.34,0.0,0.0,0.0,61.32,193.49
271.58,165.945,65.164,394.73,0.0,0.0,0.0,61.31,193.49
271.62,165.934,65.178,395.0,0.0,0.0,0.0,61.31,193.49
271.68,165.917,65.2,395.4,0.0,0.0,0.0,61.3,193.49
271.72,165.906,65.214,395.66,0.0,0.0,0.0,61.3,193.49
271.76,165.894,65.229,395.93,0.0,0.0,0.0,61.3,193.5
271.82,165.877,65.25,396.33,0.0,0.0,0.0,61.29,193.5
271.88,165.86,65.272,396.73,0.0,0.0,0.0,61.28,193.5
271.92,165.849,65.286,397.0,0.0,0.0,0.0,61.28,193.5
271.98,165.832,65.307,397.4,0.0,0.0,0.0,61.27,193.51
272.02,165.821,65.322,397.66,0.0,0.0,0.0,61.27,193.51
272.08,165.803,65.343,398.07,0.0,0.0,0.0,61.26,193.51
272.12,165.792,65.358,398.33,0.0,0.0,0.0,61.26,193.51
272.16,165.781,65.372,398.6,0.0,0.0,0.0,61.26,193.52
272.22,165.763,65.393,399.0,0.0,0.0,0.0,61.25,193.52
272.28,165.746,65.415,399.41,0.0,0.0,0.0,61.24,193.52
272.32,165.735,65.429,399.67,0.0,0.0,0.0,61.24,193.52
272.38,165.717,65.451,400.08,0.0,0.0,0.0,61.23,193.53
272.42,165.706,65.465,400.35,0.0,0.0,0.0,61.23,193.53
272.48,165.688,65.487,400.75,0.0,0.0,0.0,61.23,193.53
272.52,165.677,65.501,401.02,0.0,0.0,0.0,61.22,193.53
272.58,165.66,65.522,401.43,0.0,0.0,0.0,61.22,193.54
272.62,165.648,65.537,401.69,0.0,0.0,0.0,61.21,193.54
272.68,165.63,65.558,402.1,0.0,0.0,0.0,61.21,193.54
272.72,165.619,65.573,402.37,0.0,0.0,0.0,61.2,193.54
272.78,165.601,65.594,402.78,0.0,0.0,0.0,61.2,193.54
272.82,165.59,65.609,403.05,0.0,0.0,0.0,61.19,193.55
272.88,165.572,65.63,403.45,0.0,0.0,0.0,61.19,193.55
272.92,165.56,65.644,403.72,0.0,0.0,0.0,61.18,193.55
272.98,165.543,65.666,404.13,0.0,0.0,0.0,61.18,193.55
273.04,165.525,65.687,404.54,0.0,0.0,0.0,61.17,193.56
273.08,165.513,65.702,404.81,0.0,0.0,0.0,61.17,193.56
273.12,165.502,65.716,405.08,0.0,0.0,0.0,61.16,193.56
273.18,165.484,65.738,405.49,0.0,0.0,0.0,61.16,193.56
273.22,165.472,65.752,405.76,0.0,0.0,0.0,61.15,193.57
273.28,165.454,65.773,406.17,0.0,0.0,0.0,61.15,193.57
273.34,165.436,65.795,406.58,0.0,0.0,0.0,61.14,193.57
273.38,165.424,65.809,406.85,0.0,0.0,0.0,61.14,193.57
273.44,165.407,65.831,407.26,0.0,0.0,0.0,61.13,193.58
273.48,165.395,65.845,407.54,0.0,0.0,0.0,61.13,193.58
273.54,165.377,65.867,407.95,0.0,0.0,0.0,61.12,193.58
273.58,165.365,65.881,408.22,0.0,0.0,0.0,61.12,193.58
273.64,165.347,65.903,408.63,0.0,0.0,0.0,61.11,193.59
273.7,165.329,65.924,409.04,0.0,0.0,0.0,61.11,193.59
273.74,165.317,65.938,409.32,0.0,0.0,0.0,61.1,193.59
273.78,165.305,65.953,409.59,0.0,0.0,0.0,61.1,193.59
273.84,165.287,65.974,410.0,0.0,0.0,0.0,61.09,193.59
273.9,165.268,65.996,410.42,0.0,0.0,0.0,61.09,193.6
273.94,165.256,66.01,410.69,0.0,0.0,0.0,61.08,193.6
273.98,165.244,66.025,410.97,0.0,0.0,0.0,61.08,193.6
274.04,165.226,66.046,411.38,0.0,0.0,0.0,61.07,193.6
274.1,165.208,66.068,411.79,0.0,0.0,0.0,61.07,193.61
274.14,165.196,66.082,412.07,0.0,0.0,0.0,61.06,193.61
274.2,165.177,66.104,412.48,0.0,0.0,0.0,61.06,193.61
274.24,165.165,66.118,412.76,0.0,0.0,0.0,61.05,193.61
274.28,165.153,66.132,413.04,0.0,0.0,0.0,61.05,193.62
274.34,165.135,66.154,413.45,0.0,0.0,0.0,61.04,193.62
274.4,165.116,66.175,413.87,0.0,0.0,0.0,61.04,193.62
274.44,165.104,66.19,414.14,0.0,0.0,0.0,61.03,193.62
274.5,165.085,66.211,414.56,0.0,0.0,0.0,61.03,193.63
274.54,165.073,66.226,414.84,0.0,0.0,0.0,61.02,193.63
274.6,165.055,66.247,415.25,0.0,0.0,0.0,61.02,193.63
274.64,165.042,66.262,415.53,0.0,0.0,0.0,61.01,193.63
274.7,165.024,66.283,415.95,0.0,0.0,0.0,61.01,193.63
274.74,165.011,66.297,416.23,0.0,0.0,0.0,61.0,193.64
274.8,164.993,66.319,416.64,0.0,0.0,0.0,61.0,193.64
274.86,164.974,66.341,417.06,0.0,0.0,0.0,60.99,193.64
274.9,164.961,66.355,417.34,0.0,0.0,0.0,60.99,193.64
274.94,164.949,66.369,417.62,0.0,0.0,0.0,60.98,193.65
275.0,164.93,66.391,418.04,0.0,0.0,0.0,60.98,193.65
275.06,164.911,66.412,418.46,0.0,0.0,0.0,60.97,193.65
275.1,164.899,66.427,418.74,0.0,0.0,0.0,60.97,193.65
275.14,164.886,66.441,419.02,0.0,0.0,0.0,60.96,193.66
275.2,164.868,66.463,419.43,0.0,0.0,0.0,60.96,193.66
275.26,164.849,66.484,419.85,0.0,0.0,0.0,60.95,193.66
275.3,164.836,66.499,420.14,0.0,0.0,0.0,60.95,193.66
275.36,164.817,66.52,420.56,0.0,0.0,0.0,60.94,193.67
275.4,164.804,66.534,420.84,0.0,0.0,0.0,60.94,193.67
275.46,164.785,66.556,421.26,0.0,0.0,0.0,60.93,193.67
275.5,164.773,66.57,421.54,0.0,0.0,0.0,60.93,193.67
275.56,164.754,66.592,421.96,0.0,0.0,0.0,60.92,193.67
275.6,164.741,66.606,422.24,0.0,0.0,0.0,60.92,193.68
275.66,164.722,66.628,422.66,0.0,0.0,0.0,60.91,193.68
275.7,164.709,66.642,422.95,0.0,0.0,0.0,60.91,193.68
275.74,164.696,66.657,423.23,0.0,0.0,0.0,60.91,193.68
275.76,164.69,66.664,423.37,0.0,0.0,0.0,60.9,193.68
275.82,164.671,66.685,423.79,0.0,0.0,0.0,60.9,193.69
275.88,164.652,66.707,424.21,0.0,0.0,0.0,60.89,193.69
275.92,164.639,66.721,424.5,0.0,0.0,0.0,60.89,193.69
275.98,164.619,66.743,424.92,0.0,0.0,0.0,60.88,193.69
276.02,164.607,66.757,425.2,0.0,0.0,0.0,60.88,193.7
276.08,164.587,66.779,425.63,0.0,0.0,0.0,60.87,193.7
276.12,164.574,66.793,425.91,0.0,0.0,0.0,60.87,193.7
276.18,164.555,66.815,426.34,0.0,0.0,0.0,60.86,193.7
276.22,164.542,66.829,426.62,0.0,0.0,0.0,60.86,193.71
276.28,164.522,66.851,427.04,0.0,0.0,0.0,60.85,193.71
276.32,164.509,66.865,427.33,0.0,0.0,0.0,60.85,193.71
276.36,164.496,66.879,427.61,0.0,0.0,0.0,60.85,193.71
276.42,164.477,66.901,428.04,0.0,0.0,0.0,60.84,193.71
276.48,164.457,66.923,428.47,0.0,0.0,0.0,60.83,193.72
276.52,164.444,66.937,428.75,0.0,0.0,0.0,60.83,193.72
276.58,164.425,66.959,429.18,0.0,0.0,0.0,60.82,193.72
276.62,164.412,66.973,429.46,0.0,0.0,0.0,60.82,193.72
276.68,164.392,66.994,429.89,0.0,0.0,0.0,60.81,193.73
276.74,164.372,67.016,430.32,0.0,0.0,0.0,60.81,193.73
276.78,164.359,67.03,430.6,0.0,0.0,0.0,60.8,193.73
276.82,164.346,67.045,430.89,0.0,0.0,0.0,60.8,193.73
276.88,164.326,67.066,431.32,0.0,0.0,0.0,60.79,193.74
276.92,164.313,67.081,431.6,0.0,0.0,0.0,60.79,193.74
276.98,164.293,67.102,432.03,0.0,0.0,0.0,60.78,193.74
277.04,164.273,67.124,432.46,0.0,0.0,0.0,60.78,193.74
277.08,164.26,67.138,432.75,0.0,0.0,0.0,60.77,193.74
277.14,164.24,67.16,433.18,0.0,0.0,0.0,60.77,193.75
277.18,164.227,67.174,433.46,0.0,0.0,0.0,60.76,193.75
277.24,164.207,67.196,433.89,0.0,0.0,0.0,60.76,193.75
277.28,164.193,67.21,434.18,0.0,0.0,0.0,60.76,193.75
277.32,164.18,67.225,434.47,0.0,0.0,0.0,60.75,193.76
277.38,164.16,67.246,434.9,0.0,0.0,0.0,60.75,193.76
277.42,164.146,67.263,435.19,0.0,0.0,0.0,60.74,193.76
277.46,164.133,67.277,435.47,0.0,0.0,0.0,60.74,193.76
277.54,164.106,67.304,436.05,0.0,0.0,0.0,60.73,193.77
277.58,164.093,67.318,436.34,0.0,0.0,0.0,60.73,193.77
277.62,164.079,67.333,436.63,0.0,0.0,0.0,60.72,193.77
277.68,164.059,67.354,437.06,0.0,0.0,0.0,60.72,193.77
277.72,164.045,67.369,437.35,0.0,0.0,0.0,60.71,193.77
277.78,164.025,67.39,437.78,0.0,0.0,0.0,60.71,193.78
277.84,164.005,67.412,438.21,0.0,0.0,0.0,60.7,193.78
277.88,163.991,67.426,438.5,0.0,0.0,0.0,60.7,193.78
277.94,163.971,67.448,438.94,0.0,0.0,0.0,60.69,193.78
278.0,163.95,67.469,439.37,0.0,0.0,0.0,60.68,193.79
278.04,163.937,67.484,439.66,0.0,0.0,0.0,60.68,193.79
278.08,163.923,67.498,439.95,0.0,0.0,0.0,60.68,193.79
278.14,163.903,67.52,440.38,0.0,0.0,0.0,60.67,193.79
278.2,163.882,67.541,440.82,0.0,0.0,0.0,60.66,193.8
278.24,163.868,67.556,441.11,0.0,0.0,0.0,60.66,193.8
278.28,163.855,67.57,441.4,0.0,0.0,0.0,60.66,193.8
278.34,163.834,67.592,441.83,0.0,0.0,0.0,60.65,193.8
278.4,163.814,67.613,442.27,0.0,0.0,0.0,60.65,193.81
278.44,163.8,67.628,442.56,0.0,0.0,0.0,60.64,193.81
278.48,163.786,67.642,442.85,0.0,0.0,0.0,60.64,193.81
278.54,163.765,67.664,443.29,0.0,0.0,0.0,60.63,193.81
278.6,163.744,67.685,443.72,0.0,0.0,0.0,60.63,193.81
278.64,163.731,67.7,444.02,0.0,0.0,0.0,60.62,193.82
278.66,163.724,67.707,444.16,0.0,0.0,0.0,60.62,193.82
278.72,163.703,67.729,444.6,0.0,0.0,0.0,60.61,193.82
278.78,163.682,67.75,445.04,0.0,0.0,0.0,60.61,193.82
278.82,163.668,67.765,445.33,0.0,0.0,0.0,60.6,193.82
278.88,163.647,67.786,445.77,0.0,0.0,0.0,60.6,193.83
278.94,163.626,67.808,446.21,0.0,0.0,0.0,60.59,193.83
278.98,163.612,67.822,446.5,0.0,0.0,0.0,60.59,193.83
279.04,163.591,67.844,446.94,0.0,0.0,0.0,60.58,193.83
279.08,163.577,67.858,447.23,0.0,0.0,0.0,60.58,193.84
279.14,163.556,67.88,447.67,0.0,0.0,0.0,60.57,193.84
279.18,163.542,67.894,447.96,0.0,0.0,0.0,60.57,193.84
279.22,163.528,67.909,448.25,0.0,0.0,0.0,60.57,193.84
279.28,163.507,67.93,448.69,0.0,0.0,0.0,60.56,193.85
279.32,163.493,67.945,448.99,0.0,0.0,0.0,60.56,193.85
279.38,163.472,67.966,449.43,0.0,0.0,0.0,60.55,193.85
279.44,163.45,67.988,449.87,0.0,0.0,0.0,60.54,193.85
279.48,163.436,68.002,450.16,0.0,0.0,0.0,60.54,193.85
279.54,163.415,68.024,450.6,0.0,0.0,0.0,60.53,193.86
279.58,163.401,68.038,450.9,0.0,0.0,0.0,60.53,193.86
279.62,163.387,68.053,451.19,0.0,0.0,0.0,60.53,193.86
279.68,163.365,68.074,451.63,0.0,0.0,0.0,60.52,193.86
279.72,163.351,68.089,451.93,0.0,0.0,0.0,60.52,193.87
279.78,163.33,68.11,452.37,0.0,0.0,0.0,60.51,193.87
279.82,163.315,68.125,452.67,0.0,0.0,0.0,60.51,193.87
279.88,163.294,68.146,453.11,0.0,0.0,0.0,60.5,193.87
279.94,163.272,68.168,453.55,0.0,0.0,0.0,60.49,193.88
279.98,163.258,68.182,453.85,0.0,0.0,0.0,60.49,193.88
280.04,163.236,68.204,454.29,0.0,0.0,0.0,60.48,193.88
280.08,163.222,68.218,454.58,0.0,0.0,0.0,60.48,193.88
280.14,163.2,68.24,455.03,0.0,0.0,0.0,60.47,193.88
280.18,163.186,68.254,455.32,0.0,0.0,0.0,60.47,193.89
280.24,163.164,68.276,455.77,0.0,0.0,0.0,60.47,193.89
280.28,163.15,68.291,456.06,0.0,0.0,0.0,60.46,193.89
280.34,163.128,68.312,456.51,0.0,0.0,0.0,60.46,193.89
280.38,163.114,68.327,456.81,0.0,0.0,0.0,60.45,193.9
280.42,163.099,68.341,457.1,0.0,0.0,0.0,60.45,193.9
280.48,163.077,68.363,457.55,0.0,0.0,0.0,60.44,193.9
280.54,163.055,68.384,457.99,0.0,0.0,0.0,60.44,193.9
280.58,163.041,68.399,458.29,0.0,0.0,0.0,60.43,193.9
280.64,163.019,68.42,458.74,0.0,0.0,0.0,60.43,193.91
280.68,163.004,68.435,459.03,0.0,0.0,0.0,60.42,193.91
280.74,162.982,68.456,459.48,0.0,0.0,0.0,60.42,193.91
280.8,162.96,68.478,459.93,0.0,0.0,0.0,60.41,193.91
280.84,162.946,68.492,460.22,0.0,0.0,0.0,60.41,193.92
280.9,162.924,68.514,460.67,0.0,0.0,0.0,60.4,193.92
280.94,162.909,68.528,460.97,0.0,0.0,0.0,60.4,193.92
281.0,162.887,68.55,461.42,0.0,0.0,0.0,60.39,193.92
281.04,162.872,68.565,461.71,0.0,0.0,0.0,60.39,193.92
281.1,162.85,68.586,462.16,0.0,0.0,0.0,60.38,193.93
281.12,162.843,68.593,462.31,0.0,0.0,0.0,60.38,193.93
281.2,162.813,68.622,462.91,0.0,0.0,0.0,60.37,193.93
281.24,162.798,68.637,463.21,0.0,0.0,0.0,60.37,193.93
281.3,162.776,68.658,463.66,0.0,0.0,0.0,60.36,193.94
281.34,162.761,68.673,463.95,0.0,0.0,0.0,60.36,193.94
281.4,162.739,68.694,464.4,0.0,0.0,0.0,60.35,193.94
281.44,162.724,68.709,464.7,0.0,0.0,0.0,60.35,193.94
281.5,162.702,68.73,465.15,0.0,0.0,0.0,60.34,193.95
281.54,162.687,68.745,465.45,0.0,0.0,0.0,60.34,193.95
281.6,162.664,68.767,465.9,0.0,0.0,0.0,60.33,193.95
281.64,162.649,68.781,466.2,0.0,0.0,0.0,60.33,193.95
281.7,162.627,68.803,466.65,0.0,0.0,0.0,60.32,193.95
281.74,162.612,68.817,466.95,0.0,0.0,0.0,60.32,193.96
281.8,162.589,68.839,467.4,0.0,0.0,0.0,60.31,193.96
281.86,162.567,68.86,467.85,0.0,0.0,0.0,60.31,193.96
281.9,162.552,68.875,468.15,0.0,0.0,0.0,60.3,193.96
281.96,162.529,68.896,468.6,0.0,0.0,0.0,60.3,193.97
282.0,162.514,68.911,468.91,0.0,0.0,0.0,60.29,193.97
282.06,162.491,68.933,469.36,0.0,0.0,0.0,60.29,193.97
282.08,162.484,68.94,469.51,0.0,0.0,0.0,60.28,193.97
282.14,162.461,68.961,469.96,0.0,0.0,0.0,60.28,193.97
282.2,162.438,68.983,470.41,0.0,0.0,0.0,60.27,193.98
282.24,162.423,68.997,470.71,0.0,0.0,0.0,60.27,193.98
282.3,162.4,69.019,471.17,0.0,0.0,0.0,60.26,193.98
282.36,162.377,69.041,471.62,0.0,0.0,0.0,60.26,193.98
282.4,162.362,69.055,471.92,0.0,0.0,0.0,60.25,193.99
282.46,162.339,69.077,472.37,0.0,0.0,0.0,60.25,193.99
282.5,162.324,69.091,472.68,0.0,0.0,0.0,60.24,193.99
282.54,162.308,69.106,472.98,0.0,0.0,0.0,60.24,193.99
282.56,162.293,69.12,473.28,0.0,0.0,0.0,60.24,193.99
282.6,162.285,69.127,473.43,0.0,0.0,0.0,60.23,193.99
282.62,162.278,69.135,473.58,0.0,0.0,0.0,60.23,194.0
282.68,162.255,69.156,474.04,0.0,0.0,0.0,60.23,194.0
282.74,162.232,69.178,474.49,0.0,0.0,0.0,60.22,194.0
282.8,162.209,69.2,474.95,0.0,0.0,0.0,60.21,194.0
282.84,162.193,69.214,475.25,0.0,0.0,0.0,60.21,194.01
282.9,162.17,69.236,475.7,0.0,0.0,0.0,60.2,194.01
282.94,162.155,69.25,476.01,0.0,0.0,0.0,60.2,194.01
283.0,162.131,69.272,476.46,0.0,0.0,0.0,60.19,194.01
283.02,162.124,69.279,476.61,0.0,0.0,0.0,60.19,194.01
283.06,162.108,69.294,476.92,0.0,0.0,0.0,60.19,194.02
283.08,162.1,69.301,477.07,0.0,0.0,0.0,60.19,194.02
283.16,162.069,69.33,477.68,0.0,0.0,0.0,60.18,194.02
283.2,162.054,69.344,477.98,0.0,0.0,0.0,60.17,194.02
283.26,162.03,69.366,478.44,0.0,0.0,0.0,60.17,194.02
283.3,162.015,69.38,478.74,0.0,0.0,0.0,60.17,194.03
283.36,161.991,69.402,479.2,0.0,0.0,0.0,60.16,194.03
283.4,161.976,69.416,479.5,0.0,0.0,0.0,60.16,194.03
283.44,161.96,69.431,479.81,0.0,0.0,0.0,60.15,194.03
283.5,161.937,69.452,480.26,0.0,0.0,0.0,60.15,194.03
283.56,161.913,69.474,480.72,0.0,0.0,0.0,60.14,194.04
283.58,161.897,69.489,481.03,0.0,0.0,0.0,60.14,194.04
283.64,161.882,69.503,481.33,0.0,0.0,0.0,60.13,194.04
283.7,161.858,69.525,481.79,0.0,0.0,0.0,60.13,194.04
283.76,161.834,69.546,482.25,0.0,0.0,0.0,60.12,194.05
283.78,161.819,69.561,482.55,0.0,0.0,0.0,60.12,194.05
283.84,161.803,69.575,482.86,0.0,0.0,0.0,60.11,194.05
283.9,161.779,69.597,483.32,0.0,0.0,0.0,60.11,194.05
283.96,161.755,69.619,483.77,0.0,0.0,0.0,60.1,194.06
283.98,161.74,69.633,484.08,0.0,0.0,0.0,60.1,194.06
284.06,161.716,69.655,484.54,0.0,0.0,0.0,60.09,194.06
284.08,161.7,69.669,484.84,0.0,0.0,0.0,60.09,194.06
284.16,161.676,69.691,485.3,0.0,0.0,0.0,60.08,194.06
284.2,161.66,69.705,485.61,0.0,0.0,0.0,60.08,194.07
284.26,161.636,69.727,486.07,0.0,0.0,0.0,60.07,194.07
284.3,161.62,69.742,486.38,0.0,0.0,0.0,60.07,194.07
284.36,161.596,69.763,486.84,0.0,0.0,0.0,60.06,194.07
284.4,161.58,69.778,487.14,0.0,0.0,0.0,60.06,194.07
284.46,161.556,69.799,487.6,0.0,0.0,0.0,60.05,194.08
284.52,161.532,69.828,488.06,0.0,0.0,0.0,60.04,194.08
284.54,161.516,69.843,488.37,0.0,0.0,0.0,60.04,194.08
284.62,161.492,69.857,488.83,0.0,0.0,0.0,60.04,194.08
284.66,161.476,69.872,489.14,0.0,0.0,0.0,60.03,194.09
284.72,161.452,69.893,489.6,0.0,0.0,0.0,60.03,194.09
284.78,161.428,69.915,490.06,0.0,0.0,0.0,60.02,194.09
284.82,161.411,69.93,490.37,0.0,0.0,0.0,60.02,194.09
284.88,161.387,69.951,490.83,0.0,0.0,0.0,60.01,194.1
284.92,161.371,69.966,491.14,0.0,0.0,0.0,60.01,194.1
284.98,161.347,69.987,491.6,0.0,0.0,0.0,60.0,194.1
285.02,161.33,70.002,491.91,0.0,0.0,0.0,60.0,194.1
285.06,161.314,70.016,492.22,0.0,0.0,0.0,59.99,194.1
285.12,161.29,70.038,492.68,0.0,0.0,0.0,59.99,194.11
285.18,161.265,70.06,493.15,0.0,0.0,0.0,59.98,194.11
285.22,161.249,70.074,493.45,0.0,0.0,0.0,59.98,194.11
285.28,161.224,70.096,493.92,0.0,0.0,0.0,59.97,194.11
285.32,161.208,70.11,494.23,0.0,0.0,0.0,59.97,194.12
285.38,161.184,70.132,494.69,0.0,0.0,0.0,59.96,194.12
285.42,161.167,70.146,495.0,0.0,0.0,0.0,59.96,194.12
285.48,161.143,70.168,495.46,0.0,0.0,0.0,59.95,194.12
285.52,161.126,70.183,495.77,0.0,0.0,0.0,59.95,194.12
285.58,161.102,70.204,496.24,0.0,0.0,0.0,59.94,194.13
285.64,161.077,70.226,496.7,0.0,0.0,0.0,59.94,194.13
285.68,161.06,70.241,497.01,0.0,0.0,0.0,59.93,194.13
285.72,161.044,70.255,497.32,0.0,0.0,0.0,59.93,194.13
285.78,161.019,70.277,497.79,0.0,0.0,0.0,59.92,194.14
285.82,161.003,70.291,498.1,0.0,0.0,0.0,59.92,194.14
285.88,160.978,70.313,498.56,0.0,0.0,0.0,59.91,194.14
285.92,160.961,70.327,498.87,0.0,0.0,0.0,59.91,194.14
285.98,160.936,70.349,499.34,0.0,0.0,0.0,59.9,194.14
286.04,160.911,70.371,499.8,0.0,0.0,0.0,59.9,194.15
286.08,160.895,70.385,500.11,0.0,0.0,0.0,59.89,194.15
286.12,160.878,70.4,500.42,0.0,0.0,0.0,59.89,194.15
286.18,160.853,70.421,500.89,0.0,0.0,0.0,59.88,194.15
286.24,160.828,70.443,501.36,0.0,0.0,0.0,59.88,194.16
286.28,160.811,70.458,501.67,0.0,0.0,0.0,59.87,194.16
286.32,160.795,70.472,501.98,0.0,0.0,0.0,59.87,194.16
286.38,160.77,70.494,502.45,0.0,0.0,0.0,59.86,194.16
286.44,160.745,70.516,502.91,0.0,0.0,0.0,59.86,194.16
286.48,160.728,70.53,503.22,0.0,0.0,0.0,59.85,194.17
286.52,160.711,70.545,503.54,0.0,0.0,0.0,59.85,194.17
286.58,160.686,70.566,504.0,0.0,0.0,0.0,59.84,194.17
286.64,160.661,70.588,504.47,0.0,0.0,0.0,59.84,194.17
286.68,160.644,70.602,504.78,0.0,0.0,0.0,59.83,194.17
286.72,160.627,70.617,505.1,0.0,0.0,0.0,59.83,194.18
286.78,160.601,70.639,505.56,0.0,0.0,0.0,59.82,194.18
286.84,160.576,70.66,506.03,0.0,0.0,0.0,59.82,194.18
286.88,160.559,70.675,506.34,0.0,0.0,0.0,59.81,194.18
286.94,160.534,70.697,506.81,0.0,0.0,0.0,59.81,194.19
286.98,160.517,70.711,507.13,0.0,0.0,0.0,59.8,194.19
287.04,160.491,70.733,507.59,0.0,0.0,0.0,59.8,194.19
287.08,160.474,70.747,507.91,0.0,0.0,0.0,59.79,194.19
287.14,160.449,70.769,508.38,0.0,0.0,0.0,59.79,194.19
287.18,160.432,70.783,508.69,0.0,0.0,0.0,59.78,194.2
287.24,160.406,70.805,509.16,0.0,0.0,0.0,59.78,194.2
287.28,160.389,70.82,509.47,0.0,0.0,0.0,59.77,194.2
287.34,160.364,70.841,509.94,0.0,0.0,0.0,59.77,194.2
287.38,160.346,70.856,510.26,0.0,0.0,0.0,59.77,194.21
287.44,160.321,70.878,510.73,0.0,0.0,0.0,59.76,194.21
287.48,160.304,70.892,511.04,0.0,0.0,0.0,59.76,194.21
287.54,160.278,70.914,511.51,0.0,0.0,0.0,59.75,194.21
287.58,160.261,70.928,511.82,0.0,0.0,0.0,59.75,194.21
287.64,160.235,70.95,512.29,0.0,0.0,0.0,59.74,194.22
287.68,160.218,70.965,512.61,0.0,0.0,0.0,59.74,194.22
287.74,160.192,70.986,513.08,0.0,0.0,0.0,59.73,194.22
287.8,160.166,71.008,513.55,0.0,0.0,0.0,59.72,194.22
287.84,160.149,71.022,513.86,0.0,0.0,0.0,59.72,194.23
287.88,160.131,71.037,514.18,0.0,0.0,0.0,59.72,194.23
287.94,160.105,71.059,514.65,0.0,0.0,0.0,59.71,194.23
288.0,160.079,71.08,515.12,0.0,0.0,0.0,59.7,194.23
288.04,160.062,71.095,515.44,0.0,0.0,0.0,59.7,194.23
288.1,160.036,71.117,515.91,0.0,0.0,0.0,59.69,194.24
288.14,160.018,71.131,516.22,0.0,0.0,0.0,59.69,194.24
288.2,159.992,71.153,516.7,0.0,0.0,0.0,59.68,194.24
288.24,159.975,71.167,517.01,0.0,0.0,0.0,59.68,194.24
288.3,159.949,71.189,517.48,0.0,0.0,0.0,59.67,194.25
288.34,159.931,71.204,517.8,0.0,0.0,0.0,59.67,194.25
288.4,159.905,71.225,518.27,0.0,0.0,0.0,59.66,194.25
288.44,159.888,71.24,518.59,0.0,0.0,0.0,59.66,194.25
288.5,159.861,71.262,519.06,0.0,0.0,0.0,59.66,194.25
288.54,159.844,71.276,519.38,0.0,0.0,0.0,59.65,194.26
288.58,159.826,71.291,519.69,0.0,0.0,0.0,59.65,194.26
288.64,159.8,71.312,520.17,0.0,0.0,0.0,59.64,194.26
288.7,159.773,71.334,520.64,0.0,0.0,0.0,59.64,194.26
288.74,159.756,71.349,520.96,0.0,0.0,0.0,59.63,194.26
288.8,159.729,71.37,521.43,0.0,0.0,0.0,59.63,194.27
288.84,159.712,71.385,521.75,0.0,0.0,0.0,59.62,194.27
288.9,159.685,71.407,522.22,0.0,0.0,0.0,59.62,194.27
288.94,159.667,71.421,522.54,0.0,0.0,0.0,59.61,194.27
289.0,159.641,71.443,523.01,0.0,0.0,0.0,59.61,194.28
289.04,159.623,71.457,523.33,0.0,0.0,0.0,59.6,194.28
289.1,159.597,71.479,523.81,0.0,0.0,0.0,59.6,194.28
289.16,159.57,71.501,524.28,0.0,0.0,0.0,59.59,194.28
289.2,159.552,71.515,524.6,0.0,0.0,0.0,59.59,194.28
289.24,159.534,71.53,524.91,0.0,0.0,0.0,59.58,194.29
289.3,159.508,71.552,525.39,0.0,0.0,0.0,59.58,194.29
289.36,159.481,71.573,525.87,0.0,0.0,0.0,59.57,194.29
289.4,159.463,71.588,526.18,0.0,0.0,0.0,59.57,194.29
289.44,159.445,71.602,526.5,0.0,0.0,0.0,59.56,194.29
289.5,159.418,71.624,526.98,0.0,0.0,0.0,59.56,194.3
289.56,159.391,71.646,527.45,0.0,0.0,0.0,59.55,194.3
289.6,159.373,71.66,527.77,0.0,0.0,0.0,59.55,194.3
289.64,159.355,71.675,528.09,0.0,0.0,0.0,59.54,194.3
289.7,159.329,71.697,528.57,0.0,0.0,0.0,59.54,194.31
289.76,159.302,71.718,529.04,0.0,0.0,0.0,59.53,194.31
289.8,159.284,71.733,529.36,0.0,0.0,0.0,59.53,194.31
289.84,159.265,71.747,529.68,0.0,0.0,0.0,59.52,194.31
289.9,159.238,71.769,530.16,0.0,0.0,0.0,59.52,194.31
289.96,159.211,71.791,530.63,0.0,0.0,0.0,59.51,194.32
290.0,159.193,71.806,530.95,0.0,0.0,0.0,59.51,194.32
290.06,159.166,71.827,531.43,0.0,0.0,0.0,59.5,194.32
290.1,159.148,71.842,531.75,0.0,0.0,0.0,59.5,194.32
290.16,159.121,71.864,532.23,0.0,0.0,0.0,59.49,194.33
290.2,159.103,71.878,532.55,0.0,0.0,0.0,59.49,194.33
290.26,159.075,71.9,533.02,0.0,0.0,0.0,59.48,194.33
290.3,159.057,71.914,533.34,0.0,0.0,0.0,59.48,194.33
290.36,159.03,71.936,533.82,0.0,0.0,0.0,59.47,194.33
290.4,159.012,71.951,534.14,0.0,0.0,0.0,59.47,194.34
290.46,158.984,71.972,534.62,0.0,0.0,0.0,59.46,194.34
290.52,158.957,71.994,535.1,0.0,0.0,0.0,59.46,194.34
290.56,158.938,72.009,535.42,0.0,0.0,0.0,59.45,194.34
290.6,158.92,72.023,535.74,0.0,0.0,0.0,59.45,194.34
290.66,158.893,72.045,536.22,0.0,0.0,0.0,59.44,194.35
290.72,158.865,72.067,536.7,0.0,0.0,0.0,59.44,194.35
290.76,158.847,72.081,537.02,0.0,0.0,0.0,59.43,194.35
290.8,158.828,72.096,537.34,0.0,0.0,0.0,59.43,194.35
290.86,158.801,72.118,537.82,0.0,0.0,0.0,59.42,194.36
290.92,158.773,72.139,538.3,0.0,0.0,0.0,59.42,194.36
290.96,158.755,72.154,538.62,0.0,0.0,0.0,59.41,194.36
291.0,158.736,72.168,538.94,0.0,0.0,0.0,59.41,194.36
291.06,158.709,72.19,539.42,0.0,0.0,0.0,59.4,194.36
291.1,158.69,72.205,539.74,0.0,0.0,0.0,59.4,194.37
291.16,158.662,72.226,540.22,0.0,0.0,0.0,59.39,194.37
291.22,158.634,72.248,540.7,0.0,0.0,0.0,59.39,194.37
291.26,158.616,72.263,541.02,0.0,0.0,0.0,59.38,194.37
291.32,158.588,72.285,541.5,0.0,0.0,0.0,59.38,194.37
291.36,158.569,72.299,541.82,0.0,0.0,0.0,59.37,194.38
291.42,158.541,72.321,542.3,0.0,0.0,0.0,59.37,194.38
291.46,158.523,72.335,542.62,0.0,0.0,0.0,59.36,194.38
291.5,158.504,72.35,542.95,0.0,0.0,0.0,59.36,194.38
291.56,158.476,72.372,543.43,0.0,0.0,0.0,59.35,194.39
291.62,158.448,72.394,543.91,0.0,0.0,0.0,59.35,194.39
291.66,158.429,72.408,544.23,0.0,0.0,0.0,59.35,194.39
291.7,158.411,72.423,544.55,0.0,0.0,0.0,59.34,194.39
291.76,158.383,72.444,545.03,0.0,0.0,0.0,59.34,194.39
291.78,158.364,72.459,545.36,0.0,0.0,0.0,59.33,194.4
291.86,158.336,72.481,545.84,0.0,0.0,0.0,59.33,194.4
291.92,158.308,72.502,546.32,0.0,0.0,0.0,59.32,194.4
291.96,158.289,72.517,546.64,0.0,0.0,0.0,59.32,194.4
292.02,158.26,72.539,547.13,0.0,0.0,0.0,59.31,194.4
292.06,158.242,72.553,547.45,0.0,0.0,0.0,59.31,194.41
292.12,158.213,72.575,547.93,0.0,0.0,0.0,59.3,194.41
292.16,158.194,72.59,548.25,0.0,0.0,0.0,59.3,194.41
292.2,158.175,72.604,548.58,0.0,0.0,0.0,59.29,194.41
292.26,158.147,72.626,549.06,0.0,0.0,0.0,59.29,194.41
292.3,158.128,72.64,549.38,0.0,0.0,0.0,59.28,194.42
292.36,158.1,72.662,549.87,0.0,0.0,0.0,59.28,194.42
292.42,158.071,72.684,550.35,0.0,0.0,0.0,59.27,194.42
292.46,158.052,72.699,550.67,0.0,0.0,0.0,59.27,194.42
292.52,158.024,72.72,551.16,0.0,0.0,0.0,59.26,194.43
292.58,157.995,72.742,551.64,0.0,0.0,0.0,59.25,194.43
292.62,157.976,72.757,551.96,0.0,0.0,0.0,59.25,194.43
292.66,157.957,72.771,552.29,0.0,0.0,0.0,59.25,194.43
292.7,157.938,72.786,552.61,0.0,0.0,0.0,59.24,194.43
292.76,157.909,72.808,553.09,0.0,0.0,0.0,59.24,194.44
292.8,157.89,72.822,553.42,0.0,0.0,0.0,59.23,194.44
292.84,157.861,72.844,553.9,0.0,0.0,0.0,59.23,194.44
292.92,157.833,72.866,554.39,0.0,0.0,0.0,59.22,194.44
292.96,157.813,72.88,554.71,0.0,0.0,0.0,59.22,194.44
293.02,157.785,72.902,555.2,0.0,0.0,0.0,59.21,194.45
293.06,157.765,72.917,555.52,0.0,0.0,0.0,59.21,194.45
293.12,157.737,72.938,556.01,0.0,0.0,0.0,59.2,194.45
293.18,157.708,72.96,556.49,0.0,0.0,0.0,59.2,194.45
293.22,157.688,72.975,556.82,0.0,0.0,0.0,59.19,194.46
293.28,157.659,72.997,557.3,0.0,0.0,0.0,59.19,194.46
293.32,157.64,73.011,557.63,0.0,0.0,0.0,59.18,194.46
293.36,157.621,73.026,557.95,0.0,0.0,0.0,59.18,194.46
293.42,157.592,73.048,558.44,0.0,0.0,0.0,59.17,194.46
293.48,157.563,73.069,558.92,0.0,0.0,0.0,59.17,194.47
293.52,157.543,73.084,559.25,0.0,0.0,0.0,59.16,194.47
293.58,157.514,73.106,559.73,0.0,0.0,0.0,59.16,194.47
293.62,157.495,73.12,560.06,0.0,0.0,0.0,59.15,194.47
293.66,157.475,73.135,560.38,0.0,0.0,0.0,59.15,194.47
293.72,157.446,73.157,560.87,0.0,0.0,0.0,59.14,194.48
293.78,157.417,73.178,561.36,0.0,0.0,0.0,59.14,194.48
293.82,157.397,73.193,561.68,0.0,0.0,0.0,59.13,194.48
293.88,157.368,73.215,562.17,0.0,0.0,0.0,59.13,194.48
293.92,157.348,73.229,562.5,0.0,0.0,0.0,59.12,194.49
293.98,157.319,73.251,562.98,0.0,0.0,0.0,59.12,194.49
294.02,157.299,73.266,563.31,0.0,0.0,0.0,59.11,194.49
294.08,157.27,73.287,563.8,0.0,0.0,0.0,59.11,194.49
294.12,157.25,73.302,564.12,0.0,0.0,0.0,59.1,194.49
294.18,157.221,73.324,564.61,0.0,0.0,0.0,59.1,194.5
294.22,157.201,73.338,564.94,0.0,0.0,0.0,59.09,194.5
294.28,157.172,73.36,565.42,0.0,0.0,0.0,59.09,194.5
294.32,157.152,73.375,565.75,0.0,0.0,0.0,59.08,194.5
294.38,157.122,73.397,566.24,0.0,0.0,0.0,59.08,194.5
294.42,157.103,73.411,566.56,0.0,0.0,0.0,59.07,194.51
294.48,157.073,73.433,567.05,0.0,0.0,0.0,59.07,194.51
294.54,157.043,73.462,567.54,0.0,0.0,0.0,59.06,194.51
294.6,157.014,73.484,568.03,0.0,0.0,0.0,59.05,194.51
294.66,156.984,73.513,568.52,0.0,0.0,0.0,59.05,194.52
294.7,156.954,73.528,569.17,0.0,0.0,0.0,59.04,194.52
294.78,156.924,73.542,569.5,0.0,0.0,0.0,59.04,194.52
294.82,156.905,73.557,569.82,0.0,0.0,0.0,59.03,194.52
294.86,156.885,73.571,570.15,0.0,0.0,0.0,59.03,194.52
294.9,156.865,73.586,570.48,0.0,0.0,0.0,59.03,194.53
294.98,156.825,73.615,571.13,0.0,0.0,0.0,59.02,194.53
295.02,156.805,73.629,571.46,0.0,0.0,0.0,59.02,194.53
295.08,156.775,73.651,571.95,0.0,0.0,0.0,59.01,194.53
295.12,156.755,73.666,572.27,0.0,0.0,0.0,59.01,194.54
295.18,156.725,73.688,572.77,0.0,0.0,0.0,59.0,194.54
295.22,156.705,73.702,573.09,0.0,0.0,0.0,59.0,194.54
295.26,156.685,73.717,573.42,0.0,0.0,0.0,58.99,194.54
295.32,156.655,73.739,573.91,0.0,0.0,0.0,58.99,194.54
295.36,156.635,73.753,574.24,0.0,0.0,0.0,58.98,194.55
295.42,156.604,73.775,574.73,0.0,0.0,0.0,58.98,194.55
295.46,156.584,73.79,575.06,0.0,0.0,0.0,58.97,194.55
295.52,156.554,73.811,575.55,0.0,0.0,0.0,58.97,194.55
295.58,156.524,73.833,576.04,0.0,0.0,0.0,58.96,194.55
295.62,156.504,73.848,576.37,0.0,0.0,0.0,58.96,194.56
295.68,156.473,73.87,576.86,0.0,0.0,0.0,58.95,194.56
295.72,156.453,73.884,577.18,0.0,0.0,0.0,58.95,194.56
295.78,156.423,73.906,577.68,0.0,0.0,0.0,58.94,194.56
295.84,156.392,73.928,578.17,0.0,0.0,0.0,58.93,194.57
295.88,156.372,73.942,578.5,0.0,0.0,0.0,58.93,194.57
295.92,156.352,73.957,578.82,0.0,0.0,0.0,58.93,194.57
295.98,156.321,73.979,579.32,0.0,0.0,0.0,58.92,194.57
296.02,156.301,73.993,579.64,0.0,0.0,0.0,58.92,194.57
296.08,156.271,74.015,580.14,0.0,0.0,0.0,58.91,194.58
296.14,156.24,74.037,580.63,0.0,0.0,0.0,58.91,194.58
296.18,156.22,74.052,580.96,0.0,0.0,0.0,58.9,194.58
296.22,156.199,74.066,581.29,0.0,0.0,0.0,58.9,194.58
296.26,156.179,74.081,581.61,0.0,0.0,0.0,58.89,194.58
296.32,156.148,74.103,582.11,0.0,0.0,0.0,58.89,194.59
296.38,156.117,74.125,582.6,0.0,0.0,0.0,58.88,194.59
296.42,156.097,74.139,582.93,0.0,0.0,0.0,58.88,194.59
296.48,156.066,74.161,583.42,0.0,0.0,0.0,58.87,194.59
296.52,156.046,74.176,583.75,0.0,0.0,0.0,58.87,194.59
296.58,156.015,74.197,584.24,0.0,0.0,0.0,58.86,194.6
296.62,155.994,74.212,584.57,0.0,0.0,0.0,58.86,194.6
296.68,155.963,74.234,585.07,0.0,0.0,0.0,58.85,194.6
296.74,155.933,74.256,585.56,0.0,0.0,0.0,58.85,194.6
296.78,155.912,74.27,585.89,0.0,0.0,0.0,58.84,194.6
296.84,155.881,74.292,586.38,0.0,0.0,0.0,58.84,194.61
296.88,155.86,74.307,586.71,0.0,0.0,0.0,58.83,194.61
296.94,155.829,74.329,587.21,0.0,0.0,0.0,58.83,194.61
296.98,155.809,74.343,587.54,0.0,0.0,0.0,58.82,194.61
297.04,155.778,74.365,588.03,0.0,0.0,0.0,58.82,194.62
297.08,155.757,74.38,588.36,0.0,0.0,0.0,58.81,194.62
297.14,155.726,74.401,588.86,0.0,0.0,0.0,58.81,194.62
297.18,155.705,74.416,589.19,0.0,0.0,0.0,58.8,194.62
297.24,155.674,74.438,589.68,0.0,0.0,0.0,58.8,194.62
297.28,155.653,74.452,590.01,0.0,0.0,0.0,58.79,194.63
297.34,155.622,74.474,590.51,0.0,0.0,0.0,58.79,194.63
297.36,155.601,74.489,590.84,0.0,0.0,0.0,58.78,194.63
297.44,155.57,74.511,591.33,0.0,0.0,0.0,58.78,194.63
297.48,155.549,74.525,591.66,0.0,0.0,0.0,58.77,194.63
297.54,155.517,74.547,592.16,0.0,0.0,0.0,58.77,194.64
297.6,155.486,74.569,592.65,0.0,0.0,0.0,58.76,194.64
297.64,155.465,74.584,592.98,0.0,0.0,0.0,58.76,194.64
297.7,155.434,74.605,593.48,0.0,0.0,0.0,58.75,194.64
297.74,155.413,74.62,593.81,0.0,0.0,0.0,58.75,194.64
297.78,155.392,74.635,594.14,0.0,0.0,0.0,58.74,194.65
297.84,155.36,74.657,594.63,0.0,0.0,0.0,58.74,194.65
297.88,155.339,74.671,594.97,0.0,0.0,0.0,58.73,194.65
297.92,155.318,74.686,595.3,0.0,0.0,0.0,58.73,194.65
298.0,155.276,74.715,595.96,0.0,0.0,0.0,58.72,194.65
298.04,155.255,74.729,596.29,0.0,0.0,0.0,58.72,194.66
298.1,155.223,74.751,596.79,0.0,0.0,0.0,58.71,194.66
298.14,155.202,74.766,597.12,0.0,0.0,0.0,58.71,194.66
298.2,155.17,74.788,597.61,0.0,0.0,0.0,58.7,194.66
298.24,155.149,74.802,597.94,0.0,0.0,0.0,58.7,194.66
298.3,155.117,74.824,598.44,0.0,0.0,0.0,58.69,194.67
298.34,155.096,74.839,598.77,0.0,0.0,0.0,58.69,194.67
298.4,155.064,74.861,599.27,0.0,0.0,0.0,58.68,194.67
298.44,155.043,74.875,599.6,0.0,0.0,0.0,58.68,194.67
298.5,155.011,74.897,600.1,0.0,0.0,0.0,58.67,194.68
298.56,154.979,74.919,600.6,0.0,0.0,0.0,58.67,194.68
298.6,154.958,74.934,600.93,0.0,0.0,0.0,58.66,194.68
298.64,154.937,74.948,601.26,0.0,0.0,0.0,58.66,194.68
298.7,154.905,74.97,601.76,0.0,0.0,0.0,58.65,194.68
298.74,154.883,74.985,602.09,0.0,0.0,0.0,58.65,194.69
298.8,154.851,75.007,602.59,0.0,0.0,0.0,58.64,194.69
298.86,154.819,75.028,603.08,0.0,0.0,0.0,58.64,194.69
298.9,154.798,75.043,603.42,0.0,0.0,0.0,58.63,194.69
298.94,154.776,75.058,603.75,0.0,0.0,0.0,58.63,194.69
299.0,154.744,75.079,604.25,0.0,0.0,0.0,58.62,194.7
299.04,154.723,75.094,604.58,0.0,0.0,0.0,58.62,194.7
299.1,154.691,75.116,605.08,0.0,0.0,0.0,58.61,194.7
299.14,154.669,75.131,605.41,0.0,0.0,0.0,58.61,194.7
299.2,154.637,75.152,605.91,0.0,0.0,0.0,58.6,194.7
299.26,154.605,75.174,606.41,0.0,0.0,0.0,58.6,194.71
299.3,154.583,75.189,606.74,0.0,0.0,0.0,58.59,194.71
299.36,154.551,75.211,607.24,0.0,0.0,0.0,58.59,194.71
299.4,154.529,75.225,607.57,0.0,0.0,0.0,58.59,194.71
299.46,154.497,75.247,608.07,0.0,0.0,0.0,58.58,194.71
299.5,154.475,75.262,608.4,0.0,0.0,0.0,58.58,194.72
299.56,154.442,75.284,608.9,0.0,0.0,0.0,58.57,194.72
299.6,154.421,75.298,609.24,0.0,0.0,0.0,58.57,194.72
299.66,154.388,75.32,609.73,0.0,0.0,0.0,58.56,194.72
299.7,154.367,75.335,610.07,0.0,0.0,0.0,58.56,194.72
299.76,154.334,75.357,610.57,0.0,0.0,0.0,58.55,194.73
299.8,154.312,75.371,610.9,0.0,0.0,0.0,58.55,194.73
299.86,154.28,75.393,611.4,0.0,0.0,0.0,58.54,194.73
299.9,154.258,75.408,611.73,0.0,0.0,0.0,58.54,194.73
299.96,154.225,75.43,612.23,0.0,0.0,0.0,58.53,194.74
300.0,154.203,75.444,612.57,0.0,0.0,0.0,58.53,194.74
300.06,154.171,75.466,613.07,0.0,0.0,0.0,58.52,194.74
300.12,154.138,75.488,613.57,0.0,0.0,0.0,58.51,194.74
300.16,154.116,75.503,613.9,0.0,0.0,0.0,58.51,194.74
300.2,154.094,75.517,614.23,0.0,0.0,0.0,58.51,194.75
300.26,154.061,75.539,614.74,0.0,0.0,0.0,58.5,194.75
300.3,154.039,75.554,615.07,0.0,0.0,0.0,58.5,194.75
300.36,154.006,75.576,615.57,0.0,0.0,0.0,58.49,194.75
300.42,153.973,75.598,616.07,0.0,0.0,0.0,58.48,194.75
300.46,153.951,75.612,616.4,0.0,0.0,0.0,58.48,194.76
300.5,153.929,75.627,616.74,0.0,0.0,0.0,58.48,194.76
300.56,153.896,75.649,617.24,0.0,0.0,0.0,58.47,194.76
300.62,153.863,75.671,617.74,0.0,0.0,0.0,58.47,194.76
300.66,153.841,75.685,618.08,0.0,0.0,0.0,58.46,194.76
300.7,153.819,75.7,618.41,0.0,0.0,0.0,58.46,194.77
300.76,153.786,75.722,618.91,0.0,0.0,0.0,58.45,194.77
300.8,153.764,75.736,619.25,0.0,0.0,0.0,58.45,194.77
300.86,153.731,75.758,619.75,0.0,0.0,0.0,58.44,194.77
300.92,153.697,75.78,620.25,0.0,0.0,0.0,58.44,194.77
300.96,153.675,75.795,620.58,0.0,0.0,0.0,58.43,194.78
301.02,153.642,75.817,621.09,0.0,0.0,0.0,58.43,194.78
301.06,153.62,75.831,621.42,0.0,0.0,0.0,58.42,194.78
301.12,153.586,75.853,621.92,0.0,0.0,0.0,58.42,194.78
301.16,153.564,75.868,622.26,0.0,0.0,0.0,58.41,194.78
301.22,153.531,75.89,622.76,0.0,0.0,0.0,58.41,194.79
301.26,153.508,75.904,623.09,0.0,0.0,0.0,58.4,194.79
301.32,153.475,75.926,623.6,0.0,0.0,0.0,58.4,194.79
301.36,153.453,75.941,623.93,0.0,0.0,0.0,58.39,194.79
301.42,153.419,75.963,624.43,0.0,0.0,0.0,58.39,194.79
301.46,153.397,75.977,624.77,0.0,0.0,0.0,58.38,194.8
301.52,153.363,75.999,625.27,0.0,0.0,0.0,58.38,194.8
301.56,153.341,76.014,625.61,0.0,0.0,0.0,58.37,194.8
301.62,153.307,76.036,626.11,0.0,0.0,0.0,58.37,194.8
301.66,153.285,76.051,626.45,0.0,0.0,0.0,58.36,194.8
301.72,153.251,76.072,626.95,0.0,0.0,0.0,58.36,194.81
301.76,153.228,76.087,627.28,0.0,0.0,0.0,58.35,194.81
301.82,153.195,76.109,627.79,0.0,0.0,0.0,58.35,194.81
301.88,153.161,76.131,628.29,0.0,0.0,0.0,58.34,194.81
301.92,153.138,76.146,628.63,0.0,0.0,0.0,58.34,194.81
301.96,153.116,76.16,628.96,0.0,0.0,0.0,58.33,194.82
302.02,153.082,76.182,629.47,0.0,0.0,0.0,58.33,194.82
302.08,153.048,76.204,629.97,0.0,0.0,0.0,58.32,194.82
302.12,153.025,76.219,630.31,0.0,0.0,0.0,58.32,194.82
302.18,152.992,76.241,630.81,0.0,0.0,0.0,58.31,194.83
302.22,152.969,76.255,631.15,0.0,0.0,0.0,58.31,194.83
302.28,152.935,76.277,631.65,0.0,0.0,0.0,58.3,194.83
302.32,152.912,76.292,631.99,0.0,0.0,0.0,58.3,194.83
302.38,152.878,76.314,632.49,0.0,0.0,0.0,58.29,194.83
302.42,152.855,76.328,632.83,0.0,0.0,0.0,58.29,194.84
302.48,152.821,76.35,633.33,0.0,0.0,0.0,58.28,194.84
302.52,152.799,76.365,633.67,0.0,0.0,0.0,58.28,194.84
302.58,152.764,76.387,634.17,0.0,0.0,0.0,58.27,194.84
302.62,152.742,76.401,634.51,0.0,0.0,0.0,58.27,194.84
302.68,152.707,76.423,635.01,0.0,0.0,0.0,58.26,194.85
302.72,152.685,76.438,635.35,0.0,0.0,0.0,58.26,194.85
302.76,152.662,76.453,635.69,0.0,0.0,0.0,58.26,194.85
302.82,152.627,76.474,636.19,0.0,0.0,0.0,58.25,194.85
302.88,152.593,76.496,636.7,0.0,0.0,0.0,58.24,194.85
302.92,152.57,76.511,637.03,0.0,0.0,0.0,58.24,194.86
302.98,152.536,76.533,637.54,0.0,0.0,0.0,58.23,194.86
303.02,152.513,76.548,637.88,0.0,0.0,0.0,58.23,194.86
303.08,152.478,76.57,638.38,0.0,0.0,0.0,58.22,194.86
303.14,152.444,76.591,638.89,0.0,0.0,0.0,58.22,194.86
303.18,152.421,76.606,639.22,0.0,0.0,0.0,58.21,194.87
303.22,152.398,76.621,639.56,0.0,0.0,0.0,58.21,194.87
303.28,152.363,76.643,640.07,0.0,0.0,0.0,58.2,194.87
303.34,152.329,76.665,640.57,0.0,0.0,0.0,58.2,194.87
303.38,152.306,76.679,640.91,0.0,0.0,0.0,58.19,194.87
303.44,152.271,76.701,641.42,0.0,0.0,0.0,58.19,194.88
303.48,152.248,76.716,641.75,0.0,0.0,0.0,58.18,194.88
303.52,152.225,76.73,642.09,0.0,0.0,0.0,58.18,194.88
303.58,152.19,76.752,642.6,0.0,0.0,0.0,58.17,194.88
303.64,152.155,76.774,643.1,0.0,0.0,0.0,58.17,194.88
303.68,152.132,76.789,643.44,0.0,0.0,0.0,58.16,194.89
303.72,152.109,76.804,643.78,0.0,0.0,0.0,58.16,194.89
303.78,152.074,76.825,644.28,0.0,0.0,0.0,58.15,194.89
303.84,152.039,76.847,644.79,0.0,0.0,0.0,58.15,194.89
303.88,152.016,76.862,645.13,0.0,0.0,0.0,58.15,194.89
303.92,151.993,76.877,645.47,0.0,0.0,0.0,58.14,194.9
303.98,151.958,76.899,645.97,0.0,0.0,0.0,58.14,194.9
304.04,151.923,76.921,646.48,0.0,0.0,0.0,58.13,194.9
304.08,151.899,76.935,646.82,0.0,0.0,0.0,58.13,194.9
304.14,151.864,76.957,647.33,0.0,0.0,0.0,58.12,194.9
304.18,151.841,76.972,647.66,0.0,0.0,0.0,58.12,194.91
304.24,151.806,76.994,648.17,0.0,0.0,0.0,58.11,194.91
304.3,151.771,77.016,648.68,0.0,0.0,0.0,58.1,194.91
304.34,151.747,77.03,649.02,0.0,0.0,0.0,58.1,194.91
304.38,151.724,77.045,649.36,0.0,0.0,0.0,58.1,194.91
304.44,151.688,77.067,649.86,0.0,0.0,0.0,58.09,194.92
304.48,151.665,77.082,650.2,0.0,0.0,0.0,58.09,194.92
304.54,151.63,77.104,650.71,0.0,0.0,0.0,58.08,194.92
304.6,151.594,77.126,651.22,0.0,0.0,0.0,58.07,194.92
304.64,151.571,77.14,651.56,0.0,0.0,0.0,58.07,194.92
304.68,151.547,77.155,651.89,0.0,0.0,0.0,58.07,194.93
304.74,151.512,77.177,652.4,0.0,0.0,0.0,58.06,194.93
304.8,151.476,77.199,652.91,0.0,0.0,0.0,58.05,194.93
304.84,151.453,77.213,653.25,0.0,0.0,0.0,58.05,194.93
304.88,151.429,77.228,653.59,0.0,0.0,0.0,58.05,194.93
304.94,151.394,77.25,654.1,0.0,0.0,0.0,58.04,194.94
305.0,151.358,77.272,654.6,0.0,0.0,0.0,58.04,194.94
305.04,151.335,77.287,654.94,0.0,0.0,0.0,58.03,194.94
305.08,151.311,77.301,655.28,0.0,0.0,0.0,58.03,194.94
305.14,151.275,77.323,655.79,0.0,0.0,0.0,58.02,194.94
305.2,151.24,77.345,656.3,0.0,0.0,0.0,58.02,194.95
305.24,151.216,77.36,656.64,0.0,0.0,0.0,58.01,194.95
305.3,151.18,77.382,657.15,0.0,0.0,0.0,58.01,194.95
305.34,151.156,77.396,657.49,0.0,0.0,0.0,58.0,194.95
305.4,151.121,77.418,658.0,0.0,0.0,0.0,58.0,194.95
305.44,151.097,77.433,658.34,0.0,0.0,0.0,57.99,194.96
305.5,151.061,77.455,658.85,0.0,0.0,0.0,57.99,194.96
305.54,151.037,77.47,659.19,0.0,0.0,0.0,57.98,194.96
305.6,151.001,77.492,659.69,0.0,0.0,0.0,57.98,194.96
305.64,150.977,77.506,660.03,0.0,0.0,0.0,57.97,194.96
305.7,150.941,77.528,660.54,0.0,0.0,0.0,57.97,194.97
305.74,150.917,77.543,660.88,0.0,0.0,0.0,57.96,194.97
305.8,150.881,77.565,661.39,0.0,0.0,0.0,57.96,194.97
305.86,150.845,77.587,661.9,0.0,0.0,0.0,57.95,194.97
305.9,150.821,77.601,662.24,0.0,0.0,0.0,57.95,194.97
305.94,150.797,77.616,662.58,0.0,0.0,0.0,57.94,194.98
306.0,150.761,77.638,663.09,0.0,0.0,0.0,57.94,194.98
306.06,150.725,77.66,663.6,0.0,0.0,0.0,57.93,194.98
306.1,150.701,77.675,663.94,0.0,0.0,0.0,57.93,194.98
306.14,150.677,77.689,664.28,0.0,0.0,0.0,57.92,194.98
306.2,150.641,77.711,664.79,0.0,0.0,0.0,57.92,194.99
306.24,150.616,77.726,665.13,0.0,0.0,0.0,57.91,194.99
306.3,150.58,77.748,665.64,0.0,0.0,0.0,57.91,194.99
306.36,150.544,77.77,666.15,0.0,0.0,0.0,57.9,194.99
306.4,150.52,77.785,666.49,0.0,0.0,0.0,57.9,194.99
306.44,150.496,77.799,666.84,0.0,0.0,0.0,57.89,195.0
306.5,150.459,77.821,667.35,0.0,0.0,0.0,57.89,195.0
306.56,150.423,77.843,667.86,0.0,0.0,0.0,57.88,195.0
306.6,150.398,77.858,668.2,0.0,0.0,0.0,57.88,195.0
306.64,150.374,77.873,668.54,0.0,0.0,0.0,57.87,195.0
306.7,150.338,77.894,669.05,0.0,0.0,0.0,57.87,195.01
306.74,150.313,77.909,669.39,0.0,0.0,0.0,57.86,195.01
306.8,150.277,77.931,669.9,0.0,0.0,0.0,57.86,195.01
306.86,150.24,77.953,670.41,0.0,0.0,0.0,57.85,195.01
306.9,150.216,77.968,670.75,0.0,0.0,0.0,57.85,195.01
306.96,150.179,77.99,671.26,0.0,0.0,0.0,57.84,195.02
307.02,150.143,78.012,671.78,0.0,0.0,0.0,57.84,195.02
307.06,150.118,78.026,672.12,0.0,0.0,0.0,57.83,195.02
307.12,150.081,78.048,672.63,0.0,0.0,0.0,57.83,195.02
307.16,150.057,78.063,672.97,0.0,0.0,0.0,57.82,195.02
307.22,150.02,78.085,673.48,0.0,0.0,0.0,57.82,195.03
307.26,149.996,78.1,673.82,0.0,0.0,0.0,57.81,195.03
307.32,149.959,78.122,674.33,0.0,0.0,0.0,57.81,195.03
307.38,149.922,78.144,674.85,0.0,0.0,0.0,57.8,195.03
307.42,149.897,78.158,675.19,0.0,0.0,0.0,57.8,195.03
307.46,149.873,78.173,675.53,0.0,0.0,0.0,57.79,195.04
307.52,149.836,78.195,676.04,0.0,0.0,0.0,57.79,195.04
307.58,149.799,78.217,676.55,0.0,0.0,0.0,57.78,195.04
307.62,149.774,78.232,676.89,0.0,0.0,0.0,57.78,195.04
307.66,149.749,78.246,677.24,0.0,0.0,0.0,57.77,195.04
307.72,149.712,78.268,677.75,0.0,0.0,0.0,57.77,195.05
307.76,149.688,78.283,678.09,0.0,0.0,0.0,57.76,195.05
307.82,149.651,78.305,678.6,0.0,0.0,0.0,57.76,195.05
307.86,149.626,78.32,678.94,0.0,0.0,0.0,57.75,195.05
307.9,149.601,78.334,679.29,0.0,0.0,0.0,57.75,195.05
307.96,149.564,78.356,679.8,0.0,0.0,0.0,57.74,195.06
308.0,149.539,78.371,680.14,0.0,0.0,0.0,57.74,195.06
308.06,149.502,78.393,680.65,0.0,0.0,0.0,57.73,195.06
308.12,149.465,78.415,681.17,0.0,0.0,0.0,57.73,195.06
308.16,149.44,78.43,681.51,0.0,0.0,0.0,57.72,195.06
308.22,149.402,78.452,682.02,0.0,0.0,0.0,57.72,195.07
308.28,149.365,78.474,682.53,0.0,0.0,0.0,57.71,195.07
308.32,149.34,78.488,682.88,0.0,0.0,0.0,57.71,195.07
308.38,149.303,78.51,683.39,0.0,0.0,0.0,57.7,195.07
308.42,149.278,78.525,683.73,0.0,0.0,0.0,57.7,195.07
308.46,149.253,78.54,684.08,0.0,0.0,0.0,57.69,195.08
308.52,149.215,78.562,684.59,0.0,0.0,0.0,57.69,195.08
308.58,149.178,78.584,685.1,0.0,0.0,0.0,57.68,195.08
308.62,149.153,78.598,685.44,0.0,0.0,0.0,57.68,195.08
308.68,149.115,78.62,685.96,0.0,0.0,0.0,57.67,195.08
308.72,149.09,78.635,686.3,0.0,0.0,0.0,57.67,195.09
308.78,149.052,78.657,686.81,0.0,0.0,0.0,57.66,195.09
308.84,149.015,78.679,687.33,0.0,0.0,0.0,57.66,195.09
308.88,148.989,78.694,687.67,0.0,0.0,0.0,57.65,195.09
308.92,148.964,78.708,688.01,0.0,0.0,0.0,57.65,195.09
308.98,148.927,78.73,688.53,0.0,0.0,0.0,57.64,195.1
309.02,148.901,78.745,688.87,0.0,0.0,0.0,57.64,195.1
309.08,148.864,78.767,689.39,0.0,0.0,0.0,57.63,195.1
309.14,148.826,78.789,689.9,0.0,0.0,0.0,57.63,195.1
309.18,148.8,78.804,690.24,0.0,0.0,0.0,57.62,195.1
309.22,148.775,78.818,690.59,0.0,0.0,0.0,57.62,195.1
309.28,148.737,78.84,691.1,0.0,0.0,0.0,57.61,195.11
309.34,148.699,78.863,691.61,0.0,0.0,0.0,57.61,195.11
309.38,148.674,78.877,691.96,0.0,0.0,0.0,57.6,195.11
309.42,148.649,78.892,692.3,0.0,0.0,0.0,57.6,195.11
309.48,148.611,78.914,692.82,0.0,0.0,0.0,57.59,195.12
309.52,148.585,78.929,693.16,0.0,0.0,0.0,57.59,195.12
309.58,148.547,78.951,693.67,0.0,0.0,0.0,57.58,195.12
309.64,148.509,78.973,694.19,0.0,0.0,0.0,57.58,195.12
309.68,148.484,78.987,694.53,0.0,0.0,0.0,57.58,195.12
309.74,148.445,79.009,695.05,0.0,0.0,0.0,57.57,195.13
309.78,148.42,79.024,695.39,0.0,0.0,0.0,57.57,195.13
309.84,148.382,79.046,695.91,0.0,0.0,0.0,57.56,195.13
309.88,148.356,79.061,696.25,0.0,0.0,0.0,57.56,195.13
309.94,148.318,79.083,696.77,0.0,0.0,0.0,57.55,195.13
309.98,148.292,79.097,697.11,0.0,0.0,0.0,57.55,195.13
310.04,148.254,79.119,697.62,0.0,0.0,0.0,57.54,195.14
310.08,148.228,79.134,697.97,0.0,0.0,0.0,57.54,195.14
310.14,148.19,79.156,698.48,0.0,0.0,0.0,57.53,195.14
310.18,148.164,79.171,698.83,0.0,0.0,0.0,57.53,195.14
310.24,148.126,79.193,699.34,0.0,0.0,0.0,57.52,195.14
310.28,148.1,79.208,699.69,0.0,0.0,0.0,57.52,195.15
310.34,148.062,79.23,700.2,0.0,0.0,0.0,57.51,195.15
310.38,148.036,79.244,700.55,0.0,0.0,0.0,57.51,195.15
310.44,147.997,79.266,701.06,0.0,0.0,0.0,57.5,195.15
310.48,147.972,79.281,701.41,0.0,0.0,0.0,57.5,195.15
310.54,147.933,79.303,701.92,0.0,0.0,0.0,57.49,195.16
310.58,147.907,79.318,702.27,0.0,0.0,0.0,57.49,195.16
310.64,147.869,79.34,702.78,0.0,0.0,0.0,57.48,195.16
310.7,147.83,79.362,703.3,0.0,0.0,0.0,57.47,195.16
310.74,147.804,79.376,703.64,0.0,0.0,0.0,57.47,195.16
310.78,147.778,79.391,703.99,0.0,0.0,0.0,57.47,195.17
310.84,147.739,79.413,704.51,0.0,0.0,0.0,57.46,195.17
310.9,147.7,79.435,705.02,0.0,0.0,0.0,57.46,195.17
310.94,147.675,79.45,705.37,0.0,0.0,0.0,57.45,195.17
311.0,147.636,79.472,705.88,0.0,0.0,0.0,57.45,195.17
311.04,147.61,79.487,706.23,0.0,0.0,0.0,57.44,195.18
311.1,147.571,79.509,706.74,0.0,0.0,0.0,57.44,195.18
311.14,147.545,79.523,707.09,0.0,0.0,0.0,57.43,195.18
311.2,147.506,79.545,707.61,0.0,0.0,0.0,57.43,195.18
311.24,147.48,79.56,707.95,0.0,0.0,0.0,57.42,195.18
311.3,147.441,79.582,708.47,0.0,0.0,0.0,57.42,195.19
311.34,147.415,79.597,708.81,0.0,0.0,0.0,57.41,195.19
311.4,147.376,79.619,709.33,0.0,0.0,0.0,57.41,195.19
311.44,147.349,79.634,709.68,0.0,0.0,0.0,57.4,195.19
311.5,147.31,79.656,710.19,0.0,0.0,0.0,57.4,195.19
311.54,147.284,79.67,710.54,0.0,0.0,0.0,57.39,195.19
311.6,147.245,79.692,711.05,0.0,0.0,0.0,57.39,195.2
311.64,147.219,79.707,711.4,0.0,0.0,0.0,57.38,195.2
311.7,147.179,79.729,711.92,0.0,0.0,0.0,57.38,195.2
311.74,147.153,79.744,712.26,0.0,0.0,0.0,57.37,195.2
311.8,147.114,79.766,712.78,0.0,0.0,0.0,57.37,195.21
311.84,147.088,79.781,713.13,0.0,0.0,0.0,57.36,195.21
311.9,147.048,79.803,713.64,0.0,0.0,0.0,57.36,195.21
311.94,147.022,79.817,713.99,0.0,0.0,0.0,57.35,195.21
312.0,146.983,79.839,714.51,0.0,0.0,0.0,57.35,195.21
312.06,146.943,79.861,715.02,0.0,0.0,0.0,57.34,195.22
312.1,146.917,79.876,715.37,0.0,0.0,0.0,57.34,195.22
312.14,146.89,79.891,715.72,0.0,0.0,0.0,57.33,195.22
312.2,146.851,79.913,716.23,0.0,0.0,0.0,57.33,195.22
312.24,146.824,79.928,716.58,0.0,0.0,0.0,57.32,195.22
312.3,146.785,79.95,717.1,0.0,0.0,0.0,57.32,195.22
312.36,146.745,79.972,717.62,0.0,0.0,0.0,57.31,195.23
312.4,146.719,79.986,717.96,0.0,0.0,0.0,57.31,195.23
312.46,146.679,80.008,718.48,0.0,0.0,0.0,57.3,195.23
312.5,146.652,80.023,718.83,0.0,0.0,0.0,57.3,195.23
312.54,146.626,80.038,719.17,0.0,0.0,0.0,57.29,195.23
312.6,146.586,80.06,719.69,0.0,0.0,0.0,57.29,195.24
312.66,146.546,80.082,720.21,0.0,0.0,0.0,57.28,195.24
312.7,146.52,80.097,720.56,0.0,0.0,0.0,57.28,195.24
312.74,146.493,80.111,720.9,0.0,0.0,0.0,57.27,195.24
312.8,146.453,80.133,721.42,0.0,0.0,0.0,57.27,195.24
312.86,146.413,80.155,721.94,0.0,0.0,0.0,57.26,195.25
312.9,146.387,80.17,722.29,0.0,0.0,0.0,57.26,195.25
312.96,146.347,80.192,722.8,0.0,0.0,0.0,57.25,195.25
313.0,146.32,80.207,723.15,0.0,0.0,0.0,57.25,195.25
313.06,146.28,80.229,723.67,0.0,0.0,0.0,57.24,195.25
313.1,146.253,80.244,724.02,0.0,0.0,0.0,57.24,195.26
313.16,146.213,80.266,724.54,0.0,0.0,0.0,57.23,195.26
313.2,146.186,80.28,724.88,0.0,0.0,0.0,57.23,195.26
313.26,146.146,80.303,725.4,0.0,0.0,0.0,57.22,195.26
313.3,146.119,80.317,725.75,0.0,0.0,0.0,57.22,195.26
313.36,146.079,80.339,726.27,0.0,0.0,0.0,57.21,195.26
313.4,146.052,80.354,726.61,0.0,0.0,0.0,57.21,195.27
313.46,146.012,80.376,727.13,0.0,0.0,0.0,57.2,195.27
313.52,145.972,80.398,727.65,0.0,0.0,0.0,57.2,195.27
313.56,145.945,80.413,728.0,0.0,0.0,0.0,57.19,195.27
313.6,145.918,80.428,728.35,0.0,0.0,0.0,57.19,195.27
313.66,145.878,80.45,728.87,0.0,0.0,0.0,57.18,195.28
313.72,145.837,80.472,729.39,0.0,0.0,0.0,57.18,195.28
313.76,145.81,80.486,729.73,0.0,0.0,0.0,57.17,195.28
313.8,145.783,80.501,730.08,0.0,0.0,0.0,57.17,195.28
313.86,145.743,80.523,730.6,0.0,0.0,0.0,57.16,195.28
313.92,145.702,80.545,731.12,0.0,0.0,0.0,57.16,195.29
313.96,145.675,80.56,731.47,0.0,0.0,0.0,57.15,195.29
314.0,145.648,80.575,731.81,0.0,0.0,0.0,57.15,195.29
314.06,145.607,80.597,732.33,0.0,0.0,0.0,57.14,195.29
314.12,145.567,80.619,732.85,0.0,0.0,0.0,57.14,195.29
314.16,145.54,80.634,733.2,0.0,0.0,0.0,57.13,195.3
314.2,145.513,80.648,733.55,0.0,0.0,0.0,57.13,195.3
314.26,145.472,80.67,734.07,0.0,0.0,0.0,57.12,195.3
314.32,145.431,80.692,734.59,0.0,0.0,0.0,57.12,195.3
314.36,145.404,80.707,734.94,0.0,0.0,0.0,57.11,195.3
314.42,145.363,80.729,735.46,0.0,0.0,0.0,57.11,195.31
314.46,145.336,80.744,735.8,0.0,0.0,0.0,57.1,195.31
314.5,145.309,80.759,736.15,0.0,0.0,0.0,57.1,195.31
314.56,145.268,80.781,736.67,0.0,0.0,0.0,57.1,195.31
314.62,145.227,80.803,737.19,0.0,0.0,0.0,57.09,195.31
314.66,145.2,80.818,737.54,0.0,0.0,0.0,57.09,195.31
314.72,145.159,80.84,738.06,0.0,0.0,0.0,57.08,195.32
314.76,145.131,80.854,738.41,0.0,0.0,0.0,57.08,195.32
314.82,145.09,80.876,738.93,0.0,0.0,0.0,57.07,195.32
314.86,145.063,80.891,739.28,0.0,0.0,0.0,57.07,195.32
314.92,145.022,80.913,739.8,0.0,0.0,0.0,57.06,195.32
314.96,144.994,80.928,740.15,0.0,0.0,0.0,57.06,195.33
315.02,144.953,80.942,740.67,0.0,0.0,0.0,57.05,195.33
315.08,144.912,80.956,741.19,0.0,0.0,0.0,57.04,195.33
315.12,144.884,80.966,741.54,0.0,0.0,0.0,57.04,195.33
315.16,144.857,80.975,741.89,0.0,0.0,0.0,57.04,195.33
315.22,144.816,80.989,742.41,0.0,0.0,0.0,57.03,195.33
315.26,144.788,80.998,742.76,0.0,0.0,0.0,57.03,195.34
315.32,144.747,81.012,743.28,0.0,0.0,0.0,57.02,195.34
315.38,144.706,81.027,743.8,0.0,0.0,0.0,57.01,195.34
315.42,144.678,81.036,744.15,0.0,0.0,0.0,57.01,195.34
315.48,144.637,81.05,744.67,0.0,0.0,0.0,57.01,195.34
315.52,144.609,81.059,745.02,0.0,0.0,0.0,57.0,195.34
315.56,144.581,81.069,745.37,0.0,0.0,0.0,57.0,195.34
315.62,144.54,81.083,745.89,0.0,0.0,0.0,56.99,195.35
315.68,144.498,81.097,746.41,0.0,0.0,0.0,56.99,195.35
315.72,144.471,81.106,746.76,0.0,0.0,0.0,56.98,195.35
315.78,144.429,81.121,747.28,0.0,0.0,0.0,56.98,195.35
315.82,144.401,81.13,747.63,0.0,0.0,0.0,56.97,195.35
315.86,144.373,81.139,747.98,0.0,0.0,0.0,56.97,195.35
315.92,144.332,81.153,748.5,0.0,0.0,0.0,56.96,195.36
315.98,144.29,81.168,749.02,0.0,0.0,0.0,56.96,195.36
316.02,144.262,81.177,749.37,0.0,0.0,0.0,56.95,195.36
316.08,144.221,81.191,749.89,0.0,0.0,0.0,56.95,195.36
316.12,144.193,81.2,750.24,0.0,0.0,0.0,56.94,195.36
316.18,144.151,81.215,750.76,0.0,0.0,0.0,56.94,195.36
316.22,144.123,81.224,751.11,0.0,0.0,0.0,56.93,195.36
316.28,144.081,81.238,751.64,0.0,0.0,0.0,56.93,195.37
316.32,144.053,81.247,751.98,0.0,0.0,0.0,56.92,195.37
316.38,144.011,81.262,752.51,0.0,0.0,0.0,56.92,195.37
316.42,143.983,81.271,752.86,0.0,0.0,0.0,56.91,195.37
316.48,143.941,81.285,753.38,0.0,0.0,0.0,56.91,195.37
316.52,143.913,81.294,753.73,0.0,0.0,0.0,56.9,195.37
316.58,143.871,81.309,754.25,0.0,0.0,0.0,56.9,195.38
316.62,143.843,81.318,754.6,0.0,0.0,0.0,56.89,195.38
316.68,143.801,81.332,755.12,0.0,0.0,0.0,56.89,195.38
316.74,143.759,81.346,755.65,0.0,0.0,0.0,56.88,195.38
316.78,143.731,81.356,755.99,0.0,0.0,0.0,56.88,195.38
316.84,143.689,81.37,756.52,0.0,0.0,0.0,56.87,195.38
316.88,143.661,81.379,756.87,0.0,0.0,0.0,56.87,195.38
316.92,143.633,81.389,757.22,0.0,0.0,0.0,56.86,195.39
316.98,143.59,81.403,757.74,0.0,0.0,0.0,56.86,195.39
317.04,143.548,81.417,758.26,0.0,0.0,0.0,56.85,195.39
317.08,143.52,81.426,758.61,0.0,0.0,0.0,56.85,195.39
317.12,143.492,81.436,758.96,0.0,0.0,0.0,56.84,195.39
317.18,143.449,81.45,759.49,0.0,0.0,0.0,56.84,195.39
317.22,143.421,81.459,759.83,0.0,0.0,0.0,56.84,195.4
317.28,143.379,81.473,760.36,0.0,0.0,0.0,56.83,195.4
317.34,143.336,81.487,760.88,0.0,0.0,0.0,56.82,195.4
317.38,143.308,81.497,761.23,0.0,0.0,0.0,56.82,195.4
317.44,143.265,81.511,761.76,0.0,0.0,0.0,56.81,195.4
317.48,143.237,81.52,762.11,0.0,0.0,0.0,56.81,195.4
317.52,143.209,81.53,762.45,0.0,0.0,0.0,56.81,195.4
317.58,143.166,81.544,762.98,0.0,0.0,0.0,56.8,195.41
317.64,143.123,81.558,763.5,0.0,0.0,0.0,56.79,195.41
317.68,143.095,81.567,763.85,0.0,0.0,0.0,56.79,195.41
317.74,143.052,81.582,764.38,0.0,0.0,0.0,56.78,195.41
317.78,143.024,81.591,764.73,0.0,0.0,0.0,56.78,195.41
317.84,142.981,81.605,765.25,0.0,0.0,0.0,56.77,195.41
317.88,142.953,81.615,765.6,0.0,0.0,0.0,56.77,195.42
317.94,142.91,81.629,766.13,0.0,0.0,0.0,56.76,195.42
317.98,142.881,81.638,766.48,0.0,0.0,0.0,56.76,195.42
318.04,142.838,81.652,767.0,0.0,0.0,0.0,56.75,195.42
318.08,142.81,81.662,767.35,0.0,0.0,0.0,56.75,195.42
318.14,142.767,81.676,767.87,0.0,0.0,0.0,56.75,195.42
318.18,142.738,81.685,768.22,0.0,0.0,0.0,56.74,195.42
318.24,142.695,81.699,768.75,0.0,0.0,0.0,56.74,195.43
318.28,142.667,81.709,769.1,0.0,0.0,0.0,56.73,195.43
318.34,142.624,81.723,769.62,0.0,0.0,0.0,56.73,195.43
318.38,142.595,81.732,769.97,0.0,0.0,0.0,56.72,195.43
318.44,142.552,81.747,770.5,0.0,0.0,0.0,56.72,195.43
318.48,142.523,81.756,770.85,0.0,0.0,0.0,56.71,195.43
318.54,142.48,81.77,771.37,0.0,0.0,0.0,56.71,195.44
318.6,142.437,81.784,771.9,0.0,0.0,0.0,56.7,195.44
318.64,142.408,81.794,772.25,0.0,0.0,0.0,56.7,195.44
318.7,142.365,81.808,772.78,0.0,0.0,0.0,56.69,195.44
318.74,142.336,81.817,773.13,0.0,0.0,0.0,56.69,195.44
318.78,142.307,81.827,773.48,0.0,0.0,0.0,56.68,195.44
318.84,142.264,81.841,774.0,0.0,0.0,0.0,56.68,195.44
318.88,142.235,81.85,774.35,0.0,0.0,0.0,56.67,195.45
318.94,142.192,81.864,774.88,0.0,0.0,0.0,56.67,195.45
319.0,142.148,81.879,775.4,0.0,0.0,0.0,56.66,195.45
319.04,142.119,81.888,775.75,0.0,0.0,0.0,56.66,195.45
319.1,142.076,81.902,776.28,0.0,0.0,0.0,56.65,195.45
319.14,142.047,81.912,776.63,0.0,0.0,0.0,56.65,195.45
319.18,142.018,81.921,776.98,0.0,0.0,0.0,56.64,195.45
319.24,141.974,81.935,777.51,0.0,0.0,0.0,56.64,195.46
319.3,141.931,81.949,778.03,0.0,0.0,0.0,56.63,195.46
319.34,141.902,81.959,778.38,0.0,0.0,0.0,56.63,195.46
319.4,141.858,81.973,778.91,0.0,0.0,0.0,56.62,195.46
319.44,141.829,81.982,779.26,0.0,0.0,0.0,56.62,195.46
319.5,141.785,81.997,779.78,0.0,0.0,0.0,56.61,195.46
319.54,141.756,82.006,780.14,0.0,0.0,0.0,56.61,195.47
319.6,141.712,82.02,780.66,0.0,0.0,0.0,56.6,195.47
319.64,141.683,82.03,781.01,0.0,0.0,0.0,56.6,195.47
319.7,141.64,82.044,781.54,0.0,0.0,0.0,56.59,195.47
319.74,141.61,82.053,781.89,0.0,0.0,0.0,56.59,195.47
319.8,141.566,82.068,782.42,0.0,0.0,0.0,56.58,195.47
319.84,141.537,82.077,782.77,0.0,0.0,0.0,56.58,195.47
319.9,141.493,82.091,783.29,0.0,0.0,0.0,56.57,195.48
319.94,141.464,82.101,783.64,0.0,0.0,0.0,56.57,195.48
320.0,141.42,82.115,784.17,0.0,0.0,0.0,56.56,195.48
320.04,141.391,82.124,784.52,0.0,0.0,0.0,56.56,195.48
320.1,141.347,82.138,785.05,0.0,0.0,0.0,56.55,195.48
320.14,141.317,82.148,785.4,0.0,0.0,0.0,56.55,195.48
320.2,141.273,82.162,785.93,0.0,0.0,0.0,56.54,195.49
320.24,141.244,82.171,786.28,0.0,0.0,0.0,56.54,195.49
320.3,141.2,82.186,786.81,0.0,0.0,0.0,56.53,195.49
320.36,141.156,82.2,787.33,0.0,0.0,0.0,56.53,195.49
320.4,141.126,82.209,787.68,0.0,0.0,0.0,56.52,195.49
320.46,141.082,82.223,788.21,0.0,0.0,0.0,56.52,195.49
320.5,141.053,82.233,788.56,0.0,0.0,0.0,56.51,195.49
320.56,141.008,82.247,789.09,0.0,0.0,0.0,56.51,195.5
320.6,140.979,82.257,789.44,0.0,0.0,0.0,56.5,195.5
320.66,140.934,82.271,789.97,0.0,0.0,0.0,56.5,195.5
320.7,140.905,82.28,790.32,0.0,0.0,0.0,56.49,195.5
320.76,140.861,82.294,790.85,0.0,0.0,0.0,56.49,195.5
320.8,140.831,82.304,791.2,0.0,0.0,0.0,56.49,195.5
320.86,140.786,82.318,791.73,0.0,0.0,0.0,56.48,195.51
320.9,140.757,82.327,792.08,0.0,0.0,0.0,56.48,195.51
320.94,140.727,82.337,792.43,0.0,0.0,0.0,56.47,195.51
321.0,140.683,82.351,792.96,0.0,0.0,0.0,56.47,195.51
321.04,140.653,82.361,793.31,0.0,0.0,0.0,56.46,195.51
321.1,140.608,82.375,793.84,0.0,0.0,0.0,56.46,195.51
321.16,140.564,82.389,794.36,0.0,0.0,0.0,56.45,195.51
321.2,140.534,82.398,794.72,0.0,0.0,0.0,56.45,195.52
321.26,140.489,82.413,795.24,0.0,0.0,0.0,56.44,195.52
321.3,140.46,82.422,795.59,0.0,0.0,0.0,56.44,195.52
321.34,140.43,82.432,795.95,0.0,0.0,0.0,56.43,195.52
321.4,140.385,82.446,796.47,0.0,0.0,0.0,56.43,195.52
321.46,140.34,82.46,797.0,0.0,0.0,0.0,56.42,195.52
321.5,140.31,82.469,797.35,0.0,0.0,0.0,56.42,195.52
321.56,140.266,82.484,797.88,0.0,0.0,0.0,56.41,195.53
321.6,140.236,82.493,798.23,0.0,0.0,0.0,56.41,195.53
321.62,140.206,82.503,798.59,0.0,0.0,0.0,56.4,195.53
321.68,140.176,82.512,798.94,0.0,0.0,0.0,56.4,195.53
321.72,140.146,82.522,799.29,0.0,0.0,0.0,56.4,195.53
321.78,140.101,82.536,799.82,0.0,0.0,0.0,56.39,195.53
321.84,140.056,82.55,800.35,0.0,0.0,0.0,56.38,195.53
321.88,140.026,82.559,800.7,0.0,0.0,0.0,56.38,195.54
321.92,139.996,82.569,801.05,0.0,0.0,0.0,56.38,195.54
321.96,139.966,82.578,801.4,0.0,0.0,0.0,56.37,195.54
321.96,139.951,82.588,801.76,0.0,0.0,0.0,56.37,195.54
322.04,139.906,82.597,802.11,0.0,0.0,0.0,56.36,195.54
322.1,139.861,82.612,802.64,0.0,0.0,0.0,56.36,195.54
322.16,139.815,82.626,803.17,0.0,0.0,0.0,56.35,195.54
322.2,139.785,82.635,803.52,0.0,0.0,0.0,56.35,195.55
322.26,139.74,82.649,804.05,0.0,0.0,0.0,56.34,195.55
322.3,139.71,82.659,804.4,0.0,0.0,0.0,56.34,195.55
322.36,139.665,82.673,804.93,0.0,0.0,0.0,56.33,195.55
322.4,139.634,82.683,805.28,0.0,0.0,0.0,56.33,195.55
322.46,139.589,82.697,805.81,0.0,0.0,0.0,56.32,195.55
322.5,139.559,82.706,806.16,0.0,0.0,0.0,56.32,195.55
322.56,139.513,82.721,806.69,0.0,0.0,0.0,56.31,195.56
322.6,139.483,82.73,807.04,0.0,0.0,0.0,56.31,195.56
322.66,139.438,82.744,807.57,0.0,0.0,0.0,56.3,195.56
322.7,139.407,82.754,807.93,0.0,0.0,0.0,56.3,195.56
322.76,139.362,82.768,808.46,0.0,0.0,0.0,56.29,195.56
322.8,139.332,82.777,808.81,0.0,0.0,0.0,56.29,195.56
322.86,139.286,82.792,809.34,0.0,0.0,0.0,56.28,195.56
322.9,139.256,82.801,809.69,0.0,0.0,0.0,56.28,195.57
322.96,139.21,82.815,810.22,0.0,0.0,0.0,56.27,195.57
323.0,139.179,82.825,810.57,0.0,0.0,0.0,56.27,195.57
323.06,139.134,82.839,811.1,0.0,0.0,0.0,56.26,195.57
323.1,139.103,82.849,811.45,0.0,0.0,0.0,56.26,195.57
323.16,139.058,82.863,811.98,0.0,0.0,0.0,56.25,195.57
323.2,139.027,82.872,812.34,0.0,0.0,0.0,56.25,195.58
323.26,138.981,82.887,812.87,0.0,0.0,0.0,56.24,195.58
323.3,138.951,82.896,813.22,0.0,0.0,0.0,56.24,195.58
323.36,138.905,82.91,813.75,0.0,0.0,0.0,56.24,195.58
323.4,138.874,82.92,814.1,0.0,0.0,0.0,56.23,195.58
323.46,138.828,82.934,814.63,0.0,0.0,0.0,56.23,195.58
323.5,138.798,82.944,814.99,0.0,0.0,0.0,56.22,195.58
323.56,138.752,82.958,815.52,0.0,0.0,0.0,56.22,195.59
323.6,138.721,82.967,815.87,0.0,0.0,0.0,56.21,195.59
323.66,138.675,82.982,816.4,0.0,0.0,0.0,56.21,195.59
323.7,138.644,82.991,816.75,0.0,0.0,0.0,56.2,195.59
323.76,138.598,83.005,817.28,0.0,0.0,0.0,56.2,195.59
323.8,138.568,83.015,817.64,0.0,0.0,0.0,56.19,195.59
323.86,138.522,83.029,818.17,0.0,0.0,0.0,56.19,195.59
323.9,138.491,83.038,818.52,0.0,0.0,0.0,56.18,195.6
323.96,138.445,83.053,819.05,0.0,0.0,0.0,56.18,195.6
324.0,138.414,83.062,819.4,0.0,0.0,0.0,56.17,195.6
324.06,138.368,83.076,819.93,0.0,0.0,0.0,56.17,195.6
324.1,138.337,83.086,820.29,0.0,0.0,0.0,56.16,195.6
324.16,138.29,83.1,820.82,0.0,0.0,0.0,56.16,195.6
324.22,138.244,83.114,821.35,0.0,0.0,0.0,56.15,195.61
324.26,138.213,83.129,821.7,0.0,0.0,0.0,56.15,195.61
324.32,138.167,83.138,822.23,0.0,0.0,0.0,56.14,195.61
324.38,138.12,83.152,822.76,0.0,0.0,0.0,56.14,195.61
324.44,138.074,83.176,823.47,0.0,0.0,0.0,56.13,195.61
324.5,138.012,83.191,824.0,0.0,0.0,0.0,56.12,195.61
324.58,137.965,83.205,824.53,0.0,0.0,0.0,56.11,195.62
324.62,137.919,83.219,825.06,0.0,0.0,0.0,56.11,195.62
324.68,137.872,83.233,825.59,0.0,0.0,0.0,56.1,195.62
324.76,137.826,83.248,826.12,0.0,0.0,0.0,56.1,195.62
324.82,137.763,83.267,826.83,0.0,0.0,0.0,56.09,195.62
324.88,137.717,83.281,827.36,0.0,0.0,0.0,56.08,195.63
324.96,137.67,83.3,827.89,0.0,0.0,0.0,56.08,195.63
325.02,137.608,83.309,828.6,0.0,0.0,0.0,56.07,195.63
325.08,137.561,83.328,829.13,0.0,0.0,0.0,56.06,195.63
325.16,137.514,83.343,829.66,0.0,0.0,0.0,56.06,195.63
325.2,137.467,83.357,830.19,0.0,0.0,0.0,56.05,195.64
325.28,137.42,83.371,830.9,0.0,0.0,0.0,56.05,195.64
325.34,137.357,83.39,831.43,0.0,0.0,0.0,56.04,195.64
325.4,137.31,83.405,831.97,0.0,0.0,0.0,56.03,195.64
325.48,137.248,83.424,832.67,0.0,0.0,0.0,56.02,195.64
325.56,137.185,83.443,833.38,0.0,0.0,0.0,56.02,195.65
325.64,137.122,83.457,834.09,0.0,0.0,0.0,56.01,195.65
325.72,137.075,83.476,834.62,0.0,0.0,0.0,56.0,195.65
325.76,137.028,83.49,835.16,0.0,0.0,0.0,56.0,195.65
325.84,136.98,83.504,835.69,0.0,0.0,0.0,55.99,195.65
325.88,136.933,83.519,836.22,0.0,0.0,0.0,55.98,195.66
325.96,136.87,83.538,836.93,0.0,0.0,0.0,55.98,195.66
326.02,136.823,83.552,837.46,0.0,0.0,0.0,55.97,195.66
326.1,136.759,83.571,838.17,0.0,0.0,0.0,55.96,195.66
326.18,136.712,83.585,838.7,0.0,0.0,0.0,55.96,195.66
326.22,136.665,83.6,839.23,0.0,0.0,0.0,55.95,195.67
326.3,136.617,83.614,839.77,0.0,0.0,0.0,55.95,195.67
326.34,136.57,83.628,840.3,0.0,0.0,0.0,55.94,195.67
326.4,136.538,83.638,840.65,0.0,0.0,0.0,55.94,195.67
326.46,136.474,83.657,841.36,0.0,0.0,0.0,55.93,195.67
326.52,136.443,83.666,841.72,0.0,0.0,0.0,55.92,195.67
326.58,136.379,83.685,842.43,0.0,0.0,0.0,55.92,195.68
326.66,136.331,83.7,842.96,0.0,0.0,0.0,55.91,195.68
326.7,136.284,83.714,843.49,0.0,0.0,0.0,55.9,195.68
326.78,136.22,83.738,844.2,0.0,0.0,0.0,55.9,195.68
326.88,136.14,83.752,845.09,0.0,0.0,0.0,55.89,195.68
326.94,136.092,83.771,845.62,0.0,0.0,0.0,55.88,195.69
327.02,136.044,83.786,846.16,0.0,0.0,0.0,55.88,195.69
327.06,135.996,83.8,846.69,0.0,0.0,0.0,55.87,195.69
327.12,135.949,83.814,847.22,0.0,0.0,0.0,55.86,195.69
327.2,135.901,83.829,847.93,0.0,0.0,0.0,55.86,195.69
327.26,135.836,83.848,848.46,0.0,0.0,0.0,55.85,195.7
327.34,135.772,83.867,849.18,0.0,0.0,0.0,55.84,195.7
327.4,135.724,83.881,849.71,0.0,0.0,0.0,55.84,195.7
327.46,135.676,83.895,850.24,0.0,0.0,0.0,55.83,195.7
327.54,135.628,83.91,850.77,0.0,0.0,0.0,55.82,195.7
327.6,135.58,83.924,851.31,0.0,0.0,0.0,55.82,195.7
327.66,135.515,83.938,852.02,0.0,0.0,0.0,55.81,195.71
327.72,135.467,83.957,852.55,0.0,0.0,0.0,55.81,195.71
327.78,135.419,83.972,853.09,0.0,0.0,0.0,55.8,195.71
327.84,135.37,83.986,853.62,0.0,0.0,0.0,55.79,195.71
327.92,135.322,84.005,854.15,0.0,0.0,0.0,55.79,195.71
328.0,135.257,84.019,854.86,0.0,0.0,0.0,55.78,195.72
328.04,135.209,84.038,855.4,0.0,0.0,0.0,55.77,195.72
328.12,135.144,84.058,856.11,0.0,0.0,0.0,55.76,195.72
328.2,135.063,84.072,857.0,0.0,0.0,0.0,55.76,195.72
328.26,135.031,84.081,857.35,0.0,0.0,0.0,55.75,195.72
328.3,134.998,84.091,857.71,0.0,0.0,0.0,55.75,195.73
328.36,134.966,84.101,858.07,0.0,0.0,0.0,55.75,195.73
328.42,134.917,84.115,858.6,0.0,0.0,0.0,55.74,195.73
328.48,134.868,84.129,859.13,0.0,0.0,0.0,55.73,195.73
328.52,134.836,84.139,859.49,0.0,0.0,0.0,55.73,195.73
328.56,134.803,84.148,859.85,0.0,0.0,0.0,55.73,195.73
328.62,134.754,84.163,860.38,0.0,0.0,0.0,55.72,195.73
328.66,134.722,84.172,860.74,0.0,0.0,0.0,55.72,195.73
328.72,134.673,84.187,861.27,0.0,0.0,0.0,55.71,195.74
328.78,134.624,84.201,861.8,0.0,0.0,0.0,55.71,195.74
328.82,134.591,84.21,862.16,0.0,0.0,0.0,55.7,195.74
328.88,134.543,84.225,862.69,0.0,0.0,0.0,55.7,195.74
328.94,134.494,84.239,863.23,0.0,0.0,0.0,55.69,195.74
328.98,134.461,84.249,863.58,0.0,0.0,0.0,55.69,195.74
329.02,134.428,84.258,863.94,0.0,0.0,0.0,55.68,195.75
329.08,134.379,84.273,864.47,0.0,0.0,0.0,55.68,195.75
329.12,134.346,84.282,864.83,0.0,0.0,0.0,55.67,195.75
329.18,134.297,84.297,865.37,0.0,0.0,0.0,55.67,195.75
329.22,134.264,84.306,865.72,0.0,0.0,0.0,55.66,195.75
329.28,134.215,84.32,866.26,0.0,0.0,0.0,55.66,195.75
329.32,134.182,84.33,866.61,0.0,0.0,0.0,55.65,195.75
329.38,134.133,84.344,867.15,0.0,0.0,0.0,55.65,195.76
329.42,134.1,84.354,867.5,0.0,0.0,0.0,55.64,195.76
329.48,134.051,84.368,868.04,0.0,0.0,0.0,55.64,195.76
329.52,134.018,84.378,868.39,0.0,0.0,0.0,55.63,195.76
329.58,133.969,84.392,868.93,0.0,0.0,0.0,55.63,195.76
329.64,133.92,84.407,869.46,0.0,0.0,0.0,55.62,195.76
329.68,133.887,84.416,869.82,0.0,0.0,0.0,55.62,195.76
329.74,133.837,84.43,870.36,0.0,0.0,0.0,55.61,195.77
329.8,133.788,84.445,870.89,0.0,0.0,0.0,55.61,195.77
329.84,133.755,84.454,871.25,0.0,0.0,0.0,55.6,195.77
329.88,133.722,84.464,871.6,0.0,0.0,0.0,55.6,195.77
329.94,133.672,84.478,872.14,0.0,0.0,0.0,55.59,195.77
330.0,133.622,84.493,872.67,0.0,0.0,0.0,55.59,195.77
330.04,133.589,84.502,873.03,0.0,0.0,0.0,55.58,195.77
330.1,133.54,84.517,873.57,0.0,0.0,0.0,55.58,195.78
330.14,133.507,84.526,873.92,0.0,0.0,0.0,55.57,195.78
330.2,133.457,84.541,874.46,0.0,0.0,0.0,55.57,195.78
330.24,133.424,84.55,874.81,0.0,0.0,0.0,55.56,195.78
330.3,133.374,84.564,875.35,0.0,0.0,0.0,55.56,195.78
330.34,133.341,84.574,875.71,0.0,0.0,0.0,55.55,195.78
330.4,133.291,84.588,876.24,0.0,0.0,0.0,55.55,195.79
330.44,133.258,84.598,876.6,0.0,0.0,0.0,55.54,195.79
330.5,133.208,84.612,877.13,0.0,0.0,0.0,55.54,195.79
330.54,133.175,84.622,877.49,0.0,0.0,0.0,55.53,195.79
330.6,133.125,84.636,878.03,0.0,0.0,0.0,55.53,195.79
330.64,133.091,84.646,878.38,0.0,0.0,0.0,55.52,195.79
330.7,133.041,84.66,878.92,0.0,0.0,0.0,55.52,195.79
330.74,133.008,84.67,879.28,0.0,0.0,0.0,55.51,195.79
330.8,132.958,84.684,879.81,0.0,0.0,0.0,55.51,195.8
330.84,132.925,84.694,880.17,0.0,0.0,0.0,55.5,195.8
330.9,132.875,84.708,880.7,0.0,0.0,0.0,55.5,195.8
330.94,132.841,84.718,881.06,0.0,0.0,0.0,55.49,195.8
331.0,132.791,84.732,881.6,0.0,0.0,0.0,55.49,195.8
331.06,132.741,84.746,882.13,0.0,0.0,0.0,55.48,195.8
331.1,132.707,84.756,882.49,0.0,0.0,0.0,55.48,195.81
331.14,132.674,84.766,882.85,0.0,0.0,0.0,55.47,195.81
331.2,132.624,84.78,883.38,0.0,0.0,0.0,55.47,195.81
331.24,132.59,84.79,883.74,0.0,0.0,0.0,55.46,195.81
331.3,132.54,84.804,884.28,0.0,0.0,0.0,55.46,195.81
331.34,132.506,84.814,884.63,0.0,0.0,0.0,55.45,195.81
331.4,132.456,84.828,885.17,0.0,0.0,0.0,55.45,195.81
331.46,132.405,84.842,885.71,0.0,0.0,0.0,55.44,195.82
331.5,132.372,84.852,886.06,0.0,0.0,0.0,55.44,195.82
331.56,132.321,84.866,886.6,0.0,0.0,0.0,55.43,195.82
331.6,132.288,84.876,886.96,0.0,0.0,0.0,55.43,195.82
331.66,132.237,84.89,887.49,0.0,0.0,0.0,55.42,195.82
331.7,132.203,84.9,887.85,0.0,0.0,0.0,55.42,195.82
331.76,132.153,84.914,888.39,0.0,0.0,0.0,55.41,195.82
331.8,132.119,84.924,888.75,0.0,0.0,0.0,55.41,195.83
331.86,132.069,84.938,889.28,0.0,0.0,0.0,55.4,195.83
331.9,132.035,84.948,889.64,0.0,0.0,0.0,55.4,195.83
331.96,131.984,84.962,890.18,0.0,0.0,0.0,55.39,195.83
332.0,131.95,84.972,890.53,0.0,0.0,0.0,55.39,195.83
332.06,131.899,84.986,891.07,0.0,0.0,0.0,55.38,195.83
332.1,131.866,84.996,891.43,0.0,0.0,0.0,55.38,195.83
332.16,131.815,85.01,891.96,0.0,0.0,0.0,55.37,195.84
332.2,131.781,85.02,892.32,0.0,0.0,0.0,55.37,195.84
332.26,131.73,85.034,892.86,0.0,0.0,0.0,55.36,195.84
332.3,131.696,85.044,893.22,0.0,0.0,0.0,55.36,195.84
332.36,131.645,85.058,893.75,0.0,0.0,0.0,55.36,195.84
332.4,131.611,85.068,894.11,0.0,0.0,0.0,55.35,195.84
332.46,131.56,85.082,894.65,0.0,0.0,0.0,55.35,195.84
332.5,131.526,85.092,895.01,0.0,0.0,0.0,55.34,195.85
332.56,131.475,85.106,895.54,0.0,0.0,0.0,55.34,195.85
332.6,131.441,85.116,895.9,0.0,0.0,0.0,55.33,195.85
332.66,131.39,85.13,896.44,0.0,0.0,0.0,55.33,195.85
332.72,131.339,85.145,896.98,0.0,0.0,0.0,55.32,195.85
332.76,131.305,85.154,897.33,0.0,0.0,0.0,55.32,195.85
332.82,131.254,85.169,897.87,0.0,0.0,0.0,55.31,195.85
332.86,131.22,85.178,898.23,0.0,0.0,0.0,55.31,195.86
332.9,131.185,85.188,898.59,0.0,0.0,0.0,55.3,195.86
332.96,131.134,85.202,899.12,0.0,0.0,0.0,55.3,195.86
333.02,131.083,85.217,899.66,0.0,0.0,0.0,55.29,195.86
333.06,131.049,85.226,900.02,0.0,0.0,0.0,55.29,195.86
333.12,130.997,85.241,900.56,0.0,0.0,0.0,55.28,195.86
333.16,130.963,85.25,900.91,0.0,0.0,0.0,55.28,195.86
333.22,130.912,85.265,901.45,0.0,0.0,0.0,55.27,195.87
333.26,130.877,85.274,901.81,0.0,0.0,0.0,55.27,195.87
333.32,130.826,85.289,902.35,0.0,0.0,0.0,55.26,195.87
333.36,130.792,85.298,902.71,0.0,0.0,0.0,55.26,195.87
333.42,130.74,85.313,903.24,0.0,0.0,0.0,55.25,195.87
333.46,130.706,85.322,903.6,0.0,0.0,0.0,55.25,195.87
333.52,130.654,85.337,904.14,0.0,0.0,0.0,55.24,195.87
333.56,130.62,85.346,904.5,0.0,0.0,0.0,55.24,195.88
333.6,130.585,85.356,904.86,0.0,0.0,0.0,55.23,195.88
333.66,130.534,85.371,905.39,0.0,0.0,0.0,55.23,195.88
333.72,130.482,85.385,905.93,0.0,0.0,0.0,55.22,195.88
333.76,130.448,85.395,906.29,0.0,0.0,0.0,55.22,195.88
333.82,130.396,85.409,906.83,0.0,0.0,0.0,55.21,195.88
333.86,130.361,85.419,907.19,0.0,0.0,0.0,55.21,195.88
333.92,130.309,85.433,907.72,0.0,0.0,0.0,55.2,195.89
333.96,130.275,85.443,908.08,0.0,0.0,0.0,55.2,195.89
334.02,130.223,85.457,908.62,0.0,0.0,0.0,55.19,195.89
334.06,130.188,85.467,908.98,0.0,0.0,0.0,55.19,195.89
334.12,130.137,85.481,909.52,0.0,0.0,0.0,55.18,195.89
334.16,130.102,85.491,909.88,0.0,0.0,0.0,55.18,195.89
334.22,130.05,85.505,910.41,0.0,0.0,0.0,55.17,195.89
334.26,130.015,85.515,910.77,0.0,0.0,0.0,55.17,195.89
334.32,129.963,85.529,911.31,0.0,0.0,0.0,55.16,195.9
334.36,129.929,85.539,911.67,0.0,0.0,0.0,55.16,195.9
334.42,129.877,85.553,912.21,0.0,0.0,0.0,55.15,195.9
334.46,129.842,85.563,912.57,0.0,0.0,0.0,55.15,195.9
334.52,129.79,85.577,913.1,0.0,0.0,0.0,55.14,195.9
334.56,129.755,85.587,913.46,0.0,0.0,0.0,55.14,195.9
334.62,129.703,85.601,914.0,0.0,0.0,0.0,55.13,195.91
334.66,129.668,85.611,914.36,0.0,0.0,0.0,55.13,195.91
334.72,129.616,85.626,914.9,0.0,0.0,0.0,55.12,195.91
334.76,129.581,85.635,915.26,0.0,0.0,0.0,55.12,195.91
334.82,129.528,85.65,915.8,0.0,0.0,0.0,55.11,195.91
334.86,129.494,85.659,916.16,0.0,0.0,0.0,55.11,195.91
334.92,129.441,85.674,916.69,0.0,0.0,0.0,55.1,195.91
334.96,129.406,85.683,917.05,0.0,0.0,0.0,55.1,195.91
335.02,129.354,85.698,917.59,0.0,0.0,0.0,55.09,195.92
335.06,129.319,85.707,917.95,0.0,0.0,0.0,55.09,195.92
335.12,129.266,85.722,918.49,0.0,0.0,0.0,55.08,195.92
335.16,129.231,85.731,918.85,0.0,0.0,0.0,55.08,195.92
335.22,129.179,85.746,919.39,0.0,0.0,0.0,55.08,195.92
335.28,129.126,85.76,919.93,0.0,0.0,0.0,55.07,195.92
335.32,129.091,85.77,920.29,0.0,0.0,0.0,55.07,195.92
335.38,129.039,85.784,920.82,0.0,0.0,0.0,55.06,195.93
335.42,129.004,85.794,921.18,0.0,0.0,0.0,55.06,195.93
335.48,128.951,85.809,921.72,0.0,0.0,0.0,55.05,195.93
335.54,128.898,85.823,922.26,0.0,0.0,0.0,55.04,195.93
335.56,128.881,85.828,922.44,0.0,0.0,0.0,55.04,195.93
335.62,128.828,85.842,922.98,0.0,0.0,0.0,55.04,195.93
335.68,128.775,85.857,923.52,0.0,0.0,0.0,55.03,195.93
335.72,128.74,85.866,923.88,0.0,0.0,0.0,55.03,195.94
335.78,128.687,85.881,924.42,0.0,0.0,0.0,55.02,195.94
335.82,128.652,85.891,924.78,0.0,0.0,0.0,55.02,195.94
335.88,128.599,85.905,925.32,0.0,0.0,0.0,55.01,195.94
335.92,128.563,85.915,925.68,0.0,0.0,0.0,55.01,195.94
335.98,128.511,85.929,926.21,0.0,0.0,0.0,55.0,195.94
336.02,128.475,85.939,926.57,0.0,0.0,0.0,55.0,195.94
336.08,128.422,85.953,927.11,0.0,0.0,0.0,54.99,195.95
336.12,128.387,85.963,927.47,0.0,0.0,0.0,54.99,195.95
336.18,128.334,85.977,928.01,0.0,0.0,0.0,54.98,195.95
336.22,128.298,85.987,928.37,0.0,0.0,0.0,54.98,195.95
336.28,128.245,86.001,928.91,0.0,0.0,0.0,54.97,195.95
336.32,128.21,86.011,929.27,0.0,0.0,0.0,54.97,195.95
336.38,128.157,86.026,929.81,0.0,0.0,0.0,54.96,195.95
336.42,128.121,86.035,930.17,0.0,0.0,0.0,54.96,195.96
336.48,128.068,86.05,930.71,0.0,0.0,0.0,54.95,195.96
336.52,128.032,86.059,931.07,0.0,0.0,0.0,54.95,195.96
336.58,127.979,86.074,931.61,0.0,0.0,0.0,54.94,195.96
336.62,127.944,86.083,931.97,0.0,0.0,0.0,54.94,195.96
336.68,127.89,86.098,932.51,0.0,0.0,0.0,54.93,195.96
336.74,127.837,86.112,933.05,0.0,0.0,0.0,54.93,195.96
336.78,127.801,86.122,933.41,0.0,0.0,0.0,54.92,195.97
336.84,127.748,86.137,933.95,0.0,0.0,0.0,54.92,195.97
336.88,127.712,86.146,934.31,0.0,0.0,0.0,54.91,195.97
336.94,127.659,86.161,934.85,0.0,0.0,0.0,54.91,195.97
336.98,127.623,86.17,935.21,0.0,0.0,0.0,54.9,195.97
337.04,127.569,86.185,935.75,0.0,0.0,0.0,54.9,195.97
337.08,127.534,86.195,936.11,0.0,0.0,0.0,54.89,195.97
337.14,127.48,86.209,936.65,0.0,0.0,0.0,54.89,195.98
337.18,127.444,86.219,937.01,0.0,0.0,0.0,54.88,195.98
337.24,127.391,86.233,937.55,0.0,0.0,0.0,54.88,195.98
337.28,127.355,86.243,937.91,0.0,0.0,0.0,54.87,195.98
337.34,127.301,86.257,938.45,0.0,0.0,0.0,54.87,195.98
337.38,127.265,86.267,938.81,0.0,0.0,0.0,54.86,195.98
337.44,127.211,86.281,939.35,0.0,0.0,0.0,54.86,195.98
337.48,127.175,86.291,939.71,0.0,0.0,0.0,54.85,195.99
337.54,127.122,86.306,940.25,0.0,0.0,0.0,54.85,195.99
337.6,127.068,86.32,940.79,0.0,0.0,0.0,54.84,195.99
337.64,127.032,86.33,941.15,0.0,0.0,0.0,54.84,195.99
337.7,126.978,86.344,941.69,0.0,0.0,0.0,54.83,195.99
337.74,126.942,86.354,942.05,0.0,0.0,0.0,54.83,195.99
337.8,126.888,86.368,942.59,0.0,0.0,0.0,54.82,195.99
337.84,126.852,86.378,942.95,0.0,0.0,0.0,54.82,196.0
337.9,126.798,86.393,943.49,0.0,0.0,0.0,54.81,196.0
337.94,126.762,86.402,943.85,0.0,0.0,0.0,54.81,196.0
338.0,126.708,86.417,944.39,0.0,0.0,0.0,54.8,196.0
338.04,126.672,86.426,944.75,0.0,0.0,0.0,54.8,196.0
338.1,126.617,86.441,945.29,0.0,0.0,0.0,54.79,196.0
338.14,126.581,86.451,945.65,0.0,0.0,0.0,54.79,196.0
338.18,126.545,86.46,946.01,0.0,0.0,0.0,54.79,196.0
338.24,126.491,86.475,946.55,0.0,0.0,0.0,54.78,196.01
338.3,126.437,86.489,947.1,0.0,0.0,0.0,54.77,196.01
338.34,126.401,86.499,947.46,0.0,0.0,0.0,54.77,196.01
338.4,126.346,86.513,948.0,0.0,0.0,0.0,54.76,196.01
338.44,126.31,86.523,948.36,0.0,0.0,0.0,54.76,196.01
338.5,126.256,86.538,948.9,0.0,0.0,0.0,54.75,196.01
338.54,126.219,86.547,949.26,0.0,0.0,0.0,54.75,196.01
338.6,126.165,86.562,949.8,0.0,0.0,0.0,54.74,196.02
338.64,126.129,86.572,950.16,0.0,0.0,0.0,54.74,196.02
338.7,126.074,86.586,950.7,0.0,0.0,0.0,54.73,196.02
338.74,126.038,86.596,951.06,0.0,0.0,0.0,54.73,196.02
338.8,125.983,86.61,951.6,0.0,0.0,0.0,54.72,196.02
338.84,125.947,86.62,951.96,0.0,0.0,0.0,54.72,196.02
338.9,125.892,86.634,952.5,0.0,0.0,0.0,54.71,196.02
338.94,125.856,86.644,952.87,0.0,0.0,0.0,54.71,196.03
339.0,125.801,86.659,953.41,0.0,0.0,0.0,54.7,196.03
339.04,125.765,86.668,953.77,0.0,0.0,0.0,54.7,196.03
339.1,125.71,86.683,954.31,0.0,0.0,0.0,54.69,196.03
339.14,125.673,86.692,954.67,0.0,0.0,0.0,54.69,196.03
339.2,125.619,86.707,955.21,0.0,0.0,0.0,54.69,196.03
339.24,125.582,86.717,955.57,0.0,0.0,0.0,54.68,196.03
339.3,125.527,86.731,956.11,0.0,0.0,0.0,54.68,196.04
339.34,125.491,86.741,956.47,0.0,0.0,0.0,54.67,196.04
339.4,125.436,86.755,957.02,0.0,0.0,0.0,54.67,196.04
339.44,125.399,86.765,957.38,0.0,0.0,0.0,54.66,196.04
339.5,125.344,86.78,957.92,0.0,0.0,0.0,54.66,196.04
339.54,125.307,86.789,958.28,0.0,0.0,0.0,54.65,196.04
339.6,125.252,86.804,958.82,0.0,0.0,0.0,54.65,196.04
339.64,125.216,86.814,959.18,0.0,0.0,0.0,54.64,196.04
339.7,125.161,86.828,959.72,0.0,0.0,0.0,54.64,196.05
339.74,125.124,86.838,960.08,0.0,0.0,0.0,54.63,196.05
339.8,125.069,86.852,960.63,0.0,0.0,0.0,54.63,196.05
339.84,125.032,86.862,960.99,0.0,0.0,0.0,54.62,196.05
339.9,124.977,86.877,961.53,0.0,0.0,0.0,54.62,196.05
339.94,124.94,86.886,961.89,0.0,0.0,0.0,54.61,196.05
340.0,124.885,86.901,962.43,0.0,0.0,0.0,54.61,196.05
340.04,124.848,86.91,962.79,0.0,0.0,0.0,54.6,196.06
340.1,124.793,86.925,963.33,0.0,0.0,0.0,54.6,196.06
340.14,124.756,86.935,963.7,0.0,0.0,0.0,54.59,196.06
340.2,124.701,86.949,964.24,0.0,0.0,0.0,54.59,196.06
340.24,124.664,86.959,964.6,0.0,0.0,0.0,54.58,196.06
340.3,124.608,86.973,965.14,0.0,0.0,0.0,54.58,196.06
340.36,124.553,86.988,965.68,0.0,0.0,0.0,54.57,196.06
340.4,124.516,86.998,966.04,0.0,0.0,0.0,54.57,196.07
340.46,124.46,87.012,966.59,0.0,0.0,0.0,54.56,196.07
340.5,124.423,87.022,966.95,0.0,0.0,0.0,54.56,196.07
340.56,124.368,87.037,967.49,0.0,0.0,0.0,54.55,196.07
340.6,124.331,87.046,967.85,0.0,0.0,0.0,54.55,196.07
340.66,124.275,87.061,968.39,0.0,0.0,0.0,54.54,196.07
340.7,124.238,87.07,968.75,0.0,0.0,0.0,54.54,196.07
340.76,124.182,87.085,969.3,0.0,0.0,0.0,54.53,196.08
340.8,124.145,87.095,969.66,0.0,0.0,0.0,54.53,196.08
340.86,124.09,87.109,970.2,0.0,0.0,0.0,54.52,196.08
340.9,124.052,87.119,970.56,0.0,0.0,0.0,54.52,196.08
340.96,123.997,87.134,971.1,0.0,0.0,0.0,54.51,196.08
341.0,123.959,87.143,971.47,0.0,0.0,0.0,54.51,196.08
341.06,123.904,87.158,972.01,0.0,0.0,0.0,54.5,196.08
341.1,123.866,87.167,972.37,0.0,0.0,0.0,54.5,196.08
341.16,123.81,87.182,972.91,0.0,0.0,0.0,54.49,196.09
341.2,123.773,87.192,973.27,0.0,0.0,0.0,54.49,196.09
341.26,123.717,87.206,973.82,0.0,0.0,0.0,54.48,196.09
341.3,123.68,87.216,974.18,0.0,0.0,0.0,54.48,196.09
341.36,123.624,87.231,974.72,0.0,0.0,0.0,54.47,196.09
341.42,123.568,87.245,975.26,0.0,0.0,0.0,54.47,196.09
341.46,123.53,87.255,975.63,0.0,0.0,0.0,54.46,196.09
341.52,123.474,87.269,976.17,0.0,0.0,0.0,54.46,196.1
341.56,123.437,87.279,976.53,0.0,0.0,0.0,54.45,196.1
341.62,123.381,87.294,977.07,0.0,0.0,0.0,54.45,196.1
341.66,123.343,87.303,977.44,0.0,0.0,0.0,54.44,196.1
341.72,123.287,87.318,977.98,0.0,0.0,0.0,54.44,196.1
341.76,123.25,87.328,978.34,0.0,0.0,0.0,54.43,196.1
341.82,123.193,87.342,978.88,0.0,0.0,0.0,54.43,196.1
341.86,123.156,87.352,979.24,0.0,0.0,0.0,54.42,196.11
341.92,123.1,87.367,979.79,0.0,0.0,0.0,54.42,196.11
341.96,123.062,87.376,980.15,0.0,0.0,0.0,54.41,196.11
342.02,123.006,87.391,980.69,0.0,0.0,0.0,54.41,196.11
342.06,122.968,87.401,981.05,0.0,0.0,0.0,54.4,196.11
342.12,122.912,87.415,981.6,0.0,0.0,0.0,54.4,196.11
342.18,122.855,87.43,982.14,0.0,0.0,0.0,54.39,196.11
342.22,122.817,87.439,982.5,0.0,0.0,0.0,54.39,196.12
342.26,122.78,87.449,982.86,0.0,0.0,0.0,54.38,196.12
342.32,122.723,87.464,983.41,0.0,0.0,0.0,54.38,196.12
342.36,122.686,87.473,983.77,0.0,0.0,0.0,54.37,196.12
342.42,122.629,87.488,984.31,0.0,0.0,0.0,54.37,196.12
342.46,122.591,87.498,984.68,0.0,0.0,0.0,54.36,196.12
342.52,122.535,87.512,985.22,0.0,0.0,0.0,54.36,196.12
342.56,122.497,87.522,985.58,0.0,0.0,0.0,54.35,196.12
342.62,122.44,87.537,986.12,0.0,0.0,0.0,54.35,196.13
342.66,122.402,87.546,986.49,0.0,0.0,0.0,54.35,196.13
342.72,122.345,87.561,987.03,0.0,0.0,0.0,54.34,196.13
342.76,122.308,87.571,987.39,0.0,0.0,0.0,54.34,196.13
342.82,122.251,87.585,987.94,0.0,0.0,0.0,54.33,196.13
342.88,122.194,87.6,988.48,0.0,0.0,0.0,54.32,196.13
342.92,122.156,87.61,988.84,0.0,0.0,0.0,54.32,196.13
342.96,122.118,87.619,989.2,0.0,0.0,0.0,54.32,196.14
343.02,122.061,87.634,989.75,0.0,0.0,0.0,54.31,196.14
343.06,122.023,87.644,990.11,0.0,0.0,0.0,54.31,196.14
343.12,121.966,87.658,990.65,0.0,0.0,0.0,54.3,196.14
343.16,121.928,87.668,991.02,0.0,0.0,0.0,54.3,196.14
343.22,121.871,87.683,991.56,0.0,0.0,0.0,54.29,196.14
343.26,121.833,87.692,991.92,0.0,0.0,0.0,54.29,196.14
343.32,121.776,87.707,992.47,0.0,0.0,0.0,54.28,196.15
343.36,121.738,87.717,992.83,0.0,0.0,0.0,54.28,196.15
343.42,121.681,87.731,993.37,0.0,0.0,0.0,54.27,196.15
343.48,121.623,87.746,993.92,0.0,0.0,0.0,54.26,196.15
343.52,121.585,87.756,994.28,0.0,0.0,0.0,54.26,196.15
343.58,121.528,87.77,994.82,0.0,0.0,0.0,54.25,196.15
343.62,121.49,87.78,995.19,0.0,0.0,0.0,54.25,196.15
343.68,121.432,87.794,995.73,0.0,0.0,0.0,54.24,196.16
343.72,121.394,87.804,996.09,0.0,0.0,0.0,54.24,196.16
343.78,121.337,87.819,996.64,0.0,0.0,0.0,54.23,196.16
343.82,121.299,87.829,997.0,0.0,0.0,0.0,54.23,196.16
343.88,121.241,87.843,997.54,0.0,0.0,0.0,54.22,196.16
343.92,121.203,87.853,997.91,0.0,0.0,0.0,54.22,196.16
343.98,121.145,87.867,998.45,0.0,0.0,0.0,54.22,196.16
344.02,121.107,87.877,998.81,0.0,0.0,0.0,54.21,196.16
344.08,121.049,87.892,999.36,0.0,0.0,0.0,54.21,196.17
344.12,121.011,87.902,999.72,0.0,0.0,0.0,54.2,196.17
344.18,120.954,87.916,1000.26,0.0,0.0,0.0,54.2,196.17
344.22,120.915,87.926,1000.63,0.0,0.0,0.0,54.19,196.17
344.28,120.857,87.941,1001.17,0.0,0.0,0.0,54.19,196.17
344.32,120.819,87.95,1001.53,0.0,0.0,0.0,54.18,196.17
344.38,120.761,87.965,1002.08,0.0,0.0,0.0,54.18,196.17
344.42,120.723,87.975,1002.44,0.0,0.0,0.0,54.17,196.17
344.48,120.665,87.989,1002.99,0.0,0.0,0.0,54.17,196.18
344.52,120.626,87.999,1003.35,0.0,0.0,0.0,54.16,196.18
344.58,120.569,88.014,1003.89,0.0,0.0,0.0,54.16,196.18
344.64,120.511,88.028,1004.44,0.0,0.0,0.0,54.15,196.18
344.68,120.472,88.038,1004.8,0.0,0.0,0.0,54.15,196.18
344.72,120.434,88.048,1005.16,0.0,0.0,0.0,54.14,196.18
344.78,120.376,88.062,1005.71,0.0,0.0,0.0,54.14,196.18
344.84,120.318,88.077,1006.25,0.0,0.0,0.0,54.13,196.19
344.88,120.279,88.087,1006.62,0.0,0.0,0.0,54.13,196.19
344.88,120.24,88.096,1006.98,0.0,0.0,0.0,54.12,196.19
344.92,120.221,88.106,1007.34,0.0,0.0,0.0,54.12,196.19
344.98,120.163,88.116,1007.71,0.0,0.0,0.0,54.11,196.19
345.02,120.124,88.126,1008.07,0.0,0.0,0.0,54.11,196.19
345.1,120.066,88.14,1008.61,0.0,0.0,0.0,54.1,196.19
345.14,120.027,88.15,1008.98,0.0,0.0,0.0,54.1,196.19
345.2,119.969,88.165,1009.52,0.0,0.0,0.0,54.09,196.2
345.24,119.93,88.175,1009.88,0.0,0.0,0.0,54.09,196.2
345.3,119.872,88.189,1010.43,0.0,0.0,0.0,54.08,196.2
345.34,119.833,88.199,1010.79,0.0,0.0,0.0,54.08,196.2
345.4,119.775,88.214,1011.34,0.0,0.0,0.0,54.07,196.2
345.44,119.736,88.223,1011.7,0.0,0.0,0.0,54.07,196.2
345.5,119.678,88.238,1012.25,0.0,0.0,0.0,54.07,196.2
345.56,119.619,88.253,1012.79,0.0,0.0,0.0,54.06,196.21
345.6,119.58,88.262,1013.15,0.0,0.0,0.0,54.06,196.21
345.66,119.522,88.277,1013.7,0.0,0.0,0.0,54.05,196.21
345.7,119.483,88.287,1014.06,0.0,0.0,0.0,54.05,196.21
345.74,119.444,88.296,1014.43,0.0,0.0,0.0,54.04,196.21
345.8,119.386,88.311,1014.97,0.0,0.0,0.0,54.04,196.21
345.86,119.327,88.326,1015.52,0.0,0.0,0.0,54.03,196.21
345.9,119.288,88.336,1015.88,0.0,0.0,0.0,54.03,196.21
345.96,119.229,88.35,1016.43,0.0,0.0,0.0,54.02,196.22
346.0,119.19,88.36,1016.79,0.0,0.0,0.0,54.02,196.22
346.06,119.132,88.375,1017.33,0.0,0.0,0.0,54.01,196.22
346.1,119.092,88.384,1017.7,0.0,0.0,0.0,54.01,196.22
346.16,119.034,88.399,1018.24,0.0,0.0,0.0,54.0,196.22
346.2,118.995,88.409,1018.61,0.0,0.0,0.0,54.0,196.22
346.26,118.936,88.423,1019.15,0.0,0.0,0.0,53.99,196.22
346.3,118.897,88.433,1019.52,0.0,0.0,0.0,53.99,196.23
346.36,118.838,88.448,1020.06,0.0,0.0,0.0,53.98,196.23
346.4,118.799,88.458,1020.42,0.0,0.0,0.0,53.98,196.23
346.46,118.74,88.472,1020.97,0.0,0.0,0.0,53.97,196.23
346.5,118.7,88.482,1021.33,0.0,0.0,0.0,53.97,196.23
346.56,118.641,88.497,1021.88,0.0,0.0,0.0,53.96,196.23
346.6,118.602,88.506,1022.24,0.0,0.0,0.0,53.96,196.23
346.66,118.543,88.521,1022.79,0.0,0.0,0.0,53.95,196.23
346.72,118.484,88.536,1023.33,0.0,0.0,0.0,53.94,196.24
346.76,118.445,88.545,1023.7,0.0,0.0,0.0,53.94,196.24
346.8,118.405,88.555,1024.06,0.0,0.0,0.0,53.94,196.24
346.86,118.346,88.57,1024.61,0.0,0.0,0.0,53.93,196.24
346.92,118.287,88.585,1025.15,0.0,0.0,0.0,53.92,196.24
346.96,118.248,88.594,1025.52,0.0,0.0,0.0,53.92,196.24
347.02,118.188,88.609,1026.06,0.0,0.0,0.0,53.91,196.24
347.06,118.149,88.619,1026.43,0.0,0.0,0.0,53.91,196.25
347.12,118.09,88.633,1026.97,0.0,0.0,0.0,53.9,196.25
347.16,118.05,88.643,1027.34,0.0,0.0,0.0,53.9,196.25
348.04,117.177,88.868,1035.35,0.0,0.0,0.0,53.81,196.27
348.1,117.117,88.873,1035.89,0.0,0.0,0.0,53.81,196.27
348.14,117.077,88.883,1036.26,0.0,0.0,0.0,53.8,196.27
348.2,117.017,88.898,1036.8,0.0,0.0,0.0,53.8,196.28
348.24,116.977,88.907,1037.17,0.0,0.0,0.0,53.79,196.28
348.3,116.917,88.922,1037.72,0.0,0.0,0.0,53.79,196.28
348.34,116.877,88.932,1038.08,0.0,0.0,0.0,53.78,196.28
348.4,116.817,88.947,1038.63,0.0,0.0,0.0,53.78,196.28
348.44,116.777,88.956,1038.99,0.0,0.0,0.0,53.77,196.28
348.5,116.717,88.971,1039.54,0.0,0.0,0.0,53.77,196.28
348.54,116.677,88.981,1039.9,0.0,0.0,0.0,53.76,196.28
348.6,116.617,88.996,1040.45,0.0,0.0,0.0,53.76,196.29
348.64,116.577,89.005,1040.81,0.0,0.0,0.0,53.75,196.29
348.7,116.517,89.02,1041.36,0.0,0.0,0.0,53.75,196.29
348.74,116.477,89.03,1041.72,0.0,0.0,0.0,53.74,196.29
348.8,116.416,89.044,1042.27,0.0,0.0,0.0,53.74,196.29
348.84,116.376,89.054,1042.64,0.0,0.0,0.0,53.73,196.29
348.9,116.316,89.069,1043.18,0.0,0.0,0.0,53.73,196.29
348.94,116.276,89.079,1043.55,0.0,0.0,0.0,53.72,196.3
349.0,116.216,89.093,1044.09,0.0,0.0,0.0,53.72,196.3
349.04,116.175,89.103,1044.46,0.0,0.0,0.0,53.71,196.3
349.1,116.115,89.118,1045.01,0.0,0.0,0.0,53.71,196.3
349.14,116.075,89.128,1045.37,0.0,0.0,0.0,53.7,196.3
349.2,116.014,89.142,1045.92,0.0,0.0,0.0,53.7,196.3
349.24,115.974,89.152,1046.28,0.0,0.0,0.0,53.69,196.3
349.3,115.913,89.167,1046.83,0.0,0.0,0.0,53.69,196.3
349.36,115.853,89.182,1047.38,0.0,0.0,0.0,53.68,196.31
349.4,115.812,89.191,1047.74,0.0,0.0,0.0,53.68,196.31
349.46,115.752,89.206,1048.29,0.0,0.0,0.0,53.67,196.31
349.52,115.691,89.221,1048.83,0.0,0.0,0.0,53.67,196.31
349.56,115.651,89.231,1049.2,0.0,0.0,0.0,53.66,196.31
349.62,115.59,89.245,1049.75,0.0,0.0,0.0,53.66,196.31
349.66,115.55,89.255,1050.11,0.0,0.0,0.0,53.65,196.31
349.7,115.509,89.265,1050.48,0.0,0.0,0.0,53.65,196.32
349.76,115.448,89.28,1051.02,0.0,0.0,0.0,53.64,196.32
349.8,115.408,89.29,1051.39,0.0,0.0,0.0,53.64,196.32
349.86,115.347,89.304,1051.94,0.0,0.0,0.0,53.63,196.32
349.92,115.286,89.319,1052.48,0.0,0.0,0.0,53.63,196.32
349.96,115.246,89.329,1052.85,0.0,0.0,0.0,53.62,196.32
350.0,115.205,89.339,1053.21,0.0,0.0,0.0,53.62,196.32
350.06,115.144,89.353,1053.76,0.0,0.0,0.0,53.61,196.32
350.1,115.104,89.363,1054.13,0.0,0.0,0.0,53.61,196.33
350.16,115.043,89.378,1054.67,0.0,0.0,0.0,53.6,196.33
350.22,114.981,89.393,1055.22,0.0,0.0,0.0,53.6,196.33
350.26,114.941,89.402,1055.59,0.0,0.0,0.0,53.59,196.33
350.3,114.9,89.412,1055.95,0.0,0.0,0.0,53.59,196.33
350.36,114.839,89.427,1056.5,0.0,0.0,0.0,53.58,196.33
350.4,114.798,89.437,1056.86,0.0,0.0,0.0,53.58,196.33
350.46,114.737,89.451,1057.41,0.0,0.0,0.0,53.57,196.33
350.52,114.676,89.466,1057.96,0.0,0.0,0.0,53.57,196.34
350.56,114.635,89.476,1058.32,0.0,0.0,0.0,53.56,196.34
350.62,114.574,89.491,1058.87,0.0,0.0,0.0,53.56,196.34
350.66,114.533,89.5,1059.24,0.0,0.0,0.0,53.55,196.34
350.72,114.472,89.515,1059.78,0.0,0.0,0.0,53.55,196.34
350.76,114.431,89.525,1060.15,0.0,0.0,0.0,53.54,196.34
350.82,114.369,89.54,1060.7,0.0,0.0,0.0,53.54,196.34
350.86,114.329,89.55,1061.06,0.0,0.0,0.0,53.53,196.35
350.92,114.267,89.564,1061.61,0.0,0.0,0.0,53.53,196.35
350.96,114.226,89.574,1061.98,0.0,0.0,0.0,53.52,196.35
351.0,114.185,89.584,1062.34,0.0,0.0,0.0,53.52,196.35
351.06,114.124,89.599,1062.89,0.0,0.0,0.0,53.51,196.35
351.1,114.083,89.609,1063.25,0.0,0.0,0.0,53.51,196.35
351.14,114.021,89.623,1063.8,0.0,0.0,0.0,53.5,196.35
351.22,113.96,89.638,1064.35,0.0,0.0,0.0,53.5,196.35
351.26,113.918,89.648,1064.72,0.0,0.0,0.0,53.49,196.36
351.32,113.857,89.663,1065.26,0.0,0.0,0.0,53.49,196.36
351.38,113.795,89.677,1065.81,0.0,0.0,0.0,53.48,196.36
351.42,113.754,89.687,1066.18,0.0,0.0,0.0,53.48,196.36
351.48,113.692,89.702,1066.73,0.0,0.0,0.0,53.47,196.36
351.52,113.651,89.712,1067.09,0.0,0.0,0.0,53.47,196.36
351.58,113.589,89.726,1067.64,0.0,0.0,0.0,53.46,196.36
351.62,113.548,89.736,1068.01,0.0,0.0,0.0,53.46,196.36
351.66,113.507,89.746,1068.37,0.0,0.0,0.0,53.45,196.37
351.72,113.445,89.761,1068.92,0.0,0.0,0.0,53.45,196.37
351.76,113.404,89.771,1069.28,0.0,0.0,0.0,53.44,196.37
351.82,113.342,89.785,1069.83,0.0,0.0,0.0,53.44,196.37
351.86,113.3,89.795,1070.2,0.0,0.0,0.0,53.43,196.37
351.92,113.238,89.81,1070.75,0.0,0.0,0.0,53.43,196.37
351.98,113.176,89.825,1071.3,0.0,0.0,0.0,53.42,196.37
352.02,113.135,89.835,1071.66,0.0,0.0,0.0,53.42,196.38
352.08,113.073,89.849,1072.21,0.0,0.0,0.0,53.41,196.38
352.12,113.032,89.859,1072.57,0.0,0.0,0.0,53.41,196.38
352.18,112.969,89.874,1073.12,0.0,0.0,0.0,53.4,196.38
352.22,112.928,89.884,1073.49,0.0,0.0,0.0,53.4,196.38
352.28,112.866,89.898,1074.04,0.0,0.0,0.0,53.39,196.38
352.32,112.824,89.908,1074.4,0.0,0.0,0.0,53.39,196.38
352.38,112.762,89.923,1074.95,0.0,0.0,0.0,53.38,196.38
352.42,112.721,89.933,1075.32,0.0,0.0,0.0,53.38,196.39
352.48,112.658,89.948,1075.87,0.0,0.0,0.0,53.37,196.39
352.52,112.617,89.958,1076.23,0.0,0.0,0.0,53.37,196.39
352.58,112.554,89.972,1076.78,0.0,0.0,0.0,53.36,196.39
352.62,112.513,89.982,1077.15,0.0,0.0,0.0,53.36,196.39
352.68,112.45,89.997,1077.7,0.0,0.0,0.0,53.35,196.39
352.72,112.409,90.007,1078.06,0.0,0.0,0.0,53.35,196.39
352.76,112.367,90.017,1078.43,0.0,0.0,0.0,53.34,196.39
352.8,112.325,90.026,1078.79,0.0,0.0,0.0,53.34,196.4
352.86,112.263,90.041,1079.34,0.0,0.0,0.0,53.33,196.4
352.92,112.2,90.061,1079.89,0.0,0.0,0.0,53.33,196.4
352.98,112.138,90.076,1080.44,0.0,0.0,0.0,53.32,196.4
353.02,112.096,90.081,1080.81,0.0,0.0,0.0,53.32,196.4
353.08,112.033,90.095,1081.36,0.0,0.0,0.0,53.31,196.4
353.14,111.971,90.11,1081.9,0.0,0.0,0.0,53.3,196.4
353.18,111.929,90.12,1082.27,0.0,0.0,0.0,53.3,196.41
353.22,111.887,90.13,1082.64,0.0,0.0,0.0,53.29,196.41
353.28,111.824,90.145,1083.19,0.0,0.0,0.0,53.29,196.41
353.32,111.783,90.154,1083.55,0.0,0.0,0.0,53.28,196.41
353.38,111.72,90.169,1084.1,0.0,0.0,0.0,53.28,196.41
353.4,111.678,90.179,1084.47,0.0,0.0,0.0,53.27,196.41
353.48,111.615,90.194,1085.02,0.0,0.0,0.0,53.27,196.41
353.54,111.552,90.209,1085.56,0.0,0.0,0.0,53.26,196.41
353.58,111.51,90.218,1085.93,0.0,0.0,0.0,53.26,196.42
353.62,111.468,90.228,1086.3,0.0,0.0,0.0,53.25,196.42
353.66,111.426,90.238,1086.66,0.0,0.0,0.0,53.25,196.42
353.74,111.342,90.258,1087.4,0.0,0.0,0.0,53.24,196.42
353.78,111.3,90.268,1087.76,0.0,0.0,0.0,53.24,196.42
353.82,111.258,90.278,1088.13,0.0,0.0,0.0,53.23,196.42
353.88,111.195,90.292,1088.68,0.0,0.0,0.0,53.23,196.42
353.92,111.153,90.302,1089.04,0.0,0.0,0.0,53.22,196.42
353.98,111.09,90.317,1089.59,0.0,0.0,0.0,53.22,196.43
354.02,111.048,90.327,1089.96,0.0,0.0,0.0,53.21,196.43
354.08,110.984,90.342,1090.51,0.0,0.0,0.0,53.21,196.43
354.14,110.921,90.356,1091.06,0.0,0.0,0.0,53.2,196.43
354.16,110.9,90.361,1091.24,0.0,0.0,0.0,53.2,196.43
354.22,110.837,90.376,1091.79,0.0,0.0,0.0,53.19,196.43
354.28,110.773,90.391,1092.34,0.0,0.0,0.0,53.19,196.43
354.34,110.71,90.406,1092.89,0.0,0.0,0.0,53.18,196.43
354.36,110.668,90.416,1093.26,0.0,0.0,0.0,53.18,196.44
354.44,110.604,90.43,1093.81,0.0,0.0,0.0,53.17,196.44
354.48,110.562,90.44,1094.17,0.0,0.0,0.0,53.17,196.44
354.52,110.52,90.45,1094.54,0.0,0.0,0.0,53.16,196.44
354.58,110.456,90.465,1095.09,0.0,0.0,0.0,53.16,196.44
354.62,110.414,90.475,1095.46,0.0,0.0,0.0,53.15,196.44
354.68,110.35,90.49,1096.01,0.0,0.0,0.0,53.15,196.44
354.74,110.287,90.504,1096.56,0.0,0.0,0.0,53.14,196.44
354.78,110.244,90.514,1096.92,0.0,0.0,0.0,53.14,196.45
354.84,110.181,90.529,1097.47,0.0,0.0,0.0,53.13,196.45
354.88,110.138,90.539,1097.84,0.0,0.0,0.0,53.13,196.45
354.94,110.075,90.554,1098.39,0.0,0.0,0.0,53.12,196.45
354.98,110.032,90.564,1098.75,0.0,0.0,0.0,53.12,196.45
355.04,109.968,90.578,1099.3,0.0,0.0,0.0,53.11,196.45
355.08,109.926,90.588,1099.67,0.0,0.0,0.0,53.11,196.45
355.12,109.883,90.598,1100.04,0.0,0.0,0.0,53.1,196.45
355.12,109.862,90.608,1100.4,0.0,0.0,0.0,53.1,196.46
355.2,109.798,90.618,1100.77,0.0,0.0,0.0,53.09,196.46
355.26,109.734,90.633,1101.32,0.0,0.0,0.0,53.09,196.46
355.3,109.692,90.642,1101.69,0.0,0.0,0.0,53.08,196.46
355.36,109.628,90.657,1102.24,0.0,0.0,0.0,53.08,196.46
355.4,109.585,90.667,1102.6,0.0,0.0,0.0,53.07,196.46
355.46,109.521,90.682,1103.16,0.0,0.0,0.0,53.07,196.46
355.52,109.457,90.697,1103.71,0.0,0.0,0.0,53.06,196.46
355.56,109.414,90.707,1104.07,0.0,0.0,0.0,53.06,196.47
355.62,109.35,90.721,1104.62,0.0,0.0,0.0,53.05,196.47
355.66,109.308,90.731,1104.99,0.0,0.0,0.0,53.05,196.47
355.72,109.243,90.746,1105.54,0.0,0.0,0.0,53.04,196.47
355.76,109.201,90.756,1105.91,0.0,0.0,0.0,53.04,196.47
355.82,109.137,90.771,1106.46,0.0,0.0,0.0,53.03,196.47
355.86,109.094,90.781,1106.82,0.0,0.0,0.0,53.03,196.47
355.9,109.051,90.791,1107.19,0.0,0.0,0.0,53.02,196.47
355.96,108.987,90.805,1107.74,0.0,0.0,0.0,53.02,196.48
356.0,108.944,90.815,1108.11,0.0,0.0,0.0,53.01,196.48
356.06,108.879,90.83,1108.66,0.0,0.0,0.0,53.01,196.48
356.1,108.836,90.84,1109.03,0.0,0.0,0.0,53.0,196.48
356.16,108.772,90.855,1109.58,0.0,0.0,0.0,53.0,196.48
356.22,108.708,90.87,1110.13,0.0,0.0,0.0,52.99,196.48
356.26,108.665,90.88,1110.49,0.0,0.0,0.0,52.98,196.48
356.32,108.6,90.894,1111.04,0.0,0.0,0.0,52.98,196.48
356.36,108.557,90.904,1111.41,0.0,0.0,0.0,52.97,196.49
356.42,108.493,90.919,1111.96,0.0,0.0,0.0,52.97,196.49
356.46,108.45,90.929,1112.33,0.0,0.0,0.0,52.96,196.49
356.52,108.385,90.944,1112.88,0.0,0.0,0.0,52.96,196.49
356.56,108.342,90.954,1113.25,0.0,0.0,0.0,52.95,196.49
356.62,108.277,90.968,1113.8,0.0,0.0,0.0,52.95,196.49
356.66,108.234,90.978,1114.16,0.0,0.0,0.0,52.94,196.49
356.72,108.169,90.993,1114.71,0.0,0.0,0.0,52.94,196.49
356.76,108.126,91.003,1115.08,0.0,0.0,0.0,52.93,196.5
356.82,108.062,91.018,1115.63,0.0,0.0,0.0,52.93,196.5
356.86,108.018,91.028,1116.0,0.0,0.0,0.0,52.92,196.5
356.92,107.954,91.048,1116.55,0.0,0.0,0.0,52.92,196.5
356.96,107.91,91.053,1116.92,0.0,0.0,0.0,52.91,196.5
357.02,107.845,91.067,1117.47,0.0,0.0,0.0,52.91,196.5
357.08,107.78,91.082,1118.02,0.0,0.0,0.0,52.9,196.5
357.12,107.737,91.092,1118.39,0.0,0.0,0.0,52.9,196.5
357.16,107.694,91.102,1118.75,0.0,0.0,0.0,52.89,196.51
357.22,107.629,91.117,1119.31,0.0,0.0,0.0,52.89,196.51
357.28,107.564,91.132,1119.86,0.0,0.0,0.0,52.88,196.51
357.32,107.521,91.142,1120.22,0.0,0.0,0.0,52.87,196.51
357.38,107.455,91.156,1120.77,0.0,0.0,0.0,52.87,196.51
357.42,107.412,91.166,1121.14,0.0,0.0,0.0,52.86,196.51
357.46,107.369,91.176,1121.51,0.0,0.0,0.0,52.86,196.51
357.52,107.303,91.191,1122.06,0.0,0.0,0.0,52.85,196.51
357.58,107.238,91.206,1122.61,0.0,0.0,0.0,52.85,196.52
357.62,107.195,91.216,1122.98,0.0,0.0,0.0,52.84,196.52
357.68,107.129,91.231,1123.53,0.0,0.0,0.0,52.84,196.52
357.72,107.086,91.241,1123.9,0.0,0.0,0.0,52.83,196.52
357.78,107.021,91.255,1124.45,0.0,0.0,0.0,52.83,196.52
357.82,106.977,91.265,1124.82,0.0,0.0,0.0,52.82,196.52
357.88,106.912,91.28,1125.37,0.0,0.0,0.0,52.82,196.52
357.92,106.868,91.29,1125.74,0.0,0.0,0.0,52.81,196.52
357.96,106.825,91.3,1126.1,0.0,0.0,0.0,52.81,196.52
358.02,106.759,91.315,1126.65,0.0,0.0,0.0,52.8,196.53
358.08,106.694,91.33,1127.21,0.0,0.0,0.0,52.8,196.53
358.12,106.65,91.34,1127.57,0.0,0.0,0.0,52.79,196.53
358.18,106.584,91.354,1128.12,0.0,0.0,0.0,52.78,196.53
358.22,106.541,91.364,1128.49,0.0,0.0,0.0,52.78,196.53
358.28,106.475,91.379,1129.04,0.0,0.0,0.0,52.77,196.53
358.32,106.431,91.389,1129.41,0.0,0.0,0.0,52.77,196.53
358.38,106.366,91.404,1129.96,0.0,0.0,0.0,52.76,196.54
358.44,106.3,91.419,1130.51,0.0,0.0,0.0,52.76,196.54
358.48,106.256,91.429,1130.88,0.0,0.0,0.0,52.75,196.54
358.52,106.212,91.439,1131.25,0.0,0.0,0.0,52.75,196.54
358.58,106.147,91.454,1131.8,0.0,0.0,0.0,52.74,196.54
358.64,106.081,91.468,1132.35,0.0,0.0,0.0,52.74,196.54
358.68,106.037,91.478,1132.72,0.0,0.0,0.0,52.73,196.54
358.74,105.971,91.493,1133.27,0.0,0.0,0.0,52.73,196.54
358.78,105.927,91.503,1133.64,0.0,0.0,0.0,52.72,196.54
358.82,105.883,91.513,1134.01,0.0,0.0,0.0,52.72,196.55
358.88,105.817,91.528,1134.56,0.0,0.0,0.0,52.71,196.55
358.92,105.773,91.538,1134.93,0.0,0.0,0.0,52.71,196.55
358.98,105.707,91.553,1135.48,0.0,0.0,0.0,52.7,196.55
359.02,105.663,91.563,1135.85,0.0,0.0,0.0,52.7,196.55
359.08,105.597,91.577,1136.4,0.0,0.0,0.0,52.69,196.55
359.12,105.553,91.587,1136.77,0.0,0.0,0.0,52.68,196.55
359.18,105.487,91.602,1137.32,0.0,0.0,0.0,52.68,196.55
359.22,105.443,91.612,1137.69,0.0,0.0,0.0,52.67,196.56
359.28,105.377,91.627,1138.24,0.0,0.0,0.0,52.67,196.56
359.34,105.311,91.642,1138.79,0.0,0.0,0.0,52.66,196.56
359.38,105.266,91.652,1139.16,0.0,0.0,0.0,52.66,196.56
359.44,105.2,91.667,1139.71,0.0,0.0,0.0,52.65,196.56
359.48,105.156,91.677,1140.08,0.0,0.0,0.0,52.65,196.56
359.54,105.09,91.691,1140.63,0.0,0.0,0.0,52.64,196.56
359.58,105.045,91.701,1141.0,0.0,0.0,0.0,52.64,196.56
359.64,104.979,91.716,1141.55,0.0,0.0,0.0,52.63,196.57
359.68,104.935,91.726,1141.92,0.0,0.0,0.0,52.62,196.57
359.72,104.891,91.736,1142.29,0.0,0.0,0.0,52.62,196.57
359.78,104.824,91.751,1142.84,0.0,0.0,0.0,52.61,196.57
359.84,104.758,91.766,1143.39,0.0,0.0,0.0,52.61,196.57
359.88,104.713,91.776,1143.76,0.0,0.0,0.0,52.6,196.57
359.94,104.647,91.791,1144.31,0.0,0.0,0.0,52.6,196.57
360.0,104.58,91.806,1144.86,0.0,0.0,0.0,52.59,196.57
360.04,104.536,91.816,1145.23,0.0,0.0,0.0,52.59,196.58
360.08,104.491,91.825,1145.6,0.0,0.0,0.0,52.58,196.58
360.14,104.425,91.84,1146.15,0.0,0.0,0.0,52.58,196.58
360.2,104.358,91.855,1146.7,0.0,0.0,0.0,52.57,196.58
360.24,104.314,91.865,1147.07,0.0,0.0,0.0,52.56,196.58
360.3,104.247,91.88,1147.63,0.0,0.0,0.0,52.56,196.58
360.34,104.202,91.89,1147.99,0.0,0.0,0.0,52.55,196.58
360.4,104.135,91.905,1148.55,0.0,0.0,0.0,52.55,196.58
360.44,104.091,91.915,1148.91,0.0,0.0,0.0,52.54,196.58
360.48,104.046,91.925,1149.28,0.0,0.0,0.0,52.54,196.59
360.54,103.979,91.94,1149.84,0.0,0.0,0.0,52.53,196.59
360.6,103.913,91.955,1150.39,0.0,0.0,0.0,52.52,196.59
360.64,103.868,91.964,1150.76,0.0,0.0,0.0,52.52,196.59
360.7,103.801,91.979,1151.31,0.0,0.0,0.0,52.51,196.59
360.74,103.756,91.989,1151.68,0.0,0.0,0.0,52.51,196.59
360.8,103.689,92.004,1152.23,0.0,0.0,0.0,52.5,196.59
360.84,103.645,92.014,1152.6,0.0,0.0,0.0,52.5,196.59
360.9,103.577,92.029,1153.15,0.0,0.0,0.0,52.49,196.6
360.94,103.533,92.039,1153.52,0.0,0.0,0.0,52.49,196.6
360.98,103.488,92.049,1153.89,0.0,0.0,0.0,52.48,196.6
361.04,103.421,92.064,1154.44,0.0,0.0,0.0,52.48,196.6
361.1,103.354,92.079,1154.99,0.0,0.0,0.0,52.47,196.6
361.14,103.309,92.089,1155.36,0.0,0.0,0.0,52.47,196.6
361.2,103.242,92.104,1155.91,0.0,0.0,0.0,52.46,196.6
361.24,103.197,92.114,1156.28,0.0,0.0,0.0,52.45,196.6
361.3,103.129,92.128,1156.84,0.0,0.0,0.0,52.45,196.6
361.36,103.062,92.143,1157.39,0.0,0.0,0.0,52.44,196.61
361.4,103.017,92.153,1157.76,0.0,0.0,0.0,52.44,196.61
361.46,102.95,92.168,1158.31,0.0,0.0,0.0,52.43,196.61
361.5,102.905,92.178,1158.68,0.0,0.0,0.0,52.43,196.61
361.54,102.86,92.188,1159.05,0.0,0.0,0.0,52.42,196.61
361.6,102.792,92.203,1159.6,0.0,0.0,0.0,52.41,196.61
361.66,102.725,92.218,1160.15,0.0,0.0,0.0,52.41,196.61
361.7,102.68,92.228,1160.52,0.0,0.0,0.0,52.4,196.61
361.76,102.612,92.243,1161.07,0.0,0.0,0.0,52.4,196.62
361.8,102.567,92.253,1161.44,0.0,0.0,0.0,52.39,196.62
361.86,102.499,92.268,1162.0,0.0,0.0,0.0,52.38,196.62
361.9,102.454,92.278,1162.37,0.0,0.0,0.0,52.38,196.62
361.96,102.387,92.293,1162.92,0.0,0.0,0.0,52.37,196.62
362.0,102.342,92.302,1163.29,0.0,0.0,0.0,52.37,196.62
362.06,102.274,92.317,1163.84,0.0,0.0,0.0,52.36,196.62
362.1,102.229,92.327,1164.21,0.0,0.0,0.0,52.36,196.62
362.16,102.161,92.342,1164.76,0.0,0.0,0.0,52.35,196.62
362.2,102.116,92.352,1165.13,0.0,0.0,0.0,52.35,196.63
362.26,102.048,92.367,1165.68,0.0,0.0,0.0,52.34,196.63
362.32,101.98,92.382,1166.24,0.0,0.0,0.0,52.33,196.63
362.36,101.935,92.392,1166.61,0.0,0.0,0.0,52.33,196.63
362.4,101.889,92.402,1166.97,0.0,0.0,0.0,52.32,196.63
362.46,101.821,92.417,1167.53,0.0,0.0,0.0,52.32,196.63
362.5,101.776,92.427,1167.9,0.0,0.0,0.0,52.31,196.63
362.56,101.708,92.442,1168.45,0.0,0.0,0.0,52.31,196.63
362.6,101.663,92.452,1168.82,0.0,0.0,0.0,52.3,196.63
362.66,101.594,92.467,1169.37,0.0,0.0,0.0,52.29,196.64
362.72,101.526,92.482,1169.93,0.0,0.0,0.0,52.29,196.64
362.76,101.481,92.492,1170.3,0.0,0.0,0.0,52.28,196.64
362.8,101.435,92.502,1170.66,0.0,0.0,0.0,52.28,196.64
362.84,101.39,92.512,1171.03,0.0,0.0,0.0,52.27,196.64
362.92,101.299,92.531,1171.77,0.0,0.0,0.0,52.26,196.64
362.96,101.254,92.541,1172.14,0.0,0.0,0.0,52.26,196.64
363.0,101.208,92.551,1172.51,0.0,0.0,0.0,52.25,196.64
363.06,101.14,92.566,1173.06,0.0,0.0,0.0,52.25,196.65
363.1,101.094,92.576,1173.43,0.0,0.0,0.0,52.24,196.65
363.16,101.026,92.591,1173.99,0.0,0.0,0.0,52.24,196.65
363.2,100.98,92.601,1174.35,0.0,0.0,0.0,52.23,196.65
363.26,100.912,92.616,1174.91,0.0,0.0,0.0,52.22,196.65
363.3,100.866,92.626,1175.28,0.0,0.0,0.0,52.22,196.65
363.36,100.798,92.641,1175.83,0.0,0.0,0.0,52.21,196.65
363.42,100.729,92.656,1176.38,0.0,0.0,0.0,52.2,196.65
363.46,100.683,92.666,1176.75,0.0,0.0,0.0,52.2,196.65
363.5,100.638,92.676,1177.12,0.0,0.0,0.0,52.2,196.65
363.56,100.569,92.691,1177.68,0.0,0.0,0.0,52.19,196.66
363.62,100.5,92.706,1178.23,0.0,0.0,0.0,52.18,196.66
363.66,100.455,92.716,1178.6,0.0,0.0,0.0,52.18,196.66
363.7,100.409,92.726,1178.97,0.0,0.0,0.0,52.17,196.66
363.76,100.34,92.741,1179.52,0.0,0.0,0.0,52.16,196.66
363.8,100.294,92.751,1179.89,0.0,0.0,0.0,52.16,196.66
363.86,100.226,92.766,1180.45,0.0,0.0,0.0,52.15,196.66
363.9,100.18,92.776,1180.81,0.0,0.0,0.0,52.15,196.66
363.96,100.111,92.791,1181.37,0.0,0.0,0.0,52.14,196.67
364.0,100.065,92.801,1181.74,0.0,0.0,0.0,52.14,196.67
364.06,99.996,92.815,1182.29,0.0,0.0,0.0,52.13,196.67
364.1,99.95,92.825,1182.66,0.0,0.0,0.0,52.12,196.67
364.16,99.881,92.84,1183.22,0.0,0.0,0.0,52.12,196.67
364.22,99.812,92.855,1183.77,0.0,0.0,0.0,52.11,196.67
364.26,99.766,92.865,1184.14,0.0,0.0,0.0,52.1,196.67
364.3,99.72,92.875,1184.51,0.0,0.0,0.0,52.1,196.67
364.36,99.651,92.89,1185.06,0.0,0.0,0.0,52.09,196.67
364.42,99.582,92.905,1185.62,0.0,0.0,0.0,52.08,196.67
364.46,99.536,92.915,1185.99,0.0,0.0,0.0,52.08,196.68
364.52,99.467,92.93,1186.54,0.0,0.0,0.0,52.07,196.68
364.56,99.421,92.94,1186.91,0.0,0.0,0.0,52.07,196.68
364.62,99.351,92.955,1187.46,0.0,0.0,0.0,52.06,196.68
364.66,99.305,92.965,1187.83,0.0,0.0,0.0,52.06,196.68
364.7,99.259,92.975,1188.2,0.0,0.0,0.0,52.05,196.68
364.76,99.19,92.99,1188.76,0.0,0.0,0.0,52.04,196.68
364.82,99.121,93.005,1189.31,0.0,0.0,0.0,52.04,196.68
364.86,99.074,93.015,1189.68,0.0,0.0,0.0,52.03,196.68
364.92,99.005,93.03,1190.23,0.0,0.0,0.0,52.02,196.69
364.96,98.959,93.04,1190.6,0.0,0.0,0.0,52.02,196.69
365.0,98.912,93.05,1190.97,0.0,0.0,0.0,52.01,196.69
365.06,98.843,93.065,1191.53,0.0,0.0,0.0,52.01,196.69
365.12,98.773,93.08,1192.08,0.0,0.0,0.0,52.0,196.69
365.16,98.727,93.09,1192.45,0.0,0.0,0.0,51.99,196.69
365.22,98.658,93.105,1193.01,0.0,0.0,0.0,51.98,196.69
365.26,98.611,93.115,1193.38,0.0,0.0,0.0,51.98,196.69
365.32,98.542,93.13,1193.93,0.0,0.0,0.0,51.97,196.69
365.36,98.495,93.14,1194.3,0.0,0.0,0.0,51.97,196.69
365.4,98.449,93.15,1194.67,0.0,0.0,0.0,51.96,196.7
365.46,98.379,93.165,1195.22,0.0,0.0,0.0,51.95,196.7
365.52,98.309,93.18,1195.78,0.0,0.0,0.0,51.95,196.7
365.56,98.263,93.19,1196.15,0.0,0.0,0.0,51.94,196.7
365.62,98.193,93.205,1196.7,0.0,0.0,0.0,51.93,196.7
365.66,98.147,93.215,1197.07,0.0,0.0,0.0,51.93,196.7
365.72,98.077,93.23,1197.63,0.0,0.0,0.0,51.92,196.7
365.76,98.03,93.24,1198.0,0.0,0.0,0.0,51.92,196.7
365.8,97.96,93.255,1198.55,0.0,0.0,0.0,51.91,196.7
365.88,97.89,93.27,1199.11,0.0,0.0,0.0,51.9,196.71
365.92,97.844,93.28,1199.48,0.0,0.0,0.0,51.89,196.71
365.98,97.774,93.295,1200.03,0.0,0.0,0.0,51.89,196.71
366.02,97.727,93.305,1200.4,0.0,0.0,0.0,51.88,196.71
366.08,97.657,93.32,1200.96,0.0,0.0,0.0,51.87,196.71
366.12,97.61,93.33,1201.33,0.0,0.0,0.0,51.87,196.71
366.18,97.54,93.345,1201.88,0.0,0.0,0.0,51.86,196.71
366.22,97.493,93.355,1202.25,0.0,0.0,0.0,51.85,196.71
366.28,97.423,93.37,1202.8,0.0,0.0,0.0,51.85,196.71
366.32,97.377,93.38,1203.17,0.0,0.0,0.0,51.84,196.71
366.38,97.306,93.395,1203.73,0.0,0.0,0.0,51.83,196.72
366.42,97.26,93.405,1204.1,0.0,0.0,0.0,51.83,196.72
366.48,97.189,93.42,1204.65,0.0,0.0,0.0,51.82,196.72
366.52,97.142,93.43,1205.02,0.0,0.0,0.0,51.81,196.72
366.58,97.072,93.445,1205.58,0.0,0.0,0.0,51.81,196.72
366.62,97.025,93.455,1205.95,0.0,0.0,0.0,51.8,196.72
366.68,96.955,93.47,1206.5,0.0,0.0,0.0,51.79,196.72
366.74,96.884,93.485,1207.06,0.0,0.0,0.0,51.78,196.72
366.78,96.837,93.495,1207.43,0.0,0.0,0.0,51.78,196.72
366.84,96.767,93.51,1207.98,0.0,0.0,0.0,51.77,196.72
366.88,96.72,93.52,1208.35,0.0,0.0,0.0,51.77,196.73
366.94,96.649,93.535,1208.91,0.0,0.0,0.0,51.76,196.73
366.98,96.602,93.545,1209.28,0.0,0.0,0.0,51.75,196.73
367.04,96.532,93.56,1209.83,0.0,0.0,0.0,51.74,196.73
367.08,96.485,93.57,1210.2,0.0,0.0,0.0,51.74,196.73
367.14,96.414,93.585,1210.76,0.0,0.0,0.0,51.73,196.73
367.18,96.367,93.595,1211.13,0.0,0.0,0.0,51.72,196.73
367.24,96.296,93.61,1211.68,0.0,0.0,0.0,51.71,196.73
367.3,96.226,93.625,1212.24,0.0,0.0,0.0,51.71,196.73
367.34,96.178,93.635,1212.61,0.0,0.0,0.0,51.7,196.73
367.38,96.131,93.645,1212.98,0.0,0.0,0.0,51.7,196.73
367.44,96.06,93.66,1213.53,0.0,0.0,0.0,51.69,196.74
367.48,96.013,93.67,1213.91,0.0,0.0,0.0,51.68,196.74
367.52,95.966,93.685,1214.28,0.0,0.0,0.0,51.67,196.74
367.6,95.871,93.7,1215.02,0.0,0.0,0.0,51.66,196.74
367.64,95.824,93.71,1215.39,0.0,0.0,0.0,51.66,196.74
367.7,95.753,93.725,1215.94,0.0,0.0,0.0,51.65,196.74
367.74,95.706,93.735,1216.31,0.0,0.0,0.0,51.64,196.74
367.8,95.635,93.75,1216.87,0.0,0.0,0.0,51.63,196.74
367.84,95.587,93.76,1217.24,0.0,0.0,0.0,51.63,196.74
367.9,95.516,93.775,1217.79,0.0,0.0,0.0,51.62,196.74
367.94,95.469,93.785,1218.16,0.0,0.0,0.0,51.61,196.74
368.0,95.398,93.8,1218.72,0.0,0.0,0.0,51.6,196.75
368.06,95.327,93.815,1219.27,0.0,0.0,0.0,51.6,196.75
368.1,95.279,93.825,1219.64,0.0,0.0,0.0,51.59,196.75
368.14,95.232,93.835,1220.01,0.0,0.0,0.0,51.58,196.75
368.2,95.161,93.85,1220.57,0.0,0.0,0.0,51.57,196.75
368.24,95.113,93.86,1220.94,0.0,0.0,0.0,51.57,196.75
368.3,95.042,93.875,1221.5,0.0,0.0,0.0,51.56,196.75
368.34,94.994,93.885,1221.87,0.0,0.0,0.0,51.55,196.75
368.4,94.923,93.9,1222.42,0.0,0.0,0.0,51.54,196.75
368.44,94.875,93.91,1222.79,0.0,0.0,0.0,51.54,196.75
368.5,94.804,93.925,1223.35,0.0,0.0,0.0,51.53,196.75
368.54,94.756,93.935,1223.72,0.0,0.0,0.0,51.52,196.75
368.6,94.685,93.95,1224.27,0.0,0.0,0.0,51.51,196.76
368.64,94.637,93.96,1224.64,0.0,0.0,0.0,51.51,196.76
368.7,94.565,93.975,1225.2,0.0,0.0,0.0,51.5,196.76
368.74,94.518,93.985,1225.57,0.0,0.0,0.0,51.49,196.76
368.8,94.446,94.0,1226.12,0.0,0.0,0.0,51.48,196.76
368.84,94.398,94.01,1226.5,0.0,0.0,0.0,51.48,196.76
368.9,94.327,94.026,1227.05,0.0,0.0,0.0,51.47,196.76
368.96,94.255,94.041,1227.61,0.0,0.0,0.0,51.46,196.76
368.98,94.207,94.051,1227.98,0.0,0.0,0.0,51.45,196.76
369.04,94.16,94.061,1228.35,0.0,0.0,0.0,51.44,196.76
369.1,94.088,94.076,1228.9,0.0,0.0,0.0,51.43,196.76
369.14,94.04,94.086,1229.27,0.0,0.0,0.0,51.43,196.76
369.18,93.992,94.096,1229.64,0.0,0.0,0.0,51.42,196.77
369.24,93.92,94.111,1230.2,0.0,0.0,0.0,51.41,196.77
369.28,93.872,94.121,1230.57,0.0,0.0,0.0,51.41,196.77
369.34,93.8,94.136,1231.13,0.0,0.0,0.0,51.4,196.77
369.36,93.752,94.146,1231.5,0.0,0.0,0.0,51.39,196.77
369.44,93.681,94.161,1232.05,0.0,0.0,0.0,51.38,196.77
369.48,93.633,94.171,1232.42,0.0,0.0,0.0,51.37,196.77
369.56,93.537,94.191,1233.16,0.0,0.0,0.0,51.36,196.77
369.6,93.488,94.201,1233.54,0.0,0.0,0.0,51.35,196.77
369.66,93.416,94.216,1234.09,0.0,0.0,0.0,51.34,196.77
369.7,93.368,94.226,1234.46,0.0,0.0,0.0,51.34,196.77
369.74,93.32,94.236,1234.83,0.0,0.0,0.0,51.33,196.77
369.8,93.248,94.251,1235.39,0.0,0.0,0.0,51.32,196.77
369.82,93.2,94.261,1235.76,0.0,0.0,0.0,51.31,196.78
369.86,93.152,94.271,1236.13,0.0,0.0,0.0,51.3,196.78
369.92,93.104,94.281,1236.5,0.0,0.0,0.0,51.3,196.78
369.92,93.08,94.291,1236.69,0.0,0.0,0.0,51.29,196.78
369.96,93.007,94.301,1237.24,0.0,0.0,0.0,51.28,196.78
370.0,92.983,94.307,1237.43,0.0,0.0,0.0,51.28,196.78
370.02,92.959,94.327,1237.8,0.0,0.0,0.0,51.27,196.78
370.1,92.887,94.337,1238.17,0.0,0.0,0.0,51.26,196.78
370.18,92.79,94.347,1238.91,0.0,0.0,0.0,51.25,196.78
370.2,92.766,94.352,1239.09,0.0,0.0,0.0,51.25,196.78
370.24,92.718,94.362,1239.47,0.0,0.0,0.0,51.24,196.78
370.28,92.67,94.372,1239.84,0.0,0.0,0.0,51.23,196.78
370.34,92.597,94.387,1240.39,0.0,0.0,0.0,51.22,196.78
370.38,92.549,94.397,1240.76,0.0,0.0,0.0,51.22,196.78
370.4,92.525,94.402,1240.95,0.0,0.0,0.0,51.21,196.78
370.44,92.476,94.412,1241.32,0.0,0.0,0.0,51.21,196.78
370.48,92.428,94.422,1241.69,0.0,0.0,0.0,51.2,196.78
370.54,92.355,94.437,1242.25,0.0,0.0,0.0,51.19,196.79
370.6,92.283,94.452,1242.8,0.0,0.0,0.0,51.18,196.79
370.64,92.234,94.462,1243.17,0.0,0.0,0.0,51.17,196.79
370.66,92.21,94.467,1243.36,0.0,0.0,0.0,51.17,196.79
370.74,92.113,94.487,1244.1,0.0,0.0,0.0,51.15,196.79
370.8,92.04,94.502,1244.66,0.0,0.0,0.0,51.14,196.79
370.84,91.992,94.512,1245.03,0.0,0.0,0.0,51.13,196.79
370.9,91.919,94.528,1245.58,0.0,0.0,0.0,51.12,196.79
370.94,91.871,94.538,1245.95,0.0,0.0,0.0,51.11,196.79
371.0,91.798,94.553,1246.51,0.0,0.0,0.0,51.1,196.79
371.04,91.749,94.563,1246.88,0.0,0.0,0.0,51.09,196.79
371.08,91.701,94.573,1247.25,0.0,0.0,0.0,51.09,196.79
371.08,91.676,94.588,1247.62,0.0,0.0,0.0,51.07,196.79
371.18,91.579,94.598,1248.18,0.0,0.0,0.0,51.07,196.79
371.18,91.555,94.613,1248.74,0.0,0.0,0.0,51.05,196.79
371.28,91.457,94.623,1249.11,0.0,0.0,0.0,51.05,196.79
371.32,91.409,94.633,1249.48,0.0,0.0,0.0,51.04,196.79
371.36,91.36,94.643,1249.85,0.0,0.0,0.0,51.03,196.79
371.42,91.287,94.658,1250.4,0.0,0.0,0.0,51.02,196.8
371.46,91.238,94.668,1250.78,0.0,0.0,0.0,51.01,196.8
371.52,91.165,94.683,1251.33,0.0,0.0,0.0,51.0,196.8
371.56,91.116,94.693,1251.7,0.0,0.0,0.0,50.99,196.8
371.64,91.019,94.714,1252.44,0.0,0.0,0.0,50.98,196.8
371.68,90.97,94.724,1252.82,0.0,0.0,0.0,50.97,196.8
371.74,90.897,94.739,1253.37,0.0,0.0,0.0,50.95,196.8
371.76,90.848,94.749,1253.74,0.0,0.0,0.0,50.95,196.8
371.84,90.774,94.764,1254.3,0.0,0.0,0.0,50.93,196.8
371.9,90.701,94.779,1254.86,0.0,0.0,0.0,50.92,196.8
371.94,90.652,94.789,1255.23,0.0,0.0,0.0,50.91,196.8
372.0,90.579,94.804,1255.78,0.0,0.0,0.0,50.9,196.8
372.04,90.53,94.814,1256.15,0.0,0.0,0.0,50.89,196.8
372.1,90.456,94.829,1256.71,0.0,0.0,0.0,50.88,196.8
372.14,90.407,94.839,1257.08,0.0,0.0,0.0,50.87,196.8
372.2,90.334,94.854,1257.64,0.0,0.0,0.0,50.86,196.8
372.24,90.285,94.864,1258.01,0.0,0.0,0.0,50.85,196.8
372.3,90.211,94.88,1258.57,0.0,0.0,0.0,50.84,196.8
372.34,90.162,94.89,1258.94,0.0,0.0,0.0,50.83,196.8
372.4,90.089,94.905,1259.49,0.0,0.0,0.0,50.81,196.81
372.44,90.039,94.915,1259.86,0.0,0.0,0.0,50.81,196.81
372.5,89.966,94.93,1260.42,0.0,0.0,0.0,50.79,196.81
372.54,89.917,94.94,1260.79,0.0,0.0,0.0,50.78,196.81
372.6,89.843,94.955,1261.35,0.0,0.0,0.0,50.77,196.81
372.64,89.794,94.965,1261.72,0.0,0.0,0.0,50.76,196.81
372.7,89.72,94.98,1262.28,0.0,0.0,0.0,50.75,196.81
372.74,89.671,94.99,1262.65,0.0,0.0,0.0,50.74,196.81
372.8,89.597,95.005,1263.2,0.0,0.0,0.0,50.72,196.81
372.84,89.547,95.015,1263.57,0.0,0.0,0.0,50.72,196.81
372.9,89.474,95.031,1264.13,0.0,0.0,0.0,50.7,196.81
372.96,89.4,95.046,1264.69,0.0,0.0,0.0,50.69,196.81
373.0,89.35,95.056,1265.06,0.0,0.0,0.0,50.68,196.81
373.06,89.276,95.071,1265.62,0.0,0.0,0.0,50.66,196.81
373.1,89.227,95.081,1265.99,0.0,0.0,0.0,50.65,196.81
373.16,89.153,95.096,1266.54,0.0,0.0,0.0,50.64,196.81
373.2,89.103,95.106,1266.91,0.0,0.0,0.0,50.63,196.81
373.26,89.029,95.121,1267.47,0.0,0.0,0.0,50.62,196.81
373.3,88.98,95.131,1267.84,0.0,0.0,0.0,50.61,196.81
373.36,88.906,95.146,1268.4,0.0,0.0,0.0,50.59,196.81
373.4,88.856,95.157,1268.77,0.0,0.0,0.0,50.58,196.81
373.46,88.782,95.172,1269.33,0.0,0.0,0.0,50.57,196.81
373.52,88.708,95.187,1269.88,0.0,0.0,0.0,50.55,196.81
373.58,88.633,95.207,1270.44,0.0,0.0,0.0,50.54,196.81
373.62,88.559,95.217,1271.0,0.0,0.0,0.0,50.52,196.81
373.68,88.509,95.227,1271.37,0.0,0.0,0.0,50.51,196.81
373.72,88.46,95.237,1271.74,0.0,0.0,0.0,50.5,196.81
373.78,88.385,95.252,1272.3,0.0,0.0,0.0,50.49,196.81
373.82,88.336,95.262,1272.67,0.0,0.0,0.0,50.48,196.81
373.86,88.286,95.272,1273.04,0.0,0.0,0.0,50.47,196.81
373.92,88.212,95.288,1273.6,0.0,0.0,0.0,50.45,196.81
373.96,88.162,95.298,1273.97,0.0,0.0,0.0,50.44,196.81
374.02,88.087,95.313,1274.52,0.0,0.0,0.0,50.42,196.81
374.08,88.013,95.328,1275.08,0.0,0.0,0.0,50.41,196.81
374.12,87.963,95.338,1275.45,0.0,0.0,0.0,50.4,196.81
374.18,87.888,95.353,1276.01,0.0,0.0,0.0,50.38,196.81
374.22,87.839,95.363,1276.38,0.0,0.0,0.0,50.37,196.81
374.28,87.764,95.378,1276.94,0.0,0.0,0.0,50.35,196.81
374.32,87.714,95.388,1277.31,0.0,0.0,0.0,50.34,196.81
374.36,87.664,95.399,1277.68,0.0,0.0,0.0,50.33,196.82
374.42,87.589,95.414,1278.24,0.0,0.0,0.0,50.32,196.82
374.48,87.515,95.429,1278.79,0.0,0.0,0.0,50.3,196.82
374.52,87.465,95.439,1279.16,0.0,0.0,0.0,50.29,196.82
374.56,87.415,95.449,1279.53,0.0,0.0,0.0,50.28,196.82
374.62,87.34,95.464,1280.09,0.0,0.0,0.0,50.26,196.82
374.66,87.29,95.474,1280.46,0.0,0.0,0.0,50.25,196.82
374.72,87.215,95.489,1281.02,0.0,0.0,0.0,50.23,196.82
374.78,87.14,95.505,1281.58,0.0,0.0,0.0,50.21,196.82
374.82,87.09,95.515,1281.95,0.0,0.0,0.0,50.2,196.82
374.86,87.04,95.525,1282.32,0.0,0.0,0.0,50.19,196.82
374.92,86.965,95.54,1282.88,0.0,0.0,0.0,50.17,196.82
374.96,86.915,95.55,1283.25,0.0,0.0,0.0,50.16,196.82
375.02,86.84,95.565,1283.8,0.0,0.0,0.0,50.14,196.82
375.08,86.764,95.58,1284.36,0.0,0.0,0.0,50.13,196.82
375.12,86.714,95.59,1284.73,0.0,0.0,0.0,50.11,196.82
375.14,86.689,95.595,1284.92,0.0,0.01,0.0,50.11,196.82
375.16,86.639,95.605,1285.29,0.0,0.01,0.0,50.1,196.81
375.22,86.589,95.616,1285.66,0.0,0.01,0.0,50.08,196.81
375.26,86.539,95.626,1286.03,0.0,0.01,0.0,50.07,196.81
375.26,86.514,95.636,1286.4,0.0,0.01,0.0,50.06,196.81
375.32,86.463,95.641,1286.59,0.0,0.01,0.0,50.05,196.81
375.32,86.413,95.651,1286.96,0.0,0.01,0.0,50.04,196.81
375.36,86.413,95.661,1286.96,0.0,0.01,0.0,50.03,196.81
375.42,86.313,95.671,1287.7,0.0,0.01,0.0,50.02,196.81
375.5,86.237,95.686,1288.26,0.0,0.01,0.0,50.0,196.81
375.5,86.237,95.691,1288.26,0.0,0.01,0.0,49.99,196.81
375.56,86.162,95.701,1288.82,0.0,0.01,0.0,49.98,196.81
375.6,86.112,95.712,1289.19,0.0,0.01,0.0,49.97,196.81
375.66,86.036,95.727,1289.74,0.0,0.01,0.0,49.95,196.81
375.72,85.961,95.742,1290.3,0.0,0.01,0.0,49.93,196.81
375.76,85.91,95.752,1290.67,0.0,0.01,0.0,49.91,196.81
375.82,85.835,95.767,1291.23,0.0,0.01,0.0,49.89,196.81
375.88,85.759,95.782,1291.78,0.0,0.01,0.0,49.87,196.81
375.92,85.709,95.792,1292.16,0.0,0.01,0.0,49.86,196.81
375.98,85.633,95.808,1292.71,0.0,0.01,0.0,49.84,196.81
376.02,85.582,95.818,1293.08,0.0,0.01,0.0,49.83,196.81
376.06,85.532,95.828,1293.45,0.0,0.01,0.0,49.81,196.81
376.12,85.456,95.843,1294.01,0.0,0.01,0.0,49.79,196.81
376.16,85.406,95.853,1294.38,0.0,0.01,0.0,49.78,196.81
376.18,85.355,95.863,1294.75,0.0,0.01,0.0,49.77,196.81
376.26,85.279,95.878,1295.31,0.0,0.01,0.0,49.75,196.81
376.3,85.229,95.888,1295.68,0.0,0.01,0.0,49.73,196.81
376.36,85.153,95.904,1296.24,0.0,0.01,0.0,49.71,196.81
376.4,85.102,95.914,1296.61,0.0,0.01,0.0,49.7,196.81
376.44,85.052,95.924,1296.98,0.0,0.01,0.0,49.68,196.81
376.48,84.976,95.939,1297.54,0.0,0.01,0.0,49.66,196.81
376.56,84.9,95.954,1298.09,0.01,0.01,0.0,49.64,196.81
376.6,84.849,95.964,1298.47,0.01,0.01,0.0,49.62,196.81
376.66,84.773,95.979,1299.02,0.01,0.01,0.0,49.6,196.81
376.7,84.722,95.99,1299.39,0.01,0.01,0.0,49.59,196.81
376.76,84.646,96.005,1299.95,0.01,0.01,0.0,49.57,196.81
376.8,84.595,96.015,1300.32,0.01,0.01,0.0,49.55,196.81
376.86,84.519,96.03,1300.88,0.01,0.01,0.0,49.53,196.81
376.9,84.468,96.04,1301.25,0.01,0.01,0.0,49.51,196.8
376.96,84.392,96.055,1301.81,0.01,0.01,0.0,49.49,196.8
377.02,84.316,96.07,1302.36,0.01,0.01,0.0,49.47,196.8
377.06,84.265,96.081,1302.73,0.01,0.01,0.0,49.45,196.8
377.12,84.188,96.096,1303.29,0.01,0.01,0.0,49.43,196.8
377.16,84.138,96.106,1303.66,0.01,0.01,0.0,49.41,196.8
377.22,84.061,96.121,1304.22,0.01,0.01,0.0,49.39,196.8
377.26,84.01,96.131,1304.59,0.01,0.01,0.0,49.37,196.8
377.32,83.934,96.146,1305.14,0.01,0.01,0.0,49.35,196.8
377.36,83.883,96.156,1305.52,0.01,0.01,0.0,49.33,196.8
377.42,83.806,96.172,1306.07,0.01,0.01,0.0,49.31,196.8
377.46,83.755,96.182,1306.44,0.01,0.01,0.0,49.29,196.8
377.52,83.679,96.197,1307.0,0.01,0.01,0.0,49.27,196.8
377.58,83.602,96.212,1307.56,0.01,0.01,0.0,49.24,196.8
377.62,83.551,96.222,1307.93,0.01,0.01,0.0,49.23,196.8
377.68,83.474,96.237,1308.48,0.01,0.01,0.0,49.2,196.79
377.72,83.423,96.248,1308.85,0.01,0.01,0.0,49.18,196.79
377.78,83.347,96.263,1309.41,0.01,0.01,0.0,49.16,196.79
377.82,83.295,96.273,1309.78,0.01,0.01,0.0,49.14,196.79
377.88,83.219,96.288,1310.34,0.01,0.01,0.0,49.11,196.79
377.92,83.168,96.298,1310.71,0.01,0.01,0.0,49.1,196.79
377.98,83.091,96.313,1311.27,0.01,0.01,0.0,49.07,196.79
378.02,83.039,96.324,1311.64,0.01,0.01,0.0,49.05,196.79
378.08,82.963,96.339,1312.19,0.01,0.01,0.0,49.03,196.79
378.12,82.911,96.349,1312.56,0.01,0.01,0.0,49.01,196.79
378.18,82.834,96.364,1313.12,0.01,0.01,0.0,48.98,196.79
378.22,82.783,96.374,1313.49,0.01,0.01,0.0,48.96,196.79
378.28,82.706,96.389,1314.05,0.01,0.01,0.0,48.94,196.78
378.32,82.655,96.4,1314.42,0.01,0.01,0.0,48.92,196.78
378.38,82.578,96.415,1314.97,0.01,0.01,0.0,48.89,196.78
378.42,82.526,96.425,1315.34,0.01,0.01,0.0,48.87,196.78
378.48,82.449,96.44,1315.9,0.01,0.01,0.0,48.84,196.78
378.52,82.398,96.45,1316.27,0.01,0.01,0.0,48.82,196.78
378.58,82.321,96.465,1316.83,0.01,0.01,0.0,48.79,196.78
378.62,82.269,96.476,1317.2,0.01,0.01,0.0,48.78,196.78
378.68,82.192,96.491,1317.75,0.01,0.01,0.0,48.75,196.78
378.72,82.14,96.501,1318.12,0.01,0.01,0.0,48.73,196.78
378.78,82.063,96.516,1318.68,0.01,0.01,0.0,48.7,196.77
378.82,82.012,96.526,1319.05,0.01,0.01,0.0,48.68,196.77
378.88,81.934,96.541,1319.61,0.01,0.01,0.0,48.65,196.77
378.92,81.883,96.552,1319.98,0.01,0.01,0.0,48.63,196.77
378.98,81.805,96.567,1320.53,0.01,0.01,0.0,48.6,196.77
379.02,81.754,96.577,1320.9,0.01,0.01,0.0,48.58,196.77
379.08,81.676,96.592,1321.46,0.01,0.01,0.0,48.55,196.77
379.12,81.625,96.602,1321.83,0.01,0.01,0.0,48.53,196.77
379.18,81.547,96.617,1322.39,0.01,0.01,0.0,48.49,196.76
379.22,81.495,96.628,1322.76,0.01,0.01,0.0,48.47,196.76
379.28,81.418,96.643,1323.31,0.01,0.01,0.0,48.44,196.76
379.32,81.366,96.653,1323.68,0.01,0.01,0.0,48.42,196.76
379.38,81.289,96.668,1324.24,0.01,0.01,0.0,48.39,196.76
379.42,81.237,96.678,1324.61,0.01,0.01,0.0,48.37,196.76
379.48,81.159,96.693,1325.16,0.01,0.01,0.0,48.33,196.76
379.54,81.081,96.709,1325.72,0.01,0.01,0.0,48.3,196.75
379.58,81.03,96.719,1326.09,0.01,0.01,0.0,48.28,196.75
379.64,80.952,96.734,1326.65,0.01,0.01,0.0,48.25,196.75
379.68,80.9,96.744,1327.02,0.01,0.01,0.0,48.22,196.75
379.72,80.848,96.754,1327.39,0.01,0.01,0.0,48.2,196.75
379.78,80.77,96.77,1327.94,0.01,0.01,0.0,48.17,196.75
379.84,80.692,96.785,1328.5,0.01,0.01,0.0,48.13,196.75
379.88,80.64,96.795,1328.87,0.01,0.01,0.0,48.11,196.74
379.94,80.563,96.81,1329.42,0.01,0.01,0.0,48.08,196.74
379.98,80.511,96.82,1329.79,0.01,0.01,0.0,48.05,196.74
380.04,80.433,96.836,1330.35,0.01,0.01,0.0,48.02,196.74
380.08,80.381,96.846,1330.72,0.01,0.01,0.0,47.99,196.74
380.14,80.303,96.866,1331.27,0.01,0.02,0.0,47.96,196.74
380.18,80.25,96.876,1331.64,0.01,0.02,0.0,47.92,196.73
380.26,80.146,96.896,1332.38,0.01,0.02,0.0,47.87,196.73
380.32,80.068,96.907,1332.94,0.01,0.02,0.0,47.85,196.73
380.36,80.016,96.917,1333.31,0.01,0.02,0.0,47.82,196.73
380.4,79.964,96.927,1333.68,0.01,0.02,0.0,47.8,196.73
380.46,79.886,96.942,1334.24,0.01,0.02,0.0,47.76,196.73
380.5,79.834,96.952,1334.61,0.01,0.02,0.0,47.74,196.72
380.56,79.755,96.967,1335.16,0.01,0.02,0.0,47.7,196.72
380.6,79.703,96.978,1335.53,0.01,0.02,0.0,47.67,196.72
380.66,79.625,96.993,1336.08,0.01,0.02,0.0,47.64,196.72
380.72,79.546,97.008,1336.64,0.01,0.02,0.0,47.6,196.72
380.76,79.494,97.018,1337.01,0.01,0.02,0.0,47.57,196.71
380.82,79.416,97.033,1337.56,0.01,0.02,0.0,47.53,196.71
380.86,79.363,97.044,1337.93,0.01,0.02,0.0,47.51,196.71
380.92,79.285,97.059,1338.49,0.01,0.02,0.0,47.47,196.71
380.96,79.232,97.069,1338.86,0.01,0.02,0.0,47.44,196.71
381.0,79.18,97.079,1339.23,0.01,0.02,0.0,47.41,196.71
381.06,79.102,97.094,1339.78,0.01,0.02,0.0,47.37,196.7
381.1,79.049,97.105,1340.15,0.01,0.02,0.0,47.34,196.7
381.16,78.971,97.12,1340.71,0.01,0.02,0.0,47.3,196.7
381.22,78.892,97.135,1341.26,0.01,0.02,0.0,47.26,196.7
381.26,78.839,97.145,1341.63,0.01,0.02,0.0,47.23,196.69
381.32,78.761,97.16,1342.19,0.01,0.02,0.0,47.19,196.69
381.36,78.708,97.171,1342.55,0.01,0.02,0.0,47.16,196.69
381.42,78.629,97.186,1343.11,0.01,0.02,0.0,47.12,196.69
381.46,78.577,97.196,1343.48,0.01,0.02,0.0,47.09,196.69
381.52,78.498,97.211,1344.03,0.01,0.02,0.0,47.05,196.68
381.56,78.445,97.221,1344.4,0.01,0.02,0.0,47.02,196.68
381.62,78.367,97.237,1344.96,0.01,0.02,0.0,46.98,196.68
381.66,78.314,97.247,1345.33,0.01,0.02,0.0,46.95,196.68
381.72,78.235,97.262,1345.88,0.01,0.02,0.0,46.9,196.67
381.76,78.182,97.272,1346.25,0.01,0.02,0.0,46.87,196.67
381.82,78.103,97.288,1346.8,0.01,0.02,0.0,46.83,196.67
381.86,78.051,97.298,1347.17,0.01,0.02,0.0,46.8,196.67
381.92,77.972,97.313,1347.73,0.01,0.02,0.0,46.75,196.66
381.96,77.919,97.323,1348.09,0.01,0.02,0.0,46.72,196.66
382.02,77.84,97.338,1348.65,0.01,0.02,0.0,46.68,196.66
382.08,77.761,97.354,1349.2,0.01,0.02,0.0,46.63,196.66
382.12,77.708,97.364,1349.57,0.01,0.02,0.0,46.6,196.66
382.18,77.629,97.379,1350.12,0.01,0.02,0.0,46.55,196.65
382.22,77.576,97.389,1350.49,0.02,0.02,0.0,46.52,196.65
382.28,77.497,97.404,1351.05,0.02,0.02,0.0,46.47,196.65
382.32,77.444,97.415,1351.42,0.02,0.02,0.0,46.44,196.65
382.38,77.364,97.43,1351.97,0.02,0.02,0.0,46.39,196.64
382.42,77.312,97.44,1352.34,0.02,0.02,0.0,46.36,196.64
382.48,77.232,97.455,1352.89,0.02,0.02,0.0,46.31,196.64
382.52,77.179,97.465,1353.26,0.02,0.03,0.0,46.28,196.63
382.58,77.1,97.481,1353.81,0.02,0.03,0.0,46.23,196.63
382.62,77.047,97.491,1354.18,0.02,0.03,0.0,46.2,196.63
382.68,76.967,97.506,1354.73,0.02,0.03,0.0,46.15,196.63
382.72,76.914,97.516,1355.1,0.02,0.03,0.0,46.11,196.62
382.78,76.835,97.532,1355.65,0.02,0.03,0.0,46.06,196.62
382.82,76.782,97.547,1356.02,0.02,0.03,0.0,46.03,196.62
382.88,76.702,97.557,1356.58,0.02,0.03,0.0,45.98,196.62
382.92,76.649,97.567,1356.94,0.02,0.03,0.0,45.94,196.61
382.98,76.569,97.582,1357.5,0.02,0.03,0.0,45.89,196.61
383.04,76.49,97.598,1358.05,0.02,0.03,0.0,45.84,196.61
383.08,76.437,97.608,1358.42,0.02,0.03,0.0,45.8,196.6
383.14,76.357,97.623,1358.97,0.02,0.03,0.0,45.75,196.6
383.18,76.304,97.633,1359.34,0.02,0.03,0.0,45.71,196.6
383.24,76.224,97.649,1359.89,0.02,0.03,0.0,45.66,196.59
383.28,76.171,97.659,1360.26,0.02,0.03,0.0,45.62,196.59
383.34,76.091,97.674,1360.81,0.02,0.03,0.0,45.57,196.59
383.38,76.038,97.684,1361.18,0.02,0.03,0.0,45.53,196.59
383.44,75.958,97.699,1361.73,0.02,0.03,0.0,45.48,196.58
383.48,75.904,97.71,1362.1,0.02,0.03,0.0,45.44,196.58
383.54,75.824,97.725,1362.65,0.02,0.03,0.0,45.39,196.58
383.58,75.771,97.735,1363.02,0.02,0.03,0.0,45.35,196.57
383.64,75.691,97.75,1363.57,0.02,0.03,0.0,45.29,196.57
383.68,75.638,97.761,1363.94,0.02,0.03,0.0,45.26,196.57
383.74,75.558,97.776,1364.49,0.02,0.03,0.0,45.2,196.56
383.78,75.504,97.786,1364.86,0.02,0.03,0.0,45.16,196.56
383.84,75.424,97.801,1365.41,0.02,0.03,0.0,45.1,196.56
383.88,75.371,97.811,1365.78,0.02,0.03,0.0,45.07,196.56
383.94,75.29,97.827,1366.33,0.02,0.03,0.0,45.01,196.55
384.0,75.21,97.842,1366.88,0.02,0.03,0.0,44.95,196.55
384.04,75.157,97.852,1367.24,0.02,0.03,0.0,44.91,196.55
384.1,75.076,97.867,1367.8,0.02,0.04,0.0,44.85,196.54
384.14,75.023,97.878,1368.16,0.02,0.04,0.0,44.81,196.54
384.2,74.942,97.893,1368.71,0.02,0.04,0.0,44.75,196.53
384.24,74.889,97.903,1369.08,0.02,0.04,0.0,44.71,196.53
384.28,74.835,97.913,1369.45,0.02,0.04,0.0,44.67,196.53
384.34,74.755,97.929,1370.0,0.02,0.04,0.0,44.61,196.53
384.38,74.701,97.939,1370.37,0.02,0.04,0.0,44.57,196.52
384.44,74.621,97.954,1370.92,0.02,0.04,0.0,44.51,196.52
384.48,74.567,97.964,1371.28,0.02,0.04,0.0,44.47,196.52
384.54,74.486,97.979,1371.83,0.02,0.04,0.0,44.4,196.51
384.6,74.406,97.995,1372.38,0.02,0.04,0.0,44.34,196.51
384.64,74.352,98.005,1372.75,0.02,0.04,0.0,44.3,196.51
384.7,74.272,98.02,1373.3,0.02,0.04,0.0,44.24,196.5
384.74,74.218,98.03,1373.67,0.02,0.04,0.0,44.2,196.5
384.8,74.137,98.046,1374.22,0.02,0.04,0.0,44.13,196.49
384.84,74.083,98.056,1374.58,0.02,0.04,0.0,44.09,196.49
384.9,74.003,98.071,1375.13,0.02,0.04,0.0,44.02,196.49
384.94,73.949,98.081,1375.5,0.02,0.04,0.0,43.98,196.48
385.0,73.868,98.097,1376.05,0.02,0.04,0.0,43.92,196.48
385.04,73.814,98.107,1376.41,0.02,0.04,0.0,43.87,196.48
385.08,73.76,98.117,1376.78,0.03,0.04,0.0,43.83,196.47
385.12,73.706,98.127,1377.15,0.03,0.04,0.0,43.79,196.47
385.18,73.625,98.143,1377.69,0.03,0.04,0.0,43.72,196.47
385.24,73.544,98.158,1378.24,0.03,0.05,0.0,43.65,196.46
385.3,73.463,98.173,1378.79,0.03,0.05,0.0,43.59,196.46
385.34,73.409,98.183,1379.16,0.03,0.05,0.0,43.54,196.46
385.4,73.328,98.199,1379.71,0.03,0.05,0.0,43.47,196.45
385.44,73.274,98.209,1380.07,0.03,0.05,0.0,43.43,196.45
385.5,73.193,98.224,1380.62,0.03,0.05,0.0,43.36,196.44
385.54,73.139,98.234,1380.99,0.03,0.05,0.0,43.32,196.44
385.58,73.085,98.244,1381.35,0.03,0.05,0.0,43.27,196.44
385.64,73.004,98.26,1381.9,0.03,0.05,0.0,43.2,196.43
385.7,72.923,98.275,1382.45,0.03,0.05,0.0,43.13,196.43
385.74,72.869,98.285,1382.81,0.03,0.05,0.0,43.09,196.43
385.78,72.815,98.295,1383.18,0.03,0.05,0.0,43.04,196.42
385.84,72.733,98.311,1383.72,0.03,0.05,0.0,42.97,196.42
385.9,72.652,98.326,1384.27,0.03,0.05,0.0,42.9,196.41
385.94,72.598,98.336,1384.64,0.03,0.05,0.0,42.85,196.41
386.0,72.516,98.351,1385.18,0.03,0.05,0.0,42.78,196.41
386.04,72.462,98.362,1385.55,0.03,0.05,0.0,42.73,196.4
386.1,72.381,98.377,1386.09,0.03,0.05,0.0,42.66,196.4
386.14,72.326,98.387,1386.46,0.03,0.06,0.0,42.61,196.4
386.2,72.245,98.402,1387.01,0.03,0.06,0.0,42.54,196.39
386.26,72.163,98.418,1387.55,0.03,0.06,0.0,42.47,196.39
386.3,72.109,98.428,1387.92,0.03,0.06,0.0,42.42,196.38
386.36,72.028,98.443,1388.46,0.03,0.06,0.0,42.35,196.38
386.4,71.973,98.453,1388.83,0.03,0.06,0.0,42.3,196.38
386.44,71.919,98.464,1389.19,0.03,0.06,0.0,42.25,196.37
386.5,71.837,98.479,1389.73,0.03,0.06,0.0,42.17,196.37
386.56,71.755,98.494,1390.28,0.03,0.06,0.0,42.1,196.36
386.6,71.701,98.504,1390.64,0.03,0.06,0.0,42.05,196.36
386.66,71.619,98.52,1391.19,0.03,0.06,0.0,41.97,196.35
386.7,71.565,98.53,1391.55,0.03,0.06,0.0,41.92,196.35
386.76,71.483,98.545,1392.1,0.03,0.06,0.0,41.85,196.35
386.8,71.428,98.555,1392.46,0.03,0.06,0.0,41.8,196.34
386.84,71.374,98.566,1392.82,0.04,0.06,0.0,41.75,196.34
386.9,71.292,98.581,1393.37,0.04,0.06,0.0,41.67,196.34
386.96,71.21,98.596,1393.91,0.04,0.07,0.0,41.59,196.33
387.0,71.156,98.606,1394.27,0.04,0.07,0.0,41.54,196.33
387.06,71.074,98.622,1394.82,0.04,0.07,0.0,41.47,196.32
387.1,71.019,98.632,1395.18,0.04,0.07,0.0,41.41,196.32
387.16,70.937,98.647,1395.72,0.04,0.07,0.0,41.34,196.31
387.2,70.882,98.657,1396.08,0.04,0.07,0.0,41.28,196.31
387.26,70.8,98.673,1396.62,0.04,0.07,0.0,41.21,196.31
387.3,70.745,98.683,1396.99,0.04,0.07,0.0,41.15,196.3
387.36,70.663,98.698,1397.53,0.04,0.07,0.0,41.08,196.3
387.4,70.609,98.708,1397.89,0.04,0.07,0.0,41.02,196.3
387.46,70.526,98.724,1398.43,0.04,0.07,0.0,40.94,196.29
387.52,70.444,98.739,1398.97,0.04,0.07,0.0,40.86,196.29
387.56,70.389,98.749,1399.33,0.04,0.07,0.0,40.81,196.28
387.62,70.307,98.765,1399.87,0.04,0.08,0.0,40.73,196.28
387.66,70.252,98.775,1400.23,0.04,0.08,0.0,40.68,196.27
387.72,70.17,98.79,1400.78,0.04,0.08,0.0,40.6,196.27
387.76,70.115,98.8,1401.14,0.04,0.08,0.0,40.54,196.27
387.8,70.06,98.811,1401.49,0.04,0.08,0.0,40.49,196.26
387.86,69.978,98.826,1402.03,0.04,0.08,0.0,40.41,196.26
387.92,69.895,98.841,1402.57,0.04,0.08,0.0,40.33,196.25
387.96,69.84,98.851,1402.93,0.05,0.08,0.0,40.27,196.25
388.02,69.758,98.867,1403.47,0.05,0.08,0.0,40.19,196.24
388.06,69.703,98.877,1403.83,0.05,0.08,0.0,40.13,196.24
388.12,69.62,98.892,1404.37,0.05,0.08,0.0,40.05,196.24
388.16,69.565,98.902,1404.73,0.05,0.09,0.0,40.0,196.23
388.22,69.483,98.918,1405.27,0.05,0.09,0.0,39.91,196.23
388.26,69.428,98.928,1405.62,0.05,0.09,0.0,39.86,196.23
388.32,69.345,98.943,1406.16,0.05,0.09,0.0,39.77,196.22
388.36,69.29,98.953,1406.52,0.05,0.09,0.0,39.72,196.22
388.4,69.235,98.964,1406.88,0.05,0.09,0.0,39.66,196.21
388.46,69.152,98.979,1407.41,0.05,0.09,0.0,39.58,196.21
388.5,69.097,98.989,1407.77,0.05,0.09,0.0,39.52,196.21
388.56,69.014,99.004,1408.31,0.05,0.09,0.0,39.44,196.2
388.62,68.931,99.02,1408.84,0.05,0.09,0.0,39.35,196.2
388.66,68.876,99.03,1409.2,0.05,0.09,0.0,39.3,196.19
388.72,68.793,99.045,1409.73,0.05,0.1,0.0,39.21,196.19
388.76,68.738,99.055,1410.09,0.05,0.1,0.0,39.16,196.18
388.82,68.655,99.071,1410.62,0.05,0.1,0.0,39.07,196.18
388.88,68.572,99.086,1411.16,0.06,0.1,0.0,38.98,196.17
388.92,68.517,99.096,1411.51,0.06,0.1,0.0,38.93,196.17
388.98,68.434,99.112,1412.04,0.06,0.1,0.0,38.84,196.17
389.02,68.378,99.122,1412.4,0.06,0.1,0.0,38.78,196.16
389.08,68.295,99.137,1412.93,0.06,0.1,0.0,38.7,196.16
389.12,68.24,99.147,1413.29,0.06,0.1,0.0,38.64,196.15
389.18,68.157,99.163,1413.82,0.06,0.11,0.0,38.55,196.15
389.22,68.101,99.173,1414.17,0.06,0.11,0.0,38.5,196.15
389.28,68.018,99.188,1414.7,0.06,0.11,0.0,38.41,196.14
389.32,67.963,99.198,1415.06,0.06,0.11,0.0,38.35,196.14
389.36,67.907,99.208,1415.41,0.06,0.11,0.0,38.29,196.14
389.42,67.824,99.224,1415.94,0.06,0.11,0.0,38.21,196.13
389.46,67.768,99.234,1416.29,0.06,0.11,0.0,38.15,196.13
389.52,67.685,99.249,1416.82,0.06,0.11,0.0,38.06,196.12
389.56,67.63,99.26,1417.17,0.06,0.11,0.0,38.0,196.12
389.62,67.546,99.275,1417.7,0.07,0.12,0.0,37.92,196.11
389.68,67.463,99.29,1418.23,0.07,0.12,0.0,37.83,196.11
389.72,67.407,99.3,1418.58,0.07,0.12,0.0,37.77,196.11
389.78,67.324,99.316,1419.11,0.07,0.12,0.0,37.68,196.1
389.82,67.268,99.326,1419.46,0.07,0.12,0.0,37.62,196.1
389.88,67.185,99.341,1419.99,0.07,0.12,0.0,37.54,196.09
389.92,67.129,99.351,1420.34,0.07,0.12,0.0,37.48,196.09
389.98,67.045,99.367,1420.86,0.07,0.13,0.0,37.39,196.09
390.02,66.99,99.377,1421.21,0.07,0.13,0.0,37.33,196.08
390.08,66.906,99.392,1421.74,0.07,0.13,0.0,37.24,196.08
390.12,66.85,99.402,1422.09,0.07,0.13,0.0,37.19,196.08
390.18,66.767,99.418,1422.61,0.07,0.13,0.0,37.1,196.07
390.24,66.683,99.433,1423.13,0.07,0.13,0.0,37.01,196.07
390.28,66.627,99.443,1423.48,0.08,0.13,0.0,36.95,196.06
390.32,66.571,99.453,1423.83,0.08,0.13,0.0,36.89,196.06
390.38,66.488,99.469,1424.35,0.08,0.14,0.0,36.8,196.06
390.44,66.404,99.484,1424.87,0.08,0.14,0.0,36.72,196.05
390.48,66.348,99.494,1425.22,0.08,0.14,0.0,36.66,196.05
390.54,66.264,99.51,1425.74,0.08,0.14,0.0,36.57,196.04
390.58,66.208,99.52,1426.09,0.08,0.14,0.0,36.51,196.04
390.64,66.124,99.535,1426.61,0.08,0.14,0.0,36.43,196.04
390.68,66.068,99.545,1426.95,0.08,0.15,0.0,36.37,196.03
390.74,65.984,99.561,1427.47,0.08,0.15,0.0,36.28,196.03
390.78,65.928,99.571,1427.82,0.08,0.15,0.0,36.22,196.03
390.84,65.844,99.586,1428.34,0.08,0.15,0.0,36.14,196.02
390.9,65.76,99.601,1428.85,0.09,0.15,0.0,36.05,196.02
390.94,65.704,99.612,1429.2,0.09,0.15,0.0,35.99,196.01
390.98,65.648,99.622,1429.54,0.09,0.15,0.0,35.93,196.01
391.04,65.564,99.637,1430.06,0.09,0.16,0.0,35.85,196.01
391.1,65.48,99.652,1430.57,0.09,0.16,0.0,35.76,196.0
391.14,65.424,99.663,1430.92,0.09,0.16,0.0,35.7,196.0
391.2,65.34,99.678,1431.43,0.09,0.16,0.0,35.62,196.0
391.24,65.283,99.688,1431.77,0.09,0.16,0.0,35.56,195.99
391.3,65.199,99.703,1432.29,0.09,0.16,0.0,35.48,195.99
391.34,65.143,99.714,1432.63,0.09,0.17,0.0,35.42,195.99
391.4,65.059,99.729,1433.14,0.09,0.17,0.0,35.34,195.98
391.44,65.002,99.739,1433.48,0.1,0.17,0.0,35.28,195.98
391.5,64.918,99.754,1433.99,0.1,0.17,0.0,35.2,195.98
391.54,64.862,99.765,1434.33,0.1,0.17,0.0,35.14,195.97
391.58,64.806,99.775,1434.67,0.1,0.17,0.0,35.08,195.97
391.64,64.721,99.79,1435.18,0.1,0.18,0.0,35.0,195.97
391.68,64.665,99.8,1435.52,0.1,0.18,0.0,34.95,195.97
391.76,64.552,99.821,1436.2,0.1,0.18,0.0,34.84,195.96
391.8,64.496,99.831,1436.54,0.1,0.18,0.0,34.78,195.96
391.84,64.439,99.841,1436.88,0.1,0.18,0.0,34.73,195.96
391.9,64.355,99.856,1437.38,0.1,0.19,0.0,34.65,195.95
391.94,64.298,99.867,1437.72,0.11,0.19,0.0,34.59,195.95
392.0,64.214,99.882,1438.22,0.11,0.19,0.0,34.51,195.95
392.04,64.157,99.892,1438.56,0.11,0.19,0.0,34.46,195.94
392.1,64.073,99.907,1439.07,0.11,0.19,0.0,34.38,195.94
392.14,64.016,99.918,1439.4,0.11,0.19,0.0,34.33,195.94
392.2,63.932,99.933,1439.9,0.11,0.2,0.0,34.25,195.94
392.26,63.847,99.948,1440.41,0.11,0.2,0.0,34.17,195.93
392.3,63.79,99.958,1440.74,0.11,0.2,0.0,34.12,195.93
392.36,63.705,99.974,1441.24,0.11,0.2,0.0,34.04,195.93
392.4,63.649,99.984,1441.58,0.12,0.21,0.0,33.99,195.93
392.44,63.592,99.994,1441.91,0.12,0.21,0.0,33.94,195.92
392.5,63.507,100.009,1442.41,0.12,0.21,0.0,33.87,195.92
392.54,63.451,100.019,1442.74,0.12,0.21,0.0,33.82,195.92
392.58,63.394,100.03,1443.07,0.12,0.21,0.0,33.77,195.92
392.66,63.281,100.05,1443.74,0.12,0.22,0.0,33.67,195.91
392.68,63.196,100.065,1444.23,0.12,0.22,0.0,33.6,195.91
392.76,63.139,100.075,1444.56,0.12,0.22,0.0,33.55,195.91
392.8,63.083,100.086,1444.89,0.12,0.22,0.0,33.5,195.91
392.84,63.026,100.096,1445.22,0.13,0.22,0.0,33.46,195.91
392.9,62.941,100.111,1445.72,0.13,0.23,0.0,33.39,195.9
392.94,62.884,100.121,1446.05,0.13,0.23,0.0,33.34,195.9
393.0,62.799,100.137,1446.54,0.13,0.23,0.0,33.27,195.9
393.04,62.742,100.147,1446.87,0.13,0.23,0.0,33.23,195.9
393.1,62.657,100.162,1447.36,0.13,0.24,0.0,33.16,195.9
393.14,62.6,100.172,1447.69,0.13,0.24,0.0,33.12,195.9
393.2,62.515,100.188,1448.18,0.13,0.24,0.0,33.05,195.89
393.24,62.458,100.198,1448.5,0.14,0.24,0.0,33.01,195.89
393.3,62.373,100.213,1448.99,0.14,0.24,0.0,32.95,195.89
393.34,62.316,100.223,1449.32,0.14,0.25,0.0,32.91,195.89
393.38,62.259,100.233,1449.64,0.14,0.25,0.0,32.87,195.89
393.44,62.174,100.249,1450.13,0.14,0.25,0.0,32.81,195.89
393.5,62.088,100.264,1450.61,0.14,0.25,0.0,32.75,195.88
393.54,62.031,100.274,1450.94,0.14,0.26,0.0,32.71,195.88
393.6,61.946,100.289,1451.42,0.14,0.26,0.0,32.65,195.88
393.64,61.889,100.3,1451.74,0.15,0.26,0.0,32.61,195.88
393.7,61.803,100.315,1452.23,0.15,0.26,0.0,32.56,195.88
393.74,61.746,100.325,1452.55,0.15,0.27,0.0,32.52,195.88
393.8,61.661,100.34,1453.03,0.15,0.27,0.0,32.47,195.88
393.86,61.575,100.355,1453.51,0.15,0.27,0.0,32.42,195.88
393.9,61.518,100.366,1453.83,0.15,0.27,0.0,32.38,195.88
393.94,61.461,100.376,1454.15,0.15,0.28,0.0,32.35,195.88
394.0,61.375,100.391,1454.63,0.16,0.28,0.0,32.3,195.88
394.06,61.29,100.406,1455.1,0.16,0.28,0.0,32.25,195.88
394.1,61.233,100.416,1455.42,0.16,0.29,0.0,32.22,195.88
394.16,61.147,100.432,1455.9,0.16,0.29,0.0,32.18,195.87
394.2,61.09,100.442,1456.21,0.16,0.29,0.0,32.15,195.87
394.26,61.004,100.457,1456.69,0.16,0.29,0.0,32.11,195.87
394.32,60.918,100.472,1457.16,0.17,0.3,0.0,32.07,195.87
394.36,60.861,100.483,1457.48,0.17,0.3,0.0,32.04,195.87
394.4,60.804,100.493,1457.79,0.17,0.3,0.0,32.01,195.87
394.46,60.718,100.508,1458.26,0.17,0.31,0.0,31.98,195.87
394.52,60.632,100.523,1458.73,0.17,0.31,0.0,31.94,195.88
394.56,60.575,100.533,1459.04,0.17,0.31,0.0,31.92,195.88
394.6,60.517,100.544,1459.36,0.17,0.31,0.0,31.9,195.88
394.66,60.431,100.559,1459.82,0.18,0.32,0.0,31.86,195.88
394.7,60.374,100.569,1460.13,0.18,0.32,0.0,31.84,195.88
394.76,60.288,100.584,1460.6,0.18,0.32,0.0,31.82,195.88
394.8,60.231,100.594,1460.91,0.18,0.33,0.0,31.8,195.88
394.86,60.145,100.61,1461.37,0.18,0.33,0.0,31.77,195.88
394.92,60.059,100.625,1461.83,0.18,0.33,0.0,31.75,195.88
394.96,60.001,100.635,1462.14,0.19,0.34,0.0,31.73,195.88
395.02,59.915,100.655,1462.6,0.19,0.34,0.0,31.71,195.88
395.08,59.8,100.676,1463.22,0.19,0.35,0.0,31.68,195.88
395.14,59.743,100.681,1463.52,0.19,0.35,0.0,31.68,195.89
395.18,59.685,100.691,1463.83,0.19,0.35,0.0,31.67,195.89
395.22,59.628,100.701,1464.13,0.19,0.35,0.0,31.66,195.89
395.28,59.541,100.716,1464.59,0.2,0.36,0.0,31.64,195.89
395.34,59.455,100.731,1465.04,0.2,0.36,0.0,31.63,195.89
395.38,59.398,100.742,1465.34,0.2,0.36,0.0,31.63,195.89
395.44,59.311,100.757,1465.8,0.2,0.37,0.0,31.62,195.9
395.5,59.225,100.772,1466.25,0.2,0.37,0.0,31.61,195.9
395.54,59.167,100.782,1466.55,0.21,0.38,0.0,31.61,195.9
395.6,59.081,100.797,1467.0,0.21,0.38,0.0,31.61,195.9
395.64,59.023,100.807,1467.3,0.21,0.38,0.0,31.61,195.9
395.7,58.937,100.823,1467.75,0.21,0.39,0.0,31.61,195.91
395.74,58.879,100.833,1468.04,0.21,0.39,0.0,31.61,195.91
395.78,58.821,100.843,1468.34,0.21,0.39,0.0,31.62,195.91
395.84,58.735,100.858,1468.79,0.22,0.4,0.0,31.62,195.91
395.9,58.648,100.873,1469.23,0.22,0.4,0.0,31.63,195.92
395.94,58.591,100.883,1469.52,0.22,0.41,0.0,31.64,195.92
396.0,58.504,100.899,1469.97,0.22,0.41,0.0,31.65,195.92
396.04,58.446,100.909,1470.26,0.22,0.41,0.0,31.66,195.93
396.1,58.36,100.924,1470.7,0.23,0.42,0.0,31.68,195.93
396.14,58.302,100.934,1470.99,0.23,0.42,0.0,31.69,195.93
396.2,58.215,100.949,1471.43,0.23,0.43,0.0,31.71,195.94
396.26,58.129,100.964,1471.86,0.23,0.43,0.0,31.73,195.94
396.3,58.071,100.975,1472.15,0.23,0.43,0.0,31.75,195.94
396.36,57.984,100.99,1472.59,0.24,0.44,0.0,31.77,195.95
396.4,57.926,101.0,1472.88,0.24,0.44,0.0,31.79,195.95
396.44,57.868,101.01,1473.16,0.24,0.44,0.0,31.81,195.95
396.5,57.781,101.025,1473.6,0.24,0.45,0.0,31.84,195.96
396.54,57.723,101.035,1473.88,0.24,0.45,0.0,31.87,195.96
396.6,57.637,101.05,1474.31,0.25,0.46,0.0,31.9,195.97
396.64,57.579,101.061,1474.6,0.25,0.46,0.0,31.93,195.97
396.7,57.492,101.076,1475.02,0.25,0.47,0.0,31.97,195.98
396.76,57.405,101.091,1475.45,0.25,0.47,0.0,32.01,195.98
396.8,57.347,101.101,1475.73,0.25,0.48,0.0,32.04,195.99
396.86,57.26,101.116,1476.15,0.26,0.48,0.0,32.08,195.99
396.9,57.202,101.126,1476.43,0.26,0.48,0.0,32.11,195.99
396.96,57.115,101.141,1476.85,0.26,0.49,0.0,32.16,196.0
397.0,57.057,101.151,1477.13,0.26,0.49,0.0,32.2,196.0
397.06,56.97,101.167,1477.55,0.27,0.5,0.0,32.25,196.01
397.1,56.912,101.177,1477.83,0.27,0.5,0.0,32.29,196.02
397.16,56.824,101.192,1478.24,0.27,0.51,0.0,32.35,196.02
397.2,56.766,101.202,1478.52,0.27,0.51,0.0,32.39,196.03
397.26,56.679,101.217,1478.93,0.28,0.52,0.0,32.45,196.03
397.32,56.592,101.232,1479.34,0.28,0.52,0.0,32.51,196.04
397.36,56.534,101.242,1479.62,0.28,0.53,0.0,32.55,196.04
397.4,56.476,101.252,1479.89,0.28,0.53,0.0,32.6,196.05
397.46,56.388,101.267,1480.3,0.29,0.54,0.0,32.67,196.06
397.5,56.33,101.278,1480.57,0.29,0.54,0.0,32.72,196.06
397.56,56.243,101.293,1480.97,0.29,0.55,0.0,32.79,196.07
397.62,56.156,101.308,1481.38,0.29,0.55,0.0,32.86,196.08
397.66,56.097,101.318,1481.64,0.3,0.56,0.0,32.92,196.08
397.72,56.01,101.333,1482.04,0.3,0.56,0.0,32.99,196.09
397.76,55.952,101.348,1482.31,0.3,0.57,0.0,33.05,196.09
397.82,55.864,101.363,1482.71,0.3,0.58,0.0,33.13,196.1
397.88,55.777,101.378,1483.11,0.31,0.58,0.0,33.24,196.11
397.96,55.66,101.393,1483.63,0.31,0.59,0.0,33.33,196.12
398.0,55.602,101.403,1483.89,0.31,0.59,0.0,33.39,196.13
398.04,55.544,101.413,1484.16,0.32,0.6,0.0,33.45,196.13
398.1,55.456,101.429,1484.55,0.32,0.61,0.0,33.55,196.14
398.14,55.398,101.439,1484.81,0.32,0.61,0.0,33.61,196.15
398.18,55.339,101.449,1485.06,0.32,0.62,0.0,33.67,196.15
398.24,55.252,101.464,1485.45,0.33,0.62,0.0,33.77,196.16
398.28,55.193,101.474,1485.71,0.33,0.63,0.0,33.84,196.17
398.34,55.106,101.489,1486.09,0.33,0.63,0.0,33.94,196.17
398.4,55.018,101.504,1486.47,0.34,0.64,0.0,34.04,196.18
398.44,54.96,101.514,1486.73,0.34,0.65,0.0,34.11,196.19
398.5,54.872,101.529,1487.11,0.34,0.65,0.0,34.21,196.2
398.54,54.814,101.539,1487.36,0.34,0.66,0.0,34.29,196.21
398.6,54.726,101.554,1487.74,0.35,0.66,0.0,34.39,196.21
398.64,54.667,101.564,1487.99,0.35,0.67,0.0,34.47,196.22
398.7,54.58,101.579,1488.36,0.35,0.68,0.0,34.58,196.23
398.74,54.521,101.589,1488.61,0.35,0.68,0.0,34.65,196.24
398.8,54.433,101.604,1488.98,0.36,0.69,0.0,34.77,196.25
398.84,54.375,101.614,1489.23,0.36,0.7,0.0,34.84,196.25
398.9,54.287,101.629,1489.6,0.36,0.7,0.0,34.96,196.26
398.94,54.228,101.639,1489.84,0.37,0.71,0.0,35.04,196.27
399.0,54.14,101.654,1490.21,0.37,0.72,0.0,35.16,196.28
399.06,54.052,101.669,1490.57,0.37,0.72,0.0,35.28,196.29
399.1,53.994,101.679,1490.81,0.38,0.73,0.0,35.36,196.3
399.14,53.935,101.689,1491.05,0.38,0.74,0.0,35.44,196.3
399.2,53.847,101.704,1491.41,0.38,0.74,0.0,35.56,196.31
399.24,53.789,101.714,1491.65,0.38,0.75,0.0,35.64,196.32
399.3,53.701,101.729,1492.01,0.39,0.76,0.0,35.77,196.33
399.36,53.613,101.744,1492.36,0.39,0.77,0.0,35.89,196.34
399.4,53.554,101.754,1492.6,0.39,0.77,0.0,35.98,196.35
399.44,53.495,101.764,1492.83,0.4,0.78,0.0,36.06,196.35
399.5,53.407,101.779,1493.18,0.4,0.79,0.0,36.19,196.36
399.56,53.319,101.799,1493.53,0.4,0.8,0.0,36.32,196.38
399.62,53.231,101.809,1493.88,0.41,0.81,0.0,36.44,196.38
399.68,53.143,101.829,1494.22,0.41,0.81,0.0,36.61,196.4
399.74,53.054,101.844,1494.57,0.42,0.82,0.0,36.74,196.41
399.8,52.937,101.864,1495.02,0.42,0.84,0.0,36.91,196.42
399.88,52.819,101.884,1495.47,0.43,0.85,0.0,37.09,196.43
399.94,52.76,101.888,1495.7,0.43,0.86,0.0,37.13,196.44
399.98,52.702,101.898,1495.92,0.43,0.86,0.0,37.21,196.44
400.04,52.613,101.913,1496.25,0.44,0.87,0.0,37.34,196.45
400.08,52.554,101.923,1496.47,0.44,0.88,0.0,37.43,196.46
400.14,52.466,101.938,1496.8,0.44,0.89,0.0,37.56,196.47
400.18,52.407,101.948,1497.02,0.45,0.9,0.0,37.64,196.47
400.24,52.319,101.963,1497.35,0.45,0.91,0.0,37.77,196.48
400.28,52.26,101.973,1497.57,0.45,0.91,0.0,37.85,196.49
400.34,52.172,101.988,1497.89,0.46,0.92,0.0,37.98,196.5
400.38,52.113,101.998,1498.11,0.46,0.93,0.0,38.06,196.51
400.44,52.024,102.012,1498.43,0.47,0.94,0.0,38.18,196.52
400.48,51.965,102.022,1498.64,0.47,0.95,0.0,38.27,196.52
400.54,51.877,102.037,1498.96,0.47,0.96,0.0,38.39,196.53
400.58,51.818,102.047,1499.17,0.48,0.97,0.0,38.47,196.54
400.64,51.729,102.062,1499.48,0.48,0.98,0.0,38.59,196.54
400.7,51.641,102.077,1499.79,0.48,0.99,0.0,38.7,196.55
400.74,51.582,102.087,1500.0,0.49,1.0,0.0,38.78,196.56
400.8,51.493,102.101,1500.3,0.49,1.01,0.0,38.9,196.57
400.84,51.434,102.111,1500.51,0.5,1.02,0.0,38.97,196.57
400.9,51.346,102.126,1500.81,0.5,1.03,0.0,39.08,196.58
400.94,51.286,102.136,1501.01,0.5,1.04,0.0,39.16,196.59
401.0,51.198,102.151,1501.31,0.51,1.05,0.0,39.27,196.59
401.04,51.139,102.161,1501.51,0.51,1.06,0.0,39.34,196.6
401.1,51.05,102.175,1501.81,0.52,1.07,0.0,39.44,196.6
401.14,50.991,102.185,1502.0,0.52,1.08,0.0,39.51,196.61
401.2,50.902,102.2,1502.3,0.53,1.09,0.0,39.61,196.62
401.24,50.843,102.21,1502.49,0.53,1.1,0.0,39.67,196.62
401.3,50.754,102.224,1502.78,0.53,1.11,0.0,39.77,196.63
401.34,50.695,102.234,1502.97,0.54,1.12,0.0,39.83,196.63
401.4,50.606,102.249,1503.25,0.54,1.13,0.0,39.92,196.64
401.44,50.547,102.259,1503.44,0.55,1.14,0.0,39.98,196.64
401.5,50.459,102.273,1503.72,0.55,1.15,0.0,40.06,196.65
401.54,50.399,102.283,1503.9,0.56,1.16,0.0,40.11,196.65
401.6,50.311,102.298,1504.18,0.56,1.18,0.0,40.19,196.65
401.64,50.251,102.308,1504.36,0.56,1.19,0.0,40.24,196.66
401.7,50.162,102.322,1504.63,0.57,1.2,0.0,40.31,196.66
401.74,50.103,102.332,1504.81,0.57,1.21,0.0,40.36,196.66
401.78,50.044,102.342,1504.99,0.58,1.22,0.0,40.4,196.67
401.84,49.955,102.357,1505.25,0.58,1.23,0.0,40.47,196.67
401.9,49.866,102.371,1505.51,0.59,1.25,0.0,40.52,196.67
401.94,49.807,102.381,1505.68,0.59,1.26,0.0,40.56,196.67
402.0,49.718,102.396,1505.94,0.6,1.27,0.0,40.61,196.68
402.06,49.629,102.41,1506.19,0.61,1.29,0.0,40.66,196.68
402.1,49.57,102.42,1506.36,0.61,1.3,0.0,40.68,196.68
402.14,49.51,102.43,1506.52,0.62,1.31,0.0,40.71,196.68
402.2,49.421,102.444,1506.77,0.62,1.32,0.0,40.74,196.68
402.24,49.362,102.454,1506.93,0.63,1.33,0.0,40.76,196.68
402.3,49.273,102.469,1507.17,0.63,1.35,0.0,40.79,196.68
402.36,49.184,102.483,1507.4,0.64,1.36,0.0,40.81,196.68
402.4,49.124,102.493,1507.56,0.64,1.37,0.0,40.82,196.68
402.44,49.065,102.502,1507.71,0.65,1.38,0.0,40.83,196.68
402.5,48.976,102.517,1507.94,0.66,1.4,0.0,40.84,196.68
402.56,48.887,102.531,1508.16,0.66,1.42,0.0,40.84,196.68
402.6,48.828,102.541,1508.31,0.67,1.43,0.0,40.84,196.68
402.66,48.738,102.556,1508.52,0.68,1.45,0.0,40.84,196.68
402.7,48.679,102.565,1508.67,0.68,1.46,0.0,40.83,196.68
402.76,48.59,102.58,1508.88,0.69,1.47,0.0,40.81,196.68
402.8,48.53,102.589,1509.01,0.69,1.49,0.0,40.8,196.67
402.86,48.441,102.604,1509.21,0.7,1.5,0.0,40.77,196.67
402.9,48.382,102.613,1509.35,0.71,1.52,0.0,40.75,196.67
402.94,48.322,102.623,1509.48,0.71,1.53,0.0,40.73,196.67
403.0,48.233,102.638,1509.67,0.72,1.55,0.0,40.69,196.66
403.04,48.174,102.647,1509.79,0.73,1.56,0.0,40.66,196.66
403.12,48.055,102.666,1510.04,0.74,1.58,0.0,40.6,196.65
403.16,47.995,102.676,1510.15,0.75,1.6,0.0,40.56,196.65
403.2,47.936,102.685,1510.27,0.75,1.61,0.0,40.52,196.65
403.26,47.846,102.7,1510.44,0.76,1.63,0.0,40.45,196.64
403.32,47.757,102.714,1510.6,0.77,1.65,0.0,40.38,196.64
403.36,47.697,102.724,1510.71,0.78,1.66,0.0,40.33,196.63
403.42,47.608,102.738,1510.87,0.79,1.68,0.0,40.25,196.63
403.48,47.519,102.752,1511.02,0.8,1.7,0.0,40.16,196.62
403.52,47.459,102.762,1511.11,0.81,1.71,0.0,40.1,196.62
403.56,47.4,102.771,1511.2,0.81,1.73,0.0,40.03,196.61
403.62,47.31,102.786,1511.34,0.82,1.75,0.0,39.93,196.6
403.68,47.221,102.8,1511.47,0.83,1.77,0.0,39.82,196.6
403.72,47.161,102.809,1511.55,0.84,1.78,0.0,39.74,196.59
403.76,47.102,102.819,1511.63,0.85,1.8,0.0,39.67,196.59
403.82,47.012,102.833,1511.74,0.86,1.82,0.0,39.55,196.58
403.86,46.953,102.843,1511.82,0.87,1.84,0.0,39.46,196.57
403.92,46.863,102.857,1511.92,0.88,1.86,0.0,39.33,196.57
403.98,46.774,102.871,1512.01,0.89,1.88,0.0,39.19,196.56
404.02,46.714,102.88,1512.07,0.9,1.9,0.0,39.1,196.55
404.08,46.625,102.895,1512.16,0.91,1.92,0.0,38.95,196.55
404.12,46.565,102.904,1512.21,0.92,1.93,0.0,38.85,196.54
404.16,46.506,102.913,1512.26,0.93,1.95,0.0,38.75,196.54
404.22,46.416,102.928,1512.32,0.94,1.97,0.0,38.59,196.53
404.26,46.357,102.937,1512.36,0.95,1.99,0.0,38.49,196.52
404.32,46.267,102.951,1512.41,0.97,2.01,0.0,38.32,196.52
404.36,46.208,102.96,1512.44,0.97,2.03,0.0,38.21,196.51
404.42,46.118,102.975,1512.48,0.99,2.05,0.0,38.04,196.5
404.48,46.029,102.989,1512.51,1.0,2.08,0.0,37.86,196.5
404.52,45.969,102.998,1512.53,1.01,2.1,0.0,37.74,196.49
404.58,45.88,103.012,1512.54,1.03,2.12,0.0,37.56,196.48
404.64,45.79,103.026,1512.55,1.04,2.15,0.0,37.37,196.48
404.68,45.73,103.035,1512.55,1.05,2.17,0.0,37.24,196.47
404.72,45.671,103.045,1512.54,1.06,2.18,0.0,37.12,196.47
404.78,45.581,103.058,1512.53,1.08,2.21,0.0,36.92,196.46
404.84,45.492,103.072,1512.5,1.09,2.24,0.0,36.73,196.45
404.88,45.432,103.082,1512.48,1.1,2.25,0.0,36.6,196.45
404.94,45.343,103.096,1512.44,1.12,2.28,0.0,36.4,196.45
405.0,45.253,103.109,1512.39,1.14,2.31,0.0,36.2,196.44
405.04,45.193,103.123,1512.35,1.15,2.33,0.0,36.06,196.44
405.1,45.104,103.137,1512.28,1.17,2.36,0.0,35.79,196.43
405.16,45.014,103.156,1512.2,1.19,2.39,0.0,35.59,196.43
405.22,44.895,103.165,1512.08,1.21,2.43,0.0,35.39,196.42
405.28,44.835,103.174,1512.01,1.22,2.44,0.0,35.25,196.42
405.32,44.776,103.183,1511.94,1.23,2.46,0.0,35.12,196.42
405.36,44.716,103.192,1511.86,1.24,2.48,0.0,34.98,196.42
405.42,44.627,103.206,1511.73,1.26,2.51,0.0,34.78,196.42
405.48,44.537,103.22,1511.6,1.28,2.55,0.0,34.58,196.42
405.52,44.477,103.229,1511.5,1.29,2.57,0.0,34.45,196.42
405.56,44.418,103.238,1511.4,1.3,2.59,0.0,34.32,196.42
405.58,44.388,103.243,1511.34,1.31,2.6,0.0,34.26,196.42
405.62,44.328,103.252,1511.23,1.32,2.62,0.0,34.13,196.42
405.66,44.269,103.261,1511.12,1.34,2.64,0.0,34.0,196.42
405.72,44.179,103.274,1510.93,1.36,2.67,0.0,33.81,196.42
405.78,44.09,103.288,1510.74,1.37,2.7,0.0,33.63,196.42
405.84,44.0,103.302,1510.53,1.39,2.74,0.0,33.45,196.42
405.88,43.941,103.311,1510.39,1.41,2.76,0.0,33.33,196.43
405.94,43.851,103.324,1510.16,1.43,2.79,0.0,33.16,196.43
406.0,43.762,103.338,1509.93,1.45,2.83,0.0,32.99,196.43
406.04,43.702,103.347,1509.76,1.46,2.85,0.0,32.88,196.44
406.08,43.643,103.356,1509.59,1.48,2.87,0.0,32.78,196.44
406.12,43.583,103.365,1509.41,1.49,2.9,0.0,32.67,196.45
406.18,43.494,103.378,1509.14,1.51,2.93,0.0,32.53,196.45
406.24,43.404,103.392,1508.85,1.53,2.97,0.0,32.39,196.46
406.28,43.345,103.401,1508.65,1.55,2.99,0.0,32.3,196.47
406.34,43.255,103.414,1508.34,1.57,3.03,0.0,32.17,196.48
406.4,43.166,103.427,1508.02,1.59,3.06,0.0,32.05,196.49
406.44,43.106,103.436,1507.8,1.6,3.09,0.0,31.97,196.5
406.5,43.017,103.449,1507.46,1.62,3.13,0.0,31.87,196.51
406.54,42.958,103.458,1507.23,1.64,3.15,0.0,31.8,196.52
406.58,42.898,103.467,1506.99,1.65,3.18,0.0,31.74,196.53
406.64,42.809,103.48,1506.62,1.67,3.21,0.0,31.66,196.54
406.7,42.72,103.494,1506.24,1.7,3.25,0.0,31.58,196.56
406.74,42.66,103.503,1505.98,1.71,3.28,0.0,31.54,196.57
406.8,42.571,103.516,1505.57,1.73,3.32,0.0,31.48,196.58
406.86,42.482,103.529,1505.16,1.76,3.36,0.0,31.43,196.6
406.9,42.422,103.538,1504.87,1.77,3.39,0.0,31.41,196.61
406.96,42.333,103.551,1504.44,1.79,3.43,0.0,31.38,196.63
407.0,42.274,103.559,1504.14,1.81,3.46,0.0,31.37,196.65
407.04,42.214,103.568,1503.84,1.82,3.48,0.0,31.36,196.66
407.1,42.125,103.581,1503.37,1.84,3.53,0.0,31.35,196.68
407.14,42.066,103.59,1503.06,1.86,3.55,0.0,31.36,196.7
407.2,41.976,103.603,1502.57,1.88,3.6,0.0,31.37,196.72
407.26,41.887,103.616,1502.08,1.9,3.64,0.0,31.4,196.74
407.3,41.828,103.625,1501.74,1.92,3.67,0.0,31.42,196.76
407.36,41.739,103.637,1501.22,1.94,3.71,0.0,31.47,196.78
407.42,41.65,103.65,1500.69,1.97,3.76,0.0,31.52,196.81
407.46,41.591,103.659,1500.34,1.98,3.79,0.0,31.56,196.82
407.52,41.502,103.672,1499.79,2.0,3.83,0.0,31.64,196.85
407.56,41.443,103.68,1499.42,2.02,3.86,0.0,31.69,196.87
407.62,41.354,103.693,1498.85,2.04,3.91,0.0,31.78,196.9
407.66,41.294,103.702,1498.47,2.06,3.94,0.0,31.85,196.91
407.72,41.206,103.714,1497.88,2.08,3.99,0.0,31.95,196.94
407.78,41.117,103.727,1497.29,2.1,4.04,0.0,32.07,196.97
407.82,41.058,103.736,1496.89,2.11,4.07,0.0,32.15,196.99
407.88,40.969,103.748,1496.27,2.14,4.12,0.0,32.28,197.02
407.92,40.91,103.757,1495.86,2.15,4.15,0.0,32.37,197.04
407.96,40.85,103.765,1495.44,2.17,4.18,0.0,32.46,197.06
408.02,40.762,103.778,1494.8,2.19,4.23,0.0,32.61,197.09
408.08,40.673,103.79,1494.15,2.21,4.28,0.0,32.76,197.12
408.12,40.614,103.799,1493.72,2.23,4.32,0.0,32.87,197.14
408.18,40.525,103.811,1493.05,2.25,4.37,0.0,33.03,197.18
408.22,40.466,103.819,1492.6,2.26,4.4,0.0,33.14,197.2
408.28,40.378,103.832,1491.92,2.29,4.46,0.0,33.32,197.23
408.32,40.319,103.84,1491.46,2.3,4.49,0.0,33.43,197.25
408.38,40.23,103.852,1490.77,2.32,4.54,0.0,33.61,197.28
408.42,40.171,103.861,1490.3,2.34,4.58,0.0,33.73,197.3
408.48,40.083,103.873,1489.58,2.36,4.63,0.0,33.9,197.34
408.52,40.024,103.881,1489.1,2.37,4.67,0.0,34.02,197.36
408.56,39.965,103.889,1488.62,2.39,4.71,0.0,34.14,197.38
408.62,39.877,103.901,1487.88,2.41,4.76,0.0,34.32,197.41
408.68,39.788,103.914,1487.14,2.43,4.82,0.0,34.5,197.44
408.72,39.73,103.922,1486.63,2.45,4.86,0.0,34.62,197.46
408.78,39.641,103.934,1485.87,2.47,4.91,0.0,34.79,197.49
408.82,39.583,103.942,1485.36,2.48,4.95,0.0,34.91,197.51
408.88,39.494,103.954,1484.58,2.51,5.01,0.0,35.08,197.54
408.92,39.436,103.962,1484.06,2.52,5.05,0.0,35.18,197.56
408.98,39.348,103.974,1483.27,2.54,5.11,0.0,35.34,197.59
409.02,39.289,103.982,1482.73,2.56,5.15,0.0,35.44,197.61
409.08,39.201,103.994,1481.92,2.58,5.21,0.0,35.59,197.64
409.12,39.142,104.002,1481.37,2.6,5.25,0.0,35.68,197.65
409.18,39.054,104.013,1480.55,2.62,5.31,0.0,35.81,197.68
409.22,38.996,104.021,1479.99,2.64,5.35,0.0,35.89,197.7
409.28,38.908,104.033,1479.14,2.66,5.41,0.0,36.01,197.72
409.34,38.82,104.045,1478.28,2.68,5.48,0.0,36.11,197.75
409.38,38.761,104.052,1477.7,2.7,5.52,0.0,36.17,197.76
409.42,38.703,104.06,1477.12,2.72,5.56,0.0,36.23,197.78
409.48,38.615,104.072,1476.23,2.74,5.63,0.0,36.31,197.8
409.52,38.557,104.079,1475.63,2.76,5.67,0.0,36.35,197.82
409.58,38.469,104.091,1474.72,2.79,5.74,0.0,36.4,197.84
409.64,38.381,104.102,1473.8,2.81,5.8,0.0,36.44,197.86
409.68,38.323,104.11,1473.17,2.83,5.85,0.0,36.45,197.87
409.74,38.235,104.125,1472.22,2.87,5.91,0.0,36.47,197.9
409.8,38.148,104.14,1471.26,2.9,5.98,0.0,36.46,197.91
409.86,38.031,104.151,1469.95,2.94,6.07,0.0,36.42,197.94
409.94,37.944,104.159,1468.94,2.96,6.14,0.0,36.39,197.95
409.98,37.886,104.166,1468.26,2.99,6.19,0.0,36.36,197.96
410.02,37.828,104.174,1467.57,3.01,6.24,0.0,36.31,197.97
410.08,37.74,104.185,1466.52,3.04,6.31,0.0,36.23,197.98
410.12,37.682,104.192,1465.81,3.06,6.36,0.0,36.17,197.99
410.18,37.595,104.203,1464.73,3.1,6.43,0.0,36.07,198.0
410.22,37.537,104.211,1463.99,3.12,6.48,0.0,35.99,198.01
410.28,37.45,104.221,1462.87,3.16,6.55,0.0,35.86,198.02
410.32,37.392,104.229,1462.11,3.19,6.6,0.0,35.76,198.03
410.38,37.305,104.239,1460.96,3.23,6.68,0.0,35.61,198.04
410.44,37.218,104.25,1459.77,3.27,6.75,0.0,35.44,198.05
410.48,37.16,104.257,1458.97,3.3,6.8,0.0,35.32,198.06
410.52,37.102,104.264,1458.15,3.32,6.86,0.0,35.19,198.07
410.58,37.016,104.275,1456.91,3.37,6.93,0.0,34.99,198.08
410.62,36.958,104.282,1456.06,3.4,6.98,0.0,34.85,198.09
410.68,36.871,104.293,1454.77,3.44,7.06,0.0,34.63,198.1
410.74,36.785,104.303,1453.46,3.49,7.14,0.0,34.4,198.11
410.78,36.727,104.31,1452.56,3.52,7.19,0.0,34.25,198.12
410.84,36.641,104.321,1451.19,3.57,7.27,0.0,34.01,198.13
410.88,36.583,104.327,1450.26,3.6,7.33,0.0,33.84,198.14
410.94,36.497,104.338,1448.85,3.65,7.41,0.0,33.59,198.15
410.98,36.439,104.344,1447.88,3.68,7.46,0.0,33.42,198.16
411.04,36.353,104.355,1446.41,3.73,7.54,0.0,33.16,198.18
411.08,36.296,104.361,1445.41,3.77,7.6,0.0,32.99,198.19
411.14,36.21,104.371,1443.89,3.82,7.68,0.0,32.73,198.2
411.2,36.124,104.382,1442.33,3.87,7.77,0.0,32.47,198.22
411.24,36.067,104.388,1441.28,3.91,7.82,0.0,32.3,198.23
411.28,36.009,104.395,1440.21,3.94,7.88,0.0,32.13,198.24
411.34,35.924,104.405,1438.58,4.0,7.96,0.0,31.88,198.26
411.38,35.866,104.411,1437.47,4.03,8.02,0.0,31.72,198.27
411.44,35.781,104.421,1435.78,4.09,8.1,0.0,31.48,198.3
411.48,35.724,104.427,1434.64,4.13,8.16,0.0,31.33,198.31
411.54,35.638,104.437,1432.9,4.18,8.25,0.0,31.1,198.33
411.58,35.582,104.443,1431.72,4.22,8.3,0.0,30.96,198.35
411.64,35.496,104.453,1429.92,4.27,8.39,0.0,30.76,198.38
411.68,35.44,104.459,1428.71,4.31,8.45,0.0,30.63,198.4
411.74,35.354,104.469,1426.86,4.36,8.53,0.0,30.45,198.42
411.78,35.298,104.475,1425.61,4.4,8.59,0.0,30.34,198.44
411.82,35.241,104.481,1424.35,4.44,8.65,0.0,30.24,198.47
411.9,35.128,104.494,1421.79,4.51,8.77,0.0,30.06,198.51
411.94,35.072,104.5,1420.49,4.54,8.83,0.0,29.98,198.53
411.98,35.015,104.506,1419.17,4.58,8.89,0.0,29.91,198.56
412.04,34.931,104.515,1417.18,4.63,8.98,0.0,29.82,198.59
412.08,34.874,104.521,1415.83,4.66,9.04,0.0,29.78,198.62
412.14,34.79,104.53,1413.79,4.72,9.13,0.0,29.72,198.66
412.18,34.734,104.536,1412.42,4.75,9.19,0.0,29.7,198.69
412.24,34.65,104.545,1410.34,4.8,9.28,0.0,29.68,198.73
412.3,34.566,104.554,1408.23,4.85,9.37,0.0,29.68,198.77
412.34,34.51,104.559,1406.81,4.88,9.43,0.0,29.69,198.8
412.4,34.426,104.568,1404.67,4.93,9.52,0.0,29.73,198.85
412.44,34.37,104.574,1403.23,4.96,9.58,0.0,29.76,198.88
412.5,34.286,104.582,1401.05,5.0,9.67,0.0,29.83,198.93
412.54,34.231,104.588,1399.59,5.03,9.73,0.0,29.89,198.96
412.6,34.147,104.597,1397.38,5.08,9.83,0.0,29.99,199.01
412.64,34.092,104.602,1395.9,5.11,9.89,0.0,30.07,199.05
412.68,34.036,104.608,1394.41,5.13,9.95,0.0,30.15,199.09
412.74,33.953,104.616,1392.16,5.17,10.04,0.0,30.29,199.14
412.8,33.87,104.624,1389.89,5.21,10.14,0.0,30.44,199.19
412.86,33.787,104.632,1387.62,5.25,10.23,0.0,30.6,199.25
412.9,33.732,104.638,1386.09,5.28,10.3,0.0,30.71,199.29
412.94,33.677,104.643,1384.56,5.3,10.36,0.0,30.83,199.33
413.0,33.594,104.651,1382.25,5.34,10.46,0.0,31.01,199.38
413.06,33.512,104.659,1379.93,5.37,10.55,0.0,31.2,199.44
413.1,33.457,104.664,1378.38,5.4,10.62,0.0,31.32,199.48
413.16,33.374,104.672,1376.04,5.43,10.72,0.0,31.51,199.54
413.2,33.32,104.677,1374.48,5.45,10.78,0.0,31.64,199.58
413.26,33.238,104.684,1372.12,5.48,10.88,0.0,31.82,199.63
413.3,33.183,104.689,1370.55,5.51,10.94,0.0,31.94,199.67
413.34,33.129,104.694,1368.96,5.53,11.01,0.0,32.06,199.71
413.4,33.047,104.702,1366.58,5.56,11.11,0.0,32.23,199.77
413.46,32.965,104.709,1364.19,5.59,11.21,0.0,32.39,199.83
413.5,32.911,104.714,1362.59,5.61,11.28,0.0,32.49,199.86
413.54,32.857,104.719,1360.99,5.63,11.35,0.0,32.58,199.9
413.6,32.775,104.726,1358.57,5.67,11.45,0.0,32.71,199.96
413.66,32.694,104.733,1356.14,5.7,11.55,0.0,32.81,200.01
413.7,32.64,104.737,1354.51,5.72,11.62,0.0,32.87,200.05
413.76,32.559,104.744,1352.05,5.76,11.72,0.0,32.95,200.1
413.8,32.506,104.749,1350.4,5.78,11.79,0.0,32.99,200.13
413.86,32.425,104.755,1347.91,5.82,11.89,0.0,33.02,200.18
413.9,32.371,104.76,1346.25,5.84,11.96,0.0,33.03,200.22
413.96,32.291,104.766,1343.73,5.88,12.07,0.0,33.03,200.26
414.0,32.237,104.771,1342.03,5.91,12.14,0.0,33.01,200.29
414.04,32.184,104.775,1340.33,5.94,12.2,0.0,32.98,200.32
414.1,32.104,104.781,1337.76,5.98,12.31,0.0,32.91,200.37
414.16,32.024,104.788,1335.15,6.03,12.41,0.0,32.82,200.41
414.2,31.971,104.792,1333.4,6.06,12.48,0.0,32.74,200.44
414.26,31.891,104.798,1330.75,6.11,12.59,0.0,32.6,200.47
414.3,31.838,104.802,1328.97,6.14,12.66,0.0,32.49,200.5
414.36,31.759,104.808,1326.26,6.2,12.77,0.0,32.31,200.54
414.4,31.706,104.812,1324.43,6.23,12.84,0.0,32.18,200.56
414.46,31.627,104.817,1321.66,6.29,12.94,0.0,31.95,200.59
414.5,31.574,104.821,1319.8,6.33,13.01,0.0,31.79,200.61
414.56,31.495,104.827,1316.96,6.39,13.12,0.0,31.53,200.65
414.62,31.416,104.832,1314.08,6.46,13.22,0.0,31.26,200.67
414.66,31.364,104.836,1312.14,6.5,13.29,0.0,31.06,200.69
414.7,31.312,104.84,1310.18,6.55,13.36,0.0,30.86,200.71
414.76,31.233,104.845,1307.19,6.62,13.46,0.0,30.55,200.74
414.82,31.155,104.85,1304.17,6.69,13.57,0.0,30.22,200.77
414.86,31.103,104.854,1302.12,6.74,13.63,0.0,30.0,200.78
414.92,31.026,104.859,1299.01,6.81,13.74,0.0,29.67,200.81
414.96,30.974,104.862,1296.91,6.86,13.8,0.0,29.44,200.83
415.02,30.896,104.867,1293.72,6.94,13.91,0.0,29.1,200.85
415.06,30.845,104.87,1291.57,6.99,13.97,0.0,28.87,200.87
415.12,30.767,104.875,1288.29,7.07,14.07,0.0,28.54,200.9
415.18,30.69,104.879,1284.98,7.14,14.17,0.0,28.21,200.92
415.22,30.639,104.882,1282.74,7.2,14.23,0.0,28.0,200.94
415.28,30.562,104.887,1279.34,7.27,14.33,0.0,27.69,200.97
415.32,30.511,104.89,1277.05,7.32,14.4,0.0,27.49,200.98
415.38,30.435,104.894,1273.58,7.4,14.49,0.0,27.21,201.01
415.42,30.384,104.897,1271.24,7.45,14.55,0.0,27.04,201.03
415.48,30.308,104.901,1267.7,7.52,14.65,0.0,26.79,201.06
415.52,30.258,104.904,1265.32,7.57,14.71,0.0,26.64,201.08
415.58,30.182,104.908,1261.71,7.64,14.8,0.0,26.43,201.12
415.62,30.132,104.91,1259.29,7.68,14.86,0.0,26.31,201.14
415.68,30.056,104.914,1255.62,7.75,14.95,0.0,26.15,201.18
415.72,30.006,104.916,1253.16,7.79,15.01,0.0,26.05,201.2
415.78,29.931,104.92,1249.45,7.85,15.1,0.0,25.94,201.24
415.82,29.882,104.922,1246.96,7.89,15.15,0.0,25.88,201.27
415.88,29.807,104.926,1243.2,7.95,15.24,0.0,25.81,201.31
415.92,29.758,104.928,1240.68,7.98,15.3,0.0,25.78,201.34
415.98,29.683,104.931,1236.89,8.03,15.38,0.0,25.77,201.38
416.02,29.634,104.934,1234.35,8.07,15.44,0.0,25.77,201.41
416.06,29.585,104.936,1231.81,8.1,15.49,0.0,25.78,201.44
416.1,29.511,104.939,1227.98,8.14,15.58,0.0,25.83,201.49
416.18,29.438,104.942,1224.14,8.18,15.66,0.0,25.89,201.54
416.24,29.364,104.945,1220.29,8.21,15.74,0.0,25.98,201.6
416.28,29.316,104.946,1217.72,8.24,15.79,0.0,26.04,201.64
416.32,29.267,104.948,1215.15,8.26,15.84,0.0,26.12,201.67
416.38,29.195,104.951,1211.29,8.29,15.92,0.0,26.24,201.73
416.44,29.122,104.953,1207.43,8.31,16.0,0.0,26.38,201.79
416.48,29.074,104.955,1204.86,8.33,16.05,0.0,26.47,201.83
416.54,29.002,104.957,1201.0,8.35,16.13,0.0,26.62,201.89
416.58,28.954,104.959,1198.42,8.36,16.18,0.0,26.71,201.93
416.64,28.882,104.961,1194.56,8.38,16.26,0.0,26.86,201.99
416.68,28.835,104.962,1191.99,8.39,16.31,0.0,26.95,202.04
416.74,28.763,104.964,1188.14,8.41,16.38,0.0,27.08,202.1
416.78,28.716,104.966,1185.57,8.42,16.43,0.0,27.17,202.14
416.84,28.645,104.967,1181.72,8.43,16.51,0.0,27.28,202.2
416.88,28.598,104.969,1179.15,8.44,16.56,0.0,27.35,202.25
416.94,28.528,104.97,1175.3,8.46,16.63,0.0,27.43,202.31
416.98,28.481,104.971,1172.73,8.47,16.68,0.0,27.47,202.35
417.04,28.411,104.973,1168.88,8.48,16.75,0.0,27.52,202.41
417.08,28.364,104.974,1166.31,8.49,16.8,0.0,27.53,202.45
417.14,28.294,104.975,1162.44,8.51,16.87,0.0,27.53,202.51
417.18,28.248,104.976,1159.86,8.52,16.92,0.0,27.51,202.55
417.24,28.179,104.977,1155.98,8.54,16.99,0.0,27.46,202.61
417.28,28.133,104.977,1153.39,8.55,17.04,0.0,27.41,202.65
417.34,28.064,104.978,1149.48,8.58,17.11,0.0,27.3,202.7
417.38,28.018,104.979,1146.87,8.6,17.15,0.0,27.21,202.74
417.42,27.972,104.979,1144.25,8.62,17.2,0.0,27.11,202.77
417.48,27.904,104.98,1140.29,8.65,17.26,0.0,26.93,202.82
417.54,27.836,104.981,1136.31,8.68,17.33,0.0,26.71,202.87
417.58,27.79,104.981,1133.64,8.71,17.37,0.0,26.55,202.9
417.64,27.723,104.981,1129.61,8.75,17.43,0.0,26.29,202.94
417.68,27.678,104.982,1126.91,8.78,17.47,0.0,26.1,202.97
417.72,27.633,104.982,1124.19,8.81,17.51,0.0,25.89,202.99
417.78,27.566,104.982,1120.08,8.86,17.57,0.0,25.57,203.03
417.84,27.499,104.982,1115.92,8.91,17.62,0.0,25.22,203.07
417.9,27.432,104.982,1111.73,8.96,17.68,0.0,24.86,203.1
417.94,27.388,104.982,1108.92,9.0,17.71,0.0,24.61,203.12
417.98,27.344,104.981,1106.08,9.04,17.75,0.0,24.36,203.14
418.04,27.278,104.981,1101.79,9.1,17.79,0.0,23.97,203.17
418.08,27.234,104.981,1098.91,9.14,17.82,0.0,23.7,203.19
418.14,27.168,104.98,1094.54,9.2,17.87,0.0,23.31,203.22
418.18,27.125,104.98,1091.61,9.24,17.9,0.0,23.04,203.24
418.24,27.059,104.979,1087.18,9.3,17.94,0.0,22.65,203.27
418.3,26.995,104.979,1082.71,9.36,17.97,0.0,22.27,203.29
418.34,26.952,104.978,1079.71,9.39,18.0,0.0,22.03,203.31
418.4,26.887,104.977,1075.18,9.45,18.03,0.0,21.67,203.34
418.46,26.823,104.976,1070.61,9.51,18.06,0.0,21.33,203.37
418.5,26.781,104.975,1067.55,9.54,18.08,0.0,21.12,203.39
418.56,26.717,104.974,1062.93,9.59,18.11,0.0,20.83,203.42
418.6,26.675,104.973,1059.84,9.62,18.12,0.0,20.64,203.44
418.64,26.633,104.972,1056.74,9.65,18.14,0.0,20.47,203.46
418.7,26.57,104.971,1052.07,9.7,18.16,0.0,20.24,203.49
418.74,26.528,104.97,1048.94,9.72,18.17,0.0,20.11,203.51
418.8,26.465,104.968,1044.25,9.76,18.18,0.0,19.93,203.55
418.86,26.403,104.967,1039.54,9.79,18.2,0.0,19.79,203.58
418.9,26.362,104.965,1036.4,9.8,18.21,0.0,19.72,203.61
418.96,26.3,104.964,1031.68,9.83,18.22,0.0,19.63,203.65
419.0,26.259,104.962,1028.54,9.84,18.22,0.0,19.59,203.68
419.04,26.218,104.961,1025.4,9.85,18.23,0.0,19.57,203.71
419.1,26.157,104.959,1020.69,9.86,18.24,0.0,19.56,203.75
419.16,26.097,104.957,1015.99,9.87,18.24,0.0,19.57,203.8
419.2,26.056,104.955,1012.87,9.87,18.24,0.0,19.6,203.83
419.26,25.996,104.953,1008.19,9.86,18.25,0.0,19.66,203.88
419.3,25.956,104.952,1005.08,9.86,18.25,0.0,19.71,203.92
419.36,25.897,104.949,1000.44,9.85,18.25,0.0,19.8,203.97
419.42,25.837,104.947,995.82,9.84,18.25,0.0,19.91,204.03
419.46,25.798,104.945,992.75,9.83,18.25,0.0,19.98,204.07
419.5,25.758,104.943,989.7,9.81,18.25,0.0,20.06,204.11
419.56,25.7,104.94,985.13,9.79,18.25,0.0,20.19,204.17
419.6,25.661,104.939,982.11,9.78,18.25,0.0,20.27,204.21
419.66,25.602,104.936,977.59,9.75,18.24,0.0,20.4,204.27
419.7,25.564,104.934,974.6,9.73,18.24,0.0,20.48,204.31
419.76,25.506,104.931,970.13,9.7,18.24,0.0,20.59,204.38
419.82,25.448,104.928,965.68,9.67,18.23,0.0,20.69,204.44
419.86,25.41,104.925,962.74,9.65,18.23,0.0,20.74,204.49
419.9,25.372,104.922,959.8,9.63,18.22,0.0,20.79,204.53
419.96,25.315,104.921,955.42,9.6,18.22,0.0,20.85,204.59
420.02,25.259,104.915,951.05,9.57,18.21,0.0,20.88,204.68
420.08,25.202,104.912,946.71,9.53,18.21,0.0,20.88,204.74
420.14,25.146,104.909,942.38,9.52,18.2,0.0,20.86,204.78
420.18,25.109,104.907,939.5,9.5,18.19,0.0,20.82,204.82
420.22,25.072,104.904,936.63,9.49,18.19,0.0,20.77,204.86
420.28,25.017,104.901,932.33,9.46,18.18,0.0,20.67,204.92
420.32,24.98,104.898,929.46,9.45,18.17,0.0,20.59,204.96
420.38,24.925,104.894,925.17,9.44,18.16,0.0,20.44,205.02
420.42,24.888,104.891,922.3,9.43,18.15,0.0,20.32,205.06
420.46,24.852,104.889,919.44,9.42,18.14,0.0,20.18,205.1
420.52,24.798,104.885,915.14,9.42,18.13,0.0,19.95,205.15
420.58,24.744,104.88,910.83,9.41,18.11,0.0,19.69,205.21
420.62,24.708,104.877,907.96,9.41,18.1,0.0,19.51,205.24
420.68,24.654,104.873,903.63,9.42,18.08,0.0,19.2,205.29
420.72,24.619,104.87,900.74,9.42,18.07,0.0,18.99,205.33
420.78,24.566,104.866,896.39,9.43,18.04,0.0,18.65,205.38
420.82,24.531,104.863,893.48,9.44,18.03,0.0,18.41,205.41
420.88,24.478,104.858,889.09,9.45,18.0,0.0,18.04,205.46
420.9,24.443,104.855,886.16,9.46,17.98,0.0,17.79,205.49
420.98,24.391,104.85,881.75,9.48,17.95,0.0,17.4,205.54
421.04,24.339,104.845,877.32,9.49,17.92,0.0,17.0,205.58
421.08,24.305,104.842,874.35,9.51,17.9,0.0,16.74,205.61
421.14,24.254,104.837,869.89,9.52,17.86,0.0,16.34,205.66
421.18,24.219,104.834,866.9,9.54,17.84,0.0,16.08,205.69
421.24,24.169,104.828,862.4,9.55,17.8,0.0,15.7,205.74
421.28,24.135,104.825,859.4,9.56,17.77,0.0,15.45,205.77
421.34,24.084,104.82,854.88,9.58,17.73,0.0,15.08,205.82
421.38,24.051,104.816,851.86,9.59,17.7,0.0,14.85,205.86
421.44,24.001,104.811,847.33,9.6,17.65,0.0,14.52,205.91
421.48,23.968,104.807,844.3,9.61,17.62,0.0,14.31,205.94
421.54,23.919,104.802,839.75,9.61,17.56,0.0,14.01,206.0
421.58,23.886,104.798,836.72,9.62,17.53,0.0,13.83,206.03
421.64,23.837,104.793,832.17,9.62,17.47,0.0,13.58,206.09
421.68,23.805,104.789,829.15,9.62,17.44,0.0,13.43,206.13
421.72,23.772,104.785,826.12,9.61,17.4,0.0,13.29,206.17
421.78,23.724,104.78,821.59,9.6,17.34,0.0,13.11,206.23
421.82,23.692,104.776,818.58,9.6,17.3,0.0,13.0,206.27
421.9,23.629,104.768,812.57,9.57,17.22,0.0,12.84,206.36
421.94,23.597,104.764,809.58,9.56,17.18,0.0,12.77,206.4
422.0,23.55,104.758,805.11,9.54,17.12,0.0,12.7,206.47
422.04,23.519,104.754,802.14,9.52,17.07,0.0,12.67,206.51
422.1,23.472,104.749,797.72,9.49,17.01,0.0,12.64,206.58
422.14,23.441,104.745,794.78,9.46,16.97,0.0,12.64,206.63
422.18,23.41,104.74,791.86,9.44,16.92,0.0,12.64,206.68
422.24,23.364,104.734,787.51,9.4,16.86,0.0,12.67,206.75
422.3,23.319,104.728,783.19,9.36,16.79,0.0,12.71,206.83
422.34,23.288,104.724,780.34,9.33,16.75,0.0,12.75,206.88
422.38,23.258,104.72,777.5,9.29,16.71,0.0,12.79,206.93
422.44,23.213,104.714,773.27,9.24,16.64,0.0,12.87,207.01
422.5,23.168,104.707,769.08,9.19,16.57,0.0,12.95,207.08
422.54,23.139,104.703,766.31,9.15,16.53,0.0,13.0,207.14
422.58,23.109,104.699,763.56,9.12,16.49,0.0,13.06,207.19
422.64,23.065,104.693,759.46,9.06,16.42,0.0,13.14,207.27
422.68,23.036,104.688,756.75,9.02,16.38,0.0,13.2,207.32
422.74,22.992,104.682,752.73,8.96,16.32,0.0,13.27,207.4
422.8,22.948,104.675,748.74,8.9,16.25,0.0,13.33,207.48
422.84,22.92,104.671,746.1,8.86,16.21,0.0,13.36,207.54
422.9,22.877,104.664,742.18,8.81,16.15,0.0,13.4,207.62
422.94,22.848,104.66,739.58,8.77,16.11,0.0,13.42,207.67
423.0,22.806,104.653,735.71,8.71,16.04,0.0,13.42,207.75
423.06,22.763,104.646,731.88,8.66,15.98,0.0,13.4,207.84
423.1,22.735,104.642,729.34,8.62,15.94,0.0,13.38,207.89
423.16,22.693,104.635,725.55,8.57,15.88,0.0,13.32,207.97
423.2,22.666,104.63,723.04,8.54,15.84,0.0,13.27,208.02
423.24,22.638,104.625,720.53,8.51,15.79,0.0,13.2,208.08
423.3,22.597,104.619,716.8,8.46,15.73,0.0,13.08,208.16
423.34,22.569,104.614,714.32,8.43,15.69,0.0,12.98,208.21
423.4,22.529,104.607,710.61,8.39,15.63,0.0,12.81,208.29
423.44,22.501,104.602,708.15,8.37,15.59,0.0,12.69,208.35
423.5,22.461,104.595,704.46,8.33,15.52,0.0,12.47,208.43
423.54,22.434,104.59,702.01,8.31,15.48,0.0,12.31,208.48
423.58,22.394,104.583,698.34,8.28,15.42,0.0,12.05,208.56
423.66,22.354,104.576,694.68,8.26,15.35,0.0,11.77,208.65
423.72,22.315,104.569,691.01,8.23,15.29,0.0,11.46,208.73
423.76,22.289,104.564,688.57,8.22,15.24,0.0,11.25,208.78
423.82,22.25,104.556,684.91,8.2,15.18,0.0,10.91,208.87
423.86,22.224,104.551,682.47,8.19,15.13,0.0,10.68,208.92
423.9,22.198,104.547,680.02,8.18,15.09,0.0,10.43,208.98
423.96,22.159,104.539,676.36,8.17,15.02,0.0,10.06,209.07
424.0,22.134,104.534,673.91,8.16,14.97,0.0,9.81,209.12
424.06,22.096,104.527,670.24,8.15,14.9,0.0,9.42,209.21
424.12,22.058,104.519,666.56,8.14,14.83,0.0,9.03,209.3
424.16,22.033,104.514,664.11,8.13,14.78,0.0,8.77,209.36
424.22,21.995,104.507,660.43,8.12,14.7,0.0,8.37,209.45
424.26,21.971,104.502,657.97,8.11,14.65,0.0,8.11,209.51
424.32,21.934,104.494,654.29,8.1,14.58,0.0,7.73,209.61
424.36,21.909,104.489,651.83,8.1,14.52,0.0,7.48,209.67
424.42,21.872,104.481,648.14,8.09,14.45,0.0,7.11,209.77
424.46,21.848,104.476,645.69,8.08,14.39,0.0,6.87,209.84
424.52,21.812,104.469,642.0,8.06,14.31,0.0,6.52,209.94
424.56,21.788,104.463,639.55,8.05,14.26,0.0,6.3,210.0
424.64,21.74,104.453,634.66,8.03,14.15,0.0,5.89,210.14
424.68,21.716,104.448,632.21,8.02,14.09,0.0,5.69,210.21
424.72,21.693,104.443,629.77,8.01,14.04,0.0,5.51,210.28
424.78,21.658,104.435,626.13,7.98,13.95,0.0,5.25,210.39
424.82,21.634,104.43,623.7,7.97,13.9,0.0,5.1,210.46
424.88,21.6,104.422,620.08,7.94,13.81,0.0,4.88,210.57
424.92,21.577,104.417,617.67,7.92,13.76,0.0,4.75,210.64
424.98,21.542,104.409,614.08,7.89,13.67,0.0,4.58,210.76
425.04,21.508,104.401,610.51,7.86,13.58,0.0,4.44,210.87
425.08,21.486,104.396,608.14,7.83,13.53,0.0,4.36,210.94
425.12,21.463,104.391,605.79,7.81,13.47,0.0,4.29,211.02
425.18,21.43,104.383,602.27,7.77,13.38,0.0,4.21,211.14
425.22,21.407,104.378,599.95,7.74,13.33,0.0,4.16,211.21
425.28,21.374,104.37,596.48,7.7,13.24,0.0,4.12,211.33
425.34,21.341,104.36,593.04,7.65,13.16,0.0,4.1,211.45
425.4,21.309,104.352,589.64,7.59,13.07,0.0,4.11,211.61
425.46,21.276,104.345,586.27,7.54,12.99,0.0,4.14,211.73
425.52,21.233,104.331,581.83,7.47,12.85,0.0,4.2,211.93
425.6,21.191,104.323,577.46,7.4,12.77,0.0,4.28,212.05
425.68,21.159,104.315,574.22,7.36,12.69,0.0,4.33,212.17
425.74,21.117,104.304,569.96,7.27,12.58,0.0,4.48,212.33
425.82,21.076,104.295,565.77,7.19,12.48,0.0,4.6,212.49
425.9,21.034,104.283,561.65,7.13,12.37,0.0,4.73,212.65
425.98,21.004,104.275,558.6,7.08,12.3,0.0,4.79,212.77
426.04,20.973,104.267,555.58,7.0,12.22,0.0,4.92,212.89
426.1,20.933,104.257,551.62,6.92,12.12,0.0,5.03,213.06
426.18,20.893,104.246,547.73,6.87,12.02,0.0,5.13,213.22
426.26,20.864,104.238,544.84,6.79,11.95,0.0,5.19,213.34
426.32,20.825,104.227,541.05,6.72,11.86,0.0,5.25,213.51
426.4,20.795,104.222,538.24,6.69,11.79,0.0,5.27,213.59
426.44,20.776,104.217,536.38,6.65,11.74,0.0,5.28,213.67
426.48,20.757,104.211,534.54,6.62,11.69,0.0,5.29,213.76
426.52,20.738,104.206,532.71,6.59,11.65,0.0,5.29,213.84
426.58,20.709,104.198,529.98,6.54,11.58,0.0,5.27,213.96
426.62,20.69,104.193,528.18,6.51,11.54,0.0,5.24,214.05
426.68,20.662,104.185,525.49,6.46,11.47,0.0,5.19,214.18
426.74,20.634,104.177,522.83,6.42,11.4,0.0,5.12,214.3
426.78,20.615,104.171,521.07,6.39,11.36,0.0,5.07,214.39
426.84,20.587,104.163,518.43,6.35,11.29,0.0,4.96,214.52
426.88,20.569,104.158,516.69,6.33,11.25,0.0,4.88,214.61
426.94,20.541,104.15,514.09,6.29,11.18,0.0,4.75,214.74
426.98,20.523,104.145,512.36,6.27,11.14,0.0,4.64,214.82
427.04,20.496,104.137,509.78,6.24,11.08,0.0,4.48,214.96
427.1,20.469,104.128,507.21,6.2,11.01,0.0,4.29,215.09
427.14,20.451,104.123,505.5,6.19,10.97,0.0,4.15,215.18
427.18,20.433,104.118,503.8,6.17,10.93,0.0,4.01,215.27
427.24,20.406,104.11,501.25,6.14,10.86,0.0,3.78,215.41
427.28,20.389,104.104,499.56,6.12,10.82,0.0,3.62,215.5
427.34,20.363,104.096,497.03,6.1,10.76,0.0,3.37,215.64
427.4,20.336,104.088,494.5,6.08,10.69,0.0,3.1,215.78
427.44,20.319,104.083,492.82,6.06,10.65,0.0,2.92,215.88
427.5,20.293,104.075,490.3,6.04,10.58,0.0,2.64,216.02
427.54,20.276,104.07,488.62,6.03,10.54,0.0,2.44,216.12
427.6,20.251,104.062,486.1,6.01,10.48,0.0,2.15,216.26
427.64,20.234,104.056,484.43,6.0,10.43,0.0,1.94,216.36
427.7,20.208,104.048,481.92,5.99,10.37,0.0,1.64,216.51
427.74,20.192,104.043,480.25,5.97,10.32,0.0,1.43,216.61
427.78,20.175,104.037,478.58,5.96,10.28,0.0,1.22,216.71
427.86,20.142,104.027,475.25,5.94,10.19,0.0,0.81,216.91
427.9,20.126,104.021,473.58,5.93,10.15,0.0,0.6,217.01
427.96,20.101,104.013,471.09,5.92,10.08,0.0,0.3,217.16
428.0,20.085,104.008,469.43,5.91,10.04,0.0,0.1,217.26
428.06,20.061,104.0,466.94,5.89,9.97,0.0,-0.2,217.41
428.1,20.045,103.995,465.28,5.88,9.93,0.0,-0.4,217.51
428.16,20.021,103.987,462.8,5.86,9.86,0.0,-0.68,217.67
428.2,20.005,103.982,461.15,5.85,9.81,0.0,-0.87,217.77
428.26,19.981,103.974,458.68,5.83,9.75,0.0,-1.14,217.92
428.3,19.966,103.968,457.04,5.82,9.7,0.0,-1.31,218.02
428.34,19.95,103.963,455.4,5.81,9.66,0.0,-1.48,218.13
428.4,19.927,103.955,452.95,5.79,9.59,0.0,-1.72,218.28
428.44,19.911,103.95,451.32,5.78,9.54,0.0,-1.87,218.38
428.5,19.888,103.942,448.89,5.75,9.48,0.0,-2.08,218.54
428.54,19.873,103.937,447.27,5.74,9.43,0.0,-2.22,218.64
428.6,19.85,103.929,444.85,5.72,9.36,0.0,-2.4,218.79
428.66,19.828,103.921,442.45,5.69,9.3,0.0,-2.58,218.95
428.7,19.813,103.916,440.85,5.68,9.25,0.0,-2.68,219.05
428.74,19.798,103.911,439.26,5.66,9.21,0.0,-2.78,219.15
428.8,19.776,103.903,436.89,5.63,9.14,0.0,-2.91,219.3
428.84,19.761,103.898,435.32,5.61,9.09,0.0,-2.98,219.4
428.9,19.739,103.89,432.98,5.58,9.03,0.0,-3.08,219.55
428.96,19.718,103.882,430.65,5.55,8.96,0.0,-3.17,219.7
429.0,19.703,103.877,429.11,5.53,8.92,0.0,-3.21,219.8
429.06,19.682,103.87,426.82,5.5,8.85,0.0,-3.27,219.95
429.1,19.668,103.864,425.3,5.48,8.81,0.0,-3.3,220.05
429.16,19.646,103.857,423.03,5.45,8.74,0.0,-3.32,220.19
429.2,19.632,103.852,421.53,5.43,8.7,0.0,-3.33,220.29
429.24,19.618,103.847,420.04,5.41,8.66,0.0,-3.33,220.39
429.3,19.598,103.839,417.82,5.38,8.6,0.0,-3.33,220.53
429.36,19.577,103.831,415.61,5.35,8.53,0.0,-3.3,220.68
429.4,19.563,103.826,414.15,5.32,8.49,0.0,-3.28,220.77
429.46,19.543,103.819,411.98,5.29,8.43,0.0,-3.23,220.91
429.5,19.529,103.814,410.55,5.27,8.39,0.0,-3.2,221.01
429.56,19.509,103.806,408.41,5.24,8.33,0.0,-3.13,221.15
429.6,19.495,103.801,406.99,5.22,8.29,0.0,-3.08,221.24
429.66,19.475,103.794,404.89,5.19,8.23,0.0,-2.99,221.38
429.72,19.456,103.786,402.8,5.16,8.17,0.0,-2.9,221.52
429.76,19.443,103.781,401.42,5.14,8.13,0.0,-2.83,221.62
429.8,19.429,103.776,400.05,5.12,8.09,0.0,-2.76,221.71
429.86,19.41,103.769,398.02,5.1,8.03,0.0,-2.65,221.85
429.9,19.397,103.764,396.67,5.08,7.99,0.0,-2.57,221.94
429.96,19.378,103.756,394.66,5.05,7.94,0.0,-2.44,222.07
430.0,19.365,103.751,393.34,5.03,7.9,0.0,-2.36,222.17
430.06,19.346,103.744,391.36,5.0,7.84,0.0,-2.23,222.3
430.1,19.333,103.739,390.06,4.98,7.81,0.0,-2.13,222.39
430.14,19.321,103.734,388.77,4.97,7.77,0.0,-2.04,222.48
430.18,19.308,103.729,387.48,4.95,7.73,0.0,-1.95,222.57
430.18,19.308,103.724,386.84,4.93,7.7,0.0,-1.85,222.67
430.26,19.283,103.72,384.94,4.91,7.66,0.0,-1.76,222.76
430.3,19.271,103.715,383.68,4.89,7.63,0.0,-1.66,222.85
430.36,19.253,103.707,381.81,4.87,7.57,0.0,-1.52,222.98
430.4,19.241,103.703,380.57,4.85,7.54,0.0,-1.42,223.08
430.46,19.223,103.695,378.73,4.82,7.49,0.0,-1.28,223.21
430.5,19.21,103.691,377.52,4.8,7.45,0.0,-1.19,223.3
430.56,19.193,103.683,375.71,4.78,7.4,0.0,-1.04,223.44
430.58,19.181,103.679,374.52,4.76,7.37,0.0,-0.95,223.53
430.66,19.163,103.671,372.74,4.73,7.32,0.0,-0.82,223.67
430.7,19.151,103.667,371.57,4.72,7.29,0.0,-0.73,223.77
430.76,19.134,103.659,369.83,4.69,7.24,0.0,-0.6,223.91
430.8,19.122,103.655,368.68,4.67,7.2,0.0,-0.52,224.0
430.86,19.105,103.648,366.97,4.65,7.16,0.0,-0.4,224.14
430.92,19.088,103.641,365.28,4.62,7.11,0.0,-0.28,224.28
430.98,19.071,103.633,363.6,4.6,7.06,0.0,-0.17,224.43
431.02,19.059,103.629,362.49,4.59,7.03,0.0,-0.1,224.52
431.06,19.048,103.624,361.39,4.57,7.0,0.0,-0.04,224.62
431.12,19.031,103.617,359.75,4.55,6.96,0.0,0.06,224.76
431.16,19.02,103.612,358.67,4.53,6.93,0.0,0.12,224.86
431.22,19.004,103.605,357.07,4.51,6.88,0.0,0.2,225.01
431.26,18.993,103.601,356.03,4.49,6.85,0.0,0.25,225.11
431.32,18.976,103.594,354.51,4.44,6.81,0.0,0.32,225.26
431.36,18.966,103.589,353.53,4.41,6.78,0.0,0.36,225.36
431.42,18.949,103.582,352.11,4.34,6.74,0.0,0.4,225.52
431.46,18.939,103.578,351.21,4.28,6.71,0.0,0.41,225.62
431.52,18.923,103.571,349.9,4.18,6.68,0.0,0.42,225.78
431.58,18.907,103.564,348.66,4.06,6.64,0.0,0.39,225.95
431.62,18.896,103.559,347.86,3.98,6.62,0.0,0.36,226.06
431.68,18.881,103.552,346.7,3.86,6.59,0.0,0.27,226.23
431.72,18.87,103.548,345.95,3.77,6.57,0.0,0.2,226.35
431.78,18.854,103.541,344.85,3.66,6.54,0.0,0.05,226.54
431.82,18.844,103.537,344.13,3.59,6.52,0.0,-0.07,226.66
431.88,18.829,103.53,343.06,3.5,6.5,0.0,-0.29,226.85
431.94,18.813,103.523,342.0,3.42,6.47,0.0,-0.55,227.05
431.98,18.803,103.519,341.29,3.38,6.45,0.0,-0.75,227.19
432.04,18.788,103.512,340.23,3.33,6.43,0.0,-1.08,227.4
432.08,18.778,103.507,339.51,3.31,6.41,0.0,-1.32,227.55
432.12,18.768,103.503,338.79,3.3,6.4,0.0,-1.59,227.69
432.18,18.752,103.496,337.69,3.29,6.37,0.0,-2.01,227.92
432.24,18.737,103.49,336.57,3.29,6.35,0.0,-2.46,228.15
432.28,18.728,103.485,335.8,3.3,6.33,0.0,-2.79,228.31
432.32,18.718,103.481,335.02,3.32,6.31,0.0,-3.12,228.47
432.38,18.703,103.474,333.82,3.35,6.29,0.0,-3.65,228.71
432.42,18.693,103.47,333.0,3.37,6.27,0.0,-4.01,228.87
432.46,18.683,103.465,332.17,3.4,6.25,0.0,-4.39,229.04
432.54,18.664,103.457,330.45,3.46,6.21,0.0,-5.16,229.37
432.58,18.654,103.452,329.56,3.5,6.19,0.0,-5.55,229.54
432.64,18.64,103.446,328.2,3.56,6.15,0.0,-6.15,229.8
432.68,18.63,103.442,327.27,3.6,6.13,0.0,-6.55,229.97
432.74,18.616,103.435,325.84,3.65,6.09,0.0,-7.15,230.22
432.8,18.602,103.429,324.38,3.71,6.06,0.0,-7.76,230.48
432.84,18.592,103.424,323.4,3.75,6.03,0.0,-8.16,230.65
432.88,18.583,103.42,322.39,3.78,6.0,0.0,-8.55,230.82
432.94,18.569,103.414,320.87,3.83,5.96,0.0,-9.14,231.07
433.0,18.555,103.408,319.33,3.87,5.92,0.0,-9.71,231.32
433.04,18.546,103.403,318.29,3.89,5.89,0.0,-10.08,231.49
433.1,18.532,103.397,316.72,3.92,5.85,0.0,-10.63,231.73
433.14,18.523,103.393,315.67,3.94,5.82,0.0,-10.98,231.89
433.2,18.51,103.387,314.08,3.96,5.78,0.0,-11.49,232.13
433.24,18.501,103.383,313.03,3.96,5.75,0.0,-11.82,232.29
433.3,18.488,103.377,311.45,3.97,5.7,0.0,-12.29,232.52
433.34,18.479,103.373,310.39,3.96,5.67,0.0,-12.59,232.67
433.4,18.466,103.366,308.82,3.95,5.63,0.0,-13.03,232.9
433.46,18.453,103.36,307.27,3.94,5.58,0.0,-13.43,233.12
433.5,18.444,103.356,306.24,3.92,5.55,0.0,-13.69,233.26
433.54,18.435,103.352,305.22,3.9,5.52,0.0,-13.94,233.4
433.6,18.422,103.346,303.71,3.86,5.48,0.0,-14.28,233.61
433.64,18.414,103.343,302.72,3.84,5.45,0.0,-14.5,233.75
433.7,18.401,103.337,301.25,3.79,5.41,0.0,-14.81,233.95
433.76,18.389,103.331,299.82,3.74,5.36,0.0,-15.1,234.14
433.8,18.38,103.327,298.88,3.7,5.34,0.0,-15.28,234.27
433.86,18.368,103.321,297.49,3.64,5.3,0.0,-15.53,234.46
433.9,18.359,103.317,296.59,3.6,5.27,0.0,-15.69,234.58
433.96,18.347,103.311,295.26,3.53,5.23,0.0,-15.91,234.77
434.02,18.335,103.306,293.96,3.47,5.19,0.0,-16.12,234.94
434.06,18.327,103.302,293.11,3.42,5.17,0.0,-16.25,235.06
434.12,18.314,103.296,291.87,3.35,5.13,0.0,-16.43,235.23
434.16,18.306,103.292,291.06,3.31,5.11,0.0,-16.55,235.35
434.2,18.298,103.289,290.26,3.26,5.09,0.0,-16.66,235.46
434.26,18.286,103.281,289.08,3.18,5.06,0.0,-16.86,235.68
434.32,18.274,103.274,287.93,3.12,5.01,0.0,-17.01,235.85
434.4,18.258,103.268,286.43,3.04,4.98,0.0,-17.19,236.07
434.46,18.247,103.263,285.33,3.0,4.95,0.0,-17.32,236.23
434.52,18.235,103.256,284.25,2.94,4.92,0.0,-17.44,236.44
434.6,18.219,103.25,282.83,2.88,4.88,0.0,-17.6,236.6
434.64,18.208,103.245,281.78,2.84,4.86,0.0,-17.71,236.76
434.72,18.196,103.238,280.75,2.8,4.83,0.0,-17.81,236.92
434.78,18.181,103.232,279.38,2.77,4.79,0.0,-17.95,237.12
434.86,18.169,103.228,278.36,2.74,4.77,0.0,-18.04,237.28
434.92,18.154,103.22,277.0,2.72,4.73,0.0,-18.16,237.48
435.0,18.139,103.213,275.66,2.7,4.7,0.0,-18.27,237.68
435.08,18.128,103.208,274.65,2.68,4.67,0.0,-18.34,237.83
435.14,18.117,103.203,273.66,2.68,4.65,0.0,-18.41,237.98
435.18,18.109,103.197,272.99,2.66,4.62,0.0,-18.46,238.08
435.26,18.094,103.192,271.68,2.65,4.6,0.0,-18.53,238.27
435.3,18.083,103.187,270.69,2.64,4.57,0.0,-18.58,238.42
435.38,18.069,103.18,269.39,2.63,4.54,0.0,-18.63,238.56
435.44,18.058,103.176,268.42,2.61,4.51,0.0,-18.67,238.74
435.52,18.043,103.17,267.14,2.6,4.48,0.0,-18.7,238.88
435.58,18.036,103.167,266.5,2.59,4.46,0.0,-18.71,238.97
435.62,18.029,103.164,265.86,2.59,4.45,0.0,-18.73,239.06
435.66,18.022,103.161,265.23,2.58,4.43,0.0,-18.74,239.15
435.72,18.011,103.156,264.28,2.57,4.41,0.0,-18.74,239.29
435.76,18.004,103.152,263.65,2.56,4.39,0.0,-18.74,239.38
435.82,17.993,103.147,262.72,2.55,4.37,0.0,-18.74,239.51
435.88,17.982,103.143,261.78,2.54,4.34,0.0,-18.73,239.63
435.92,17.975,103.139,261.17,2.53,4.33,0.0,-18.72,239.72
435.98,17.965,103.135,260.24,2.52,4.3,0.0,-18.7,239.85
436.02,17.958,103.131,259.63,2.52,4.29,0.0,-18.68,239.93
436.08,17.947,103.127,258.72,2.51,4.27,0.0,-18.65,240.05
436.12,17.94,103.124,258.12,2.5,4.25,0.0,-18.62,240.13
436.18,17.93,103.119,257.22,2.49,4.23,0.0,-18.58,240.25
436.22,17.923,103.116,256.62,2.48,4.21,0.0,-18.55,240.33
436.28,17.913,103.111,255.73,2.47,4.19,0.0,-18.49,240.45
436.32,17.906,103.108,255.14,2.46,4.18,0.0,-18.45,240.53
436.38,17.896,103.103,254.26,2.45,4.15,0.0,-18.39,240.64
436.42,17.889,103.1,253.67,2.44,4.14,0.0,-18.35,240.72
436.48,17.879,103.096,252.8,2.43,4.12,0.0,-18.27,240.83
436.52,17.872,103.093,252.23,2.43,4.1,0.0,-18.22,240.91
436.58,17.862,103.088,251.37,2.41,4.08,0.0,-18.14,241.02
436.62,17.855,103.085,250.8,2.41,4.07,0.0,-18.09,241.1
436.68,17.845,103.081,249.95,2.4,4.05,0.0,-18.0,241.2
436.72,17.839,103.078,249.39,2.39,4.03,0.0,-17.94,241.28
436.78,17.829,103.073,248.56,2.38,4.01,0.0,-17.85,241.39
436.84,17.819,103.069,247.73,2.36,3.99,0.0,-17.75,241.49
436.88,17.812,103.066,247.19,2.36,3.98,0.0,-17.68,241.56
436.92,17.806,103.063,246.64,2.35,3.96,0.0,-17.61,241.64
436.98,17.796,103.058,245.84,2.34,3.94,0.0,-17.51,241.74
437.02,17.789,103.056,245.3,2.33,3.93,0.0,-17.44,241.81
437.06,17.783,103.053,244.77,2.32,3.92,0.0,-17.36,241.88
437.12,17.773,103.048,243.98,2.31,3.9,0.0,-17.25,241.99
437.18,17.763,103.043,243.2,2.29,3.88,0.0,-17.14,242.13
437.24,17.754,103.04,242.42,2.28,3.86,0.0,-17.03,242.2
437.3,17.744,103.033,241.66,2.26,3.84,0.0,-16.88,242.34
437.38,17.731,103.029,240.65,2.25,3.82,0.0,-16.73,242.48
437.42,17.725,103.027,240.15,2.24,3.8,0.0,-16.65,242.55
437.48,17.712,103.019,239.16,2.22,3.77,0.0,-16.5,242.69
437.56,17.699,103.016,238.19,2.2,3.76,0.0,-16.35,242.83
437.64,17.687,103.009,237.23,2.19,3.73,0.0,-16.2,242.98
437.72,17.674,103.004,236.29,2.17,3.71,0.0,-16.1,243.08
437.8,17.665,103.0,235.6,2.15,3.69,0.0,-15.96,243.23
437.86,17.656,102.996,234.91,2.14,3.68,0.0,-15.86,243.34
437.92,17.647,102.993,234.23,2.13,3.66,0.0,-15.79,243.42
437.96,17.64,102.991,233.78,2.12,3.65,0.0,-15.73,243.49
438.0,17.634,102.988,233.33,2.11,3.64,0.0,-15.67,243.57
438.04,17.628,102.985,232.89,2.1,3.63,0.0,-15.61,243.65
438.08,17.622,102.983,232.45,2.09,3.62,0.0,-15.55,243.73
438.12,17.616,102.98,232.02,2.08,3.61,0.0,-15.49,243.8
438.18,17.607,102.976,231.37,2.07,3.59,0.0,-15.41,243.92
438.2,17.601,102.974,230.94,2.06,3.58,0.0,-15.36,244.0
438.26,17.595,102.971,230.52,2.05,3.57,0.0,-15.32,244.09
438.32,17.586,102.967,229.88,2.04,3.56,0.0,-15.25,244.21
438.38,17.577,102.963,229.26,2.03,3.54,0.0,-15.19,244.34
438.42,17.571,102.961,228.85,2.02,3.53,0.0,-15.15,244.42
438.48,17.562,102.957,228.23,2.01,3.52,0.0,-15.1,244.55
438.52,17.556,102.955,227.82,2.0,3.51,0.0,-15.06,244.64
438.58,17.547,102.951,227.22,1.99,3.5,0.0,-15.02,244.77
438.64,17.538,102.947,226.62,1.98,3.48,0.0,-14.99,244.91
438.68,17.532,102.945,226.22,1.97,3.47,0.0,-14.97,245.0
438.74,17.523,102.941,225.63,1.96,3.46,0.0,-14.94,245.14
438.78,17.517,102.939,225.24,1.95,3.45,0.0,-14.93,245.23
438.84,17.508,102.935,224.66,1.94,3.44,0.0,-14.92,245.38
438.88,17.502,102.932,224.27,1.93,3.43,0.0,-14.91,245.47
438.94,17.494,102.929,223.69,1.92,3.42,0.0,-14.91,245.62
438.98,17.488,102.926,223.31,1.92,3.41,0.0,-14.91,245.72
439.04,17.479,102.923,222.74,1.91,3.4,0.0,-14.92,245.87
439.1,17.47,102.919,222.18,1.9,3.38,0.0,-14.93,246.02
439.14,17.465,102.917,221.8,1.9,3.37,0.0,-14.94,246.13
439.2,17.456,102.913,221.24,1.89,3.36,0.0,-14.97,246.29
439.24,17.45,102.911,220.87,1.88,3.35,0.0,-14.99,246.39
439.3,17.442,102.908,220.31,1.88,3.34,0.0,-15.03,246.55
439.34,17.436,102.905,219.94,1.87,3.33,0.0,-15.05,246.66
439.4,17.427,102.902,219.39,1.86,3.32,0.0,-15.1,246.83
439.44,17.422,102.9,219.02,1.86,3.31,0.0,-15.13,246.94
439.5,17.413,102.896,218.48,1.85,3.3,0.0,-15.19,247.11
439.54,17.407,102.894,218.11,1.85,3.29,0.0,-15.23,247.22
439.6,17.399,102.891,217.57,1.84,3.28,0.0,-15.29,247.39
439.66,17.39,102.887,217.02,1.84,3.27,0.0,-15.36,247.57
439.7,17.385,102.885,216.66,1.83,3.26,0.0,-15.41,247.69
439.76,17.376,102.882,216.12,1.83,3.25,0.0,-15.49,247.86
439.8,17.371,102.879,215.76,1.83,3.24,0.0,-15.54,247.98
439.86,17.362,102.876,215.22,1.82,3.23,0.0,-15.62,248.16
439.9,17.357,102.874,214.86,1.82,3.22,0.0,-15.68,248.28
439.96,17.348,102.87,214.33,1.81,3.21,0.0,-15.8,248.53
440.02,17.34,102.866,213.79,1.81,3.2,0.0,-15.86,248.71
440.08,17.332,102.864,213.26,1.8,3.19,0.0,-15.99,248.9
440.14,17.324,102.859,212.72,1.8,3.18,0.0,-16.09,249.09
440.18,17.315,102.856,212.01,1.8,3.16,0.0,-16.19,249.34
440.28,17.302,102.852,211.3,1.79,3.14,0.0,-16.37,249.59
440.36,17.291,102.848,210.59,1.79,3.13,0.0,-16.51,249.84
440.44,17.282,102.845,210.06,1.78,3.12,0.0,-16.62,250.03
440.48,17.274,102.84,209.53,1.78,3.11,0.0,-16.72,250.29
440.56,17.264,102.837,208.82,1.77,3.09,0.0,-16.86,250.48
440.62,17.255,102.834,208.29,1.77,3.08,0.0,-16.97,250.67
440.7,17.247,102.831,207.76,1.77,3.07,0.0,-17.08,250.87
440.74,17.239,102.829,207.23,1.76,3.06,0.0,-17.15,250.99
440.8,17.234,102.827,206.88,1.76,3.05,0.0,-17.21,251.12
440.84,17.229,102.826,206.53,1.76,3.04,0.0,-17.28,251.25
440.88,17.223,102.824,206.18,1.76,3.03,0.0,-17.35,251.38
440.94,17.215,102.821,205.65,1.75,3.02,0.0,-17.45,251.57
441.0,17.207,102.818,205.13,1.75,3.01,0.0,-17.54,251.76
441.04,17.202,102.816,204.78,1.75,3.0,0.0,-17.61,251.88
441.1,17.194,102.813,204.25,1.74,2.99,0.0,-17.7,252.07
441.14,17.189,102.811,203.9,1.74,2.98,0.0,-17.76,252.2
441.2,17.181,102.808,203.38,1.74,2.97,0.0,-17.84,252.38
441.24,17.175,102.806,203.04,1.74,2.96,0.0,-17.9,252.51
441.3,17.168,102.804,202.52,1.73,2.95,0.0,-17.98,252.69
441.34,17.162,102.802,202.17,1.73,2.94,0.0,-18.03,252.81
441.4,17.155,102.799,201.65,1.73,2.93,0.0,-18.1,253.0
441.46,17.147,102.796,201.14,1.72,2.92,0.0,-18.16,253.18
441.5,17.141,102.794,200.79,1.72,2.91,0.0,-18.21,253.3
441.56,17.134,102.792,200.28,1.71,2.9,0.0,-18.26,253.47
441.6,17.128,102.79,199.94,1.71,2.9,0.0,-18.3,253.59
441.64,17.123,102.788,199.6,1.71,2.89,0.0,-18.33,253.71
441.7,17.116,102.786,199.09,1.7,2.88,0.0,-18.38,253.88
441.74,17.11,102.784,198.76,1.7,2.87,0.0,-18.41,254.0
441.8,17.103,102.781,198.25,1.69,2.86,0.0,-18.44,254.17
441.86,17.095,102.779,197.75,1.69,2.85,0.0,-18.47,254.33
441.9,17.09,102.777,197.42,1.69,2.84,0.0,-18.49,254.44
441.96,17.082,102.774,196.92,1.68,2.83,0.0,-18.51,254.61
442.0,17.077,102.773,196.59,1.68,2.82,0.0,-18.52,254.71
442.06,17.069,102.77,196.1,1.67,2.81,0.0,-18.53,254.87
442.1,17.064,102.768,195.78,1.67,2.8,0.0,-18.53,254.98
442.16,17.057,102.766,195.29,1.66,2.79,0.0,-18.53,255.14
442.22,17.049,102.763,194.8,1.65,2.78,0.0,-18.52,255.29
442.26,17.044,102.762,194.48,1.65,2.78,0.0,-18.51,255.39
442.32,17.036,102.758,194.01,1.64,2.77,0.0,-18.49,255.59
442.38,17.029,102.757,193.53,1.64,2.76,0.0,-18.47,255.69
442.42,17.024,102.754,193.22,1.63,2.75,0.0,-18.44,255.83
442.48,17.016,102.752,192.75,1.63,2.74,0.0,-18.42,255.97
442.54,17.009,102.75,192.28,1.62,2.73,0.0,-18.36,256.11
442.6,17.001,102.746,191.67,1.61,2.72,0.0,-18.29,256.29
442.68,16.991,102.744,191.22,1.6,2.7,0.0,-18.23,256.43
442.74,16.981,102.741,190.62,1.59,2.69,0.0,-18.15,256.6
442.82,16.971,102.738,190.02,1.59,2.68,0.0,-18.05,256.77
442.9,16.961,102.735,189.44,1.58,2.67,0.0,-17.95,256.94
442.98,16.954,102.733,189.0,1.57,2.66,0.0,-17.86,257.06
443.04,16.944,102.73,188.43,1.56,2.65,0.0,-17.74,257.22
443.1,16.936,102.728,188.01,1.55,2.64,0.0,-17.64,257.33
443.16,16.932,102.725,187.73,1.54,2.63,0.0,-17.57,257.41
443.22,16.922,102.723,187.18,1.53,2.62,0.0,-17.43,257.56
443.3,16.914,102.72,186.77,1.53,2.61,0.0,-17.32,257.67
443.36,16.905,102.718,186.23,1.52,2.6,0.0,-17.21,257.78
443.44,16.897,102.717,185.83,1.51,2.59,0.0,-17.05,257.93
443.48,16.89,102.714,185.44,1.5,2.58,0.0,-16.96,258.04
443.56,16.883,102.713,185.05,1.49,2.58,0.0,-16.8,258.14
443.62,16.873,102.708,184.54,1.48,2.57,0.0,-16.62,258.31
443.7,16.863,102.706,184.04,1.47,2.56,0.0,-16.45,258.42
443.76,16.856,102.704,183.67,1.47,2.55,0.0,-16.31,258.52
443.84,16.846,102.702,183.18,1.45,2.54,0.0,-16.13,258.65
443.92,16.836,102.7,182.71,1.45,2.53,0.0,-15.99,258.75
443.98,16.832,102.698,182.47,1.44,2.52,0.0,-15.89,258.82
444.02,16.827,102.697,182.24,1.43,2.52,0.0,-15.8,258.88
444.06,16.822,102.696,182.01,1.43,2.51,0.0,-15.7,258.95
444.12,16.815,102.694,181.66,1.42,2.51,0.0,-15.56,259.05
444.16,16.81,102.693,181.44,1.42,2.5,0.0,-15.46,259.11
444.22,16.803,102.691,181.1,1.41,2.5,0.0,-15.32,259.21
444.26,16.798,102.689,180.88,1.41,2.49,0.0,-15.22,259.27
444.3,16.793,102.688,180.66,1.4,2.49,0.0,-15.13,259.34
444.36,16.786,102.686,180.34,1.39,2.48,0.0,-14.98,259.44
444.42,16.779,102.684,180.02,1.39,2.48,0.0,-14.84,259.54
444.46,16.774,102.683,179.81,1.38,2.47,0.0,-14.75,259.6
444.52,16.767,102.681,179.49,1.37,2.47,0.0,-14.61,259.7
444.56,16.762,102.68,179.29,1.37,2.46,0.0,-14.51,259.77
444.62,16.755,102.678,178.98,1.36,2.46,0.0,-14.37,259.87
444.68,16.748,102.677,178.68,1.36,2.45,0.0,-14.24,259.97
444.72,16.743,102.675,178.48,1.35,2.45,0.0,-14.14,260.04
444.78,16.736,102.674,178.18,1.35,2.44,0.0,-14.01,260.14
444.82,16.731,102.673,177.99,1.34,2.44,0.0,-13.92,260.21
444.88,16.724,102.671,177.7,1.33,2.43,0.0,-13.79,260.31
444.92,16.719,102.67,177.51,1.33,2.43,0.0,-13.71,260.38
444.98,16.712,102.668,177.23,1.32,2.42,0.0,-13.58,260.49
445.02,16.707,102.667,177.04,1.32,2.42,0.0,-13.5,260.56
445.06,16.703,102.666,176.86,1.32,2.42,0.0,-13.42,260.63
445.12,16.695,102.664,176.58,1.31,2.41,0.0,-13.3,260.74
445.16,16.691,102.663,176.4,1.31,2.41,0.0,-13.22,260.81
445.2,16.684,102.661,176.13,1.3,2.4,0.0,-13.11,260.93
445.28,16.677,102.66,175.87,1.3,2.4,0.0,-13.0,261.04
445.32,16.672,102.659,175.69,1.29,2.4,0.0,-12.92,261.12
445.38,16.665,102.657,175.43,1.29,2.39,0.0,-12.82,261.23
445.42,16.66,102.656,175.26,1.29,2.39,0.0,-12.75,261.31
445.48,16.653,102.654,175.0,1.28,2.38,0.0,-12.66,261.43
445.52,16.648,102.653,174.83,1.28,2.38,0.0,-12.59,261.51
445.56,16.644,102.652,174.67,1.27,2.38,0.0,-12.53,261.59
445.62,16.636,102.651,174.42,1.27,2.37,0.0,-12.44,261.71
445.66,16.632,102.65,174.25,1.27,2.37,0.0,-12.39,261.8
445.72,16.625,102.648,174.0,1.26,2.37,0.0,-12.31,261.92
445.76,16.62,102.647,173.84,1.26,2.36,0.0,-12.26,262.01
445.82,16.613,102.646,173.6,1.26,2.36,0.0,-12.18,262.14
445.88,16.606,102.644,173.36,1.25,2.36,0.0,-12.11,262.27
445.92,16.601,102.643,173.2,1.25,2.35,0.0,-12.07,262.36
445.98,16.594,102.642,172.96,1.25,2.35,0.0,-12.01,262.5
446.02,16.59,102.641,172.8,1.25,2.35,0.0,-11.97,262.59
446.06,16.585,102.64,172.65,1.24,2.35,0.0,-11.93,262.68
446.12,16.578,102.639,172.41,1.24,2.34,0.0,-11.88,262.82
446.16,16.571,102.637,172.18,1.24,2.34,0.0,-11.84,262.96
446.24,16.564,102.636,171.95,1.24,2.33,0.0,-11.79,263.11
446.28,16.559,102.635,171.8,1.23,2.33,0.0,-11.77,263.2
446.34,16.552,102.633,171.57,1.23,2.33,0.0,-11.73,263.35
446.38,16.547,102.633,171.42,1.23,2.33,0.0,-11.71,263.45
446.42,16.543,102.632,171.27,1.23,2.32,0.0,-11.69,263.55
446.48,16.536,102.63,171.04,1.23,2.32,0.0,-11.67,263.7
446.54,16.529,102.629,170.81,1.22,2.32,0.0,-11.65,263.86
446.58,16.524,102.628,170.66,1.22,2.31,0.0,-11.63,263.96
446.64,16.517,102.627,170.44,1.22,2.31,0.0,-11.62,264.12
446.68,16.512,102.626,170.29,1.22,2.31,0.0,-11.61,264.23
446.74,16.505,102.625,170.06,1.22,2.3,0.0,-11.6,264.39
446.78,16.501,102.624,169.92,1.22,2.3,0.0,-11.6,264.5
446.82,16.496,102.623,169.77,1.22,2.3,0.0,-11.6,264.61
446.88,16.489,102.622,169.54,1.22,2.3,0.0,-11.6,264.77
446.94,16.482,102.621,169.32,1.22,2.29,0.0,-11.6,264.94
446.98,16.478,102.62,169.17,1.21,2.29,0.0,-11.6,265.05
447.04,16.471,102.619,168.95,1.21,2.29,0.0,-11.61,265.22
447.08,16.466,102.618,168.8,1.21,2.28,0.0,-11.62,265.33
447.14,16.459,102.617,168.58,1.21,2.28,0.0,-11.63,265.51
447.18,16.454,102.616,168.43,1.21,2.28,0.0,-11.64,265.62
447.22,16.45,102.615,168.29,1.21,2.28,0.0,-11.65,265.74
447.28,16.443,102.614,168.06,1.21,2.27,0.0,-11.67,265.91
447.32,16.438,102.613,167.92,1.21,2.27,0.0,-11.68,266.03
447.4,16.429,102.612,167.62,1.21,2.27,0.0,-11.72,266.27
447.44,16.424,102.611,167.47,1.21,2.26,0.0,-11.73,266.39
447.5,16.417,102.61,167.25,1.21,2.26,0.0,-11.76,266.57
447.54,16.413,102.609,167.11,1.21,2.26,0.0,-11.78,266.69
447.6,16.406,102.608,166.89,1.21,2.25,0.0,-11.81,266.87
447.64,16.401,102.607,166.74,1.21,2.25,0.0,-11.83,267.0
447.68,16.396,102.607,166.59,1.21,2.25,0.0,-11.85,267.12
447.74,16.39,102.606,166.38,1.2,2.25,0.0,-11.88,267.3
447.78,16.385,102.605,166.23,1.2,2.24,0.0,-11.9,267.43
447.84,16.378,102.604,166.01,1.2,2.24,0.0,-11.94,267.61
447.9,16.371,102.603,165.79,1.2,2.24,0.0,-11.97,267.8
447.94,16.366,102.602,165.65,1.2,2.24,0.0,-12.0,267.92
448.0,16.36,102.601,165.43,1.2,2.23,0.0,-12.03,268.11
448.04,16.355,102.601,165.28,1.2,2.23,0.0,-12.06,268.24
448.1,16.348,102.6,165.06,1.2,2.23,0.0,-12.09,268.43
448.14,16.343,102.599,164.92,1.2,2.22,0.0,-12.12,268.55
448.2,16.336,102.598,164.7,1.2,2.22,0.0,-12.16,268.74
448.24,16.332,102.598,164.55,1.2,2.22,0.0,-12.18,268.87
448.3,16.325,102.597,164.34,1.2,2.22,0.0,-12.22,269.06
448.34,16.32,102.596,164.19,1.2,2.21,0.0,-12.24,269.18
448.4,16.313,102.595,163.97,1.2,2.21,0.0,-12.27,269.37
448.44,16.309,102.595,163.83,1.19,2.21,0.0,-12.3,269.5
448.5,16.302,102.594,163.61,1.19,2.2,0.0,-12.33,269.69
448.54,16.297,102.593,163.47,1.19,2.2,0.0,-12.35,269.82
448.6,16.29,102.592,163.25,1.19,2.2,0.0,-12.38,270.0
448.64,16.286,102.592,163.11,1.19,2.2,0.0,-12.4,270.13
448.68,16.279,102.591,162.89,1.19,2.19,0.0,-12.43,270.32
448.74,16.274,102.59,162.75,1.19,2.19,0.0,-12.45,270.45
448.8,16.267,102.59,162.53,1.19,2.19,0.0,-12.48,270.63
448.84,16.263,102.589,162.39,1.19,2.18,0.0,-12.49,270.76
448.9,16.256,102.588,162.17,1.19,2.18,0.0,-12.51,270.94
448.96,16.249,102.588,161.96,1.19,2.18,0.0,-12.53,271.13
449.0,16.245,102.587,161.82,1.18,2.18,0.0,-12.55,271.25
449.04,16.24,102.587,161.68,1.18,2.17,0.0,-12.56,271.38
449.1,16.233,102.586,161.47,1.18,2.17,0.0,-12.57,271.56
449.14,16.228,102.585,161.33,1.18,2.17,0.0,-12.58,271.69
449.2,16.222,102.585,161.12,1.18,2.16,0.0,-12.59,271.87
449.26,16.215,102.584,160.91,1.18,2.16,0.0,-12.59,272.05
449.3,16.21,102.583,160.77,1.18,2.16,0.0,-12.6,272.17
449.34,16.206,102.583,160.63,1.17,2.16,0.0,-12.6,272.29
449.4,16.199,102.582,160.43,1.17,2.15,0.0,-12.6,272.47
449.46,16.192,102.582,160.22,1.17,2.15,0.0,-12.6,272.65
449.5,16.187,102.581,160.09,1.17,2.15,0.0,-12.59,272.77
449.54,16.183,102.581,159.95,1.17,2.15,0.0,-12.59,272.88
449.6,16.176,102.58,159.75,1.17,2.14,0.0,-12.58,273.06
449.64,16.171,102.58,159.62,1.16,2.14,0.0,-12.57,273.17
449.7,16.164,102.579,159.42,1.16,2.14,0.0,-12.55,273.35
449.76,16.157,102.579,159.22,1.16,2.14,0.0,-12.53,273.52
449.82,16.151,102.578,159.03,1.16,2.13,0.0,-12.51,273.69
449.86,16.146,102.578,158.9,1.15,2.13,0.0,-12.49,273.8
449.9,16.141,102.577,158.77,1.15,2.13,0.0,-12.47,273.91
449.94,16.135,102.577,158.58,1.15,2.13,0.0,-12.44,274.08
450.02,16.128,102.576,158.39,1.14,2.12,0.0,-12.4,274.24
450.06,16.123,102.576,158.27,1.14,2.12,0.0,-12.38,274.35
450.1,16.119,102.575,158.15,1.14,2.12,0.0,-12.35,274.46
450.16,16.112,102.575,157.96,1.14,2.12,0.0,-12.31,274.63
450.2,16.107,102.574,157.84,1.13,2.12,0.0,-12.28,274.73
450.24,16.1,102.574,157.66,1.13,2.11,0.0,-12.23,274.89
450.32,16.093,102.573,157.43,1.13,2.11,0.0,-12.16,275.1
450.38,16.087,102.573,157.31,1.12,2.11,0.0,-12.12,275.21
450.44,16.08,102.573,157.14,1.12,2.11,0.0,-12.07,275.36
450.48,16.075,102.572,157.03,1.12,2.1,0.0,-12.02,275.46
450.52,16.071,102.572,156.91,1.12,2.1,0.0,-11.98,275.57
450.58,16.064,102.571,156.75,1.11,2.1,0.0,-11.92,275.72
450.62,16.059,102.571,156.64,1.11,2.1,0.0,-11.87,275.82
450.66,16.052,102.571,156.48,1.11,2.1,0.0,-11.8,275.97
450.72,16.048,102.57,156.37,1.1,2.09,0.0,-11.75,276.07
450.78,16.041,102.57,156.21,1.1,2.09,0.0,-11.68,276.22
450.84,16.034,102.57,156.06,1.09,2.09,0.0,-11.6,276.36
450.88,16.029,102.569,155.95,1.09,2.09,0.0,-11.55,276.46
450.94,16.022,102.569,155.8,1.09,2.09,0.0,-11.47,276.61
450.98,16.018,102.569,155.7,1.09,2.09,0.0,-11.41,276.7
451.02,16.013,102.569,155.61,1.08,2.09,0.0,-11.35,276.8
451.08,16.006,102.568,155.46,1.08,2.08,0.0,-11.27,276.94
451.14,16.0,102.568,155.32,1.07,2.08,0.0,-11.18,277.08
451.18,15.995,102.568,155.23,1.07,2.08,0.0,-11.11,277.17
451.24,15.988,102.567,155.09,1.07,2.08,0.0,-11.02,277.31
451.28,15.984,102.567,155.0,1.06,2.08,0.0,-10.96,277.41
451.32,15.979,102.567,154.91,1.06,2.08,0.0,-10.9,277.5
451.4,15.97,102.566,154.74,1.06,2.08,0.0,-10.77,277.68
451.44,15.965,102.566,154.65,1.05,2.07,0.0,-10.7,277.77
451.48,15.961,102.566,154.57,1.05,2.07,0.0,-10.63,277.86
451.54,15.954,102.566,154.44,1.05,2.07,0.0,-10.53,278.0
451.58,15.949,102.566,154.36,1.04,2.07,0.0,-10.46,278.09
451.66,15.94,102.565,154.2,1.04,2.07,0.0,-10.33,278.27
451.7,15.935,102.565,154.13,1.04,2.07,0.0,-10.26,278.36
451.74,15.931,102.565,154.05,1.03,2.07,0.0,-10.19,278.45
451.8,15.924,102.565,153.94,1.03,2.07,0.0,-10.08,278.58
451.86,15.917,102.564,153.83,1.03,2.07,0.0,-9.98,278.72
451.9,15.912,102.564,153.75,1.02,2.07,0.0,-9.91,278.81
451.96,15.905,102.564,153.65,1.02,2.07,0.0,-9.8,278.94
452.0,15.901,102.564,153.58,1.02,2.07,0.0,-9.73,279.03
452.06,15.894,102.564,153.48,1.01,2.07,0.0,-9.62,279.16
452.1,15.889,102.564,153.41,1.01,2.07,0.0,-9.55,279.25
452.14,15.885,102.564,153.34,1.01,2.06,0.0,-9.48,279.34
452.2,15.878,102.563,153.25,1.01,2.06,0.0,-9.37,279.47
452.26,15.871,102.563,153.15,1.0,2.06,0.0,-9.26,279.6
452.3,15.866,102.563,153.09,1.0,2.06,0.0,-9.19,279.69
452.36,15.859,102.563,153.0,1.0,2.06,0.0,-9.08,279.83
452.4,15.855,102.563,152.94,1.0,2.06,0.0,-9.01,279.91
452.46,15.848,102.563,152.85,0.99,2.06,0.0,-8.91,280.05
452.52,15.841,102.563,152.77,0.99,2.06,0.0,-8.8,280.18
452.56,15.836,102.563,152.71,0.99,2.06,0.0,-8.73,280.27
452.62,15.829,102.562,152.63,0.99,2.06,0.0,-8.63,280.4
452.66,15.825,102.562,152.58,0.98,2.06,0.0,-8.56,280.49
452.7,15.82,102.562,152.52,0.98,2.06,0.0,-8.49,280.58
452.76,15.813,102.562,152.45,0.98,2.06,0.0,-8.39,280.72
452.8,15.808,102.562,152.39,0.98,2.06,0.0,-8.32,280.81
452.86,15.801,102.562,152.32,0.98,2.06,0.0,-8.22,280.95
452.9,15.797,102.562,152.27,0.97,2.06,0.0,-8.16,281.04
452.96,15.79,102.562,152.2,0.97,2.06,0.0,-8.06,281.17
453.0,15.785,102.562,152.15,0.97,2.06,0.0,-7.99,281.27
453.06,15.778,102.562,152.08,0.97,2.06,0.0,-7.9,281.41
453.1,15.773,102.562,152.03,0.97,2.06,0.0,-7.84,281.5
453.16,15.766,102.562,151.97,0.97,2.06,0.0,-7.74,281.64
453.22,15.759,102.562,151.9,0.96,2.07,0.0,-7.65,281.78
453.26,15.755,102.562,151.86,0.96,2.07,0.0,-7.59,281.87
453.32,15.748,102.562,151.79,0.96,2.07,0.0,-7.5,282.01
453.36,15.743,102.562,151.75,0.96,2.07,0.0,-7.44,282.11
453.4,15.738,102.562,151.71,0.96,2.07,0.0,-7.39,282.2
453.46,15.731,102.562,151.65,0.96,2.07,0.0,-7.3,282.35
453.5,15.727,102.562,151.61,0.96,2.07,0.0,-7.25,282.44
453.56,15.72,102.562,151.55,0.96,2.07,0.0,-7.17,282.59
453.6,15.715,102.562,151.51,0.95,2.07,0.0,-7.11,282.68
453.66,15.708,102.562,151.45,0.95,2.07,0.0,-7.03,282.83
453.7,15.703,102.562,151.41,0.95,2.07,0.0,-6.98,282.93
453.76,15.696,102.562,151.35,0.95,2.07,0.0,-6.9,283.08
453.8,15.692,102.562,151.31,0.95,2.07,0.0,-6.85,283.18
453.86,15.684,102.562,151.26,0.95,2.07,0.0,-6.78,283.33
453.92,15.677,102.563,151.2,0.95,2.07,0.0,-6.71,283.48
453.96,15.673,102.563,151.16,0.95,2.07,0.0,-6.66,283.58
454.02,15.666,102.563,151.11,0.95,2.07,0.0,-6.6,283.73
454.08,15.659,102.563,151.05,0.95,2.07,0.0,-6.53,283.88
454.12,15.654,102.563,151.02,0.95,2.08,0.0,-6.48,283.98
454.18,15.647,102.563,150.96,0.95,2.08,0.0,-6.42,284.14
454.22,15.642,102.563,150.93,0.95,2.08,0.0,-6.38,284.24
454.28,15.635,102.563,150.88,0.95,2.08,0.0,-6.32,284.39
454.32,15.63,102.563,150.84,0.95,2.08,0.0,-6.28,284.5
454.38,15.623,102.564,150.79,0.95,2.08,0.0,-6.22,284.66
454.42,15.618,102.564,150.75,0.95,2.08,0.0,-6.18,284.76
454.48,15.611,102.564,150.7,0.95,2.08,0.0,-6.12,284.92
454.52,15.607,102.564,150.66,0.95,2.08,0.0,-6.09,285.02
454.58,15.6,102.564,150.61,0.95,2.08,0.0,-6.03,285.18
454.62,15.595,102.564,150.58,0.95,2.08,0.0,-6.0,285.29
454.68,15.588,102.565,150.52,0.95,2.08,0.0,-5.95,285.45
454.72,15.583,102.565,150.49,0.95,2.08,0.0,-5.91,285.56
454.78,15.576,102.565,150.44,0.95,2.09,0.0,-5.86,285.72
454.82,15.571,102.565,150.4,0.95,2.09,0.0,-5.83,285.83
454.88,15.564,102.565,150.35,0.95,2.09,0.0,-5.78,285.99
454.92,15.559,102.566,150.32,0.95,2.09,0.0,-5.75,286.1
454.98,15.552,102.566,150.26,0.95,2.09,0.0,-5.7,286.26
455.04,15.545,102.566,150.21,0.95,2.09,0.0,-5.66,286.43
455.08,15.54,102.566,150.18,0.95,2.09,0.0,-5.63,286.54
455.14,15.533,102.567,150.12,0.95,2.09,0.0,-5.58,286.7
455.2,15.526,102.567,150.07,0.96,2.09,0.0,-5.54,286.87
455.26,15.519,102.567,150.02,0.96,2.09,0.0,-5.49,287.03
455.3,15.514,102.567,149.98,0.96,2.09,0.0,-5.46,287.14
455.34,15.509,102.568,149.95,0.96,2.09,0.0,-5.43,287.25
455.4,15.502,102.568,149.89,0.96,2.1,0.0,-5.39,287.42
455.46,15.495,102.568,149.84,0.96,2.1,0.0,-5.35,287.58
455.5,15.49,102.568,149.8,0.96,2.1,0.0,-5.32,287.7
455.56,15.483,102.569,149.75,0.96,2.1,0.0,-5.28,287.86
455.6,15.478,102.569,149.71,0.96,2.1,0.0,-5.25,287.97
455.66,15.471,102.569,149.66,0.96,2.1,0.0,-5.21,288.14
455.7,15.466,102.57,149.62,0.96,2.1,0.0,-5.18,288.25
455.76,15.459,102.57,149.57,0.96,2.1,0.0,-5.14,288.42
455.8,15.454,102.57,149.53,0.96,2.1,0.0,-5.11,288.53
455.86,15.447,102.571,149.48,0.96,2.1,0.0,-5.06,288.7
455.9,15.442,102.571,149.44,0.96,2.1,0.0,-5.03,288.81
455.96,15.435,102.571,149.39,0.97,2.1,0.0,-4.99,288.98
456.02,15.428,102.572,149.33,0.97,2.1,0.0,-4.95,289.14
456.06,15.423,102.572,149.3,0.97,2.11,0.0,-4.92,289.25
456.1,15.418,102.572,149.26,0.97,2.11,0.0,-4.89,289.37
456.16,15.411,102.573,149.21,0.97,2.11,0.0,-4.84,289.53
456.22,15.404,102.573,149.15,0.97,2.11,0.0,-4.79,289.7
456.26,15.399,102.573,149.12,0.97,2.11,0.0,-4.76,289.81
456.32,15.392,102.574,149.06,0.97,2.11,0.0,-4.71,289.98
456.36,15.387,102.574,149.03,0.97,2.11,0.0,-4.68,290.09
456.42,15.38,102.575,148.97,0.97,2.11,0.0,-4.63,290.25
456.46,15.375,102.575,148.94,0.97,2.11,0.0,-4.6,290.36
456.5,15.37,102.575,148.9,0.97,2.11,0.0,-4.56,290.47
456.56,15.363,102.576,148.85,0.97,2.11,0.0,-4.51,290.64
456.62,15.355,102.576,148.79,0.97,2.11,0.0,-4.46,290.8
456.66,15.351,102.577,148.76,0.97,2.11,0.0,-4.42,290.91
456.72,15.343,102.577,148.7,0.97,2.11,0.0,-4.37,291.07
456.76,15.338,102.578,148.67,0.97,2.12,0.0,-4.33,291.18
456.82,15.331,102.578,148.62,0.97,2.12,0.0,-4.27,291.35
456.86,15.326,102.578,148.58,0.97,2.12,0.0,-4.23,291.45
456.92,15.319,102.579,148.53,0.97,2.12,0.0,-4.17,291.62
456.98,15.312,102.579,148.48,0.97,2.12,0.0,-4.11,291.78
457.02,15.307,102.58,148.44,0.97,2.12,0.0,-4.07,291.89
457.06,15.302,102.58,148.41,0.97,2.12,0.0,-4.03,291.99
457.1,15.297,102.581,148.37,0.97,2.12,0.0,-3.99,292.1
457.12,15.292,102.581,148.34,0.97,2.12,0.0,-3.95,292.21
457.2,15.285,102.582,148.29,0.97,2.12,0.0,-3.88,292.37
457.26,15.278,102.582,148.24,0.97,2.12,0.0,-3.81,292.53
457.3,15.273,102.583,148.21,0.97,2.12,0.0,-3.77,292.63
457.36,15.266,102.583,148.16,0.97,2.13,0.0,-3.7,292.79
457.4,15.261,102.584,148.13,0.97,2.13,0.0,-3.65,292.9
457.44,15.256,102.584,148.09,0.97,2.13,0.0,-3.61,293.0
457.5,15.249,102.585,148.05,0.97,2.13,0.0,-3.53,293.16
457.54,15.244,102.585,148.02,0.97,2.13,0.0,-3.49,293.26
457.6,15.236,102.586,147.97,0.97,2.13,0.0,-3.41,293.42
457.66,15.229,102.586,147.92,0.97,2.13,0.0,-3.34,293.57
457.7,15.224,102.587,147.89,0.97,2.13,0.0,-3.29,293.68
457.74,15.219,102.587,147.86,0.97,2.13,0.0,-3.24,293.78
457.82,15.21,102.588,147.8,0.97,2.13,0.0,-3.13,293.99
457.86,15.205,102.588,147.78,0.97,2.13,0.0,-3.08,294.09
457.92,15.197,102.589,147.73,0.97,2.14,0.0,-3.0,294.25
457.96,15.192,102.59,147.71,0.97,2.14,0.0,-2.94,294.35
458.0,15.188,102.59,147.68,0.97,2.14,0.0,-2.89,294.45
458.06,15.18,102.591,147.64,0.97,2.14,0.0,-2.81,294.6
458.1,15.175,102.591,147.61,0.97,2.14,0.0,-2.75,294.71
458.16,15.168,102.592,147.57,0.97,2.14,0.0,-2.67,294.86
458.2,15.163,102.592,147.54,0.97,2.14,0.0,-2.61,294.96
458.26,15.156,102.593,147.51,0.96,2.14,0.0,-2.53,295.11
458.3,15.151,102.594,147.48,0.96,2.14,0.0,-2.47,295.21
458.36,15.143,102.594,147.45,0.96,2.15,0.0,-2.38,295.36
458.42,15.136,102.595,147.41,0.96,2.15,0.0,-2.29,295.52
458.46,15.131,102.596,147.39,0.96,2.15,0.0,-2.24,295.62
458.5,15.126,102.596,147.36,0.96,2.15,0.0,-2.18,295.72
458.56,15.119,102.597,147.33,0.96,2.15,0.0,-2.09,295.87
458.6,15.114,102.597,147.31,0.96,2.15,0.0,-2.03,295.97
458.66,15.107,102.598,147.27,0.96,2.15,0.0,-1.94,296.12
458.72,15.099,102.599,147.24,0.96,2.15,0.0,-1.85,296.27
458.76,15.094,102.599,147.22,0.96,2.16,0.0,-1.79,296.37
458.82,15.087,102.6,147.19,0.96,2.16,0.0,-1.7,296.52
458.86,15.082,102.601,147.17,0.96,2.16,0.0,-1.64,296.62
458.9,15.077,102.601,147.15,0.96,2.16,0.0,-1.58,296.72
458.98,15.067,102.602,147.11,0.96,2.16,0.0,-1.46,296.92
459.04,15.06,102.603,147.09,0.96,2.16,0.0,-1.37,297.07
459.08,15.055,102.604,147.07,0.96,2.16,0.0,-1.31,297.17
459.12,15.05,102.604,147.05,0.95,2.17,0.0,-1.25,297.27
459.18,15.042,102.605,147.03,0.95,2.17,0.0,-1.16,297.42
459.24,15.035,102.606,147.0,0.95,2.17,0.0,-1.08,297.58
459.28,15.03,102.606,146.99,0.95,2.17,0.0,-1.02,297.68
459.32,15.023,102.607,146.96,0.95,2.17,0.0,-0.93,297.83
459.4,15.015,102.608,146.94,0.95,2.17,0.0,-0.84,297.98
459.44,15.01,102.609,146.92,0.95,2.18,0.0,-0.78,298.08
459.48,15.005,102.609,146.91,0.95,2.18,0.0,-0.72,298.18
459.54,14.998,102.61,146.89,0.95,2.18,0.0,-0.64,298.34
460.46,14.883,102.625,146.62,0.95,2.21,0.0,0.55,300.74
460.5,14.878,102.626,146.61,0.95,2.21,0.0,0.6,300.84
460.54,14.873,102.626,146.6,0.95,2.21,0.0,0.64,300.95
460.58,14.868,102.627,146.59,0.95,2.21,0.0,0.69,301.06
460.64,14.861,102.628,146.58,0.95,2.22,0.0,0.75,301.22
460.7,14.853,102.629,146.56,0.95,2.22,0.0,0.81,301.39
460.74,14.848,102.63,146.55,0.95,2.22,0.0,0.86,301.5
460.78,14.843,102.63,146.54,0.95,2.22,0.0,0.9,301.61
460.84,14.835,102.631,146.53,0.95,2.22,0.0,0.96,301.77
460.9,14.828,102.632,146.51,0.95,2.23,0.0,1.01,301.94
460.94,14.823,102.633,146.5,0.95,2.23,0.0,1.05,302.05
460.98,14.818,102.634,146.49,0.95,2.23,0.0,1.09,302.16
461.04,14.81,102.635,146.48,0.95,2.23,0.0,1.14,302.33
461.1,14.803,102.636,146.46,0.95,2.23,0.0,1.19,302.5
461.14,14.798,102.637,146.45,0.95,2.23,0.0,1.23,302.61
461.2,14.79,102.638,146.44,0.96,2.24,0.0,1.28,302.78
461.24,14.785,102.639,146.43,0.96,2.24,0.0,1.31,302.89
461.3,14.778,102.64,146.41,0.96,2.24,0.0,1.36,303.06
461.34,14.773,102.64,146.4,0.96,2.24,0.0,1.39,303.18
461.4,14.765,102.642,146.38,0.96,2.24,0.0,1.44,303.35
461.44,14.76,102.642,146.37,0.96,2.25,0.0,1.47,303.46
461.5,14.752,102.644,146.35,0.96,2.25,0.0,1.51,303.64
461.54,14.747,102.644,146.34,0.96,2.25,0.0,1.54,303.75
461.6,14.74,102.645,146.32,0.96,2.25,0.0,1.58,303.93
461.64,14.735,102.646,146.31,0.96,2.25,0.0,1.6,304.04
461.7,14.727,102.647,146.29,0.96,2.26,0.0,1.64,304.22
461.74,14.722,102.648,146.28,0.96,2.26,0.0,1.67,304.33
461.78,14.714,102.649,146.26,0.97,2.26,0.0,1.7,304.51
461.86,14.707,102.651,146.24,0.97,2.26,0.0,1.74,304.69
461.9,14.702,102.651,146.23,0.97,2.26,0.0,1.76,304.8
461.96,14.694,102.653,146.21,0.97,2.26,0.0,1.8,304.98
462.0,14.689,102.653,146.19,0.97,2.27,0.0,1.82,305.1
462.06,14.681,102.655,146.17,0.97,2.27,0.0,1.85,305.28
462.1,14.676,102.655,146.16,0.97,2.27,0.0,1.87,305.4
462.14,14.671,102.656,146.14,0.97,2.27,0.0,1.89,305.52
462.2,14.664,102.657,146.12,0.97,2.27,0.0,1.92,305.7
462.26,14.656,102.659,146.1,0.98,2.27,0.0,1.95,305.88
462.3,14.651,102.659,146.08,0.98,2.28,0.0,1.97,306.0
462.36,14.643,102.661,146.05,0.98,2.28,0.0,2.0,306.18
462.4,14.638,102.662,146.04,0.98,2.28,0.0,2.02,306.3
462.46,14.631,102.663,146.01,0.98,2.28,0.0,2.04,306.48
462.5,14.625,102.664,146.0,0.98,2.28,0.0,2.06,306.6
462.54,14.62,102.664,145.98,0.98,2.28,0.0,2.08,306.72
462.62,14.61,102.666,145.94,0.98,2.29,0.0,2.11,306.96
462.66,14.605,102.667,145.92,0.98,2.29,0.0,2.13,307.08
462.7,14.6,102.668,145.91,0.99,2.29,0.0,2.15,307.2
462.76,14.592,102.669,145.88,0.99,2.29,0.0,2.17,307.38
462.8,14.587,102.67,145.86,0.99,2.29,0.0,2.19,307.51
462.86,14.58,102.671,145.83,0.99,2.29,0.0,2.22,307.69
462.92,14.572,102.673,145.8,0.99,2.3,0.0,2.24,307.87
462.96,14.567,102.674,145.78,0.99,2.3,0.0,2.26,307.99
463.02,14.559,102.675,145.75,0.99,2.3,0.0,2.28,308.17
463.06,14.554,102.676,145.73,0.99,2.3,0.0,2.3,308.3
463.12,14.546,102.677,145.7,0.99,2.3,0.0,2.32,308.48
463.16,14.541,102.678,145.68,1.0,2.3,0.0,2.34,308.6
463.22,14.534,102.679,145.65,1.0,2.31,0.0,2.36,308.78
463.26,14.529,102.68,145.63,1.0,2.31,0.0,2.38,308.9
463.32,14.521,102.682,145.59,1.0,2.31,0.0,2.41,309.09
463.36,14.516,102.683,145.57,1.0,2.31,0.0,2.42,309.21
463.42,14.508,102.684,145.54,1.0,2.31,0.0,2.45,309.39
463.48,14.5,102.685,145.51,1.0,2.31,0.0,2.48,309.57
463.52,14.495,102.686,145.48,1.0,2.31,0.0,2.49,309.69
463.58,14.488,102.688,145.45,1.0,2.32,0.0,2.52,309.88
463.62,14.482,102.689,145.43,1.0,2.32,0.0,2.54,310.0
463.66,14.477,102.69,145.4,1.0,2.32,0.0,2.56,310.12
463.72,14.47,102.691,145.37,1.0,2.32,0.0,2.59,310.3
463.78,14.462,102.692,145.33,1.01,2.32,0.0,2.62,310.48
463.82,14.457,102.693,145.31,1.01,2.32,0.0,2.63,310.6
463.88,14.449,102.695,145.28,1.01,2.32,0.0,2.66,310.79
463.92,14.444,102.696,145.25,1.01,2.33,0.0,2.69,310.91
463.96,14.439,102.697,145.23,1.01,2.33,0.0,2.71,311.03
464.02,14.431,102.698,145.19,1.01,2.33,0.0,2.74,311.21
464.06,14.426,102.699,145.17,1.01,2.33,0.0,2.76,311.33
464.12,14.418,102.701,145.13,1.01,2.33,0.0,2.79,311.51
464.16,14.413,102.702,145.11,1.01,2.33,0.0,2.81,311.63
464.22,14.406,102.703,145.07,1.01,2.33,0.0,2.85,311.81
464.26,14.4,102.704,145.05,1.01,2.34,0.0,2.87,311.93
464.3,14.393,102.705,145.02,1.01,2.34,0.0,2.9,312.11
464.38,14.385,102.707,144.98,1.01,2.34,0.0,2.94,312.29
464.42,14.38,102.708,144.96,1.01,2.34,0.0,2.96,312.41
464.48,14.372,102.709,144.92,1.01,2.34,0.0,3.0,312.59
464.54,14.364,102.711,144.88,1.01,2.34,0.0,3.04,312.77
464.58,14.359,102.712,144.86,1.01,2.34,0.0,3.07,312.89
464.64,14.352,102.713,144.82,1.01,2.35,0.0,3.1,313.06
464.68,14.346,102.714,144.8,1.01,2.35,0.0,3.13,313.18
464.72,14.341,102.715,144.78,1.01,2.35,0.0,3.16,313.3
464.78,14.334,102.717,144.74,1.01,2.35,0.0,3.2,313.48
464.82,14.326,102.719,144.71,1.01,2.35,0.0,3.24,313.66
464.9,14.318,102.72,144.67,1.01,2.35,0.0,3.28,313.84
464.94,14.313,102.721,144.65,1.01,2.36,0.0,3.31,313.96
465.0,14.305,102.723,144.61,1.02,2.36,0.0,3.35,314.13
465.04,14.3,102.724,144.59,1.02,2.36,0.0,3.38,314.25
465.1,14.292,102.725,144.56,1.02,2.36,0.0,3.43,314.43
465.14,14.287,102.726,144.53,1.02,2.36,0.0,3.46,314.55
465.2,14.28,102.728,144.5,1.02,2.36,0.0,3.5,314.72
465.24,14.274,102.729,144.48,1.02,2.36,0.0,3.53,314.84
465.3,14.267,102.731,144.44,1.02,2.37,0.0,3.58,315.02
465.34,14.262,102.732,144.42,1.02,2.37,0.0,3.61,315.14
465.4,14.254,102.733,144.39,1.02,2.37,0.0,3.65,315.31
465.44,14.249,102.734,144.37,1.02,2.37,0.0,3.68,315.43
465.5,14.241,102.736,144.34,1.02,2.37,0.0,3.73,315.61
465.54,14.236,102.737,144.31,1.02,2.37,0.0,3.76,315.72
465.6,14.228,102.739,144.28,1.02,2.37,0.0,3.81,315.9
465.66,14.22,102.74,144.25,1.02,2.38,0.0,3.86,316.08
465.7,14.215,102.741,144.23,1.01,2.38,0.0,3.89,316.2
465.76,14.207,102.743,144.2,1.01,2.38,0.0,3.94,316.37
465.8,14.202,102.744,144.18,1.01,2.38,0.0,3.97,316.49
465.86,14.194,102.746,144.15,1.01,2.38,0.0,4.02,316.67
465.9,14.189,102.747,144.13,1.01,2.38,0.0,4.05,316.78
465.96,14.182,102.748,144.1,1.01,2.39,0.0,4.1,316.96
466.02,14.174,102.75,144.07,1.01,2.39,0.0,4.15,317.14
466.06,14.169,102.751,144.05,1.01,2.39,0.0,4.18,317.26
466.12,14.161,102.753,144.02,1.01,2.39,0.0,4.23,317.43
466.16,14.156,102.754,144.0,1.01,2.39,0.0,4.26,317.55
466.22,14.148,102.756,143.97,1.01,2.39,0.0,4.31,317.73
466.26,14.143,102.757,143.95,1.01,2.4,0.0,4.34,317.85
466.3,14.138,102.758,143.93,1.01,2.4,0.0,4.37,317.96
466.34,14.132,102.759,143.91,1.01,2.4,0.0,4.4,318.08
466.4,14.125,102.761,143.89,1.01,2.4,0.0,4.45,318.26
466.46,14.117,102.762,143.86,1.01,2.4,0.0,4.49,318.44
466.5,14.112,102.764,143.84,1.01,2.4,0.0,4.52,318.56
466.56,14.104,102.765,143.81,1.01,2.41,0.0,4.57,318.73
466.6,14.099,102.766,143.79,1.01,2.41,0.0,4.6,318.85
466.66,14.091,102.768,143.77,1.01,2.41,0.0,4.64,319.03
466.7,14.086,102.769,143.75,1.01,2.41,0.0,4.67,319.15
466.76,14.078,102.771,143.72,1.01,2.41,0.0,4.72,319.33
466.8,14.073,102.772,143.7,1.01,2.41,0.0,4.75,319.45
466.86,14.065,102.774,143.68,1.01,2.42,0.0,4.79,319.63
466.92,14.057,102.776,143.65,1.01,2.42,0.0,4.83,319.81
466.96,14.052,102.777,143.63,1.01,2.42,0.0,4.86,319.93
467.02,14.044,102.779,143.61,1.01,2.42,0.0,4.9,320.11
467.06,14.039,102.78,143.59,1.01,2.42,0.0,4.92,320.23
467.12,14.031,102.782,143.56,1.01,2.43,0.0,4.96,320.41
467.16,14.026,102.783,143.55,1.01,2.43,0.0,4.99,320.54
467.22,14.018,102.785,143.52,1.01,2.43,0.0,5.02,320.72
467.26,14.013,102.786,143.5,1.01,2.43,0.0,5.05,320.84
467.3,14.008,102.787,143.49,1.02,2.43,0.0,5.07,320.96
467.36,14.0,102.789,143.46,1.02,2.43,0.0,5.11,321.14
467.38,13.995,102.79,143.44,1.02,2.43,0.0,5.13,321.27
467.42,13.99,102.791,143.43,1.02,2.44,0.0,5.15,321.39
467.48,13.985,102.792,143.41,1.02,2.44,0.0,5.17,321.51
467.52,13.98,102.794,143.39,1.02,2.44,0.0,5.2,321.63
467.56,13.974,102.795,143.37,1.02,2.44,0.0,5.22,321.76
467.62,13.967,102.797,143.35,1.02,2.44,0.0,5.25,321.94
467.68,13.959,102.798,143.32,1.02,2.44,0.0,5.28,322.13
467.72,13.954,102.8,143.31,1.02,2.45,0.0,5.3,322.25
467.78,13.946,102.802,143.28,1.02,2.45,0.0,5.32,322.44
467.82,13.941,102.803,143.26,1.02,2.45,0.0,5.34,322.56
467.88,13.933,102.805,143.23,1.02,2.45,0.0,5.37,322.75
467.92,13.928,102.806,143.22,1.02,2.45,0.0,5.38,322.87
467.98,13.92,102.808,143.19,1.02,2.46,0.0,5.41,323.06
468.04,13.912,102.81,143.16,1.02,2.46,0.0,5.43,323.25
468.08,13.907,102.811,143.14,1.02,2.46,0.0,5.45,323.37
468.12,13.902,102.812,143.13,1.02,2.46,0.0,5.46,323.5
468.18,13.894,102.814,143.1,1.02,2.46,0.0,5.48,323.69
468.22,13.889,102.815,143.08,1.02,2.46,0.0,5.49,323.81
468.28,13.881,102.817,143.05,1.02,2.47,0.0,5.51,324.0
468.32,13.876,102.818,143.03,1.02,2.47,0.0,5.52,324.13
468.38,13.868,102.82,143.0,1.02,2.47,0.0,5.54,324.32
468.44,13.86,102.822,142.97,1.03,2.47,0.0,5.56,324.51
468.48,13.855,102.823,142.95,1.03,2.47,0.0,5.57,324.63
468.52,13.849,102.825,142.93,1.03,2.47,0.0,5.58,324.76
468.58,13.842,102.827,142.9,1.03,2.48,0.0,5.59,324.95
468.62,13.836,102.828,142.88,1.03,2.48,0.0,5.6,325.08
468.68,13.829,102.83,142.85,1.03,2.48,0.0,5.61,325.27
468.72,13.823,102.831,142.83,1.03,2.48,0.0,5.62,325.4
468.78,13.816,102.833,142.8,1.03,2.48,0.0,5.63,325.59
468.84,13.808,102.835,142.77,1.03,2.48,0.0,5.64,325.78
468.88,13.803,102.836,142.75,1.03,2.49,0.0,5.65,325.91
468.94,13.795,102.838,142.72,1.03,2.49,0.0,5.66,326.11
468.98,13.79,102.84,142.69,1.03,2.49,0.0,5.66,326.23
469.04,13.782,102.841,142.66,1.03,2.49,0.0,5.67,326.43
469.08,13.777,102.843,142.64,1.03,2.49,0.0,5.68,326.56
469.14,13.769,102.845,142.6,1.04,2.49,0.0,5.68,326.75
469.18,13.764,102.846,142.58,1.04,2.5,0.0,5.69,326.88
469.24,13.756,102.848,142.55,1.04,2.5,0.0,5.69,327.07
469.28,13.75,102.849,142.52,1.04,2.5,0.0,5.7,327.2
469.34,13.743,102.851,142.49,1.04,2.5,0.0,5.7,327.4
469.38,13.737,102.853,142.46,1.04,2.5,0.0,5.7,327.53
469.44,13.73,102.855,142.43,1.04,2.5,0.0,5.71,327.72
469.46,13.724,102.856,142.4,1.04,2.51,0.0,5.71,327.85
469.52,13.719,102.857,142.38,1.04,2.51,0.0,5.71,327.98
469.58,13.711,102.859,142.34,1.04,2.51,0.0,5.72,328.18
469.64,13.704,102.861,142.31,1.04,2.51,0.0,5.72,328.37
469.66,13.701,102.862,142.29,1.04,2.51,0.0,5.72,328.44
469.66,13.698,102.864,142.27,1.04,2.51,0.0,5.72,328.63
469.72,13.691,102.866,142.22,1.05,2.51,0.0,5.73,328.83
469.8,13.68,102.867,142.19,1.05,2.52,0.0,5.73,328.96
469.88,13.672,102.869,142.15,1.05,2.52,0.0,5.73,329.15
469.92,13.667,102.871,142.13,1.05,2.52,0.0,5.73,329.28
469.96,13.662,102.872,142.1,1.05,2.52,0.0,5.73,329.41
470.02,13.654,102.874,142.06,1.05,2.52,0.0,5.74,329.61
470.06,13.649,102.875,142.03,1.05,2.52,0.0,5.74,329.74
470.12,13.641,102.878,141.99,1.05,2.52,0.0,5.74,329.93
470.16,13.636,102.879,141.97,1.05,2.53,0.0,5.74,330.06
470.2,13.631,102.88,141.94,1.05,2.53,0.0,5.74,330.19
470.26,13.623,102.882,141.9,1.05,2.53,0.0,5.75,330.39
470.32,13.615,102.884,141.86,1.05,2.53,0.0,5.75,330.58
470.36,13.61,102.886,141.83,1.05,2.53,0.0,5.75,330.71
470.42,13.602,102.888,141.79,1.05,2.53,0.0,5.75,330.91
470.46,13.597,102.889,141.76,1.05,2.53,0.0,5.76,331.04
470.52,13.589,102.891,141.72,1.05,2.53,0.0,5.76,331.23
470.56,13.584,102.893,141.69,1.05,2.54,0.0,5.76,331.36
470.62,13.576,102.895,141.64,1.06,2.54,0.0,5.77,331.55
470.66,13.571,102.896,141.62,1.06,2.54,0.0,5.77,331.68
470.72,13.563,102.898,141.57,1.06,2.54,0.0,5.77,331.88
470.76,13.558,102.9,141.54,1.06,2.54,0.0,5.78,332.01
470.82,13.55,102.902,141.5,1.06,2.54,0.0,5.78,332.2
470.86,13.544,102.903,141.47,1.06,2.54,0.0,5.78,332.33
470.92,13.537,102.905,141.43,1.06,2.55,0.0,5.79,332.52
470.96,13.531,102.907,141.4,1.06,2.55,0.0,5.79,332.65
471.02,13.524,102.909,141.36,1.06,2.55,0.0,5.8,332.85
471.08,13.516,102.911,141.31,1.06,2.55,0.0,5.81,333.04
471.12,13.511,102.912,141.28,1.06,2.55,0.0,5.81,333.17
471.18,13.503,102.914,141.24,1.06,2.55,0.0,5.82,333.36
471.22,13.498,102.916,141.21,1.06,2.55,0.0,5.83,333.49
471.26,13.492,102.917,141.18,1.06,2.55,0.0,5.83,333.62
471.32,13.485,102.919,141.14,1.06,2.56,0.0,5.84,333.81
471.36,13.479,102.921,141.11,1.06,2.56,0.0,5.85,333.94
471.42,13.471,102.923,141.06,1.06,2.56,0.0,5.85,334.13
471.46,13.466,102.924,141.03,1.06,2.56,0.0,5.86,334.26
471.52,13.458,102.926,140.99,1.06,2.56,0.0,5.87,334.45
471.56,13.453,102.928,140.96,1.06,2.56,0.0,5.88,334.58
471.62,13.445,102.93,140.91,1.06,2.56,0.0,5.89,334.78
471.66,13.44,102.931,140.89,1.06,2.56,0.0,5.9,334.9
471.72,13.432,102.934,140.84,1.06,2.57,0.0,5.91,335.1
471.78,13.425,102.936,140.8,1.06,2.57,0.0,5.92,335.29
471.82,13.419,102.937,140.77,1.06,2.57,0.0,5.93,335.42
471.88,13.412,102.939,140.72,1.06,2.57,0.0,5.94,335.61
471.92,13.406,102.941,140.7,1.06,2.57,0.0,5.95,335.73
471.98,13.399,102.943,140.65,1.06,2.57,0.0,5.96,335.93
472.02,13.393,102.944,140.62,1.06,2.57,0.0,5.97,336.05
472.08,13.385,102.947,140.58,1.06,2.58,0.0,5.99,336.24
472.12,13.38,102.948,140.55,1.06,2.58,0.0,6.0,336.37
472.18,13.372,102.95,140.51,1.06,2.58,0.0,6.01,336.56
472.22,13.367,102.952,140.48,1.06,2.58,0.0,6.02,336.69
472.28,13.359,102.954,140.44,1.06,2.58,0.0,6.03,336.88
472.34,13.352,102.956,140.39,1.06,2.58,0.0,6.05,337.07
472.38,13.346,102.958,140.36,1.06,2.58,0.0,6.06,337.2
472.42,13.341,102.959,140.34,1.06,2.58,0.0,6.07,337.33
472.48,13.333,102.961,140.29,1.06,2.59,0.0,6.08,337.52
472.52,13.328,102.963,140.26,1.06,2.59,0.0,6.1,337.65
472.58,13.32,102.965,140.22,1.06,2.59,0.0,6.11,337.84
472.62,13.315,102.966,140.19,1.06,2.59,0.0,6.12,337.96
472.68,13.307,102.969,140.15,1.06,2.59,0.0,6.14,338.16
472.72,13.302,102.97,140.12,1.06,2.59,0.0,6.15,338.28
472.78,13.294,102.972,140.08,1.06,2.59,0.0,6.16,338.47
472.84,13.287,102.974,140.04,1.06,2.6,0.0,6.18,338.66
472.88,13.281,102.976,140.01,1.06,2.6,0.0,6.19,338.79
472.92,13.276,102.977,139.99,1.06,2.6,0.0,6.2,338.92
472.98,13.268,102.98,139.95,1.06,2.6,0.0,6.22,339.11
473.02,13.263,102.981,139.92,1.06,2.6,0.0,6.23,339.24
473.08,13.255,102.983,139.88,1.06,2.6,0.0,6.24,339.43
473.12,13.25,102.985,139.85,1.06,2.6,0.0,6.25,339.56
473.18,13.242,102.987,139.81,1.06,2.6,0.0,6.27,339.75
473.24,13.234,102.989,139.77,1.06,2.61,0.0,6.28,339.94
473.28,13.229,102.991,139.74,1.06,2.61,0.0,6.29,340.07
473.32,13.224,102.992,139.71,1.06,2.61,0.0,6.3,340.19
473.38,13.216,102.995,139.67,1.06,2.61,0.0,6.31,340.39
473.42,13.211,102.996,139.65,1.06,2.61,0.0,6.32,340.51
473.5,13.201,102.999,139.59,1.06,2.61,0.0,6.34,340.77
473.54,13.195,103.001,139.57,1.06,2.61,0.0,6.35,340.9
473.6,13.188,103.003,139.53,1.06,2.62,0.0,6.36,341.09
473.64,13.182,103.004,139.5,1.06,2.62,0.0,6.37,341.22
473.7,13.175,103.007,139.46,1.06,2.62,0.0,6.38,341.41
473.74,13.169,103.008,139.44,1.06,2.62,0.0,6.39,341.54
473.8,13.162,103.01,139.4,1.06,2.62,0.0,6.4,341.73
473.86,13.154,103.013,139.36,1.06,2.62,0.0,6.41,341.92
473.9,13.149,103.014,139.33,1.06,2.63,0.0,6.42,342.05
473.94,13.143,103.016,139.3,1.06,2.63,0.0,6.43,342.18
474.0,13.136,103.018,139.26,1.06,2.63,0.0,6.44,342.37
474.06,13.128,103.02,139.22,1.06,2.63,0.0,6.45,342.57
474.1,13.123,103.022,139.2,1.06,2.63,0.0,6.45,342.7
474.16,13.115,103.024,139.16,1.06,2.63,0.0,6.46,342.89
474.22,13.107,103.026,139.12,1.06,2.63,0.0,6.47,343.08
474.26,13.102,103.028,139.09,1.06,2.64,0.0,6.47,343.21
474.3,13.097,103.029,139.07,1.06,2.64,0.0,6.48,343.34
474.36,13.089,103.032,139.03,1.06,2.64,0.0,6.49,343.54
474.4,13.084,103.033,139.0,1.06,2.64,0.0,6.49,343.67
474.46,13.076,103.035,138.96,1.06,2.64,0.0,6.49,343.86
474.5,13.071,103.037,138.94,1.06,2.64,0.0,6.5,343.99
474.56,13.063,103.039,138.9,1.06,2.64,0.0,6.5,344.19
474.62,13.055,103.042,138.86,1.06,2.65,0.0,6.51,344.38
474.66,13.05,103.043,138.83,1.06,2.65,0.0,6.51,344.51
474.72,13.042,103.045,138.79,1.06,2.65,0.0,6.51,344.71
474.76,13.037,103.047,138.76,1.06,2.65,0.0,6.51,344.84
474.82,13.029,103.049,138.72,1.06,2.65,0.0,6.51,345.03
474.86,13.024,103.051,138.7,1.06,2.65,0.0,6.51,345.16
474.92,13.016,103.053,138.66,1.06,2.65,0.0,6.52,345.36
474.98,13.008,103.055,138.62,1.06,2.66,0.0,6.52,345.56
475.02,13.003,103.057,138.59,1.06,2.66,0.0,6.52,345.69
475.08,12.995,103.059,138.55,1.06,2.66,0.0,6.51,345.88
475.12,12.99,103.061,138.52,1.06,2.66,0.0,6.51,346.01
475.18,12.982,103.063,138.48,1.06,2.66,0.0,6.51,346.21
475.22,12.977,103.065,138.45,1.06,2.66,0.0,6.51,346.34
475.28,12.969,103.067,138.41,1.06,2.66,0.0,6.51,346.54
475.32,12.964,103.069,138.38,1.07,2.67,0.0,6.51,346.67
475.38,12.956,103.071,138.34,1.07,2.67,0.0,6.5,346.87
475.42,12.951,103.072,138.31,1.07,2.67,0.0,6.5,347.0
475.48,12.943,103.075,138.27,1.07,2.67,0.0,6.5,347.2
475.52,12.938,103.076,138.25,1.07,2.67,0.0,6.49,347.33
475.58,12.93,103.079,138.2,1.07,2.67,0.0,6.49,347.52
475.62,12.925,103.081,138.18,1.07,2.67,0.0,6.49,347.66
475.68,12.917,103.083,138.13,1.07,2.68,0.0,6.48,347.85
475.74,12.91,103.086,138.09,1.07,2.68,0.0,6.48,348.12
475.8,12.902,103.088,138.05,1.07,2.68,0.0,6.47,348.31
475.86,12.894,103.091,138.01,1.07,2.68,0.0,6.46,348.51
475.92,12.886,103.093,137.96,1.07,2.68,0.0,6.45,348.71
475.98,12.876,103.096,137.9,1.07,2.68,0.0,6.45,348.97
476.06,12.868,103.099,137.86,1.07,2.69,0.0,6.44,349.24
476.14,12.855,103.102,137.79,1.07,2.69,0.0,6.43,349.5
476.22,12.847,103.105,137.75,1.07,2.69,0.0,6.42,349.7
476.28,12.837,103.107,137.69,1.07,2.69,0.0,6.41,349.96
476.36,12.827,103.111,137.63,1.07,2.69,0.0,6.4,350.23
476.42,12.819,103.113,137.58,1.07,2.69,0.0,6.39,350.42
476.5,12.811,103.115,137.54,1.07,2.7,0.0,6.39,350.62
476.56,12.801,103.118,137.48,1.07,2.7,0.0,6.38,350.88
476.64,12.793,103.121,137.43,1.07,2.7,0.0,6.37,351.08
476.7,12.783,103.124,137.37,1.07,2.7,0.0,6.36,351.35
476.78,12.775,103.126,137.33,1.07,2.7,0.0,6.36,351.54
476.84,12.767,103.129,137.28,1.07,2.7,0.0,6.35,351.74
476.9,12.757,103.132,137.22,1.07,2.71,0.0,6.34,352.0
476.98,12.746,103.135,137.16,1.07,2.71,0.0,6.33,352.27
477.06,12.736,103.138,137.1,1.07,2.71,0.0,6.33,352.53
477.14,12.726,103.141,137.04,1.07,2.71,0.0,6.32,352.79
477.2,12.718,103.144,137.0,1.07,2.71,0.0,6.32,352.99
477.28,12.708,103.147,136.94,1.07,2.72,0.0,6.31,353.25
477.36,12.697,103.15,136.88,1.07,2.72,0.0,6.31,353.51
477.44,12.69,103.152,136.83,1.07,2.72,0.0,6.31,353.71
477.5,12.679,103.156,136.77,1.07,2.72,0.0,6.3,353.97
477.58,12.672,103.158,136.73,1.07,2.72,0.0,6.3,354.17
477.64,12.661,103.161,136.67,1.07,2.72,0.0,6.3,354.43
477.72,12.653,103.163,136.62,1.07,2.73,0.0,6.3,354.62
477.78,12.646,103.166,136.58,1.07,2.73,0.0,6.3,354.82
477.84,12.638,103.169,136.52,1.07,2.73,0.0,6.3,355.08
477.92,12.628,103.171,136.47,1.07,2.73,0.0,6.3,355.28
477.98,12.62,103.174,136.43,1.07,2.73,0.0,6.31,355.47
478.04,12.61,103.177,136.37,1.07,2.73,0.0,6.31,355.73
478.12,12.602,103.179,136.32,1.07,2.74,0.0,6.31,355.93
478.18,12.592,103.182,136.27,1.07,2.74,0.0,6.32,356.19
478.26,12.584,103.185,136.22,1.07,2.74,0.0,6.32,356.38
478.32,12.574,103.188,136.16,1.07,2.74,0.0,6.33,356.64
478.4,12.566,103.19,136.12,1.07,2.74,0.0,6.34,356.83
478.46,12.558,103.193,136.08,1.07,2.74,0.0,6.34,357.03
478.52,12.55,103.195,136.04,1.07,2.75,0.0,6.35,357.22
478.58,12.54,103.198,135.98,1.07,2.75,0.0,6.35,357.42
478.66,12.532,103.201,135.94,1.07,2.75,0.0,6.36,357.74
478.74,12.522,103.204,135.88,1.07,2.75,0.0,6.38,357.94
478.8,12.512,103.207,135.82,1.07,2.75,0.0,6.39,358.19
478.88,12.504,103.209,135.78,1.07,2.76,0.0,6.4,358.39
478.94,12.496,103.212,135.74,1.07,2.76,0.0,6.41,358.58
478.98,12.489,103.214,135.7,1.07,2.76,0.0,6.41,358.71
479.04,12.481,103.216,135.66,1.07,2.76,0.0,6.42,358.97
479.12,12.473,103.22,135.62,1.07,2.76,0.0,6.43,359.16
479.18,12.463,103.222,135.57,1.07,2.76,0.0,6.45,359.42
479.26,12.453,103.225,135.51,1.07,2.77,0.0,6.46,359.68
479.34,12.445,103.228,135.47,1.07,2.77,0.0,6.47,359.87
479.4,12.437,103.23,135.43,1.07,2.77,0.0,6.49,0.07
479.46,12.429,103.233,135.39,1.07,2.77,0.0,6.5,0.26
479.54,12.419,103.236,135.34,1.07,2.77,0.0,6.51,0.52
479.6,12.411,103.239,135.3,1.07,2.78,0.0,6.52,0.78
479.68,12.401,103.241,135.25,1.07,2.78,0.0,6.54,0.97
479.74,12.393,103.243,135.21,1.07,2.78,0.0,6.55,1.17
479.78,12.386,103.246,135.18,1.07,2.78,0.0,6.56,1.36
479.86,12.376,103.249,135.13,1.07,2.78,0.0,6.58,1.62
479.94,12.368,103.252,135.09,1.07,2.78,0.0,6.59,1.88
480.0,12.358,103.254,135.04,1.07,2.79,0.0,6.6,2.07
480.08,12.35,103.258,134.99,1.07,2.79,0.0,6.62,2.33
480.14,12.342,103.26,134.97,1.06,2.79,0.0,6.63,2.46
480.2,12.332,103.262,134.92,1.06,2.79,0.0,6.64,2.72
480.28,12.322,103.265,134.87,1.06,2.8,0.0,6.65,2.98
480.36,12.314,103.268,134.84,1.06,2.8,0.0,6.67,3.18
480.4,12.306,103.27,134.8,1.06,2.8,0.0,6.68,3.37
480.48,12.296,103.274,134.75,1.06,2.8,0.0,6.69,3.63
480.56,12.286,103.276,134.71,1.06,2.8,0.0,6.7,3.83
480.62,12.278,103.279,134.67,1.06,2.81,0.0,6.71,4.09
480.7,12.268,103.282,134.63,1.06,2.81,0.0,6.72,4.35
480.78,12.26,103.285,134.59,1.06,2.81,0.0,6.73,4.54
480.84,12.25,103.288,134.54,1.06,2.81,0.0,6.74,4.81
480.92,12.242,103.29,134.51,1.06,2.81,0.0,6.74,5.0
480.98,12.235,103.293,134.48,1.06,2.82,0.0,6.75,5.2
481.04,12.224,103.295,134.43,1.06,2.82,0.0,6.76,5.46
481.12,12.217,103.298,134.4,1.06,2.82,0.0,6.77,5.66
481.18,12.206,103.301,134.35,1.06,2.82,0.0,6.77,5.85
481.26,12.199,103.302,134.32,1.06,2.82,0.0,6.77,6.05
481.3,12.194,103.304,134.29,1.06,2.83,0.0,6.78,6.18
481.34,12.188,103.306,134.27,1.06,2.83,0.0,6.78,6.31
481.4,12.181,103.308,134.24,1.06,2.83,0.0,6.78,6.51
481.44,12.176,103.31,134.21,1.06,2.83,0.0,6.79,6.64
481.5,12.168,103.312,134.18,1.06,2.83,0.0,6.79,6.84
481.54,12.163,103.313,134.16,1.06,2.83,0.0,6.79,6.97
481.6,12.155,103.316,134.12,1.06,2.84,0.0,6.79,7.17
481.64,12.15,103.317,134.1,1.06,2.84,0.0,6.79,7.3
481.7,12.142,103.32,134.07,1.06,2.84,0.0,6.79,7.5
481.74,12.137,103.321,134.04,1.06,2.84,0.0,6.8,7.63
481.8,12.13,103.324,134.01,1.06,2.84,0.0,6.8,7.83
481.84,12.125,103.325,133.99,1.06,2.84,0.0,6.8,7.97
481.9,12.117,103.328,133.95,1.06,2.85,0.0,6.8,8.16
481.94,12.112,103.329,133.93,1.06,2.85,0.0,6.8,8.3
482.0,12.104,103.331,133.9,1.06,2.85,0.0,6.79,8.5
482.04,12.099,103.333,133.87,1.06,2.85,0.0,6.79,8.63
482.1,12.091,103.335,133.84,1.06,2.85,0.0,6.79,8.83
482.14,12.086,103.337,133.82,1.06,2.85,0.0,6.79,8.96
482.2,12.079,103.339,133.78,1.06,2.85,0.0,6.79,9.16
482.26,12.071,103.342,133.75,1.06,2.86,0.0,6.79,9.36
482.3,12.066,103.343,133.72,1.06,2.86,0.0,6.78,9.49
482.34,12.061,103.345,133.7,1.06,2.86,0.0,6.78,9.63
482.4,12.053,103.347,133.67,1.06,2.86,0.0,6.78,9.83
482.44,12.048,103.349,133.64,1.06,2.86,0.0,6.78,9.96
482.5,12.04,103.351,133.61,1.06,2.86,0.0,6.77,10.16
482.54,12.035,103.352,133.58,1.06,2.87,0.0,6.77,10.29
482.6,12.028,103.355,133.55,1.06,2.87,0.0,6.76,10.49
482.64,12.022,103.356,133.53,1.06,2.87,0.0,6.76,10.63
482.7,12.015,103.359,133.49,1.07,2.87,0.0,6.76,10.83
482.74,12.01,103.36,133.47,1.07,2.87,0.0,6.75,10.96
482.8,12.002,103.363,133.43,1.07,2.87,0.0,6.75,11.16
482.86,11.994,103.365,133.4,1.07,2.87,0.0,6.74,11.36
482.9,11.989,103.366,133.37,1.07,2.88,0.0,6.74,11.5
482.96,11.982,103.369,133.34,1.07,2.88,0.0,6.73,11.7
483.0,11.977,103.37,133.31,1.07,2.88,0.0,6.73,11.83
483.06,11.969,103.373,133.28,1.07,2.88,0.0,6.72,12.03
483.1,11.964,103.374,133.25,1.07,2.88,0.0,6.72,12.17
483.16,11.956,103.376,133.22,1.07,2.88,0.0,6.72,12.37
483.2,11.951,103.378,133.19,1.07,2.89,0.0,6.71,12.5
483.26,11.943,103.38,133.16,1.07,2.89,0.0,6.71,12.71
483.3,11.938,103.382,133.13,1.07,2.89,0.0,6.7,12.84
483.36,11.931,103.384,133.1,1.07,2.89,0.0,6.7,13.04
483.42,11.923,103.387,133.06,1.07,2.89,0.0,6.69,13.24
483.46,11.918,103.388,133.03,1.07,2.89,0.0,6.69,13.38
483.52,11.91,103.39,133.0,1.07,2.89,0.0,6.68,13.58
483.56,11.905,103.392,132.97,1.07,2.9,0.0,6.68,13.71
483.62,11.898,103.394,132.94,1.07,2.9,0.0,6.67,13.92
483.66,11.893,103.396,132.91,1.07,2.9,0.0,6.67,14.05
483.72,11.885,103.398,132.88,1.07,2.9,0.0,6.66,14.25
483.76,11.88,103.4,132.85,1.07,2.9,0.0,6.66,14.39
483.82,11.872,103.402,132.81,1.07,2.9,0.0,6.65,14.59
483.86,11.867,103.403,132.79,1.07,2.9,0.0,6.65,14.72
483.92,11.859,103.406,132.75,1.07,2.91,0.0,6.65,14.92
483.96,11.854,103.407,132.73,1.07,2.91,0.0,6.64,15.06
484.02,11.847,103.409,132.69,1.07,2.91,0.0,6.64,15.26
484.06,11.842,103.412,132.67,1.07,2.91,0.0,6.63,15.46
484.12,11.834,103.414,132.63,1.07,2.91,0.0,6.63,15.66
484.18,11.826,103.416,132.59,1.07,2.91,0.0,6.63,15.87
484.24,11.819,103.419,132.55,1.07,2.92,0.0,6.62,16.07
484.3,11.809,103.422,132.5,1.07,2.92,0.0,6.62,16.34
484.38,11.799,103.425,132.46,1.07,2.92,0.0,6.61,16.61
484.46,11.791,103.427,132.42,1.07,2.92,0.0,6.61,16.81
484.52,11.783,103.43,132.38,1.07,2.92,0.0,6.61,17.08
484.62,11.771,103.433,132.32,1.07,2.93,0.0,6.6,17.35
484.68,11.763,103.436,132.28,1.07,2.93,0.0,6.6,17.62
484.74,11.753,103.438,132.23,1.07,2.93,0.0,6.6,17.82
484.82,11.745,103.44,132.2,1.07,2.93,0.0,6.6,18.02
484.88,11.735,103.443,132.15,1.07,2.93,0.0,6.6,18.29
484.96,11.728,103.447,132.11,1.07,2.94,0.0,6.6,18.56
485.06,11.715,103.449,132.05,1.07,2.94,0.0,6.6,18.83
485.12,11.707,103.452,132.01,1.07,2.94,0.0,6.6,19.03
485.2,11.697,103.455,131.96,1.07,2.94,0.0,6.6,19.3
485.26,11.687,103.458,131.92,1.07,2.95,0.0,6.6,19.57
485.32,11.679,103.46,131.88,1.07,2.95,0.0,6.6,19.77
485.4,11.672,103.462,131.84,1.07,2.95,0.0,6.6,19.97
485.44,11.667,103.464,131.82,1.07,2.95,0.0,6.61,20.11
485.5,11.659,103.467,131.78,1.07,2.95,0.0,6.61,20.31
485.58,11.649,103.469,131.73,1.07,2.96,0.0,6.61,20.58
485.64,11.641,103.472,131.7,1.07,2.96,0.0,6.61,20.78
485.68,11.634,103.474,131.65,1.07,2.96,0.0,6.62,21.05
485.78,11.624,103.476,131.62,1.07,2.96,0.0,6.62,21.26
485.84,11.616,103.478,131.58,1.07,2.96,0.0,6.62,21.46
485.9,11.609,103.481,131.55,1.07,2.96,0.0,6.62,21.66
485.96,11.601,103.484,131.51,1.07,2.97,0.0,6.63,21.93
486.04,11.591,103.486,131.46,1.07,2.97,0.0,6.63,22.14
486.1,11.581,103.489,131.42,1.07,2.97,0.0,6.63,22.41
486.18,11.573,103.491,131.38,1.07,2.97,0.0,6.64,22.61
486.22,11.566,103.494,131.34,1.07,2.98,0.0,6.64,22.88
486.3,11.556,103.496,131.3,1.07,2.98,0.0,6.64,23.08
486.38,11.548,103.498,131.27,1.07,2.98,0.0,6.65,23.29
486.44,11.538,103.501,131.22,1.07,2.98,0.0,6.65,23.56
486.52,11.528,103.504,131.17,1.07,2.98,0.0,6.66,23.83
486.6,11.518,103.507,131.13,1.07,2.99,0.0,6.66,24.1
486.68,11.51,103.51,131.1,1.07,2.99,0.0,6.66,24.38
486.76,11.498,103.513,131.04,1.07,2.99,0.0,6.67,24.65
486.84,11.49,103.515,131.0,1.07,2.99,0.0,6.67,24.85
486.9,11.48,103.518,130.96,1.07,3.0,0.0,6.67,25.13
486.98,11.47,103.521,130.92,1.07,3.0,0.0,6.67,25.4
487.06,11.46,103.523,130.87,1.07,3.0,0.0,6.67,25.67
487.14,11.45,103.527,130.83,1.07,3.0,0.0,6.67,25.95
487.22,11.44,103.529,130.78,1.07,3.01,0.0,6.68,26.22
487.3,11.43,103.533,130.74,1.07,3.01,0.0,6.68,26.56
487.4,11.42,103.535,130.69,1.07,3.01,0.0,6.68,26.84
487.46,11.412,103.538,130.65,1.07,3.01,0.0,6.68,27.04
487.52,11.402,103.539,130.61,1.07,3.01,0.0,6.67,27.18
487.6,11.395,103.541,130.58,1.07,3.02,0.0,6.67,27.39
487.62,11.387,103.543,130.55,1.07,3.02,0.0,6.67,27.59
487.66,11.385,103.545,130.53,1.07,3.02,0.0,6.67,27.73
487.76,11.374,103.547,130.49,1.07,3.02,0.0,6.67,27.94
487.8,11.369,103.548,130.47,1.07,3.02,0.0,6.67,28.08
487.84,11.364,103.55,130.45,1.07,3.02,0.0,6.67,28.22
487.88,11.359,103.551,130.42,1.07,3.03,0.0,6.66,28.35
487.92,11.354,103.552,130.4,1.07,3.03,0.0,6.66,28.49
487.98,11.347,103.554,130.37,1.07,3.03,0.0,6.66,28.7
488.02,11.342,103.556,130.35,1.07,3.03,0.0,6.66,28.84
488.1,11.332,103.559,130.3,1.07,3.03,0.0,6.65,29.12
488.14,11.327,103.56,130.28,1.07,3.03,0.0,6.65,29.25
488.2,11.319,103.562,130.25,1.07,3.04,0.0,6.64,29.46
488.24,11.314,103.564,130.22,1.07,3.04,0.0,6.64,29.6
488.28,11.309,103.565,130.2,1.07,3.04,0.0,6.64,29.74
488.34,11.302,103.567,130.17,1.07,3.04,0.0,6.63,29.95
488.4,11.294,103.569,130.13,1.07,3.04,0.0,6.63,30.16
488.44,11.289,103.57,130.11,1.07,3.04,0.0,6.62,30.3
488.5,11.282,103.572,130.08,1.07,3.04,0.0,6.62,30.51
488.54,11.277,103.574,130.05,1.07,3.05,0.0,6.61,30.65
488.6,11.269,103.576,130.02,1.07,3.05,0.0,6.61,30.86
488.64,11.264,103.577,130.0,1.07,3.05,0.0,6.6,31.0
488.7,11.257,103.579,129.96,1.07,3.05,0.0,6.59,31.21
488.74,11.252,103.581,129.94,1.07,3.05,0.0,6.59,31.35
488.8,11.244,103.583,129.91,1.07,3.05,0.0,6.58,31.56
488.86,11.237,103.585,129.87,1.07,3.06,0.0,6.57,31.77
488.9,11.232,103.586,129.85,1.07,3.06,0.0,6.57,31.91
488.96,11.224,103.588,129.81,1.07,3.06,0.0,6.56,32.12
489.0,11.219,103.589,129.79,1.07,3.06,0.0,6.56,32.26
489.04,11.214,103.591,129.77,1.07,3.06,0.0,6.55,32.4
489.1,11.207,103.593,129.73,1.07,3.06,0.0,6.54,32.61
489.14,11.202,103.594,129.71,1.07,3.06,0.0,6.54,32.75
489.2,11.194,103.596,129.68,1.07,3.07,0.0,6.53,32.96
489.24,11.189,103.598,129.65,1.07,3.07,0.0,6.52,33.1
489.3,11.182,103.6,129.62,1.07,3.07,0.0,6.51,33.32
489.36,11.174,103.602,129.58,1.07,3.07,0.0,6.5,33.53
489.4,11.169,103.603,129.56,1.07,3.07,0.0,6.5,33.67
489.46,11.162,103.605,129.52,1.07,3.07,0.0,6.49,33.88
489.5,11.157,103.606,129.5,1.07,3.07,0.0,6.48,34.02
489.56,11.149,103.608,129.46,1.07,3.08,0.0,6.47,34.23
489.6,11.144,103.61,129.44,1.07,3.08,0.0,6.47,34.38
489.66,11.137,103.612,129.4,1.07,3.08,0.0,6.46,34.59
489.7,11.132,103.613,129.38,1.07,3.08,0.0,6.45,34.73
489.76,11.124,103.616,129.34,1.07,3.08,0.0,6.44,35.01
489.82,11.117,103.617,129.31,1.07,3.08,0.0,6.43,35.23
489.88,11.109,103.62,129.27,1.07,3.09,0.0,6.41,35.51
489.96,11.099,103.622,129.23,1.07,3.09,0.0,6.41,35.72
490.02,11.092,103.624,129.19,1.07,3.09,0.0,6.4,35.94
490.08,11.084,103.626,129.15,1.07,3.09,0.0,6.39,36.15
490.14,11.077,103.628,129.12,1.07,3.09,0.0,6.38,36.36
490.18,11.069,103.631,129.08,1.07,3.09,0.0,6.37,36.58
490.26,11.059,103.632,129.03,1.07,3.1,0.0,6.36,36.86
490.34,11.052,103.635,129.0,1.07,3.1,0.0,6.35,37.08
490.4,11.042,103.637,128.95,1.07,3.1,0.0,6.34,37.36
490.48,11.034,103.639,128.91,1.07,3.1,0.0,6.33,37.58
490.54,11.025,103.641,128.86,1.07,3.1,0.0,6.32,37.86
490.62,11.017,103.644,128.83,1.07,3.11,0.0,6.31,38.08
490.68,11.007,103.646,128.78,1.07,3.11,0.0,6.3,38.36
490.76,11.0,103.648,128.74,1.07,3.11,0.0,6.29,38.58
490.82,10.99,103.65,128.69,1.07,3.11,0.0,6.28,38.87
490.9,10.982,103.652,128.65,1.07,3.11,0.0,6.28,39.08
490.96,10.972,103.655,128.61,1.07,3.12,0.0,6.27,39.37
491.02,10.965,103.657,128.57,1.07,3.12,0.0,6.26,39.51
491.08,10.957,103.658,128.53,1.07,3.12,0.0,6.26,39.8
491.16,10.95,103.66,128.5,1.07,3.12,0.0,6.25,40.01
491.22,10.94,103.663,128.45,1.07,3.12,0.0,6.24,40.3
491.3,10.93,103.665,128.4,1.07,3.13,0.0,6.24,40.59
491.38,10.92,103.668,128.35,1.07,3.13,0.0,6.23,40.88
491.46,10.913,103.67,128.31,1.07,3.13,0.0,6.23,41.09
491.52,10.905,103.671,128.28,1.07,3.13,0.0,6.22,41.24
491.56,10.9,103.672,128.25,1.07,3.13,0.0,6.22,41.38
491.6,10.895,103.673,128.23,1.07,3.13,0.0,6.22,41.53
491.64,10.891,103.674,128.21,1.07,3.13,0.0,6.22,41.67
491.7,10.883,103.676,128.17,1.07,3.14,0.0,6.21,41.89
491.74,10.878,103.678,128.14,1.07,3.14,0.0,6.21,42.03
491.8,10.871,103.679,128.11,1.07,3.14,0.0,6.21,42.25
491.84,10.866,103.681,128.08,1.07,3.14,0.0,6.21,42.39
491.9,10.858,103.682,128.05,1.07,3.14,0.0,6.2,42.61
491.94,10.853,103.684,128.03,1.07,3.14,0.0,6.2,42.75
492.0,10.846,103.685,127.99,1.07,3.14,0.0,6.2,42.97
492.04,10.841,103.687,127.97,1.07,3.15,0.0,6.2,43.11
492.1,10.834,103.688,127.93,1.07,3.15,0.0,6.2,43.33
492.14,10.829,103.69,127.91,1.07,3.15,0.0,6.19,43.48
492.2,10.821,103.691,127.87,1.07,3.15,0.0,6.19,43.69
492.24,10.816,103.693,127.85,1.07,3.15,0.0,6.19,43.84
492.3,10.809,103.694,127.81,1.07,3.15,0.0,6.19,44.06
492.34,10.804,103.695,127.79,1.07,3.15,0.0,6.19,44.2
492.4,10.797,103.697,127.75,1.07,3.16,0.0,6.19,44.42
492.44,10.792,103.698,127.73,1.07,3.16,0.0,6.19,44.57
492.5,10.784,103.7,127.69,1.07,3.16,0.0,6.19,44.78
492.54,10.779,103.701,127.67,1.07,3.16,0.0,6.19,44.93
492.6,10.772,103.703,127.64,1.07,3.16,0.0,6.19,45.15
492.62,10.767,103.704,127.61,1.07,3.16,0.0,6.18,45.29
492.7,10.76,103.706,127.58,1.07,3.16,0.0,6.18,45.51
492.74,10.755,103.707,127.56,1.07,3.17,0.0,6.18,45.66
492.8,10.747,103.709,127.52,1.07,3.17,0.0,6.18,45.88
492.86,10.74,103.711,127.49,1.07,3.17,0.0,6.18,46.1
492.9,10.735,103.712,127.46,1.07,3.17,0.0,6.18,46.24
492.96,10.727,103.713,127.43,1.07,3.17,0.0,6.18,46.46
493.0,10.723,103.715,127.41,1.07,3.17,0.0,6.18,46.61
493.06,10.715,103.716,127.37,1.07,3.17,0.0,6.18,46.83
493.1,10.71,103.717,127.35,1.07,3.18,0.0,6.18,46.97
493.16,10.703,103.719,127.32,1.07,3.18,0.0,6.18,47.19
493.2,10.698,103.72,127.29,1.07,3.18,0.0,6.18,47.34
493.26,10.691,103.722,127.26,1.07,3.18,0.0,6.18,47.56
493.3,10.686,103.723,127.24,1.07,3.18,0.0,6.18,47.71
493.36,10.678,103.725,127.2,1.07,3.18,0.0,6.18,47.93
493.4,10.673,103.726,127.18,1.07,3.18,0.0,6.18,48.08
493.46,10.666,103.728,127.15,1.07,3.19,0.0,6.18,48.3
493.5,10.661,103.729,127.12,1.07,3.19,0.0,6.18,48.44
493.56,10.654,103.73,127.09,1.07,3.19,0.0,6.18,48.66
493.6,10.649,103.731,127.07,1.07,3.19,0.0,6.18,48.81
493.66,10.641,103.733,127.04,1.07,3.19,0.0,6.18,49.03
493.7,10.636,103.734,127.01,1.07,3.19,0.0,6.18,49.18
493.76,10.629,103.736,126.98,1.07,3.2,0.0,6.18,49.4
493.8,10.624,103.737,126.96,1.07,3.2,0.0,6.17,49.55
493.86,10.617,103.739,126.92,1.07,3.2,0.0,6.17,49.77
493.9,10.612,103.74,126.9,1.07,3.2,0.0,6.17,49.92
493.96,10.604,103.741,126.87,1.07,3.2,0.0,6.17,50.14
494.02,10.597,103.743,126.84,1.07,3.2,0.0,6.17,50.37
494.06,10.592,103.744,126.81,1.07,3.2,0.0,6.17,50.52
494.1,10.587,103.745,126.79,1.07,3.21,0.0,6.17,50.66
494.16,10.58,103.747,126.76,1.07,3.21,0.0,6.17,50.89
494.22,10.573,103.748,126.73,1.07,3.21,0.0,6.16,51.11
494.26,10.568,103.749,126.7,1.07,3.21,0.0,6.16,51.26
494.32,10.56,103.751,126.67,1.07,3.21,0.0,6.16,51.48
494.36,10.555,103.753,126.65,1.07,3.21,0.0,6.16,51.71
494.42,10.548,103.754,126.62,1.07,3.21,0.0,6.15,51.93
494.46,10.541,103.756,126.57,1.06,3.22,0.0,6.15,52.23
494.56,10.528,103.758,126.53,1.06,3.22,0.0,6.15,52.53
494.62,10.524,103.759,126.51,1.06,3.22,0.0,6.14,52.68
494.68,10.516,103.761,126.47,1.06,3.22,0.0,6.14,52.91
494.72,10.509,103.762,126.44,1.06,3.22,0.0,6.14,53.13
494.8,10.501,103.764,126.41,1.06,3.23,0.0,6.14,53.36
494.84,10.497,103.765,126.39,1.06,3.23,0.0,6.13,53.51
494.9,10.489,103.767,126.35,1.06,3.23,0.0,6.13,53.73
494.96,10.479,103.769,126.31,1.06,3.23,0.0,6.12,54.03
495.02,10.472,103.77,126.28,1.06,3.23,0.0,6.12,54.26
495.1,10.462,103.772,126.23,1.06,3.24,0.0,6.11,54.56
495.16,10.455,103.774,126.19,1.06,3.24,0.0,6.11,54.79
495.24,10.445,103.776,126.15,1.06,3.24,0.0,6.1,55.17
495.32,10.435,103.778,126.11,1.06,3.24,0.0,6.1,55.4
495.4,10.426,103.78,126.07,1.06,3.24,0.0,6.09,55.7
495.48,10.416,103.782,126.03,1.06,3.25,0.0,6.09,55.93
495.54,10.409,103.783,125.99,1.06,3.25,0.0,6.08,56.23
495.6,10.401,103.785,125.96,1.06,3.25,0.0,6.08,56.38
495.68,10.394,103.786,125.93,1.06,3.25,0.0,6.07,56.69
495.74,10.384,103.788,125.89,1.06,3.25,0.0,6.06,56.99
495.8,10.377,103.79,125.85,1.06,3.26,0.0,6.06,57.22
495.9,10.367,103.791,125.81,1.06,3.26,0.0,6.06,57.53
495.96,10.36,103.793,125.78,1.06,3.26,0.0,6.05,57.76
496.02,10.35,103.795,125.73,1.06,3.26,0.0,6.04,58.06
496.1,10.343,103.796,125.7,1.06,3.26,0.0,6.04,58.29
496.16,10.333,103.798,125.66,1.06,3.27,0.0,6.03,58.6
496.24,10.323,103.8,125.61,1.06,3.27,0.0,6.03,58.91
496.32,10.313,103.802,125.57,1.06,3.27,0.0,6.02,59.21
496.4,10.306,103.803,125.54,1.06,3.27,0.0,6.02,59.44
496.46,10.296,103.805,125.49,1.06,3.27,0.0,6.01,59.83
496.56,10.287,103.807,125.45,1.06,3.28,0.0,6.01,60.06
496.62,10.277,103.808,125.41,1.06,3.28,0.0,6.0,60.37
496.7,10.27,103.81,125.37,1.06,3.28,0.0,6.0,60.6
496.76,10.26,103.812,125.33,1.06,3.28,0.0,6.0,60.91
496.84,10.253,103.813,125.3,1.06,3.28,0.0,6.0,61.14
496.88,10.245,103.814,125.27,1.06,3.29,0.0,5.99,61.37
496.96,10.236,103.816,125.22,1.06,3.29,0.0,5.99,61.68
497.04,10.228,103.818,125.19,1.06,3.29,0.0,5.99,61.99
497.12,10.219,103.82,125.15,1.06,3.29,0.0,5.99,62.23
497.18,10.209,103.821,125.11,1.06,3.3,0.0,5.99,62.46
497.24,10.202,103.822,125.07,1.06,3.3,0.0,5.98,62.77
497.32,10.192,103.824,125.03,1.06,3.3,0.0,5.98,63.08
497.4,10.182,103.826,124.99,1.06,3.3,0.0,5.98,63.39
497.48,10.175,103.827,124.96,1.06,3.3,0.0,5.98,63.62
497.54,10.168,103.829,124.92,1.06,3.31,0.0,5.98,63.94
497.6,10.158,103.83,124.88,1.06,3.31,0.0,5.98,64.17
497.66,10.151,103.831,124.85,1.06,3.31,0.0,5.99,64.4
497.74,10.143,103.832,124.82,1.06,3.31,0.0,5.99,64.64
497.78,10.136,103.834,124.78,1.06,3.31,0.0,5.99,64.95
497.88,10.124,103.836,124.74,1.06,3.32,0.0,5.99,65.26
497.96,10.117,103.837,124.71,1.06,3.32,0.0,5.99,65.5
498.02,10.11,103.838,124.68,1.06,3.32,0.0,6.0,65.73
498.08,10.1,103.84,124.63,1.06,3.32,0.0,6.0,66.04
498.16,10.093,103.841,124.6,1.06,3.32,0.0,6.0,66.28
498.22,10.083,103.842,124.56,1.06,3.33,0.0,6.01,66.59
498.28,10.076,103.844,124.53,1.06,3.33,0.0,6.01,66.75
498.34,10.068,103.845,124.5,1.06,3.33,0.0,6.01,67.06
498.4,10.061,103.846,124.47,1.06,3.33,0.0,6.02,67.3
498.48,10.054,103.847,124.44,1.06,3.33,0.0,6.02,67.53
498.54,10.047,103.848,124.41,1.06,3.33,0.0,6.03,67.77
498.6,10.037,103.85,124.37,1.06,3.34,0.0,6.03,68.09
498.68,10.027,103.851,124.33,1.06,3.34,0.0,6.04,68.4
498.76,10.02,103.853,124.3,1.06,3.34,0.0,6.04,68.64
498.84,10.01,103.854,124.27,1.06,3.34,0.0,6.05,68.95
498.9,10.003,103.855,124.24,1.06,3.35,0.0,6.05,69.19
498.96,9.994,103.857,124.2,1.06,3.35,0.0,6.06,69.51
499.04,9.986,103.858,124.17,1.06,3.35,0.0,6.07,69.74
499.12,9.977,103.859,124.13,1.06,3.35,0.0,6.07,70.06
499.18,9.969,103.861,124.1,1.06,3.35,0.0,6.08,70.38
499.26,9.96,103.862,124.06,1.06,3.36,0.0,6.09,70.61
499.3,9.955,103.863,124.05,1.06,3.36,0.0,6.09,70.85
499.38,9.943,103.864,124.0,1.06,3.36,0.0,6.1,71.17
499.46,9.936,103.866,123.96,1.06,3.36,0.0,6.11,71.49
499.54,9.926,103.867,123.93,1.06,3.37,0.0,6.11,71.73
499.6,9.919,103.868,123.91,1.06,3.37,0.0,6.12,71.97
499.66,9.909,103.869,123.87,1.06,3.37,0.0,6.12,72.28
499.74,9.902,103.87,123.84,1.06,3.37,0.0,6.13,72.52
499.8,9.895,103.871,123.8,1.06,3.37,0.0,6.13,72.84
499.88,9.885,103.872,123.78,1.06,3.38,0.0,6.14,73.08
499.94,9.876,103.874,123.74,1.06,3.38,0.0,6.15,73.4
500.02,9.866,103.875,123.7,1.06,3.38,0.0,6.15,73.72
500.1,9.856,103.876,123.67,1.06,3.38,0.0,6.16,74.04
500.18,9.849,103.877,123.64,1.06,3.39,0.0,6.16,74.28
500.24,9.842,103.878,123.61,1.06,3.39,0.0,6.17,74.53
500.3,9.835,103.88,123.57,1.06,3.39,0.0,6.17,74.85
500.38,9.825,103.881,123.54,1.06,3.39,0.0,6.18,75.09
500.44,9.815,103.882,123.5,1.06,3.39,0.0,6.18,75.33
500.5,9.808,103.883,123.47,1.06,3.4,0.0,6.18,75.65
500.58,9.799,103.884,123.42,1.06,3.4,0.0,6.19,75.89
500.64,9.794,103.885,123.4,1.06,3.4,0.0,6.19,76.06
500.68,9.787,103.885,123.37,1.06,3.4,0.0,6.2,76.38
500.76,9.777,103.887,123.33,1.06,3.4,0.0,6.2,76.7
500.84,9.767,103.888,123.28,1.06,3.41,0.0,6.21,77.03
500.9,9.76,103.889,123.25,1.06,3.41,0.0,6.21,77.27
500.98,9.751,103.89,123.21,1.07,3.41,0.0,6.22,77.59
501.06,9.741,103.891,123.16,1.07,3.41,0.0,6.23,77.92
501.14,9.731,103.892,123.12,1.07,3.41,0.0,6.23,78.24
501.22,9.724,103.893,123.08,1.07,3.42,0.0,6.24,78.48
501.28,9.717,103.894,123.05,1.07,3.42,0.0,6.25,78.73
501.34,9.71,103.895,123.01,1.07,3.42,0.0,6.25,79.05
501.4,9.7,103.896,122.97,1.07,3.42,0.0,6.26,79.3
501.48,9.693,103.897,122.93,1.07,3.42,0.0,6.27,79.54
501.54,9.684,103.898,122.88,1.07,3.42,0.0,6.28,79.87
501.6,9.676,103.899,122.85,1.07,3.42,0.0,6.28,80.11
501.68,9.669,103.899,122.81,1.07,3.43,0.0,6.29,80.35
501.74,9.662,103.9,122.77,1.07,3.43,0.0,6.3,80.6
501.8,9.655,103.901,122.74,1.07,3.43,0.0,6.31,80.84
501.86,9.645,103.902,122.69,1.07,3.43,0.0,6.32,81.17
501.94,9.636,103.903,122.64,1.07,3.43,0.0,6.33,81.5
502.02,9.626,103.904,122.59,1.07,3.43,0.0,6.34,81.82
502.1,9.619,103.905,122.55,1.07,3.44,0.0,6.35,82.07
502.14,9.612,103.906,122.51,1.07,3.44,0.0,6.36,82.31
502.22,9.602,103.907,122.46,1.08,3.44,0.0,6.37,82.64
502.3,9.593,103.907,122.41,1.08,3.44,0.0,6.39,82.97
502.38,9.583,103.908,122.36,1.08,3.44,0.0,6.4,83.3
502.44,9.576,103.909,122.32,1.08,3.44,0.0,6.41,83.54
502.52,9.569,103.91,122.28,1.08,3.44,0.0,6.42,83.79
502.58,9.56,103.911,122.23,1.08,3.45,0.0,6.43,84.03
502.66,9.552,103.911,122.19,1.08,3.45,0.0,6.45,84.36
502.7,9.545,103.912,122.15,1.08,3.45,0.0,6.45,84.53
502.76,9.538,103.913,122.11,1.08,3.45,0.0,6.47,84.86
502.82,9.531,103.913,122.07,1.08,3.45,0.0,6.48,85.1
502.9,9.522,103.914,122.02,1.08,3.45,0.0,6.5,85.43
502.96,9.517,103.915,121.99,1.08,3.45,0.0,6.51,85.68
503.02,9.507,103.916,121.94,1.08,3.45,0.0,6.52,85.93
503.1,9.5,103.916,121.9,1.08,3.46,0.0,6.53,86.17
503.16,9.493,103.917,121.86,1.08,3.46,0.0,6.54,86.42
503.22,9.486,103.918,121.81,1.08,3.46,0.0,6.55,86.75
503.3,9.476,103.918,121.76,1.08,3.46,0.0,6.56,87.0
503.36,9.469,103.919,121.72,1.08,3.46,0.0,6.58,87.25
503.42,9.462,103.92,121.68,1.08,3.46,0.0,6.59,87.58
503.5,9.453,103.921,121.61,1.08,3.46,0.0,6.61,87.91
503.58,9.441,103.921,121.55,1.08,3.46,0.0,6.62,88.16
503.64,9.436,103.921,121.53,1.08,3.46,0.0,6.63,88.33
503.7,9.429,103.922,121.49,1.08,3.47,0.0,6.64,88.57
503.76,9.422,103.922,121.44,1.08,3.47,0.0,6.65,88.82
503.8,9.417,103.923,121.42,1.08,3.47,0.0,6.65,88.99
503.86,9.41,103.923,121.37,1.08,3.47,0.0,6.66,89.24
503.9,9.405,103.924,121.35,1.08,3.47,0.0,6.67,89.41
503.96,9.398,103.924,121.3,1.08,3.47,0.0,6.68,89.66
504.0,9.394,103.925,121.28,1.08,3.47,0.0,6.68,89.82
504.06,9.387,103.925,121.23,1.08,3.47,0.0,6.69,90.07
504.1,9.382,103.925,121.21,1.08,3.47,0.0,6.7,90.24
504.16,9.375,103.926,121.16,1.09,3.47,0.0,6.71,90.49
504.2,9.37,103.926,121.14,1.09,3.47,0.0,6.71,90.66
504.26,9.363,103.927,121.09,1.09,3.47,0.0,6.72,90.91
504.3,9.358,103.927,121.06,1.09,3.48,0.0,6.72,91.08
504.36,9.351,103.928,121.02,1.09,3.48,0.0,6.73,91.33
504.42,9.344,103.928,120.98,1.09,3.48,0.0,6.74,91.58
504.46,9.339,103.928,120.95,1.09,3.48,0.0,6.74,91.75
504.52,9.332,103.929,120.91,1.09,3.48,0.0,6.75,92.0
504.56,9.328,103.929,120.88,1.09,3.48,0.0,6.75,92.17
504.62,9.321,103.93,120.84,1.09,3.48,0.0,6.75,92.42
504.66,9.316,103.93,120.81,1.09,3.48,0.0,6.76,92.59
504.72,9.309,103.93,120.76,1.09,3.48,0.0,6.76,92.84
504.76,9.304,103.931,120.73,1.09,3.48,0.0,6.76,93.01
504.82,9.297,103.931,120.69,1.09,3.48,0.0,6.77,93.26
504.86,9.292,103.931,120.66,1.09,3.48,0.0,6.77,93.43
504.92,9.285,103.932,120.62,1.09,3.48,0.0,6.77,93.68
504.96,9.281,103.932,120.59,1.09,3.48,0.0,6.77,93.85
505.02,9.274,103.932,120.54,1.09,3.49,0.0,6.77,94.11
505.06,9.269,103.933,120.51,1.09,3.49,0.0,6.77,94.27
505.12,9.262,103.933,120.47,1.09,3.49,0.0,6.77,94.53
505.16,9.257,103.933,120.44,1.09,3.49,0.0,6.77,94.7
505.22,9.25,103.934,120.4,1.09,3.49,0.0,6.77,94.95
505.26,9.245,103.934,120.37,1.09,3.49,0.0,6.77,95.12
505.32,9.238,103.934,120.32,1.09,3.49,0.0,6.77,95.38
505.36,9.234,103.934,120.29,1.09,3.49,0.0,6.77,95.55
505.42,9.227,103.935,120.25,1.09,3.49,0.0,6.77,95.89
505.48,9.22,103.935,120.2,1.09,3.49,0.0,6.77,96.14
505.54,9.213,103.935,120.16,1.09,3.49,0.0,6.76,96.4
505.6,9.203,103.936,120.1,1.09,3.49,0.0,6.76,96.74
505.68,9.196,103.936,120.05,1.09,3.49,0.0,6.75,97.0
505.74,9.187,103.937,119.99,1.09,3.49,0.0,6.75,97.34
505.82,9.18,103.937,119.94,1.09,3.49,0.0,6.74,97.59
505.88,9.17,103.937,119.88,1.09,3.5,0.0,6.74,97.94
505.94,9.163,103.938,119.84,1.09,3.5,0.0,6.73,98.19
506.0,9.156,103.938,119.79,1.09,3.5,0.0,6.73,98.36
506.08,9.149,103.938,119.74,1.09,3.5,0.0,6.72,98.71
506.14,9.14,103.938,119.68,1.09,3.5,0.0,6.71,99.05
506.2,9.133,103.938,119.63,1.09,3.5,0.0,6.7,99.31
506.28,9.124,103.939,119.57,1.09,3.5,0.0,6.69,99.65
506.36,9.117,103.939,119.53,1.09,3.5,0.0,6.69,99.91
506.4,9.11,103.939,119.48,1.09,3.5,0.0,6.68,100.17
506.48,9.101,103.94,119.41,1.09,3.5,0.0,6.67,100.51
506.54,9.094,103.94,119.35,1.09,3.5,0.0,6.66,100.77
506.62,9.084,103.94,119.3,1.1,3.5,0.0,6.65,101.12
506.7,9.075,103.94,119.24,1.1,3.5,0.0,6.64,101.46
506.78,9.068,103.941,119.18,1.1,3.5,0.0,6.63,101.81
506.84,9.061,103.941,119.14,1.1,3.5,0.0,6.62,102.07
506.92,9.052,103.941,119.06,1.1,3.5,0.0,6.61,102.41
506.98,9.04,103.941,118.98,1.1,3.5,0.0,6.6,102.76
507.06,9.033,103.941,118.95,1.1,3.5,0.0,6.59,102.93
507.12,9.029,103.941,118.92,1.1,3.51,0.0,6.59,103.1
507.14,9.024,103.941,118.88,1.1,3.51,0.0,6.58,103.28
507.22,9.017,103.941,118.83,1.1,3.51,0.0,6.57,103.54
507.28,9.01,103.942,118.79,1.1,3.51,0.0,6.56,103.8
507.32,9.005,103.942,118.75,1.1,3.51,0.0,6.56,103.97
507.36,9.001,103.942,118.72,1.1,3.51,0.0,6.55,104.14
507.42,8.994,103.942,118.67,1.1,3.51,0.0,6.55,104.4
507.48,8.987,103.942,118.62,1.1,3.51,0.0,6.54,104.66
507.52,8.982,103.942,118.59,1.1,3.51,0.0,6.54,104.84
507.58,8.975,103.942,118.54,1.1,3.51,0.0,6.53,105.1
507.62,8.971,103.942,118.51,1.1,3.51,0.0,6.53,105.27
507.68,8.964,103.942,118.46,1.1,3.51,0.0,6.52,105.53
507.72,8.959,103.942,118.42,1.1,3.51,0.0,6.52,105.7
507.78,8.952,103.942,118.37,1.1,3.51,0.0,6.51,105.96
507.84,8.945,103.942,118.32,1.1,3.51,0.0,6.51,106.23
507.88,8.941,103.942,118.29,1.1,3.51,0.0,6.5,106.4
507.92,8.936,103.942,118.26,1.1,3.51,0.0,6.5,106.57
507.98,8.929,103.942,118.21,1.1,3.51,0.0,6.49,106.83
508.04,8.922,103.942,118.16,1.1,3.51,0.0,6.49,107.09
508.08,8.918,103.942,118.12,1.1,3.51,0.0,6.49,107.27
508.14,8.911,103.942,118.07,1.1,3.51,0.0,6.48,107.53
508.16,8.906,103.942,118.04,1.1,3.51,0.0,6.48,107.7
508.24,8.899,103.942,117.99,1.1,3.51,0.0,6.48,107.96
508.28,8.895,103.942,117.96,1.1,3.51,0.0,6.48,108.14
508.32,8.89,103.942,117.92,1.1,3.51,0.0,6.48,108.31
508.38,8.883,103.942,117.87,1.1,3.51,0.0,6.48,108.57
508.44,8.876,103.942,117.82,1.1,3.51,0.0,6.47,108.83
508.48,8.872,103.942,117.79,1.1,3.51,0.0,6.47,109.01
508.54,8.865,103.942,117.74,1.1,3.51,0.0,6.47,109.27
508.58,8.86,103.942,117.7,1.1,3.51,0.0,6.47,109.44
508.64,8.853,103.942,117.65,1.1,3.51,0.0,6.47,109.7
508.68,8.849,103.942,117.62,1.1,3.51,0.0,6.47,109.88
508.74,8.842,103.942,117.57,1.1,3.51,0.0,6.47,110.14
508.78,8.837,103.942,117.54,1.1,3.51,0.0,6.48,110.31
508.84,8.83,103.942,117.49,1.1,3.51,0.0,6.48,110.57
508.88,8.826,103.942,117.45,1.1,3.51,0.0,6.48,110.75
508.94,8.819,103.942,117.4,1.1,3.51,0.0,6.48,111.01
509.0,8.812,103.942,117.35,1.1,3.51,0.0,6.48,111.27
509.04,8.807,103.942,117.32,1.1,3.51,0.0,6.48,111.44
509.08,8.803,103.941,117.28,1.1,3.51,0.0,6.49,111.62
509.14,8.796,103.941,117.23,1.1,3.51,0.0,6.49,111.88
509.2,8.789,103.941,117.18,1.1,3.51,0.0,6.49,112.14
509.24,8.785,103.941,117.15,1.1,3.51,0.0,6.5,112.31
509.3,8.778,103.941,117.1,1.1,3.51,0.0,6.5,112.58
509.32,8.775,103.941,117.08,1.1,3.51,0.0,6.5,112.66
509.32,8.773,103.941,117.05,1.1,3.51,0.0,6.51,112.93
509.42,8.764,103.941,117.0,1.1,3.51,0.0,6.51,113.1
509.46,8.759,103.941,116.96,1.1,3.51,0.0,6.51,113.27
509.5,8.755,103.94,116.93,1.1,3.51,0.0,6.52,113.45
509.56,8.748,103.94,116.88,1.1,3.51,0.0,6.52,113.71
509.6,8.744,103.94,116.85,1.1,3.51,0.0,6.53,113.88
509.66,8.737,103.94,116.8,1.1,3.51,0.0,6.53,114.15
509.7,8.732,103.94,116.76,1.1,3.51,0.0,6.54,114.32
509.76,8.725,103.94,116.71,1.1,3.51,0.0,6.54,114.58
509.8,8.721,103.94,116.68,1.1,3.51,0.0,6.54,114.76
509.86,8.714,103.939,116.63,1.1,3.51,0.0,6.55,115.02
509.9,8.709,103.939,116.6,1.1,3.51,0.0,6.56,115.2
509.96,8.703,103.939,116.55,1.1,3.51,0.0,6.56,115.46
510.02,8.696,103.939,116.5,1.1,3.51,0.0,6.57,115.72
510.06,8.691,103.939,116.46,1.1,3.51,0.0,6.57,115.9
510.12,8.684,103.938,116.42,1.1,3.51,0.0,6.58,116.16
510.16,8.68,103.938,116.38,1.1,3.51,0.0,6.58,116.33
510.2,8.675,103.938,116.35,1.1,3.51,0.0,6.59,116.51
510.26,8.669,103.938,116.3,1.1,3.51,0.0,6.59,116.77
510.3,8.664,103.938,116.27,1.1,3.51,0.0,6.6,116.95
510.36,8.657,103.937,116.22,1.1,3.51,0.0,6.6,117.21
510.38,8.653,103.937,116.18,1.1,3.51,0.0,6.61,117.39
510.46,8.646,103.937,116.13,1.1,3.51,0.0,6.61,117.65
510.52,8.639,103.937,116.08,1.1,3.51,0.0,6.62,117.91
510.56,8.635,103.936,116.05,1.1,3.51,0.0,6.62,118.09
510.62,8.628,103.936,116.0,1.1,3.51,0.0,6.63,118.35
510.66,8.623,103.936,115.97,1.1,3.51,0.0,6.63,118.53
510.72,8.616,103.936,115.92,1.1,3.51,0.0,6.63,118.79
510.76,8.612,103.935,115.89,1.1,3.51,0.0,6.64,118.97
510.8,8.607,103.935,115.86,1.1,3.51,0.0,6.64,119.14
510.86,8.601,103.935,115.81,1.1,3.51,0.0,6.64,119.41
510.92,8.594,103.935,115.76,1.1,3.51,0.0,6.65,119.67
510.96,8.589,103.934,115.72,1.1,3.51,0.0,6.65,119.85
511.02,8.583,103.934,115.68,1.1,3.51,0.0,6.65,120.11
511.08,8.576,103.934,115.63,1.1,3.51,0.0,6.66,120.38
511.12,8.571,103.933,115.59,1.1,3.51,0.0,6.66,120.56
511.18,8.565,103.933,115.54,1.1,3.51,0.0,6.66,120.82
511.22,8.56,103.933,115.51,1.1,3.51,0.0,6.66,121.0
511.26,8.555,103.933,115.48,1.1,3.51,0.0,6.66,121.17
511.32,8.549,103.932,115.43,1.1,3.51,0.0,6.66,121.44
511.38,8.542,103.932,115.38,1.1,3.51,0.0,6.66,121.71
511.42,8.537,103.932,115.35,1.1,3.51,0.0,6.66,121.88
511.48,8.531,103.931,115.3,1.1,3.51,0.0,6.66,122.15
511.52,8.526,103.931,115.27,1.1,3.51,0.0,6.66,122.33
511.58,8.52,103.93,115.22,1.1,3.51,0.0,6.66,122.59
511.62,8.515,103.93,115.19,1.1,3.51,0.0,6.66,122.77
511.68,8.508,103.93,115.14,1.1,3.51,0.0,6.66,123.04
511.72,8.504,103.929,115.1,1.1,3.51,0.0,6.66,123.21
511.78,8.497,103.929,115.06,1.1,3.51,0.0,6.66,123.48
511.82,8.493,103.929,115.02,1.1,3.51,0.0,6.66,123.66
511.88,8.486,103.928,114.97,1.1,3.51,0.0,6.65,123.93
511.92,8.481,103.928,114.94,1.1,3.51,0.0,6.65,124.1
511.98,8.475,103.928,114.89,1.1,3.51,0.0,6.65,124.37
512.02,8.47,103.927,114.86,1.1,3.51,0.0,6.64,124.55
512.08,8.463,103.927,114.81,1.1,3.51,0.0,6.64,124.82
512.12,8.459,103.926,114.78,1.1,3.51,0.0,6.63,124.99
512.18,8.452,103.926,114.73,1.1,3.51,0.0,6.63,125.26
512.22,8.448,103.926,114.7,1.1,3.51,0.0,6.62,125.44
512.28,8.441,103.925,114.65,1.1,3.51,0.0,6.62,125.71
512.32,8.437,103.925,114.62,1.1,3.51,0.0,6.61,125.89
512.38,8.43,103.924,114.57,1.1,3.51,0.0,6.61,126.16
512.44,8.423,103.924,114.52,1.1,3.51,0.0,6.6,126.42
512.48,8.419,103.924,114.48,1.1,3.51,0.0,6.59,126.6
512.54,8.412,103.923,114.44,1.1,3.51,0.0,6.58,126.87
512.58,8.408,103.923,114.4,1.1,3.51,0.0,6.58,127.05
512.64,8.401,103.922,114.35,1.1,3.51,0.0,6.57,127.32
512.68,8.396,103.922,114.32,1.1,3.51,0.0,6.56,127.5
512.74,8.39,103.921,114.27,1.1,3.51,0.0,6.55,127.77
512.78,8.385,103.921,114.24,1.1,3.51,0.0,6.55,127.95
512.82,8.381,103.921,114.21,1.1,3.51,0.0,6.54,128.13
512.88,8.374,103.92,114.16,1.1,3.51,0.0,6.53,128.4
512.92,8.37,103.92,114.12,1.1,3.51,0.0,6.52,128.58
512.98,8.363,103.919,114.07,1.1,3.51,0.0,6.51,128.85
513.02,8.359,103.919,114.04,1.1,3.51,0.0,6.5,129.02
513.08,8.352,103.918,113.99,1.1,3.51,0.0,6.49,129.29
513.14,8.345,103.918,113.94,1.1,3.51,0.0,6.48,129.56
513.18,8.341,103.917,113.91,1.1,3.51,0.0,6.47,129.74
513.24,8.334,103.917,113.86,1.1,3.51,0.0,6.46,130.01
513.28,8.33,103.916,113.83,1.1,3.51,0.0,6.45,130.19
513.34,8.323,103.916,113.78,1.1,3.51,0.0,6.44,130.46
513.38,8.319,103.915,113.74,1.1,3.51,0.0,6.43,130.64
513.44,8.312,103.915,113.69,1.1,3.51,0.0,6.42,130.91
513.5,8.305,103.914,113.64,1.1,3.51,0.0,6.41,131.18
513.54,8.301,103.913,113.61,1.1,3.51,0.0,6.4,131.36
513.6,8.294,103.913,113.56,1.1,3.51,0.0,6.39,131.63
513.64,8.29,103.912,113.53,1.1,3.51,0.0,6.38,131.81
513.7,8.283,103.912,113.48,1.1,3.51,0.0,6.36,132.08
513.74,8.279,103.911,113.44,1.1,3.51,0.0,6.36,132.26
513.8,8.272,103.911,113.39,1.1,3.51,0.0,6.34,132.54
513.84,8.268,103.91,113.36,1.1,3.51,0.0,6.34,132.72
513.9,8.261,103.91,113.31,1.1,3.51,0.0,6.32,132.99
513.94,8.257,103.909,113.28,1.1,3.51,0.0,6.32,133.17
514.0,8.25,103.909,113.23,1.1,3.51,0.0,6.3,133.44
514.04,8.245,103.908,113.19,1.1,3.51,0.0,6.3,133.62
514.1,8.239,103.907,113.14,1.1,3.51,0.0,6.28,133.89
514.14,8.234,103.907,113.11,1.1,3.51,0.0,6.28,134.07
514.2,8.228,103.906,113.06,1.1,3.51,0.0,6.27,134.34
514.24,8.223,103.906,113.03,1.1,3.51,0.0,6.26,134.52
514.3,8.217,103.905,112.97,1.1,3.51,0.0,6.25,134.79
514.34,8.212,103.905,112.94,1.1,3.51,0.0,6.24,134.97
514.4,8.206,103.904,112.89,1.1,3.51,0.0,6.23,135.24
514.44,8.201,103.903,112.86,1.1,3.51,0.0,6.22,135.42
514.5,8.195,103.903,112.81,1.1,3.51,0.0,6.21,135.69
514.54,8.19,103.902,112.77,1.1,3.51,0.0,6.21,135.87
514.6,8.184,103.902,112.72,1.1,3.51,0.0,6.2,136.14
514.66,8.177,103.901,112.67,1.1,3.51,0.0,6.19,136.41
514.7,8.173,103.9,112.64,1.1,3.51,0.0,6.18,136.59
514.76,8.166,103.899,112.59,1.1,3.51,0.0,6.18,136.95
514.82,8.16,103.899,112.54,1.1,3.51,0.0,6.17,137.22
514.88,8.153,103.898,112.49,1.1,3.51,0.0,6.16,137.4
514.94,8.146,103.897,112.44,1.1,3.51,0.0,6.15,137.77
515.0,8.138,103.896,112.37,1.1,3.51,0.0,6.15,138.13
515.08,8.131,103.895,112.32,1.1,3.51,0.0,6.14,138.4
515.14,8.124,103.894,112.27,1.1,3.5,0.0,6.13,138.67
515.22,8.116,103.893,112.2,1.1,3.5,0.0,6.13,139.03
515.28,8.107,103.892,112.14,1.1,3.5,0.0,6.12,139.39
515.36,8.1,103.891,112.09,1.1,3.5,0.0,6.12,139.66
515.42,8.092,103.89,112.02,1.1,3.5,0.0,6.12,140.02
515.5,8.083,103.889,111.95,1.1,3.5,0.0,6.11,140.38
515.58,8.076,103.889,111.9,1.1,3.5,0.0,6.11,140.65
515.64,8.07,103.888,111.85,1.1,3.5,0.0,6.11,140.92
515.7,8.063,103.887,111.8,1.1,3.5,0.0,6.11,141.19
515.74,8.057,103.886,111.74,1.1,3.5,0.0,6.11,141.55
515.84,8.046,103.885,111.67,1.1,3.5,0.0,6.11,141.91
515.9,8.039,103.884,111.62,1.1,3.5,0.0,6.11,142.18
515.98,8.031,103.882,111.55,1.1,3.5,0.0,6.11,142.54
516.04,8.024,103.882,111.49,1.1,3.5,0.0,6.12,142.9
516.12,8.015,103.881,111.44,1.1,3.5,0.0,6.12,143.18
516.2,8.007,103.879,111.37,1.1,3.5,0.0,6.12,143.54
516.3,7.998,103.878,111.31,1.1,3.5,0.0,6.13,143.9
516.36,7.991,103.877,111.26,1.1,3.5,0.0,6.13,144.17
516.42,7.983,103.876,111.19,1.1,3.5,0.0,6.13,144.53
516.5,7.974,103.875,111.13,1.1,3.5,0.0,6.14,144.89
516.56,7.968,103.874,111.08,1.1,3.5,0.0,6.14,145.16
516.64,7.959,103.873,111.02,1.1,3.5,0.0,6.15,145.52
516.72,7.952,103.872,110.97,1.1,3.5,0.0,6.15,145.79
516.78,7.944,103.871,110.9,1.1,3.5,0.0,6.16,146.06
516.86,7.937,103.87,110.85,1.1,3.5,0.0,6.16,146.43
516.9,7.931,103.869,110.81,1.1,3.49,0.0,6.17,146.7
516.98,7.924,103.868,110.76,1.1,3.49,0.0,6.17,146.97
517.04,7.916,103.866,110.69,1.09,3.49,0.0,6.18,147.42
517.12,7.907,103.865,110.63,1.09,3.49,0.0,6.19,147.69
517.2,7.901,103.865,110.58,1.09,3.49,0.0,6.19,147.97
517.26,7.894,103.863,110.54,1.09,3.49,0.0,6.19,148.24
517.32,7.885,103.862,110.47,1.09,3.49,0.0,6.2,148.6
517.4,7.877,103.861,110.41,1.09,3.49,0.0,6.21,148.96
517.48,7.868,103.86,110.35,1.09,3.49,0.0,6.21,149.24
517.54,7.864,103.859,110.32,1.09,3.49,0.0,6.21,149.42
517.58,7.86,103.859,110.28,1.09,3.49,0.0,6.21,149.6
517.64,7.853,103.858,110.24,1.09,3.49,0.0,6.22,149.87
517.68,7.849,103.857,110.21,1.09,3.49,0.0,6.22,150.05
517.74,7.842,103.856,110.16,1.09,3.49,0.0,6.22,150.33
517.78,7.838,103.855,110.13,1.09,3.49,0.0,6.22,150.51
517.84,7.832,103.854,110.08,1.09,3.49,0.0,6.23,150.78
517.88,7.827,103.854,110.05,1.09,3.49,0.0,6.23,150.96
517.94,7.821,103.853,110.0,1.09,3.49,0.0,6.23,151.24
517.98,7.817,103.852,109.97,1.09,3.49,0.0,6.23,151.42
518.04,7.81,103.851,109.93,1.09,3.49,0.0,6.23,151.69
518.08,7.806,103.85,109.9,1.09,3.49,0.0,6.23,151.87
518.14,7.799,103.849,109.85,1.09,3.49,0.0,6.23,152.15
518.18,7.795,103.849,109.82,1.09,3.49,0.0,6.23,152.33
518.24,7.789,103.848,109.77,1.09,3.49,0.0,6.23,152.6
518.28,7.784,103.847,109.74,1.09,3.49,0.0,6.23,152.79
518.34,7.778,103.846,109.69,1.09,3.49,0.0,6.23,153.06
518.38,7.774,103.845,109.66,1.09,3.49,0.0,6.23,153.24
518.44,7.767,103.844,109.62,1.09,3.49,0.0,6.23,153.52
518.48,7.763,103.843,109.59,1.09,3.49,0.0,6.23,153.7
518.5,7.761,103.843,109.57,1.09,3.49,0.0,6.23,153.79
518.58,7.752,103.842,109.51,1.09,3.49,0.0,6.23,154.16
518.62,7.748,103.841,109.48,1.09,3.49,0.0,6.23,154.34
518.68,7.742,103.84,109.43,1.09,3.49,0.0,6.22,154.62
518.74,7.735,103.839,109.39,1.09,3.49,0.0,6.22,154.89
518.78,7.731,103.838,109.36,1.09,3.49,0.0,6.22,155.08
518.84,7.725,103.837,109.31,1.09,3.48,0.0,6.21,155.35
518.88,7.72,103.836,109.28,1.09,3.48,0.0,6.21,155.54
518.94,7.714,103.835,109.24,1.09,3.48,0.0,6.21,155.81
518.98,7.71,103.835,109.21,1.09,3.48,0.0,6.2,156.0
519.04,7.703,103.833,109.16,1.09,3.48,0.0,6.2,156.27
519.08,7.699,103.833,109.13,1.09,3.48,0.0,6.19,156.46
519.14,7.693,103.832,109.08,1.09,3.48,0.0,6.19,156.73
519.18,7.688,103.831,109.05,1.09,3.48,0.0,6.18,156.92
519.24,7.682,103.83,109.01,1.09,3.48,0.0,6.18,157.19
519.28,7.678,103.829,108.98,1.09,3.48,0.0,6.17,157.38
519.34,7.671,103.828,108.93,1.09,3.48,0.0,6.17,157.65
519.38,7.667,103.827,108.9,1.09,3.48,0.0,6.16,157.84
519.44,7.661,103.826,108.86,1.09,3.48,0.0,6.15,158.11
519.48,7.656,103.825,108.83,1.09,3.48,0.0,6.15,158.3
519.54,7.65,103.824,108.78,1.09,3.48,0.0,6.14,158.57
519.58,7.646,103.824,108.75,1.09,3.48,0.0,6.14,158.76
519.64,7.639,103.822,108.7,1.09,3.48,0.0,6.13,159.04
519.7,7.633,103.821,108.66,1.09,3.48,0.0,6.12,159.31
519.74,7.629,103.821,108.63,1.09,3.48,0.0,6.11,159.5
519.8,7.622,103.819,108.58,1.09,3.48,0.0,6.11,159.77
519.84,7.618,103.819,108.55,1.09,3.48,0.0,6.1,159.96
519.9,7.612,103.818,108.51,1.09,3.48,0.0,6.09,160.24
519.94,7.608,103.817,108.48,1.09,3.48,0.0,6.09,160.42
520.0,7.601,103.816,108.43,1.09,3.48,0.0,6.08,160.7
520.04,7.597,103.815,108.4,1.09,3.48,0.0,6.07,160.88
520.1,7.591,103.814,108.36,1.09,3.48,0.0,6.06,161.16
520.14,7.586,103.813,108.33,1.09,3.48,0.0,6.06,161.35
520.2,7.58,103.812,108.28,1.09,3.48,0.0,6.05,161.62
520.24,7.576,103.811,108.25,1.09,3.48,0.0,6.04,161.81
520.28,7.572,103.81,108.22,1.09,3.48,0.0,6.04,161.99
520.34,7.565,103.809,108.18,1.09,3.48,0.0,6.03,162.27
520.38,7.561,103.808,108.15,1.09,3.48,0.0,6.02,162.46
520.44,7.555,103.807,108.1,1.09,3.48,0.0,6.01,162.74
520.5,7.548,103.806,108.06,1.09,3.48,0.0,6.01,163.01
520.54,7.544,103.805,108.03,1.09,3.48,0.0,6.0,163.2
520.6,7.538,103.804,107.98,1.09,3.47,0.0,5.99,163.48
520.64,7.534,103.803,107.95,1.09,3.47,0.0,5.99,163.66
520.7,7.527,103.802,107.91,1.09,3.47,0.0,5.98,163.94
520.74,7.523,103.801,107.88,1.09,3.47,0.0,5.98,164.13
520.8,7.517,103.8,107.83,1.09,3.47,0.0,5.97,164.4
520.84,7.513,103.799,107.8,1.09,3.47,0.0,5.97,164.59
520.88,7.508,103.799,107.77,1.09,3.47,0.0,5.96,164.77
520.94,7.502,103.797,107.73,1.09,3.47,0.0,5.96,165.05
521.0,7.496,103.796,107.68,1.09,3.47,0.0,5.95,165.33
521.04,7.491,103.795,107.65,1.09,3.47,0.0,5.95,165.52
521.1,7.485,103.794,107.61,1.09,3.47,0.0,5.94,165.79
521.14,7.481,103.793,107.58,1.09,3.47,0.0,5.94,165.98
521.2,7.475,103.792,107.53,1.09,3.47,0.0,5.94,166.26
521.24,7.47,103.791,107.5,1.09,3.47,0.0,5.93,166.44
521.3,7.464,103.79,107.46,1.09,3.47,0.0,5.93,166.72
521.34,7.46,103.789,107.43,1.09,3.47,0.0,5.93,166.91
521.4,7.454,103.788,107.38,1.09,3.47,0.0,5.93,167.19
521.44,7.45,103.787,107.35,1.09,3.47,0.0,5.92,167.37
521.5,7.443,103.786,107.31,1.09,3.47,0.0,5.92,167.65
521.54,7.439,103.785,107.28,1.09,3.47,0.0,5.92,167.84
521.6,7.433,103.784,107.23,1.09,3.47,0.0,5.92,168.11
521.64,7.429,103.783,107.2,1.09,3.47,0.0,5.92,168.3
521.7,7.422,103.782,107.16,1.09,3.47,0.0,5.92,168.58
521.74,7.418,103.781,107.13,1.09,3.47,0.0,5.92,168.76
521.8,7.412,103.78,107.09,1.09,3.47,0.0,5.92,169.04
521.84,7.408,103.779,107.06,1.09,3.47,0.0,5.92,169.23
521.9,7.401,103.778,107.01,1.09,3.47,0.0,5.93,169.51
521.94,7.397,103.777,106.98,1.09,3.47,0.0,5.93,169.69
522.0,7.391,103.776,106.94,1.09,3.47,0.0,5.93,169.97
522.04,7.387,103.775,106.91,1.09,3.47,0.0,5.93,170.16
522.1,7.38,103.774,106.87,1.09,3.47,0.0,5.94,170.44
522.14,7.376,103.773,106.84,1.09,3.47,0.0,5.94,170.62
522.2,7.37,103.772,106.8,1.09,3.46,0.0,5.95,170.9
522.24,7.366,103.771,106.77,1.09,3.46,0.0,5.95,171.09
522.3,7.36,103.77,106.72,1.09,3.46,0.0,5.96,171.36
522.34,7.355,103.769,106.7,1.09,3.46,0.0,5.96,171.55
522.4,7.349,103.768,106.65,1.09,3.46,0.0,5.97,171.83
522.46,7.343,103.766,106.61,1.09,3.46,0.0,5.97,172.11
522.5,7.339,103.765,106.58,1.09,3.46,0.0,5.98,172.29
522.56,7.333,103.764,106.54,1.09,3.46,0.0,5.99,172.57
522.62,7.326,103.763,106.5,1.09,3.46,0.0,6.0,172.85
522.66,7.322,103.762,106.47,1.09,3.46,0.0,6.0,173.04
522.72,7.316,103.76,106.43,1.08,3.46,0.0,6.02,173.5
522.8,7.308,103.759,106.37,1.08,3.46,0.0,6.03,173.78
522.86,7.299,103.757,106.31,1.08,3.46,0.0,6.04,174.16
522.94,7.291,103.755,106.26,1.08,3.46,0.0,6.06,174.62
523.02,7.283,103.754,106.2,1.08,3.46,0.0,6.07,174.9
523.1,7.274,103.752,106.15,1.08,3.46,0.0,6.09,175.27
523.18,7.266,103.75,106.09,1.08,3.46,0.0,6.1,175.55
523.26,7.26,103.749,106.05,1.08,3.46,0.0,6.11,175.93
523.32,7.254,103.748,106.01,1.08,3.46,0.0,6.13,176.21
523.38,7.247,103.746,105.97,1.08,3.46,0.0,6.14,176.49
523.44,7.241,103.745,105.93,1.08,3.46,0.0,6.15,176.77
523.5,7.235,103.743,105.89,1.08,3.46,0.0,6.17,177.05
523.56,7.227,103.742,105.83,1.08,3.46,0.0,6.18,177.42
523.64,7.221,103.741,105.79,1.08,3.46,0.0,6.19,177.7
523.7,7.212,103.739,105.74,1.08,3.46,0.0,6.21,178.08
523.78,7.206,103.737,105.7,1.08,3.46,0.0,6.22,178.45
523.84,7.198,103.736,105.65,1.08,3.46,0.0,6.24,178.73
523.92,7.19,103.734,105.6,1.08,3.46,0.0,6.26,179.11
524.0,7.183,103.733,105.56,1.08,3.46,0.0,6.27,179.39
524.06,7.177,103.731,105.52,1.08,3.46,0.0,6.28,179.67
524.12,7.169,103.73,105.47,1.08,3.46,0.0,6.3,180.05
524.2,7.163,103.729,105.43,1.08,3.46,0.0,6.31,180.33
524.26,7.155,103.727,105.38,1.08,3.46,0.0,6.32,180.71
524.34,7.146,103.725,105.32,1.08,3.45,0.0,6.34,181.09
524.42,7.138,103.724,105.27,1.08,3.45,0.0,6.35,181.46
524.5,7.132,103.722,105.24,1.08,3.45,0.0,6.36,181.75
524.56,7.124,103.72,105.18,1.08,3.45,0.0,6.37,182.13
524.64,7.115,103.719,105.13,1.08,3.45,0.0,6.38,182.51
524.72,7.107,103.717,105.08,1.08,3.45,0.0,6.39,182.88
524.8,7.099,103.715,105.03,1.08,3.45,0.0,6.4,183.26
524.88,7.093,103.714,105.0,1.08,3.45,0.0,6.41,183.55
524.94,7.085,103.712,104.95,1.08,3.45,0.0,6.42,183.93
525.02,7.076,103.711,104.9,1.08,3.45,0.0,6.42,184.31
525.1,7.07,103.709,104.86,1.08,3.45,0.0,6.43,184.6
525.14,7.064,103.707,104.81,1.08,3.45,0.0,6.43,184.98
525.24,7.056,103.706,104.77,1.08,3.45,0.0,6.44,185.26
525.3,7.05,103.704,104.73,1.08,3.45,0.0,6.44,185.55
525.36,7.042,103.703,104.68,1.08,3.45,0.0,6.44,185.93
525.44,7.036,103.702,104.65,1.08,3.45,0.0,6.44,186.22
525.5,7.027,103.7,104.6,1.08,3.45,0.0,6.45,186.6
525.56,7.021,103.699,104.56,1.08,3.45,0.0,6.44,186.89
525.64,7.013,103.697,104.51,1.08,3.45,0.0,6.44,187.27
525.72,7.007,103.695,104.48,1.08,3.45,0.0,6.44,187.56
525.78,6.999,103.694,104.43,1.08,3.45,0.0,6.44,187.95
525.86,6.993,103.692,104.39,1.08,3.45,0.0,6.44,188.23
525.92,6.984,103.691,104.34,1.08,3.45,0.0,6.43,188.62
526.0,6.978,103.689,104.3,1.08,3.45,0.0,6.43,188.91
526.06,6.97,103.688,104.26,1.08,3.45,0.0,6.42,189.29
526.14,6.964,103.686,104.22,1.08,3.45,0.0,6.42,189.58
526.2,6.956,103.684,104.17,1.08,3.45,0.0,6.41,189.97
526.3,6.948,103.682,104.12,1.08,3.45,0.0,6.4,190.36
526.36,6.94,103.681,104.07,1.08,3.45,0.0,6.39,190.74
526.44,6.932,103.679,104.02,1.08,3.45,0.0,6.39,191.13
526.5,6.925,103.678,103.99,1.08,3.45,0.0,6.38,191.42
526.58,6.919,103.677,103.95,1.08,3.45,0.0,6.37,191.71
526.64,6.911,103.675,103.9,1.08,3.45,0.0,6.36,192.1
526.72,6.903,103.673,103.85,1.08,3.45,0.0,6.35,192.49
526.8,6.897,103.672,103.81,1.08,3.45,0.0,6.34,192.78
526.86,6.889,103.669,103.77,1.08,3.45,0.0,6.33,193.27
526.96,6.881,103.668,103.72,1.08,3.45,0.0,6.32,193.56
527.02,6.873,103.666,103.67,1.08,3.45,0.0,6.31,193.95
527.1,6.865,103.665,103.62,1.08,3.45,0.0,6.3,194.34
527.18,6.859,103.663,103.58,1.08,3.45,0.0,6.29,194.63
527.22,6.852,103.662,103.54,1.08,3.45,0.0,6.28,194.92
527.3,6.844,103.66,103.49,1.08,3.45,0.0,6.27,195.31
527.36,6.838,103.659,103.46,1.08,3.45,0.0,6.26,195.6
527.44,6.832,103.657,103.42,1.08,3.45,0.0,6.25,195.9
527.5,6.824,103.656,103.37,1.08,3.45,0.0,6.24,196.29
527.58,6.816,103.654,103.32,1.08,3.45,0.0,6.23,196.68
527.64,6.812,103.653,103.3,1.08,3.45,0.0,6.23,196.88
527.7,6.804,103.651,103.25,1.08,3.45,0.0,6.22,197.27
527.78,6.796,103.65,103.2,1.08,3.45,0.0,6.21,197.66
527.86,6.788,103.648,103.15,1.08,3.45,0.0,6.2,198.05
527.94,6.782,103.647,103.11,1.08,3.45,0.0,6.19,198.34
528.0,6.776,103.645,103.08,1.08,3.45,0.0,6.19,198.64
528.06,6.768,103.644,103.03,1.08,3.44,0.0,6.18,199.03
528.14,6.762,103.642,102.99,1.08,3.44,0.0,6.18,199.32
528.2,6.756,103.641,102.95,1.08,3.44,0.0,6.17,199.62
528.26,6.75,103.64,102.91,1.08,3.44,0.0,6.17,199.91
528.3,6.744,103.638,102.88,1.08,3.44,0.0,6.17,200.21
528.36,6.738,103.637,102.84,1.08,3.44,0.0,6.17,200.5
528.44,6.729,103.635,102.79,1.08,3.44,0.0,6.16,200.89
528.5,6.723,103.634,102.75,1.08,3.44,0.0,6.16,201.19
528.58,6.717,103.633,102.72,1.08,3.44,0.0,6.16,201.48
528.64,6.709,103.631,102.67,1.08,3.44,0.0,6.16,201.78
528.7,6.703,103.63,102.63,1.08,3.44,0.0,6.16,202.17
528.78,6.697,103.628,102.59,1.08,3.44,0.0,6.16,202.47
528.84,6.691,103.627,102.56,1.08,3.44,0.0,6.17,202.76
528.9,6.683,103.625,102.51,1.08,3.44,0.0,6.17,203.16
528.98,6.675,103.624,102.46,1.08,3.44,0.0,6.17,203.55
529.06,6.667,103.622,102.41,1.08,3.44,0.0,6.18,203.94
529.14,6.659,103.62,102.36,1.08,3.44,0.0,6.19,204.24
529.2,6.653,103.619,102.33,1.08,3.44,0.0,6.19,204.63
529.28,6.645,103.617,102.28,1.08,3.44,0.0,6.2,205.03
529.36,6.639,103.616,102.24,1.08,3.44,0.0,6.21,205.33
529.42,6.631,103.614,102.19,1.08,3.44,0.0,6.21,205.72
529.5,6.625,103.613,102.16,1.08,3.44,0.0,6.22,206.02
529.54,6.621,103.612,102.13,1.08,3.44,0.0,6.23,206.21
529.6,6.613,103.61,102.09,1.08,3.44,0.0,6.24,206.61
529.68,6.605,103.609,102.04,1.07,3.44,0.0,6.25,207.01
529.76,6.599,103.607,102.0,1.07,3.44,0.0,6.26,207.3
529.82,6.593,103.606,101.97,1.07,3.44,0.0,6.27,207.6
529.88,6.587,103.604,101.93,1.07,3.44,0.0,6.28,208.0
529.96,6.58,103.603,101.89,1.07,3.44,0.0,6.29,208.29
530.02,6.574,103.602,101.85,1.07,3.44,0.0,6.31,208.59
530.08,6.566,103.6,101.8,1.07,3.44,0.0,6.32,208.99
530.18,6.558,103.598,101.76,1.07,3.44,0.0,6.33,209.39
530.24,6.55,103.597,101.71,1.07,3.44,0.0,6.35,209.78
530.32,6.544,103.596,101.68,1.07,3.44,0.0,6.36,210.08
530.38,6.536,103.594,101.63,1.07,3.44,0.0,6.37,210.48
530.46,6.53,103.593,101.6,1.07,3.44,0.0,6.39,210.78
530.52,6.522,103.591,101.55,1.07,3.44,0.0,6.4,211.18
530.6,6.516,103.59,101.52,1.07,3.44,0.0,6.41,211.48
530.66,6.508,103.588,101.47,1.07,3.44,0.0,6.43,211.88
530.74,6.502,103.587,101.44,1.07,3.44,0.0,6.44,212.18
530.8,6.496,103.586,101.4,1.07,3.44,0.0,6.45,212.48
530.86,6.49,103.584,101.37,1.07,3.44,0.0,6.46,212.78
530.94,6.482,103.582,101.31,1.07,3.44,0.0,6.47,213.18
531.0,6.474,103.581,101.28,1.07,3.44,0.0,6.48,213.48
531.06,6.47,103.581,101.26,1.07,3.44,0.0,6.49,213.68
531.1,6.466,103.58,101.23,1.07,3.44,0.0,6.49,213.88
531.14,6.462,103.579,101.21,1.07,3.44,0.0,6.5,214.08
531.22,6.455,103.577,101.17,1.07,3.44,0.0,6.51,214.49
531.26,6.451,103.577,101.14,1.07,3.44,0.0,6.52,214.69
531.32,6.445,103.575,101.11,1.07,3.44,0.0,6.52,214.99
531.36,6.441,103.575,101.09,1.07,3.44,0.0,6.53,215.19
531.42,6.435,103.573,101.05,1.07,3.44,0.0,6.54,215.5
531.46,6.431,103.573,101.03,1.07,3.44,0.0,6.54,215.7
531.52,6.425,103.571,101.0,1.07,3.43,0.0,6.55,216.0
531.56,6.421,103.571,100.98,1.07,3.43,0.0,6.55,216.2
531.62,6.415,103.569,100.94,1.07,3.43,0.0,6.56,216.51
531.68,6.409,103.568,100.91,1.07,3.43,0.0,6.56,216.81
531.72,6.405,103.567,100.89,1.07,3.43,0.0,6.56,217.01
531.76,6.401,103.567,100.87,1.07,3.43,0.0,6.57,217.22
531.82,6.395,103.565,100.83,1.07,3.43,0.0,6.57,217.52
531.86,6.391,103.565,100.81,1.07,3.43,0.0,6.57,217.73
531.92,6.385,103.563,100.78,1.07,3.43,0.0,6.58,218.03
531.96,6.382,103.563,100.76,1.07,3.43,0.0,6.58,218.24
532.02,6.376,103.561,100.72,1.07,3.43,0.0,6.58,218.54
532.06,6.372,103.561,100.7,1.07,3.43,0.0,6.58,218.74
532.12,6.366,103.559,100.67,1.07,3.43,0.0,6.58,219.05
532.16,6.362,103.559,100.65,1.07,3.43,0.0,6.58,219.26
532.22,6.356,103.557,100.61,1.07,3.43,0.0,6.58,219.56
532.26,6.352,103.557,100.59,1.07,3.43,0.0,6.58,219.77
532.32,6.346,103.556,100.56,1.07,3.43,0.0,6.58,220.07
532.36,6.342,103.555,100.54,1.07,3.43,0.0,6.57,220.28
532.42,6.336,103.554,100.51,1.07,3.43,0.0,6.57,220.59
532.46,6.332,103.553,100.48,1.07,3.43,0.0,6.57,220.79
532.52,6.327,103.552,100.45,1.07,3.43,0.0,6.57,221.1
532.56,6.323,103.551,100.43,1.07,3.43,0.0,6.56,221.31
532.62,6.317,103.55,100.4,1.07,3.43,0.0,6.56,221.62
532.66,6.313,103.549,100.37,1.07,3.43,0.0,6.56,221.82
532.72,6.307,103.548,100.34,1.07,3.43,0.0,6.55,222.13
532.78,6.301,103.547,100.31,1.07,3.43,0.0,6.54,222.44
532.84,6.295,103.546,100.27,1.07,3.43,0.0,6.54,222.75
532.88,6.291,103.545,100.25,1.07,3.43,0.0,6.53,222.96
532.94,6.285,103.543,100.22,1.07,3.43,0.0,6.52,223.37
533.0,6.279,103.542,100.19,1.07,3.43,0.0,6.51,223.68
533.08,6.272,103.541,100.14,1.07,3.43,0.0,6.5,224.1
533.14,6.264,103.539,100.1,1.07,3.43,0.0,6.49,224.51
533.22,6.258,103.538,100.06,1.07,3.43,0.0,6.48,224.83
533.26,6.252,103.537,100.03,1.07,3.43,0.0,6.47,225.14
533.34,6.246,103.536,100.0,1.07,3.43,0.0,6.46,225.45
533.4,6.238,103.534,99.95,1.07,3.43,0.0,6.45,225.87
533.48,6.233,103.533,99.92,1.07,3.43,0.0,6.44,226.29
533.56,6.225,103.532,99.87,1.07,3.43,0.0,6.42,226.6
533.62,6.219,103.53,99.84,1.07,3.43,0.0,6.41,226.91
533.68,6.211,103.529,99.79,1.07,3.43,0.0,6.39,227.33
533.76,6.201,103.528,99.74,1.07,3.43,0.0,6.38,227.75
533.84,6.197,103.527,99.71,1.07,3.43,0.0,6.37,227.96
533.88,6.194,103.527,99.69,1.07,3.43,0.0,6.36,228.17
533.92,6.19,103.526,99.67,1.07,3.43,0.0,6.36,228.38
533.98,6.184,103.525,99.63,1.07,3.43,0.0,6.35,228.7
534.02,6.18,103.524,99.61,1.07,3.43,0.0,6.34,228.91
534.08,6.174,103.523,99.58,1.07,3.43,0.0,6.33,229.22
534.12,6.17,103.522,99.55,1.07,3.43,0.0,6.32,229.43
534.18,6.164,103.521,99.52,1.07,3.43,0.0,6.31,229.75
534.22,6.16,103.521,99.5,1.07,3.43,0.0,6.3,229.96
534.28,6.155,103.519,99.46,1.07,3.43,0.0,6.29,230.27
534.32,6.151,103.519,99.44,1.07,3.43,0.0,6.28,230.49
534.38,6.145,103.518,99.4,1.07,3.43,0.0,6.27,230.8
534.42,6.141,103.517,99.38,1.07,3.43,0.0,6.27,231.01
534.46,6.137,103.516,99.36,1.07,3.43,0.0,6.26,231.22
534.52,6.131,103.515,99.32,1.07,3.43,0.0,6.25,231.54
534.56,6.127,103.515,99.3,1.07,3.43,0.0,6.24,231.75
534.62,6.122,103.514,99.27,1.07,3.43,0.0,6.23,232.07
534.68,6.116,103.513,99.23,1.07,3.43,0.0,6.22,232.39
534.72,6.112,103.512,99.21,1.07,3.43,0.0,6.22,232.6
534.78,6.106,103.511,99.17,1.07,3.43,0.0,6.21,232.92
534.82,6.102,103.51,99.15,1.07,3.43,0.0,6.21,233.13
534.88,6.096,103.509,99.12,1.07,3.43,0.0,6.2,233.45
534.92,6.093,103.509,99.09,1.07,3.43,0.0,6.2,233.66
534.98,6.087,103.508,99.06,1.07,3.43,0.0,6.19,233.98
535.02,6.083,103.507,99.03,1.07,3.43,0.0,6.19,234.19
535.08,6.077,103.506,99.0,1.07,3.43,0.0,6.18,234.51
535.12,6.073,103.505,98.98,1.07,3.43,0.0,6.18,234.72
535.18,6.067,103.504,98.94,1.07,3.43,0.0,6.17,235.04
535.22,6.064,103.504,98.92,1.07,3.42,0.0,6.17,235.25
535.28,6.058,103.503,98.88,1.07,3.42,0.0,6.17,235.57
535.32,6.054,103.502,98.86,1.07,3.42,0.0,6.17,235.79
535.38,6.048,103.501,98.82,1.07,3.42,0.0,6.16,236.11
535.42,6.044,103.501,98.8,1.07,3.42,0.0,6.16,236.32
535.48,6.038,103.5,98.77,1.07,3.42,0.0,6.16,236.64
535.52,6.035,103.499,98.74,1.07,3.42,0.0,6.16,236.85
535.58,6.029,103.498,98.71,1.07,3.42,0.0,6.16,237.17
535.62,6.025,103.497,98.68,1.07,3.42,0.0,6.16,237.39
535.68,6.019,103.496,98.65,1.07,3.42,0.0,6.16,237.71
535.72,6.015,103.496,98.63,1.07,3.42,0.0,6.17,237.92
535.78,6.01,103.495,98.59,1.07,3.42,0.0,6.17,238.24
535.84,6.004,103.494,98.56,1.07,3.42,0.0,6.17,238.56
535.88,6.0,103.493,98.53,1.07,3.42,0.0,6.17,238.77
535.94,5.994,103.493,98.5,1.07,3.42,0.0,6.18,239.1
535.98,5.99,103.492,98.48,1.07,3.42,0.0,6.18,239.31
536.04,5.985,103.491,98.44,1.07,3.42,0.0,6.19,239.63
536.08,5.981,103.49,98.42,1.07,3.42,0.0,6.19,239.85
536.14,5.975,103.49,98.38,1.07,3.42,0.0,6.2,240.17
536.18,5.971,103.489,98.36,1.07,3.42,0.0,6.2,240.38
536.24,5.965,103.488,98.33,1.07,3.42,0.0,6.21,240.7
536.26,5.961,103.487,98.3,1.07,3.42,0.0,6.21,240.92
536.32,5.956,103.487,98.27,1.07,3.42,0.0,6.22,241.24
536.4,5.95,103.486,98.24,1.07,3.42,0.0,6.23,241.56
536.44,5.946,103.485,98.21,1.07,3.42,0.0,6.24,241.78
536.5,5.94,103.484,98.18,1.07,3.42,0.0,6.25,242.1
536.54,5.937,103.484,98.16,1.07,3.42,0.0,6.25,242.32
536.6,5.931,103.483,98.12,1.07,3.42,0.0,6.26,242.64
536.64,5.927,103.482,98.1,1.07,3.42,0.0,6.27,242.86
536.68,5.923,103.482,98.08,1.07,3.42,0.0,6.28,243.07
536.74,5.917,103.481,98.04,1.07,3.42,0.0,6.29,243.39
536.78,5.914,103.48,98.02,1.07,3.42,0.0,6.3,243.61
536.84,5.908,103.479,97.99,1.07,3.42,0.0,6.31,243.93
536.88,5.904,103.479,97.97,1.07,3.42,0.0,6.32,244.15
536.94,5.898,103.478,97.93,1.07,3.42,0.0,6.33,244.47
536.98,5.894,103.478,97.91,1.07,3.42,0.0,6.34,244.69
537.06,5.887,103.476,97.87,1.07,3.42,0.0,6.36,245.12
537.1,5.883,103.476,97.84,1.07,3.42,0.0,6.37,245.34
537.14,5.879,103.475,97.82,1.07,3.42,0.0,6.37,245.56
537.2,5.873,103.475,97.79,1.07,3.42,0.0,6.39,245.88
537.24,5.87,103.474,97.77,1.07,3.42,0.0,6.4,246.1
537.3,5.864,103.473,97.73,1.07,3.41,0.0,6.41,246.43
537.34,5.86,103.473,97.71,1.07,3.41,0.0,6.42,246.64
537.4,5.854,103.472,97.68,1.07,3.41,0.0,6.43,246.97
537.44,5.85,103.471,97.66,1.07,3.41,0.0,6.44,247.19
537.5,5.845,103.471,97.63,1.07,3.41,0.0,6.46,247.51
537.56,5.839,103.47,97.59,1.07,3.41,0.0,6.47,247.84
537.6,5.835,103.469,97.57,1.07,3.41,0.0,6.48,248.06
537.66,5.829,103.469,97.54,1.07,3.41,0.0,6.49,248.39
537.7,5.826,103.468,97.52,1.07,3.41,0.0,6.5,248.6
537.76,5.82,103.467,97.49,1.07,3.41,0.0,6.51,248.93
537.8,5.816,103.467,97.47,1.07,3.41,0.0,6.52,249.15
537.86,5.81,103.466,97.43,1.07,3.41,0.0,6.54,249.48
537.9,5.807,103.466,97.41,1.07,3.41,0.0,6.54,249.7
537.96,5.801,103.465,97.38,1.07,3.41,0.0,6.56,250.03
538.0,5.797,103.465,97.36,1.07,3.41,0.0,6.57,250.25
538.06,5.791,103.464,97.33,1.07,3.41,0.0,6.58,250.58
538.1,5.788,103.463,97.31,1.07,3.41,0.0,6.58,250.8
538.16,5.782,103.463,97.28,1.07,3.41,0.0,6.6,251.13
538.22,5.776,103.462,97.24,1.07,3.41,0.0,6.61,251.46
538.26,5.772,103.462,97.22,1.07,3.41,0.0,6.61,251.68
538.32,5.767,103.461,97.19,1.07,3.41,0.0,6.62,252.01
538.36,5.763,103.46,97.17,1.07,3.41,0.0,6.63,252.23
538.42,5.757,103.46,97.14,1.07,3.41,0.0,6.64,252.56
538.46,5.753,103.459,97.12,1.07,3.41,0.0,6.65,252.78
538.5,5.75,103.459,97.1,1.07,3.41,0.0,6.65,253.0
538.56,5.744,103.458,97.07,1.07,3.41,0.0,6.66,253.34
538.6,5.74,103.458,97.05,1.07,3.41,0.0,6.67,253.56
538.66,5.734,103.457,97.02,1.07,3.41,0.0,6.67,253.89
538.7,5.731,103.457,97.0,1.07,3.41,0.0,6.68,254.11
538.76,5.725,103.456,96.96,1.07,3.41,0.0,6.68,254.45
538.82,5.719,103.455,96.93,1.07,3.41,0.0,6.69,254.78
538.86,5.715,103.455,96.91,1.07,3.41,0.0,6.69,255.0
538.92,5.71,103.454,96.88,1.07,3.41,0.0,6.7,255.34
538.96,5.706,103.454,96.86,1.07,3.41,0.0,6.7,255.56
539.02,5.7,103.453,96.83,1.07,3.41,0.0,6.7,255.9
539.06,5.697,103.453,96.81,1.07,3.41,0.0,6.71,256.12
539.12,5.691,103.452,96.78,1.07,3.41,0.0,6.71,256.46
539.16,5.687,103.452,96.76,1.07,3.41,0.0,6.71,256.68
539.22,5.681,103.451,96.73,1.07,3.41,0.0,6.71,257.02
539.26,5.678,103.451,96.71,1.07,3.41,0.0,6.71,257.24
539.32,5.672,103.45,96.68,1.07,3.41,0.0,6.71,257.58
539.36,5.668,103.45,96.66,1.07,3.41,0.0,6.71,257.8
539.42,5.663,103.449,96.63,1.07,3.41,0.0,6.71,258.14
539.46,5.659,103.449,96.61,1.07,3.41,0.0,6.71,258.36
539.52,5.653,103.448,96.58,1.07,3.41,0.0,6.71,258.7
539.56,5.649,103.448,96.56,1.07,3.41,0.0,6.71,258.93
539.62,5.644,103.447,96.52,1.07,3.41,0.0,6.71,259.27
539.66,5.64,103.447,96.5,1.07,3.41,0.0,6.71,259.49
539.72,5.634,103.447,96.47,1.07,3.41,0.0,6.71,259.83
539.76,5.63,103.446,96.45,1.07,3.41,0.0,6.7,260.06
539.82,5.625,103.446,96.42,1.07,3.41,0.0,6.7,260.4
539.88,5.619,103.445,96.39,1.07,3.41,0.0,6.7,260.74
539.92,5.615,103.445,96.37,1.07,3.41,0.0,6.69,260.97
539.92,5.614,103.445,96.36,1.07,3.41,0.0,6.69,261.08
539.98,5.61,103.444,96.34,1.07,3.41,0.0,6.69,261.31
540.0,5.606,103.444,96.32,1.07,3.41,0.0,6.69,261.54
540.04,5.602,103.444,96.3,1.07,3.41,0.0,6.68,261.76
540.12,5.597,103.443,96.27,1.07,3.41,0.0,6.68,262.11
540.14,5.593,103.443,96.25,1.07,3.41,0.0,6.67,262.33
540.22,5.587,103.442,96.22,1.07,3.41,0.0,6.67,262.68
540.26,5.583,103.442,96.2,1.07,3.41,0.0,6.67,262.9
540.32,5.578,103.442,96.17,1.07,3.41,0.0,6.66,263.25
540.36,5.574,103.441,96.14,1.07,3.41,0.0,6.66,263.48
540.42,5.568,103.441,96.11,1.07,3.41,0.0,6.65,263.82
540.46,5.565,103.44,96.09,1.07,3.41,0.0,6.64,264.05
540.52,5.559,103.44,96.06,1.07,3.41,0.0,6.64,264.39
540.56,5.555,103.44,96.04,1.07,3.41,0.0,6.63,264.62
540.62,5.55,103.439,96.01,1.07,3.41,0.0,6.63,264.97
540.66,5.546,103.439,95.99,1.07,3.41,0.0,6.62,265.2
540.7,5.542,103.439,95.97,1.07,3.41,0.0,6.62,265.43
540.76,5.536,103.438,95.94,1.07,3.41,0.0,6.61,265.77
540.82,5.531,103.438,95.91,1.07,3.41,0.0,6.61,266.12
540.88,5.525,103.437,95.87,1.07,3.41,0.0,6.6,266.46
540.92,5.521,103.437,95.85,1.07,3.41,0.0,6.59,266.69
540.96,5.518,103.437,95.83,1.07,3.41,0.0,6.59,266.92
541.0,5.514,103.437,95.81,1.07,3.41,0.0,6.59,267.16
541.06,5.508,103.436,95.78,1.07,3.41,0.0,6.58,267.5
541.08,5.505,103.436,95.76,1.07,3.4,0.0,6.58,267.73
541.16,5.499,103.436,95.73,1.07,3.4,0.0,6.57,268.08
541.22,5.493,103.435,95.7,1.07,3.4,0.0,6.57,268.43
541.26,5.49,103.435,95.68,1.07,3.4,0.0,6.56,268.66
541.3,5.486,103.435,95.66,1.07,3.4,0.0,6.56,268.89
541.36,5.48,103.434,95.62,1.07,3.4,0.0,6.56,269.24
541.4,5.477,103.434,95.6,1.07,3.4,0.0,6.55,269.47
541.46,5.471,103.434,95.57,1.07,3.4,0.0,6.55,269.82
541.5,5.467,103.434,95.55,1.07,3.4,0.0,6.55,270.05
541.56,5.462,103.433,95.52,1.07,3.4,0.0,6.55,270.4
541.6,5.458,103.433,95.5,1.07,3.4,0.0,6.54,270.63
541.66,5.452,103.433,95.47,1.07,3.4,0.0,6.54,270.98
541.7,5.449,103.433,95.45,1.07,3.4,0.0,6.54,271.21
541.76,5.443,103.432,95.41,1.07,3.4,0.0,6.54,271.56
541.82,5.437,103.432,95.38,1.07,3.4,0.0,6.54,271.91
541.86,5.434,103.432,95.36,1.07,3.4,0.0,6.54,272.14
541.9,5.43,103.431,95.34,1.07,3.4,0.0,6.54,272.38
541.96,5.424,103.431,95.31,1.07,3.4,0.0,6.54,272.73
542.0,5.421,103.431,95.29,1.07,3.4,0.0,6.54,272.96
542.06,5.415,103.431,95.26,1.07,3.4,0.0,6.55,273.31
542.1,5.411,103.431,95.24,1.07,3.4,0.0,6.55,273.54
542.14,5.406,103.43,95.21,1.07,3.4,0.0,6.55,273.9
542.2,5.402,103.43,95.18,1.07,3.4,0.0,6.55,274.13
542.26,5.396,103.43,95.15,1.07,3.4,0.0,6.56,274.48
542.3,5.393,103.43,95.13,1.07,3.4,0.0,6.56,274.71
542.36,5.387,103.429,95.1,1.07,3.4,0.0,6.57,275.06
542.4,5.383,103.429,95.08,1.07,3.4,0.0,6.57,275.3
542.46,5.378,103.429,95.05,1.07,3.4,0.0,6.58,275.65
542.52,5.372,103.429,95.02,1.07,3.4,0.0,6.59,276.0
542.56,5.369,103.429,95.0,1.07,3.4,0.0,6.59,276.24
542.62,5.363,103.429,94.97,1.07,3.4,0.0,6.6,276.59
542.66,5.359,103.428,94.95,1.07,3.4,0.0,6.61,276.82
542.7,5.356,103.428,94.93,1.07,3.4,0.0,6.61,277.06
542.76,5.35,103.428,94.9,1.07,3.4,0.0,6.62,277.41
542.82,5.344,103.428,94.87,1.07,3.4,0.0,6.64,277.76
542.86,5.341,103.428,94.84,1.07,3.4,0.0,6.64,278.0
542.92,5.335,103.428,94.81,1.07,3.4,0.0,6.66,278.35
542.96,5.332,103.427,94.79,1.07,3.4,0.0,6.66,278.59
543.02,5.326,103.427,94.76,1.07,3.4,0.0,6.68,278.94
543.06,5.322,103.427,94.74,1.07,3.4,0.0,6.69,279.17
543.12,5.317,103.427,94.71,1.07,3.4,0.0,6.7,279.53
543.18,5.311,103.427,94.68,1.07,3.4,0.0,6.71,279.88
543.22,5.307,103.427,94.66,1.07,3.4,0.0,6.72,280.12
543.26,5.304,103.427,94.64,1.07,3.4,0.0,6.73,280.35
543.3,5.3,103.427,94.62,1.07,3.4,0.0,6.74,280.59
543.36,5.294,103.427,94.59,1.07,3.4,0.0,6.76,280.94
543.42,5.289,103.426,94.56,1.07,3.4,0.0,6.78,281.3
543.48,5.283,103.426,94.54,1.07,3.4,0.0,6.79,281.65
543.52,5.28,103.426,94.52,1.07,3.4,0.0,6.81,281.89
543.56,5.276,103.426,94.5,1.07,3.4,0.0,6.82,282.13
543.62,5.27,103.426,94.47,1.07,3.4,0.0,6.83,282.48
543.68,5.265,103.426,94.44,1.07,3.4,0.0,6.85,282.84
543.72,5.261,103.426,94.42,1.07,3.4,0.0,6.86,283.07
543.78,5.256,103.426,94.39,1.07,3.4,0.0,6.88,283.43
543.84,5.25,103.426,94.36,1.07,3.4,0.0,6.9,283.79
543.88,5.246,103.426,94.34,1.07,3.4,0.0,6.91,284.02
543.92,5.243,103.426,94.32,1.07,3.4,0.0,6.93,284.26
543.98,5.237,103.426,94.29,1.07,3.4,0.0,6.94,284.62
544.02,5.234,103.426,94.28,1.07,3.4,0.0,6.96,284.86
544.06,5.228,103.426,94.25,1.06,3.4,0.0,6.98,285.21
544.12,5.224,103.426,94.23,1.06,3.4,0.0,6.99,285.45
544.18,5.219,103.426,94.2,1.06,3.39,0.0,7.01,285.81
544.22,5.215,103.426,94.18,1.06,3.39,0.0,7.02,286.05
544.26,5.211,103.426,94.16,1.06,3.39,0.0,7.03,286.29
544.34,5.204,103.426,94.13,1.06,3.39,0.0,7.06,286.76
544.38,5.2,103.426,94.11,1.06,3.39,0.0,7.07,287.0
544.42,5.197,103.426,94.09,1.06,3.39,0.0,7.08,287.24
544.48,5.191,103.426,94.06,1.06,3.39,0.0,7.1,287.6
544.52,5.188,103.426,94.04,1.06,3.39,0.0,7.11,287.84
544.58,5.182,103.426,94.02,1.06,3.39,0.0,7.13,288.2
544.62,5.178,103.426,94.0,1.06,3.39,0.0,7.14,288.44
544.68,5.173,103.426,93.97,1.06,3.39,0.0,7.16,288.8
544.72,5.169,103.426,93.95,1.06,3.39,0.0,7.17,289.04
544.78,5.164,103.426,93.92,1.06,3.39,0.0,7.18,289.4
544.82,5.16,103.426,93.91,1.06,3.39,0.0,7.19,289.64
544.88,5.155,103.426,93.88,1.06,3.39,0.0,7.21,290.01
544.92,5.151,103.426,93.86,1.06,3.39,0.0,7.22,290.25
544.98,5.145,103.426,93.84,1.06,3.39,0.0,7.23,290.61
545.02,5.142,103.426,93.82,1.06,3.39,0.0,7.24,290.85
545.08,5.136,103.426,93.79,1.06,3.39,0.0,7.26,291.21
545.12,5.133,103.426,93.77,1.06,3.39,0.0,7.26,291.45
545.18,5.127,103.426,93.75,1.06,3.39,0.0,7.28,291.82
545.24,5.122,103.426,93.72,1.06,3.39,0.0,7.29,292.18
545.28,5.118,103.427,93.7,1.06,3.39,0.0,7.3,292.42
545.34,5.112,103.427,93.68,1.06,3.39,0.0,7.31,292.79
545.38,5.109,103.427,93.66,1.06,3.39,0.0,7.31,293.03
545.44,5.103,103.427,93.63,1.06,3.39,0.0,7.32,293.4
545.48,5.1,103.427,93.61,1.06,3.39,0.0,7.33,293.64
545.54,5.094,103.427,93.59,1.06,3.39,0.0,7.34,294.01
545.58,5.09,103.427,93.57,1.06,3.39,0.0,7.34,294.25
545.64,5.085,103.427,93.54,1.06,3.39,0.0,7.35,294.62
545.68,5.081,103.427,93.53,1.06,3.39,0.0,7.35,294.86
545.74,5.076,103.428,93.5,1.06,3.39,0.0,7.36,295.23
545.78,5.072,103.428,93.48,1.06,3.39,0.0,7.36,295.47
545.84,5.067,103.428,93.46,1.06,3.4,0.0,7.36,295.84
545.88,5.063,103.428,93.44,1.06,3.4,0.0,7.37,296.08
545.94,5.058,103.428,93.41,1.06,3.4,0.0,7.37,296.45
546.0,5.052,103.428,93.39,1.06,3.4,0.0,7.37,296.82
546.04,5.048,103.429,93.37,1.06,3.4,0.0,7.37,297.07
546.1,5.043,103.429,93.34,1.06,3.4,0.0,7.37,297.44
546.14,5.039,103.429,93.33,1.06,3.4,0.0,7.37,297.68
546.2,5.034,103.429,93.3,1.06,3.4,0.0,7.37,298.05
546.24,5.03,103.429,93.28,1.06,3.4,0.0,7.37,298.3
546.3,5.025,103.43,93.26,1.06,3.4,0.0,7.37,298.67
546.34,5.021,103.43,93.24,1.06,3.4,0.0,7.37,298.92
546.4,5.016,103.43,93.21,1.06,3.4,0.0,7.36,299.29
546.44,5.012,103.43,93.19,1.06,3.4,0.0,7.36,299.54
546.5,5.006,103.43,93.17,1.06,3.4,0.0,7.36,299.91
546.54,5.003,103.431,93.15,1.06,3.4,0.0,7.35,300.15
546.6,4.997,103.431,93.12,1.06,3.4,0.0,7.35,300.53
546.64,4.994,103.431,93.1,1.06,3.4,0.0,7.35,300.78
546.7,4.988,103.431,93.08,1.06,3.4,0.0,7.34,301.15
546.74,4.985,103.431,93.06,1.06,3.4,0.0,7.33,301.4
546.8,4.979,103.432,93.03,1.06,3.4,0.0,7.33,301.77
546.84,4.976,103.432,93.02,1.06,3.4,0.0,7.32,302.02
546.9,4.97,103.432,92.99,1.06,3.4,0.0,7.31,302.39
546.94,4.966,103.433,92.97,1.06,3.4,0.0,7.31,302.64
546.98,4.963,103.433,92.95,1.06,3.4,0.0,7.3,302.89
547.06,4.956,103.433,92.92,1.06,3.4,0.0,7.29,303.39
547.1,4.952,103.433,92.9,1.06,3.4,0.0,7.28,303.64
547.16,4.946,103.434,92.87,1.06,3.4,0.0,7.27,304.02
547.2,4.943,103.434,92.85,1.06,3.4,0.0,7.26,304.27
547.26,4.937,103.434,92.82,1.06,3.4,0.0,7.25,304.64
547.3,4.934,103.435,92.81,1.06,3.39,0.0,7.25,304.89
547.36,4.928,103.435,92.78,1.06,3.39,0.0,7.24,305.27
547.4,4.925,103.435,92.76,1.06,3.39,0.0,7.23,305.52
547.44,4.921,103.435,92.74,1.06,3.39,0.0,7.22,305.77
547.5,4.916,103.436,92.71,1.06,3.39,0.0,7.21,306.15
547.54,4.912,103.436,92.7,1.06,3.39,0.0,7.2,306.4
547.6,4.907,103.436,92.67,1.06,3.39,0.0,7.19,306.78
547.64,4.903,103.437,92.65,1.06,3.39,0.0,7.18,307.03
547.7,4.898,103.437,92.62,1.06,3.39,0.0,7.17,307.41
547.76,4.892,103.437,92.59,1.06,3.39,0.0,7.16,307.79
547.8,4.889,103.438,92.57,1.07,3.39,0.0,7.15,308.04
547.86,4.883,103.438,92.55,1.07,3.39,0.0,7.14,308.42
547.9,4.879,103.438,92.53,1.07,3.39,0.0,7.13,308.67
547.94,4.876,103.439,92.51,1.07,3.39,0.0,7.13,308.92
548.0,4.87,103.439,92.48,1.07,3.39,0.0,7.12,309.3
548.04,4.867,103.439,92.46,1.07,3.39,0.0,7.11,309.55
548.1,4.861,103.44,92.43,1.07,3.39,0.0,7.1,309.93
548.16,4.856,103.44,92.4,1.07,3.39,0.0,7.09,310.31
548.2,4.852,103.441,92.38,1.07,3.39,0.0,7.08,310.56
548.24,4.849,103.441,92.36,1.07,3.39,0.0,7.08,310.82
548.32,4.842,103.442,92.33,1.07,3.39,0.0,7.06,311.32
548.36,4.838,103.442,92.31,1.07,3.39,0.0,7.06,311.58
548.4,4.834,103.442,92.29,1.07,3.39,0.0,7.05,311.83
548.44,4.829,103.443,92.26,1.07,3.39,0.0,7.05,312.21
548.52,4.823,103.443,92.23,1.07,3.39,0.0,7.04,312.59
548.56,4.82,103.444,92.21,1.07,3.39,0.0,7.03,312.84
548.6,4.816,103.444,92.19,1.07,3.39,0.0,7.03,313.1
548.66,4.811,103.444,92.16,1.07,3.39,0.0,7.02,313.48
548.72,4.805,103.445,92.13,1.07,3.39,0.0,7.02,313.86
548.74,4.802,103.445,92.11,1.07,3.39,0.0,7.02,314.11
548.8,4.798,103.446,92.09,1.07,3.39,0.0,7.01,314.37
548.86,4.793,103.446,92.06,1.07,3.39,0.0,7.01,314.75
548.9,4.789,103.446,92.04,1.07,3.39,0.0,7.01,315.0
548.96,4.784,103.447,92.01,1.07,3.39,0.0,7.01,315.38
549.02,4.778,103.448,91.99,1.07,3.39,0.0,7.0,315.76
549.06,4.775,103.448,91.97,1.07,3.39,0.0,7.0,316.02
549.12,4.769,103.448,91.94,1.07,3.39,0.0,7.0,316.4
549.16,4.766,103.449,91.92,1.07,3.39,0.0,7.0,316.65
549.22,4.761,103.449,91.89,1.07,3.39,0.0,7.01,317.03
549.26,4.757,103.45,91.87,1.07,3.39,0.0,7.01,317.29
549.3,4.753,103.45,91.85,1.07,3.39,0.0,7.01,317.54
549.36,4.748,103.451,91.82,1.07,3.39,0.0,7.01,317.93
549.42,4.743,103.451,91.79,1.07,3.39,0.0,7.02,318.31
549.48,4.737,103.452,91.76,1.07,3.39,0.0,7.02,318.69
549.52,4.734,103.452,91.74,1.07,3.39,0.0,7.02,318.94
549.56,4.73,103.453,91.72,1.07,3.39,0.0,7.03,319.2
549.6,4.726,103.453,91.7,1.07,3.39,0.0,7.03,319.45
549.66,4.721,103.454,91.67,1.07,3.39,0.0,7.04,319.84
549.72,4.716,103.454,91.65,1.07,3.39,0.0,7.05,320.22
549.72,4.712,103.455,91.62,1.07,3.39,0.0,7.05,320.6
549.82,4.707,103.455,91.6,1.07,3.39,0.0,7.06,320.86
549.88,4.701,103.456,91.57,1.07,3.39,0.0,7.07,321.24
549.92,4.698,103.456,91.55,1.07,3.39,0.0,7.08,321.5
549.96,4.694,103.457,91.53,1.07,3.39,0.0,7.08,321.75
550.02,4.689,103.458,91.5,1.07,3.39,0.0,7.1,322.13
550.06,4.685,103.458,91.48,1.07,3.39,0.0,7.1,322.39
550.12,4.68,103.459,91.45,1.07,3.39,0.0,7.12,322.77
550.16,4.676,103.459,91.44,1.07,3.39,0.0,7.12,323.03
550.22,4.671,103.46,91.41,1.06,3.39,0.0,7.14,323.41
550.26,4.667,103.46,91.39,1.06,3.38,0.0,7.15,323.67
550.32,4.662,103.461,91.36,1.06,3.38,0.0,7.16,324.05
550.38,4.657,103.462,91.33,1.06,3.38,0.0,7.18,324.44
550.42,4.653,103.462,91.31,1.06,3.38,0.0,7.19,324.69
550.48,4.648,103.463,91.29,1.06,3.38,0.0,7.2,325.08
550.52,4.644,103.463,91.27,1.06,3.38,0.0,7.21,325.33
550.56,4.641,103.464,91.25,1.06,3.38,0.0,7.22,325.59
550.62,4.635,103.464,91.22,1.06,3.38,0.0,7.24,325.97
550.66,4.632,103.465,91.2,1.06,3.38,0.0,7.25,326.23
550.72,4.626,103.465,91.17,1.06,3.38,0.0,7.27,326.62
550.78,4.621,103.466,91.15,1.06,3.38,0.0,7.28,327.0
550.82,4.617,103.467,91.13,1.06,3.38,0.0,7.29,327.26
550.86,4.614,103.467,91.11,1.06,3.38,0.0,7.31,327.52
550.9,4.608,103.468,91.08,1.06,3.38,0.0,7.32,327.9
550.96,4.605,103.468,91.07,1.06,3.38,0.0,7.34,328.16
551.02,4.6,103.469,91.04,1.06,3.38,0.0,7.35,328.55
551.08,4.594,103.47,91.01,1.06,3.38,0.0,7.37,328.93
551.12,4.591,103.47,90.99,1.06,3.38,0.0,7.38,329.19
551.18,4.585,103.471,90.97,1.06,3.38,0.0,7.4,329.58
551.22,4.582,103.472,90.95,1.06,3.38,0.0,7.41,329.83
551.28,4.576,103.472,90.92,1.06,3.38,0.0,7.43,330.22
551.32,4.573,103.473,90.9,1.06,3.38,0.0,7.44,330.48
551.38,4.568,103.474,90.88,1.06,3.38,0.0,7.46,330.87
551.42,4.564,103.474,90.86,1.06,3.38,0.0,7.47,331.13
551.48,4.559,103.475,90.83,1.06,3.38,0.0,7.48,331.52
551.52,4.555,103.475,90.82,1.06,3.38,0.0,7.49,331.77
551.58,4.55,103.476,90.79,1.06,3.38,0.0,7.51,332.16
551.62,4.546,103.477,90.77,1.06,3.38,0.0,7.52,332.42
551.66,4.543,103.477,90.76,1.06,3.38,0.0,7.53,332.68
551.74,4.536,103.478,90.72,1.06,3.38,0.0,7.55,333.2
551.78,4.532,103.479,90.7,1.06,3.38,0.0,7.56,333.46
551.84,4.527,103.48,90.68,1.06,3.38,0.0,7.57,333.85
551.88,4.523,103.48,90.66,1.06,3.38,0.0,7.58,334.11
551.94,4.518,103.481,90.64,1.06,3.38,0.0,7.59,334.5
551.98,4.514,103.482,90.62,1.06,3.38,0.0,7.6,334.76
552.04,4.509,103.482,90.59,1.06,3.38,0.0,7.61,335.15
552.08,4.505,103.483,90.58,1.06,3.38,0.0,7.62,335.41
552.14,4.5,103.484,90.55,1.06,3.38,0.0,7.63,335.81
552.18,4.497,103.484,90.53,1.06,3.38,0.0,7.64,336.07
552.24,4.491,103.485,90.51,1.06,3.38,0.0,7.65,336.46
552.28,4.488,103.486,90.49,1.06,3.38,0.0,7.65,336.72
552.32,4.484,103.486,90.47,1.06,3.38,0.0,7.66,336.98
552.38,4.479,103.487,90.45,1.06,3.38,0.0,7.67,337.38
552.42,4.475,103.488,90.43,1.06,3.38,0.0,7.67,337.64
552.48,4.47,103.489,90.41,1.06,3.38,0.0,7.68,338.03
552.52,4.467,103.489,90.39,1.06,3.38,0.0,7.68,338.29
552.6,4.459,103.49,90.36,1.06,3.38,0.0,7.69,338.82
552.64,4.456,103.491,90.34,1.06,3.38,0.0,7.69,339.08
552.68,4.452,103.492,90.32,1.06,3.38,0.0,7.69,339.34
552.74,4.447,103.492,90.3,1.06,3.38,0.0,7.7,339.74
552.78,4.444,103.493,90.28,1.06,3.38,0.0,7.7,340.0
552.84,4.438,103.494,90.26,1.06,3.38,0.0,7.7,340.4
552.88,4.435,103.494,90.24,1.06,3.38,0.0,7.7,340.66
552.94,4.429,103.495,90.21,1.06,3.38,0.0,7.7,341.06
552.98,4.426,103.496,90.2,1.06,3.38,0.0,7.7,341.32
553.04,4.421,103.497,90.17,1.06,3.38,0.0,7.69,341.72
553.08,4.417,103.497,90.15,1.06,3.38,0.0,7.69,341.98
553.14,4.412,103.498,90.13,1.06,3.38,0.0,7.69,342.38
553.18,4.408,103.499,90.11,1.06,3.38,0.0,7.69,342.65
553.22,4.405,103.5,90.09,1.06,3.38,0.0,7.68,342.91
553.3,4.398,103.501,90.06,1.06,3.38,0.0,7.68,343.44
553.34,4.394,103.501,90.04,1.06,3.38,0.0,7.67,343.71
553.4,4.389,103.502,90.02,1.06,3.38,0.0,7.67,344.1
553.44,4.385,103.503,90.0,1.06,3.38,0.0,7.66,344.37
553.5,4.38,103.504,89.97,1.06,3.38,0.0,7.65,344.77
553.54,4.377,103.505,89.96,1.06,3.38,0.0,7.65,345.04
553.6,4.371,103.506,89.93,1.06,3.38,0.0,7.64,345.43
553.64,4.368,103.506,89.91,1.06,3.38,0.0,7.63,345.7
553.68,4.364,103.507,89.9,1.06,3.38,0.0,7.63,345.97
553.74,4.359,103.508,89.87,1.06,3.38,0.0,7.62,346.37
553.78,4.356,103.508,89.85,1.06,3.38,0.0,7.61,346.63
553.84,4.35,103.509,89.83,1.06,3.38,0.0,7.6,347.03
553.9,4.345,103.51,89.8,1.06,3.38,0.0,7.59,347.43
553.94,4.341,103.511,89.78,1.06,3.38,0.0,7.58,347.7
554.0,4.336,103.512,89.76,1.06,3.38,0.0,7.56,348.1
554.04,4.333,103.513,89.74,1.06,3.38,0.0,7.56,348.37
554.1,4.327,103.513,89.71,1.06,3.38,0.0,7.54,348.77
554.14,4.324,103.514,89.69,1.06,3.38,0.0,7.53,349.04
554.2,4.319,103.515,89.67,1.06,3.38,0.0,7.52,349.44
554.24,4.315,103.516,89.65,1.06,3.38,0.0,7.51,349.71
554.3,4.31,103.517,89.62,1.06,3.38,0.0,7.5,350.11
554.34,4.306,103.517,89.6,1.06,3.38,0.0,7.49,350.38
554.4,4.301,103.518,89.58,1.06,3.38,0.0,7.47,350.78
554.44,4.298,103.519,89.56,1.06,3.38,0.0,7.46,351.05
554.5,4.292,103.52,89.53,1.06,3.38,0.0,7.45,351.45
554.54,4.289,103.521,89.51,1.06,3.38,0.0,7.44,351.72
554.6,4.284,103.522,89.49,1.06,3.38,0.0,7.42,352.12
554.64,4.28,103.522,89.47,1.06,3.38,0.0,7.41,352.39
554.7,4.275,103.523,89.44,1.06,3.38,0.0,7.4,352.79
554.74,4.271,103.524,89.42,1.06,3.38,0.0,7.39,353.06
554.8,4.266,103.525,89.39,1.06,3.38,0.0,7.38,353.46
554.84,4.263,103.526,89.37,1.06,3.38,0.0,7.37,353.73
554.9,4.257,103.527,89.35,1.06,3.38,0.0,7.35,354.14
554.94,4.254,103.527,89.33,1.06,3.38,0.0,7.34,354.4
555.0,4.249,103.528,89.3,1.06,3.38,0.0,7.33,354.81
555.04,4.245,103.529,89.28,1.06,3.38,0.0,7.32,355.08
555.1,4.24,103.53,89.25,1.06,3.38,0.0,7.31,355.48
555.16,4.235,103.531,89.22,1.06,3.38,0.0,7.3,355.88
555.2,4.231,103.532,89.21,1.06,3.37,0.0,7.29,356.15
555.26,4.226,103.533,89.18,1.07,3.37,0.0,7.28,356.56
555.3,4.222,103.534,89.16,1.07,3.37,0.0,7.27,356.82
555.36,4.217,103.535,89.13,1.07,3.37,0.0,7.26,357.23
555.4,4.214,103.535,89.11,1.07,3.37,0.0,7.25,357.5
555.46,4.209,103.536,89.08,1.07,3.37,0.0,7.24,357.9
555.5,4.205,103.537,89.06,1.07,3.37,0.0,7.24,358.17
555.56,4.2,103.538,89.03,1.07,3.37,0.0,7.23,358.57
555.6,4.196,103.539,89.01,1.07,3.37,0.0,7.22,358.84
555.64,4.193,103.539,89.0,1.07,3.37,0.0,7.22,359.11
555.7,4.188,103.54,88.97,1.07,3.37,0.0,7.21,359.52
555.74,4.184,103.541,88.95,1.07,3.37,0.0,7.21,359.78
555.82,4.177,103.543,88.91,1.07,3.37,0.0,7.2,0.32
555.86,4.174,103.543,88.89,1.07,3.37,0.0,7.2,0.59
555.9,4.17,103.544,88.87,1.07,3.37,0.0,7.2,0.86
555.96,4.165,103.545,88.84,1.07,3.37,0.0,7.19,1.27
556.0,4.162,103.546,88.82,1.07,3.37,0.0,7.19,1.53
556.06,4.156,103.547,88.79,1.07,3.37,0.0,7.19,1.94
556.1,4.153,103.547,88.77,1.07,3.37,0.0,7.19,2.21
556.16,4.148,103.548,88.75,1.07,3.37,0.0,7.19,2.61
556.2,4.144,103.549,88.73,1.07,3.37,0.0,7.19,2.88
556.26,4.139,103.55,88.7,1.07,3.37,0.0,7.19,3.29
556.3,4.136,103.551,88.68,1.07,3.37,0.0,7.19,3.55
556.36,4.13,103.552,88.65,1.07,3.37,0.0,7.19,3.96
556.4,4.127,103.553,88.63,1.07,3.37,0.0,7.2,4.23
556.46,4.122,103.554,88.6,1.07,3.37,0.0,7.2,4.63
556.5,4.118,103.554,88.58,1.06,3.37,0.0,7.2,4.9
556.58,4.111,103.556,88.55,1.06,3.37,0.0,7.21,5.44
556.62,4.108,103.557,88.53,1.06,3.37,0.0,7.22,5.71
556.66,4.104,103.557,88.51,1.06,3.37,0.0,7.22,5.98
556.72,4.099,103.558,88.48,1.06,3.37,0.0,7.23,6.38
556.76,4.096,103.559,88.46,1.06,3.37,0.0,7.23,6.65
556.82,4.09,103.56,88.43,1.06,3.37,0.0,7.24,7.06
556.86,4.087,103.561,88.41,1.06,3.37,0.0,7.25,7.33
556.9,4.084,103.562,88.39,1.06,3.36,0.0,7.26,7.6
556.96,4.078,103.563,88.37,1.06,3.36,0.0,7.27,8.0
557.0,4.075,103.563,88.35,1.06,3.36,0.0,7.27,8.27
557.08,4.068,103.565,88.31,1.06,3.36,0.0,7.29,8.81
557.12,4.065,103.565,88.29,1.06,3.36,0.0,7.3,9.08
557.16,4.061,103.566,88.27,1.06,3.36,0.0,7.31,9.35
557.22,4.056,103.567,88.24,1.06,3.36,0.0,7.32,9.76
557.26,4.052,103.568,88.23,1.06,3.36,0.0,7.33,10.03
557.32,4.047,103.569,88.2,1.06,3.36,0.0,7.34,10.43
557.36,4.044,103.57,88.18,1.06,3.36,0.0,7.35,10.7
557.42,4.039,103.571,88.15,1.06,3.36,0.0,7.37,11.11
557.46,4.035,103.572,88.13,1.06,3.36,0.0,7.38,11.38
557.52,4.03,103.573,88.11,1.06,3.36,0.0,7.4,11.78
557.56,4.027,103.573,88.09,1.06,3.36,0.0,7.41,12.05
557.62,4.021,103.574,88.06,1.06,3.36,0.0,7.42,12.46
557.66,4.018,103.575,88.04,1.06,3.36,0.0,7.43,12.73
557.72,4.013,103.576,88.02,1.06,3.36,0.0,7.45,13.14
557.76,4.009,103.577,88.0,1.06,3.36,0.0,7.46,13.41
557.8,4.004,103.578,87.97,1.06,3.36,0.0,7.48,13.81
557.88,3.999,103.579,87.95,1.06,3.36,0.0,7.49,14.22
557.92,3.996,103.58,87.93,1.06,3.36,0.0,7.51,14.49
557.98,3.99,103.581,87.9,1.06,3.36,0.0,7.52,14.9
558.02,3.987,103.582,87.88,1.06,3.36,0.0,7.53,15.17
558.08,3.982,103.583,87.86,1.06,3.36,0.0,7.55,15.58
558.12,3.978,103.583,87.84,1.06,3.36,0.0,7.56,15.85
558.18,3.973,103.584,87.82,1.06,3.36,0.0,7.58,16.26
558.22,3.97,103.585,87.8,1.06,3.36,0.0,7.59,16.53
558.28,3.965,103.586,87.77,1.06,3.36,0.0,7.61,16.93
558.32,3.961,103.587,87.75,1.06,3.36,0.0,7.62,17.21
558.38,3.956,103.588,87.73,1.06,3.36,0.0,7.63,17.62
558.42,3.953,103.589,87.71,1.06,3.36,0.0,7.64,17.89
558.48,3.947,103.59,87.69,1.06,3.36,0.0,7.66,18.3
558.52,3.944,103.591,87.67,1.06,3.36,0.0,7.67,18.57
558.58,3.939,103.592,87.64,1.06,3.36,0.0,7.68,18.98
558.62,3.935,103.592,87.63,1.06,3.36,0.0,7.69,19.25
558.66,3.932,103.593,87.61,1.06,3.36,0.0,7.7,19.53
558.74,3.925,103.594,87.58,1.06,3.36,0.0,7.72,20.07
558.78,3.922,103.595,87.56,1.06,3.36,0.0,7.73,20.35
558.84,3.917,103.596,87.53,1.06,3.36,0.0,7.74,20.76
558.88,3.913,103.597,87.52,1.06,3.36,0.0,7.74,21.03
558.94,3.908,103.598,87.49,1.06,3.36,0.0,7.76,21.44
558.98,3.905,103.599,87.48,1.06,3.36,0.0,7.76,21.71
559.02,3.901,103.599,87.46,1.06,3.36,0.0,7.77,21.99
559.08,3.896,103.601,87.43,1.06,3.36,0.0,7.78,22.4
559.12,3.893,103.601,87.42,1.06,3.36,0.0,7.78,22.68
559.18,3.887,103.602,87.39,1.06,3.36,0.0,7.79,23.09
559.22,3.884,103.603,87.38,1.06,3.36,0.0,7.79,23.36
559.28,3.879,103.604,87.35,1.06,3.36,0.0,7.8,23.78
559.32,3.875,103.605,87.34,1.06,3.36,0.0,7.8,24.05
559.38,3.87,103.606,87.31,1.06,3.36,0.0,7.81,24.46
559.42,3.867,103.607,87.29,1.06,3.36,0.0,7.81,24.74
559.48,3.862,103.608,87.27,1.06,3.36,0.0,7.81,25.15
559.54,3.857,103.609,87.24,1.06,3.36,0.0,7.82,25.57
559.58,3.853,103.609,87.23,1.06,3.36,0.0,7.82,25.84
559.62,3.85,103.61,87.21,1.06,3.36,0.0,7.82,26.12
559.7,3.843,103.612,87.18,1.06,3.36,0.0,7.82,26.67
559.74,3.84,103.612,87.16,1.06,3.36,0.0,7.82,26.95
559.8,3.834,103.613,87.14,1.06,3.35,0.0,7.81,27.36
559.84,3.831,103.614,87.12,1.06,3.35,0.0,7.81,27.64
559.88,3.828,103.615,87.1,1.06,3.35,0.0,7.81,27.92
559.94,3.823,103.616,87.08,1.06,3.35,0.0,7.8,28.33
559.98,3.819,103.616,87.06,1.06,3.35,0.0,7.8,28.61
560.04,3.814,103.617,87.04,1.06,3.35,0.0,7.8,29.03
560.08,3.811,103.618,87.02,1.06,3.35,0.0,7.79,29.31
560.12,3.805,103.619,87.0,1.06,3.35,0.0,7.78,29.72
560.18,3.802,103.62,86.98,1.06,3.35,0.0,7.78,30.0
560.22,3.799,103.621,86.96,1.06,3.35,0.0,7.77,30.28
560.28,3.794,103.622,86.94,1.06,3.35,0.0,7.76,30.7
560.32,3.79,103.622,86.92,1.06,3.35,0.0,7.76,30.97
560.38,3.785,103.623,86.89,1.06,3.35,0.0,7.75,31.39
560.42,3.782,103.624,86.88,1.06,3.35,0.0,7.74,31.67
560.48,3.777,103.625,86.85,1.06,3.35,0.0,7.73,32.09
560.52,3.773,103.626,86.83,1.06,3.35,0.0,7.72,32.37
560.6,3.766,103.627,86.8,1.06,3.35,0.0,7.7,32.93
560.64,3.763,103.628,86.78,1.06,3.35,0.0,7.69,33.2
560.68,3.76,103.629,86.77,1.06,3.35,0.0,7.68,33.48
560.74,3.754,103.63,86.74,1.06,3.35,0.0,7.67,33.9
560.78,3.751,103.63,86.72,1.06,3.35,0.0,7.66,34.18
560.84,3.746,103.631,86.7,1.06,3.35,0.0,7.65,34.6
560.88,3.743,103.632,86.68,1.06,3.35,0.0,7.64,34.88
560.94,3.737,103.633,86.65,1.06,3.35,0.0,7.62,35.3
560.98,3.734,103.634,86.64,1.06,3.35,0.0,7.61,35.58
561.02,3.731,103.634,86.62,1.06,3.35,0.0,7.6,35.86
561.08,3.726,103.635,86.59,1.06,3.35,0.0,7.58,36.28
561.14,3.72,103.636,86.57,1.06,3.35,0.0,7.56,36.7
561.18,3.717,103.637,86.55,1.06,3.35,0.0,7.55,36.98
561.24,3.712,103.638,86.52,1.06,3.35,0.0,7.54,37.4
561.28,3.709,103.639,86.5,1.06,3.35,0.0,7.53,37.68
561.34,3.704,103.64,86.48,1.06,3.35,0.0,7.51,38.1
561.38,3.7,103.64,86.46,1.06,3.35,0.0,7.5,38.38
561.44,3.695,103.641,86.43,1.06,3.35,0.0,7.48,38.8
561.48,3.692,103.642,86.41,1.06,3.35,0.0,7.47,39.08
561.52,3.687,103.643,86.39,1.06,3.35,0.0,7.45,39.5
561.6,3.682,103.644,86.36,1.06,3.35,0.0,7.44,39.92
561.66,3.676,103.645,86.33,1.06,3.35,0.0,7.42,40.34
561.7,3.673,103.646,86.31,1.06,3.35,0.0,7.41,40.62
561.74,3.67,103.646,86.3,1.06,3.35,0.0,7.4,40.9
561.8,3.665,103.647,86.27,1.06,3.35,0.0,7.38,41.32
561.84,3.661,103.648,86.25,1.06,3.35,0.0,7.37,41.6
561.9,3.656,103.649,86.22,1.06,3.35,0.0,7.36,42.02
561.94,3.653,103.649,86.2,1.06,3.35,0.0,7.35,42.3
562.0,3.648,103.65,86.18,1.06,3.35,0.0,7.34,42.72
562.04,3.644,103.651,86.16,1.06,3.35,0.0,7.33,43.0
562.1,3.639,103.652,86.13,1.06,3.35,0.0,7.32,43.42
562.14,3.636,103.653,86.11,1.06,3.35,0.0,7.31,43.71
562.2,3.631,103.654,86.08,1.06,3.34,0.0,7.3,44.13
562.24,3.627,103.654,86.07,1.06,3.34,0.0,7.29,44.41
562.3,3.622,103.655,86.04,1.06,3.34,0.0,7.28,44.83
562.34,3.619,103.656,86.02,1.06,3.34,0.0,7.27,45.11
562.4,3.614,103.657,85.99,1.06,3.34,0.0,7.26,45.53
562.44,3.611,103.657,85.97,1.06,3.34,0.0,7.26,45.81
562.5,3.606,103.658,85.94,1.06,3.34,0.0,7.25,46.23
562.54,3.602,103.659,85.93,1.06,3.34,0.0,7.25,46.51
562.6,3.597,103.66,85.9,1.06,3.34,0.0,7.24,46.93
562.64,3.594,103.661,85.88,1.06,3.34,0.0,7.24,47.21
562.7,3.589,103.661,85.85,1.06,3.34,0.0,7.24,47.63
562.74,3.585,103.662,85.83,1.06,3.34,0.0,7.23,47.91
562.8,3.58,103.663,85.81,1.06,3.34,0.0,7.23,48.33
562.86,3.575,103.664,85.78,1.06,3.34,0.0,7.23,48.75
562.9,3.572,103.664,85.76,1.06,3.34,0.0,7.23,49.03
562.94,3.569,103.665,85.74,1.06,3.34,0.0,7.23,49.31
563.0,3.564,103.666,85.71,1.06,3.34,0.0,7.23,49.73
563.04,3.56,103.667,85.69,1.06,3.34,0.0,7.24,50.01
563.1,3.555,103.667,85.67,1.06,3.34,0.0,7.24,50.43
563.14,3.552,103.668,85.65,1.06,3.34,0.0,7.24,50.71
563.2,3.547,103.669,85.62,1.06,3.34,0.0,7.25,51.13
563.26,3.542,103.67,85.59,1.06,3.34,0.0,7.25,51.55
563.3,3.538,103.67,85.58,1.06,3.34,0.0,7.26,51.83
563.36,3.533,103.671,85.55,1.06,3.34,0.0,7.27,52.26
563.4,3.53,103.672,85.53,1.06,3.34,0.0,7.27,52.54
563.46,3.525,103.673,85.5,1.06,3.34,0.0,7.28,52.96
563.5,3.522,103.673,85.48,1.06,3.34,0.0,7.29,53.24
563.56,3.517,103.674,85.46,1.06,3.34,0.0,7.3,53.66
563.6,3.513,103.675,85.44,1.06,3.34,0.0,7.31,53.94
563.66,3.508,103.676,85.41,1.06,3.33,0.0,7.33,54.36
563.7,3.505,103.676,85.4,1.06,3.33,0.0,7.34,54.64
563.76,3.5,103.677,85.37,1.06,3.33,0.0,7.35,55.06
563.8,3.496,103.678,85.35,1.06,3.33,0.0,7.36,55.34
563.86,3.491,103.678,85.32,1.06,3.33,0.0,7.38,55.76
563.9,3.488,103.679,85.31,1.06,3.33,0.0,7.39,56.04
563.96,3.483,103.68,85.28,1.06,3.33,0.0,7.41,56.46
564.02,3.478,103.681,85.26,1.06,3.33,0.0,7.43,56.88
564.06,3.475,103.681,85.24,1.06,3.33,0.0,7.44,57.16
564.12,3.47,103.682,85.21,1.06,3.33,0.0,7.46,57.59
564.16,3.466,103.683,85.2,1.06,3.33,0.0,7.48,57.87
564.22,3.461,103.683,85.17,1.06,3.33,0.0,7.5,58.29
564.26,3.458,103.684,85.15,1.06,3.33,0.0,7.51,58.57
564.3,3.455,103.684,85.14,1.06,3.33,0.0,7.53,58.85
564.36,3.45,103.685,85.11,1.06,3.33,0.0,7.55,59.27
564.4,3.446,103.686,85.09,1.06,3.33,0.0,7.57,59.55
564.46,3.441,103.687,85.07,1.06,3.33,0.0,7.59,59.98
564.5,3.438,103.687,85.05,1.06,3.33,0.0,7.61,60.26
564.56,3.433,103.688,85.03,1.06,3.33,0.0,7.63,60.68
564.62,3.428,103.689,85.0,1.06,3.33,0.0,7.65,61.1
564.66,3.425,103.689,84.99,1.06,3.33,0.0,7.67,61.38
564.72,3.42,103.69,84.96,1.06,3.33,0.0,7.7,61.81
564.76,3.416,103.69,84.95,1.06,3.33,0.0,7.71,62.09
564.8,3.413,103.691,84.93,1.06,3.33,0.0,7.73,62.37
564.86,3.408,103.692,84.91,1.06,3.33,0.0,7.76,62.79
564.92,3.403,103.692,84.88,1.06,3.33,0.0,7.78,63.22
564.96,3.4,103.693,84.87,1.06,3.33,0.0,7.8,63.5
565.02,3.395,103.694,84.85,1.06,3.33,0.0,7.82,63.93
565.06,3.391,103.694,84.83,1.06,3.33,0.0,7.84,64.21
565.12,3.386,103.695,84.81,1.06,3.33,0.0,7.86,64.63
565.16,3.383,103.695,84.79,1.06,3.33,0.0,7.88,64.92
565.22,3.378,103.696,84.77,1.06,3.33,0.0,7.91,65.34
565.26,3.375,103.696,84.75,1.06,3.33,0.0,7.92,65.63
565.32,3.37,103.697,84.73,1.06,3.33,0.0,7.95,66.05
565.36,3.366,103.698,84.72,1.06,3.33,0.0,7.96,66.34
565.4,3.363,103.698,84.7,1.06,3.33,0.0,7.98,66.62
565.48,3.356,103.699,84.67,1.06,3.33,0.0,8.01,67.19
565.52,3.353,103.7,84.66,1.06,3.33,0.0,8.02,67.47
565.58,3.348,103.7,84.64,1.06,3.33,0.0,8.04,67.9
565.62,3.345,103.701,84.62,1.06,3.33,0.0,8.06,68.19
565.68,3.34,103.701,84.6,1.06,3.33,0.0,8.08,68.61
565.72,3.337,103.702,84.58,1.06,3.33,0.0,8.09,68.9
565.78,3.332,103.702,84.56,1.06,3.33,0.0,8.11,69.33
565.82,3.328,103.703,84.55,1.06,3.33,0.0,8.12,69.61
565.88,3.323,103.704,84.53,1.06,3.33,0.0,8.14,70.04
565.92,3.32,103.704,84.51,1.06,3.33,0.0,8.15,70.33
565.96,3.317,103.704,84.5,1.06,3.33,0.0,8.16,70.62
566.02,3.312,103.705,84.48,1.06,3.33,0.0,8.18,71.05
566.06,3.308,103.705,84.46,1.06,3.33,0.0,8.19,71.33
566.12,3.303,103.706,84.44,1.06,3.33,0.0,8.2,71.76
566.16,3.3,103.707,84.43,1.06,3.33,0.0,8.21,72.05
566.22,3.295,103.707,84.41,1.06,3.33,0.0,8.22,72.48
566.26,3.292,103.708,84.39,1.06,3.33,0.0,8.23,72.77
566.32,3.287,103.708,84.37,1.06,3.33,0.0,8.24,73.2
566.38,3.282,103.709,84.35,1.06,3.33,0.0,8.25,73.63
566.42,3.279,103.709,84.34,1.06,3.33,0.0,8.26,73.92
566.48,3.274,103.71,84.32,1.06,3.33,0.0,8.26,74.35
566.52,3.27,103.71,84.3,1.06,3.33,0.0,8.27,74.64
566.58,3.265,103.711,84.28,1.06,3.33,0.0,8.27,75.08
566.62,3.262,103.711,84.27,1.06,3.33,0.0,8.28,75.37
566.68,3.257,103.712,84.25,1.06,3.33,0.0,8.28,75.8
566.72,3.254,103.712,84.24,1.06,3.33,0.0,8.28,76.09
566.78,3.249,103.713,84.21,1.06,3.33,0.0,8.29,76.53
566.82,3.246,103.713,84.2,1.06,3.33,0.0,8.29,76.82
566.88,3.241,103.714,84.18,1.06,3.33,0.0,8.29,77.25
566.94,3.236,103.714,84.16,1.06,3.33,0.0,8.29,77.69
566.98,3.232,103.714,84.15,1.06,3.33,0.0,8.28,77.98
567.04,3.227,103.715,84.12,1.06,3.33,0.0,8.28,78.41
567.08,3.224,103.715,84.11,1.06,3.33,0.0,8.28,78.7
567.12,3.221,103.716,84.1,1.06,3.33,0.0,8.28,79.0
567.18,3.216,103.716,84.08,1.06,3.33,0.0,8.27,79.43
567.22,3.213,103.717,84.06,1.06,3.33,0.0,8.27,79.72
567.28,3.208,103.717,84.04,1.06,3.33,0.0,8.26,80.16
567.32,3.204,103.717,84.03,1.06,3.33,0.0,8.26,80.45
567.38,3.199,103.718,84.01,1.06,3.33,0.0,8.25,80.89
567.44,3.194,103.718,83.99,1.06,3.33,0.0,8.24,81.33
567.48,3.191,103.719,83.97,1.06,3.33,0.0,8.23,81.62
567.54,3.186,103.719,83.95,1.06,3.33,0.0,8.22,82.06
567.58,3.183,103.719,83.94,1.06,3.33,0.0,8.21,82.36
567.64,3.178,103.72,83.91,1.06,3.33,0.0,8.2,82.8
567.68,3.175,103.72,83.9,1.06,3.33,0.0,8.19,83.09
567.74,3.17,103.721,83.88,1.06,3.33,0.0,8.18,83.53
567.78,3.166,103.721,83.86,1.06,3.33,0.0,8.17,83.82
567.84,3.161,103.721,83.84,1.06,3.33,0.0,8.16,84.26
567.88,3.158,103.722,83.83,1.06,3.33,0.0,8.15,84.56
567.94,3.153,103.722,83.81,1.06,3.33,0.0,8.13,85.0
567.98,3.15,103.722,83.79,1.06,3.33,0.0,8.12,85.29
568.02,3.147,103.723,83.78,1.06,3.33,0.0,8.11,85.59
568.1,3.14,103.723,83.75,1.06,3.33,0.0,8.09,86.17
568.14,3.137,103.724,83.73,1.06,3.33,0.0,8.08,86.47
568.18,3.134,103.724,83.72,1.06,3.33,0.0,8.07,86.76
568.24,3.129,103.724,83.69,1.06,3.33,0.0,8.06,87.2
568.28,3.125,103.725,83.68,1.06,3.33,0.0,8.05,87.5
568.34,3.12,103.725,83.66,1.06,3.33,0.0,8.03,87.94
568.38,3.117,103.725,83.64,1.06,3.33,0.0,8.02,88.24
568.44,3.112,103.726,83.62,1.06,3.33,0.0,8.0,88.68
568.48,3.109,103.726,83.6,1.06,3.33,0.0,7.99,88.97
568.54,3.104,103.726,83.58,1.06,3.33,0.0,7.98,89.42
568.58,3.101,103.726,83.57,1.06,3.33,0.0,7.97,89.71
568.64,3.096,103.727,83.54,1.06,3.33,0.0,7.95,90.15
568.7,3.091,103.727,83.52,1.06,3.33,0.0,7.94,90.6
568.74,3.088,103.727,83.5,1.06,3.33,0.0,7.93,90.89
568.8,3.083,103.728,83.48,1.06,3.33,0.0,7.91,91.34
568.84,3.079,103.728,83.47,1.06,3.33,0.0,7.9,91.63
568.88,3.076,103.728,83.45,1.06,3.33,0.0,7.89,91.93
568.94,3.071,103.728,83.43,1.06,3.33,0.0,7.88,92.37
568.98,3.068,103.729,83.41,1.06,3.33,0.0,7.87,92.67
569.04,3.063,103.729,83.39,1.06,3.33,0.0,7.86,93.11
569.08,3.06,103.729,83.37,1.06,3.33,0.0,7.85,93.41
569.14,3.055,103.729,83.35,1.06,3.33,0.0,7.84,93.85
569.18,3.052,103.73,83.33,1.06,3.33,0.0,7.84,94.15
569.24,3.047,103.73,83.31,1.06,3.33,0.0,7.83,94.59
569.28,3.043,103.73,83.29,1.06,3.33,0.0,7.82,94.89
569.34,3.039,103.73,83.27,1.06,3.33,0.0,7.81,95.33
569.38,3.035,103.73,83.25,1.06,3.33,0.0,7.81,95.63
569.46,3.029,103.731,83.22,1.06,3.33,0.0,7.8,96.22
569.5,3.026,103.731,83.21,1.06,3.33,0.0,7.79,96.51
569.56,3.021,103.731,83.18,1.06,3.33,0.0,7.79,96.96
569.6,3.017,103.731,83.17,1.06,3.33,0.0,7.79,97.25
569.64,3.014,103.731,83.15,1.06,3.33,0.0,7.79,97.55
569.7,3.009,103.732,83.13,1.06,3.33,0.0,7.78,98.0
569.74,3.006,103.732,83.11,1.06,3.33,0.0,7.78,98.29
569.8,3.001,103.732,83.09,1.06,3.33,0.0,7.78,98.74
569.84,2.998,103.732,83.07,1.06,3.33,0.0,7.78,99.03
569.9,2.993,103.732,83.05,1.06,3.33,0.0,7.78,99.48
569.94,2.99,103.733,83.03,1.06,3.32,0.0,7.79,99.77
570.0,2.985,103.733,83.01,1.06,3.32,0.0,7.79,100.22
570.06,2.98,103.733,82.98,1.06,3.32,0.0,7.79,100.66
570.1,2.977,103.733,82.97,1.06,3.32,0.0,7.8,100.96
570.16,2.972,103.733,82.94,1.06,3.32,0.0,7.81,101.41
570.2,2.968,103.733,82.93,1.06,3.32,0.0,7.81,101.7
570.26,2.964,103.733,82.9,1.06,3.32,0.0,7.82,102.15
570.3,2.96,103.734,82.89,1.06,3.32,0.0,7.82,102.45
570.36,2.955,103.734,82.86,1.06,3.32,0.0,7.84,102.89
570.4,2.952,103.734,82.85,1.06,3.32,0.0,7.84,103.19
570.46,2.947,103.734,82.83,1.06,3.32,0.0,7.86,103.63
570.5,2.944,103.734,82.81,1.06,3.32,0.0,7.86,103.93
570.56,2.939,103.734,82.79,1.06,3.32,0.0,7.88,104.38
570.6,2.936,103.734,82.77,1.06,3.32,0.0,7.89,104.67
570.66,2.931,103.734,82.75,1.06,3.32,0.0,7.9,105.12
570.7,2.928,103.734,82.73,1.06,3.32,0.0,7.91,105.42
570.76,2.923,103.734,82.71,1.06,3.32,0.0,7.93,105.86
570.8,2.92,103.734,82.7,1.06,3.32,0.0,7.94,106.16
570.86,2.915,103.735,82.67,1.06,3.32,0.0,7.96,106.61
570.92,2.91,103.735,82.65,1.06,3.32,0.0,7.98,107.06
570.98,2.905,103.735,82.63,1.06,3.32,0.0,8.0,107.5
571.02,2.902,103.735,82.61,1.06,3.32,0.0,8.02,107.8
571.06,2.899,103.735,82.6,1.06,3.32,0.0,8.03,108.1
571.1,2.895,103.735,82.58,1.06,3.32,0.0,8.05,108.4
571.16,2.891,103.735,82.56,1.06,3.32,0.0,8.07,108.84
571.22,2.886,103.735,82.54,1.06,3.32,0.0,8.09,109.29
571.28,2.881,103.735,82.52,1.06,3.32,0.0,8.11,109.74
571.32,2.878,103.735,82.5,1.06,3.32,0.0,8.13,110.04
571.38,2.873,103.735,82.48,1.06,3.32,0.0,8.16,110.49
571.42,2.869,103.735,82.47,1.06,3.32,0.0,8.17,110.79
571.48,2.865,103.735,82.45,1.06,3.32,0.0,8.2,111.24
571.52,2.861,103.735,82.43,1.06,3.32,0.0,8.21,111.54
571.58,2.857,103.735,82.41,1.06,3.32,0.0,8.24,111.99
571.62,2.853,103.735,82.4,1.06,3.32,0.0,8.26,112.29
571.68,2.848,103.735,82.38,1.06,3.32,0.0,8.28,112.74
571.72,2.845,103.735,82.37,1.06,3.32,0.0,8.3,113.04
571.78,2.84,103.735,82.34,1.06,3.32,0.0,8.32,113.49
571.8,2.837,103.735,82.33,1.06,3.32,0.0,8.34,113.79
571.88,2.832,103.735,82.31,1.06,3.32,0.0,8.37,114.24
571.92,2.829,103.735,82.3,1.06,3.32,0.0,8.38,114.54
571.98,2.824,103.735,82.28,1.06,3.32,0.0,8.41,114.99
572.02,2.821,103.735,82.26,1.06,3.32,0.0,8.43,115.29
572.08,2.816,103.735,82.25,1.06,3.32,0.0,8.45,115.74
572.14,2.811,103.734,82.23,1.05,3.32,0.0,8.47,116.2
572.2,2.806,103.734,82.21,1.05,3.32,0.0,8.5,116.65
572.26,2.802,103.734,82.19,1.05,3.32,0.0,8.52,117.1
572.32,2.797,103.734,82.17,1.05,3.32,0.0,8.54,117.56
572.36,2.794,103.734,82.15,1.05,3.32,0.0,8.56,117.86
572.42,2.789,103.734,82.14,1.05,3.32,0.0,8.58,118.32
572.46,2.786,103.734,82.12,1.05,3.32,0.0,8.59,118.62
572.5,2.782,103.734,82.11,1.05,3.32,0.0,8.61,118.92
572.56,2.777,103.734,82.09,1.05,3.32,0.0,8.63,119.38
572.6,2.774,103.734,82.08,1.05,3.32,0.0,8.64,119.68
572.66,2.769,103.733,82.06,1.05,3.32,0.0,8.66,120.14
572.7,2.766,103.733,82.05,1.05,3.32,0.0,8.67,120.44
572.76,2.761,103.733,82.03,1.05,3.32,0.0,8.69,120.9
572.82,2.757,103.733,82.01,1.05,3.32,0.0,8.7,121.36
572.86,2.753,103.733,82.0,1.05,3.32,0.0,8.71,121.67
572.9,2.75,103.733,81.99,1.05,3.32,0.0,8.72,121.97
572.96,2.745,103.733,81.97,1.05,3.32,0.0,8.74,122.43
573.0,2.742,103.733,81.96,1.05,3.32,0.0,8.74,122.74
573.06,2.737,103.732,81.94,1.05,3.32,0.0,8.76,123.2
573.1,2.734,103.732,81.93,1.05,3.32,0.0,8.76,123.5
573.16,2.729,103.732,81.91,1.05,3.32,0.0,8.77,123.96
573.2,2.726,103.732,81.9,1.05,3.32,0.0,8.78,124.27
573.26,2.721,103.732,81.88,1.05,3.32,0.0,8.78,124.73
573.32,2.716,103.731,81.86,1.05,3.32,0.0,8.79,125.2
573.36,2.713,103.731,81.85,1.05,3.32,0.0,8.79,125.5
573.42,2.708,103.731,81.83,1.05,3.32,0.0,8.8,125.97
573.46,2.705,103.731,81.82,1.05,3.32,0.0,8.8,126.28
573.52,2.7,103.731,81.8,1.05,3.32,0.0,8.8,126.74
573.56,2.697,103.73,81.79,1.05,3.32,0.0,8.8,127.05
573.62,2.692,103.73,81.77,1.05,3.32,0.0,8.8,127.51
573.66,2.689,103.73,81.76,1.05,3.33,0.0,8.8,127.82
573.72,2.684,103.73,81.74,1.05,3.33,0.0,8.8,128.29
573.76,2.681,103.729,81.73,1.05,3.33,0.0,8.8,128.6
573.82,2.676,103.729,81.71,1.05,3.33,0.0,8.79,129.06
573.86,2.673,103.729,81.7,1.05,3.33,0.0,8.79,129.38
573.9,2.668,103.729,81.68,1.05,3.33,0.0,8.78,129.84
573.98,2.663,103.728,81.66,1.05,3.33,0.0,8.77,130.31
574.02,2.66,103.728,81.65,1.05,3.33,0.0,8.77,130.62
574.08,2.655,103.728,81.63,1.05,3.33,0.0,8.76,131.09
574.12,2.652,103.728,81.61,1.05,3.33,0.0,8.75,131.4
574.16,2.649,103.727,81.6,1.06,3.33,0.0,8.74,131.72
574.22,2.644,103.727,81.58,1.06,3.33,0.0,8.73,132.19
574.28,2.639,103.727,81.56,1.06,3.33,0.0,8.72,132.65
574.32,2.636,103.726,81.55,1.06,3.33,0.0,8.71,132.97
574.38,2.631,103.726,81.53,1.06,3.33,0.0,8.69,133.44
574.42,2.628,103.726,81.52,1.06,3.33,0.0,8.68,133.75
574.48,2.623,103.725,81.5,1.06,3.33,0.0,8.67,134.22
574.52,2.62,103.725,81.48,1.06,3.33,0.0,8.65,134.54
574.58,2.615,103.725,81.46,1.06,3.33,0.0,8.64,135.01
574.62,2.612,103.725,81.45,1.06,3.33,0.0,8.62,135.33
574.68,2.607,103.724,81.43,1.06,3.33,0.0,8.61,135.8
574.72,2.604,103.724,81.42,1.06,3.33,0.0,8.59,136.11
574.78,2.599,103.724,81.4,1.06,3.33,0.0,8.57,136.59
574.82,2.596,103.723,81.38,1.06,3.33,0.0,8.56,136.9
574.88,2.591,103.723,81.36,1.06,3.33,0.0,8.54,137.38
574.92,2.588,103.723,81.35,1.06,3.33,0.0,8.53,137.69
574.96,2.583,103.722,81.33,1.06,3.33,0.0,8.5,138.17
575.04,2.579,103.722,81.31,1.06,3.33,0.0,8.48,138.64
575.08,2.575,103.721,81.29,1.06,3.33,0.0,8.47,138.96
575.12,2.572,103.721,81.28,1.06,3.33,0.0,8.45,139.27
575.18,2.567,103.721,81.26,1.06,3.33,0.0,8.43,139.75
575.22,2.564,103.72,81.24,1.06,3.33,0.0,8.42,140.07
575.28,2.559,103.72,81.22,1.06,3.33,0.0,8.4,140.54
575.32,2.556,103.72,81.21,1.06,3.33,0.0,8.38,140.86
575.36,2.552,103.719,81.18,1.06,3.33,0.0,8.36,141.34
575.44,2.547,103.719,81.16,1.06,3.33,0.0,8.34,141.81
575.48,2.544,103.718,81.15,1.06,3.33,0.0,8.32,142.13
575.54,2.539,103.718,81.13,1.06,3.33,0.0,8.3,142.61
575.58,2.536,103.717,81.11,1.06,3.33,0.0,8.29,142.93
575.64,2.531,103.717,81.09,1.06,3.33,0.0,8.27,143.41
575.68,2.528,103.717,81.07,1.06,3.33,0.0,8.26,143.72
575.72,2.524,103.716,81.06,1.06,3.33,0.0,8.24,144.04
575.8,2.518,103.716,81.03,1.06,3.33,0.0,8.22,144.68
575.84,2.515,103.715,81.01,1.06,3.33,0.0,8.21,145.0
575.9,2.51,103.715,80.99,1.06,3.33,0.0,8.19,145.48
575.94,2.507,103.714,80.97,1.06,3.32,0.0,8.18,145.8
575.98,2.504,103.714,80.96,1.06,3.32,0.0,8.17,146.12
576.04,2.499,103.713,80.93,1.06,3.32,0.0,8.15,146.6
576.08,2.496,103.713,80.92,1.06,3.32,0.0,8.14,146.91
576.14,2.491,103.713,80.9,1.06,3.32,0.0,8.13,147.39
576.18,2.488,103.712,80.88,1.06,3.32,0.0,8.12,147.71
576.24,2.483,103.712,80.86,1.06,3.32,0.0,8.11,148.19
576.28,2.48,103.711,80.84,1.06,3.32,0.0,8.1,148.51
576.34,2.475,103.711,80.82,1.06,3.32,0.0,8.09,148.99
576.38,2.472,103.71,80.8,1.06,3.32,0.0,8.08,149.31
576.44,2.467,103.71,80.78,1.06,3.32,0.0,8.07,149.79
576.48,2.464,103.709,80.76,1.06,3.32,0.0,8.07,150.11
576.54,2.459,103.709,80.74,1.06,3.32,0.0,8.06,150.6
576.58,2.456,103.708,80.72,1.06,3.32,0.0,8.06,150.92
576.64,2.451,103.708,80.7,1.06,3.32,0.0,8.05,151.4
576.7,2.447,103.707,80.67,1.06,3.32,0.0,8.05,151.88
576.74,2.444,103.707,80.66,1.06,3.32,0.0,8.05,152.2
576.8,2.439,103.706,80.63,1.06,3.32,0.0,8.05,152.68
576.84,2.436,103.706,80.62,1.06,3.32,0.0,8.05,153.0
576.9,2.431,103.705,80.59,1.06,3.32,0.0,8.05,153.48
576.94,2.428,103.705,80.58,1.06,3.32,0.0,8.05,153.8
577.0,2.423,103.704,80.56,1.06,3.32,0.0,8.05,154.29
577.04,2.42,103.704,80.54,1.06,3.32,0.0,8.06,154.61
577.08,2.417,103.703,80.52,1.06,3.32,0.0,8.06,154.93
577.14,2.412,103.703,80.5,1.06,3.32,0.0,8.07,155.41
577.18,2.409,103.702,80.48,1.06,3.32,0.0,8.07,155.73
577.24,2.404,103.701,80.46,1.06,3.32,0.0,8.08,156.22
577.28,2.401,103.701,80.44,1.06,3.32,0.0,8.09,156.54
577.34,2.396,103.7,80.42,1.06,3.32,0.0,8.1,157.02
577.38,2.393,103.7,80.41,1.06,3.32,0.0,8.11,157.34
577.44,2.388,103.699,80.38,1.06,3.32,0.0,8.12,157.83
577.48,2.385,103.699,80.37,1.06,3.32,0.0,8.13,158.15
577.56,2.379,103.698,80.34,1.06,3.32,0.0,8.15,158.8
577.6,2.376,103.697,80.32,1.06,3.32,0.0,8.16,159.12
577.66,2.371,103.697,80.3,1.06,3.32,0.0,8.18,159.6
577.7,2.368,103.696,80.28,1.06,3.32,0.0,8.19,159.93
577.74,2.365,103.696,80.27,1.06,3.32,0.0,8.2,160.25
577.8,2.36,103.695,80.25,1.06,3.32,0.0,8.22,160.73
577.84,2.357,103.695,80.23,1.06,3.32,0.0,8.24,161.06
577.9,2.352,103.694,80.21,1.06,3.32,0.0,8.26,161.54
577.94,2.349,103.694,80.19,1.06,3.32,0.0,8.27,161.87
578.0,2.344,103.693,80.17,1.06,3.32,0.0,8.3,162.35
578.04,2.341,103.692,80.16,1.06,3.31,0.0,8.31,162.68
578.1,2.336,103.692,80.13,1.06,3.31,0.0,8.34,163.16
578.16,2.332,103.691,80.11,1.06,3.31,0.0,8.36,163.65
578.2,2.328,103.69,80.1,1.06,3.31,0.0,8.38,163.97
578.26,2.324,103.69,80.08,1.06,3.31,0.0,8.41,164.46
578.3,2.321,103.689,80.06,1.06,3.31,0.0,8.42,164.79
578.34,2.317,103.689,80.05,1.06,3.31,0.0,8.44,165.11
578.4,2.313,103.688,80.03,1.06,3.31,0.0,8.47,165.6
578.44,2.31,103.687,80.01,1.06,3.31,0.0,8.49,165.92
578.5,2.305,103.687,79.99,1.06,3.31,0.0,8.51,166.41
578.56,2.3,103.686,79.97,1.06,3.31,0.0,8.54,166.9
578.6,2.297,103.685,79.96,1.06,3.31,0.0,8.56,167.23
578.66,2.292,103.685,79.94,1.06,3.31,0.0,8.59,167.72
578.7,2.289,103.684,79.92,1.06,3.31,0.0,8.61,168.05
578.76,2.284,103.683,79.9,1.06,3.31,0.0,8.63,168.54
578.8,2.281,103.683,79.89,1.06,3.31,0.0,8.65,168.86
578.86,2.277,103.682,79.87,1.06,3.31,0.0,8.68,169.35
578.9,2.273,103.682,79.86,1.06,3.31,0.0,8.7,169.68
578.94,2.27,103.681,79.84,1.06,3.31,0.0,8.72,170.01
579.02,2.264,103.68,79.82,1.06,3.31,0.0,8.75,170.67
579.06,2.261,103.68,79.8,1.06,3.31,0.0,8.77,171.0
579.12,2.256,103.679,79.79,1.06,3.31,0.0,8.8,171.49
579.16,2.253,103.678,79.77,1.06,3.31,0.0,8.81,171.82
579.2,2.25,103.678,79.76,1.06,3.31,0.0,8.83,172.15
579.26,2.245,103.677,79.74,1.06,3.31,0.0,8.86,172.64
579.3,2.242,103.676,79.73,1.06,3.31,0.0,8.87,172.97
579.36,2.237,103.676,79.71,1.06,3.31,0.0,8.89,173.47
579.4,2.234,103.675,79.7,1.06,3.31,0.0,8.91,173.8
579.46,2.23,103.674,79.68,1.05,3.31,0.0,8.93,174.3
579.5,2.226,103.674,79.67,1.05,3.31,0.0,8.95,174.63
579.56,2.222,103.673,79.65,1.05,3.31,0.0,8.97,175.12
579.6,2.219,103.672,79.64,1.05,3.31,0.0,8.98,175.46
579.66,2.214,103.672,79.62,1.05,3.31,0.0,9.0,175.95
579.72,2.209,103.671,79.6,1.05,3.31,0.0,9.02,176.45
579.76,2.206,103.67,79.59,1.05,3.31,0.0,9.03,176.79
579.82,2.201,103.669,79.57,1.05,3.31,0.0,9.04,177.29
579.86,2.198,103.669,79.56,1.05,3.31,0.0,9.05,177.62
579.92,2.194,103.668,79.54,1.05,3.31,0.0,9.07,178.12
579.96,2.191,103.667,79.53,1.05,3.31,0.0,9.08,178.46
580.0,2.187,103.667,79.51,1.05,3.31,0.0,9.08,178.79
580.04,2.184,103.666,79.5,1.05,3.31,0.0,9.09,179.13
580.12,2.178,103.665,79.48,1.05,3.31,0.0,9.1,179.8
580.16,2.175,103.665,79.47,1.05,3.31,0.0,9.11,180.13
580.22,2.17,103.664,79.45,1.05,3.31,0.0,9.12,180.64
580.26,2.167,103.663,79.44,1.05,3.31,0.0,9.12,180.97
580.32,2.162,103.662,79.42,1.05,3.31,0.0,9.12,181.48
580.38,2.158,103.661,79.4,1.05,3.32,0.0,9.13,181.99
580.42,2.155,103.661,79.39,1.05,3.32,0.0,9.13,182.32
580.48,2.15,103.66,79.37,1.05,3.32,0.0,9.13,182.83
580.52,2.147,103.659,79.36,1.05,3.32,0.0,9.13,183.17
580.56,2.144,103.659,79.35,1.05,3.32,0.0,9.13,183.51
580.62,2.139,103.658,79.33,1.05,3.32,0.0,9.13,184.02
580.66,2.136,103.657,79.32,1.05,3.32,0.0,9.13,184.36
580.72,2.131,103.657,79.3,1.05,3.32,0.0,9.12,184.87
580.76,2.128,103.656,79.29,1.05,3.32,0.0,9.12,185.21
580.82,2.124,103.655,79.27,1.06,3.32,0.0,9.11,185.72
580.88,2.119,103.654,79.25,1.06,3.32,0.0,9.1,186.23
580.92,2.116,103.654,79.24,1.06,3.32,0.0,9.1,186.57
580.98,2.111,103.653,79.22,1.06,3.32,0.0,9.09,187.08
581.04,2.106,103.652,79.2,1.06,3.32,0.0,9.08,187.59
581.08,2.103,103.651,79.19,1.06,3.32,0.0,9.07,187.94
581.14,2.099,103.65,79.17,1.06,3.32,0.0,9.05,188.45
581.16,2.096,103.65,79.16,1.06,3.32,0.0,9.04,188.79
581.22,2.092,103.649,79.14,1.06,3.32,0.0,9.04,189.14
581.28,2.088,103.648,79.12,1.06,3.32,0.0,9.02,189.65
581.32,2.085,103.648,79.11,1.06,3.32,0.0,9.01,190.0
581.38,2.08,103.647,79.09,1.06,3.32,0.0,8.99,190.51
581.42,2.077,103.646,79.08,1.06,3.32,0.0,8.98,190.86
581.48,2.072,103.645,79.06,1.06,3.32,0.0,8.96,191.37
581.52,2.069,103.645,79.04,1.06,3.32,0.0,8.95,191.72
581.58,2.064,103.644,79.02,1.06,3.32,0.0,8.93,192.24
581.62,2.061,103.643,79.01,1.06,3.32,0.0,8.92,192.58
581.68,2.057,103.642,78.99,1.06,3.32,0.0,8.9,193.1
581.72,2.054,103.642,78.98,1.06,3.32,0.0,8.88,193.45
581.78,2.049,103.641,78.96,1.06,3.32,0.0,8.86,193.97
581.84,2.044,103.64,78.94,1.06,3.32,0.0,8.84,194.49
581.88,2.041,103.639,78.92,1.06,3.32,0.0,8.82,194.84
581.94,2.037,103.639,78.9,1.06,3.32,0.0,8.8,195.36
581.98,2.033,103.638,78.89,1.06,3.32,0.0,8.79,195.7
582.04,2.029,103.637,78.86,1.06,3.32,0.0,8.76,196.23
582.08,2.026,103.636,78.85,1.06,3.32,0.0,8.75,196.57
582.14,2.021,103.636,78.83,1.06,3.32,0.0,8.73,197.1
582.18,2.018,103.635,78.81,1.06,3.32,0.0,8.71,197.45
582.24,2.013,103.634,78.79,1.06,3.32,0.0,8.69,197.97
582.3,2.009,103.633,78.77,1.06,3.32,0.0,8.67,198.49
582.34,2.006,103.633,78.76,1.06,3.32,0.0,8.65,198.84
582.4,2.001,103.632,78.73,1.06,3.32,0.0,8.63,199.37
582.44,1.998,103.631,78.72,1.06,3.32,0.0,8.62,199.71
582.5,1.993,103.63,78.7,1.06,3.32,0.0,8.6,200.24
582.54,1.99,103.63,78.68,1.06,3.32,0.0,8.59,200.59
582.6,1.986,103.629,78.66,1.06,3.32,0.0,8.57,201.11
582.64,1.982,103.628,78.64,1.06,3.32,0.0,8.55,201.47
582.7,1.978,103.627,78.62,1.06,3.32,0.0,8.54,201.99
582.76,1.973,103.626,78.6,1.06,3.31,0.0,8.52,202.52
582.8,1.97,103.626,78.58,1.06,3.31,0.0,8.51,202.87
582.86,1.965,103.625,78.56,1.06,3.31,0.0,8.49,203.39
582.92,1.961,103.624,78.53,1.06,3.31,0.0,8.48,203.92
582.96,1.958,103.623,78.52,1.06,3.31,0.0,8.47,204.27
583.02,1.953,103.622,78.5,1.06,3.31,0.0,8.46,204.8
583.06,1.95,103.622,78.48,1.06,3.31,0.0,8.45,205.15
583.12,1.945,103.621,78.46,1.06,3.31,0.0,8.44,205.68
583.16,1.942,103.62,78.44,1.06,3.31,0.0,8.43,206.03
583.22,1.938,103.619,78.42,1.06,3.31,0.0,8.43,206.56
583.28,1.933,103.618,78.39,1.06,3.31,0.0,8.42,207.09
583.32,1.93,103.618,78.38,1.06,3.31,0.0,8.41,207.44
583.38,1.925,103.617,78.35,1.06,3.31,0.0,8.41,207.97
583.42,1.922,103.616,78.33,1.06,3.31,0.0,8.41,208.5
583.48,1.918,103.616,78.31,1.06,3.31,0.0,8.41,208.85
583.52,1.915,103.615,78.3,1.06,3.31,0.0,8.41,209.21
583.58,1.91,103.614,78.27,1.06,3.31,0.0,8.41,209.74
583.62,1.907,103.613,78.26,1.06,3.31,0.0,8.41,210.09
583.68,1.902,103.613,78.23,1.06,3.31,0.0,8.41,210.62
583.72,1.899,103.612,78.22,1.06,3.31,0.0,8.41,210.97
583.78,1.895,103.611,78.2,1.06,3.31,0.0,8.42,211.5
583.82,1.892,103.611,78.18,1.06,3.31,0.0,8.42,211.86
583.88,1.887,103.61,78.16,1.06,3.31,0.0,8.43,212.39
583.92,1.884,103.609,78.14,1.06,3.31,0.0,8.44,212.74
583.98,1.879,103.608,78.12,1.06,3.31,0.0,8.45,213.27
584.02,1.876,103.608,78.1,1.06,3.31,0.0,8.46,213.63
584.08,1.872,103.607,78.08,1.06,3.31,0.0,8.47,214.16
584.12,1.869,103.606,78.06,1.06,3.31,0.0,8.48,214.51
584.18,1.864,103.605,78.04,1.06,3.31,0.0,8.5,215.04
584.24,1.859,103.604,78.02,1.06,3.31,0.0,8.52,215.58
584.28,1.856,103.604,78.0,1.06,3.31,0.0,8.53,215.93
584.34,1.852,103.603,77.98,1.06,3.31,0.0,8.55,216.46
584.38,1.849,103.602,77.96,1.06,3.31,0.0,8.56,216.82
584.44,1.844,103.602,77.94,1.06,3.31,0.0,8.59,217.35
584.48,1.841,103.601,77.93,1.06,3.31,0.0,8.6,217.71
584.52,1.838,103.6,77.91,1.06,3.31,0.0,8.62,218.06
584.58,1.833,103.6,77.89,1.06,3.31,0.0,8.64,218.6
584.62,1.83,103.599,77.87,1.06,3.31,0.0,8.66,218.95
584.68,1.826,103.598,77.85,1.06,3.31,0.0,8.69,219.49
584.72,1.823,103.598,77.84,1.06,3.31,0.0,8.71,219.84
584.78,1.818,103.597,77.82,1.06,3.31,0.0,8.74,220.38
584.84,1.813,103.596,77.79,1.06,3.31,0.0,8.77,220.91
584.88,1.81,103.595,77.78,1.06,3.31,0.0,8.79,221.27
584.94,1.806,103.595,77.76,1.06,3.31,0.0,8.82,221.81
584.98,1.803,103.594,77.75,1.06,3.31,0.0,8.84,222.16
585.04,1.798,103.593,77.72,1.06,3.31,0.0,8.88,222.7
585.08,1.795,103.593,77.71,1.06,3.31,0.0,8.9,223.06
585.14,1.791,103.592,77.69,1.06,3.31,0.0,8.93,223.6
585.18,1.788,103.591,77.68,1.06,3.31,0.0,8.96,223.95
585.24,1.783,103.59,77.66,1.06,3.31,0.0,8.99,224.49
585.28,1.78,103.59,77.64,1.06,3.31,0.0,9.02,224.85
586.16,1.711,103.578,77.36,1.05,3.31,0.0,9.56,233.16
586.24,1.707,103.577,77.35,1.05,3.31,0.0,9.58,233.53
586.28,1.704,103.577,77.34,1.05,3.31,0.0,9.6,233.89
586.34,1.699,103.576,77.32,1.05,3.31,0.0,9.63,234.44
586.38,1.696,103.576,77.31,1.05,3.31,0.0,9.65,234.81
586.42,1.693,103.575,77.3,1.05,3.31,0.0,9.67,235.17
586.48,1.689,103.574,77.28,1.05,3.31,0.0,9.69,235.72
586.54,1.684,103.574,77.27,1.05,3.31,0.0,9.72,236.27
586.58,1.681,103.573,77.26,1.05,3.31,0.0,9.74,236.64
586.64,1.676,103.572,77.24,1.05,3.31,0.0,9.76,237.19
586.68,1.673,103.572,77.23,1.05,3.31,0.0,9.77,237.56
586.72,1.67,103.571,77.22,1.05,3.31,0.0,9.79,237.93
586.78,1.666,103.571,77.2,1.05,3.31,0.0,9.81,238.48
586.84,1.661,103.57,77.19,1.05,3.31,0.0,9.82,239.03
586.9,1.657,103.569,77.17,1.05,3.31,0.0,9.84,239.59
586.94,1.654,103.569,77.16,1.05,3.31,0.0,9.85,239.96
586.98,1.651,103.568,77.15,1.05,3.31,0.0,9.86,240.33
587.04,1.646,103.568,77.13,1.05,3.31,0.0,9.87,240.88
587.08,1.643,103.567,77.12,1.05,3.31,0.0,9.88,241.25
587.14,1.639,103.567,77.11,1.05,3.31,0.0,9.89,241.81
587.2,1.634,103.566,77.09,1.05,3.31,0.0,9.9,242.37
587.24,1.631,103.565,77.08,1.05,3.31,0.0,9.9,242.74
587.3,1.626,103.565,77.06,1.05,3.31,0.0,9.91,243.3
587.34,1.623,103.564,77.05,1.05,3.31,0.0,9.91,243.67
587.38,1.62,103.564,77.04,1.05,3.31,0.0,9.91,244.05
587.46,1.614,103.563,77.02,1.05,3.31,0.0,9.91,244.79
587.5,1.611,103.563,77.01,1.05,3.31,0.0,9.91,245.17
587.56,1.607,103.562,76.99,1.05,3.32,0.0,9.91,245.73
587.6,1.604,103.561,76.98,1.05,3.32,0.0,9.91,246.11
587.64,1.601,103.561,76.97,1.05,3.32,0.0,9.9,246.48
587.7,1.596,103.56,76.96,1.05,3.32,0.0,9.9,247.05
587.74,1.593,103.56,76.94,1.05,3.32,0.0,9.89,247.42
587.8,1.589,103.559,76.93,1.05,3.32,0.0,9.88,247.99
587.84,1.586,103.559,76.92,1.05,3.32,0.0,9.87,248.36
587.9,1.581,103.558,76.9,1.06,3.32,0.0,9.86,248.93
587.96,1.577,103.558,76.88,1.06,3.32,0.0,9.85,249.5
588.0,1.574,103.557,76.87,1.06,3.32,0.0,9.84,249.87
588.06,1.569,103.557,76.85,1.06,3.32,0.0,9.82,250.44
588.1,1.566,103.556,76.84,1.06,3.32,0.0,9.81,250.82
588.14,1.563,103.556,76.83,1.06,3.32,0.0,9.8,251.2
588.2,1.558,103.555,76.81,1.06,3.32,0.0,9.78,251.77
588.24,1.555,103.555,76.8,1.06,3.32,0.0,9.77,252.15
588.28,1.551,103.554,76.78,1.06,3.32,0.0,9.75,252.72
588.36,1.546,103.554,76.76,1.06,3.32,0.0,9.73,253.29
588.4,1.543,103.554,76.75,1.06,3.32,0.0,9.71,253.67
588.46,1.539,103.553,76.73,1.06,3.32,0.0,9.69,254.24
588.5,1.536,103.553,76.72,1.06,3.32,0.0,9.67,254.62
588.56,1.531,103.552,76.7,1.06,3.32,0.0,9.65,255.2
588.6,1.528,103.552,76.69,1.06,3.32,0.0,9.63,255.58
588.66,1.524,103.551,76.67,1.06,3.32,0.0,9.6,256.15
588.7,1.521,103.551,76.66,1.06,3.32,0.0,9.59,256.53
588.76,1.516,103.55,76.64,1.06,3.32,0.0,9.56,257.11
588.8,1.513,103.55,76.62,1.06,3.32,0.0,9.54,257.49
588.84,1.51,103.55,76.61,1.06,3.32,0.0,9.52,257.87
588.9,1.506,103.549,76.59,1.06,3.32,0.0,9.49,258.45
588.96,1.501,103.549,76.57,1.06,3.32,0.0,9.47,259.02
589.0,1.498,103.548,76.56,1.06,3.32,0.0,9.45,259.41
589.06,1.494,103.548,76.53,1.06,3.32,0.0,9.42,259.98
589.1,1.491,103.548,76.52,1.06,3.32,0.0,9.4,260.37
589.16,1.486,103.547,76.5,1.06,3.32,0.0,9.37,260.95
589.2,1.483,103.547,76.48,1.06,3.32,0.0,9.35,261.33
589.26,1.479,103.546,76.46,1.06,3.32,0.0,9.33,261.91
589.3,1.476,103.546,76.45,1.06,3.32,0.0,9.31,262.29
589.36,1.471,103.546,76.43,1.06,3.32,0.0,9.28,262.87
589.4,1.468,103.545,76.41,1.06,3.32,0.0,9.26,263.26
589.46,1.464,103.545,76.39,1.06,3.32,0.0,9.24,263.83
589.52,1.459,103.544,76.37,1.06,3.32,0.0,9.21,264.41
589.56,1.456,103.544,76.35,1.06,3.32,0.0,9.2,264.8
589.62,1.452,103.544,76.33,1.06,3.32,0.0,9.17,265.38
589.66,1.449,103.543,76.31,1.06,3.32,0.0,9.16,265.76
589.72,1.444,103.543,76.29,1.06,3.32,0.0,9.13,266.34
589.76,1.441,103.543,76.28,1.06,3.32,0.0,9.12,266.73
589.8,1.438,103.542,76.26,1.06,3.32,0.0,9.11,267.12
589.86,1.434,103.542,76.24,1.06,3.32,0.0,9.09,267.7
589.9,1.431,103.542,76.22,1.06,3.32,0.0,9.07,268.08
589.96,1.426,103.541,76.2,1.06,3.32,0.0,9.06,268.66
590.02,1.422,103.541,76.18,1.06,3.32,0.0,9.04,269.24
590.04,1.419,103.541,76.16,1.06,3.32,0.0,9.03,269.63
590.1,1.416,103.541,76.14,1.06,3.32,0.0,9.02,270.02
590.14,1.411,103.54,76.12,1.06,3.32,0.0,9.01,270.6
590.2,1.408,103.54,76.1,1.06,3.32,0.0,9.0,270.98
590.26,1.404,103.54,76.08,1.06,3.32,0.0,8.99,271.57
590.3,1.401,103.539,76.06,1.06,3.32,0.0,8.98,271.95
590.32,1.398,103.539,76.05,1.06,3.32,0.0,8.97,272.34
590.4,1.393,103.539,76.02,1.06,3.32,0.0,8.97,272.92
590.42,1.39,103.539,76.01,1.06,3.32,0.0,8.96,273.31
590.5,1.386,103.538,75.98,1.06,3.32,0.0,8.96,273.89
590.56,1.381,103.538,75.96,1.06,3.32,0.0,8.96,274.47
590.62,1.377,103.538,75.94,1.06,3.32,0.0,8.96,275.06
590.64,1.374,103.538,75.92,1.06,3.31,0.0,8.96,275.44
590.72,1.369,103.537,75.9,1.06,3.31,0.0,8.96,276.03
590.76,1.366,103.537,75.88,1.06,3.31,0.0,8.96,276.41
590.8,1.362,103.537,75.86,1.06,3.31,0.0,8.97,277.0
590.86,1.359,103.537,75.84,1.06,3.31,0.0,8.97,277.38
590.92,1.354,103.537,75.82,1.06,3.31,0.0,8.98,277.97
590.98,1.35,103.536,75.79,1.06,3.31,0.0,8.99,278.55
591.02,1.347,103.536,75.78,1.06,3.31,0.0,9.0,278.94
591.06,1.344,103.536,75.76,1.06,3.31,0.0,9.01,279.33
591.12,1.34,103.536,75.74,1.06,3.31,0.0,9.02,279.91
591.14,1.338,103.536,75.73,1.06,3.31,0.0,9.03,280.11
591.14,1.335,103.535,75.71,1.06,3.31,0.0,9.04,280.69
591.24,1.331,103.535,75.69,1.06,3.31,0.0,9.05,281.08
591.28,1.328,103.535,75.67,1.06,3.31,0.0,9.07,281.47
591.32,1.325,103.535,75.66,1.06,3.31,0.0,9.08,281.86
591.36,1.322,103.535,75.64,1.06,3.31,0.0,9.09,282.25
591.4,1.317,103.535,75.62,1.06,3.31,0.0,9.12,282.83
591.48,1.313,103.535,75.6,1.06,3.31,0.0,9.14,283.41
591.52,1.31,103.535,75.58,1.06,3.31,0.0,9.16,283.8
591.58,1.305,103.534,75.56,1.06,3.31,0.0,9.18,284.39
591.62,1.302,103.534,75.54,1.06,3.31,0.0,9.2,284.78
591.68,1.298,103.534,75.52,1.06,3.31,0.0,9.23,285.36
591.72,1.295,103.534,75.51,1.06,3.31,0.0,9.25,285.76
591.78,1.291,103.534,75.49,1.06,3.31,0.0,9.28,286.34
591.82,1.288,103.534,75.47,1.06,3.31,0.0,9.3,286.73
591.88,1.283,103.534,75.45,1.06,3.31,0.0,9.33,287.32
591.92,1.28,103.534,75.43,1.06,3.31,0.0,9.35,287.71
591.98,1.276,103.533,75.41,1.06,3.31,0.0,9.38,288.3
592.02,1.273,103.533,75.4,1.06,3.31,0.0,9.41,288.69
592.08,1.268,103.533,75.38,1.06,3.31,0.0,9.44,289.28
592.12,1.265,103.533,75.36,1.06,3.31,0.0,9.46,289.67
592.18,1.261,103.533,75.34,1.06,3.31,0.0,9.5,290.26
592.22,1.258,103.533,75.33,1.06,3.31,0.0,9.52,290.65
592.26,1.255,103.533,75.32,1.06,3.31,0.0,9.55,291.04
592.34,1.249,103.533,75.29,1.06,3.31,0.0,9.59,291.83
592.38,1.246,103.533,75.28,1.06,3.31,0.0,9.62,292.22
592.42,1.243,103.533,75.26,1.06,3.31,0.0,9.64,292.61
592.48,1.239,103.533,75.24,1.06,3.31,0.0,9.68,293.2
592.52,1.236,103.533,75.23,1.06,3.31,0.0,9.7,293.6
592.58,1.231,103.533,75.21,1.06,3.31,0.0,9.74,294.19
592.62,1.228,103.533,75.2,1.06,3.31,0.0,9.76,294.58
592.68,1.224,103.533,75.18,1.06,3.31,0.0,9.8,295.18
592.72,1.221,103.533,75.17,1.06,3.31,0.0,9.82,295.57
592.78,1.217,103.533,75.15,1.06,3.31,0.0,9.86,296.16
592.84,1.212,103.533,75.13,1.06,3.31,0.0,9.89,296.76
592.88,1.209,103.533,75.12,1.06,3.31,0.0,9.91,297.15
592.92,1.206,103.533,75.1,1.06,3.31,0.0,9.94,297.55
592.98,1.202,103.533,75.09,1.06,3.31,0.0,9.97,298.14
593.02,1.199,103.533,75.07,1.06,3.31,0.0,9.99,298.54
593.1,1.193,103.533,75.05,1.06,3.31,0.0,10.03,299.34
593.14,1.19,103.533,75.04,1.06,3.31,0.0,10.05,299.73
593.18,1.187,103.533,75.03,1.06,3.31,0.0,10.07,300.13
593.24,1.183,103.533,75.01,1.06,3.31,0.0,10.1,300.73
593.28,1.18,103.533,75.0,1.06,3.31,0.0,10.12,301.13
593.34,1.175,103.533,74.98,1.06,3.31,0.0,10.14,301.73
593.38,1.172,103.533,74.97,1.06,3.31,0.0,10.16,302.13
593.44,1.168,103.534,74.95,1.06,3.31,0.0,10.18,302.73
593.48,1.165,103.534,74.94,1.06,3.31,0.0,10.2,303.13
593.54,1.16,103.534,74.92,1.06,3.31,0.0,10.22,303.73
593.58,1.157,103.534,74.91,1.06,3.31,0.0,10.23,304.13
593.64,1.153,103.534,74.9,1.06,3.31,0.0,10.25,304.73
593.7,1.149,103.534,74.88,1.06,3.31,0.0,10.27,305.33
593.74,1.146,103.534,74.87,1.06,3.31,0.0,10.28,305.74
593.8,1.141,103.534,74.85,1.06,3.31,0.0,10.29,306.34
593.84,1.138,103.534,74.84,1.06,3.31,0.0,10.3,306.74
593.88,1.135,103.535,74.83,1.06,3.31,0.0,10.31,307.15
593.94,1.131,103.535,74.81,1.06,3.31,0.0,10.31,307.75
593.98,1.128,103.535,74.8,1.06,3.31,0.0,10.32,308.16
594.04,1.124,103.535,74.78,1.06,3.31,0.0,10.33,308.76
594.08,1.121,103.535,74.77,1.06,3.31,0.0,10.33,309.17
594.14,1.116,103.535,74.75,1.06,3.31,0.0,10.33,309.78
594.18,1.113,103.535,74.74,1.06,3.31,0.0,10.33,310.18
594.24,1.109,103.536,74.73,1.06,3.32,0.0,10.33,310.79
594.3,1.105,103.536,74.71,1.06,3.32,0.0,10.33,311.4
594.34,1.102,103.536,74.7,1.06,3.32,0.0,10.33,311.81
594.38,1.099,103.536,74.69,1.06,3.32,0.0,10.32,312.21
594.46,1.093,103.537,74.66,1.06,3.32,0.0,10.31,313.03
594.5,1.09,103.537,74.65,1.06,3.32,0.0,10.31,313.44
594.56,1.085,103.537,74.63,1.06,3.32,0.0,10.3,314.05
594.6,1.083,103.537,74.62,1.06,3.32,0.0,10.29,314.46
594.64,1.08,103.537,74.61,1.06,3.32,0.0,10.28,314.86
594.7,1.075,103.538,74.59,1.06,3.32,0.0,10.27,315.48
594.74,1.072,103.538,74.58,1.06,3.32,0.0,10.25,315.89
594.8,1.068,103.538,74.56,1.06,3.32,0.0,10.24,316.5
594.86,1.063,103.538,74.54,1.06,3.32,0.0,10.22,317.12
594.9,1.061,103.539,74.53,1.06,3.32,0.0,10.2,317.53
594.96,1.056,103.539,74.51,1.06,3.32,0.0,10.18,318.14
595.0,1.053,103.539,74.5,1.06,3.32,0.0,10.16,318.55
595.06,1.049,103.539,74.48,1.06,3.32,0.0,10.14,319.17
595.12,1.044,103.54,74.46,1.06,3.32,0.0,10.11,319.79
595.16,1.041,103.54,74.45,1.06,3.32,0.0,10.1,320.2
595.22,1.037,103.54,74.43,1.06,3.32,0.0,10.07,320.82
595.26,1.034,103.541,74.42,1.06,3.32,0.0,10.05,321.23
595.32,1.03,103.541,74.4,1.06,3.32,0.0,10.02,321.85
595.38,1.025,103.541,74.38,1.06,3.32,0.0,9.99,322.46
595.42,1.022,103.542,74.36,1.06,3.32,0.0,9.97,322.88
595.48,1.018,103.542,74.34,1.06,3.32,0.0,9.93,323.5
595.52,1.015,103.542,74.33,1.06,3.32,0.0,9.91,323.91
595.56,1.012,103.542,74.31,1.06,3.32,0.0,9.89,324.32
595.62,1.008,103.543,74.29,1.06,3.32,0.0,9.85,324.94
595.66,1.005,103.543,74.28,1.06,3.32,0.0,9.83,325.36
595.72,1.001,103.544,74.26,1.06,3.32,0.0,9.8,325.98
595.78,0.996,103.544,74.23,1.06,3.32,0.0,9.76,326.6
595.82,0.993,103.544,74.22,1.06,3.32,0.0,9.74,327.01
595.88,0.989,103.545,74.2,1.06,3.32,0.0,9.7,327.63
595.92,0.986,103.545,74.18,1.06,3.32,0.0,9.68,328.05
595.98,0.982,103.545,74.16,1.06,3.32,0.0,9.64,328.67
596.02,0.979,103.546,74.14,1.06,3.32,0.0,9.62,329.08
596.08,0.974,103.546,74.12,1.06,3.32,0.0,9.58,329.7
596.12,0.971,103.546,74.11,1.06,3.32,0.0,9.56,330.12
596.18,0.967,103.547,74.08,1.06,3.32,0.0,9.52,330.74
596.24,0.963,103.547,74.06,1.06,3.32,0.0,9.49,331.36
596.28,0.96,103.548,74.04,1.06,3.32,0.0,9.47,331.78
596.32,0.957,103.548,74.03,1.06,3.32,0.0,9.45,332.19
596.38,0.952,103.548,74.0,1.06,3.32,0.0,9.41,332.81
596.42,0.95,103.549,73.99,1.06,3.32,0.0,9.39,333.23
596.48,0.945,103.549,73.96,1.06,3.32,0.0,9.36,333.85
596.52,0.942,103.55,73.95,1.06,3.32,0.0,9.34,334.26
596.58,0.938,103.55,73.92,1.06,3.31,0.0,9.31,334.89
596.62,0.935,103.55,73.9,1.07,3.31,0.0,9.29,335.3
596.66,0.932,103.551,73.89,1.07,3.31,0.0,9.27,335.72
596.74,0.926,103.552,73.85,1.07,3.31,0.0,9.24,336.55
596.78,0.923,103.552,73.84,1.07,3.31,0.0,9.22,336.96
596.84,0.919,103.552,73.81,1.07,3.31,0.0,9.2,337.58
596.88,0.916,103.553,73.79,1.07,3.31,0.0,9.18,338.0
596.92,0.913,103.553,73.78,1.07,3.31,0.0,9.17,338.41
596.98,0.909,103.554,73.75,1.07,3.31,0.0,9.15,339.03
597.02,0.906,103.554,73.73,1.07,3.31,0.0,9.14,339.45
597.08,0.902,103.555,73.71,1.07,3.31,0.0,9.12,340.07
597.12,0.899,103.555,73.69,1.07,3.31,0.0,9.11,340.49
597.18,0.894,103.556,73.67,1.07,3.31,0.0,9.09,341.11
597.22,0.891,103.556,73.65,1.07,3.31,0.0,9.09,341.52
597.3,0.886,103.557,73.61,1.07,3.31,0.0,9.07,342.35
597.34,0.883,103.557,73.6,1.07,3.31,0.0,9.07,342.77
597.38,0.88,103.557,73.58,1.07,3.31,0.0,9.06,343.18
597.44,0.876,103.558,73.55,1.07,3.31,0.0,9.06,343.8
597.48,0.873,103.558,73.54,1.07,3.31,0.0,9.05,344.22
597.54,0.868,103.559,73.51,1.07,3.31,0.0,9.05,344.84
597.58,0.865,103.559,73.49,1.07,3.31,0.0,9.05,345.25
597.64,0.861,103.56,73.47,1.07,3.31,0.0,9.05,345.88
597.68,0.858,103.56,73.45,1.07,3.31,0.0,9.05,346.29
597.74,0.854,103.561,73.42,1.07,3.31,0.0,9.06,346.91
597.76,0.851,103.561,73.41,1.07,3.3,0.0,9.06,347.33
597.84,0.847,103.562,73.38,1.07,3.3,0.0,9.07,347.95
597.84,0.847,103.562,73.37,1.07,3.3,0.0,9.08,348.36
597.94,0.839,103.563,73.34,1.07,3.3,0.0,9.09,348.99
598.0,0.835,103.564,73.31,1.06,3.3,0.0,9.1,349.61
598.02,0.832,103.564,73.3,1.06,3.3,0.0,9.11,350.02
598.1,0.828,103.565,73.27,1.06,3.3,0.0,9.13,350.65
598.14,0.825,103.565,73.25,1.06,3.3,0.0,9.14,351.06
598.18,0.822,103.566,73.24,1.06,3.3,0.0,9.15,351.48
598.22,0.819,103.566,73.22,1.06,3.3,0.0,9.17,351.89
598.3,0.813,103.567,73.19,1.06,3.3,0.0,9.2,352.72
598.34,0.811,103.567,73.17,1.06,3.3,0.0,9.21,353.14
598.38,0.808,103.568,73.16,1.06,3.3,0.0,9.23,353.55
598.44,0.803,103.568,73.13,1.06,3.3,0.0,9.26,354.17
598.5,0.799,103.569,73.11,1.06,3.3,0.0,9.29,354.8
598.56,0.795,103.57,73.08,1.06,3.3,0.0,9.32,355.42
598.62,0.79,103.57,73.06,1.06,3.3,0.0,9.35,356.04
598.64,0.788,103.571,73.04,1.06,3.3,0.0,9.37,356.46
598.7,0.785,103.571,73.03,1.06,3.3,0.0,9.39,356.87
598.76,0.78,103.572,73.01,1.06,3.3,0.0,9.42,357.5
598.82,0.776,103.573,72.98,1.06,3.3,0.0,9.46,358.12
598.86,0.773,103.573,72.97,1.06,3.3,0.0,9.48,358.54
598.92,0.769,103.574,72.95,1.06,3.3,0.0,9.52,359.16
598.98,0.765,103.574,72.92,1.06,3.3,0.0,9.56,359.79
599.04,0.76,103.575,72.9,1.06,3.3,0.0,9.59,0.41
599.1,0.756,103.576,72.88,1.06,3.3,0.0,9.63,1.04
599.14,0.753,103.576,72.87,1.06,3.3,0.0,9.66,1.46
599.2,0.749,103.577,72.84,1.06,3.3,0.0,9.7,2.08
599.24,0.746,103.577,72.83,1.06,3.3,0.0,9.72,2.5
599.3,0.742,103.578,72.81,1.06,3.3,0.0,9.76,3.13
599.34,0.739,103.579,72.79,1.06,3.3,0.0,9.79,3.55
599.4,0.734,103.579,72.77,1.06,3.3,0.0,9.83,4.18
599.44,0.732,103.58,72.76,1.06,3.3,0.0,9.86,4.59
599.5,0.727,103.581,72.74,1.06,3.29,0.0,9.9,5.22
599.54,0.724,103.581,72.73,1.06,3.29,0.0,9.92,5.64
599.6,0.72,103.582,72.71,1.06,3.29,0.0,9.96,6.27
599.64,0.717,103.582,72.69,1.06,3.29,0.0,9.98,6.69
599.7,0.713,103.583,72.67,1.06,3.29,0.0,10.02,7.32
599.74,0.71,103.583,72.66,1.06,3.29,0.0,10.05,7.74
599.8,0.706,103.584,72.64,1.06,3.29,0.0,10.08,8.37
599.84,0.703,103.585,72.63,1.06,3.29,0.0,10.11,8.8
599.9,0.699,103.585,72.61,1.06,3.29,0.0,10.14,9.43
599.94,0.696,103.586,72.6,1.06,3.29,0.0,10.16,9.85
600.0,0.692,103.587,72.58,1.06,3.29,0.0,10.2,10.48
600.04,0.689,103.587,72.57,1.06,3.29,0.0,10.22,10.91
600.1,0.684,103.588,72.55,1.06,3.3,0.0,10.25,11.54
600.16,0.68,103.589,72.53,1.06,3.3,0.0,10.28,12.17
600.2,0.677,103.589,72.52,1.06,3.3,0.0,10.3,12.6
600.26,0.673,103.59,72.5,1.06,3.3,0.0,10.32,13.23
600.3,0.67,103.59,72.49,1.06,3.3,0.0,10.34,13.66
600.36,0.666,103.591,72.47,1.06,3.3,0.0,10.36,14.3
600.4,0.663,103.592,72.46,1.06,3.3,0.0,10.38,14.72
600.46,0.659,103.592,72.44,1.06,3.3,0.0,10.4,15.36
600.52,0.654,103.593,72.43,1.06,3.3,0.0,10.42,16.0
600.56,0.652,103.594,72.41,1.06,3.3,0.0,10.43,16.42
600.62,0.647,103.594,72.4,1.06,3.3,0.0,10.44,17.06
600.66,0.644,103.595,72.39,1.06,3.3,0.0,10.45,17.49
600.7,0.642,103.595,72.37,1.06,3.3,0.0,10.46,17.92
600.74,0.639,103.596,72.36,1.06,3.3,0.0,10.47,18.35
600.82,0.633,103.597,72.34,1.06,3.3,0.0,10.48,19.2
600.86,0.63,103.597,72.33,1.06,3.3,0.0,10.48,19.63
600.92,0.626,103.598,72.31,1.06,3.3,0.0,10.49,20.27
600.96,0.623,103.599,72.3,1.06,3.3,0.0,10.49,20.7
601.0,0.62,103.599,72.29,1.06,3.3,0.0,10.49,21.13
601.06,0.616,103.6,72.27,1.06,3.3,0.0,10.49,21.78
601.1,0.613,103.6,72.26,1.06,3.3,0.0,10.49,22.21
601.16,0.609,103.601,72.24,1.06,3.3,0.0,10.48,22.85
601.22,0.605,103.602,72.22,1.06,3.3,0.0,10.48,23.5
601.26,0.602,103.602,72.21,1.06,3.3,0.0,10.47,23.93
601.32,0.598,103.603,72.19,1.06,3.3,0.0,10.46,24.57
601.36,0.595,103.604,72.18,1.06,3.3,0.0,10.45,25.01
601.42,0.59,103.604,72.16,1.06,3.3,0.0,10.44,25.65
601.46,0.588,103.605,72.15,1.06,3.3,0.0,10.43,26.09
601.52,0.583,103.606,72.13,1.06,3.3,0.0,10.41,26.73
601.58,0.579,103.606,72.12,1.06,3.3,0.0,10.39,27.38
601.62,0.576,103.607,72.1,1.06,3.3,0.0,10.37,27.82
601.68,0.572,103.608,72.08,1.06,3.3,0.0,10.35,28.47
601.72,0.569,103.608,72.07,1.06,3.3,0.0,10.33,28.9
601.78,0.565,103.609,72.05,1.06,3.3,0.0,10.31,29.55
601.82,0.562,103.609,72.04,1.06,3.3,0.0,10.29,29.98
601.88,0.558,103.61,72.02,1.06,3.3,0.0,10.26,30.63
601.92,0.555,103.611,72.01,1.06,3.3,0.0,10.24,31.07
601.98,0.551,103.611,71.99,1.06,3.3,0.0,10.21,31.72
602.02,0.548,103.612,71.97,1.06,3.3,0.0,10.18,32.15
602.06,0.545,103.612,71.96,1.06,3.3,0.0,10.16,32.59
602.12,0.541,103.613,71.94,1.06,3.3,0.0,10.12,33.24
602.18,0.537,103.614,71.92,1.06,3.3,0.0,10.09,33.89
602.22,0.534,103.615,71.91,1.06,3.3,0.0,10.06,34.33
602.28,0.529,103.615,71.88,1.06,3.3,0.0,10.02,34.98
602.32,0.527,103.616,71.87,1.06,3.3,0.0,10.0,35.42
602.38,0.522,103.616,71.85,1.06,3.3,0.0,9.96,36.07
602.42,0.52,103.617,71.83,1.06,3.3,0.0,9.93,36.5
602.48,0.515,103.618,71.81,1.06,3.3,0.0,9.89,37.16
602.52,0.512,103.618,71.8,1.06,3.3,0.0,9.86,37.59
602.58,0.508,103.619,71.77,1.06,3.3,0.0,9.81,38.25
602.62,0.505,103.619,71.76,1.06,3.3,0.0,9.79,38.68
602.68,0.501,103.62,71.74,1.06,3.3,0.0,9.74,39.34
602.72,0.498,103.621,71.72,1.06,3.3,0.0,9.71,39.77
602.78,0.494,103.621,71.7,1.06,3.3,0.0,9.67,40.43
602.84,0.49,103.622,71.67,1.06,3.3,0.0,9.63,41.08
602.88,0.487,103.623,71.66,1.06,3.3,0.0,9.6,41.51
602.94,0.483,103.623,71.63,1.06,3.3,0.0,9.55,42.17
602.98,0.48,103.624,71.62,1.06,3.3,0.0,9.52,42.6
603.04,0.476,103.625,71.59,1.06,3.3,0.0,9.48,43.26
603.08,0.473,103.625,71.58,1.06,3.3,0.0,9.45,43.69
603.14,0.469,103.626,71.55,1.06,3.3,0.0,9.41,44.35
603.2,0.464,103.626,71.53,1.06,3.29,0.0,9.37,45.0
603.24,0.462,103.627,71.51,1.07,3.29,0.0,9.34,45.44
603.3,0.457,103.628,71.49,1.07,3.29,0.0,9.31,46.09
603.34,0.455,103.628,71.47,1.07,3.29,0.0,9.28,46.52
603.38,0.452,103.629,71.45,1.07,3.29,0.0,9.26,46.96
603.44,0.448,103.629,71.43,1.07,3.29,0.0,9.22,47.61
603.48,0.445,103.63,71.41,1.07,3.29,0.0,9.2,48.05
603.54,0.441,103.63,71.38,1.07,3.29,0.0,9.16,48.7
603.58,0.438,103.631,71.37,1.07,3.29,0.0,9.14,49.13
603.64,0.434,103.632,71.34,1.07,3.29,0.0,9.11,49.79
603.68,0.431,103.632,71.32,1.07,3.29,0.0,9.09,50.22
603.74,0.427,103.633,71.3,1.07,3.29,0.0,9.06,50.87
603.78,0.424,103.633,71.28,1.07,3.29,0.0,9.04,51.31
603.84,0.419,103.634,71.25,1.07,3.29,0.0,9.02,51.96
603.88,0.417,103.634,71.23,1.07,3.29,0.0,9.0,52.39
603.94,0.412,103.635,71.21,1.07,3.29,0.0,8.98,53.05
603.98,0.41,103.635,71.19,1.07,3.29,0.0,8.97,53.48
604.04,0.405,103.636,71.16,1.07,3.29,0.0,8.95,54.13
604.08,0.403,103.637,71.14,1.07,3.29,0.0,8.94,54.57
604.14,0.398,103.637,71.12,1.07,3.28,0.0,8.93,55.22
604.18,0.396,103.638,71.1,1.07,3.28,0.0,8.92,55.65
604.24,0.391,103.638,71.07,1.07,3.28,0.0,8.91,56.3
604.3,0.387,103.639,71.05,1.07,3.28,0.0,8.9,56.95
604.34,0.384,103.639,71.03,1.07,3.28,0.0,8.9,57.38
604.4,0.38,103.64,71.0,1.07,3.28,0.0,8.89,58.04
604.44,0.377,103.64,70.98,1.07,3.28,0.0,8.89,58.47
604.5,0.373,103.641,70.96,1.07,3.28,0.0,8.9,59.12
604.54,0.37,103.641,70.94,1.07,3.28,0.0,8.9,59.55
604.6,0.366,103.642,70.91,1.07,3.28,0.0,8.9,60.2
604.64,0.363,103.643,70.9,1.07,3.28,0.0,8.91,60.63
604.7,0.359,103.643,70.87,1.07,3.28,0.0,8.92,61.28
604.74,0.356,103.644,70.85,1.06,3.28,0.0,8.92,61.72
604.8,0.352,103.644,70.83,1.06,3.28,0.0,8.94,62.37
604.84,0.35,103.645,70.81,1.06,3.28,0.0,8.95,62.8
604.9,0.345,103.645,70.78,1.06,3.28,0.0,8.97,63.45
604.96,0.341,103.646,70.76,1.06,3.28,0.0,8.98,64.1
605.0,0.338,103.646,70.74,1.06,3.27,0.0,9.0,64.53
605.06,0.334,103.647,70.72,1.06,3.27,0.0,9.02,65.18
605.1,0.331,103.647,70.7,1.06,3.27,0.0,9.04,65.62
605.14,0.329,103.647,70.68,1.06,3.27,0.0,9.06,66.05
605.2,0.324,103.648,70.66,1.06,3.27,0.0,9.09,66.7
605.24,0.322,103.648,70.64,1.06,3.27,0.0,9.11,67.13
605.28,0.317,103.649,70.62,1.06,3.27,0.0,9.14,67.78
605.36,0.313,103.65,70.59,1.06,3.27,0.0,9.17,68.43
605.4,0.311,103.65,70.58,1.06,3.27,0.0,9.2,68.87
605.46,0.306,103.65,70.55,1.06,3.27,0.0,9.23,69.52
605.5,0.304,103.651,70.54,1.06,3.27,0.0,9.26,69.95
605.56,0.299,103.651,70.52,1.06,3.27,0.0,9.3,70.6
605.6,0.297,103.652,70.5,1.06,3.27,0.0,9.33,71.03
605.66,0.292,103.652,70.48,1.06,3.27,0.0,9.37,71.69
605.7,0.29,103.653,70.46,1.06,3.27,0.0,9.4,72.12
605.76,0.285,103.653,70.44,1.06,3.27,0.0,9.44,72.77
605.8,0.283,103.653,70.43,1.06,3.27,0.0,9.47,73.21
605.86,0.279,103.654,70.4,1.06,3.27,0.0,9.52,73.86
605.9,0.276,103.654,70.39,1.06,3.27,0.0,9.55,74.29
605.96,0.272,103.655,70.37,1.06,3.27,0.0,9.6,74.95
606.0,0.269,103.655,70.35,1.06,3.27,0.0,9.63,75.38
606.06,0.265,103.656,70.33,1.06,3.27,0.0,9.68,76.04
606.1,0.262,103.656,70.32,1.06,3.27,0.0,9.71,76.47
606.16,0.258,103.656,70.3,1.06,3.27,0.0,9.76,77.13
606.2,0.255,103.657,70.29,1.06,3.27,0.0,9.79,77.56
606.26,0.251,103.657,70.27,1.06,3.27,0.0,9.84,78.22
606.3,0.248,103.657,70.25,1.06,3.27,0.0,9.87,78.66
606.36,0.244,103.658,70.23,1.06,3.27,0.0,9.92,79.31
606.42,0.24,103.658,70.22,1.06,3.27,0.0,9.97,79.97
606.46,0.237,103.659,70.2,1.06,3.27,0.0,10.0,80.41
606.52,0.233,103.659,70.18,1.06,3.27,0.0,10.05,81.06
606.56,0.23,103.659,70.17,1.06,3.27,0.0,10.08,81.5
606.62,0.226,103.66,70.15,1.06,3.27,0.0,10.13,82.16
606.66,0.223,103.66,70.14,1.06,3.27,0.0,10.16,82.6
606.7,0.22,103.66,70.13,1.06,3.27,0.0,10.19,83.04
606.76,0.216,103.661,70.11,1.06,3.27,0.0,10.23,83.7
606.82,0.212,103.661,70.1,1.06,3.27,0.0,10.28,84.36
606.86,0.209,103.661,70.09,1.06,3.27,0.0,10.31,84.8
606.9,0.207,103.662,70.07,1.06,3.27,0.0,10.33,85.24
606.96,0.202,103.662,70.06,1.06,3.27,0.0,10.37,85.91
607.0,0.2,103.662,70.05,1.06,3.27,0.0,10.4,86.35
607.04,0.195,103.663,70.03,1.06,3.27,0.0,10.44,87.01
607.12,0.191,103.663,70.01,1.05,3.27,0.0,10.47,87.68
607.16,0.189,103.663,70.0,1.05,3.27,0.0,10.49,88.12
607.22,0.184,103.664,69.99,1.05,3.27,0.0,10.53,88.79
607.26,0.182,103.664,69.98,1.05,3.27,0.0,10.55,89.23
607.32,0.178,103.664,69.96,1.05,3.27,0.0,10.58,89.9
607.36,0.175,103.664,69.95,1.05,3.27,0.0,10.59,90.34
607.42,0.171,103.665,69.94,1.05,3.27,0.0,10.62,91.01
607.46,0.168,103.665,69.93,1.05,3.27,0.0,10.63,91.46
607.52,0.164,103.665,69.91,1.05,3.27,0.0,10.66,92.13
607.58,0.16,103.665,69.9,1.05,3.27,0.0,10.67,92.8
607.62,0.157,103.666,69.89,1.05,3.27,0.0,10.69,93.24
607.66,0.154,103.666,69.88,1.05,3.27,0.0,10.7,93.69
607.72,0.15,103.666,69.86,1.05,3.27,0.0,10.71,94.36
607.78,0.146,103.666,69.85,1.05,3.27,0.0,10.72,95.03
607.82,0.143,103.667,69.84,1.05,3.27,0.0,10.73,95.48
607.88,0.139,103.667,69.82,1.05,3.27,0.0,10.73,96.16
607.92,0.136,103.667,69.81,1.05,3.27,0.0,10.73,96.61
607.98,0.132,103.667,69.8,1.05,3.27,0.0,10.74,97.28
608.02,0.129,103.667,69.79,1.05,3.27,0.0,10.74,97.73
608.08,0.125,103.668,69.77,1.05,3.27,0.0,10.73,98.41
608.12,0.122,103.668,69.76,1.05,3.27,0.0,10.73,98.86
608.18,0.118,103.668,69.75,1.05,3.27,0.0,10.72,99.54
608.22,0.116,103.668,69.74,1.05,3.27,0.0,10.72,99.99
608.28,0.111,103.668,69.72,1.05,3.27,0.0,10.71,100.66
608.34,0.107,103.669,69.71,1.05,3.27,0.0,10.69,101.34
608.38,0.105,103.669,69.7,1.05,3.27,0.0,10.68,101.8
608.44,0.1,103.669,69.68,1.05,3.27,0.0,10.66,102.47
608.5,0.096,103.669,69.67,1.05,3.27,0.0,10.64,103.15
608.54,0.094,103.669,69.66,1.06,3.27,0.0,10.63,103.61
608.6,0.089,103.669,69.64,1.06,3.27,0.0,10.6,104.29
608.66,0.085,103.669,69.62,1.06,3.27,0.0,10.58,104.97
608.7,0.083,103.67,69.61,1.06,3.27,0.0,10.56,105.42
608.76,0.078,103.67,69.6,1.06,3.27,0.0,10.53,106.11
608.82,0.074,103.67,69.58,1.06,3.27,0.0,10.5,106.79
608.86,0.072,103.67,69.57,1.06,3.27,0.0,10.48,107.24
608.92,0.068,103.67,69.55,1.06,3.27,0.0,10.44,107.93
608.96,0.065,103.67,69.54,1.06,3.27,0.0,10.42,108.38
609.02,0.061,103.67,69.52,1.06,3.27,0.0,10.38,109.06
609.08,0.057,103.67,69.5,1.06,3.28,0.0,10.34,109.75
609.12,0.054,103.67,69.49,1.06,3.28,0.0,10.32,110.2
609.18,0.05,103.67,69.47,1.06,3.28,0.0,10.28,110.89
609.22,0.047,103.671,69.46,1.06,3.28,0.0,10.25,111.34
609.28,0.043,103.671,69.44,1.06,3.28,0.0,10.21,112.03
609.34,0.039,103.671,69.42,1.06,3.28,0.0,10.16,112.71
609.38,0.036,103.671,69.41,1.06,3.28,0.0,10.13,113.17
609.44,0.032,103.671,69.39,1.06,3.28,0.0,10.09,113.86
609.5,0.028,103.671,69.37,1.06,3.27,0.0,10.05,114.54
609.54,0.025,103.671,69.36,1.06,3.27,0.0,10.02,115.0
609.6,0.021,103.671,69.34,1.06,3.27,0.0,9.97,115.68
609.64,0.018,103.671,69.32,1.06,3.27,0.0,9.94,116.14
609.68,0.018,103.672,4.54,19.44,3.27,0.0,-3.38,119.61
609.74,0.018,103.673,4.54,19.36,1.84,0.0,1.4,118.41
609.8,0.018,103.673,4.35,19.27,0.63,0.0,3.05,118.88
609.86,0.018,103.673,4.0,19.11,0.06,0.0,4.45,119.45
609.9,0.019,103.673,3.81,19.01,0.01,0.0,5.36,119.89
609.96,0.019,103.673,3.73,18.94,0.01,0.0,6.21,120.57
610.0,0.019,103.673,3.59,18.84,0.01,0.0,6.61,121.03
610.06,0.019,103.673,3.46,11.54,0.01,0.0,7.16,121.75
610.1,0.019,103.673,3.45,0.21,0.01,0.0,7.39,122.25
610.16,0.019,103.673,3.44,0.24,0.01,0.0,7.24,122.99
610.22,0.019,103.673,3.5,0.19,0.01,0.0,6.97,123.72
610.26,0.019,103.673,3.59,0.2,0.01,0.0,6.72,124.2
610.32,0.019,103.674,3.66,0.29,0.01,0.0,5.84,124.96
610.36,0.019,103.674,3.8,0.22,0.01,0.0,5.1,125.45
610.42,0.018,103.674,4.07,0.22,0.01,0.0,3.89,126.15
610.46,0.018,103.674,4.28,0.22,0.01,0.0,3.02,126.58
610.52,0.018,103.674,4.43,0.22,0.01,0.0,1.14,127.26
610.56,0.018,103.674,4.66,0.21,0.01,0.0,-0.23,127.67
610.62,0.018,103.674,2.91,1.17,0.01,0.0,-0.07,127.7
610.66,0.018,103.674,2.83,1.33,0.01,0.0,-0.07,127.75
610.72,0.018,103.674,2.81,1.35,0.01,0.0,-0.16,127.72
610.76,0.018,103.674,2.78,1.44,0.01,0.0,-0.11,127.73
610.82,0.018,103.674,2.68,1.65,0.01,0.0,-0.12,127.76
610.86,0.018,103.674,2.66,1.7,0.01,0.0,-0.14,127.74
610.92,0.018,103.675,2.64,1.75,0.01,0.0,-0.08,127.75
610.96,0.018,103.675,2.58,1.84,0.0,0.0,-0.03,127.81
611.02,0.018,103.675,2.53,1.03,0.0,0.0,-0.13,127.79
611.06,0.018,103.675,2.5,0.95,0.0,0.0,-0.13,127.8
611.12,0.018,103.675,2.5,0.94,0.0,0.0,0.02,127.82
611.18,0.018,103.675,2.39,1.07,0.0,0.0,-0.13,127.86
611.22,0.018,103.675,2.37,0.94,0.0,0.0,-0.13,127.86
611.28,0.018,103.675,2.38,0.95,0.0,0.0,-0.03,127.87
611.32,0.018,103.675,2.28,1.07,0.0,0.0,-0.01,127.92
611.38,0.018,103.675,2.25,0.97,0.0,0.0,-0.13,127.91
611.44,0.018,103.675,2.24,0.98,0.0,0.0,-0.08,127.91
611.48,0.018,103.675,2.22,0.98,0.0,0.0,-0.0,127.92
611.54,0.018,103.675,2.13,0.97,0.0,0.0,-0.08,127.97
611.58,0.018,103.675,2.11,1.0,0.0,0.0,-0.13,127.97
611.64,0.018,103.675,2.1,0.98,0.0,0.0,-0.1,127.96
611.7,0.018,103.675,2.04,1.06,0.0,0.0,0.01,127.99
611.74,0.018,103.675,2.01,0.97,0.0,0.0,-0.09,128.01
611.8,0.018,103.675,1.97,1.0,0.0,0.0,-0.14,128.01
611.84,0.018,103.675,1.97,1.01,0.0,0.0,-0.12,128.01
611.9,0.018,103.675,1.94,0.96,0.0,0.0,0.02,128.03
611.94,0.018,103.676,1.88,1.01,0.0,0.0,-0.04,128.07
612.0,0.018,103.676,1.84,1.02,0.0,0.0,-0.15,128.05
612.04,0.018,103.676,1.83,1.02,0.0,0.0,-0.16,128.04
612.1,0.018,103.676,1.82,0.96,0.0,0.0,-0.1,128.05
612.16,0.018,103.676,1.76,1.01,0.0,0.0,-0.01,128.07
612.2,0.018,103.676,1.73,0.99,0.0,0.0,-0.14,128.06
612.26,0.018,103.676,1.68,1.06,0.0,0.0,-0.16,128.07
612.3,0.018,103.676,1.69,0.99,0.0,0.0,-0.16,128.06
612.36,0.018,103.676,1.66,1.01,0.0,0.0,-0.06,128.06
612.4,0.018,103.676,1.63,0.97,0.0,0.0,0.01,128.07
612.46,0.018,103.676,1.58,1.03,0.0,0.0,-0.17,128.09
612.5,0.018,103.676,1.55,1.05,0.0,0.0,-0.16,128.1
612.56,0.018,103.676,1.55,0.97,0.0,0.0,-0.16,128.09
612.6,0.018,103.676,1.54,0.98,0.0,0.0,-0.14,128.1
612.66,0.018,103.676,1.53,0.97,0.0,0.0,0.02,128.08
612.7,0.018,103.676,1.49,1.03,0.0,0.0,-0.08,128.11
612.76,0.018,103.676,1.43,1.03,0.0,0.0,-0.18,128.12
612.82,0.018,103.676,1.41,1.0,0.0,0.0,-0.17,128.12
612.88,0.018,103.676,1.41,0.94,0.0,0.0,-0.15,128.12
612.92,0.018,103.676,1.39,0.99,0.0,0.0,-0.07,128.12
612.98,0.018,103.676,1.37,1.04,0.0,0.0,-0.02,128.14
613.02,0.018,103.676,1.34,1.0,0.0,0.0,-0.12,128.14
613.08,0.018,103.676,1.3,1.03,0.0,0.0,-0.15,128.15
613.12,0.018,103.676,1.29,1.01,0.0,0.0,-0.16,128.14
613.18,0.018,103.676,1.3,0.96,0.0,0.0,-0.16,128.14
613.24,0.018,103.676,1.28,1.01,0.0,0.0,-0.07,128.15
613.28,0.018,103.676,1.29,1.0,0.0,0.0,0.02,128.15
613.34,0.018,103.676,1.23,1.03,0.0,0.0,-0.1,128.16
613.38,0.018,103.677,1.2,1.03,0.0,0.0,-0.14,128.17
613.42,0.018,103.677,1.18,1.0,0.0,0.0,-0.15,128.17
613.48,0.018,103.677,1.18,0.98,0.0,0.0,-0.16,128.17
613.54,0.018,103.677,1.17,1.0,0.0,0.0,-0.14,128.17
613.58,0.018,103.677,1.16,1.02,0.0,0.0,-0.08,128.17
613.64,0.018,103.677,1.19,0.97,0.0,0.0,0.02,128.17
613.68,0.018,103.677,1.14,1.03,0.0,0.0,-0.05,128.21
613.74,0.018,103.677,1.08,1.01,0.0,0.0,-0.09,128.21
613.8,0.018,103.677,1.06,0.98,0.0,0.0,-0.13,128.22
613.84,0.018,103.677,1.05,1.0,0.0,0.0,-0.15,128.21
613.9,0.018,103.677,1.04,1.0,0.0,0.0,-0.15,128.2
613.94,0.018,103.677,1.03,1.01,0.0,0.0,-0.11,128.21
614.0,0.018,103.677,1.04,1.0,0.0,0.0,-0.03,128.2
614.06,0.018,103.677,1.05,0.99,0.0,0.0,0.0,128.23
614.1,0.018,103.677,0.98,0.99,0.0,0.0,-0.05,128.25
614.16,0.018,103.677,0.95,1.0,0.0,0.0,-0.1,128.25
614.2,0.018,103.677,0.94,1.01,0.0,0.0,-0.13,128.24
614.26,0.018,103.677,0.93,1.01,0.0,0.0,-0.14,128.24
614.3,0.018,103.677,0.92,1.01,0.0,0.0,-0.14,128.24
614.36,0.018,103.677,0.91,1.01,0.0,0.0,-0.1,128.24
614.42,0.018,103.677,0.92,1.02,0.0,0.0,-0.06,128.24
614.46,0.018,103.677,0.94,1.01,0.0,0.0,-0.01,128.24
614.52,0.018,103.677,0.89,1.0,0.0,0.0,0.01,128.28
614.56,0.018,103.677,0.85,1.02,0.0,0.0,-0.03,128.26
614.62,0.018,103.677,0.82,1.01,0.0,0.0,-0.08,128.27
614.66,0.018,103.677,0.81,1.0,0.0,0.0,-0.11,128.28
614.72,0.018,103.677,0.81,1.02,0.0,0.0,-0.14,128.27
614.8,0.018,103.677,0.79,1.0,0.0,0.0,-0.13,128.28
614.84,0.018,103.677,0.78,1.03,0.0,0.0,-0.12,128.28
614.88,0.018,103.677,0.79,1.03,0.0,0.0,-0.1,128.29
614.96,0.018,103.677,0.86,1.01,0.0,0.0,0.02,128.31
615.04,0.018,103.677,0.8,1.03,0.0,0.0,-0.04,128.32
615.14,0.018,103.677,0.72,1.0,0.0,0.0,-0.1,128.33
615.2,0.018,103.677,0.72,1.02,0.0,0.0,-0.13,128.32
615.34,0.018,103.677,0.68,1.02,0.0,0.0,-0.12,128.33
615.4,0.018,103.677,0.68,0.97,0.0,0.0,-0.07,128.33
615.5,0.018,103.677,0.72,0.97,0.0,0.0,-0.02,128.33
615.6,0.018,103.677,0.66,1.01,0.0,0.0,0.04,128.35
615.66,0.018,103.677,0.66,1.0,0.0,0.0,-0.02,128.35
615.78,0.018,103.677,0.62,1.0,0.0,0.0,-0.11,128.36
615.86,0.018,103.677,0.61,1.03,0.0,0.0,-0.14,128.36
615.96,0.018,103.678,0.57,0.98,0.0,0.0,-0.13,128.36
616.06,0.018,103.678,0.58,0.98,0.0,0.0,-0.11,128.36
616.14,0.018,103.678,0.59,0.98,0.0,0.0,-0.08,128.36
616.24,0.018,103.678,0.62,0.99,0.0,0.0,0.02,128.37
616.3,0.018,103.678,0.59,1.01,0.0,0.0,0.02,128.39
616.4,0.018,103.678,0.53,1.01,0.0,0.0,-0.05,128.39
616.48,0.018,103.678,0.53,1.01,0.0,0.0,-0.1,128.4
616.56,0.018,103.678,0.49,1.03,0.0,0.0,-0.14,128.39
616.62,0.018,103.678,0.47,1.01,0.0,0.0,-0.14,128.39
616.72,0.018,103.678,0.45,0.99,0.0,0.0,-0.14,128.39
616.8,0.018,103.678,0.46,1.0,0.0,0.0,-0.13,128.4
616.88,0.018,103.678,0.49,0.99,0.0,0.0,-0.11,128.4
616.96,0.018,103.678,0.52,0.99,0.0,0.0,-0.09,128.39
617.06,0.018,103.678,0.53,1.0,0.0,0.0,0.03,128.4
617.14,0.018,103.678,0.49,1.01,0.0,0.0,0.01,128.42
617.24,0.018,103.678,0.45,1.01,0.0,0.0,-0.05,128.42
617.34,0.018,103.678,0.44,1.01,0.0,0.0,-0.11,128.42
617.42,0.018,103.678,0.42,1.01,0.0,0.0,-0.15,128.42
617.52,0.018,103.678,0.35,0.99,0.0,0.0,-0.15,128.42
617.6,0.018,103.678,0.34,0.99,0.0,0.0,-0.15,128.42
617.7,0.018,103.678,0.33,1.0,0.0,0.0,-0.15,128.42
617.76,0.018,103.678,0.34,1.0,0.0,0.0,-0.14,128.42
617.88,0.018,103.678,0.4,0.98,0.0,0.0,-0.14,128.42
617.96,0.018,103.678,0.42,0.98,0.0,0.0,-0.12,128.41
618.02,0.018,103.678,0.43,1.0,0.0,0.0,-0.06,128.42
618.12,0.018,103.678,0.43,1.0,0.0,0.0,0.02,128.42
618.2,0.018,103.678,0.42,1.01,0.0,0.0,0.02,128.45
618.28,0.018,103.678,0.39,1.01,0.0,0.0,-0.04,128.43
618.36,0.018,103.678,0.39,1.01,0.0,0.0,-0.12,128.44
618.46,0.018,103.678,0.39,1.01,0.0,0.0,-0.16,128.44
618.54,0.018,103.678,0.35,1.01,0.0,0.0,-0.16,128.45
618.62,0.018,103.678,0.29,1.0,0.0,0.0,-0.16,128.44
618.7,0.018,103.678,0.28,1.0,0.0,0.0,-0.16,128.44
618.8,0.018,103.678,0.26,1.01,0.0,0.0,-0.16,128.44
618.88,0.018,103.678,0.27,1.0,0.0,0.0,-0.16,128.44
618.96,0.018,103.678,0.29,0.99,0.0,0.0,-0.15,128.45
619.06,0.018,103.678,0.34,0.99,0.0,0.0,-0.16,128.43
619.16,0.018,103.678,0.39,1.01,0.0,0.0,-0.14,128.43
619.22,0.018,103.678,0.37,1.01,0.0,0.0,-0.08,128.43
619.3,0.018,103.678,0.36,1.0,0.0,0.0,-0.07,128.43
619.42,0.018,103.678,0.39,1.0,0.0,0.0,0.04,128.44
619.5,0.018,103.678,0.35,1.02,0.0,0.0,-0.02,128.47
619.56,0.018,103.678,0.34,1.02,0.0,0.0,-0.04,128.46
619.66,0.018,103.678,0.34,0.99,0.0,0.0,-0.12,128.47
619.7,0.018,103.678,0.34,0.99,0.0,0.0,-0.15,128.47
619.86,0.018,103.678,0.23,1.0,0.0,0.0,-0.16,128.47
619.92,0.018,103.678,0.21,1.0,0.0,0.0,-0.16,128.47
620.02,0.018,103.678,0.16,1.01,0.0,0.0,-0.16,128.47
620.12,0.018,103.678,0.13,1.0,0.0,0.0,-0.17,128.47
620.2,0.018,103.678,0.12,1.0,0.0,0.0,-0.16,128.47
620.28,0.018,103.678,0.11,1.0,0.0,0.0,-0.16,128.46
620.38,0.018,103.678,0.1,1.0,0.0,0.0,-0.16,128.46
620.44,0.018,103.678,0.1,1.0,0.0,0.0,-0.16,128.46
620.52,0.018,103.678,0.11,1.0,0.0,0.0,-0.17,128.46
620.6,0.018,103.678,0.12,1.0,0.0,0.0,-0.17,128.46
620.7,0.018,103.678,0.14,1.0,0.0,0.0,-0.16,128.46
620.8,0.018,103.678,0.17,1.0,0.0,0.0,-0.17,128.46
620.88,0.018,103.678,0.23,1.0,0.0,0.0,-0.17,128.46
620.96,0.018,103.678,0.28,0.99,0.0,0.0,-0.17,128.46
621.06,0.018,103.678,0.3,1.01,0.0,0.0,-0.13,128.46
621.12,0.018,103.678,0.29,1.0,0.0,0.0,-0.08,128.46
621.22,0.018,103.678,0.3,1.01,0.0,0.0,-0.04,128.46
621.32,0.018,103.678,0.32,1.01,0.0,0.0,0.04,128.46
621.42,0.018,103.678,0.31,1.0,0.0,0.0,-0.02,128.49
621.5,0.018,103.678,0.31,1.01,0.0,0.0,-0.09,128.46
621.56,0.018,103.678,0.31,1.0,0.0,0.0,-0.13,128.47
621.66,0.018,103.678,0.32,1.0,0.0,0.0,-0.14,128.48
621.74,0.018,103.678,0.24,1.01,0.0,0.0,-0.14,128.48
621.8,0.018,103.678,0.19,1.0,0.0,0.0,-0.13,128.48
621.9,0.018,103.678,0.16,1.0,0.0,0.0,-0.14,128.48
621.98,0.018,103.678,0.12,0.99,0.0,0.0,-0.14,128.48
622.1,0.018,103.678,0.09,1.0,0.0,0.0,-0.14,128.48
622.18,0.018,103.678,0.07,1.0,0.0,0.0,-0.14,128.48
622.26,0.018,103.678,0.06,1.01,0.0,0.0,-0.15,128.48
622.32,0.018,103.678,0.06,1.0,0.0,0.0,-0.14,128.48
622.44,0.018,103.678,0.05,1.0,0.0,0.0,-0.15,128.48
622.5,0.018,103.678,0.04,1.0,0.0,0.0,-0.15,128.48
622.6,0.018,103.678,0.04,1.0,0.0,0.0,-0.16,128.48
622.7,0.018,103.678,0.03,1.0,0.0,0.0,-0.16,128.48
622.76,0.018,103.678,0.03,1.0,0.0,0.0,-0.17,128.48
622.86,0.018,103.678,0.03,1.0,0.0,0.0,-0.18,128.48
622.94,0.018,103.678,0.02,1.0,0.0,0.0,-0.16,128.48
623.0,0.018,103.678,0.02,1.0,0.0,0.0,-0.17,128.48
623.1,0.018,103.678,0.02,1.0,0.0,0.0,-0.16,128.49
623.2,0.018,103.678,0.03,1.0,0.0,0.0,-0.17,128.48
623.28,0.018,103.678,0.02,1.0,0.0,0.0,-0.17,128.48
623.36,0.018,103.678,0.02,1.0,0.0,0.0,-0.16,128.48
623.44,0.018,103.678,0.03,1.0,0.0,0.0,-0.16,128.48
623.52,0.018,103.678,0.03,1.0,0.0,0.0,-0.17,128.48
623.6,0.018,103.678,0.03,1.0,0.0,0.0,-0.16,128.48
623.68,0.018,103.678,0.04,1.0,0.0,0.0,-0.17,128.48
623.76,0.018,103.678,0.05,1.0,0.0,0.0,-0.17,128.48
623.86,0.018,103.678,0.07,1.0,0.0,0.0,-0.17,128.48
623.94,0.018,103.678,0.08,1.0,0.0,0.0,-0.17,128.47
624.04,0.018,103.678,0.1,1.0,0.0,0.0,-0.17,128.47
624.12,0.018,103.678,0.15,1.0,0.0,0.0,-0.17,128.47
624.2,0.018,103.678,0.18,0.99,0.0,0.0,-0.17,128.47
624.28,0.018,103.678,0.2,0.99,0.0,0.0,-0.16,128.48
624.38,0.018,103.678,0.22,1.0,0.0,0.0,-0.14,128.47
624.44,0.018,103.678,0.22,1.01,0.0,0.0,-0.11,128.47
624.54,0.018,103.678,0.22,1.0,0.0,0.0,-0.07,128.47
624.62,0.018,103.679,0.22,1.0,0.0,0.0,-0.06,128.47
624.7,0.018,103.679,0.24,1.0,0.0,0.0,0.0,128.47
624.8,0.018,103.679,0.3,0.98,0.0,0.0,0.04,128.48
624.88,0.018,103.679,0.3,1.01,0.0,0.0,-0.01,128.48
624.98,0.018,103.679,0.29,1.0,0.0,0.0,-0.04,128.48
625.06,0.018,103.679,0.28,1.01,0.0,0.0,-0.12,128.49
625.14,0.018,103.679,0.23,1.02,0.0,0.0,-0.13,128.48
625.2,0.018,103.679,0.18,1.01,0.0,0.0,-0.13,128.48
625.3,0.018,103.679,0.13,1.01,0.0,0.0,-0.13,128.49
625.4,0.018,103.679,0.07,1.0,0.0,0.0,-0.13,128.49
625.48,0.018,103.679,0.03,1.0,0.0,0.0,-0.14,128.49
625.56,0.018,103.679,0.01,0.99,0.0,0.0,-0.15,128.49
625.68,0.018,103.679,0.03,1.0,0.0,0.0,-0.14,128.49
625.76,0.018,103.679,0.09,0.99,0.0,0.0,-0.14,128.49
625.86,0.018,103.679,0.13,0.99,0.0,0.0,-0.14,128.49
625.94,0.018,103.679,0.17,1.0,0.0,0.0,-0.13,128.49
626.02,0.018,103.679,0.26,1.0,0.0,0.0,-0.12,128.49
626.12,0.018,103.679,0.22,1.0,0.0,0.0,-0.07,128.49
626.18,0.018,103.679,0.21,1.0,0.0,0.0,-0.03,128.48
626.28,0.018,103.679,0.21,1.01,0.0,0.0,0.0,128.48
626.4,0.018,103.679,0.2,1.03,0.0,0.0,0.01,128.46
626.48,0.018,103.679,0.14,1.0,0.0,0.0,-0.01,128.46
626.56,0.018,103.679,0.11,1.0,0.0,0.0,-0.02,128.46
626.64,0.018,103.679,0.05,1.0,0.0,0.0,-0.04,128.47
626.74,0.018,103.679,0.03,1.0,0.0,0.0,-0.03,128.46
626.82,0.018,103.679,0.03,1.0,0.0,0.0,-0.03,128.47
626.9,0.018,103.679,0.05,0.99,0.0,0.0,-0.02,128.47
627.02,0.018,103.679,0.14,1.0,0.0,0.0,-0.01,128.46
627.1,0.018,103.679,0.18,1.0,0.0,0.0,0.02,128.46
627.18,0.018,103.679,0.17,1.0,0.0,0.0,-0.01,128.5
627.26,0.018,103.679,0.16,1.0,0.0,0.0,-0.04,128.49
627.34,0.018,103.679,0.16,1.0,0.0,0.0,-0.05,128.49
627.44,0.018,103.679,0.16,1.0,0.0,0.0,-0.1,128.49
627.54,0.018,103.679,0.18,1.0,0.0,0.0,-0.12,128.49
627.6,0.018,103.679,0.13,1.0,0.0,0.0,-0.12,128.5
627.72,0.018,103.679,0.07,0.99,0.0,0.0,-0.13,128.5
627.8,0.018,103.679,0.03,1.01,0.0,0.0,-0.13,128.5
627.88,0.018,103.679,0.08,1.01,0.0,0.0,-0.12,128.5
627.98,0.018,103.679,0.13,1.0,0.0,0.0,-0.11,128.49
628.06,0.018,103.679,0.11,1.0,0.0,0.0,-0.09,128.49
628.16,0.018,103.679,0.09,1.0,0.0,0.0,-0.07,128.49
628.24,0.018,103.679,0.09,0.99,0.0,0.0,-0.08,128.49
628.3,0.018,103.679,0.07,1.0,0.0,0.0,-0.06,128.49
628.38,0.018,103.679,0.07,0.99,0.0,0.0,-0.04,128.49
628.46,0.018,103.679,0.07,1.0,0.0,0.0,-0.02,128.49
628.56,0.018,103.679,0.07,1.0,0.0,0.0,-0.01,128.49
628.64,0.018,103.679,0.08,1.0,0.0,0.0,0.0,128.49
628.72,0.018,103.679,0.09,1.0,0.0,0.0,0.01,128.51
628.82,0.018,103.679,0.08,1.0,0.0,0.0,0.02,128.49
628.9,0.018,103.679,0.02,1.0,0.0,0.0,0.03,128.47
628.98,0.018,103.679,0.04,1.0,0.0,0.0,0.03,128.47
629.06,0.018,103.679,0.05,1.0,0.0,0.0,0.03,128.5
629.14,0.018,103.679,0.02,1.0,0.0,0.0,0.03,128.5
629.24,0.018,103.679,0.01,1.0,0.0,0.0,0.03,128.5
629.32,0.018,103.679,0.01,1.0,0.0,0.0,0.02,128.5
629.38,0.018,103.679,0.01,1.0,0.0,0.0,0.03,128.5
629.48,0.018,103.679,0.05,1.0,0.0,0.0,0.04,128.49
629.56,0.018,103.679,0.01,1.0,0.0,0.0,0.04,128.47
629.64,0.018,103.679,0.01,1.0,0.0,0.0,0.04,128.5
629.72,0.018,103.679,0.0,1.0,0.0,0.0,0.04,128.5
629.78,0.018,103.679,0.01,1.0,0.0,0.0,0.04,128.49
629.88,0.018,103.679,0.0,1.0,0.0,0.0,0.04,128.49
629.94,0.018,103.679,0.01,1.0,0.0,0.0,0.04,128.49
630.02,0.018,103.679,0.0,1.0,0.0,0.0,0.03,128.49
630.1,0.018,103.679,0.0,1.0,0.0,0.0,0.04,128.49
630.2,0.018,103.679,0.0,1.0,0.0,0.0,0.04,128.49
630.28,0.018,103.679,0.0,1.0,0.0,0.0,0.04,128.49
630.36,0.018,103.679,0.0,1.0,0.0,0.0,0.04,128.49
630.44,0.018,103.679,0.0,1.0,0.0,0.0,0.04,128.49
630.52,0.018,103.679,0.0,1.0,0.0,0.0,0.04,128.49
630.6,0.018,103.679,0.0,1.0,0.0,0.0,0.04,128.49
630.7,0.018,103.679,0.0,1.0,0.0,0.0,0.03,128.49
630.78,0.018,103.679,0.0,1.0,0.0,0.0,0.04,128.49
630.84,0.018,103.679,0.0,1.0,0.0,0.0,0.04,128.49
630.94,0.018,103.679,0.0,1.0,0.0,0.0,0.04,128.49
631.02,0.018,103.679,0.0,1.0,0.0,0.0,0.03,128.49
631.1,0.018,103.679,0.0,1.0,0.0,0.0,0.04,128.49
631.18,0.018,103.679,0.01,1.0,0.0,0.0,0.03,128.49
631.26,0.018,103.679,0.0,1.0,0.0,0.0,0.03,128.49
631.34,0.018,103.679,0.0,1.0,0.0,0.0,0.04,128.49
631.42,0.018,103.679,0.0,1.0,0.0,0.0,0.04,128.49
631.5,0.018,103.679,0.0,1.0,0.0,0.0,0.04,128.49
631.6,0.018,103.679,0.0,1.0,0.0,0.0,0.03,128.49
631.68,0.018,103.679,0.0,1.0,0.0,0.0,0.04,128.49
631.78,0.018,103.679,0.0,1.0,0.0,0.0,0.03,128.49
631.86,0.018,103.679,0.0,1.0,0.0,0.0,0.04,128.49
631.94,0.018,103.679,0.0,1.0,0.0,0.0,0.04,128.49
632.0,0.018,103.679,0.0,1.0,0.0,0.0,0.04,128.49
632.1,0.018,103.679,0.0,1.0,0.0,0.0,0.04,128.49
632.18,0.018,103.679,0.0,1.0,0.0,0.0,0.04,128.49
632.26,0.018,103.679,0.0,1.0,0.0,0.0,0.04,128.49
632.36,0.018,103.679,0.0,1.0,0.0,0.0,0.04,128.49
632.44,0.018,103.679,0.0,1.0,0.0,0.0,0.04,128.49
632.52,0.018,103.679,0.01,1.0,0.0,0.0,0.04,128.49
632.62,0.018,103.679,0.0,1.0,0.0,0.0,0.04,128.49
632.7,0.018,103.679,0.0,1.0,0.0,0.0,0.03,128.49
632.78,0.018,103.679,0.0,1.0,0.0,0.0,0.04,128.49
632.86,0.018,103.679,0.0,1.0,0.0,0.0,0.04,128.49
632.92,0.018,103.679,0.0,1.0,0.0,0.0,0.04,128.49
633.0,0.018,103.679,0.0,1.0,0.0,0.0,0.04,128.49
633.1,0.018,103.679,0.0,1.0,0.0,0.0,0.04,128.49
633.18,0.018,103.679,0.0,1.0,0.0,0.0,0.04,128.49
633.24,0.018,103.679,0.0,1.0,0.0,0.0,0.04,128.49
633.36,0.018,103.679,0.0,1.0,0.0,0.0,0.04,128.49
633.44,0.018,103.679,0.0,1.0,0.0,0.0,0.04,128.49
633.52,0.018,103.679,0.0,1.0,0.0,0.0,0.04,128.49
633.62,0.018,103.679,0.0,1.0,0.0,0.0,0.04,128.49
633.7,0.018,103.679,0.0,1.0,0.0,0.0,0.04,128.49
633.78,0.018,103.679,0.01,1.0,0.0,0.0,0.04,128.49
633.86,0.018,103.679,0.0,1.0,0.0,0.0,0.04,128.49
633.92,0.018,103.679,0.0,1.0,0.0,0.0,0.04,128.49
634.02,0.018,103.679,0.0,1.0,0.0,0.0,0.03,128.49
634.1,0.018,103.679,0.0,1.0,0.0,0.0,0.04,128.49
634.16,0.018,103.679,0.0,1.0,0.0,0.0,0.03,128.49
634.26,0.018,103.679,0.0,1.0,0.0,0.0,0.04,128.49
634.36,0.018,103.679,0.0,1.0,0.0,0.0,0.04,128.49
634.46,0.018,103.679,0.0,1.0,0.0,0.0,0.04,128.49
634.5,0.018,103.679,0.0,1.0,0.0,0.0,0.04,128.49
634.6,0.018,103.679,0.0,1.0,0.0,0.0,0.04,128.49
634.62,0.018,103.679,0.0,1.0,0.0,0.0,0.04,128.49
634.76,0.018,103.679,0.0,1.0,0.0,0.0,0.04,128.49
634.86,0.018,103.679,0.0,1.0,0.0,0.0,0.04,128.49
634.94,0.018,103.679,0.01,1.0,0.0,0.0,0.03,128.49
635.02,0.018,103.679,0.0,1.0,0.0,0.0,0.04,128.49
635.12,0.018,103.679,0.0,1.0,0.0,0.0,0.04,128.49
635.2,0.018,103.679,0.0,1.0,0.0,0.0,0.04,128.49
635.28,0.018,103.679,0.0,1.0,0.0,0.0,0.03,128.49
635.4,0.018,103.679,0.0,1.0,0.0,0.0,0.04,128.49
635.48,0.018,103.679,0.0,1.0,0.0,0.0,0.03,128.49
635.56,0.018,103.679,0.0,1.0,0.0,0.0,0.04,128.49
635.66,0.018,103.679,0.0,1.0,0.0,0.0,0.04,128.49
635.74,0.018,103.679,0.0,1.0,0.0,0.0,0.04,128.49
635.8,0.018,103.679,0.0,1.0,0.0,0.0,0.04,128.49
635.9,0.018,103.679,0.0,1.0,0.0,0.0,0.04,128.49
636.0,0.018,103.679,0.0,1.0,0.0,0.0,0.04,128.49
636.06,0.018,103.679,0.01,1.0,0.0,0.0,0.04,128.49
636.16,0.018,103.679,0.0,1.0,0.0,0.0,0.04,128.49
636.2,0.018,103.679,0.0,1.0,0.0,0.0,0.04,128.49
636.32,0.018,103.679,0.01,1.0,0.0,0.0,0.04,128.49
636.36,0.018,103.679,0.0,1.0,0.0,0.0,0.04,128.49
636.5,0.018,103.679,0.01,1.0,0.0,0.0,0.04,128.49
636.6,0.018,103.679,0.0,1.0,0.0,0.0,0.03,128.49
636.68,0.018,103.679,0.01,1.0,0.0,0.0,0.04,128.49
636.78,0.018,103.679,0.0,1.0,0.0,0.0,0.03,128.49
636.9,0.018,103.679,0.0,1.0,0.0,0.0,0.04,128.49
636.98,0.018,103.679,0.0,1.0,0.0,0.0,0.04,128.49
637.08,0.018,103.679,0.0,1.0,0.0,0.0,0.04,128.49
637.18,0.018,103.679,0.0,1.0,0.0,0.0,0.04,128.49
637.26,0.018,103.679,0.0,1.0,0.0,0.0,0.03,128.49
637.34,0.018,103.679,0.0,1.0,0.0,0.0,0.04,128.49
637.42,0.018,103.679,0.0,1.0,0.0,0.0,0.04,128.49
637.5,0.018,103.679,0.0,1.0,0.0,0.0,0.03,128.49
637.58,0.018,103.679,0.0,1.0,0.0,0.0,0.04,128.49
637.68,0.018,103.679,0.0,1.0,0.0,0.0,0.04,128.49
637.76,0.018,103.679,0.0,1.0,0.0,0.0,0.04,128.49
637.78,0.018,103.679,0.0,1.0,0.0,0.0,0.04,128.49
637.86,0.018,103.679,0.0,1.0,0.0,0.0,0.04,128.49
637.94,0.018,103.679,0.0,1.0,0.0,0.0,0.04,128.49
638.0,0.018,103.679,0.0,1.0,0.0,0.0,0.04,128.49
638.08,0.018,103.679,0.0,1.0,0.0,0.0,0.04,128.49
638.18,0.018,103.679,0.0,1.0,0.0,0.0,0.04,128.49
638.26,0.018,103.679,0.01,1.0,0.0,0.0,0.04,128.49
638.34,0.018,103.679,0.0,1.0,0.0,0.0,0.03,128.49
638.4,0.018,103.679,0.0,1.0,0.0,0.0,0.04,128.49
638.52,0.018,103.679,0.0,1.0,0.0,0.0,0.04,128.49
638.6,0.018,103.679,0.0,1.0,0.0,0.0,0.04,128.49
638.68,0.018,103.679,0.01,1.0,0.0,0.0,0.04,128.49
638.78,0.018,103.679,0.0,1.0,0.0,0.0,0.04,128.49
638.86,0.018,103.679,0.0,1.0,0.0,0.0,0.04,128.49
638.92,0.018,103.679,0.0,1.0,0.0,0.0,0.04,128.49
639.02,0.018,103.679,0.0,1.0,0.0,0.0,0.04,128.49
639.1,0.018,103.679,0.0,1.0,0.0,0.0,0.04,128.49
639.2,0.018,103.679,0.0,1.0,0.0,0.0,0.03,128.49
639.28,0.018,103.679,0.0,1.0,0.0,0.0,0.04,128.49
639.38,0.018,103.679,0.0,1.0,0.0,0.0,0.04,128.49
639.44,0.018,103.679,0.0,1.0,0.0,0.0,0.04,128.49
639.52,0.018,103.679,0.0,1.0,0.0,0.0,0.04,128.49
639.64,0.018,103.679,0.0,1.0,0.0,0.0,0.04,128.49
639.74,0.018,103.679,0.0,1.0,0.0,0.0,0.04,128.49
639.82,0.018,103.679,0.0,1.0,0.0,0.0,0.04,128.49
639.9,0.018,103.679,0.0,1.0,0.0,0.0,0.04,128.49
639.96,0.018,103.679,0.0,1.0,0.0,0.0,0.04,128.49
640.0,0.018,103.679,0.0,1.0,0.0,0.0,0.04,128.49
640.08,0.018,103.679,0.0,1.0,0.0,0.0,0.04,128.49
640.12,0.018,103.679,0.0,1.0,0.0,0.0,0.04,128.49
640.22,0.018,103.679,0.0,1.0,0.0,0.0,0.04,128.49
640.28,0.018,103.679,0.01,1.0,0.0,0.0,0.04,128.49
640.38,0.018,103.679,0.0,1.0,0.0,0.0,0.04,128.49
640.46,0.018,103.679,0.0,1.0,0.0,0.0,0.04,128.49
640.52,0.018,103.679,0.01,1.0,0.0,0.0,0.04,128.49
640.62,0.018,103.679,0.0,1.0,0.0,0.0,0.04,128.49
640.64,0.018,103.679,0.0,1.0,0.0,0.0,0.04,128.49
640.72,0.018,103.679,0.0,1.0,0.0,0.0,0.04,128.49
640.78,0.018,103.679,0.0,1.0,0.0,0.0,0.03,128.49
640.88,0.018,103.679,0.0,1.0,0.0,0.0,0.04,128.49
640.96,0.018,103.679,0.0,1.0,0.0,0.0,0.03,128.49
640.98,0.018,103.679,0.0,1.0,0.0,0.0,0.03,128.49
641.06,0.018,103.679,0.0,1.0,0.0,0.0,0.03,128.49
641.12,0.018,103.679,0.0,1.0,0.0,0.0,0.04,128.49
641.2,0.018,103.679,0.01,1.0,0.0,0.0,0.04,128.49
641.28,0.018,103.679,0.0,1.0,0.0,0.0,0.03,128.49
641.38,0.018,103.679,0.0,1.0,0.0,0.0,0.04,128.49
641.46,0.018,103.679,0.0,1.0,0.0,0.0,0.03,128.49
641.56,0.018,103.679,0.0,1.0,0.0,0.0,0.03,128.49
641.64,0.018,103.679,0.0,1.0,0.0,0.0,0.03,128.49
641.66,0.018,103.679,0.0,1.0,0.0,0.0,0.04,128.49
641.74,0.018,103.679,0.0,1.0,0.0,0.0,0.03,128.49
641.82,0.018,103.679,0.0,1.0,0.0,0.0,0.04,128.49
641.96,0.018,103.679,0.0,1.0,0.0,0.0,0.04,128.49
642.04,0.018,103.679,0.0,1.0,0.0,0.0,0.04,128.49
642.12,0.018,103.679,0.0,1.0,0.0,0.0,0.04,128.49
642.2,0.018,103.679,0.0,1.0,0.0,0.0,0.04,128.49
642.28,0.018,103.679,0.0,1.0,0.0,0.0,0.03,128.49
642.38,0.018,103.679,0.01,1.0,0.0,0.0,0.03,128.49
642.46,0.018,103.679,0.0,1.0,0.0,0.0,0.04,128.49
642.54,0.018,103.679,0.0,1.0,0.0,0.0,0.04,128.49
642.64,0.018,103.679,0.0,1.0,0.0,0.0,0.04,128.49
642.66,0.018,103.679,0.0,1.0,0.0,0.0,0.04,128.49
642.74,0.018,103.679,0.0,1.0,0.0,0.0,0.04,128.49
642.82,0.018,103.679,0.0,1.0,0.0,0.0,0.04,128.49
642.94,0.018,103.679,0.0,1.0,0.0,0.0,0.04,128.49
643.02,0.018,103.679,0.0,1.0,0.0,0.0,0.04,128.49
643.12,0.018,103.679,0.0,1.0,0.0,0.0,0.03,128.49
643.2,0.018,103.679,0.0,1.0,0.0,0.0,0.03,128.49
643.28,0.018,103.679,0.0,1.0,0.0,0.0,0.04,128.49
643.34,0.018,103.679,0.0,1.0,0.0,0.0,0.04,128.49
643.44,0.018,103.679,0.0,1.0,0.0,0.0,0.04,128.49
643.54,0.018,103.679,0.0,1.0,0.0,0.0,0.04,128.49
643.62,0.018,103.679,0.0,1.0,0.0,0.0,0.04,128.49
643.68,0.018,103.679,0.0,1.0,0.0,0.0,0.04,128.49
643.72,0.018,103.679,0.0,1.0,0.0,0.0,0.03,128.49
643.84,0.018,103.679,0.0,1.0,0.0,0.0,0.04,128.49
643.96,0.018,103.679,0.0,1.0,0.0,0.0,0.04,128.49
644.02,0.018,103.679,0.0,1.0,0.0,0.0,0.04,128.49
644.06,0.018,103.679,0.0,1.0,0.0,0.0,0.04,128.49
644.18,0.018,103.679,0.0,1.0,0.0,0.0,0.04,128.49
644.28,0.018,103.679,0.0,1.0,0.0,0.0,0.04,128.49
644.36,0.018,103.679,0.0,1.0,0.0,0.0,0.04,128.49
644.38,0.018,103.679,0.0,1.0,0.0,0.0,0.04,128.49
644.46,0.018,103.679,0.0,1.0,0.0,0.0,0.04,128.49
644.52,0.018,103.679,0.0,1.0,0.0,0.0,0.04,128.49
644.6,0.018,103.679,0.0,1.0,0.0,0.0,0.04,128.49
644.7,0.018,103.679,0.0,1.0,0.0,0.0,0.04,128.49
644.78,0.018,103.679,0.0,1.0,0.0,0.0,0.04,128.49
644.84,0.018,103.679,0.0,1.0,0.0,0.0,0.04,128.49
644.92,0.018,103.679,0.0,1.0,0.0,0.0,0.03,128.49
645.04,0.018,103.679,0.0,1.0,0.0,0.0,0.03,128.49
645.1,0.018,103.679,0.0,1.0,0.0,0.0,0.03,128.49
645.2,0.018,103.679,0.0,1.0,0.0,0.0,0.04,128.49
645.26,0.018,103.679,0.0,1.0,0.0,0.0,0.04,128.49
645.36,0.018,103.679,0.0,1.0,0.0,0.0,0.03,128.49
645.46,0.018,103.679,0.0,1.0,0.0,0.0,0.04,128.49
645.52,0.018,103.679,0.0,1.0,0.0,0.0,0.04,128.49
645.62,0.018,103.679,0.0,1.0,0.0,0.0,0.03,128.49
645.7,0.018,103.679,0.0,1.0,0.0,0.0,0.04,128.49
645.78,0.018,103.679,0.0,1.0,0.0,0.0,0.03,128.49
645.84,0.018,103.679,0.0,1.0,0.0,0.0,0.04,128.49
645.88,0.018,103.679,0.0,1.0,0.0,0.0,0.04,128.49
646.02,0.018,103.679,0.0,1.0,0.0,0.0,0.04,128.49
646.1,0.018,103.679,0.0,1.0,0.0,0.0,0.03,128.49
646.18,0.018,103.679,0.01,1.0,0.0,0.0,0.03,128.49
646.26,0.018,103.679,0.0,1.0,0.0,0.0,0.04,128.49
646.34,0.018,103.679,0.0,1.0,0.0,0.0,0.04,128.49
646.44,0.018,103.679,0.0,1.0,0.0,0.0,0.04,128.49
646.5,0.018,103.679,0.0,1.0,0.0,0.0,0.04,128.49
646.6,0.018,103.679,0.0,1.0,0.0,0.0,0.04,128.49
646.7,0.018,103.679,0.0,1.0,0.0,0.0,0.04,128.49
646.78,0.018,103.679,0.0,1.0,0.0,0.0,0.04,128.49
646.88,0.018,103.679,0.0,1.0,0.0,0.0,0.04,128.49
646.98,0.018,103.679,0.0,1.0,0.0,0.0,0.04,128.49
647.08,0.018,103.679,0.0,1.0,0.0,0.0,0.03,128.49
647.18,0.018,103.679,0.0,1.0,0.0,0.0,0.04,128.49
647.28,0.018,103.679,0.0,1.0,0.0,0.0,0.04,128.49
647.38,0.018,103.679,0.0,1.0,0.0,0.0,0.03,128.49
647.48,0.018,103.679,0.0,1.0,0.0,0.0,0.04,128.49
647.56,0.018,103.679,0.0,1.0,0.0,0.0,0.04,128.49
647.68,0.018,103.679,0.0,1.0,0.0,0.0,0.04,128.49
647.76,0.018,103.679,0.0,1.0,0.0,0.0,0.03,128.49
647.86,0.018,103.679,0.0,1.0,0.0,0.0,0.04,128.49
647.96,0.018,103.679,0.0,1.0,0.0,0.0,0.04,128.49
648.06,0.018,103.679,0.01,1.0,0.0,0.0,0.04,128.49
648.14,0.018,103.679,0.01,1.0,0.0,0.0,0.04,128.49
648.18,0.018,103.679,0.0,1.0,0.0,0.0,0.04,128.49
648.3,0.018,103.679,0.0,1.0,0.0,0.0,0.04,128.49
648.38,0.018,103.679,0.0,1.0,0.0,0.0,0.04,128.49
648.48,0.018,103.679,0.0,1.0,0.0,0.0,0.04,128.49
648.58,0.018,103.679,0.0,1.0,0.0,0.0,0.04,128.49
648.66,0.018,103.679,0.0,1.0,0.0,0.0,0.04,128.49
648.76,0.018,103.679,0.0,1.0,0.0,0.0,0.03,128.49
648.86,0.018,103.679,0.0,1.0,0.0,0.0,0.04,128.49
648.96,0.018,103.679,0.0,1.0,0.0,0.0,0.04,128.49
649.06,0.018,103.679,0.0,1.0,0.0,0.0,0.04,128.49
649.16,0.018,103.679,0.0,1.0,0.0,0.0,0.04,128.49
649.26,0.018,103.679,0.01,1.0,0.0,0.0,0.04,128.49
649.34,0.018,103.679,0.0,1.0,0.0,0.0,0.04,128.49
649.42,0.018,103.679,0.0,1.0,0.0,0.0,0.04,128.49
649.52,0.018,103.679,0.0,1.0,0.0,0.0,0.04,128.49
649.64,0.018,103.679,0.0,1.0,0.0,0.0,0.04,128.49
649.74,0.018,103.679,0.0,1.0,0.0,0.0,0.04,128.49
649.84,0.018,103.679,0.0,1.0,0.0,0.0,0.04,128.49
649.96,0.018,103.679,0.0,1.0,0.0,0.0,0.04,128.49
650.04,0.018,103.679,0.0,1.0,0.0,0.0,0.03,128.49
650.12,0.018,103.679,0.01,1.0,0.0,0.0,0.04,128.49
650.16,0.018,103.679,0.01,1.0,0.0,0.0,0.04,128.49
650.32,0.018,103.679,0.0,1.0,0.0,0.0,0.04,128.49
650.36,0.018,103.679,0.0,1.0,0.0,0.0,0.04,128.49
650.44,0.018,103.679,0.0,1.0,0.0,0.0,0.04,128.49
650.6,0.018,103.679,0.0,1.0,0.0,0.0,0.04,128.49
650.7,0.018,103.679,0.0,1.0,0.0,0.0,0.03,128.49
650.8,0.018,103.679,0.01,1.0,0.0,0.0,0.04,128.49
650.9,0.018,103.679,0.0,1.0,0.0,0.0,0.04,128.49
651.0,0.018,103.679,0.0,1.0,0.0,0.0,0.04,128.49
651.1,0.018,103.679,0.0,1.0,0.0,0.0,0.04,128.49
651.2,0.018,103.679,0.0,1.0,0.0,0.0,0.04,128.49
651.3,0.018,103.679,0.0,1.0,0.0,0.0,0.04,128.49
651.38,0.018,103.679,0.0,1.0,0.0,0.0,0.04,128.49
651.44,0.018,103.679,0.0,1.0,0.0,0.0,0.04,128.49
651.58,0.018,103.679,0.0,1.0,0.0,0.0,0.03,128.49
651.68,0.018,103.679,0.0,1.0,0.0,0.0,0.04,128.49
651.76,0.018,103.679,0.0,1.0,0.0,0.0,0.04,128.49
651.8,0.018,103.679,0.0,1.0,0.0,0.0,0.04,128.49
651.98,0.018,103.679,0.0,1.0,0.0,0.0,0.04,128.49
652.04,0.018,103.679,0.0,1.0,0.0,0.0,0.04,128.49
652.12,0.018,103.679,0.0,1.0,0.0,0.0,0.04,128.49
652.22,0.018,103.679,0.0,1.0,0.0,0.0,0.04,128.49
652.32,0.018,103.679,0.0,1.0,0.0,0.0,0.04,128.49
652.4,0.018,103.679,0.0,1.0,0.0,0.0,0.04,128.49
652.52,0.018,103.679,0.0,1.0,0.0,0.0,0.04,128.49
652.62,0.018,103.679,0.01,1.0,0.0,0.0,0.04,128.49
652.72,0.018,103.679,0.0,1.0,0.0,0.0,0.04,128.49
652.8,0.018,103.679,0.0,1.0,0.0,0.0,0.04,128.49
652.88,0.018,103.679,0.0,1.0,0.0,0.0,0.04,128.49
653.0,0.018,103.679,0.0,1.0,0.0,0.0,0.04,128.49
653.12,0.018,103.679,0.0,1.0,0.0,0.0,0.04,128.49
653.18,0.018,103.679,0.0,1.0,0.0,0.0,0.04,128.49
653.28,0.018,103.679,0.0,1.0,0.0,0.0,0.04,128.49
653.38,0.018,103.679,0.0,1.0,0.0,0.0,0.04,128.49
653.48,0.018,103.679,0.0,1.0,0.0,0.0,0.03,128.49
653.58,0.018,103.679,0.0,1.0,0.0,0.0,0.04,128.49
653.64,0.018,103.679,0.0,1.0,0.0,0.0,0.04,128.49
653.76,0.018,103.679,0.0,1.0,0.0,0.0,0.04,128.49
653.86,0.018,103.679,0.0,1.0,0.0,0.0,0.04,128.49
653.96,0.018,103.679,0.0,1.0,0.0,0.0,0.04,128.49
654.04,0.018,103.679,0.0,1.0,0.0,0.0,0.04,128.49
654.08,0.018,103.679,0.01,1.0,0.0,0.0,0.04,128.49
654.22,0.018,103.679,0.01,1.0,0.0,0.0,0.04,128.49
654.32,0.018,103.679,0.0,1.0,0.0,0.0,0.04,128.49
654.4,0.018,103.679,0.0,1.0,0.0,0.0,0.04,128.49
654.5,0.018,103.679,0.0,1.0,0.0,0.0,0.03,128.49
654.58,0.018,103.679,0.0,1.0,0.0,0.0,0.04,128.49
654.68,0.018,103.679,0.0,1.0,0.0,0.0,0.04,128.49
654.76,0.018,103.679,0.0,1.0,0.0,0.0,0.04,128.49
654.84,0.018,103.679,0.0,1.0,0.0,0.0,0.04,128.49
654.94,0.018,103.679,0.0,1.0,0.0,0.0,0.04,128.49
655.02,0.018,103.679,0.0,1.0,0.0,0.0,0.04,128.49
655.1,0.018,103.679,0.0,1.0,0.0,0.0,0.04,128.49
655.16,0.018,103.679,0.0,1.0,0.0,0.0,0.04,128.49
655.26,0.018,103.679,0.0,1.0,0.0,0.0,0.04,128.49
655.34,0.018,103.679,0.01,1.0,0.0,0.0,0.04,128.49
655.44,0.018,103.679,0.0,1.0,0.0,0.0,0.04,128.49
655.52,0.018,103.679,0.0,1.0,0.0,0.0,0.04,128.49
655.6,0.018,103.679,0.0,1.0,0.0,0.0,0.04,128.49
655.7,0.018,103.679,0.0,1.0,0.0,0.0,0.04,128.49
655.78,0.018,103.679,0.0,1.0,0.0,0.0,0.04,128.49
655.86,0.018,103.679,0.0,1.0,0.0,0.0,0.04,128.49
655.94,0.018,103.679,0.0,1.0,0.0,0.0,0.03,128.49
656.02,0.018,103.679,0.0,1.0,0.0,0.0,0.04,128.49
656.12,0.018,103.679,0.0,1.0,0.0,0.0,0.04,128.49
656.18,0.018,103.679,0.0,1.0,0.0,0.0,0.03,128.49
656.22,0.018,103.679,0.0,1.0,0.0,0.0,0.03,128.49
656.3,0.018,103.679,0.0,1.0,0.0,0.0,0.03,128.49
656.36,0.018,103.679,0.0,1.0,0.0,0.0,0.04,128.49
656.46,0.018,103.679,0.0,1.0,0.0,0.0,0.04,128.49
656.54,0.018,103.679,0.0,1.0,0.0,0.0,0.04,128.49
656.62,0.018,103.679,0.0,1.0,0.0,0.0,0.04,128.49
656.7,0.018,103.679,0.0,1.0,0.0,0.0,0.04,128.49
656.78,0.018,103.679,0.01,1.0,0.0,0.0,0.04,128.49
656.86,0.018,103.679,0.01,1.0,0.0,0.0,0.03,128.49
656.96,0.018,103.679,0.0,1.0,0.0,0.0,0.04,128.49
657.06,0.018,103.679,0.0,1.0,0.0,0.0,0.03,128.49
657.16,0.018,103.679,0.0,1.0,0.0,0.0,0.04,128.49
657.24,0.018,103.679,0.0,1.0,0.0,0.0,0.04,128.49
657.32,0.018,103.679,0.0,1.0,0.0,0.0,0.04,128.49
657.36,0.018,103.679,0.01,1.0,0.0,0.0,0.04,128.49
657.44,0.018,103.679,0.0,1.0,0.0,0.0,0.03,128.49
657.5,0.018,103.679,0.0,1.0,0.0,0.0,0.04,128.49
657.6,0.018,103.679,0.0,1.0,0.0,0.0,0.04,128.49
657.66,0.018,103.679,0.01,1.0,0.0,0.0,0.04,128.49
657.74,0.018,103.679,0.0,1.0,0.0,0.0,0.04,128.49
657.84,0.018,103.679,0.0,1.0,0.0,0.0,0.04,128.49
657.92,0.018,103.679,0.0,1.0,0.0,0.0,0.04,128.49
658.0,0.018,103.679,0.0,1.0,0.0,0.0,0.04,128.49
658.08,0.018,103.679,0.0,1.0,0.0,0.0,0.04,128.49
658.16,0.018,103.679,0.0,1.0,0.0,0.0,0.04,128.49
658.26,0.018,103.679,0.0,1.0,0.0,0.0,0.03,128.49
658.32,0.018,103.679,0.0,1.0,0.0,0.0,0.04,128.49
658.42,0.018,103.679,0.0,1.0,0.0,0.0,0.04,128.49
658.5,0.018,103.679,0.0,1.0,0.0,0.0,0.04,128.49
658.58,0.018,103.679,0.0,1.0,0.0,0.0,0.04,128.49
658.66,0.018,103.679,0.0,1.0,0.0,0.0,0.04,128.49
658.74,0.018,103.679,0.0,1.0,0.0,0.0,0.04,128.49
658.84,0.018,103.679,0.0,1.0,0.0,0.0,0.04,128.49
658.92,0.018,103.679,0.0,1.0,0.0,0.0,0.04,128.49
659.0,0.018,103.679,0.0,1.0,0.0,0.0,0.04,128.49
659.08,0.018,103.679,0.0,1.0,0.0,0.0,0.04,128.49
659.16,0.018,103.679,0.0,1.0,0.0,0.0,0.03,128.49
659.26,0.018,103.679,0.0,1.0,0.0,0.0,0.04,128.49
659.34,0.018,103.679,0.0,1.0,0.0,0.0,0.03,128.49
659.42,0.018,103.679,0.0,1.0,0.0,0.0,0.04,128.49
659.52,0.018,103.679,0.0,1.0,0.0,0.0,0.04,128.49
659.6,0.018,103.679,0.0,1.0,0.0,0.0,0.04,128.49
659.68,0.018,103.679,0.0,1.0,0.0,0.0,0.04,128.49
659.78,0.018,103.679,0.0,1.0,0.0,0.0,0.04,128.49
659.86,0.018,103.679,0.0,1.0,0.0,0.0,0.04,128.49
659.94,0.018,103.679,0.0,1.0,0.0,0.0,0.04,128.49
660.02,0.018,103.679,0.0,1.0,0.0,0.0,0.04,128.49
660.1,0.018,103.679,0.0,1.0,0.0,0.0,0.04,128.49
660.16,0.018,103.679,0.0,1.0,0.0,0.0,0.04,128.49
660.26,0.018,103.679,0.0,1.0,0.0,0.0,0.03,128.49
660.28,0.018,103.679,0.0,1.0,0.0,0.0,0.03,128.49
660.38,0.018,103.679,0.0,1.0,0.0,0.0,0.04,128.49
660.42,0.018,103.679,0.0,1.0,0.0,0.0,0.04,128.49
660.5,0.018,103.679,0.0,1.0,0.0,0.0,0.04,128.49
660.58,0.018,103.679,0.01,1.0,0.0,0.0,0.04,128.49
660.64,0.018,103.679,0.0,1.0,0.0,0.0,0.04,128.49
660.74,0.018,103.679,0.0,1.0,0.0,0.0,0.04,128.49
660.84,0.018,103.679,0.0,1.0,0.0,0.0,0.04,128.49
660.92,0.018,103.679,0.0,1.0,0.0,0.0,0.04,128.49
660.98,0.018,103.679,0.0,1.0,0.0,0.0,0.04,128.49
661.02,0.018,103.679,0.0,1.0,0.0,0.0,0.04,128.49
661.1,0.018,103.679,0.0,1.0,0.0,0.0,0.04,128.49
661.16,0.018,103.679,0.0,1.0,0.0,0.0,0.03,128.49
661.24,0.018,103.679,0.0,1.0,0.0,0.0,0.03,128.49
661.3,0.018,103.679,0.0,1.0,0.0,0.0,0.04,128.49
661.4,0.018,103.679,0.0,1.0,0.0,0.0,0.04,128.49
661.46,0.018,103.679,0.0,1.0,0.0,0.0,0.04,128.49
661.58,0.018,103.679,0.0,1.0,0.0,0.0,0.04,128.49
661.64,0.018,103.679,0.0,1.0,0.0,0.0,0.04,128.49
661.72,0.018,103.679,0.0,1.0,0.0,0.0,0.04,128.49
661.82,0.018,103.679,0.0,1.0,0.0,0.0,0.04,128.49
661.92,0.018,103.679,0.0,1.0,0.0,0.0,0.04,128.49
662.02,0.018,103.679,0.01,1.0,0.0,0.0,0.04,128.49
662.1,0.018,103.679,0.01,1.0,0.0,0.0,0.04,128.49
662.18,0.018,103.679,0.01,1.0,0.0,0.0,0.04,128.49
662.28,0.018,103.679,0.0,1.0,0.0,0.0,0.04,128.49
662.36,0.018,103.679,0.0,1.0,0.0,0.0,0.04,128.49
662.44,0.018,103.679,0.0,1.0,0.0,0.0,0.03,128.49
662.5,0.018,103.679,0.0,1.0,0.0,0.0,0.03,128.49
662.6,0.018,103.679,0.0,1.0,0.0,0.0,0.04,128.49
662.68,0.018,103.679,0.0,1.0,0.0,0.0,0.04,128.49
662.76,0.018,103.679,0.0,1.0,0.0,0.0,0.04,128.49
662.86,0.018,103.679,0.0,1.0,0.0,0.0,0.04,128.49
662.92,0.018,103.679,0.0,1.0,0.0,0.0,0.04,128.49
663.0,0.018,103.679,0.0,1.0,0.0,0.0,0.04,128.49
663.1,0.018,103.679,0.0,1.0,0.0,0.0,0.04,128.49
663.2,0.018,103.679,0.0,1.0,0.0,0.0,0.04,128.49
663.28,0.018,103.679,0.0,1.0,0.0,0.0,0.04,128.49
663.38,0.018,103.679,0.0,1.0,0.0,0.0,0.04,128.49
663.46,0.018,103.679,0.0,1.0,0.0,0.0,0.04,128.49
663.54,0.018,103.679,0.0,1.0,0.0,0.0,0.03,128.49
663.64,0.018,103.679,0.0,1.0,0.0,0.0,0.03,128.49
663.7,0.018,103.679,0.0,1.0,0.0,0.0,0.04,128.49
663.76,0.018,103.679,0.0,1.0,0.0,0.0,0.03,128.49
663.88,0.018,103.679,0.0,1.0,0.0,0.0,0.03,128.49
663.94,0.018,103.679,0.0,1.0,0.0,0.0,0.04,128.49
664.02,0.018,103.679,0.0,1.0,0.0,0.0,0.04,128.49
664.06,0.018,103.679,0.0,1.0,0.0,0.0,0.04,128.49
664.14,0.018,103.679,0.0,1.0,0.0,0.0,0.04,128.49
664.18,0.018,103.679,0.0,1.0,0.0,0.0,0.04,128.49
664.26,0.018,103.679,0.0,1.0,0.0,0.0,0.04,128.49
664.3,0.018,103.679,0.0,1.0,0.0,0.0,0.04,128.49
664.38,0.018,103.679,0.0,1.0,0.0,0.0,0.04,128.49
664.44,0.018,103.679,0.0,1.0,0.0,0.0,0.04,128.49
664.54,0.018,103.679,0.0,1.0,0.0,0.0,0.04,128.49
664.64,0.018,103.679,0.01,1.0,0.0,0.0,0.04,128.49
664.72,0.018,103.679,0.0,1.0,0.0,0.0,0.04,128.49
664.8,0.018,103.679,0.0,1.0,0.0,0.0,0.04,128.49
664.88,0.018,103.679,0.0,1.0,0.0,0.0,0.03,128.49
664.98,0.018,103.679,0.0,1.0,0.0,0.0,0.03,128.49
665.06,0.018,103.679,0.0,1.0,0.0,0.0,0.04,128.49
665.12,0.018,103.679,0.01,1.0,0.0,0.0,0.04,128.49
665.24,0.018,103.679,0.0,1.0,0.0,0.0,0.04,128.49
665.32,0.018,103.679,0.0,1.0,0.0,0.0,0.04,128.49
665.4,0.018,103.679,0.0,1.0,0.0,0.0,0.04,128.49
665.5,0.018,103.679,0.0,1.0,0.0,0.0,0.04,128.49
665.58,0.018,103.679,0.0,1.0,0.0,0.0,0.04,128.49
665.66,0.018,103.679,0.0,1.0,0.0,0.0,0.04,128.49
665.74,0.018,103.679,0.0,1.0,0.0,0.0,0.03,128.49
665.84,0.018,103.679,0.0,1.0,0.0,0.0,0.03,128.49
665.92,0.018,103.679,0.0,1.0,0.0,0.0,0.04,128.49
666.02,0.018,103.679,0.01,1.0,0.0,0.0,0.04,128.49
666.1,0.018,103.679,0.0,1.0,0.0,0.0,0.03,128.49
666.2,0.018,103.679,0.01,1.0,0.0,0.0,0.04,128.49
666.3,0.018,103.679,0.0,1.0,0.0,0.0,0.04,128.49
666.36,0.018,103.679,0.0,1.0,0.0,0.0,0.04,128.49
666.38,0.018,103.679,0.0,1.0,0.0,0.0,0.04,128.49
666.5,0.018,103.679,0.01,1.0,0.0,0.0,0.04,128.49
666.58,0.018,103.679,0.0,1.0,0.0,0.0,0.04,128.49
666.66,0.018,103.679,0.0,1.0,0.0,0.0,0.04,128.49
666.74,0.018,103.679,0.0,1.0,0.0,0.0,0.04,128.49
666.82,0.018,103.679,0.0,1.0,0.0,0.0,0.04,128.49
666.9,0.018,103.679,0.0,1.0,0.0,0.0,0.04,128.49
667.0,0.018,103.679,0.0,1.0,0.0,0.0,0.03,128.49
667.08,0.018,103.679,0.0,1.0,0.0,0.0,0.04,128.49
667.18,0.018,103.679,0.0,1.0,0.0,0.0,0.04,128.49
667.3,0.018,103.679,0.0,1.0,0.0,0.0,0.04,128.49
667.4,0.018,103.679,0.0,1.0,0.0,0.0,0.04,128.49
667.5,0.018,103.679,0.0,1.0,0.0,0.0,0.04,128.49
667.58,0.018,103.679,0.0,1.0,0.0,0.0,0.04,128.49
667.66,0.018,103.679,0.0,1.0,0.0,0.0,0.04,128.49
667.76,0.018,103.679,0.0,1.0,0.0,0.0,0.04,128.49
667.86,0.018,103.679,0.01,1.0,0.0,0.0,0.04,128.49
667.98,0.018,103.679,0.0,1.0,0.0,0.0,0.03,128.49
668.06,0.018,103.679,0.01,1.0,0.0,0.0,0.04,128.49
668.16,0.018,103.679,0.0,1.0,0.0,0.0,0.04,128.49
668.18,0.018,103.679,0.0,1.0,0.0,0.0,0.04,128.49
668.26,0.018,103.679,0.0,1.0,0.0,0.0,0.04,128.49
668.38,0.018,103.679,0.0,1.0,0.0,0.0,0.04,128.49
668.48,0.018,103.679,0.0,1.0,0.0,0.0,0.04,128.49
668.56,0.018,103.679,0.01,1.0,0.0,0.0,0.04,128.49
668.66,0.018,103.679,0.0,1.0,0.0,0.0,0.04,128.49
668.68,0.018,103.679,0.0,1.0,0.0,0.0,0.04,128.49
668.74,0.018,103.679,0.0,1.0,0.0,0.0,0.04,128.49
668.88,0.018,103.679,0.0,1.0,0.0,0.0,0.04,128.49
669.0,0.018,103.679,0.0,1.0,0.0,0.0,0.03,128.49
669.08,0.018,103.679,0.0,1.0,0.0,0.0,0.04,128.49
669.18,0.018,103.679,0.0,1.0,0.0,0.0,0.04,128.49
669.3,0.018,103.679,0.0,1.0,0.0,0.0,0.04,128.49
669.38,0.018,103.679,0.0,1.0,0.0,0.0,0.04,128.49
669.48,0.018,103.679,0.0,1.0,0.0,0.0,0.04,128.49
669.58,0.018,103.679,0.0,1.0,0.0,0.0,0.04,128.49
669.68,0.018,103.679,0.01,1.0,0.0,0.0,0.04,128.49
669.78,0.018,103.679,0.01,1.0,0.0,0.0,0.04,128.49
669.86,0.018,103.679,0.0,1.0,0.0,0.0,0.03,128.49
669.96,0.018,103.679,0.0,1.0,0.0,0.0,0.03,128.49
670.04,0.018,103.679,0.0,1.0,0.0,0.0,0.03,128.49
670.12,0.018,103.679,0.01,1.0,0.0,0.0,0.04,128.49
670.2,0.018,103.679,0.01,1.0,0.0,0.0,0.04,128.49
670.28,0.018,103.679,0.0,1.0,0.0,0.0,0.04,128.49
670.36,0.018,103.679,0.0,1.0,0.0,0.0,0.04,128.49
670.44,0.018,103.679,0.0,1.0,0.0,0.0,0.04,128.49
670.52,0.018,103.679,0.0,1.0,0.0,0.0,0.04,128.49
670.62,0.018,103.679,0.0,1.0,0.0,0.0,0.04,128.49
670.72,0.018,103.679,0.0,1.0,0.0,0.0,0.04,128.49
670.8,0.018,103.679,0.0,1.0,0.0,0.0,0.04,128.49
670.82,0.018,103.679,0.0,1.0,0.0,0.0,0.04,128.49
670.9,0.018,103.679,0.0,1.0,0.0,0.0,0.03,128.49
670.96,0.018,103.679,0.0,1.0,0.0,0.0,0.03,128.49
671.02,0.018,103.679,0.0,1.0,0.0,0.0,0.04,128.49
671.12,0.018,103.679,0.0,1.0,0.0,0.0,0.04,128.49
671.22,0.018,103.679,0.0,1.0,0.0,0.0,0.04,128.49
671.3,0.018,103.679,0.0,1.0,0.0,0.0,0.04,128.49
671.38,0.018,103.679,0.0,1.0,0.0,0.0,0.04,128.49
671.44,0.018,103.679,0.0,1.0,0.0,0.0,0.04,128.49
671.56,0.018,103.679,0.0,1.0,0.0,0.0,0.04,128.49
671.64,0.018,103.679,0.0,1.0,0.0,0.0,0.04,128.49
671.72,0.018,103.679,0.0,1.0,0.0,0.0,0.04,128.49
671.8,0.018,103.679,0.0,1.0,0.0,0.0,0.03,128.49
671.86,0.018,103.679,0.0,1.0,0.0,0.0,0.04,128.49
671.96,0.018,103.679,0.0,1.0,0.0,0.0,0.04,128.49
672.06,0.018,103.679,0.0,1.0,0.0,0.0,0.04,128.49
672.14,0.018,103.679,0.0,1.0,0.0,0.0,0.04,128.49
672.2,0.018,103.679,0.0,1.0,0.0,0.0,0.04,128.49
672.3,0.018,103.679,0.0,1.0,0.0,0.0,0.04,128.49
672.4,0.018,103.679,0.0,1.0,0.0,0.0,0.04,128.49
672.48,0.018,103.679,0.0,1.0,0.0,0.0,0.04,128.49
672.56,0.018,103.679,0.0,1.0,0.0,0.0,0.04,128.49
672.64,0.018,103.679,0.0,1.0,0.0,0.0,0.03,128.49
672.74,0.018,103.679,0.0,1.0,0.0,0.0,0.03,128.49
672.82,0.018,103.679,0.0,1.0,0.0,0.0,0.04,128.49
672.84,0.018,103.679,0.0,1.0,0.0,0.0,0.04,128.49
672.98,0.018,103.679,0.0,1.0,0.0,0.0,0.04,128.49
673.08,0.018,103.679,0.0,1.0,0.0,0.0,0.04,128.49
673.16,0.018,103.679,0.0,1.0,0.0,0.0,0.04,128.49
673.24,0.018,103.679,0.0,1.0,0.0,0.0,0.04,128.49
673.34,0.018,103.679,0.0,1.0,0.0,0.0,0.04,128.49
673.44,0.018,103.679,0.0,1.0,0.0,0.0,0.04,128.49
673.5,0.018,103.679,0.0,1.0,0.0,0.0,0.04,128.49
673.6,0.018,103.679,0.0,1.0,0.0,0.0,0.04,128.49
673.66,0.018,103.679,0.01,1.0,0.0,0.0,0.04,128.49
673.76,0.018,103.679,0.0,1.0,0.0,0.0,0.04,128.49
673.86,0.018,103.679,0.0,1.0,0.0,0.0,0.04,128.49
673.96,0.018,103.679,0.0,1.0,0.0,0.0,0.04,128.49
674.02,0.018,103.679,0.0,1.0,0.0,0.0,0.04,128.49
674.14,0.018,103.679,0.0,1.0,0.0,0.0,0.03,128.49
674.2,0.018,103.679,0.0,1.0,0.0,0.0,0.04,128.49
674.28,0.018,103.679,0.0,1.0,0.0,0.0,0.04,128.49
674.38,0.018,103.679,0.0,1.0,0.0,0.0,0.04,128.49
674.46,0.018,103.679,0.0,1.0,0.0,0.0,0.04,128.49
674.54,0.018,103.679,0.01,1.0,0.0,0.0,0.04,128.49
674.62,0.018,103.679,0.0,1.0,0.0,0.0,0.04,128.49
674.68,0.018,103.679,0.0,1.0,0.0,0.0,0.04,128.49
674.78,0.018,103.679,0.0,1.0,0.0,0.0,0.04,128.49
674.88,0.018,103.679,0.0,1.0,0.0,0.0,0.04,128.49
674.96,0.018,103.679,0.01,1.0,0.0,0.0,0.04,128.49
674.98,0.018,103.679,0.01,1.0,0.0,0.0,0.04,128.49
675.12,0.018,103.679,0.0,1.0,0.0,0.0,0.03,128.49
675.22,0.018,103.679,0.0,1.0,0.0,0.0,0.04,128.49
675.3,0.018,103.679,0.0,1.0,0.0,0.0,0.04,128.49
675.38,0.018,103.679,0.0,1.0,0.0,0.0,0.04,128.49
675.46,0.018,103.679,0.0,1.0,0.0,0.0,0.04,128.49
675.56,0.018,103.679,0.0,1.0,0.0,0.0,0.04,128.49
675.64,0.018,103.679,0.0,1.0,0.0,0.0,0.04,128.49
675.74,0.018,103.679,0.01,1.0,0.0,0.0,0.04,128.49
675.84,0.018,103.679,0.0,1.0,0.0,0.0,0.04,128.49
675.92,0.018,103.679,0.0,1.0,0.0,0.0,0.04,128.49
676.0,0.018,103.679,0.0,1.0,0.0,0.0,0.04,128.49
676.06,0.018,103.679,0.0,1.0,0.0,0.0,0.04,128.49
676.1,0.018,103.679,0.0,1.0,0.0,0.0,0.04,128.49
676.2,0.018,103.679,0.0,1.0,0.0,0.0,0.03,128.49
676.24,0.018,103.679,0.0,1.0,0.0,0.0,0.04,128.49
676.32,0.018,103.679,0.0,1.0,0.0,0.0,0.04,128.49
676.44,0.018,103.679,0.0,1.0,0.0,0.0,0.03,128.49
676.52,0.018,103.679,0.0,1.0,0.0,0.0,0.03,128.49
676.62,0.018,103.679,0.0,1.0,0.0,0.0,0.04,128.49
676.7,0.018,103.679,0.0,1.0,0.0,0.0,0.04,128.49
676.78,0.018,103.679,0.0,1.0,0.0,0.0,0.04,128.49
676.86,0.018,103.679,0.0,1.0,0.0,0.0,0.04,128.49
676.96,0.018,103.679,0.0,1.0,0.0,0.0,0.04,128.49
677.04,0.018,103.679,0.0,1.0,0.0,0.0,0.04,128.49
677.06,0.018,103.679,0.0,1.0,0.0,0.0,0.04,128.49
677.14,0.018,103.679,0.0,1.0,0.0,0.0,0.04,128.49
677.2,0.018,103.679,0.0,1.0,0.0,0.0,0.04,128.49
677.28,0.018,103.679,0.0,1.0,0.0,0.0,0.04,128.49
677.36,0.018,103.679,0.0,1.0,0.0,0.0,0.03,128.49
677.46,0.018,103.679,0.0,1.0,0.0,0.0,0.04,128.49
677.54,0.018,103.679,0.0,1.0,0.0,0.0,0.04,128.49
677.64,0.018,103.679,0.0,1.0,0.0,0.0,0.03,128.49
677.72,0.018,103.679,0.0,1.0,0.0,0.0,0.04,128.49
677.8,0.018,103.679,0.0,1.0,0.0,0.0,0.04,128.49
677.88,0.018,103.679,0.0,1.0,0.0,0.0,0.04,128.49
677.92,0.018,103.679,0.0,1.0,0.0,0.0,0.04,128.49
678.0,0.018,103.679,0.0,1.0,0.0,0.0,0.04,128.49
678.06,0.018,103.679,0.0,1.0,0.0,0.0,0.04,128.49
678.14,0.018,103.679,0.0,1.0,0.0,0.0,0.04,128.49
678.22,0.018,103.679,0.0,1.0,0.0,0.0,0.04,128.49
678.3,0.018,103.679,0.0,1.0,0.0,0.0,0.04,128.49
678.38,0.018,103.679,0.0,1.0,0.0,0.0,0.04,128.49
678.46,0.018,103.679,0.0,1.0,0.0,0.0,0.04,128.49
678.56,0.018,103.679,0.0,1.0,0.0,0.0,0.04,128.49
678.64,0.018,103.679,0.0,1.0,0.0,0.0,0.04,128.49
678.74,0.018,103.679,0.0,1.0,0.0,0.0,0.04,128.49
678.8,0.018,103.679,0.01,1.0,0.0,0.0,0.04,128.49
678.88,0.018,103.679,0.0,1.0,0.0,0.0,0.04,128.49
678.98,0.018,103.679,0.0,1.0,0.0,0.0,0.04,128.49
679.06,0.018,103.679,0.0,1.0,0.0,0.0,0.04,128.49
679.16,0.018,103.679,0.0,1.0,0.0,0.0,0.04,128.49
679.26,0.018,103.679,0.0,1.0,0.0,0.0,0.04,128.49
679.34,0.018,103.679,0.0,1.0,0.0,0.0,0.04,128.49
679.44,0.018,103.679,0.0,1.0,0.0,0.0,0.04,128.49
679.52,0.018,103.679,0.0,1.0,0.0,0.0,0.04,128.49
679.6,0.018,103.679,0.0,1.0,0.0,0.0,0.04,128.49
679.68,0.018,103.679,0.0,1.0,0.0,0.0,0.03,128.49
679.76,0.018,103.679,0.0,1.0,0.0,0.0,0.04,128.49
679.84,0.018,103.679,0.0,1.0,0.0,0.0,0.04,128.49
679.94,0.018,103.679,0.0,1.0,0.0,0.0,0.04,128.49
680.02,0.018,103.679,0.0,1.0,0.0,0.0,0.04,128.49
680.1,0.018,103.679,0.0,1.0,0.0,0.0,0.04,128.49
680.18,0.018,103.679,0.0,1.0,0.0,0.0,0.04,128.49
680.28,0.018,103.679,0.0,1.0,0.0,0.0,0.04,128.49
680.38,0.018,103.679,0.0,1.0,0.0,0.0,0.04,128.49
680.46,0.018,103.679,0.01,1.0,0.0,0.0,0.04,128.49
680.56,0.018,103.679,0.0,1.0,0.0,0.0,0.04,128.49
680.64,0.018,103.679,0.0,1.0,0.0,0.0,0.04,128.49
680.72,0.018,103.679,0.01,1.0,0.0,0.0,0.04,128.49
680.8,0.018,103.679,0.01,1.0,0.0,0.0,0.04,128.49
680.88,0.018,103.679,0.0,1.0,0.0,0.0,0.04,128.49
680.96,0.018,103.679,0.0,1.0,0.0,0.0,0.04,128.49
681.06,0.018,103.679,0.0,1.0,0.0,0.0,0.03,128.49
681.16,0.018,103.679,0.0,1.0,0.0,0.0,0.04,128.49
681.24,0.018,103.679,0.01,1.0,0.0,0.0,0.04,128.49
681.34,0.018,103.679,0.0,1.0,0.0,0.0,0.04,128.49
681.42,0.018,103.679,0.0,1.0,0.0,0.0,0.04,128.49
681.5,0.018,103.679,0.0,1.0,0.0,0.0,0.04,128.49
681.6,0.018,103.679,0.0,1.0,0.0,0.0,0.04,128.49
681.68,0.018,103.679,0.0,1.0,0.0,0.0,0.04,128.49
681.76,0.018,103.679,0.0,1.0,0.0,0.0,0.04,128.49
681.88,0.018,103.679,0.0,1.0,0.0,0.0,0.04,128.49
681.96,0.018,103.679,0.0,1.0,0.0,0.0,0.04,128.49
682.04,0.018,103.679,0.0,1.0,0.0,0.0,0.04,128.49
682.14,0.018,103.679,0.0,1.0,0.0,0.0,0.04,128.49
682.22,0.018,103.679,0.0,1.0,0.0,0.0,0.04,128.49
682.24,0.018,103.679,0.0,1.0,0.0,0.0,0.04,128.49
682.3,0.018,103.679,0.0,1.0,0.0,0.0,0.03,128.49
682.4,0.018,103.679,0.0,1.0,0.0,0.0,0.03,128.49
682.46,0.018,103.679,0.0,1.0,0.0,0.0,0.04,128.49
682.58,0.018,103.679,0.01,1.0,0.0,0.0,0.04,128.49
682.68,0.018,103.679,0.0,1.0,0.0,0.0,0.03,128.49
682.76,0.018,103.679,0.0,1.0,0.0,0.0,0.04,128.49
682.86,0.018,103.679,0.0,1.0,0.0,0.0,0.04,128.49
682.94,0.018,103.679,0.0,1.0,0.0,0.0,0.04,128.49
683.02,0.018,103.679,0.0,1.0,0.0,0.0,0.04,128.49
683.1,0.018,103.679,0.0,1.0,0.0,0.0,0.04,128.49
683.18,0.018,103.679,0.0,1.0,0.0,0.0,0.04,128.49
683.28,0.018,103.679,0.01,1.0,0.0,0.0,0.04,128.49
683.36,0.018,103.679,0.0,1.0,0.0,0.0,0.04,128.49
683.42,0.018,103.679,0.0,1.0,0.0,0.0,0.04,128.49
683.54,0.018,103.679,0.0,1.0,0.0,0.0,0.04,128.49
683.62,0.018,103.679,0.0,1.0,0.0,0.0,0.04,128.49
683.7,0.018,103.679,0.0,1.0,0.0,0.0,0.04,128.49
683.78,0.018,103.679,0.0,1.0,0.0,0.0,0.04,128.49
683.86,0.018,103.679,0.01,1.0,0.0,0.0,0.04,128.49
683.96,0.018,103.679,0.0,1.0,0.0,0.0,0.04,128.49
684.04,0.018,103.679,0.0,1.0,0.0,0.0,0.04,128.49
684.12,0.018,103.679,0.0,1.0,0.0,0.0,0.04,128.49
684.22,0.018,103.679,0.0,1.0,0.0,0.0,0.04,128.49
684.32,0.018,103.679,0.0,1.0,0.0,0.0,0.04,128.49
684.4,0.018,103.679,0.0,1.0,0.0,0.0,0.03,128.49
684.5,0.018,103.679,0.0,1.0,0.0,0.0,0.04,128.49
684.6,0.018,103.679,0.01,1.0,0.0,0.0,0.04,128.49
684.68,0.018,103.679,0.0,1.0,0.0,0.0,0.04,128.49
684.76,0.018,103.679,0.0,1.0,0.0,0.0,0.03,128.49
684.84,0.018,103.679,0.0,1.0,0.0,0.0,0.04,128.49
684.94,0.018,103.679,0.0,1.0,0.0,0.0,0.04,128.49
685.02,0.018,103.679,0.0,1.0,0.0,0.0,0.04,128.49
685.12,0.018,103.679,0.0,1.0,0.0,0.0,0.04,128.49
685.22,0.018,103.679,0.01,1.0,0.0,0.0,0.04,128.49
685.32,0.018,103.679,0.0,1.0,0.0,0.0,0.04,128.49
685.4,0.018,103.679,0.0,1.0,0.0,0.0,0.04,128.49
685.42,0.018,103.679,0.0,1.0,0.0,0.0,0.04,128.49
685.54,0.018,103.679,0.0,1.0,0.0,0.0,0.04,128.49
685.64,0.018,103.679,0.0,1.0,0.0,0.0,0.04,128.49
685.76,0.018,103.679,0.0,1.0,0.0,0.0,0.04,128.49
685.86,0.018,103.679,0.0,1.0,0.0,0.0,0.03,128.49
685.94,0.018,103.679,0.0,1.0,0.0,0.0,0.04,128.49
686.02,0.018,103.679,0.0,1.0,0.0,0.0,0.04,128.49
686.08,0.018,103.679,0.0,1.0,0.0,0.0,0.04,128.49
686.2,0.018,103.679,0.01,1.0,0.0,0.0,0.03,128.49
686.28,0.018,103.679,0.01,1.0,0.0,0.0,0.04,128.49
686.36,0.018,103.679,0.0,1.0,0.0,0.0,0.04,128.49
686.48,0.018,103.679,0.0,1.0,0.0,0.0,0.04,128.49
686.56,0.018,103.679,0.0,1.0,0.0,0.0,0.04,128.49
686.64,0.018,103.679,0.0,1.0,0.0,0.0,0.04,128.49
686.72,0.018,103.679,0.0,1.0,0.0,0.0,0.04,128.49
686.74,0.018,103.679,0.0,1.0,0.0,0.0,0.04,128.49
686.82,0.018,103.679,0.0,1.0,0.0,0.0,0.04,128.49
686.9,0.018,103.679,0.0,1.0,0.0,0.0,0.04,128.49
687.0,0.018,103.679,0.0,1.0,0.0,0.0,0.04,128.49
687.1,0.018,103.679,0.0,1.0,0.0,0.0,0.04,128.49
687.18,0.018,103.679,0.0,1.0,0.0,0.0,0.04,128.49
687.26,0.018,103.679,0.0,1.0,0.0,0.0,0.04,128.49
687.32,0.018,103.679,0.0,1.0,0.0,0.0,0.04,128.49
687.42,0.018,103.679,0.0,1.0,0.0,0.0,0.04,128.49
687.5,0.018,103.679,0.0,1.0,0.0,0.0,0.04,128.49
687.58,0.018,103.679,0.0,1.0,0.0,0.0,0.04,128.49
687.66,0.018,103.679,0.0,1.0,0.0,0.0,0.04,128.49
687.76,0.018,103.679,0.0,1.0,0.0,0.0,0.04,128.49
687.84,0.018,103.679,0.01,1.0,0.0,0.0,0.04,128.49
687.94,0.018,103.679,0.0,1.0,0.0,0.0,0.04,128.49
688.02,0.018,103.679,0.0,1.0,0.0,0.0,0.03,128.49
688.1,0.018,103.679,0.0,1.0,0.0,0.0,0.03,128.49
688.2,0.018,103.679,0.0,1.0,0.0,0.0,0.04,128.49
688.28,0.018,103.679,0.0,1.0,0.0,0.0,0.03,128.49
688.38,0.018,103.679,0.0,1.0,0.0,0.0,0.04,128.49
688.48,0.018,103.679,0.0,1.0,0.0,0.0,0.04,128.49
688.54,0.018,103.679,0.0,1.0,0.0,0.0,0.04,128.49
688.58,0.018,103.679,0.01,1.0,0.0,0.0,0.04,128.49
688.68,0.018,103.679,0.0,1.0,0.0,0.0,0.04,128.49
688.72,0.018,103.679,0.0,1.0,0.0,0.0,0.04,128.49
688.82,0.018,103.679,0.0,1.0,0.0,0.0,0.04,128.49
688.88,0.018,103.679,0.0,1.0,0.0,0.0,0.04,128.49
688.98,0.018,103.679,0.0,1.0,0.0,0.0,0.04,128.49
689.1,0.018,103.679,0.0,1.0,0.0,0.0,0.03,128.49
689.18,0.018,103.679,0.0,1.0,0.0,0.0,0.04,128.49
689.2,0.018,103.679,0.0,1.0,0.0,0.0,0.04,128.49
689.28,0.018,103.679,0.0,1.0,0.0,0.0,0.04,128.49
689.34,0.018,103.679,0.0,1.0,0.0,0.0,0.03,128.49
689.42,0.018,103.679,0.0,1.0,0.0,0.0,0.04,128.49
689.5,0.018,103.679,0.0,1.0,0.0,0.0,0.04,128.49
689.6,0.018,103.679,0.0,1.0,0.0,0.0,0.04,128.49
689.68,0.018,103.679,0.0,1.0,0.0,0.0,0.03,128.49
689.78,0.018,103.679,0.0,1.0,0.0,0.0,0.04,128.49
689.8,0.018,103.679,0.0,1.0,0.0,0.0,0.04,128.49
689.9,0.018,103.679,0.0,1.0,0.0,0.0,0.04,128.49
689.94,0.018,103.679,0.0,1.0,0.0,0.0,0.04,128.49
690.04,0.018,103.679,0.0,1.0,0.0,0.0,0.04,128.49
690.14,0.018,103.679,0.01,1.0,0.0,0.0,0.04,128.49
690.24,0.018,103.679,0.01,1.0,0.0,0.0,0.04,128.49
690.32,0.018,103.679,0.0,1.0,0.0,0.0,0.04,128.49
690.4,0.018,103.679,0.0,1.0,0.0,0.0,0.04,128.49
690.48,0.018,103.679,0.0,1.0,0.0,0.0,0.03,128.49
690.56,0.018,103.679,0.0,1.0,0.0,0.0,0.03,128.49
690.64,0.018,103.679,0.0,1.0,0.0,0.0,0.04,128.49
690.66,0.018,103.679,0.0,1.0,0.0,0.0,0.04,128.49
690.78,0.018,103.679,0.0,1.0,0.0,0.0,0.04,128.49
690.88,0.018,103.679,0.0,1.0,0.0,0.0,0.04,128.49
690.96,0.018,103.679,0.0,1.0,0.0,0.0,0.04,128.49
691.04,0.018,103.679,0.01,1.0,0.0,0.0,0.04,128.49
691.12,0.018,103.679,0.0,1.0,0.0,0.0,0.03,128.49
691.18,0.018,103.679,0.0,1.0,0.0,0.0,0.04,128.49
691.28,0.018,103.679,0.0,1.0,0.0,0.0,0.04,128.49
691.36,0.018,103.679,0.0,1.0,0.0,0.0,0.04,128.49
691.44,0.018,103.679,0.0,1.0,0.0,0.0,0.03,128.49
691.52,0.018,103.679,0.0,1.0,0.0,0.0,0.04,128.49
691.58,0.018,103.679,0.0,1.0,0.0,0.0,0.04,128.49
691.68,0.018,103.679,0.0,1.0,0.0,0.0,0.04,128.49
691.76,0.018,103.679,0.0,1.0,0.0,0.0,0.04,128.49
691.82,0.018,103.679,0.0,1.0,0.0,0.0,0.04,128.49
691.86,0.018,103.679,0.0,1.0,0.0,0.0,0.04,128.49
691.94,0.018,103.679,0.0,1.0,0.0,0.0,0.04,128.49
692.02,0.018,103.679,0.0,1.0,0.0,0.0,0.04,128.49
692.06,0.018,103.679,0.0,1.0,0.0,0.0,0.04,128.49
692.16,0.018,103.679,0.0,1.0,0.0,0.0,0.03,128.49
692.24,0.018,103.679,0.0,1.0,0.0,0.0,0.04,128.49
692.3,0.018,103.679,0.0,1.0,0.0,0.0,0.04,128.49
692.4,0.018,103.679,0.0,1.0,0.0,0.0,0.04,128.49
692.48,0.018,103.679,0.0,1.0,0.0,0.0,0.04,128.49
692.56,0.018,103.679,0.0,1.0,0.0,0.0,0.04,128.49
692.64,0.018,103.679,0.0,1.0,0.0,0.0,0.03,128.49
692.72,0.018,103.679,0.0,1.0,0.0,0.0,0.04,128.49
692.8,0.018,103.679,0.0,1.0,0.0,0.0,0.04,128.49
692.88,0.018,103.679,0.0,1.0,0.0,0.0,0.04,128.49
692.94,0.018,103.679,0.0,1.0,0.0,0.0,0.04,128.49
693.04,0.018,103.679,0.0,1.0,0.0,0.0,0.04,128.49
693.12,0.018,103.679,0.0,1.0,0.0,0.0,0.04,128.49
693.2,0.018,103.679,0.0,1.0,0.0,0.0,0.04,128.49
693.28,0.018,103.679,0.0,1.0,0.0,0.0,0.04,128.49
693.36,0.018,103.679,0.0,1.0,0.0,0.0,0.04,128.49
693.42,0.018,103.679,0.01,1.0,0.0,0.0,0.04,128.49
693.52,0.018,103.679,0.0,1.0,0.0,0.0,0.04,128.49
693.6,0.018,103.679,0.01,1.0,0.0,0.0,0.04,128.49
693.68,0.018,103.679,0.0,1.0,0.0,0.0,0.04,128.49
693.76,0.018,103.679,0.0,1.0,0.0,0.0,0.04,128.49
693.84,0.018,103.679,0.01,1.0,0.0,0.0,0.04,128.49
693.92,0.018,103.679,0.0,1.0,0.0,0.0,0.04,128.49
694.0,0.018,103.679,0.0,1.0,0.0,0.0,0.04,128.49
694.08,0.018,103.679,0.0,1.0,0.0,0.0,0.04,128.49
694.16,0.018,103.679,0.0,1.0,0.0,0.0,0.04,128.49
694.22,0.018,103.679,0.01,1.0,0.0,0.0,0.04,128.49
694.32,0.018,103.679,0.01,1.0,0.0,0.0,0.04,128.49
694.4,0.018,103.679,0.0,1.0,0.0,0.0,0.04,128.49
694.48,0.018,103.679,0.0,1.0,0.0,0.0,0.04,128.49
694.54,0.018,103.679,0.0,1.0,0.0,0.0,0.04,128.49
694.64,0.018,103.679,0.0,1.0,0.0,0.0,0.04,128.49
694.72,0.018,103.679,0.0,1.0,0.0,0.0,0.04,128.49
694.8,0.018,103.679,0.0,1.0,0.0,0.0,0.03,128.49
694.88,0.018,103.679,0.0,1.0,0.0,0.0,0.03,128.49
694.9,0.018,103.679,0.0,1.0,0.0,0.0,0.04,128.49
695.04,0.018,103.679,0.0,1.0,0.0,0.0,0.03,128.49
695.12,0.018,103.679,0.0,1.0,0.0,0.0,0.04,128.49
695.2,0.018,103.679,0.0,1.0,0.0,0.0,0.03,128.49
695.28,0.018,103.679,0.0,1.0,0.0,0.0,0.04,128.49
695.38,0.018,103.679,0.0,1.0,0.0,0.0,0.04,128.49
695.46,0.018,103.679,0.0,1.0,0.0,0.0,0.04,128.49
695.52,0.018,103.679,0.0,1.0,0.0,0.0,0.04,128.49
695.6,0.018,103.679,0.0,1.0,0.0,0.0,0.04,128.49
695.66,0.018,103.679,0.0,1.0,0.0,0.0,0.04,128.49
695.7,0.018,103.679,0.0,1.0,0.0,0.0,0.04,128.49
695.78,0.018,103.679,0.01,1.0,0.0,0.0,0.04,128.49
695.86,0.018,103.679,0.0,1.0,0.0,0.0,0.04,128.49
695.94,0.018,103.679,0.0,1.0,0.0,0.0,0.04,128.49
695.96,0.018,103.679,0.0,1.0,0.0,0.0,0.04,128.49
696.1,0.018,103.679,0.0,1.0,0.0,0.0,0.04,128.49
696.18,0.018,103.679,0.0,1.0,0.0,0.0,0.04,128.49
696.26,0.018,103.679,0.0,1.0,0.0,0.0,0.03,128.49
696.34,0.018,103.679,0.0,1.0,0.0,0.0,0.04,128.49
696.42,0.018,103.679,0.01,1.0,0.0,0.0,0.04,128.49
696.5,0.018,103.679,0.0,1.0,0.0,0.0,0.04,128.49
696.6,0.018,103.679,0.0,1.0,0.0,0.0,0.04,128.49
696.66,0.018,103.679,0.0,1.0,0.0,0.0,0.03,128.49
696.78,0.018,103.679,0.0,1.0,0.0,0.0,0.03,128.49
696.86,0.018,103.679,0.0,1.0,0.0,0.0,0.03,128.49
696.92,0.018,103.679,0.0,1.0,0.0,0.0,0.04,128.49
697.02,0.018,103.679,0.0,1.0,0.0,0.0,0.04,128.49
697.1,0.018,103.679,0.0,1.0,0.0,0.0,0.04,128.49
697.16,0.018,103.679,0.0,1.0,0.0,0.0,0.04,128.49
697.26,0.018,103.679,0.0,1.0,0.0,0.0,0.04,128.49
697.32,0.018,103.679,0.01,1.0,0.0,0.0,0.04,128.49
697.4,0.018,103.679,0.0,1.0,0.0,0.0,0.04,128.49
697.48,0.018,103.679,0.0,1.0,0.0,0.0,0.04,128.49
697.58,0.018,103.679,0.01,1.0,0.0,0.0,0.04,128.49
697.66,0.018,103.679,0.0,1.0,0.0,0.0,0.04,128.49
697.76,0.018,103.679,0.0,1.0,0.0,0.0,0.04,128.49
697.84,0.018,103.679,0.0,1.0,0.0,0.0,0.04,128.49
697.92,0.018,103.679,0.0,1.0,0.0,0.0,0.03,128.49
698.0,0.018,103.679,0.0,1.0,0.0,0.0,0.04,128.49
698.08,0.018,103.679,0.0,1.0,0.0,0.0,0.03,128.49
698.16,0.018,103.679,0.0,1.0,0.0,0.0,0.03,128.49
698.24,0.018,103.679,0.0,1.0,0.0,0.0,0.03,128.49
698.32,0.018,103.679,0.0,1.0,0.0,0.0,0.03,128.49
698.4,0.018,103.679,0.0,1.0,0.0,0.0,0.04,128.49
698.48,0.018,103.679,0.0,1.0,0.0,0.0,0.04,128.49
698.56,0.018,103.679,0.0,1.0,0.0,0.0,0.04,128.49
698.64,0.018,103.679,0.0,1.0,0.0,0.0,0.04,128.49
698.7,0.018,103.679,0.0,1.0,0.0,0.0,0.04,128.49
698.74,0.018,103.679,0.0,1.0,0.0,0.0,0.04,128.49
698.88,0.018,103.679,0.0,1.0,0.0,0.0,0.04,128.49
698.94,0.018,103.679,0.0,1.0,0.0,0.0,0.04,128.49
699.04,0.018,103.679,0.0,1.0,0.0,0.0,0.04,128.49
699.1,0.018,103.679,0.01,1.0,0.0,0.0,0.04,128.49
699.14,0.018,103.679,0.0,1.0,0.0,0.0,0.04,128.49
699.28,0.018,103.679,0.0,1.0,0.0,0.0,0.04,128.49
699.36,0.018,103.679,0.0,1.0,0.0,0.0,0.04,128.49
699.44,0.018,103.679,0.0,1.0,0.0,0.0,0.04,128.49
699.52,0.018,103.679,0.0,1.0,0.0,0.0,0.04,128.49
699.6,0.018,103.679,0.0,1.0,0.0,0.0,0.04,128.49
699.66,0.018,103.679,0.0,1.0,0.0,0.0,0.04,128.49
699.76,0.018,103.679,0.0,1.0,0.0,0.0,0.04,128.49
699.84,0.018,103.679,0.0,1.0,0.0,0.0,0.04,128.49
699.92,0.018,103.679,0.0,1.0,0.0,0.0,0.04,128.49
699.94,0.018,103.679,0.0,1.0,0.0,0.0,0.04,128.49
700.06,0.018,103.679,0.0,1.0,0.0,0.0,0.04,128.49
700.16,0.018,103.679,0.0,1.0,0.0,0.0,0.04,128.49
700.24,0.018,103.679,0.01,1.0,0.0,0.0,0.04,128.49
700.32,0.018,103.679,0.0,1.0,0.0,0.0,0.04,128.49
700.4,0.018,103.679,0.0,1.0,0.0,0.0,0.04,128.49
700.48,0.018,103.679,0.0,1.0,0.0,0.0,0.04,128.49
700.56,0.018,103.679,0.0,1.0,0.0,0.0,0.03,128.49
700.64,0.018,103.679,0.0,1.0,0.0,0.0,0.04,128.49
700.74,0.018,103.679,0.0,1.0,0.0,0.0,0.03,128.49
700.82,0.018,103.679,0.0,1.0,0.0,0.0,0.04,128.49
700.9,0.018,103.679,0.0,1.0,0.0,0.0,0.04,128.49
701.0,0.018,103.679,0.0,1.0,0.0,0.0,0.04,128.49
701.1,0.018,103.679,0.0,1.0,0.0,0.0,0.03,128.49
701.18,0.018,103.679,0.01,1.0,0.0,0.0,0.04,128.49
701.28,0.018,103.679,0.0,1.0,0.0,0.0,0.04,128.49
701.36,0.018,103.679,0.0,1.0,0.0,0.0,0.04,128.49
701.44,0.018,103.679,0.0,1.0,0.0,0.0,0.04,128.49
701.52,0.018,103.679,0.0,1.0,0.0,0.0,0.04,128.49
701.6,0.018,103.679,0.0,1.0,0.0,0.0,0.03,128.49
701.68,0.018,103.679,0.0,1.0,0.0,0.0,0.04,128.49
701.78,0.018,103.679,0.0,1.0,0.0,0.0,0.04,128.49
701.86,0.018,103.679,0.0,1.0,0.0,0.0,0.04,128.49
701.94,0.018,103.679,0.01,1.0,0.0,0.0,0.04,128.49
702.02,0.018,103.679,0.0,1.0,0.0,0.0,0.04,128.49
702.12,0.018,103.679,0.0,1.0,0.0,0.0,0.03,128.49
702.14,0.018,103.679,0.01,1.0,0.0,0.0,0.04,128.49
702.26,0.018,103.679,0.0,1.0,0.0,0.0,0.04,128.49
702.34,0.018,103.679,0.0,1.0,0.0,0.0,0.03,128.49
702.42,0.018,103.679,0.0,1.0,0.0,0.0,0.04,128.49
702.5,0.018,103.679,0.0,1.0,0.0,0.0,0.04,128.49
702.58,0.018,103.679,0.0,1.0,0.0,0.0,0.04,128.49
702.66,0.018,103.679,0.0,1.0,0.0,0.0,0.04,128.49
702.74,0.018,103.679,0.0,1.0,0.0,0.0,0.04,128.49
702.8,0.018,103.679,0.0,1.0,0.0,0.0,0.03,128.49
702.9,0.018,103.679,0.0,1.0,0.0,0.0,0.03,128.49
702.98,0.018,103.679,0.01,1.0,0.0,0.0,0.03,128.49
703.06,0.018,103.679,0.0,1.0,0.0,0.0,0.04,128.49
703.12,0.018,103.679,0.0,1.0,0.0,0.0,0.04,128.49
703.22,0.018,103.679,0.0,1.0,0.0,0.0,0.04,128.49
703.28,0.018,103.679,0.0,1.0,0.0,0.0,0.03,128.49
703.36,0.018,103.679,0.0,1.0,0.0,0.0,0.04,128.49
703.44,0.018,103.679,0.0,1.0,0.0,0.0,0.03,128.49
703.54,0.018,103.679,0.0,1.0,0.0,0.0,0.03,128.49
703.62,0.018,103.679,0.0,1.0,0.0,0.0,0.03,128.49
703.7,0.018,103.679,0.0,1.0,0.0,0.0,0.04,128.49
703.78,0.018,103.679,0.0,1.0,0.0,0.0,0.03,128.49
703.86,0.018,103.679,0.0,1.0,0.0,0.0,0.03,128.49
703.94,0.018,103.679,0.0,1.0,0.0,0.0,0.04,128.49
704.02,0.018,103.679,0.0,1.0,0.0,0.0,0.03,128.49
704.1,0.018,103.679,0.0,1.0,0.0,0.0,0.04,128.49
704.18,0.018,103.679,0.0,1.0,0.0,0.0,0.04,128.49
704.26,0.018,103.679,0.0,1.0,0.0,0.0,0.04,128.49
704.34,0.018,103.679,0.0,1.0,0.0,0.0,0.04,128.49
704.42,0.018,103.679,0.0,1.0,0.0,0.0,0.04,128.49
704.48,0.018,103.679,0.0,1.0,0.0,0.0,0.03,128.49
704.56,0.018,103.679,0.0,1.0,0.0,0.0,0.03,128.49
704.66,0.018,103.679,0.0,1.0,0.0,0.0,0.03,128.49
704.72,0.018,103.679,0.0,1.0,0.0,0.0,0.04,128.49
704.82,0.018,103.679,0.0,1.0,0.0,0.0,0.03,128.49
704.9,0.018,103.679,0.0,1.0,0.0,0.0,0.04,128.49
704.92,0.018,103.679,0.0,1.0,0.0,0.0,0.04,128.49
705.02,0.018,103.679,0.0,1.0,0.0,0.0,0.03,128.49
705.04,0.018,103.679,0.0,1.0,0.0,0.0,0.04,128.49
705.14,0.018,103.679,0.0,1.0,0.0,0.0,0.04,128.49
705.22,0.018,103.679,0.0,1.0,0.0,0.0,0.04,128.49
705.3,0.018,103.679,0.0,1.0,0.0,0.0,0.04,128.49
705.36,0.018,103.679,0.0,1.0,0.0,0.0,0.03,128.49
705.44,0.018,103.679,0.0,1.0,0.0,0.0,0.04,128.49
705.54,0.018,103.679,0.0,1.0,0.0,0.0,0.04,128.49
705.62,0.018,103.679,0.0,1.0,0.0,0.0,0.04,128.49
705.68,0.018,103.679,0.0,1.0,0.0,0.0,0.03,128.49
705.76,0.018,103.679,0.0,1.0,0.0,0.0,0.04,128.49
705.84,0.018,103.679,0.0,1.0,0.0,0.0,0.04,128.49
705.92,0.018,103.679,0.0,1.0,0.0,0.0,0.04,128.49
705.98,0.018,103.679,0.0,1.0,0.0,0.0,0.04,128.49
706.02,0.018,103.679,0.0,1.0,0.0,0.0,0.04,128.49
706.1,0.018,103.679,0.0,1.0,0.0,0.0,0.04,128.49
706.16,0.018,103.679,0.0,1.0,0.0,0.0,0.04,128.49
706.24,0.018,103.679,0.01,1.0,0.0,0.0,0.04,128.49
706.32,0.018,103.679,0.0,1.0,0.0,0.0,0.04,128.49
706.4,0.018,103.679,0.0,1.0,0.0,0.0,0.04,128.49
706.46,0.018,103.679,0.0,1.0,0.0,0.0,0.04,128.49
706.56,0.018,103.679,0.0,1.0,0.0,0.0,0.04,128.49
706.64,0.018,103.679,0.0,1.0,0.0,0.0,0.03,128.49
706.72,0.018,103.679,0.0,1.0,0.0,0.0,0.03,128.49
706.8,0.018,103.679,0.0,1.0,0.0,0.0,0.03,128.49
706.88,0.018,103.679,0.0,1.0,0.0,0.0,0.04,128.49
706.96,0.018,103.679,0.0,1.0,0.0,0.0,0.04,128.49
707.04,0.018,103.679,0.0,1.0,0.0,0.0,0.04,128.49
707.1,0.018,103.679,0.01,1.0,0.0,0.0,0.04,128.49
707.14,0.018,103.679,0.01,1.0,0.0,0.0,0.04,128.49
707.24,0.018,103.679,0.0,1.0,0.0,0.0,0.03,128.49
707.3,0.018,103.679,0.0,1.0,0.0,0.0,0.04,128.49
707.38,0.018,103.679,0.0,1.0,0.0,0.0,0.04,128.49
707.46,0.018,103.679,0.0,1.0,0.0,0.0,0.04,128.49
707.52,0.018,103.679,0.0,1.0,0.0,0.0,0.03,128.49
707.64,0.018,103.679,0.0,1.0,0.0,0.0,0.04,128.49
707.7,0.018,103.679,0.0,1.0,0.0,0.0,0.04,128.49
707.8,0.018,103.679,0.0,1.0,0.0,0.0,0.03,128.49
707.88,0.018,103.679,0.0,1.0,0.0,0.0,0.03,128.49
707.96,0.018,103.679,0.0,1.0,0.0,0.0,0.04,128.49
708.06,0.018,103.679,0.0,1.0,0.0,0.0,0.04,128.49
708.14,0.018,103.679,0.0,1.0,0.0,0.0,0.03,128.49
708.2,0.018,103.679,0.0,1.0,0.0,0.0,0.04,128.49
708.3,0.018,103.679,0.0,1.0,0.0,0.0,0.04,128.49
708.38,0.018,103.679,0.0,1.0,0.0,0.0,0.04,128.49
708.46,0.018,103.679,0.0,1.0,0.0,0.0,0.03,128.49
708.54,0.018,103.679,0.0,1.0,0.0,0.0,0.03,128.49
708.62,0.018,103.679,0.0,1.0,0.0,0.0,0.04,128.49
708.7,0.018,103.679,0.0,1.0,0.0,0.0,0.04,128.49
708.78,0.018,103.679,0.0,1.0,0.0,0.0,0.03,128.49
708.86,0.018,103.679,0.0,1.0,0.0,0.0,0.04,128.49
708.94,0.018,103.679,0.0,1.0,0.0,0.0,0.04,128.49
709.02,0.018,103.679,0.0,1.0,0.0,0.0,0.04,128.49
709.1,0.018,103.679,0.0,1.0,0.0,0.0,0.04,128.49
709.18,0.018,103.679,0.0,1.0,0.0,0.0,0.04,128.49
709.26,0.018,103.679,0.0,1.0,0.0,0.0,0.04,128.49
709.32,0.018,103.679,0.0,1.0,0.0,0.0,0.04,128.49
709.42,0.018,103.679,0.0,1.0,0.0,0.0,0.04,128.49
709.48,0.018,103.679,0.0,1.0,0.0,0.0,0.03,128.49
709.58,0.018,103.679,0.0,1.0,0.0,0.0,0.04,128.49
709.64,0.018,103.679,0.0,1.0,0.0,0.0,0.04,128.49
709.68,0.018,103.679,0.0,1.0,0.0,0.0,0.04,128.49
709.76,0.018,103.679,0.0,1.0,0.0,0.0,0.04,128.49
709.8,0.018,103.679,0.0,1.0,0.0,0.0,0.04,128.49
709.9,0.018,103.679,0.01,1.0,0.0,0.0,0.04,128.49
709.96,0.018,103.679,0.0,1.0,0.0,0.0,0.04,128.49
710.06,0.018,103.679,0.0,1.0,0.0,0.0,0.04,128.49
710.14,0.018,103.679,0.0,1.0,0.0,0.0,0.04,128.49
710.2,0.018,103.679,0.0,1.0,0.0,0.0,0.04,128.49
710.24,0.018,103.679,0.0,1.0,0.0,0.0,0.04,128.49
710.32,0.018,103.679,0.01,1.0,0.0,0.0,0.04,128.49
710.36,0.018,103.679,0.0,1.0,0.0,0.0,0.04,128.49
710.46,0.018,103.679,0.0,1.0,0.0,0.0,0.04,128.49
710.54,0.018,103.679,0.0,1.0,0.0,0.0,0.04,128.49
710.64,0.018,103.679,0.0,1.0,0.0,0.0,0.03,128.49
710.72,0.018,103.679,0.0,1.0,0.0,0.0,0.04,128.49
710.78,0.018,103.679,0.0,1.0,0.0,0.0,0.04,128.49
710.88,0.018,103.679,0.0,1.0,0.0,0.0,0.04,128.49
710.96,0.018,103.679,0.0,1.0,0.0,0.0,0.03,128.49
711.04,0.018,103.679,0.0,1.0,0.0,0.0,0.04,128.49
711.12,0.018,103.679,0.0,1.0,0.0,0.0,0.04,128.49
711.2,0.018,103.679,0.0,1.0,0.0,0.0,0.04,128.49
711.28,0.018,103.679,0.0,1.0,0.0,0.0,0.04,128.49
711.36,0.018,103.679,0.0,1.0,0.0,0.0,0.04,128.49
711.44,0.018,103.679,0.0,1.0,0.0,0.0,0.04,128.49
711.5,0.018,103.679,0.0,1.0,0.0,0.0,0.04,128.49
711.6,0.018,103.679,0.0,1.0,0.0,0.0,0.04,128.49
711.72,0.018,103.679,0.0,1.0,0.0,0.0,0.04,128.49
711.8,0.018,103.679,0.0,1.0,0.0,0.0,0.04,128.49
711.88,0.018,103.679,0.0,1.0,0.0,0.0,0.04,128.49
711.94,0.018,103.679,0.0,1.0,0.0,0.0,0.04,128.49
712.02,0.018,103.679,0.0,1.0,0.0,0.0,0.04,128.49
712.12,0.018,103.679,0.0,1.0,0.0,0.0,0.04,128.49
712.14,0.018,103.679,0.0,1.0,0.0,0.0,0.04,128.49
712.24,0.018,103.679,0.0,1.0,0.0,0.0,0.04,128.49
712.28,0.018,103.679,0.0,1.0,0.0,0.0,0.03,128.49
712.36,0.018,103.679,0.0,1.0,0.0,0.0,0.04,128.49
712.44,0.018,103.679,0.0,1.0,0.0,0.0,0.03,128.49
712.52,0.018,103.679,0.01,1.0,0.0,0.0,0.03,128.49
712.6,0.018,103.679,0.0,1.0,0.0,0.0,0.04,128.49
712.68,0.018,103.679,0.0,1.0,0.0,0.0,0.04,128.49
712.76,0.018,103.679,0.0,1.0,0.0,0.0,0.04,128.49
712.84,0.018,103.679,0.0,1.0,0.0,0.0,0.04,128.49
712.92,0.018,103.679,0.0,1.0,0.0,0.0,0.04,128.49
713.0,0.018,103.679,0.0,1.0,0.0,0.0,0.04,128.49
713.08,0.018,103.679,0.0,1.0,0.0,0.0,0.03,128.49
713.16,0.018,103.679,0.0,1.0,0.0,0.0,0.04,128.49
713.24,0.018,103.679,0.0,1.0,0.0,0.0,0.04,128.49
713.34,0.018,103.679,0.0,1.0,0.0,0.0,0.04,128.49
713.42,0.018,103.679,0.0,1.0,0.0,0.0,0.04,128.49
713.5,0.018,103.679,0.0,1.0,0.0,0.0,0.04,128.49
713.58,0.018,103.679,0.0,1.0,0.0,0.0,0.04,128.49
713.66,0.018,103.679,0.01,1.0,0.0,0.0,0.04,128.49
713.74,0.018,103.679,0.01,1.0,0.0,0.0,0.04,128.49
713.82,0.018,103.679,0.0,1.0,0.0,0.0,0.04,128.49
713.9,0.018,103.679,0.0,1.0,0.0,0.0,0.04,128.49
714.0,0.018,103.679,0.0,1.0,0.0,0.0,0.04,128.49
714.08,0.018,103.679,0.0,1.0,0.0,0.0,0.04,128.49
714.16,0.018,103.679,0.0,1.0,0.0,0.0,0.04,128.49
714.22,0.018,103.679,0.0,1.0,0.0,0.0,0.04,128.49
714.32,0.018,103.679,0.0,1.0,0.0,0.0,0.04,128.49
714.4,0.018,103.679,0.0,1.0,0.0,0.0,0.04,128.49
714.48,0.018,103.679,0.01,1.0,0.0,0.0,0.04,128.49
714.56,0.018,103.679,0.0,1.0,0.0,0.0,0.04,128.49
714.64,0.018,103.679,0.0,1.0,0.0,0.0,0.04,128.49
714.7,0.018,103.679,0.0,1.0,0.0,0.0,0.04,128.49
714.78,0.018,103.679,0.0,1.0,0.0,0.0,0.04,128.49
714.88,0.018,103.679,0.01,1.0,0.0,0.0,0.04,128.49
714.9,0.018,103.679,0.01,1.0,0.0,0.0,0.04,128.49
714.96,0.018,103.679,0.01,1.0,0.0,0.0,0.04,128.49
715.04,0.018,103.679,0.0,1.0,0.0,0.0,0.04,128.49
715.12,0.018,103.679,0.0,1.0,0.0,0.0,0.04,128.49
715.2,0.018,103.679,0.0,1.0,0.0,0.0,0.03,128.49
715.28,0.018,103.679,0.0,1.0,0.0,0.0,0.04,128.49
715.36,0.018,103.679,0.0,1.0,0.0,0.0,0.04,128.49
715.38,0.018,103.679,0.0,1.0,0.0,0.0,0.04,128.49
715.46,0.018,103.679,0.0,1.0,0.0,0.0,0.04,128.49
715.5,0.018,103.679,0.0,1.0,0.0,0.0,0.04,128.49
715.6,0.018,103.679,0.0,1.0,0.0,0.0,0.04,128.49
715.62,0.018,103.679,0.0,1.0,0.0,0.0,0.04,128.49
715.72,0.018,103.679,0.0,1.0,0.0,0.0,0.04,128.49
715.76,0.018,103.679,0.0,1.0,0.0,0.0,0.04,128.49
715.84,0.018,103.679,0.0,1.0,0.0,0.0,0.03,128.49
715.92,0.018,103.679,0.01,1.0,0.0,0.0,0.04,128.49
716.0,0.018,103.679,0.0,1.0,0.0,0.0,0.03,128.49
716.08,0.018,103.679,0.0,1.0,0.0,0.0,0.04,128.49
716.14,0.018,103.679,0.01,1.0,0.0,0.0,0.04,128.49
716.24,0.018,103.679,0.0,1.0,0.0,0.0,0.04,128.49
716.32,0.018,103.679,0.0,1.0,0.0,0.0,0.04,128.49
716.4,0.018,103.679,0.0,1.0,0.0,0.0,0.04,128.49
716.46,0.018,103.679,0.0,1.0,0.0,0.0,0.04,128.49
716.56,0.018,103.679,0.0,1.0,0.0,0.0,0.04,128.49
716.56,0.018,103.679,0.0,1.0,0.0,0.0,0.03,128.49
716.66,0.018,103.679,0.0,1.0,0.0,0.0,0.04,128.49
716.72,0.018,103.679,0.0,1.0,0.0,0.0,0.03,128.49
716.78,0.018,103.679,0.0,1.0,0.0,0.0,0.04,128.49
716.84,0.018,103.679,0.0,1.0,0.0,0.0,0.03,128.49
716.88,0.018,103.679,0.0,1.0,0.0,0.0,0.04,128.49
716.96,0.018,103.679,0.0,1.0,0.0,0.0,0.04,128.49
717.06,0.018,103.679,0.01,1.0,0.0,0.0,0.04,128.49
717.1,0.018,103.679,0.0,1.0,0.0,0.0,0.04,128.49
717.18,0.018,103.679,0.0,1.0,0.0,0.0,0.04,128.49
717.26,0.018,103.679,0.0,1.0,0.0,0.0,0.04,128.49
717.34,0.018,103.679,0.0,1.0,0.0,0.0,0.03,128.49
717.42,0.018,103.679,0.0,1.0,0.0,0.0,0.04,128.49
717.5,0.018,103.679,0.01,1.0,0.0,0.0,0.04,128.49
717.58,0.018,103.679,0.0,1.0,0.0,0.0,0.04,128.49
717.66,0.018,103.679,0.0,1.0,0.0,0.0,0.04,128.49
717.74,0.018,103.679,0.0,1.0,0.0,0.0,0.04,128.49
717.82,0.018,103.679,0.0,1.0,0.0,0.0,0.04,128.49
717.9,0.018,103.679,0.0,1.0,0.0,0.0,0.04,128.49
717.98,0.018,103.679,0.0,1.0,0.0,0.0,0.04,128.49
718.06,0.018,103.679,0.01,1.0,0.0,0.0,0.03,128.49
718.12,0.018,103.679,0.0,1.0,0.0,0.0,0.04,128.49
718.2,0.018,103.679,0.0,1.0,0.0,0.0,0.04,128.49
718.3,0.018,103.679,0.0,1.0,0.0,0.0,0.04,128.49
718.38,0.018,103.679,0.0,1.0,0.0,0.0,0.04,128.49
718.4,0.018,103.679,0.0,1.0,0.0,0.0,0.04,128.49
718.5,0.018,103.679,0.01,1.0,0.0,0.0,0.04,128.49
718.54,0.018,103.679,0.0,1.0,0.0,0.0,0.04,128.49
718.62,0.018,103.679,0.0,1.0,0.0,0.0,0.04,128.49
718.7,0.018,103.679,0.0,1.0,0.0,0.0,0.04,128.49
718.76,0.018,103.679,0.0,1.0,0.0,0.0,0.04,128.49
718.86,0.018,103.679,0.0,1.0,0.0,0.0,0.04,128.49
718.92,0.018,103.679,0.0,1.0,0.0,0.0,0.04,128.49
719.02,0.018,103.679,0.01,1.0,0.0,0.0,0.03,128.49
719.1,0.018,103.679,0.0,1.0,0.0,0.0,0.03,128.49
719.18,0.018,103.679,0.0,1.0,0.0,0.0,0.04,128.49
719.26,0.018,103.679,0.0,1.0,0.0,0.0,0.04,128.49
719.34,0.018,103.679,0.0,1.0,0.0,0.0,0.04,128.49
719.42,0.018,103.679,0.0,1.0,0.0,0.0,0.04,128.49
719.48,0.018,103.679,0.0,1.0,0.0,0.0,0.04,128.49
719.56,0.018,103.679,0.01,1.0,0.0,0.0,0.04,128.49
719.64,0.018,103.679,0.0,1.0,0.0,0.0,0.04,128.49
719.72,0.018,103.679,0.0,1.0,0.0,0.0,0.04,128.49
719.82,0.018,103.679,0.0,1.0,0.0,0.0,0.04,128.49
719.9,0.018,103.679,0.0,1.0,0.0,0.0,0.04,128.49
719.98,0.018,103.679,0.0,1.0,0.0,0.0,0.04,128.49
720.06,0.018,103.679,0.0,1.0,0.0,0.0,0.04,128.49
720.16,0.018,103.679,0.0,1.0,0.0,0.0,0.03,128.49
720.26,0.018,103.679,0.0,1.0,0.0,0.0,0.04,128.49
720.28,0.018,103.679,0.0,1.0,0.0,0.0,0.04,128.49
720.34,0.018,103.679,0.0,1.0,0.0,0.0,0.04,128.49
720.4,0.018,103.679,0.0,1.0,0.0,0.0,0.04,128.49
720.46,0.018,103.679,0.0,1.0,0.0,0.0,0.04,128.49
720.52,0.018,103.679,0.0,1.0,0.0,0.0,0.03,128.49
720.62,0.018,103.679,0.0,1.0,0.0,0.0,0.03,128.49
720.74,0.018,103.679,0.0,1.0,0.0,0.0,0.04,128.49
720.82,0.018,103.679,0.01,1.0,0.0,0.0,0.04,128.49
720.92,0.018,103.679,0.0,1.0,0.0,0.0,0.04,128.49
721.0,0.018,103.679,0.0,1.0,0.0,0.0,0.04,128.49
721.1,0.018,103.679,0.0,1.0,0.0,0.0,0.04,128.49
721.2,0.018,103.679,0.0,1.0,0.0,0.0,0.03,128.49
721.28,0.018,103.679,0.0,1.0,0.0,0.0,0.04,128.49
721.38,0.018,103.679,0.0,1.0,0.0,0.0,0.04,128.49
721.46,0.018,103.679,0.0,1.0,0.0,0.0,0.04,128.49
721.58,0.018,103.679,0.0,1.0,0.0,0.0,0.04,128.49
721.68,0.018,103.679,0.0,1.0,0.0,0.0,0.04,128.49
721.78,0.018,103.679,0.0,1.0,0.0,0.0,0.04,128.49
721.86,0.018,103.679,0.0,1.0,0.0,0.0,0.03,128.49
721.96,0.018,103.679,0.0,1.0,0.0,0.0,0.03,128.49
722.04,0.018,103.679,0.0,1.0,0.0,0.0,0.04,128.49
722.12,0.018,103.679,0.0,1.0,0.0,0.0,0.03,128.49
722.24,0.018,103.679,0.0,1.0,0.0,0.0,0.04,128.49
722.34,0.018,103.679,0.0,1.0,0.0,0.0,0.04,128.49
722.44,0.018,103.679,0.0,1.0,0.0,0.0,0.04,128.49
722.54,0.018,103.679,0.0,1.0,0.0,0.0,0.04,128.49
722.62,0.018,103.679,0.0,1.0,0.0,0.0,0.03,128.49
722.72,0.018,103.679,0.0,1.0,0.0,0.0,0.04,128.49
722.82,0.018,103.679,0.0,1.0,0.0,0.0,0.04,128.49
722.92,0.018,103.679,0.0,1.0,0.0,0.0,0.03,128.49
723.02,0.018,103.679,0.0,1.0,0.0,0.0,0.04,128.49
723.1,0.018,103.679,0.01,1.0,0.0,0.0,0.04,128.49
723.2,0.018,103.679,0.0,1.0,0.0,0.0,0.03,128.49
723.3,0.018,103.679,0.01,1.0,0.0,0.0,0.04,128.49
723.4,0.018,103.679,0.01,1.0,0.0,0.0,0.04,128.49
723.48,0.018,103.679,0.0,1.0,0.0,0.0,0.03,128.49
723.58,0.018,103.679,0.0,1.0,0.0,0.0,0.04,128.49
723.66,0.018,103.679,0.0,1.0,0.0,0.0,0.04,128.49
723.76,0.018,103.679,0.01,1.0,0.0,0.0,0.04,128.49
723.84,0.018,103.679,0.0,1.0,0.0,0.0,0.04,128.49
723.9,0.018,103.679,0.0,1.0,0.0,0.0,0.03,128.49
724.02,0.018,103.679,0.0,1.0,0.0,0.0,0.04,128.49
724.12,0.018,103.679,0.0,1.0,0.0,0.0,0.04,128.49
724.14,0.018,103.679,0.0,1.0,0.0,0.0,0.04,128.49
724.3,0.018,103.679,0.0,1.0,0.0,0.0,0.04,128.49
724.38,0.018,103.679,0.0,1.0,0.0,0.0,0.04,128.49
724.48,0.018,103.679,0.0,1.0,0.0,0.0,0.03,128.49
724.58,0.018,103.679,0.0,1.0,0.0,0.0,0.03,128.49
724.6,0.018,103.679,0.0,1.0,0.0,0.0,0.03,128.49
724.7,0.018,103.679,0.0,1.0,0.0,0.0,0.04,128.49
724.76,0.018,103.679,0.0,1.0,0.0,0.0,0.04,128.49
724.86,0.018,103.679,0.0,1.0,0.0,0.0,0.03,128.49
724.96,0.018,103.679,0.0,1.0,0.0,0.0,0.04,128.49
725.04,0.018,103.679,0.0,1.0,0.0,0.0,0.04,128.49
725.14,0.018,103.679,0.0,1.0,0.0,0.0,0.04,128.49
725.24,0.018,103.679,0.0,1.0,0.0,0.0,0.04,128.49
725.3,0.018,103.679,0.0,1.0,0.0,0.0,0.04,128.49
725.42,0.018,103.679,0.0,1.0,0.0,0.0,0.04,128.49
725.52,0.018,103.679,0.0,1.0,0.0,0.0,0.04,128.49
725.62,0.018,103.679,0.0,1.0,0.0,0.0,0.04,128.49
725.72,0.018,103.679,0.0,1.0,0.0,0.0,0.04,128.49
725.8,0.018,103.679,0.0,1.0,0.0,0.0,0.03,128.49
725.92,0.018,103.679,0.0,1.0,0.0,0.0,0.04,128.49
725.98,0.018,103.679,0.0,1.0,0.0,0.0,0.04,128.49
726.04,0.018,103.679,0.0,1.0,0.0,0.0,0.03,128.49
726.14,0.018,103.679,0.0,1.0,0.0,0.0,0.04,128.49
726.22,0.018,103.679,0.0,1.0,0.0,0.0,0.04,128.49
726.32,0.018,103.679,0.0,1.0,0.0,0.0,0.04,128.49
726.38,0.018,103.679,0.0,1.0,0.0,0.0,0.04,128.49
726.5,0.018,103.679,0.0,1.0,0.0,0.0,0.04,128.49
726.58,0.018,103.679,0.0,1.0,0.0,0.0,0.03,128.49
726.68,0.018,103.679,0.0,1.0,0.0,0.0,0.04,128.49
726.76,0.018,103.679,0.0,1.0,0.0,0.0,0.04,128.49
726.86,0.018,103.679,0.0,1.0,0.0,0.0,0.04,128.49
726.96,0.018,103.679,0.0,1.0,0.0,0.0,0.04,128.49
727.02,0.018,103.679,0.0,1.0,0.0,0.0,0.03,128.49
727.12,0.018,103.679,0.0,1.0,0.0,0.0,0.04,128.49
727.2,0.018,103.679,0.0,1.0,0.0,0.0,0.04,128.49
727.28,0.018,103.679,0.01,1.0,0.0,0.0,0.04,128.49
727.3,0.018,103.679,0.01,1.0,0.0,0.0,0.04,128.49
727.38,0.018,103.679,0.0,1.0,0.0,0.0,0.04,128.49
727.48,0.018,103.679,0.0,1.0,0.0,0.0,0.03,128.49
727.52,0.018,103.679,0.01,1.0,0.0,0.0,0.04,128.49
727.6,0.018,103.679,0.0,1.0,0.0,0.0,0.04,128.49
727.68,0.018,103.679,0.0,1.0,0.0,0.0,0.03,128.49
727.76,0.018,103.679,0.0,1.0,0.0,0.0,0.04,128.49
727.82,0.018,103.679,0.01,1.0,0.0,0.0,0.04,128.49
727.92,0.018,103.679,0.0,1.0,0.0,0.0,0.04,128.49
727.94,0.018,103.679,0.0,1.0,0.0,0.0,0.04,128.49
728.02,0.018,103.679,0.01,1.0,0.0,0.0,0.04,128.49
728.08,0.018,103.679,0.0,1.0,0.0,0.0,0.03,128.49
728.2,0.018,103.679,0.0,1.0,0.0,0.0,0.04,128.49
728.3,0.018,103.679,0.0,1.0,0.0,0.0,0.04,128.49
728.38,0.018,103.679,0.0,1.0,0.0,0.0,0.04,128.49
728.46,0.018,103.679,0.0,1.0,0.0,0.0,0.04,128.49
728.56,0.018,103.679,0.0,1.0,0.0,0.0,0.04,128.49
728.64,0.018,103.679,0.0,1.0,0.0,0.0,0.04,128.49
728.72,0.018,103.679,0.0,1.0,0.0,0.0,0.04,128.49
728.8,0.018,103.679,0.0,1.0,0.0,0.0,0.04,128.49
728.86,0.018,103.679,0.01,1.0,0.0,0.0,0.04,128.49
728.96,0.018,103.679,0.0,1.0,0.0,0.0,0.04,128.49
729.04,0.018,103.679,0.0,1.0,0.0,0.0,0.04,128.49
729.14,0.018,103.679,0.0,1.0,0.0,0.0,0.04,128.49
729.22,0.018,103.679,0.0,1.0,0.0,0.0,0.04,128.49
729.3,0.018,103.679,0.0,1.0,0.0,0.0,0.04,128.49
729.38,0.018,103.679,0.0,1.0,0.0,0.0,0.03,128.49
729.46,0.018,103.679,0.0,1.0,0.0,0.0,0.04,128.49
729.56,0.018,103.679,0.0,1.0,0.0,0.0,0.04,128.49
729.64,0.018,103.679,0.01,1.0,0.0,0.0,0.04,128.49
729.7,0.018,103.679,0.0,1.0,0.0,0.0,0.04,128.49
729.82,0.018,103.679,0.0,1.0,0.0,0.0,0.03,128.49
729.92,0.018,103.679,0.0,1.0,0.0,0.0,0.03,128.49
729.96,0.018,103.679,0.0,1.0,0.0,0.0,0.03,128.49
730.06,0.018,103.679,0.0,1.0,0.0,0.0,0.04,128.49
730.12,0.018,103.679,0.0,1.0,0.0,0.0,0.03,128.49
730.16,0.018,103.679,0.0,1.0,0.0,0.0,0.03,128.49
730.24,0.018,103.679,0.0,1.0,0.0,0.0,0.03,128.49
730.3,0.018,103.679,0.0,1.0,0.0,0.0,0.03,128.49
730.38,0.018,103.679,0.0,1.0,0.0,0.0,0.04,128.49
730.48,0.018,103.679,0.0,1.0,0.0,0.0,0.04,128.49
730.54,0.018,103.679,0.0,1.0,0.0,0.0,0.04,128.49
730.64,0.018,103.679,0.0,1.0,0.0,0.0,0.04,128.49
730.68,0.018,103.679,0.0,1.0,0.0,0.0,0.04,128.49
730.74,0.018,103.679,0.0,1.0,0.0,0.0,0.04,128.49
730.82,0.018,103.679,0.0,1.0,0.0,0.0,0.04,128.49
730.9,0.018,103.679,0.0,1.0,0.0,0.0,0.04,128.49
731.0,0.018,103.679,0.0,1.0,0.0,0.0,0.04,128.49
731.08,0.018,103.679,0.0,1.0,0.0,0.0,0.04,128.49
731.16,0.018,103.679,0.0,1.0,0.0,0.0,0.04,128.49
731.3,0.018,103.679,0.0,1.0,0.0,0.0,0.04,128.49
731.38,0.018,103.679,0.01,1.0,0.0,0.0,0.04,128.49
731.52,0.018,103.679,0.0,1.0,0.0,0.0,0.03,128.49
731.6,0.018,103.679,0.0,1.0,0.0,0.0,0.04,128.49
731.7,0.018,103.679,0.0,1.0,0.0,0.0,0.04,128.49
731.8,0.018,103.679,0.0,1.0,0.0,0.0,0.04,128.49
731.9,0.018,103.679,0.01,1.0,0.0,0.0,0.04,128.49
732.0,0.018,103.679,0.0,1.0,0.0,0.0,0.04,128.49
732.1,0.018,103.679,0.0,1.0,0.0,0.0,0.03,128.49
732.18,0.018,103.679,0.0,1.0,0.0,0.0,0.04,128.49
732.24,0.018,103.679,0.0,1.0,0.0,0.0,0.03,128.49
732.32,0.018,103.679,0.0,1.0,0.0,0.0,0.04,128.49
732.44,0.018,103.679,0.0,1.0,0.0,0.0,0.04,128.49
732.52,0.018,103.679,0.0,1.0,0.0,0.0,0.03,128.49
732.64,0.018,103.679,0.0,1.0,0.0,0.0,0.04,128.49
732.72,0.018,103.679,0.0,1.0,0.0,0.0,0.03,128.49
732.8,0.018,103.679,0.0,1.0,0.0,0.0,0.04,128.49
732.9,0.018,103.679,0.0,1.0,0.0,0.0,0.04,128.49
732.98,0.018,103.679,0.0,1.0,0.0,0.0,0.04,128.49
733.06,0.018,103.679,0.0,1.0,0.0,0.0,0.04,128.49
733.12,0.018,103.679,0.0,1.0,0.0,0.0,0.04,128.49
733.2,0.018,103.679,0.0,1.0,0.0,0.0,0.03,128.49
733.32,0.018,103.679,0.0,1.0,0.0,0.0,0.04,128.49
733.42,0.018,103.679,0.0,1.0,0.0,0.0,0.03,128.49
733.46,0.018,103.679,0.0,1.0,0.0,0.0,0.04,128.49
733.56,0.018,103.679,0.0,1.0,0.0,0.0,0.04,128.49
733.58,0.018,103.679,0.0,1.0,0.0,0.0,0.04,128.49
733.66,0.018,103.679,0.0,1.0,0.0,0.0,0.04,128.49
733.74,0.018,103.679,0.0,1.0,0.0,0.0,0.04,128.49
733.8,0.018,103.679,0.0,1.0,0.0,0.0,0.04,128.49
733.88,0.018,103.679,0.0,1.0,0.0,0.0,0.04,128.49
733.96,0.018,103.679,0.0,1.0,0.0,0.0,0.04,128.49
734.02,0.018,103.679,0.0,1.0,0.0,0.0,0.04,128.49
734.12,0.018,103.679,0.0,1.0,0.0,0.0,0.03,128.49
734.18,0.018,103.679,0.0,1.0,0.0,0.0,0.04,128.49
734.28,0.018,103.679,0.01,1.0,0.0,0.0,0.04,128.49
734.36,0.018,103.679,0.01,1.0,0.0,0.0,0.04,128.49
734.46,0.018,103.679,0.0,1.0,0.0,0.0,0.04,128.49
734.54,0.018,103.679,0.0,1.0,0.0,0.0,0.04,128.49
734.62,0.018,103.679,0.0,1.0,0.0,0.0,0.04,128.49
734.7,0.018,103.679,0.01,1.0,0.0,0.0,0.04,128.49
734.72,0.018,103.679,0.01,1.0,0.0,0.0,0.04,128.49
734.8,0.018,103.679,0.0,1.0,0.0,0.0,0.04,128.49
734.84,0.018,103.679,0.0,1.0,0.0,0.0,0.04,128.49
734.94,0.018,103.679,0.0,1.0,0.0,0.0,0.04,128.49
735.02,0.018,103.679,0.01,1.0,0.0,0.0,0.04,128.49
735.12,0.018,103.679,0.01,1.0,0.0,0.0,0.04,128.49
735.2,0.018,103.679,0.0,1.0,0.0,0.0,0.04,128.49
735.28,0.018,103.679,0.0,1.0,0.0,0.0,0.03,128.49
735.36,0.018,103.679,0.0,1.0,0.0,0.0,0.04,128.49
735.42,0.018,103.679,0.0,1.0,0.0,0.0,0.03,128.49
735.46,0.018,103.679,0.0,1.0,0.0,0.0,0.03,128.49
735.54,0.018,103.679,0.0,1.0,0.0,0.0,0.03,128.49
735.64,0.018,103.679,0.0,1.0,0.0,0.0,0.04,128.49
735.68,0.018,103.679,0.0,1.0,0.0,0.0,0.04,128.49
735.76,0.018,103.679,0.0,1.0,0.0,0.0,0.04,128.49
735.78,0.018,103.679,0.0,1.0,0.0,0.0,0.04,128.49
735.88,0.018,103.679,0.0,1.0,0.0,0.0,0.03,128.49
735.92,0.018,103.679,0.0,1.0,0.0,0.0,0.04,128.49
736.02,0.018,103.679,0.0,1.0,0.0,0.0,0.04,128.49
736.1,0.018,103.679,0.0,1.0,0.0,0.0,0.03,128.49
736.2,0.018,103.679,0.0,1.0,0.0,0.0,0.04,128.49
736.28,0.018,103.679,0.0,1.0,0.0,0.0,0.04,128.49
736.38,0.018,103.679,0.0,1.0,0.0,0.0,0.04,128.49
736.46,0.018,103.679,0.0,1.0,0.0,0.0,0.04,128.49
736.52,0.018,103.679,0.0,1.0,0.0,0.0,0.04,128.49
736.6,0.018,103.679,0.0,1.0,0.0,0.0,0.04,128.49
736.64,0.018,103.679,0.0,1.0,0.0,0.0,0.04,128.49
736.76,0.018,103.679,0.0,1.0,0.0,0.0,0.04,128.49
736.8,0.018,103.679,0.0,1.0,0.0,0.0,0.04,128.49
736.86,0.018,103.679,0.0,1.0,0.0,0.0,0.04,128.49
736.94,0.018,103.679,0.0,1.0,0.0,0.0,0.04,128.49
737.02,0.018,103.679,0.0,1.0,0.0,0.0,0.04,128.49
737.1,0.018,103.679,0.0,1.0,0.0,0.0,0.03,128.49
737.16,0.018,103.679,0.0,1.0,0.0,0.0,0.03,128.49
737.26,0.018,103.679,0.0,1.0,0.0,0.0,0.04,128.49
737.34,0.018,103.679,0.0,1.0,0.0,0.0,0.04,128.49
737.44,0.018,103.679,0.0,1.0,0.0,0.0,0.04,128.49
737.52,0.018,103.679,0.0,1.0,0.0,0.0,0.03,128.49
737.62,0.018,103.679,0.0,1.0,0.0,0.0,0.04,128.49
737.7,0.018,103.679,0.0,1.0,0.0,0.0,0.04,128.49
737.78,0.018,103.679,0.0,1.0,0.0,0.0,0.04,128.49
737.86,0.018,103.679,0.0,1.0,0.0,0.0,0.03,128.49
737.92,0.018,103.679,0.01,1.0,0.0,0.0,0.03,128.49
738.0,0.018,103.679,0.0,1.0,0.0,0.0,0.04,128.49
738.1,0.018,103.679,0.0,1.0,0.0,0.0,0.04,128.49
738.18,0.018,103.679,0.0,1.0,0.0,0.0,0.04,128.49
738.28,0.018,103.679,0.01,1.0,0.0,0.0,0.04,128.49
738.36,0.018,103.679,0.0,1.0,0.0,0.0,0.04,128.49
738.46,0.018,103.679,0.0,1.0,0.0,0.0,0.04,128.49
738.46,0.018,103.679,0.0,1.0,0.0,0.0,0.04,128.49
738.56,0.018,103.679,0.0,1.0,0.0,0.0,0.04,128.49
738.62,0.018,103.679,0.0,1.0,0.0,0.0,0.04,128.49
738.7,0.018,103.679,0.01,1.0,0.0,0.0,0.04,128.49
738.78,0.018,103.679,0.0,1.0,0.0,0.0,0.04,128.49
738.82,0.018,103.679,0.0,1.0,0.0,0.0,0.04,128.49
738.88,0.018,103.679,0.0,1.0,0.0,0.0,0.04,128.49
738.98,0.018,103.679,0.0,1.0,0.0,0.0,0.04,128.49
739.06,0.018,103.679,0.0,1.0,0.0,0.0,0.04,128.49
739.14,0.018,103.679,0.0,1.0,0.0,0.0,0.04,128.49
739.2,0.018,103.679,0.0,1.0,0.0,0.0,0.04,128.49
739.3,0.018,103.679,0.0,1.0,0.0,0.0,0.04,128.49
739.38,0.018,103.679,0.0,1.0,0.0,0.0,0.04,128.49
739.48,0.018,103.679,0.0,1.0,0.0,0.0,0.04,128.49
739.56,0.018,103.679,0.0,1.0,0.0,0.0,0.04,128.49
739.62,0.018,103.679,0.0,1.0,0.0,0.0,0.04,128.49
739.66,0.018,103.679,0.01,1.0,0.0,0.0,0.04,128.49
739.74,0.018,103.679,0.0,1.0,0.0,0.0,0.04,128.49
739.8,0.018,103.679,0.0,1.0,0.0,0.0,0.04,128.49
739.88,0.018,103.679,0.0,1.0,0.0,0.0,0.04,128.49
739.94,0.018,103.679,0.0,1.0,0.0,0.0,0.04,128.49
740.04,0.018,103.679,0.01,1.0,0.0,0.0,0.04,128.49
740.14,0.018,103.679,0.0,1.0,0.0,0.0,0.04,128.49
740.22,0.018,103.679,0.0,1.0,0.0,0.0,0.04,128.49
740.3,0.018,103.679,0.0,1.0,0.0,0.0,0.04,128.49
740.36,0.018,103.679,0.0,1.0,0.0,0.0,0.04,128.49
740.48,0.018,103.679,0.0,1.0,0.0,0.0,0.04,128.49
740.58,0.018,103.679,0.0,1.0,0.0,0.0,0.03,128.49
740.68,0.018,103.679,0.0,1.0,0.0,0.0,0.04,128.49
740.78,0.018,103.679,0.0,1.0,0.0,0.0,0.04,128.49
740.84,0.018,103.679,0.0,1.0,0.0,0.0,0.04,128.49
740.96,0.018,103.679,0.0,1.0,0.0,0.0,0.04,128.49
741.04,0.018,103.679,0.0,1.0,0.0,0.0,0.04,128.49
741.14,0.018,103.679,0.0,1.0,0.0,0.0,0.04,128.49
741.22,0.018,103.679,0.0,1.0,0.0,0.0,0.04,128.49
741.24,0.018,103.679,0.0,1.0,0.0,0.0,0.04,128.49
741.34,0.018,103.679,0.0,1.0,0.0,0.0,0.04,128.49
741.38,0.018,103.679,0.0,1.0,0.0,0.0,0.04,128.49
741.46,0.018,103.679,0.0,1.0,0.0,0.0,0.04,128.49
741.6,0.018,103.679,0.0,1.0,0.0,0.0,0.04,128.49
741.68,0.018,103.679,0.0,1.0,0.0,0.0,0.04,128.49
741.74,0.018,103.679,0.0,1.0,0.0,0.0,0.03,128.49
741.84,0.018,103.679,0.0,1.0,0.0,0.0,0.03,128.49
741.94,0.018,103.679,0.01,1.0,0.0,0.0,0.04,128.49
742.04,0.018,103.679,0.0,1.0,0.0,0.0,0.04,128.49
742.12,0.018,103.679,0.0,1.0,0.0,0.0,0.04,128.49
742.14,0.018,103.679,0.0,1.0,0.0,0.0,0.04,128.49
742.22,0.018,103.679,0.0,1.0,0.0,0.0,0.04,128.49
742.26,0.018,103.679,0.0,1.0,0.0,0.0,0.04,128.49
742.38,0.018,103.679,0.0,1.0,0.0,0.0,0.04,128.49
742.48,0.018,103.679,0.0,1.0,0.0,0.0,0.04,128.49
742.6,0.018,103.679,0.0,1.0,0.0,0.0,0.04,128.49
742.68,0.018,103.679,0.0,1.0,0.0,0.0,0.04,128.49
742.78,0.018,103.679,0.0,1.0,0.0,0.0,0.04,128.49
742.86,0.018,103.679,0.0,1.0,0.0,0.0,0.03,128.49
742.94,0.018,103.679,0.0,1.0,0.0,0.0,0.04,128.49
743.04,0.018,103.679,0.0,1.0,0.0,0.0,0.04,128.49
743.14,0.018,103.679,0.0,1.0,0.0,0.0,0.04,128.49
743.22,0.018,103.679,0.0,1.0,0.0,0.0,0.04,128.49
743.28,0.018,103.679,0.0,1.0,0.0,0.0,0.04,128.49
743.38,0.018,103.679,0.0,1.0,0.0,0.0,0.03,128.49
743.48,0.018,103.679,0.0,1.0,0.0,0.0,0.04,128.49
743.58,0.018,103.679,0.0,1.0,0.0,0.0,0.04,128.49
743.68,0.018,103.679,0.0,1.0,0.0,0.0,0.04,128.49
743.78,0.018,103.679,0.0,1.0,0.0,0.0,0.04,128.49
743.84,0.018,103.679,0.0,1.0,0.0,0.0,0.04,128.49
743.94,0.018,103.679,0.0,1.0,0.0,0.0,0.04,128.49
744.0,0.018,103.679,0.0,1.0,0.0,0.0,0.04,128.49
744.12,0.018,103.679,0.0,1.0,0.0,0.0,0.04,128.49
744.22,0.018,103.679,0.0,1.0,0.0,0.0,0.04,128.49
744.32,0.018,103.679,0.0,1.0,0.0,0.0,0.04,128.49
744.42,0.018,103.679,0.0,1.0,0.0,0.0,0.04,128.49
744.5,0.018,103.679,0.0,1.0,0.0,0.0,0.04,128.49
744.52,0.018,103.679,0.0,1.0,0.0,0.0,0.04,128.49
744.6,0.018,103.679,0.01,1.0,0.0,0.0,0.04,128.49
744.68,0.018,103.679,0.0,1.0,0.0,0.0,0.04,128.49
744.76,0.018,103.679,0.0,1.0,0.0,0.0,0.03,128.49
744.84,0.018,103.679,0.0,1.0,0.0,0.0,0.04,128.49
744.86,0.018,103.679,0.0,1.0,0.0,0.0,0.04,128.49
744.96,0.018,103.679,0.0,1.0,0.0,0.0,0.04,128.49
745.0,0.018,103.679,0.0,1.0,0.0,0.0,0.03,128.49
745.08,0.018,103.679,0.0,1.0,0.0,0.0,0.04,128.49
745.18,0.018,103.679,0.0,1.0,0.0,0.0,0.04,128.49
745.28,0.018,103.679,0.0,1.0,0.0,0.0,0.04,128.49
745.36,0.018,103.679,0.0,1.0,0.0,0.0,0.04,128.49
745.44,0.018,103.679,0.0,1.0,0.0,0.0,0.04,128.49
745.54,0.018,103.679,0.0,1.0,0.0,0.0,0.04,128.49
745.6,0.018,103.679,0.0,1.0,0.0,0.0,0.04,128.49
745.68,0.018,103.679,0.0,1.0,0.0,0.0,0.03,128.49
745.78,0.018,103.679,0.0,1.0,0.0,0.0,0.04,128.49
745.86,0.018,103.679,0.0,1.0,0.0,0.0,0.04,128.49
745.98,0.018,103.679,0.0,1.0,0.0,0.0,0.04,128.49
746.02,0.018,103.679,0.0,1.0,0.0,0.0,0.04,128.49
746.1,0.018,103.679,0.0,1.0,0.0,0.0,0.04,128.49
746.16,0.018,103.679,0.0,1.0,0.0,0.0,0.04,128.49
746.2,0.018,103.679,0.0,1.0,0.0,0.0,0.04,128.49
746.3,0.018,103.679,0.0,1.0,0.0,0.0,0.03,128.49
746.34,0.018,103.679,0.0,1.0,0.0,0.0,0.04,128.49
746.46,0.018,103.679,0.01,1.0,0.0,0.0,0.04,128.49
746.52,0.018,103.679,0.01,1.0,0.0,0.0,0.04,128.49
746.62,0.018,103.679,0.0,1.0,0.0,0.0,0.04,128.49
746.72,0.018,103.679,0.0,1.0,0.0,0.0,0.04,128.49
746.82,0.018,103.679,0.0,1.0,0.0,0.0,0.04,128.49
746.9,0.018,103.679,0.0,1.0,0.0,0.0,0.04,128.49
747.0,0.018,103.679,0.0,1.0,0.0,0.0,0.04,128.49
747.06,0.018,103.679,0.0,1.0,0.0,0.0,0.04,128.49
747.16,0.018,103.679,0.0,1.0,0.0,0.0,0.04,128.49
747.24,0.018,103.679,0.0,1.0,0.0,0.0,0.04,128.49
747.32,0.018,103.679,0.0,1.0,0.0,0.0,0.04,128.49
747.4,0.018,103.679,0.01,1.0,0.0,0.0,0.04,128.49
747.5,0.018,103.679,0.0,1.0,0.0,0.0,0.03,128.49
747.6,0.018,103.679,0.01,1.0,0.0,0.0,0.04,128.49
747.7,0.018,103.679,0.0,1.0,0.0,0.0,0.04,128.49
747.78,0.018,103.679,0.0,1.0,0.0,0.0,0.04,128.49
747.84,0.018,103.679,0.0,1.0,0.0,0.0,0.04,128.49
747.94,0.018,103.679,0.0,1.0,0.0,0.0,0.04,128.49
748.0,0.018,103.679,0.0,1.0,0.0,0.0,0.04,128.49
748.1,0.018,103.679,0.0,1.0,0.0,0.0,0.04,128.49
748.18,0.018,103.679,0.0,1.0,0.0,0.0,0.04,128.49
748.28,0.018,103.679,0.0,1.0,0.0,0.0,0.04,128.49
748.38,0.018,103.679,0.0,1.0,0.0,0.0,0.04,128.49
748.46,0.018,103.679,0.0,1.0,0.0,0.0,0.04,128.49
748.52,0.018,103.679,0.0,1.0,0.0,0.0,0.04,128.49
748.6,0.018,103.679,0.0,1.0,0.0,0.0,0.03,128.49
748.64,0.018,103.679,0.0,1.0,0.0,0.0,0.04,128.49
748.78,0.018,103.679,0.0,1.0,0.0,0.0,0.04,128.49
748.86,0.018,103.679,0.0,1.0,0.0,0.0,0.04,128.49
748.96,0.018,103.679,0.0,1.0,0.0,0.0,0.04,128.49
749.06,0.018,103.679,0.0,1.0,0.0,0.0,0.04,128.49
749.14,0.018,103.679,0.0,1.0,0.0,0.0,0.04,128.49
749.22,0.018,103.679,0.0,1.0,0.0,0.0,0.04,128.49
749.32,0.018,103.679,0.0,1.0,0.0,0.0,0.03,128.49
749.4,0.018,103.679,0.0,1.0,0.0,0.0,0.04,128.49
749.48,0.018,103.679,0.0,1.0,0.0,0.0,0.04,128.49
749.58,0.018,103.679,0.0,1.0,0.0,0.0,0.04,128.49
749.66,0.018,103.679,0.0,1.0,0.0,0.0,0.04,128.49
749.76,0.018,103.679,0.0,1.0,0.0,0.0,0.04,128.49
749.84,0.018,103.679,0.0,1.0,0.0,0.0,0.04,128.49
749.94,0.018,103.679,0.0,1.0,0.0,0.0,0.04,128.49
750.02,0.018,103.679,0.0,1.0,0.0,0.0,0.04,128.49
750.08,0.018,103.679,0.0,1.0,0.0,0.0,0.04,128.49
750.18,0.018,103.679,0.0,1.0,0.0,0.0,0.03,128.49
750.26,0.018,103.679,0.0,1.0,0.0,0.0,0.04,128.49
750.34,0.018,103.679,0.0,1.0,0.0,0.0,0.04,128.49
750.44,0.018,103.679,0.0,1.0,0.0,0.0,0.04,128.49
750.52,0.018,103.679,0.0,1.0,0.0,0.0,0.04,128.49
750.62,0.018,103.679,0.0,1.0,0.0,0.0,0.04,128.49
750.7,0.018,103.679,0.0,1.0,0.0,0.0,0.04,128.49
750.8,0.018,103.679,0.0,1.0,0.0,0.0,0.04,128.49
750.88,0.018,103.679,0.0,1.0,0.0,0.0,0.04,128.49
750.96,0.018,103.679,0.0,1.0,0.0,0.0,0.04,128.49
751.04,0.018,103.679,0.0,1.0,0.0,0.0,0.04,128.49
751.12,0.018,103.679,0.01,1.0,0.0,0.0,0.04,128.49
751.24,0.018,103.679,0.0,1.0,0.0,0.0,0.04,128.49
751.32,0.018,103.679,0.0,1.0,0.0,0.0,0.04,128.49
751.4,0.018,103.679,0.0,1.0,0.0,0.0,0.04,128.49
751.5,0.018,103.679,0.0,1.0,0.0,0.0,0.04,128.49
751.58,0.018,103.679,0.0,1.0,0.0,0.0,0.04,128.49
751.68,0.018,103.679,0.0,1.0,0.0,0.0,0.04,128.49
751.76,0.018,103.679,0.0,1.0,0.0,0.0,0.04,128.49
751.84,0.018,103.679,0.0,1.0,0.0,0.0,0.04,128.49
751.92,0.018,103.679,0.0,1.0,0.0,0.0,0.04,128.49
752.0,0.018,103.679,0.0,1.0,0.0,0.0,0.04,128.49
752.08,0.018,103.679,0.0,1.0,0.0,0.0,0.04,128.49
752.2,0.018,103.679,0.0,1.0,0.0,0.0,0.04,128.49
752.26,0.018,103.679,0.0,1.0,0.0,0.0,0.04,128.49
752.34,0.018,103.679,0.0,1.0,0.0,0.0,0.04,128.49
752.44,0.018,103.679,0.0,1.0,0.0,0.0,0.04,128.49
752.54,0.018,103.679,0.0,1.0,0.0,0.0,0.03,128.49
752.62,0.018,103.679,0.0,1.0,0.0,0.0,0.03,128.49
752.7,0.018,103.679,0.0,1.0,0.0,0.0,0.04,128.49
752.72,0.018,103.679,0.0,1.0,0.0,0.0,0.04,128.49
752.82,0.018,103.679,0.0,1.0,0.0,0.0,0.04,128.49
752.86,0.018,103.679,0.0,1.0,0.0,0.0,0.03,128.49
752.96,0.018,103.679,0.0,1.0,0.0,0.0,0.04,128.49
753.04,0.018,103.679,0.0,1.0,0.0,0.0,0.04,128.49
753.12,0.018,103.679,0.0,1.0,0.0,0.0,0.04,128.49
753.2,0.018,103.679,0.0,1.0,0.0,0.0,0.04,128.49
753.26,0.018,103.679,0.0,1.0,0.0,0.0,0.04,128.49
753.38,0.018,103.679,0.01,1.0,0.0,0.0,0.04,128.49
753.46,0.018,103.679,0.0,1.0,0.0,0.0,0.04,128.49
753.52,0.018,103.679,0.0,1.0,0.0,0.0,0.04,128.49
753.56,0.018,103.679,0.0,1.0,0.0,0.0,0.04,128.49
753.66,0.018,103.679,0.0,1.0,0.0,0.0,0.03,128.49
753.68,0.018,103.679,0.0,1.0,0.0,0.0,0.04,128.49
753.78,0.018,103.679,0.0,1.0,0.0,0.0,0.04,128.49
753.86,0.018,103.679,0.0,1.0,0.0,0.0,0.04,128.49
753.92,0.018,103.679,0.0,1.0,0.0,0.0,0.04,128.49
754.02,0.018,103.679,0.0,1.0,0.0,0.0,0.04,128.49
754.1,0.018,103.679,0.0,1.0,0.0,0.0,0.04,128.49
754.16,0.018,103.679,0.01,1.0,0.0,0.0,0.04,128.49
754.2,0.018,103.679,0.01,1.0,0.0,0.0,0.04,128.49
754.26,0.018,103.679,0.01,1.0,0.0,0.0,0.04,128.49
754.36,0.018,103.679,0.0,1.0,0.0,0.0,0.04,128.49
754.4,0.018,103.679,0.0,1.0,0.0,0.0,0.04,128.49
754.48,0.018,103.679,0.0,1.0,0.0,0.0,0.03,128.49
754.6,0.018,103.679,0.01,1.0,0.0,0.0,0.04,128.49
754.68,0.018,103.679,0.0,1.0,0.0,0.0,0.04,128.49
754.76,0.018,103.679,0.0,1.0,0.0,0.0,0.04,128.49
754.82,0.018,103.679,0.0,1.0,0.0,0.0,0.04,128.49
754.92,0.018,103.679,0.0,1.0,0.0,0.0,0.04,128.49
755.02,0.018,103.679,0.0,1.0,0.0,0.0,0.04,128.49
755.08,0.018,103.679,0.0,1.0,0.0,0.0,0.04,128.49
755.14,0.018,103.679,0.0,1.0,0.0,0.0,0.04,128.49
755.22,0.018,103.679,0.0,1.0,0.0,0.0,0.04,128.49
755.32,0.018,103.679,0.0,1.0,0.0,0.0,0.04,128.49
755.4,0.018,103.679,0.0,1.0,0.0,0.0,0.04,128.49
755.5,0.018,103.679,0.0,1.0,0.0,0.0,0.04,128.49
755.58,0.018,103.679,0.0,1.0,0.0,0.0,0.03,128.49
755.64,0.018,103.679,0.0,1.0,0.0,0.0,0.04,128.49
755.68,0.018,103.679,0.0,1.0,0.0,0.0,0.04,128.49
755.8,0.018,103.679,0.0,1.0,0.0,0.0,0.04,128.49
755.9,0.018,103.679,0.0,1.0,0.0,0.0,0.04,128.49
755.98,0.018,103.679,0.0,1.0,0.0,0.0,0.04,128.49
756.06,0.018,103.679,0.0,1.0,0.0,0.0,0.03,128.49
756.14,0.018,103.679,0.0,1.0,0.0,0.0,0.04,128.49
756.22,0.018,103.679,0.0,1.0,0.0,0.0,0.03,128.49
756.32,0.018,103.679,0.01,1.0,0.0,0.0,0.04,128.49
756.42,0.018,103.679,0.0,1.0,0.0,0.0,0.04,128.49
756.5,0.018,103.679,0.0,1.0,0.0,0.0,0.04,128.49
756.52,0.018,103.679,0.0,1.0,0.0,0.0,0.04,128.49
756.62,0.018,103.679,0.0,1.0,0.0,0.0,0.04,128.49
756.68,0.018,103.679,0.0,1.0,0.0,0.0,0.04,128.49
756.76,0.018,103.679,0.0,1.0,0.0,0.0,0.04,128.49
756.84,0.018,103.679,0.0,1.0,0.0,0.0,0.03,128.49
756.94,0.018,103.679,0.0,1.0,0.0,0.0,0.04,128.49
757.04,0.018,103.679,0.0,1.0,0.0,0.0,0.04,128.49
757.14,0.018,103.679,0.0,1.0,0.0,0.0,0.04,128.49
757.2,0.018,103.679,0.0,1.0,0.0,0.0,0.04,128.49
757.28,0.018,103.679,0.0,1.0,0.0,0.0,0.03,128.49
757.38,0.018,103.679,0.0,1.0,0.0,0.0,0.04,128.49
757.48,0.018,103.679,0.0,1.0,0.0,0.0,0.03,128.49
757.52,0.018,103.679,0.0,1.0,0.0,0.0,0.04,128.49
757.62,0.018,103.679,0.0,1.0,0.0,0.0,0.04,128.49
757.72,0.018,103.679,0.0,1.0,0.0,0.0,0.04,128.49
757.8,0.018,103.679,0.0,1.0,0.0,0.0,0.04,128.49
757.86,0.018,103.679,0.0,1.0,0.0,0.0,0.04,128.49
757.9,0.018,103.679,0.01,1.0,0.0,0.0,0.04,128.49
758.04,0.018,103.679,0.0,1.0,0.0,0.0,0.03,128.49
758.14,0.018,103.679,0.0,1.0,0.0,0.0,0.04,128.49
758.24,0.018,103.679,0.0,1.0,0.0,0.0,0.04,128.49
758.32,0.018,103.679,0.0,1.0,0.0,0.0,0.03,128.49
758.38,0.018,103.679,0.01,1.0,0.0,0.0,0.04,128.49
758.42,0.018,103.679,0.0,1.0,0.0,0.0,0.04,128.49
758.56,0.018,103.679,0.0,1.0,0.0,0.0,0.04,128.49
758.64,0.018,103.679,0.0,1.0,0.0,0.0,0.04,128.49
758.76,0.018,103.679,0.0,1.0,0.0,0.0,0.03,128.49
758.82,0.018,103.679,0.0,1.0,0.0,0.0,0.04,128.49
758.94,0.018,103.679,0.01,1.0,0.0,0.0,0.04,128.49
759.02,0.018,103.679,0.0,1.0,0.0,0.0,0.04,128.49
759.1,0.018,103.679,0.0,1.0,0.0,0.0,0.04,128.49
759.16,0.018,103.679,0.0,1.0,0.0,0.0,0.04,128.49
759.24,0.018,103.679,0.0,1.0,0.0,0.0,0.04,128.49
759.34,0.018,103.679,0.0,1.0,0.0,0.0,0.04,128.49
759.42,0.018,103.679,0.0,1.0,0.0,0.0,0.04,128.49
759.52,0.018,103.679,0.0,1.0,0.0,0.0,0.04,128.49
759.54,0.018,103.679,0.0,1.0,0.0,0.0,0.04,128.49
759.64,0.018,103.679,0.0,1.0,0.0,0.0,0.04,128.49
759.68,0.018,103.679,0.0,1.0,0.0,0.0,0.04,128.49
759.76,0.018,103.679,0.0,1.0,0.0,0.0,0.04,128.49
759.84,0.018,103.679,0.0,1.0,0.0,0.0,0.04,128.49
759.9,0.018,103.679,0.0,1.0,0.0,0.0,0.04,128.49
760.02,0.018,103.679,0.0,1.0,0.0,0.0,0.04,128.49
760.08,0.018,103.679,0.0,1.0,0.0,0.0,0.04,128.49
760.18,0.018,103.679,0.01,1.0,0.0,0.0,0.04,128.49
760.26,0.018,103.679,0.0,1.0,0.0,0.0,0.04,128.49
760.34,0.018,103.679,0.0,1.0,0.0,0.0,0.04,128.49
760.4,0.018,103.679,0.0,1.0,0.0,0.0,0.04,128.49
760.5,0.018,103.679,0.0,1.0,0.0,0.0,0.04,128.49
760.56,0.018,103.679,0.0,1.0,0.0,0.0,0.04,128.49
760.6,0.018,103.679,0.0,1.0,0.0,0.0,0.04,128.49
760.7,0.018,103.679,0.0,1.0,0.0,0.0,0.04,128.49
760.74,0.018,103.679,0.0,1.0,0.0,0.0,0.04,128.49
760.84,0.018,103.679,0.0,1.0,0.0,0.0,0.04,128.49
760.94,0.018,103.679,0.0,1.0,0.0,0.0,0.04,128.49
761.02,0.018,103.679,0.0,1.0,0.0,0.0,0.04,128.49
761.1,0.018,103.679,0.0,1.0,0.0,0.0,0.04,128.49
761.18,0.018,103.679,0.0,1.0,0.0,0.0,0.04,128.49
761.28,0.018,103.679,0.0,1.0,0.0,0.0,0.03,128.49
761.38,0.018,103.679,0.0,1.0,0.0,0.0,0.04,128.49
761.42,0.018,103.679,0.0,1.0,0.0,0.0,0.04,128.49
761.52,0.018,103.679,0.0,1.0,0.0,0.0,0.04,128.49
761.6,0.018,103.679,0.0,1.0,0.0,0.0,0.04,128.49
761.68,0.018,103.679,0.0,1.0,0.0,0.0,0.04,128.49
761.78,0.018,103.679,0.0,1.0,0.0,0.0,0.04,128.49
761.86,0.018,103.679,0.0,1.0,0.0,0.0,0.04,128.49
761.94,0.018,103.679,0.0,1.0,0.0,0.0,0.04,128.49
762.02,0.018,103.679,0.01,1.0,0.0,0.0,0.04,128.49
762.1,0.018,103.679,0.0,1.0,0.0,0.0,0.04,128.49
762.2,0.018,103.679,0.0,1.0,0.0,0.0,0.04,128.49
762.28,0.018,103.679,0.0,1.0,0.0,0.0,0.03,128.49
762.36,0.018,103.679,0.0,1.0,0.0,0.0,0.04,128.49
762.46,0.018,103.679,0.0,1.0,0.0,0.0,0.04,128.49
762.54,0.018,103.679,0.0,1.0,0.0,0.0,0.04,128.49
762.62,0.018,103.679,0.0,1.0,0.0,0.0,0.04,128.49
762.7,0.018,103.679,0.0,1.0,0.0,0.0,0.04,128.49
762.78,0.018,103.679,0.0,1.0,0.0,0.0,0.04,128.49
762.86,0.018,103.679,0.0,1.0,0.0,0.0,0.04,128.49
762.96,0.018,103.679,0.0,1.0,0.0,0.0,0.04,128.49
763.04,0.018,103.679,0.0,1.0,0.0,0.0,0.04,128.49
763.12,0.018,103.679,0.0,1.0,0.0,0.0,0.04,128.49
763.18,0.018,103.679,0.0,1.0,0.0,0.0,0.03,128.49
763.3,0.018,103.679,0.0,1.0,0.0,0.0,0.03,128.49
763.38,0.018,103.679,0.01,1.0,0.0,0.0,0.04,128.49
763.48,0.018,103.679,0.0,1.0,0.0,0.0,0.04,128.49
763.58,0.018,103.679,0.0,1.0,0.0,0.0,0.04,128.49
763.66,0.018,103.679,0.0,1.0,0.0,0.0,0.04,128.49
763.74,0.018,103.679,0.0,1.0,0.0,0.0,0.04,128.49
763.84,0.018,103.679,0.0,1.0,0.0,0.0,0.04,128.49
763.92,0.018,103.679,0.01,1.0,0.0,0.0,0.04,128.49
764.02,0.018,103.679,0.0,1.0,0.0,0.0,0.04,128.49
764.12,0.018,103.679,0.0,1.0,0.0,0.0,0.04,128.49
764.2,0.018,103.679,0.0,1.0,0.0,0.0,0.04,128.49
764.3,0.018,103.679,0.0,1.0,0.0,0.0,0.04,128.49
764.36,0.018,103.679,0.0,1.0,0.0,0.0,0.04,128.49
764.48,0.018,103.679,0.0,1.0,0.0,0.0,0.04,128.49
764.56,0.018,103.679,0.0,1.0,0.0,0.0,0.04,128.49
764.64,0.018,103.679,0.0,1.0,0.0,0.0,0.03,128.49
764.72,0.018,103.679,0.0,1.0,0.0,0.0,0.04,128.49
764.8,0.018,103.679,0.0,1.0,0.0,0.0,0.04,128.49
764.88,0.018,103.679,0.0,1.0,0.0,0.0,0.04,128.49
764.98,0.018,103.679,0.01,1.0,0.0,0.0,0.04,128.49
765.06,0.018,103.679,0.0,1.0,0.0,0.0,0.04,128.49
765.14,0.018,103.679,0.0,1.0,0.0,0.0,0.04,128.49
765.24,0.018,103.679,0.0,1.0,0.0,0.0,0.04,128.49
765.32,0.018,103.679,0.0,1.0,0.0,0.0,0.04,128.49
765.4,0.018,103.679,0.0,1.0,0.0,0.0,0.04,128.49
765.48,0.018,103.679,0.0,1.0,0.0,0.0,0.04,128.49
765.58,0.018,103.679,0.0,1.0,0.0,0.0,0.04,128.49
765.66,0.018,103.679,0.0,1.0,0.0,0.0,0.04,128.49
765.74,0.018,103.679,0.0,1.0,0.0,0.0,0.03,128.49
765.82,0.018,103.679,0.0,1.0,0.0,0.0,0.04,128.49
765.84,0.018,103.679,0.0,1.0,0.0,0.0,0.04,128.49
765.94,0.018,103.679,0.0,1.0,0.0,0.0,0.03,128.49
765.98,0.018,103.679,0.0,1.0,0.0,0.0,0.04,128.49
766.06,0.018,103.679,0.0,1.0,0.0,0.0,0.04,128.49
766.16,0.018,103.679,0.0,1.0,0.0,0.0,0.03,128.49
766.26,0.018,103.679,0.0,1.0,0.0,0.0,0.04,128.49
766.34,0.018,103.679,0.0,1.0,0.0,0.0,0.04,128.49
766.42,0.018,103.679,0.0,1.0,0.0,0.0,0.04,128.49
766.48,0.018,103.679,0.0,1.0,0.0,0.0,0.04,128.49
766.56,0.018,103.679,0.0,1.0,0.0,0.0,0.04,128.49
766.62,0.018,103.679,0.0,1.0,0.0,0.0,0.04,128.49
766.68,0.018,103.679,0.0,1.0,0.0,0.0,0.04,128.49
766.74,0.018,103.679,0.0,1.0,0.0,0.0,0.03,128.49
766.84,0.018,103.679,0.0,1.0,0.0,0.0,0.04,128.49
766.9,0.018,103.679,0.0,1.0,0.0,0.0,0.04,128.49
766.94,0.018,103.679,0.01,1.0,0.0,0.0,0.04,128.49
767.02,0.018,103.679,0.0,1.0,0.0,0.0,0.04,128.49
767.1,0.018,103.679,0.0,1.0,0.0,0.0,0.03,128.49
767.16,0.018,103.679,0.0,1.0,0.0,0.0,0.03,128.49
767.24,0.018,103.679,0.0,1.0,0.0,0.0,0.03,128.49
767.26,0.018,103.679,0.0,1.0,0.0,0.0,0.03,128.49
767.34,0.018,103.679,0.0,1.0,0.0,0.0,0.04,128.49
767.42,0.018,103.679,0.0,1.0,0.0,0.0,0.04,128.49
767.52,0.018,103.679,0.0,1.0,0.0,0.0,0.04,128.49
767.6,0.018,103.679,0.01,1.0,0.0,0.0,0.04,128.49
767.68,0.018,103.679,0.0,1.0,0.0,0.0,0.03,128.49
767.76,0.018,103.679,0.0,1.0,0.0,0.0,0.04,128.49
767.86,0.018,103.679,0.0,1.0,0.0,0.0,0.04,128.49
767.94,0.018,103.679,0.0,1.0,0.0,0.0,0.04,128.49
768.04,0.018,103.679,0.0,1.0,0.0,0.0,0.04,128.49
768.12,0.018,103.679,0.0,1.0,0.0,0.0,0.04,128.49
768.18,0.018,103.679,0.0,1.0,0.0,0.0,0.04,128.49
768.28,0.018,103.679,0.0,1.0,0.0,0.0,0.04,128.49
768.38,0.018,103.679,0.0,1.0,0.0,0.0,0.04,128.49
768.46,0.018,103.679,0.0,1.0,0.0,0.0,0.04,128.49
768.56,0.018,103.679,0.0,1.0,0.0,0.0,0.04,128.49
768.64,0.018,103.679,0.0,1.0,0.0,0.0,0.04,128.49
768.74,0.018,103.679,0.0,1.0,0.0,0.0,0.04,128.49
768.8,0.018,103.679,0.0,1.0,0.0,0.0,0.04,128.49
768.9,0.018,103.679,0.0,1.0,0.0,0.0,0.04,128.49
769.02,0.018,103.679,0.0,1.0,0.0,0.0,0.03,128.49
769.96,0.018,103.679,0.01,1.0,0.0,0.0,0.03,128.49
770.06,0.018,103.679,0.0,1.0,0.0,0.0,0.04,128.49
770.18,0.018,103.679,0.0,1.0,0.0,0.0,0.03,128.49
770.22,0.018,103.679,0.0,1.0,0.0,0.0,0.04,128.49
770.3,0.018,103.679,0.0,1.0,0.0,0.0,0.03,128.49
770.38,0.018,103.679,0.0,1.0,0.0,0.0,0.04,128.49
770.46,0.018,103.679,0.0,1.0,0.0,0.0,0.04,128.49
770.56,0.018,103.679,0.0,1.0,0.0,0.0,0.04,128.49
770.64,0.018,103.679,0.0,1.0,0.0,0.0,0.04,128.49
770.72,0.018,103.679,0.0,1.0,0.0,0.0,0.04,128.49
770.74,0.018,103.679,0.0,1.0,0.0,0.0,0.04,128.49
770.84,0.018,103.679,0.0,1.0,0.0,0.0,0.03,128.49
770.88,0.018,103.679,0.01,1.0,0.0,0.0,0.04,128.49
770.98,0.018,103.679,0.0,1.0,0.0,0.0,0.04,128.49
771.0,0.018,103.679,0.0,1.0,0.0,0.0,0.04,128.49
771.16,0.018,103.679,0.0,1.0,0.0,0.0,0.04,128.49
771.24,0.018,103.679,0.0,1.0,0.0,0.0,0.04,128.49
771.26,0.018,103.679,0.0,1.0,0.0,0.0,0.04,128.49
771.38,0.018,103.679,0.0,1.0,0.0,0.0,0.04,128.49
771.48,0.018,103.679,0.0,1.0,0.0,0.0,0.04,128.49
771.58,0.018,103.679,0.0,1.0,0.0,0.0,0.04,128.49
771.66,0.018,103.679,0.0,1.0,0.0,0.0,0.04,128.49
771.74,0.018,103.679,0.0,1.0,0.0,0.0,0.04,128.49
771.76,0.018,103.679,0.0,1.0,0.0,0.0,0.04,128.49
771.84,0.018,103.679,0.0,1.0,0.0,0.0,0.04,128.49
771.92,0.018,103.679,0.0,1.0,0.0,0.0,0.04,128.49
771.96,0.018,103.679,0.0,1.0,0.0,0.0,0.04,128.49
772.08,0.018,103.679,0.0,1.0,0.0,0.0,0.03,128.49
772.14,0.018,103.679,0.0,1.0,0.0,0.0,0.04,128.49
772.24,0.018,103.679,0.0,1.0,0.0,0.0,0.04,128.49
772.34,0.018,103.679,0.0,1.0,0.0,0.0,0.04,128.49
772.44,0.018,103.679,0.0,1.0,0.0,0.0,0.04,128.49
772.54,0.018,103.679,0.0,1.0,0.0,0.0,0.04,128.49
772.62,0.018,103.679,0.0,1.0,0.0,0.0,0.04,128.49
772.76,0.018,103.679,0.0,1.0,0.0,0.0,0.04,128.49
772.86,0.018,103.679,0.0,1.0,0.0,0.0,0.04,128.49
772.96,0.018,103.679,0.0,1.0,0.0,0.0,0.04,128.49
773.04,0.018,103.679,0.0,1.0,0.0,0.0,0.04,128.49
773.12,0.018,103.679,0.0,1.0,0.0,0.0,0.04,128.49
773.2,0.018,103.679,0.0,1.0,0.0,0.0,0.03,128.49
773.3,0.018,103.679,0.01,1.0,0.0,0.0,0.04,128.49
773.4,0.018,103.679,0.0,1.0,0.0,0.0,0.04,128.49
773.48,0.018,103.679,0.0,1.0,0.0,0.0,0.03,128.49
773.58,0.018,103.679,0.0,1.0,0.0,0.0,0.04,128.49
773.66,0.018,103.679,0.0,1.0,0.0,0.0,0.04,128.49
773.74,0.018,103.679,0.0,1.0,0.0,0.0,0.04,128.49
773.84,0.018,103.679,0.0,1.0,0.0,0.0,0.03,128.49
773.92,0.018,103.679,0.0,1.0,0.0,0.0,0.04,128.49
774.0,0.018,103.679,0.0,1.0,0.0,0.0,0.04,128.49
774.1,0.018,103.679,0.0,1.0,0.0,0.0,0.03,128.49
774.18,0.018,103.679,0.01,1.0,0.0,0.0,0.04,128.49
774.26,0.018,103.679,0.0,1.0,0.0,0.0,0.04,128.49
774.36,0.018,103.679,0.0,1.0,0.0,0.0,0.04,128.49
774.44,0.018,103.679,0.0,1.0,0.0,0.0,0.04,128.49
774.52,0.018,103.679,0.0,1.0,0.0,0.0,0.04,128.49
774.6,0.018,103.679,0.0,1.0,0.0,0.0,0.04,128.49
774.68,0.018,103.679,0.0,1.0,0.0,0.0,0.04,128.49
774.76,0.018,103.679,0.0,1.0,0.0,0.0,0.04,128.49
774.84,0.018,103.679,0.0,1.0,0.0,0.0,0.04,128.49
774.94,0.018,103.679,0.0,1.0,0.0,0.0,0.04,128.49
775.0,0.018,103.679,0.0,1.0,0.0,0.0,0.03,128.49
775.08,0.018,103.679,0.0,1.0,0.0,0.0,0.04,128.49
775.14,0.018,103.679,0.01,1.0,0.0,0.0,0.04,128.49
775.26,0.018,103.679,0.01,1.0,0.0,0.0,0.04,128.49
775.34,0.018,103.679,0.0,1.0,0.0,0.0,0.04,128.49
775.44,0.018,103.679,0.0,1.0,0.0,0.0,0.04,128.49
775.52,0.018,103.679,0.0,1.0,0.0,0.0,0.04,128.49
775.62,0.018,103.679,0.0,1.0,0.0,0.0,0.04,128.49
775.72,0.018,103.679,0.0,1.0,0.0,0.0,0.04,128.49
775.8,0.018,103.679,0.0,1.0,0.0,0.0,0.04,128.49
775.9,0.018,103.679,0.0,1.0,0.0,0.0,0.04,128.49
775.96,0.018,103.679,0.0,1.0,0.0,0.0,0.04,128.49
776.08,0.018,103.679,0.0,1.0,0.0,0.0,0.03,128.49
776.16,0.018,103.679,0.0,1.0,0.0,0.0,0.04,128.49
776.26,0.018,103.679,0.0,1.0,0.0,0.0,0.04,128.49
776.34,0.018,103.679,0.0,1.0,0.0,0.0,0.04,128.49
776.42,0.018,103.679,0.0,1.0,0.0,0.0,0.03,128.49
776.52,0.018,103.679,0.0,1.0,0.0,0.0,0.04,128.49
776.62,0.018,103.679,0.0,1.0,0.0,0.0,0.04,128.49
776.7,0.018,103.679,0.0,1.0,0.0,0.0,0.04,128.49
776.8,0.018,103.679,0.0,1.0,0.0,0.0,0.04,128.49
776.84,0.018,103.679,0.0,1.0,0.0,0.0,0.04,128.49
776.96,0.018,103.679,0.0,1.0,0.0,0.0,0.04,128.49
777.06,0.018,103.679,0.0,1.0,0.0,0.0,0.04,128.49
777.14,0.018,103.679,0.0,1.0,0.0,0.0,0.04,128.49
777.24,0.018,103.679,0.0,1.0,0.0,0.0,0.04,128.49
777.34,0.018,103.679,0.0,1.0,0.0,0.0,0.04,128.49
777.42,0.018,103.679,0.0,1.0,0.0,0.0,0.04,128.49
777.5,0.018,103.679,0.0,1.0,0.0,0.0,0.04,128.49
777.58,0.018,103.679,0.0,1.0,0.0,0.0,0.04,128.49
777.68,0.018,103.679,0.0,1.0,0.0,0.0,0.04,128.49
777.78,0.018,103.679,0.0,1.0,0.0,0.0,0.03,128.49
777.88,0.018,103.679,0.01,1.0,0.0,0.0,0.04,128.49
777.98,0.018,103.679,0.0,1.0,0.0,0.0,0.04,128.49
778.04,0.018,103.679,0.0,1.0,0.0,0.0,0.04,128.49
778.16,0.018,103.679,0.0,1.0,0.0,0.0,0.04,128.49
778.24,0.018,103.679,0.0,1.0,0.0,0.0,0.04,128.49
778.34,0.018,103.679,0.0,1.0,0.0,0.0,0.04,128.49
778.42,0.018,103.679,0.0,1.0,0.0,0.0,0.04,128.49
778.52,0.018,103.679,0.0,1.0,0.0,0.0,0.04,128.49
778.6,0.018,103.679,0.0,1.0,0.0,0.0,0.04,128.49
778.68,0.018,103.679,0.0,1.0,0.0,0.0,0.04,128.49
778.78,0.018,103.679,0.0,1.0,0.0,0.0,0.04,128.49
778.88,0.018,103.679,0.0,1.0,0.0,0.0,0.04,128.49
778.98,0.018,103.679,0.0,1.0,0.0,0.0,0.04,128.49
779.08,0.018,103.679,0.0,1.0,0.0,0.0,0.04,128.49
779.16,0.018,103.679,0.0,1.0,0.0,0.0,0.04,128.49
779.26,0.018,103.679,0.0,1.0,0.0,0.0,0.04,128.49
779.34,0.018,103.679,0.0,1.0,0.0,0.0,0.04,128.49
779.44,0.018,103.679,0.0,1.0,0.0,0.0,0.04,128.49
779.5,0.018,103.679,0.0,1.0,0.0,0.0,0.03,128.49
779.62,0.018,103.679,0.0,1.0,0.0,0.0,0.04,128.49
779.7,0.018,103.679,0.0,1.0,0.0,0.0,0.04,128.49
779.8,0.018,103.679,0.0,1.0,0.0,0.0,0.04,128.49
779.88,0.018,103.679,0.0,1.0,0.0,0.0,0.03,128.49
779.98,0.018,103.679,0.0,1.0,0.0,0.0,0.04,128.49
780.04,0.018,103.679,0.0,1.0,0.0,0.0,0.04,128.49
780.16,0.018,103.679,0.0,1.0,0.0,0.0,0.03,128.49
780.26,0.018,103.679,0.0,1.0,0.0,0.0,0.04,128.49
780.34,0.018,103.679,0.01,1.0,0.0,0.0,0.04,128.49
780.44,0.018,103.679,0.0,1.0,0.0,0.0,0.04,128.49
780.52,0.018,103.679,0.0,1.0,0.0,0.0,0.03,128.49
780.62,0.018,103.679,0.0,1.0,0.0,0.0,0.04,128.49
780.72,0.018,103.679,0.0,1.0,0.0,0.0,0.04,128.49
780.82,0.018,103.679,0.01,1.0,0.0,0.0,0.04,128.49
780.9,0.018,103.679,0.0,1.0,0.0,0.0,0.04,128.49
781.0,0.018,103.679,0.01,1.0,0.0,0.0,0.04,128.49
781.08,0.018,103.679,0.0,1.0,0.0,0.0,0.04,128.49
781.18,0.018,103.679,0.0,1.0,0.0,0.0,0.04,128.49
781.28,0.018,103.679,0.0,1.0,0.0,0.0,0.04,128.49
781.36,0.018,103.679,0.0,1.0,0.0,0.0,0.04,128.49
781.46,0.018,103.679,0.0,1.0,0.0,0.0,0.04,128.49
781.54,0.018,103.679,0.0,1.0,0.0,0.0,0.04,128.49
781.62,0.018,103.679,0.0,1.0,0.0,0.0,0.04,128.49
781.72,0.018,103.679,0.0,1.0,0.0,0.0,0.04,128.49
781.82,0.018,103.679,0.0,1.0,0.0,0.0,0.04,128.49
781.9,0.018,103.679,0.0,1.0,0.0,0.0,0.04,128.49
781.98,0.018,103.679,0.0,1.0,0.0,0.0,0.04,128.49
782.08,0.018,103.679,0.01,1.0,0.0,0.0,0.04,128.49
782.18,0.018,103.679,0.0,1.0,0.0,0.0,0.04,128.49
782.24,0.018,103.679,0.0,1.0,0.0,0.0,0.04,128.49
782.36,0.018,103.679,0.0,1.0,0.0,0.0,0.04,128.49
782.42,0.018,103.679,0.0,1.0,0.0,0.0,0.04,128.49
782.52,0.018,103.679,0.0,1.0,0.0,0.0,0.04,128.49
782.62,0.018,103.679,0.0,1.0,0.0,0.0,0.04,128.49
782.7,0.018,103.679,0.0,1.0,0.0,0.0,0.04,128.49
782.8,0.018,103.679,0.0,1.0,0.0,0.0,0.04,128.49
782.9,0.018,103.679,0.0,1.0,0.0,0.0,0.04,128.49
782.98,0.018,103.679,0.0,1.0,0.0,0.0,0.03,128.49
783.08,0.018,103.679,0.0,1.0,0.0,0.0,0.04,128.49
783.16,0.018,103.679,0.0,1.0,0.0,0.0,0.04,128.49
783.24,0.018,103.679,0.0,1.0,0.0,0.0,0.04,128.49
783.34,0.018,103.679,0.0,1.0,0.0,0.0,0.04,128.49
783.42,0.018,103.679,0.0,1.0,0.0,0.0,0.04,128.49
783.5,0.018,103.679,0.0,1.0,0.0,0.0,0.04,128.49
783.58,0.018,103.679,0.0,1.0,0.0,0.0,0.03,128.49
783.66,0.018,103.679,0.0,1.0,0.0,0.0,0.04,128.49
783.74,0.018,103.679,0.0,1.0,0.0,0.0,0.04,128.49
783.84,0.018,103.679,0.0,1.0,0.0,0.0,0.04,128.49
783.92,0.018,103.679,0.0,1.0,0.0,0.0,0.04,128.49
784.0,0.018,103.679,0.0,1.0,0.0,0.0,0.04,128.49
784.1,0.018,103.679,0.0,1.0,0.0,0.0,0.04,128.49
784.18,0.018,103.679,0.0,1.0,0.0,0.0,0.04,128.49
784.28,0.018,103.679,0.0,1.0,0.0,0.0,0.04,128.49
784.3,0.018,103.679,0.0,1.0,0.0,0.0,0.04,128.49
784.42,0.018,103.679,0.0,1.0,0.0,0.0,0.04,128.49
784.46,0.018,103.679,0.0,1.0,0.0,0.0,0.04,128.49
784.56,0.018,103.679,0.0,1.0,0.0,0.0,0.04,128.49
784.64,0.018,103.679,0.0,1.0,0.0,0.0,0.04,128.49
784.72,0.018,103.679,0.0,1.0,0.0,0.0,0.04,128.49
784.82,0.018,103.679,0.01,1.0,0.0,0.0,0.04,128.49
784.9,0.018,103.679,0.0,1.0,0.0,0.0,0.04,128.49
784.98,0.018,103.679,0.0,1.0,0.0,0.0,0.04,128.49
785.08,0.018,103.679,0.0,1.0,0.0,0.0,0.03,128.49
785.16,0.018,103.679,0.0,1.0,0.0,0.0,0.04,128.49
785.24,0.018,103.679,0.0,1.0,0.0,0.0,0.03,128.49
785.32,0.018,103.679,0.0,1.0,0.0,0.0,0.04,128.49
785.42,0.018,103.679,0.0,1.0,0.0,0.0,0.04,128.49
785.5,0.018,103.679,0.0,1.0,0.0,0.0,0.04,128.49
785.58,0.018,103.679,0.0,1.0,0.0,0.0,0.04,128.49
785.66,0.018,103.679,0.0,1.0,0.0,0.0,0.04,128.49
785.74,0.018,103.679,0.0,1.0,0.0,0.0,0.04,128.49
785.84,0.018,103.679,0.0,1.0,0.0,0.0,0.04,128.49
785.92,0.018,103.679,0.0,1.0,0.0,0.0,0.04,128.49
786.02,0.018,103.679,0.0,1.0,0.0,0.0,0.04,128.49
786.1,0.018,103.679,0.0,1.0,0.0,0.0,0.04,128.49
786.12,0.018,103.679,0.0,1.0,0.0,0.0,0.04,128.49
786.22,0.018,103.679,0.0,1.0,0.0,0.0,0.04,128.49
786.24,0.018,103.679,0.0,1.0,0.0,0.0,0.04,128.49
786.36,0.018,103.679,0.0,1.0,0.0,0.0,0.04,128.49
786.44,0.018,103.679,0.0,1.0,0.0,0.0,0.04,128.49
786.52,0.018,103.679,0.0,1.0,0.0,0.0,0.04,128.49
786.6,0.018,103.679,0.0,1.0,0.0,0.0,0.04,128.49
786.7,0.018,103.679,0.0,1.0,0.0,0.0,0.04,128.49
786.76,0.018,103.679,0.0,1.0,0.0,0.0,0.04,128.49
786.86,0.018,103.679,0.01,1.0,0.0,0.0,0.04,128.49
786.96,0.018,103.679,0.01,1.0,0.0,0.0,0.04,128.49
787.04,0.018,103.679,0.0,1.0,0.0,0.0,0.03,128.49
787.14,0.018,103.679,0.0,1.0,0.0,0.0,0.03,128.49
787.2,0.018,103.679,0.0,1.0,0.0,0.0,0.04,128.49
787.3,0.018,103.679,0.0,1.0,0.0,0.0,0.04,128.49
787.4,0.018,103.679,0.0,1.0,0.0,0.0,0.03,128.49
787.48,0.018,103.679,0.01,1.0,0.0,0.0,0.04,128.49
787.56,0.018,103.679,0.0,1.0,0.0,0.0,0.04,128.49
787.66,0.018,103.679,0.0,1.0,0.0,0.0,0.04,128.49
787.74,0.018,103.679,0.0,1.0,0.0,0.0,0.04,128.49
787.82,0.018,103.679,0.0,1.0,0.0,0.0,0.04,128.49
787.92,0.018,103.679,0.0,1.0,0.0,0.0,0.03,128.49
787.98,0.018,103.679,0.0,1.0,0.0,0.0,0.03,128.49
788.06,0.018,103.679,0.0,1.0,0.0,0.0,0.04,128.49
788.16,0.018,103.679,0.0,1.0,0.0,0.0,0.03,128.49
788.24,0.018,103.679,0.0,1.0,0.0,0.0,0.04,128.49
788.26,0.018,103.679,0.0,1.0,0.0,0.0,0.04,128.49
788.34,0.018,103.679,0.0,1.0,0.0,0.0,0.04,128.49
788.4,0.018,103.679,0.0,1.0,0.0,0.0,0.04,128.49
788.5,0.018,103.679,0.0,1.0,0.0,0.0,0.04,128.49
788.58,0.018,103.679,0.0,1.0,0.0,0.0,0.04,128.49
788.6,0.018,103.679,0.0,1.0,0.0,0.0,0.04,128.49
788.68,0.018,103.679,0.0,1.0,0.0,0.0,0.04,128.49
788.78,0.018,103.679,0.0,1.0,0.0,0.0,0.04,128.49
788.82,0.018,103.679,0.0,1.0,0.0,0.0,0.04,128.49
788.92,0.018,103.679,0.0,1.0,0.0,0.0,0.04,128.49
789.02,0.018,103.679,0.0,1.0,0.0,0.0,0.03,128.49
789.14,0.018,103.679,0.0,1.0,0.0,0.0,0.04,128.49
789.18,0.018,103.679,0.0,1.0,0.0,0.0,0.04,128.49
789.28,0.018,103.679,0.0,1.0,0.0,0.0,0.04,128.49
789.36,0.018,103.679,0.0,1.0,0.0,0.0,0.04,128.49
789.38,0.018,103.679,0.01,1.0,0.0,0.0,0.04,128.49
789.52,0.018,103.679,0.0,1.0,0.0,0.0,0.04,128.49
789.6,0.018,103.679,0.0,1.0,0.0,0.0,0.03,128.49
789.68,0.018,103.679,0.0,1.0,0.0,0.0,0.04,128.49
789.78,0.018,103.679,0.0,1.0,0.0,0.0,0.04,128.49
789.84,0.018,103.679,0.0,1.0,0.0,0.0,0.03,128.49
789.96,0.018,103.679,0.0,1.0,0.0,0.0,0.04,128.49
790.06,0.018,103.679,0.0,1.0,0.0,0.0,0.04,128.49
790.16,0.018,103.679,0.0,1.0,0.0,0.0,0.04,128.49
790.24,0.018,103.679,0.0,1.0,0.0,0.0,0.04,128.49
790.34,0.018,103.679,0.0,1.0,0.0,0.0,0.04,128.49
790.4,0.018,103.679,0.0,1.0,0.0,0.0,0.04,128.49
790.5,0.018,103.679,0.0,1.0,0.0,0.0,0.04,128.49
790.58,0.018,103.679,0.0,1.0,0.0,0.0,0.04,128.49
790.68,0.018,103.679,0.0,1.0,0.0,0.0,0.04,128.49
790.7,0.018,103.679,0.0,1.0,0.0,0.0,0.04,128.49
790.76,0.018,103.679,0.0,1.0,0.0,0.0,0.03,128.49
790.82,0.018,103.679,0.0,1.0,0.0,0.0,0.04,128.49
790.92,0.018,103.679,0.0,1.0,0.0,0.0,0.04,128.49
791.0,0.018,103.679,0.0,1.0,0.0,0.0,0.04,128.49
791.12,0.018,103.679,0.0,1.0,0.0,0.0,0.03,128.49
791.18,0.018,103.679,0.0,1.0,0.0,0.0,0.04,128.49
791.3,0.018,103.679,0.0,1.0,0.0,0.0,0.04,128.49
791.38,0.018,103.679,0.01,1.0,0.0,0.0,0.04,128.49
791.48,0.018,103.679,0.0,1.0,0.0,0.0,0.04,128.49
791.54,0.018,103.679,0.0,1.0,0.0,0.0,0.04,128.49
791.64,0.018,103.679,0.0,1.0,0.0,0.0,0.04,128.49
791.74,0.018,103.679,0.0,1.0,0.0,0.0,0.04,128.49
791.82,0.018,103.679,0.0,1.0,0.0,0.0,0.04,128.49
791.9,0.018,103.679,0.0,1.0,0.0,0.0,0.04,128.49
792.0,0.018,103.679,0.0,1.0,0.0,0.0,0.04,128.49
792.08,0.018,103.679,0.0,1.0,0.0,0.0,0.03,128.49
792.16,0.018,103.679,0.0,1.0,0.0,0.0,0.04,128.49
792.26,0.018,103.679,0.0,1.0,0.0,0.0,0.04,128.49
792.34,0.018,103.679,0.0,1.0,0.0,0.0,0.04,128.49
792.36,0.018,103.679,0.0,1.0,0.0,0.0,0.04,128.49
792.44,0.018,103.679,0.0,1.0,0.0,0.0,0.04,128.49
792.5,0.018,103.679,0.0,1.0,0.0,0.0,0.04,128.49
792.58,0.018,103.679,0.0,1.0,0.0,0.0,0.04,128.49
792.66,0.018,103.679,0.0,1.0,0.0,0.0,0.04,128.49
792.74,0.018,103.679,0.0,1.0,0.0,0.0,0.04,128.49
792.84,0.018,103.679,0.0,1.0,0.0,0.0,0.04,128.49
792.92,0.018,103.679,0.0,1.0,0.0,0.0,0.04,128.49
793.0,0.018,103.679,0.0,1.0,0.0,0.0,0.04,128.49
793.08,0.018,103.679,0.0,1.0,0.0,0.0,0.04,128.49
793.18,0.018,103.679,0.0,1.0,0.0,0.0,0.04,128.49
793.28,0.018,103.679,0.0,1.0,0.0,0.0,0.04,128.49
793.36,0.018,103.679,0.01,1.0,0.0,0.0,0.04,128.49
793.44,0.018,103.679,0.0,1.0,0.0,0.0,0.04,128.49
793.54,0.018,103.679,0.0,1.0,0.0,0.0,0.04,128.49
793.62,0.018,103.679,0.0,1.0,0.0,0.0,0.04,128.49
793.7,0.018,103.679,0.0,1.0,0.0,0.0,0.04,128.49
793.78,0.018,103.679,0.0,1.0,0.0,0.0,0.04,128.49
793.88,0.018,103.679,0.0,1.0,0.0,0.0,0.04,128.49
793.96,0.018,103.679,0.0,1.0,0.0,0.0,0.04,128.49
794.08,0.018,103.679,0.0,1.0,0.0,0.0,0.03,128.49
794.18,0.018,103.679,0.0,1.0,0.0,0.0,0.04,128.49
794.26,0.018,103.679,0.0,1.0,0.0,0.0,0.04,128.49
794.34,0.018,103.679,0.0,1.0,0.0,0.0,0.04,128.49
794.42,0.018,103.679,0.0,1.0,0.0,0.0,0.04,128.49
794.5,0.018,103.679,0.0,1.0,0.0,0.0,0.03,128.49
794.6,0.018,103.679,0.0,1.0,0.0,0.0,0.04,128.49
794.7,0.018,103.679,0.0,1.0,0.0,0.0,0.04,128.49
794.78,0.018,103.679,0.0,1.0,0.0,0.0,0.04,128.49
794.84,0.018,103.679,0.0,1.0,0.0,0.0,0.04,128.49
794.94,0.018,103.679,0.0,1.0,0.0,0.0,0.04,128.49
795.04,0.018,103.679,0.0,1.0,0.0,0.0,0.04,128.49
795.12,0.018,103.679,0.0,1.0,0.0,0.0,0.04,128.49
795.18,0.018,103.679,0.0,1.0,0.0,0.0,0.04,128.49
795.3,0.018,103.679,0.0,1.0,0.0,0.0,0.04,128.49
795.38,0.018,103.679,0.0,1.0,0.0,0.0,0.04,128.49
795.48,0.018,103.679,0.01,1.0,0.0,0.0,0.04,128.49
795.54,0.018,103.679,0.0,1.0,0.0,0.0,0.04,128.49
795.62,0.018,103.679,0.0,1.0,0.0,0.0,0.04,128.49
795.66,0.018,103.679,0.0,1.0,0.0,0.0,0.04,128.49
795.78,0.018,103.679,0.0,1.0,0.0,0.0,0.04,128.49
795.84,0.018,103.679,0.01,1.0,0.0,0.0,0.03,128.49
795.92,0.018,103.679,0.0,1.0,0.0,0.0,0.04,128.49
796.02,0.018,103.679,0.0,1.0,0.0,0.0,0.04,128.49
796.1,0.018,103.679,0.0,1.0,0.0,0.0,0.04,128.49
796.2,0.018,103.679,0.0,1.0,0.0,0.0,0.04,128.49
796.28,0.018,103.679,0.0,1.0,0.0,0.0,0.04,128.49
796.36,0.018,103.679,0.0,1.0,0.0,0.0,0.04,128.49
796.46,0.018,103.679,0.0,1.0,0.0,0.0,0.04,128.49
796.54,0.018,103.679,0.0,1.0,0.0,0.0,0.04,128.49
796.64,0.018,103.679,0.0,1.0,0.0,0.0,0.04,128.49
796.74,0.018,103.679,0.0,1.0,0.0,0.0,0.04,128.49
796.8,0.018,103.679,0.0,1.0,0.0,0.0,0.04,128.49
796.92,0.018,103.679,0.0,1.0,0.0,0.0,0.04,128.49
797.0,0.018,103.679,0.0,1.0,0.0,0.0,0.04,128.49
797.1,0.018,103.679,0.0,1.0,0.0,0.0,0.04,128.49
797.2,0.018,103.679,0.0,1.0,0.0,0.0,0.04,128.49
797.26,0.018,103.679,0.0,1.0,0.0,0.0,0.04,128.49
797.36,0.018,103.679,0.0,1.0,0.0,0.0,0.04,128.49
797.46,0.018,103.679,0.0,1.0,0.0,0.0,0.04,128.49
797.56,0.018,103.679,0.0,1.0,0.0,0.0,0.04,128.49
797.62,0.018,103.679,0.0,1.0,0.0,0.0,0.04,128.49
797.72,0.018,103.679,0.0,1.0,0.0,0.0,0.04,128.49
797.86,0.018,103.679,0.0,1.0,0.0,0.0,0.04,128.49
797.94,0.018,103.679,0.0,1.0,0.0,0.0,0.03,128.49
798.06,0.018,103.679,0.0,1.0,0.0,0.0,0.04,128.49
798.12,0.018,103.679,0.0,1.0,0.0,0.0,0.04,128.49
798.2,0.018,103.679,0.0,1.0,0.0,0.0,0.03,128.49
798.32,0.018,103.679,0.0,1.0,0.0,0.0,0.04,128.49
798.38,0.018,103.679,0.0,1.0,0.0,0.0,0.03,128.49
798.46,0.018,103.679,0.0,1.0,0.0,0.0,0.03,128.49
798.56,0.018,103.679,0.0,1.0,0.0,0.0,0.04,128.49
798.64,0.018,103.679,0.0,1.0,0.0,0.0,0.04,128.49
798.74,0.018,103.679,0.0,1.0,0.0,0.0,0.04,128.49
798.82,0.018,103.679,0.0,1.0,0.0,0.0,0.04,128.49
798.9,0.018,103.679,0.0,1.0,0.0,0.0,0.04,128.49
798.98,0.018,103.679,0.0,1.0,0.0,0.0,0.04,128.49
799.06,0.018,103.679,0.0,1.0,0.0,0.0,0.04,128.49
799.14,0.018,103.679,0.0,1.0,0.0,0.0,0.04,128.49
799.24,0.018,103.679,0.0,1.0,0.0,0.0,0.04,128.49
799.34,0.018,103.679,0.0,1.0,0.0,0.0,0.04,128.49
799.44,0.018,103.679,0.0,1.0,0.0,0.0,0.04,128.49
799.5,0.018,103.679,0.0,1.0,0.0,0.0,0.04,128.49
799.6,0.018,103.679,0.0,1.0,0.0,0.0,0.04,128.49
799.68,0.018,103.679,0.0,1.0,0.0,0.0,0.03,128.49
799.76,0.018,103.679,0.01,1.0,0.0,0.0,0.04,128.49
799.86,0.018,103.679,0.0,1.0,0.0,0.0,0.04,128.49
799.94,0.018,103.679,0.0,1.0,0.0,0.0,0.04,128.49
800.02,0.018,103.679,0.0,1.0,0.0,0.0,0.04,128.49
800.12,0.018,103.679,0.0,1.0,0.0,0.0,0.04,128.49
800.2,0.018,103.679,0.0,1.0,0.0,0.0,0.04,128.49
800.28,0.018,103.679,0.0,1.0,0.0,0.0,0.04,128.49
800.38,0.018,103.679,0.0,1.0,0.0,0.0,0.04,128.49
800.46,0.018,103.679,0.0,1.0,0.0,0.0,0.03,128.49
800.56,0.018,103.679,0.0,1.0,0.0,0.0,0.04,128.49
800.64,0.018,103.679,0.0,1.0,0.0,0.0,0.04,128.49
800.74,0.018,103.679,0.0,1.0,0.0,0.0,0.04,128.49
800.82,0.018,103.679,0.01,1.0,0.0,0.0,0.04,128.49
800.88,0.018,103.679,0.01,1.0,0.0,0.0,0.04,128.49
800.98,0.018,103.679,0.0,1.0,0.0,0.0,0.03,128.49
801.08,0.018,103.679,0.0,1.0,0.0,0.0,0.04,128.49
801.14,0.018,103.679,0.0,1.0,0.0,0.0,0.04,128.49
801.18,0.018,103.679,0.0,1.0,0.0,0.0,0.04,128.49
801.24,0.018,103.679,0.0,1.0,0.0,0.0,0.04,128.49
801.34,0.018,103.679,0.01,1.0,0.0,0.0,0.04,128.49
801.44,0.018,103.679,0.0,1.0,0.0,0.0,0.04,128.49
801.52,0.018,103.679,0.0,1.0,0.0,0.0,0.04,128.49
801.62,0.018,103.679,0.0,1.0,0.0,0.0,0.04,128.49
801.7,0.018,103.679,0.0,1.0,0.0,0.0,0.04,128.49
801.76,0.018,103.679,0.0,1.0,0.0,0.0,0.03,128.49
801.86,0.018,103.679,0.01,1.0,0.0,0.0,0.04,128.49
801.96,0.018,103.679,0.0,1.0,0.0,0.0,0.04,128.49
802.02,0.018,103.679,0.0,1.0,0.0,0.0,0.04,128.49
802.1,0.018,103.679,0.0,1.0,0.0,0.0,0.04,128.49
802.14,0.018,103.679,0.0,1.0,0.0,0.0,0.04,128.49
802.2,0.018,103.679,0.0,1.0,0.0,0.0,0.03,128.49
802.3,0.018,103.679,0.0,1.0,0.0,0.0,0.04,128.49
802.4,0.018,103.679,0.0,1.0,0.0,0.0,0.04,128.49
802.5,0.018,103.679,0.0,1.0,0.0,0.0,0.04,128.49
802.58,0.018,103.679,0.0,1.0,0.0,0.0,0.04,128.49
802.64,0.018,103.679,0.0,1.0,0.0,0.0,0.04,128.49
802.76,0.018,103.679,0.0,1.0,0.0,0.0,0.04,128.49
802.82,0.018,103.679,0.0,1.0,0.0,0.0,0.04,128.49
802.92,0.018,103.679,0.0,1.0,0.0,0.0,0.04,128.49
803.0,0.018,103.679,0.0,1.0,0.0,0.0,0.04,128.49
803.1,0.018,103.679,0.0,1.0,0.0,0.0,0.04,128.49
803.16,0.018,103.679,0.0,1.0,0.0,0.0,0.04,128.49
803.26,0.018,103.679,0.0,1.0,0.0,0.0,0.04,128.49
803.38,0.018,103.679,0.0,1.0,0.0,0.0,0.03,128.49
803.42,0.018,103.679,0.0,1.0,0.0,0.0,0.04,128.49
803.52,0.018,103.679,0.0,1.0,0.0,0.0,0.04,128.49
803.6,0.018,103.679,0.0,1.0,0.0,0.0,0.04,128.49
803.7,0.018,103.679,0.0,1.0,0.0,0.0,0.03,128.49
803.78,0.018,103.679,0.0,1.0,0.0,0.0,0.04,128.49
803.86,0.018,103.679,0.0,1.0,0.0,0.0,0.04,128.49
804.0,0.018,103.679,0.0,1.0,0.0,0.0,0.04,128.49
804.02,0.018,103.679,0.0,1.0,0.0,0.0,0.04,128.49
804.12,0.018,103.679,0.0,1.0,0.0,0.0,0.04,128.49
804.2,0.018,103.679,0.0,1.0,0.0,0.0,0.04,128.49
804.24,0.018,103.679,0.0,1.0,0.0,0.0,0.04,128.49
804.3,0.018,103.679,0.0,1.0,0.0,0.0,0.04,128.49
804.38,0.018,103.679,0.0,1.0,0.0,0.0,0.03,128.49
804.48,0.018,103.679,0.0,1.0,0.0,0.0,0.04,128.49
804.54,0.018,103.679,0.0,1.0,0.0,0.0,0.04,128.49
804.62,0.018,103.679,0.0,1.0,0.0,0.0,0.04,128.49
804.68,0.018,103.679,0.0,1.0,0.0,0.0,0.03,128.49
804.8,0.018,103.679,0.0,1.0,0.0,0.0,0.03,128.49
804.88,0.018,103.679,0.0,1.0,0.0,0.0,0.04,128.49
804.98,0.018,103.679,0.0,1.0,0.0,0.0,0.04,128.49
805.06,0.018,103.679,0.0,1.0,0.0,0.0,0.04,128.49
805.14,0.018,103.679,0.0,1.0,0.0,0.0,0.04,128.49
805.22,0.018,103.679,0.0,1.0,0.0,0.0,0.04,128.49
805.32,0.018,103.679,0.0,1.0,0.0,0.0,0.04,128.49
805.4,0.018,103.679,0.0,1.0,0.0,0.0,0.04,128.49
805.42,0.018,103.679,0.0,1.0,0.0,0.0,0.04,128.49
805.5,0.018,103.679,0.0,1.0,0.0,0.0,0.04,128.49
805.6,0.018,103.679,0.0,1.0,0.0,0.0,0.04,128.49
805.64,0.018,103.679,0.0,1.0,0.0,0.0,0.04,128.49
805.74,0.018,103.679,0.0,1.0,0.0,0.0,0.04,128.49
805.82,0.018,103.679,0.0,1.0,0.0,0.0,0.04,128.49
805.9,0.018,103.679,0.0,1.0,0.0,0.0,0.04,128.49
805.98,0.018,103.679,0.0,1.0,0.0,0.0,0.04,128.49
806.08,0.018,103.679,0.0,1.0,0.0,0.0,0.03,128.49
806.16,0.018,103.679,0.0,1.0,0.0,0.0,0.04,128.49
806.26,0.018,103.679,0.0,1.0,0.0,0.0,0.04,128.49
806.34,0.018,103.679,0.0,1.0,0.0,0.0,0.04,128.49
806.44,0.018,103.679,0.0,1.0,0.0,0.0,0.04,128.49
806.52,0.018,103.679,0.0,1.0,0.0,0.0,0.04,128.49
806.6,0.018,103.679,0.0,1.0,0.0,0.0,0.04,128.49
806.68,0.018,103.679,0.0,1.0,0.0,0.0,0.04,128.49
806.76,0.018,103.679,0.0,1.0,0.0,0.0,0.04,128.49
806.86,0.018,103.679,0.0,1.0,0.0,0.0,0.04,128.49
806.92,0.018,103.679,0.0,1.0,0.0,0.0,0.04,128.49
807.0,0.018,103.679,0.0,1.0,0.0,0.0,0.04,128.49
807.04,0.018,103.679,0.0,1.0,0.0,0.0,0.04,128.49
807.14,0.018,103.679,0.0,1.0,0.0,0.0,0.04,128.49
807.16,0.018,103.679,0.0,1.0,0.0,0.0,0.04,128.49
807.28,0.018,103.679,0.0,1.0,0.0,0.0,0.04,128.49
807.36,0.018,103.679,0.0,1.0,0.0,0.0,0.04,128.49
807.46,0.018,103.679,0.01,1.0,0.0,0.0,0.04,128.49
807.56,0.018,103.679,0.0,1.0,0.0,0.0,0.04,128.49
807.64,0.018,103.679,0.0,1.0,0.0,0.0,0.04,128.49
807.7,0.018,103.679,0.0,1.0,0.0,0.0,0.04,128.49
807.8,0.018,103.679,0.0,1.0,0.0,0.0,0.04,128.49
807.88,0.018,103.679,0.0,1.0,0.0,0.0,0.03,128.49
807.98,0.018,103.679,0.0,1.0,0.0,0.0,0.03,128.49
808.08,0.018,103.679,0.0,1.0,0.0,0.0,0.04,128.49
808.16,0.018,103.679,0.0,1.0,0.0,0.0,0.03,128.49
808.24,0.018,103.679,0.0,1.0,0.0,0.0,0.04,128.49
808.34,0.018,103.679,0.0,1.0,0.0,0.0,0.04,128.49
808.4,0.018,103.679,0.0,1.0,0.0,0.0,0.04,128.49
808.5,0.018,103.679,0.0,1.0,0.0,0.0,0.04,128.49
808.6,0.018,103.679,0.0,1.0,0.0,0.0,0.04,128.49
808.68,0.018,103.679,0.0,1.0,0.0,0.0,0.04,128.49
808.76,0.018,103.679,0.0,1.0,0.0,0.0,0.04,128.49
808.86,0.018,103.679,0.0,1.0,0.0,0.0,0.04,128.49
808.96,0.018,103.679,0.0,1.0,0.0,0.0,0.04,128.49
809.02,0.018,103.679,0.0,1.0,0.0,0.0,0.03,128.49
809.12,0.018,103.679,0.0,1.0,0.0,0.0,0.04,128.49
809.2,0.018,103.679,0.0,1.0,0.0,0.0,0.04,128.49
809.3,0.018,103.679,0.0,1.0,0.0,0.0,0.04,128.49
809.38,0.018,103.679,0.0,1.0,0.0,0.0,0.03,128.49
809.46,0.018,103.679,0.0,1.0,0.0,0.0,0.04,128.49
809.56,0.018,103.679,0.0,1.0,0.0,0.0,0.03,128.49
809.64,0.018,103.679,0.01,1.0,0.0,0.0,0.04,128.49
809.74,0.018,103.679,0.0,1.0,0.0,0.0,0.03,128.49
809.86,0.018,103.679,0.0,1.0,0.0,0.0,0.04,128.49
809.9,0.018,103.679,0.0,1.0,0.0,0.0,0.04,128.49
810.0,0.018,103.679,0.01,1.0,0.0,0.0,0.04,128.49
810.08,0.018,103.679,0.0,1.0,0.0,0.0,0.03,128.49
810.16,0.018,103.679,0.0,1.0,0.0,0.0,0.04,128.49
810.26,0.018,103.679,0.0,1.0,0.0,0.0,0.03,128.49
810.34,0.018,103.679,0.01,1.0,0.0,0.0,0.04,128.49
810.44,0.018,103.679,0.0,1.0,0.0,0.0,0.04,128.49
810.52,0.018,103.679,0.0,1.0,0.0,0.0,0.04,128.49
810.6,0.018,103.679,0.0,1.0,0.0,0.0,0.03,128.49
810.7,0.018,103.679,0.0,1.0,0.0,0.0,0.03,128.49
810.78,0.018,103.679,0.0,1.0,0.0,0.0,0.04,128.49
810.86,0.018,103.679,0.0,1.0,0.0,0.0,0.04,128.49
810.96,0.018,103.679,0.0,1.0,0.0,0.0,0.04,128.49
811.04,0.018,103.679,0.0,1.0,0.0,0.0,0.04,128.49
811.12,0.018,103.679,0.0,1.0,0.0,0.0,0.04,128.49
811.22,0.018,103.679,0.0,1.0,0.0,0.0,0.04,128.49
811.3,0.018,103.679,0.0,1.0,0.0,0.0,0.04,128.49
811.4,0.018,103.679,0.0,1.0,0.0,0.0,0.03,128.49
811.46,0.018,103.679,0.0,1.0,0.0,0.0,0.04,128.49
811.54,0.018,103.679,0.0,1.0,0.0,0.0,0.04,128.49
811.62,0.018,103.679,0.0,1.0,0.0,0.0,0.04,128.49
811.7,0.018,103.679,0.0,1.0,0.0,0.0,0.03,128.49
811.8,0.018,103.679,0.0,1.0,0.0,0.0,0.04,128.49
811.88,0.018,103.679,0.0,1.0,0.0,0.0,0.04,128.49
811.96,0.018,103.679,0.01,1.0,0.0,0.0,0.04,128.49
812.06,0.018,103.679,0.0,1.0,0.0,0.0,0.04,128.49
812.14,0.018,103.679,0.0,1.0,0.0,0.0,0.04,128.49
812.22,0.018,103.679,0.0,1.0,0.0,0.0,0.03,128.49
812.3,0.018,103.679,0.0,1.0,0.0,0.0,0.04,128.49
812.42,0.018,103.679,0.0,1.0,0.0,0.0,0.04,128.49
812.5,0.018,103.679,0.0,1.0,0.0,0.0,0.04,128.49
812.6,0.018,103.679,0.0,1.0,0.0,0.0,0.04,128.49
812.68,0.018,103.679,0.0,1.0,0.0,0.0,0.04,128.49
812.78,0.018,103.679,0.0,1.0,0.0,0.0,0.04,128.49
812.86,0.018,103.679,0.0,1.0,0.0,0.0,0.03,128.49
812.94,0.018,103.679,0.01,1.0,0.0,0.0,0.03,128.49
813.06,0.018,103.679,0.01,1.0,0.0,0.0,0.04,128.49
813.18,0.018,103.679,0.01,1.0,0.0,0.0,0.04,128.49
813.22,0.018,103.679,0.0,1.0,0.0,0.0,0.04,128.49
813.32,0.018,103.679,0.0,1.0,0.0,0.0,0.03,128.49
813.4,0.018,103.679,0.0,1.0,0.0,0.0,0.04,128.49
813.48,0.018,103.679,0.0,1.0,0.0,0.0,0.04,128.49
813.58,0.018,103.679,0.0,1.0,0.0,0.0,0.04,128.49
813.66,0.018,103.679,0.0,1.0,0.0,0.0,0.04,128.49
813.74,0.018,103.679,0.0,1.0,0.0,0.0,0.04,128.49
813.84,0.018,103.679,0.0,1.0,0.0,0.0,0.04,128.49
813.92,0.018,103.679,0.0,1.0,0.0,0.0,0.03,128.49
814.02,0.018,103.679,0.01,1.0,0.0,0.0,0.04,128.49
814.12,0.018,103.679,0.0,1.0,0.0,0.0,0.04,128.49
814.2,0.018,103.679,0.0,1.0,0.0,0.0,0.04,128.49
814.3,0.018,103.679,0.0,1.0,0.0,0.0,0.03,128.49
814.38,0.018,103.679,0.0,1.0,0.0,0.0,0.04,128.49
814.46,0.018,103.679,0.0,1.0,0.0,0.0,0.04,128.49
814.48,0.018,103.679,0.0,1.0,0.0,0.0,0.04,128.49
814.58,0.018,103.679,0.0,1.0,0.0,0.0,0.04,128.49
814.62,0.018,103.679,0.0,1.0,0.0,0.0,0.04,128.49
814.7,0.018,103.679,0.0,1.0,0.0,0.0,0.04,128.49
814.74,0.018,103.679,0.0,1.0,0.0,0.0,0.04,128.49
814.8,0.018,103.679,0.0,1.0,0.0,0.0,0.03,128.49
814.88,0.018,103.679,0.0,1.0,0.0,0.0,0.04,128.49
814.98,0.018,103.679,0.0,1.0,0.0,0.0,0.04,128.49
815.04,0.018,103.679,0.0,1.0,0.0,0.0,0.04,128.49
815.14,0.018,103.679,0.0,1.0,0.0,0.0,0.04,128.49
815.24,0.018,103.679,0.0,1.0,0.0,0.0,0.04,128.49
815.36,0.018,103.679,0.0,1.0,0.0,0.0,0.04,128.49
815.4,0.018,103.679,0.0,1.0,0.0,0.0,0.04,128.49
815.5,0.018,103.679,0.0,1.0,0.0,0.0,0.04,128.49
815.58,0.018,103.679,0.0,1.0,0.0,0.0,0.04,128.49
815.68,0.018,103.679,0.0,1.0,0.0,0.0,0.04,128.49
815.8,0.018,103.679,0.0,1.0,0.0,0.0,0.04,128.49
815.84,0.018,103.679,0.0,1.0,0.0,0.0,0.04,128.49
815.92,0.018,103.679,0.0,1.0,0.0,0.0,0.04,128.49
816.0,0.018,103.679,0.0,1.0,0.0,0.0,0.04,128.49
816.08,0.018,103.679,0.0,1.0,0.0,0.0,0.04,128.49
816.18,0.018,103.679,0.0,1.0,0.0,0.0,0.04,128.49
816.26,0.018,103.679,0.0,1.0,0.0,0.0,0.04,128.49
816.34,0.018,103.679,0.0,1.0,0.0,0.0,0.03,128.49
816.44,0.018,103.679,0.0,1.0,0.0,0.0,0.03,128.49
816.52,0.018,103.679,0.0,1.0,0.0,0.0,0.04,128.49
816.6,0.018,103.679,0.0,1.0,0.0,0.0,0.04,128.49
816.7,0.018,103.679,0.0,1.0,0.0,0.0,0.04,128.49
816.78,0.018,103.679,0.0,1.0,0.0,0.0,0.04,128.49
816.86,0.018,103.679,0.0,1.0,0.0,0.0,0.04,128.49
816.96,0.018,103.679,0.0,1.0,0.0,0.0,0.04,128.49
817.04,0.018,103.679,0.0,1.0,0.0,0.0,0.03,128.49
817.12,0.018,103.679,0.0,1.0,0.0,0.0,0.04,128.49
817.24,0.018,103.679,0.0,1.0,0.0,0.0,0.04,128.49
817.32,0.018,103.679,0.0,1.0,0.0,0.0,0.04,128.49
817.42,0.018,103.679,0.0,1.0,0.0,0.0,0.04,128.49
817.52,0.018,103.679,0.0,1.0,0.0,0.0,0.04,128.49
817.6,0.018,103.679,0.0,1.0,0.0,0.0,0.04,128.49
817.7,0.018,103.679,0.0,1.0,0.0,0.0,0.04,128.49
817.78,0.018,103.679,0.01,1.0,0.0,0.0,0.04,128.49
817.88,0.018,103.679,0.0,1.0,0.0,0.0,0.04,128.49
817.96,0.018,103.679,0.0,1.0,0.0,0.0,0.04,128.49
818.04,0.018,103.679,0.0,1.0,0.0,0.0,0.04,128.49
818.12,0.018,103.679,0.0,1.0,0.0,0.0,0.04,128.49
818.22,0.018,103.679,0.0,1.0,0.0,0.0,0.04,128.49
818.32,0.018,103.679,0.0,1.0,0.0,0.0,0.04,128.49
818.42,0.018,103.679,0.0,1.0,0.0,0.0,0.03,128.49
818.48,0.018,103.679,0.0,1.0,0.0,0.0,0.04,128.49
818.6,0.018,103.679,0.0,1.0,0.0,0.0,0.04,128.49
818.72,0.018,103.679,0.0,1.0,0.0,0.0,0.04,128.49
818.8,0.018,103.679,0.0,1.0,0.0,0.0,0.04,128.49
818.9,0.018,103.679,0.0,1.0,0.0,0.0,0.04,128.49
819.0,0.018,103.679,0.0,1.0,0.0,0.0,0.04,128.49
819.1,0.018,103.679,0.0,1.0,0.0,0.0,0.04,128.49
819.18,0.018,103.679,0.0,1.0,0.0,0.0,0.04,128.49
819.28,0.018,103.679,0.0,1.0,0.0,0.0,0.04,128.49
819.34,0.018,103.679,0.0,1.0,0.0,0.0,0.04,128.49
819.42,0.018,103.679,0.0,1.0,0.0,0.0,0.04,128.49
819.56,0.018,103.679,0.0,1.0,0.0,0.0,0.04,128.49
819.66,0.018,103.679,0.0,1.0,0.0,0.0,0.04,128.49
819.76,0.018,103.679,0.0,1.0,0.0,0.0,0.04,128.49
819.86,0.018,103.679,0.0,1.0,0.0,0.0,0.04,128.49
819.88,0.018,103.679,0.0,1.0,0.0,0.0,0.04,128.49
820.02,0.018,103.679,0.01,1.0,0.0,0.0,0.04,128.49
820.06,0.018,103.679,0.01,1.0,0.0,0.0,0.04,128.49
820.2,0.018,103.679,0.0,1.0,0.0,0.0,0.04,128.49
820.28,0.018,103.679,0.0,1.0,0.0,0.0,0.04,128.49
820.4,0.018,103.679,0.0,1.0,0.0,0.0,0.04,128.49
820.42,0.018,103.679,0.0,1.0,0.0,0.0,0.04,128.49
820.52,0.018,103.679,0.0,1.0,0.0,0.0,0.04,128.49
820.66,0.018,103.679,0.0,1.0,0.0,0.0,0.03,128.49
820.76,0.018,103.679,0.0,1.0,0.0,0.0,0.04,128.49
820.86,0.018,103.679,0.0,1.0,0.0,0.0,0.04,128.49
820.88,0.018,103.679,0.0,1.0,0.0,0.0,0.04,128.49
820.96,0.018,103.679,0.0,1.0,0.0,0.0,0.04,128.49
821.04,0.018,103.679,0.0,1.0,0.0,0.0,0.04,128.49
821.14,0.018,103.679,0.0,1.0,0.0,0.0,0.04,128.49
821.24,0.018,103.679,0.0,1.0,0.0,0.0,0.04,128.49
821.34,0.018,103.679,0.0,1.0,0.0,0.0,0.03,128.49
821.44,0.018,103.679,0.0,1.0,0.0,0.0,0.03,128.49
821.52,0.018,103.679,0.0,1.0,0.0,0.0,0.04,128.49
821.6,0.018,103.679,0.0,1.0,0.0,0.0,0.04,128.49
821.7,0.018,103.679,0.0,1.0,0.0,0.0,0.04,128.49
821.72,0.018,103.679,0.0,1.0,0.0,0.0,0.04,128.49
821.82,0.018,103.679,0.0,1.0,0.0,0.0,0.04,128.49
821.9,0.018,103.679,0.0,1.0,0.0,0.0,0.04,128.49
821.98,0.018,103.679,0.0,1.0,0.0,0.0,0.04,128.49
822.06,0.018,103.679,0.0,1.0,0.0,0.0,0.04,128.49
822.18,0.018,103.679,0.0,1.0,0.0,0.0,0.04,128.49
822.2,0.018,103.679,0.0,1.0,0.0,0.0,0.04,128.49
822.26,0.018,103.679,0.0,1.0,0.0,0.0,0.04,128.49
822.38,0.018,103.679,0.0,1.0,0.0,0.0,0.03,128.49
822.48,0.018,103.679,0.01,1.0,0.0,0.0,0.04,128.49
822.58,0.018,103.679,0.0,1.0,0.0,0.0,0.03,128.49
822.68,0.018,103.679,0.0,1.0,0.0,0.0,0.04,128.49
822.78,0.018,103.679,0.0,1.0,0.0,0.0,0.04,128.49
822.88,0.018,103.679,0.0,1.0,0.0,0.0,0.04,128.49
822.96,0.018,103.679,0.0,1.0,0.0,0.0,0.04,128.49
823.06,0.018,103.679,0.0,1.0,0.0,0.0,0.03,128.49
823.08,0.018,103.679,0.0,1.0,0.0,0.0,0.03,128.49
823.18,0.018,103.679,0.0,1.0,0.0,0.0,0.04,128.49
823.26,0.018,103.679,0.0,1.0,0.0,0.0,0.03,128.49
823.34,0.018,103.679,0.0,1.0,0.0,0.0,0.04,128.49
823.44,0.018,103.679,0.0,1.0,0.0,0.0,0.04,128.49
823.5,0.018,103.679,0.0,1.0,0.0,0.0,0.04,128.49
823.62,0.018,103.679,0.0,1.0,0.0,0.0,0.04,128.49
823.7,0.018,103.679,0.0,1.0,0.0,0.0,0.04,128.49
823.8,0.018,103.679,0.0,1.0,0.0,0.0,0.04,128.49
823.9,0.018,103.679,0.0,1.0,0.0,0.0,0.04,128.49
823.98,0.018,103.679,0.0,1.0,0.0,0.0,0.04,128.49
824.06,0.018,103.679,0.0,1.0,0.0,0.0,0.04,128.49
824.18,0.018,103.679,0.0,1.0,0.0,0.0,0.04,128.49
824.26,0.018,103.679,0.0,1.0,0.0,0.0,0.04,128.49
824.36,0.018,103.679,0.0,1.0,0.0,0.0,0.04,128.49
824.42,0.018,103.679,0.0,1.0,0.0,0.0,0.04,128.49
824.52,0.018,103.679,0.0,1.0,0.0,0.0,0.03,128.49
824.56,0.018,103.679,0.0,1.0,0.0,0.0,0.03,128.49
824.64,0.018,103.679,0.0,1.0,0.0,0.0,0.04,128.49
824.74,0.018,103.679,0.01,1.0,0.0,0.0,0.04,128.49
824.82,0.018,103.679,0.0,1.0,0.0,0.0,0.03,128.49
824.92,0.018,103.679,0.0,1.0,0.0,0.0,0.04,128.49
825.06,0.018,103.679,0.0,1.0,0.0,0.0,0.03,128.49
825.18,0.018,103.679,0.0,1.0,0.0,0.0,0.04,128.49
825.28,0.018,103.679,0.0,1.0,0.0,0.0,0.04,128.49
825.36,0.018,103.679,0.0,1.0,0.0,0.0,0.04,128.49
825.46,0.018,103.679,0.0,1.0,0.0,0.0,0.04,128.49
825.54,0.018,103.679,0.0,1.0,0.0,0.0,0.04,128.49
825.62,0.018,103.679,0.0,1.0,0.0,0.0,0.04,128.49
825.72,0.018,103.679,0.0,1.0,0.0,0.0,0.04,128.49
825.82,0.018,103.679,0.0,1.0,0.0,0.0,0.03,128.49
825.9,0.018,103.679,0.0,1.0,0.0,0.0,0.04,128.49
825.98,0.018,103.679,0.0,1.0,0.0,0.0,0.04,128.49
826.08,0.018,103.679,0.0,1.0,0.0,0.0,0.04,128.49
826.16,0.018,103.679,0.0,1.0,0.0,0.0,0.03,128.49
826.24,0.018,103.679,0.01,1.0,0.0,0.0,0.04,128.49
826.34,0.018,103.679,0.0,1.0,0.0,0.0,0.04,128.49
826.42,0.018,103.679,0.0,1.0,0.0,0.0,0.04,128.49
826.52,0.018,103.679,0.0,1.0,0.0,0.0,0.03,128.49
826.62,0.018,103.679,0.0,1.0,0.0,0.0,0.03,128.49
826.7,0.018,103.679,0.0,1.0,0.0,0.0,0.03,128.49
826.72,0.018,103.679,0.0,1.0,0.0,0.0,0.03,128.49
826.82,0.018,103.679,0.01,1.0,0.0,0.0,0.04,128.49
826.88,0.018,103.679,0.0,1.0,0.0,0.0,0.04,128.49
826.9,0.018,103.679,0.0,1.0,0.0,0.0,0.04,128.49
827.06,0.018,103.679,0.0,1.0,0.0,0.0,0.03,128.49
827.16,0.018,103.679,0.0,1.0,0.0,0.0,0.04,128.49
827.26,0.018,103.679,0.0,1.0,0.0,0.0,0.04,128.49
827.34,0.018,103.679,0.0,1.0,0.0,0.0,0.03,128.49
827.44,0.018,103.679,0.0,1.0,0.0,0.0,0.03,128.49
827.52,0.018,103.679,0.0,1.0,0.0,0.0,0.04,128.49
827.62,0.018,103.679,0.0,1.0,0.0,0.0,0.04,128.49
827.72,0.018,103.679,0.0,1.0,0.0,0.0,0.04,128.49
827.82,0.018,103.679,0.0,1.0,0.0,0.0,0.04,128.49
827.92,0.018,103.679,0.0,1.0,0.0,0.0,0.04,128.49
827.98,0.018,103.679,0.0,1.0,0.0,0.0,0.04,128.49
828.02,0.018,103.679,0.0,1.0,0.0,0.0,0.04,128.49
828.12,0.018,103.679,0.0,1.0,0.0,0.0,0.04,128.49
828.18,0.018,103.679,0.0,1.0,0.0,0.0,0.03,128.49
828.26,0.018,103.679,0.0,1.0,0.0,0.0,0.03,128.49
828.4,0.018,103.679,0.0,1.0,0.0,0.0,0.04,128.49
828.44,0.018,103.679,0.0,1.0,0.0,0.0,0.04,128.49
828.52,0.018,103.679,0.0,1.0,0.0,0.0,0.04,128.49
828.6,0.018,103.679,0.0,1.0,0.0,0.0,0.04,128.49
828.64,0.018,103.679,0.0,1.0,0.0,0.0,0.04,128.49
828.72,0.018,103.679,0.0,1.0,0.0,0.0,0.04,128.49
828.82,0.018,103.679,0.0,1.0,0.0,0.0,0.04,128.49
828.86,0.018,103.679,0.0,1.0,0.0,0.0,0.03,128.49
828.92,0.018,103.679,0.0,1.0,0.0,0.0,0.04,128.49
829.04,0.018,103.679,0.0,1.0,0.0,0.0,0.04,128.49
829.12,0.018,103.679,0.0,1.0,0.0,0.0,0.04,128.49
829.22,0.018,103.679,0.0,1.0,0.0,0.0,0.04,128.49
829.32,0.018,103.679,0.0,1.0,0.0,0.0,0.04,128.49
829.4,0.018,103.679,0.01,1.0,0.0,0.0,0.04,128.49
829.48,0.018,103.679,0.0,1.0,0.0,0.0,0.04,128.49
829.56,0.018,103.679,0.0,1.0,0.0,0.0,0.04,128.49
829.68,0.018,103.679,0.0,1.0,0.0,0.0,0.04,128.49
829.8,0.018,103.679,0.0,1.0,0.0,0.0,0.03,128.49
829.88,0.018,103.679,0.0,1.0,0.0,0.0,0.04,128.49
830.0,0.018,103.679,0.01,1.0,0.0,0.0,0.04,128.49
830.1,0.018,103.679,0.0,1.0,0.0,0.0,0.03,128.49
830.2,0.018,103.679,0.0,1.0,0.0,0.0,0.03,128.49
830.3,0.018,103.679,0.0,1.0,0.0,0.0,0.04,128.49
830.38,0.018,103.679,0.0,1.0,0.0,0.0,0.03,128.49
830.48,0.018,103.679,0.0,1.0,0.0,0.0,0.03,128.49
830.58,0.018,103.679,0.0,1.0,0.0,0.0,0.03,128.49
830.64,0.018,103.679,0.0,1.0,0.0,0.0,0.03,128.49
830.74,0.018,103.679,0.0,1.0,0.0,0.0,0.04,128.49
830.84,0.018,103.679,0.01,1.0,0.0,0.0,0.04,128.49
830.94,0.018,103.679,0.0,1.0,0.0,0.0,0.03,128.49
831.0,0.018,103.679,0.0,1.0,0.0,0.0,0.04,128.49
831.1,0.018,103.679,0.0,1.0,0.0,0.0,0.04,128.49
831.18,0.018,103.679,0.0,1.0,0.0,0.0,0.04,128.49
831.26,0.018,103.679,0.0,1.0,0.0,0.0,0.03,128.49
831.36,0.018,103.679,0.0,1.0,0.0,0.0,0.04,128.49
831.42,0.018,103.679,0.0,1.0,0.0,0.0,0.03,128.49
831.52,0.018,103.679,0.0,1.0,0.0,0.0,0.04,128.49
831.62,0.018,103.679,0.0,1.0,0.0,0.0,0.04,128.49
831.7,0.018,103.679,0.0,1.0,0.0,0.0,0.04,128.49
831.78,0.018,103.679,0.0,1.0,0.0,0.0,0.04,128.49
831.86,0.018,103.679,0.0,1.0,0.0,0.0,0.04,128.49
831.96,0.018,103.679,0.0,1.0,0.0,0.0,0.04,128.49
832.08,0.018,103.679,0.0,1.0,0.0,0.0,0.04,128.49
832.1,0.018,103.679,0.0,1.0,0.0,0.0,0.03,128.49
832.22,0.018,103.679,0.0,1.0,0.0,0.0,0.03,128.49
832.24,0.018,103.679,0.0,1.0,0.0,0.0,0.03,128.49
832.38,0.018,103.679,0.0,1.0,0.0,0.0,0.04,128.49
832.5,0.018,103.679,0.0,1.0,0.0,0.0,0.03,128.49
832.58,0.018,103.679,0.0,1.0,0.0,0.0,0.04,128.49
832.66,0.018,103.679,0.01,1.0,0.0,0.0,0.04,128.49
832.78,0.018,103.679,0.0,1.0,0.0,0.0,0.04,128.49
832.86,0.018,103.679,0.01,1.0,0.0,0.0,0.04,128.49
832.96,0.018,103.679,0.0,1.0,0.0,0.0,0.04,128.49
833.04,0.018,103.679,0.0,1.0,0.0,0.0,0.04,128.49
833.14,0.018,103.679,0.01,1.0,0.0,0.0,0.04,128.49
833.22,0.018,103.679,0.0,1.0,0.0,0.0,0.04,128.49
833.3,0.018,103.679,0.0,1.0,0.0,0.0,0.03,128.49
833.4,0.018,103.679,0.0,1.0,0.0,0.0,0.03,128.49
833.48,0.018,103.679,0.0,1.0,0.0,0.0,0.04,128.49
833.56,0.018,103.679,0.0,1.0,0.0,0.0,0.04,128.49
833.66,0.018,103.679,0.0,1.0,0.0,0.0,0.04,128.49
833.72,0.018,103.679,0.0,1.0,0.0,0.0,0.04,128.49
833.82,0.018,103.679,0.0,1.0,0.0,0.0,0.04,128.49
833.92,0.018,103.679,0.0,1.0,0.0,0.0,0.04,128.49
834.02,0.018,103.679,0.0,1.0,0.0,0.0,0.04,128.49
834.12,0.018,103.679,0.0,1.0,0.0,0.0,0.04,128.49
834.22,0.018,103.679,0.0,1.0,0.0,0.0,0.04,128.49
834.3,0.018,103.679,0.0,1.0,0.0,0.0,0.04,128.49
834.44,0.018,103.679,0.0,1.0,0.0,0.0,0.04,128.49
834.54,0.018,103.679,0.0,1.0,0.0,0.0,0.04,128.49
834.64,0.018,103.679,0.0,1.0,0.0,0.0,0.04,128.49
834.76,0.018,103.679,0.0,1.0,0.0,0.0,0.04,128.49
834.86,0.018,103.679,0.0,1.0,0.0,0.0,0.04,128.49
834.94,0.018,103.679,0.0,1.0,0.0,0.0,0.04,128.49
835.06,0.018,103.679,0.0,1.0,0.0,0.0,0.04,128.49
835.16,0.018,103.679,0.0,1.0,0.0,0.0,0.04,128.49
835.26,0.018,103.679,0.0,1.0,0.0,0.0,0.04,128.49
835.36,0.018,103.679,0.0,1.0,0.0,0.0,0.04,128.49
835.46,0.018,103.679,0.01,1.0,0.0,0.0,0.04,128.49
835.48,0.018,103.679,0.01,1.0,0.0,0.0,0.04,128.49
835.58,0.018,103.679,0.0,1.0,0.0,0.0,0.03,128.49
835.7,0.018,103.679,0.0,1.0,0.0,0.0,0.03,128.49
835.76,0.018,103.679,0.0,1.0,0.0,0.0,0.04,128.49
835.86,0.018,103.679,0.0,1.0,0.0,0.0,0.04,128.49
835.96,0.018,103.679,0.0,1.0,0.0,0.0,0.04,128.49
836.04,0.018,103.679,0.01,1.0,0.0,0.0,0.04,128.49
836.14,0.018,103.679,0.0,1.0,0.0,0.0,0.03,128.49
836.24,0.018,103.679,0.0,1.0,0.0,0.0,0.04,128.49
836.34,0.018,103.679,0.0,1.0,0.0,0.0,0.04,128.49
836.4,0.018,103.679,0.0,1.0,0.0,0.0,0.04,128.49
836.52,0.018,103.679,0.0,1.0,0.0,0.0,0.04,128.49
836.58,0.018,103.679,0.0,1.0,0.0,0.0,0.04,128.49
836.68,0.018,103.679,0.0,1.0,0.0,0.0,0.04,128.49
836.78,0.018,103.679,0.0,1.0,0.0,0.0,0.04,128.49
836.84,0.018,103.679,0.0,1.0,0.0,0.0,0.04,128.49
836.94,0.018,103.679,0.0,1.0,0.0,0.0,0.04,128.49
837.02,0.018,103.679,0.0,1.0,0.0,0.0,0.04,128.49
837.1,0.018,103.679,0.0,1.0,0.0,0.0,0.03,128.49
837.2,0.018,103.679,0.0,1.0,0.0,0.0,0.04,128.49
837.26,0.018,103.679,0.0,1.0,0.0,0.0,0.04,128.49
837.36,0.018,103.679,0.0,1.0,0.0,0.0,0.04,128.49
837.46,0.018,103.679,0.0,1.0,0.0,0.0,0.04,128.49
837.56,0.018,103.679,0.0,1.0,0.0,0.0,0.04,128.49
837.64,0.018,103.679,0.0,1.0,0.0,0.0,0.04,128.49
837.72,0.018,103.679,0.0,1.0,0.0,0.0,0.04,128.49
837.8,0.018,103.679,0.0,1.0,0.0,0.0,0.04,128.49
837.88,0.018,103.679,0.01,1.0,0.0,0.0,0.04,128.49
837.98,0.018,103.679,0.0,1.0,0.0,0.0,0.04,128.49
838.06,0.018,103.679,0.01,1.0,0.0,0.0,0.04,128.49
838.16,0.018,103.679,0.0,1.0,0.0,0.0,0.04,128.49
838.26,0.018,103.679,0.0,1.0,0.0,0.0,0.04,128.49
838.36,0.018,103.679,0.0,1.0,0.0,0.0,0.04,128.49
838.44,0.018,103.679,0.0,1.0,0.0,0.0,0.04,128.49
838.54,0.018,103.679,0.0,1.0,0.0,0.0,0.04,128.49
838.64,0.018,103.679,0.0,1.0,0.0,0.0,0.04,128.49
838.7,0.018,103.679,0.0,1.0,0.0,0.0,0.04,128.49
838.8,0.018,103.679,0.0,1.0,0.0,0.0,0.04,128.49
838.9,0.018,103.679,0.0,1.0,0.0,0.0,0.03,128.49
838.98,0.018,103.679,0.0,1.0,0.0,0.0,0.04,128.49
839.08,0.018,103.679,0.0,1.0,0.0,0.0,0.03,128.49
839.18,0.018,103.679,0.0,1.0,0.0,0.0,0.04,128.49
839.26,0.018,103.679,0.0,1.0,0.0,0.0,0.04,128.49
839.36,0.018,103.679,0.0,1.0,0.0,0.0,0.04,128.49
839.44,0.018,103.679,0.0,1.0,0.0,0.0,0.03,128.49
839.52,0.018,103.679,0.0,1.0,0.0,0.0,0.04,128.49
839.6,0.018,103.679,0.0,1.0,0.0,0.0,0.04,128.49
839.66,0.018,103.679,0.0,1.0,0.0,0.0,0.04,128.49
839.78,0.018,103.679,0.0,1.0,0.0,0.0,0.04,128.49
839.88,0.018,103.679,0.0,1.0,0.0,0.0,0.04,128.49
839.98,0.018,103.679,0.0,1.0,0.0,0.0,0.04,128.49
840.08,0.018,103.679,0.0,1.0,0.0,0.0,0.04,128.49
840.14,0.018,103.679,0.0,1.0,0.0,0.0,0.04,128.49
840.2,0.018,103.679,0.01,1.0,0.0,0.0,0.04,128.49
840.28,0.018,103.679,0.0,1.0,0.0,0.0,0.04,128.49
840.38,0.018,103.679,0.0,1.0,0.0,0.0,0.04,128.49
840.46,0.018,103.679,0.01,1.0,0.0,0.0,0.04,128.49
840.6,0.018,103.679,0.0,1.0,0.0,0.0,0.04,128.49
840.62,0.018,103.679,0.0,1.0,0.0,0.0,0.03,128.49
840.74,0.018,103.679,0.0,1.0,0.0,0.0,0.03,128.49
840.82,0.018,103.679,0.0,1.0,0.0,0.0,0.03,128.49
840.9,0.018,103.679,0.0,1.0,0.0,0.0,0.04,128.49
841.0,0.018,103.679,0.0,1.0,0.0,0.0,0.04,128.49
841.08,0.018,103.679,0.0,1.0,0.0,0.0,0.03,128.49
841.18,0.018,103.679,0.0,1.0,0.0,0.0,0.04,128.49
841.24,0.018,103.679,0.0,1.0,0.0,0.0,0.03,128.49
841.32,0.018,103.679,0.0,1.0,0.0,0.0,0.04,128.49
841.42,0.018,103.679,0.0,1.0,0.0,0.0,0.04,128.49
841.48,0.018,103.679,0.0,1.0,0.0,0.0,0.04,128.49
841.58,0.018,103.679,0.0,1.0,0.0,0.0,0.03,128.49
841.66,0.018,103.679,0.0,1.0,0.0,0.0,0.04,128.49
841.78,0.018,103.679,0.0,1.0,0.0,0.0,0.04,128.49
841.8,0.018,103.679,0.0,1.0,0.0,0.0,0.04,128.49
841.9,0.018,103.679,0.0,1.0,0.0,0.0,0.03,128.49
842.02,0.018,103.679,0.0,1.0,0.0,0.0,0.03,128.49
842.12,0.018,103.679,0.0,1.0,0.0,0.0,0.04,128.49
842.2,0.018,103.679,0.0,1.0,0.0,0.0,0.04,128.49
842.3,0.018,103.679,0.0,1.0,0.0,0.0,0.04,128.49
842.38,0.018,103.679,0.0,1.0,0.0,0.0,0.04,128.49
842.4,0.018,103.679,0.0,1.0,0.0,0.0,0.04,128.49
842.46,0.018,103.679,0.0,1.0,0.0,0.0,0.04,128.49
842.6,0.018,103.679,0.0,1.0,0.0,0.0,0.04,128.49
842.7,0.018,103.679,0.0,1.0,0.0,0.0,0.04,128.49
842.76,0.018,103.679,0.0,1.0,0.0,0.0,0.04,128.49
842.86,0.018,103.679,0.0,1.0,0.0,0.0,0.04,128.49
842.94,0.018,103.679,0.0,1.0,0.0,0.0,0.04,128.49
843.04,0.018,103.679,0.0,1.0,0.0,0.0,0.04,128.49
843.12,0.018,103.679,0.0,1.0,0.0,0.0,0.04,128.49
843.2,0.018,103.679,0.0,1.0,0.0,0.0,0.04,128.49
843.3,0.018,103.679,0.0,1.0,0.0,0.0,0.04,128.49
843.4,0.018,103.679,0.0,1.0,0.0,0.0,0.04,128.49
843.5,0.018,103.679,0.0,1.0,0.0,0.0,0.04,128.49
843.6,0.018,103.679,0.0,1.0,0.0,0.0,0.04,128.49
843.7,0.018,103.679,0.0,1.0,0.0,0.0,0.04,128.49
843.76,0.018,103.679,0.0,1.0,0.0,0.0,0.04,128.49
843.86,0.018,103.679,0.0,1.0,0.0,0.0,0.04,128.49
843.96,0.018,103.679,0.0,1.0,0.0,0.0,0.04,128.49
844.06,0.018,103.679,0.0,1.0,0.0,0.0,0.04,128.49
844.16,0.018,103.679,0.01,1.0,0.0,0.0,0.04,128.49
844.26,0.018,103.679,0.0,1.0,0.0,0.0,0.04,128.49
844.36,0.018,103.679,0.0,1.0,0.0,0.0,0.04,128.49
844.44,0.018,103.679,0.0,1.0,0.0,0.0,0.04,128.49
844.54,0.018,103.679,0.0,1.0,0.0,0.0,0.04,128.49
844.62,0.018,103.679,0.0,1.0,0.0,0.0,0.04,128.49
844.72,0.018,103.679,0.01,1.0,0.0,0.0,0.04,128.49
844.78,0.018,103.679,0.0,1.0,0.0,0.0,0.04,128.49
844.88,0.018,103.679,0.01,1.0,0.0,0.0,0.04,128.49
844.96,0.018,103.679,0.0,1.0,0.0,0.0,0.04,128.49
845.04,0.018,103.679,0.0,1.0,0.0,0.0,0.04,128.49
845.14,0.018,103.679,0.0,1.0,0.0,0.0,0.04,128.49
845.2,0.018,103.679,0.0,1.0,0.0,0.0,0.03,128.49
845.28,0.018,103.679,0.0,1.0,0.0,0.0,0.04,128.49
845.36,0.018,103.679,0.0,1.0,0.0,0.0,0.04,128.49
845.44,0.018,103.679,0.0,1.0,0.0,0.0,0.04,128.49
845.52,0.018,103.679,0.0,1.0,0.0,0.0,0.04,128.49
845.62,0.018,103.679,0.0,1.0,0.0,0.0,0.04,128.49
845.68,0.018,103.679,0.0,1.0,0.0,0.0,0.04,128.49
845.78,0.018,103.679,0.0,1.0,0.0,0.0,0.04,128.49
845.88,0.018,103.679,0.0,1.0,0.0,0.0,0.04,128.49
845.96,0.018,103.679,0.0,1.0,0.0,0.0,0.04,128.49
846.06,0.018,103.679,0.0,1.0,0.0,0.0,0.04,128.49
846.14,0.018,103.679,0.0,1.0,0.0,0.0,0.04,128.49
846.24,0.018,103.679,0.0,1.0,0.0,0.0,0.04,128.49
846.32,0.018,103.679,0.01,1.0,0.0,0.0,0.04,128.49
846.4,0.018,103.679,0.0,1.0,0.0,0.0,0.04,128.49
846.5,0.018,103.679,0.0,1.0,0.0,0.0,0.03,128.49
846.6,0.018,103.679,0.0,1.0,0.0,0.0,0.03,128.49
846.66,0.018,103.679,0.0,1.0,0.0,0.0,0.04,128.49
846.76,0.018,103.679,0.0,1.0,0.0,0.0,0.04,128.49
846.86,0.018,103.679,0.0,1.0,0.0,0.0,0.04,128.49
846.96,0.018,103.679,0.0,1.0,0.0,0.0,0.04,128.49
847.04,0.018,103.679,0.0,1.0,0.0,0.0,0.04,128.49
847.14,0.018,103.679,0.01,1.0,0.0,0.0,0.04,128.49
847.2,0.018,103.679,0.0,1.0,0.0,0.0,0.04,128.49
847.3,0.018,103.679,0.0,1.0,0.0,0.0,0.04,128.49
847.38,0.018,103.679,0.0,1.0,0.0,0.0,0.04,128.49
847.46,0.018,103.679,0.0,1.0,0.0,0.0,0.04,128.49
847.54,0.018,103.679,0.0,1.0,0.0,0.0,0.03,128.49
847.62,0.018,103.679,0.01,1.0,0.0,0.0,0.04,128.49
847.72,0.018,103.679,0.0,1.0,0.0,0.0,0.04,128.49
847.78,0.018,103.679,0.0,1.0,0.0,0.0,0.03,128.49
847.88,0.018,103.679,0.0,1.0,0.0,0.0,0.04,128.49
847.98,0.018,103.679,0.0,1.0,0.0,0.0,0.03,128.49
848.08,0.018,103.679,0.0,1.0,0.0,0.0,0.04,128.49
848.18,0.018,103.679,0.01,1.0,0.0,0.0,0.04,128.49
848.26,0.018,103.679,0.0,1.0,0.0,0.0,0.04,128.49
848.36,0.018,103.679,0.0,1.0,0.0,0.0,0.04,128.49
848.44,0.018,103.679,0.01,1.0,0.0,0.0,0.04,128.49
848.52,0.018,103.679,0.0,1.0,0.0,0.0,0.04,128.49
848.62,0.018,103.679,0.0,1.0,0.0,0.0,0.03,128.49
848.7,0.018,103.679,0.0,1.0,0.0,0.0,0.04,128.49
848.8,0.018,103.679,0.0,1.0,0.0,0.0,0.04,128.49
848.88,0.018,103.679,0.0,1.0,0.0,0.0,0.04,128.49
848.96,0.018,103.679,0.01,1.0,0.0,0.0,0.04,128.49
849.06,0.018,103.679,0.0,1.0,0.0,0.0,0.04,128.49
849.16,0.018,103.679,0.0,1.0,0.0,0.0,0.04,128.49
849.24,0.018,103.679,0.0,1.0,0.0,0.0,0.04,128.49
849.34,0.018,103.679,0.0,1.0,0.0,0.0,0.04,128.49
849.44,0.018,103.679,0.0,1.0,0.0,0.0,0.03,128.49
849.52,0.018,103.679,0.0,1.0,0.0,0.0,0.04,128.49
849.6,0.018,103.679,0.0,1.0,0.0,0.0,0.04,128.49
849.7,0.018,103.679,0.0,1.0,0.0,0.0,0.04,128.49
849.78,0.018,103.679,0.0,1.0,0.0,0.0,0.04,128.49
849.9,0.018,103.679,0.0,1.0,0.0,0.0,0.04,128.49
849.92,0.018,103.679,0.0,1.0,0.0,0.0,0.04,128.49
849.98,0.018,103.679,0.0,1.0,0.0,0.0,0.04,128.49
850.1,0.018,103.679,0.0,1.0,0.0,0.0,0.04,128.49
850.2,0.018,103.679,0.0,1.0,0.0,0.0,0.03,128.49
850.32,0.018,103.679,0.0,1.0,0.0,0.0,0.04,128.49
850.42,0.018,103.679,0.0,1.0,0.0,0.0,0.03,128.49
850.52,0.018,103.679,0.0,1.0,0.0,0.0,0.04,128.49
850.62,0.018,103.679,0.0,1.0,0.0,0.0,0.04,128.49
850.7,0.018,103.679,0.0,1.0,0.0,0.0,0.04,128.49
850.8,0.018,103.679,0.0,1.0,0.0,0.0,0.04,128.49
850.88,0.018,103.679,0.0,1.0,0.0,0.0,0.04,128.49
850.98,0.018,103.679,0.0,1.0,0.0,0.0,0.03,128.49
851.08,0.018,103.679,0.0,1.0,0.0,0.0,0.04,128.49
851.16,0.018,103.679,0.0,1.0,0.0,0.0,0.03,128.49
851.26,0.018,103.679,0.0,1.0,0.0,0.0,0.04,128.49
851.34,0.018,103.679,0.0,1.0,0.0,0.0,0.04,128.49
851.42,0.018,103.679,0.0,1.0,0.0,0.0,0.04,128.49
851.52,0.018,103.679,0.0,1.0,0.0,0.0,0.04,128.49
851.58,0.018,103.679,0.0,1.0,0.0,0.0,0.04,128.49
851.66,0.018,103.679,0.0,1.0,0.0,0.0,0.04,128.49
851.78,0.018,103.679,0.0,1.0,0.0,0.0,0.04,128.49
851.86,0.018,103.679,0.0,1.0,0.0,0.0,0.04,128.49
851.96,0.018,103.679,0.0,1.0,0.0,0.0,0.04,128.49
852.04,0.018,103.679,0.0,1.0,0.0,0.0,0.03,128.49
852.12,0.018,103.679,0.0,1.0,0.0,0.0,0.04,128.49
852.24,0.018,103.679,0.0,1.0,0.0,0.0,0.04,128.49
852.32,0.018,103.679,0.0,1.0,0.0,0.0,0.03,128.49
852.4,0.018,103.679,0.0,1.0,0.0,0.0,0.04,128.49
852.52,0.018,103.679,0.0,1.0,0.0,0.0,0.04,128.49
852.58,0.018,103.679,0.0,1.0,0.0,0.0,0.04,128.49
852.7,0.018,103.679,0.0,1.0,0.0,0.0,0.04,128.49
852.78,0.018,103.679,0.0,1.0,0.0,0.0,0.04,128.49
852.86,0.018,103.679,0.0,1.0,0.0,0.0,0.04,128.49
852.96,0.018,103.679,0.0,1.0,0.0,0.0,0.03,128.49
853.06,0.018,103.679,0.0,1.0,0.0,0.0,0.04,128.49
853.14,0.018,103.679,0.0,1.0,0.0,0.0,0.04,128.49
853.24,0.018,103.679,0.0,1.0,0.0,0.0,0.04,128.49
853.32,0.018,103.679,0.0,1.0,0.0,0.0,0.03,128.49
853.4,0.018,103.679,0.0,1.0,0.0,0.0,0.04,128.49
853.5,0.018,103.679,0.0,1.0,0.0,0.0,0.04,128.49
853.58,0.018,103.679,0.01,1.0,0.0,0.0,0.04,128.49
853.68,0.018,103.679,0.0,1.0,0.0,0.0,0.04,128.49
853.74,0.018,103.679,0.0,1.0,0.0,0.0,0.04,128.49
853.82,0.018,103.679,0.0,1.0,0.0,0.0,0.03,128.49
853.9,0.018,103.679,0.0,1.0,0.0,0.0,0.04,128.49
853.98,0.018,103.679,0.0,1.0,0.0,0.0,0.04,128.49
854.08,0.018,103.679,0.0,1.0,0.0,0.0,0.04,128.49
854.16,0.018,103.679,0.0,1.0,0.0,0.0,0.03,128.49
854.26,0.018,103.679,0.01,1.0,0.0,0.0,0.04,128.49
854.36,0.018,103.679,0.0,1.0,0.0,0.0,0.04,128.49
854.46,0.018,103.679,0.0,1.0,0.0,0.0,0.03,128.49
854.54,0.018,103.679,0.0,1.0,0.0,0.0,0.04,128.49
854.64,0.018,103.679,0.0,1.0,0.0,0.0,0.03,128.49
854.74,0.018,103.679,0.0,1.0,0.0,0.0,0.03,128.49
854.82,0.018,103.679,0.0,1.0,0.0,0.0,0.04,128.49
854.9,0.018,103.679,0.0,1.0,0.0,0.0,0.04,128.49
854.98,0.018,103.679,0.0,1.0,0.0,0.0,0.04,128.49
855.08,0.018,103.679,0.0,1.0,0.0,0.0,0.04,128.49
855.18,0.018,103.679,0.01,1.0,0.0,0.0,0.04,128.49
855.28,0.018,103.679,0.0,1.0,0.0,0.0,0.03,128.49
855.38,0.018,103.679,0.0,1.0,0.0,0.0,0.03,128.49
855.46,0.018,103.679,0.0,1.0,0.0,0.0,0.04,128.49
855.56,0.018,103.679,0.0,1.0,0.0,0.0,0.04,128.49
855.64,0.018,103.679,0.0,1.0,0.0,0.0,0.04,128.49
855.74,0.018,103.679,0.0,1.0,0.0,0.0,0.04,128.49
855.78,0.018,103.679,0.01,1.0,0.0,0.0,0.04,128.49
855.92,0.018,103.679,0.0,1.0,0.0,0.0,0.04,128.49
856.0,0.018,103.679,0.0,1.0,0.0,0.0,0.04,128.49
856.08,0.018,103.679,0.0,1.0,0.0,0.0,0.03,128.49
856.18,0.018,103.679,0.0,1.0,0.0,0.0,0.03,128.49
856.28,0.018,103.679,0.0,1.0,0.0,0.0,0.04,128.49
856.36,0.018,103.679,0.0,1.0,0.0,0.0,0.04,128.49
856.44,0.018,103.679,0.0,1.0,0.0,0.0,0.04,128.49
856.56,0.018,103.679,0.0,1.0,0.0,0.0,0.04,128.49
856.64,0.018,103.679,0.0,1.0,0.0,0.0,0.04,128.49
856.72,0.018,103.679,0.0,1.0,0.0,0.0,0.03,128.49
856.8,0.018,103.679,0.0,1.0,0.0,0.0,0.04,128.49
856.88,0.018,103.679,0.0,1.0,0.0,0.0,0.04,128.49
857.0,0.018,103.679,0.0,1.0,0.0,0.0,0.04,128.49
857.1,0.018,103.679,0.0,1.0,0.0,0.0,0.04,128.49
857.18,0.018,103.679,0.0,1.0,0.0,0.0,0.04,128.49
857.26,0.018,103.679,0.0,1.0,0.0,0.0,0.04,128.49
857.36,0.018,103.679,0.0,1.0,0.0,0.0,0.04,128.49
857.44,0.018,103.679,0.0,1.0,0.0,0.0,0.04,128.49
857.52,0.018,103.679,0.0,1.0,0.0,0.0,0.04,128.49
857.6,0.018,103.679,0.0,1.0,0.0,0.0,0.04,128.49
857.7,0.018,103.679,0.0,1.0,0.0,0.0,0.04,128.49
857.78,0.018,103.679,0.0,1.0,0.0,0.0,0.04,128.49
857.88,0.018,103.679,0.0,1.0,0.0,0.0,0.04,128.49
857.96,0.018,103.679,0.0,1.0,0.0,0.0,0.04,128.49
858.04,0.018,103.679,0.0,1.0,0.0,0.0,0.04,128.49
858.12,0.018,103.679,0.0,1.0,0.0,0.0,0.04,128.49
858.26,0.018,103.679,0.0,1.0,0.0,0.0,0.04,128.49
858.3,0.018,103.679,0.0,1.0,0.0,0.0,0.03,128.49
858.44,0.018,103.679,0.0,1.0,0.0,0.0,0.04,128.49
858.54,0.018,103.679,0.0,1.0,0.0,0.0,0.04,128.49
858.64,0.018,103.679,0.0,1.0,0.0,0.0,0.04,128.49
858.7,0.018,103.679,0.0,1.0,0.0,0.0,0.03,128.49
858.8,0.018,103.679,0.0,1.0,0.0,0.0,0.04,128.49
858.9,0.018,103.679,0.0,1.0,0.0,0.0,0.04,128.49
859.0,0.018,103.679,0.01,1.0,0.0,0.0,0.04,128.49
859.1,0.018,103.679,0.0,1.0,0.0,0.0,0.04,128.49
859.16,0.018,103.679,0.0,1.0,0.0,0.0,0.04,128.49
859.26,0.018,103.679,0.0,1.0,0.0,0.0,0.04,128.49
859.34,0.018,103.679,0.0,1.0,0.0,0.0,0.03,128.49
859.44,0.018,103.679,0.0,1.0,0.0,0.0,0.04,128.49
859.5,0.018,103.679,0.0,1.0,0.0,0.0,0.04,128.49
859.6,0.018,103.679,0.0,1.0,0.0,0.0,0.04,128.49
859.7,0.018,103.679,0.0,1.0,0.0,0.0,0.04,128.49
859.8,0.018,103.679,0.0,1.0,0.0,0.0,0.04,128.49
859.88,0.018,103.679,0.0,1.0,0.0,0.0,0.04,128.49
859.98,0.018,103.679,0.0,1.0,0.0,0.0,0.04,128.49
860.06,0.018,103.679,0.0,1.0,0.0,0.0,0.04,128.49
860.14,0.018,103.679,0.0,1.0,0.0,0.0,0.03,128.49
860.24,0.018,103.679,0.0,1.0,0.0,0.0,0.04,128.49
860.32,0.018,103.679,0.0,1.0,0.0,0.0,0.04,128.49
860.42,0.018,103.679,0.0,1.0,0.0,0.0,0.04,128.49
860.5,0.018,103.679,0.0,1.0,0.0,0.0,0.04,128.49
860.6,0.018,103.679,0.0,1.0,0.0,0.0,0.03,128.49
860.7,0.018,103.679,0.0,1.0,0.0,0.0,0.04,128.49
860.76,0.018,103.679,0.0,1.0,0.0,0.0,0.03,128.49
860.82,0.018,103.679,0.0,1.0,0.0,0.0,0.04,128.49
860.92,0.018,103.679,0.0,1.0,0.0,0.0,0.04,128.49
861.0,0.018,103.679,0.0,1.0,0.0,0.0,0.04,128.49
861.1,0.018,103.679,0.01,1.0,0.0,0.0,0.03,128.49
861.18,0.018,103.679,0.0,1.0,0.0,0.0,0.04,128.49
861.28,0.018,103.679,0.0,1.0,0.0,0.0,0.04,128.49
861.36,0.018,103.679,0.0,1.0,0.0,0.0,0.03,128.49
861.44,0.018,103.679,0.0,1.0,0.0,0.0,0.04,128.49
861.54,0.018,103.679,0.0,1.0,0.0,0.0,0.04,128.49
861.62,0.018,103.679,0.0,1.0,0.0,0.0,0.04,128.49
861.7,0.018,103.679,0.0,1.0,0.0,0.0,0.04,128.49
861.82,0.018,103.679,0.0,1.0,0.0,0.0,0.04,128.49
861.92,0.018,103.679,0.0,1.0,0.0,0.0,0.04,128.49
862.0,0.018,103.679,0.0,1.0,0.0,0.0,0.04,128.49
862.08,0.018,103.679,0.0,1.0,0.0,0.0,0.04,128.49
862.16,0.018,103.679,0.0,1.0,0.0,0.0,0.04,128.49
862.26,0.018,103.679,0.0,1.0,0.0,0.0,0.04,128.49
862.34,0.018,103.679,0.0,1.0,0.0,0.0,0.03,128.49
862.44,0.018,103.679,0.0,1.0,0.0,0.0,0.04,128.49
862.54,0.018,103.679,0.0,1.0,0.0,0.0,0.04,128.49
862.62,0.018,103.679,0.0,1.0,0.0,0.0,0.03,128.49
862.72,0.018,103.679,0.0,1.0,0.0,0.0,0.04,128.49
862.82,0.018,103.679,0.0,1.0,0.0,0.0,0.04,128.49
862.9,0.018,103.679,0.0,1.0,0.0,0.0,0.04,128.49
863.0,0.018,103.679,0.0,1.0,0.0,0.0,0.04,128.49
863.08,0.018,103.679,0.0,1.0,0.0,0.0,0.04,128.49
863.18,0.018,103.679,0.0,1.0,0.0,0.0,0.04,128.49
863.26,0.018,103.679,0.0,1.0,0.0,0.0,0.03,128.49
863.36,0.018,103.679,0.0,1.0,0.0,0.0,0.04,128.49
863.42,0.018,103.679,0.0,1.0,0.0,0.0,0.03,128.49
863.52,0.018,103.679,0.0,1.0,0.0,0.0,0.04,128.49
863.62,0.018,103.679,0.0,1.0,0.0,0.0,0.04,128.49
863.72,0.018,103.679,0.0,1.0,0.0,0.0,0.04,128.49
863.78,0.018,103.679,0.0,1.0,0.0,0.0,0.03,128.49
863.88,0.018,103.679,0.01,1.0,0.0,0.0,0.03,128.49
863.96,0.018,103.679,0.0,1.0,0.0,0.0,0.04,128.49
864.06,0.018,103.679,0.0,1.0,0.0,0.0,0.03,128.49
864.16,0.018,103.679,0.0,1.0,0.0,0.0,0.03,128.49
864.24,0.018,103.679,0.0,1.0,0.0,0.0,0.04,128.49
864.34,0.018,103.679,0.0,1.0,0.0,0.0,0.04,128.49
864.44,0.018,103.679,0.0,1.0,0.0,0.0,0.04,128.49
864.54,0.018,103.679,0.0,1.0,0.0,0.0,0.04,128.49
864.6,0.018,103.679,0.0,1.0,0.0,0.0,0.04,128.49
864.68,0.018,103.679,0.0,1.0,0.0,0.0,0.04,128.49
864.78,0.018,103.679,0.0,1.0,0.0,0.0,0.04,128.49
864.88,0.018,103.679,0.0,1.0,0.0,0.0,0.03,128.49
864.98,0.018,103.679,0.0,1.0,0.0,0.0,0.04,128.49
865.08,0.018,103.679,0.0,1.0,0.0,0.0,0.04,128.49
865.16,0.018,103.679,0.0,1.0,0.0,0.0,0.04,128.49
865.26,0.018,103.679,0.0,1.0,0.0,0.0,0.04,128.49
865.34,0.018,103.679,0.0,1.0,0.0,0.0,0.04,128.49
865.42,0.018,103.679,0.0,1.0,0.0,0.0,0.04,128.49
865.52,0.018,103.679,0.0,1.0,0.0,0.0,0.04,128.49
865.62,0.018,103.679,0.0,1.0,0.0,0.0,0.04,128.49
865.7,0.018,103.679,0.0,1.0,0.0,0.0,0.03,128.49
865.8,0.018,103.679,0.0,1.0,0.0,0.0,0.04,128.49
865.9,0.018,103.679,0.0,1.0,0.0,0.0,0.04,128.49
866.0,0.018,103.679,0.0,1.0,0.0,0.0,0.04,128.49
866.08,0.018,103.679,0.0,1.0,0.0,0.0,0.04,128.49
866.2,0.018,103.679,0.0,1.0,0.0,0.0,0.03,128.49
866.28,0.018,103.679,0.0,1.0,0.0,0.0,0.04,128.49
866.36,0.018,103.679,0.0,1.0,0.0,0.0,0.04,128.49
866.46,0.018,103.679,0.0,1.0,0.0,0.0,0.04,128.49
866.54,0.018,103.679,0.0,1.0,0.0,0.0,0.04,128.49
866.62,0.018,103.679,0.0,1.0,0.0,0.0,0.04,128.49
866.72,0.018,103.679,0.01,1.0,0.0,0.0,0.03,128.49
866.8,0.018,103.679,0.0,1.0,0.0,0.0,0.04,128.49
866.9,0.018,103.679,0.0,1.0,0.0,0.0,0.04,128.49
866.96,0.018,103.679,0.0,1.0,0.0,0.0,0.03,128.49
867.08,0.018,103.679,0.0,1.0,0.0,0.0,0.03,128.49
867.16,0.018,103.679,0.0,1.0,0.0,0.0,0.04,128.49
867.26,0.018,103.679,0.01,1.0,0.0,0.0,0.04,128.49
867.34,0.018,103.679,0.0,1.0,0.0,0.0,0.04,128.49
867.44,0.018,103.679,0.0,1.0,0.0,0.0,0.04,128.49
867.54,0.018,103.679,0.0,1.0,0.0,0.0,0.04,128.49
867.6,0.018,103.679,0.0,1.0,0.0,0.0,0.04,128.49
867.7,0.018,103.679,0.01,1.0,0.0,0.0,0.04,128.49
867.78,0.018,103.679,0.0,1.0,0.0,0.0,0.03,128.49
867.88,0.018,103.679,0.01,1.0,0.0,0.0,0.04,128.49
867.98,0.018,103.679,0.0,1.0,0.0,0.0,0.04,128.49
868.06,0.018,103.679,0.0,1.0,0.0,0.0,0.04,128.49
868.16,0.018,103.679,0.0,1.0,0.0,0.0,0.04,128.49
868.24,0.018,103.679,0.0,1.0,0.0,0.0,0.04,128.49
868.34,0.018,103.679,0.0,1.0,0.0,0.0,0.04,128.49
868.4,0.018,103.679,0.0,1.0,0.0,0.0,0.04,128.49
868.5,0.018,103.679,0.0,1.0,0.0,0.0,0.04,128.49
868.6,0.018,103.679,0.0,1.0,0.0,0.0,0.04,128.49
868.68,0.018,103.679,0.0,1.0,0.0,0.0,0.04,128.49
868.78,0.018,103.679,0.0,1.0,0.0,0.0,0.04,128.49
868.86,0.018,103.679,0.0,1.0,0.0,0.0,0.04,128.49
868.94,0.018,103.679,0.0,1.0,0.0,0.0,0.03,128.49
869.02,0.018,103.679,0.0,1.0,0.0,0.0,0.04,128.49
869.12,0.018,103.679,0.0,1.0,0.0,0.0,0.04,128.49
869.22,0.018,103.679,0.0,1.0,0.0,0.0,0.04,128.49
869.28,0.018,103.679,0.0,1.0,0.0,0.0,0.04,128.49
869.38,0.018,103.679,0.0,1.0,0.0,0.0,0.04,128.49
869.48,0.018,103.679,0.0,1.0,0.0,0.0,0.04,128.49
869.54,0.018,103.679,0.0,1.0,0.0,0.0,0.04,128.49
869.62,0.018,103.679,0.0,1.0,0.0,0.0,0.04,128.49
869.74,0.018,103.679,0.0,1.0,0.0,0.0,0.04,128.49
869.82,0.018,103.679,0.0,1.0,0.0,0.0,0.04,128.49
869.88,0.018,103.679,0.0,1.0,0.0,0.0,0.04,128.49
870.0,0.018,103.679,0.0,1.0,0.0,0.0,0.04,128.49
870.1,0.018,103.679,0.0,1.0,0.0,0.0,0.03,128.49
870.18,0.018,103.679,0.0,1.0,0.0,0.0,0.04,128.49
870.28,0.018,103.679,0.0,1.0,0.0,0.0,0.04,128.49
870.36,0.018,103.679,0.0,1.0,0.0,0.0,0.04,128.49
870.44,0.018,103.679,0.01,1.0,0.0,0.0,0.04,128.49
870.54,0.018,103.679,0.01,1.0,0.0,0.0,0.04,128.49
870.64,0.018,103.679,0.0,1.0,0.0,0.0,0.04,128.49
870.72,0.018,103.679,0.0,1.0,0.0,0.0,0.04,128.49
870.82,0.018,103.679,0.0,1.0,0.0,0.0,0.04,128.49
870.9,0.018,103.679,0.0,1.0,0.0,0.0,0.04,128.49
871.0,0.018,103.679,0.0,1.0,0.0,0.0,0.04,128.49
871.08,0.018,103.679,0.0,1.0,0.0,0.0,0.04,128.49
871.18,0.018,103.679,0.0,1.0,0.0,0.0,0.04,128.49
871.24,0.018,103.679,0.0,1.0,0.0,0.0,0.04,128.49
871.32,0.018,103.679,0.0,1.0,0.0,0.0,0.04,128.49
871.44,0.018,103.679,0.0,1.0,0.0,0.0,0.04,128.49
871.54,0.018,103.679,0.0,1.0,0.0,0.0,0.04,128.49
871.62,0.018,103.679,0.0,1.0,0.0,0.0,0.04,128.49
871.72,0.018,103.679,0.0,1.0,0.0,0.0,0.04,128.49
871.8,0.018,103.679,0.0,1.0,0.0,0.0,0.04,128.49
871.9,0.018,103.679,0.0,1.0,0.0,0.0,0.04,128.49
872.0,0.018,103.679,0.01,1.0,0.0,0.0,0.04,128.49
872.08,0.018,103.679,0.0,1.0,0.0,0.0,0.03,128.49
872.18,0.018,103.679,0.0,1.0,0.0,0.0,0.04,128.49
872.24,0.018,103.679,0.0,1.0,0.0,0.0,0.04,128.49
872.36,0.018,103.679,0.0,1.0,0.0,0.0,0.04,128.49
872.44,0.018,103.679,0.0,1.0,0.0,0.0,0.04,128.49
872.54,0.018,103.679,0.0,1.0,0.0,0.0,0.04,128.49
872.64,0.018,103.679,0.0,1.0,0.0,0.0,0.03,128.49
872.72,0.018,103.679,0.0,1.0,0.0,0.0,0.03,128.49
872.82,0.018,103.679,0.0,1.0,0.0,0.0,0.04,128.49
872.92,0.018,103.679,0.01,1.0,0.0,0.0,0.04,128.49
872.98,0.018,103.679,0.01,1.0,0.0,0.0,0.04,128.49
873.1,0.018,103.679,0.0,1.0,0.0,0.0,0.04,128.49
873.16,0.018,103.679,0.0,1.0,0.0,0.0,0.04,128.49
873.26,0.018,103.679,0.0,1.0,0.0,0.0,0.04,128.49
873.36,0.018,103.679,0.0,1.0,0.0,0.0,0.04,128.49
873.44,0.018,103.679,0.0,1.0,0.0,0.0,0.04,128.49
873.54,0.018,103.679,0.0,1.0,0.0,0.0,0.04,128.49
873.62,0.018,103.679,0.0,1.0,0.0,0.0,0.04,128.49
873.7,0.018,103.679,0.0,1.0,0.0,0.0,0.04,128.49
873.8,0.018,103.679,0.0,1.0,0.0,0.0,0.04,128.49
873.88,0.018,103.679,0.0,1.0,0.0,0.0,0.04,128.49
873.96,0.018,103.679,0.0,1.0,0.0,0.0,0.04,128.49
874.06,0.018,103.679,0.0,1.0,0.0,0.0,0.03,128.49
874.16,0.018,103.679,0.0,1.0,0.0,0.0,0.03,128.49
874.24,0.018,103.679,0.0,1.0,0.0,0.0,0.04,128.49
874.34,0.018,103.679,0.0,1.0,0.0,0.0,0.04,128.49
874.42,0.018,103.679,0.0,1.0,0.0,0.0,0.04,128.49
874.5,0.018,103.679,0.0,1.0,0.0,0.0,0.04,128.49
874.6,0.018,103.679,0.0,1.0,0.0,0.0,0.04,128.49
874.68,0.018,103.679,0.0,1.0,0.0,0.0,0.04,128.49
874.76,0.018,103.679,0.01,1.0,0.0,0.0,0.04,128.49
874.84,0.018,103.679,0.0,1.0,0.0,0.0,0.04,128.49
874.94,0.018,103.679,0.0,1.0,0.0,0.0,0.04,128.49
875.02,0.018,103.679,0.0,1.0,0.0,0.0,0.04,128.49
875.14,0.018,103.679,0.0,1.0,0.0,0.0,0.04,128.49
875.2,0.018,103.679,0.0,1.0,0.0,0.0,0.04,128.49
875.32,0.018,103.679,0.0,1.0,0.0,0.0,0.04,128.49
875.4,0.018,103.679,0.0,1.0,0.0,0.0,0.04,128.49
875.48,0.018,103.679,0.0,1.0,0.0,0.0,0.03,128.49
875.58,0.018,103.679,0.0,1.0,0.0,0.0,0.04,128.49
875.66,0.018,103.679,0.0,1.0,0.0,0.0,0.04,128.49
875.78,0.018,103.679,0.0,1.0,0.0,0.0,0.04,128.49
875.86,0.018,103.679,0.0,1.0,0.0,0.0,0.03,128.49
875.96,0.018,103.679,0.0,1.0,0.0,0.0,0.04,128.49
876.06,0.018,103.679,0.0,1.0,0.0,0.0,0.04,128.49
876.14,0.018,103.679,0.0,1.0,0.0,0.0,0.04,128.49
876.22,0.018,103.679,0.0,1.0,0.0,0.0,0.04,128.49
876.32,0.018,103.679,0.0,1.0,0.0,0.0,0.03,128.49
876.42,0.018,103.679,0.01,1.0,0.0,0.0,0.04,128.49
876.5,0.018,103.679,0.0,1.0,0.0,0.0,0.04,128.49
876.6,0.018,103.679,0.0,1.0,0.0,0.0,0.04,128.49
876.68,0.018,103.679,0.0,1.0,0.0,0.0,0.04,128.49
876.76,0.018,103.679,0.0,1.0,0.0,0.0,0.04,128.49
876.86,0.018,103.679,0.01,1.0,0.0,0.0,0.04,128.49
876.96,0.018,103.679,0.0,1.0,0.0,0.0,0.03,128.49
877.06,0.018,103.679,0.0,1.0,0.0,0.0,0.04,128.49
877.14,0.018,103.679,0.0,1.0,0.0,0.0,0.04,128.49
877.24,0.018,103.679,0.0,1.0,0.0,0.0,0.04,128.49
877.34,0.018,103.679,0.0,1.0,0.0,0.0,0.04,128.49
877.44,0.018,103.679,0.0,1.0,0.0,0.0,0.03,128.49
877.5,0.018,103.679,0.0,1.0,0.0,0.0,0.03,128.49
877.58,0.018,103.679,0.01,1.0,0.0,0.0,0.04,128.49
877.7,0.018,103.679,0.0,1.0,0.0,0.0,0.04,128.49
877.76,0.018,103.679,0.0,1.0,0.0,0.0,0.04,128.49
877.88,0.018,103.679,0.0,1.0,0.0,0.0,0.04,128.49
877.98,0.018,103.679,0.0,1.0,0.0,0.0,0.04,128.49
878.06,0.018,103.679,0.0,1.0,0.0,0.0,0.03,128.49
878.14,0.018,103.679,0.0,1.0,0.0,0.0,0.03,128.49
878.24,0.018,103.679,0.0,1.0,0.0,0.0,0.04,128.49
878.32,0.018,103.679,0.01,1.0,0.0,0.0,0.04,128.49
878.42,0.018,103.679,0.01,1.0,0.0,0.0,0.04,128.49
878.5,0.018,103.679,0.0,1.0,0.0,0.0,0.04,128.49
878.58,0.018,103.679,0.0,1.0,0.0,0.0,0.04,128.49
878.68,0.018,103.679,0.0,1.0,0.0,0.0,0.04,128.49
878.76,0.018,103.679,0.0,1.0,0.0,0.0,0.04,128.49
878.84,0.018,103.679,0.0,1.0,0.0,0.0,0.04,128.49
878.92,0.018,103.679,0.0,1.0,0.0,0.0,0.03,128.49
879.02,0.018,103.679,0.0,1.0,0.0,0.0,0.04,128.49
879.12,0.018,103.679,0.0,1.0,0.0,0.0,0.04,128.49
879.18,0.018,103.679,0.0,1.0,0.0,0.0,0.04,128.49
879.28,0.018,103.679,0.0,1.0,0.0,0.0,0.04,128.49
879.36,0.018,103.679,0.0,1.0,0.0,0.0,0.04,128.49
879.46,0.018,103.679,0.0,1.0,0.0,0.0,0.04,128.49
879.56,0.018,103.679,0.0,1.0,0.0,0.0,0.04,128.49
879.64,0.018,103.679,0.0,1.0,0.0,0.0,0.04,128.49
879.74,0.018,103.679,0.0,1.0,0.0,0.0,0.04,128.49
879.84,0.018,103.679,0.0,1.0,0.0,0.0,0.04,128.49
879.9,0.018,103.679,0.0,1.0,0.0,0.0,0.04,128.49
880.02,0.018,103.679,0.0,1.0,0.0,0.0,0.03,128.49
880.1,0.018,103.679,0.0,1.0,0.0,0.0,0.04,128.49
880.2,0.018,103.679,0.0,1.0,0.0,0.0,0.04,128.49
880.28,0.018,103.679,0.0,1.0,0.0,0.0,0.04,128.49
880.38,0.018,103.679,0.0,1.0,0.0,0.0,0.04,128.49
880.48,0.018,103.679,0.0,1.0,0.0,0.0,0.03,128.49
880.58,0.018,103.679,0.0,1.0,0.0,0.0,0.04,128.49
880.68,0.018,103.679,0.0,1.0,0.0,0.0,0.04,128.49
880.76,0.018,103.679,0.0,1.0,0.0,0.0,0.04,128.49
880.86,0.018,103.679,0.0,1.0,0.0,0.0,0.04,128.49
880.94,0.018,103.679,0.01,1.0,0.0,0.0,0.04,128.49
881.04,0.018,103.679,0.0,1.0,0.0,0.0,0.04,128.49
881.14,0.018,103.679,0.0,1.0,0.0,0.0,0.04,128.49
881.24,0.018,103.679,0.01,1.0,0.0,0.0,0.04,128.49
881.34,0.018,103.679,0.0,1.0,0.0,0.0,0.04,128.49
881.42,0.018,103.679,0.0,1.0,0.0,0.0,0.04,128.49
881.5,0.018,103.679,0.0,1.0,0.0,0.0,0.04,128.49
881.6,0.018,103.679,0.0,1.0,0.0,0.0,0.04,128.49
881.7,0.018,103.679,0.0,1.0,0.0,0.0,0.04,128.49
881.8,0.018,103.679,0.0,1.0,0.0,0.0,0.04,128.49
881.9,0.018,103.679,0.0,1.0,0.0,0.0,0.04,128.49
881.98,0.018,103.679,0.0,1.0,0.0,0.0,0.03,128.49
882.08,0.018,103.679,0.0,1.0,0.0,0.0,0.04,128.49
882.18,0.018,103.679,0.01,1.0,0.0,0.0,0.04,128.49
882.28,0.018,103.679,0.0,1.0,0.0,0.0,0.04,128.49
882.36,0.018,103.679,0.0,1.0,0.0,0.0,0.04,128.49
882.44,0.018,103.679,0.0,1.0,0.0,0.0,0.04,128.49
882.5,0.018,103.679,0.0,1.0,0.0,0.0,0.04,128.49
882.6,0.018,103.679,0.0,1.0,0.0,0.0,0.04,128.49
882.68,0.018,103.679,0.0,1.0,0.0,0.0,0.04,128.49
882.78,0.018,103.679,0.0,1.0,0.0,0.0,0.04,128.49
882.88,0.018,103.679,0.01,1.0,0.0,0.0,0.04,128.49
882.98,0.018,103.679,0.0,1.0,0.0,0.0,0.04,128.49
883.08,0.018,103.679,0.0,1.0,0.0,0.0,0.04,128.49
883.16,0.018,103.679,0.0,1.0,0.0,0.0,0.04,128.49
883.26,0.018,103.679,0.0,1.0,0.0,0.0,0.04,128.49
883.34,0.018,103.679,0.0,1.0,0.0,0.0,0.04,128.49
883.42,0.018,103.679,0.0,1.0,0.0,0.0,0.04,128.49
883.54,0.018,103.679,0.0,1.0,0.0,0.0,0.03,128.49
883.64,0.018,103.679,0.0,1.0,0.0,0.0,0.04,128.49
883.72,0.018,103.679,0.0,1.0,0.0,0.0,0.04,128.49
883.82,0.018,103.679,0.0,1.0,0.0,0.0,0.04,128.49
883.9,0.018,103.679,0.0,1.0,0.0,0.0,0.04,128.49
883.98,0.018,103.679,0.0,1.0,0.0,0.0,0.04,128.49
884.06,0.018,103.679,0.0,1.0,0.0,0.0,0.04,128.49
884.16,0.018,103.679,0.0,1.0,0.0,0.0,0.04,128.49
884.26,0.018,103.679,0.0,1.0,0.0,0.0,0.04,128.49
884.34,0.018,103.679,0.0,1.0,0.0,0.0,0.03,128.49
884.44,0.018,103.679,0.0,1.0,0.0,0.0,0.04,128.49
884.54,0.018,103.679,0.0,1.0,0.0,0.0,0.04,128.49
884.62,0.018,103.679,0.01,1.0,0.0,0.0,0.04,128.49
884.7,0.018,103.679,0.0,1.0,0.0,0.0,0.03,128.49
884.82,0.018,103.679,0.0,1.0,0.0,0.0,0.04,128.49
884.88,0.018,103.679,0.0,1.0,0.0,0.0,0.03,128.49
884.94,0.018,103.679,0.0,1.0,0.0,0.0,0.04,128.49
884.98,0.018,103.679,0.0,1.0,0.0,0.0,0.03,128.49
885.1,0.018,103.679,0.0,1.0,0.0,0.0,0.04,128.49
885.18,0.018,103.679,0.01,1.0,0.0,0.0,0.04,128.49
885.26,0.018,103.679,0.0,1.0,0.0,0.0,0.04,128.49
885.34,0.018,103.679,0.0,1.0,0.0,0.0,0.04,128.49
885.44,0.018,103.679,0.01,1.0,0.0,0.0,0.04,128.49
885.54,0.018,103.679,0.0,1.0,0.0,0.0,0.04,128.49
885.64,0.018,103.679,0.0,1.0,0.0,0.0,0.04,128.49
885.74,0.018,103.679,0.0,1.0,0.0,0.0,0.04,128.49
885.84,0.018,103.679,0.0,1.0,0.0,0.0,0.04,128.49
885.92,0.018,103.679,0.0,1.0,0.0,0.0,0.04,128.49
886.0,0.018,103.679,0.0,1.0,0.0,0.0,0.04,128.49
886.08,0.018,103.679,0.0,1.0,0.0,0.0,0.04,128.49
886.18,0.018,103.679,0.0,1.0,0.0,0.0,0.04,128.49
886.26,0.018,103.679,0.0,1.0,0.0,0.0,0.03,128.49
886.36,0.018,103.679,0.0,1.0,0.0,0.0,0.04,128.49
886.44,0.018,103.679,0.0,1.0,0.0,0.0,0.04,128.49
886.52,0.018,103.679,0.0,1.0,0.0,0.0,0.03,128.49
886.62,0.018,103.679,0.0,1.0,0.0,0.0,0.04,128.49
886.68,0.018,103.679,0.0,1.0,0.0,0.0,0.04,128.49
886.8,0.018,103.679,0.0,1.0,0.0,0.0,0.04,128.49
886.88,0.018,103.679,0.0,1.0,0.0,0.0,0.04,128.49
886.98,0.018,103.679,0.0,1.0,0.0,0.0,0.04,128.49
887.08,0.018,103.679,0.0,1.0,0.0,0.0,0.04,128.49
887.16,0.018,103.679,0.0,1.0,0.0,0.0,0.04,128.49
887.24,0.018,103.679,0.0,1.0,0.0,0.0,0.04,128.49
887.34,0.018,103.679,0.0,1.0,0.0,0.0,0.04,128.49
887.42,0.018,103.679,0.0,1.0,0.0,0.0,0.03,128.49
887.52,0.018,103.679,0.0,1.0,0.0,0.0,0.04,128.49
887.62,0.018,103.679,0.0,1.0,0.0,0.0,0.04,128.49
887.68,0.018,103.679,0.0,1.0,0.0,0.0,0.04,128.49
887.8,0.018,103.679,0.0,1.0,0.0,0.0,0.04,128.49
887.88,0.018,103.679,0.0,1.0,0.0,0.0,0.04,128.49
887.98,0.018,103.679,0.0,1.0,0.0,0.0,0.04,128.49
888.06,0.018,103.679,0.0,1.0,0.0,0.0,0.04,128.49
888.1,0.018,103.679,0.0,1.0,0.0,0.0,0.04,128.49
888.18,0.018,103.679,0.0,1.0,0.0,0.0,0.04,128.49
888.26,0.018,103.679,0.01,1.0,0.0,0.0,0.04,128.49
888.32,0.018,103.679,0.0,1.0,0.0,0.0,0.04,128.49
888.46,0.018,103.679,0.0,1.0,0.0,0.0,0.04,128.49
888.58,0.018,103.679,0.0,1.0,0.0,0.0,0.04,128.49
888.62,0.018,103.679,0.0,1.0,0.0,0.0,0.03,128.49
888.7,0.018,103.679,0.0,1.0,0.0,0.0,0.04,128.49
888.8,0.018,103.679,0.0,1.0,0.0,0.0,0.03,128.49
888.9,0.018,103.679,0.0,1.0,0.0,0.0,0.04,128.49
888.98,0.018,103.679,0.0,1.0,0.0,0.0,0.04,128.49
889.08,0.018,103.679,0.0,1.0,0.0,0.0,0.04,128.49
889.18,0.018,103.679,0.0,1.0,0.0,0.0,0.04,128.49
889.26,0.018,103.679,0.0,1.0,0.0,0.0,0.04,128.49
889.34,0.018,103.679,0.0,1.0,0.0,0.0,0.04,128.49
889.44,0.018,103.679,0.01,1.0,0.0,0.0,0.04,128.49
889.52,0.018,103.679,0.01,1.0,0.0,0.0,0.04,128.49
889.6,0.018,103.679,0.0,1.0,0.0,0.0,0.04,128.49
889.7,0.018,103.679,0.0,1.0,0.0,0.0,0.04,128.49
889.8,0.018,103.679,0.0,1.0,0.0,0.0,0.04,128.49
889.88,0.018,103.679,0.0,1.0,0.0,0.0,0.04,128.49
890.02,0.018,103.679,0.0,1.0,0.0,0.0,0.04,128.49
890.12,0.018,103.679,0.0,1.0,0.0,0.0,0.04,128.49
890.2,0.018,103.679,0.0,1.0,0.0,0.0,0.04,128.49
890.26,0.018,103.679,0.01,1.0,0.0,0.0,0.04,128.49
890.4,0.018,103.679,0.0,1.0,0.0,0.0,0.04,128.49
890.46,0.018,103.679,0.0,1.0,0.0,0.0,0.04,128.49
890.54,0.018,103.679,0.0,1.0,0.0,0.0,0.04,128.49
890.68,0.018,103.679,0.0,1.0,0.0,0.0,0.04,128.49
890.8,0.018,103.679,0.0,1.0,0.0,0.0,0.04,128.49
890.88,0.018,103.679,0.0,1.0,0.0,0.0,0.03,128.49
891.0,0.018,103.679,0.01,1.0,0.0,0.0,0.04,128.49
891.1,0.018,103.679,0.0,1.0,0.0,0.0,0.04,128.49
891.1,0.018,103.679,0.0,1.0,0.0,0.0,0.04,128.49
891.24,0.018,103.679,0.0,1.0,0.0,0.0,0.04,128.49
891.28,0.018,103.679,0.01,1.0,0.0,0.0,0.04,128.49
891.32,0.018,103.679,0.0,1.0,0.0,0.0,0.04,128.49
891.46,0.018,103.679,0.0,1.0,0.0,0.0,0.03,128.49
891.58,0.018,103.679,0.0,1.0,0.0,0.0,0.04,128.49
891.68,0.018,103.679,0.0,1.0,0.0,0.0,0.03,128.49
891.76,0.018,103.679,0.0,1.0,0.0,0.0,0.04,128.49
891.82,0.018,103.679,0.01,1.0,0.0,0.0,0.04,128.49
891.88,0.018,103.679,0.0,1.0,0.0,0.0,0.03,128.49
891.96,0.018,103.679,0.0,1.0,0.0,0.0,0.04,128.49
892.1,0.018,103.679,0.0,1.0,0.0,0.0,0.04,128.49
892.14,0.018,103.679,0.0,1.0,0.0,0.0,0.04,128.49
892.2,0.018,103.679,0.0,1.0,0.0,0.0,0.04,128.49
892.3,0.018,103.679,0.0,1.0,0.0,0.0,0.04,128.49
892.4,0.018,103.679,0.0,1.0,0.0,0.0,0.04,128.49
892.48,0.018,103.679,0.01,1.0,0.0,0.0,0.04,128.49
892.6,0.018,103.679,0.0,1.0,0.0,0.0,0.03,128.49
892.72,0.018,103.679,0.0,1.0,0.0,0.0,0.04,128.49
892.82,0.018,103.679,0.0,1.0,0.0,0.0,0.04,128.49
892.92,0.018,103.679,0.0,1.0,0.0,0.0,0.04,128.49
893.0,0.018,103.679,0.0,1.0,0.0,0.0,0.04,128.49
893.12,0.018,103.679,0.0,1.0,0.0,0.0,0.04,128.49
893.22,0.018,103.679,0.0,1.0,0.0,0.0,0.03,128.49
893.32,0.018,103.679,0.0,1.0,0.0,0.0,0.04,128.49
893.42,0.018,103.679,0.0,1.0,0.0,0.0,0.04,128.49
893.52,0.018,103.679,0.0,1.0,0.0,0.0,0.04,128.49
893.54,0.018,103.679,0.0,1.0,0.0,0.0,0.04,128.49
893.72,0.018,103.679,0.0,1.0,0.0,0.0,0.04,128.49
893.82,0.018,103.679,0.0,1.0,0.0,0.0,0.04,128.49
893.84,0.018,103.679,0.0,1.0,0.0,0.0,0.04,128.49
893.94,0.018,103.679,0.0,1.0,0.0,0.0,0.04,128.49
894.06,0.018,103.679,0.0,1.0,0.0,0.0,0.04,128.49
894.16,0.018,103.679,0.0,1.0,0.0,0.0,0.04,128.49
894.28,0.018,103.679,0.0,1.0,0.0,0.0,0.04,128.49
894.38,0.018,103.679,0.0,1.0,0.0,0.0,0.04,128.49
894.48,0.018,103.679,0.0,1.0,0.0,0.0,0.04,128.49
894.58,0.018,103.679,0.0,1.0,0.0,0.0,0.04,128.49
894.68,0.018,103.679,0.0,1.0,0.0,0.0,0.04,128.49
894.72,0.018,103.679,0.0,1.0,0.0,0.0,0.04,128.49
894.88,0.018,103.679,0.0,1.0,0.0,0.0,0.04,128.49
894.98,0.018,103.679,0.01,1.0,0.0,0.0,0.04,128.49
895.06,0.018,103.679,0.0,1.0,0.0,0.0,0.04,128.49
895.18,0.018,103.679,0.0,1.0,0.0,0.0,0.04,128.49
895.26,0.018,103.679,0.0,1.0,0.0,0.0,0.04,128.49
895.32,0.018,103.679,0.0,1.0,0.0,0.0,0.04,128.49
895.4,0.018,103.679,0.01,1.0,0.0,0.0,0.04,128.49
895.5,0.018,103.679,0.0,1.0,0.0,0.0,0.04,128.49
895.6,0.018,103.679,0.0,1.0,0.0,0.0,0.03,128.49
895.7,0.018,103.679,0.0,1.0,0.0,0.0,0.04,128.49
895.8,0.018,103.679,0.0,1.0,0.0,0.0,0.03,128.49
895.9,0.018,103.679,0.0,1.0,0.0,0.0,0.04,128.49
895.98,0.018,103.679,0.01,1.0,0.0,0.0,0.04,128.49
896.08,0.018,103.679,0.0,1.0,0.0,0.0,0.03,128.49
896.22,0.018,103.679,0.0,1.0,0.0,0.0,0.04,128.49
896.28,0.018,103.679,0.0,1.0,0.0,0.0,0.04,128.49
896.38,0.018,103.679,0.0,1.0,0.0,0.0,0.03,128.49
896.44,0.018,103.679,0.0,1.0,0.0,0.0,0.04,128.49
896.56,0.018,103.679,0.0,1.0,0.0,0.0,0.04,128.49
896.64,0.018,103.679,0.0,1.0,0.0,0.0,0.04,128.49
896.72,0.018,103.679,0.0,1.0,0.0,0.0,0.04,128.49
896.82,0.018,103.679,0.0,1.0,0.0,0.0,0.04,128.49
896.9,0.018,103.679,0.0,1.0,0.0,0.0,0.03,128.49
897.0,0.018,103.679,0.0,1.0,0.0,0.0,0.03,128.49
897.08,0.018,103.679,0.01,1.0,0.0,0.0,0.04,128.49
897.18,0.018,103.679,0.0,1.0,0.0,0.0,0.04,128.49
897.26,0.018,103.679,0.01,1.0,0.0,0.0,0.04,128.49
897.36,0.018,103.679,0.0,1.0,0.0,0.0,0.04,128.49
897.44,0.018,103.679,0.0,1.0,0.0,0.0,0.04,128.49
897.52,0.018,103.679,0.01,1.0,0.0,0.0,0.04,128.49
897.62,0.018,103.679,0.0,1.0,0.0,0.0,0.04,128.49
897.7,0.018,103.679,0.0,1.0,0.0,0.0,0.04,128.49
897.8,0.018,103.679,0.0,1.0,0.0,0.0,0.04,128.49
897.9,0.018,103.679,0.0,1.0,0.0,0.0,0.04,128.49
898.0,0.018,103.679,0.0,1.0,0.0,0.0,0.04,128.49
898.1,0.018,103.679,0.0,1.0,0.0,0.0,0.04,128.49
898.18,0.018,103.679,0.0,1.0,0.0,0.0,0.04,128.49
898.28,0.018,103.679,0.0,1.0,0.0,0.0,0.04,128.49
898.36,0.018,103.679,0.0,1.0,0.0,0.0,0.04,128.49
898.46,0.018,103.679,0.01,1.0,0.0,0.0,0.04,128.49
898.56,0.018,103.679,0.01,1.0,0.0,0.0,0.03,128.49
898.64,0.018,103.679,0.0,1.0,0.0,0.0,0.04,128.49
898.74,0.018,103.679,0.0,1.0,0.0,0.0,0.04,128.49
898.82,0.018,103.679,0.0,1.0,0.0,0.0,0.04,128.49
898.9,0.018,103.679,0.0,1.0,0.0,0.0,0.04,128.49
899.02,0.018,103.679,0.0,1.0,0.0,0.0,0.04,128.49
899.1,0.018,103.679,0.0,1.0,0.0,0.0,0.04,128.49
899.18,0.018,103.679,0.0,1.0,0.0,0.0,0.04,128.49
899.28,0.018,103.679,0.0,1.0,0.0,0.0,0.03,128.49
899.36,0.018,103.679,0.0,1.0,0.0,0.0,0.04,128.49
899.42,0.018,103.679,0.0,1.0,0.0,0.0,0.04,128.49
899.48,0.018,103.679,0.0,1.0,0.0,0.0,0.04,128.49
899.56,0.018,103.679,0.0,1.0,0.0,0.0,0.04,128.49
899.64,0.018,103.679,0.0,1.0,0.0,0.0,0.04,128.49
899.74,0.018,103.679,0.0,1.0,0.0,0.0,0.04,128.49
899.8,0.018,103.679,0.0,1.0,0.0,0.0,0.04,128.49
899.9,0.018,103.679,0.01,1.0,0.0,0.0,0.04,128.49
899.98,0.018,103.679,0.0,1.0,0.0,0.0,0.04,128.49
900.08,0.018,103.679,0.0,1.0,0.0,0.0,0.04,128.49
900.18,0.018,103.679,0.0,1.0,0.0,0.0,0.03,128.49
900.2,0.018,103.679,0.0,1.0,0.0,0.0,0.03,128.49
900.36,0.018,103.679,0.0,1.0,0.0,0.0,0.04,128.49
900.44,0.018,103.679,0.0,1.0,0.0,0.0,0.04,128.49
900.52,0.018,103.679,0.0,1.0,0.0,0.0,0.04,128.49
900.62,0.018,103.679,0.0,1.0,0.0,0.0,0.04,128.49
900.72,0.018,103.679,0.0,1.0,0.0,0.0,0.04,128.49
900.82,0.018,103.679,0.0,1.0,0.0,0.0,0.04,128.49
900.9,0.018,103.679,0.0,1.0,0.0,0.0,0.03,128.49
901.0,0.018,103.679,0.0,1.0,0.0,0.0,0.04,128.49
901.06,0.018,103.679,0.0,1.0,0.0,0.0,0.04,128.49
901.16,0.018,103.679,0.0,1.0,0.0,0.0,0.04,128.49
901.24,0.018,103.679,0.0,1.0,0.0,0.0,0.04,128.49
901.36,0.018,103.679,0.0,1.0,0.0,0.0,0.04,128.49
901.44,0.018,103.679,0.0,1.0,0.0,0.0,0.04,128.49
901.54,0.018,103.679,0.0,1.0,0.0,0.0,0.04,128.49
901.62,0.018,103.679,0.0,1.0,0.0,0.0,0.04,128.49
901.72,0.018,103.679,0.0,1.0,0.0,0.0,0.04,128.49
901.8,0.018,103.679,0.0,1.0,0.0,0.0,0.03,128.49
901.9,0.018,103.679,0.0,1.0,0.0,0.0,0.04,128.49
901.98,0.018,103.679,0.0,1.0,0.0,0.0,0.04,128.49
902.06,0.018,103.679,0.0,1.0,0.0,0.0,0.04,128.49
902.14,0.018,103.679,0.0,1.0,0.0,0.0,0.04,128.49
902.26,0.018,103.679,0.0,1.0,0.0,0.0,0.04,128.49
902.36,0.018,103.679,0.0,1.0,0.0,0.0,0.04,128.49
902.44,0.018,103.679,0.0,1.0,0.0,0.0,0.04,128.49
902.54,0.018,103.679,0.0,1.0,0.0,0.0,0.04,128.49
902.62,0.018,103.679,0.01,1.0,0.0,0.0,0.04,128.49
902.72,0.018,103.679,0.0,1.0,0.0,0.0,0.04,128.49
902.82,0.018,103.679,0.0,1.0,0.0,0.0,0.04,128.49
902.92,0.018,103.679,0.0,1.0,0.0,0.0,0.04,128.49
903.0,0.018,103.679,0.0,1.0,0.0,0.0,0.04,128.49
903.1,0.018,103.679,0.0,1.0,0.0,0.0,0.03,128.49
903.16,0.018,103.679,0.0,1.0,0.0,0.0,0.03,128.49
903.26,0.018,103.679,0.0,1.0,0.0,0.0,0.04,128.49
903.36,0.018,103.679,0.01,1.0,0.0,0.0,0.04,128.49
903.44,0.018,103.679,0.0,1.0,0.0,0.0,0.04,128.49
903.54,0.018,103.679,0.0,1.0,0.0,0.0,0.04,128.49
903.62,0.018,103.679,0.0,1.0,0.0,0.0,0.04,128.49
903.72,0.018,103.679,0.0,1.0,0.0,0.0,0.03,128.49
903.82,0.018,103.679,0.0,1.0,0.0,0.0,0.03,128.49
903.88,0.018,103.679,0.0,1.0,0.0,0.0,0.03,128.49
903.98,0.018,103.679,0.0,1.0,0.0,0.0,0.04,128.49
904.06,0.018,103.679,0.0,1.0,0.0,0.0,0.03,128.49
904.14,0.018,103.679,0.0,1.0,0.0,0.0,0.04,128.49
904.24,0.018,103.679,0.0,1.0,0.0,0.0,0.04,128.49
904.34,0.018,103.679,0.0,1.0,0.0,0.0,0.04,128.49
904.44,0.018,103.679,0.0,1.0,0.0,0.0,0.04,128.49
904.54,0.018,103.679,0.0,1.0,0.0,0.0,0.04,128.49
904.62,0.018,103.679,0.0,1.0,0.0,0.0,0.03,128.49
904.72,0.018,103.679,0.0,1.0,0.0,0.0,0.04,128.49
904.82,0.018,103.679,0.0,1.0,0.0,0.0,0.04,128.49
904.9,0.018,103.679,0.0,1.0,0.0,0.0,0.04,128.49
905.0,0.018,103.679,0.0,1.0,0.0,0.0,0.04,128.49
905.1,0.018,103.679,0.0,1.0,0.0,0.0,0.03,128.49
905.18,0.018,103.679,0.0,1.0,0.0,0.0,0.04,128.49
905.28,0.018,103.679,0.0,1.0,0.0,0.0,0.04,128.49
905.36,0.018,103.679,0.0,1.0,0.0,0.0,0.04,128.49
905.46,0.018,103.679,0.0,1.0,0.0,0.0,0.03,128.49
905.54,0.018,103.679,0.0,1.0,0.0,0.0,0.04,128.49
905.64,0.018,103.679,0.0,1.0,0.0,0.0,0.04,128.49
905.72,0.018,103.679,0.0,1.0,0.0,0.0,0.04,128.49
905.82,0.018,103.679,0.0,1.0,0.0,0.0,0.04,128.49
905.92,0.018,103.679,0.0,1.0,0.0,0.0,0.04,128.49
906.0,0.018,103.679,0.0,1.0,0.0,0.0,0.03,128.49
906.08,0.018,103.679,0.0,1.0,0.0,0.0,0.04,128.49
906.18,0.018,103.679,0.0,1.0,0.0,0.0,0.03,128.49
906.28,0.018,103.679,0.0,1.0,0.0,0.0,0.04,128.49
906.36,0.018,103.679,0.0,1.0,0.0,0.0,0.04,128.49
906.46,0.018,103.679,0.0,1.0,0.0,0.0,0.04,128.49
906.54,0.018,103.679,0.0,1.0,0.0,0.0,0.04,128.49
906.64,0.018,103.679,0.0,1.0,0.0,0.0,0.04,128.49
906.74,0.018,103.679,0.0,1.0,0.0,0.0,0.04,128.49
906.8,0.018,103.679,0.0,1.0,0.0,0.0,0.04,128.49
906.9,0.018,103.679,0.0,1.0,0.0,0.0,0.04,128.49
907.02,0.018,103.679,0.0,1.0,0.0,0.0,0.04,128.49
907.1,0.018,103.679,0.01,1.0,0.0,0.0,0.04,128.49
907.2,0.018,103.679,0.0,1.0,0.0,0.0,0.04,128.49
907.3,0.018,103.679,0.0,1.0,0.0,0.0,0.03,128.49
907.36,0.018,103.679,0.01,1.0,0.0,0.0,0.04,128.49
907.48,0.018,103.679,0.0,1.0,0.0,0.0,0.04,128.49
907.58,0.018,103.679,0.0,1.0,0.0,0.0,0.04,128.49
907.68,0.018,103.679,0.0,1.0,0.0,0.0,0.04,128.49
907.76,0.018,103.679,0.0,1.0,0.0,0.0,0.04,128.49
907.86,0.018,103.679,0.0,1.0,0.0,0.0,0.03,128.49
907.96,0.018,103.679,0.0,1.0,0.0,0.0,0.04,128.49
908.04,0.018,103.679,0.0,1.0,0.0,0.0,0.04,128.49
908.12,0.018,103.679,0.0,1.0,0.0,0.0,0.04,128.49
908.22,0.018,103.679,0.0,1.0,0.0,0.0,0.04,128.49
908.3,0.018,103.679,0.0,1.0,0.0,0.0,0.04,128.49
908.36,0.018,103.679,0.0,1.0,0.0,0.0,0.04,128.49
908.44,0.018,103.679,0.0,1.0,0.0,0.0,0.04,128.49
908.48,0.018,103.679,0.0,1.0,0.0,0.0,0.04,128.49
908.56,0.018,103.679,0.0,1.0,0.0,0.0,0.03,128.49
908.64,0.018,103.679,0.0,1.0,0.0,0.0,0.04,128.49
908.72,0.018,103.679,0.0,1.0,0.0,0.0,0.04,128.49
908.8,0.018,103.679,0.0,1.0,0.0,0.0,0.04,128.49
908.9,0.018,103.679,0.0,1.0,0.0,0.0,0.04,128.49
909.0,0.018,103.679,0.0,1.0,0.0,0.0,0.04,128.49
909.08,0.018,103.679,0.0,1.0,0.0,0.0,0.04,128.49
909.18,0.018,103.679,0.0,1.0,0.0,0.0,0.04,128.49
909.24,0.018,103.679,0.0,1.0,0.0,0.0,0.04,128.49
909.36,0.018,103.679,0.0,1.0,0.0,0.0,0.04,128.49
909.42,0.018,103.679,0.0,1.0,0.0,0.0,0.04,128.49
909.48,0.018,103.679,0.0,1.0,0.0,0.0,0.04,128.49
909.54,0.018,103.679,0.0,1.0,0.0,0.0,0.04,128.49
909.64,0.018,103.679,0.0,1.0,0.0,0.0,0.04,128.49
909.72,0.018,103.679,0.0,1.0,0.0,0.0,0.04,128.49
909.8,0.018,103.679,0.0,1.0,0.0,0.0,0.04,128.49
909.92,0.018,103.679,0.0,1.0,0.0,0.0,0.04,128.49
910.06,0.018,103.679,0.0,1.0,0.0,0.0,0.04,128.49
910.16,0.018,103.679,0.0,1.0,0.0,0.0,0.04,128.49
910.26,0.018,103.679,0.0,1.0,0.0,0.0,0.04,128.49
910.36,0.018,103.679,0.0,1.0,0.0,0.0,0.04,128.49
910.44,0.018,103.679,0.0,1.0,0.0,0.0,0.04,128.49
910.54,0.018,103.679,0.0,1.0,0.0,0.0,0.04,128.49
910.64,0.018,103.679,0.0,1.0,0.0,0.0,0.04,128.49
910.72,0.018,103.679,0.0,1.0,0.0,0.0,0.04,128.49
910.82,0.018,103.679,0.0,1.0,0.0,0.0,0.04,128.49
910.92,0.018,103.679,0.0,1.0,0.0,0.0,0.04,128.49
911.02,0.018,103.679,0.0,1.0,0.0,0.0,0.03,128.49
911.1,0.018,103.679,0.0,1.0,0.0,0.0,0.03,128.49
911.18,0.018,103.679,0.0,1.0,0.0,0.0,0.04,128.49
911.28,0.018,103.679,0.0,1.0,0.0,0.0,0.04,128.49
911.36,0.018,103.679,0.0,1.0,0.0,0.0,0.04,128.49
911.46,0.018,103.679,0.0,1.0,0.0,0.0,0.04,128.49
911.56,0.018,103.679,0.0,1.0,0.0,0.0,0.04,128.49
911.64,0.018,103.679,0.0,1.0,0.0,0.0,0.04,128.49
911.74,0.018,103.679,0.0,1.0,0.0,0.0,0.04,128.49
911.82,0.018,103.679,0.0,1.0,0.0,0.0,0.04,128.49
911.9,0.018,103.679,0.0,1.0,0.0,0.0,0.04,128.49
912.02,0.018,103.679,0.01,1.0,0.0,0.0,0.04,128.49
912.06,0.018,103.679,0.01,1.0,0.0,0.0,0.04,128.49
912.18,0.018,103.679,0.0,1.0,0.0,0.0,0.04,128.49
912.3,0.018,103.679,0.0,1.0,0.0,0.0,0.04,128.49
912.4,0.018,103.679,0.0,1.0,0.0,0.0,0.04,128.49
912.5,0.018,103.679,0.0,1.0,0.0,0.0,0.04,128.49
912.58,0.018,103.679,0.0,1.0,0.0,0.0,0.04,128.49
912.68,0.018,103.679,0.0,1.0,0.0,0.0,0.04,128.49
912.78,0.018,103.679,0.0,1.0,0.0,0.0,0.04,128.49
912.86,0.018,103.679,0.0,1.0,0.0,0.0,0.04,128.49
912.94,0.018,103.679,0.0,1.0,0.0,0.0,0.04,128.49
913.04,0.018,103.679,0.01,1.0,0.0,0.0,0.04,128.49
913.14,0.018,103.679,0.0,1.0,0.0,0.0,0.04,128.49
913.22,0.018,103.679,0.0,1.0,0.0,0.0,0.04,128.49
913.32,0.018,103.679,0.0,1.0,0.0,0.0,0.04,128.49
913.42,0.018,103.679,0.0,1.0,0.0,0.0,0.04,128.49
913.5,0.018,103.679,0.0,1.0,0.0,0.0,0.04,128.49
913.52,0.018,103.679,0.0,1.0,0.0,0.0,0.04,128.49
913.66,0.018,103.679,0.0,1.0,0.0,0.0,0.04,128.49
913.76,0.018,103.679,0.0,1.0,0.0,0.0,0.04,128.49
913.86,0.018,103.679,0.0,1.0,0.0,0.0,0.04,128.49
913.96,0.018,103.679,0.0,1.0,0.0,0.0,0.04,128.49
914.06,0.018,103.679,0.0,1.0,0.0,0.0,0.04,128.49
914.14,0.018,103.679,0.0,1.0,0.0,0.0,0.04,128.49
914.24,0.018,103.679,0.0,1.0,0.0,0.0,0.04,128.49
914.32,0.018,103.679,0.0,1.0,0.0,0.0,0.04,128.49
914.44,0.018,103.679,0.0,1.0,0.0,0.0,0.03,128.49
914.46,0.018,103.679,0.0,1.0,0.0,0.0,0.03,128.49
914.56,0.018,103.679,0.0,1.0,0.0,0.0,0.03,128.49
914.62,0.018,103.679,0.0,1.0,0.0,0.0,0.04,128.49
914.7,0.018,103.679,0.0,1.0,0.0,0.0,0.04,128.49
914.82,0.018,103.679,0.0,1.0,0.0,0.0,0.04,128.49
914.9,0.018,103.679,0.0,1.0,0.0,0.0,0.04,128.49
915.0,0.018,103.679,0.0,1.0,0.0,0.0,0.04,128.49
915.1,0.018,103.679,0.0,1.0,0.0,0.0,0.04,128.49
915.2,0.018,103.679,0.0,1.0,0.0,0.0,0.04,128.49
915.3,0.018,103.679,0.0,1.0,0.0,0.0,0.04,128.49
915.34,0.018,103.679,0.0,1.0,0.0,0.0,0.04,128.49
915.44,0.018,103.679,0.0,1.0,0.0,0.0,0.04,128.49
915.52,0.018,103.679,0.0,1.0,0.0,0.0,0.04,128.49
915.6,0.018,103.679,0.0,1.0,0.0,0.0,0.04,128.49
915.72,0.018,103.679,0.0,1.0,0.0,0.0,0.04,128.49
915.8,0.018,103.679,0.0,1.0,0.0,0.0,0.04,128.49
915.9,0.018,103.679,0.01,1.0,0.0,0.0,0.04,128.49
915.98,0.018,103.679,0.0,1.0,0.0,0.0,0.04,128.49
916.08,0.018,103.679,0.0,1.0,0.0,0.0,0.04,128.49
916.18,0.018,103.679,0.0,1.0,0.0,0.0,0.04,128.49
916.32,0.018,103.679,0.0,1.0,0.0,0.0,0.03,128.49
916.4,0.018,103.679,0.0,1.0,0.0,0.0,0.04,128.49
916.52,0.018,103.679,0.0,1.0,0.0,0.0,0.04,128.49
916.6,0.018,103.679,0.0,1.0,0.0,0.0,0.04,128.49
916.72,0.018,103.679,0.0,1.0,0.0,0.0,0.03,128.49
916.8,0.018,103.679,0.0,1.0,0.0,0.0,0.03,128.49
916.84,0.018,103.679,0.0,1.0,0.0,0.0,0.04,128.49
917.0,0.018,103.679,0.0,1.0,0.0,0.0,0.04,128.49
917.1,0.018,103.679,0.0,1.0,0.0,0.0,0.03,128.49
917.16,0.018,103.679,0.0,1.0,0.0,0.0,0.04,128.49
917.28,0.018,103.679,0.0,1.0,0.0,0.0,0.04,128.49
917.36,0.018,103.679,0.0,1.0,0.0,0.0,0.04,128.49
917.46,0.018,103.679,0.0,1.0,0.0,0.0,0.03,128.49
917.58,0.018,103.679,0.0,1.0,0.0,0.0,0.04,128.49
917.68,0.018,103.679,0.01,1.0,0.0,0.0,0.03,128.49
917.78,0.018,103.679,0.0,1.0,0.0,0.0,0.04,128.49
917.9,0.018,103.679,0.0,1.0,0.0,0.0,0.04,128.49
917.96,0.018,103.679,0.0,1.0,0.0,0.0,0.04,128.49
918.12,0.018,103.679,0.0,1.0,0.0,0.0,0.04,128.49
918.24,0.018,103.679,0.0,1.0,0.0,0.0,0.04,128.49
918.34,0.018,103.679,0.0,1.0,0.0,0.0,0.04,128.49
918.44,0.018,103.679,0.0,1.0,0.0,0.0,0.04,128.49
918.52,0.018,103.679,0.0,1.0,0.0,0.0,0.04,128.49
918.62,0.018,103.679,0.0,1.0,0.0,0.0,0.04,128.49
918.7,0.018,103.679,0.0,1.0,0.0,0.0,0.04,128.49
918.8,0.018,103.679,0.0,1.0,0.0,0.0,0.04,128.49
918.9,0.018,103.679,0.0,1.0,0.0,0.0,0.04,128.49
919.0,0.018,103.679,0.0,1.0,0.0,0.0,0.04,128.49
919.08,0.018,103.679,0.0,1.0,0.0,0.0,0.04,128.49
919.18,0.018,103.679,0.0,1.0,0.0,0.0,0.04,128.49
919.28,0.018,103.679,0.0,1.0,0.0,0.0,0.04,128.49
919.36,0.018,103.679,0.0,1.0,0.0,0.0,0.03,128.49
919.44,0.018,103.679,0.0,1.0,0.0,0.0,0.03,128.49
919.54,0.018,103.679,0.0,1.0,0.0,0.0,0.04,128.49
919.64,0.018,103.679,0.0,1.0,0.0,0.0,0.04,128.49
919.72,0.018,103.679,0.0,1.0,0.0,0.0,0.03,128.49
919.82,0.018,103.679,0.0,1.0,0.0,0.0,0.04,128.49
919.92,0.018,103.679,0.0,1.0,0.0,0.0,0.03,128.49
920.02,0.018,103.679,0.0,1.0,0.0,0.0,0.04,128.49
920.12,0.018,103.679,0.0,1.0,0.0,0.0,0.03,128.49
920.22,0.018,103.679,0.0,1.0,0.0,0.0,0.04,128.49
920.3,0.018,103.679,0.0,1.0,0.0,0.0,0.04,128.49
920.4,0.018,103.679,0.0,1.0,0.0,0.0,0.04,128.49
920.5,0.018,103.679,0.0,1.0,0.0,0.0,0.04,128.49
920.6,0.018,103.679,0.0,1.0,0.0,0.0,0.04,128.49
920.68,0.018,103.679,0.0,1.0,0.0,0.0,0.04,128.49
920.78,0.018,103.679,0.0,1.0,0.0,0.0,0.04,128.49
920.86,0.018,103.679,0.0,1.0,0.0,0.0,0.04,128.49
920.98,0.018,103.679,0.0,1.0,0.0,0.0,0.04,128.49
921.06,0.018,103.679,0.0,1.0,0.0,0.0,0.04,128.49
921.16,0.018,103.679,0.0,1.0,0.0,0.0,0.04,128.49
921.26,0.018,103.679,0.0,1.0,0.0,0.0,0.04,128.49
921.36,0.018,103.679,0.0,1.0,0.0,0.0,0.04,128.49
921.44,0.018,103.679,0.0,1.0,0.0,0.0,0.03,128.49
921.54,0.018,103.679,0.0,1.0,0.0,0.0,0.04,128.49
921.6,0.018,103.679,0.0,1.0,0.0,0.0,0.04,128.49
921.7,0.018,103.679,0.01,1.0,0.0,0.0,0.04,128.49
921.8,0.018,103.679,0.0,1.0,0.0,0.0,0.03,128.49
921.9,0.018,103.679,0.0,1.0,0.0,0.0,0.04,128.49
921.98,0.018,103.679,0.0,1.0,0.0,0.0,0.04,128.49
922.08,0.018,103.679,0.01,1.0,0.0,0.0,0.04,128.49
922.16,0.018,103.679,0.0,1.0,0.0,0.0,0.03,128.49
922.26,0.018,103.679,0.01,1.0,0.0,0.0,0.03,128.49
922.34,0.018,103.679,0.0,1.0,0.0,0.0,0.04,128.49
922.44,0.018,103.679,0.0,1.0,0.0,0.0,0.04,128.49
922.54,0.018,103.679,0.0,1.0,0.0,0.0,0.04,128.49
922.58,0.018,103.679,0.0,1.0,0.0,0.0,0.04,128.49
922.66,0.018,103.679,0.01,1.0,0.0,0.0,0.04,128.49
922.8,0.018,103.679,0.0,1.0,0.0,0.0,0.04,128.49
922.9,0.018,103.679,0.0,1.0,0.0,0.0,0.04,128.49
923.0,0.018,103.679,0.0,1.0,0.0,0.0,0.03,128.49
923.1,0.018,103.679,0.0,1.0,0.0,0.0,0.04,128.49
923.12,0.018,103.679,0.0,1.0,0.0,0.0,0.04,128.49
923.2,0.018,103.679,0.0,1.0,0.0,0.0,0.04,128.49
923.26,0.018,103.679,0.0,1.0,0.0,0.0,0.04,128.49
923.36,0.018,103.679,0.01,1.0,0.0,0.0,0.04,128.49
923.46,0.018,103.679,0.0,1.0,0.0,0.0,0.04,128.49
923.5,0.018,103.679,0.0,1.0,0.0,0.0,0.04,128.49
923.58,0.018,103.679,0.0,1.0,0.0,0.0,0.04,128.49
923.72,0.018,103.679,0.0,1.0,0.0,0.0,0.04,128.49
923.84,0.018,103.679,0.01,1.0,0.0,0.0,0.04,128.49
923.92,0.018,103.679,0.0,1.0,0.0,0.0,0.04,128.49
924.0,0.018,103.679,0.0,1.0,0.0,0.0,0.04,128.49
924.12,0.018,103.679,0.0,1.0,0.0,0.0,0.04,128.49
924.22,0.018,103.679,0.0,1.0,0.0,0.0,0.04,128.49
924.3,0.018,103.679,0.0,1.0,0.0,0.0,0.04,128.49
924.38,0.018,103.679,0.0,1.0,0.0,0.0,0.04,128.49
924.5,0.018,103.679,0.0,1.0,0.0,0.0,0.04,128.49
924.58,0.018,103.679,0.01,1.0,0.0,0.0,0.04,128.49
924.66,0.018,103.679,0.0,1.0,0.0,0.0,0.04,128.49
924.76,0.018,103.679,0.0,1.0,0.0,0.0,0.04,128.49
924.86,0.018,103.679,0.0,1.0,0.0,0.0,0.04,128.49
924.96,0.018,103.679,0.0,1.0,0.0,0.0,0.04,128.49
925.04,0.018,103.679,0.0,1.0,0.0,0.0,0.04,128.49
925.12,0.018,103.679,0.0,1.0,0.0,0.0,0.04,128.49
925.22,0.018,103.679,0.0,1.0,0.0,0.0,0.04,128.49
925.3,0.018,103.679,0.0,1.0,0.0,0.0,0.04,128.49
925.4,0.018,103.679,0.0,1.0,0.0,0.0,0.04,128.49
925.44,0.018,103.679,0.0,1.0,0.0,0.0,0.04,128.49
925.52,0.018,103.679,0.01,1.0,0.0,0.0,0.04,128.49
925.58,0.018,103.679,0.0,1.0,0.0,0.0,0.04,128.49
925.66,0.018,103.679,0.0,1.0,0.0,0.0,0.04,128.49
925.78,0.018,103.679,0.0,1.0,0.0,0.0,0.03,128.49
925.88,0.018,103.679,0.01,1.0,0.0,0.0,0.04,128.49
925.98,0.018,103.679,0.01,1.0,0.0,0.0,0.04,128.49
926.06,0.018,103.679,0.0,1.0,0.0,0.0,0.04,128.49
926.16,0.018,103.679,0.0,1.0,0.0,0.0,0.04,128.49
926.26,0.018,103.679,0.0,1.0,0.0,0.0,0.04,128.49
926.34,0.018,103.679,0.0,1.0,0.0,0.0,0.03,128.49
926.44,0.018,103.679,0.0,1.0,0.0,0.0,0.04,128.49
926.52,0.018,103.679,0.0,1.0,0.0,0.0,0.04,128.49
926.62,0.018,103.679,0.0,1.0,0.0,0.0,0.04,128.49
926.7,0.018,103.679,0.0,1.0,0.0,0.0,0.04,128.49
926.8,0.018,103.679,0.0,1.0,0.0,0.0,0.04,128.49
926.88,0.018,103.679,0.0,1.0,0.0,0.0,0.04,128.49
926.98,0.018,103.679,0.0,1.0,0.0,0.0,0.04,128.49
927.08,0.018,103.679,0.0,1.0,0.0,0.0,0.04,128.49
927.12,0.018,103.679,0.0,1.0,0.0,0.0,0.04,128.49
927.12,0.018,103.679,0.0,1.0,0.0,0.0,0.03,128.49
927.26,0.018,103.679,0.0,1.0,0.0,0.0,0.04,128.49
927.32,0.018,103.679,0.0,1.0,0.0,0.0,0.04,128.49
927.4,0.018,103.679,0.0,1.0,0.0,0.0,0.04,128.49
927.5,0.018,103.679,0.0,1.0,0.0,0.0,0.04,128.49
927.58,0.018,103.679,0.0,1.0,0.0,0.0,0.04,128.49
927.68,0.018,103.679,0.0,1.0,0.0,0.0,0.04,128.49
927.76,0.018,103.679,0.0,1.0,0.0,0.0,0.04,128.49
927.86,0.018,103.679,0.0,1.0,0.0,0.0,0.04,128.49
927.94,0.018,103.679,0.0,1.0,0.0,0.0,0.04,128.49
928.02,0.018,103.679,0.0,1.0,0.0,0.0,0.04,128.49
928.14,0.018,103.679,0.0,1.0,0.0,0.0,0.04,128.49
928.24,0.018,103.679,0.0,1.0,0.0,0.0,0.03,128.49
928.32,0.018,103.679,0.01,1.0,0.0,0.0,0.04,128.49
928.42,0.018,103.679,0.0,1.0,0.0,0.0,0.04,128.49
928.5,0.018,103.679,0.0,1.0,0.0,0.0,0.04,128.49
928.6,0.018,103.679,0.0,1.0,0.0,0.0,0.04,128.49
928.68,0.018,103.679,0.01,1.0,0.0,0.0,0.04,128.49
928.76,0.018,103.679,0.0,1.0,0.0,0.0,0.04,128.49
928.84,0.018,103.679,0.0,1.0,0.0,0.0,0.03,128.49
928.96,0.018,103.679,0.0,1.0,0.0,0.0,0.04,128.49
929.06,0.018,103.679,0.0,1.0,0.0,0.0,0.03,128.49
929.16,0.018,103.679,0.0,1.0,0.0,0.0,0.04,128.49
929.26,0.018,103.679,0.0,1.0,0.0,0.0,0.04,128.49
929.34,0.018,103.679,0.0,1.0,0.0,0.0,0.04,128.49
929.44,0.018,103.679,0.0,1.0,0.0,0.0,0.04,128.49
929.54,0.018,103.679,0.0,1.0,0.0,0.0,0.04,128.49
929.64,0.018,103.679,0.0,1.0,0.0,0.0,0.04,128.49
929.72,0.018,103.679,0.0,1.0,0.0,0.0,0.03,128.49
929.82,0.018,103.679,0.0,1.0,0.0,0.0,0.04,128.49
929.92,0.018,103.679,0.0,1.0,0.0,0.0,0.04,128.49
930.0,0.018,103.679,0.0,1.0,0.0,0.0,0.04,128.49
930.08,0.018,103.679,0.0,1.0,0.0,0.0,0.04,128.49
930.12,0.018,103.679,0.0,1.0,0.0,0.0,0.04,128.49
930.28,0.018,103.679,0.0,1.0,0.0,0.0,0.04,128.49
930.36,0.018,103.679,0.0,1.0,0.0,0.0,0.04,128.49
930.46,0.018,103.679,0.0,1.0,0.0,0.0,0.04,128.49
930.54,0.018,103.679,0.0,1.0,0.0,0.0,0.04,128.49
930.64,0.018,103.679,0.0,1.0,0.0,0.0,0.04,128.49
930.74,0.018,103.679,0.0,1.0,0.0,0.0,0.04,128.49
930.84,0.018,103.679,0.01,1.0,0.0,0.0,0.04,128.49
930.92,0.018,103.679,0.0,1.0,0.0,0.0,0.04,128.49
931.02,0.018,103.679,0.0,1.0,0.0,0.0,0.04,128.49
931.12,0.018,103.679,0.0,1.0,0.0,0.0,0.04,128.49
931.22,0.018,103.679,0.0,1.0,0.0,0.0,0.04,128.49
931.32,0.018,103.679,0.0,1.0,0.0,0.0,0.04,128.49
931.4,0.018,103.679,0.0,1.0,0.0,0.0,0.04,128.49
931.48,0.018,103.679,0.0,1.0,0.0,0.0,0.03,128.49
931.6,0.018,103.679,0.0,1.0,0.0,0.0,0.04,128.49
931.7,0.018,103.679,0.0,1.0,0.0,0.0,0.04,128.49
931.8,0.018,103.679,0.0,1.0,0.0,0.0,0.04,128.49
931.88,0.018,103.679,0.0,1.0,0.0,0.0,0.04,128.49
931.98,0.018,103.679,0.0,1.0,0.0,0.0,0.04,128.49
932.06,0.018,103.679,0.01,1.0,0.0,0.0,0.04,128.49
932.161,0.018,103.679,0.0,1.0,0.0,0.0,0.04,128.49
932.261,0.018,103.679,0.0,1.0,0.0,0.0,0.04,128.49
932.361,0.018,103.679,0.0,1.0,0.0,0.0,0.04,128.49
932.441,0.018,103.679,0.0,1.0,0.0,0.0,0.03,128.49
932.521,0.018,103.679,0.0,1.0,0.0,0.0,0.04,128.49
932.641,0.018,103.679,0.0,1.0,0.0,0.0,0.04,128.49
932.721,0.018,103.679,0.0,1.0,0.0,0.0,0.04,128.49
932.841,0.018,103.679,0.0,1.0,0.0,0.0,0.04,128.49
932.941,0.018,103.679,0.0,1.0,0.0,0.0,0.04,128.49
933.021,0.018,103.679,0.0,1.0,0.0,0.0,0.04,128.49
933.121,0.018,103.679,0.0,1.0,0.0,0.0,0.04,128.49
933.221,0.018,103.679,0.0,1.0,0.0,0.0,0.04,128.49
933.301,0.018,103.679,0.01,1.0,0.0,0.0,0.04,128.49
933.401,0.018,103.679,0.0,1.0,0.0,0.0,0.04,128.49
933.501,0.018,103.679,0.0,1.0,0.0,0.0,0.04,128.49
933.581,0.018,103.679,0.0,1.0,0.0,0.0,0.03,128.49
933.681,0.018,103.679,0.0,1.0,0.0,0.0,0.03,128.49
933.761,0.018,103.679,0.0,1.0,0.0,0.0,0.04,128.49
933.841,0.018,103.679,0.0,1.0,0.0,0.0,0.03,128.49
933.961,0.018,103.679,0.0,1.0,0.0,0.0,0.04,128.49
934.041,0.018,103.679,0.0,1.0,0.0,0.0,0.04,128.49
934.121,0.018,103.679,0.0,1.0,0.0,0.0,0.04,128.49
934.221,0.018,103.679,0.0,1.0,0.0,0.0,0.04,128.49
934.301,0.018,103.679,0.0,1.0,0.0,0.0,0.04,128.49
934.381,0.018,103.679,0.0,1.0,0.0,0.0,0.04,128.49
934.501,0.018,103.679,0.0,1.0,0.0,0.0,0.04,128.49
934.561,0.018,103.679,0.0,1.0,0.0,0.0,0.04,128.49
934.661,0.018,103.679,0.01,1.0,0.0,0.0,0.04,128.49
934.761,0.018,103.679,0.0,1.0,0.0,0.0,0.03,128.49
934.861,0.018,103.679,0.0,1.0,0.0,0.0,0.03,128.49
934.961,0.018,103.679,0.0,1.0,0.0,0.0,0.04,128.49
935.061,0.018,103.679,0.0,1.0,0.0,0.0,0.04,128.49
935.161,0.018,103.679,0.0,1.0,0.0,0.0,0.03,128.49
935.241,0.018,103.679,0.0,1.0,0.0,0.0,0.04,128.49
935.341,0.018,103.679,0.0,1.0,0.0,0.0,0.03,128.49
935.441,0.018,103.679,0.0,1.0,0.0,0.0,0.04,128.49
935.541,0.018,103.679,0.0,1.0,0.0,0.0,0.04,128.49
935.641,0.018,103.679,0.01,1.0,0.0,0.0,0.04,128.49
935.741,0.018,103.679,0.0,1.0,0.0,0.0,0.04,128.49
935.841,0.018,103.679,0.0,1.0,0.0,0.0,0.04,128.49
935.921,0.018,103.679,0.0,1.0,0.0,0.0,0.04,128.49
936.021,0.018,103.679,0.0,1.0,0.0,0.0,0.04,128.49
936.101,0.018,103.679,0.0,1.0,0.0,0.0,0.04,128.49
936.201,0.018,103.679,0.0,1.0,0.0,0.0,0.04,128.49
936.301,0.018,103.679,0.0,1.0,0.0,0.0,0.04,128.49
936.401,0.018,103.679,0.0,1.0,0.0,0.0,0.04,128.49
936.501,0.018,103.679,0.0,1.0,0.0,0.0,0.04,128.49
936.581,0.018,103.679,0.01,1.0,0.0,0.0,0.04,128.49
936.681,0.018,103.679,0.0,1.0,0.0,0.0,0.04,128.49
936.761,0.018,103.679,0.0,1.0,0.0,0.0,0.03,128.49
936.861,0.018,103.679,0.0,1.0,0.0,0.0,0.04,128.49
936.961,0.018,103.679,0.0,1.0,0.0,0.0,0.04,128.49
937.041,0.018,103.679,0.0,1.0,0.0,0.0,0.04,128.49
937.141,0.018,103.679,0.0,1.0,0.0,0.0,0.03,128.49
937.221,0.018,103.679,0.01,1.0,0.0,0.0,0.04,128.49
937.321,0.018,103.679,0.01,1.0,0.0,0.0,0.04,128.49
937.421,0.018,103.679,0.0,1.0,0.0,0.0,0.04,128.49
937.521,0.018,103.679,0.0,1.0,0.0,0.0,0.04,128.49
937.621,0.018,103.679,0.0,1.0,0.0,0.0,0.04,128.49
937.721,0.018,103.679,0.0,1.0,0.0,0.0,0.04,128.49
937.821,0.018,103.679,0.0,1.0,0.0,0.0,0.04,128.49
937.921,0.018,103.679,0.0,1.0,0.0,0.0,0.04,128.49
938.021,0.018,103.679,0.01,1.0,0.0,0.0,0.04,128.49
938.101,0.018,103.679,0.0,1.0,0.0,0.0,0.04,128.49
938.201,0.018,103.679,0.0,1.0,0.0,0.0,0.04,128.49
938.281,0.018,103.679,0.0,1.0,0.0,0.0,0.04,128.49
938.381,0.018,103.679,0.0,1.0,0.0,0.0,0.03,128.49
938.461,0.018,103.679,0.0,1.0,0.0,0.0,0.04,128.49
938.561,0.018,103.679,0.0,1.0,0.0,0.0,0.04,128.49
938.621,0.018,103.679,0.0,1.0,0.0,0.0,0.04,128.49
938.741,0.018,103.679,0.0,1.0,0.0,0.0,0.04,128.49
938.801,0.018,103.679,0.0,1.0,0.0,0.0,0.04,128.49
938.921,0.018,103.679,0.0,1.0,0.0,0.0,0.04,128.49
939.001,0.018,103.679,0.0,1.0,0.0,0.0,0.04,128.49
939.101,0.018,103.679,0.0,1.0,0.0,0.0,0.04,128.49
939.181,0.018,103.679,0.0,1.0,0.0,0.0,0.04,128.49
939.281,0.018,103.679,0.01,1.0,0.0,0.0,0.04,128.49
939.361,0.018,103.679,0.0,1.0,0.0,0.0,0.03,128.49
939.461,0.018,103.679,0.0,1.0,0.0,0.0,0.04,128.49
939.561,0.018,103.679,0.0,1.0,0.0,0.0,0.04,128.49
939.621,0.018,103.679,0.0,1.0,0.0,0.0,0.03,128.49
939.721,0.018,103.679,0.0,1.0,0.0,0.0,0.04,128.49
939.841,0.018,103.679,0.0,1.0,0.0,0.0,0.04,128.49
939.921,0.018,103.679,0.0,1.0,0.0,0.0,0.04,128.49
940.021,0.018,103.679,0.0,1.0,0.0,0.0,0.04,128.49
940.101,0.018,103.679,0.0,1.0,0.0,0.0,0.04,128.49
940.141,0.018,103.679,0.0,1.0,0.0,0.0,0.03,128.49
940.221,0.018,103.679,0.0,1.0,0.0,0.0,0.03,128.49
940.381,0.018,103.679,0.0,1.0,0.0,0.0,0.04,128.49
940.481,0.018,103.679,0.0,1.0,0.0,0.0,0.04,128.49
940.581,0.018,103.679,0.0,1.0,0.0,0.0,0.04,128.49
940.681,0.018,103.679,0.0,1.0,0.0,0.0,0.04,128.49
940.761,0.018,103.679,0.0,1.0,0.0,0.0,0.04,128.49
940.861,0.018,103.679,0.0,1.0,0.0,0.0,0.04,128.49
940.921,0.018,103.679,0.0,1.0,0.0,0.0,0.03,128.49
940.981,0.018,103.679,0.01,1.0,0.0,0.0,0.04,128.49
941.101,0.018,103.679,0.0,1.0,0.0,0.0,0.04,128.49
941.221,0.018,103.679,0.0,1.0,0.0,0.0,0.04,128.49
941.301,0.018,103.679,0.0,1.0,0.0,0.0,0.04,128.49
941.381,0.018,103.679,0.0,1.0,0.0,0.0,0.04,128.49
941.481,0.018,103.679,0.0,1.0,0.0,0.0,0.04,128.49
941.581,0.018,103.679,0.0,1.0,0.0,0.0,0.04,128.49
941.661,0.018,103.679,0.0,1.0,0.0,0.0,0.04,128.49
941.761,0.018,103.679,0.0,1.0,0.0,0.0,0.03,128.49
941.841,0.018,103.679,0.0,1.0,0.0,0.0,0.04,128.49
941.881,0.018,103.679,0.0,1.0,0.0,0.0,0.04,128.49
941.981,0.018,103.679,0.0,1.0,0.0,0.0,0.03,128.49
942.041,0.018,103.679,0.0,1.0,0.0,0.0,0.04,128.49
942.141,0.018,103.679,0.0,1.0,0.0,0.0,0.03,128.49
942.221,0.018,103.679,0.01,1.0,0.0,0.0,0.04,128.49
942.261,0.018,103.679,0.01,1.0,0.0,0.0,0.04,128.49
942.341,0.018,103.679,0.0,1.0,0.0,0.0,0.04,128.49
942.421,0.018,103.679,0.01,1.0,0.0,0.0,0.04,128.49
942.521,0.018,103.679,0.0,1.0,0.0,0.0,0.04,128.49
942.601,0.018,103.679,0.0,1.0,0.0,0.0,0.03,128.49
942.701,0.018,103.679,0.0,1.0,0.0,0.0,0.04,128.49
942.801,0.018,103.679,0.0,1.0,0.0,0.0,0.04,128.49
942.901,0.018,103.679,0.0,1.0,0.0,0.0,0.03,128.49
943.001,0.018,103.679,0.0,1.0,0.0,0.0,0.04,128.49
943.101,0.018,103.679,0.0,1.0,0.0,0.0,0.04,128.49
943.181,0.018,103.679,0.0,1.0,0.0,0.0,0.04,128.49
943.261,0.018,103.679,0.0,1.0,0.0,0.0,0.04,128.49
943.361,0.018,103.679,0.0,1.0,0.0,0.0,0.04,128.49
943.401,0.018,103.679,0.0,1.0,0.0,0.0,0.04,128.49
943.481,0.018,103.679,0.0,1.0,0.0,0.0,0.04,128.49
943.561,0.018,103.679,0.0,1.0,0.0,0.0,0.04,128.49
943.661,0.018,103.679,0.0,1.0,0.0,0.0,0.04,128.49
943.741,0.018,103.679,0.0,1.0,0.0,0.0,0.04,128.49
943.821,0.018,103.679,0.0,1.0,0.0,0.0,0.04,128.49
943.921,0.018,103.679,0.0,1.0,0.0,0.0,0.04,128.49
944.041,0.018,103.679,0.0,1.0,0.0,0.0,0.03,128.49
944.121,0.018,103.679,0.0,1.0,0.0,0.0,0.04,128.49
944.221,0.018,103.679,0.0,1.0,0.0,0.0,0.04,128.49
944.301,0.018,103.679,0.0,1.0,0.0,0.0,0.04,128.49
944.401,0.018,103.679,0.0,1.0,0.0,0.0,0.04,128.49
944.481,0.018,103.679,0.0,1.0,0.0,0.0,0.04,128.49
944.581,0.018,103.679,0.0,1.0,0.0,0.0,0.03,128.49
944.661,0.018,103.679,0.0,1.0,0.0,0.0,0.04,128.49
944.761,0.018,103.679,0.0,1.0,0.0,0.0,0.04,128.49
944.881,0.018,103.679,0.0,1.0,0.0,0.0,0.04,128.49
944.961,0.018,103.679,0.0,1.0,0.0,0.0,0.04,128.49
945.061,0.018,103.679,0.0,1.0,0.0,0.0,0.04,128.49
945.081,0.018,103.679,0.0,1.0,0.0,0.0,0.04,128.49
945.221,0.018,103.679,0.0,1.0,0.0,0.0,0.03,128.49
945.321,0.018,103.679,0.0,1.0,0.0,0.0,0.04,128.49
945.421,0.018,103.679,0.0,1.0,0.0,0.0,0.04,128.49
945.461,0.018,103.679,0.0,1.0,0.0,0.0,0.04,128.49
945.621,0.018,103.679,0.0,1.0,0.0,0.0,0.04,128.49
945.701,0.018,103.679,0.0,1.0,0.0,0.0,0.04,128.49
945.821,0.018,103.679,0.0,1.0,0.0,0.0,0.04,128.49
945.881,0.018,103.679,0.01,1.0,0.0,0.0,0.04,128.49
945.941,0.018,103.679,0.0,1.0,0.0,0.0,0.04,128.49
946.021,0.018,103.679,0.0,1.0,0.0,0.0,0.04,128.49
946.081,0.018,103.679,0.01,1.0,0.0,0.0,0.04,128.49
946.201,0.018,103.679,0.0,1.0,0.0,0.0,0.04,128.49
946.281,0.018,103.679,0.0,1.0,0.0,0.0,0.04,128.49
946.361,0.018,103.679,0.0,1.0,0.0,0.0,0.04,128.49
946.461,0.018,103.679,0.0,1.0,0.0,0.0,0.04,128.49
946.541,0.018,103.679,0.0,1.0,0.0,0.0,0.04,128.49
946.641,0.018,103.679,0.01,1.0,0.0,0.0,0.04,128.49
946.701,0.018,103.679,0.0,1.0,0.0,0.0,0.04,128.49
946.841,0.018,103.679,0.0,1.0,0.0,0.0,0.04,128.49
946.941,0.018,103.679,0.0,1.0,0.0,0.0,0.04,128.49
947.041,0.018,103.679,0.0,1.0,0.0,0.0,0.04,128.49
947.141,0.018,103.679,0.0,1.0,0.0,0.0,0.03,128.49
947.241,0.018,103.679,0.0,1.0,0.0,0.0,0.03,128.49
947.321,0.018,103.679,0.0,1.0,0.0,0.0,0.04,128.49
947.421,0.018,103.679,0.0,1.0,0.0,0.0,0.04,128.49
947.521,0.018,103.679,0.0,1.0,0.0,0.0,0.04,128.49
947.621,0.018,103.679,0.01,1.0,0.0,0.0,0.04,128.49
947.721,0.018,103.679,0.0,1.0,0.0,0.0,0.03,128.49
947.821,0.018,103.679,0.0,1.0,0.0,0.0,0.04,128.49
947.901,0.018,103.679,0.01,1.0,0.0,0.0,0.04,128.49
947.981,0.018,103.679,0.0,1.0,0.0,0.0,0.04,128.49
948.081,0.018,103.679,0.0,1.0,0.0,0.0,0.04,128.49
948.141,0.018,103.679,0.0,1.0,0.0,0.0,0.04,128.49
948.221,0.018,103.679,0.0,1.0,0.0,0.0,0.03,128.49
948.321,0.018,103.679,0.0,1.0,0.0,0.0,0.04,128.49
948.401,0.018,103.679,0.0,1.0,0.0,0.0,0.04,128.49
948.501,0.018,103.679,0.0,1.0,0.0,0.0,0.03,128.49
948.621,0.018,103.679,0.01,1.0,0.0,0.0,0.03,128.49
948.681,0.018,103.679,0.0,1.0,0.0,0.0,0.04,128.49
948.801,0.018,103.679,0.0,1.0,0.0,0.0,0.04,128.49
948.881,0.018,103.679,0.0,1.0,0.0,0.0,0.03,128.49
948.981,0.018,103.679,0.0,1.0,0.0,0.0,0.03,128.49
949.041,0.018,103.679,0.0,1.0,0.0,0.0,0.04,128.49
949.161,0.018,103.679,0.0,1.0,0.0,0.0,0.04,128.49
949.241,0.018,103.679,0.0,1.0,0.0,0.0,0.04,128.49
949.341,0.018,103.679,0.0,1.0,0.0,0.0,0.03,128.49
949.441,0.018,103.679,0.0,1.0,0.0,0.0,0.04,128.49
949.541,0.018,103.679,0.0,1.0,0.0,0.0,0.04,128.49
949.601,0.018,103.679,0.0,1.0,0.0,0.0,0.04,128.49
949.701,0.018,103.679,0.0,1.0,0.0,0.0,0.04,128.49
949.801,0.018,103.679,0.0,1.0,0.0,0.0,0.04,128.49
949.901,0.018,103.679,0.0,1.0,0.0,0.0,0.04,128.49
949.981,0.018,103.679,0.0,1.0,0.0,0.0,0.04,128.49
950.081,0.018,103.679,0.0,1.0,0.0,0.0,0.04,128.49
950.181,0.018,103.679,0.0,1.0,0.0,0.0,0.03,128.49
950.221,0.018,103.679,0.0,1.0,0.0,0.0,0.04,128.49
950.301,0.018,103.679,0.0,1.0,0.0,0.0,0.04,128.49
950.421,0.018,103.679,0.01,1.0,0.0,0.0,0.04,128.49
950.501,0.018,103.679,0.0,1.0,0.0,0.0,0.04,128.49
950.621,0.018,103.679,0.0,1.0,0.0,0.0,0.03,128.49
950.701,0.018,103.679,0.0,1.0,0.0,0.0,0.04,128.49
950.821,0.018,103.679,0.0,1.0,0.0,0.0,0.04,128.49
950.921,0.018,103.679,0.0,1.0,0.0,0.0,0.04,128.49
951.001,0.018,103.679,0.0,1.0,0.0,0.0,0.04,128.49
951.081,0.018,103.679,0.0,1.0,0.0,0.0,0.04,128.49
951.181,0.018,103.679,0.01,1.0,0.0,0.0,0.04,128.49
951.281,0.018,103.679,0.0,1.0,0.0,0.0,0.04,128.49
951.361,0.018,103.679,0.0,1.0,0.0,0.0,0.04,128.49
951.461,0.018,103.679,0.0,1.0,0.0,0.0,0.04,128.49
951.541,0.018,103.679,0.0,1.0,0.0,0.0,0.04,128.49
951.641,0.018,103.679,0.01,1.0,0.0,0.0,0.04,128.49
951.741,0.018,103.679,0.0,1.0,0.0,0.0,0.04,128.49
951.841,0.018,103.679,0.0,1.0,0.0,0.0,0.04,128.49
951.921,0.018,103.679,0.0,1.0,0.0,0.0,0.04,128.49
952.021,0.018,103.679,0.0,1.0,0.0,0.0,0.04,128.49
952.121,0.018,103.679,0.0,1.0,0.0,0.0,0.04,128.49
952.201,0.018,103.679,0.0,1.0,0.0,0.0,0.04,128.49
952.281,0.018,103.679,0.0,1.0,0.0,0.0,0.04,128.49
952.401,0.018,103.679,0.0,1.0,0.0,0.0,0.04,128.49
952.461,0.018,103.679,0.0,1.0,0.0,0.0,0.03,128.49
952.561,0.018,103.679,0.0,1.0,0.0,0.0,0.04,128.49
952.681,0.018,103.679,0.0,1.0,0.0,0.0,0.04,128.49
952.761,0.018,103.679,0.0,1.0,0.0,0.0,0.04,128.49
952.861,0.018,103.679,0.0,1.0,0.0,0.0,0.04,128.49
952.961,0.018,103.679,0.01,1.0,0.0,0.0,0.04,128.49
953.041,0.018,103.679,0.0,1.0,0.0,0.0,0.04,128.49
953.161,0.018,103.679,0.0,1.0,0.0,0.0,0.03,128.49
953.261,0.018,103.679,0.0,1.0,0.0,0.0,0.04,128.49
953.341,0.018,103.679,0.0,1.0,0.0,0.0,0.04,128.49
953.441,0.018,103.679,0.0,1.0,0.0,0.0,0.04,128.49
953.521,0.018,103.679,0.0,1.0,0.0,0.0,0.04,128.49
953.621,0.018,103.679,0.0,1.0,0.0,0.0,0.04,128.49
953.701,0.018,103.679,0.0,1.0,0.0,0.0,0.03,128.49
953.801,0.018,103.679,0.0,1.0,0.0,0.0,0.03,128.49
953.881,0.018,103.679,0.0,1.0,0.0,0.0,0.03,128.49
953.981,0.018,103.679,0.0,1.0,0.0,0.0,0.04,128.49
954.061,0.018,103.679,0.01,1.0,0.0,0.0,0.04,128.49
954.101,0.018,103.679,0.0,1.0,0.0,0.0,0.04,128.49
954.181,0.018,103.679,0.0,1.0,0.0,0.0,0.03,128.49
954.261,0.018,103.679,0.0,1.0,0.0,0.0,0.04,128.49
954.341,0.018,103.679,0.0,1.0,0.0,0.0,0.04,128.49
954.421,0.018,103.679,0.0,1.0,0.0,0.0,0.04,128.49
954.521,0.018,103.679,0.0,1.0,0.0,0.0,0.04,128.49
954.621,0.018,103.679,0.0,1.0,0.0,0.0,0.04,128.49
954.721,0.018,103.679,0.0,1.0,0.0,0.0,0.04,128.49
954.821,0.018,103.679,0.0,1.0,0.0,0.0,0.04,128.49
954.901,0.018,103.679,0.0,1.0,0.0,0.0,0.04,128.49
955.021,0.018,103.679,0.01,1.0,0.0,0.0,0.04,128.49
955.101,0.018,103.679,0.0,1.0,0.0,0.0,0.04,128.49
955.201,0.018,103.679,0.0,1.0,0.0,0.0,0.04,128.49
955.261,0.018,103.679,0.0,1.0,0.0,0.0,0.03,128.49
955.361,0.018,103.679,0.0,1.0,0.0,0.0,0.04,128.49
955.461,0.018,103.679,0.0,1.0,0.0,0.0,0.04,128.49
955.501,0.018,103.679,0.0,1.0,0.0,0.0,0.04,128.49
955.581,0.018,103.679,0.0,1.0,0.0,0.0,0.04,128.49
955.641,0.018,103.679,0.0,1.0,0.0,0.0,0.04,128.49
955.741,0.018,103.679,0.0,1.0,0.0,0.0,0.04,128.49
955.781,0.018,103.679,0.0,1.0,0.0,0.0,0.04,128.49
955.921,0.018,103.679,0.0,1.0,0.0,0.0,0.04,128.49
956.021,0.018,103.679,0.01,1.0,0.0,0.0,0.04,128.49
956.121,0.018,103.679,0.0,1.0,0.0,0.0,0.04,128.49
956.181,0.018,103.679,0.0,1.0,0.0,0.0,0.04,128.49
956.301,0.018,103.679,0.0,1.0,0.0,0.0,0.04,128.49
956.381,0.018,103.679,0.0,1.0,0.0,0.0,0.04,128.49
956.481,0.018,103.679,0.0,1.0,0.0,0.0,0.03,128.49
956.561,0.018,103.679,0.0,1.0,0.0,0.0,0.04,128.49
956.641,0.018,103.679,0.0,1.0,0.0,0.0,0.04,128.49
956.741,0.018,103.679,0.0,1.0,0.0,0.0,0.04,128.49
956.841,0.018,103.679,0.0,1.0,0.0,0.0,0.03,128.49
956.941,0.018,103.679,0.0,1.0,0.0,0.0,0.04,128.49
957.021,0.018,103.679,0.01,1.0,0.0,0.0,0.04,128.49
957.141,0.018,103.679,0.0,1.0,0.0,0.0,0.04,128.49
957.221,0.018,103.679,0.0,1.0,0.0,0.0,0.04,128.49
957.261,0.018,103.679,0.01,1.0,0.0,0.0,0.04,128.49
957.421,0.018,103.679,0.0,1.0,0.0,0.0,0.04,128.49
957.521,0.018,103.679,0.0,1.0,0.0,0.0,0.03,128.49
957.621,0.018,103.679,0.0,1.0,0.0,0.0,0.04,128.49
957.701,0.018,103.679,0.0,1.0,0.0,0.0,0.04,128.49
957.781,0.018,103.679,0.0,1.0,0.0,0.0,0.03,128.49
957.881,0.018,103.679,0.0,1.0,0.0,0.0,0.04,128.49
957.981,0.018,103.679,0.01,1.0,0.0,0.0,0.04,128.49
958.061,0.018,103.679,0.0,1.0,0.0,0.0,0.03,128.49
958.161,0.018,103.679,0.0,1.0,0.0,0.0,0.04,128.49
958.261,0.018,103.679,0.0,1.0,0.0,0.0,0.04,128.49
958.361,0.018,103.679,0.0,1.0,0.0,0.0,0.03,128.49
958.441,0.018,103.679,0.01,1.0,0.0,0.0,0.04,128.49
958.541,0.018,103.679,0.0,1.0,0.0,0.0,0.04,128.49
958.601,0.018,103.679,0.0,1.0,0.0,0.0,0.04,128.49
958.681,0.018,103.679,0.0,1.0,0.0,0.0,0.04,128.49
958.761,0.018,103.679,0.0,1.0,0.0,0.0,0.04,128.49
958.861,0.018,103.679,0.0,1.0,0.0,0.0,0.04,128.49
958.941,0.018,103.679,0.0,1.0,0.0,0.0,0.04,128.49
959.041,0.018,103.679,0.0,1.0,0.0,0.0,0.03,128.49
959.121,0.018,103.679,0.0,1.0,0.0,0.0,0.04,128.49
959.201,0.018,103.679,0.0,1.0,0.0,0.0,0.03,128.49
959.261,0.018,103.679,0.0,1.0,0.0,0.0,0.04,128.49
959.301,0.018,103.679,0.0,1.0,0.0,0.0,0.04,128.49
959.381,0.018,103.679,0.0,1.0,0.0,0.0,0.04,128.49
959.441,0.018,103.679,0.0,1.0,0.0,0.0,0.04,128.49
959.521,0.018,103.679,0.0,1.0,0.0,0.0,0.04,128.49
959.601,0.018,103.679,0.0,1.0,0.0,0.0,0.04,128.49
959.681,0.018,103.679,0.0,1.0,0.0,0.0,0.04,128.49
959.761,0.018,103.679,0.0,1.0,0.0,0.0,0.04,128.49
959.861,0.018,103.679,0.0,1.0,0.0,0.0,0.04,128.49
959.881,0.018,103.679,0.0,1.0,0.0,0.0,0.03,128.49
960.021,0.018,103.679,0.0,1.0,0.0,0.0,0.04,128.49
960.121,0.018,103.679,0.0,1.0,0.0,0.0,0.04,128.49
960.221,0.018,103.679,0.0,1.0,0.0,0.0,0.04,128.49
960.321,0.018,103.679,0.01,1.0,0.0,0.0,0.04,128.49
960.421,0.018,103.679,0.0,1.0,0.0,0.0,0.04,128.49
960.521,0.018,103.679,0.0,1.0,0.0,0.0,0.04,128.49
960.601,0.018,103.679,0.0,1.0,0.0,0.0,0.04,128.49
960.701,0.018,103.679,0.01,1.0,0.0,0.0,0.04,128.49
960.801,0.018,103.679,0.0,1.0,0.0,0.0,0.04,128.49
960.881,0.018,103.679,0.0,1.0,0.0,0.0,0.04,128.49
961.001,0.018,103.679,0.0,1.0,0.0,0.0,0.04,128.49
961.101,0.018,103.679,0.0,1.0,0.0,0.0,0.04,128.49
961.201,0.018,103.679,0.0,1.0,0.0,0.0,0.04,128.49
961.301,0.018,103.679,0.0,1.0,0.0,0.0,0.04,128.49
961.341,0.018,103.679,0.0,1.0,0.0,0.0,0.04,128.49
961.441,0.018,103.679,0.0,1.0,0.0,0.0,0.04,128.49
961.521,0.018,103.679,0.01,1.0,0.0,0.0,0.04,128.49
961.621,0.018,103.679,0.0,1.0,0.0,0.0,0.04,128.49
961.721,0.018,103.679,0.01,1.0,0.0,0.0,0.03,128.49
961.801,0.018,103.679,0.01,1.0,0.0,0.0,0.04,128.49
961.901,0.018,103.679,0.0,1.0,0.0,0.0,0.04,128.49
961.981,0.018,103.679,0.0,1.0,0.0,0.0,0.04,128.49
962.081,0.018,103.679,0.01,1.0,0.0,0.0,0.03,128.49
962.161,0.018,103.679,0.0,1.0,0.0,0.0,0.04,128.49
962.261,0.018,103.679,0.0,1.0,0.0,0.0,0.04,128.49
962.341,0.018,103.679,0.0,1.0,0.0,0.0,0.04,128.49
962.441,0.018,103.679,0.0,1.0,0.0,0.0,0.04,128.49
962.521,0.018,103.679,0.0,1.0,0.0,0.0,0.04,128.49
962.601,0.018,103.679,0.0,1.0,0.0,0.0,0.04,128.49
962.701,0.018,103.679,0.0,1.0,0.0,0.0,0.04,128.49
962.801,0.018,103.679,0.0,1.0,0.0,0.0,0.04,128.49
962.881,0.018,103.679,0.0,1.0,0.0,0.0,0.04,128.49
962.981,0.018,103.679,0.0,1.0,0.0,0.0,0.04,128.49
963.061,0.018,103.679,0.0,1.0,0.0,0.0,0.04,128.49
963.161,0.018,103.679,0.0,1.0,0.0,0.0,0.04,128.49
963.261,0.018,103.679,0.0,1.0,0.0,0.0,0.04,128.49
963.361,0.018,103.679,0.0,1.0,0.0,0.0,0.04,128.49
963.461,0.018,103.679,0.0,1.0,0.0,0.0,0.03,128.49
963.561,0.018,103.679,0.0,1.0,0.0,0.0,0.03,128.49
963.621,0.018,103.679,0.0,1.0,0.0,0.0,0.03,128.49
963.721,0.018,103.679,0.0,1.0,0.0,0.0,0.04,128.49
963.821,0.018,103.679,0.0,1.0,0.0,0.0,0.04,128.49
963.921,0.018,103.679,0.0,1.0,0.0,0.0,0.03,128.49
964.021,0.018,103.679,0.01,1.0,0.0,0.0,0.04,128.49
964.121,0.018,103.679,0.0,1.0,0.0,0.0,0.04,128.49
964.221,0.018,103.679,0.0,1.0,0.0,0.0,0.04,128.49
964.301,0.018,103.679,0.0,1.0,0.0,0.0,0.04,128.49
964.401,0.018,103.679,0.0,1.0,0.0,0.0,0.04,128.49
964.481,0.018,103.679,0.0,1.0,0.0,0.0,0.03,128.49
964.521,0.018,103.679,0.0,1.0,0.0,0.0,0.03,128.49
964.601,0.018,103.679,0.0,1.0,0.0,0.0,0.04,128.49
964.681,0.018,103.679,0.0,1.0,0.0,0.0,0.03,128.49
964.781,0.018,103.679,0.01,1.0,0.0,0.0,0.04,128.49
964.881,0.018,103.679,0.0,1.0,0.0,0.0,0.04,128.49
964.961,0.018,103.679,0.0,1.0,0.0,0.0,0.04,128.49
965.081,0.018,103.679,0.0,1.0,0.0,0.0,0.04,128.49
965.161,0.018,103.679,0.0,1.0,0.0,0.0,0.04,128.49
965.241,0.018,103.679,0.0,1.0,0.0,0.0,0.04,128.49
965.341,0.018,103.679,0.0,1.0,0.0,0.0,0.04,128.49
965.441,0.018,103.679,0.0,1.0,0.0,0.0,0.04,128.49
965.541,0.018,103.679,0.0,1.0,0.0,0.0,0.04,128.49
965.621,0.018,103.679,0.0,1.0,0.0,0.0,0.04,128.49
965.661,0.018,103.679,0.0,1.0,0.0,0.0,0.04,128.49
965.821,0.018,103.679,0.0,1.0,0.0,0.0,0.04,128.49
965.881,0.018,103.679,0.0,1.0,0.0,0.0,0.04,128.49
965.921,0.018,103.679,0.0,1.0,0.0,0.0,0.04,128.49
965.981,0.018,103.679,0.0,1.0,0.0,0.0,0.04,128.49
966.021,0.018,103.679,0.0,1.0,0.0,0.0,0.04,128.49
966.141,0.018,103.679,0.0,1.0,0.0,0.0,0.04,128.49
966.241,0.018,103.679,0.0,1.0,0.0,0.0,0.04,128.49
966.321,0.018,103.679,0.0,1.0,0.0,0.0,0.04,128.49
966.421,0.018,103.679,0.0,1.0,0.0,0.0,0.04,128.49
966.521,0.018,103.679,0.0,1.0,0.0,0.0,0.04,128.49
966.601,0.018,103.679,0.0,1.0,0.0,0.0,0.04,128.49
966.701,0.018,103.679,0.0,1.0,0.0,0.0,0.04,128.49
966.781,0.018,103.679,0.0,1.0,0.0,0.0,0.04,128.49
966.861,0.018,103.679,0.0,1.0,0.0,0.0,0.04,128.49
966.981,0.018,103.679,0.0,1.0,0.0,0.0,0.03,128.49
967.081,0.018,103.679,0.0,1.0,0.0,0.0,0.04,128.49
967.161,0.018,103.679,0.01,1.0,0.0,0.0,0.04,128.49
967.241,0.018,103.679,0.01,1.0,0.0,0.0,0.04,128.49
967.361,0.018,103.679,0.0,1.0,0.0,0.0,0.04,128.49
967.441,0.018,103.679,0.0,1.0,0.0,0.0,0.04,128.49
967.541,0.018,103.679,0.0,1.0,0.0,0.0,0.04,128.49
967.641,0.018,103.679,0.0,1.0,0.0,0.0,0.04,128.49
967.721,0.018,103.679,0.01,1.0,0.0,0.0,0.04,128.49
967.821,0.018,103.679,0.0,1.0,0.0,0.0,0.04,128.49
967.921,0.018,103.679,0.0,1.0,0.0,0.0,0.04,128.49
968.001,0.018,103.679,0.0,1.0,0.0,0.0,0.04,128.49
968.101,0.018,103.679,0.0,1.0,0.0,0.0,0.04,128.49
968.161,0.018,103.679,0.0,1.0,0.0,0.0,0.04,128.49
968.261,0.018,103.679,0.0,1.0,0.0,0.0,0.03,128.49
968.321,0.018,103.679,0.0,1.0,0.0,0.0,0.03,128.49
968.401,0.018,103.679,0.0,1.0,0.0,0.0,0.04,128.49
968.561,0.018,103.679,0.0,1.0,0.0,0.0,0.04,128.49
968.661,0.018,103.679,0.0,1.0,0.0,0.0,0.04,128.49
968.741,0.018,103.679,0.0,1.0,0.0,0.0,0.04,128.49
968.841,0.018,103.679,0.0,1.0,0.0,0.0,0.04,128.49
968.961,0.018,103.679,0.0,1.0,0.0,0.0,0.04,128.49
969.041,0.018,103.679,0.0,1.0,0.0,0.0,0.04,128.49
969.141,0.018,103.679,0.0,1.0,0.0,0.0,0.04,128.49
969.241,0.018,103.679,0.0,1.0,0.0,0.0,0.04,128.49
969.341,0.018,103.679,0.0,1.0,0.0,0.0,0.04,128.49
969.421,0.018,103.679,0.0,1.0,0.0,0.0,0.03,128.49
969.521,0.018,103.679,0.01,1.0,0.0,0.0,0.04,128.49
969.621,0.018,103.679,0.0,1.0,0.0,0.0,0.03,128.49
969.721,0.018,103.679,0.0,1.0,0.0,0.0,0.04,128.49
969.801,0.018,103.679,0.0,1.0,0.0,0.0,0.04,128.49
969.921,0.018,103.679,0.0,1.0,0.0,0.0,0.04,128.49
970.021,0.018,103.679,0.0,1.0,0.0,0.0,0.04,128.49
970.121,0.018,103.679,0.0,1.0,0.0,0.0,0.04,128.49
970.201,0.018,103.679,0.0,1.0,0.0,0.0,0.04,128.49
970.321,0.018,103.679,0.01,1.0,0.0,0.0,0.04,128.49
970.421,0.018,103.679,0.0,1.0,0.0,0.0,0.04,128.49
970.521,0.018,103.679,0.0,1.0,0.0,0.0,0.04,128.49
970.601,0.018,103.679,0.0,1.0,0.0,0.0,0.04,128.49
970.701,0.018,103.679,0.0,1.0,0.0,0.0,0.04,128.49
970.801,0.018,103.679,0.0,1.0,0.0,0.0,0.04,128.49
970.881,0.018,103.679,0.0,1.0,0.0,0.0,0.03,128.49
970.961,0.018,103.679,0.0,1.0,0.0,0.0,0.03,128.49
971.061,0.018,103.679,0.01,1.0,0.0,0.0,0.04,128.49
971.161,0.018,103.679,0.0,1.0,0.0,0.0,0.04,128.49
971.241,0.018,103.679,0.0,1.0,0.0,0.0,0.04,128.49
971.341,0.018,103.679,0.01,1.0,0.0,0.0,0.04,128.49
971.421,0.018,103.679,0.0,1.0,0.0,0.0,0.04,128.49
971.501,0.018,103.679,0.0,1.0,0.0,0.0,0.04,128.49
971.601,0.018,103.679,0.0,1.0,0.0,0.0,0.03,128.49
971.701,0.018,103.679,0.0,1.0,0.0,0.0,0.04,128.49
971.781,0.018,103.679,0.0,1.0,0.0,0.0,0.04,128.49
971.881,0.018,103.679,0.0,1.0,0.0,0.0,0.04,128.49
971.961,0.018,103.679,0.01,1.0,0.0,0.0,0.04,128.49
972.061,0.018,103.679,0.0,1.0,0.0,0.0,0.04,128.49
972.141,0.018,103.679,0.0,1.0,0.0,0.0,0.04,128.49
972.241,0.018,103.679,0.0,1.0,0.0,0.0,0.04,128.49
972.321,0.018,103.679,0.0,1.0,0.0,0.0,0.04,128.49
972.421,0.018,103.679,0.0,1.0,0.0,0.0,0.04,128.49
972.501,0.018,103.679,0.0,1.0,0.0,0.0,0.04,128.49
972.601,0.018,103.679,0.0,1.0,0.0,0.0,0.04,128.49
972.701,0.018,103.679,0.0,1.0,0.0,0.0,0.03,128.49
972.801,0.018,103.679,0.0,1.0,0.0,0.0,0.04,128.49
972.861,0.018,103.679,0.0,1.0,0.0,0.0,0.04,128.49
972.981,0.018,103.679,0.0,1.0,0.0,0.0,0.04,128.49
973.061,0.018,103.679,0.0,1.0,0.0,0.0,0.04,128.49
973.161,0.018,103.679,0.0,1.0,0.0,0.0,0.04,128.49
973.241,0.018,103.679,0.0,1.0,0.0,0.0,0.04,128.49
973.341,0.018,103.679,0.0,1.0,0.0,0.0,0.04,128.49
973.441,0.018,103.679,0.01,1.0,0.0,0.0,0.03,128.49
973.521,0.018,103.679,0.0,1.0,0.0,0.0,0.04,128.49
973.621,0.018,103.679,0.0,1.0,0.0,0.0,0.04,128.49
973.701,0.018,103.679,0.01,1.0,0.0,0.0,0.04,128.49
973.801,0.018,103.679,0.0,1.0,0.0,0.0,0.04,128.49
973.901,0.018,103.679,0.0,1.0,0.0,0.0,0.04,128.49
974.001,0.018,103.679,0.0,1.0,0.0,0.0,0.04,128.49
974.101,0.018,103.679,0.0,1.0,0.0,0.0,0.04,128.49
974.201,0.018,103.679,0.0,1.0,0.0,0.0,0.04,128.49
974.281,0.018,103.679,0.0,1.0,0.0,0.0,0.04,128.49
974.381,0.018,103.679,0.0,1.0,0.0,0.0,0.04,128.49
974.461,0.018,103.679,0.01,1.0,0.0,0.0,0.04,128.49
974.501,0.018,103.679,0.0,1.0,0.0,0.0,0.04,128.49
974.621,0.018,103.679,0.0,1.0,0.0,0.0,0.04,128.49
974.701,0.018,103.679,0.0,1.0,0.0,0.0,0.04,128.49
974.801,0.018,103.679,0.0,1.0,0.0,0.0,0.04,128.49
974.881,0.018,103.679,0.0,1.0,0.0,0.0,0.04,128.49
974.981,0.018,103.679,0.0,1.0,0.0,0.0,0.03,128.49
975.081,0.018,103.679,0.0,1.0,0.0,0.0,0.04,128.49
975.121,0.018,103.679,0.0,1.0,0.0,0.0,0.03,128.49
975.281,0.018,103.679,0.0,1.0,0.0,0.0,0.04,128.49
975.301,0.018,103.679,0.0,1.0,0.0,0.0,0.04,128.49
975.361,0.018,103.679,0.0,1.0,0.0,0.0,0.04,128.49
975.481,0.018,103.679,0.0,1.0,0.0,0.0,0.04,128.49
975.581,0.018,103.679,0.0,1.0,0.0,0.0,0.04,128.49
975.681,0.018,103.679,0.01,1.0,0.0,0.0,0.04,128.49
975.781,0.018,103.679,0.01,1.0,0.0,0.0,0.04,128.49
975.801,0.018,103.679,0.01,1.0,0.0,0.0,0.04,128.49
975.961,0.018,103.679,0.0,1.0,0.0,0.0,0.04,128.49
976.061,0.018,103.679,0.0,1.0,0.0,0.0,0.04,128.49
976.161,0.018,103.679,0.0,1.0,0.0,0.0,0.04,128.49
976.261,0.018,103.679,0.0,1.0,0.0,0.0,0.04,128.49
976.341,0.018,103.679,0.0,1.0,0.0,0.0,0.04,128.49
976.381,0.018,103.679,0.0,1.0,0.0,0.0,0.04,128.49
976.461,0.018,103.679,0.0,1.0,0.0,0.0,0.04,128.49
976.521,0.018,103.679,0.01,1.0,0.0,0.0,0.04,128.49
976.641,0.018,103.679,0.0,1.0,0.0,0.0,0.04,128.49
976.681,0.018,103.679,0.0,1.0,0.0,0.0,0.04,128.49
976.781,0.018,103.679,0.0,1.0,0.0,0.0,0.04,128.49
976.861,0.018,103.679,0.0,1.0,0.0,0.0,0.03,128.49
976.981,0.018,103.679,0.0,1.0,0.0,0.0,0.04,128.49
977.041,0.018,103.679,0.0,1.0,0.0,0.0,0.03,128.49
977.161,0.018,103.679,0.0,1.0,0.0,0.0,0.04,128.49
977.241,0.018,103.679,0.0,1.0,0.0,0.0,0.03,128.49
977.341,0.018,103.679,0.0,1.0,0.0,0.0,0.04,128.49
977.421,0.018,103.679,0.0,1.0,0.0,0.0,0.04,128.49
977.501,0.018,103.679,0.0,1.0,0.0,0.0,0.04,128.49
977.621,0.018,103.679,0.0,1.0,0.0,0.0,0.04,128.49
977.721,0.018,103.679,0.0,1.0,0.0,0.0,0.04,128.49
977.801,0.018,103.679,0.0,1.0,0.0,0.0,0.03,128.49
977.881,0.018,103.679,0.01,1.0,0.0,0.0,0.04,128.49
977.961,0.018,103.679,0.0,1.0,0.0,0.0,0.04,128.49
978.081,0.018,103.679,0.0,1.0,0.0,0.0,0.04,128.49
978.161,0.018,103.679,0.0,1.0,0.0,0.0,0.03,128.49
978.261,0.018,103.679,0.0,1.0,0.0,0.0,0.04,128.49
978.341,0.018,103.679,0.0,1.0,0.0,0.0,0.04,128.49
978.441,0.018,103.679,0.0,1.0,0.0,0.0,0.03,128.49
978.521,0.018,103.679,0.0,1.0,0.0,0.0,0.04,128.49
978.621,0.018,103.679,0.0,1.0,0.0,0.0,0.04,128.49
978.721,0.018,103.679,0.01,1.0,0.0,0.0,0.04,128.49
978.801,0.018,103.679,0.0,1.0,0.0,0.0,0.03,128.49
978.901,0.018,103.679,0.0,1.0,0.0,0.0,0.04,128.49
978.981,0.018,103.679,0.0,1.0,0.0,0.0,0.04,128.49
979.081,0.018,103.679,0.0,1.0,0.0,0.0,0.04,128.49
979.181,0.018,103.679,0.01,1.0,0.0,0.0,0.04,128.49
979.281,0.018,103.679,0.0,1.0,0.0,0.0,0.04,128.49
979.361,0.018,103.679,0.0,1.0,0.0,0.0,0.04,128.49
979.461,0.018,103.679,0.0,1.0,0.0,0.0,0.04,128.49
979.561,0.018,103.679,0.0,1.0,0.0,0.0,0.04,128.49
979.661,0.018,103.679,0.01,1.0,0.0,0.0,0.04,128.49
979.741,0.018,103.679,0.0,1.0,0.0,0.0,0.04,128.49
979.841,0.018,103.679,0.0,1.0,0.0,0.0,0.04,128.49
979.941,0.018,103.679,0.0,1.0,0.0,0.0,0.04,128.49
980.041,0.018,103.679,0.0,1.0,0.0,0.0,0.04,128.49
980.141,0.018,103.679,0.0,1.0,0.0,0.0,0.03,128.49
980.241,0.018,103.679,0.0,1.0,0.0,0.0,0.04,128.49
980.321,0.018,103.679,0.0,1.0,0.0,0.0,0.04,128.49
980.401,0.018,103.679,0.0,1.0,0.0,0.0,0.03,128.49
980.501,0.018,103.679,0.0,1.0,0.0,0.0,0.04,128.49
980.601,0.018,103.679,0.0,1.0,0.0,0.0,0.04,128.49
980.701,0.018,103.679,0.0,1.0,0.0,0.0,0.04,128.49
980.801,0.018,103.679,0.0,1.0,0.0,0.0,0.04,128.49
980.901,0.018,103.679,0.01,1.0,0.0,0.0,0.04,128.49
981.001,0.018,103.679,0.0,1.0,0.0,0.0,0.03,128.49
981.101,0.018,103.679,0.0,1.0,0.0,0.0,0.04,128.49
981.201,0.018,103.679,0.0,1.0,0.0,0.0,0.04,128.49
981.241,0.018,103.679,0.0,1.0,0.0,0.0,0.04,128.49
981.401,0.018,103.679,0.0,1.0,0.0,0.0,0.04,128.49
981.481,0.018,103.679,0.0,1.0,0.0,0.0,0.04,128.49
981.601,0.018,103.679,0.0,1.0,0.0,0.0,0.04,128.49
981.721,0.018,103.679,0.0,1.0,0.0,0.0,0.04,128.49
981.841,0.018,103.679,0.0,1.0,0.0,0.0,0.04,128.49
981.941,0.018,103.679,0.0,1.0,0.0,0.0,0.04,128.49
982.041,0.018,103.679,0.01,1.0,0.0,0.0,0.04,128.49
982.141,0.018,103.679,0.0,1.0,0.0,0.0,0.03,128.49
982.241,0.018,103.679,0.0,1.0,0.0,0.0,0.04,128.49
982.341,0.018,103.679,0.0,1.0,0.0,0.0,0.04,128.49
982.381,0.018,103.679,0.0,1.0,0.0,0.0,0.04,128.49
982.421,0.018,103.679,0.0,1.0,0.0,0.0,0.04,128.49
982.501,0.018,103.679,0.0,1.0,0.0,0.0,0.04,128.49
982.581,0.018,103.679,0.0,1.0,0.0,0.0,0.04,128.49
982.641,0.018,103.679,0.0,1.0,0.0,0.0,0.04,128.49
982.761,0.018,103.679,0.0,1.0,0.0,0.0,0.04,128.49
982.861,0.018,103.679,0.0,1.0,0.0,0.0,0.04,128.49
982.961,0.018,103.679,0.01,1.0,0.0,0.0,0.04,128.49
983.081,0.018,103.679,0.0,1.0,0.0,0.0,0.03,128.49
983.221,0.018,103.679,0.0,1.0,0.0,0.0,0.04,128.49
983.321,0.018,103.679,0.0,1.0,0.0,0.0,0.04,128.49
983.421,0.018,103.679,0.0,1.0,0.0,0.0,0.04,128.49
983.501,0.018,103.679,0.0,1.0,0.0,0.0,0.04,128.49
983.621,0.018,103.679,0.0,1.0,0.0,0.0,0.04,128.49
983.721,0.018,103.679,0.0,1.0,0.0,0.0,0.04,128.49
983.821,0.018,103.679,0.0,1.0,0.0,0.0,0.04,128.49
983.901,0.018,103.679,0.0,1.0,0.0,0.0,0.03,128.49
984.021,0.018,103.679,0.01,1.0,0.0,0.0,0.04,128.49
984.121,0.018,103.679,0.0,1.0,0.0,0.0,0.04,128.49
984.221,0.018,103.679,0.0,1.0,0.0,0.0,0.03,128.49
984.261,0.018,103.679,0.0,1.0,0.0,0.0,0.03,128.49
984.341,0.018,103.679,0.0,1.0,0.0,0.0,0.03,128.49
984.421,0.018,103.679,0.0,1.0,0.0,0.0,0.04,128.49
984.541,0.018,103.679,0.0,1.0,0.0,0.0,0.04,128.49
984.641,0.018,103.679,0.0,1.0,0.0,0.0,0.03,128.49
984.741,0.018,103.679,0.0,1.0,0.0,0.0,0.04,128.49
984.861,0.018,103.679,0.0,1.0,0.0,0.0,0.04,128.49
984.961,0.018,103.679,0.0,1.0,0.0,0.0,0.04,128.49
985.061,0.018,103.679,0.01,1.0,0.0,0.0,0.04,128.49
985.141,0.018,103.679,0.0,1.0,0.0,0.0,0.04,128.49
985.261,0.018,103.679,0.0,1.0,0.0,0.0,0.04,128.49
985.361,0.018,103.679,0.0,1.0,0.0,0.0,0.04,128.49
985.441,0.018,103.679,0.0,1.0,0.0,0.0,0.04,128.49
985.581,0.018,103.679,0.0,1.0,0.0,0.0,0.04,128.49
985.681,0.018,103.679,0.0,1.0,0.0,0.0,0.04,128.49
985.781,0.018,103.679,0.0,1.0,0.0,0.0,0.04,128.49
985.801,0.018,103.679,0.0,1.0,0.0,0.0,0.03,128.49
985.961,0.018,103.679,0.0,1.0,0.0,0.0,0.04,128.49
986.061,0.018,103.679,0.0,1.0,0.0,0.0,0.04,128.49
986.161,0.018,103.679,0.0,1.0,0.0,0.0,0.04,128.49
986.261,0.018,103.679,0.0,1.0,0.0,0.0,0.04,128.49
986.341,0.018,103.679,0.01,1.0,0.0,0.0,0.04,128.49
986.441,0.018,103.679,0.01,1.0,0.0,0.0,0.04,128.49
986.541,0.018,103.679,0.0,1.0,0.0,0.0,0.03,128.49
986.641,0.018,103.679,0.0,1.0,0.0,0.0,0.04,128.49
986.681,0.018,103.679,0.0,1.0,0.0,0.0,0.04,128.49
986.761,0.018,103.679,0.0,1.0,0.0,0.0,0.04,128.49
986.821,0.018,103.679,0.0,1.0,0.0,0.0,0.04,128.49
986.881,0.018,103.679,0.0,1.0,0.0,0.0,0.03,128.49
987.041,0.018,103.679,0.0,1.0,0.0,0.0,0.04,128.49
987.141,0.018,103.679,0.0,1.0,0.0,0.0,0.03,128.49
987.241,0.018,103.679,0.0,1.0,0.0,0.0,0.04,128.49
987.341,0.018,103.679,0.0,1.0,0.0,0.0,0.04,128.49
987.421,0.018,103.679,0.0,1.0,0.0,0.0,0.04,128.49
987.521,0.018,103.679,0.0,1.0,0.0,0.0,0.04,128.49
987.601,0.018,103.679,0.0,1.0,0.0,0.0,0.04,128.49
987.701,0.018,103.679,0.0,1.0,0.0,0.0,0.04,128.49
987.781,0.018,103.679,0.0,1.0,0.0,0.0,0.04,128.49
987.861,0.018,103.679,0.0,1.0,0.0,0.0,0.04,128.49
987.961,0.018,103.679,0.0,1.0,0.0,0.0,0.04,128.49
988.041,0.018,103.679,0.0,1.0,0.0,0.0,0.03,128.49
988.141,0.018,103.679,0.0,1.0,0.0,0.0,0.04,128.49
988.181,0.018,103.679,0.0,1.0,0.0,0.0,0.04,128.49
988.261,0.018,103.679,0.0,1.0,0.0,0.0,0.04,128.49
988.341,0.018,103.679,0.0,1.0,0.0,0.0,0.04,128.49
988.421,0.018,103.679,0.0,1.0,0.0,0.0,0.04,128.49
988.521,0.018,103.679,0.0,1.0,0.0,0.0,0.04,128.49
988.621,0.018,103.679,0.0,1.0,0.0,0.0,0.03,128.49
988.721,0.018,103.679,0.0,1.0,0.0,0.0,0.04,128.49
988.781,0.018,103.679,0.0,1.0,0.0,0.0,0.04,128.49
988.901,0.018,103.679,0.0,1.0,0.0,0.0,0.03,128.49
988.981,0.018,103.679,0.0,1.0,0.0,0.0,0.04,128.49
989.061,0.018,103.679,0.0,1.0,0.0,0.0,0.04,128.49
989.161,0.018,103.679,0.0,1.0,0.0,0.0,0.04,128.49
989.261,0.018,103.679,0.01,1.0,0.0,0.0,0.04,128.49
989.341,0.018,103.679,0.0,1.0,0.0,0.0,0.04,128.49
989.421,0.018,103.679,0.0,1.0,0.0,0.0,0.04,128.49
989.521,0.018,103.679,0.0,1.0,0.0,0.0,0.04,128.49
990.481,0.018,103.679,0.0,1.0,0.0,0.0,0.04,128.49
990.561,0.018,103.679,0.0,1.0,0.0,0.0,0.03,128.49
990.661,0.018,103.679,0.0,1.0,0.0,0.0,0.04,128.49
990.821,0.018,103.679,0.0,1.0,0.0,0.0,0.03,128.49
990.921,0.018,103.679,0.0,1.0,0.0,0.0,0.04,128.49
991.001,0.018,103.679,0.0,1.0,0.0,0.0,0.04,128.49
991.121,0.018,103.679,0.0,1.0,0.0,0.0,0.04,128.49
991.261,0.018,103.679,0.0,1.0,0.0,0.0,0.04,128.49
991.301,0.018,103.679,0.0,1.0,0.0,0.0,0.04,128.49
991.381,0.018,103.679,0.0,1.0,0.0,0.0,0.04,128.49
991.441,0.018,103.679,0.0,1.0,0.0,0.0,0.04,128.49
991.561,0.018,103.679,0.0,1.0,0.0,0.0,0.04,128.49
991.661,0.018,103.679,0.0,1.0,0.0,0.0,0.04,128.49
991.781,0.018,103.679,0.0,1.0,0.0,0.0,0.04,128.49
991.881,0.018,103.679,0.0,1.0,0.0,0.0,0.04,128.49
991.921,0.018,103.679,0.0,1.0,0.0,0.0,0.04,128.49
991.981,0.018,103.679,0.0,1.0,0.0,0.0,0.03,128.49
992.101,0.018,103.679,0.0,1.0,0.0,0.0,0.04,128.49
992.201,0.018,103.679,0.0,1.0,0.0,0.0,0.04,128.49
992.241,0.018,103.679,0.0,1.0,0.0,0.0,0.04,128.49
992.321,0.018,103.679,0.0,1.0,0.0,0.0,0.04,128.49
992.401,0.018,103.679,0.0,1.0,0.0,0.0,0.04,128.49
992.521,0.018,103.679,0.0,1.0,0.0,0.0,0.04,128.49
992.561,0.018,103.679,0.0,1.0,0.0,0.0,0.04,128.49
992.621,0.018,103.679,0.0,1.0,0.0,0.0,0.04,128.49
992.701,0.018,103.679,0.0,1.0,0.0,0.0,0.04,128.49
992.821,0.018,103.679,0.0,1.0,0.0,0.0,0.04,128.49
992.921,0.018,103.679,0.0,1.0,0.0,0.0,0.04,128.49
993.021,0.018,103.679,0.0,1.0,0.0,0.0,0.04,128.49
993.101,0.018,103.679,0.0,1.0,0.0,0.0,0.04,128.49
993.201,0.018,103.679,0.0,1.0,0.0,0.0,0.04,128.49
993.321,0.018,103.679,0.0,1.0,0.0,0.0,0.03,128.49
993.401,0.018,103.679,0.0,1.0,0.0,0.0,0.04,128.49
993.521,0.018,103.679,0.0,1.0,0.0,0.0,0.04,128.49
993.641,0.018,103.679,0.01,1.0,0.0,0.0,0.04,128.49
993.721,0.018,103.679,0.0,1.0,0.0,0.0,0.04,128.49
993.801,0.018,103.679,0.0,1.0,0.0,0.0,0.04,128.49
993.861,0.018,103.679,0.0,1.0,0.0,0.0,0.04,128.49
994.021,0.018,103.679,0.0,1.0,0.0,0.0,0.04,128.49
994.121,0.018,103.679,0.0,1.0,0.0,0.0,0.04,128.49
994.221,0.018,103.679,0.0,1.0,0.0,0.0,0.04,128.49
994.301,0.018,103.679,0.0,1.0,0.0,0.0,0.04,128.49
994.401,0.018,103.679,0.0,1.0,0.0,0.0,0.04,128.49
994.481,0.018,103.679,0.0,1.0,0.0,0.0,0.04,128.49
994.601,0.018,103.679,0.0,1.0,0.0,0.0,0.04,128.49
994.701,0.018,103.679,0.0,1.0,0.0,0.0,0.04,128.49
994.801,0.018,103.679,0.0,1.0,0.0,0.0,0.04,128.49
994.841,0.018,103.679,0.0,1.0,0.0,0.0,0.04,128.49
994.941,0.018,103.679,0.0,1.0,0.0,0.0,0.04,128.49
995.101,0.018,103.679,0.0,1.0,0.0,0.0,0.04,128.49
995.201,0.018,103.679,0.0,1.0,0.0,0.0,0.04,128.49
995.321,0.018,103.679,0.0,1.0,0.0,0.0,0.04,128.49
995.361,0.018,103.679,0.0,1.0,0.0,0.0,0.04,128.49
995.441,0.018,103.679,0.0,1.0,0.0,0.0,0.04,128.49
995.461,0.018,103.679,0.0,1.0,0.0,0.0,0.04,128.49
995.621,0.018,103.679,0.0,1.0,0.0,0.0,0.04,128.49
995.721,0.018,103.679,0.0,1.0,0.0,0.0,0.04,128.49
995.821,0.018,103.679,0.01,1.0,0.0,0.0,0.04,128.49
995.921,0.018,103.679,0.0,1.0,0.0,0.0,0.04,128.49
996.021,0.018,103.679,0.0,1.0,0.0,0.0,0.03,128.49
996.121,0.018,103.679,0.0,1.0,0.0,0.0,0.04,128.49
996.201,0.018,103.679,0.0,1.0,0.0,0.0,0.03,128.49
996.301,0.018,103.679,0.0,1.0,0.0,0.0,0.03,128.49
996.401,0.018,103.679,0.01,1.0,0.0,0.0,0.04,128.49
996.501,0.018,103.679,0.0,1.0,0.0,0.0,0.03,128.49
996.601,0.018,103.679,0.0,1.0,0.0,0.0,0.04,128.49
996.681,0.018,103.679,0.0,1.0,0.0,0.0,0.04,128.49
996.781,0.018,103.679,0.0,1.0,0.0,0.0,0.04,128.49
996.881,0.018,103.679,0.0,1.0,0.0,0.0,0.04,128.49
996.981,0.018,103.679,0.0,1.0,0.0,0.0,0.03,128.49
997.061,0.018,103.679,0.0,1.0,0.0,0.0,0.04,128.49
997.121,0.018,103.679,0.0,1.0,0.0,0.0,0.04,128.49
997.301,0.018,103.679,0.0,1.0,0.0,0.0,0.03,128.49
997.401,0.018,103.679,0.0,1.0,0.0,0.0,0.03,128.49
997.521,0.018,103.679,0.0,1.0,0.0,0.0,0.04,128.49
997.601,0.018,103.679,0.0,1.0,0.0,0.0,0.04,128.49
997.661,0.018,103.679,0.01,1.0,0.0,0.0,0.04,128.49
997.801,0.018,103.679,0.01,1.0,0.0,0.0,0.04,128.49
997.881,0.018,103.679,0.0,1.0,0.0,0.0,0.04,128.49
997.981,0.018,103.679,0.0,1.0,0.0,0.0,0.04,128.49
998.101,0.018,103.679,0.0,1.0,0.0,0.0,0.04,128.49
998.201,0.018,103.679,0.0,1.0,0.0,0.0,0.04,128.49
998.301,0.018,103.679,0.0,1.0,0.0,0.0,0.04,128.49
998.401,0.018,103.679,0.0,1.0,0.0,0.0,0.03,128.49
998.441,0.018,103.679,0.0,1.0,0.0,0.0,0.03,128.49
998.521,0.018,103.679,0.0,1.0,0.0,0.0,0.04,128.49
998.601,0.018,103.679,0.0,1.0,0.0,0.0,0.04,128.49
998.701,0.018,103.679,0.0,1.0,0.0,0.0,0.04,128.49
998.741,0.018,103.679,0.0,1.0,0.0,0.0,0.04,128.49
998.821,0.018,103.679,0.0,1.0,0.0,0.0,0.04,128.49
998.901,0.018,103.679,0.0,1.0,0.0,0.0,0.04,128.49
999.001,0.018,103.679,0.0,1.0,0.0,0.0,0.04,128.49
999.081,0.018,103.679,0.0,1.0,0.0,0.0,0.04,128.49
999.181,0.018,103.679,0.0,1.0,0.0,0.0,0.04,128.49
999.281,0.018,103.679,0.0,1.0,0.0,0.0,0.04,128.49
999.381,0.018,103.679,0.0,1.0,0.0,0.0,0.04,128.49
999.461,0.018,103.679,0.0,1.0,0.0,0.0,0.04,128.49
999.581,0.018,103.679,0.0,1.0,0.0,0.0,0.04,128.49
999.661,0.018,103.679,0.0,1.0,0.0,0.0,0.04,128.49
999.761,0.018,103.679,0.0,1.0,0.0,0.0,0.04,128.49
999.861,0.018,103.679,0.0,1.0,0.0,0.0,0.04,128.49
999.961,0.018,103.679,0.0,1.0,0.0,0.0,0.04,128.49
1000.061,0.018,103.679,0.0,1.0,0.0,0.0,0.04,128.49
1000.141,0.018,103.679,0.0,1.0,0.0,0.0,0.04,128.49
1000.221,0.018,103.679,0.0,1.0,0.0,0.0,0.04,128.49
1000.341,0.018,103.679,0.0,1.0,0.0,0.0,0.04,128.49
1000.441,0.018,103.679,0.0,1.0,0.0,0.0,0.04,128.49
1000.541,0.018,103.679,0.0,1.0,0.0,0.0,0.04,128.49
1000.621,0.018,103.679,0.0,1.0,0.0,0.0,0.04,128.49
1000.721,0.018,103.679,0.0,1.0,0.0,0.0,0.04,128.49
1000.821,0.018,103.679,0.0,1.0,0.0,0.0,0.04,128.49
1000.881,0.018,103.679,0.0,1.0,0.0,0.0,0.04,128.49
1001.001,0.018,103.679,0.0,1.0,0.0,0.0,0.03,128.49
1001.081,0.018,103.679,0.01,1.0,0.0,0.0,0.04,128.49
1001.181,0.018,103.679,0.0,1.0,0.0,0.0,0.03,128.49
1001.281,0.018,103.679,0.0,1.0,0.0,0.0,0.04,128.49
1001.381,0.018,103.679,0.0,1.0,0.0,0.0,0.04,128.49
1001.481,0.018,103.679,0.0,1.0,0.0,0.0,0.04,128.49
1001.561,0.018,103.679,0.0,1.0,0.0,0.0,0.04,128.49
1001.641,0.018,103.679,0.0,1.0,0.0,0.0,0.03,128.49
1001.761,0.018,103.679,0.0,1.0,0.0,0.0,0.04,128.49
1001.861,0.018,103.679,0.0,1.0,0.0,0.0,0.04,128.49
1001.941,0.018,103.679,0.0,1.0,0.0,0.0,0.04,128.49
1002.041,0.018,103.679,0.01,1.0,0.0,0.0,0.04,128.49
1002.121,0.018,103.679,0.0,1.0,0.0,0.0,0.03,128.49
1002.221,0.018,103.679,0.0,1.0,0.0,0.0,0.04,128.49
1002.321,0.018,103.679,0.0,1.0,0.0,0.0,0.04,128.49
1002.401,0.018,103.679,0.0,1.0,0.0,0.0,0.04,128.49
1002.501,0.018,103.679,0.0,1.0,0.0,0.0,0.04,128.49
1002.561,0.018,103.679,0.0,1.0,0.0,0.0,0.03,128.49
1002.681,0.018,103.679,0.0,1.0,0.0,0.0,0.04,128.49
1002.761,0.018,103.679,0.0,1.0,0.0,0.0,0.03,128.49
1002.861,0.018,103.679,0.0,1.0,0.0,0.0,0.04,128.49
1002.941,0.018,103.679,0.0,1.0,0.0,0.0,0.04,128.49
1003.061,0.018,103.679,0.0,1.0,0.0,0.0,0.04,128.49
1003.121,0.018,103.679,0.0,1.0,0.0,0.0,0.04,128.49
1003.181,0.018,103.679,0.0,1.0,0.0,0.0,0.04,128.49
1003.261,0.018,103.679,0.0,1.0,0.0,0.0,0.04,128.49
1003.341,0.018,103.679,0.0,1.0,0.0,0.0,0.04,128.49
1003.441,0.018,103.679,0.0,1.0,0.0,0.0,0.03,128.49
1003.521,0.018,103.679,0.0,1.0,0.0,0.0,0.04,128.49
1003.621,0.018,103.679,0.0,1.0,0.0,0.0,0.04,128.49
1003.701,0.018,103.679,0.01,1.0,0.0,0.0,0.04,128.49
1003.801,0.018,103.679,0.0,1.0,0.0,0.0,0.04,128.49
1003.881,0.018,103.679,0.0,1.0,0.0,0.0,0.04,128.49
1003.981,0.018,103.679,0.0,1.0,0.0,0.0,0.04,128.49
1004.061,0.018,103.679,0.0,1.0,0.0,0.0,0.04,128.49
1004.141,0.018,103.679,0.0,1.0,0.0,0.0,0.03,128.49
1004.261,0.018,103.679,0.0,1.0,0.0,0.0,0.04,128.49
1004.361,0.018,103.679,0.0,1.0,0.0,0.0,0.04,128.49
1004.441,0.018,103.679,0.0,1.0,0.0,0.0,0.04,128.49
1004.541,0.018,103.679,0.0,1.0,0.0,0.0,0.04,128.49
1004.641,0.018,103.679,0.0,1.0,0.0,0.0,0.04,128.49
1004.721,0.018,103.679,0.0,1.0,0.0,0.0,0.03,128.49
1004.821,0.018,103.679,0.0,1.0,0.0,0.0,0.04,128.49
1004.901,0.018,103.679,0.0,1.0,0.0,0.0,0.04,128.49
1005.001,0.018,103.679,0.0,1.0,0.0,0.0,0.04,128.49
1005.081,0.018,103.679,0.0,1.0,0.0,0.0,0.04,128.49
1005.161,0.018,103.679,0.0,1.0,0.0,0.0,0.04,128.49
1005.261,0.018,103.679,0.0,1.0,0.0,0.0,0.04,128.49
1005.361,0.018,103.679,0.0,1.0,0.0,0.0,0.04,128.49
1005.461,0.018,103.679,0.0,1.0,0.0,0.0,0.04,128.49
1005.561,0.018,103.679,0.0,1.0,0.0,0.0,0.04,128.49
1005.641,0.018,103.679,0.0,1.0,0.0,0.0,0.04,128.49
1005.721,0.018,103.679,0.0,1.0,0.0,0.0,0.04,128.49
1005.821,0.018,103.679,0.0,1.0,0.0,0.0,0.03,128.49
1005.921,0.018,103.679,0.01,1.0,0.0,0.0,0.04,128.49
1006.001,0.018,103.679,0.0,1.0,0.0,0.0,0.04,128.49
1006.101,0.018,103.679,0.0,1.0,0.0,0.0,0.03,128.49
1006.201,0.018,103.679,0.0,1.0,0.0,0.0,0.04,128.49
1006.301,0.018,103.679,0.0,1.0,0.0,0.0,0.04,128.49
1006.381,0.018,103.679,0.0,1.0,0.0,0.0,0.04,128.49
1006.461,0.018,103.679,0.0,1.0,0.0,0.0,0.04,128.49
1006.581,0.018,103.679,0.0,1.0,0.0,0.0,0.03,128.49
1006.681,0.018,103.679,0.0,1.0,0.0,0.0,0.04,128.49
1006.761,0.018,103.679,0.01,1.0,0.0,0.0,0.04,128.49
1006.861,0.018,103.679,0.0,1.0,0.0,0.0,0.04,128.49
1006.941,0.018,103.679,0.0,1.0,0.0,0.0,0.04,128.49
1007.041,0.018,103.679,0.0,1.0,0.0,0.0,0.04,128.49
1007.121,0.018,103.679,0.0,1.0,0.0,0.0,0.04,128.49
1007.221,0.018,103.679,0.0,1.0,0.0,0.0,0.04,128.49
1007.301,0.018,103.679,0.0,1.0,0.0,0.0,0.04,128.49
1007.401,0.018,103.679,0.0,1.0,0.0,0.0,0.04,128.49
1007.501,0.018,103.679,0.0,1.0,0.0,0.0,0.04,128.49
1007.581,0.018,103.679,0.0,1.0,0.0,0.0,0.04,128.49
1007.661,0.018,103.679,0.0,1.0,0.0,0.0,0.04,128.49
1007.761,0.018,103.679,0.0,1.0,0.0,0.0,0.03,128.49
1007.861,0.018,103.679,0.0,1.0,0.0,0.0,0.04,128.49
1007.941,0.018,103.679,0.0,1.0,0.0,0.0,0.04,128.49
1008.041,0.018,103.679,0.01,1.0,0.0,0.0,0.04,128.49
1008.141,0.018,103.679,0.0,1.0,0.0,0.0,0.04,128.49
1008.221,0.018,103.679,0.0,1.0,0.0,0.0,0.04,128.49
1008.301,0.018,103.679,0.01,1.0,0.0,0.0,0.04,128.49
1008.401,0.018,103.679,0.0,1.0,0.0,0.0,0.04,128.49
1008.501,0.018,103.679,0.0,1.0,0.0,0.0,0.04,128.49
1008.601,0.018,103.679,0.0,1.0,0.0,0.0,0.04,128.49
1008.701,0.018,103.679,0.0,1.0,0.0,0.0,0.04,128.49
1008.781,0.018,103.679,0.0,1.0,0.0,0.0,0.04,128.49
1008.901,0.018,103.679,0.01,1.0,0.0,0.0,0.04,128.49
1009.001,0.018,103.679,0.0,1.0,0.0,0.0,0.04,128.49
1009.081,0.018,103.679,0.0,1.0,0.0,0.0,0.03,128.49
1009.181,0.018,103.679,0.0,1.0,0.0,0.0,0.04,128.49
1009.261,0.018,103.679,0.01,1.0,0.0,0.0,0.04,128.49
1009.361,0.018,103.679,0.0,1.0,0.0,0.0,0.04,128.49
1009.441,0.018,103.679,0.0,1.0,0.0,0.0,0.04,128.49
1009.541,0.018,103.679,0.0,1.0,0.0,0.0,0.04,128.49
1009.621,0.018,103.679,0.0,1.0,0.0,0.0,0.04,128.49
1009.721,0.018,103.679,0.0,1.0,0.0,0.0,0.04,128.49
1009.821,0.018,103.679,0.0,1.0,0.0,0.0,0.04,128.49
1009.901,0.018,103.679,0.0,1.0,0.0,0.0,0.04,128.49
1010.001,0.018,103.679,0.0,1.0,0.0,0.0,0.04,128.49
1010.081,0.018,103.679,0.0,1.0,0.0,0.0,0.03,128.49
1010.181,0.018,103.679,0.0,1.0,0.0,0.0,0.04,128.49
1010.281,0.018,103.679,0.0,1.0,0.0,0.0,0.04,128.49
1010.361,0.018,103.679,0.0,1.0,0.0,0.0,0.04,128.49
1010.461,0.018,103.679,0.0,1.0,0.0,0.0,0.03,128.49
1010.541,0.018,103.679,0.0,1.0,0.0,0.0,0.04,128.49
1010.641,0.018,103.679,0.0,1.0,0.0,0.0,0.04,128.49
1010.721,0.018,103.679,0.0,1.0,0.0,0.0,0.04,128.49
1010.821,0.018,103.679,0.0,1.0,0.0,0.0,0.04,128.49
1010.921,0.018,103.679,0.0,1.0,0.0,0.0,0.04,128.49
1011.001,0.018,103.679,0.0,1.0,0.0,0.0,0.04,128.49
1011.101,0.018,103.679,0.0,1.0,0.0,0.0,0.03,128.49
1011.181,0.018,103.679,0.0,1.0,0.0,0.0,0.04,128.49
1011.261,0.018,103.679,0.0,1.0,0.0,0.0,0.04,128.49
1011.381,0.018,103.679,0.0,1.0,0.0,0.0,0.04,128.49
1011.461,0.018,103.679,0.0,1.0,0.0,0.0,0.04,128.49
1011.581,0.018,103.679,0.0,1.0,0.0,0.0,0.04,128.49
1011.681,0.018,103.679,0.0,1.0,0.0,0.0,0.04,128.49
1011.761,0.018,103.679,0.0,1.0,0.0,0.0,0.03,128.49
1011.861,0.018,103.679,0.0,1.0,0.0,0.0,0.04,128.49
1011.961,0.018,103.679,0.0,1.0,0.0,0.0,0.04,128.49
1012.061,0.018,103.679,0.0,1.0,0.0,0.0,0.04,128.49
1012.161,0.018,103.679,0.0,1.0,0.0,0.0,0.04,128.49
1012.261,0.018,103.679,0.0,1.0,0.0,0.0,0.04,128.49
1012.341,0.018,103.679,0.0,1.0,0.0,0.0,0.04,128.49
1012.461,0.018,103.679,0.0,1.0,0.0,0.0,0.04,128.49
1012.541,0.018,103.679,0.0,1.0,0.0,0.0,0.03,128.49
1012.641,0.018,103.679,0.0,1.0,0.0,0.0,0.04,128.49
1012.721,0.018,103.679,0.01,1.0,0.0,0.0,0.04,128.49
1012.801,0.018,103.679,0.0,1.0,0.0,0.0,0.04,128.49
1012.901,0.018,103.679,0.0,1.0,0.0,0.0,0.03,128.49
1013.001,0.018,103.679,0.0,1.0,0.0,0.0,0.04,128.49
1013.081,0.018,103.679,0.0,1.0,0.0,0.0,0.04,128.49
1013.181,0.018,103.679,0.0,1.0,0.0,0.0,0.04,128.49
1013.261,0.018,103.679,0.0,1.0,0.0,0.0,0.03,128.49
1013.381,0.018,103.679,0.0,1.0,0.0,0.0,0.04,128.49
1013.481,0.018,103.679,0.0,1.0,0.0,0.0,0.04,128.49
1013.561,0.018,103.679,0.0,1.0,0.0,0.0,0.04,128.49
1013.661,0.018,103.679,0.0,1.0,0.0,0.0,0.04,128.49
1013.761,0.018,103.679,0.0,1.0,0.0,0.0,0.04,128.49
1013.861,0.018,103.679,0.0,1.0,0.0,0.0,0.04,128.49
1013.961,0.018,103.679,0.01,1.0,0.0,0.0,0.04,128.49
1014.061,0.018,103.679,0.01,1.0,0.0,0.0,0.04,128.49
1014.161,0.018,103.679,0.0,1.0,0.0,0.0,0.03,128.49
1014.201,0.018,103.679,0.0,1.0,0.0,0.0,0.03,128.49
1014.281,0.018,103.679,0.01,1.0,0.0,0.0,0.04,128.49
1014.361,0.018,103.679,0.0,1.0,0.0,0.0,0.04,128.49
1014.441,0.018,103.679,0.0,1.0,0.0,0.0,0.04,128.49
1014.541,0.018,103.679,0.0,1.0,0.0,0.0,0.04,128.49
1014.641,0.018,103.679,0.0,1.0,0.0,0.0,0.04,128.49
1014.741,0.018,103.679,0.0,1.0,0.0,0.0,0.04,128.49
1014.841,0.018,103.679,0.0,1.0,0.0,0.0,0.03,128.49
1014.941,0.018,103.679,0.0,1.0,0.0,0.0,0.04,128.49
1015.021,0.018,103.679,0.0,1.0,0.0,0.0,0.04,128.49
1015.121,0.018,103.679,0.0,1.0,0.0,0.0,0.04,128.49
1015.221,0.018,103.679,0.0,1.0,0.0,0.0,0.04,128.49
1015.301,0.018,103.679,0.0,1.0,0.0,0.0,0.04,128.49
1015.421,0.018,103.679,0.0,1.0,0.0,0.0,0.04,128.49
1015.521,0.018,103.679,0.0,1.0,0.0,0.0,0.04,128.49
1015.601,0.018,103.679,0.0,1.0,0.0,0.0,0.04,128.49
1015.701,0.018,103.679,0.0,1.0,0.0,0.0,0.04,128.49
1015.781,0.018,103.679,0.0,1.0,0.0,0.0,0.04,128.49
1015.861,0.018,103.679,0.0,1.0,0.0,0.0,0.04,128.49
1015.981,0.018,103.679,0.0,1.0,0.0,0.0,0.04,128.49
1016.061,0.018,103.679,0.0,1.0,0.0,0.0,0.03,128.49
1016.161,0.018,103.679,0.0,1.0,0.0,0.0,0.04,128.49
1016.261,0.018,103.679,0.0,1.0,0.0,0.0,0.04,128.49
1016.341,0.018,103.679,0.0,1.0,0.0,0.0,0.04,128.49
1016.441,0.018,103.679,0.01,1.0,0.0,0.0,0.04,128.49
1016.521,0.018,103.679,0.0,1.0,0.0,0.0,0.04,128.49
1016.621,0.018,103.679,0.0,1.0,0.0,0.0,0.03,128.49
1016.721,0.018,103.679,0.0,1.0,0.0,0.0,0.04,128.49
1016.821,0.018,103.679,0.0,1.0,0.0,0.0,0.04,128.49
1016.901,0.018,103.679,0.0,1.0,0.0,0.0,0.04,128.49
1017.001,0.018,103.679,0.0,1.0,0.0,0.0,0.04,128.49
1017.041,0.018,103.679,0.0,1.0,0.0,0.0,0.04,128.49
1017.101,0.018,103.679,0.0,1.0,0.0,0.0,0.04,128.49
1017.201,0.018,103.679,0.0,1.0,0.0,0.0,0.04,128.49
1017.281,0.018,103.679,0.0,1.0,0.0,0.0,0.04,128.49
1017.381,0.018,103.679,0.0,1.0,0.0,0.0,0.04,128.49
1017.481,0.018,103.679,0.0,1.0,0.0,0.0,0.04,128.49
1017.601,0.018,103.679,0.0,1.0,0.0,0.0,0.04,128.49
1017.661,0.018,103.679,0.0,1.0,0.0,0.0,0.04,128.49
1017.781,0.018,103.679,0.0,1.0,0.0,0.0,0.04,128.49
1017.881,0.018,103.679,0.0,1.0,0.0,0.0,0.04,128.49
1018.001,0.018,103.679,0.0,1.0,0.0,0.0,0.03,128.49
1018.081,0.018,103.679,0.0,1.0,0.0,0.0,0.04,128.49
1018.161,0.018,103.679,0.0,1.0,0.0,0.0,0.04,128.49
1018.261,0.018,103.679,0.0,1.0,0.0,0.0,0.04,128.49
1018.341,0.018,103.679,0.01,1.0,0.0,0.0,0.04,128.49
1018.461,0.018,103.679,0.0,1.0,0.0,0.0,0.04,128.49
1018.541,0.018,103.679,0.0,1.0,0.0,0.0,0.03,128.49
1018.661,0.018,103.679,0.0,1.0,0.0,0.0,0.03,128.49
1018.741,0.018,103.679,0.0,1.0,0.0,0.0,0.04,128.49
1018.841,0.018,103.679,0.0,1.0,0.0,0.0,0.04,128.49
1018.921,0.018,103.679,0.0,1.0,0.0,0.0,0.04,128.49
1018.981,0.018,103.679,0.0,1.0,0.0,0.0,0.04,128.49
1019.021,0.018,103.679,0.0,1.0,0.0,0.0,0.04,128.49
1019.101,0.018,103.679,0.0,1.0,0.0,0.0,0.04,128.49
1019.201,0.018,103.679,0.0,1.0,0.0,0.0,0.04,128.49
1019.301,0.018,103.679,0.0,1.0,0.0,0.0,0.04,128.49
1019.401,0.018,103.679,0.0,1.0,0.0,0.0,0.04,128.49
1019.501,0.018,103.679,0.0,1.0,0.0,0.0,0.03,128.49
1019.601,0.018,103.679,0.01,1.0,0.0,0.0,0.04,128.49
1019.641,0.018,103.679,0.01,1.0,0.0,0.0,0.04,128.49
1019.721,0.018,103.679,0.01,1.0,0.0,0.0,0.04,128.49
1019.821,0.018,103.679,0.0,1.0,0.0,0.0,0.04,128.49
1019.921,0.018,103.679,0.0,1.0,0.0,0.0,0.03,128.49
1020.001,0.018,103.679,0.0,1.0,0.0,0.0,0.04,128.49
1020.121,0.018,103.679,0.0,1.0,0.0,0.0,0.04,128.49
1020.221,0.018,103.679,0.01,1.0,0.0,0.0,0.04,128.49
1020.341,0.018,103.679,0.0,1.0,0.0,0.0,0.04,128.49
1020.441,0.018,103.679,0.0,1.0,0.0,0.0,0.04,128.49
1020.541,0.018,103.679,0.0,1.0,0.0,0.0,0.04,128.49
1020.661,0.018,103.679,0.0,1.0,0.0,0.0,0.04,128.49
1020.741,0.018,103.679,0.0,1.0,0.0,0.0,0.04,128.49
1020.841,0.018,103.679,0.0,1.0,0.0,0.0,0.04,128.49
1020.941,0.018,103.679,0.0,1.0,0.0,0.0,0.04,128.49
1021.021,0.018,103.679,0.0,1.0,0.0,0.0,0.04,128.49
1021.141,0.018,103.679,0.0,1.0,0.0,0.0,0.04,128.49
1021.281,0.018,103.679,0.0,1.0,0.0,0.0,0.04,128.49
1021.401,0.018,103.679,0.01,1.0,0.0,0.0,0.04,128.49
1021.441,0.018,103.679,0.0,1.0,0.0,0.0,0.04,128.49
1021.601,0.018,103.679,0.0,1.0,0.0,0.0,0.04,128.49
1021.681,0.018,103.679,0.0,1.0,0.0,0.0,0.04,128.49
1021.801,0.018,103.679,0.0,1.0,0.0,0.0,0.03,128.49
1021.841,0.018,103.679,0.0,1.0,0.0,0.0,0.03,128.49
1021.921,0.018,103.679,0.0,1.0,0.0,0.0,0.04,128.49
1022.001,0.018,103.679,0.0,1.0,0.0,0.0,0.04,128.49
1022.101,0.018,103.679,0.0,1.0,0.0,0.0,0.03,128.49
1022.261,0.018,103.679,0.01,1.0,0.0,0.0,0.04,128.49
1022.381,0.018,103.679,0.0,1.0,0.0,0.0,0.04,128.49
1022.481,0.018,103.679,0.0,1.0,0.0,0.0,0.04,128.49
1022.601,0.018,103.679,0.0,1.0,0.0,0.0,0.04,128.49
1022.681,0.018,103.679,0.0,1.0,0.0,0.0,0.04,128.49
1022.821,0.018,103.679,0.0,1.0,0.0,0.0,0.04,128.49
1022.941,0.018,103.679,0.0,1.0,0.0,0.0,0.04,128.49
1022.981,0.018,103.679,0.0,1.0,0.0,0.0,0.04,128.49
1023.141,0.018,103.679,0.0,1.0,0.0,0.0,0.04,128.49
1023.241,0.018,103.679,0.0,1.0,0.0,0.0,0.04,128.49
1023.321,0.018,103.679,0.01,1.0,0.0,0.0,0.04,128.49
1023.461,0.018,103.679,0.01,1.0,0.0,0.0,0.04,128.49
1023.561,0.018,103.679,0.01,1.0,0.0,0.0,0.04,128.49
1023.661,0.018,103.679,0.0,1.0,0.0,0.0,0.04,128.49
1023.761,0.018,103.679,0.0,1.0,0.0,0.0,0.03,128.49
1023.881,0.018,103.679,0.0,1.0,0.0,0.0,0.04,128.49
1023.981,0.018,103.679,0.0,1.0,0.0,0.0,0.04,128.49
1024.101,0.018,103.679,0.0,1.0,0.0,0.0,0.04,128.49
1024.181,0.018,103.679,0.0,1.0,0.0,0.0,0.04,128.49
1024.301,0.018,103.679,0.0,1.0,0.0,0.0,0.03,128.49
1024.401,0.018,103.679,0.01,1.0,0.0,0.0,0.03,128.49
1024.521,0.018,103.679,0.0,1.0,0.0,0.0,0.04,128.49
1024.621,0.018,103.679,0.0,1.0,0.0,0.0,0.04,128.49
1024.741,0.018,103.679,0.0,1.0,0.0,0.0,0.04,128.49
1024.841,0.018,103.679,0.0,1.0,0.0,0.0,0.03,128.49
1024.861,0.018,103.679,0.0,1.0,0.0,0.0,0.04,128.49
1025.001,0.018,103.679,0.0,1.0,0.0,0.0,0.03,128.49
1025.121,0.018,103.679,0.0,1.0,0.0,0.0,0.04,128.49
1025.221,0.018,103.679,0.0,1.0,0.0,0.0,0.04,128.49
1025.321,0.018,103.679,0.0,1.0,0.0,0.0,0.04,128.49
1025.441,0.018,103.679,0.0,1.0,0.0,0.0,0.03,128.49
1025.481,0.018,103.679,0.0,1.0,0.0,0.0,0.03,128.49
1025.561,0.018,103.679,0.0,1.0,0.0,0.0,0.04,128.49
1025.581,0.018,103.679,0.0,1.0,0.0,0.0,0.04,128.49
1025.721,0.018,103.679,0.0,1.0,0.0,0.0,0.03,128.49
1025.841,0.018,103.679,0.0,1.0,0.0,0.0,0.03,128.49
1025.961,0.018,103.679,0.0,1.0,0.0,0.0,0.04,128.49
1026.061,0.018,103.679,0.0,1.0,0.0,0.0,0.03,128.49
1026.101,0.018,103.679,0.0,1.0,0.0,0.0,0.04,128.49
1026.181,0.018,103.679,0.0,1.0,0.0,0.0,0.04,128.49
1026.281,0.018,103.679,0.0,1.0,0.0,0.0,0.04,128.49
1026.441,0.018,103.679,0.0,1.0,0.0,0.0,0.04,128.49
1026.581,0.018,103.679,0.0,1.0,0.0,0.0,0.04,128.49
1026.681,0.018,103.679,0.0,1.0,0.0,0.0,0.04,128.49
1026.781,0.018,103.679,0.0,1.0,0.0,0.0,0.04,128.49
1026.821,0.018,103.679,0.0,1.0,0.0,0.0,0.04,128.49
1026.881,0.018,103.679,0.0,1.0,0.0,0.0,0.04,128.49
1026.981,0.018,103.679,0.0,1.0,0.0,0.0,0.04,128.49
1026.981,0.018,103.679,0.0,1.0,0.0,0.0,0.04,128.49
1027.081,0.018,103.679,0.0,1.0,0.0,0.0,0.04,128.49
1027.161,0.018,103.679,0.0,1.0,0.0,0.0,0.03,128.49
1027.281,0.018,103.679,0.0,1.0,0.0,0.0,0.04,128.49
1027.381,0.018,103.679,0.01,1.0,0.0,0.0,0.04,128.49
1027.521,0.018,103.679,0.0,1.0,0.0,0.0,0.04,128.49
1027.581,0.018,103.679,0.0,1.0,0.0,0.0,0.04,128.49
1027.641,0.018,103.679,0.0,1.0,0.0,0.0,0.04,128.49
1027.781,0.018,103.679,0.0,1.0,0.0,0.0,0.04,128.49
1027.901,0.018,103.679,0.0,1.0,0.0,0.0,0.04,128.49
1028.041,0.018,103.679,0.0,1.0,0.0,0.0,0.03,128.49
1028.181,0.018,103.679,0.0,1.0,0.0,0.0,0.04,128.49
1028.261,0.018,103.679,0.0,1.0,0.0,0.0,0.04,128.49
1028.361,0.018,103.679,0.0,1.0,0.0,0.0,0.04,128.49
1028.481,0.018,103.679,0.0,1.0,0.0,0.0,0.04,128.49
1028.581,0.018,103.679,0.0,1.0,0.0,0.0,0.04,128.49
1028.661,0.018,103.679,0.0,1.0,0.0,0.0,0.04,128.49
1028.701,0.018,103.679,0.0,1.0,0.0,0.0,0.04,128.49
1028.741,0.018,103.679,0.0,1.0,0.0,0.0,0.04,128.49
1028.801,0.018,103.679,0.0,1.0,0.0,0.0,0.04,128.49
1028.901,0.018,103.679,0.0,1.0,0.0,0.0,0.04,128.49
1028.981,0.018,103.679,0.0,1.0,0.0,0.0,0.03,128.49
1029.061,0.018,103.679,0.0,1.0,0.0,0.0,0.04,128.49
1029.221,0.018,103.679,0.0,1.0,0.0,0.0,0.03,128.49
1029.341,0.018,103.679,0.0,1.0,0.0,0.0,0.04,128.49
1029.381,0.018,103.679,0.0,1.0,0.0,0.0,0.04,128.49
1029.541,0.018,103.679,0.0,1.0,0.0,0.0,0.03,128.49
1029.661,0.018,103.679,0.01,1.0,0.0,0.0,0.03,128.49
1029.781,0.018,103.679,0.01,1.0,0.0,0.0,0.04,128.49
1029.901,0.018,103.679,0.0,1.0,0.0,0.0,0.04,128.49
1030.001,0.018,103.679,0.0,1.0,0.0,0.0,0.04,128.49
1030.141,0.018,103.679,0.0,1.0,0.0,0.0,0.04,128.49
1030.241,0.018,103.679,0.01,1.0,0.0,0.0,0.04,128.49
1030.281,0.018,103.679,0.0,1.0,0.0,0.0,0.04,128.49
1030.461,0.018,103.679,0.0,1.0,0.0,0.0,0.03,128.49
1030.541,0.018,103.679,0.0,1.0,0.0,0.0,0.04,128.49
1030.601,0.018,103.679,0.0,1.0,0.0,0.0,0.04,128.49
1030.661,0.018,103.679,0.0,1.0,0.0,0.0,0.03,128.49
1030.941,0.018,103.679,0.0,1.0,0.0,0.0,0.04,128.49
1031.041,0.018,103.679,0.0,1.0,0.0,0.0,0.04,128.49
1031.181,0.018,103.679,0.0,1.0,0.0,0.0,0.04,128.49
1031.321,0.018,103.679,0.0,1.0,0.0,0.0,0.04,128.49
1031.421,0.018,103.679,0.0,1.0,0.0,0.0,0.04,128.49
1031.521,0.018,103.679,0.0,1.0,0.0,0.0,0.04,128.49
1031.621,0.018,103.679,0.0,1.0,0.0,0.0,0.04,128.49
1031.701,0.018,103.679,0.0,1.0,0.0,0.0,0.04,128.49
1031.801,0.018,103.679,0.0,1.0,0.0,0.0,0.03,128.49
1031.941,0.018,103.679,0.0,1.0,0.0,0.0,0.04,128.49
1031.981,0.018,103.679,0.0,1.0,0.0,0.0,0.04,128.49
1032.081,0.018,103.679,0.0,1.0,0.0,0.0,0.04,128.49
1032.121,0.018,103.679,0.0,1.0,0.0,0.0,0.04,128.49
1032.221,0.018,103.679,0.0,1.0,0.0,0.0,0.04,128.49
1032.341,0.018,103.679,0.0,1.0,0.0,0.0,0.04,128.49
1032.441,0.018,103.679,0.0,1.0,0.0,0.0,0.04,128.49
1032.601,0.018,103.679,0.0,1.0,0.0,0.0,0.04,128.49
1032.641,0.018,103.679,0.0,1.0,0.0,0.0,0.04,128.49
