met,altitude_km,downrange_km,velocity_ms,g_force,dynamic_pressure_kpa,thrust_kn,pitch_deg,heading_deg
0.0,0.24,0.0,0.0,1.0,0.0,0.0,90.0,83.33
0.0,0.24,0.0,0.0,1.0,0.0,0.0,90.0,83.33
0.0,0.24,0.0,0.0,1.0,0.0,0.0,90.0,83.33
0.0,0.24,0.0,0.0,1.0,0.0,0.0,90.0,83.33
0.0,0.24,0.0,0.0,1.0,0.0,0.0,90.0,83.33
0.0,0.24,0.0,0.0,1.0,0.0,0.0,90.0,83.33
0.0,0.24,0.0,0.0,1.0,0.0,0.0,90.0,83.33
0.0,0.24,0.0,0.0,1.0,0.0,0.0,90.0,83.33
0.0,0.24,0.0,0.0,1.0,0.0,0.0,90.0,83.33
0.0,0.24,0.0,0.0,1.0,0.0,0.0,90.0,83.33
0.0,0.24,0.0,0.0,1.0,0.0,0.1,90.0,83.33
0.0,0.24,0.0,0.0,1.0,0.0,0.1,90.0,83.33
0.0,0.24,0.0,0.0,1.0,0.0,0.1,90.0,83.33
0.0,0.24,0.0,0.0,1.0,0.0,0.1,90.0,83.33
0.0,0.24,0.0,0.0,1.0,0.0,0.1,90.0,83.33
0.0,0.24,0.0,0.0,1.0,0.0,0.1,90.0,83.33
0.0,0.24,0.0,0.0,1.0,0.0,0.1,90.0,83.33
0.0,0.24,0.0,0.0,1.0,0.0,0.1,90.0,83.33
0.0,0.24,0.0,0.0,1.0,0.0,0.1,90.0,83.33
0.0,0.24,0.0,0.0,1.0,0.0,0.2,90.0,83.33
0.0,0.24,0.0,0.0,1.0,0.0,0.2,90.0,83.33
0.0,0.24,0.0,0.0,1.0,0.0,0.2,90.0,83.33
0.0,0.24,0.0,0.0,1.0,0.0,0.2,90.0,83.33
0.0,0.24,0.0,0.0,1.0,0.0,0.3,90.0,83.33
0.0,0.24,0.0,0.0,1.0,0.0,0.3,90.0,83.33
0.0,0.24,0.0,0.0,1.0,0.0,0.3,90.0,83.33
0.0,0.24,0.0,0.0,1.0,0.0,0.4,90.0,83.33
0.0,0.24,0.0,0.0,1.0,0.0,0.4,90.0,83.33
0.0,0.24,0.0,0.0,1.0,0.0,0.5,90.0,83.33
0.0,0.24,0.0,0.0,1.0,0.0,0.5,90.0,83.33
0.0,0.24,0.0,0.0,1.0,0.0,0.6,90.0,83.33
0.0,0.24,0.0,0.0,1.0,0.0,0.6,90.0,83.33
0.0,0.24,0.0,0.0,1.0,0.0,0.7,90.0,83.33
0.0,0.24,0.0,0.0,1.0,0.0,0.8,89.98,83.33
0.0,0.24,0.0,0.0,1.0,0.0,0.9,90.0,83.33
0.0,0.24,0.0,0.0,1.0,0.0,1.0,90.0,83.33
0.0,0.24,0.0,0.0,1.0,0.0,1.1,90.0,83.33
0.0,0.24,0.0,0.0,1.0,0.0,1.2,90.0,83.33
0.0,0.24,0.0,0.0,1.0,0.0,1.4,90.0,83.33
0.0,0.24,0.0,0.0,1.0,0.0,1.5,90.0,83.33
0.0,0.24,0.0,0.0,1.0,0.0,24.1,90.0,83.33
0.0,0.24,0.0,0.0,1.0,0.0,38.9,90.0,83.33
0.0,0.24,0.0,0.0,1.0,0.0,69.0,90.0,83.33
0.0,0.24,0.0,0.0,1.0,0.0,92.2,90.0,83.33
0.0,0.24,0.0,0.0,1.0,0.0,125.3,90.0,83.33
0.0,0.24,0.0,0.0,1.0,0.0,154.1,90.0,83.33
0.0,0.24,0.0,0.0,1.0,0.0,169.5,90.0,83.33
0.0,0.24,0.0,0.0,1.0,0.0,189.1,90.0,83.33
0.0,0.24,0.0,0.0,1.0,0.0,199.6,90.0,83.33
0.0,0.24,0.0,0.0,1.0,0.0,211.1,90.0,83.33
0.0,0.24,0.0,0.0,1.0,0.0,216.9,90.0,83.33
0.0,0.24,0.0,0.0,1.0,0.0,221.4,90.0,83.33
0.0,0.24,0.0,0.0,1.0,0.0,226.6,90.0,83.33
0.0,0.24,0.0,0.0,1.0,0.0,231.7,90.0,83.33
0.0,0.24,0.0,0.0,1.0,0.0,232.6,90.0,83.33
0.0,0.24,0.0,0.0,1.0,0.0,235.2,90.0,83.33
0.0,0.24,0.0,0.0,1.0,0.0,236.5,90.0,83.33
0.0,0.24,0.0,0.0,1.0,0.0,237.6,90.0,83.33
0.0,0.24,0.0,0.0,1.0,0.0,238.7,90.0,83.33
0.0,0.24,0.0,0.0,1.0,0.0,239.3,90.0,83.33
0.0,0.24,0.0,0.0,1.0,0.0,239.1,90.0,83.33
0.0,0.24,0.0,0.0,1.0,0.0,240.7,90.0,83.33
0.0,0.24,0.0,0.0,1.0,0.0,241.0,90.0,83.33
0.0,0.24,0.0,0.0,1.0,0.0,240.5,90.0,83.33
0.0,0.24,0.0,0.0,1.0,0.0,240.9,90.0,83.33
0.0,0.24,0.0,0.0,1.0,0.0,240.8,90.0,83.33
0.0,0.24,0.0,0.0,1.0,0.0,241.0,90.0,83.33
0.0,0.24,0.0,0.0,1.0,0.0,240.6,90.0,83.33
0.0,0.24,0.0,0.0,1.0,0.0,240.6,90.0,83.33
0.0,0.241,0.0,0.35,1.09,0.0,240.7,90.0,83.33
0.0,0.241,0.0,0.69,1.18,0.0,240.5,90.0,83.33
0.0,0.241,0.0,1.21,1.31,0.0,240.6,90.0,83.33
0.0,0.241,0.0,1.56,1.4,0.0,241.2,90.0,83.33
0.0,0.241,0.0,2.08,1.53,0.0,240.6,90.0,83.33
0.0,0.241,0.0,2.42,1.62,0.0,240.9,89.98,83.33
0.02,0.241,0.0,2.77,1.71,0.0,241.1,90.0,83.33
0.08,0.242,0.0,3.3,1.84,0.0,240.6,90.0,83.33
0.12,0.242,0.0,3.64,1.88,0.0,241.1,90.0,83.33
0.18,0.242,0.0,4.17,1.89,0.01,240.9,90.0,83.33
0.24,0.242,0.0,4.69,1.89,0.01,240.6,90.0,83.33
0.28,0.242,0.0,5.04,1.89,0.01,240.7,89.98,83.33
0.34,0.243,0.0,5.56,1.89,0.01,241.2,90.0,83.33
0.38,0.243,0.0,5.92,1.89,0.02,240.7,90.0,83.33
0.44,0.243,0.0,6.44,1.89,0.02,240.5,90.0,83.33
0.5,0.244,0.0,6.97,1.89,0.02,241.1,90.0,83.33
0.54,0.244,0.0,7.32,1.89,0.03,240.1,90.0,83.33
0.58,0.244,0.0,7.67,1.89,0.03,240.5,89.97,83.33
0.64,0.245,0.0,8.19,1.89,0.03,240.4,90.0,83.33
0.68,0.245,0.0,8.55,1.89,0.04,240.9,90.0,83.33
0.74,0.246,0.0,9.07,1.89,0.04,240.9,90.0,83.33
0.8,0.246,0.0,9.6,1.9,0.05,241.2,90.0,83.33
0.84,0.247,0.0,9.96,1.9,0.05,240.4,90.0,83.33
0.9,0.247,0.0,10.49,1.9,0.06,240.7,90.0,83.33
0.9,0.247,0.0,10.49,1.9,0.06,240.7,90.0,83.33
0.96,0.248,0.0,11.02,1.9,0.06,240.4,90.0,83.33
1.02,0.249,0.0,11.55,1.9,0.07,240.7,90.0,83.33
1.08,0.249,0.0,12.08,1.9,0.08,240.6,89.98,83.33
1.12,0.25,0.0,12.43,1.9,0.08,240.5,90.0,83.33
1.18,0.251,0.0,12.97,1.9,0.09,241.4,90.0,83.33
1.22,0.251,0.0,13.33,1.9,0.1,241.0,89.97,83.33
1.26,0.252,0.0,13.68,1.9,0.1,240.5,89.97,83.33
1.32,0.253,0.0,14.21,1.91,0.11,240.7,90.0,83.33
1.38,0.253,0.0,14.75,1.91,0.12,240.8,89.97,83.33
1.42,0.254,0.0,15.11,1.91,0.13,241.1,89.97,83.33
1.48,0.255,0.0,15.65,1.91,0.14,241.4,89.97,83.33
1.52,0.256,0.0,16.0,1.91,0.15,241.1,89.97,83.33
1.58,0.257,0.0,16.54,1.91,0.16,241.3,89.96,83.33
1.64,0.258,0.0,17.08,1.91,0.17,241.4,89.97,83.33
1.68,0.258,0.0,17.44,1.91,0.18,240.9,89.95,83.33
1.72,0.259,0.0,17.81,1.92,0.18,241.0,89.96,83.33
1.78,0.26,0.0,18.35,1.92,0.2,241.3,89.95,83.33
1.82,0.261,0.0,18.71,1.92,0.2,240.8,89.94,83.33
1.88,0.262,0.0,19.25,1.92,0.22,241.3,89.95,83.33
1.94,0.263,0.0,19.79,1.92,0.23,241.5,89.95,83.33
1.98,0.264,0.0,20.15,1.92,0.24,241.4,89.95,83.33
2.02,0.265,0.0,20.52,1.92,0.25,240.8,89.95,83.33
2.08,0.266,0.0,21.06,1.92,0.26,241.3,89.94,83.33
2.14,0.267,0.0,21.61,1.92,0.28,241.0,89.94,83.34
2.18,0.268,0.0,21.97,1.92,0.29,241.6,89.94,83.34
2.24,0.27,0.0,22.52,1.93,0.3,241.6,89.93,83.34
2.28,0.27,0.0,22.88,1.93,0.31,241.0,89.93,83.34
2.32,0.271,0.0,23.25,1.93,0.32,241.0,89.93,83.34
2.38,0.273,0.0,23.79,1.93,0.34,241.4,89.93,83.34
2.44,0.274,0.0,24.34,1.93,0.35,240.7,89.93,83.34
2.48,0.275,0.0,24.71,1.93,0.37,241.3,89.92,83.34
2.54,0.277,0.0,25.26,1.93,0.38,241.1,89.92,83.34
2.58,0.278,0.0,25.63,1.93,0.39,241.1,89.92,83.34
2.64,0.279,0.0,26.18,1.93,0.41,241.2,89.91,83.35
2.68,0.28,0.0,26.54,1.93,0.42,241.3,89.92,83.35
2.72,0.281,0.0,26.91,1.93,0.44,241.4,89.91,83.35
2.78,0.283,0.0,27.46,1.93,0.46,240.7,89.91,83.35
2.84,0.285,0.0,28.01,1.94,0.47,241.2,89.91,83.35
2.88,0.286,0.0,28.38,1.94,0.49,241.0,89.9,83.35
2.94,0.288,0.0,28.93,1.94,0.51,240.9,89.9,83.36
2.98,0.289,0.0,29.3,1.94,0.52,241.3,89.89,83.36
3.04,0.291,0.0,29.86,1.94,0.54,240.6,89.89,83.36
3.1,0.292,0.0,30.41,1.94,0.56,241.1,89.88,83.36
3.14,0.294,0.0,30.78,1.94,0.58,241.0,89.88,102.17
3.18,0.295,0.0,31.15,1.94,0.59,240.8,89.88,83.37
3.24,0.297,0.0,31.71,1.94,0.61,241.4,89.87,103.53
3.28,0.298,0.0,32.08,1.94,0.63,240.9,89.87,104.08
3.34,0.3,0.0,32.64,1.94,0.65,240.4,89.87,104.91
3.4,0.302,0.0,33.2,1.94,0.67,240.7,89.87,105.75
3.44,0.303,0.0,33.57,1.95,0.69,240.9,89.86,106.32
3.48,0.305,0.0,33.94,1.95,0.71,241.2,89.86,106.89
3.54,0.307,0.0,34.5,1.95,0.73,241.4,89.85,107.77
3.58,0.308,0.0,34.88,1.95,0.75,240.7,89.85,108.36
3.64,0.31,0.0,35.44,1.95,0.77,241.2,89.85,109.25
3.7,0.312,0.0,36.0,1.95,0.8,240.6,89.84,110.14
3.74,0.314,0.0,36.37,1.95,0.81,241.3,89.84,110.74
3.8,0.316,0.0,36.93,1.95,0.84,240.5,89.83,111.66
3.84,0.317,0.0,37.31,1.95,0.86,241.4,89.83,112.27
3.88,0.319,0.0,37.68,1.95,0.87,241.0,89.83,112.88
3.94,0.321,0.0,38.25,1.96,0.9,241.2,89.82,113.81
4.0,0.324,0.0,38.81,1.96,0.93,241.4,89.82,114.74
4.04,0.325,0.0,39.19,1.96,0.95,240.9,89.81,115.36
4.08,0.327,0.0,39.57,1.96,0.97,240.6,89.81,115.98
4.14,0.329,0.0,40.13,1.96,0.99,241.3,89.8,116.92
4.2,0.332,0.0,40.7,1.96,1.02,241.2,89.8,117.87
4.24,0.333,0.0,41.08,1.96,1.04,240.7,89.79,118.48
4.3,0.336,0.0,41.65,1.96,1.07,241.1,89.79,119.43
4.34,0.337,0.0,42.03,1.96,1.09,240.9,89.78,120.06
4.4,0.34,0.0,42.6,1.96,1.12,240.9,89.77,121.01
4.44,0.342,0.0,42.98,1.97,1.14,241.5,89.77,121.64
4.5,0.344,0.0,43.55,1.97,1.17,241.2,89.77,122.57
4.56,0.347,0.0,44.12,1.97,1.2,241.4,89.76,123.51
4.6,0.349,0.0,44.5,1.97,1.23,240.9,89.75,124.13
4.64,0.35,0.0,44.89,1.97,1.25,241.5,89.75,124.76
4.7,0.353,0.0,45.46,1.97,1.28,241.5,89.74,125.69
4.74,0.355,0.0,45.84,1.97,1.3,241.4,89.74,126.3
4.8,0.358,0.0,46.42,1.97,1.33,240.9,89.73,127.23
4.86,0.361,0.0,47.0,1.98,1.37,241.6,89.72,128.14
4.9,0.362,0.0,47.38,1.98,1.39,241.3,89.72,128.75
4.94,0.364,0.0,47.77,1.98,1.41,241.3,89.71,129.36
5.0,0.367,0.0,48.34,1.98,1.45,241.0,89.7,130.26
5.04,0.369,0.0,48.73,1.98,1.47,241.3,89.7,130.85
5.1,0.372,0.0,49.31,1.98,1.51,241.8,89.69,131.74
5.16,0.375,0.0,49.89,1.98,1.54,241.6,89.68,132.62
5.2,0.377,0.0,50.27,1.98,1.57,241.9,89.67,133.2
5.24,0.379,0.0,50.66,1.98,1.59,241.7,89.67,133.78
5.3,0.382,0.0,51.24,1.98,1.63,241.4,89.66,134.64
5.36,0.385,0.0,51.83,1.99,1.67,241.8,89.65,135.5
5.4,0.387,0.0,52.22,1.99,1.69,241.3,89.64,136.05
5.46,0.391,0.0,52.8,1.99,1.73,241.9,89.63,136.88
5.5,0.393,0.0,53.19,1.99,1.76,241.3,89.62,137.43
5.56,0.396,0.0,53.77,1.99,1.79,241.3,89.61,138.24
5.6,0.398,0.0,54.16,1.99,1.82,241.9,89.61,138.77
5.66,0.401,0.0,54.75,1.99,1.86,241.5,89.6,139.56
5.7,0.404,0.001,55.14,1.99,1.89,241.4,89.59,140.08
5.76,0.407,0.001,55.73,1.99,1.93,241.9,89.58,140.85
5.8,0.409,0.001,56.12,1.99,1.95,242.0,89.57,141.36
5.86,0.412,0.001,56.71,2.0,2.0,242.0,89.56,142.11
5.92,0.416,0.001,57.3,2.0,2.04,241.7,89.55,142.84
5.96,0.418,0.001,57.69,2.0,2.07,242.2,89.54,143.32
6.0,0.421,0.001,58.08,2.0,2.09,241.4,89.53,143.8
6.06,0.424,0.001,58.67,2.0,2.14,241.2,89.52,144.51
6.12,0.428,0.001,59.27,2.0,2.18,242.1,89.51,145.21
6.16,0.43,0.001,59.66,2.0,2.21,242.0,89.5,145.66
6.2,0.432,0.001,60.06,2.0,2.24,241.9,89.49,146.12
6.26,0.436,0.001,60.65,2.0,2.28,241.5,89.48,146.78
6.3,0.438,0.001,61.04,2.01,2.31,241.5,89.47,147.21
6.36,0.442,0.001,61.64,2.01,2.36,241.8,89.46,147.86
6.42,0.446,0.001,62.23,2.01,2.4,241.6,89.44,148.49
6.46,0.448,0.001,62.63,2.01,2.43,242.0,89.43,148.9
6.5,0.451,0.001,63.03,2.01,2.46,241.6,89.43,149.3
6.56,0.455,0.001,63.62,2.01,2.51,242.3,89.41,149.91
6.62,0.458,0.001,64.22,2.01,2.56,241.5,89.4,150.49
6.66,0.461,0.001,64.62,2.01,2.59,242.2,89.39,150.88
6.72,0.465,0.001,65.22,2.01,2.64,242.3,89.38,151.44
6.76,0.468,0.001,65.62,2.01,2.67,242.1,89.37,151.82
6.8,0.47,0.001,66.02,2.02,2.7,241.5,89.36,152.18
6.86,0.474,0.001,66.62,2.02,2.75,241.9,89.34,152.71
6.92,0.478,0.001,67.22,2.02,2.8,241.8,89.33,153.24
6.96,0.481,0.001,67.62,2.02,2.83,241.9,89.32,153.58
7.02,0.485,0.001,68.22,2.02,2.88,242.3,89.31,154.09
7.06,0.488,0.001,68.63,2.02,2.92,241.9,89.3,154.42
7.12,0.492,0.001,69.23,2.02,2.97,242.5,89.28,154.9
7.16,0.495,0.001,69.63,2.02,3.0,242.2,89.27,155.22
7.22,0.499,0.001,70.24,2.03,3.05,242.4,89.26,155.68
7.26,0.502,0.001,70.64,2.03,3.09,242.0,89.25,155.98
7.32,0.506,0.001,71.25,2.03,3.14,242.2,89.23,156.43
7.36,0.509,0.001,71.66,2.03,3.17,242.1,89.22,156.72
7.42,0.513,0.001,72.27,2.03,3.23,241.9,89.21,157.15
7.48,0.518,0.001,72.88,2.03,3.28,242.5,89.19,157.56
7.52,0.52,0.001,73.28,2.03,3.32,242.5,89.18,157.84
7.56,0.523,0.001,73.69,2.03,3.35,242.2,89.18,158.11
7.62,0.528,0.001,74.3,2.04,3.41,242.4,89.16,158.5
7.66,0.531,0.001,74.71,2.04,3.45,242.3,89.15,158.75
7.72,0.535,0.002,75.32,2.04,3.5,242.3,89.14,159.12
7.78,0.54,0.002,75.94,2.04,3.56,242.3,89.12,159.48
7.82,0.543,0.002,76.35,2.04,3.59,242.1,89.11,159.71
7.86,0.546,0.002,76.76,2.04,3.63,242.7,89.1,159.94
7.92,0.551,0.002,77.37,2.04,3.69,242.0,89.09,160.28
7.96,0.554,0.002,77.78,2.04,3.73,242.2,89.08,160.5
8.02,0.558,0.002,78.4,2.04,3.79,242.1,89.06,160.82
8.08,0.563,0.002,79.01,2.05,3.84,242.3,89.05,161.12
8.12,0.566,0.002,79.43,2.05,3.88,242.7,89.04,161.33
8.16,0.569,0.002,79.84,2.05,3.92,242.8,89.03,161.52
8.22,0.574,0.002,80.46,2.05,3.98,242.7,89.02,161.81
8.28,0.579,0.002,81.08,2.05,4.04,242.8,89.01,162.08
8.32,0.582,0.002,81.49,2.05,4.08,242.7,89.0,162.26
8.38,0.587,0.002,82.11,2.05,4.14,242.6,88.98,162.52
8.42,0.591,0.002,82.53,2.05,4.18,242.9,88.98,162.69
8.46,0.594,0.002,82.95,2.05,4.23,242.9,88.97,162.85
8.52,0.599,0.002,83.57,2.06,4.29,242.8,88.95,163.09
8.58,0.604,0.002,84.19,2.06,4.35,242.5,88.94,163.33
8.62,0.607,0.002,84.61,2.06,4.39,242.4,88.93,163.48
8.66,0.611,0.002,85.03,2.06,4.43,242.6,88.92,163.62
8.72,0.616,0.003,85.65,2.06,4.5,242.4,88.91,163.82
8.78,0.621,0.003,86.28,2.06,4.56,242.6,88.9,164.02
8.82,0.625,0.003,86.7,2.06,4.6,242.6,88.89,164.15
8.88,0.63,0.003,87.33,2.06,4.67,243.2,88.88,164.34
8.92,0.633,0.003,87.75,2.06,4.71,242.6,88.87,164.46
8.98,0.639,0.003,88.38,2.07,4.78,242.4,88.86,164.63
9.02,0.642,0.003,88.8,2.07,4.82,242.4,88.85,164.74
9.08,0.647,0.003,89.43,2.07,4.89,242.4,88.84,164.9
9.12,0.651,0.003,89.85,2.07,4.93,243.3,88.84,165.0
9.18,0.656,0.003,90.48,2.07,5.0,243.1,88.82,165.14
9.22,0.66,0.003,90.91,2.07,5.05,243.0,88.82,165.23
9.28,0.666,0.003,91.54,2.07,5.11,242.9,88.81,165.37
9.32,0.669,0.003,91.96,2.07,5.16,243.3,88.8,165.45
9.38,0.675,0.003,92.6,2.08,5.23,242.6,88.79,165.57
9.44,0.68,0.003,93.24,2.08,5.3,242.8,88.78,165.68
9.48,0.684,0.004,93.66,2.08,5.34,243.0,88.77,165.75
9.52,0.688,0.004,94.09,2.08,5.39,243.1,88.77,165.82
9.58,0.694,0.004,94.72,2.08,5.46,242.7,88.76,165.92
9.62,0.697,0.004,95.15,2.08,5.51,242.7,88.75,165.98
9.62,0.697,0.004,95.15,2.08,5.51,242.7,88.75,166.01
9.68,0.703,0.004,95.79,2.08,5.58,243.0,88.74,166.06
9.74,0.709,0.004,96.43,2.08,5.65,243.0,88.73,166.14
9.8,0.715,0.004,97.07,2.09,5.72,243.6,88.72,166.21
9.84,0.719,0.004,97.5,2.09,5.77,243.0,88.72,166.26
9.9,0.724,0.004,98.14,2.09,5.84,243.0,88.71,166.32
9.94,0.728,0.004,98.57,2.09,5.89,242.7,88.7,166.36
9.98,0.732,0.004,99.0,2.09,5.94,243.5,88.7,166.4
10.04,0.738,0.004,99.65,2.09,6.02,243.5,88.69,166.45
10.1,0.744,0.005,100.29,2.09,6.09,243.4,88.68,166.5
10.14,0.748,0.005,100.72,2.09,6.14,243.5,88.67,166.53
10.2,0.754,0.005,101.37,2.1,6.22,242.8,88.66,166.57
10.24,0.758,0.005,101.8,2.1,6.27,242.9,88.66,166.59
10.3,0.765,0.005,102.45,2.1,6.34,243.6,88.65,166.62
10.36,0.771,0.005,103.1,2.1,6.42,243.6,88.64,166.65
10.4,0.775,0.005,103.53,2.1,6.47,243.2,88.63,166.67
10.44,0.779,0.005,103.97,2.1,6.52,243.0,88.63,166.69
10.5,0.785,0.005,104.62,2.1,6.6,243.1,88.62,166.71
10.56,0.792,0.005,105.27,2.1,6.68,243.7,88.61,166.72
10.6,0.796,0.006,105.71,2.1,6.73,243.3,88.61,166.74
10.66,0.802,0.006,106.36,2.11,6.81,243.4,88.6,166.76
10.7,0.806,0.006,106.8,2.11,6.86,243.3,88.59,166.77
10.74,0.811,0.006,107.23,2.11,6.91,243.4,88.59,166.78
10.8,0.817,0.006,107.89,2.11,6.99,243.7,88.58,166.79
10.86,0.824,0.006,108.54,2.11,7.08,243.8,88.57,166.8
10.9,0.828,0.006,108.98,2.11,7.13,244.3,88.56,166.81
10.96,0.835,0.006,109.64,2.11,7.21,244.2,88.55,166.83
11.0,0.839,0.006,110.08,2.12,7.26,243.9,88.54,166.84
11.06,0.846,0.007,110.74,2.12,7.35,244.2,88.53,166.85
11.1,0.85,0.007,111.18,2.12,7.4,243.9,88.53,166.86
11.16,0.857,0.007,111.85,2.12,7.49,243.6,88.52,166.88
11.2,0.861,0.007,112.29,2.12,7.54,244.5,88.51,166.89
11.26,0.868,0.007,112.95,2.12,7.62,243.6,88.5,166.91
11.3,0.873,0.007,113.4,2.12,7.68,244.6,88.49,166.93
11.36,0.879,0.007,114.06,2.13,7.77,244.1,88.48,166.95
11.4,0.884,0.007,114.5,2.13,7.82,244.0,88.47,166.97
11.46,0.891,0.008,115.17,2.13,7.91,244.3,88.46,166.99
11.5,0.895,0.008,115.62,2.13,7.96,244.0,88.46,167.01
11.56,0.902,0.008,116.29,2.13,8.05,244.9,88.44,167.04
11.6,0.907,0.008,116.73,2.13,8.11,244.9,88.44,167.06
11.66,0.914,0.008,117.4,2.13,8.2,244.1,88.42,167.1
11.72,0.921,0.008,118.07,2.14,8.28,244.3,88.41,167.13
11.76,0.926,0.008,118.52,2.14,8.34,244.1,88.4,167.17
11.82,0.933,0.009,119.2,2.14,8.43,245.0,88.39,167.21
11.86,0.938,0.009,119.65,2.14,8.49,244.5,88.38,167.24
11.9,0.943,0.009,120.09,2.14,8.55,244.3,88.37,167.28
11.96,0.95,0.009,120.77,2.14,8.64,244.7,88.36,167.33
12.02,0.957,0.009,121.44,2.14,8.73,244.5,88.35,167.38
12.06,0.962,0.009,121.9,2.15,8.79,245.1,88.34,167.42
12.1,0.967,0.009,122.35,2.15,8.85,245.0,88.33,167.46
12.16,0.974,0.01,123.03,2.15,8.94,244.8,88.32,167.5
12.22,0.982,0.01,123.71,2.15,9.03,244.7,88.31,167.55
12.26,0.987,0.01,124.16,2.15,9.09,244.4,88.31,167.58
12.3,0.992,0.01,124.61,2.15,9.16,244.8,88.31,167.6
12.36,0.999,0.01,125.29,2.15,9.25,245.1,88.3,167.63
12.42,1.007,0.01,125.98,2.16,9.34,245.3,88.31,167.66
12.46,1.012,0.011,126.43,2.16,9.4,244.5,88.31,167.67
12.52,1.019,0.011,127.12,2.16,9.5,245.4,88.31,167.69
12.56,1.024,0.011,127.57,2.16,9.56,244.6,88.32,167.7
12.6,1.03,0.011,128.03,2.16,9.62,244.8,88.32,167.71
12.66,1.037,0.011,128.72,2.16,9.72,245.4,88.33,167.72
12.72,1.045,0.011,129.4,2.16,9.81,244.6,88.34,167.72
12.76,1.05,0.012,129.86,2.16,9.88,244.4,88.35,167.73
12.82,1.058,0.012,130.55,2.16,9.97,245.2,88.36,167.73
12.86,1.063,0.012,131.01,2.17,10.04,244.9,88.37,167.73
12.9,1.068,0.012,131.47,2.17,10.1,244.8,88.38,167.73
12.98,1.079,0.012,132.38,2.17,10.23,244.6,88.41,167.73
13.02,1.084,0.012,132.85,2.17,10.3,245.2,88.42,167.73
13.06,1.09,0.013,133.31,2.17,10.36,244.8,88.43,167.72
13.12,1.098,0.013,134.0,2.17,10.46,245.2,88.45,167.72
13.16,1.103,0.013,134.46,2.17,10.53,244.6,88.46,167.72
13.22,1.111,0.013,135.16,2.17,10.63,245.0,88.48,167.72
13.26,1.117,0.013,135.62,2.18,10.69,245.5,88.49,167.71
13.32,1.125,0.014,136.31,2.18,10.79,245.7,88.51,167.72
13.36,1.13,0.014,136.78,2.18,10.86,245.1,88.52,167.72
13.42,1.138,0.014,137.48,2.18,10.96,245.1,88.53,167.72
13.46,1.144,0.014,137.94,2.18,11.03,245.3,88.54,167.73
13.52,1.152,0.014,138.64,2.18,11.13,245.6,88.56,167.74
13.56,1.158,0.015,139.11,2.18,11.2,245.2,88.57,167.75
13.62,1.166,0.015,139.81,2.19,11.3,245.4,88.58,167.77
13.68,1.175,0.015,140.51,2.19,11.4,245.2,88.59,167.79
13.72,1.18,0.015,140.97,2.19,11.47,245.4,88.6,167.8
13.76,1.186,0.015,141.44,2.19,11.54,245.1,88.6,167.82
13.82,1.194,0.016,142.14,2.19,11.64,245.3,88.61,167.86
13.88,1.203,0.016,142.85,2.19,11.75,245.5,88.62,167.9
13.92,1.209,0.016,143.32,2.19,11.82,245.2,88.62,167.93
13.96,1.214,0.016,143.79,2.19,11.89,245.2,88.62,167.97
14.02,1.223,0.016,144.49,2.19,11.99,245.7,88.62,168.03
14.08,1.232,0.017,145.2,2.2,12.1,245.4,88.61,168.09
14.12,1.238,0.017,145.67,2.2,12.17,245.2,88.61,168.14
14.16,1.243,0.017,146.14,2.2,12.24,245.6,88.61,168.18
14.22,1.252,0.017,146.85,2.2,12.35,246.0,88.6,168.26
14.28,1.261,0.018,147.56,2.2,12.45,245.6,88.59,168.34
14.32,1.267,0.018,148.03,2.2,12.53,245.6,88.58,168.39
14.38,1.276,0.018,148.75,2.2,12.63,245.8,88.57,168.49
14.42,1.282,0.018,149.22,2.2,12.71,245.4,88.56,168.55
14.48,1.291,0.018,149.93,2.21,12.82,245.5,88.54,168.63
14.52,1.297,0.019,150.41,2.21,12.89,245.9,88.53,168.69
14.58,1.306,0.019,151.12,2.21,13.0,246.3,88.5,168.79
14.62,1.312,0.019,151.6,2.21,13.07,245.5,88.49,168.85
14.68,1.321,0.019,152.32,2.21,13.18,245.8,88.47,168.95
14.72,1.327,0.02,152.8,2.21,13.25,246.2,88.45,169.01
14.78,1.336,0.02,153.51,2.21,13.37,245.9,88.42,169.1
14.84,1.346,0.02,154.23,2.22,13.48,246.2,88.4,169.19
14.88,1.352,0.02,154.71,2.22,13.55,246.2,88.38,169.25
14.92,1.358,0.02,155.2,2.22,13.63,246.0,88.36,169.31
14.98,1.367,0.021,155.92,2.22,13.74,246.4,88.33,169.4
15.04,1.377,0.021,156.64,2.22,13.85,246.4,88.3,169.48
15.08,1.383,0.021,157.13,2.23,13.93,246.9,88.28,169.54
15.12,1.389,0.021,157.61,2.23,14.0,246.3,88.26,169.6
15.18,1.399,0.022,158.34,2.23,14.12,247.0,88.23,169.67
15.24,1.408,0.022,159.07,2.23,14.23,247.0,88.2,169.75
15.28,1.415,0.022,159.55,2.23,14.31,246.2,88.18,169.8
15.32,1.421,0.022,160.04,2.23,14.39,246.5,88.16,169.85
15.38,1.431,0.023,160.77,2.24,14.5,246.4,88.13,169.92
15.44,1.44,0.023,161.5,2.24,14.62,246.4,88.11,169.99
15.48,1.447,0.023,161.99,2.24,14.7,247.2,88.09,170.03
15.52,1.453,0.023,162.48,2.24,14.77,247.3,88.07,170.07
15.58,1.463,0.024,163.21,2.24,14.89,247.0,88.05,170.14
15.64,1.473,0.024,163.95,2.24,15.01,247.0,88.02,170.19
15.68,1.479,0.024,164.44,2.24,15.09,247.4,88.01,170.24
15.72,1.486,0.024,164.93,2.25,15.17,246.8,88.0,170.27
15.78,1.496,0.025,165.67,2.25,15.29,247.5,87.98,170.33
15.84,1.506,0.025,166.41,2.25,15.41,247.9,87.96,170.38
15.88,1.513,0.025,166.9,2.25,15.49,246.8,87.95,170.42
15.94,1.523,0.026,167.64,2.25,15.61,247.8,87.93,170.47
15.98,1.529,0.026,168.14,2.25,15.69,247.0,87.93,170.5
16.04,1.539,0.026,168.88,2.26,15.81,247.5,87.92,170.54
16.08,1.546,0.026,169.37,2.26,15.89,247.0,87.91,170.57
16.14,1.556,0.027,170.12,2.26,16.01,247.5,87.9,170.62
16.18,1.563,0.027,170.62,2.26,16.09,247.7,87.9,170.65
16.24,1.573,0.027,171.36,2.26,16.21,247.9,87.89,170.69
16.28,1.58,0.028,171.86,2.26,16.3,247.7,87.89,170.72
16.34,1.591,0.028,172.61,2.27,16.42,247.4,87.89,170.76
16.38,1.598,0.028,173.11,2.27,16.5,247.2,87.89,170.79
16.44,1.608,0.029,173.86,2.27,16.63,248.1,87.89,170.83
16.5,1.618,0.029,174.61,2.27,16.75,247.3,87.89,170.86
16.54,1.625,0.029,175.11,2.27,16.83,248.1,87.89,170.89
16.58,1.632,0.029,175.61,2.27,16.92,247.4,87.89,170.92
16.64,1.643,0.03,176.37,2.27,17.04,248.0,87.9,170.96
16.7,1.654,0.03,177.12,2.28,17.17,247.8,87.9,171.0
16.74,1.661,0.03,177.62,2.28,17.25,247.5,87.9,171.03
16.78,1.668,0.031,178.13,2.28,17.34,247.9,87.9,171.06
16.84,1.679,0.031,178.88,2.28,17.46,247.8,87.91,171.1
16.88,1.686,0.031,179.39,2.28,17.55,248.4,87.91,171.13
16.94,1.696,0.032,180.15,2.28,17.68,247.8,87.92,171.17
17.0,1.707,0.032,180.91,2.28,17.8,248.5,87.92,171.22
17.04,1.715,0.032,181.41,2.29,17.89,247.9,87.92,171.24
17.08,1.722,0.033,181.92,2.29,17.97,247.6,87.92,171.28
17.14,1.733,0.033,182.68,2.29,18.1,248.6,87.92,171.32
17.2,1.744,0.033,183.44,2.29,18.23,248.4,87.92,171.37
17.24,1.751,0.034,183.95,2.29,18.32,248.0,87.92,171.41
17.28,1.758,0.034,184.46,2.29,18.41,248.3,87.92,171.43
17.34,1.77,0.034,185.23,2.29,18.54,247.7,87.92,171.48
17.4,1.781,0.035,185.99,2.3,18.67,248.0,87.92,171.52
17.44,1.788,0.035,186.5,2.3,18.75,248.4,87.91,171.55
17.5,1.799,0.035,187.27,2.3,18.89,248.1,87.91,171.6
17.54,1.807,0.036,187.78,2.3,18.97,248.4,87.9,171.63
17.6,1.818,0.036,188.55,2.3,19.11,248.5,87.89,171.68
17.64,1.826,0.036,189.07,2.3,19.19,248.4,87.89,171.71
17.7,1.837,0.037,189.84,2.3,19.33,248.9,87.88,171.76
17.74,1.845,0.037,190.35,2.31,19.42,248.9,87.87,171.79
17.8,1.856,0.038,191.13,2.31,19.55,248.7,87.85,171.84
17.86,1.868,0.038,191.9,2.31,19.68,248.3,87.84,171.89
17.9,1.875,0.038,192.42,2.31,19.77,248.7,87.83,171.92
17.94,1.883,0.039,192.93,2.31,19.86,248.9,87.82,171.95
18.0,1.895,0.039,193.71,2.31,20.0,248.6,87.8,171.99
18.04,1.902,0.039,194.23,2.32,20.09,248.3,87.79,172.02
18.1,1.914,0.04,195.01,2.32,20.23,249.2,87.76,172.07
18.14,1.922,0.04,195.53,2.32,20.32,248.9,87.75,172.1
18.2,1.934,0.041,196.31,2.32,20.45,248.6,87.72,172.15
18.26,1.945,0.041,197.09,2.32,20.59,248.7,87.69,172.19
18.3,1.953,0.041,197.61,2.32,20.68,248.6,87.67,172.22
18.34,1.961,0.042,198.13,2.32,20.77,249.2,87.65,172.25
18.4,1.973,0.042,198.92,2.33,20.91,248.8,87.62,172.3
18.46,1.985,0.043,199.7,2.33,21.05,249.5,87.58,172.34
18.5,1.993,0.043,200.23,2.33,21.14,248.9,87.55,172.37
18.54,2.001,0.043,200.75,2.33,21.24,249.0,87.53,172.4
18.6,2.013,0.044,201.54,2.33,21.38,249.0,87.49,172.45
18.66,2.025,0.044,202.33,2.34,21.52,249.7,87.45,172.49
18.7,2.033,0.044,202.86,2.34,21.61,249.0,87.42,172.51
18.76,2.046,0.045,203.65,2.34,21.75,249.2,87.38,172.55
18.8,2.054,0.045,204.18,2.34,21.84,249.6,87.35,172.58
18.84,2.062,0.046,204.7,2.34,21.94,249.0,87.33,172.6
18.9,2.074,0.046,205.5,2.34,22.08,250.1,87.29,172.64
18.96,2.087,0.047,206.29,2.34,22.22,250.2,87.25,172.68
19.0,2.095,0.047,206.83,2.35,22.32,249.6,87.23,172.71
19.04,2.103,0.047,207.36,2.35,22.41,250.1,87.21,172.73
19.1,2.116,0.048,208.15,2.35,22.56,249.5,87.18,172.77
19.16,2.128,0.048,208.95,2.35,22.7,249.6,87.15,172.81
19.2,2.136,0.049,209.49,2.35,22.8,249.6,87.14,172.83
19.24,2.145,0.049,210.02,2.35,22.89,249.8,87.12,172.85
19.3,2.157,0.05,210.82,2.36,23.04,250.1,87.1,172.89
19.36,2.17,0.05,211.63,2.36,23.18,250.1,87.09,172.92
19.4,2.179,0.05,212.16,2.36,23.28,249.7,87.08,172.95
19.44,2.187,0.051,212.7,2.36,23.38,249.6,87.07,172.97
19.52,2.204,0.052,213.78,2.36,23.57,250.5,87.06,173.01
19.56,2.213,0.052,214.31,2.37,23.67,250.2,87.06,173.04
19.6,2.221,0.052,214.85,2.37,23.77,250.7,87.06,173.05
19.66,2.234,0.053,215.66,2.37,23.92,250.6,87.06,173.09
19.7,2.243,0.053,216.2,2.37,24.02,250.5,87.06,173.12
19.76,2.256,0.054,217.01,2.37,24.17,250.4,87.06,173.15
19.8,2.264,0.054,217.55,2.37,24.27,250.1,87.07,173.17
19.86,2.278,0.055,218.36,2.37,24.42,250.0,87.07,173.21
19.9,2.286,0.055,218.9,2.37,24.52,250.1,87.08,173.22
19.96,2.299,0.056,219.72,2.38,24.66,250.5,87.09,173.26
20.02,2.313,0.056,220.53,2.38,24.81,250.6,87.09,173.3
20.06,2.321,0.057,221.07,2.38,24.91,250.6,87.1,173.33
20.1,2.33,0.057,221.61,2.38,25.01,250.5,87.11,173.35
20.16,2.344,0.058,222.43,2.38,25.17,250.4,87.11,173.38
20.2,2.353,0.058,222.97,2.38,25.27,251.3,87.12,173.41
20.26,2.366,0.059,223.79,2.38,25.42,251.3,87.12,173.45
20.32,2.379,0.06,224.6,2.38,25.57,250.5,87.13,173.48
20.36,2.388,0.06,225.14,2.38,25.67,250.5,87.13,173.51
20.42,2.402,0.061,225.96,2.38,25.82,251.4,87.13,173.54
20.46,2.411,0.061,226.5,2.38,25.92,251.3,87.13,173.56
20.52,2.425,0.062,227.32,2.38,26.07,250.9,87.13,173.59
20.56,2.434,0.062,227.86,2.38,26.17,250.6,87.12,173.6
20.62,2.447,0.063,228.68,2.38,26.32,250.8,87.12,173.64
20.66,2.456,0.063,229.22,2.38,26.43,251.3,87.11,173.65
20.72,2.47,0.064,230.04,2.38,26.58,251.3,87.1,173.68
20.76,2.479,0.064,230.58,2.38,26.68,251.0,87.09,173.7
20.8,2.489,0.065,231.13,2.38,26.78,251.3,87.08,173.71
20.86,2.503,0.065,231.94,2.38,26.93,251.0,87.06,173.75
20.92,2.517,0.066,232.76,2.39,27.08,251.9,87.04,173.77
20.96,2.526,0.067,233.3,2.39,27.19,251.5,87.03,173.78
21.02,2.54,0.067,234.12,2.39,27.34,252.0,87.01,173.81
21.06,2.549,0.068,234.66,2.38,27.44,251.4,86.99,173.82
21.12,2.563,0.068,235.48,2.38,27.59,251.7,86.97,173.84
21.16,2.573,0.069,236.02,2.38,27.69,251.7,86.95,173.84
21.22,2.587,0.07,236.83,2.38,27.84,251.8,86.92,173.86
21.26,2.596,0.07,237.38,2.38,27.95,252.2,86.91,173.88
21.32,2.611,0.071,238.19,2.38,28.1,251.3,86.88,173.9
21.36,2.62,0.071,238.73,2.38,28.2,251.6,86.86,173.9
21.42,2.635,0.072,239.54,2.38,28.35,251.8,86.83,173.92
21.46,2.644,0.072,240.08,2.38,28.45,252.3,86.82,173.93
21.52,2.659,0.073,240.9,2.38,28.6,252.6,86.79,173.94
21.56,2.668,0.074,241.44,2.38,28.7,252.2,86.78,173.95
21.62,2.683,0.074,242.25,2.38,28.86,251.9,86.76,173.96
21.68,2.697,0.075,243.06,2.38,29.01,252.1,86.74,173.98
21.72,2.707,0.076,243.6,2.38,29.11,252.3,86.72,173.99
21.76,2.717,0.076,244.14,2.38,29.21,252.1,86.71,174.0
21.82,2.731,0.077,244.95,2.38,29.36,252.5,86.7,174.01
21.88,2.746,0.078,245.75,2.37,29.51,252.3,86.68,174.04
21.92,2.756,0.078,246.29,2.37,29.61,252.4,86.67,174.05
21.96,2.766,0.079,246.83,2.37,29.71,251.9,86.67,174.06
22.02,2.781,0.079,247.63,2.37,29.86,252.1,86.66,174.08
22.06,2.79,0.08,248.17,2.37,29.96,253.0,86.66,174.09
22.12,2.805,0.081,248.97,2.37,30.11,252.8,86.65,174.11
22.18,2.82,0.082,249.78,2.37,30.26,252.4,86.65,174.13
22.22,2.83,0.082,250.31,2.37,30.36,252.2,86.65,174.14
22.28,2.845,0.083,251.11,2.36,30.51,252.7,86.64,174.16
22.32,2.855,0.084,251.64,2.36,30.61,252.3,86.64,174.18
22.36,2.865,0.084,252.17,2.36,30.71,252.4,86.65,174.19
22.42,2.881,0.085,252.97,2.36,30.85,252.4,86.65,174.21
22.48,2.896,0.086,253.77,2.36,31.0,253.2,86.65,174.24
22.52,2.906,0.086,254.3,2.35,31.1,253.2,86.65,174.25
22.58,2.921,0.087,255.09,2.35,31.25,253.0,86.65,174.27
22.62,2.931,0.088,255.62,2.35,31.35,252.6,86.65,174.29
22.66,2.942,0.088,256.15,2.35,31.44,253.5,86.65,174.3
22.72,2.957,0.089,256.94,2.35,31.59,253.3,86.65,174.33
22.78,2.972,0.09,257.73,2.35,31.74,253.8,86.65,174.35
22.82,2.983,0.09,258.26,2.35,31.83,253.4,86.65,174.36
22.88,2.998,0.091,259.05,2.34,31.98,253.0,86.64,174.38
22.92,3.009,0.092,259.57,2.34,32.07,253.4,86.64,174.4
22.98,3.024,0.093,260.35,2.34,32.22,253.5,86.63,174.41
23.02,3.035,0.093,260.88,2.34,32.31,253.4,86.63,174.43
23.08,3.05,0.094,261.66,2.34,32.46,253.9,86.62,174.44
23.12,3.061,0.095,262.18,2.33,32.55,253.9,86.61,174.46
23.18,3.076,0.096,262.96,2.33,32.7,254.2,86.6,174.47
23.22,3.087,0.096,263.48,2.33,32.79,253.9,86.59,174.48
23.28,3.103,0.097,264.26,2.33,32.93,253.9,86.57,174.5
23.34,3.119,0.098,265.03,2.32,33.07,253.4,86.56,174.51
23.36,3.124,0.098,265.29,2.32,33.12,253.7,86.55,174.51
23.42,3.14,0.099,266.06,2.32,33.26,253.7,86.54,174.52
23.48,3.156,0.1,266.83,2.32,33.4,254.2,86.52,174.53
23.52,3.166,0.101,267.35,2.32,33.5,253.9,86.51,174.54
23.58,3.183,0.102,268.12,2.31,33.63,254.7,86.48,174.55
23.62,3.193,0.103,268.63,2.31,33.73,254.9,86.47,174.56
23.68,3.209,0.104,269.4,2.31,33.87,253.9,86.45,174.56
23.74,3.226,0.105,270.17,2.31,34.0,254.1,86.43,174.57
23.78,3.236,0.105,270.68,2.3,34.1,255.1,86.42,174.57
23.84,3.253,0.106,271.44,2.3,34.23,254.7,86.4,174.58
23.88,3.263,0.107,271.95,2.3,34.32,254.3,86.39,174.58
23.94,3.28,0.108,272.71,2.3,34.46,254.8,86.38,174.59
23.98,3.291,0.109,273.21,2.3,34.55,254.7,86.37,174.6
24.02,3.302,0.109,273.72,2.29,34.64,255.0,86.36,174.6
24.08,3.318,0.11,274.48,2.29,34.78,255.4,86.35,174.61
24.12,3.329,0.111,275.23,2.29,34.91,255.0,86.34,174.61
24.18,3.345,0.112,275.73,2.29,35.0,254.7,86.33,174.62
24.24,3.362,0.113,276.49,2.28,35.13,255.2,86.33,174.63
24.28,3.373,0.114,276.99,2.28,35.22,255.1,86.32,174.63
24.34,3.39,0.115,277.73,2.28,35.35,255.5,86.32,174.64
24.38,3.401,0.115,278.23,2.28,35.44,255.0,86.31,174.65
24.44,3.418,0.116,278.98,2.27,35.57,255.3,86.31,174.66
24.5,3.434,0.117,279.73,2.27,35.7,255.8,86.31,174.68
24.54,3.445,0.118,280.22,2.27,35.79,255.6,86.3,174.68
24.58,3.457,0.119,280.72,2.27,35.87,255.9,86.3,174.69
24.64,3.473,0.12,281.45,2.26,36.0,255.1,86.3,174.71
24.68,3.49,0.121,282.19,2.26,36.13,254.9,86.3,174.72
24.74,3.502,0.121,282.68,2.26,36.22,255.9,86.3,174.73
24.8,3.519,0.123,283.42,2.26,36.34,255.0,86.29,174.75
24.86,3.536,0.124,284.15,2.25,36.47,255.4,86.29,174.76
24.9,3.547,0.124,284.64,2.25,36.55,256.0,86.29,174.77
24.96,3.564,0.125,285.37,2.25,36.68,255.7,86.28,174.79
25.0,3.575,0.126,285.86,2.24,36.76,255.6,86.28,174.8
25.06,3.593,0.127,286.58,2.24,36.89,255.4,86.27,174.81
25.1,3.604,0.128,287.07,2.24,36.97,255.3,86.27,174.82
25.16,3.621,0.129,287.79,2.24,37.09,256.3,86.26,174.84
25.22,3.639,0.13,288.52,2.23,37.21,255.9,86.25,174.85
25.26,3.65,0.131,289.24,2.23,37.33,255.7,86.24,174.86
25.3,3.667,0.132,289.72,2.23,37.41,256.0,86.23,174.87
25.36,3.679,0.133,290.2,2.23,37.5,255.6,86.22,174.88
25.42,3.696,0.134,290.92,2.22,37.62,256.5,86.21,174.89
25.46,3.708,0.135,291.4,2.22,37.7,255.9,86.2,174.9
25.52,3.725,0.136,292.11,2.22,37.81,256.4,86.19,174.9
25.56,3.737,0.136,292.59,2.22,37.89,256.0,86.18,174.91
25.6,3.749,0.137,293.07,2.22,37.97,256.0,86.17,174.92
25.66,3.766,0.138,293.78,2.21,38.09,255.8,86.15,174.92
25.72,3.784,0.139,294.49,2.21,38.21,256.4,86.14,174.93
25.76,3.796,0.14,294.96,2.21,38.28,256.2,86.13,174.93
25.82,3.813,0.141,295.67,2.21,38.4,256.1,86.12,174.94
25.88,3.831,0.143,296.38,2.21,38.51,256.9,86.1,174.94
25.92,3.843,0.143,296.85,2.21,38.59,256.3,86.1,174.94
25.96,3.855,0.144,297.33,2.2,38.67,257.1,86.09,174.95
26.02,3.873,0.145,298.03,2.2,38.78,256.4,86.08,174.95
26.06,3.885,0.146,298.5,2.2,38.86,256.8,86.07,174.95
26.12,3.903,0.147,299.21,2.2,38.97,257.2,86.06,174.96
26.16,3.915,0.148,299.91,2.2,39.08,256.5,86.05,174.96
26.22,3.932,0.149,300.38,2.2,39.16,257.0,86.05,174.96
26.26,3.944,0.15,300.85,2.2,39.23,257.3,86.04,174.97
26.32,3.963,0.151,301.55,2.19,39.34,257.3,86.04,174.97
26.38,3.981,0.152,302.25,2.19,39.45,257.3,86.03,174.98
26.42,3.993,0.153,302.72,2.19,39.53,257.5,86.03,174.99
26.48,4.011,0.155,303.42,2.19,39.64,257.1,86.02,174.99
26.52,4.023,0.155,303.89,2.19,39.71,257.5,86.02,175.0
26.58,4.041,0.157,304.59,2.19,39.82,257.6,86.01,175.01
26.62,4.053,0.157,305.05,2.19,39.89,257.5,86.01,175.02
26.66,4.066,0.158,305.51,2.19,39.96,257.1,86.01,175.03
26.72,4.084,0.159,306.21,2.19,40.07,257.5,86.0,175.04
26.78,4.102,0.161,306.91,2.18,40.18,257.6,85.99,175.05
26.82,4.114,0.162,307.37,2.18,40.25,257.5,85.99,175.06
26.88,4.133,0.163,308.07,2.18,40.36,258.1,85.98,175.07
26.92,4.145,0.164,308.77,2.18,40.46,257.4,85.98,175.08
26.98,4.164,0.165,309.23,2.18,40.53,258.4,85.97,175.1
27.02,4.176,0.166,309.69,2.18,40.6,257.2,85.97,175.11
27.06,4.188,0.167,310.16,2.18,40.67,258.5,85.96,175.12
27.12,4.207,0.168,310.86,2.18,40.78,258.4,85.95,175.14
27.18,4.226,0.169,311.55,2.18,40.88,258.0,85.94,175.16
27.22,4.238,0.17,312.02,2.18,40.95,257.7,85.93,175.17
27.28,4.257,0.171,312.71,2.18,41.06,258.2,85.92,175.19
27.32,4.269,0.172,313.17,2.18,41.13,258.4,85.91,175.2
27.38,4.288,0.174,313.87,2.18,41.23,258.7,85.9,175.22
27.44,4.307,0.175,314.57,2.18,41.33,257.8,85.89,175.23
27.5,4.326,0.176,315.26,2.18,41.44,258.2,85.87,175.23
27.54,4.338,0.177,315.72,2.18,41.51,258.1,85.87,175.24
27.58,4.351,0.178,316.19,2.18,41.57,258.6,85.86,175.24
27.64,4.37,0.179,316.89,2.18,41.68,258.2,85.85,175.24
27.68,4.383,0.18,317.35,2.18,41.74,258.5,85.84,175.25
27.74,4.402,0.182,318.05,2.18,41.85,258.1,85.83,175.25
27.78,4.414,0.183,318.52,2.18,41.91,258.9,85.82,175.25
27.84,4.433,0.184,319.21,2.18,42.01,258.7,85.81,175.25
27.9,4.452,0.185,319.91,2.18,42.12,259.0,85.8,175.24
27.94,4.465,0.186,320.38,2.18,42.18,258.5,85.79,175.24
28.0,4.484,0.188,321.08,2.18,42.28,258.0,85.78,175.25
28.06,4.504,0.189,321.78,2.18,42.39,258.6,85.78,175.25
28.1,4.517,0.19,322.25,2.19,42.45,258.8,85.77,175.25
28.14,4.536,0.191,322.95,2.19,42.55,258.4,85.77,175.26
28.2,4.549,0.192,323.41,2.19,42.62,258.7,85.76,175.26
28.26,4.568,0.194,324.12,2.19,42.72,259.2,85.75,175.27
28.3,4.581,0.195,324.59,2.19,42.78,258.8,85.75,175.28
28.36,4.601,0.196,325.29,2.19,42.88,259.6,85.74,175.29
28.4,4.614,0.197,325.76,2.19,42.95,259.3,85.73,175.3
28.46,4.633,0.198,326.47,2.19,43.05,259.4,85.73,175.31
28.52,4.653,0.2,327.17,2.19,43.15,259.0,85.72,175.33
28.56,4.666,0.201,327.64,2.19,43.21,259.6,85.71,175.34
28.6,4.679,0.202,328.12,2.2,43.28,259.8,85.71,175.35
28.66,4.698,0.203,328.83,2.2,43.38,260.0,85.7,175.36
28.72,4.718,0.205,329.53,2.2,43.48,259.2,85.69,175.38
28.76,4.731,0.206,330.01,2.2,43.54,260.0,85.69,175.39
28.82,4.751,0.207,330.72,2.2,43.64,259.7,85.68,175.41
28.86,4.764,0.208,331.19,2.2,43.71,260.5,85.67,175.42
28.9,4.777,0.209,331.67,2.2,43.77,260.2,85.66,175.43
28.96,4.797,0.211,332.38,2.2,43.87,259.6,85.65,175.44
29.02,4.817,0.212,333.09,2.2,43.97,260.6,85.64,175.45
29.06,4.831,0.213,333.57,2.2,44.03,260.1,85.63,175.46
29.12,4.851,0.215,334.28,2.21,44.13,260.6,85.62,175.46
29.16,4.864,0.216,334.76,2.21,44.2,260.6,85.62,175.47
29.22,4.884,0.217,335.47,2.21,44.29,260.4,85.6,175.47
29.26,4.897,0.218,335.95,2.21,44.36,260.6,85.6,175.48
29.32,4.917,0.22,336.67,2.21,44.45,259.9,85.59,175.48
29.36,4.931,0.221,337.38,2.21,44.55,260.0,85.58,175.49
29.42,4.951,0.222,337.86,2.21,44.61,260.1,85.57,175.49
29.46,4.965,0.223,338.34,2.21,44.68,260.5,85.57,175.49
29.52,4.985,0.225,339.06,2.21,44.77,260.7,85.55,175.5
29.56,4.998,0.226,339.53,2.21,44.84,260.4,85.55,175.5
29.62,5.019,0.227,340.25,2.21,44.93,260.5,85.54,175.5
29.66,5.032,0.228,340.73,2.22,44.99,261.3,85.54,175.51
29.72,5.053,0.23,341.45,2.22,45.09,260.8,85.53,175.51
29.78,5.073,0.232,342.18,2.22,45.18,261.5,85.52,175.52
29.82,5.087,0.233,342.66,2.22,45.25,261.2,85.51,175.52
29.86,5.101,0.234,343.14,2.22,45.31,260.6,85.51,175.53
29.92,5.121,0.235,343.86,2.22,45.4,261.2,85.5,175.54
29.96,5.135,0.236,344.35,2.22,45.47,261.2,85.49,175.55
30.02,5.155,0.238,345.07,2.22,45.56,261.7,85.49,175.56
30.08,5.176,0.239,345.8,2.23,45.65,260.9,85.48,175.57
30.12,5.19,0.241,346.28,2.23,45.72,261.9,85.47,175.58
30.18,5.211,0.242,347.01,2.23,45.81,261.0,85.46,175.6
30.22,5.225,0.243,347.49,2.23,45.87,261.1,85.45,175.61
30.28,5.245,0.245,348.22,2.23,45.96,261.5,85.44,175.62
30.32,5.259,0.246,348.7,2.23,46.03,262.1,85.44,175.63
30.38,5.28,0.248,349.43,2.23,46.12,261.0,85.43,175.64
30.42,5.294,0.249,349.92,2.23,46.18,261.2,85.42,175.65
30.48,5.315,0.25,350.65,2.23,46.27,261.9,85.41,175.66
30.52,5.329,0.252,351.14,2.23,46.33,262.0,85.41,175.66
30.56,5.343,0.253,351.62,2.23,46.39,261.2,85.4,175.67
30.62,5.364,0.254,352.36,2.24,46.48,261.9,85.39,175.68
30.68,5.385,0.256,353.09,2.24,46.57,262.2,85.38,175.68
30.72,5.399,0.257,353.57,2.24,46.63,261.5,85.37,175.69
30.78,5.421,0.259,354.31,2.24,46.72,262.2,85.36,175.69
30.84,5.442,0.26,355.04,2.24,46.81,262.3,85.35,175.69
30.9,5.463,0.262,355.78,2.24,46.9,261.9,85.35,175.7
30.94,5.477,0.263,356.26,2.24,46.96,261.7,85.34,175.7
31.0,5.499,0.265,357.0,2.24,47.05,262.2,85.33,175.71
31.06,5.52,0.267,357.74,2.24,47.14,262.3,85.32,175.71
31.1,5.534,0.268,358.23,2.24,47.2,262.1,85.32,175.72
31.16,5.556,0.27,358.97,2.25,47.29,262.2,85.31,175.72
31.2,5.57,0.271,359.46,2.25,47.35,262.1,85.3,175.73
31.24,5.584,0.272,359.95,2.25,47.41,262.3,85.3,175.74
31.3,5.606,0.274,360.69,2.25,47.49,262.2,85.29,175.75
31.34,5.62,0.275,361.19,2.25,47.55,262.8,85.28,175.75
31.4,5.642,0.277,361.92,2.25,47.64,262.0,85.27,175.77
31.46,5.664,0.278,362.67,2.25,47.72,262.4,85.26,175.78
31.5,5.678,0.28,363.16,2.25,47.78,262.7,85.26,175.79
31.54,5.693,0.281,363.66,2.25,47.84,262.9,85.25,175.79
31.6,5.714,0.283,364.4,2.26,47.93,262.7,85.24,175.8
31.66,5.736,0.284,365.15,2.26,48.01,263.1,85.23,175.82
31.7,5.751,0.286,365.65,2.26,48.07,262.6,85.22,175.82
31.76,5.773,0.287,366.39,2.26,48.16,263.0,85.22,175.83
31.8,5.787,0.289,366.89,2.26,48.21,262.9,85.21,175.84
31.86,5.809,0.29,367.64,2.26,48.3,263.1,85.2,175.85
31.9,5.824,0.292,368.14,2.26,48.35,263.7,85.19,175.85
31.96,5.846,0.294,368.89,2.26,48.44,263.2,85.18,175.86
32.02,5.868,0.295,369.64,2.27,48.52,262.8,85.17,175.86
32.06,5.883,0.297,370.13,2.27,48.58,262.9,85.16,175.87
32.12,5.905,0.298,370.89,2.27,48.66,263.3,85.15,175.87
32.16,5.92,0.3,371.39,2.27,48.72,263.6,85.15,175.88
32.2,5.934,0.301,371.89,2.27,48.77,263.4,85.14,175.88
32.26,5.957,0.303,372.64,2.27,48.85,263.3,85.13,175.89
32.32,5.979,0.305,373.4,2.27,48.94,263.4,85.12,175.89
32.36,5.994,0.306,373.9,2.27,48.99,263.6,85.12,175.9
32.42,6.016,0.308,374.65,2.27,49.07,264.2,85.11,175.91
32.46,6.031,0.309,375.16,2.28,49.13,264.2,85.1,175.91
32.52,6.054,0.311,375.91,2.28,49.21,263.8,85.1,175.92
32.56,6.069,0.312,376.42,2.28,49.29,264.3,85.09,175.93
32.62,6.091,0.314,377.17,2.28,49.34,263.7,85.08,175.94
32.66,6.106,0.316,377.68,2.28,49.4,264.2,85.07,175.95
32.72,6.129,0.317,378.44,2.28,49.48,264.1,85.06,175.96
32.76,6.144,0.319,378.94,2.28,49.53,263.7,85.05,175.97
32.82,6.167,0.321,379.7,2.28,49.61,264.7,85.04,175.99
32.86,6.182,0.322,380.21,2.28,49.66,264.4,85.04,175.99
32.92,6.205,0.324,380.96,2.28,49.74,263.8,85.02,176.01
32.98,6.227,0.326,381.72,2.28,49.84,264.2,85.01,176.02
33.04,6.25,0.328,382.48,2.28,49.9,263.9,85.0,176.03
33.06,6.266,0.329,382.99,2.28,49.95,264.4,85.0,176.03
33.12,6.281,0.33,383.5,2.28,50.0,265.0,84.99,176.04
33.18,6.304,0.332,384.26,2.28,50.07,264.8,84.98,176.05
33.22,6.319,0.334,384.76,2.28,50.13,264.2,84.98,176.05
33.28,6.342,0.336,385.53,2.29,50.2,265.1,84.96,176.06
33.34,6.365,0.338,386.29,2.29,50.28,265.1,84.96,176.06
33.38,6.381,0.34,386.8,2.29,50.33,264.3,84.95,176.07
33.42,6.404,0.341,387.56,2.29,50.4,265.1,84.94,176.07
33.48,6.419,0.343,388.07,2.29,50.45,265.3,84.93,176.08
33.54,6.442,0.345,388.84,2.29,50.52,265.5,84.93,176.08
33.58,6.458,0.346,389.35,2.29,50.57,265.2,84.92,176.09
33.64,6.481,0.348,390.11,2.29,50.65,264.7,84.91,176.09
33.7,6.505,0.35,390.88,2.29,50.72,265.0,84.9,176.1
33.74,6.52,0.351,391.39,2.29,50.77,265.1,84.9,176.11
33.78,6.536,0.353,391.9,2.3,50.81,265.6,84.89,176.11
33.84,6.559,0.355,392.67,2.3,50.89,265.9,84.89,176.12
33.88,6.575,0.356,393.18,2.3,50.93,265.7,84.88,176.12
33.94,6.598,0.358,393.95,2.3,51.0,265.6,84.87,176.14
34.0,6.622,0.36,394.72,2.3,51.07,266.2,84.86,176.15
34.04,6.638,0.362,395.23,2.3,51.12,265.9,84.85,176.16
34.08,6.654,0.364,395.75,2.3,51.19,266.2,84.84,176.16
34.14,6.677,0.365,396.52,2.3,51.24,266.0,84.83,176.17
34.2,6.701,0.367,397.29,2.3,51.3,265.7,84.82,176.18
34.24,6.717,0.369,397.8,2.3,51.35,266.0,84.81,176.19
34.3,6.741,0.371,398.58,2.3,51.42,266.0,84.8,176.2
34.34,6.756,0.372,399.09,2.31,51.46,265.8,84.8,176.2
34.4,6.78,0.375,399.86,2.3,51.53,265.4,84.79,176.21
34.44,6.796,0.376,400.38,2.31,51.57,266.4,84.78,176.22
34.5,6.82,0.378,401.15,2.31,51.64,266.0,84.77,176.22
34.54,6.836,0.38,401.67,2.31,51.68,266.4,84.77,176.23
34.6,6.86,0.382,402.44,2.31,51.75,266.3,84.76,176.23
34.64,6.876,0.383,402.96,2.31,51.79,266.6,84.75,176.24
34.7,6.9,0.385,403.74,2.31,51.86,266.1,84.74,176.24
34.74,6.917,0.387,404.26,2.31,51.9,266.5,84.74,176.25
34.8,6.941,0.389,405.03,2.31,51.96,266.7,84.73,176.25
34.84,6.957,0.391,405.55,2.31,52.01,266.6,84.73,176.26
34.9,6.981,0.393,406.33,2.31,52.07,266.7,84.72,176.27
34.94,7.005,0.395,407.11,2.31,52.13,266.0,84.7,176.27
35.0,7.022,0.397,407.63,2.32,52.17,266.8,84.7,176.28
35.04,7.038,0.398,408.15,2.32,52.21,266.7,84.69,176.29
35.1,7.062,0.4,408.93,2.32,52.27,266.1,84.68,176.3
35.16,7.087,0.403,409.7,2.32,52.33,266.3,84.67,176.31
35.2,7.103,0.404,410.22,2.32,52.37,267.1,84.66,176.31
35.26,7.128,0.406,411.0,2.32,52.43,266.8,84.66,176.32
35.3,7.144,0.408,411.52,2.32,52.49,266.9,84.65,176.33
35.36,7.169,0.411,412.31,2.32,52.53,267.1,84.64,176.34
35.42,7.193,0.412,413.09,2.32,52.58,266.5,84.63,176.35
35.46,7.21,0.414,413.61,2.32,52.62,267.3,84.62,176.35
35.52,7.235,0.416,414.39,2.32,52.68,267.0,84.61,176.36
35.56,7.251,0.418,414.92,2.32,52.71,267.2,84.6,176.36
35.62,7.276,0.42,415.7,2.32,52.77,267.3,84.6,176.37
35.66,7.292,0.422,416.22,2.32,52.8,266.7,84.59,176.37
35.72,7.317,0.424,417.01,2.33,52.85,267.0,84.58,176.38
35.76,7.334,0.426,417.53,2.33,52.89,266.5,84.57,176.38
35.82,7.359,0.428,418.32,2.33,52.94,267.1,84.57,176.39
35.86,7.376,0.429,418.84,2.33,52.97,267.0,84.56,176.39
35.92,7.401,0.432,419.63,2.33,53.02,266.9,84.55,176.4
35.96,7.417,0.433,420.15,2.33,53.07,267.4,84.55,176.41
36.02,7.443,0.436,420.94,2.33,53.1,267.1,84.54,176.41
36.06,7.459,0.437,421.47,2.33,53.13,266.8,84.53,176.42
36.12,7.485,0.44,422.26,2.33,53.18,267.6,84.52,176.43
36.16,7.501,0.441,422.79,2.33,53.21,267.4,84.51,176.43
36.22,7.527,0.444,423.58,2.34,53.25,268.1,84.5,176.44
36.26,7.544,0.445,424.11,2.34,53.28,267.4,84.5,176.45
36.32,7.569,0.448,424.9,2.34,53.33,267.5,84.49,176.46
36.36,7.586,0.449,425.43,2.34,53.36,267.5,84.48,176.46
36.42,7.611,0.452,426.22,2.34,53.4,268.2,84.47,176.47
36.48,7.637,0.454,427.02,2.34,53.44,267.9,84.46,176.48
36.52,7.654,0.456,427.55,2.34,53.47,268.0,84.46,176.48
36.58,7.679,0.458,428.35,2.35,53.51,267.6,84.45,176.49
36.62,7.696,0.46,428.89,2.35,53.54,267.7,84.44,176.5
36.66,7.713,0.462,429.42,2.35,53.56,268.2,84.44,176.5
36.72,7.739,0.464,430.22,2.35,53.6,268.2,84.42,176.51
36.78,7.765,0.467,431.03,2.35,53.64,268.5,84.41,176.52
36.82,7.782,0.468,431.56,2.36,53.68,268.1,84.41,176.52
36.88,7.808,0.471,432.37,2.36,53.7,268.7,84.4,176.53
36.92,7.825,0.473,432.91,2.36,53.73,267.9,84.39,176.53
36.96,7.842,0.474,433.45,2.36,53.75,268.3,84.39,176.54
37.02,7.868,0.477,434.26,2.36,53.79,268.7,84.38,176.54
37.08,7.894,0.479,435.07,2.37,53.82,268.7,84.37,176.55
37.12,7.912,0.481,435.61,2.37,53.85,269.2,84.36,176.56
37.18,7.938,0.483,436.43,2.37,53.88,269.0,84.35,176.56
37.22,7.955,0.485,436.97,2.37,53.9,268.9,84.34,176.57
37.28,7.981,0.488,437.79,2.37,53.94,269.3,84.34,176.58
37.34,8.007,0.49,438.6,2.38,53.97,269.0,84.33,176.59
37.38,8.025,0.492,439.15,2.38,53.99,268.6,84.32,176.59
37.42,8.042,0.494,439.69,2.38,54.01,269.0,84.31,176.6
37.48,8.069,0.496,440.51,2.38,54.04,268.9,84.3,176.6
37.52,8.086,0.498,441.06,2.38,54.06,269.0,84.3,176.61
37.58,8.112,0.501,441.89,2.39,54.09,269.4,84.29,176.62
37.64,8.139,0.503,442.71,2.39,54.12,268.9,84.28,176.62
37.68,8.157,0.505,443.26,2.39,54.14,269.2,84.27,176.63
37.74,8.183,0.508,444.09,2.39,54.16,269.7,84.26,176.64
37.78,8.201,0.509,444.64,2.39,54.18,270.2,84.26,176.64
37.84,8.227,0.512,445.47,2.4,54.21,269.6,84.25,176.65
37.88,8.245,0.514,446.03,2.4,54.22,269.4,84.24,176.65
37.94,8.272,0.517,446.86,2.4,54.25,269.3,84.23,176.66
37.98,8.29,0.518,447.42,2.4,54.26,269.7,84.22,176.66
38.04,8.316,0.521,448.25,2.41,54.28,270.3,84.21,176.67
38.1,8.343,0.524,449.09,2.41,54.31,270.5,84.21,176.68
38.14,8.361,0.525,449.65,2.41,54.32,269.5,84.2,176.68
38.2,8.388,0.528,450.49,2.41,54.34,269.5,84.19,176.69
38.24,8.406,0.53,451.05,2.41,54.36,270.6,84.18,176.7
38.3,8.433,0.533,451.89,2.42,54.37,270.7,84.18,176.7
38.34,8.451,0.535,452.46,2.42,54.39,269.7,84.17,176.71
38.4,8.478,0.537,453.3,2.42,54.41,269.9,84.16,176.71
38.44,8.496,0.539,453.86,2.42,54.42,270.2,84.15,176.72
38.5,8.523,0.543,454.71,2.43,54.43,270.7,84.14,176.73
38.56,8.55,0.545,455.56,2.43,54.45,270.2,84.14,176.73
38.6,8.568,0.546,456.12,2.43,54.46,270.3,84.13,176.74
38.66,8.596,0.549,456.97,2.43,54.47,270.0,84.12,176.75
38.7,8.614,0.551,457.54,2.43,54.48,270.4,84.11,176.75
38.74,8.632,0.554,458.11,2.43,54.5,270.5,84.11,176.75
38.8,8.659,0.556,458.96,2.44,54.5,269.9,84.1,176.76
38.86,8.687,0.559,459.82,2.44,54.52,270.8,84.09,176.77
38.9,8.705,0.56,460.39,2.44,54.52,271.0,84.08,176.77
38.96,8.733,0.563,461.25,2.44,54.53,270.2,84.07,176.78
39.0,8.751,0.565,461.82,2.44,54.54,271.0,84.06,176.79
39.04,8.769,0.567,462.39,2.45,54.55,270.4,84.06,176.79
39.1,8.797,0.57,463.25,2.45,54.55,270.0,84.05,176.8
39.16,8.825,0.573,464.12,2.45,54.56,270.3,84.04,176.8
39.22,8.852,0.576,464.98,2.45,54.57,270.8,84.03,176.81
39.26,8.871,0.578,465.56,2.46,54.57,270.7,84.03,176.81
39.3,8.889,0.579,466.14,2.46,54.57,270.5,84.02,176.82
39.36,8.917,0.582,467.0,2.46,54.58,270.5,84.01,176.83
39.4,8.936,0.584,467.58,2.46,54.58,270.6,84.0,176.83
39.46,8.964,0.587,468.45,2.46,54.58,271.0,84.0,176.84
39.5,8.983,0.589,469.04,2.47,54.59,271.3,83.99,176.84
39.56,9.011,0.592,469.91,2.47,54.59,270.4,83.98,176.85
39.62,9.039,0.595,470.78,2.47,54.59,270.8,83.97,176.86
39.66,9.057,0.597,471.36,2.47,54.59,271.0,83.96,176.86
39.72,9.086,0.6,472.24,2.47,54.59,270.9,83.96,176.87
39.76,9.104,0.602,472.83,2.48,54.59,271.5,83.95,176.87
39.82,9.133,0.605,473.71,2.48,54.58,271.4,83.94,176.88
39.86,9.151,0.607,474.3,2.48,54.58,270.7,83.93,176.88
39.92,9.18,0.61,475.18,2.48,54.58,271.7,83.92,176.89
39.96,9.199,0.612,475.77,2.49,54.58,270.7,83.91,176.9
40.0,9.218,0.614,476.36,2.49,54.57,270.8,83.91,176.9
40.06,9.246,0.617,477.24,2.49,54.57,271.2,83.9,176.91
40.12,9.275,0.62,478.13,2.49,54.56,270.8,83.89,176.91
40.16,9.294,0.622,478.72,2.49,54.56,271.4,83.88,176.92
40.22,9.322,0.625,479.61,2.5,54.55,272.0,83.87,176.92
40.28,9.351,0.628,480.51,2.5,54.54,271.4,83.87,176.93
40.32,9.37,0.63,481.1,2.5,54.53,272.0,83.86,176.94
40.36,9.389,0.632,481.7,2.5,54.53,271.9,83.85,176.94
40.42,9.418,0.635,482.6,2.51,54.52,271.5,83.84,176.95
40.46,9.437,0.637,483.2,2.51,54.51,272.0,83.84,176.95
40.52,9.466,0.64,484.1,2.51,54.5,272.1,83.83,176.96
40.58,9.495,0.643,485.0,2.52,54.49,271.4,83.82,176.97
40.62,9.514,0.645,485.6,2.52,54.48,271.4,83.81,176.97
40.68,9.543,0.648,486.51,2.52,54.47,271.6,83.8,176.98
40.72,9.563,0.651,487.12,2.52,54.46,271.8,83.79,176.98
40.78,9.592,0.654,488.03,2.53,54.44,272.1,83.79,176.99
40.82,9.611,0.656,488.63,2.53,54.43,272.2,83.78,176.99
40.86,9.631,0.658,489.24,2.53,54.42,272.2,83.77,177.0
40.92,9.66,0.661,490.16,2.54,54.4,272.3,83.76,177.0
40.96,9.689,0.664,491.07,2.54,54.39,272.9,83.76,177.01
41.02,9.709,0.666,491.69,2.54,54.37,272.5,83.75,177.01
41.08,9.738,0.67,492.61,2.55,54.36,272.5,83.74,177.02
41.12,9.758,0.672,493.22,2.55,54.34,272.0,83.73,177.02
41.18,9.787,0.675,494.14,2.55,54.32,272.2,83.73,177.03
41.22,9.807,0.677,494.76,2.55,54.31,272.7,83.72,177.04
41.28,9.836,0.68,495.69,2.56,54.29,272.7,83.71,177.04
41.32,9.856,0.682,496.31,2.56,54.28,273.3,83.7,177.05
41.38,9.886,0.686,497.24,2.56,54.25,273.4,83.69,177.05
41.44,9.915,0.689,498.17,2.57,54.23,273.3,83.68,177.06
41.48,9.935,0.691,498.8,2.57,54.21,273.6,83.68,177.06
41.52,9.955,0.693,499.42,2.57,54.2,272.7,83.67,177.07
41.58,9.985,0.696,500.36,2.58,54.17,273.4,83.66,177.08
41.62,10.005,0.699,500.98,2.58,54.16,273.5,83.66,177.08
41.68,10.035,0.702,501.92,2.58,54.13,273.0,83.65,177.09
41.74,10.065,0.705,502.87,2.59,54.1,273.9,83.64,177.09
41.78,10.085,0.707,503.5,2.59,54.09,273.9,83.63,177.1
41.82,10.105,0.71,504.13,2.59,54.07,273.0,83.62,177.1
41.88,10.135,0.713,505.08,2.59,54.04,274.1,83.62,177.11
41.92,10.155,0.715,505.71,2.6,54.02,273.2,83.61,177.11
41.98,10.185,0.719,506.66,2.6,53.99,273.2,83.6,177.12
42.04,10.215,0.722,507.61,2.6,53.96,273.6,83.59,177.12
42.08,10.236,0.724,508.25,2.61,53.94,273.3,83.59,177.13
42.14,10.266,0.728,509.21,2.61,53.91,273.9,83.58,177.13
42.18,10.286,0.73,510.17,2.61,53.88,273.9,83.57,177.14
42.24,10.317,0.733,510.81,2.61,53.85,274.4,83.56,177.14
42.28,10.337,0.736,511.45,2.62,53.83,273.8,83.56,177.15
42.34,10.367,0.739,512.41,2.62,53.8,273.3,83.55,177.15
42.38,10.388,0.741,513.06,2.62,53.77,274.4,83.54,177.16
42.42,10.408,0.744,513.7,2.63,53.75,274.0,83.53,177.16
42.48,10.439,0.747,514.67,2.63,53.71,273.5,83.53,177.17
42.54,10.47,0.75,515.64,2.63,53.68,273.5,83.52,177.18
42.58,10.49,0.753,516.29,2.63,53.65,274.0,83.51,177.18
42.64,10.521,0.756,517.26,2.64,53.61,274.0,83.5,177.19
42.7,10.552,0.76,518.24,2.64,53.58,274.6,83.49,177.19
42.74,10.572,0.762,518.89,2.64,53.55,273.5,83.48,177.2
42.78,10.593,0.766,519.54,2.64,53.51,273.9,83.48,177.2
42.84,10.624,0.768,520.52,2.65,53.48,274.0,83.47,177.21
42.88,10.645,0.77,521.17,2.65,53.46,273.8,83.47,177.21
42.94,10.676,0.774,522.15,2.65,53.41,273.9,83.45,177.22
43.0,10.707,0.777,523.14,2.66,53.37,274.5,83.44,177.23
43.04,10.728,0.78,523.8,2.66,53.34,273.7,83.44,177.23
43.1,10.759,0.783,524.79,2.66,53.3,274.3,83.43,177.24
43.14,10.78,0.787,525.45,2.66,53.27,274.7,83.42,177.24
43.2,10.811,0.789,526.44,2.67,53.22,274.9,83.41,177.25
43.24,10.832,0.792,527.11,2.67,53.19,274.8,83.41,177.25
43.3,10.864,0.795,528.1,2.67,53.15,274.4,83.4,177.25
43.34,10.885,0.798,528.77,2.68,53.12,274.7,83.39,177.26
43.4,10.916,0.801,529.77,2.68,53.07,274.7,83.39,177.26
43.46,10.948,0.805,530.77,2.68,53.02,273.9,83.38,177.27
43.5,10.969,0.807,531.44,2.69,52.99,274.9,83.37,177.27
43.54,10.99,0.81,532.11,2.69,52.96,274.4,83.37,177.28
43.6,11.022,0.813,533.11,2.69,52.91,274.4,83.36,177.28
43.64,11.043,0.816,533.78,2.69,52.88,274.5,83.35,177.29
43.7,11.075,0.819,534.79,2.7,52.83,274.5,83.34,177.29
43.76,11.107,0.823,535.8,2.7,52.77,274.3,83.33,177.3
43.8,11.128,0.826,536.48,2.7,52.74,274.7,83.33,177.3
43.84,11.15,0.828,537.16,2.71,52.7,275.2,83.32,177.31
43.9,11.182,0.832,538.17,2.71,52.65,274.8,83.31,177.31
43.94,11.203,0.834,538.86,2.71,52.6,274.3,83.3,177.32
44.0,11.235,0.838,539.88,2.71,52.56,275.0,83.3,177.32
44.06,11.267,0.842,540.9,2.72,52.51,274.4,83.29,177.33
44.12,11.3,0.846,541.93,2.72,52.45,274.9,83.28,177.34
44.16,11.321,0.848,542.61,2.73,52.42,275.2,83.27,177.34
44.22,11.354,0.852,543.64,2.73,52.36,275.6,83.26,177.34
44.26,11.375,0.854,544.33,2.73,52.32,275.5,83.26,177.35
44.32,11.408,0.858,545.37,2.74,52.27,275.1,83.25,177.35
44.36,11.429,0.861,546.06,2.74,52.23,274.9,83.24,177.36
44.42,11.462,0.865,547.1,2.74,52.17,275.0,83.23,177.36
44.46,11.484,0.867,547.79,2.75,52.13,275.0,83.23,177.37
44.52,11.516,0.871,548.83,2.75,52.07,274.9,83.22,177.37
44.56,11.538,0.874,549.53,2.75,52.03,275.5,83.22,177.38
44.62,11.571,0.877,550.58,2.76,51.97,275.9,83.21,177.38
44.66,11.593,0.88,551.28,2.76,51.93,276.1,83.2,177.38
44.72,11.626,0.884,552.33,2.77,51.87,275.8,83.19,177.39
44.78,11.659,0.888,553.38,2.77,51.81,275.5,83.18,177.4
44.82,11.681,0.89,554.09,2.77,51.77,275.6,83.17,177.4
44.86,11.703,0.893,554.79,2.78,51.73,276.0,83.17,177.4
44.92,11.736,0.897,555.85,2.78,51.66,275.1,83.16,177.41
44.96,11.758,0.9,556.56,2.78,51.62,276.1,83.15,177.41
45.02,11.791,0.903,557.62,2.79,51.56,275.6,83.14,177.42
45.08,11.824,0.907,558.69,2.79,51.49,275.6,83.13,177.43
45.12,11.847,0.91,559.4,2.79,51.45,275.6,83.13,177.43
45.16,11.869,0.913,560.11,2.79,51.41,276.1,83.12,177.43
45.22,11.902,0.917,561.18,2.8,51.34,276.5,83.11,177.44
45.28,11.936,0.921,562.25,2.8,51.28,276.4,83.1,177.44
45.32,11.958,0.923,562.97,2.8,51.23,276.0,83.1,177.45
45.38,11.992,0.927,564.05,2.81,51.17,276.7,83.09,177.45
45.42,12.014,0.93,564.77,2.81,51.12,276.4,83.09,177.45
45.46,12.037,0.933,565.49,2.82,51.08,276.3,83.08,177.46
45.52,12.07,0.937,566.58,2.82,51.01,276.7,83.07,177.46
45.58,12.104,0.941,567.67,2.83,50.92,276.6,83.06,177.47
45.64,12.138,0.945,568.75,2.83,50.87,276.4,83.06,177.48
45.68,12.161,0.948,569.48,2.83,50.82,276.4,83.05,177.48
45.74,12.195,0.952,570.58,2.84,50.76,276.9,83.04,177.48
45.78,12.217,0.955,571.31,2.84,50.71,276.1,83.04,177.49
45.82,12.24,0.957,572.04,2.84,50.66,276.5,83.03,177.49
45.88,12.274,0.961,573.14,2.85,50.59,276.7,83.02,177.5
45.94,12.308,0.966,574.25,2.85,50.52,276.7,83.01,177.5
45.98,12.331,0.968,574.98,2.85,50.47,276.5,83.0,177.51
46.04,12.365,0.973,576.09,2.86,50.4,277.2,82.99,177.51
46.08,12.388,0.975,576.83,2.86,50.35,277.2,82.99,177.52
46.14,12.423,0.98,577.94,2.87,50.28,276.4,82.98,177.52
46.18,12.446,0.982,578.68,2.87,50.23,276.9,82.97,177.53
46.24,12.48,0.987,579.8,2.87,50.16,277.5,82.96,177.53
46.28,12.503,0.989,580.55,2.88,50.11,276.5,82.96,177.53
46.34,12.538,0.994,581.67,2.88,50.03,277.8,82.95,177.54
46.38,12.561,0.996,582.41,2.88,49.98,276.8,82.94,177.54
46.42,12.584,0.999,583.16,2.89,49.93,277.1,82.94,177.55
46.46,12.607,1.002,583.91,2.89,49.88,277.8,82.93,177.55
46.52,12.642,1.005,585.04,2.89,49.81,277.7,82.93,177.55
46.58,12.677,1.009,586.18,2.9,49.73,277.2,82.92,177.56
46.6,12.7,1.012,586.93,2.9,49.68,277.9,82.91,177.56
46.68,12.735,1.016,588.07,2.91,49.6,277.2,82.9,177.57
46.72,12.759,1.019,588.82,2.91,49.55,277.0,82.9,177.57
46.78,12.794,1.024,589.96,2.91,49.47,276.7,82.89,177.57
46.84,12.829,1.028,591.1,2.92,49.4,277.0,82.88,177.58
46.88,12.852,1.031,591.86,2.92,49.34,277.3,82.88,177.58
46.92,12.876,1.034,592.63,2.92,49.29,277.7,82.87,177.59
46.98,12.911,1.038,593.77,2.93,49.21,277.8,82.86,177.59
47.04,12.947,1.043,594.92,2.93,49.13,277.2,82.85,177.6
47.08,12.97,1.045,595.68,2.93,49.07,277.2,82.85,177.6
47.12,12.994,1.048,596.45,2.93,49.02,277.8,82.84,177.6
47.18,13.029,1.053,597.61,2.94,48.94,278.2,82.83,177.61
47.24,13.065,1.057,598.76,2.94,48.85,277.9,82.82,177.61
47.26,13.089,1.06,599.54,2.94,48.8,277.0,82.82,177.62
47.34,13.125,1.065,600.7,2.95,48.72,277.3,82.81,177.62
47.38,13.149,1.068,601.47,2.95,48.66,277.2,82.8,177.63
47.44,13.184,1.072,602.64,2.96,48.58,277.6,82.8,177.63
47.48,13.208,1.075,603.42,2.96,48.52,277.3,82.79,177.63
47.52,13.232,1.078,604.2,2.96,48.46,277.8,82.78,177.64
47.58,13.268,1.083,605.37,2.97,48.38,277.3,82.78,177.64
47.62,13.292,1.086,606.15,2.97,48.32,277.9,82.77,177.65
47.68,13.328,1.09,607.33,2.97,48.23,277.6,82.76,177.65
47.74,13.365,1.095,608.51,2.98,48.15,278.6,82.75,177.66
47.8,13.401,1.099,609.69,2.98,48.06,277.9,82.74,177.66
47.84,13.425,1.102,610.48,2.99,48.0,278.4,82.74,177.67
47.88,13.449,1.105,611.27,2.99,47.94,277.6,82.73,177.67
47.94,13.486,1.11,612.46,3.0,47.86,277.5,82.72,177.67
47.98,13.51,1.113,613.26,3.0,47.8,278.7,82.72,177.68
48.04,13.547,1.118,614.45,3.01,47.71,278.7,82.71,177.68
48.1,13.583,1.122,615.65,3.01,47.62,277.8,82.7,177.68
48.14,13.608,1.125,616.45,3.01,47.56,277.9,82.7,177.69
48.16,13.62,1.127,616.85,3.01,47.53,278.1,82.7,177.69
48.16,13.632,1.13,617.65,3.02,47.47,277.9,82.69,177.69
48.24,13.669,1.133,618.45,3.02,47.41,277.9,82.68,177.7
48.28,13.694,1.136,619.26,3.02,47.35,278.2,82.68,177.7
48.34,13.731,1.141,620.47,3.03,47.26,278.4,82.67,177.71
48.38,13.755,1.144,621.28,3.03,47.2,279.1,82.66,177.71
48.44,13.792,1.149,622.5,3.04,47.11,278.4,82.65,177.71
48.48,13.817,1.152,623.31,3.04,47.05,279.0,82.65,177.72
48.54,13.854,1.157,624.53,3.05,46.95,278.4,82.64,177.72
48.58,13.879,1.16,625.34,3.05,46.89,278.4,82.63,177.73
48.64,13.916,1.165,626.57,3.06,46.8,279.2,82.63,177.73
48.68,13.941,1.168,627.39,3.06,46.74,279.4,82.62,177.73
48.74,13.978,1.173,628.62,3.07,46.65,278.8,82.61,177.74
48.78,14.003,1.176,629.44,3.07,46.58,278.7,82.61,177.74
48.84,14.041,1.181,630.68,3.07,46.49,279.4,82.6,177.74
48.9,14.078,1.186,631.92,3.08,46.4,279.4,82.59,177.75
48.94,14.104,1.189,632.74,3.08,46.33,279.2,82.59,177.75
49.0,14.141,1.194,633.98,3.09,46.24,278.6,82.58,177.76
49.04,14.166,1.197,634.81,3.09,46.17,278.3,82.57,177.76
49.1,14.204,1.202,636.06,3.09,46.08,278.8,82.56,177.76
49.14,14.229,1.205,636.89,3.1,46.02,279.3,82.56,177.77
49.2,14.267,1.21,638.14,3.1,45.92,278.8,82.55,177.77
49.24,14.293,1.213,638.98,3.1,45.86,278.5,82.54,177.78
49.3,14.331,1.218,640.24,3.11,45.76,279.0,82.54,177.78
49.34,14.356,1.221,641.08,3.11,45.7,279.2,82.53,177.78
49.4,14.394,1.226,642.34,3.12,45.6,278.4,82.52,177.79
49.44,14.42,1.23,643.18,3.12,45.53,278.9,82.52,177.79
49.5,14.458,1.235,644.44,3.12,45.44,278.9,82.51,177.8
49.56,14.497,1.24,645.71,3.13,45.34,278.7,82.5,177.8
49.6,14.522,1.243,646.56,3.13,45.27,278.6,82.5,177.8
49.66,14.561,1.248,647.84,3.14,45.17,279.1,82.49,177.8
49.7,14.587,1.251,648.69,3.14,45.11,279.0,82.48,177.81
49.76,14.625,1.257,649.97,3.15,45.01,279.4,82.48,177.81
49.8,14.651,1.26,650.83,3.15,44.94,278.4,82.47,177.81
49.86,14.69,1.265,652.11,3.16,44.85,279.6,82.46,177.82
49.9,14.716,1.268,652.97,3.16,44.78,279.2,82.46,177.82
49.96,14.755,1.275,654.26,3.17,44.68,279.4,82.44,177.83
50.02,14.794,1.28,655.55,3.17,44.58,278.6,82.44,177.84
50.06,14.82,1.284,656.41,3.17,44.51,279.2,82.43,177.84
50.1,14.846,1.287,657.28,3.18,44.45,278.8,82.42,177.84
50.16,14.885,1.292,658.58,3.18,44.35,279.4,82.42,177.85
50.22,14.924,1.297,659.88,3.19,44.25,279.3,82.41,177.86
50.26,14.95,1.301,660.75,3.19,44.18,279.5,82.4,177.86
50.32,14.99,1.306,662.06,3.2,44.08,279.4,82.39,177.86
50.36,15.016,1.31,662.94,3.2,44.01,280.0,82.39,177.87
50.4,15.042,1.313,663.81,3.21,43.94,278.9,82.38,177.87
50.46,15.082,1.318,665.13,3.21,43.84,279.9,82.37,177.87
50.52,15.121,1.324,666.46,3.22,43.74,280.1,82.37,177.88
50.56,15.148,1.327,667.34,3.22,43.67,279.8,82.37,177.88
50.62,15.187,1.332,668.67,3.23,43.57,280.0,82.36,177.88
50.66,15.214,1.336,669.55,3.23,43.5,279.9,82.35,177.88
50.72,15.254,1.341,670.89,3.24,43.4,279.8,82.34,177.89
50.76,15.28,1.345,671.78,3.24,43.33,279.8,82.34,177.89
50.82,15.321,1.35,673.12,3.25,43.23,280.6,82.33,177.89
50.88,15.361,1.355,674.46,3.25,43.12,279.6,82.33,177.9
50.92,15.387,1.359,675.36,3.26,43.05,279.6,82.32,177.9
50.96,15.414,1.363,676.26,3.26,42.98,280.0,82.31,177.9
51.02,15.454,1.368,677.62,3.27,42.88,280.5,82.3,177.91
51.06,15.481,1.372,678.52,3.27,42.81,280.1,82.3,177.91
51.12,15.522,1.377,679.88,3.28,42.7,279.9,82.29,177.92
51.18,15.562,1.382,681.24,3.29,42.6,280.5,82.28,177.92
51.24,15.603,1.388,682.61,3.29,42.49,280.1,82.27,177.93
51.28,15.63,1.391,683.52,3.29,42.42,280.1,82.27,177.93
51.32,15.657,1.395,684.43,3.3,42.35,280.0,82.26,177.94
51.38,15.698,1.401,685.8,3.31,42.24,280.3,82.25,177.94
51.42,15.725,1.404,686.72,3.31,42.17,280.4,82.25,177.95
51.48,15.766,1.41,688.1,3.31,42.06,280.6,82.24,177.95
51.54,15.807,1.415,689.49,3.32,41.95,281.0,82.23,177.96
51.58,15.834,1.419,690.42,3.33,41.88,281.0,82.22,177.96
51.62,15.862,1.423,691.34,3.33,41.81,280.6,82.22,177.96
51.68,15.903,1.428,692.74,3.34,41.7,281.0,82.21,177.96
51.72,15.93,1.432,694.14,3.34,41.59,280.8,82.21,177.96
51.78,15.971,1.438,695.07,3.35,41.52,280.7,82.2,177.97
51.84,16.013,1.443,696.48,3.36,41.41,281.6,82.19,177.97
51.88,16.041,1.447,697.42,3.36,41.34,280.7,82.19,177.97
51.92,16.068,1.451,698.36,3.37,41.26,281.5,82.18,177.97
51.98,16.11,1.456,699.77,3.37,41.15,281.0,82.17,177.98
52.04,16.151,1.462,701.19,3.38,41.04,281.3,82.17,177.98
52.08,16.179,1.466,702.13,3.38,40.97,280.9,82.16,177.99
52.14,16.221,1.472,703.55,3.39,40.86,281.1,82.15,177.99
52.18,16.249,1.475,704.5,3.39,40.79,280.9,82.15,178.0
52.22,16.277,1.479,705.45,3.39,40.71,280.5,82.14,178.0
52.28,16.319,1.485,706.89,3.4,40.6,280.9,82.13,178.01
52.34,16.361,1.491,708.32,3.41,40.49,280.7,82.13,178.01
52.38,16.389,1.494,709.28,3.41,40.42,281.1,82.12,178.02
52.44,16.431,1.5,710.72,3.42,40.31,281.1,82.11,178.02
52.48,16.459,1.504,711.69,3.42,40.23,281.4,82.1,178.02
52.54,16.502,1.51,713.13,3.43,40.12,280.5,82.09,178.03
52.58,16.53,1.514,714.1,3.43,40.05,281.3,82.09,178.03
52.64,16.573,1.52,715.55,3.44,39.94,280.9,82.08,178.03
52.68,16.601,1.524,716.52,3.44,39.86,281.0,82.08,178.04
52.74,16.644,1.529,717.98,3.45,39.75,281.5,82.07,178.04
52.8,16.686,1.535,719.44,3.46,39.64,280.6,82.06,178.05
52.84,16.715,1.539,720.42,3.46,39.57,281.0,82.06,178.05
52.88,16.743,1.543,721.4,3.46,39.49,281.0,82.05,178.05
52.94,16.786,1.549,722.87,3.47,39.38,281.1,82.04,178.06
52.98,16.829,1.555,724.35,3.47,39.27,281.0,82.04,178.06
53.04,16.858,1.559,725.34,3.48,39.19,281.8,82.03,178.06
53.08,16.887,1.563,726.32,3.49,39.12,280.8,82.03,178.06
53.14,16.93,1.569,727.81,3.49,39.01,281.3,82.02,178.07
53.18,16.959,1.573,728.8,3.49,38.93,281.4,82.01,178.07
53.24,17.002,1.579,730.29,3.5,38.82,281.6,82.01,178.07
53.3,17.046,1.585,731.79,3.51,38.7,281.8,82.0,178.07
53.34,17.075,1.589,732.79,3.52,38.63,281.6,81.99,178.08
53.4,17.118,1.595,734.29,3.52,38.52,281.6,81.99,178.08
53.44,17.148,1.599,735.29,3.53,38.44,282.0,81.98,178.09
53.5,17.191,1.605,736.8,3.53,38.33,281.6,81.97,178.09
53.54,17.221,1.609,737.81,3.54,38.25,280.8,81.97,178.09
53.6,17.264,1.616,739.33,3.54,38.14,281.6,81.96,178.09
53.64,17.294,1.62,740.34,3.55,38.06,281.2,81.96,178.09
53.7,17.338,1.626,741.86,3.55,37.95,281.5,81.95,178.1
53.74,17.367,1.63,742.88,3.56,37.87,281.7,81.94,178.1
53.8,17.411,1.636,744.41,3.56,37.76,281.1,81.93,178.1
53.84,17.441,1.64,745.43,3.57,37.68,281.5,81.93,178.1
53.9,17.485,1.646,746.96,3.57,37.57,281.0,81.92,178.1
53.94,17.515,1.651,747.99,3.58,37.49,281.5,81.92,178.1
54.0,17.559,1.657,749.53,3.59,37.38,281.9,81.91,178.1
54.04,17.589,1.663,750.56,3.59,37.26,281.2,81.9,178.1
54.1,17.634,1.667,752.11,3.6,37.19,281.7,81.9,178.11
54.14,17.664,1.672,753.14,3.6,37.11,281.8,81.89,178.11
54.2,17.708,1.678,754.7,3.61,37.0,281.6,81.88,178.11
54.26,17.753,1.684,756.26,3.62,36.88,281.3,81.88,178.12
54.3,17.783,1.688,757.3,3.62,36.81,282.1,81.87,178.13
54.36,17.828,1.695,758.87,3.63,36.69,282.2,81.86,178.13
54.4,17.858,1.699,759.92,3.63,36.62,281.8,81.85,178.14
54.46,17.904,1.705,761.5,3.64,36.5,281.9,81.85,178.15
54.5,17.934,1.71,762.55,3.65,36.43,282.4,81.84,178.16
54.56,17.979,1.716,764.14,3.66,36.31,282.2,81.83,178.17
54.6,18.01,1.72,765.19,3.66,36.24,282.0,81.83,178.17
54.66,18.055,1.727,766.79,3.67,36.12,282.2,81.82,178.18
54.72,18.101,1.733,768.38,3.67,36.01,281.8,81.81,178.19
54.76,18.131,1.738,769.44,3.68,35.93,282.1,81.81,178.2
54.8,18.162,1.742,770.51,3.68,35.85,281.6,81.8,178.2
54.86,18.207,1.751,772.65,3.69,35.7,282.2,81.79,178.21
54.92,18.253,1.755,773.72,3.7,35.62,282.2,81.79,178.21
54.96,18.284,1.759,774.79,3.7,35.55,282.2,81.78,178.21
55.02,18.33,1.766,776.41,3.71,35.43,282.6,81.78,178.21
55.06,18.361,1.77,777.49,3.71,35.36,281.9,81.77,178.21
55.1,18.392,1.775,778.57,3.72,35.28,281.9,81.77,178.21
55.16,18.438,1.781,780.2,3.73,35.16,282.3,81.76,178.21
55.22,18.484,1.788,781.83,3.74,35.05,282.6,81.75,178.21
55.26,18.515,1.793,782.91,3.74,34.97,282.0,81.75,178.21
55.32,18.562,1.799,784.55,3.74,34.86,282.0,81.74,178.21
55.36,18.593,1.804,785.64,3.75,34.78,281.6,81.73,178.21
55.4,18.624,1.808,786.74,3.75,34.71,282.7,81.73,178.21
55.46,18.671,1.815,788.38,3.76,34.59,282.3,81.72,178.21
55.52,18.718,1.822,790.03,3.77,34.48,282.4,81.71,178.21
55.56,18.749,1.826,791.14,3.77,34.4,281.9,81.71,178.21
55.62,18.796,1.833,792.79,3.78,34.28,282.3,81.7,178.22
55.68,18.843,1.84,794.45,3.79,34.17,282.6,81.69,178.22
55.72,18.875,1.844,795.56,3.79,34.09,281.9,81.68,178.22
55.76,18.906,1.849,796.67,3.8,34.02,282.6,81.68,178.23
55.82,18.954,1.856,798.34,3.8,33.9,281.9,81.67,178.23
55.86,18.985,1.86,799.46,3.81,33.83,282.5,81.67,178.24
55.92,19.033,1.867,801.14,3.82,33.71,282.6,81.66,178.24
55.98,19.081,1.874,802.82,3.82,33.6,282.4,81.65,178.25
56.02,19.112,1.879,803.95,3.83,33.52,282.3,81.65,178.26
56.06,19.144,1.883,805.07,3.83,33.44,281.9,81.64,178.26
56.12,19.192,1.89,807.33,3.84,33.29,282.7,81.64,178.27
56.16,19.24,1.897,808.46,3.85,33.21,282.3,81.63,178.27
56.22,19.272,1.902,809.6,3.85,33.14,282.8,81.62,178.28
56.28,19.32,1.909,811.31,3.86,33.02,282.5,81.62,178.29
56.32,19.352,1.913,812.44,3.87,32.91,282.9,81.61,178.29
56.38,19.401,1.92,814.16,3.87,32.83,282.4,81.61,178.3
56.44,19.449,1.927,815.88,3.88,32.72,282.7,81.6,178.3
56.48,19.481,1.932,817.03,3.89,32.64,282.4,81.59,178.31
56.52,19.514,1.937,818.18,3.9,32.57,283.2,81.59,178.31
56.58,19.562,1.944,819.91,3.9,32.45,282.3,81.58,178.31
56.62,19.595,1.949,821.07,3.91,32.38,283.1,81.58,178.31
56.68,19.644,1.956,822.8,3.91,32.26,282.4,81.57,178.32
56.74,19.693,1.963,824.55,3.93,32.15,283.3,81.56,178.32
56.78,19.725,1.968,825.71,3.93,32.07,282.7,81.56,178.32
56.84,19.774,1.975,827.46,3.94,31.96,282.5,81.55,178.32
56.88,19.807,1.98,828.63,3.94,31.88,283.0,81.54,178.32
56.92,19.84,1.985,829.8,3.95,31.81,282.3,81.54,178.32
56.98,19.889,1.992,831.56,3.95,31.69,282.7,81.53,178.32
57.04,19.939,1.999,833.33,3.96,31.58,283.1,81.52,178.32
57.08,19.972,2.004,834.51,3.97,31.5,282.3,81.51,178.32
57.14,20.021,2.011,836.28,3.98,31.39,282.6,81.51,178.32
57.18,20.055,2.016,837.47,3.98,31.31,283.1,81.5,178.32
57.24,20.104,2.024,839.25,3.99,31.2,282.6,81.49,178.32
57.28,20.138,2.028,840.44,4.0,31.12,283.2,81.49,178.32
57.34,20.187,2.036,842.23,4.01,31.01,283.0,81.48,178.33
57.38,20.221,2.041,843.43,4.01,30.94,283.1,81.48,178.33
57.44,20.271,2.048,845.23,4.02,30.82,283.1,81.47,178.33
57.5,20.321,2.056,847.03,4.02,30.71,282.7,81.46,178.34
57.54,20.355,2.061,848.24,4.03,30.64,283.6,81.46,178.34
57.58,20.388,2.068,850.05,4.04,30.52,283.8,81.45,178.34
57.64,20.439,2.073,851.26,4.05,30.45,282.9,81.45,178.35
57.7,20.489,2.08,853.08,4.05,30.33,283.4,81.44,178.35
57.74,20.523,2.085,854.3,4.06,30.26,283.4,81.43,178.36
57.8,20.574,2.093,856.12,4.07,30.15,282.6,81.43,178.36
57.84,20.608,2.098,857.34,4.07,30.07,283.3,81.42,178.37
57.88,20.642,2.103,858.57,4.08,30.0,283.2,81.42,178.37
57.94,20.693,2.111,860.4,4.08,29.88,283.0,81.41,178.38
58.0,20.744,2.118,862.25,4.09,29.77,283.9,81.41,178.39
58.04,20.778,2.123,863.48,4.1,29.7,283.5,81.4,178.39
58.1,20.829,2.131,865.33,4.11,29.59,283.1,81.39,178.4
58.14,20.864,2.136,866.57,4.11,29.51,283.1,81.39,178.4
58.2,20.915,2.144,868.42,4.12,29.4,282.5,81.39,178.41
58.24,20.95,2.149,869.67,4.12,29.32,283.5,81.38,178.41
58.3,21.001,2.157,871.54,4.13,29.21,283.4,81.37,178.41
58.36,21.053,2.164,873.41,4.14,29.1,283.2,81.37,178.42
58.4,21.088,2.17,874.66,4.15,29.03,282.9,81.36,178.42
58.44,21.122,2.175,875.91,4.15,28.95,283.5,81.35,178.42
58.5,21.174,2.183,877.8,4.16,28.84,283.6,81.35,178.43
58.54,21.209,2.188,879.06,4.17,28.77,283.3,81.34,178.43
58.6,21.261,2.196,880.95,4.17,28.65,282.8,81.33,178.43
58.66,21.314,2.204,882.84,4.18,28.54,283.7,81.33,178.43
58.7,21.349,2.209,884.11,4.19,28.47,283.6,81.32,178.43
58.76,21.401,2.217,886.02,4.2,28.36,283.8,81.31,178.43
58.8,21.436,2.222,887.3,4.21,28.28,283.9,81.31,178.43
58.84,21.471,2.227,888.57,4.21,28.21,282.9,81.3,178.43
58.9,21.524,2.235,890.49,4.22,28.1,283.7,81.3,178.43
58.96,21.577,2.243,892.41,4.23,27.99,284.1,81.29,178.43
59.0,21.612,2.249,893.7,4.23,27.91,283.7,81.28,178.44
59.06,21.666,2.257,895.63,4.24,27.8,284.1,81.27,178.44
59.1,21.701,2.262,896.93,4.25,27.73,284.3,81.27,178.44
59.14,21.736,2.267,898.22,4.26,27.65,283.2,81.26,178.44
59.2,21.79,2.275,900.16,4.26,27.54,283.9,81.26,178.44
59.26,21.843,2.283,902.11,4.27,27.43,283.4,81.25,178.44
59.3,21.879,2.289,903.41,4.28,27.36,283.2,81.24,178.44
59.36,21.933,2.297,905.37,4.29,27.25,283.4,81.24,178.45
59.4,21.969,2.302,906.68,4.29,27.17,284.0,81.23,178.45
59.46,22.022,2.311,908.64,4.3,27.06,283.2,81.23,178.45
59.5,22.058,2.316,909.96,4.3,26.99,283.8,81.22,178.45
59.56,22.112,2.324,911.93,4.32,26.88,283.8,81.21,178.46
59.6,22.149,2.33,913.25,4.32,26.8,283.7,81.21,178.46
59.66,22.203,2.338,915.24,4.33,26.69,284.2,81.2,178.47
59.72,22.257,2.346,917.22,4.34,26.58,283.9,81.2,178.47
59.76,22.293,2.352,918.55,4.34,26.51,283.6,81.19,178.47
59.8,22.33,2.357,919.89,4.35,26.43,284.1,81.19,178.48
59.86,22.384,2.366,921.89,4.36,26.32,284.7,81.18,178.48
59.9,22.421,2.371,923.23,4.37,26.25,283.8,81.18,178.49
59.96,22.476,2.38,925.24,4.37,26.14,283.9,81.17,178.49
60.02,22.531,2.388,927.25,4.39,26.03,283.9,81.16,178.5
60.06,22.567,2.394,928.6,4.39,25.95,284.0,81.16,178.5
60.1,22.604,2.399,929.95,4.39,25.88,284.3,81.15,178.51
60.16,22.659,2.408,931.98,4.4,25.77,284.4,81.15,178.51
60.2,22.696,2.413,933.33,4.41,25.7,284.3,81.14,178.51
60.26,22.752,2.422,935.37,4.42,25.59,284.3,81.14,178.52
60.32,22.807,2.43,937.41,4.43,25.48,283.7,81.13,178.52
60.36,22.844,2.436,938.78,4.43,25.4,284.6,81.13,178.53
60.4,22.882,2.442,940.14,4.44,25.33,283.5,81.12,178.53
60.46,22.937,2.45,942.19,4.45,25.22,283.7,81.12,178.53
60.52,22.993,2.459,944.25,4.46,25.11,284.5,81.11,178.53
60.56,23.031,2.465,945.63,4.46,25.04,283.6,81.1,178.54
60.62,23.087,2.473,947.7,4.47,24.93,283.8,81.1,178.54
60.66,23.124,2.479,949.08,4.48,24.85,283.5,81.09,178.54
60.72,23.181,2.488,951.15,4.48,24.74,284.2,81.09,178.54
60.76,23.218,2.494,952.54,4.49,24.67,284.3,81.08,178.54
60.82,23.275,2.502,954.62,4.5,24.56,283.8,81.07,178.55
60.86,23.313,2.508,956.02,4.51,24.49,283.6,81.07,178.55
60.92,23.369,2.517,958.11,4.51,24.38,283.7,81.06,178.55
60.96,23.407,2.523,959.51,4.52,24.31,284.3,81.05,178.55
61.02,23.464,2.532,961.62,4.53,24.2,284.4,81.05,178.55
61.06,23.502,2.538,963.02,4.54,24.13,284.2,81.04,178.55
61.12,23.56,2.546,965.13,4.54,24.02,283.6,81.03,178.55
61.16,23.598,2.552,966.54,4.55,23.94,284.0,81.03,178.55
61.22,23.655,2.561,968.67,4.56,23.84,283.8,81.02,178.55
61.28,23.713,2.57,970.8,4.57,23.73,284.5,81.01,178.56
61.32,23.751,2.576,972.22,4.58,23.66,284.2,81.01,178.56
61.36,23.79,2.582,973.64,4.58,23.58,284.4,81.01,178.56
61.42,23.847,2.591,975.78,4.6,23.48,283.6,81.0,178.56
61.46,23.886,2.597,977.22,4.6,23.4,284.3,80.99,178.56
61.52,23.944,2.606,979.37,4.61,23.3,284.7,80.99,178.56
61.58,24.002,2.615,981.52,4.62,23.19,284.2,80.98,178.56
61.62,24.041,2.621,982.96,4.63,23.12,284.4,80.97,178.57
61.66,24.08,2.627,984.41,4.63,23.04,283.9,80.97,178.57
61.72,24.138,2.636,986.57,4.64,22.94,283.8,80.96,178.57
61.76,24.177,2.643,988.02,4.65,22.86,283.9,80.96,178.57
61.82,24.236,2.652,990.2,4.65,22.76,284.2,80.95,178.58
61.88,24.295,2.661,992.38,4.66,22.65,284.4,80.95,178.58
61.92,24.334,2.667,993.84,4.67,22.58,284.6,80.94,178.58
61.98,24.393,2.676,996.03,4.68,22.47,283.9,80.94,178.59
62.02,24.432,2.682,997.5,4.69,22.4,284.9,80.93,178.59
62.06,24.472,2.689,998.97,4.69,22.33,284.1,80.93,178.59
62.12,24.531,2.698,1001.18,4.7,22.22,284.7,80.92,178.6
62.18,24.591,2.707,1003.39,4.71,22.11,284.8,80.91,178.6
62.22,24.63,2.713,1004.87,4.72,22.04,284.9,80.91,178.6
62.28,24.69,2.723,1007.1,4.73,21.94,284.8,80.9,178.61
62.32,24.73,2.729,1008.58,4.74,21.87,284.6,80.9,178.61
62.38,24.79,2.739,1010.81,4.75,21.76,284.8,80.89,178.61
62.42,24.83,2.745,1012.3,4.75,21.69,284.7,80.89,178.62
62.48,24.89,2.754,1014.54,4.77,21.58,284.0,80.88,178.62
62.52,24.93,2.761,1016.04,4.77,21.51,284.6,80.88,178.62
62.58,24.99,2.77,1018.29,4.78,21.41,284.2,80.87,178.63
62.64,25.051,2.78,1020.55,4.79,21.3,284.7,80.86,178.63
62.68,25.091,2.786,1022.06,4.79,21.23,284.9,80.86,178.63
62.72,25.131,2.792,1023.57,4.8,21.16,284.7,80.86,178.64
62.78,25.192,2.802,1025.83,4.81,21.05,283.8,80.85,178.64
62.82,25.233,2.808,1027.35,4.81,20.98,284.0,80.84,178.64
62.88,25.294,2.818,1029.63,4.83,20.88,284.1,80.84,178.64
62.94,25.355,2.828,1031.91,4.84,20.77,283.9,80.83,178.65
62.98,25.396,2.834,1033.44,4.85,20.7,284.4,80.83,178.65
63.02,25.436,2.841,1034.97,4.85,20.63,284.7,80.82,178.65
63.08,25.498,2.85,1037.27,4.86,20.53,283.7,80.81,178.65
63.12,25.539,2.857,1038.8,4.87,20.46,285.0,80.81,178.65
63.18,25.6,2.867,1041.11,4.87,20.36,285.1,80.8,178.66
63.24,25.662,2.876,1043.43,4.89,20.25,284.5,80.79,178.66
63.28,25.703,2.883,1044.97,4.89,20.18,284.1,80.79,178.66
63.32,25.745,2.89,1046.52,4.9,20.11,284.7,80.79,178.66
63.38,25.807,2.899,1048.85,4.91,20.01,284.4,80.78,178.66
63.44,25.869,2.909,1051.19,4.92,19.91,284.7,80.77,178.66
63.48,25.911,2.916,1052.76,4.93,19.84,285.1,80.77,178.66
63.54,25.973,2.926,1055.1,4.94,19.73,284.8,80.76,178.66
63.58,26.015,2.933,1056.67,4.95,19.66,284.9,80.75,178.66
63.62,26.057,2.939,1058.25,4.95,19.6,284.8,80.75,178.67
63.68,26.119,2.949,1060.6,4.96,19.49,284.4,80.74,178.67
63.74,26.182,2.959,1062.97,4.98,19.39,285.0,80.74,178.67
63.78,26.224,2.966,1064.55,4.98,19.32,284.2,80.73,178.67
63.84,26.288,2.976,1066.93,4.99,19.22,284.8,80.72,178.67
63.88,26.33,2.983,1068.51,5.0,19.15,284.1,80.72,178.67
63.92,26.372,2.99,1070.11,5.01,19.08,285.2,80.71,178.67
63.98,26.436,3.0,1072.5,5.01,18.98,284.6,80.71,178.67
64.04,26.499,3.01,1074.89,5.03,18.88,284.1,80.7,178.67
64.08,26.542,3.017,1076.49,5.03,18.81,284.4,80.7,178.67
64.14,26.606,3.027,1078.9,5.04,18.71,285.0,80.69,178.67
64.18,26.648,3.034,1080.5,5.05,18.64,283.9,80.69,178.68
64.24,26.712,3.044,1082.92,5.06,18.54,284.5,80.68,178.68
64.28,26.755,3.051,1084.53,5.07,18.47,284.9,80.67,178.68
64.34,26.819,3.061,1086.96,5.07,18.37,284.4,80.67,178.68
64.38,26.862,3.068,1088.58,5.08,18.3,284.6,80.66,178.68
64.44,26.927,3.079,1091.02,5.09,18.2,285.2,80.66,178.68
64.48,26.97,3.086,1092.65,5.1,18.13,284.8,80.65,178.68
64.54,27.035,3.096,1095.09,5.11,18.03,284.5,80.65,178.69
64.58,27.078,3.103,1096.72,5.11,17.97,284.2,80.64,178.69
64.64,27.143,3.114,1099.18,5.13,17.87,285.3,80.63,178.69
64.7,27.208,3.124,1101.65,5.14,17.77,284.5,80.63,178.69
64.74,27.252,3.131,1103.29,5.14,17.7,284.8,80.62,178.69
64.8,27.317,3.142,1105.77,5.15,17.6,284.1,80.62,178.7
64.84,27.361,3.149,1107.42,5.16,17.53,285.2,80.61,178.7
64.88,27.405,3.156,1109.08,5.17,17.47,284.8,80.61,178.7
64.94,27.471,3.166,1111.57,5.18,17.37,284.4,80.6,178.7
65.0,27.537,3.177,1114.06,5.19,17.27,285.0,80.6,178.71
65.04,27.581,3.184,1115.73,5.2,17.2,284.1,80.59,178.71
65.1,27.647,3.195,1118.23,5.21,17.11,284.6,80.59,178.71
65.14,27.691,3.202,1119.9,5.21,17.04,284.4,80.58,178.71
65.2,27.757,3.213,1122.42,5.22,16.94,284.2,80.58,178.72
65.24,27.802,3.22,1124.1,5.23,16.88,284.7,80.57,178.72
65.3,27.868,3.231,1126.63,5.24,16.78,284.3,80.57,178.72
65.34,27.913,3.238,1128.32,5.25,16.71,284.8,80.56,178.72
65.4,27.98,3.249,1130.86,5.26,16.62,285.2,80.56,178.72
65.44,28.025,3.256,1132.55,5.27,16.55,284.3,80.55,178.73
65.5,28.092,3.267,1135.1,5.28,16.45,284.8,80.54,178.73
65.54,28.137,3.274,1136.8,5.29,16.39,284.6,80.54,178.73
65.6,28.204,3.285,1139.36,5.3,16.29,284.3,80.53,178.73
65.64,28.249,3.293,1141.06,5.3,16.23,284.9,80.53,178.73
65.7,28.317,3.304,1143.64,5.32,16.13,284.8,80.52,178.74
65.76,28.385,3.315,1146.22,5.33,16.03,285.2,80.52,178.74
65.8,28.43,3.322,1147.94,5.33,15.97,284.7,80.51,178.74
65.86,28.498,3.333,1150.53,5.35,15.87,284.8,80.51,178.74
65.9,28.543,3.341,1152.26,5.36,15.81,285.3,80.5,178.74
65.94,28.589,3.348,1153.99,5.36,15.75,284.9,80.5,178.74
66.0,28.657,3.359,1156.59,5.37,15.65,284.8,80.49,178.74
66.06,28.726,3.371,1159.2,5.38,15.56,284.9,80.49,178.74
66.1,28.772,3.378,1160.94,5.39,15.49,284.2,80.48,178.75
66.16,28.841,3.389,1163.55,5.4,15.4,284.6,80.47,178.75
66.2,28.887,3.397,1165.31,5.41,15.34,285.3,80.47,178.75
66.26,28.956,3.408,1167.94,5.42,15.24,285.0,80.46,178.75
66.3,29.002,3.416,1169.7,5.42,15.18,285.2,80.46,178.75
66.36,29.071,3.427,1172.35,5.44,15.08,285.4,80.45,178.75
66.4,29.118,3.435,1174.11,5.44,15.02,285.3,80.45,178.75
66.46,29.187,3.446,1176.76,5.46,14.93,284.8,80.44,178.75
66.5,29.234,3.454,1178.54,5.46,14.87,285.2,80.44,178.75
66.56,29.303,3.465,1181.2,5.48,14.77,285.0,80.43,178.75
66.6,29.35,3.473,1182.99,5.48,14.71,285.3,80.42,178.75
66.66,29.42,3.485,1185.66,5.5,14.62,285.3,80.42,178.75
66.7,29.467,3.492,1187.45,5.5,14.56,284.4,80.41,178.75
66.76,29.538,3.504,1190.13,5.52,14.46,285.3,80.4,178.75
66.8,29.585,3.512,1191.93,5.52,14.4,285.4,80.4,178.75
66.86,29.655,3.523,1194.63,5.53,14.31,284.7,80.39,178.75
66.9,29.702,3.531,1196.43,5.54,14.25,285.1,80.39,178.75
66.96,29.773,3.543,1199.14,5.55,14.16,285.1,80.38,178.75
67.02,29.844,3.555,1201.86,5.56,14.07,284.8,80.37,178.75
67.06,29.892,3.562,1203.67,5.57,14.01,284.4,80.37,178.75
67.12,29.963,3.574,1206.4,5.58,13.92,284.9,80.37,178.75
67.16,30.011,3.582,1208.22,5.59,13.86,284.9,80.36,178.75
67.22,30.083,3.594,1210.96,5.6,13.76,284.2,80.35,178.75
67.26,30.13,3.602,1212.79,5.61,13.7,285.5,80.35,178.75
67.32,30.202,3.614,1215.54,5.62,13.61,285.3,80.34,178.74
67.36,30.25,3.622,1217.37,5.62,13.56,284.8,80.34,178.74
67.42,30.322,3.634,1220.14,5.64,13.47,285.2,80.33,178.74
67.46,30.371,3.642,1221.98,5.65,13.41,285.1,80.33,178.74
67.52,30.443,3.654,1224.76,5.66,13.32,285.5,80.32,178.74
67.56,30.491,3.662,1226.61,5.66,13.26,284.9,80.32,178.74
67.62,30.564,3.674,1229.39,5.68,13.17,285.1,80.31,178.74
67.66,30.613,3.682,1231.25,5.68,13.11,285.1,80.31,178.74
67.72,30.686,3.694,1234.05,5.7,13.02,285.2,80.3,178.74
67.76,30.734,3.702,1235.92,5.71,12.96,285.3,80.29,178.74
67.82,30.808,3.714,1238.73,5.72,12.88,284.9,80.29,178.74
67.88,30.881,3.727,1241.54,5.73,12.79,285.3,80.28,178.74
67.92,30.93,3.735,1243.42,5.74,12.73,285.3,80.28,178.74
67.98,31.004,3.747,1246.25,5.75,12.64,284.3,80.27,178.74
68.02,31.053,3.755,1248.14,5.76,12.59,284.2,80.26,178.74
68.06,31.102,3.763,1250.03,5.76,12.53,285.0,80.26,178.74
68.12,31.176,3.776,1252.86,5.78,12.44,284.3,80.25,178.74
68.18,31.251,3.788,1255.71,5.79,12.36,285.3,80.25,178.74
68.22,31.3,3.797,1257.62,5.79,12.3,284.6,80.24,178.74
68.28,31.375,3.809,1260.47,5.81,12.21,284.5,80.24,178.74
68.32,31.425,3.817,1262.38,5.81,12.16,284.9,80.24,178.74
68.36,31.474,3.826,1264.29,5.82,12.1,284.8,80.23,178.74
68.42,31.549,3.838,1267.17,5.83,12.02,284.9,80.22,178.74
68.48,31.624,3.851,1270.05,5.85,11.93,284.6,80.22,178.74
68.52,31.675,3.859,1271.98,5.85,11.88,285.2,80.21,178.74
68.58,31.75,3.872,1274.88,5.86,11.79,284.7,80.21,178.74
68.62,31.8,3.88,1276.81,5.87,11.74,284.8,80.2,178.74
68.68,31.876,3.893,1279.72,5.88,11.65,285.6,80.2,178.74
68.72,31.926,3.901,1281.66,5.9,11.6,285.1,80.19,178.74
68.78,32.002,3.914,1284.59,5.91,11.52,284.7,80.19,178.74
68.84,32.079,3.927,1287.51,5.92,11.43,285.6,80.18,178.73
68.88,32.129,3.936,1289.47,5.93,11.38,285.6,80.17,178.73
68.94,32.206,3.948,1292.41,5.94,11.3,285.0,80.17,178.73
68.98,32.257,3.957,1294.37,5.95,11.25,284.8,80.17,178.73
69.02,32.308,3.966,1296.35,5.96,11.19,285.6,80.16,178.73
69.08,32.385,3.979,1299.3,5.97,11.11,284.8,80.15,178.73
69.14,32.462,3.992,1302.26,5.98,11.03,284.9,80.15,178.73
69.18,32.513,4.0,1304.24,5.99,10.98,284.6,80.15,178.73
69.24,32.59,4.013,1307.21,6.0,10.9,284.7,80.14,178.73
69.28,32.642,4.022,1309.2,6.01,10.85,285.0,80.14,178.73
69.32,32.694,4.031,1311.19,6.01,10.79,285.1,80.13,178.73
69.38,32.771,4.044,1314.19,6.03,10.71,285.5,80.12,178.72
69.44,32.849,4.057,1317.19,6.04,10.64,285.1,80.12,178.72
69.48,32.901,4.066,1319.2,6.05,10.58,284.7,80.11,178.72
69.54,32.979,4.079,1322.21,6.06,10.51,285.4,80.11,178.72
69.58,33.032,4.088,1324.23,6.08,10.46,284.9,80.1,178.72
69.64,33.11,4.101,1327.26,6.09,10.38,285.4,80.09,178.72
69.68,33.162,4.11,1329.28,6.09,10.33,284.8,80.09,178.71
69.74,33.241,4.123,1332.32,6.11,10.25,285.9,80.08,178.71
69.8,33.32,4.137,1335.37,6.12,10.18,285.9,80.08,178.71
69.84,33.373,4.146,1337.41,6.13,10.13,285.4,80.07,178.71
69.88,33.426,4.155,1339.45,6.14,10.08,285.7,80.07,178.71
69.94,33.505,4.168,1342.51,6.15,10.0,284.8,80.06,178.7
69.98,33.558,4.177,1344.56,6.16,9.95,286.1,80.06,178.7
70.04,33.638,4.191,1347.64,6.17,9.88,285.3,80.05,178.7
70.1,33.717,4.204,1350.72,6.19,9.8,285.0,80.05,178.69
70.14,33.771,4.213,1352.78,6.19,9.75,285.3,80.04,178.69
70.18,33.824,4.222,1354.84,6.2,9.71,286.1,80.04,178.69
70.24,33.904,4.236,1357.94,6.21,9.63,285.0,80.03,178.69
70.28,33.958,4.245,1360.02,6.22,9.58,285.5,80.03,178.68
70.34,34.039,4.259,1363.13,6.23,9.51,286.1,80.02,178.68
70.4,34.119,4.273,1366.26,6.25,9.44,286.1,80.01,178.68
70.44,34.173,4.282,1368.34,6.25,9.39,285.7,80.01,178.67
70.48,34.227,4.291,1370.43,6.27,9.35,285.3,80.0,178.67
70.54,34.308,4.305,1373.57,6.28,9.27,284.7,80.0,178.67
70.58,34.363,4.314,1375.67,6.29,9.23,285.8,79.99,178.66
70.64,34.444,4.328,1378.82,6.3,9.16,285.4,79.99,178.66
70.7,34.526,4.342,1381.98,6.31,9.09,284.9,79.98,178.65
70.74,34.58,4.351,1384.09,6.32,9.04,285.7,79.97,178.65
70.8,34.662,4.365,1387.26,6.33,8.97,284.8,79.97,178.65
70.84,34.717,4.375,1389.37,6.34,8.93,285.3,79.97,178.64
70.88,34.772,4.384,1391.49,6.34,8.88,284.9,79.96,178.64
70.94,34.854,4.398,1394.68,6.36,8.81,284.9,79.95,178.63
71.0,34.937,4.412,1397.88,6.37,8.74,284.6,79.95,178.63
71.04,34.992,4.422,1400.01,6.38,8.7,285.8,79.94,178.62
71.1,35.075,4.436,1403.22,6.39,8.63,284.8,79.94,178.62
71.14,35.13,4.445,1405.36,6.4,8.58,285.5,79.93,178.62
71.2,35.214,4.46,1408.58,6.41,8.52,284.6,79.92,178.61
71.24,35.269,4.469,1410.73,6.42,8.47,285.5,79.92,178.6
71.3,35.353,4.484,1413.96,6.43,8.4,285.7,79.92,178.6
71.36,35.436,4.498,1417.2,6.44,8.34,284.8,79.91,178.59
71.4,35.492,4.508,1419.37,6.46,8.29,284.7,79.9,178.59
71.46,35.576,4.522,1422.61,6.46,8.23,285.7,79.9,178.58
71.5,35.632,4.532,1424.78,6.47,8.18,284.4,79.89,178.58
71.54,35.689,4.541,1426.96,6.48,8.14,285.1,79.89,178.57
71.6,35.773,4.556,1430.23,6.49,8.07,285.3,79.88,178.56
71.66,35.858,4.571,1433.5,6.51,8.01,285.2,79.88,178.56
71.7,35.914,4.58,1435.69,6.51,7.97,285.2,79.87,178.55
71.76,35.999,4.595,1438.97,6.53,7.9,284.6,79.86,178.55
71.8,36.056,4.605,1441.18,6.53,7.86,285.7,79.86,178.54
71.86,36.142,4.619,1444.47,6.55,7.8,284.6,79.85,178.53
71.9,36.199,4.629,1446.68,6.56,7.75,284.6,79.85,178.53
71.96,36.284,4.644,1449.99,6.57,7.69,285.2,79.84,178.52
72.0,36.341,4.654,1452.21,6.58,7.65,285.0,79.84,178.52
72.06,36.427,4.669,1455.54,6.6,7.59,285.4,79.83,178.51
72.1,36.485,4.679,1457.76,6.61,7.54,285.7,79.82,178.5
72.16,36.571,4.694,1461.1,6.62,7.48,285.5,79.82,178.49
72.2,36.629,4.704,1463.34,6.62,7.44,285.6,79.82,178.49
72.26,36.715,4.719,1466.7,6.64,7.38,285.7,79.81,178.48
72.3,36.773,4.729,1468.94,6.65,7.34,285.2,79.8,178.47
72.36,36.86,4.744,1472.3,6.66,7.28,284.5,79.8,178.46
72.4,36.918,4.754,1474.56,6.67,7.24,285.5,79.79,178.46
72.46,37.006,4.769,1477.94,6.68,7.18,284.8,79.79,178.45
72.5,37.064,4.779,1480.2,6.69,7.14,285.1,79.78,178.44
72.56,37.152,4.794,1483.59,6.71,7.08,284.6,79.77,178.43
72.6,37.21,4.804,1485.86,6.71,7.04,285.2,79.77,178.43
72.66,37.298,4.82,1489.27,6.73,6.98,285.3,79.77,178.42
72.72,37.386,4.835,1492.69,6.74,6.92,285.9,79.76,178.41
72.76,37.445,4.845,1494.98,6.75,6.88,285.5,79.75,178.4
72.82,37.534,4.861,1498.4,6.77,6.83,285.2,79.75,178.39
72.86,37.593,4.871,1500.7,6.78,6.79,285.4,79.74,178.38
72.9,37.652,4.881,1503.0,6.79,6.75,285.3,79.74,178.38
72.96,37.741,4.897,1506.45,6.8,6.69,285.2,79.73,178.37
73.02,37.83,4.912,1509.91,6.81,6.64,285.4,79.73,178.36
73.06,37.89,4.923,1512.22,6.82,6.6,285.5,79.72,178.35
73.12,37.979,4.938,1515.69,6.84,6.54,285.1,79.72,178.34
73.16,38.039,4.949,1518.01,6.85,6.51,285.4,79.71,178.33
73.2,38.099,4.959,1520.33,6.86,6.47,285.2,79.71,178.32
73.26,38.189,4.975,1523.83,6.87,6.41,285.2,79.7,178.31
73.32,38.279,4.991,1527.33,6.89,6.36,285.1,79.69,178.3
73.36,38.339,5.001,1529.67,6.89,6.32,285.6,79.69,178.29
73.42,38.43,5.017,1533.18,6.91,6.27,285.3,79.68,178.28
73.46,38.49,5.028,1535.53,6.92,6.23,285.8,79.68,178.27
73.5,38.551,5.038,1537.89,6.93,6.2,285.9,79.68,178.27
73.56,38.642,5.054,1541.42,6.94,6.15,285.1,79.67,178.25
73.62,38.733,5.07,1544.96,6.96,6.09,285.4,79.66,178.24
73.66,38.794,5.081,1547.33,6.96,6.06,285.4,79.66,178.23
73.72,38.885,5.097,1550.89,6.98,6.01,285.8,79.65,178.21
73.76,38.947,5.107,1553.27,6.99,5.97,285.7,79.65,178.21
73.82,39.039,5.124,1556.84,7.0,5.92,284.8,79.64,178.19
73.86,39.1,5.134,1559.22,7.01,5.89,285.0,79.64,178.18
73.92,39.192,5.151,1562.8,7.02,5.83,285.1,79.63,178.17
73.98,39.285,5.167,1566.39,7.04,5.78,285.2,79.62,178.15
74.02,39.346,5.178,1568.8,7.05,5.75,285.8,79.62,178.14
74.06,39.408,5.189,1571.2,7.06,5.72,285.8,79.61,178.13
74.12,39.501,5.205,1574.82,7.07,5.67,285.6,79.61,178.12
74.16,39.563,5.216,1577.23,7.09,5.63,284.9,79.6,178.1
74.22,39.657,5.232,1580.87,7.1,5.58,285.7,79.6,178.09
74.28,39.75,5.249,1584.5,7.11,5.54,284.9,79.59,178.07
74.32,39.813,5.26,1586.93,7.13,5.5,285.6,79.59,178.06
74.38,39.907,5.276,1590.58,7.14,5.45,285.0,79.58,178.04
74.42,39.969,5.287,1593.02,7.15,5.42,284.9,79.57,178.03
74.46,40.032,5.298,1595.45,7.15,5.39,284.9,79.57,178.02
74.52,40.127,5.315,1599.12,7.17,5.34,285.6,79.57,178.0
74.58,40.221,5.332,1602.81,7.18,5.29,285.9,79.56,177.99
74.62,40.284,5.343,1602.35,6.08,5.26,0.0,79.55,177.98
74.68,40.379,5.359,1601.68,5.35,5.21,0.0,79.55,177.96
74.72,40.442,5.371,1601.22,4.62,5.17,0.0,79.54,177.96
74.78,40.537,5.387,1600.55,3.15,5.1,0.0,79.54,177.95
74.82,40.6,5.398,1600.1,2.78,5.06,0.0,79.53,177.94
74.88,40.694,5.415,1599.42,1.67,4.98,0.0,79.53,177.94
74.92,40.757,5.426,1598.97,0.93,4.94,0.0,79.52,177.94
74.98,40.852,5.443,1598.3,0.18,4.87,0.0,79.52,177.94
75.02,40.914,5.454,1597.86,0.17,4.82,0.0,79.51,177.94
75.08,41.009,5.471,1597.19,0.17,4.75,0.0,79.5,177.94
75.12,41.072,5.482,1596.74,0.17,4.71,0.0,79.5,177.95
75.18,41.166,5.499,1596.07,0.17,4.64,0.0,79.49,177.96
75.22,41.229,5.51,1595.63,0.17,4.6,0.0,79.48,177.96
75.28,41.323,5.526,1594.97,0.16,4.53,0.0,79.48,177.98
75.34,41.417,5.543,1594.3,0.16,4.47,0.0,79.47,177.99
75.38,41.48,5.554,1593.86,0.16,4.42,0.0,79.47,178.0
75.44,41.574,5.571,1593.2,0.16,4.36,0.0,79.46,178.02
75.48,41.637,5.582,1592.76,0.16,4.32,0.0,79.46,178.04
75.54,41.731,5.599,1592.1,0.15,4.26,0.0,79.45,178.06
75.58,41.794,5.61,1591.66,0.15,4.22,0.0,79.44,178.07
75.64,41.888,5.626,1591.0,0.15,4.16,0.0,79.44,178.1
75.68,41.95,5.638,1590.57,0.15,4.12,0.0,79.43,178.12
75.74,42.044,5.654,1589.91,0.15,4.06,0.0,79.43,178.15
75.78,42.107,5.665,1589.48,0.15,4.03,0.0,79.42,178.17
75.84,42.201,5.682,1588.82,0.14,3.97,0.0,79.41,178.2
75.88,42.263,5.693,1588.39,0.14,3.93,0.0,79.41,178.22
75.94,42.357,5.71,1587.74,0.14,3.88,0.0,79.41,178.26
76.0,42.451,5.726,1587.09,0.14,3.82,0.0,79.4,178.29
76.04,42.513,5.738,1586.65,0.14,3.79,0.0,79.39,178.32
76.08,42.576,5.749,1586.22,0.14,3.75,0.0,79.39,178.35
76.14,42.669,5.765,1585.57,0.13,3.7,0.0,79.38,178.39
76.18,42.732,5.776,1585.14,0.13,3.67,0.0,79.38,178.41
76.24,42.825,5.793,1584.5,0.13,3.61,0.0,79.37,178.46
76.28,42.888,5.804,1584.07,0.13,3.58,0.0,79.37,178.47
76.34,42.981,5.821,1583.42,0.13,3.53,0.0,79.36,178.53
76.38,43.043,5.832,1582.99,0.13,3.5,0.0,79.36,178.56
76.44,43.137,5.849,1582.35,0.13,3.45,0.0,79.35,178.61
76.48,43.199,5.86,1581.92,0.12,3.42,0.0,79.35,178.64
76.54,43.293,5.876,1581.28,0.12,3.37,0.0,79.34,178.68
76.6,43.386,5.893,1580.64,0.12,3.33,0.0,79.34,178.73
76.64,43.448,5.904,1580.22,0.12,3.3,0.0,79.33,178.77
76.7,43.541,5.921,1579.58,0.12,3.25,0.0,79.33,178.82
76.74,43.604,5.932,1579.16,0.12,3.21,0.0,79.32,178.85
76.8,43.697,5.949,1578.52,0.12,3.18,0.0,79.32,178.9
76.84,43.759,5.96,1578.1,0.11,3.15,0.0,79.32,178.94
76.9,43.852,5.976,1577.46,0.11,3.1,0.0,79.31,178.99
76.94,43.914,5.987,1577.04,0.11,3.08,0.0,79.31,179.02
77.0,44.007,6.004,1576.4,0.11,3.03,0.0,79.3,179.08
77.04,44.069,6.015,1575.98,0.11,3.01,0.0,79.3,179.11
77.1,44.162,6.032,1575.35,0.11,2.97,0.0,79.3,179.16
77.16,44.255,6.048,1574.72,0.11,2.93,0.0,79.29,179.22
77.2,44.317,6.06,1574.3,0.11,2.9,0.0,79.29,179.25
77.26,44.41,6.076,1573.67,0.1,2.86,0.0,79.28,179.31
77.3,44.472,6.087,1573.25,0.1,2.84,0.0,79.28,179.34
77.36,44.565,6.104,1572.62,0.1,2.8,0.0,79.28,179.4
77.4,44.627,6.115,1572.2,0.1,2.77,0.0,79.27,179.43
77.46,44.72,6.132,1571.58,0.1,2.73,0.0,79.27,179.48
77.5,44.782,6.143,1571.16,0.1,2.71,0.0,79.27,179.52
77.56,44.874,6.159,1570.53,0.1,2.67,0.0,79.26,179.57
77.6,44.936,6.171,1570.12,0.1,2.65,0.0,79.26,179.61
77.66,45.029,6.187,1569.49,0.09,2.61,0.0,79.26,179.66
77.7,45.091,6.198,1569.08,0.09,2.59,0.0,79.25,179.69
77.76,45.183,6.215,1568.45,0.09,2.56,0.0,79.25,179.75
77.8,45.245,6.226,1568.04,0.09,2.53,0.0,79.25,179.78
77.86,45.338,6.243,1567.42,0.09,2.5,0.0,79.25,179.83
77.9,45.399,6.254,1567.0,0.09,2.48,0.0,79.24,179.87
77.96,45.492,6.27,1566.38,0.09,2.44,0.0,79.24,179.92
78.0,45.553,6.281,1565.97,0.09,2.42,0.0,79.24,179.95
78.06,45.646,6.298,1565.35,0.09,2.39,0.0,79.24,180.0
78.12,45.738,6.315,1564.73,0.09,2.36,0.0,79.23,180.05
78.16,45.8,6.326,1564.32,0.08,2.34,0.0,79.23,180.08
78.22,45.892,6.342,1563.7,0.08,2.31,0.0,79.23,180.13
78.26,45.954,6.354,1563.29,0.08,2.29,0.0,79.23,180.16
78.32,46.046,6.37,1562.67,0.08,2.26,0.0,79.23,180.2
78.36,46.107,6.381,1562.26,0.08,2.24,0.0,79.22,180.23
78.42,46.2,6.398,1561.65,0.08,2.21,0.0,79.22,180.28
78.46,46.261,6.409,1561.24,0.08,2.19,0.0,79.22,180.31
78.52,46.353,6.426,1560.62,0.08,2.16,0.0,79.22,180.35
78.56,46.415,6.437,1560.21,0.08,2.14,0.0,79.22,180.38
78.62,46.507,6.453,1559.6,0.08,2.11,0.0,79.22,180.42
78.66,46.568,6.464,1559.19,0.08,2.09,0.0,79.22,180.45
78.72,46.66,6.481,1558.58,0.07,2.07,0.0,79.21,180.49
78.76,46.721,6.492,1558.17,0.07,2.05,0.0,79.21,180.51
78.82,46.813,6.509,1557.56,0.07,2.02,0.0,79.21,180.55
78.86,46.875,6.52,1556.95,0.07,2.0,0.0,79.21,180.58
78.92,46.966,6.537,1556.54,0.07,1.98,0.0,79.21,180.61
78.96,47.028,6.548,1556.14,0.07,1.96,0.0,79.21,180.64
79.02,47.12,6.564,1555.53,0.07,1.94,0.0,79.21,180.67
79.06,47.181,6.575,1555.12,0.07,1.92,0.0,79.21,180.69
79.12,47.272,6.592,1554.51,0.07,1.89,0.0,79.21,180.73
79.16,47.334,6.603,1554.11,0.07,1.88,0.0,79.2,180.75
79.22,47.425,6.62,1553.5,0.07,1.85,0.0,79.2,180.78
79.28,47.517,6.636,1552.89,0.07,1.83,0.0,79.2,180.81
79.32,47.578,6.647,1552.49,0.06,1.81,0.0,79.2,180.83
79.38,47.67,6.664,1551.88,0.06,1.79,0.0,79.2,180.85
79.42,47.731,6.675,1551.48,0.06,1.78,0.0,79.2,180.87
79.48,47.822,6.692,1550.87,0.06,1.75,0.0,79.2,180.9
79.52,47.883,6.703,1550.47,0.06,1.74,0.0,79.2,180.91
79.58,47.975,6.719,1549.87,0.06,1.72,0.0,79.2,180.94
79.62,48.036,6.73,1549.46,0.06,1.7,0.0,79.2,180.95
79.66,48.097,6.742,1548.86,0.06,1.68,0.0,79.2,180.97
79.72,48.188,6.758,1548.46,0.06,1.67,0.0,79.2,180.99
79.78,48.279,6.775,1547.86,0.06,1.65,0.0,79.2,181.01
79.82,48.34,6.786,1547.45,0.06,1.63,0.0,79.2,181.02
79.88,48.432,6.802,1546.85,0.06,1.61,0.0,79.2,181.04
79.92,48.493,6.814,1546.45,0.06,1.6,0.0,79.2,181.05
79.98,48.584,6.83,1545.85,0.06,1.58,0.0,79.2,181.06
80.04,48.675,6.847,1545.25,0.05,1.56,0.0,79.2,181.08
80.08,48.736,6.858,1544.85,0.05,1.54,0.0,79.2,181.09
80.12,48.797,6.869,1544.45,0.05,1.53,0.0,79.2,181.09
80.18,48.888,6.886,1543.85,0.05,1.51,0.0,79.2,181.1
80.22,48.948,6.897,1543.45,0.05,1.5,0.0,79.2,181.11
80.28,49.039,6.913,1542.85,0.05,1.48,0.0,79.2,181.12
80.32,49.1,6.924,1542.45,0.05,1.47,0.0,79.2,181.13
80.38,49.191,6.941,1541.85,0.05,1.45,0.0,79.2,181.13
80.42,49.252,6.952,1541.46,0.05,1.44,0.0,79.2,181.14
80.48,49.343,6.969,1540.86,0.05,1.42,0.0,79.2,181.14
80.54,49.434,6.985,1540.26,0.05,1.4,0.0,79.2,181.15
80.58,49.494,6.996,1539.86,0.05,1.39,0.0,79.2,181.15
80.64,49.585,7.013,1539.27,0.05,1.38,0.0,79.2,181.15
80.68,49.646,7.024,1538.87,0.05,1.36,0.0,79.2,181.15
80.74,49.736,7.041,1538.27,0.05,1.35,0.0,79.2,181.15
80.78,49.797,7.052,1537.88,0.05,1.34,0.0,79.2,181.15
80.82,49.857,7.063,1537.48,0.05,1.33,0.0,79.2,181.15
80.88,49.948,7.079,1536.88,0.05,1.31,0.0,79.2,181.15
80.94,50.039,7.096,1536.29,0.04,1.29,0.0,79.2,181.15
80.98,50.099,7.107,1535.89,0.04,1.28,0.0,79.2,181.14
81.04,50.19,7.124,1535.3,0.04,1.27,0.0,79.2,181.14
81.08,50.25,7.135,1534.9,0.04,1.26,0.0,79.2,181.13
81.14,50.341,7.151,1534.31,0.04,1.24,0.0,79.2,181.13
81.18,50.401,7.162,1533.91,0.04,1.23,0.0,79.2,181.12
81.24,50.491,7.179,1533.32,0.04,1.22,0.0,79.2,181.11
81.28,50.552,7.19,1532.92,0.04,1.21,0.0,79.2,181.11
81.34,50.642,7.207,1532.33,0.04,1.19,0.0,79.2,181.1
81.38,50.702,7.218,1531.93,0.04,1.18,0.0,79.2,181.09
81.44,50.793,7.234,1531.34,0.04,1.17,0.0,79.2,181.08
81.48,50.853,7.245,1530.94,0.04,1.16,0.0,79.2,181.07
81.54,50.943,7.262,1530.35,0.04,1.14,0.0,79.2,181.06
81.58,51.003,7.273,1529.96,0.04,1.14,0.0,79.21,181.05
81.64,51.094,7.29,1529.37,0.04,1.12,0.0,79.21,181.03
81.7,51.184,7.306,1528.77,0.04,1.11,0.0,79.21,181.02
81.74,51.244,7.317,1528.38,0.04,1.1,0.0,79.21,181.01
81.8,51.334,7.334,1527.79,0.04,1.09,0.0,79.21,180.99
81.84,51.394,7.345,1527.39,0.04,1.08,0.0,79.21,180.98
81.9,51.484,7.362,1526.8,0.04,1.06,0.0,79.21,180.96
81.94,51.544,7.373,1526.41,0.04,1.06,0.0,79.21,180.94
82.0,51.634,7.389,1525.82,0.04,1.04,0.0,79.21,180.92
82.04,51.694,7.4,1525.42,0.04,1.03,0.0,79.21,180.91
82.1,51.784,7.417,1524.83,0.04,1.02,0.0,79.21,180.89
82.14,51.844,7.428,1524.44,0.04,1.01,0.0,79.21,180.88
82.2,51.934,7.445,1523.85,0.04,1.0,0.0,79.21,180.85
82.26,52.024,7.461,1523.26,0.04,0.99,0.0,79.21,180.83
82.3,52.084,7.472,1522.87,0.04,0.98,0.0,79.21,180.81
82.36,52.174,7.489,1522.28,0.04,0.97,0.0,79.21,180.79
82.4,52.233,7.5,1521.89,0.04,0.96,0.0,79.21,180.77
82.46,52.323,7.516,1521.3,0.04,0.95,0.0,79.21,180.75
82.5,52.383,7.528,1520.9,0.03,0.94,0.0,79.21,180.74
82.56,52.473,7.544,1520.32,0.03,0.93,0.0,79.21,180.7
82.6,52.532,7.555,1519.92,0.03,0.93,0.0,79.21,180.69
82.66,52.622,7.572,1519.34,0.03,0.91,0.0,79.2,180.66
82.7,52.682,7.583,1518.94,0.03,0.91,0.0,79.2,180.64
82.74,52.742,7.594,1518.55,0.03,0.9,0.0,79.2,180.62
82.8,52.831,7.61,1517.96,0.03,0.89,0.0,79.2,180.59
82.86,52.921,7.627,1517.38,0.03,0.88,0.0,79.2,180.56
82.9,52.98,7.638,1516.98,0.03,0.87,0.0,79.2,180.54
82.96,53.07,7.655,1516.4,0.03,0.86,0.0,79.2,180.51
83.0,53.129,7.666,1516.01,0.03,0.85,0.0,79.2,180.49
83.06,53.219,7.682,1515.42,0.03,0.84,0.0,79.2,180.46
83.1,53.278,7.693,1514.83,0.03,0.83,0.0,79.2,180.44
83.16,53.368,7.71,1514.44,0.03,0.83,0.0,79.2,180.41
83.2,53.427,7.721,1514.05,0.03,0.82,0.0,79.2,180.39
83.26,53.516,7.738,1513.46,0.03,0.81,0.0,79.2,180.36
83.32,53.606,7.754,1512.88,0.03,0.8,0.0,79.2,180.33
83.36,53.665,7.765,1512.49,0.03,0.8,0.0,79.2,180.31
83.42,53.754,7.782,1511.9,0.03,0.79,0.0,79.2,180.27
83.46,53.814,7.793,1511.51,0.03,0.78,0.0,79.2,180.25
83.52,53.903,7.809,1510.93,0.03,0.77,0.0,79.19,180.22
83.56,53.962,7.821,1510.53,0.03,0.77,0.0,79.19,180.19
83.62,54.051,7.837,1509.95,0.03,0.76,0.0,79.19,180.16
83.66,54.111,7.848,1509.56,0.03,0.75,0.0,79.19,180.14
83.72,54.2,7.865,1508.97,0.03,0.74,0.0,79.19,180.1
83.78,54.289,7.881,1508.39,0.03,0.73,0.0,79.19,180.07
83.82,54.348,7.892,1508.0,0.03,0.73,0.0,79.19,180.05
83.86,54.407,7.903,1507.61,0.03,0.72,0.0,79.19,180.02
83.92,54.496,7.92,1507.03,0.03,0.71,0.0,79.19,179.99
83.96,54.555,7.931,1506.64,0.03,0.71,0.0,79.18,179.96
84.02,54.644,7.948,1506.05,0.03,0.7,0.0,79.18,179.93
84.06,54.703,7.959,1505.66,0.03,0.69,0.0,79.18,179.91
84.12,54.792,7.975,1505.08,0.03,0.69,0.0,79.18,179.87
84.16,54.851,7.986,1504.69,0.03,0.68,0.0,79.18,179.85
84.22,54.94,8.003,1504.11,0.03,0.67,0.0,79.18,179.81
84.28,55.028,8.019,1503.52,0.03,0.67,0.0,79.18,179.78
84.32,55.088,8.03,1503.13,0.03,0.66,0.0,79.17,179.75
84.38,55.176,8.047,1502.55,0.03,0.65,0.0,79.17,179.72
84.42,55.235,8.058,1502.16,0.03,0.65,0.0,79.17,179.69
84.48,55.324,8.075,1501.58,0.03,0.64,0.0,79.17,179.66
84.52,55.412,8.086,1501.0,0.03,0.63,0.0,79.17,179.63
84.58,55.471,8.102,1500.61,0.03,0.63,0.0,79.17,179.6
84.62,55.53,8.113,1500.22,0.03,0.62,0.0,79.16,179.57
84.68,55.619,8.13,1499.64,0.02,0.62,0.0,79.16,179.54
84.72,55.678,8.141,1499.25,0.02,0.61,0.0,79.16,179.51
84.78,55.766,8.158,1498.67,0.02,0.61,0.0,79.16,179.48
84.82,55.825,8.169,1498.28,0.02,0.6,0.0,79.16,179.45
84.88,55.913,8.185,1497.7,0.02,0.59,0.0,79.15,179.42
84.92,55.972,8.196,1497.31,0.02,0.59,0.0,79.15,179.39
84.98,56.06,8.213,1496.73,0.02,0.58,0.0,79.15,179.36
85.04,56.148,8.229,1496.15,0.02,0.58,0.0,79.15,179.32
85.08,56.207,8.24,1495.76,0.02,0.57,0.0,79.14,179.3
85.14,56.295,8.257,1495.18,0.02,0.56,0.0,79.14,179.26
85.18,56.354,8.268,1494.79,0.02,0.56,0.0,79.14,179.24
85.24,56.442,8.285,1494.21,0.02,0.55,0.0,79.14,179.2
85.28,56.501,8.296,1493.82,0.02,0.55,0.0,79.14,179.18
85.34,56.589,8.312,1493.24,0.02,0.54,0.0,79.13,179.15
85.38,56.648,8.323,1492.85,0.02,0.54,0.0,79.13,179.12
85.42,56.706,8.334,1492.47,0.02,0.54,0.0,79.13,179.1
85.48,56.794,8.351,1491.89,0.02,0.53,0.0,79.13,179.06
85.54,56.882,8.367,1491.31,0.02,0.52,0.0,79.12,179.03
85.58,56.97,8.384,1490.73,0.02,0.52,0.0,79.12,178.99
85.64,57.029,8.395,1490.34,0.02,0.51,0.0,79.12,178.97
85.68,57.087,8.406,1489.95,0.02,0.51,0.0,79.12,178.95
85.74,57.175,8.423,1489.37,0.02,0.5,0.0,79.11,178.92
85.8,57.263,8.434,1488.79,0.02,0.5,0.0,79.11,178.89
85.84,57.321,8.445,1488.41,0.02,0.49,0.0,79.11,178.87
85.9,57.409,8.461,1487.83,0.02,0.49,0.0,79.1,178.84
85.94,57.467,8.472,1487.44,0.02,0.48,0.0,79.1,178.81
86.0,57.555,8.489,1486.86,0.02,0.48,0.0,79.1,178.78
86.04,57.613,8.5,1486.47,0.02,0.48,0.0,79.1,178.76
86.1,57.701,8.516,1485.9,0.02,0.47,0.0,79.09,178.73
86.14,57.759,8.527,1485.51,0.02,0.47,0.0,79.09,178.7
86.18,57.818,8.539,1485.12,0.02,0.46,0.0,79.09,178.68
86.24,57.905,8.555,1484.54,0.02,0.46,0.0,79.08,178.65
86.28,57.964,8.566,1484.16,0.02,0.45,0.0,79.08,178.63
86.34,58.051,8.583,1483.58,0.02,0.45,0.0,79.08,178.6
86.4,58.138,8.599,1483.0,0.02,0.44,0.0,79.07,178.57
86.44,58.197,8.61,1482.62,0.02,0.44,0.0,79.07,178.55
86.48,58.255,8.621,1482.23,0.02,0.44,0.0,79.07,178.52
86.54,58.342,8.638,1481.65,0.02,0.43,0.0,79.06,178.49
86.6,58.429,8.654,1481.07,0.02,0.43,0.0,79.06,178.46
86.62,58.488,8.665,1480.69,0.02,0.42,0.0,79.06,178.44
86.7,58.575,8.682,1480.11,0.02,0.42,0.0,79.05,178.41
86.74,58.633,8.693,1479.72,0.02,0.42,0.0,79.05,178.39
86.78,58.691,8.704,1479.34,0.02,0.41,0.0,79.05,178.37
86.84,58.778,8.721,1478.76,0.02,0.41,0.0,79.04,178.34
86.9,58.865,8.737,1478.18,0.02,0.4,0.0,79.04,178.31
86.94,58.923,8.748,1477.8,0.02,0.4,0.0,79.04,178.3
87.0,59.011,8.765,1477.22,0.02,0.4,0.0,79.03,178.27
87.04,59.069,8.776,1476.84,0.02,0.39,0.0,79.03,178.25
87.1,59.156,8.792,1476.26,0.02,0.39,0.0,79.03,178.22
87.14,59.214,8.803,1475.87,0.02,0.39,0.0,79.02,178.2
87.2,59.3,8.82,1475.3,0.02,0.38,0.0,79.02,178.17
87.26,59.387,8.836,1474.72,0.02,0.38,0.0,79.01,178.15
87.28,59.416,8.842,1474.53,0.02,0.37,0.0,79.01,178.14
87.34,59.503,8.859,1473.95,0.02,0.37,0.0,79.01,178.11
87.38,59.561,8.87,1473.57,0.02,0.37,0.0,79.0,178.09
87.44,59.648,8.886,1472.99,0.02,0.36,0.0,79.0,178.07
87.48,59.706,8.897,1472.6,0.02,0.36,0.0,79.0,178.05
87.54,59.792,8.914,1472.03,0.02,0.36,0.0,78.99,178.02
87.58,59.85,8.925,1471.64,0.02,0.35,0.0,78.99,178.01
87.64,59.937,8.941,1471.07,0.02,0.35,0.0,78.98,177.98
87.68,59.995,8.952,1470.68,0.02,0.35,0.0,78.98,177.97
87.74,60.081,8.969,1470.11,0.02,0.34,0.0,78.98,177.94
87.78,60.139,8.98,1469.72,0.02,0.34,0.0,78.97,177.92
87.84,60.226,8.996,1469.15,0.02,0.34,0.0,78.97,177.9
87.88,60.283,9.007,1468.76,0.02,0.33,0.0,78.97,177.88
87.94,60.37,9.024,1468.19,0.02,0.33,0.0,78.96,177.86
87.98,60.427,9.035,1467.8,0.02,0.33,0.0,78.96,177.85
88.04,60.514,9.052,1467.23,0.02,0.32,0.0,78.95,177.82
88.08,60.572,9.063,1466.84,0.02,0.32,0.0,78.95,177.81
88.14,60.658,9.079,1466.27,0.02,0.32,0.0,78.94,177.79
88.2,60.744,9.096,1465.69,0.02,0.31,0.0,78.94,177.76
88.24,60.802,9.107,1465.31,0.02,0.31,0.0,78.94,177.75
88.28,60.859,9.118,1464.92,0.02,0.31,0.0,78.93,177.73
88.34,60.946,9.134,1464.35,0.02,0.31,0.0,78.93,177.71
88.4,61.032,9.151,1463.77,0.01,0.3,0.0,78.92,177.69
88.44,61.089,9.162,1463.39,0.01,0.3,0.0,78.92,177.68
88.48,61.147,9.173,1463.01,0.01,0.3,0.0,78.91,177.67
88.54,61.233,9.189,1462.43,0.01,0.29,0.0,78.91,177.65
88.6,61.319,9.206,1461.86,0.01,0.29,0.0,78.9,177.63
88.64,61.376,9.217,1461.47,0.01,0.29,0.0,78.9,177.61
88.7,61.462,9.233,1460.9,0.01,0.28,0.0,78.9,177.59
88.74,61.52,9.244,1460.52,0.01,0.28,0.0,78.89,177.58
88.78,61.577,9.256,1460.13,0.01,0.28,0.0,78.89,177.57
88.84,61.663,9.272,1459.56,0.01,0.28,0.0,78.88,177.55
88.9,61.749,9.289,1458.98,0.01,0.27,0.0,78.88,177.53
88.94,61.806,9.3,1458.6,0.01,0.27,0.0,78.87,177.52
89.0,61.892,9.316,1458.03,0.01,0.27,0.0,78.87,177.5
89.04,61.95,9.327,1457.64,0.01,0.27,0.0,78.87,177.49
89.1,62.035,9.349,1457.07,0.01,0.26,0.0,78.86,177.47
89.14,62.093,9.36,1456.69,0.01,0.26,0.0,78.85,177.46
89.2,62.178,9.377,1456.11,0.01,0.26,0.0,78.85,177.44
89.24,62.235,9.388,1455.73,0.01,0.26,0.0,78.85,177.43
89.3,62.321,9.404,1455.16,0.01,0.25,0.0,78.84,177.42
89.34,62.378,9.415,1454.77,0.01,0.25,0.0,78.84,177.41
89.4,62.464,9.432,1454.2,0.01,0.25,0.0,78.83,177.39
89.44,62.521,9.443,1453.82,0.01,0.25,0.0,78.83,177.38
89.5,62.607,9.454,1453.24,0.01,0.24,0.0,78.82,177.37
89.54,62.664,9.465,1452.86,0.01,0.24,0.0,78.82,177.36
89.6,62.749,9.481,1452.29,0.01,0.24,0.0,78.81,177.35
89.64,62.806,9.492,1451.9,0.01,0.24,0.0,78.81,177.34
89.7,62.892,9.509,1451.33,0.01,0.23,0.0,78.8,177.32
89.74,62.949,9.52,1450.95,0.01,0.23,0.0,78.8,177.32
89.8,63.034,9.537,1450.38,0.01,0.23,0.0,78.79,177.3
89.86,63.119,9.553,1449.8,0.01,0.23,0.0,78.79,177.29
89.9,63.176,9.564,1449.42,0.01,0.22,0.0,78.79,177.28
89.94,63.233,9.575,1449.04,0.01,0.22,0.0,78.78,177.27
90.0,63.319,9.592,1448.47,0.01,0.22,0.0,78.78,177.26
90.06,63.404,9.608,1447.89,0.01,0.22,0.0,78.77,177.25
90.1,63.461,9.619,1447.51,0.01,0.22,0.0,78.77,177.24
90.14,63.517,9.63,1447.13,0.01,0.21,0.0,78.76,177.23
90.2,63.603,9.647,1446.56,0.01,0.21,0.0,78.76,177.22
90.26,63.688,9.663,1445.98,0.01,0.21,0.0,78.75,177.21
90.3,63.745,9.674,1445.6,0.01,0.21,0.0,78.75,177.21
90.36,63.83,9.691,1445.03,0.01,0.2,0.0,78.74,177.2
90.4,63.886,9.702,1444.65,0.01,0.2,0.0,78.74,177.19
90.44,63.943,9.713,1444.27,0.01,0.2,0.0,78.73,177.18
90.5,64.028,9.729,1443.69,0.01,0.2,0.0,78.73,177.17
90.56,64.113,9.746,1443.12,0.01,0.2,0.0,78.72,177.16
90.6,64.17,9.757,1442.74,0.01,0.2,0.0,78.72,177.16
90.66,64.255,9.773,1442.17,0.01,0.19,0.0,78.71,177.15
90.7,64.311,9.784,1441.79,0.01,0.19,0.0,78.71,177.14
90.76,64.396,9.801,1441.21,0.01,0.19,0.0,78.7,177.14
90.8,64.453,9.812,1440.83,0.01,0.19,0.0,78.7,177.13
90.86,64.537,9.828,1440.26,0.01,0.19,0.0,78.69,177.12
90.92,64.622,9.845,1439.69,0.01,0.18,0.0,78.69,177.11
90.96,64.679,9.856,1439.31,0.01,0.18,0.0,78.68,177.11
91.0,64.735,9.867,1438.93,0.01,0.18,0.0,78.68,177.11
91.06,64.82,9.884,1438.35,0.01,0.18,0.0,78.67,177.1
91.1,64.876,9.895,1437.97,0.01,0.18,0.0,78.67,177.09
91.16,64.961,9.911,1437.4,0.01,0.17,0.0,78.66,177.09
91.22,65.045,9.928,1436.83,0.01,0.17,0.0,78.66,177.08
91.26,65.102,9.944,1436.45,0.01,0.17,0.0,78.65,177.08
91.32,65.186,9.961,1435.88,0.01,0.17,0.0,78.65,177.07
91.36,65.243,9.972,1435.5,0.01,0.17,0.0,78.64,177.07
91.42,65.327,9.988,1434.92,0.01,0.17,0.0,78.64,177.06
91.46,65.383,9.999,1434.54,0.01,0.16,0.0,78.63,177.06
91.52,65.468,10.016,1433.97,0.01,0.16,0.0,78.62,177.05
91.58,65.552,10.027,1433.4,0.01,0.16,0.0,78.62,177.05
91.62,65.608,10.038,1433.02,0.01,0.16,0.0,78.62,177.05
91.66,65.665,10.049,1432.64,0.01,0.16,0.0,78.61,177.04
91.72,65.749,10.065,1432.07,0.01,0.16,0.0,78.61,177.04
91.76,65.805,10.076,1431.69,0.01,0.15,0.0,78.6,177.04
91.82,65.889,10.093,1431.12,0.01,0.15,0.0,78.6,177.03
91.88,65.974,10.109,1430.55,0.01,0.15,0.0,78.59,177.03
91.92,66.03,10.12,1430.17,0.01,0.15,0.0,78.59,177.03
91.96,66.086,10.131,1429.79,0.01,0.15,0.0,78.58,177.03
92.02,66.17,10.148,1429.21,0.01,0.15,0.0,78.57,177.02
92.06,66.226,10.159,1428.83,0.01,0.14,0.0,78.57,177.02
92.12,66.31,10.175,1428.26,0.01,0.14,0.0,78.56,177.02
92.18,66.394,10.192,1427.69,0.01,0.14,0.0,78.56,177.02
92.22,66.45,10.203,1427.31,0.01,0.14,0.0,78.55,177.01
92.26,66.506,10.214,1426.93,0.01,0.14,0.0,78.55,177.01
92.32,66.59,10.23,1426.36,0.01,0.14,0.0,78.54,177.01
92.36,66.646,10.241,1425.98,0.01,0.14,0.0,78.54,177.01
92.42,66.73,10.258,1425.41,0.01,0.13,0.0,78.53,177.01
92.48,66.814,10.274,1424.84,0.01,0.13,0.0,78.53,177.01
92.52,66.87,10.285,1424.46,0.01,0.13,0.0,78.52,177.01
92.56,66.926,10.296,1424.08,0.01,0.13,0.0,78.52,177.01
92.62,67.009,10.313,1423.51,0.01,0.13,0.0,78.51,177.01
92.68,67.093,10.329,1422.94,0.01,0.13,0.0,78.51,177.0
92.72,67.149,10.34,1422.56,0.01,0.13,0.0,78.5,177.0
92.78,67.233,10.357,1421.99,0.01,0.12,0.0,78.5,177.0
92.82,67.288,10.368,1421.61,0.01,0.12,0.0,78.49,177.0
92.86,67.344,10.379,1421.23,0.01,0.12,0.0,78.49,177.0
92.92,67.428,10.395,1420.66,0.01,0.12,0.0,78.48,177.0
92.98,67.511,10.412,1420.09,0.01,0.12,0.0,78.48,177.0
93.02,67.567,10.423,1419.71,0.01,0.12,0.0,78.47,177.0
93.08,67.65,10.439,1419.14,0.01,0.12,0.0,78.47,177.01
93.12,67.706,10.45,1418.76,0.01,0.12,0.0,78.46,177.01
93.18,67.79,10.467,1418.19,0.01,0.11,0.0,78.46,177.01
93.22,67.845,10.478,1417.81,0.01,0.11,0.0,78.45,177.01
93.28,67.929,10.494,1417.25,0.01,0.11,0.0,78.45,177.01
93.32,67.984,10.505,1416.87,0.01,0.11,0.0,78.44,177.01
93.38,68.067,10.527,1416.3,0.01,0.11,0.0,78.44,177.01
93.42,68.123,10.538,1415.92,0.01,0.11,0.0,78.43,177.01
93.48,68.206,10.555,1415.35,0.01,0.11,0.0,78.43,177.02
93.52,68.262,10.56,1414.97,0.01,0.11,0.0,78.42,177.02
93.58,68.345,10.577,1414.4,0.01,0.11,0.0,78.41,177.02
93.62,68.4,10.588,1414.02,0.01,0.1,0.0,78.41,177.02
93.68,68.484,10.604,1413.45,0.01,0.1,0.0,78.4,177.02
93.72,68.539,10.615,1413.07,0.01,0.1,0.0,78.4,177.02
93.78,68.622,10.632,1412.5,0.01,0.1,0.0,78.39,177.03
93.84,68.705,10.648,1411.93,0.01,0.1,0.0,78.39,177.03
93.88,68.761,10.659,1411.55,0.01,0.1,0.0,78.38,177.03
93.92,68.816,10.67,1411.18,0.01,0.1,0.0,78.38,177.03
93.98,68.899,10.687,1410.61,0.01,0.1,0.0,78.37,177.04
94.02,68.954,10.698,1410.23,0.01,0.1,0.0,78.37,177.04
94.08,69.037,10.714,1409.66,0.01,0.09,0.0,78.36,177.04
94.14,69.12,10.731,1409.09,0.01,0.09,0.0,78.36,177.05
94.18,69.175,10.742,1408.71,0.01,0.09,0.0,78.35,177.05
94.22,69.231,10.753,1408.33,0.01,0.09,0.0,78.35,177.05
94.28,69.313,10.769,1407.76,0.01,0.09,0.0,78.34,177.06
94.32,69.369,10.78,1407.39,0.01,0.09,0.0,78.34,177.06
94.38,69.451,10.797,1406.82,0.01,0.09,0.0,78.33,177.06
94.44,69.534,10.813,1406.25,0.01,0.09,0.0,78.33,177.07
94.48,69.589,10.824,1405.87,0.01,0.09,0.0,78.32,177.07
94.52,69.644,10.835,1405.49,0.01,0.09,0.0,78.32,177.07
94.58,69.727,10.852,1404.92,0.01,0.08,0.0,78.31,177.08
94.64,69.809,10.868,1404.36,0.01,0.08,0.0,78.31,177.08
94.68,69.865,10.879,1403.98,0.01,0.08,0.0,78.3,177.08
94.74,69.947,10.896,1403.41,0.01,0.08,0.0,78.3,177.09
94.78,70.002,10.907,1403.03,0.01,0.08,0.0,78.29,177.09
94.82,70.057,10.918,1402.65,0.01,0.08,0.0,78.29,177.1
94.88,70.14,10.934,1402.08,0.01,0.08,0.0,78.28,177.1
94.94,70.222,10.951,1401.52,0.01,0.08,0.0,78.27,177.11
94.98,70.277,10.962,1401.14,0.01,0.08,0.0,78.27,177.11
95.04,70.359,10.978,1400.57,0.01,0.08,0.0,78.26,177.12
95.1,70.442,10.995,1400.0,0.01,0.08,0.0,78.26,177.12
95.14,70.497,11.006,1399.62,0.01,0.08,0.0,78.25,177.13
95.18,70.551,11.017,1399.25,0.01,0.07,0.0,78.25,177.13
95.24,70.634,11.033,1398.68,0.01,0.07,0.0,78.24,177.14
95.28,70.688,11.044,1398.3,0.01,0.07,0.0,78.24,177.14
95.34,70.771,11.066,1397.73,0.01,0.07,0.0,78.23,177.15
95.38,70.825,11.077,1397.35,0.01,0.07,0.0,78.23,177.15
95.44,70.908,11.094,1396.79,0.01,0.07,0.0,78.22,177.16
95.48,70.962,11.105,1396.41,0.01,0.07,0.0,78.22,177.16
95.54,71.044,11.121,1395.84,0.01,0.07,0.0,78.21,177.17
95.58,71.099,11.132,1395.46,0.01,0.07,0.0,78.21,177.17
95.64,71.181,11.149,1394.9,0.01,0.07,0.0,78.2,177.18
95.68,71.236,11.16,1394.52,0.01,0.07,0.0,78.2,177.19
95.74,71.318,11.176,1393.95,0.01,0.07,0.0,78.19,177.19
95.78,71.372,11.187,1393.57,0.01,0.07,0.0,78.19,177.2
95.84,71.454,11.204,1393.01,0.01,0.06,0.0,78.18,177.2
95.9,71.536,11.22,1392.44,0.01,0.06,0.0,78.17,177.21
95.94,71.591,11.231,1392.06,0.01,0.06,0.0,78.17,177.22
96.0,71.673,11.248,1391.49,0.01,0.06,0.0,78.16,177.22
96.04,71.727,11.259,1391.12,0.01,0.06,0.0,78.16,177.23
96.1,71.809,11.275,1390.55,0.01,0.06,0.0,78.15,177.24
96.14,71.863,11.286,1390.17,0.01,0.06,0.0,78.15,177.24
96.18,71.918,11.297,1389.79,0.01,0.06,0.0,78.15,177.25
96.24,72.0,11.314,1389.23,0.01,0.06,0.0,78.14,177.25
96.28,72.054,11.325,1388.85,0.01,0.06,0.0,78.14,177.26
96.34,72.136,11.341,1388.28,0.01,0.06,0.0,78.13,177.27
96.4,72.217,11.357,1387.72,0.01,0.06,0.0,78.12,177.27
96.44,72.272,11.368,1387.34,0.01,0.06,0.0,78.12,177.28
96.5,72.353,11.385,1386.77,0.01,0.06,0.0,78.11,177.29
96.54,72.407,11.396,1386.39,0.01,0.06,0.0,78.11,177.29
96.6,72.489,11.412,1385.83,0.01,0.05,0.0,78.1,177.3
96.64,72.543,11.423,1385.45,0.01,0.05,0.0,78.1,177.31
96.7,72.625,11.44,1384.88,0.01,0.05,0.0,78.09,177.32
96.74,72.679,11.451,1384.51,0.01,0.05,0.0,78.09,177.32
96.8,72.76,11.467,1383.94,0.01,0.05,0.0,78.08,177.33
96.84,72.814,11.478,1383.56,0.01,0.05,0.0,78.08,177.34
96.9,72.896,11.495,1383.0,0.01,0.05,0.0,78.07,177.34
96.94,72.95,11.506,1382.62,0.01,0.05,0.0,78.07,177.35
97.0,73.031,11.522,1382.05,0.0,0.05,0.0,78.06,177.36
97.06,73.112,11.539,1381.49,0.0,0.05,0.0,78.06,177.37
97.1,73.166,11.55,1381.11,0.0,0.05,0.0,78.05,177.37
97.16,73.248,11.566,1380.54,0.0,0.05,0.0,78.05,177.38
97.2,73.302,11.577,1380.17,0.0,0.05,0.0,78.04,177.39
97.24,73.356,11.588,1379.79,0.0,0.05,0.0,78.04,177.39
97.3,73.437,11.605,1379.22,0.0,0.05,0.0,78.03,177.4
97.34,73.491,11.616,1378.84,0.0,0.05,0.0,78.03,177.41
97.4,73.572,11.632,1378.28,0.0,0.05,0.0,78.02,177.42
97.46,73.653,11.649,1377.71,0.0,0.05,0.0,78.02,177.43
97.5,73.707,11.66,1377.34,0.0,0.05,0.0,78.01,177.43
97.56,73.788,11.676,1376.77,0.0,0.04,0.0,78.01,177.44
97.6,73.842,11.687,1376.39,0.0,0.04,0.0,78.0,177.45
97.66,73.923,11.703,1375.83,0.0,0.04,0.0,78.0,177.46
97.7,73.976,11.714,1375.45,0.0,0.04,0.0,77.99,177.46
97.76,74.057,11.731,1374.88,0.0,0.04,0.0,77.99,177.47
97.8,74.111,11.742,1374.32,0.0,0.04,0.0,77.98,177.48
97.86,74.192,11.758,1373.94,0.0,0.04,0.0,77.98,177.49
97.92,74.273,11.775,1373.38,0.0,0.04,0.0,77.97,177.5
97.96,74.326,11.786,1373.0,0.0,0.04,0.0,77.97,177.51
98.02,74.407,11.802,1372.43,0.0,0.04,0.0,77.96,177.51
98.06,74.461,11.813,1372.06,0.0,0.04,0.0,77.96,177.52
98.12,74.541,11.83,1371.49,0.0,0.04,0.0,77.95,177.53
98.16,74.595,11.841,1371.11,0.0,0.04,0.0,77.95,177.54
98.2,74.649,11.852,1370.74,0.0,0.04,0.0,77.94,177.54
98.26,74.729,11.868,1370.17,0.0,0.04,0.0,77.94,177.55
98.3,74.783,11.879,1369.8,0.0,0.04,0.0,77.93,177.56
98.36,74.863,11.896,1369.23,0.0,0.04,0.0,77.93,177.57
98.4,74.917,11.907,1368.85,0.0,0.04,0.0,77.92,177.58
98.46,74.997,11.923,1368.29,0.0,0.04,0.0,77.92,177.59
98.52,75.078,11.94,1367.72,0.0,0.04,0.0,77.91,177.6
98.56,75.131,11.951,1367.35,0.0,0.04,0.0,77.9,177.6
98.62,75.212,11.967,1366.78,0.0,0.04,0.0,77.9,177.61
98.66,75.265,11.978,1366.4,0.0,0.03,0.0,77.89,177.62
98.72,75.345,11.994,1365.84,0.0,0.03,0.0,77.89,177.63
98.76,75.399,12.005,1365.46,0.0,0.03,0.0,77.89,177.64
98.82,75.479,12.022,1364.9,0.0,0.03,0.0,77.88,177.65
98.86,75.532,12.033,1364.52,0.0,0.03,0.0,77.88,177.66
98.92,75.613,12.049,1363.96,0.0,0.03,0.0,77.87,177.67
98.96,75.666,12.055,1363.58,0.0,0.03,0.0,77.87,177.67
99.02,75.746,12.071,1363.01,0.0,0.03,0.0,77.86,177.68
99.06,75.799,12.082,1362.64,0.0,0.03,0.0,77.86,177.69
99.12,75.879,12.099,1362.07,0.0,0.03,0.0,77.85,177.7
99.16,75.933,12.11,1361.7,0.0,0.03,0.0,77.85,177.7
99.22,76.013,12.126,1361.13,0.0,0.03,0.0,77.84,177.71
99.26,76.066,12.137,1360.76,0.0,0.03,0.0,77.84,177.72
99.32,76.146,12.154,1360.19,0.0,0.03,0.0,77.83,177.73
99.38,76.226,12.17,1359.63,0.0,0.03,0.0,77.83,177.74
99.42,76.279,12.181,1359.25,0.0,0.03,0.0,77.82,177.75
99.46,76.332,12.192,1358.87,0.0,0.03,0.0,77.82,177.76
99.52,76.412,12.208,1358.31,0.0,0.03,0.0,77.81,177.77
99.56,76.465,12.219,1357.93,0.0,0.03,0.0,77.81,177.77
99.62,76.545,12.236,1357.37,0.0,0.03,0.0,77.8,177.79
99.68,76.625,12.252,1356.8,0.0,0.03,0.0,77.8,177.8
99.72,76.678,12.263,1356.43,0.0,0.03,0.0,77.79,177.8
99.78,76.757,12.28,1355.86,0.0,0.03,0.0,77.79,177.81
99.82,76.81,12.291,1355.49,0.0,0.03,0.0,77.78,177.82
99.86,76.864,12.302,1355.11,0.0,0.03,0.0,77.78,177.83
99.92,76.943,12.318,1354.55,0.0,0.03,0.0,77.77,177.84
99.96,76.996,12.329,1354.17,0.0,0.03,0.0,77.77,177.85
100.02,77.076,12.346,1353.61,0.0,0.03,0.0,77.76,177.86
100.08,77.155,12.362,1353.04,0.0,0.03,0.0,77.76,177.87
100.12,77.208,12.373,1352.67,0.0,0.03,0.0,77.75,177.88
100.16,77.261,12.384,1352.29,0.0,0.03,0.0,77.75,177.88
100.22,77.34,12.4,1351.73,0.0,0.02,0.0,77.74,177.89
100.28,77.42,12.417,1351.16,0.0,0.02,0.0,77.74,177.91
100.32,77.473,12.428,1350.79,0.0,0.02,0.0,77.73,177.91
100.38,77.552,12.444,1350.22,0.0,0.02,0.0,77.73,177.92
100.42,77.605,12.455,1349.84,0.0,0.02,0.0,77.72,177.93
100.48,77.684,12.472,1349.28,0.0,0.02,0.0,77.72,177.94
100.52,77.737,12.483,1348.91,0.0,0.02,0.0,77.71,177.95
100.56,77.79,12.494,1348.53,0.0,0.02,0.0,77.71,177.96
100.62,77.869,12.51,1347.97,0.0,0.02,0.0,77.7,177.97
100.68,77.948,12.527,1347.4,0.0,0.02,0.0,77.7,177.98
100.72,78.001,12.538,1347.03,0.0,0.02,0.0,77.69,177.99
100.78,78.08,12.554,1346.46,0.0,0.02,0.0,77.69,178.0
100.82,78.132,12.565,1346.09,0.0,0.02,0.0,77.68,178.01
100.88,78.211,12.581,1345.52,0.0,0.02,0.0,77.68,178.02
100.92,78.264,12.592,1345.15,0.0,0.02,0.0,77.67,178.02
100.98,78.343,12.609,1344.58,0.0,0.02,0.0,77.67,178.04
101.02,78.396,12.62,1344.21,0.0,0.02,0.0,77.66,178.04
101.08,78.474,12.636,1343.64,0.0,0.02,0.0,77.66,178.05
101.12,78.527,12.647,1343.27,0.0,0.02,0.0,77.65,178.06
101.18,78.606,12.664,1342.7,0.0,0.02,0.0,77.65,178.07
101.24,78.685,12.68,1342.14,0.0,0.02,0.0,77.64,178.08
101.28,78.737,12.691,1341.76,0.0,0.02,0.0,77.64,178.09
101.32,78.79,12.702,1341.39,0.0,0.02,0.0,77.63,178.1
101.38,78.868,12.719,1340.83,0.0,0.02,0.0,77.63,178.11
101.42,78.921,12.73,1340.45,0.0,0.02,0.0,77.62,178.12
101.48,78.999,12.746,1339.89,0.0,0.02,0.0,77.62,178.13
101.52,79.052,12.757,1339.51,0.0,0.02,0.0,77.61,178.14
101.58,79.131,12.773,1338.95,0.0,0.02,0.0,77.61,178.15
101.64,79.209,12.79,1338.38,0.0,0.02,0.0,77.6,178.16
101.68,79.261,12.801,1338.01,0.0,0.02,0.0,77.6,178.17
101.74,79.34,12.817,1337.45,0.0,0.02,0.0,77.59,178.18
101.78,79.392,12.828,1337.07,0.0,0.02,0.0,77.59,178.19
101.82,79.445,12.839,1336.69,0.0,0.02,0.0,77.58,178.19
101.88,79.523,12.856,1336.13,0.0,0.02,0.0,77.58,178.21
101.94,79.601,12.872,1335.57,0.0,0.02,0.0,77.57,178.22
101.98,79.654,12.883,1335.19,0.0,0.02,0.0,77.57,178.22
102.04,79.732,12.899,1334.63,0.0,0.02,0.0,77.56,178.24
102.08,79.784,12.91,1334.25,0.0,0.02,0.0,77.56,178.24
102.14,79.862,12.927,1333.69,0.0,0.02,0.0,77.55,178.26
102.18,79.915,12.938,1333.32,0.0,0.02,0.0,77.55,178.26
102.24,79.993,12.954,1332.75,0.0,0.02,0.0,77.54,178.27
102.28,80.045,12.965,1332.38,0.0,0.02,0.0,77.54,178.28
102.34,80.123,12.982,1331.82,0.0,0.02,0.0,77.53,178.29
102.38,80.175,12.993,1331.44,0.0,0.02,0.0,77.53,178.3
102.44,80.253,13.009,1330.88,0.0,0.02,0.0,77.52,178.31
102.5,80.331,13.026,1330.31,0.0,0.02,0.0,77.52,178.32
102.54,80.383,13.037,1329.94,0.0,0.02,0.0,77.51,178.33
102.58,80.435,13.047,1329.56,0.0,0.02,0.0,77.51,178.34
102.64,80.513,13.064,1329.0,0.0,0.01,0.0,77.5,178.35
102.68,80.565,13.075,1328.63,0.0,0.01,0.0,77.5,178.36
102.74,80.643,13.091,1328.06,0.0,0.01,0.0,77.49,178.37
102.78,80.695,13.102,1327.69,0.0,0.01,0.0,77.49,178.38
102.84,80.773,13.119,1327.13,0.0,0.01,0.0,77.48,178.39
102.9,80.851,13.135,1326.56,0.0,0.01,0.0,77.48,178.4
102.94,80.903,13.146,1326.19,0.0,0.01,0.0,77.47,178.41
102.98,80.955,13.157,1325.81,0.0,0.01,0.0,77.47,178.42
103.04,81.033,13.174,1325.25,0.0,0.01,0.0,77.46,178.43
103.08,81.084,13.184,1324.88,0.0,0.01,0.0,77.46,178.44
103.14,81.162,13.201,1324.31,0.0,0.01,0.0,77.46,178.45
103.2,81.24,13.217,1323.75,0.0,0.01,0.0,77.45,178.46
103.24,81.292,13.228,1323.38,0.0,0.01,0.0,77.45,178.47
103.3,81.369,13.245,1322.81,0.0,0.01,0.0,77.44,178.48
103.34,81.421,13.256,1322.44,0.0,0.01,0.0,77.44,178.49
103.38,81.473,13.267,1322.06,0.0,0.01,0.0,77.43,178.49
103.44,81.55,13.283,1321.5,0.0,0.01,0.0,77.43,178.51
103.5,81.628,13.3,1320.94,0.0,0.01,0.0,77.42,178.52
103.54,81.679,13.311,1320.57,0.0,0.01,0.0,77.42,178.53
103.6,81.757,13.327,1320.0,0.0,0.01,0.0,77.41,178.54
103.64,81.808,13.338,1319.63,0.0,0.01,0.0,77.41,178.54
103.7,81.886,13.354,1319.07,0.0,0.01,0.0,77.4,178.56
103.74,81.937,13.365,1318.69,0.0,0.01,0.0,77.4,178.56
103.78,81.989,13.376,1318.32,0.0,0.01,0.0,77.39,178.57
103.84,82.066,13.393,1317.75,0.0,0.01,0.0,77.39,178.58
103.9,82.143,13.409,1317.19,0.0,0.01,0.0,77.38,178.6
103.94,82.195,13.42,1316.82,0.0,0.01,0.0,77.38,178.6
104.0,82.272,13.437,1316.26,0.0,0.01,0.0,77.37,178.61
104.04,82.324,13.447,1315.88,0.0,0.01,0.0,77.37,178.62
104.1,82.401,13.464,1315.32,0.0,0.01,0.0,77.36,178.63
104.14,82.452,13.475,1314.94,0.0,0.01,0.0,77.36,178.64
104.2,82.529,13.491,1314.38,0.0,0.01,0.0,77.35,178.65
104.24,82.581,13.502,1314.01,0.0,0.01,0.0,77.35,178.66
104.3,82.658,13.519,1313.45,0.0,0.01,0.0,77.34,178.67
104.34,82.709,13.53,1313.07,0.0,0.01,0.0,77.34,178.68
104.4,82.786,13.546,1312.51,0.0,0.01,0.0,77.33,178.69
104.44,82.837,13.557,1312.14,0.0,0.01,0.0,77.33,178.7
104.5,82.914,13.573,1311.57,0.0,0.01,0.0,77.32,178.71
104.54,82.965,13.584,1311.2,0.0,0.01,0.0,77.32,178.72
104.6,83.042,13.601,1310.64,0.0,0.01,0.0,77.31,178.73
104.64,83.094,13.612,1310.26,0.0,0.01,0.0,77.31,178.74
104.7,83.17,13.628,1309.7,0.0,0.01,0.0,77.3,178.75
104.76,83.247,13.645,1309.14,0.0,0.01,0.0,77.3,178.76
104.8,83.298,13.656,1308.77,0.0,0.01,0.0,77.29,178.77
104.86,83.375,13.672,1308.21,0.0,0.01,0.0,77.29,178.78
104.9,83.426,13.688,1307.83,0.0,0.01,0.0,77.28,178.79
104.96,83.503,13.705,1307.27,0.0,0.01,0.0,77.28,178.81
105.0,83.554,13.716,1306.9,0.0,0.01,0.0,77.27,178.81
105.06,83.63,13.732,1306.33,0.0,0.01,0.0,77.27,178.82
105.1,83.682,13.743,1305.96,0.0,0.01,0.0,77.26,178.83
105.16,83.758,13.76,1305.4,0.0,0.01,0.0,77.26,178.84
105.2,83.809,13.771,1305.02,0.0,0.01,0.0,77.25,178.85
105.26,83.886,13.787,1304.46,0.0,0.01,0.0,77.25,178.86
105.3,83.937,13.792,1304.09,0.0,0.01,0.0,77.25,178.87
105.36,84.013,13.809,1303.53,0.0,0.01,0.0,77.24,178.88
105.42,84.089,13.825,1302.97,0.0,0.01,0.0,77.23,178.89
105.46,84.14,13.836,1302.59,0.0,0.01,0.0,77.23,178.9
105.5,84.191,13.847,1302.22,0.0,0.01,0.0,77.23,178.91
105.56,84.268,13.864,1301.66,0.0,0.01,0.0,77.22,178.92
105.6,84.318,13.875,1301.28,0.0,0.01,0.0,77.22,178.93
105.66,84.395,13.891,1300.72,0.0,0.01,0.0,77.21,178.94
105.7,84.445,13.902,1300.35,0.0,0.01,0.0,77.21,178.94
105.76,84.522,13.918,1299.79,0.0,0.01,0.0,77.2,178.96
105.8,84.572,13.929,1299.41,0.0,0.01,0.0,77.2,178.96
105.86,84.649,13.946,1298.85,0.0,0.01,0.0,77.19,178.98
105.92,84.725,13.962,1298.29,0.0,0.01,0.0,77.19,178.99
105.96,84.775,13.973,1297.92,0.0,0.01,0.0,77.18,179.0
106.0,84.826,13.984,1297.54,0.0,0.01,0.0,77.18,179.0
106.06,84.902,14.001,1296.98,0.0,0.01,0.0,77.17,179.01
106.1,84.953,14.011,1296.61,0.0,0.01,0.0,77.17,179.02
106.16,85.029,14.028,1296.05,0.0,0.01,0.0,77.16,179.03
106.22,85.105,14.044,1295.49,0.0,0.01,0.0,77.16,179.05
106.26,85.155,14.055,1295.11,0.0,0.01,0.0,77.15,179.05
106.32,85.231,14.072,1294.55,0.0,0.01,0.0,77.15,179.06
106.36,85.282,14.083,1294.18,0.0,0.01,0.0,77.14,179.07
106.4,85.332,14.094,1293.81,0.0,0.01,0.0,77.14,179.08
106.46,85.408,14.11,1293.25,0.0,0.01,0.0,77.13,179.09
106.52,85.484,14.126,1292.68,0.0,0.01,0.0,77.13,179.1
106.56,85.534,14.137,1292.31,0.0,0.01,0.0,77.13,179.11
106.62,85.61,14.154,1291.75,0.0,0.01,0.0,77.12,179.12
106.66,85.661,14.165,1291.38,0.0,0.01,0.0,77.12,179.13
106.72,85.736,14.181,1290.82,0.0,0.01,0.0,77.11,179.14
106.76,85.787,14.192,1290.44,0.0,0.01,0.0,77.11,179.15
106.82,85.862,14.208,1289.88,0.0,0.01,0.0,77.1,179.16
106.86,85.913,14.219,1289.51,0.0,0.01,0.0,77.1,179.17
106.92,85.988,14.236,1288.95,0.0,0.01,0.0,77.09,179.18
106.96,86.038,14.247,1288.57,0.0,0.01,0.0,77.09,179.19
107.02,86.114,14.263,1288.01,0.0,0.01,0.0,77.08,179.2
107.06,86.164,14.28,1287.64,0.0,0.01,0.0,77.08,179.21
107.12,86.24,14.296,1287.08,0.0,0.01,0.0,77.07,179.22
107.16,86.29,14.307,1286.71,0.0,0.01,0.0,77.07,179.23
107.22,86.365,14.323,1286.15,0.0,0.01,0.0,77.06,179.24
107.26,86.416,14.329,1285.77,0.0,0.01,0.0,77.06,179.25
107.32,86.491,14.345,1285.21,0.0,0.01,0.0,77.05,179.26
107.36,86.541,14.356,1284.84,0.0,0.01,0.0,77.05,179.26
107.42,86.616,14.373,1284.28,0.0,0.01,0.0,77.04,179.28
107.46,86.666,14.384,1283.91,0.0,0.01,0.0,77.04,179.28
107.52,86.742,14.4,1283.35,0.0,0.01,0.0,77.03,179.3
107.58,86.817,14.416,1282.79,0.0,0.0,0.0,77.03,179.31
107.62,86.867,14.427,1282.41,0.0,0.0,0.0,77.02,179.31
107.66,86.917,14.438,1282.04,0.0,0.0,0.0,77.02,179.32
107.72,86.992,14.455,1281.48,0.0,0.0,0.0,77.01,179.33
107.76,87.042,14.466,1281.11,0.0,0.0,0.0,77.01,179.34
107.82,87.117,14.482,1280.55,0.0,0.0,0.0,77.0,179.35
107.88,87.192,14.498,1279.99,0.0,0.0,0.0,77.0,179.36
107.92,87.242,14.509,1279.61,0.0,0.0,0.0,77.0,179.37
107.96,87.292,14.52,1279.24,0.0,0.0,0.0,76.99,179.38
108.02,87.367,14.537,1278.68,0.0,0.0,0.0,76.99,179.39
108.06,87.417,14.548,1278.31,0.0,0.0,0.0,76.98,179.4
108.12,87.492,14.564,1277.75,0.0,0.0,0.0,76.98,179.41
108.18,87.566,14.581,1277.19,0.0,0.0,0.0,76.97,179.42
108.22,87.616,14.591,1276.82,0.0,0.0,0.0,76.97,179.43
108.28,87.691,14.608,1276.26,0.0,0.0,0.0,76.96,179.44
108.32,87.741,14.619,1275.88,0.0,0.0,0.0,76.96,179.45
108.36,87.791,14.63,1275.51,0.0,0.0,0.0,76.95,179.46
108.42,87.865,14.646,1274.95,0.0,0.0,0.0,76.95,179.47
108.48,87.94,14.663,1274.39,0.0,0.0,0.0,76.94,179.48
108.52,87.99,14.674,1274.02,0.0,0.0,0.0,76.94,179.49
108.58,88.064,14.69,1273.46,0.0,0.0,0.0,76.93,179.5
108.62,88.114,14.701,1273.09,0.0,0.0,0.0,76.93,179.5
108.68,88.189,14.717,1272.53,0.0,0.0,0.0,76.92,179.52
108.72,88.238,14.728,1272.15,0.0,0.0,0.0,76.92,179.52
108.78,88.313,14.745,1271.59,0.0,0.0,0.0,76.91,179.53
108.82,88.362,14.756,1271.22,0.0,0.0,0.0,76.91,179.54
108.88,88.437,14.772,1270.66,0.0,0.0,0.0,76.9,179.55
108.92,88.486,14.783,1270.29,0.0,0.0,0.0,76.9,179.56
108.98,88.561,14.799,1269.73,0.0,0.0,0.0,76.89,179.57
109.04,88.635,14.816,1269.17,0.0,0.0,0.0,76.89,179.58
109.08,88.685,14.827,1268.8,0.0,0.0,0.0,76.89,179.59
109.12,88.734,14.838,1268.42,0.0,0.0,0.0,76.88,179.6
109.18,88.808,14.854,1267.87,0.0,0.0,0.0,76.88,179.61
109.22,88.858,14.865,1267.49,0.0,0.0,0.0,76.87,179.62
109.28,88.932,14.881,1266.93,0.0,0.0,0.0,76.87,179.63
109.32,88.981,14.892,1266.56,0.0,0.0,0.0,76.86,179.64
109.38,89.056,14.909,1266.0,0.0,0.0,0.0,76.86,179.65
109.44,89.13,14.925,1265.44,0.0,0.0,0.0,76.85,179.66
109.48,89.179,14.936,1265.07,0.0,0.0,0.0,76.85,179.67
109.54,89.253,14.952,1264.51,0.0,0.0,0.0,76.84,179.68
109.58,89.302,14.963,1264.14,0.0,0.0,0.0,76.84,179.68
109.62,89.352,14.974,1263.77,0.0,0.0,0.0,76.83,179.69
109.68,89.426,14.991,1263.21,0.0,0.0,0.0,76.83,179.7
109.72,89.475,15.002,1262.83,0.0,0.0,0.0,76.82,179.71
109.78,89.549,15.018,1262.28,0.0,0.0,0.0,76.82,179.72
109.84,89.623,15.034,1261.72,0.0,0.0,0.0,76.81,179.73
109.88,89.672,15.045,1261.34,0.0,0.0,0.0,76.81,179.74
109.94,89.746,15.067,1260.78,0.0,0.0,0.0,76.8,179.76
109.98,89.795,15.078,1260.41,0.0,0.0,0.0,76.8,179.76
110.04,89.869,15.095,1259.85,0.0,0.0,0.0,76.79,179.77
110.08,89.918,15.105,1259.48,0.0,0.0,0.0,76.79,179.78
110.14,89.992,15.122,1258.92,0.0,0.0,0.0,76.78,179.79
110.18,90.041,15.133,1258.55,0.0,0.0,0.0,76.78,179.8
110.24,90.114,15.149,1257.99,0.0,0.0,0.0,76.78,179.81
110.28,90.163,15.155,1257.62,0.0,0.0,0.0,76.77,179.82
110.34,90.237,15.171,1257.06,0.0,0.0,0.0,76.77,179.83
110.38,90.286,15.182,1256.69,0.0,0.0,0.0,76.76,179.83
110.44,90.359,15.198,1256.13,0.0,0.0,0.0,76.76,179.84
110.5,90.433,15.215,1255.57,0.0,0.0,0.0,76.75,179.86
110.54,90.482,15.226,1255.2,0.0,0.0,0.0,76.75,179.86
110.58,90.531,15.237,1254.83,0.0,0.0,0.0,76.74,179.87
110.64,90.604,15.253,1254.27,0.0,0.0,0.0,76.74,179.88
110.68,90.653,15.264,1253.9,0.0,0.0,0.0,76.73,179.89
110.74,90.727,15.28,1253.34,0.0,0.0,0.0,76.73,179.9
110.78,90.775,15.291,1252.96,0.0,0.0,0.0,76.72,179.91
110.84,90.849,15.308,1252.41,0.0,0.0,0.0,76.72,179.92
110.9,90.922,15.324,1251.85,0.0,0.0,0.0,76.71,179.93
110.94,90.971,15.335,1251.48,0.0,0.0,0.0,76.71,179.94
111.0,91.044,15.351,1250.92,0.0,0.0,0.0,76.7,179.95
111.04,91.093,15.362,1250.55,0.0,0.0,0.0,76.7,179.96
111.08,91.142,15.373,1250.17,0.0,0.0,0.0,76.7,179.96
111.14,91.215,15.39,1249.62,0.0,0.0,0.0,76.69,179.97
111.2,91.288,15.406,1249.06,0.0,0.0,0.0,76.68,179.98
111.24,91.336,15.417,1248.69,0.0,0.0,0.0,76.68,179.99
111.3,91.41,15.433,1248.13,0.0,0.0,0.0,76.67,180.0
111.34,91.458,15.444,1247.75,0.0,0.0,0.0,76.67,180.01
111.4,91.531,15.461,1247.2,0.0,0.0,0.0,76.67,180.02
111.44,91.58,15.472,1246.82,0.0,0.0,0.0,76.66,180.03
111.48,91.628,15.483,1246.45,0.0,0.0,0.0,76.66,180.04
111.54,91.701,15.499,1245.89,0.0,0.0,0.0,76.65,180.05
111.6,91.774,15.515,1245.34,0.0,0.0,0.0,76.65,180.06
111.64,91.823,15.526,1244.96,0.0,0.0,0.0,76.64,180.07
111.7,91.895,15.543,1244.41,0.0,0.0,0.0,76.64,180.08
111.74,91.944,15.554,1244.03,0.0,0.0,0.0,76.63,180.08
111.8,92.017,15.57,1243.48,0.0,0.0,0.0,76.63,180.09
111.86,92.089,15.586,1242.92,0.0,0.0,0.0,76.62,180.11
111.9,92.138,15.597,1242.55,0.0,0.0,0.0,76.62,180.11
111.94,92.186,15.608,1242.18,0.0,0.0,0.0,76.61,180.12
112.0,92.259,15.625,1241.62,0.0,0.0,0.0,76.61,180.13
112.04,92.307,15.636,1241.25,0.0,0.0,0.0,76.6,180.14
112.1,92.38,15.652,1240.69,0.0,0.0,0.0,76.6,180.15
112.14,92.428,15.663,1240.32,0.0,0.0,0.0,76.6,180.16
112.2,92.501,15.679,1239.76,0.0,0.0,0.0,76.59,180.17
112.26,92.573,15.696,1239.2,0.0,0.0,0.0,76.58,180.18
112.3,92.622,15.707,1238.83,0.0,0.0,0.0,76.58,180.18
112.34,92.67,15.717,1238.46,0.0,0.0,0.0,76.58,180.19
112.4,92.742,15.734,1237.9,0.0,0.0,0.0,76.57,180.2
112.44,92.791,15.745,1237.53,0.0,0.0,0.0,76.57,180.21
112.5,92.863,15.761,1236.97,0.0,0.0,0.0,76.56,180.22
112.54,92.911,15.772,1236.6,0.0,0.0,0.0,76.56,180.23
112.6,92.983,15.794,1236.04,0.0,0.0,0.0,76.55,180.24
112.64,93.032,15.805,1235.67,0.0,0.0,0.0,76.55,180.25
112.7,93.104,15.821,1235.11,0.0,0.0,0.0,76.54,180.26
112.74,93.152,15.827,1234.74,0.0,0.0,0.0,76.54,180.26
112.8,93.224,15.843,1234.18,0.0,0.0,0.0,76.53,180.27
112.86,93.296,15.859,1233.63,0.0,0.0,0.0,76.53,180.29
112.9,93.344,15.87,1233.25,0.0,0.0,0.0,76.52,180.29
112.96,93.416,15.887,1232.7,0.0,0.0,0.0,76.52,180.3
113.0,93.464,15.898,1232.33,0.0,0.0,0.0,76.51,180.31
113.04,93.512,15.909,1231.95,0.0,0.0,0.0,76.51,180.32
113.1,93.584,15.925,1231.4,0.0,0.0,0.0,76.5,180.33
113.14,93.632,15.936,1231.03,0.0,0.0,0.0,76.5,180.34
113.2,93.704,15.952,1230.47,0.0,0.0,0.0,76.5,180.35
113.26,93.776,15.969,1229.91,0.0,0.0,0.0,76.49,180.36
113.3,93.824,15.98,1229.54,0.0,0.0,0.0,76.49,180.36
113.36,93.896,15.996,1228.98,0.0,0.0,0.0,76.48,180.37
113.4,93.944,16.007,1228.61,0.0,0.0,0.0,76.48,180.38
113.46,94.016,16.023,1228.05,0.0,0.0,0.0,76.47,180.39
113.5,94.064,16.034,1227.68,0.0,0.0,0.0,76.47,180.4
113.56,94.135,16.051,1227.13,0.0,0.0,0.0,76.46,180.41
113.6,94.183,16.061,1226.75,0.0,0.0,0.0,76.46,180.42
113.66,94.255,16.078,1226.2,0.0,0.0,0.0,76.45,180.43
113.7,94.303,16.089,1225.83,0.0,0.0,0.0,76.45,180.43
113.76,94.374,16.105,1225.27,0.0,0.0,0.0,76.44,180.45
113.8,94.422,16.116,1224.9,0.0,0.0,0.0,76.44,180.45
113.86,94.493,16.132,1224.34,0.0,0.0,0.0,76.43,180.46
113.9,94.541,16.143,1223.97,0.0,0.0,0.0,76.43,180.47
113.96,94.613,16.16,1223.41,0.0,0.0,0.0,76.42,180.48
114.02,94.684,16.176,1222.86,0.0,0.0,0.0,76.42,180.49
114.06,94.732,16.187,1222.48,0.0,0.0,0.0,76.41,180.5
114.1,94.779,16.198,1222.11,0.0,0.0,0.0,76.41,180.51
114.16,94.851,16.214,1221.56,0.0,0.0,0.0,76.41,180.52
114.2,94.898,16.225,1221.19,0.0,0.0,0.0,76.4,180.52
114.26,94.97,16.242,1220.63,0.0,0.0,0.0,76.4,180.53
114.3,95.017,16.253,1220.26,0.0,0.0,0.0,76.39,180.54
114.36,95.089,16.269,1219.7,0.0,0.0,0.0,76.39,180.55
114.42,95.16,16.285,1219.14,0.0,0.0,0.0,76.38,180.56
114.46,95.207,16.296,1218.77,0.0,0.0,0.0,76.38,180.57
114.52,95.278,16.313,1218.22,0.0,0.0,0.0,76.37,180.58
114.56,95.326,16.324,1217.85,0.0,0.0,0.0,76.37,180.59
114.6,95.373,16.334,1217.48,0.0,0.0,0.0,76.36,180.59
114.66,95.444,16.351,1216.92,0.0,0.0,0.0,76.36,180.6
114.7,95.492,16.362,1216.55,0.0,0.0,0.0,76.35,180.61
114.76,95.563,16.378,1215.99,0.0,0.0,0.0,76.35,180.62
114.82,95.634,16.394,1215.44,0.0,0.0,0.0,76.34,180.63
114.86,95.681,16.405,1215.06,0.0,0.0,0.0,76.34,180.64
114.92,95.752,16.422,1214.51,0.0,0.0,0.0,76.33,180.65
114.96,95.799,16.433,1214.14,0.0,0.0,0.0,76.33,180.66
115.02,95.87,16.449,1213.58,0.0,0.0,0.0,76.32,180.67
115.06,95.918,16.46,1213.21,0.0,0.0,0.0,76.32,180.67
115.1,95.965,16.471,1212.84,0.0,0.0,0.0,76.32,180.68
115.16,96.036,16.487,1212.28,0.0,0.0,0.0,76.31,180.69
115.22,96.106,16.504,1211.73,0.0,0.0,0.0,76.31,180.7
115.26,96.154,16.515,1211.36,0.0,0.0,0.0,76.3,180.71
115.32,96.224,16.531,1210.8,0.0,0.0,0.0,76.3,180.72
115.36,96.271,16.542,1210.43,0.0,0.0,0.0,76.29,180.72
115.42,96.342,16.558,1209.87,0.0,0.0,0.0,76.29,180.73
115.46,96.389,16.569,1209.5,0.0,0.0,0.0,76.28,180.74
115.52,96.46,16.585,1208.95,0.0,0.0,0.0,76.28,180.75
115.56,96.507,16.596,1208.57,0.0,0.0,0.0,76.27,180.76
115.62,96.577,16.613,1208.02,0.0,0.0,0.0,76.27,180.77
115.66,96.625,16.624,1207.65,0.0,0.0,0.0,76.26,180.78
115.72,96.695,16.64,1207.09,0.0,0.0,0.0,76.26,180.79
115.76,96.742,16.651,1206.72,0.0,0.0,0.0,76.25,180.79
115.82,96.812,16.667,1206.17,0.0,0.0,0.0,76.25,180.8
115.88,96.883,16.684,1205.61,0.0,0.0,0.0,76.24,180.81
115.92,96.93,16.695,1205.24,0.0,0.0,0.0,76.24,180.82
115.98,97.0,16.711,1204.68,0.0,0.0,0.0,76.23,180.83
116.02,97.047,16.722,1204.31,0.0,0.0,0.0,76.23,180.84
116.06,97.094,16.733,1203.94,0.0,0.0,0.0,76.23,180.84
116.12,97.164,16.749,1203.39,0.0,0.0,0.0,76.22,180.85
116.16,97.211,16.76,1203.02,0.0,0.0,0.0,76.22,180.86
116.22,97.281,16.776,1202.46,0.0,0.0,0.0,76.21,180.87
116.28,97.351,16.793,1201.9,0.0,0.0,0.0,76.21,180.88
116.32,97.398,16.804,1201.53,0.0,0.0,0.0,76.2,180.89
116.36,97.445,16.815,1201.16,0.0,0.0,0.0,76.2,180.9
116.42,97.515,16.831,1200.61,0.0,0.0,0.0,76.19,180.91
116.48,97.585,16.847,1200.05,0.0,0.0,0.0,76.19,180.92
116.52,97.632,16.858,1199.68,0.0,0.0,0.0,76.18,180.92
116.58,97.702,16.875,1199.13,0.0,0.0,0.0,76.18,180.93
116.62,97.748,16.886,1198.76,0.0,0.0,0.0,76.17,180.94
116.68,97.818,16.902,1198.2,0.0,0.0,0.0,76.17,180.95
116.74,97.888,16.918,1197.65,0.0,0.0,0.0,76.16,180.96
116.78,97.935,16.929,1197.27,0.0,0.0,0.0,76.16,180.97
116.82,97.982,16.94,1196.9,0.0,0.0,0.0,76.16,180.97
116.88,98.051,16.956,1196.35,0.0,0.0,0.0,76.15,180.98
116.92,98.098,16.967,1195.98,0.0,0.0,0.0,76.15,180.99
116.98,98.168,16.984,1195.42,0.0,0.0,0.0,76.14,181.0
117.02,98.214,16.995,1195.05,0.0,0.0,0.0,76.14,181.01
117.08,98.284,17.011,1194.5,0.0,0.0,0.0,76.13,181.02
117.14,98.354,17.027,1193.94,0.0,0.0,0.0,76.13,181.03
117.18,98.4,17.038,1193.57,0.0,0.0,0.0,76.12,181.03
117.22,98.446,17.049,1193.2,0.0,0.0,0.0,76.12,181.04
117.28,98.516,17.066,1192.65,0.0,0.0,0.0,76.11,181.05
117.32,98.562,17.076,1192.28,0.0,0.0,0.0,76.11,181.06
117.38,98.632,17.093,1191.72,0.0,0.0,0.0,76.1,181.07
117.42,98.678,17.104,1191.35,0.0,0.0,0.0,76.1,181.07
117.48,98.748,17.12,1190.8,0.0,0.0,0.0,76.09,181.08
117.54,98.817,17.136,1190.24,0.0,0.0,0.0,76.09,181.09
117.58,98.864,17.147,1189.87,0.0,0.0,0.0,76.08,181.1
117.62,98.91,17.158,1189.5,0.0,0.0,0.0,76.08,181.11
117.68,98.979,17.175,1188.95,0.0,0.0,0.0,76.07,181.12
118.56,99.993,17.415,1180.81,0.0,0.0,0.0,75.99,181.26
118.6,100.039,17.425,1180.44,0.0,0.0,0.0,75.99,181.27
118.66,100.108,17.442,1179.89,0.0,0.0,0.0,75.98,181.28
118.7,100.154,17.453,1179.52,0.0,0.0,0.0,75.98,181.29
118.76,100.222,17.469,1178.96,0.0,0.0,0.0,75.97,181.3
118.82,100.291,17.485,1178.41,0.0,0.0,0.0,75.97,181.31
118.86,100.337,17.496,1178.04,0.0,0.0,0.0,75.96,181.31
118.92,100.406,17.513,1177.48,0.0,0.0,0.0,75.96,181.32
118.96,100.451,17.524,1177.11,0.0,0.0,0.0,75.95,181.33
119.0,100.497,17.534,1176.74,0.0,0.0,0.0,75.95,181.33
119.06,100.566,17.551,1176.19,0.0,0.0,0.0,75.95,181.34
119.12,100.634,17.567,1175.63,0.0,0.0,0.0,75.94,181.35
119.16,100.68,17.578,1175.26,0.0,0.0,0.0,75.94,181.36
119.22,100.749,17.594,1174.71,0.0,0.0,0.0,75.93,181.37
119.26,100.794,17.605,1174.34,0.0,0.0,0.0,75.93,181.38
119.32,100.863,17.622,1173.79,0.0,0.0,0.0,75.92,181.39
119.36,100.908,17.633,1173.42,0.0,0.0,0.0,75.92,181.39
119.4,100.954,17.643,1173.05,0.0,0.0,0.0,75.91,181.4
119.46,101.022,17.66,1172.49,0.0,0.0,0.0,75.91,181.41
119.52,101.091,17.676,1171.94,0.0,0.0,0.0,75.9,181.42
119.56,101.136,17.687,1171.57,0.0,0.0,0.0,75.9,181.43
119.62,101.204,17.703,1171.02,0.0,0.0,0.0,75.89,181.44
119.68,101.273,17.72,1170.46,0.0,0.0,0.0,75.89,181.44
119.72,101.318,17.731,1170.09,0.0,0.0,0.0,75.88,181.45
119.76,101.364,17.742,1169.72,0.0,0.0,0.0,75.88,181.46
119.82,101.432,17.758,1169.17,0.0,0.0,0.0,75.87,181.47
119.86,101.477,17.769,1168.8,0.0,0.0,0.0,75.87,181.47
119.92,101.545,17.785,1168.25,0.0,0.0,0.0,75.86,181.48
119.96,101.591,17.796,1167.88,0.0,0.0,0.0,75.86,181.49
120.02,101.659,17.812,1167.32,0.0,0.0,0.0,75.85,181.5
120.08,101.727,17.829,1166.77,0.0,0.0,0.0,75.85,181.51
120.12,101.772,17.84,1166.4,0.0,0.0,0.0,75.85,181.52
120.16,101.817,17.851,1166.03,0.0,0.0,0.0,75.84,181.52
120.22,101.885,17.867,1165.48,0.0,0.0,0.0,75.84,181.53
120.26,101.931,17.878,1165.11,0.0,0.0,0.0,75.83,181.54
120.32,101.998,17.894,1164.55,0.0,0.0,0.0,75.83,181.55
120.38,102.066,17.91,1164.0,0.0,0.0,0.0,75.82,181.56
120.42,102.112,17.921,1163.63,0.0,0.0,0.0,75.82,181.56
120.48,102.179,17.938,1163.08,0.0,0.0,0.0,75.81,181.57
120.52,102.224,17.949,1162.71,0.0,0.0,0.0,75.81,181.58
120.56,102.27,17.96,1162.34,0.0,0.0,0.0,75.8,181.59
120.62,102.337,17.976,1161.79,0.0,0.0,0.0,75.8,181.6
120.68,102.405,17.992,1161.23,0.0,0.0,0.0,75.79,181.61
120.72,102.45,18.003,1160.86,0.0,0.0,0.0,75.79,181.61
120.78,102.518,18.019,1160.31,0.0,0.0,0.0,75.78,181.62
120.82,102.563,18.03,1159.94,0.0,0.0,0.0,75.78,181.63
120.88,102.63,18.047,1159.39,0.0,0.0,0.0,75.77,181.64
120.92,102.675,18.058,1159.02,0.0,0.0,0.0,75.77,181.64
120.98,102.743,18.074,1158.46,0.0,0.0,0.0,75.76,181.65
121.02,102.788,18.085,1158.1,0.0,0.0,0.0,75.76,181.66
121.08,102.855,18.101,1157.54,0.0,0.0,0.0,75.76,181.67
121.12,102.9,18.112,1157.17,0.0,0.0,0.0,75.75,181.67
121.18,102.968,18.128,1156.62,0.0,0.0,0.0,75.75,181.68
121.22,103.013,18.139,1156.25,0.0,0.0,0.0,75.74,181.69
121.28,103.08,18.156,1155.7,0.0,0.0,0.0,75.74,181.7
121.32,103.125,18.167,1155.33,0.0,0.0,0.0,75.73,181.71
121.38,103.192,18.183,1154.78,0.0,0.0,0.0,75.73,181.72
121.42,103.237,18.194,1154.41,0.0,0.0,0.0,75.72,181.72
121.48,103.304,18.21,1153.85,0.0,0.0,0.0,75.72,181.73
121.52,103.349,18.221,1153.48,0.0,0.0,0.0,75.71,181.74
121.58,103.416,18.237,1152.93,0.0,0.0,0.0,75.71,181.75
121.62,103.461,18.248,1152.56,0.0,0.0,0.0,75.7,181.75
121.68,103.528,18.265,1152.01,0.0,0.0,0.0,75.7,181.76
121.74,103.595,18.281,1151.46,0.0,0.0,0.0,75.69,181.77
121.78,103.64,18.292,1151.09,0.0,0.0,0.0,75.69,181.78
121.84,103.707,18.308,1150.53,0.0,0.0,0.0,75.68,181.79
121.88,103.751,18.319,1150.17,0.0,0.0,0.0,75.68,181.79
121.92,103.796,18.33,1149.8,0.0,0.0,0.0,75.68,181.8
121.98,103.863,18.352,1149.24,0.0,0.0,0.0,75.67,181.81
122.02,103.908,18.363,1148.88,0.0,0.0,0.0,75.67,181.82
122.08,103.974,18.379,1148.32,0.0,0.0,0.0,75.66,181.83
122.14,104.041,18.395,1147.77,0.0,0.0,0.0,75.65,181.84
122.18,104.086,18.406,1147.4,0.0,0.0,0.0,75.65,181.84
122.24,104.153,18.422,1146.85,0.0,0.0,0.0,75.64,181.85
122.28,104.197,18.433,1146.48,0.0,0.0,0.0,75.64,181.86
122.34,104.264,18.45,1145.93,0.0,0.0,0.0,75.64,181.87
122.38,104.308,18.461,1145.56,0.0,0.0,0.0,75.63,181.87
122.44,104.375,18.477,1145.01,0.0,0.0,0.0,75.63,181.88
122.48,104.419,18.488,1144.64,0.0,0.0,0.0,75.62,181.89
122.54,104.486,18.504,1144.08,0.0,0.0,0.0,75.62,181.9
122.6,104.553,18.521,1143.53,0.0,0.0,0.0,75.61,181.91
122.64,104.597,18.531,1143.16,0.0,0.0,0.0,75.61,181.92
122.7,104.664,18.548,1142.61,0.0,0.0,0.0,75.6,181.92
122.74,104.708,18.559,1142.24,0.0,0.0,0.0,75.6,181.93
122.8,104.774,18.575,1141.69,0.0,0.0,0.0,75.59,181.94
122.84,104.819,18.58,1141.32,0.0,0.0,0.0,75.59,181.94
122.9,104.885,18.597,1140.77,0.0,0.0,0.0,75.58,181.95
122.94,104.929,18.608,1140.4,0.0,0.0,0.0,75.58,181.96
122.98,104.974,18.619,1140.03,0.0,0.0,0.0,75.58,181.96
123.04,105.04,18.635,1139.48,0.0,0.0,0.0,75.57,181.97
123.1,105.106,18.651,1138.93,0.0,0.0,0.0,75.57,181.98
123.14,105.15,18.662,1138.56,0.0,0.0,0.0,75.56,181.99
123.18,105.194,18.673,1138.19,0.0,0.0,0.0,75.56,181.99
123.24,105.261,18.689,1137.64,0.0,0.0,0.0,75.55,182.0
123.3,105.327,18.706,1137.09,0.0,0.0,0.0,75.55,182.01
123.34,105.371,18.717,1136.72,0.0,0.0,0.0,75.54,182.02
123.4,105.437,18.733,1136.17,0.0,0.0,0.0,75.54,182.03
123.44,105.481,18.744,1135.8,0.0,0.0,0.0,75.53,182.03
123.48,105.525,18.755,1135.43,0.0,0.0,0.0,75.53,182.04
123.54,105.591,18.771,1134.88,0.0,0.0,0.0,75.52,182.05
123.6,105.657,18.787,1134.33,0.0,0.0,0.0,75.52,182.06
123.64,105.701,18.798,1133.96,0.0,0.0,0.0,75.52,182.07
123.7,105.767,18.815,1133.41,0.0,0.0,0.0,75.51,182.07
123.74,105.811,18.825,1133.04,0.0,0.0,0.0,75.51,182.08
123.8,105.877,18.842,1132.49,0.0,0.0,0.0,75.5,182.09
123.84,105.921,18.853,1132.12,0.0,0.0,0.0,75.5,182.1
123.9,105.987,18.869,1131.57,0.0,0.0,0.0,75.49,182.1
123.94,106.031,18.88,1131.2,0.0,0.0,0.0,75.49,182.11
124.0,106.097,18.896,1130.65,0.0,0.0,0.0,75.48,182.12
124.04,106.14,18.907,1130.28,0.0,0.0,0.0,75.48,182.13
124.1,106.206,18.923,1129.73,0.0,0.0,0.0,75.47,182.13
124.14,106.25,18.934,1129.36,0.0,0.0,0.0,75.47,182.14
124.2,106.316,18.951,1128.81,0.0,0.0,0.0,75.46,182.15
124.26,106.381,18.967,1128.25,0.0,0.0,0.0,75.46,182.16
124.3,106.425,18.978,1127.89,0.0,0.0,0.0,75.45,182.16
124.34,106.469,18.989,1127.52,0.0,0.0,0.0,75.45,182.17
124.38,106.512,19.0,1127.15,0.0,0.0,0.0,75.45,182.18
124.44,106.578,19.016,1126.6,0.0,0.0,0.0,75.44,182.19
124.5,106.643,19.032,1126.05,0.0,0.0,0.0,75.43,182.19
124.54,106.687,19.043,1125.68,0.0,0.0,0.0,75.43,182.2
124.6,106.753,19.059,1125.13,0.0,0.0,0.0,75.43,182.21
124.64,106.796,19.07,1124.76,0.0,0.0,0.0,75.42,182.22
124.7,106.862,19.087,1124.21,0.0,0.0,0.0,75.42,182.22
124.74,106.905,19.098,1123.84,0.0,0.0,0.0,75.41,182.23
124.8,106.97,19.114,1123.29,0.0,0.0,0.0,75.41,182.24
124.84,107.014,19.125,1122.92,0.0,0.0,0.0,75.4,182.25
124.9,107.079,19.141,1122.37,0.0,0.0,0.0,75.4,182.25
124.94,107.123,19.152,1122.0,0.0,0.0,0.0,75.39,182.26
125.0,107.188,19.168,1121.45,0.0,0.0,0.0,75.39,182.27
125.04,107.231,19.179,1121.08,0.0,0.0,0.0,75.38,182.28
125.08,107.275,19.19,1120.71,0.0,0.0,0.0,75.38,182.28
125.14,107.34,19.206,1120.16,0.0,0.0,0.0,75.37,182.29
125.2,107.405,19.223,1119.61,0.0,0.0,0.0,75.37,182.3
125.24,107.448,19.234,1119.24,0.0,0.0,0.0,75.36,182.31
125.3,107.514,19.25,1118.69,0.0,0.0,0.0,75.36,182.31
125.32,107.557,19.261,1118.33,0.0,0.0,0.0,75.36,182.32
125.4,107.622,19.277,1117.77,0.0,0.0,0.0,75.35,182.33
125.46,107.687,19.293,1117.22,0.0,0.0,0.0,75.34,182.34
125.5,107.73,19.304,1116.86,0.0,0.0,0.0,75.34,182.34
125.54,107.773,19.315,1116.49,0.0,0.0,0.0,75.34,182.35
125.6,107.838,19.331,1115.94,0.0,0.0,0.0,75.33,182.36
125.64,107.881,19.342,1115.57,0.0,0.0,0.0,75.33,182.36
125.7,107.946,19.359,1115.02,0.0,0.0,0.0,75.32,182.37
125.76,108.011,19.375,1114.47,0.0,0.0,0.0,75.32,182.38
125.8,108.054,19.386,1114.1,0.0,0.0,0.0,75.31,182.39
125.86,108.119,19.402,1113.55,0.0,0.0,0.0,75.31,182.4
125.9,108.162,19.413,1113.18,0.0,0.0,0.0,75.3,182.4
125.96,108.227,19.429,1112.63,0.0,0.0,0.0,75.3,182.41
126.0,108.27,19.44,1112.26,0.0,0.0,0.0,75.29,182.42
126.0,108.291,19.451,1111.9,0.0,0.0,0.0,75.29,182.42
126.08,108.356,19.462,1111.53,0.0,0.0,0.0,75.29,182.43
126.12,108.399,19.473,1111.16,0.0,0.0,0.0,75.28,182.43
126.18,108.464,19.489,1110.61,0.0,0.0,0.0,75.28,182.44
126.22,108.507,19.5,1110.24,0.0,0.0,0.0,75.27,182.45
126.28,108.571,19.516,1109.69,0.0,0.0,0.0,75.27,182.46
126.34,108.636,19.533,1109.14,0.0,0.0,0.0,75.26,182.47
126.38,108.679,19.544,1108.77,0.0,0.0,0.0,75.26,182.47
126.44,108.743,19.56,1108.22,0.0,0.0,0.0,75.25,182.48
126.48,108.786,19.571,1107.86,0.0,0.0,0.0,75.25,182.49
126.52,108.829,19.582,1107.49,0.0,0.0,0.0,75.24,182.49
126.58,108.893,19.598,1106.94,0.0,0.0,0.0,75.24,182.5
126.64,108.957,19.614,1106.39,0.0,0.0,0.0,75.23,182.51
126.68,109.0,19.625,1106.02,0.0,0.0,0.0,75.23,182.52
126.74,109.064,19.642,1105.47,0.0,0.0,0.0,75.22,182.53
126.78,109.107,19.652,1105.1,0.0,0.0,0.0,75.22,182.53
126.84,109.171,19.669,1104.55,0.0,0.0,0.0,75.21,182.54
126.88,109.214,19.68,1104.18,0.0,0.0,0.0,75.21,182.55
126.94,109.278,19.696,1103.63,0.0,0.0,0.0,75.21,182.55
126.98,109.321,19.707,1103.27,0.0,0.0,0.0,75.2,182.56
127.04,109.385,19.723,1102.72,0.0,0.0,0.0,75.2,182.57
127.08,109.428,19.734,1102.35,0.0,0.0,0.0,75.19,182.57
127.14,109.492,19.75,1101.8,0.0,0.0,0.0,75.19,182.58
127.18,109.534,19.761,1101.43,0.0,0.0,0.0,75.18,182.59
127.24,109.598,19.778,1100.88,0.0,0.0,0.0,75.18,182.6
127.28,109.641,19.788,1100.52,0.0,0.0,0.0,75.17,182.6
127.34,109.705,19.805,1099.96,0.0,0.0,0.0,75.17,182.61
127.38,109.747,19.816,1099.6,0.0,0.0,0.0,75.16,182.62
127.44,109.811,19.832,1099.05,0.0,0.0,0.0,75.16,182.63
127.5,109.875,19.848,1098.5,0.0,0.0,0.0,75.15,182.64
127.54,109.918,19.859,1098.13,0.0,0.0,0.0,75.15,182.64
127.6,109.981,19.875,1097.58,0.0,0.0,0.0,75.14,182.65
127.64,110.024,19.886,1097.21,0.0,0.0,0.0,75.14,182.66
127.7,110.087,19.903,1096.66,0.0,0.0,0.0,75.13,182.66
127.74,110.13,19.913,1096.3,0.0,0.0,0.0,75.13,182.67
127.78,110.172,19.93,1095.93,0.0,0.0,0.0,75.13,182.68
127.84,110.236,19.946,1095.38,0.0,0.0,0.0,75.12,182.69
127.88,110.278,19.957,1095.01,0.0,0.0,0.0,75.11,182.69
127.94,110.342,19.973,1094.46,0.0,0.0,0.0,75.11,182.7
128.0,110.405,19.99,1093.91,0.0,0.0,0.0,75.11,182.71
128.04,110.448,20.0,1093.55,0.0,0.0,0.0,75.1,182.72
128.1,110.511,20.017,1093.0,0.0,0.0,0.0,75.09,182.72
128.14,110.553,20.028,1092.63,0.0,0.0,0.0,75.09,182.73
128.2,110.617,20.044,1092.08,0.0,0.0,0.0,75.08,182.74
128.26,110.68,20.06,1091.53,0.0,0.0,0.0,75.08,182.75
128.3,110.722,20.071,1091.16,0.0,0.0,0.0,75.08,182.75
128.36,110.786,20.082,1090.61,0.0,0.0,0.0,75.07,182.76
128.4,110.828,20.093,1090.25,0.0,0.0,0.0,75.07,182.76
128.46,110.912,20.115,1089.51,0.0,0.0,0.0,75.06,182.77
128.5,110.933,20.12,1089.33,0.0,0.0,0.0,75.06,182.78
128.56,110.997,20.136,1088.78,0.0,0.0,0.0,75.05,182.79
128.6,111.039,20.147,1088.42,0.0,0.0,0.0,75.05,182.79
128.66,111.102,20.164,1087.87,0.0,0.0,0.0,75.04,182.8
128.7,111.144,20.174,1087.5,0.0,0.0,0.0,75.04,182.81
128.76,111.207,20.191,1086.95,0.0,0.0,0.0,75.03,182.81
128.8,111.249,20.202,1086.58,0.0,0.0,0.0,75.03,182.82
128.86,111.312,20.218,1086.03,0.0,0.0,0.0,75.02,182.83
128.92,111.375,20.234,1085.48,0.0,0.0,0.0,75.02,182.84
128.96,111.417,20.245,1085.12,0.0,0.0,0.0,75.01,182.84
129.02,111.48,20.261,1084.57,0.0,0.0,0.0,75.01,182.85
129.06,111.522,20.272,1084.2,0.0,0.0,0.0,75.01,182.86
129.1,111.564,20.283,1083.84,0.0,0.0,0.0,75.0,182.86
129.16,111.627,20.299,1083.29,0.0,0.0,0.0,75.0,182.87
129.2,111.668,20.31,1082.92,0.0,0.0,0.0,74.99,182.88
129.26,111.731,20.327,1082.37,0.0,0.0,0.0,74.99,182.88
129.32,111.794,20.343,1081.82,0.0,0.0,0.0,74.98,182.89
129.36,111.836,20.354,1081.45,0.0,0.0,0.0,74.98,182.9
129.42,111.899,20.37,1080.91,0.0,0.0,0.0,74.97,182.91
129.46,111.94,20.381,1080.54,0.0,0.0,0.0,74.97,182.91
129.52,112.003,20.397,1079.99,0.0,0.0,0.0,74.96,182.92
129.56,112.045,20.408,1079.62,0.0,0.0,0.0,74.96,182.93
129.62,112.107,20.424,1079.07,0.0,0.0,0.0,74.95,182.93
129.66,112.149,20.435,1078.71,0.0,0.0,0.0,74.95,182.94
129.72,112.212,20.452,1078.16,0.0,0.0,0.0,74.94,182.95
129.76,112.253,20.462,1077.79,0.0,0.0,0.0,74.94,182.95
129.8,112.295,20.473,1077.43,0.0,0.0,0.0,74.94,182.96
129.86,112.357,20.49,1076.88,0.0,0.0,0.0,74.93,182.97
129.92,112.42,20.506,1076.33,0.0,0.0,0.0,74.92,182.98
129.98,112.482,20.522,1075.78,0.0,0.0,0.0,74.92,182.98
130.02,112.524,20.533,1075.41,0.0,0.0,0.0,74.91,182.99
130.08,112.586,20.549,1074.87,0.0,0.0,0.0,74.91,183.0
130.12,112.628,20.56,1074.5,0.0,0.0,0.0,74.91,183.0
130.18,112.69,20.577,1073.95,0.0,0.0,0.0,74.9,183.01
130.22,112.731,20.587,1073.58,0.0,0.0,0.0,74.9,183.02
130.26,112.773,20.598,1073.22,0.0,0.0,0.0,74.89,183.02
130.32,112.835,20.615,1072.67,0.0,0.0,0.0,74.89,183.03
130.38,112.897,20.631,1072.12,0.0,0.0,0.0,74.88,183.04
130.42,112.939,20.642,1071.76,0.0,0.0,0.0,74.88,183.05
130.48,113.001,20.658,1071.21,0.0,0.0,0.0,74.87,183.05
130.52,113.042,20.669,1070.84,0.0,0.0,0.0,74.87,183.06
130.58,113.104,20.685,1070.29,0.0,0.0,0.0,74.86,183.07
130.62,113.146,20.696,1069.93,0.0,0.0,0.0,74.86,183.07
130.68,113.208,20.712,1069.38,0.0,0.0,0.0,74.85,183.08
130.72,113.249,20.723,1069.01,0.0,0.0,0.0,74.85,183.09
130.78,113.311,20.74,1068.46,0.0,0.0,0.0,74.84,183.1
130.84,113.393,20.761,1067.73,0.0,0.0,0.0,74.84,183.11
130.88,113.414,20.767,1067.55,0.0,0.0,0.0,74.83,183.11
130.92,113.455,20.778,1067.18,0.0,0.0,0.0,74.83,183.11
130.98,113.517,20.794,1066.64,0.0,0.0,0.0,74.82,183.12
131.04,113.579,20.81,1066.09,0.0,0.0,0.0,74.82,183.13
131.08,113.62,20.821,1065.72,0.0,0.0,0.0,74.81,183.14
131.14,113.682,20.837,1065.17,0.0,0.0,0.0,74.81,183.14
131.18,113.723,20.848,1064.81,0.0,0.0,0.0,74.81,183.15
131.22,113.764,20.859,1064.44,0.0,0.0,0.0,74.8,183.16
131.28,113.826,20.875,1063.89,0.0,0.0,0.0,74.8,183.16
131.32,113.867,20.886,1063.53,0.0,0.0,0.0,74.79,183.17
131.38,113.928,20.903,1062.98,0.0,0.0,0.0,74.79,183.18
131.42,113.969,20.913,1062.61,0.0,0.0,0.0,74.78,183.18
131.48,114.031,20.93,1062.07,0.0,0.0,0.0,74.78,183.19
131.54,114.092,20.946,1061.52,0.0,0.0,0.0,74.77,183.2
131.58,114.133,20.957,1061.15,0.0,0.0,0.0,74.77,183.2
131.64,114.195,20.973,1060.6,0.0,0.0,0.0,74.76,183.21
131.68,114.236,20.984,1060.24,0.0,0.0,0.0,74.76,183.22
131.74,114.297,21.0,1059.69,0.0,0.0,0.0,74.75,183.23
131.8,114.358,21.017,1059.14,0.0,0.0,0.0,74.75,183.23
131.84,114.399,21.027,1058.78,0.0,0.0,0.0,74.74,183.24
131.9,114.461,21.044,1058.23,0.0,0.0,0.0,74.74,183.25
131.94,114.501,21.055,1057.86,0.0,0.0,0.0,74.73,183.25
131.98,114.542,21.065,1057.5,0.0,0.0,0.0,74.73,183.26
132.04,114.604,21.082,1056.95,0.0,0.0,0.0,74.72,183.27
132.08,114.644,21.093,1056.59,0.0,0.0,0.0,74.72,183.27
132.14,114.706,21.109,1056.04,0.0,0.0,0.0,74.71,183.28
132.18,114.746,21.12,1055.67,0.0,0.0,0.0,74.71,183.28
132.24,114.807,21.136,1055.12,0.0,0.0,0.0,74.71,183.29
132.3,114.868,21.152,1054.58,0.0,0.0,0.0,74.7,183.3
132.34,114.909,21.163,1054.21,0.0,0.0,0.0,74.7,183.31
132.4,114.97,21.18,1053.66,0.0,0.0,0.0,74.69,183.31
132.44,115.011,21.19,1053.3,0.0,0.0,0.0,74.69,183.32
132.5,115.072,21.207,1052.75,0.0,0.0,0.0,74.68,183.33
132.54,115.112,21.218,1052.39,0.0,0.0,0.0,74.68,183.33
132.6,115.173,21.234,1051.84,0.0,0.0,0.0,74.67,183.34
132.64,115.214,21.245,1051.47,0.0,0.0,0.0,74.67,183.35
132.7,115.275,21.261,1050.93,0.0,0.0,0.0,74.66,183.35
132.74,115.315,21.272,1050.56,0.0,0.0,0.0,74.66,183.36
132.8,115.376,21.288,1050.01,0.0,0.0,0.0,74.65,183.37
132.84,115.417,21.299,1049.65,0.0,0.0,0.0,74.65,183.37
132.9,115.477,21.315,1049.1,0.0,0.0,0.0,74.64,183.38
132.94,115.518,21.326,1048.74,0.0,0.0,0.0,74.64,183.39
133.0,115.578,21.342,1048.19,0.0,0.0,0.0,74.63,183.39
133.04,115.619,21.353,1047.82,0.0,0.0,0.0,74.63,183.4
133.1,115.679,21.37,1047.28,0.0,0.0,0.0,74.62,183.41
133.14,115.72,21.38,1046.91,0.0,0.0,0.0,74.62,183.41
133.2,115.78,21.397,1046.36,0.0,0.0,0.0,74.61,183.42
133.24,115.821,21.408,1046.0,0.0,0.0,0.0,74.61,183.43
133.3,115.881,21.424,1045.45,0.0,0.0,0.0,74.61,183.43
133.36,115.942,21.44,1044.9,0.0,0.0,0.0,74.6,183.44
133.4,115.982,21.451,1044.54,0.0,0.0,0.0,74.6,183.45
133.46,116.042,21.467,1043.99,0.0,0.0,0.0,74.59,183.46
133.5,116.083,21.478,1043.63,0.0,0.0,0.0,74.59,183.46
133.54,116.123,21.489,1043.26,0.0,0.0,0.0,74.58,183.47
133.6,116.183,21.505,1042.72,0.0,0.0,0.0,74.58,183.47
133.64,116.224,21.516,1042.35,0.0,0.0,0.0,74.57,183.48
133.7,116.284,21.532,1041.8,0.0,0.0,0.0,74.57,183.49
133.74,116.324,21.543,1041.44,0.0,0.0,0.0,74.56,183.49
133.8,116.384,21.56,1040.89,0.0,0.0,0.0,74.56,183.5
133.84,116.424,21.57,1040.53,0.0,0.0,0.0,74.55,183.51
133.9,116.484,21.587,1039.98,0.0,0.0,0.0,74.55,183.51
133.96,116.545,21.603,1039.43,0.0,0.0,0.0,74.54,183.52
134.0,116.585,21.614,1039.07,0.0,0.0,0.0,74.54,183.53
134.06,116.645,21.63,1038.52,0.0,0.0,0.0,74.53,183.53
134.1,116.685,21.641,1038.16,0.0,0.0,0.0,74.53,183.54
134.16,116.745,21.657,1037.61,0.0,0.0,0.0,74.52,183.55
134.2,116.785,21.668,1037.25,0.0,0.0,0.0,74.52,183.55
134.26,116.845,21.684,1036.7,0.0,0.0,0.0,74.51,183.56
134.3,116.885,21.695,1036.34,0.0,0.0,0.0,74.51,183.57
134.36,116.945,21.712,1035.79,0.0,0.0,0.0,74.5,183.57
134.42,117.004,21.728,1035.24,0.0,0.0,0.0,74.5,183.58
134.46,117.044,21.739,1034.88,0.0,0.0,0.0,74.5,183.59
134.5,117.084,21.75,1034.51,0.0,0.0,0.0,74.49,183.59
134.56,117.144,21.766,1033.97,0.0,0.0,0.0,74.49,183.6
134.6,117.184,21.777,1033.6,0.0,0.0,0.0,74.48,183.6
134.66,117.244,21.793,1033.06,0.0,0.0,0.0,74.48,183.61
134.7,117.283,21.804,1032.69,0.0,0.0,0.0,74.47,183.62
134.76,117.343,21.82,1032.15,0.0,0.0,0.0,74.47,183.63
134.82,117.403,21.836,1031.6,0.0,0.0,0.0,74.46,183.63
134.86,117.442,21.847,1031.23,0.0,0.0,0.0,74.46,183.64
134.92,117.502,21.864,1030.69,0.0,0.0,0.0,74.45,183.65
134.96,117.542,21.874,1030.32,0.0,0.0,0.0,74.45,183.65
135.0,117.581,21.885,1029.96,0.0,0.0,0.0,74.44,183.66
135.06,117.641,21.902,1029.41,0.0,0.0,0.0,74.44,183.66
135.12,117.7,21.918,1028.87,0.0,0.0,0.0,74.43,183.67
135.18,117.78,21.94,1028.14,0.0,0.0,0.0,74.43,183.68
135.22,117.8,21.945,1027.96,0.0,0.0,0.0,74.42,183.68
135.28,117.859,21.961,1027.41,0.0,0.0,0.0,74.42,183.69
135.32,117.898,21.972,1027.05,0.0,0.0,0.0,74.41,183.7
135.36,117.938,21.983,1026.68,0.0,0.0,0.0,74.41,183.7
135.42,117.997,21.999,1026.14,0.0,0.0,0.0,74.4,183.71
135.46,118.037,22.01,1025.77,0.0,0.0,0.0,74.4,183.72
135.52,118.096,22.026,1025.23,0.0,0.0,0.0,74.4,183.72
135.56,118.136,22.037,1024.86,0.0,0.0,0.0,74.39,183.73
135.62,118.195,22.059,1024.32,0.0,0.0,0.0,74.38,183.74
135.66,118.234,22.07,1023.95,0.0,0.0,0.0,74.38,183.74
135.72,118.293,22.086,1023.41,0.0,0.0,0.0,74.37,183.75
135.8,118.372,22.108,1022.68,0.0,0.0,0.0,74.37,183.76
135.84,118.411,22.119,1022.31,0.0,0.0,0.0,74.36,183.77
135.9,118.471,22.135,1021.77,0.0,0.0,0.0,74.36,183.77
135.94,118.51,22.146,1021.4,0.0,0.0,0.0,74.36,183.78
135.98,118.549,22.157,1021.04,0.0,0.0,0.0,74.35,183.78
136.04,118.608,22.173,1020.49,0.0,0.0,0.0,74.34,183.79
136.1,118.667,22.189,1019.95,0.0,0.0,0.0,74.34,183.8
136.16,118.726,22.205,1019.4,0.0,0.0,0.0,74.33,183.81
136.2,118.765,22.216,1019.04,0.0,0.0,0.0,74.33,183.81
136.26,118.824,22.233,1018.49,0.0,0.0,0.0,74.32,183.82
136.3,118.863,22.243,1018.13,0.0,0.0,0.0,74.32,183.83
136.36,118.922,22.26,1017.58,0.0,0.0,0.0,74.31,183.83
136.42,118.981,22.276,1017.04,0.0,0.0,0.0,74.31,183.84
136.48,119.039,22.292,1016.49,0.0,0.0,0.0,74.3,183.85
136.52,119.079,22.303,1016.13,0.0,0.0,0.0,74.3,183.85
136.58,119.137,22.319,1015.58,0.0,0.0,0.0,74.29,183.86
136.62,119.176,22.33,1015.22,0.0,0.0,0.0,74.29,183.87
136.66,119.215,22.336,1014.86,0.0,0.0,0.0,74.29,183.87
136.72,119.274,22.352,1014.31,0.0,0.0,0.0,74.28,183.88
136.78,119.332,22.368,1013.77,0.0,0.0,0.0,74.28,183.88
136.82,119.371,22.379,1013.4,0.0,0.0,0.0,74.27,183.89
136.88,119.43,22.395,1012.86,0.0,0.0,0.0,74.27,183.9
136.92,119.469,22.406,1012.49,0.0,0.0,0.0,74.26,183.9
136.98,119.527,22.422,1011.95,0.0,0.0,0.0,74.26,183.91
137.02,119.566,22.433,1011.59,0.0,0.0,0.0,74.25,183.91
137.08,119.625,22.45,1011.04,0.0,0.0,0.0,74.25,183.92
137.12,119.663,22.46,1010.68,0.0,0.0,0.0,74.24,183.93
137.16,119.702,22.477,1010.31,0.0,0.0,0.0,74.24,183.93
137.22,119.761,22.488,1009.77,0.0,0.0,0.0,74.23,183.94
137.28,119.819,22.504,1009.22,0.0,0.0,0.0,74.23,183.95
137.32,119.858,22.515,1008.86,0.0,0.0,0.0,74.22,183.95
137.38,119.916,22.531,1008.31,0.0,0.0,0.0,74.22,183.96
137.42,119.955,22.542,1007.95,0.0,0.0,0.0,74.21,183.96
137.48,120.013,22.558,1007.41,0.0,0.0,0.0,74.21,183.97
137.52,120.052,22.569,1007.04,0.0,0.0,0.0,74.21,183.98
137.58,120.11,22.585,1006.5,0.0,0.0,0.0,74.2,183.98
137.64,120.168,22.601,1005.95,0.0,0.0,0.0,74.19,183.99
137.68,120.206,22.612,1005.59,0.0,0.0,0.0,74.19,184.0
137.72,120.245,22.623,1005.23,0.0,0.0,0.0,74.19,184.0
137.78,120.303,22.639,1004.68,0.0,0.0,0.0,74.18,184.01
137.82,120.342,22.65,1004.32,0.0,0.0,0.0,74.18,184.01
137.88,120.4,22.667,1003.77,0.0,0.0,0.0,74.17,184.02
137.92,120.438,22.677,1003.41,0.0,0.0,0.0,74.17,184.03
137.98,120.496,22.694,1002.87,0.0,0.0,0.0,74.16,184.03
138.02,120.534,22.704,1002.5,0.0,0.0,0.0,74.16,184.04
138.08,120.592,22.721,1001.96,0.0,0.0,0.0,74.15,184.05
138.12,120.631,22.732,1001.6,0.0,0.0,0.0,74.15,184.05
138.18,120.689,22.748,1001.05,0.0,0.0,0.0,74.14,184.06
138.22,120.727,22.759,1000.69,0.0,0.0,0.0,74.14,184.06
138.28,120.785,22.775,1000.14,0.0,0.0,0.0,74.13,184.07
138.34,120.842,22.791,999.6,0.0,0.0,0.0,74.13,184.08
138.38,120.881,22.802,999.24,0.0,0.0,0.0,74.12,184.08
138.44,120.938,22.818,998.69,0.0,0.0,0.0,74.12,184.09
138.48,120.977,22.829,998.33,0.0,0.0,0.0,74.11,184.1
138.54,121.034,22.845,997.78,0.0,0.0,0.0,74.11,184.1
138.58,121.073,22.856,997.42,0.0,0.0,0.0,74.1,184.11
138.64,121.13,22.873,996.88,0.0,0.0,0.0,74.1,184.12
138.68,121.168,22.883,996.51,0.0,0.0,0.0,74.1,184.12
138.74,121.226,22.9,995.97,0.0,0.0,0.0,74.09,184.13
138.78,121.264,22.911,995.61,0.0,0.0,0.0,74.09,184.13
138.84,121.321,22.927,995.06,0.0,0.0,0.0,74.08,184.14
138.88,121.36,22.938,994.7,0.0,0.0,0.0,74.08,184.15
138.94,121.417,22.954,994.16,0.0,0.0,0.0,74.07,184.15
138.98,121.455,22.965,993.79,0.0,0.0,0.0,74.07,184.16
139.02,121.493,22.976,993.43,0.0,0.0,0.0,74.06,184.16
139.08,121.551,22.992,992.89,0.0,0.0,0.0,74.06,184.17
139.14,121.608,23.008,992.34,0.0,0.0,0.0,74.05,184.18
139.18,121.646,23.019,991.98,0.0,0.0,0.0,74.05,184.18
139.24,121.703,23.035,991.44,0.0,0.0,0.0,74.04,184.19
139.3,121.76,23.052,990.89,0.0,0.0,0.0,74.04,184.2
139.34,121.798,23.062,990.53,0.0,0.0,0.0,74.03,184.2
139.4,121.855,23.079,989.99,0.0,0.0,0.0,74.03,184.21
139.44,121.893,23.089,989.62,0.0,0.0,0.0,74.02,184.21
139.48,121.931,23.1,989.26,0.0,0.0,0.0,74.02,184.22
139.54,121.988,23.117,988.72,0.0,0.0,0.0,74.01,184.23
139.58,122.026,23.127,988.35,0.0,0.0,0.0,74.01,184.23
139.64,122.083,23.144,987.81,0.0,0.0,0.0,74.0,184.24
139.7,122.14,23.16,987.27,0.0,0.0,0.0,74.0,184.25
139.74,122.178,23.171,986.9,0.0,0.0,0.0,73.99,184.25
139.8,122.235,23.187,986.36,0.0,0.0,0.0,73.99,184.26
139.86,122.291,23.203,985.82,0.0,0.0,0.0,73.98,184.26
139.9,122.329,23.214,985.46,0.0,0.0,0.0,73.98,184.27
139.94,122.367,23.225,985.09,0.0,0.0,0.0,73.98,184.27
140.0,122.424,23.241,984.55,0.0,0.0,0.0,73.97,184.28
140.04,122.462,23.252,984.19,0.0,0.0,0.0,73.97,184.29
140.1,122.518,23.268,983.64,0.0,0.0,0.0,73.96,184.29
140.14,122.556,23.279,983.28,0.0,0.0,0.0,73.96,184.3
140.2,122.613,23.295,982.74,0.0,0.0,0.0,73.95,184.31
140.24,122.65,23.306,982.38,0.0,0.0,0.0,73.95,184.31
140.3,122.707,23.323,981.83,0.0,0.0,0.0,73.94,184.32
140.34,122.745,23.333,981.47,0.0,0.0,0.0,73.94,184.32
140.4,122.801,23.35,980.93,0.0,0.0,0.0,73.93,184.33
140.44,122.839,23.36,980.56,0.0,0.0,0.0,73.93,184.33
140.5,122.895,23.377,980.02,0.0,0.0,0.0,73.92,184.34
140.54,122.933,23.388,979.66,0.0,0.0,0.0,73.92,184.35
140.6,122.989,23.404,979.12,0.0,0.0,0.0,73.91,184.35
140.64,123.027,23.415,978.75,0.0,0.0,0.0,73.91,184.36
140.7,123.083,23.431,978.21,0.0,0.0,0.0,73.9,184.37
140.76,123.139,23.447,977.67,0.0,0.0,0.0,73.9,184.37
140.8,123.177,23.458,977.31,0.0,0.0,0.0,73.89,184.38
140.84,123.214,23.469,976.94,0.0,0.0,0.0,73.89,184.38
140.9,123.27,23.485,976.4,0.0,0.0,0.0,73.88,184.39
140.94,123.308,23.496,976.04,0.0,0.0,0.0,73.88,184.39
141.0,123.364,23.512,975.5,0.0,0.0,0.0,73.87,184.4
141.04,123.401,23.523,975.13,0.0,0.0,0.0,73.87,184.41
141.1,123.458,23.539,974.59,0.0,0.0,0.0,73.87,184.41
141.16,123.514,23.556,974.05,0.0,0.0,0.0,73.86,184.42
141.2,123.551,23.566,973.69,0.0,0.0,0.0,73.86,184.43
141.26,123.607,23.583,973.14,0.0,0.0,0.0,73.85,184.43
141.3,123.644,23.594,972.78,0.0,0.0,0.0,73.85,184.44
141.36,123.7,23.61,972.24,0.0,0.0,0.0,73.84,184.44
141.4,123.737,23.621,971.88,0.0,0.0,0.0,73.84,184.45
141.46,123.793,23.637,971.33,0.0,0.0,0.0,73.83,184.46
141.5,123.831,23.648,970.97,0.0,0.0,0.0,73.83,184.46
141.56,123.886,23.664,970.43,0.0,0.0,0.0,73.82,184.47
141.62,123.942,23.68,969.89,0.0,0.0,0.0,73.82,184.48
141.66,123.979,23.691,969.53,0.0,0.0,0.0,73.81,184.48
141.72,124.035,23.707,968.98,0.0,0.0,0.0,73.81,184.49
141.76,124.072,23.718,968.62,0.0,0.0,0.0,73.8,184.49
141.8,124.109,23.729,968.26,0.0,0.0,0.0,73.8,184.5
141.86,124.165,23.751,967.54,0.0,0.0,0.0,73.79,184.51
141.92,124.221,23.762,967.18,0.0,0.0,0.0,73.79,184.51
141.96,124.258,23.772,966.81,0.0,0.0,0.0,73.78,184.52
142.02,124.313,23.789,966.27,0.0,0.0,0.0,73.78,184.52
142.06,124.35,23.799,965.91,0.0,0.0,0.0,73.77,184.53
142.12,124.406,23.816,965.37,0.0,0.0,0.0,73.77,184.53
142.16,124.443,23.827,965.01,0.0,0.0,0.0,73.76,184.54
142.22,124.498,23.843,964.46,0.0,0.0,0.0,73.76,184.55
142.26,124.535,23.854,964.1,0.0,0.0,0.0,73.75,184.55
142.32,124.591,23.87,963.56,0.0,0.0,0.0,73.75,184.56
142.36,124.628,23.881,963.2,0.0,0.0,0.0,73.75,184.56
142.42,124.683,23.897,962.66,0.0,0.0,0.0,73.74,184.57
142.48,124.738,23.913,962.12,0.0,0.0,0.0,73.73,184.58
142.52,124.775,23.924,961.75,0.0,0.0,0.0,73.73,184.58
142.6,124.867,23.951,960.85,0.0,0.0,0.0,73.72,184.59
142.64,124.886,23.957,960.67,0.0,0.0,0.0,73.72,184.6
142.68,124.922,23.967,960.31,0.0,0.0,0.0,73.71,184.6
142.74,124.977,23.984,959.77,0.0,0.0,0.0,73.71,184.61
142.78,125.014,23.994,959.41,0.0,0.0,0.0,73.71,184.61
142.84,125.069,24.011,958.86,0.0,0.0,0.0,73.7,184.62
142.9,125.124,24.027,958.32,0.0,0.0,0.0,73.69,184.63
142.94,125.161,24.038,957.96,0.0,0.0,0.0,73.69,184.63
143.0,125.234,24.059,957.24,0.0,0.0,0.0,73.68,184.64
143.04,125.253,24.065,957.06,0.0,0.0,0.0,73.68,184.64
143.08,125.289,24.076,956.7,0.0,0.0,0.0,73.68,184.65
143.14,125.344,24.092,956.16,0.0,0.0,0.0,73.67,184.65
143.18,125.381,24.103,955.79,0.0,0.0,0.0,73.67,184.66
143.24,125.436,24.119,955.25,0.0,0.0,0.0,73.66,184.66
143.3,125.491,24.135,954.71,0.0,0.0,0.0,73.66,184.67
143.34,125.527,24.146,954.35,0.0,0.0,0.0,73.65,184.68
143.4,125.582,24.162,953.81,0.0,0.0,0.0,73.65,184.68
143.44,125.618,24.173,953.45,0.0,0.0,0.0,73.64,184.69
143.5,125.673,24.189,952.91,0.0,0.0,0.0,73.64,184.7
143.54,125.71,24.2,952.55,0.0,0.0,0.0,73.63,184.7
143.6,125.764,24.217,952.0,0.0,0.0,0.0,73.63,184.71
143.64,125.801,24.227,951.64,0.0,0.0,0.0,73.62,184.71
143.7,125.855,24.244,951.1,0.0,0.0,0.0,73.62,184.72
143.74,125.892,24.254,950.74,0.0,0.0,0.0,73.61,184.72
143.8,125.946,24.271,950.2,0.0,0.0,0.0,73.61,184.73
143.88,126.037,24.298,949.3,0.0,0.0,0.0,73.6,184.74
143.94,126.074,24.309,948.94,0.0,0.0,0.0,73.59,184.75
143.96,126.092,24.319,948.58,0.0,0.0,0.0,73.59,184.75
144.04,126.164,24.341,948.04,0.0,0.0,0.0,73.58,184.76
144.12,126.237,24.357,947.31,0.0,0.0,0.0,73.58,184.77
144.16,126.273,24.368,946.95,0.0,0.0,0.0,73.57,184.77
144.22,126.327,24.39,946.41,0.0,0.0,0.0,73.57,184.78
144.32,126.418,24.412,945.51,0.0,0.0,0.0,73.56,184.79
144.36,126.472,24.466,944.79,0.0,0.0,0.0,73.54,184.81
144.6,126.689,24.493,942.81,0.0,0.0,0.0,73.53,184.82
144.64,126.725,24.541,942.27,0.0,0.0,0.0,73.52,184.84
144.86,126.923,24.569,940.28,0.0,0.0,0.0,73.5,184.86
144.94,126.977,24.579,939.92,0.0,0.0,0.0,73.5,184.86
144.98,127.013,24.59,939.56,0.0,0.0,0.0,73.5,184.86
145.04,127.066,24.628,939.02,0.0,0.0,0.0,73.48,184.88
145.14,127.174,24.639,937.94,0.0,0.0,0.0,73.48,184.88
145.22,127.246,24.666,937.04,0.0,0.0,0.0,73.47,184.9
145.26,127.281,24.671,936.86,0.0,0.0,0.0,73.47,184.9
145.32,127.317,24.682,936.5,0.0,0.0,0.0,73.46,184.9
145.38,127.371,24.698,935.96,0.0,0.0,0.0,73.46,184.91
145.42,127.407,24.709,935.6,0.0,0.0,0.0,73.45,184.91
145.48,127.46,24.726,935.06,0.0,0.0,0.0,73.45,184.92
145.52,127.496,24.736,934.7,0.0,0.0,0.0,73.44,184.93
145.58,127.55,24.753,934.16,0.0,0.0,0.0,73.44,184.93
145.62,127.585,24.763,933.8,0.0,0.0,0.0,73.43,184.94
145.66,127.621,24.774,933.44,0.0,0.0,0.0,73.43,184.94
145.72,127.674,24.791,932.9,0.0,0.0,0.0,73.42,184.95
145.76,127.71,24.801,932.54,0.0,0.0,0.0,73.42,184.95
145.82,127.763,24.818,932.0,0.0,0.0,0.0,73.41,184.96
145.86,127.799,24.828,931.64,0.0,0.0,0.0,73.41,184.96
145.92,127.852,24.845,931.1,0.0,0.0,0.0,73.41,184.97
145.96,127.888,24.855,930.74,0.0,0.0,0.0,73.4,184.97
146.02,127.941,24.872,930.2,0.0,0.0,0.0,73.4,184.98
146.08,127.995,24.888,929.66,0.0,0.0,0.0,73.39,184.99
146.12,128.03,24.899,929.3,0.0,0.0,0.0,73.39,184.99
146.16,128.066,24.91,928.94,0.0,0.0,0.0,73.38,185.0
146.22,128.119,24.926,928.4,0.0,0.0,0.0,73.38,185.0
146.28,128.172,24.942,927.86,0.0,0.0,0.0,73.37,185.01
146.32,128.207,24.953,927.5,0.0,0.0,0.0,73.37,185.01
146.38,128.26,24.969,926.96,0.0,0.0,0.0,73.36,185.02
146.42,128.296,24.98,926.61,0.0,0.0,0.0,73.36,185.03
146.48,128.349,24.996,926.07,0.0,0.0,0.0,73.35,185.03
146.54,128.402,25.012,925.53,0.0,0.0,0.0,73.35,185.04
146.58,128.437,25.023,925.17,0.0,0.0,0.0,73.34,185.04
146.62,128.473,25.034,924.81,0.0,0.0,0.0,73.34,185.05
146.68,128.525,25.05,924.27,0.0,0.0,0.0,73.33,185.05
146.74,128.578,25.067,923.73,0.0,0.0,0.0,73.33,185.06
146.78,128.614,25.077,923.37,0.0,0.0,0.0,73.32,185.07
146.82,128.649,25.088,923.01,0.0,0.0,0.0,73.32,185.07
146.88,128.702,25.104,922.47,0.0,0.0,0.0,73.31,185.08
146.94,128.754,25.121,921.93,0.0,0.0,0.0,73.31,185.08
146.98,128.79,25.132,921.57,0.0,0.0,0.0,73.3,185.09
147.02,128.825,25.142,921.21,0.0,0.0,0.0,73.3,185.09
147.08,128.878,25.159,920.67,0.0,0.0,0.0,73.29,185.1
147.14,128.93,25.175,920.13,0.0,0.0,0.0,73.29,185.11
147.18,128.965,25.186,919.77,0.0,0.0,0.0,73.28,185.11
147.22,129.0,25.197,919.42,0.0,0.0,0.0,73.28,185.11
147.28,129.053,25.213,918.88,0.0,0.0,0.0,73.28,185.12
147.34,129.106,25.229,918.34,0.0,0.0,0.0,73.27,185.13
147.38,129.141,25.24,917.98,0.0,0.0,0.0,73.27,185.13
147.44,129.193,25.256,917.44,0.0,0.0,0.0,73.26,185.14
147.48,129.228,25.267,917.08,0.0,0.0,0.0,73.26,185.14
147.52,129.263,25.278,916.72,0.0,0.0,0.0,73.25,185.15
147.58,129.315,25.294,916.18,0.0,0.0,0.0,73.25,185.15
147.64,129.368,25.31,915.64,0.0,0.0,0.0,73.24,185.16
147.68,129.403,25.321,915.28,0.0,0.0,0.0,73.24,185.17
147.74,129.455,25.337,914.75,0.0,0.0,0.0,73.23,185.17
147.78,129.49,25.348,914.39,0.0,0.0,0.0,73.23,185.18
147.82,129.525,25.359,914.03,0.0,0.0,0.0,73.22,185.18
147.86,129.56,25.37,913.67,0.0,0.0,0.0,73.22,185.18
147.92,129.612,25.386,913.13,0.0,0.0,0.0,73.21,185.19
147.98,129.664,25.402,912.59,0.0,0.0,0.0,73.21,185.2
148.04,129.716,25.418,912.05,0.0,0.0,0.0,73.2,185.2
148.08,129.751,25.429,911.69,0.0,0.0,0.0,73.2,185.21
148.14,129.803,25.445,911.16,0.0,0.0,0.0,73.19,185.22
148.2,129.855,25.462,910.62,0.0,0.0,0.0,73.19,185.22
148.24,129.89,25.472,910.26,0.0,0.0,0.0,73.18,185.23
148.28,129.925,25.483,909.9,0.0,0.0,0.0,73.18,185.23
148.34,129.977,25.5,909.36,0.0,0.0,0.0,73.17,185.24
148.4,130.029,25.516,908.82,0.0,0.0,0.0,73.17,185.24
148.44,130.063,25.527,908.46,0.0,0.0,0.0,73.16,185.25
148.5,130.115,25.543,907.93,0.0,0.0,0.0,73.16,185.25
148.54,130.15,25.554,907.57,0.0,0.0,0.0,73.15,185.26
148.58,130.184,25.564,907.21,0.0,0.0,0.0,73.15,185.26
148.64,130.236,25.581,906.67,0.0,0.0,0.0,73.15,185.27
148.7,130.288,25.597,906.13,0.0,0.0,0.0,73.14,185.28
148.74,130.322,25.608,905.77,0.0,0.0,0.0,73.14,185.28
148.8,130.374,25.624,905.24,0.0,0.0,0.0,73.13,185.29
148.84,130.409,25.635,904.88,0.0,0.0,0.0,73.13,185.29
148.9,130.46,25.651,904.34,0.0,0.0,0.0,73.12,185.3
148.94,130.495,25.662,903.98,0.0,0.0,0.0,73.12,185.3
148.98,130.529,25.673,903.62,0.0,0.0,0.0,73.11,185.31
149.04,130.581,25.689,903.09,0.0,0.0,0.0,73.11,185.31
149.1,130.632,25.705,902.55,0.0,0.0,0.0,73.1,185.32
149.14,130.667,25.716,902.19,0.0,0.0,0.0,73.1,185.32
149.2,130.718,25.732,901.65,0.0,0.0,0.0,73.09,185.33
149.24,130.753,25.743,901.29,0.0,0.0,0.0,73.09,185.33
149.3,130.804,25.759,900.76,0.0,0.0,0.0,73.08,185.34
149.34,130.838,25.77,900.4,0.0,0.0,0.0,73.08,185.34
149.4,130.89,25.786,899.86,0.0,0.0,0.0,73.07,185.35
149.44,130.924,25.797,899.5,0.0,0.0,0.0,73.07,185.36
149.5,130.975,25.813,898.96,0.0,0.0,0.0,73.06,185.36
149.54,131.009,25.824,898.61,0.0,0.0,0.0,73.06,185.37
149.6,131.061,25.84,898.07,0.0,0.0,0.0,73.05,185.37
149.64,131.095,25.857,897.71,0.0,0.0,0.0,73.05,185.38
149.7,131.146,25.873,897.17,0.0,0.0,0.0,73.04,185.39
149.74,131.197,25.889,896.64,0.0,0.0,0.0,73.04,185.39
149.8,131.249,25.905,896.1,0.0,0.0,0.0,73.03,185.4
149.86,131.283,25.922,895.56,0.0,0.0,0.0,73.03,185.4
149.92,131.351,25.938,895.02,0.0,0.0,0.0,73.02,185.41
149.98,131.385,25.949,894.67,0.0,0.0,0.0,73.01,185.41
150.02,131.419,25.965,894.31,0.0,0.0,0.0,73.01,185.42
150.08,131.47,25.981,893.59,0.0,0.0,0.0,73.0,185.43
150.14,131.521,25.992,893.23,0.0,0.0,0.0,73.0,185.43
150.18,131.572,26.008,892.7,0.0,0.0,0.0,73.0,185.44
150.24,131.606,26.013,892.34,0.0,0.0,0.0,72.99,185.44
150.3,131.657,26.03,891.8,0.0,0.0,0.0,72.99,185.45
150.34,131.691,26.041,891.44,0.0,0.0,0.0,72.98,185.45
150.4,131.741,26.057,890.91,0.0,0.0,0.0,72.98,185.46
150.46,131.792,26.073,890.37,0.0,0.0,0.0,72.97,185.46
150.5,131.826,26.084,890.01,0.0,0.0,0.0,72.97,185.47
150.54,131.86,26.095,889.66,0.0,0.0,0.0,72.96,185.47
150.58,131.894,26.105,889.3,0.0,0.0,0.0,72.96,185.48
150.64,131.944,26.122,888.76,0.0,0.0,0.0,72.95,185.48
150.68,131.978,26.132,888.4,0.0,0.0,0.0,72.95,185.49
150.76,132.046,26.154,887.69,0.0,0.0,0.0,72.94,185.5
150.8,132.079,26.165,887.33,0.0,0.0,0.0,72.94,185.5
150.86,132.13,26.181,886.79,0.0,0.0,0.0,72.93,185.51
150.9,132.164,26.192,886.44,0.0,0.0,0.0,72.93,185.51
150.96,132.214,26.208,885.9,0.0,0.0,0.0,72.92,185.52
151.0,132.248,26.219,885.54,0.0,0.0,0.0,72.92,185.52
151.04,132.282,26.23,885.18,0.0,0.0,0.0,72.91,185.52
151.1,132.332,26.246,884.65,0.0,0.0,0.0,72.91,185.53
151.16,132.382,26.262,884.11,0.0,0.0,0.0,72.9,185.54
151.22,132.433,26.279,883.58,0.0,0.0,0.0,72.9,185.54
151.26,132.466,26.289,883.22,0.0,0.0,0.0,72.89,185.55
151.3,132.5,26.3,882.86,0.0,0.0,0.0,72.89,185.55
151.36,132.55,26.316,882.33,0.0,0.0,0.0,72.88,185.56
151.42,132.6,26.333,881.79,0.0,0.0,0.0,72.88,185.56
151.46,132.634,26.343,881.43,0.0,0.0,0.0,72.87,185.57
151.52,132.684,26.36,880.9,0.0,0.0,0.0,72.87,185.58
151.58,132.734,26.376,880.36,0.0,0.0,0.0,72.86,185.58
151.62,132.768,26.387,880.0,0.0,0.0,0.0,72.86,185.59
151.66,132.801,26.397,879.65,0.0,0.0,0.0,72.86,185.59
151.72,132.851,26.414,879.11,0.0,0.0,0.0,72.85,185.6
151.78,132.901,26.43,878.57,0.0,0.0,0.0,72.84,185.6
151.82,132.935,26.441,878.22,0.0,0.0,0.0,72.84,185.61
151.88,132.985,26.457,877.68,0.0,0.0,0.0,72.83,185.61
151.92,133.018,26.468,877.32,0.0,0.0,0.0,72.83,185.62
151.98,133.068,26.484,876.79,0.0,0.0,0.0,72.82,185.62
152.02,133.101,26.495,876.43,0.0,0.0,0.0,72.82,185.63
152.06,133.134,26.506,876.07,0.0,0.0,0.0,72.82,185.63
152.12,133.184,26.522,875.54,0.0,0.0,0.0,72.81,185.64
152.16,133.217,26.533,875.18,0.0,0.0,0.0,72.81,185.64
152.22,133.267,26.549,874.65,0.0,0.0,0.0,72.8,185.65
152.28,133.317,26.565,874.11,0.0,0.0,0.0,72.8,185.65
152.32,133.35,26.576,873.75,0.0,0.0,0.0,72.79,185.66
152.38,133.4,26.592,873.22,0.0,0.0,0.0,72.79,185.66
152.42,133.433,26.603,872.86,0.0,0.0,0.0,72.78,185.67
152.48,133.483,26.619,872.33,0.0,0.0,0.0,72.78,185.67
152.52,133.516,26.63,871.97,0.0,0.0,0.0,72.77,185.68
152.58,133.565,26.646,871.43,0.0,0.0,0.0,72.77,185.68
152.62,133.598,26.657,871.08,0.0,0.0,0.0,72.76,185.69
152.68,133.648,26.673,870.54,0.0,0.0,0.0,72.76,185.7
152.72,133.681,26.684,870.19,0.0,0.0,0.0,72.75,185.7
152.78,133.731,26.7,869.65,0.0,0.0,0.0,72.75,185.71
152.84,133.78,26.716,869.12,0.0,0.0,0.0,72.74,185.71
152.88,133.813,26.727,868.76,0.0,0.0,0.0,72.74,185.72
152.92,133.846,26.738,868.4,0.0,0.0,0.0,72.73,185.72
152.98,133.895,26.754,867.87,0.0,0.0,0.0,72.73,185.73
153.02,133.928,26.765,867.51,0.0,0.0,0.0,72.72,185.73
153.08,133.977,26.781,866.98,0.0,0.0,0.0,72.72,185.74
153.12,134.01,26.792,866.62,0.0,0.0,0.0,72.72,185.74
153.18,134.06,26.808,866.08,0.0,0.0,0.0,72.71,185.75
153.22,134.092,26.819,865.73,0.0,0.0,0.0,72.71,185.75
153.28,134.142,26.835,865.19,0.0,0.0,0.0,72.7,185.76
153.34,134.191,26.852,864.66,0.0,0.0,0.0,72.69,185.76
153.38,134.224,26.862,864.3,0.0,0.0,0.0,72.69,185.77
153.44,134.273,26.879,863.77,0.0,0.0,0.0,72.68,185.77
153.48,134.305,26.889,863.41,0.0,0.0,0.0,72.68,185.78
153.54,134.354,26.906,862.88,0.0,0.0,0.0,72.67,185.78
153.58,134.387,26.916,862.52,0.0,0.0,0.0,72.67,185.79
153.64,134.436,26.933,861.99,0.0,0.0,0.0,72.67,185.79
153.7,134.485,26.949,861.45,0.0,0.0,0.0,72.66,185.8
153.74,134.518,26.96,861.1,0.0,0.0,0.0,72.66,185.8
153.78,134.55,26.971,860.74,0.0,0.0,0.0,72.65,185.81
153.84,134.599,26.987,860.21,0.0,0.0,0.0,72.65,185.81
153.88,134.632,26.998,859.85,0.0,0.0,0.0,72.64,185.82
153.94,134.681,27.014,859.32,0.0,0.0,0.0,72.64,185.82
153.98,134.713,27.025,858.96,0.0,0.0,0.0,72.63,185.83
154.04,134.762,27.041,858.43,0.0,0.0,0.0,72.63,185.83
154.08,134.795,27.052,858.07,0.0,0.0,0.0,72.62,185.84
154.14,134.843,27.068,857.54,0.0,0.0,0.0,72.62,185.84
154.18,134.876,27.079,857.18,0.0,0.0,0.0,72.61,185.85
154.24,134.924,27.095,856.65,0.0,0.0,0.0,72.61,185.85
154.28,134.957,27.106,856.29,0.0,0.0,0.0,72.6,185.86
154.34,135.005,27.122,855.76,0.0,0.0,0.0,72.6,185.86
154.38,135.038,27.133,855.4,0.0,0.0,0.0,72.59,185.87
154.44,135.086,27.149,854.87,0.0,0.0,0.0,72.59,185.87
154.48,135.119,27.16,854.51,0.0,0.0,0.0,72.58,185.88
154.54,135.167,27.176,853.98,0.0,0.0,0.0,72.58,185.88
154.58,135.2,27.187,853.62,0.0,0.0,0.0,72.57,185.89
154.64,135.248,27.203,853.09,0.0,0.0,0.0,72.57,185.89
154.7,135.296,27.219,852.55,0.0,0.0,0.0,72.56,185.9
154.74,135.329,27.23,852.2,0.0,0.0,0.0,72.56,185.9
154.8,135.377,27.246,851.66,0.0,0.0,0.0,72.55,185.91
154.84,135.409,27.257,851.31,0.0,0.0,0.0,72.55,185.92
154.9,135.458,27.273,850.78,0.0,0.0,0.0,72.54,185.92
154.94,135.49,27.284,850.42,0.0,0.0,0.0,72.54,185.93
155.0,135.538,27.3,849.89,0.0,0.0,0.0,72.53,185.93
155.04,135.57,27.311,849.53,0.0,0.0,0.0,72.53,185.94
155.1,135.618,27.327,849.0,0.0,0.0,0.0,72.52,185.94
155.14,135.65,27.338,848.64,0.0,0.0,0.0,72.52,185.95
155.2,135.698,27.354,848.11,0.0,0.0,0.0,72.52,185.95
155.26,135.747,27.37,847.58,0.0,0.0,0.0,72.51,185.96
155.3,135.779,27.381,847.22,0.0,0.0,0.0,72.51,185.96
155.34,135.811,27.392,846.86,0.0,0.0,0.0,72.5,185.97
155.4,135.859,27.408,846.33,0.0,0.0,0.0,72.5,185.97
155.46,135.907,27.424,845.8,0.0,0.0,0.0,72.49,185.98
155.5,135.939,27.435,845.44,0.0,0.0,0.0,72.49,185.98
155.56,135.987,27.451,844.91,0.0,0.0,0.0,72.48,185.99
155.6,136.018,27.462,844.56,0.0,0.0,0.0,72.48,185.99
155.64,136.05,27.473,844.2,0.0,0.0,0.0,72.47,186.0
155.7,136.098,27.489,843.67,0.0,0.0,0.0,72.47,186.0
155.74,136.13,27.5,843.31,0.0,0.0,0.0,72.46,186.01
155.8,136.178,27.516,842.78,0.0,0.0,0.0,72.46,186.01
155.86,136.226,27.533,842.25,0.0,0.0,0.0,72.45,186.02
155.9,136.257,27.543,841.89,0.0,0.0,0.0,72.45,186.02
155.96,136.305,27.56,841.36,0.0,0.0,0.0,72.44,186.03
156.0,136.337,27.57,841.0,0.0,0.0,0.0,72.44,186.03
156.06,136.385,27.587,840.47,0.0,0.0,0.0,72.43,186.04
156.1,136.416,27.603,840.12,0.0,0.0,0.0,72.43,186.04
156.16,136.464,27.614,839.58,0.0,0.0,0.0,72.42,186.05
156.2,136.496,27.624,839.23,0.0,0.0,0.0,72.42,186.05
156.26,136.543,27.641,838.7,0.0,0.0,0.0,72.41,186.06
156.3,136.575,27.651,838.34,0.0,0.0,0.0,72.41,186.06
156.36,136.622,27.668,837.81,0.0,0.0,0.0,72.4,186.07
156.4,136.654,27.678,837.46,0.0,0.0,0.0,72.4,186.07
156.46,136.701,27.695,836.92,0.0,0.0,0.0,72.39,186.08
156.54,136.765,27.716,836.21,0.0,0.0,0.0,72.39,186.08
156.56,136.78,27.722,836.04,0.0,0.0,0.0,72.38,186.09
156.62,136.828,27.743,835.5,0.0,0.0,0.0,72.38,186.09
156.68,136.875,27.754,834.97,0.0,0.0,0.0,72.37,186.1
156.72,136.906,27.765,834.62,0.0,0.0,0.0,72.37,186.1
156.78,136.954,27.781,834.09,0.0,0.0,0.0,72.36,186.11
156.82,136.985,27.792,833.73,0.0,0.0,0.0,72.36,186.11
156.88,137.032,27.808,833.2,0.0,0.0,0.0,72.35,186.12
156.92,137.064,27.819,832.84,0.0,0.0,0.0,72.35,186.12
156.98,137.111,27.835,832.31,0.0,0.0,0.0,72.34,186.13
157.02,137.142,27.846,831.96,0.0,0.0,0.0,72.34,186.13
157.08,137.189,27.862,831.43,0.0,0.0,0.0,72.33,186.14
157.12,137.221,27.873,831.07,0.0,0.0,0.0,72.33,186.14
157.18,137.268,27.889,830.54,0.0,0.0,0.0,72.32,186.15
157.22,137.299,27.9,830.19,0.0,0.0,0.0,72.32,186.15
157.28,137.346,27.916,829.66,0.0,0.0,0.0,72.32,186.16
157.34,137.393,27.932,829.12,0.0,0.0,0.0,72.31,186.16
157.38,137.424,27.943,828.77,0.0,0.0,0.0,72.31,186.17
157.44,137.471,27.959,828.24,0.0,0.0,0.0,72.3,186.17
157.48,137.502,27.97,827.88,0.0,0.0,0.0,72.3,186.18
157.52,137.533,27.981,827.53,0.0,0.0,0.0,72.29,186.18
157.58,137.58,27.997,827.0,0.0,0.0,0.0,72.29,186.19
157.62,137.611,28.008,826.64,0.0,0.0,0.0,72.28,186.19
157.68,137.658,28.024,826.11,0.0,0.0,0.0,72.28,186.2
157.74,137.705,28.04,825.58,0.0,0.0,0.0,72.27,186.2
157.78,137.736,28.051,825.23,0.0,0.0,0.0,72.27,186.21
157.84,137.783,28.067,824.7,0.0,0.0,0.0,72.26,186.21
157.88,137.814,28.078,824.34,0.0,0.0,0.0,72.26,186.22
157.92,137.845,28.089,823.99,0.0,0.0,0.0,72.25,186.22
157.98,137.891,28.105,823.46,0.0,0.0,0.0,72.25,186.23
158.04,137.938,28.121,822.93,0.0,0.0,0.0,72.24,186.23
158.08,137.969,28.132,822.57,0.0,0.0,0.0,72.24,186.23
158.14,138.015,28.148,822.04,0.0,0.0,0.0,72.23,186.24
158.18,138.046,28.159,821.69,0.0,0.0,0.0,72.23,186.24
158.24,138.093,28.175,821.16,0.0,0.0,0.0,72.22,186.25
158.28,138.124,28.186,820.8,0.0,0.0,0.0,72.22,186.25
158.34,138.17,28.202,820.27,0.0,0.0,0.0,72.21,186.26
158.38,138.201,28.213,819.92,0.0,0.0,0.0,72.21,186.26
158.44,138.247,28.229,819.39,0.0,0.0,0.0,72.2,186.27
158.48,138.278,28.24,819.04,0.0,0.0,0.0,72.2,186.27
158.54,138.324,28.256,818.51,0.0,0.0,0.0,72.19,186.28
158.58,138.355,28.267,818.15,0.0,0.0,0.0,72.19,186.28
158.64,138.401,28.283,817.62,0.0,0.0,0.0,72.18,186.29
158.7,138.447,28.3,817.09,0.0,0.0,0.0,72.18,186.29
158.74,138.478,28.31,816.74,0.0,0.0,0.0,72.17,186.3
158.8,138.524,28.327,816.21,0.0,0.0,0.0,72.17,186.3
158.84,138.555,28.337,815.85,0.0,0.0,0.0,72.16,186.31
158.9,138.601,28.354,815.32,0.0,0.0,0.0,72.16,186.31
158.94,138.632,28.364,814.97,0.0,0.0,0.0,72.16,186.32
158.98,138.662,28.375,814.62,0.0,0.0,0.0,72.15,186.32
159.04,138.708,28.391,814.09,0.0,0.0,0.0,72.15,186.33
159.08,138.739,28.402,813.73,0.0,0.0,0.0,72.14,186.33
159.14,138.785,28.418,813.2,0.0,0.0,0.0,72.14,186.34
159.18,138.815,28.429,812.85,0.0,0.0,0.0,72.13,186.34
159.24,138.861,28.445,812.32,0.0,0.0,0.0,72.13,186.35
159.28,138.892,28.456,811.97,0.0,0.0,0.0,72.12,186.35
159.34,138.938,28.472,811.44,0.0,0.0,0.0,72.12,186.36
159.4,138.983,28.488,810.91,0.0,0.0,0.0,72.11,186.36
159.44,139.014,28.499,810.56,0.0,0.0,0.0,72.11,186.37
159.48,139.044,28.51,810.2,0.0,0.0,0.0,72.1,186.37
159.54,139.09,28.526,809.67,0.0,0.0,0.0,72.1,186.38
159.6,139.136,28.542,809.14,0.0,0.0,0.0,72.09,186.38
159.64,139.166,28.553,808.79,0.0,0.0,0.0,72.09,186.38
159.7,139.212,28.569,808.26,0.0,0.0,0.0,72.08,186.39
159.74,139.242,28.58,807.91,0.0,0.0,0.0,72.08,186.39
159.8,139.288,28.596,807.38,0.0,0.0,0.0,72.07,186.4
159.84,139.318,28.607,807.03,0.0,0.0,0.0,72.07,186.4
159.9,139.363,28.623,806.5,0.0,0.0,0.0,72.06,186.41
159.94,139.394,28.634,806.14,0.0,0.0,0.0,72.06,186.41
160.0,139.439,28.65,805.62,0.0,0.0,0.0,72.05,186.42
160.04,139.469,28.661,805.26,0.0,0.0,0.0,72.05,186.42
160.1,139.515,28.677,804.73,0.0,0.0,0.0,72.04,186.43
160.14,139.545,28.688,804.38,0.0,0.0,0.0,72.04,186.43
160.2,139.59,28.704,803.85,0.0,0.0,0.0,72.03,186.44
160.24,139.621,28.715,803.5,0.0,0.0,0.0,72.03,186.44
160.3,139.666,28.731,802.97,0.0,0.0,0.0,72.02,186.45
160.34,139.696,28.742,802.62,0.0,0.0,0.0,72.02,186.45
160.4,139.741,28.758,802.09,0.0,0.0,0.0,72.01,186.46
160.44,139.771,28.769,801.74,0.0,0.0,0.0,72.01,186.46
160.5,139.816,28.785,801.21,0.0,0.0,0.0,72.0,186.47
160.54,139.846,28.796,800.86,0.0,0.0,0.0,72.0,186.47
160.6,139.892,28.812,800.33,0.0,0.0,0.0,72.0,186.48
160.64,139.922,28.823,799.97,0.0,0.0,0.0,71.99,186.48
160.7,139.967,28.839,799.45,0.0,0.0,0.0,71.99,186.49
160.74,139.997,28.85,799.09,0.0,0.0,0.0,71.98,186.49
160.8,140.042,28.866,798.57,0.0,0.0,0.0,71.98,186.49
160.86,140.087,28.883,798.04,0.0,0.0,0.0,71.97,186.5
160.9,140.117,28.893,797.68,0.0,0.0,0.0,71.97,186.5
160.96,140.161,28.91,797.16,0.0,0.0,0.0,71.96,186.51
161.0,140.191,28.92,796.8,0.0,0.0,0.0,71.96,186.51
161.06,140.236,28.937,796.28,0.0,0.0,0.0,71.95,186.52
161.1,140.266,28.947,795.92,0.0,0.0,0.0,71.95,186.52
161.16,140.311,28.964,795.4,0.0,0.0,0.0,71.94,186.53
161.2,140.341,28.974,795.04,0.0,0.0,0.0,71.94,186.53
161.26,140.385,28.991,794.52,0.0,0.0,0.0,71.93,186.54
161.3,140.415,29.001,794.16,0.0,0.0,0.0,71.93,186.54
161.36,140.46,29.018,793.64,0.0,0.0,0.0,71.92,186.55
161.4,140.49,29.028,793.28,0.0,0.0,0.0,71.92,186.55
161.46,140.534,29.045,792.76,0.0,0.0,0.0,71.91,186.56
161.5,140.564,29.055,792.4,0.0,0.0,0.0,71.91,186.56
161.56,140.608,29.072,791.88,0.0,0.0,0.0,71.9,186.57
161.6,140.638,29.082,791.52,0.0,0.0,0.0,71.9,186.57
161.66,140.683,29.099,791.0,0.0,0.0,0.0,71.89,186.57
161.7,140.712,29.109,790.65,0.0,0.0,0.0,71.89,186.58
161.76,140.757,29.125,790.12,0.0,0.0,0.0,71.88,186.58
161.8,140.786,29.136,789.77,0.0,0.0,0.0,71.88,186.59
161.86,140.831,29.152,789.24,0.0,0.0,0.0,71.87,186.59
161.9,140.86,29.163,788.89,0.0,0.0,0.0,71.87,186.6
161.96,140.905,29.179,788.36,0.0,0.0,0.0,71.86,186.6
162.0,140.934,29.19,788.01,0.0,0.0,0.0,71.86,186.61
162.06,140.978,29.206,787.48,0.0,0.0,0.0,71.85,186.61
162.1,141.008,29.217,787.13,0.0,0.0,0.0,71.85,186.62
162.16,141.052,29.233,786.6,0.0,0.0,0.0,71.84,186.62
162.2,141.082,29.244,786.25,0.0,0.0,0.0,71.84,186.63
162.26,141.126,29.26,785.72,0.0,0.0,0.0,71.83,186.63
162.3,141.155,29.271,785.37,0.0,0.0,0.0,71.83,186.63
162.36,141.199,29.287,784.85,0.0,0.0,0.0,71.83,186.64
162.4,141.229,29.298,784.49,0.0,0.0,0.0,71.82,186.64
162.46,141.273,29.314,783.97,0.0,0.0,0.0,71.82,186.65
162.5,141.302,29.325,783.62,0.0,0.0,0.0,71.81,186.65
162.56,141.346,29.341,783.09,0.0,0.0,0.0,71.81,186.66
162.62,141.39,29.358,782.56,0.0,0.0,0.0,71.8,186.66
162.66,141.419,29.368,782.21,0.0,0.0,0.0,71.8,186.67
162.7,141.449,29.379,781.86,0.0,0.0,0.0,71.79,186.67
162.76,141.492,29.395,781.33,0.0,0.0,0.0,71.79,186.68
162.82,141.536,29.412,780.81,0.0,0.0,0.0,71.78,186.68
162.86,141.565,29.422,780.46,0.0,0.0,0.0,71.78,186.69
162.92,141.609,29.439,779.93,0.0,0.0,0.0,71.77,186.69
162.96,141.638,29.449,779.58,0.0,0.0,0.0,71.77,186.7
163.02,141.682,29.465,779.05,0.0,0.0,0.0,71.76,186.7
163.06,141.711,29.476,778.7,0.0,0.0,0.0,71.76,186.7
163.12,141.755,29.492,778.18,0.0,0.0,0.0,71.75,186.71
163.16,141.784,29.503,777.83,0.0,0.0,0.0,71.75,186.71
163.22,141.828,29.519,777.3,0.0,0.0,0.0,71.74,186.72
163.26,141.857,29.53,776.95,0.0,0.0,0.0,71.74,186.72
163.3,141.886,29.541,776.6,0.0,0.0,0.0,71.73,186.73
163.36,141.929,29.557,776.07,0.0,0.0,0.0,71.73,186.73
163.42,141.973,29.573,775.55,0.0,0.0,0.0,71.72,186.74
163.46,142.002,29.584,775.2,0.0,0.0,0.0,71.72,186.74
163.52,142.045,29.6,774.67,0.0,0.0,0.0,71.71,186.75
163.56,142.074,29.611,774.32,0.0,0.0,0.0,71.71,186.75
163.62,142.118,29.627,773.79,0.0,0.0,0.0,71.7,186.76
163.66,142.146,29.638,773.44,0.0,0.0,0.0,71.7,186.76
163.72,142.19,29.654,772.92,0.0,0.0,0.0,71.69,186.76
163.78,142.233,29.671,772.39,0.0,0.0,0.0,71.69,186.77
163.78,142.248,29.676,772.22,0.0,0.0,0.0,71.69,186.77
163.84,142.276,29.687,771.87,0.0,0.0,0.0,71.68,186.78
163.9,142.32,29.703,771.34,0.0,0.0,0.0,71.68,186.78
163.94,142.348,29.714,770.99,0.0,0.0,0.0,71.67,186.78
164.0,142.392,29.73,770.46,0.0,0.0,0.0,71.67,186.79
164.04,142.42,29.741,770.11,0.0,0.0,0.0,71.66,186.79
164.1,142.464,29.757,769.59,0.0,0.0,0.0,71.66,186.8
164.14,142.492,29.768,769.24,0.0,0.0,0.0,71.65,186.8
164.2,142.535,29.784,768.71,0.0,0.0,0.0,71.65,186.81
164.24,142.564,29.795,768.36,0.0,0.0,0.0,71.64,186.81
164.3,142.607,29.811,767.84,0.0,0.0,0.0,71.64,186.82
164.36,142.65,29.827,767.31,0.0,0.0,0.0,71.63,186.82
164.4,142.679,29.838,766.96,0.0,0.0,0.0,71.63,186.83
164.46,142.722,29.854,766.44,0.0,0.0,0.0,71.62,186.83
164.5,142.75,29.865,766.09,0.0,0.0,0.0,71.62,186.84
164.56,142.793,29.881,765.56,0.0,0.0,0.0,71.61,186.84
164.6,142.822,29.892,765.21,0.0,0.0,0.0,71.61,186.84
164.66,142.864,29.908,764.69,0.0,0.0,0.0,71.6,186.85
164.7,142.893,29.919,764.34,0.0,0.0,0.0,71.6,186.85
164.76,142.936,29.935,763.82,0.0,0.0,0.0,71.59,186.86
164.8,142.964,29.946,763.47,0.0,0.0,0.0,71.59,186.86
164.86,143.007,29.962,762.94,0.0,0.0,0.0,71.58,186.87
164.9,143.035,29.973,762.59,0.0,0.0,0.0,71.58,186.87
164.96,143.078,29.989,762.07,0.0,0.0,0.0,71.57,186.88
165.0,143.106,30.0,761.72,0.0,0.0,0.0,71.57,186.88
165.06,143.149,30.016,761.19,0.0,0.0,0.0,71.56,186.89
165.1,143.177,30.027,760.84,0.0,0.0,0.0,71.56,186.89
165.16,143.22,30.043,760.32,0.0,0.0,0.0,71.55,186.89
165.2,143.248,30.054,759.97,0.0,0.0,0.0,71.55,186.9
165.26,143.291,30.07,759.45,0.0,0.0,0.0,71.54,186.9
165.3,143.319,30.081,759.1,0.0,0.0,0.0,71.54,186.91
165.36,143.361,30.097,758.57,0.0,0.0,0.0,71.54,186.91
165.4,143.39,30.108,758.22,0.0,0.0,0.0,71.53,186.92
165.46,143.432,30.124,757.7,0.0,0.0,0.0,71.53,186.92
165.5,143.46,30.134,757.35,0.0,0.0,0.0,71.52,186.93
165.56,143.502,30.151,756.83,0.0,0.0,0.0,71.52,186.93
165.62,143.545,30.167,756.3,0.0,0.0,0.0,71.51,186.94
165.66,143.573,30.178,755.95,0.0,0.0,0.0,71.51,186.94
165.72,143.615,30.194,755.43,0.0,0.0,0.0,71.5,186.94
165.76,143.643,30.205,755.08,0.0,0.0,0.0,71.5,186.95
165.82,143.685,30.221,754.56,0.0,0.0,0.0,71.49,186.95
165.86,143.713,30.232,754.21,0.0,0.0,0.0,71.49,186.96
165.92,143.756,30.248,753.69,0.0,0.0,0.0,71.48,186.96
165.96,143.784,30.259,753.34,0.0,0.0,0.0,71.48,186.97
166.02,143.826,30.275,752.81,0.0,0.0,0.0,71.47,186.97
166.06,143.854,30.286,752.46,0.0,0.0,0.0,71.47,186.98
166.12,143.896,30.302,751.94,0.0,0.0,0.0,71.46,186.98
166.16,143.924,30.312,751.59,0.0,0.0,0.0,71.46,186.98
166.22,143.966,30.329,751.07,0.0,0.0,0.0,71.45,186.99
166.26,143.993,30.339,750.72,0.0,0.0,0.0,71.45,186.99
166.32,144.035,30.356,750.2,0.0,0.0,0.0,71.44,187.0
166.36,144.063,30.366,749.85,0.0,0.0,0.0,71.44,187.0
166.42,144.105,30.383,749.33,0.0,0.0,0.0,71.43,187.01
166.46,144.133,30.393,748.98,0.0,0.0,0.0,71.43,187.01
166.52,144.175,30.41,748.45,0.0,0.0,0.0,71.42,187.02
166.56,144.203,30.42,748.11,0.0,0.0,0.0,71.42,187.02
166.62,144.244,30.437,747.58,0.0,0.0,0.0,71.41,187.02
166.66,144.272,30.447,747.24,0.0,0.0,0.0,71.41,187.03
166.72,144.314,30.463,746.71,0.0,0.0,0.0,71.4,187.03
166.76,144.341,30.474,746.36,0.0,0.0,0.0,71.4,187.04
166.82,144.383,30.49,745.84,0.0,0.0,0.0,71.39,187.04
166.86,144.411,30.501,745.49,0.0,0.0,0.0,71.39,187.05
166.92,144.452,30.517,744.97,0.0,0.0,0.0,71.38,187.05
166.96,144.48,30.528,744.62,0.0,0.0,0.0,71.38,187.05
167.02,144.521,30.544,744.1,0.0,0.0,0.0,71.37,187.06
167.08,144.563,30.561,743.58,0.0,0.0,0.0,71.37,187.07
167.12,144.59,30.571,743.23,0.0,0.0,0.0,71.37,187.07
167.18,144.632,30.588,742.71,0.0,0.0,0.0,71.36,187.07
167.22,144.659,30.598,742.36,0.0,0.0,0.0,71.36,187.08
167.28,144.701,30.614,741.84,0.0,0.0,0.0,71.35,187.08
167.32,144.728,30.625,741.49,0.0,0.0,0.0,71.35,187.09
167.38,144.77,30.641,740.97,0.0,0.0,0.0,71.34,187.09
167.42,144.797,30.652,740.62,0.0,0.0,0.0,71.34,187.1
167.48,144.838,30.668,740.1,0.0,0.0,0.0,71.33,187.1
167.52,144.866,30.679,739.75,0.0,0.0,0.0,71.33,187.1
167.58,144.907,30.695,739.23,0.0,0.0,0.0,71.32,187.11
167.62,144.934,30.706,738.88,0.0,0.0,0.0,71.32,187.11
167.66,144.962,30.717,738.53,0.0,0.0,0.0,71.31,187.12
167.72,145.003,30.733,738.01,0.0,0.0,0.0,71.31,187.12
167.76,145.03,30.744,737.67,0.0,0.0,0.0,71.3,187.13
167.82,145.071,30.76,737.14,0.0,0.0,0.0,71.3,187.13
167.88,145.112,30.776,736.62,0.0,0.0,0.0,71.29,187.14
167.92,145.14,30.787,736.28,0.0,0.0,0.0,71.29,187.14
167.98,145.181,30.803,735.75,0.0,0.0,0.0,71.28,187.15
168.02,145.208,30.814,735.41,0.0,0.0,0.0,71.28,187.15
168.08,145.249,30.831,734.89,0.0,0.0,0.0,71.27,187.16
168.12,145.276,30.841,734.54,0.0,0.0,0.0,71.27,187.16
168.18,145.317,30.858,734.02,0.0,0.0,0.0,71.26,187.17
168.22,145.344,30.869,733.67,0.0,0.0,0.0,71.26,187.17
168.28,145.385,30.885,733.15,0.0,0.0,0.0,71.25,187.18
168.32,145.412,30.896,732.8,0.0,0.0,0.0,71.25,187.18
168.38,145.453,30.912,732.28,0.0,0.0,0.0,71.24,187.19
168.44,145.493,30.928,731.76,0.0,0.0,0.0,71.24,187.19
168.48,145.52,30.939,731.41,0.0,0.0,0.0,71.23,187.2
168.52,145.547,30.95,731.07,0.0,0.0,0.0,71.23,187.2
168.58,145.588,30.966,730.55,0.0,0.0,0.0,71.22,187.2
168.62,145.615,30.977,730.2,0.0,0.0,0.0,71.22,187.21
168.68,145.656,30.994,729.68,0.0,0.0,0.0,71.21,187.21
168.74,145.696,31.01,729.16,0.0,0.0,0.0,71.21,187.22
168.78,145.723,31.021,728.81,0.0,0.0,0.0,71.2,187.22
168.82,145.75,31.032,728.47,0.0,0.0,0.0,71.2,187.23
168.88,145.791,31.048,727.94,0.0,0.0,0.0,71.19,187.23
168.92,145.818,31.059,727.6,0.0,0.0,0.0,71.19,187.24
168.98,145.858,31.075,727.08,0.0,0.0,0.0,71.18,187.24
169.04,145.898,31.092,726.56,0.0,0.0,0.0,71.18,187.25
169.08,145.925,31.103,726.21,0.0,0.0,0.0,71.17,187.25
169.14,145.965,31.119,725.69,0.0,0.0,0.0,71.17,187.26
169.18,145.992,31.13,725.35,0.0,0.0,0.0,71.17,187.26
169.22,146.019,31.141,725.0,0.0,0.0,0.0,71.16,187.27
169.28,146.059,31.158,724.48,0.0,0.0,0.0,71.16,187.27
169.32,146.086,31.168,724.13,0.0,0.0,0.0,71.15,187.28
169.38,146.126,31.185,723.61,0.0,0.0,0.0,71.15,187.28
169.44,146.166,31.201,723.09,0.0,0.0,0.0,71.14,187.29
169.48,146.193,31.212,722.75,0.0,0.0,0.0,71.14,187.29
169.54,146.233,31.229,722.23,0.0,0.0,0.0,71.13,187.3
169.58,146.26,31.24,721.88,0.0,0.0,0.0,71.13,187.3
169.62,146.287,31.251,721.54,0.0,0.0,0.0,71.12,187.31
169.68,146.327,31.267,721.02,0.0,0.0,0.0,71.12,187.31
169.74,146.366,31.284,720.5,0.0,0.0,0.0,71.11,187.32
169.78,146.393,31.295,720.15,0.0,0.0,0.0,71.11,187.32
169.84,146.433,31.311,719.63,0.0,0.0,0.0,71.1,187.33
169.88,146.46,31.322,719.29,0.0,0.0,0.0,71.1,187.33
169.94,146.499,31.339,718.77,0.0,0.0,0.0,71.09,187.34
169.98,146.526,31.35,718.42,0.0,0.0,0.0,71.09,187.34
170.04,146.566,31.366,717.9,0.0,0.0,0.0,71.08,187.35
170.08,146.592,31.377,717.56,0.0,0.0,0.0,71.08,187.35
170.14,146.632,31.394,717.04,0.0,0.0,0.0,71.07,187.35
170.18,146.658,31.405,716.69,0.0,0.0,0.0,71.07,187.36
170.24,146.698,31.421,716.17,0.0,0.0,0.0,71.06,187.36
170.3,146.738,31.438,715.65,0.0,0.0,0.0,71.06,187.37
170.34,146.764,31.449,715.31,0.0,0.0,0.0,71.05,187.37
170.38,146.791,31.46,714.96,0.0,0.0,0.0,71.05,187.38
170.44,146.83,31.476,714.45,0.0,0.0,0.0,71.04,187.38
170.48,146.856,31.488,714.1,0.0,0.0,0.0,71.04,187.39
170.54,146.896,31.504,713.58,0.0,0.0,0.0,71.03,187.39
170.6,146.935,31.521,713.06,0.0,0.0,0.0,71.03,187.4
170.64,146.962,31.532,712.72,0.0,0.0,0.0,71.02,187.4
170.7,147.001,31.548,712.2,0.0,0.0,0.0,71.02,187.41
170.74,147.027,31.559,711.85,0.0,0.0,0.0,71.01,187.41
170.78,147.054,31.571,711.51,0.0,0.0,0.0,71.01,187.42
170.84,147.093,31.587,710.99,0.0,0.0,0.0,71.0,187.42
170.9,147.132,31.604,710.47,0.0,0.0,0.0,71.0,187.43
170.94,147.158,31.615,710.13,0.0,0.0,0.0,70.99,187.43
171.0,147.198,31.631,709.61,0.0,0.0,0.0,70.99,187.44
171.04,147.224,31.643,709.27,0.0,0.0,0.0,70.98,187.44
171.08,147.25,31.654,708.92,0.0,0.0,0.0,70.98,187.44
171.14,147.289,31.67,708.4,0.0,0.0,0.0,70.97,187.45
171.2,147.328,31.687,707.89,0.0,0.0,0.0,70.97,187.46
171.24,147.354,31.698,707.54,0.0,0.0,0.0,70.96,187.46
171.3,147.393,31.715,707.02,0.0,0.0,0.0,70.96,187.46
171.34,147.419,31.726,706.68,0.0,0.0,0.0,70.95,187.47
171.38,147.446,31.737,706.33,0.0,0.0,0.0,70.95,187.47
171.44,147.485,31.754,705.82,0.0,0.0,0.0,70.95,187.48
171.5,147.523,31.77,705.3,0.0,0.0,0.0,70.94,187.48
171.54,147.549,31.782,704.96,0.0,0.0,0.0,70.94,187.49
171.6,147.588,31.798,704.44,0.0,0.0,0.0,70.93,187.49
171.64,147.614,31.809,704.09,0.0,0.0,0.0,70.93,187.5
171.7,147.653,31.826,703.58,0.0,0.0,0.0,70.92,187.5
171.74,147.679,31.837,703.23,0.0,0.0,0.0,70.92,187.51
171.8,147.718,31.854,702.72,0.0,0.0,0.0,70.91,187.51
171.84,147.744,31.865,702.37,0.0,0.0,0.0,70.91,187.52
171.9,147.782,31.882,701.86,0.0,0.0,0.0,70.9,187.52
171.94,147.808,31.893,701.51,0.0,0.0,0.0,70.9,187.52
172.0,147.847,31.91,700.99,0.0,0.0,0.0,70.89,187.53
172.04,147.873,31.921,700.65,0.0,0.0,0.0,70.89,187.53
172.1,147.911,31.938,700.13,0.0,0.0,0.0,70.88,187.54
172.16,147.95,31.955,699.62,0.0,0.0,0.0,70.88,187.55
172.2,147.976,31.966,699.27,0.0,0.0,0.0,70.87,187.55
172.24,148.001,31.977,698.93,0.0,0.0,0.0,70.87,187.55
172.3,148.04,31.994,698.41,0.0,0.0,0.0,70.86,187.56
172.34,148.065,32.005,698.07,0.0,0.0,0.0,70.86,187.56
172.4,148.104,32.022,697.55,0.0,0.0,0.0,70.85,187.57
172.46,148.142,32.039,697.04,0.0,0.0,0.0,70.85,187.57
172.5,148.168,32.05,696.69,0.0,0.0,0.0,70.84,187.58
172.54,148.194,32.061,696.35,0.0,0.0,0.0,70.84,187.58
172.6,148.232,32.078,695.84,0.0,0.0,0.0,70.83,187.59
172.66,148.27,32.095,695.32,0.0,0.0,0.0,70.83,187.59
172.7,148.296,32.106,694.98,0.0,0.0,0.0,70.82,187.6
172.76,148.334,32.123,694.46,0.0,0.0,0.0,70.82,187.6
172.8,148.359,32.134,694.12,0.0,0.0,0.0,70.81,187.6
172.86,148.398,32.151,693.6,0.0,0.0,0.0,70.81,187.61
172.9,148.423,32.162,693.26,0.0,0.0,0.0,70.8,187.61
172.94,148.449,32.173,692.91,0.0,0.0,0.0,70.8,187.62
173.0,148.487,32.19,692.4,0.0,0.0,0.0,70.79,187.62
173.06,148.525,32.207,691.88,0.0,0.0,0.0,70.79,187.63
173.1,148.55,32.218,691.54,0.0,0.0,0.0,70.78,187.63
173.16,148.588,32.235,691.03,0.0,0.0,0.0,70.78,187.64
173.2,148.613,32.246,690.68,0.0,0.0,0.0,70.77,187.64
173.26,148.651,32.263,690.17,0.0,0.0,0.0,70.77,187.65
173.3,148.677,32.275,689.83,0.0,0.0,0.0,70.76,187.65
173.36,148.715,32.292,689.31,0.0,0.0,0.0,70.76,187.66
173.4,148.74,32.303,688.97,0.0,0.0,0.0,70.75,187.66
173.46,148.778,32.32,688.45,0.0,0.0,0.0,70.75,187.67
173.5,148.803,32.331,688.11,0.0,0.0,0.0,70.74,187.67
173.56,148.841,32.348,687.6,0.0,0.0,0.0,70.74,187.68
173.6,148.866,32.359,687.25,0.0,0.0,0.0,70.73,187.68
173.66,148.904,32.376,686.74,0.0,0.0,0.0,70.73,187.68
173.7,148.929,32.388,686.4,0.0,0.0,0.0,70.73,187.69
173.76,148.967,32.404,685.88,0.0,0.0,0.0,70.72,187.69
173.82,149.004,32.421,685.37,0.0,0.0,0.0,70.71,187.7
173.86,149.029,32.433,685.03,0.0,0.0,0.0,70.71,187.7
173.9,149.054,32.444,684.68,0.0,0.0,0.0,70.71,187.71
173.96,149.092,32.461,684.17,0.0,0.0,0.0,70.7,187.71
174.0,149.117,32.472,683.83,0.0,0.0,0.0,70.7,187.72
174.06,149.155,32.489,683.31,0.0,0.0,0.0,70.69,187.72
174.12,149.192,32.506,682.8,0.0,0.0,0.0,70.68,187.73
174.16,149.217,32.518,682.46,0.0,0.0,0.0,70.68,187.73
174.2,149.242,32.529,682.11,0.0,0.0,0.0,70.68,187.73
174.26,149.279,32.546,681.6,0.0,0.0,0.0,70.67,187.74
174.3,149.304,32.557,681.26,0.0,0.0,0.0,70.67,187.74
174.36,149.342,32.574,680.75,0.0,0.0,0.0,70.66,187.75
174.42,149.379,32.592,680.23,0.0,0.0,0.0,70.66,187.75
174.46,149.404,32.603,679.89,0.0,0.0,0.0,70.65,187.76
174.52,149.441,32.62,679.38,0.0,0.0,0.0,70.65,187.76
174.56,149.466,32.631,679.03,0.0,0.0,0.0,70.64,187.77
174.6,149.491,32.643,678.69,0.0,0.0,0.0,70.64,187.77
174.66,149.528,32.66,678.18,0.0,0.0,0.0,70.63,187.78
174.72,149.565,32.677,677.67,0.0,0.0,0.0,70.63,187.78
174.76,149.59,32.688,677.33,0.0,0.0,0.0,70.62,187.78
174.82,149.627,32.705,676.81,0.0,0.0,0.0,70.62,187.79
174.86,149.652,32.717,676.47,0.0,0.0,0.0,70.61,187.79
174.92,149.689,32.734,675.96,0.0,0.0,0.0,70.61,187.8
174.96,149.713,32.745,675.62,0.0,0.0,0.0,70.6,187.8
175.02,149.75,32.762,675.1,0.0,0.0,0.0,70.6,187.81
175.06,149.775,32.774,674.76,0.0,0.0,0.0,70.59,187.81
175.12,149.812,32.791,674.25,0.0,0.0,0.0,70.59,187.82
175.16,149.837,32.802,673.91,0.0,0.0,0.0,70.58,187.82
175.22,149.874,32.819,673.4,0.0,0.0,0.0,70.58,187.83
175.28,149.91,32.836,672.88,0.0,0.0,0.0,70.57,187.83
175.32,149.935,32.848,672.54,0.0,0.0,0.0,70.57,187.84
175.36,149.959,32.859,672.2,0.0,0.0,0.0,70.56,187.84
175.42,149.996,32.876,671.69,0.0,0.0,0.0,70.56,187.84
175.46,150.021,32.888,671.35,0.0,0.0,0.0,70.55,187.85
175.52,150.057,32.905,670.84,0.0,0.0,0.0,70.55,187.85
175.58,150.094,32.922,670.33,0.0,0.0,0.0,70.54,187.86
175.62,150.119,32.934,669.99,0.0,0.0,0.0,70.54,187.86
175.66,150.143,32.945,669.64,0.0,0.0,0.0,70.53,187.87
175.72,150.18,32.962,669.13,0.0,0.0,0.0,70.53,187.87
175.76,150.204,32.974,668.79,0.0,0.0,0.0,70.52,187.88
175.82,150.24,32.991,668.28,0.0,0.0,0.0,70.52,187.88
175.88,150.277,33.008,667.77,0.0,0.0,0.0,70.51,187.89
175.92,150.301,33.02,667.43,0.0,0.0,0.0,70.51,187.89
175.96,150.326,33.031,667.09,0.0,0.0,0.0,70.5,187.89
176.02,150.362,33.048,666.58,0.0,0.0,0.0,70.5,187.9
176.08,150.398,33.065,666.07,0.0,0.0,0.0,70.49,187.9
176.12,150.423,33.077,665.73,0.0,0.0,0.0,70.49,187.91
176.18,150.459,33.094,665.21,0.0,0.0,0.0,70.48,187.91
176.22,150.483,33.106,664.87,0.0,0.0,0.0,70.48,187.92
176.28,150.519,33.123,664.36,0.0,0.0,0.0,70.47,187.92
176.32,150.544,33.134,664.02,0.0,0.0,0.0,70.47,187.93
176.38,150.58,33.152,663.51,0.0,0.0,0.0,70.46,187.93
176.42,150.604,33.163,663.17,0.0,0.0,0.0,70.46,187.93
176.46,150.628,33.175,662.83,0.0,0.0,0.0,70.46,187.94
176.52,150.664,33.192,662.32,0.0,0.0,0.0,70.45,187.94
176.58,150.7,33.209,661.81,0.0,0.0,0.0,70.44,187.95
176.62,150.724,33.221,661.47,0.0,0.0,0.0,70.44,187.95
176.68,150.761,33.238,660.96,0.0,0.0,0.0,70.43,187.96
176.72,150.785,33.249,660.62,0.0,0.0,0.0,70.43,187.96
176.78,150.821,33.267,660.11,0.0,0.0,0.0,70.42,187.97
176.82,150.845,33.278,659.77,0.0,0.0,0.0,70.42,187.97
176.88,150.88,33.296,659.26,0.0,0.0,0.0,70.42,187.98
176.92,150.904,33.307,658.92,0.0,0.0,0.0,70.41,187.98
176.98,150.94,33.324,658.41,0.0,0.0,0.0,70.41,187.98
177.02,150.964,33.336,658.07,0.0,0.0,0.0,70.4,187.99
177.08,151.0,33.353,657.56,0.0,0.0,0.0,70.4,187.99
177.14,151.036,33.371,657.06,0.0,0.0,0.0,70.39,188.0
177.18,151.06,33.382,656.72,0.0,0.0,0.0,70.39,188.0
177.22,151.084,33.394,656.38,0.0,0.0,0.0,70.38,188.01
177.28,151.119,33.411,655.87,0.0,0.0,0.0,70.38,188.01
177.32,151.143,33.423,655.53,0.0,0.0,0.0,70.37,188.01
177.38,151.179,33.44,655.02,0.0,0.0,0.0,70.37,188.02
177.42,151.202,33.452,654.68,0.0,0.0,0.0,70.36,188.02
177.48,151.238,33.469,654.17,0.0,0.0,0.0,70.36,188.03
177.54,151.274,33.486,653.66,0.0,0.0,0.0,70.35,188.03
177.58,151.297,33.498,653.32,0.0,0.0,0.0,70.35,188.04
177.62,151.321,33.51,652.98,0.0,0.0,0.0,70.34,188.04
177.68,151.357,33.527,652.48,0.0,0.0,0.0,70.34,188.05
177.74,151.392,33.544,651.97,0.0,0.0,0.0,70.33,188.05
177.78,151.416,33.556,651.63,0.0,0.0,0.0,70.33,188.06
177.82,151.439,33.567,651.29,0.0,0.0,0.0,70.32,188.06
177.88,151.475,33.585,650.78,0.0,0.0,0.0,70.32,188.06
177.94,151.51,33.602,650.27,0.0,0.0,0.0,70.31,188.07
177.98,151.534,33.614,649.93,0.0,0.0,0.0,70.31,188.07
178.02,151.557,33.626,649.6,0.0,0.0,0.0,70.3,188.08
178.08,151.592,33.643,649.09,0.0,0.0,0.0,70.3,188.08
178.14,151.628,33.66,648.58,0.0,0.0,0.0,70.29,188.09
178.18,151.651,33.672,648.24,0.0,0.0,0.0,70.29,188.09
178.24,151.686,33.689,647.73,0.0,0.0,0.0,70.28,188.1
178.28,151.71,33.701,647.4,0.0,0.0,0.0,70.28,188.1
178.32,151.733,33.713,647.06,0.0,0.0,0.0,70.27,188.1
178.38,151.768,33.73,646.55,0.0,0.0,0.0,70.27,188.11
178.44,151.803,33.748,646.04,0.0,0.0,0.0,70.26,188.11
178.48,151.827,33.759,645.7,0.0,0.0,0.0,70.26,188.12
178.54,151.862,33.777,645.2,0.0,0.0,0.0,70.25,188.12
178.58,151.885,33.788,644.86,0.0,0.0,0.0,70.25,188.13
178.64,151.92,33.806,644.35,0.0,0.0,0.0,70.24,188.13
178.7,151.955,33.823,643.85,0.0,0.0,0.0,70.24,188.14
178.74,151.978,33.835,643.51,0.0,0.0,0.0,70.23,188.14
178.78,152.001,33.847,643.17,0.0,0.0,0.0,70.23,188.14
178.84,152.036,33.864,642.66,0.0,0.0,0.0,70.22,188.15
178.88,152.059,33.876,642.33,0.0,0.0,0.0,70.22,188.15
178.94,152.094,33.893,641.82,0.0,0.0,0.0,70.21,188.16
178.98,152.117,33.905,641.48,0.0,0.0,0.0,70.21,188.16
179.04,152.152,33.923,640.97,0.0,0.0,0.0,70.2,188.17
179.08,152.175,33.934,640.64,0.0,0.0,0.0,70.2,188.17
179.14,152.21,33.952,640.13,0.0,0.0,0.0,70.19,188.17
179.18,152.233,33.963,639.79,0.0,0.0,0.0,70.19,188.18
179.24,152.268,33.981,639.29,0.0,0.0,0.0,70.18,188.18
179.3,152.302,33.999,638.78,0.0,0.0,0.0,70.18,188.19
179.34,152.325,34.01,638.44,0.0,0.0,0.0,70.17,188.19
179.4,152.36,34.028,637.94,0.0,0.0,0.0,70.17,188.2
179.44,152.383,34.039,637.6,0.0,0.0,0.0,70.17,188.2
179.48,152.406,34.051,637.26,0.0,0.0,0.0,70.16,188.2
179.54,152.44,34.069,636.76,0.0,0.0,0.0,70.16,188.21
179.6,152.475,34.086,636.25,0.0,0.0,0.0,70.15,188.21
179.64,152.498,34.098,635.92,0.0,0.0,0.0,70.15,188.22
179.7,152.532,34.116,635.41,0.0,0.0,0.0,70.14,188.22
179.74,152.555,34.127,635.07,0.0,0.0,0.0,70.14,188.23
179.8,152.589,34.145,634.57,0.0,0.0,0.0,70.13,188.23
179.84,152.612,34.157,634.23,0.0,0.0,0.0,70.13,188.24
179.9,152.646,34.174,633.73,0.0,0.0,0.0,70.12,188.24
179.94,152.669,34.186,633.39,0.0,0.0,0.0,70.12,188.24
180.0,152.703,34.204,632.89,0.0,0.0,0.0,70.11,188.25
180.04,152.726,34.215,632.55,0.0,0.0,0.0,70.11,188.25
180.1,152.76,34.233,632.05,0.0,0.0,0.0,70.1,188.26
180.14,152.783,34.245,631.71,0.0,0.0,0.0,70.1,188.26
180.2,152.817,34.262,631.2,0.0,0.0,0.0,70.09,188.27
180.24,152.84,34.274,630.87,0.0,0.0,0.0,70.09,188.27
180.3,152.874,34.292,630.36,0.0,0.0,0.0,70.08,188.28
180.36,152.908,34.309,629.86,0.0,0.0,0.0,70.08,188.28
180.4,152.93,34.321,629.52,0.0,0.0,0.0,70.07,188.28
180.44,152.953,34.333,629.19,0.0,0.0,0.0,70.07,188.29
180.5,152.987,34.351,628.68,0.0,0.0,0.0,70.06,188.29
180.54,153.01,34.362,628.35,0.0,0.0,0.0,70.06,188.3
180.6,153.043,34.38,627.84,0.0,0.0,0.0,70.05,188.3
180.66,153.077,34.398,627.34,0.0,0.0,0.0,70.05,188.31
180.7,153.1,34.41,627.0,0.0,0.0,0.0,70.04,188.31
180.76,153.134,34.427,626.5,0.0,0.0,0.0,70.04,188.31
180.8,153.156,34.439,626.17,0.0,0.0,0.0,70.03,188.32
180.84,153.179,34.451,625.83,0.0,0.0,0.0,70.03,188.32
180.9,153.212,34.469,625.33,0.0,0.0,0.0,70.02,188.33
180.96,153.246,34.486,624.82,0.0,0.0,0.0,70.02,188.33
181.0,153.268,34.498,624.49,0.0,0.0,0.0,70.01,188.34
181.06,153.302,34.516,623.98,0.0,0.0,0.0,70.01,188.34
181.1,153.324,34.528,623.65,0.0,0.0,0.0,70.0,188.34
181.16,153.358,34.545,623.15,0.0,0.0,0.0,70.0,188.35
181.2,153.38,34.557,622.81,0.0,0.0,0.0,69.99,188.35
181.26,153.414,34.575,622.31,0.0,0.0,0.0,69.99,188.36
181.3,153.436,34.587,621.97,0.0,0.0,0.0,69.98,188.36
181.36,153.469,34.604,621.47,0.0,0.0,0.0,69.98,188.37
181.4,153.492,34.616,621.14,0.0,0.0,0.0,69.97,188.37
181.46,153.525,34.634,620.63,0.0,0.0,0.0,69.97,188.37
181.5,153.547,34.646,620.3,0.0,0.0,0.0,69.96,188.38
181.56,153.581,34.664,619.8,0.0,0.0,0.0,69.96,188.38
181.6,153.603,34.675,619.46,0.0,0.0,0.0,69.95,188.39
181.66,153.636,34.693,618.96,0.0,0.0,0.0,69.95,188.39
181.72,153.669,34.711,618.46,0.0,0.0,0.0,69.94,188.4
181.76,153.691,34.723,618.12,0.0,0.0,0.0,69.94,188.4
181.8,153.714,34.735,617.79,0.0,0.0,0.0,69.93,188.4
181.86,153.747,34.752,617.29,0.0,0.0,0.0,69.93,188.41
181.9,153.769,34.764,616.95,0.0,0.0,0.0,69.92,188.41
181.96,153.802,34.782,616.45,0.0,0.0,0.0,69.92,188.42
182.0,153.824,34.794,616.12,0.0,0.0,0.0,69.91,188.42
182.06,153.857,34.812,615.62,0.0,0.0,0.0,69.91,188.43
182.12,153.89,34.83,615.12,0.0,0.0,0.0,69.9,188.43
182.16,153.912,34.842,614.78,0.0,0.0,0.0,69.9,188.43
182.2,153.934,34.853,614.45,0.0,0.0,0.0,69.9,188.44
182.26,153.967,34.871,613.95,0.0,0.0,0.0,69.89,188.44
182.3,153.989,34.883,613.61,0.0,0.0,0.0,69.89,188.45
182.36,154.022,34.901,613.11,0.0,0.0,0.0,69.88,188.45
182.42,154.055,34.919,612.61,0.0,0.0,0.0,69.87,188.46
182.46,154.076,34.931,612.28,0.0,0.0,0.0,69.87,188.46
182.52,154.109,34.949,611.78,0.0,0.0,0.0,69.86,188.46
182.56,154.131,34.96,611.44,0.0,0.0,0.0,69.86,188.47
182.6,154.153,34.972,611.11,0.0,0.0,0.0,69.86,188.47
182.66,154.186,34.99,610.61,0.0,0.0,0.0,69.85,188.48
182.72,154.218,35.008,610.11,0.0,0.0,0.0,69.84,188.48
182.76,154.24,35.02,609.78,0.0,0.0,0.0,69.84,188.48
182.82,154.273,35.038,609.28,0.0,0.0,0.0,69.83,188.49
182.86,154.294,35.05,608.94,0.0,0.0,0.0,69.83,188.49
182.92,154.327,35.068,608.44,0.0,0.0,0.0,69.82,188.5
182.96,154.349,35.08,608.11,0.0,0.0,0.0,69.82,188.5
183.02,154.381,35.097,607.61,0.0,0.0,0.0,69.82,188.51
183.06,154.403,35.109,607.28,0.0,0.0,0.0,69.81,188.51
183.12,154.435,35.127,606.78,0.0,0.0,0.0,69.81,188.51
183.16,154.457,35.139,606.45,0.0,0.0,0.0,69.8,188.52
183.22,154.489,35.157,605.95,0.0,0.0,0.0,69.8,188.52
183.26,154.511,35.169,605.62,0.0,0.0,0.0,69.79,188.53
183.32,154.543,35.187,605.12,0.0,0.0,0.0,69.79,188.53
183.36,154.565,35.199,604.78,0.0,0.0,0.0,69.78,188.53
183.42,154.597,35.217,604.29,0.0,0.0,0.0,69.78,188.54
183.46,154.618,35.229,603.95,0.0,0.0,0.0,69.77,188.54
183.52,154.651,35.247,603.45,0.0,0.0,0.0,69.77,188.55
183.56,154.672,35.259,603.12,0.0,0.0,0.0,69.76,188.55
183.62,154.704,35.277,602.62,0.0,0.0,0.0,69.76,188.56
183.66,154.726,35.289,602.29,0.0,0.0,0.0,69.75,188.56
183.72,154.758,35.307,601.79,0.0,0.0,0.0,69.75,188.56
183.78,154.79,35.325,601.3,0.0,0.0,0.0,69.74,188.57
183.82,154.811,35.337,600.96,0.0,0.0,0.0,69.74,188.57
183.86,154.833,35.349,600.63,0.0,0.0,0.0,69.73,188.58
183.92,154.865,35.366,600.13,0.0,0.0,0.0,69.73,188.58
183.96,154.886,35.378,599.8,0.0,0.0,0.0,69.72,188.58
184.02,154.918,35.396,599.3,0.0,0.0,0.0,69.72,188.59
184.08,154.95,35.414,598.81,0.0,0.0,0.0,69.71,188.59
184.12,154.971,35.426,598.48,0.0,0.0,0.0,69.71,188.6
184.18,155.003,35.444,597.98,0.0,0.0,0.0,69.7,188.6
184.22,155.024,35.456,597.65,0.0,0.0,0.0,69.7,188.61
184.26,155.045,35.468,597.32,0.0,0.0,0.0,69.69,188.61
184.32,155.077,35.486,596.82,0.0,0.0,0.0,69.69,188.61
184.38,155.109,35.504,596.32,0.0,0.0,0.0,69.68,188.62
184.42,155.13,35.516,595.99,0.0,0.0,0.0,69.68,188.62
184.48,155.162,35.534,595.49,0.0,0.0,0.0,69.67,188.63
184.52,155.183,35.546,595.16,0.0,0.0,0.0,69.67,188.63
184.56,155.204,35.558,594.83,0.0,0.0,0.0,69.66,188.63
184.62,155.235,35.577,594.33,0.0,0.0,0.0,69.66,188.64
184.68,155.267,35.595,593.84,0.0,0.0,0.0,69.65,188.64
184.72,155.288,35.607,593.51,0.0,0.0,0.0,69.65,188.65
184.78,155.32,35.625,593.01,0.0,0.0,0.0,69.64,188.65
184.82,155.341,35.637,592.68,0.0,0.0,0.0,69.64,188.66
184.88,155.372,35.655,592.19,0.0,0.0,0.0,69.63,188.66
184.92,155.393,35.667,591.85,0.0,0.0,0.0,69.63,188.66
184.98,155.424,35.685,591.36,0.0,0.0,0.0,69.62,188.67
185.04,155.456,35.703,590.86,0.0,0.0,0.0,69.62,188.67
185.08,155.477,35.715,590.53,0.0,0.0,0.0,69.61,188.68
185.12,155.498,35.727,590.2,0.0,0.0,0.0,69.61,188.68
185.18,155.529,35.745,589.71,0.0,0.0,0.0,69.6,188.69
185.22,155.55,35.757,589.38,0.0,0.0,0.0,69.6,188.69
185.28,155.581,35.775,588.88,0.0,0.0,0.0,69.59,188.69
185.32,155.602,35.787,588.55,0.0,0.0,0.0,69.59,188.7
185.38,155.633,35.805,588.06,0.0,0.0,0.0,69.58,188.7
185.44,155.664,35.823,587.56,0.0,0.0,0.0,69.58,188.71
185.48,155.685,35.836,587.23,0.0,0.0,0.0,69.57,188.71
185.54,155.716,35.854,586.74,0.0,0.0,0.0,69.57,188.72
185.58,155.737,35.866,586.41,0.0,0.0,0.0,69.56,188.72
185.62,155.757,35.878,586.08,0.0,0.0,0.0,69.56,188.72
185.68,155.788,35.896,585.58,0.0,0.0,0.0,69.55,188.73
185.74,155.819,35.914,585.09,0.0,0.0,0.0,69.55,188.73
185.78,155.84,35.926,584.76,0.0,0.0,0.0,69.54,188.73
185.84,155.871,35.944,584.27,0.0,0.0,0.0,69.54,188.74
185.88,155.891,35.956,583.94,0.0,0.0,0.0,69.54,188.74
185.92,155.912,35.968,583.61,0.0,0.0,0.0,69.53,188.75
185.98,155.943,35.987,583.12,0.0,0.0,0.0,69.53,188.75
186.04,155.974,36.005,582.62,0.0,0.0,0.0,69.52,188.76
186.08,155.994,36.017,582.29,0.0,0.0,0.0,69.52,188.76
186.14,156.025,36.035,581.8,0.0,0.0,0.0,69.51,188.76
186.18,156.045,36.047,581.47,0.0,0.0,0.0,69.51,188.77
186.24,156.076,36.065,580.98,0.0,0.0,0.0,69.5,188.77
186.28,156.097,36.077,580.65,0.0,0.0,0.0,69.5,188.78
186.32,156.117,36.089,580.32,0.0,0.0,0.0,69.49,188.78
186.38,156.148,36.108,579.83,0.0,0.0,0.0,69.49,188.78
186.44,156.178,36.126,579.33,0.0,0.0,0.0,69.48,188.79
186.48,156.199,36.138,579.01,0.0,0.0,0.0,69.48,188.79
186.54,156.229,36.156,578.51,0.0,0.0,0.0,69.47,188.8
186.58,156.249,36.168,578.19,0.0,0.0,0.0,69.47,188.8
186.64,156.28,36.186,577.69,0.0,0.0,0.0,69.46,188.8
186.68,156.3,36.199,577.37,0.0,0.0,0.0,69.46,188.81
186.74,156.331,36.217,576.87,0.0,0.0,0.0,69.45,188.81
186.78,156.351,36.229,576.55,0.0,0.0,0.0,69.45,188.82
186.84,156.381,36.247,576.05,0.0,0.0,0.0,69.44,188.82
186.88,156.402,36.259,575.73,0.0,0.0,0.0,69.44,188.82
186.94,156.432,36.278,575.23,0.0,0.0,0.0,69.43,188.83
186.98,156.452,36.29,574.91,0.0,0.0,0.0,69.43,188.83
187.04,156.482,36.308,574.42,0.0,0.0,0.0,69.42,188.84
187.1,156.512,36.326,573.92,0.0,0.0,0.0,69.42,188.84
187.14,156.533,36.338,573.6,0.0,0.0,0.0,69.41,188.84
187.18,156.553,36.35,573.27,0.0,0.0,0.0,69.41,188.85
187.24,156.583,36.369,572.78,0.0,0.0,0.0,69.4,188.85
187.28,156.603,36.381,572.45,0.0,0.0,0.0,69.4,188.86
187.34,156.633,36.399,571.96,0.0,0.0,0.0,69.39,188.86
187.4,156.663,36.417,571.47,0.0,0.0,0.0,69.39,188.87
187.44,156.683,36.43,571.14,0.0,0.0,0.0,69.38,188.87
187.48,156.703,36.442,570.82,0.0,0.0,0.0,69.38,188.87
187.54,156.733,36.46,570.33,0.0,0.0,0.0,69.37,188.88
187.58,156.753,36.472,570.0,0.0,0.0,0.0,69.37,188.88
187.64,156.783,36.49,569.51,0.0,0.0,0.0,69.36,188.89
187.7,156.813,36.509,569.02,0.0,0.0,0.0,69.36,188.89
187.74,156.833,36.521,568.69,0.0,0.0,0.0,69.35,188.89
187.78,156.853,36.533,568.37,0.0,0.0,0.0,69.35,188.9
187.84,156.882,36.551,567.88,0.0,0.0,0.0,69.34,188.9
187.9,156.912,36.57,567.39,0.0,0.0,0.0,69.34,188.91
187.94,156.932,36.582,567.06,0.0,0.0,0.0,69.33,188.91
188.0,156.962,36.6,566.57,0.0,0.0,0.0,69.33,188.91
188.04,156.982,36.612,566.24,0.0,0.0,0.0,69.32,188.92
188.1,157.011,36.631,565.76,0.0,0.0,0.0,69.32,188.92
188.14,157.031,36.643,565.43,0.0,0.0,0.0,69.31,188.93
188.2,157.061,36.661,564.94,0.0,0.0,0.0,69.31,188.93
188.24,157.08,36.674,564.62,0.0,0.0,0.0,69.3,188.93
188.3,157.11,36.692,564.13,0.0,0.0,0.0,69.3,188.94
188.34,157.129,36.704,563.8,0.0,0.0,0.0,69.29,188.94
188.4,157.159,36.722,563.31,0.0,0.0,0.0,69.29,188.95
188.46,157.188,36.741,562.82,0.0,0.0,0.0,69.28,188.95
188.5,157.208,36.753,562.5,0.0,0.0,0.0,69.28,188.95
188.54,157.228,36.765,562.17,0.0,0.0,0.0,69.27,188.96
188.6,157.257,36.784,561.69,0.0,0.0,0.0,69.27,188.96
188.64,157.277,36.796,561.36,0.0,0.0,0.0,69.26,188.96
188.7,157.306,36.814,560.87,0.0,0.0,0.0,69.26,188.97
188.76,157.335,36.833,560.39,0.0,0.0,0.0,69.25,188.97
188.8,157.355,36.845,560.06,0.0,0.0,0.0,69.25,188.98
188.84,157.374,36.857,559.74,0.0,0.0,0.0,69.24,188.98
188.9,157.403,36.875,559.25,0.0,0.0,0.0,69.24,188.99
188.94,157.423,36.888,558.92,0.0,0.0,0.0,69.24,188.99
189.0,157.452,36.906,558.44,0.0,0.0,0.0,69.23,188.99
189.06,157.481,36.924,557.95,0.0,0.0,0.0,69.22,189.0
189.1,157.501,36.937,557.63,0.0,0.0,0.0,69.22,189.0
189.16,157.53,36.955,557.14,0.0,0.0,0.0,69.21,189.01
189.2,157.549,36.967,556.82,0.0,0.0,0.0,69.21,189.01
189.24,157.568,36.98,556.49,0.0,0.0,0.0,69.21,189.01
189.3,157.597,36.998,556.0,0.0,0.0,0.0,69.2,189.02
189.36,157.626,37.016,555.52,0.0,0.0,0.0,69.19,189.02
189.4,157.646,37.029,555.19,0.0,0.0,0.0,69.19,189.03
189.46,157.674,37.047,554.71,0.0,0.0,0.0,69.18,189.03
189.5,157.694,37.059,554.38,0.0,0.0,0.0,69.18,189.03
189.56,157.723,37.078,553.9,0.0,0.0,0.0,69.17,189.04
189.6,157.742,37.09,553.58,0.0,0.0,0.0,69.17,189.04
189.66,157.771,37.109,553.09,0.0,0.0,0.0,69.16,189.05
189.7,157.79,37.121,552.77,0.0,0.0,0.0,69.16,189.05
189.76,157.818,37.139,552.28,0.0,0.0,0.0,69.15,189.05
189.8,157.838,37.152,551.96,0.0,0.0,0.0,69.15,189.06
189.86,157.866,37.17,551.47,0.0,0.0,0.0,69.14,189.06
189.9,157.885,37.182,551.15,0.0,0.0,0.0,69.14,189.06
189.96,157.914,37.201,550.67,0.0,0.0,0.0,69.13,189.07
190.0,157.933,37.213,550.34,0.0,0.0,0.0,69.13,189.07
190.06,157.962,37.232,549.86,0.0,0.0,0.0,69.13,189.08
190.1,157.981,37.244,549.54,0.0,0.0,0.0,69.12,189.08
190.16,158.009,37.262,549.05,0.0,0.0,0.0,69.12,189.08
190.2,158.028,37.275,548.73,0.0,0.0,0.0,69.11,189.09
190.26,158.057,37.293,548.24,0.0,0.0,0.0,69.11,189.09
190.3,158.075,37.305,547.92,0.0,0.0,0.0,69.1,189.1
190.36,158.104,37.324,547.44,0.0,0.0,0.0,69.1,189.1
190.4,158.123,37.336,547.12,0.0,0.0,0.0,69.09,189.1
190.46,158.151,37.355,546.63,0.0,0.0,0.0,69.09,189.11
190.52,158.179,37.373,546.15,0.0,0.0,0.0,69.08,189.11
190.56,158.198,37.386,545.83,0.0,0.0,0.0,69.08,189.12
190.6,158.217,37.398,545.51,0.0,0.0,0.0,69.07,189.12
190.66,158.245,37.416,545.02,0.0,0.0,0.0,69.07,189.12
190.7,158.264,37.429,544.7,0.0,0.0,0.0,69.06,189.13
190.76,158.292,37.447,544.22,0.0,0.0,0.0,69.06,189.13
190.8,158.311,37.46,543.9,0.0,0.0,0.0,69.05,189.13
190.86,158.339,37.478,543.41,0.0,0.0,0.0,69.05,189.14
190.92,158.367,37.497,542.93,0.0,0.0,0.0,69.04,189.14
190.96,158.386,37.509,542.61,0.0,0.0,0.0,69.04,189.15
191.02,158.414,37.528,542.13,0.0,0.0,0.0,69.03,189.15
191.06,158.433,37.54,541.81,0.0,0.0,0.0,69.03,189.16
191.1,158.451,37.552,541.49,0.0,0.0,0.0,69.02,189.16
191.16,158.479,37.571,541.0,0.0,0.0,0.0,69.02,189.16
191.22,158.507,37.589,540.52,0.0,0.0,0.0,69.01,189.17
191.26,158.526,37.602,540.2,0.0,0.0,0.0,69.01,189.17
191.32,158.554,37.62,539.72,0.0,0.0,0.0,69.0,189.18
191.36,158.572,37.633,539.4,0.0,0.0,0.0,69.0,189.18
191.42,158.6,37.651,538.92,0.0,0.0,0.0,68.99,189.18
191.46,158.618,37.664,538.6,0.0,0.0,0.0,68.99,189.19
191.52,158.646,37.682,538.12,0.0,0.0,0.0,68.98,189.19
191.56,158.665,37.695,537.8,0.0,0.0,0.0,68.98,189.19
191.62,158.692,37.713,537.32,0.0,0.0,0.0,68.97,189.2
191.66,158.711,37.725,537.0,0.0,0.0,0.0,68.97,189.2
191.72,158.738,37.744,536.52,0.0,0.0,0.0,68.96,189.21
191.76,158.757,37.756,536.2,0.0,0.0,0.0,68.96,189.21
191.82,158.784,37.775,535.72,0.0,0.0,0.0,68.95,189.21
191.88,158.812,37.794,535.24,0.0,0.0,0.0,68.95,189.22
191.92,158.83,37.806,534.92,0.0,0.0,0.0,68.94,189.22
191.96,158.849,37.818,534.6,0.0,0.0,0.0,68.94,189.22
192.02,158.876,37.837,534.12,0.0,0.0,0.0,68.93,189.23
192.06,158.894,37.849,533.8,0.0,0.0,0.0,68.93,189.23
192.12,158.922,37.868,533.32,0.0,0.0,0.0,68.92,189.24
192.18,158.949,37.887,532.84,0.0,0.0,0.0,68.92,189.24
192.22,158.967,37.899,532.52,0.0,0.0,0.0,68.91,189.24
192.26,158.986,37.912,532.2,0.0,0.0,0.0,68.91,189.25
192.32,159.013,37.93,531.72,0.0,0.0,0.0,68.9,189.25
192.36,159.031,37.943,531.4,0.0,0.0,0.0,68.9,189.26
192.42,159.058,37.961,530.93,0.0,0.0,0.0,68.89,189.26
192.48,159.086,37.98,530.45,0.0,0.0,0.0,68.89,189.26
192.52,159.104,37.992,530.13,0.0,0.0,0.0,68.88,189.27
192.56,159.122,38.005,529.81,0.0,0.0,0.0,68.88,189.27
192.62,159.149,38.023,529.33,0.0,0.0,0.0,68.87,189.28
192.66,159.167,38.036,529.02,0.0,0.0,0.0,68.87,189.28
192.72,159.194,38.054,528.54,0.0,0.0,0.0,68.86,189.28
192.78,159.221,38.073,528.06,0.0,0.0,0.0,68.86,189.29
192.82,159.239,38.085,527.74,0.0,0.0,0.0,68.85,189.29
192.86,159.257,38.098,527.42,0.0,0.0,0.0,68.85,189.29
192.92,159.284,38.117,526.95,0.0,0.0,0.0,68.84,189.3
192.98,159.311,38.135,526.47,0.0,0.0,0.0,68.84,189.3
193.02,159.329,38.148,526.15,0.0,0.0,0.0,68.83,189.31
193.08,159.356,38.166,525.68,0.0,0.0,0.0,68.83,189.31
193.12,159.374,38.179,525.36,0.0,0.0,0.0,68.82,189.31
193.16,159.392,38.191,525.04,0.0,0.0,0.0,68.82,189.32
193.22,159.418,38.21,524.57,0.0,0.0,0.0,68.81,189.32
193.28,159.445,38.229,524.09,0.0,0.0,0.0,68.81,189.33
193.32,159.463,38.241,523.77,0.0,0.0,0.0,68.8,189.33
193.38,159.49,38.26,523.3,0.0,0.0,0.0,68.8,189.33
193.42,159.507,38.272,522.98,0.0,0.0,0.0,68.8,189.34
193.48,159.534,38.291,522.5,0.0,0.0,0.0,68.79,189.34
193.52,159.552,38.303,522.19,0.0,0.0,0.0,68.79,189.34
193.58,159.578,38.322,521.71,0.0,0.0,0.0,68.78,189.35
193.64,159.605,38.341,521.24,0.0,0.0,0.0,68.77,189.35
193.68,159.623,38.353,520.92,0.0,0.0,0.0,68.77,189.36
193.72,159.64,38.366,520.6,0.0,0.0,0.0,68.77,189.36
193.78,159.667,38.385,520.13,0.0,0.0,0.0,68.76,189.36
193.82,159.684,38.397,519.81,0.0,0.0,0.0,68.76,189.37
193.88,159.711,38.416,519.34,0.0,0.0,0.0,68.75,189.37
193.92,159.728,38.428,519.02,0.0,0.0,0.0,68.75,189.37
193.98,159.755,38.447,518.55,0.0,0.0,0.0,68.74,189.38
194.04,159.781,38.466,518.08,0.0,0.0,0.0,68.73,189.38
194.08,159.799,38.478,517.76,0.0,0.0,0.0,68.73,189.39
194.12,159.816,38.491,517.45,0.0,0.0,0.0,68.73,189.39
194.18,159.843,38.51,516.97,0.0,0.0,0.0,68.72,189.39
194.24,159.869,38.528,516.5,0.0,0.0,0.0,68.71,189.4
194.28,159.886,38.541,516.18,0.0,0.0,0.0,68.71,189.4
194.34,159.912,38.56,515.71,0.0,0.0,0.0,68.7,189.41
194.38,159.93,38.572,515.4,0.0,0.0,0.0,68.7,189.41
194.44,159.956,38.591,514.92,0.0,0.0,0.0,68.69,189.41
194.48,159.973,38.603,514.61,0.0,0.0,0.0,68.69,189.42
194.54,159.999,38.622,514.14,0.0,0.0,0.0,68.69,189.42
194.58,160.017,38.635,513.82,0.0,0.0,0.0,68.68,189.42
194.64,160.043,38.653,513.35,0.0,0.0,0.0,68.68,189.43
194.68,160.06,38.666,513.03,0.0,0.0,0.0,68.67,189.43
194.74,160.086,38.685,512.56,0.0,0.0,0.0,68.67,189.44
194.78,160.103,38.697,512.25,0.0,0.0,0.0,68.66,189.44
194.84,160.129,38.716,511.78,0.0,0.0,0.0,68.66,189.44
194.88,160.146,38.729,511.46,0.0,0.0,0.0,68.65,189.45
194.94,160.172,38.747,510.99,0.0,0.0,0.0,68.65,189.45
194.98,160.189,38.76,510.68,0.0,0.0,0.0,68.64,189.45
195.04,160.215,38.779,510.21,0.0,0.0,0.0,68.64,189.46
195.08,160.232,38.791,509.89,0.0,0.0,0.0,68.63,189.46
195.14,160.258,38.81,509.42,0.0,0.0,0.0,68.63,189.47
195.2,160.284,38.829,508.95,0.0,0.0,0.0,68.62,189.47
195.24,160.301,38.841,508.64,0.0,0.0,0.0,68.62,189.47
195.28,160.318,38.854,508.33,0.0,0.0,0.0,68.61,189.48
195.34,160.344,38.873,507.86,0.0,0.0,0.0,68.61,189.48
195.38,160.361,38.885,507.54,0.0,0.0,0.0,68.6,189.48
195.44,160.386,38.904,507.07,0.0,0.0,0.0,68.6,189.49
195.48,160.403,38.917,506.76,0.0,0.0,0.0,68.59,189.49
195.54,160.429,38.936,506.29,0.0,0.0,0.0,68.59,189.5
195.6,160.454,38.954,505.82,0.0,0.0,0.0,68.58,189.5
195.64,160.471,38.967,505.51,0.0,0.0,0.0,68.58,189.5
195.68,160.488,38.98,505.2,0.0,0.0,0.0,68.57,189.51
195.74,160.513,38.998,504.73,0.0,0.0,0.0,68.57,189.51
195.78,160.53,39.011,504.42,0.0,0.0,0.0,68.56,189.51
195.84,160.556,39.03,503.95,0.0,0.0,0.0,68.56,189.52
195.9,160.581,39.049,503.48,0.0,0.0,0.0,68.55,189.52
195.94,160.598,39.061,503.17,0.0,0.0,0.0,68.55,189.53
196.0,160.623,39.08,502.7,0.0,0.0,0.0,68.54,189.53
196.04,160.64,39.093,502.39,0.0,0.0,0.0,68.54,189.53
196.1,160.665,39.112,501.92,0.0,0.0,0.0,68.53,189.54
196.14,160.682,39.124,501.61,0.0,0.0,0.0,68.53,189.54
196.2,160.707,39.143,501.14,0.0,0.0,0.0,68.52,189.54
196.24,160.724,39.156,500.83,0.0,0.0,0.0,68.52,189.55
196.3,160.749,39.175,500.37,0.0,0.0,0.0,68.51,189.55
196.34,160.765,39.187,500.05,0.0,0.0,0.0,68.51,189.56
196.4,160.79,39.206,499.59,0.0,0.0,0.0,68.5,189.56
196.44,160.807,39.219,499.28,0.0,0.0,0.0,68.5,189.56
196.5,160.832,39.238,498.81,0.0,0.0,0.0,68.49,189.57
196.54,160.849,39.25,498.5,0.0,0.0,0.0,68.49,189.57
196.6,160.874,39.269,498.03,0.0,0.0,0.0,68.48,189.57
196.64,160.89,39.282,497.72,0.0,0.0,0.0,68.48,189.58
196.7,160.915,39.301,497.26,0.0,0.0,0.0,68.47,189.58
196.74,160.932,39.313,496.95,0.0,0.0,0.0,68.47,189.58
196.8,160.956,39.332,496.48,0.0,0.0,0.0,68.46,189.59
196.84,160.973,39.345,496.17,0.0,0.0,0.0,68.46,189.59
196.9,160.998,39.364,495.71,0.0,0.0,0.0,68.45,189.6
196.96,161.022,39.383,495.24,0.0,0.0,0.0,68.45,189.6
197.0,161.039,39.395,494.93,0.0,0.0,0.0,68.44,189.6
197.04,161.055,39.408,494.62,0.0,0.0,0.0,68.44,189.61
197.1,161.08,39.427,494.16,0.0,0.0,0.0,68.43,189.61
197.14,161.096,39.439,493.85,0.0,0.0,0.0,68.43,189.61
197.2,161.121,39.458,493.39,0.0,0.0,0.0,68.42,189.62
197.26,161.145,39.477,492.92,0.0,0.0,0.0,68.42,189.62
197.3,161.162,39.49,492.62,0.0,0.0,0.0,68.41,189.63
197.34,161.178,39.503,492.31,0.0,0.0,0.0,68.41,189.63
197.4,161.202,39.522,491.84,0.0,0.0,0.0,68.4,189.63
197.44,161.219,39.534,491.53,0.0,0.0,0.0,68.4,189.64
197.5,161.243,39.553,491.07,0.0,0.0,0.0,68.39,189.64
197.56,161.267,39.572,490.61,0.0,0.0,0.0,68.39,189.65
197.6,161.284,39.585,490.3,0.0,0.0,0.0,68.38,189.65
197.66,161.308,39.604,489.84,0.0,0.0,0.0,68.38,189.65
197.7,161.324,39.616,489.53,0.0,0.0,0.0,68.37,189.66
197.76,161.348,39.635,489.07,0.0,0.0,0.0,68.37,189.66
197.8,161.365,39.648,488.76,0.0,0.0,0.0,68.36,189.66
197.86,161.389,39.667,488.3,0.0,0.0,0.0,68.36,189.67
197.9,161.405,39.68,487.99,0.0,0.0,0.0,68.35,189.67
197.94,161.421,39.692,487.68,0.0,0.0,0.0,68.35,189.67
198.0,161.445,39.711,487.22,0.0,0.0,0.0,68.34,189.68
198.06,161.469,39.73,486.76,0.0,0.0,0.0,68.34,189.68
198.1,161.485,39.743,486.46,0.0,0.0,0.0,68.33,189.68
198.16,161.509,39.762,485.99,0.0,0.0,0.0,68.33,189.69
198.2,161.525,39.775,485.69,0.0,0.0,0.0,68.33,189.69
198.26,161.549,39.794,485.23,0.0,0.0,0.0,68.32,189.7
198.3,161.565,39.806,484.92,0.0,0.0,0.0,68.32,189.7
198.36,161.589,39.825,484.46,0.0,0.0,0.0,68.31,189.7
198.4,161.605,39.838,484.15,0.0,0.0,0.0,68.31,189.71
198.46,161.629,39.857,483.7,0.0,0.0,0.0,68.3,189.71
198.5,161.645,39.87,483.39,0.0,0.0,0.0,68.3,189.71
198.56,161.669,39.889,482.93,0.0,0.0,0.0,68.29,189.72
198.62,161.692,39.908,482.47,0.0,0.0,0.0,68.28,189.72
198.66,161.708,39.921,482.17,0.0,0.0,0.0,68.28,189.73
198.7,161.724,39.933,481.86,0.0,0.0,0.0,68.28,189.73
198.76,161.748,39.952,481.4,0.0,0.0,0.0,68.27,189.73
198.8,161.764,39.965,481.1,0.0,0.0,0.0,68.27,189.74
198.86,161.787,39.984,480.64,0.0,0.0,0.0,68.26,189.74
198.92,161.811,40.003,480.18,0.0,0.0,0.0,68.25,189.74
198.96,161.826,40.016,479.88,0.0,0.0,0.0,68.25,189.75
199.0,161.842,40.028,479.57,0.0,0.0,0.0,68.25,189.75
199.06,161.866,40.047,479.11,0.0,0.0,0.0,68.24,189.75
199.12,161.889,40.067,478.66,0.0,0.0,0.0,68.23,189.76
199.16,161.905,40.079,478.35,0.0,0.0,0.0,68.23,189.76
199.2,161.92,40.092,478.05,0.0,0.0,0.0,68.23,189.76
199.26,161.944,40.111,477.59,0.0,0.0,0.0,68.22,189.77
199.3,161.959,40.124,477.29,0.0,0.0,0.0,68.22,189.77
199.36,161.983,40.143,476.83,0.0,0.0,0.0,68.21,189.78
199.42,162.006,40.162,476.37,0.0,0.0,0.0,68.2,189.78
199.46,162.022,40.175,476.07,0.0,0.0,0.0,68.2,189.78
199.52,162.045,40.194,475.61,0.0,0.0,0.0,68.2,189.79
199.56,162.06,40.206,475.31,0.0,0.0,0.0,68.19,189.79
199.62,162.084,40.226,474.86,0.0,0.0,0.0,68.19,189.79
199.66,162.099,40.238,474.55,0.0,0.0,0.0,68.18,189.8
199.72,162.122,40.257,474.1,0.0,0.0,0.0,68.18,189.8
199.76,162.138,40.27,473.79,0.0,0.0,0.0,68.17,189.8
199.8,162.153,40.283,473.49,0.0,0.0,0.0,68.17,189.81
199.86,162.176,40.302,473.04,0.0,0.0,0.0,68.16,189.81
199.92,162.199,40.321,472.58,0.0,0.0,0.0,68.16,189.82
199.96,162.215,40.334,472.28,0.0,0.0,0.0,68.15,189.82
200.0,162.23,40.347,471.98,0.0,0.0,0.0,68.15,189.82
200.06,162.253,40.366,471.52,0.0,0.0,0.0,68.14,189.83
200.12,162.276,40.385,471.07,0.0,0.0,0.0,68.14,189.83
200.16,162.291,40.397,470.77,0.0,0.0,0.0,68.13,189.83
200.22,162.314,40.417,470.32,0.0,0.0,0.0,68.13,189.84
200.26,162.329,40.429,470.01,0.0,0.0,0.0,68.12,189.84
200.32,162.352,40.449,469.56,0.0,0.0,0.0,68.12,189.84
200.36,162.367,40.461,469.26,0.0,0.0,0.0,68.11,189.85
200.42,162.39,40.48,468.81,0.0,0.0,0.0,68.11,189.85
200.46,162.405,40.493,468.51,0.0,0.0,0.0,68.1,189.85
200.52,162.428,40.512,468.06,0.0,0.0,0.0,68.1,189.86
200.56,162.443,40.525,467.75,0.0,0.0,0.0,68.09,189.86
200.62,162.466,40.544,467.3,0.0,0.0,0.0,68.09,189.87
200.66,162.481,40.557,467.0,0.0,0.0,0.0,68.08,189.87
200.72,162.503,40.576,466.55,0.0,0.0,0.0,68.08,189.87
200.76,162.518,40.589,466.25,0.0,0.0,0.0,68.07,189.88
200.82,162.541,40.614,465.8,0.0,0.0,0.0,68.07,189.88
200.84,162.556,40.627,465.5,0.0,0.0,0.0,68.06,189.88
200.92,162.578,40.64,465.05,0.0,0.0,0.0,68.06,189.89
200.96,162.593,40.653,464.75,0.0,0.0,0.0,68.05,189.89
201.02,162.616,40.672,464.3,0.0,0.0,0.0,68.05,189.89
201.06,162.631,40.685,464.0,0.0,0.0,0.0,68.04,189.9
201.12,162.653,40.704,463.55,0.0,0.0,0.0,68.04,189.9
201.18,162.675,40.723,463.1,0.0,0.0,0.0,68.03,189.91
201.22,162.69,40.736,462.8,0.0,0.0,0.0,68.03,189.91
201.26,162.705,40.749,462.5,0.0,0.0,0.0,68.02,189.91
201.32,162.727,40.768,462.06,0.0,0.0,0.0,68.02,189.92
201.36,162.742,40.781,461.76,0.0,0.0,0.0,68.01,189.92
201.42,162.765,40.8,461.31,0.0,0.0,0.0,68.01,189.92
201.46,162.779,40.813,461.01,0.0,0.0,0.0,68.0,189.93
201.52,162.801,40.832,460.56,0.0,0.0,0.0,68.0,189.93
201.58,162.824,40.851,460.11,0.0,0.0,0.0,67.99,189.93
201.62,162.838,40.864,459.82,0.0,0.0,0.0,67.99,189.94
201.66,162.853,40.877,459.52,0.0,0.0,0.0,67.98,189.94
201.72,162.875,40.896,459.07,0.0,0.0,0.0,67.98,189.94
201.76,162.89,40.909,458.77,0.0,0.0,0.0,67.97,189.95
201.82,162.912,40.928,458.33,0.0,0.0,0.0,67.97,189.95
201.88,162.934,40.947,457.88,0.0,0.0,0.0,67.96,189.95
201.92,162.948,40.96,457.58,0.0,0.0,0.0,67.96,189.96
201.96,162.963,40.973,457.29,0.0,0.0,0.0,67.95,189.96
202.02,162.985,40.992,456.84,0.0,0.0,0.0,67.95,189.96
202.08,163.007,41.011,456.4,0.0,0.0,0.0,67.94,189.97
202.12,163.021,41.024,456.1,0.0,0.0,0.0,67.94,189.97
202.18,163.043,41.043,455.65,0.0,0.0,0.0,67.93,189.98
202.22,163.057,41.056,455.36,0.0,0.0,0.0,67.93,189.98
202.28,163.079,41.075,454.91,0.0,0.0,0.0,67.92,189.98
202.32,163.094,41.088,454.62,0.0,0.0,0.0,67.92,189.99
202.38,163.115,41.107,454.17,0.0,0.0,0.0,67.91,189.99
202.42,163.13,41.12,453.88,0.0,0.0,0.0,67.91,189.99
202.48,163.151,41.139,453.43,0.0,0.0,0.0,67.9,190.0
202.52,163.166,41.152,453.14,0.0,0.0,0.0,67.9,190.0
202.58,163.187,41.172,452.69,0.0,0.0,0.0,67.89,190.0
202.62,163.202,41.184,452.4,0.0,0.0,0.0,67.89,190.01
202.68,163.223,41.204,451.96,0.0,0.0,0.0,67.88,190.01
202.72,163.237,41.217,451.66,0.0,0.0,0.0,67.88,190.01
202.78,163.259,41.236,451.22,0.0,0.0,0.0,67.87,190.02
202.82,163.273,41.249,450.92,0.0,0.0,0.0,67.87,190.02
202.88,163.295,41.268,450.48,0.0,0.0,0.0,67.86,190.02
202.92,163.309,41.281,450.19,0.0,0.0,0.0,67.86,190.03
202.98,163.33,41.3,449.75,0.0,0.0,0.0,67.85,190.03
203.04,163.351,41.319,449.3,0.0,0.0,0.0,67.85,190.04
203.08,163.366,41.332,449.01,0.0,0.0,0.0,67.84,190.04
203.14,163.387,41.351,448.57,0.0,0.0,0.0,67.84,190.04
203.18,163.401,41.364,448.28,0.0,0.0,0.0,67.83,190.05
203.22,163.415,41.377,447.98,0.0,0.0,0.0,67.83,190.05
203.28,163.436,41.396,447.54,0.0,0.0,0.0,67.82,190.05
203.32,163.45,41.409,447.25,0.0,0.0,0.0,67.82,190.06
203.38,163.472,41.429,446.81,0.0,0.0,0.0,67.81,190.06
203.44,163.493,41.448,446.37,0.0,0.0,0.0,67.81,190.06
203.48,163.507,41.461,446.08,0.0,0.0,0.0,67.8,190.07
203.54,163.528,41.48,445.64,0.0,0.0,0.0,67.8,190.07
203.58,163.542,41.493,445.34,0.0,0.0,0.0,67.8,190.07
203.62,163.556,41.506,445.05,0.0,0.0,0.0,67.79,190.08
203.68,163.577,41.525,444.61,0.0,0.0,0.0,67.79,190.08
203.74,163.598,41.544,444.18,0.0,0.0,0.0,67.78,190.08
203.78,163.611,41.557,443.88,0.0,0.0,0.0,67.78,190.09
203.84,163.632,41.577,443.45,0.0,0.0,0.0,67.77,190.09
203.88,163.646,41.59,443.15,0.0,0.0,0.0,67.77,190.09
203.94,163.667,41.609,442.72,0.0,0.0,0.0,67.76,190.1
203.98,163.681,41.622,442.43,0.0,0.0,0.0,67.76,190.1
204.04,163.702,41.641,441.99,0.0,0.0,0.0,67.75,190.11
204.08,163.715,41.654,441.7,0.0,0.0,0.0,67.75,190.11
204.14,163.736,41.673,441.26,0.0,0.0,0.0,67.74,190.11
204.18,163.75,41.686,440.97,0.0,0.0,0.0,67.74,190.12
204.24,163.771,41.706,440.54,0.0,0.0,0.0,67.73,190.12
204.28,163.784,41.719,440.25,0.0,0.0,0.0,67.73,190.12
204.34,163.805,41.738,439.81,0.0,0.0,0.0,67.72,190.13
204.38,163.819,41.751,439.52,0.0,0.0,0.0,67.72,190.13
204.44,163.839,41.77,439.09,0.0,0.0,0.0,67.71,190.13
204.48,163.853,41.783,438.8,0.0,0.0,0.0,67.71,190.14
204.54,163.873,41.802,438.36,0.0,0.0,0.0,67.7,190.14
204.58,163.887,41.815,438.07,0.0,0.0,0.0,67.7,190.14
204.64,163.907,41.835,437.64,0.0,0.0,0.0,67.69,190.15
204.7,163.928,41.854,437.2,0.0,0.0,0.0,67.68,190.15
204.74,163.941,41.867,436.92,0.0,0.0,0.0,67.68,190.15
204.78,163.955,41.88,436.63,0.0,0.0,0.0,67.68,190.16
204.84,163.975,41.899,436.19,0.0,0.0,0.0,67.67,190.16
204.88,163.989,41.912,435.91,0.0,0.0,0.0,67.67,190.16
204.94,164.009,41.932,435.47,0.0,0.0,0.0,67.66,190.17
205.0,164.029,41.951,435.04,0.0,0.0,0.0,67.65,190.17
205.04,164.042,41.964,434.75,0.0,0.0,0.0,67.65,190.17
205.08,164.056,41.977,434.46,0.0,0.0,0.0,67.65,190.18
205.14,164.076,41.996,434.03,0.0,0.0,0.0,67.64,190.18
205.18,164.089,42.009,433.75,0.0,0.0,0.0,67.64,190.18
205.24,164.109,42.028,433.31,0.0,0.0,0.0,67.63,190.19
205.3,164.13,42.048,432.88,0.0,0.0,0.0,67.63,190.19
205.34,164.143,42.061,432.6,0.0,0.0,0.0,67.62,190.19
205.4,164.163,42.08,432.17,0.0,0.0,0.0,67.62,190.2
205.44,164.176,42.093,431.88,0.0,0.0,0.0,67.61,190.2
205.48,164.189,42.106,431.59,0.0,0.0,0.0,67.61,190.2
205.54,164.209,42.126,431.16,0.0,0.0,0.0,67.6,190.21
205.6,164.229,42.145,430.74,0.0,0.0,0.0,67.6,190.21
205.64,164.242,42.158,430.45,0.0,0.0,0.0,67.59,190.22
205.7,164.262,42.177,430.02,0.0,0.0,0.0,67.59,190.22
205.74,164.275,42.19,429.74,0.0,0.0,0.0,67.58,190.22
205.8,164.295,42.21,429.31,0.0,0.0,0.0,67.58,190.23
205.84,164.308,42.223,429.02,0.0,0.0,0.0,67.57,190.23
205.9,164.328,42.242,428.59,0.0,0.0,0.0,67.57,190.23
205.94,164.341,42.255,428.31,0.0,0.0,0.0,67.56,190.24
206.0,164.361,42.274,427.88,0.0,0.0,0.0,67.56,190.24
206.04,164.374,42.287,427.6,0.0,0.0,0.0,67.55,190.24
206.1,164.394,42.307,427.17,0.0,0.0,0.0,67.55,190.25
206.14,164.407,42.32,426.89,0.0,0.0,0.0,67.54,190.25
206.2,164.426,42.339,426.46,0.0,0.0,0.0,67.54,190.25
206.24,164.439,42.352,426.18,0.0,0.0,0.0,67.53,190.26
206.3,164.459,42.372,425.75,0.0,0.0,0.0,67.53,190.26
206.34,164.472,42.385,425.47,0.0,0.0,0.0,67.52,190.26
206.4,164.491,42.404,425.04,0.0,0.0,0.0,67.52,190.27
206.46,164.51,42.424,424.62,0.0,0.0,0.0,67.51,190.27
206.5,164.523,42.437,424.33,0.0,0.0,0.0,67.51,190.27
206.54,164.536,42.449,424.05,0.0,0.0,0.0,67.5,190.28
206.6,164.555,42.469,423.63,0.0,0.0,0.0,67.5,190.28
206.64,164.568,42.482,423.34,0.0,0.0,0.0,67.49,190.28
206.7,164.588,42.501,422.92,0.0,0.0,0.0,67.49,190.29
206.76,164.607,42.521,422.5,0.0,0.0,0.0,67.48,190.29
206.8,164.62,42.534,422.22,0.0,0.0,0.0,67.48,190.29
206.86,164.639,42.553,421.79,0.0,0.0,0.0,67.47,190.3
206.9,164.652,42.566,421.51,0.0,0.0,0.0,67.47,190.3
206.94,164.664,42.579,421.23,0.0,0.0,0.0,67.46,190.3
207.0,164.683,42.599,420.81,0.0,0.0,0.0,67.46,190.31
207.06,164.702,42.618,420.39,0.0,0.0,0.0,67.45,190.31
207.1,164.715,42.631,420.11,0.0,0.0,0.0,67.45,190.31
207.16,164.734,42.651,419.68,0.0,0.0,0.0,67.44,190.32
207.2,164.747,42.664,419.4,0.0,0.0,0.0,67.44,190.32
207.24,164.759,42.677,419.12,0.0,0.0,0.0,67.43,190.32
207.3,164.778,42.696,418.7,0.0,0.0,0.0,67.43,190.33
207.36,164.797,42.716,418.28,0.0,0.0,0.0,67.42,190.33
207.4,164.81,42.729,418.0,0.0,0.0,0.0,67.42,190.33
207.46,164.829,42.748,417.58,0.0,0.0,0.0,67.41,190.34
207.5,164.841,42.761,417.3,0.0,0.0,0.0,67.41,190.34
207.56,164.86,42.781,416.89,0.0,0.0,0.0,67.4,190.34
207.6,164.872,42.794,416.61,0.0,0.0,0.0,67.4,190.35
207.64,164.885,42.807,416.33,0.0,0.0,0.0,67.39,190.35
207.7,164.904,42.826,415.91,0.0,0.0,0.0,67.39,190.35
207.76,164.922,42.846,415.49,0.0,0.0,0.0,67.38,190.36
207.8,164.935,42.859,415.21,0.0,0.0,0.0,67.38,190.36
207.86,164.953,42.878,414.8,0.0,0.0,0.0,67.37,190.36
207.9,164.966,42.891,414.52,0.0,0.0,0.0,67.37,190.37
207.96,164.984,42.911,414.1,0.0,0.0,0.0,67.36,190.37
208.0,164.997,42.924,413.82,0.0,0.0,0.0,67.36,190.37
208.06,165.015,42.944,413.41,0.0,0.0,0.0,67.35,190.38
208.1,165.027,42.957,413.13,0.0,0.0,0.0,67.35,190.38
208.16,165.046,42.976,412.71,0.0,0.0,0.0,67.34,190.38
208.2,165.058,42.989,412.44,0.0,0.0,0.0,67.34,190.39
208.26,165.077,43.009,412.02,0.0,0.0,0.0,67.33,190.39
208.3,165.089,43.022,411.75,0.0,0.0,0.0,67.33,190.39
208.36,165.107,43.041,411.33,0.0,0.0,0.0,67.32,190.4
208.4,165.119,43.054,411.06,0.0,0.0,0.0,67.32,190.4
208.46,165.138,43.074,410.64,0.0,0.0,0.0,67.31,190.4
208.52,165.156,43.093,410.23,0.0,0.0,0.0,67.31,190.41
208.56,165.168,43.106,409.95,0.0,0.0,0.0,67.3,190.41
208.6,165.18,43.119,409.68,0.0,0.0,0.0,67.3,190.41
208.66,165.198,43.139,409.26,0.0,0.0,0.0,67.29,190.42
208.7,165.21,43.152,408.99,0.0,0.0,0.0,67.29,190.42
208.76,165.228,43.172,408.58,0.0,0.0,0.0,67.28,190.42
208.82,165.247,43.191,408.17,0.0,0.0,0.0,67.28,190.43
208.86,165.259,43.204,407.89,0.0,0.0,0.0,67.27,190.43
208.9,165.271,43.217,407.62,0.0,0.0,0.0,67.27,190.43
208.96,165.289,43.237,407.21,0.0,0.0,0.0,67.26,190.44
209.02,165.307,43.256,406.8,0.0,0.0,0.0,67.26,190.44
209.06,165.319,43.27,406.52,0.0,0.0,0.0,67.25,190.44
209.12,165.336,43.289,406.11,0.0,0.0,0.0,67.25,190.45
209.16,165.348,43.302,405.84,0.0,0.0,0.0,67.24,190.45
209.22,165.366,43.322,405.43,0.0,0.0,0.0,67.24,190.45
209.26,165.378,43.335,405.16,0.0,0.0,0.0,67.23,190.46
209.32,165.396,43.354,404.75,0.0,0.0,0.0,67.23,190.46
209.36,165.408,43.368,404.48,0.0,0.0,0.0,67.22,190.46
209.42,165.425,43.387,404.07,0.0,0.0,0.0,67.22,190.47
209.46,165.437,43.4,403.8,0.0,0.0,0.0,67.21,190.47
209.52,165.455,43.42,403.39,0.0,0.0,0.0,67.21,190.47
209.56,165.467,43.433,403.12,0.0,0.0,0.0,67.2,190.48
209.62,165.484,43.452,402.71,0.0,0.0,0.0,67.2,190.48
209.66,165.496,43.466,402.44,0.0,0.0,0.0,67.19,190.48
209.72,165.514,43.485,402.03,0.0,0.0,0.0,67.19,190.49
209.78,165.531,43.505,401.63,0.0,0.0,0.0,67.18,190.49
209.82,165.543,43.518,401.36,0.0,0.0,0.0,67.18,190.49
209.86,165.555,43.531,401.09,0.0,0.0,0.0,67.18,190.5
209.92,165.572,43.551,400.68,0.0,0.0,0.0,67.17,190.5
209.96,165.584,43.564,400.41,0.0,0.0,0.0,67.17,190.5
210.02,165.601,43.583,400.01,0.0,0.0,0.0,67.16,190.51
210.08,165.618,43.603,399.6,0.0,0.0,0.0,67.15,190.51
210.12,165.63,43.616,399.33,0.0,0.0,0.0,67.15,190.51
210.16,165.642,43.629,399.06,0.0,0.0,0.0,67.15,190.52
210.22,165.659,43.649,398.66,0.0,0.0,0.0,67.14,190.52
210.26,165.67,43.662,398.39,0.0,0.0,0.0,67.14,190.52
210.32,165.688,43.681,397.99,0.0,0.0,0.0,67.13,190.53
210.38,165.705,43.701,397.59,0.0,0.0,0.0,67.12,190.53
210.42,165.716,43.714,397.32,0.0,0.0,0.0,67.12,190.53
210.48,165.733,43.734,396.92,0.0,0.0,0.0,67.11,190.54
210.52,165.745,43.747,396.65,0.0,0.0,0.0,67.11,190.54
210.58,165.762,43.767,396.25,0.0,0.0,0.0,67.1,190.54
210.62,165.773,43.78,395.98,0.0,0.0,0.0,67.1,190.55
210.68,165.79,43.799,395.58,0.0,0.0,0.0,67.09,190.55
210.72,165.802,43.812,395.32,0.0,0.0,0.0,67.09,190.55
210.78,165.819,43.832,394.92,0.0,0.0,0.0,67.08,190.56
210.82,165.83,43.845,394.65,0.0,0.0,0.0,67.08,190.56
210.86,165.841,43.858,394.38,0.0,0.0,0.0,67.08,190.56
210.92,165.858,43.878,393.98,0.0,0.0,0.0,67.07,190.57
210.98,165.875,43.898,393.59,0.0,0.0,0.0,67.06,190.57
211.02,165.886,43.911,393.32,0.0,0.0,0.0,67.06,190.57
211.08,165.903,43.93,392.92,0.0,0.0,0.0,67.05,190.58
211.12,165.914,43.944,392.66,0.0,0.0,0.0,67.05,190.58
211.18,165.931,43.963,392.26,0.0,0.0,0.0,67.04,190.58
211.22,165.942,43.976,392.0,0.0,0.0,0.0,67.04,190.59
211.28,165.959,43.996,391.6,0.0,0.0,0.0,67.03,190.59
211.32,165.97,44.009,391.34,0.0,0.0,0.0,67.03,190.59
211.38,165.987,44.029,390.94,0.0,0.0,0.0,67.02,190.6
211.42,165.998,44.042,390.68,0.0,0.0,0.0,67.02,190.6
211.48,166.014,44.062,390.28,0.0,0.0,0.0,67.02,190.6
211.52,166.025,44.075,390.02,0.0,0.0,0.0,67.01,190.61
211.58,166.042,44.095,389.62,0.0,0.0,0.0,67.01,190.61
211.62,166.053,44.108,389.36,0.0,0.0,0.0,67.0,190.61
211.68,166.069,44.127,388.97,0.0,0.0,0.0,67.0,190.62
211.74,166.086,44.147,388.57,0.0,0.0,0.0,66.99,190.62
211.78,166.097,44.16,388.31,0.0,0.0,0.0,66.99,190.62
211.82,166.108,44.173,388.05,0.0,0.0,0.0,66.98,190.62
211.88,166.124,44.193,387.66,0.0,0.0,0.0,66.98,190.63
211.92,166.135,44.206,387.4,0.0,0.0,0.0,66.97,190.63
211.98,166.151,44.226,387.0,0.0,0.0,0.0,66.97,190.63
212.04,166.167,44.246,386.61,0.0,0.0,0.0,66.96,190.64
212.08,166.178,44.259,386.35,0.0,0.0,0.0,66.96,190.64
212.12,166.189,44.272,386.09,0.0,0.0,0.0,66.95,190.64
212.18,166.205,44.292,385.7,0.0,0.0,0.0,66.95,190.65
212.22,166.216,44.305,385.44,0.0,0.0,0.0,66.94,190.65
212.28,166.232,44.325,385.05,0.0,0.0,0.0,66.94,190.65
212.34,166.248,44.344,384.66,0.0,0.0,0.0,66.93,190.66
212.38,166.259,44.357,384.4,0.0,0.0,0.0,66.93,190.66
212.44,166.275,44.377,384.02,0.0,0.0,0.0,66.92,190.66
212.48,166.286,44.39,383.76,0.0,0.0,0.0,66.92,190.67
212.52,166.296,44.403,383.5,0.0,0.0,0.0,66.91,190.67
212.58,166.312,44.423,383.11,0.0,0.0,0.0,66.91,190.67
212.64,166.328,44.443,382.72,0.0,0.0,0.0,66.9,190.68
212.68,166.339,44.456,382.47,0.0,0.0,0.0,66.9,190.68
212.74,166.355,44.476,382.08,0.0,0.0,0.0,66.89,190.68
212.78,166.365,44.489,381.82,0.0,0.0,0.0,66.89,190.69
212.82,166.376,44.502,381.57,0.0,0.0,0.0,66.88,190.69
212.88,166.392,44.522,381.18,0.0,0.0,0.0,66.88,190.69
212.94,166.408,44.542,380.79,0.0,0.0,0.0,66.87,190.7
212.98,166.418,44.555,380.54,0.0,0.0,0.0,66.87,190.7
213.04,166.434,44.575,380.15,0.0,0.0,0.0,66.86,190.7
213.08,166.444,44.588,379.9,0.0,0.0,0.0,66.86,190.71
213.14,166.46,44.608,379.51,0.0,0.0,0.0,66.85,190.71
213.18,166.47,44.621,379.26,0.0,0.0,0.0,66.85,190.71
213.24,166.486,44.641,378.88,0.0,0.0,0.0,66.84,190.72
213.28,166.496,44.654,378.62,0.0,0.0,0.0,66.84,190.72
213.34,166.512,44.674,378.24,0.0,0.0,0.0,66.83,190.72
213.38,166.522,44.687,377.99,0.0,0.0,0.0,66.83,190.72
213.44,166.538,44.706,377.6,0.0,0.0,0.0,66.82,190.73
213.5,166.553,44.726,377.22,0.0,0.0,0.0,66.82,190.73
213.54,166.563,44.739,376.97,0.0,0.0,0.0,66.81,190.73
213.58,166.574,44.753,376.72,0.0,0.0,0.0,66.81,190.74
213.64,166.589,44.772,376.34,0.0,0.0,0.0,66.8,190.74
213.68,166.599,44.786,376.08,0.0,0.0,0.0,66.8,190.74
213.74,166.615,44.805,375.7,0.0,0.0,0.0,66.79,190.75
213.8,166.63,44.825,375.33,0.0,0.0,0.0,66.79,190.75
213.84,166.64,44.838,375.07,0.0,0.0,0.0,66.78,190.75
213.9,166.655,44.858,374.7,0.0,0.0,0.0,66.78,190.76
213.94,166.666,44.871,374.44,0.0,0.0,0.0,66.77,190.76
213.98,166.676,44.885,374.19,0.0,0.0,0.0,66.77,190.76
214.04,166.691,44.904,373.82,0.0,0.0,0.0,66.76,190.77
214.1,166.706,44.924,373.44,0.0,0.0,0.0,66.76,190.77
214.14,166.716,44.937,373.19,0.0,0.0,0.0,66.75,190.77
214.2,166.731,44.957,372.81,0.0,0.0,0.0,66.75,190.78
214.24,166.741,44.97,372.56,0.0,0.0,0.0,66.74,190.78
214.28,166.751,44.984,372.31,0.0,0.0,0.0,66.74,190.78
214.34,166.766,45.003,371.94,0.0,0.0,0.0,66.73,190.79
214.4,166.781,45.023,371.56,0.0,0.0,0.0,66.73,190.79
214.44,166.791,45.036,371.31,0.0,0.0,0.0,66.72,190.79
214.5,166.806,45.056,370.94,0.0,0.0,0.0,66.72,190.8
214.54,166.816,45.07,370.69,0.0,0.0,0.0,66.71,190.8
214.6,166.831,45.089,370.32,0.0,0.0,0.0,66.71,190.8
214.64,166.841,45.103,370.07,0.0,0.0,0.0,66.7,190.8
214.7,166.855,45.122,369.7,0.0,0.0,0.0,66.7,190.81
214.74,166.865,45.136,369.45,0.0,0.0,0.0,66.69,190.81
214.8,166.88,45.155,369.08,0.0,0.0,0.0,66.69,190.81
214.84,166.89,45.169,368.84,0.0,0.0,0.0,66.68,190.82
214.9,166.904,45.189,368.47,0.0,0.0,0.0,66.68,190.82
214.94,166.914,45.202,368.22,0.0,0.0,0.0,66.67,190.82
215.0,166.929,45.222,367.85,0.0,0.0,0.0,66.67,190.83
215.06,166.943,45.241,367.48,0.0,0.0,0.0,66.66,190.83
215.1,166.953,45.255,367.23,0.0,0.0,0.0,66.66,190.83
215.14,166.963,45.268,366.99,0.0,0.0,0.0,66.65,190.84
215.2,166.977,45.288,366.62,0.0,0.0,0.0,66.65,190.84
215.24,166.987,45.301,366.38,0.0,0.0,0.0,66.64,190.84
215.3,167.001,45.321,366.01,0.0,0.0,0.0,66.64,190.85
215.36,167.016,45.341,365.64,0.0,0.0,0.0,66.63,190.85
215.4,167.025,45.354,365.4,0.0,0.0,0.0,66.63,190.85
215.44,167.035,45.367,365.16,0.0,0.0,0.0,66.62,190.85
215.5,167.049,45.387,364.79,0.0,0.0,0.0,66.62,190.86
215.54,167.059,45.4,364.55,0.0,0.0,0.0,66.61,190.86
215.6,167.073,45.42,364.18,0.0,0.0,0.0,66.61,190.86
215.66,167.088,45.44,363.82,0.0,0.0,0.0,66.6,190.87
215.7,167.097,45.453,363.58,0.0,0.0,0.0,66.6,190.87
215.76,167.111,45.473,363.21,0.0,0.0,0.0,66.59,190.87
215.8,167.121,45.486,362.97,0.0,0.0,0.0,66.59,190.88
215.84,167.13,45.5,362.73,0.0,0.0,0.0,66.58,190.88
215.9,167.144,45.52,362.37,0.0,0.0,0.0,66.58,190.88
215.96,167.158,45.539,362.01,0.0,0.0,0.0,66.57,190.89
216.0,167.168,45.553,361.77,0.0,0.0,0.0,66.57,190.89
216.06,167.182,45.573,361.4,0.0,0.0,0.0,66.56,190.89
216.1,167.191,45.586,361.16,0.0,0.0,0.0,66.56,190.9
216.16,167.205,45.606,360.8,0.0,0.0,0.0,66.55,190.9
216.2,167.214,45.619,360.57,0.0,0.0,0.0,66.55,190.9
216.26,167.228,45.639,360.21,0.0,0.0,0.0,66.54,190.91
216.3,167.237,45.652,359.97,0.0,0.0,0.0,66.54,190.91
216.36,167.251,45.672,359.61,0.0,0.0,0.0,66.53,190.91
216.42,167.265,45.692,359.25,0.0,0.0,0.0,66.53,190.92
216.46,167.274,45.705,359.01,0.0,0.0,0.0,66.52,190.92
216.5,167.284,45.718,358.78,0.0,0.0,0.0,66.52,190.92
216.56,167.297,45.738,358.42,0.0,0.0,0.0,66.51,190.92
216.6,167.306,45.752,358.18,0.0,0.0,0.0,66.51,190.93
216.66,167.32,45.772,357.83,0.0,0.0,0.0,66.5,190.93
216.72,167.334,45.791,357.47,0.0,0.0,0.0,66.5,190.93
216.76,167.343,45.805,357.23,0.0,0.0,0.0,66.49,190.94
216.8,167.352,45.818,357.0,0.0,0.0,0.0,66.49,190.94
216.86,167.366,45.838,356.64,0.0,0.0,0.0,66.48,190.94
216.9,167.375,45.851,356.41,0.0,0.0,0.0,66.48,190.95
216.96,167.388,45.871,356.06,0.0,0.0,0.0,66.47,190.95
217.02,167.402,45.891,355.7,0.0,0.0,0.0,66.47,190.95
217.06,167.411,45.904,355.47,0.0,0.0,0.0,66.46,190.95
217.1,167.42,45.918,355.23,0.0,0.0,0.0,66.46,190.96
217.16,167.433,45.938,354.88,0.0,0.0,0.0,66.45,190.96
217.2,167.442,45.951,354.65,0.0,0.0,0.0,66.45,190.96
217.26,167.455,45.971,354.3,0.0,0.0,0.0,66.44,190.97
217.32,167.469,45.991,353.95,0.0,0.0,0.0,66.44,190.97
217.36,167.478,46.004,353.72,0.0,0.0,0.0,66.43,190.97
217.42,167.491,46.024,353.37,0.0,0.0,0.0,66.43,190.98
217.46,167.5,46.037,353.14,0.0,0.0,0.0,66.42,190.98
217.5,167.508,46.051,352.9,0.0,0.0,0.0,66.42,190.98
217.56,167.522,46.071,352.56,0.0,0.0,0.0,66.41,190.99
217.62,167.535,46.09,352.21,0.0,0.0,0.0,66.41,190.99
217.66,167.544,46.104,351.98,0.0,0.0,0.0,66.4,190.99
217.72,167.557,46.124,351.63,0.0,0.0,0.0,66.4,191.0
217.76,167.565,46.137,351.4,0.0,0.0,0.0,66.39,191.0
217.82,167.578,46.157,351.06,0.0,0.0,0.0,66.39,191.0
217.86,167.587,46.17,350.83,0.0,0.0,0.0,66.38,191.0
217.92,167.6,46.19,350.48,0.0,0.0,0.0,66.38,191.01
217.96,167.609,46.204,350.25,0.0,0.0,0.0,66.37,191.01
218.02,167.622,46.224,349.91,0.0,0.0,0.0,66.37,191.01
218.08,167.635,46.243,349.57,0.0,0.0,0.0,66.36,191.02
218.12,167.643,46.257,349.34,0.0,0.0,0.0,66.36,191.02
218.16,167.652,46.27,349.11,0.0,0.0,0.0,66.35,191.02
218.22,167.665,46.29,348.77,0.0,0.0,0.0,66.35,191.03
218.28,167.677,46.31,348.43,0.0,0.0,0.0,66.34,191.03
218.32,167.686,46.323,348.2,0.0,0.0,0.0,66.34,191.03
218.36,167.694,46.337,347.97,0.0,0.0,0.0,66.33,191.03
218.42,167.707,46.357,347.64,0.0,0.0,0.0,66.33,191.04
218.46,167.716,46.37,347.41,0.0,0.0,0.0,66.32,191.04
218.52,167.728,46.39,347.07,0.0,0.0,0.0,66.32,191.04
218.58,167.741,46.41,346.73,0.0,0.0,0.0,66.31,191.05
218.62,167.749,46.423,346.51,0.0,0.0,0.0,66.31,191.05
218.66,167.758,46.437,346.28,0.0,0.0,0.0,66.3,191.05
218.72,167.77,46.457,345.95,0.0,0.0,0.0,66.3,191.06
218.76,167.779,46.47,345.72,0.0,0.0,0.0,66.29,191.06
218.82,167.791,46.49,345.39,0.0,0.0,0.0,66.29,191.06
218.88,167.803,46.51,345.05,0.0,0.0,0.0,66.28,191.07
218.92,167.812,46.523,344.83,0.0,0.0,0.0,66.28,191.07
218.98,167.824,46.543,344.49,0.0,0.0,0.0,66.27,191.07
219.02,167.832,46.557,344.27,0.0,0.0,0.0,66.27,191.07
219.08,167.845,46.577,343.94,0.0,0.0,0.0,66.26,191.08
219.12,167.853,46.59,343.72,0.0,0.0,0.0,66.26,191.08
219.18,167.865,46.61,343.38,0.0,0.0,0.0,66.25,191.08
219.22,167.873,46.623,343.16,0.0,0.0,0.0,66.25,191.09
219.28,167.886,46.643,342.83,0.0,0.0,0.0,66.24,191.09
219.32,167.894,46.657,342.61,0.0,0.0,0.0,66.24,191.09
219.38,167.906,46.677,342.28,0.0,0.0,0.0,66.23,191.1
219.42,167.914,46.69,342.06,0.0,0.0,0.0,66.23,191.1
219.48,167.926,46.71,341.73,0.0,0.0,0.0,66.22,191.1
219.52,167.934,46.723,341.51,0.0,0.0,0.0,66.22,191.11
219.58,167.946,46.743,341.18,0.0,0.0,0.0,66.21,191.11
219.62,167.954,46.757,340.96,0.0,0.0,0.0,66.21,191.11
219.68,167.966,46.777,340.64,0.0,0.0,0.0,66.2,191.11
219.74,167.978,46.797,340.31,0.0,0.0,0.0,66.2,191.12
219.78,167.986,46.81,340.09,0.0,0.0,0.0,66.19,191.12
219.82,167.994,46.823,339.87,0.0,0.0,0.0,66.19,191.12
219.88,168.006,46.844,339.55,0.0,0.0,0.0,66.18,191.13
219.92,168.014,46.857,339.33,0.0,0.0,0.0,66.18,191.13
219.98,168.026,46.877,339.01,0.0,0.0,0.0,66.17,191.13
220.04,168.038,46.897,338.68,0.0,0.0,0.0,66.17,191.14
220.08,168.046,46.91,338.47,0.0,0.0,0.0,66.16,191.14
220.12,168.053,46.924,338.25,0.0,0.0,0.0,66.16,191.14
220.18,168.065,46.944,337.93,0.0,0.0,0.0,66.15,191.14
220.22,168.073,46.957,337.72,0.0,0.0,0.0,66.15,191.15
220.28,168.085,46.977,337.4,0.0,0.0,0.0,66.14,191.15
220.34,168.096,46.997,337.08,0.0,0.0,0.0,66.14,191.15
220.38,168.104,47.011,336.86,0.0,0.0,0.0,66.13,191.16
220.42,168.112,47.024,336.65,0.0,0.0,0.0,66.13,191.16
220.48,168.123,47.044,336.33,0.0,0.0,0.0,66.12,191.16
220.54,168.135,47.064,336.01,0.0,0.0,0.0,66.12,191.17
220.58,168.143,47.077,335.8,0.0,0.0,0.0,66.11,191.17
220.64,168.154,47.097,335.48,0.0,0.0,0.0,66.11,191.17
220.68,168.162,47.111,335.27,0.0,0.0,0.0,66.1,191.17
220.72,168.169,47.124,335.06,0.0,0.0,0.0,66.1,191.18
220.78,168.181,47.144,334.74,0.0,0.0,0.0,66.09,191.18
220.84,168.192,47.164,334.43,0.0,0.0,0.0,66.09,191.18
220.88,168.2,47.178,334.22,0.0,0.0,0.0,66.08,191.19
220.94,168.211,47.198,333.9,0.0,0.0,0.0,66.08,191.19
220.98,168.218,47.211,333.69,0.0,0.0,0.0,66.07,191.19
221.04,168.23,47.231,333.38,0.0,0.0,0.0,66.07,191.2
221.08,168.237,47.245,333.17,0.0,0.0,0.0,66.06,191.2
221.14,168.248,47.265,332.86,0.0,0.0,0.0,66.06,191.2
221.18,168.256,47.278,332.65,0.0,0.0,0.0,66.05,191.2
221.24,168.267,47.298,332.34,0.0,0.0,0.0,66.05,191.21
221.28,168.274,47.312,332.13,0.0,0.0,0.0,66.05,191.21
221.34,168.285,47.332,331.82,0.0,0.0,0.0,66.04,191.21
221.38,168.293,47.345,331.62,0.0,0.0,0.0,66.04,191.22
221.44,168.304,47.365,331.31,0.0,0.0,0.0,66.03,191.22
221.48,168.311,47.379,331.1,0.0,0.0,0.0,66.03,191.22
221.54,168.322,47.399,330.8,0.0,0.0,0.0,66.02,191.23
221.58,168.329,47.412,330.59,0.0,0.0,0.0,66.02,191.23
221.64,168.34,47.432,330.28,0.0,0.0,0.0,66.01,191.23
221.7,168.351,47.452,329.98,0.0,0.0,0.0,66.0,191.24
221.74,168.359,47.466,329.77,0.0,0.0,0.0,66.0,191.24
221.78,168.366,47.479,329.57,0.0,0.0,0.0,66.0,191.24
221.84,168.377,47.499,329.27,0.0,0.0,0.0,65.99,191.24
221.88,168.384,47.513,329.06,0.0,0.0,0.0,65.99,191.25
221.94,168.394,47.533,328.76,0.0,0.0,0.0,65.98,191.25
222.0,168.405,47.553,328.46,0.0,0.0,0.0,65.97,191.25
222.04,168.412,47.566,328.26,0.0,0.0,0.0,65.97,191.26
222.1,168.423,47.586,327.95,0.0,0.0,0.0,65.96,191.26
222.14,168.43,47.6,327.75,0.0,0.0,0.0,65.96,191.26
222.18,168.437,47.613,327.55,0.0,0.0,0.0,65.96,191.26
222.24,168.448,47.633,327.25,0.0,0.0,0.0,65.95,191.27
222.3,168.458,47.653,326.95,0.0,0.0,0.0,65.94,191.27
222.34,168.465,47.667,326.75,0.0,0.0,0.0,65.94,191.27
222.4,168.476,47.687,326.46,0.0,0.0,0.0,65.93,191.28
222.44,168.483,47.7,326.26,0.0,0.0,0.0,65.93,191.28
222.5,168.493,47.72,325.96,0.0,0.0,0.0,65.92,191.28
222.54,168.5,47.734,325.76,0.0,0.0,0.0,65.92,191.29
222.6,168.511,47.754,325.47,0.0,0.0,0.0,65.91,191.29
222.64,168.517,47.767,325.27,0.0,0.0,0.0,65.91,191.29
222.7,168.528,47.788,324.97,0.0,0.0,0.0,65.9,191.29
222.74,168.535,47.801,324.78,0.0,0.0,0.0,65.9,191.3
222.8,168.545,47.821,324.48,0.0,0.0,0.0,65.89,191.3
222.84,168.552,47.835,324.29,0.0,0.0,0.0,65.89,191.3
222.9,168.562,47.855,324.0,0.0,0.0,0.0,65.88,191.31
222.94,168.569,47.868,323.8,0.0,0.0,0.0,65.88,191.31
223.0,168.579,47.888,323.51,0.0,0.0,0.0,65.87,191.31
223.04,168.586,47.902,323.32,0.0,0.0,0.0,65.87,191.31
223.1,168.596,47.922,323.03,0.0,0.0,0.0,65.86,191.32
223.14,168.603,47.935,322.83,0.0,0.0,0.0,65.86,191.32
223.2,168.613,47.955,322.54,0.0,0.0,0.0,65.85,191.32
223.24,168.619,47.969,322.35,0.0,0.0,0.0,65.85,191.33
223.3,168.629,47.989,322.06,0.0,0.0,0.0,65.84,191.33
223.34,168.636,48.002,321.87,0.0,0.0,0.0,65.84,191.33
223.4,168.646,48.023,321.59,0.0,0.0,0.0,65.83,191.34
223.46,168.656,48.043,321.3,0.0,0.0,0.0,65.83,191.34
223.5,168.662,48.056,321.11,0.0,0.0,0.0,65.82,191.34
223.54,168.669,48.07,320.92,0.0,0.0,0.0,65.82,191.34
223.6,168.679,48.09,320.64,0.0,0.0,0.0,65.82,191.35
223.64,168.685,48.103,320.45,0.0,0.0,0.0,65.81,191.35
223.7,168.695,48.123,320.16,0.0,0.0,0.0,65.81,191.35
223.76,168.705,48.144,319.88,0.0,0.0,0.0,65.8,191.36
223.8,168.711,48.157,319.69,0.0,0.0,0.0,65.8,191.36
223.86,168.721,48.177,319.41,0.0,0.0,0.0,65.79,191.36
223.9,168.727,48.191,319.22,0.0,0.0,0.0,65.79,191.36
223.94,168.734,48.204,319.04,0.0,0.0,0.0,65.78,191.37
224.0,168.743,48.224,318.76,0.0,0.0,0.0,65.78,191.37
224.06,168.753,48.245,318.48,0.0,0.0,0.0,65.77,191.37
224.1,168.759,48.258,318.29,0.0,0.0,0.0,65.77,191.38
224.14,168.766,48.271,318.11,0.0,0.0,0.0,65.76,191.38
224.2,168.775,48.292,317.83,0.0,0.0,0.0,65.76,191.38
224.26,168.785,48.312,317.56,0.0,0.0,0.0,65.75,191.39
224.3,168.791,48.325,317.37,0.0,0.0,0.0,65.75,191.39
224.36,168.8,48.345,317.1,0.0,0.0,0.0,65.74,191.39
224.4,168.807,48.359,316.91,0.0,0.0,0.0,65.74,191.39
224.44,168.813,48.372,316.73,0.0,0.0,0.0,65.73,191.4
224.5,168.822,48.393,316.46,0.0,0.0,0.0,65.73,191.4
224.56,168.831,48.413,316.19,0.0,0.0,0.0,65.72,191.4
224.6,168.838,48.426,316.01,0.0,0.0,0.0,65.72,191.41
224.66,168.847,48.446,315.73,0.0,0.0,0.0,65.71,191.41
224.7,168.853,48.46,315.55,0.0,0.0,0.0,65.71,191.41
224.76,168.862,48.48,315.28,0.0,0.0,0.0,65.7,191.41
224.82,168.871,48.5,315.01,0.0,0.0,0.0,65.69,191.42
224.86,168.877,48.514,314.84,0.0,0.0,0.0,65.69,191.42
224.9,168.883,48.527,314.66,0.0,0.0,0.0,65.69,191.42
224.96,168.892,48.547,314.39,0.0,0.0,0.0,65.68,191.43
225.0,168.898,48.561,314.21,0.0,0.0,0.0,65.68,191.43
225.06,168.907,48.581,313.94,0.0,0.0,0.0,65.67,191.43
225.12,168.916,48.601,313.68,0.0,0.0,0.0,65.66,191.44
225.16,168.922,48.615,313.5,0.0,0.0,0.0,65.66,191.44
225.2,168.928,48.628,313.33,0.0,0.0,0.0,65.66,191.44
225.26,168.937,48.649,313.06,0.0,0.0,0.0,65.65,191.44
225.3,168.943,48.662,312.89,0.0,0.0,0.0,65.65,191.45
225.36,168.952,48.682,312.63,0.0,0.0,0.0,65.64,191.45
225.42,168.961,48.703,312.36,0.0,0.0,0.0,65.63,191.45
225.46,168.967,48.716,312.19,0.0,0.0,0.0,65.63,191.46
225.5,168.973,48.729,312.02,0.0,0.0,0.0,65.63,191.46
225.56,168.981,48.75,311.76,0.0,0.0,0.0,65.62,191.46
225.6,168.987,48.763,311.58,0.0,0.0,0.0,65.62,191.46
225.66,168.996,48.783,311.33,0.0,0.0,0.0,65.61,191.47
225.72,169.004,48.804,311.07,0.0,0.0,0.0,65.6,191.47
225.76,169.01,48.817,310.9,0.0,0.0,0.0,65.6,191.47
225.82,169.019,48.837,310.64,0.0,0.0,0.0,65.59,191.48
225.86,169.024,48.851,310.47,0.0,0.0,0.0,65.59,191.48
225.9,169.03,48.864,310.3,0.0,0.0,0.0,65.59,191.48
225.96,169.039,48.885,310.05,0.0,0.0,0.0,65.58,191.48
226.02,169.047,48.905,309.79,0.0,0.0,0.0,65.58,191.49
226.06,169.053,48.918,309.62,0.0,0.0,0.0,65.57,191.49
226.12,169.061,48.939,309.37,0.0,0.0,0.0,65.57,191.49
226.16,169.067,48.952,309.2,0.0,0.0,0.0,65.56,191.5
226.2,169.072,48.966,309.04,0.0,0.0,0.0,65.56,191.5
226.26,169.081,48.986,308.79,0.0,0.0,0.0,65.55,191.5
226.32,169.089,49.006,308.54,0.0,0.0,0.0,65.55,191.5
226.36,169.094,49.02,308.37,0.0,0.0,0.0,65.54,191.51
226.42,169.103,49.04,308.12,0.0,0.0,0.0,65.54,191.51
226.46,169.108,49.053,307.96,0.0,0.0,0.0,65.53,191.51
226.52,169.116,49.074,307.71,0.0,0.0,0.0,65.53,191.52
226.56,169.122,49.087,307.55,0.0,0.0,0.0,65.52,191.52
226.62,169.13,49.107,307.3,0.0,0.0,0.0,65.52,191.52
226.66,169.135,49.121,307.14,0.0,0.0,0.0,65.51,191.52
226.72,169.144,49.141,306.89,0.0,0.0,0.0,65.51,191.53
226.76,169.149,49.155,306.73,0.0,0.0,0.0,65.5,191.53
226.82,169.157,49.175,306.49,0.0,0.0,0.0,65.5,191.53
226.86,169.162,49.189,306.33,0.0,0.0,0.0,65.49,191.54
226.92,169.17,49.209,306.08,0.0,0.0,0.0,65.49,191.54
226.96,169.176,49.222,305.92,0.0,0.0,0.0,65.48,191.54
227.02,169.183,49.243,305.68,0.0,0.0,0.0,65.48,191.54
227.06,169.189,49.256,305.52,0.0,0.0,0.0,65.47,191.55
227.12,169.197,49.276,305.28,0.0,0.0,0.0,65.47,191.55
227.18,169.204,49.297,305.05,0.0,0.0,0.0,65.46,191.55
227.22,169.21,49.31,304.89,0.0,0.0,0.0,65.46,191.56
227.28,169.217,49.331,304.65,0.0,0.0,0.0,65.45,191.56
227.32,169.223,49.344,304.5,0.0,0.0,0.0,65.45,191.56
227.36,169.228,49.358,304.34,0.0,0.0,0.0,65.44,191.56
227.42,169.235,49.378,304.1,0.0,0.0,0.0,65.44,191.57
227.46,169.24,49.391,303.95,0.0,0.0,0.0,65.43,191.57
227.52,169.248,49.412,303.72,0.0,0.0,0.0,65.43,191.57
227.58,169.256,49.432,303.48,0.0,0.0,0.0,65.42,191.58
227.62,169.261,49.446,303.33,0.0,0.0,0.0,65.42,191.58
227.66,169.266,49.459,303.17,0.0,0.0,0.0,65.41,191.58
227.72,169.273,49.479,302.94,0.0,0.0,0.0,65.41,191.58
227.78,169.281,49.5,302.71,0.0,0.0,0.0,65.4,191.59
227.82,169.286,49.513,302.56,0.0,0.0,0.0,65.4,191.59
227.88,169.293,49.534,302.33,0.0,0.0,0.0,65.39,191.59
227.92,169.298,49.547,302.18,0.0,0.0,0.0,65.39,191.6
227.98,169.306,49.567,301.96,0.0,0.0,0.0,65.38,191.6
228.02,169.31,49.581,301.81,0.0,0.0,0.0,65.38,191.6
228.08,169.318,49.601,301.58,0.0,0.0,0.0,65.37,191.6
228.12,169.323,49.615,301.43,0.0,0.0,0.0,65.37,191.61
228.18,169.33,49.635,301.21,0.0,0.0,0.0,65.36,191.61
228.22,169.335,49.649,301.06,0.0,0.0,0.0,65.36,191.61
228.28,169.342,49.669,300.84,0.0,0.0,0.0,65.35,191.62
228.32,169.347,49.683,300.69,0.0,0.0,0.0,65.35,191.62
228.38,169.354,49.703,300.47,0.0,0.0,0.0,65.34,191.62
228.42,169.359,49.716,300.32,0.0,0.0,0.0,65.34,191.62
228.48,169.366,49.737,300.1,0.0,0.0,0.0,65.33,191.63
228.52,169.371,49.75,299.96,0.0,0.0,0.0,65.33,191.63
228.58,169.378,49.771,299.74,0.0,0.0,0.0,65.32,191.63
228.64,169.385,49.791,299.52,0.0,0.0,0.0,65.31,191.64
228.68,169.389,49.804,299.38,0.0,0.0,0.0,65.31,191.64
228.72,169.394,49.818,299.23,0.0,0.0,0.0,65.31,191.64
228.78,169.401,49.838,299.02,0.0,0.0,0.0,65.3,191.64
228.84,169.408,49.859,298.8,0.0,0.0,0.0,65.3,191.65
228.88,169.412,49.872,298.66,0.0,0.0,0.0,65.29,191.65
228.92,169.417,49.886,298.52,0.0,0.0,0.0,65.29,191.65
228.98,169.424,49.906,298.31,0.0,0.0,0.0,65.28,191.65
229.04,169.43,49.927,298.1,0.0,0.0,0.0,65.28,191.66
229.08,169.435,49.94,297.96,0.0,0.0,0.0,65.27,191.66
229.12,169.439,49.954,297.82,0.0,0.0,0.0,65.27,191.66
229.18,169.446,49.974,297.61,0.0,0.0,0.0,65.26,191.67
229.24,169.453,49.994,297.4,0.0,0.0,0.0,65.26,191.67
229.28,169.457,50.008,297.26,0.0,0.0,0.0,65.25,191.67
229.34,169.464,50.028,297.06,0.0,0.0,0.0,65.25,191.67
229.38,169.468,50.042,296.92,0.0,0.0,0.0,65.24,191.68
229.44,169.475,50.062,296.71,0.0,0.0,0.0,65.24,191.68
229.48,169.479,50.076,296.58,0.0,0.0,0.0,65.23,191.68
229.54,169.486,50.096,296.37,0.0,0.0,0.0,65.23,191.69
229.58,169.49,50.11,296.24,0.0,0.0,0.0,65.22,191.69
229.64,169.497,50.13,296.04,0.0,0.0,0.0,65.22,191.69
229.68,169.501,50.144,295.9,0.0,0.0,0.0,65.21,191.69
229.74,169.507,50.164,295.7,0.0,0.0,0.0,65.21,191.7
229.78,169.511,50.178,295.57,0.0,0.0,0.0,65.2,191.7
229.84,169.518,50.198,295.37,0.0,0.0,0.0,65.2,191.7
229.88,169.522,50.212,295.24,0.0,0.0,0.0,65.19,191.7
229.94,169.528,50.232,295.04,0.0,0.0,0.0,65.19,191.71
229.98,169.533,50.245,294.91,0.0,0.0,0.0,65.18,191.71
230.04,169.539,50.266,294.71,0.0,0.0,0.0,65.18,191.71
230.08,169.543,50.279,294.58,0.0,0.0,0.0,65.17,191.72
230.14,169.549,50.3,294.39,0.0,0.0,0.0,65.17,191.72
230.18,169.553,50.313,294.26,0.0,0.0,0.0,65.16,191.72
230.24,169.559,50.334,294.07,0.0,0.0,0.0,65.16,191.72
230.28,169.563,50.347,293.94,0.0,0.0,0.0,65.15,191.73
230.34,169.569,50.368,293.75,0.0,0.0,0.0,65.15,191.73
230.4,169.575,50.388,293.56,0.0,0.0,0.0,65.14,191.73
230.44,169.579,50.402,293.43,0.0,0.0,0.0,65.14,191.74
230.5,169.585,50.422,293.24,0.0,0.0,0.0,65.13,191.74
230.54,169.589,50.436,293.12,0.0,0.0,0.0,65.13,191.74
230.58,169.593,50.449,292.99,0.0,0.0,0.0,65.12,191.74
230.64,169.599,50.47,292.81,0.0,0.0,0.0,65.12,191.75
230.7,169.605,50.49,292.62,0.0,0.0,0.0,65.11,191.75
230.74,169.609,50.504,292.5,0.0,0.0,0.0,65.11,191.75
230.8,169.615,50.524,292.31,0.0,0.0,0.0,65.1,191.76
230.84,169.619,50.538,292.19,0.0,0.0,0.0,65.1,191.76
230.88,169.623,50.551,292.07,0.0,0.0,0.0,65.09,191.76
230.94,169.628,50.572,291.89,0.0,0.0,0.0,65.09,191.76
231.0,169.634,50.592,291.71,0.0,0.0,0.0,65.08,191.77
231.04,169.638,50.606,291.59,0.0,0.0,0.0,65.08,191.77
231.1,169.643,50.626,291.41,0.0,0.0,0.0,65.07,191.77
231.14,169.647,50.64,291.29,0.0,0.0,0.0,65.07,191.77
231.2,169.653,50.66,291.11,0.0,0.0,0.0,65.06,191.78
231.24,169.656,50.674,290.99,0.0,0.0,0.0,65.06,191.78
231.3,169.662,50.694,290.82,0.0,0.0,0.0,65.05,191.78
231.34,169.666,50.708,290.7,0.0,0.0,0.0,65.05,191.79
231.4,169.671,50.728,290.53,0.0,0.0,0.0,65.04,191.79
231.44,169.675,50.742,290.41,0.0,0.0,0.0,65.04,191.79
231.5,169.68,50.762,290.24,0.0,0.0,0.0,65.03,191.79
231.54,169.684,50.776,290.12,0.0,0.0,0.0,65.03,191.8
231.6,169.689,50.796,289.95,0.0,0.0,0.0,65.02,191.8
231.64,169.693,50.81,289.84,0.0,0.0,0.0,65.02,191.8
231.7,169.698,50.83,289.67,0.0,0.0,0.0,65.01,191.81
231.74,169.701,50.844,289.56,0.0,0.0,0.0,65.01,191.81
231.8,169.707,50.864,289.39,0.0,0.0,0.0,65.0,191.81
231.86,169.712,50.885,289.22,0.0,0.0,0.0,65.0,191.81
231.9,169.715,50.898,289.11,0.0,0.0,0.0,64.99,191.82
231.94,169.719,50.912,289.0,0.0,0.0,0.0,64.99,191.82
232.0,169.724,50.932,288.84,0.0,0.0,0.0,64.98,191.82
232.06,169.729,50.953,288.67,0.0,0.0,0.0,64.98,191.82
232.1,169.732,50.966,288.57,0.0,0.0,0.0,64.97,191.83
232.14,169.736,50.98,288.46,0.0,0.0,0.0,64.97,191.83
232.2,169.741,51.0,288.3,0.0,0.0,0.0,64.96,191.83
232.26,169.746,51.021,288.14,0.0,0.0,0.0,64.96,191.84
232.3,169.749,51.035,288.03,0.0,0.0,0.0,64.95,191.84
232.34,169.752,51.048,287.92,0.0,0.0,0.0,64.95,191.84
232.4,169.757,51.069,287.77,0.0,0.0,0.0,64.94,191.84
232.44,169.761,51.082,287.66,0.0,0.0,0.0,64.94,191.85
232.5,169.766,51.103,287.5,0.0,0.0,0.0,64.93,191.85
232.56,169.77,51.123,287.35,0.0,0.0,0.0,64.93,191.85
232.6,169.774,51.137,287.25,0.0,0.0,0.0,64.92,191.85
232.66,169.778,51.157,287.09,0.0,0.0,0.0,64.92,191.86
232.7,169.781,51.171,286.99,0.0,0.0,0.0,64.91,191.86
232.74,169.785,51.184,286.89,0.0,0.0,0.0,64.91,191.86
232.8,169.789,51.205,286.74,0.0,0.0,0.0,64.9,191.87
232.84,169.792,51.219,286.64,0.0,0.0,0.0,64.9,191.87
232.9,169.797,51.239,286.49,0.0,0.0,0.0,64.89,191.87
232.94,169.8,51.253,286.39,0.0,0.0,0.0,64.89,191.87
233.0,169.805,51.273,286.24,0.0,0.0,0.0,64.88,191.88
233.06,169.809,51.294,286.09,0.0,0.0,0.0,64.88,191.88
233.1,169.812,51.307,286.0,0.0,0.0,0.0,64.87,191.88
234.0,169.876,51.614,283.92,0.0,0.0,0.0,64.78,191.93
234.04,169.879,51.628,283.84,0.0,0.0,0.0,64.78,191.93
234.08,169.882,51.642,283.75,0.0,0.0,0.0,64.77,191.93
234.14,169.885,51.662,283.62,0.0,0.0,0.0,64.77,191.94
234.2,169.889,51.683,283.49,0.0,0.0,0.0,64.76,191.94
234.24,169.892,51.696,283.41,0.0,0.0,0.0,64.76,191.94
234.3,169.896,51.717,283.28,0.0,0.0,0.0,64.75,191.95
234.34,169.898,51.731,283.2,0.0,0.0,0.0,64.75,191.95
234.38,169.901,51.744,283.12,0.0,0.0,0.0,64.74,191.95
234.44,169.905,51.765,283.0,0.0,0.0,0.0,64.74,191.95
234.5,169.908,51.785,282.87,0.0,0.0,0.0,64.73,191.96
234.54,169.911,51.799,282.79,0.0,0.0,0.0,64.73,191.96
234.6,169.915,51.819,282.67,0.0,0.0,0.0,64.72,191.96
234.64,169.917,51.833,282.59,0.0,0.0,0.0,64.72,191.96
234.68,169.919,51.847,282.51,0.0,0.0,0.0,64.71,191.97
234.74,169.923,51.867,282.39,0.0,0.0,0.0,64.71,191.97
234.8,169.927,51.888,282.28,0.0,0.0,0.0,64.7,191.97
234.84,169.929,51.901,282.2,0.0,0.0,0.0,64.7,191.97
234.9,169.933,51.922,282.08,0.0,0.0,0.0,64.69,191.98
234.94,169.935,51.936,282.01,0.0,0.0,0.0,64.69,191.98
235.0,169.938,51.956,281.9,0.0,0.0,0.0,64.68,191.98
235.04,169.941,51.97,281.82,0.0,0.0,0.0,64.68,191.99
235.1,169.944,51.99,281.71,0.0,0.0,0.0,64.67,191.99
235.14,169.946,52.004,281.63,0.0,0.0,0.0,64.67,191.99
235.2,169.95,52.025,281.52,0.0,0.0,0.0,64.66,191.99
235.24,169.952,52.038,281.45,0.0,0.0,0.0,64.66,192.0
235.3,169.955,52.059,281.34,0.0,0.0,0.0,64.65,192.0
235.34,169.957,52.072,281.27,0.0,0.0,0.0,64.65,192.0
235.4,169.961,52.093,281.17,0.0,0.0,0.0,64.64,192.0
235.44,169.963,52.107,281.1,0.0,0.0,0.0,64.64,192.01
235.5,169.966,52.127,280.99,0.0,0.0,0.0,64.63,192.01
235.54,169.968,52.141,280.92,0.0,0.0,0.0,64.63,192.01
235.6,169.971,52.161,280.82,0.0,0.0,0.0,64.62,192.02
235.64,169.973,52.175,280.75,0.0,0.0,0.0,64.62,192.02
235.7,169.976,52.196,280.65,0.0,0.0,0.0,64.61,192.02
235.74,169.978,52.209,280.58,0.0,0.0,0.0,64.61,192.02
235.8,169.981,52.23,280.48,0.0,0.0,0.0,64.6,192.03
235.84,169.983,52.244,280.42,0.0,0.0,0.0,64.6,192.03
235.9,169.986,52.264,280.32,0.0,0.0,0.0,64.59,192.03
235.96,169.989,52.285,280.22,0.0,0.0,0.0,64.59,192.03
236.0,169.991,52.298,280.16,0.0,0.0,0.0,64.58,192.04
236.06,169.994,52.319,280.07,0.0,0.0,0.0,64.58,192.04
236.1,169.996,52.333,280.0,0.0,0.0,0.0,64.57,192.04
236.14,169.998,52.346,279.94,0.0,0.0,0.0,64.57,192.04
236.2,170.001,52.367,279.85,0.0,0.0,0.0,64.56,192.05
236.26,170.003,52.387,279.76,0.0,0.0,0.0,64.56,192.05
236.3,170.005,52.401,279.7,0.0,0.0,0.0,64.55,192.05
236.36,170.008,52.422,279.61,0.0,0.0,0.0,64.55,192.06
236.4,170.01,52.435,279.55,0.0,0.0,0.0,64.54,192.06
236.46,170.012,52.456,279.46,0.0,0.0,0.0,64.54,192.06
236.5,170.014,52.47,279.41,0.0,0.0,0.0,64.53,192.06
236.56,170.017,52.49,279.32,0.0,0.0,0.0,64.53,192.07
236.6,170.019,52.504,279.26,0.0,0.0,0.0,64.52,192.07
236.64,170.02,52.518,279.21,0.0,0.0,0.0,64.52,192.07
236.7,170.023,52.538,279.12,0.0,0.0,0.0,64.51,192.07
236.74,170.024,52.552,279.07,0.0,0.0,0.0,64.51,192.08
236.8,170.027,52.572,278.99,0.0,0.0,0.0,64.5,192.08
236.86,170.029,52.593,278.91,0.0,0.0,0.0,64.5,192.08
236.9,170.031,52.607,278.86,0.0,0.0,0.0,64.49,192.08
236.96,170.033,52.627,278.78,0.0,0.0,0.0,64.49,192.09
237.0,170.035,52.641,278.73,0.0,0.0,0.0,64.48,192.09
237.06,170.037,52.662,278.65,0.0,0.0,0.0,64.48,192.09
237.1,170.039,52.675,278.6,0.0,0.0,0.0,64.47,192.09
237.16,170.041,52.696,278.52,0.0,0.0,0.0,64.47,192.1
237.2,170.042,52.71,278.48,0.0,0.0,0.0,64.46,192.1
237.26,170.045,52.73,278.4,0.0,0.0,0.0,64.46,192.1
237.3,170.046,52.744,278.35,0.0,0.0,0.0,64.45,192.1
237.36,170.048,52.764,278.28,0.0,0.0,0.0,64.45,192.11
237.4,170.05,52.778,278.24,0.0,0.0,0.0,64.44,192.11
237.44,170.051,52.792,278.19,0.0,0.0,0.0,64.44,192.11
237.5,170.053,52.812,278.12,0.0,0.0,0.0,64.43,192.12
237.56,170.055,52.833,278.06,0.0,0.0,0.0,64.43,192.12
237.6,170.057,52.847,278.01,0.0,0.0,0.0,64.42,192.12
237.66,170.058,52.867,277.95,0.0,0.0,0.0,64.42,192.12
237.7,170.06,52.881,277.9,0.0,0.0,0.0,64.41,192.13
237.76,170.062,52.902,277.84,0.0,0.0,0.0,64.41,192.13
237.82,170.064,52.922,277.78,0.0,0.0,0.0,64.4,192.13
237.86,170.065,52.936,277.74,0.0,0.0,0.0,64.4,192.13
237.92,170.067,52.957,277.67,0.0,0.0,0.0,64.39,192.14
237.96,170.068,52.97,277.64,0.0,0.0,0.0,64.39,192.14
238.0,170.069,52.984,277.6,0.0,0.0,0.0,64.38,192.14
238.04,170.07,52.998,277.56,0.0,0.0,0.0,64.38,192.14
238.1,170.072,53.018,277.5,0.0,0.0,0.0,64.37,192.15
238.16,170.074,53.039,277.44,0.0,0.0,0.0,64.37,192.15
238.22,170.075,53.06,277.39,0.0,0.0,0.0,64.36,192.15
238.26,170.076,53.073,277.35,0.0,0.0,0.0,64.36,192.15
238.3,170.078,53.087,277.32,0.0,0.0,0.0,64.35,192.16
238.36,170.079,53.108,277.26,0.0,0.0,0.0,64.35,192.16
238.36,170.08,53.121,277.23,0.0,0.0,0.0,64.34,192.16
238.44,170.081,53.135,277.2,0.0,0.0,0.0,64.34,192.16
238.48,170.082,53.149,277.16,0.0,0.0,0.0,64.34,192.17
238.54,170.084,53.17,277.11,0.0,0.0,0.0,64.33,192.17
238.6,170.085,53.19,277.07,0.0,0.0,0.0,64.32,192.17
238.64,170.086,53.204,277.03,0.0,0.0,0.0,64.32,192.17
238.7,170.088,53.224,276.99,0.0,0.0,0.0,64.32,192.18
238.74,170.088,53.238,276.96,0.0,0.0,0.0,64.31,192.18
238.8,170.09,53.259,276.91,0.0,0.0,0.0,64.31,192.18
238.84,170.091,53.273,276.88,0.0,0.0,0.0,64.3,192.18
238.9,170.092,53.293,276.84,0.0,0.0,0.0,64.3,192.19
238.94,170.093,53.307,276.81,0.0,0.0,0.0,64.29,192.19
239.0,170.094,53.328,276.77,0.0,0.0,0.0,64.29,192.19
239.04,170.095,53.341,276.75,0.0,0.0,0.0,64.28,192.2
239.1,170.096,53.362,276.71,0.0,0.0,0.0,64.28,192.2
239.14,170.097,53.376,276.68,0.0,0.0,0.0,64.27,192.2
239.2,170.098,53.396,276.65,0.0,0.0,0.0,64.27,192.2
239.24,170.099,53.41,276.62,0.0,0.0,0.0,64.26,192.21
239.3,170.1,53.431,276.59,0.0,0.0,0.0,64.26,192.21
239.34,170.1,53.444,276.56,0.0,0.0,0.0,64.25,192.21
239.4,170.101,53.465,276.53,0.0,0.0,0.0,64.25,192.21
239.44,170.102,53.479,276.51,0.0,0.0,0.0,64.24,192.22
239.5,170.103,53.499,276.48,0.0,0.0,0.0,64.24,192.22
239.54,170.104,53.513,276.46,0.0,0.0,0.0,64.23,192.22
239.6,170.105,53.534,276.43,0.0,0.0,0.0,64.23,192.22
239.64,170.105,53.548,276.41,0.0,0.0,0.0,64.22,192.23
239.7,170.106,53.568,276.38,0.0,0.0,0.0,64.22,192.23
239.74,170.107,53.582,276.36,0.0,0.0,0.0,64.21,192.23
239.8,170.107,53.603,276.34,0.0,0.0,0.0,64.21,192.23
239.86,170.108,53.623,276.31,0.0,0.0,0.0,64.2,192.24
239.9,170.109,53.637,276.3,0.0,0.0,0.0,64.2,192.24
239.94,170.109,53.651,276.28,0.0,0.0,0.0,64.19,192.24
240.0,170.11,53.672,276.26,0.0,0.0,0.0,64.19,192.24
240.06,170.11,53.692,276.24,0.0,0.0,0.0,64.18,192.25
240.1,170.111,53.706,276.23,0.0,0.0,0.0,64.18,192.25
240.16,170.111,53.727,276.21,0.0,0.0,0.0,64.17,192.25
240.2,170.112,53.74,276.2,0.0,0.0,0.0,64.17,192.25
240.24,170.112,53.754,276.19,0.0,0.0,0.0,64.16,192.26
240.3,170.113,53.775,276.17,0.0,0.0,0.0,64.16,192.26
240.36,170.113,53.795,276.15,0.0,0.0,0.0,64.15,192.26
240.4,170.113,53.809,276.14,0.0,0.0,0.0,64.15,192.27
240.46,170.114,53.83,276.13,0.0,0.0,0.0,64.14,192.27
240.5,170.114,53.844,276.12,0.0,0.0,0.0,64.14,192.27
240.54,170.114,53.857,276.12,0.0,0.0,0.0,64.13,192.27
240.6,170.115,53.878,276.1,0.0,0.0,0.0,64.13,192.28
240.66,170.115,53.899,276.1,0.0,0.0,0.0,64.12,192.28
240.7,170.115,53.913,276.09,0.0,0.0,0.0,64.12,192.28
240.76,170.116,53.933,276.08,0.0,0.0,0.0,64.11,192.28
240.8,170.116,53.947,276.08,0.0,0.0,0.0,64.11,192.29
240.86,170.116,53.968,276.07,0.0,0.0,0.0,64.1,192.29
240.92,170.116,53.988,276.07,0.0,0.0,0.0,64.09,192.29
240.96,170.116,54.002,276.06,0.0,0.0,0.0,64.09,192.29
241.0,170.116,54.016,276.06,0.0,0.0,0.0,64.09,192.3
241.06,170.116,54.037,276.06,0.0,0.0,0.0,64.08,192.3
241.12,170.116,54.057,276.06,0.0,0.0,0.0,64.07,192.3
241.16,170.116,54.071,276.06,0.0,0.0,0.0,64.07,192.3
241.2,170.116,54.085,276.06,0.0,0.0,0.0,64.07,192.31
241.26,170.116,54.106,276.06,0.0,0.0,0.0,64.06,192.31
241.3,170.116,54.119,276.06,0.0,0.0,0.0,64.06,192.31
241.36,170.116,54.14,276.07,0.0,0.0,0.0,64.05,192.31
241.4,170.116,54.154,276.07,0.0,0.0,0.0,64.05,192.32
241.46,170.116,54.174,276.08,0.0,0.0,0.0,64.04,192.32
241.52,170.116,54.195,276.08,0.0,0.0,0.0,64.03,192.32
241.56,170.116,54.209,276.09,0.0,0.0,0.0,64.03,192.32
241.6,170.116,54.223,276.09,0.0,0.0,0.0,64.03,192.33
241.66,170.115,54.243,276.1,0.0,0.0,0.0,64.02,192.33
241.7,170.115,54.257,276.11,0.0,0.0,0.0,64.02,192.33
241.76,170.115,54.278,276.12,0.0,0.0,0.0,64.01,192.33
241.82,170.115,54.299,276.13,0.0,0.0,0.0,64.0,192.34
241.86,170.114,54.312,276.14,0.0,0.0,0.0,64.0,192.34
241.92,170.114,54.333,276.16,0.0,0.0,0.0,63.99,192.34
241.96,170.114,54.347,276.17,0.0,0.0,0.0,63.99,192.34
242.0,170.113,54.361,276.18,0.0,0.0,0.0,63.99,192.35
242.06,170.113,54.381,276.19,0.0,0.0,0.0,63.98,192.35
242.12,170.112,54.402,276.21,0.0,0.0,0.0,63.97,192.35
242.16,170.112,54.416,276.22,0.0,0.0,0.0,63.97,192.35
242.22,170.111,54.437,276.24,0.0,0.0,0.0,63.96,192.36
242.26,170.111,54.45,276.26,0.0,0.0,0.0,63.96,192.36
242.32,170.11,54.471,276.28,0.0,0.0,0.0,63.95,192.36
242.36,170.11,54.485,276.29,0.0,0.0,0.0,63.95,192.36
242.42,170.109,54.506,276.32,0.0,0.0,0.0,63.94,192.37
242.48,170.109,54.526,276.34,0.0,0.0,0.0,63.94,192.37
242.52,170.108,54.54,276.36,0.0,0.0,0.0,63.93,192.37
242.56,170.108,54.554,276.38,0.0,0.0,0.0,63.93,192.37
242.62,170.107,54.575,276.4,0.0,0.0,0.0,63.92,192.38
242.66,170.106,54.588,276.42,0.0,0.0,0.0,63.92,192.38
242.72,170.105,54.609,276.45,0.0,0.0,0.0,63.91,192.38
242.76,170.105,54.623,276.47,0.0,0.0,0.0,63.91,192.38
242.82,170.104,54.644,276.5,0.0,0.0,0.0,63.9,192.39
242.86,170.103,54.658,276.52,0.0,0.0,0.0,63.9,192.39
242.92,170.102,54.678,276.56,0.0,0.0,0.0,63.89,192.39
242.96,170.102,54.692,276.58,0.0,0.0,0.0,63.89,192.39
243.02,170.101,54.713,276.61,0.0,0.0,0.0,63.88,192.4
243.06,170.1,54.727,276.64,0.0,0.0,0.0,63.88,192.4
243.12,170.099,54.747,276.68,0.0,0.0,0.0,63.88,192.4
243.16,170.098,54.761,276.7,0.0,0.0,0.0,63.87,192.4
243.22,170.097,54.782,276.74,0.0,0.0,0.0,63.87,192.41
243.28,170.096,54.803,276.78,0.0,0.0,0.0,63.86,192.41
243.32,170.095,54.816,276.81,0.0,0.0,0.0,63.86,192.41
243.38,170.094,54.837,276.85,0.0,0.0,0.0,63.85,192.42
243.42,170.093,54.851,276.88,0.0,0.0,0.0,63.85,192.42
243.48,170.092,54.872,276.92,0.0,0.0,0.0,63.84,192.42
243.52,170.091,54.886,276.95,0.0,0.0,0.0,63.84,192.42
243.58,170.09,54.906,276.99,0.0,0.0,0.0,63.83,192.43
243.62,170.089,54.92,277.02,0.0,0.0,0.0,63.83,192.43
243.68,170.088,54.941,277.07,0.0,0.0,0.0,63.82,192.43
243.72,170.087,54.955,277.1,0.0,0.0,0.0,63.82,192.43
243.78,170.085,54.975,277.15,0.0,0.0,0.0,63.81,192.44
243.82,170.084,54.989,277.19,0.0,0.0,0.0,63.81,192.44
243.88,170.083,55.01,277.24,0.0,0.0,0.0,63.8,192.44
243.92,170.082,55.024,277.27,0.0,0.0,0.0,63.8,192.44
243.98,170.08,55.045,277.32,0.0,0.0,0.0,63.79,192.45
244.02,170.079,55.058,277.36,0.0,0.0,0.0,63.79,192.45
244.06,170.078,55.072,277.4,0.0,0.0,0.0,63.78,192.45
244.12,170.076,55.093,277.45,0.0,0.0,0.0,63.78,192.45
244.18,170.075,55.114,277.51,0.0,0.0,0.0,63.77,192.46
244.22,170.074,55.128,277.54,0.0,0.0,0.0,63.77,192.46
244.28,170.072,55.148,277.6,0.0,0.0,0.0,63.76,192.46
244.34,170.07,55.169,277.66,0.0,0.0,0.0,63.75,192.46
244.38,170.069,55.183,277.7,0.0,0.0,0.0,63.75,192.47
244.42,170.068,55.197,277.74,0.0,0.0,0.0,63.75,192.47
244.48,170.066,55.217,277.81,0.0,0.0,0.0,63.74,192.47
244.54,170.064,55.238,277.87,0.0,0.0,0.0,63.73,192.47
244.58,170.063,55.252,277.91,0.0,0.0,0.0,63.73,192.48
244.64,170.061,55.273,277.98,0.0,0.0,0.0,63.72,192.48
244.68,170.06,55.287,278.02,0.0,0.0,0.0,63.72,192.48
244.72,170.058,55.301,278.06,0.0,0.0,0.0,63.72,192.48
244.78,170.056,55.321,278.13,0.0,0.0,0.0,63.71,192.49
244.84,170.054,55.342,278.2,0.0,0.0,0.0,63.7,192.49
244.88,170.053,55.356,278.25,0.0,0.0,0.0,63.7,192.49
244.94,170.051,55.377,278.32,0.0,0.0,0.0,63.69,192.49
244.98,170.05,55.391,278.36,0.0,0.0,0.0,63.69,192.5
245.02,170.048,55.404,278.41,0.0,0.0,0.0,63.69,192.5
245.08,170.046,55.425,278.48,0.0,0.0,0.0,63.68,192.5
245.14,170.044,55.446,278.56,0.0,0.0,0.0,63.67,192.5
245.18,170.042,55.46,278.61,0.0,0.0,0.0,63.67,192.5
245.24,170.04,55.481,278.68,0.0,0.0,0.0,63.66,192.51
245.28,170.039,55.494,278.74,0.0,0.0,0.0,63.66,192.51
245.34,170.036,55.515,278.81,0.0,0.0,0.0,63.65,192.51
245.38,170.035,55.529,278.87,0.0,0.0,0.0,63.65,192.51
245.44,170.032,55.55,278.95,0.0,0.0,0.0,63.64,192.52
245.48,170.031,55.564,279.0,0.0,0.0,0.0,63.64,192.52
245.54,170.028,55.584,279.08,0.0,0.0,0.0,63.63,192.52
245.58,170.027,55.598,279.14,0.0,0.0,0.0,63.63,192.52
245.64,170.024,55.619,279.22,0.0,0.0,0.0,63.62,192.53
245.7,170.022,55.64,279.3,0.0,0.0,0.0,63.62,192.53
245.74,170.02,55.654,279.36,0.0,0.0,0.0,63.61,192.53
245.78,170.018,55.668,279.42,0.0,0.0,0.0,63.61,192.53
245.84,170.016,55.688,279.5,0.0,0.0,0.0,63.6,192.54
245.88,170.014,55.702,279.56,0.0,0.0,0.0,63.6,192.54
245.94,170.011,55.723,279.65,0.0,0.0,0.0,63.59,192.54
246.0,170.009,55.744,279.74,0.0,0.0,0.0,63.59,192.55
246.04,170.007,55.758,279.8,0.0,0.0,0.0,63.58,192.55
246.08,170.005,55.772,279.86,0.0,0.0,0.0,63.58,192.55
246.14,170.002,55.792,279.95,0.0,0.0,0.0,63.57,192.55
246.18,170.001,55.806,280.02,0.0,0.0,0.0,63.57,192.55
246.24,169.998,55.827,280.11,0.0,0.0,0.0,63.56,192.56
246.3,169.995,55.848,280.2,0.0,0.0,0.0,63.56,192.56
246.34,169.993,55.862,280.27,0.0,0.0,0.0,63.55,192.56
246.38,169.991,55.876,280.33,0.0,0.0,0.0,63.55,192.56
246.44,169.988,55.896,280.43,0.0,0.0,0.0,63.54,192.57
246.5,169.985,55.917,280.53,0.0,0.0,0.0,63.54,192.57
246.54,169.983,55.931,280.6,0.0,0.0,0.0,63.53,192.57
246.6,169.98,55.952,280.7,0.0,0.0,0.0,63.53,192.57
246.64,169.978,55.966,280.76,0.0,0.0,0.0,63.52,192.58
246.68,169.976,55.98,280.83,0.0,0.0,0.0,63.52,192.58
246.74,169.973,56.0,280.93,0.0,0.0,0.0,63.51,192.58
246.8,169.97,56.021,281.04,0.0,0.0,0.0,63.51,192.58
246.84,169.968,56.035,281.11,0.0,0.0,0.0,63.5,192.59
246.9,169.965,56.056,281.21,0.0,0.0,0.0,63.5,192.59
246.94,169.963,56.07,281.29,0.0,0.0,0.0,63.49,192.59
246.98,169.961,56.084,281.36,0.0,0.0,0.0,63.49,192.59
247.04,169.957,56.104,281.47,0.0,0.0,0.0,63.48,192.6
247.1,169.954,56.125,281.57,0.0,0.0,0.0,63.48,192.6
247.14,169.952,56.139,281.65,0.0,0.0,0.0,63.47,192.6
247.2,169.948,56.16,281.76,0.0,0.0,0.0,63.47,192.6
247.24,169.946,56.174,281.83,0.0,0.0,0.0,63.46,192.61
247.3,169.943,56.195,281.95,0.0,0.0,0.0,63.46,192.61
247.34,169.941,56.209,282.02,0.0,0.0,0.0,63.45,192.61
247.4,169.937,56.229,282.14,0.0,0.0,0.0,63.45,192.61
247.44,169.935,56.243,282.21,0.0,0.0,0.0,63.44,192.62
247.5,169.931,56.264,282.33,0.0,0.0,0.0,63.44,192.62
247.54,169.929,56.278,282.41,0.0,0.0,0.0,63.43,192.62
247.6,169.925,56.299,282.53,0.0,0.0,0.0,63.43,192.62
247.66,169.922,56.32,282.65,0.0,0.0,0.0,63.42,192.63
247.7,169.919,56.334,282.73,0.0,0.0,0.0,63.42,192.63
247.74,169.917,56.347,282.81,0.0,0.0,0.0,63.41,192.63
247.8,169.913,56.368,282.93,0.0,0.0,0.0,63.41,192.63
247.84,169.911,56.382,283.01,0.0,0.0,0.0,63.4,192.63
247.9,169.907,56.403,283.13,0.0,0.0,0.0,63.4,192.64
247.96,169.903,56.424,283.26,0.0,0.0,0.0,63.39,192.64
248.0,169.901,56.438,283.34,0.0,0.0,0.0,63.39,192.64
248.06,169.897,56.459,283.47,0.0,0.0,0.0,63.38,192.65
248.1,169.894,56.472,283.55,0.0,0.0,0.0,63.38,192.65
248.16,169.891,56.493,283.68,0.0,0.0,0.0,63.37,192.65
248.2,169.888,56.507,283.77,0.0,0.0,0.0,63.37,192.65
248.24,169.885,56.521,283.85,0.0,0.0,0.0,63.36,192.65
248.3,169.881,56.542,283.98,0.0,0.0,0.0,63.36,192.66
248.36,169.877,56.563,284.11,0.0,0.0,0.0,63.35,192.66
248.4,169.875,56.577,284.2,0.0,0.0,0.0,63.35,192.66
248.46,169.871,56.598,284.34,0.0,0.0,0.0,63.34,192.66
248.5,169.868,56.611,284.43,0.0,0.0,0.0,63.34,192.67
248.56,169.864,56.632,284.56,0.0,0.0,0.0,63.33,192.67
248.6,169.861,56.646,284.65,0.0,0.0,0.0,63.33,192.67
248.66,169.857,56.667,284.79,0.0,0.0,0.0,63.32,192.67
248.7,169.854,56.681,284.88,0.0,0.0,0.0,63.32,192.68
248.76,169.85,56.702,285.02,0.0,0.0,0.0,63.31,192.68
248.8,169.847,56.716,285.11,0.0,0.0,0.0,63.31,192.68
248.86,169.843,56.737,285.25,0.0,0.0,0.0,63.3,192.68
248.9,169.84,56.75,285.34,0.0,0.0,0.0,63.3,192.69
248.96,169.836,56.771,285.49,0.0,0.0,0.0,63.29,192.69
249.0,169.833,56.785,285.58,0.0,0.0,0.0,63.29,192.69
249.06,169.828,56.806,285.72,0.0,0.0,0.0,63.28,192.69
249.1,169.826,56.82,285.82,0.0,0.0,0.0,63.28,192.7
249.16,169.821,56.841,285.97,0.0,0.0,0.0,63.27,192.7
249.22,169.817,56.862,286.11,0.0,0.0,0.0,63.27,192.7
249.26,169.814,56.876,286.21,0.0,0.0,0.0,63.26,192.7
249.3,169.811,56.89,286.31,0.0,0.0,0.0,63.26,192.7
249.36,169.806,56.91,286.46,0.0,0.0,0.0,63.25,192.71
249.4,169.803,56.924,286.56,0.0,0.0,0.0,63.25,192.71
249.46,169.798,56.945,286.71,0.0,0.0,0.0,63.24,192.71
249.52,169.794,56.966,286.86,0.0,0.0,0.0,63.24,192.72
249.56,169.791,56.98,286.96,0.0,0.0,0.0,63.23,192.72
249.6,169.788,56.994,287.06,0.0,0.0,0.0,63.23,192.72
249.66,169.783,57.015,287.21,0.0,0.0,0.0,63.22,192.72
249.7,169.78,57.029,287.32,0.0,0.0,0.0,63.22,192.72
249.76,169.775,57.05,287.47,0.0,0.0,0.0,63.21,192.73
249.82,169.77,57.07,287.63,0.0,0.0,0.0,63.21,192.73
249.86,169.767,57.084,287.73,0.0,0.0,0.0,63.2,192.73
249.92,169.762,57.105,287.89,0.0,0.0,0.0,63.2,192.73
249.96,169.759,57.119,288.0,0.0,0.0,0.0,63.19,192.74
250.0,169.756,57.133,288.1,0.0,0.0,0.0,63.19,192.74
250.06,169.751,57.154,288.26,0.0,0.0,0.0,63.18,192.74
250.12,169.746,57.175,288.42,0.0,0.0,0.0,63.18,192.74
250.16,169.742,57.189,288.53,0.0,0.0,0.0,63.17,192.75
250.22,169.737,57.21,288.69,0.0,0.0,0.0,63.17,192.75
250.26,169.734,57.224,288.8,0.0,0.0,0.0,63.16,192.75
250.32,169.729,57.245,288.97,0.0,0.0,0.0,63.16,192.75
250.36,169.726,57.258,289.08,0.0,0.0,0.0,63.15,192.76
250.42,169.72,57.279,289.24,0.0,0.0,0.0,63.15,192.76
250.46,169.717,57.293,289.35,0.0,0.0,0.0,63.14,192.76
250.52,169.712,57.314,289.52,0.0,0.0,0.0,63.14,192.76
250.56,169.708,57.328,289.63,0.0,0.0,0.0,63.13,192.76
250.62,169.703,57.349,289.8,0.0,0.0,0.0,63.13,192.77
250.66,169.7,57.363,289.92,0.0,0.0,0.0,63.12,192.77
250.72,169.694,57.384,290.09,0.0,0.0,0.0,63.12,192.77
250.76,169.691,57.398,290.2,0.0,0.0,0.0,63.11,192.77
250.82,169.685,57.419,290.38,0.0,0.0,0.0,63.11,192.78
250.86,169.682,57.433,290.49,0.0,0.0,0.0,63.1,192.78
250.92,169.676,57.453,290.67,0.0,0.0,0.0,63.1,192.78
250.98,169.671,57.474,290.84,0.0,0.0,0.0,63.09,192.78
251.02,169.667,57.488,290.96,0.0,0.0,0.0,63.09,192.79
251.06,169.664,57.502,291.08,0.0,0.0,0.0,63.08,192.79
251.12,169.658,57.523,291.25,0.0,0.0,0.0,63.08,192.79
251.16,169.654,57.537,291.37,0.0,0.0,0.0,63.07,192.79
251.22,169.649,57.558,291.55,0.0,0.0,0.0,63.07,192.8
251.28,169.643,57.579,291.73,0.0,0.0,0.0,63.06,192.8
251.32,169.639,57.593,291.85,0.0,0.0,0.0,63.06,192.8
251.36,169.636,57.607,291.97,0.0,0.0,0.0,63.05,192.8
251.42,169.63,57.628,292.15,0.0,0.0,0.0,63.05,192.81
251.46,169.626,57.642,292.28,0.0,0.0,0.0,63.04,192.81
251.52,169.62,57.663,292.46,0.0,0.0,0.0,63.04,192.81
251.58,169.615,57.683,292.64,0.0,0.0,0.0,63.03,192.81
251.62,169.611,57.697,292.77,0.0,0.0,0.0,63.03,192.81
251.66,169.607,57.711,292.89,0.0,0.0,0.0,63.02,192.82
251.72,169.601,57.732,293.08,0.0,0.0,0.0,63.02,192.82
251.76,169.597,57.746,293.2,0.0,0.0,0.0,63.01,192.82
251.82,169.591,57.767,293.39,0.0,0.0,0.0,63.01,192.82
251.88,169.585,57.788,293.58,0.0,0.0,0.0,63.0,192.83
251.92,169.581,57.802,293.71,0.0,0.0,0.0,63.0,192.83
251.98,169.575,57.823,293.9,0.0,0.0,0.0,62.99,192.83
252.02,169.571,57.837,294.03,0.0,0.0,0.0,62.99,192.83
252.08,169.565,57.858,294.22,0.0,0.0,0.0,62.98,192.84
252.12,169.561,57.872,294.35,0.0,0.0,0.0,62.98,192.84
252.18,169.555,57.893,294.54,0.0,0.0,0.0,62.97,192.84
252.22,169.551,57.907,294.67,0.0,0.0,0.0,62.97,192.84
252.28,169.545,57.928,294.87,0.0,0.0,0.0,62.96,192.85
252.32,169.541,57.942,295.0,0.0,0.0,0.0,62.96,192.85
252.38,169.534,57.962,295.2,0.0,0.0,0.0,62.95,192.85
252.42,169.53,57.976,295.33,0.0,0.0,0.0,62.95,192.85
252.48,169.524,57.997,295.53,0.0,0.0,0.0,62.94,192.85
252.52,169.52,58.011,295.66,0.0,0.0,0.0,62.94,192.86
252.58,169.513,58.032,295.86,0.0,0.0,0.0,62.93,192.86
252.64,169.507,58.053,296.06,0.0,0.0,0.0,62.93,192.86
252.68,169.503,58.067,296.2,0.0,0.0,0.0,62.92,192.86
252.74,169.496,58.088,296.4,0.0,0.0,0.0,62.92,192.87
252.78,169.492,58.102,296.54,0.0,0.0,0.0,62.91,192.87
252.82,169.488,58.116,296.67,0.0,0.0,0.0,62.91,192.87
252.88,169.481,58.137,296.88,0.0,0.0,0.0,62.9,192.87
252.92,169.477,58.151,297.01,0.0,0.0,0.0,62.9,192.88
252.98,169.47,58.172,297.22,0.0,0.0,0.0,62.89,192.88
253.04,169.464,58.193,297.43,0.0,0.0,0.0,62.89,192.88
253.08,169.459,58.207,297.57,0.0,0.0,0.0,62.88,192.88
253.12,169.455,58.221,297.7,0.0,0.0,0.0,62.88,192.88
253.18,169.448,58.242,297.91,0.0,0.0,0.0,62.87,192.89
253.24,169.442,58.263,298.12,0.0,0.0,0.0,62.87,192.89
253.28,169.437,58.277,298.26,0.0,0.0,0.0,62.86,192.89
253.32,169.433,58.291,298.41,0.0,0.0,0.0,62.86,192.89
253.38,169.426,58.312,298.62,0.0,0.0,0.0,62.85,192.9
253.42,169.421,58.326,298.76,0.0,0.0,0.0,62.85,192.9
253.48,169.414,58.346,298.97,0.0,0.0,0.0,62.84,192.9
253.54,169.407,58.367,299.19,0.0,0.0,0.0,62.84,192.9
253.58,169.403,58.381,299.33,0.0,0.0,0.0,62.83,192.91
253.64,169.396,58.402,299.55,0.0,0.0,0.0,62.83,192.91
253.68,169.391,58.416,299.69,0.0,0.0,0.0,62.82,192.91
253.74,169.384,58.437,299.91,0.0,0.0,0.0,62.82,192.91
253.78,169.38,58.451,300.06,0.0,0.0,0.0,62.81,192.92
253.84,169.373,58.472,300.28,0.0,0.0,0.0,62.81,192.92
253.88,169.368,58.486,300.42,0.0,0.0,0.0,62.8,192.92
253.92,169.363,58.5,300.57,0.0,0.0,0.0,62.8,192.92
253.98,169.356,58.521,300.79,0.0,0.0,0.0,62.79,192.92
254.04,169.349,58.542,301.01,0.0,0.0,0.0,62.79,192.93
254.08,169.344,58.556,301.16,0.0,0.0,0.0,62.78,192.93
254.14,169.337,58.577,301.38,0.0,0.0,0.0,62.78,192.93
254.18,169.332,58.591,301.53,0.0,0.0,0.0,62.77,192.93
254.24,169.325,58.612,301.76,0.0,0.0,0.0,62.77,192.94
254.28,169.32,58.626,301.91,0.0,0.0,0.0,62.76,192.94
254.34,169.313,58.647,302.14,0.0,0.0,0.0,62.76,192.94
254.4,169.305,58.668,302.36,0.0,0.0,0.0,62.75,192.94
254.44,169.3,58.682,302.51,0.0,0.0,0.0,62.75,192.95
254.48,169.295,58.696,302.67,0.0,0.0,0.0,62.74,192.95
254.54,169.288,58.717,302.9,0.0,0.0,0.0,62.74,192.95
254.58,169.283,58.731,303.05,0.0,0.0,0.0,62.73,192.95
254.64,169.276,58.752,303.28,0.0,0.0,0.0,62.73,192.95
254.7,169.268,58.773,303.51,0.0,0.0,0.0,62.72,192.96
254.74,169.263,58.787,303.67,0.0,0.0,0.0,62.72,192.96
254.78,169.258,58.801,303.82,0.0,0.0,0.0,62.71,192.96
254.84,169.25,58.822,304.06,0.0,0.0,0.0,62.71,192.96
254.9,169.243,58.843,304.29,0.0,0.0,0.0,62.7,192.97
254.94,169.238,58.857,304.45,0.0,0.0,0.0,62.7,192.97
255.0,169.23,58.878,304.68,0.0,0.0,0.0,62.69,192.97
255.04,169.225,58.892,304.84,0.0,0.0,0.0,62.69,192.97
255.08,169.22,58.906,305.0,0.0,0.0,0.0,62.68,192.97
255.14,169.212,58.927,305.24,0.0,0.0,0.0,62.68,192.98
255.2,169.204,58.948,305.47,0.0,0.0,0.0,62.67,192.98
255.24,169.199,58.962,305.63,0.0,0.0,0.0,62.67,192.98
255.28,169.194,58.976,305.79,0.0,0.0,0.0,62.66,192.98
255.34,169.186,58.997,306.03,0.0,0.0,0.0,62.66,192.99
255.4,169.178,59.018,306.27,0.0,0.0,0.0,62.65,192.99
255.44,169.173,59.032,306.44,0.0,0.0,0.0,62.65,192.99
255.5,169.165,59.053,306.68,0.0,0.0,0.0,62.64,192.99
255.54,169.159,59.067,306.84,0.0,0.0,0.0,62.64,193.0
255.6,169.151,59.088,307.09,0.0,0.0,0.0,62.63,193.0
255.64,169.146,59.102,307.25,0.0,0.0,0.0,62.63,193.0
255.7,169.138,59.123,307.49,0.0,0.0,0.0,62.62,193.0
255.74,169.132,59.137,307.66,0.0,0.0,0.0,62.62,193.0
255.8,169.124,59.158,307.9,0.0,0.0,0.0,62.61,193.01
255.84,169.119,59.172,308.07,0.0,0.0,0.0,62.61,193.01
255.9,169.111,59.193,308.32,0.0,0.0,0.0,62.6,193.01
255.94,169.105,59.207,308.48,0.0,0.0,0.0,62.6,193.01
256.0,169.097,59.228,308.73,0.0,0.0,0.0,62.59,193.02
256.06,169.089,59.249,308.98,0.0,0.0,0.0,62.58,193.02
256.1,169.083,59.263,309.15,0.0,0.0,0.0,62.58,193.02
256.14,169.078,59.277,309.32,0.0,0.0,0.0,62.58,193.02
256.2,169.069,59.298,309.57,0.0,0.0,0.0,62.57,193.03
256.24,169.064,59.312,309.74,0.0,0.0,0.0,62.57,193.03
256.3,169.055,59.333,309.99,0.0,0.0,0.0,62.56,193.03
256.34,169.05,59.347,310.16,0.0,0.0,0.0,62.56,193.03
256.4,169.041,59.368,310.42,0.0,0.0,0.0,62.55,193.03
256.44,169.036,59.382,310.59,0.0,0.0,0.0,62.55,193.04
256.5,169.027,59.403,310.84,0.0,0.0,0.0,62.54,193.04
256.54,169.021,59.417,311.01,0.0,0.0,0.0,62.54,193.04
256.6,169.013,59.438,311.27,0.0,0.0,0.0,62.53,193.04
256.66,169.004,59.459,311.53,0.0,0.0,0.0,62.52,193.05
256.7,168.998,59.473,311.7,0.0,0.0,0.0,62.52,193.05
256.74,168.993,59.487,311.88,0.0,0.0,0.0,62.52,193.05
256.8,168.984,59.508,312.14,0.0,0.0,0.0,62.51,193.05
256.86,168.975,59.529,312.4,0.0,0.0,0.0,62.5,193.06
256.9,168.969,59.543,312.57,0.0,0.0,0.0,62.5,193.06
256.96,168.961,59.564,312.83,0.0,0.0,0.0,62.49,193.06
257.0,168.955,59.578,313.01,0.0,0.0,0.0,62.49,193.06
257.04,168.949,59.592,313.18,0.0,0.0,0.0,62.49,193.06
257.1,168.94,59.613,313.45,0.0,0.0,0.0,62.48,193.07
257.16,168.931,59.634,313.71,0.0,0.0,0.0,62.47,193.07
257.2,168.925,59.648,313.89,0.0,0.0,0.0,62.47,193.07
257.26,168.916,59.669,314.16,0.0,0.0,0.0,62.46,193.07
257.3,168.91,59.683,314.33,0.0,0.0,0.0,62.46,193.08
257.36,168.901,59.704,314.6,0.0,0.0,0.0,62.45,193.08
257.4,168.895,59.718,314.78,0.0,0.0,0.0,62.45,193.08
257.46,168.886,59.739,315.05,0.0,0.0,0.0,62.45,193.08
257.5,168.88,59.753,315.23,0.0,0.0,0.0,62.44,193.08
257.56,168.871,59.774,315.5,0.0,0.0,0.0,62.43,193.09
257.6,168.865,59.788,315.68,0.0,0.0,0.0,62.43,193.09
257.66,168.856,59.809,315.95,0.0,0.0,0.0,62.43,193.09
257.7,168.85,59.823,316.13,0.0,0.0,0.0,62.42,193.09
257.76,168.84,59.844,316.4,0.0,0.0,0.0,62.42,193.1
257.8,168.834,59.858,316.58,0.0,0.0,0.0,62.41,193.1
257.86,168.825,59.879,316.86,0.0,0.0,0.0,62.41,193.1
257.92,168.816,59.901,317.13,0.0,0.0,0.0,62.4,193.1
257.96,168.809,59.915,317.31,0.0,0.0,0.0,62.4,193.11
258.0,168.803,59.929,317.5,0.0,0.0,0.0,62.39,193.11
258.06,168.794,59.95,317.77,0.0,0.0,0.0,62.39,193.11
258.1,168.787,59.964,317.96,0.0,0.0,0.0,62.38,193.11
258.16,168.778,59.985,318.24,0.0,0.0,0.0,62.38,193.11
258.2,168.772,59.999,318.42,0.0,0.0,0.0,62.37,193.12
258.26,168.762,60.02,318.7,0.0,0.0,0.0,62.37,193.12
258.32,168.753,60.041,318.98,0.0,0.0,0.0,62.36,193.12
258.36,168.746,60.055,319.17,0.0,0.0,0.0,62.36,193.12
258.42,168.737,60.076,319.45,0.0,0.0,0.0,62.35,193.13
258.46,168.73,60.09,319.63,0.0,0.0,0.0,62.35,193.13
258.52,168.721,60.111,319.92,0.0,0.0,0.0,62.34,193.13
258.56,168.714,60.125,320.1,0.0,0.0,0.0,62.34,193.13
258.62,168.704,60.146,320.39,0.0,0.0,0.0,62.33,193.13
258.66,168.698,60.16,320.58,0.0,0.0,0.0,62.33,193.14
258.72,168.688,60.181,320.86,0.0,0.0,0.0,62.32,193.14
258.76,168.682,60.195,321.05,0.0,0.0,0.0,62.32,193.14
258.82,168.672,60.216,321.34,0.0,0.0,0.0,62.31,193.14
258.86,168.665,60.23,321.53,0.0,0.0,0.0,62.31,193.15
258.92,168.655,60.251,321.81,0.0,0.0,0.0,62.3,193.15
258.96,168.649,60.265,322.0,0.0,0.0,0.0,62.3,193.15
259.02,168.639,60.287,322.29,0.0,0.0,0.0,62.29,193.15
259.06,168.632,60.301,322.48,0.0,0.0,0.0,62.29,193.15
259.12,168.622,60.322,322.77,0.0,0.0,0.0,62.28,193.16
259.16,168.616,60.336,322.97,0.0,0.0,0.0,62.28,193.16
259.22,168.606,60.357,323.26,0.0,0.0,0.0,62.27,193.16
259.26,168.599,60.371,323.45,0.0,0.0,0.0,62.27,193.16
259.32,168.589,60.392,323.74,0.0,0.0,0.0,62.26,193.17
259.36,168.582,60.406,323.93,0.0,0.0,0.0,62.26,193.17
259.42,168.572,60.427,324.23,0.0,0.0,0.0,62.25,193.17
259.46,168.565,60.441,324.42,0.0,0.0,0.0,62.25,193.17
259.52,168.555,60.462,324.72,0.0,0.0,0.0,62.24,193.17
259.58,168.545,60.483,325.01,0.0,0.0,0.0,62.23,193.18
259.62,168.538,60.497,325.21,0.0,0.0,0.0,62.23,193.18
259.66,168.531,60.511,325.4,0.0,0.0,0.0,62.23,193.18
259.72,168.521,60.532,325.7,0.0,0.0,0.0,62.22,193.18
259.76,168.514,60.546,325.9,0.0,0.0,0.0,62.22,193.19
259.82,168.503,60.567,326.19,0.0,0.0,0.0,62.21,193.19
259.88,168.493,60.589,326.49,0.0,0.0,0.0,62.2,193.19
259.92,168.486,60.603,326.69,0.0,0.0,0.0,62.2,193.19
259.98,168.475,60.624,326.99,0.0,0.0,0.0,62.19,193.19
260.02,168.468,60.638,327.19,0.0,0.0,0.0,62.19,193.2
260.06,168.461,60.652,327.39,0.0,0.0,0.0,62.19,193.2
260.12,168.451,60.673,327.69,0.0,0.0,0.0,62.18,193.2
260.18,168.44,60.694,327.99,0.0,0.0,0.0,62.17,193.2
260.22,168.433,60.708,328.19,0.0,0.0,0.0,62.17,193.21
260.28,168.423,60.729,328.49,0.0,0.0,0.0,62.16,193.21
260.32,168.416,60.743,328.7,0.0,0.0,0.0,62.16,193.21
260.38,168.405,60.764,329.0,0.0,0.0,0.0,62.15,193.21
260.42,168.398,60.778,329.2,0.0,0.0,0.0,62.15,193.21
260.48,168.387,60.799,329.51,0.0,0.0,0.0,62.14,193.22
260.52,168.38,60.813,329.71,0.0,0.0,0.0,62.14,193.22
260.58,168.369,60.835,330.02,0.0,0.0,0.0,62.13,193.22
260.62,168.362,60.849,330.22,0.0,0.0,0.0,62.13,193.22
260.68,168.351,60.87,330.53,0.0,0.0,0.0,62.12,193.23
260.72,168.344,60.884,330.73,0.0,0.0,0.0,62.12,193.23
260.78,168.333,60.905,331.04,0.0,0.0,0.0,62.11,193.23
260.82,168.325,60.919,331.24,0.0,0.0,0.0,62.11,193.23
260.88,168.315,60.94,331.55,0.0,0.0,0.0,62.1,193.23
260.92,168.307,60.954,331.76,0.0,0.0,0.0,62.1,193.24
260.98,168.296,60.975,332.07,0.0,0.0,0.0,62.09,193.24
261.02,168.289,60.989,332.28,0.0,0.0,0.0,62.09,193.24
261.08,168.278,61.01,332.59,0.0,0.0,0.0,62.08,193.24
261.12,168.27,61.024,332.79,0.0,0.0,0.0,62.08,193.25
261.18,168.259,61.046,333.11,0.0,0.0,0.0,62.07,193.25
261.22,168.252,61.06,333.32,0.0,0.0,0.0,62.07,193.25
261.28,168.241,61.081,333.63,0.0,0.0,0.0,62.06,193.25
261.32,168.233,61.095,333.84,0.0,0.0,0.0,62.06,193.25
261.38,168.222,61.116,334.15,0.0,0.0,0.0,62.05,193.26
261.44,168.211,61.137,334.47,0.0,0.0,0.0,62.05,193.26
261.48,168.203,61.151,334.68,0.0,0.0,0.0,62.04,193.26
261.52,168.195,61.165,334.89,0.0,0.0,0.0,62.04,193.26
261.58,168.184,61.186,335.2,0.0,0.0,0.0,62.03,193.27
261.64,168.173,61.207,335.52,0.0,0.0,0.0,62.03,193.27
261.68,168.165,61.221,335.73,0.0,0.0,0.0,62.02,193.27
261.72,168.157,61.236,335.94,0.0,0.0,0.0,62.02,193.27
261.78,168.146,61.257,336.26,0.0,0.0,0.0,62.01,193.27
261.84,168.135,61.278,336.58,0.0,0.0,0.0,62.01,193.28
261.88,168.127,61.292,336.79,0.0,0.0,0.0,62.0,193.28
261.92,168.119,61.306,337.01,0.0,0.0,0.0,62.0,193.28
261.98,168.108,61.327,337.33,0.0,0.0,0.0,61.99,193.28
262.04,168.096,61.348,337.65,0.0,0.0,0.0,61.99,193.29
262.08,168.088,61.362,337.86,0.0,0.0,0.0,61.98,193.29
262.14,168.077,61.383,338.19,0.0,0.0,0.0,61.98,193.29
262.18,168.069,61.397,338.4,0.0,0.0,0.0,61.97,193.29
262.24,168.057,61.419,338.72,0.0,0.0,0.0,61.97,193.29
262.28,168.049,61.433,338.94,0.0,0.0,0.0,61.96,193.3
262.34,168.037,61.454,339.26,0.0,0.0,0.0,61.96,193.3
262.38,168.03,61.468,339.48,0.0,0.0,0.0,61.95,193.3
262.44,168.018,61.489,339.81,0.0,0.0,0.0,61.95,193.3
262.48,168.01,61.503,340.02,0.0,0.0,0.0,61.94,193.3
262.54,167.998,61.524,340.35,0.0,0.0,0.0,61.94,193.31
262.58,167.99,61.538,340.57,0.0,0.0,0.0,61.93,193.31
262.64,167.978,61.559,340.89,0.0,0.0,0.0,61.93,193.31
262.68,167.97,61.574,341.11,0.0,0.0,0.0,61.92,193.31
262.74,167.958,61.595,341.44,0.0,0.0,0.0,61.92,193.32
262.78,167.95,61.609,341.66,0.0,0.0,0.0,61.91,193.32
262.84,167.938,61.63,341.99,0.0,0.0,0.0,61.91,193.32
262.88,167.93,61.644,342.21,0.0,0.0,0.0,61.9,193.32
262.94,167.918,61.665,342.54,0.0,0.0,0.0,61.9,193.32
262.98,167.91,61.679,342.76,0.0,0.0,0.0,61.89,193.33
263.04,167.897,61.7,343.09,0.0,0.0,0.0,61.89,193.33
263.1,167.885,61.722,343.42,0.0,0.0,0.0,61.88,193.33
263.14,167.877,61.736,343.65,0.0,0.0,0.0,61.88,193.33
263.2,167.865,61.757,343.98,0.0,0.0,0.0,61.87,193.34
263.24,167.857,61.771,344.2,0.0,0.0,0.0,61.87,193.34
263.28,167.848,61.785,344.42,0.0,0.0,0.0,61.86,193.34
263.34,167.836,61.806,344.76,0.0,0.0,0.0,61.86,193.34
263.4,167.824,61.827,345.09,0.0,0.0,0.0,61.85,193.34
263.44,167.815,61.841,345.31,0.0,0.0,0.0,61.85,193.35
263.5,167.803,61.862,345.65,0.0,0.0,0.0,61.84,193.35
263.54,167.795,61.877,345.87,0.0,0.0,0.0,61.84,193.35
263.58,167.786,61.891,346.1,0.0,0.0,0.0,61.83,193.35
263.64,167.774,61.912,346.44,0.0,0.0,0.0,61.83,193.35
263.7,167.761,61.933,346.77,0.0,0.0,0.0,61.82,193.36
263.74,167.753,61.947,347.0,0.0,0.0,0.0,61.82,193.36
263.8,167.74,61.968,347.34,0.0,0.0,0.0,61.81,193.36
263.84,167.732,61.982,347.56,0.0,0.0,0.0,61.81,193.36
263.9,167.719,62.003,347.9,0.0,0.0,0.0,61.8,193.37
263.94,167.711,62.018,348.13,0.0,0.0,0.0,61.8,193.37
264.0,167.698,62.039,348.47,0.0,0.0,0.0,61.79,193.37
264.04,167.69,62.053,348.7,0.0,0.0,0.0,61.79,193.37
264.1,167.677,62.074,349.04,0.0,0.0,0.0,61.78,193.37
264.14,167.668,62.088,349.27,0.0,0.0,0.0,61.78,193.38
264.2,167.656,62.109,349.61,0.0,0.0,0.0,61.77,193.38
264.24,167.647,62.123,349.84,0.0,0.0,0.0,61.77,193.38
264.3,167.634,62.145,350.18,0.0,0.0,0.0,61.76,193.38
264.34,167.626,62.159,350.41,0.0,0.0,0.0,61.76,193.38
264.4,167.613,62.18,350.75,0.0,0.0,0.0,61.75,193.39
264.44,167.604,62.194,350.98,0.0,0.0,0.0,61.75,193.39
264.5,167.591,62.215,351.33,0.0,0.0,0.0,61.74,193.39
264.56,167.578,62.236,351.67,0.0,0.0,0.0,61.74,193.39
264.6,167.569,62.25,351.91,0.0,0.0,0.0,61.73,193.4
264.64,167.561,62.264,352.14,0.0,0.0,0.0,61.73,193.4
264.7,167.547,62.286,352.48,0.0,0.0,0.0,61.72,193.4
264.74,167.539,62.3,352.71,0.0,0.0,0.0,61.72,193.4
264.8,167.526,62.321,353.06,0.0,0.0,0.0,61.71,193.4
264.86,167.512,62.342,353.41,0.0,0.0,0.0,61.71,193.41
264.9,167.504,62.356,353.64,0.0,0.0,0.0,61.7,193.41
264.94,167.495,62.37,353.88,0.0,0.0,0.0,61.7,193.41
265.0,167.482,62.392,354.23,0.0,0.0,0.0,61.69,193.41
265.06,167.468,62.413,354.58,0.0,0.0,0.0,61.69,193.42
265.1,167.459,62.427,354.81,0.0,0.0,0.0,61.68,193.42
265.16,167.446,62.448,355.16,0.0,0.0,0.0,61.68,193.42
265.2,167.437,62.462,355.4,0.0,0.0,0.0,61.67,193.42
265.24,167.428,62.476,355.63,0.0,0.0,0.0,61.67,193.42
265.3,167.415,62.497,355.98,0.0,0.0,0.0,61.66,193.43
265.36,167.401,62.519,356.33,0.0,0.0,0.0,61.66,193.43
265.4,167.392,62.533,356.57,0.0,0.0,0.0,61.65,193.43
265.46,167.379,62.554,356.92,0.0,0.0,0.0,61.65,193.43
265.5,167.37,62.568,357.16,0.0,0.0,0.0,61.64,193.43
265.56,167.356,62.589,357.51,0.0,0.0,0.0,61.64,193.44
265.6,167.347,62.603,357.75,0.0,0.0,0.0,61.63,193.44
265.66,167.333,62.624,358.11,0.0,0.0,0.0,61.63,193.44
265.7,167.324,62.639,358.34,0.0,0.0,0.0,61.62,193.44
265.76,167.311,62.66,358.7,0.0,0.0,0.0,61.62,193.44
265.8,167.301,62.674,358.94,0.0,0.0,0.0,61.61,193.45
265.86,167.288,62.695,359.3,0.0,0.0,0.0,61.61,193.45
265.9,167.279,62.709,359.53,0.0,0.0,0.0,61.6,193.45
265.96,167.265,62.73,359.89,0.0,0.0,0.0,61.6,193.45
266.0,167.256,62.745,360.13,0.0,0.0,0.0,61.59,193.45
266.06,167.242,62.766,360.49,0.0,0.0,0.0,61.59,193.46
266.1,167.232,62.78,360.73,0.0,0.0,0.0,61.58,193.46
266.16,167.218,62.801,361.09,0.0,0.0,0.0,61.58,193.46
266.22,167.205,62.822,361.45,0.0,0.0,0.0,61.57,193.46
266.26,167.195,62.836,361.69,0.0,0.0,0.0,61.57,193.47
266.3,167.186,62.851,361.93,0.0,0.0,0.0,61.56,193.47
266.36,167.172,62.872,362.29,0.0,0.0,0.0,61.56,193.47
266.4,167.163,62.886,362.53,0.0,0.0,0.0,61.55,193.47
266.46,167.148,62.907,362.89,0.0,0.0,0.0,61.55,193.47
266.52,167.134,62.928,363.26,0.0,0.0,0.0,61.54,193.48
266.56,167.125,62.942,363.5,0.0,0.0,0.0,61.54,193.48
266.6,167.115,62.957,363.74,0.0,0.0,0.0,61.53,193.48
266.66,167.101,62.978,364.11,0.0,0.0,0.0,61.53,193.48
266.72,167.087,62.999,364.47,0.0,0.0,0.0,61.52,193.49
266.76,167.078,63.013,364.71,0.0,0.0,0.0,61.52,193.49
266.8,167.068,63.027,364.96,0.0,0.0,0.0,61.51,193.49
266.86,167.054,63.048,365.32,0.0,0.0,0.0,61.51,193.49
266.9,167.044,63.063,365.57,0.0,0.0,0.0,61.5,193.49
266.96,167.03,63.084,365.93,0.0,0.0,0.0,61.5,193.5
267.0,167.02,63.098,366.18,0.0,0.0,0.0,61.49,193.5
267.06,167.006,63.119,366.54,0.0,0.0,0.0,61.49,193.5
267.12,166.991,63.14,366.91,0.0,0.0,0.0,61.48,193.5
267.16,166.982,63.154,367.16,0.0,0.0,0.0,61.48,193.5
267.22,166.967,63.176,367.53,0.0,0.0,0.0,61.47,193.51
267.26,166.958,63.19,367.77,0.0,0.0,0.0,61.47,193.51
267.32,166.943,63.211,368.14,0.0,0.0,0.0,61.46,193.51
267.36,166.933,63.225,368.39,0.0,0.0,0.0,61.46,193.51
267.42,166.919,63.246,368.76,0.0,0.0,0.0,61.45,193.51
267.46,166.909,63.261,369.0,0.0,0.0,0.0,61.45,193.52
267.52,166.894,63.282,369.37,0.0,0.0,0.0,61.44,193.52
267.58,166.879,63.303,369.75,0.0,0.0,0.0,61.43,193.52
267.62,166.87,63.317,369.99,0.0,0.0,0.0,61.43,193.52
267.68,166.855,63.338,370.37,0.0,0.0,0.0,61.42,193.53
267.72,166.845,63.352,370.61,0.0,0.0,0.0,61.42,193.53
