met,altitude_km,downrange_km,velocity_ms,g_force,dynamic_pressure_kpa,thrust_kn,pitch_deg,heading_deg
0.0,0.24,0.0,0.0,1.0,0.0,0.0,90.0,83.33
0.0,0.24,0.0,0.0,1.0,0.0,0.0,90.0,83.33
0.0,0.24,0.0,0.0,1.0,0.0,0.0,90.0,83.33
0.0,0.24,0.0,0.0,1.0,0.0,0.0,90.0,83.33
0.0,0.24,0.0,0.0,1.0,0.0,0.0,90.0,83.33
0.0,0.24,0.0,0.0,1.0,0.0,0.0,90.0,83.33
0.0,0.24,0.0,0.0,1.0,0.0,0.0,90.0,83.33
0.0,0.24,0.0,0.0,1.0,0.0,0.0,90.0,83.33
0.0,0.24,0.0,0.0,1.0,0.0,0.0,90.0,83.33
0.0,0.24,0.0,0.0,1.0,0.0,0.0,90.0,83.33
0.0,0.24,0.0,0.0,1.0,0.0,0.0,90.0,83.33
0.0,0.24,0.0,0.0,1.0,0.0,0.1,90.0,83.33
0.0,0.24,0.0,0.0,1.0,0.0,0.1,90.0,83.33
0.0,0.24,0.0,0.0,1.0,0.0,0.1,90.0,83.33
0.0,0.24,0.0,0.0,1.0,0.0,0.1,90.0,83.33
0.0,0.24,0.0,0.0,1.0,0.0,0.1,90.0,83.33
0.0,0.24,0.0,0.0,1.0,0.0,0.1,90.0,83.33
0.0,0.24,0.0,0.0,1.0,0.0,0.1,90.0,83.33
0.0,0.24,0.0,0.0,1.0,0.0,0.1,90.0,83.33
0.0,0.24,0.0,0.0,1.0,0.0,0.2,90.0,83.33
0.0,0.24,0.0,0.0,1.0,0.0,0.2,90.0,83.33
0.0,0.24,0.0,0.0,1.0,0.0,0.2,90.0,83.33
0.0,0.24,0.0,0.0,1.0,0.0,0.2,90.0,83.33
0.0,0.24,0.0,0.0,1.0,0.0,0.2,90.0,83.33
0.0,0.24,0.0,0.0,1.0,0.0,0.3,90.0,83.33
0.0,0.24,0.0,0.0,1.0,0.0,0.3,90.0,83.33
0.0,0.24,0.0,0.0,1.0,0.0,0.3,90.0,83.33
0.0,0.24,0.0,0.0,1.0,0.0,0.4,90.0,83.33
0.0,0.24,0.0,0.0,1.0,0.0,0.4,90.0,83.33
0.0,0.24,0.0,0.0,1.0,0.0,0.5,90.0,83.33
0.0,0.24,0.0,0.0,1.0,0.0,0.5,90.0,83.33
0.0,0.24,0.0,0.0,1.0,0.0,0.6,90.0,83.33
0.0,0.24,0.0,0.0,1.0,0.0,0.7,90.0,83.33
0.0,0.24,0.0,0.0,1.0,0.0,0.7,90.0,83.33
0.0,0.24,0.0,0.0,1.0,0.0,0.8,90.0,83.33
0.0,0.24,0.0,0.0,1.0,0.0,0.9,90.0,83.33
0.0,0.24,0.0,0.0,1.0,0.0,1.0,90.0,83.33
0.0,0.24,0.0,0.0,1.0,0.0,1.1,90.0,83.33
0.0,0.24,0.0,0.0,1.0,0.0,1.2,90.0,83.33
0.0,0.24,0.0,0.0,1.0,0.0,1.4,90.0,83.33
0.0,0.24,0.0,0.0,1.0,0.0,9.1,90.0,83.33
0.0,0.24,0.0,0.0,1.0,0.0,31.4,90.0,83.33
0.0,0.24,0.0,0.0,1.0,0.0,46.5,90.0,83.33
0.0,0.24,0.0,0.0,1.0,0.0,80.2,90.0,83.33
0.0,0.24,0.0,0.0,1.0,0.0,102.9,90.0,83.33
0.0,0.24,0.0,0.0,1.0,0.0,134.7,90.0,83.33
0.0,0.24,0.0,0.0,1.0,0.0,152.8,90.0,83.33
0.0,0.24,0.0,0.0,1.0,0.0,175.9,90.0,83.33
0.0,0.24,0.0,0.0,1.0,0.0,192.8,90.0,83.33
0.0,0.24,0.0,0.0,1.0,0.0,202.4,90.0,83.33
0.0,0.24,0.0,0.0,1.0,0.0,213.2,90.0,83.33
0.0,0.24,0.0,0.0,1.0,0.0,218.5,90.0,83.33
0.0,0.24,0.0,0.0,1.0,0.0,224.8,90.0,83.33
0.0,0.24,0.0,0.0,1.0,0.0,227.2,90.0,83.33
0.0,0.24,0.0,0.0,1.0,0.0,230.0,90.0,83.33
0.0,0.24,0.0,0.0,1.0,0.0,232.0,90.0,83.33
0.0,0.24,0.0,0.0,1.0,0.0,234.3,90.0,83.33
0.0,0.24,0.0,0.0,1.0,0.0,235.6,90.0,83.33
0.0,0.24,0.0,0.0,1.0,0.0,236.4,90.0,83.33
0.0,0.24,0.0,0.0,1.0,0.0,237.5,90.0,83.33
0.0,0.24,0.0,0.0,1.0,0.0,238.3,90.0,83.33
0.0,0.24,0.0,0.0,1.0,0.0,238.1,90.0,83.33
0.0,0.24,0.0,0.0,1.0,0.0,239.8,90.0,83.33
0.0,0.24,0.0,0.0,1.0,0.0,239.4,90.0,83.33
0.0,0.24,0.0,0.0,1.0,0.0,239.7,90.0,83.33
0.0,0.24,0.0,0.0,1.0,0.0,239.4,90.0,83.33
0.0,0.24,0.0,0.0,1.0,0.0,239.8,90.0,83.33
0.0,0.24,0.0,0.0,1.0,0.0,239.6,90.0,83.33
0.0,0.24,0.0,0.0,1.0,0.0,239.3,90.0,83.33
0.0,0.241,0.0,0.0,1.0,0.0,239.6,90.0,83.33
0.0,0.241,0.0,0.68,1.17,0.0,239.4,90.0,83.33
0.0,0.241,0.0,1.02,1.26,0.0,239.9,90.0,83.33
0.0,0.241,0.0,1.54,1.39,0.0,239.5,90.0,83.33
0.0,0.241,0.0,1.88,1.48,0.0,238.9,90.0,83.33
0.0,0.241,0.0,2.39,1.61,0.0,238.9,90.0,83.33
0.02,0.241,0.0,2.74,1.7,0.0,239.0,90.0,83.33
0.08,0.242,0.0,3.25,1.83,0.0,239.6,90.0,83.33
0.14,0.242,0.0,3.77,1.87,0.0,239.1,90.0,83.33
0.18,0.242,0.0,4.11,1.87,0.01,239.6,89.97,83.33
0.22,0.242,0.0,4.46,1.88,0.01,239.8,90.0,83.33
0.28,0.242,0.0,4.97,1.88,0.01,239.6,89.98,83.33
0.32,0.243,0.0,5.32,1.88,0.01,239.1,90.0,83.33
0.38,0.243,0.0,5.83,1.88,0.01,239.1,90.0,83.33
0.42,0.243,0.0,6.18,1.88,0.02,238.8,90.0,83.33
0.48,0.244,0.0,6.7,1.88,0.02,238.8,90.0,83.33
0.54,0.244,0.0,7.22,1.88,0.02,239.6,90.0,83.33
0.58,0.244,0.0,7.56,1.88,0.03,239.3,90.0,83.33
0.62,0.245,0.0,7.91,1.88,0.03,239.1,90.0,83.33
0.68,0.245,0.0,8.43,1.88,0.04,238.9,90.0,83.33
0.74,0.246,0.0,8.95,1.88,0.04,238.9,90.0,83.33
0.78,0.246,0.0,9.3,1.88,0.04,238.7,89.97,83.33
0.82,0.246,0.0,9.64,1.88,0.05,239.0,90.0,83.33
0.88,0.247,0.0,10.17,1.88,0.05,239.1,90.0,83.33
0.9,0.247,0.0,10.34,1.88,0.06,239.0,90.0,83.33
0.92,0.247,0.0,10.51,1.88,0.06,239.1,89.97,83.33
0.96,0.248,0.0,10.86,1.89,0.06,238.9,90.0,83.33
1.02,0.249,0.0,11.38,1.89,0.07,238.8,90.0,83.33
1.08,0.249,0.0,11.91,1.89,0.08,239.6,89.97,83.33
1.12,0.25,0.0,12.26,1.89,0.08,239.4,90.0,83.33
1.16,0.25,0.0,12.61,1.89,0.09,239.0,90.0,83.33
1.22,0.251,0.0,13.13,1.89,0.1,238.9,89.97,83.33
1.28,0.252,0.0,13.66,1.89,0.1,238.9,89.97,83.33
1.32,0.252,0.0,14.01,1.89,0.11,238.6,89.97,83.34
1.38,0.253,0.0,14.54,1.89,0.12,239.4,89.96,83.34
1.42,0.254,0.0,14.89,1.89,0.13,238.7,89.97,83.34
1.48,0.255,0.0,15.42,1.89,0.13,239.0,89.96,83.34
1.52,0.255,0.0,15.77,1.89,0.14,238.7,89.97,83.34
1.58,0.256,0.0,16.3,1.9,0.15,239.3,89.96,83.34
1.62,0.257,0.0,16.65,1.9,0.16,239.4,89.96,83.34
1.68,0.258,0.0,17.18,1.9,0.17,239.0,89.95,83.34
1.72,0.259,0.0,17.54,1.9,0.18,238.8,89.94,83.34
1.78,0.26,0.0,18.07,1.9,0.19,238.8,89.94,83.34
1.82,0.261,0.0,18.43,1.9,0.2,239.7,89.95,83.34
1.88,0.262,0.0,18.96,1.9,0.21,238.8,89.95,83.34
1.94,0.263,0.0,19.49,1.9,0.22,238.8,89.94,83.34
1.98,0.264,0.0,19.85,1.9,0.23,238.8,89.94,83.34
2.02,0.264,0.0,20.2,1.9,0.24,238.8,89.93,83.35
2.08,0.266,0.0,20.74,1.91,0.25,239.4,89.93,83.35
2.14,0.267,0.0,21.27,1.91,0.27,239.4,89.93,83.35
2.18,0.268,0.0,21.63,1.91,0.28,239.7,89.93,83.35
2.24,0.269,0.0,22.17,1.91,0.29,238.8,89.92,83.35
2.28,0.27,0.0,22.53,1.91,0.3,239.1,89.92,83.35
2.34,0.271,0.0,23.07,1.91,0.32,239.4,89.92,83.35
2.38,0.272,0.0,23.43,1.91,0.33,239.7,89.91,83.36
2.42,0.273,0.0,23.79,1.91,0.34,239.1,89.92,83.36
2.48,0.275,0.0,24.33,1.92,0.35,239.9,89.91,83.36
2.52,0.276,0.0,24.69,1.92,0.37,239.4,89.91,83.36
2.58,0.277,0.0,25.23,1.92,0.38,239.4,89.9,83.36
2.64,0.279,0.0,25.77,1.92,0.4,239.4,89.9,83.36
2.68,0.28,0.0,26.13,1.92,0.41,238.9,89.89,83.37
2.72,0.281,0.0,26.49,1.92,0.42,239.3,89.89,83.37
2.78,0.282,0.0,27.04,1.92,0.44,239.9,89.88,83.37
2.84,0.284,0.0,27.58,1.92,0.46,239.5,89.88,104.12
2.88,0.285,0.0,27.95,1.92,0.47,239.5,89.88,104.51
2.92,0.286,0.0,28.31,1.92,0.49,238.9,89.88,104.91
3.0,0.289,0.0,29.04,1.92,0.51,239.9,89.87,105.71
3.04,0.29,0.0,29.4,1.93,0.53,239.7,89.87,106.12
3.08,0.291,0.0,29.77,1.93,0.54,239.2,89.86,106.53
3.14,0.293,0.0,30.31,1.93,0.56,239.7,89.86,107.16
3.18,0.294,0.0,30.68,1.93,0.57,239.8,89.86,107.59
3.24,0.296,0.0,31.23,1.93,0.59,239.8,89.85,108.23
3.28,0.297,0.0,31.6,1.93,0.61,239.2,89.85,108.66
3.34,0.299,0.0,32.15,1.93,0.63,239.7,89.84,109.32
3.38,0.3,0.0,32.51,1.93,0.65,240.0,89.84,109.76
3.44,0.302,0.0,33.07,1.93,0.67,240.0,89.83,110.43
3.48,0.304,0.0,33.43,1.94,0.68,239.7,89.83,110.89
3.54,0.306,0.0,33.99,1.94,0.71,239.9,89.83,111.57
3.58,0.307,0.0,34.36,1.94,0.72,239.9,89.82,112.03
3.64,0.309,0.0,34.91,1.94,0.75,240.2,89.81,112.73
3.68,0.311,0.0,35.28,1.94,0.76,239.3,89.81,113.2
3.74,0.313,0.0,35.83,1.94,0.79,239.6,89.8,113.9
3.8,0.315,0.0,36.39,1.94,0.81,240.2,89.8,114.62
3.84,0.316,0.0,36.76,1.94,0.83,240.1,89.79,115.09
3.9,0.319,0.0,37.32,1.94,0.86,239.8,89.79,115.82
3.94,0.32,0.0,37.69,1.94,0.87,240.0,89.79,116.31
3.98,0.322,0.0,38.06,1.94,0.89,239.8,89.78,116.79
4.04,0.324,0.0,38.62,1.95,0.92,239.8,89.77,117.53
4.08,0.325,0.0,38.99,1.95,0.94,239.6,89.77,118.02
4.14,0.328,0.0,39.55,1.95,0.96,239.7,89.76,118.77
4.2,0.33,0.0,40.11,1.95,0.99,240.0,89.76,119.51
4.24,0.332,0.0,40.48,1.95,1.01,239.2,89.75,120.01
4.3,0.334,0.0,41.04,1.95,1.04,239.3,89.74,120.76
4.34,0.336,0.0,41.42,1.95,1.06,239.2,89.74,121.26
4.38,0.338,0.0,41.79,1.95,1.08,239.7,89.73,121.76
4.44,0.34,0.0,42.36,1.95,1.11,239.8,89.72,122.52
4.5,0.343,0.0,42.92,1.95,1.14,239.2,89.72,123.27
4.54,0.344,0.0,43.29,1.95,1.16,239.9,89.71,123.77
4.6,0.347,0.0,43.86,1.96,1.19,239.9,89.7,124.53
4.64,0.349,0.0,44.23,1.96,1.21,239.4,89.7,125.03
4.68,0.351,0.0,44.61,1.96,1.23,239.9,89.69,125.53
4.74,0.353,0.0,45.18,1.96,1.26,239.6,89.68,126.29
4.8,0.356,0.0,45.74,1.96,1.3,239.6,89.68,127.04
4.84,0.358,0.0,46.12,1.96,1.32,239.4,89.67,127.54
4.9,0.361,0.0,46.69,1.96,1.35,239.3,89.66,128.28
4.94,0.363,0.0,47.06,1.96,1.37,239.5,89.66,128.78
5.0,0.365,0.0,47.63,1.96,1.41,239.4,89.65,129.52
5.04,0.367,0.0,48.01,1.96,1.43,239.4,89.64,130.02
5.1,0.37,0.0,48.58,1.96,1.46,239.2,89.63,130.75
5.14,0.372,0.0,48.96,1.97,1.49,239.7,89.62,131.24
5.2,0.375,0.0,49.53,1.97,1.52,240.1,89.61,131.97
5.24,0.377,0.0,49.92,1.97,1.55,239.4,89.61,132.46
5.3,0.38,0.0,50.49,1.97,1.58,239.6,89.6,133.18
5.34,0.382,0.0,50.87,1.97,1.61,240.3,89.59,133.66
5.4,0.385,0.0,51.45,1.97,1.64,239.9,89.58,134.38
5.46,0.388,0.001,52.02,1.97,1.68,240.0,89.57,135.08
5.5,0.39,0.001,52.41,1.97,1.7,240.2,89.56,135.55
5.54,0.393,0.001,52.79,1.98,1.73,239.5,89.55,136.02
5.6,0.396,0.001,53.37,1.98,1.77,240.4,89.54,136.71
5.66,0.399,0.001,53.94,1.98,1.81,239.8,89.53,137.39
5.7,0.401,0.001,54.33,1.98,1.83,240.3,89.52,137.85
5.76,0.404,0.001,54.91,1.98,1.87,239.8,89.51,138.52
5.8,0.407,0.001,55.3,1.98,1.9,239.6,89.5,138.96
5.84,0.409,0.001,55.68,1.98,1.92,240.5,89.49,139.41
5.9,0.412,0.001,56.26,1.98,1.96,240.2,89.48,140.06
5.96,0.416,0.001,56.85,1.98,2.01,239.9,89.47,140.71
6.0,0.418,0.001,57.23,1.99,2.03,239.9,89.46,141.13
6.06,0.421,0.001,57.82,1.99,2.07,240.5,89.45,141.77
6.1,0.424,0.001,58.2,1.99,2.1,239.9,89.44,142.19
6.14,0.426,0.001,58.59,1.99,2.13,240.1,89.43,142.6
6.2,0.43,0.001,59.18,1.99,2.17,239.8,89.42,143.22
6.24,0.432,0.001,59.56,1.99,2.2,239.8,89.41,143.62
6.3,0.435,0.001,60.15,1.99,2.25,240.6,89.4,144.22
6.36,0.439,0.001,60.74,1.99,2.29,240.7,89.38,144.81
6.4,0.442,0.001,61.13,1.99,2.32,239.9,89.38,145.2
6.44,0.444,0.001,61.52,1.99,2.35,239.8,89.37,145.58
6.5,0.448,0.001,62.11,2.0,2.39,240.2,89.35,146.15
6.56,0.451,0.001,62.7,2.0,2.44,240.3,89.34,146.71
6.6,0.454,0.001,63.09,2.0,2.47,240.0,89.33,147.08
6.66,0.458,0.001,63.68,2.0,2.51,240.5,89.31,147.62
6.7,0.46,0.001,64.07,2.0,2.55,240.8,89.31,147.98
6.74,0.463,0.001,64.47,2.0,2.58,240.3,89.3,148.33
6.8,0.467,0.001,65.06,2.0,2.62,239.8,89.28,148.85
6.86,0.471,0.001,65.65,2.0,2.67,240.0,89.27,149.37
6.9,0.473,0.001,66.04,2.0,2.7,240.8,89.26,149.7
6.96,0.477,0.001,66.64,2.0,2.75,240.8,89.24,150.2
7.0,0.48,0.001,67.03,2.01,2.78,240.4,89.23,150.52
7.06,0.484,0.001,67.63,2.01,2.83,240.3,89.22,151.0
7.12,0.488,0.001,68.22,2.01,2.88,240.0,89.2,151.47
7.16,0.491,0.001,68.62,2.01,2.91,240.5,89.19,151.77
7.2,0.494,0.001,69.02,2.01,2.95,240.5,89.18,152.07
7.26,0.498,0.001,69.61,2.01,3.0,240.1,89.17,152.52
7.3,0.501,0.001,70.01,2.01,3.03,240.0,89.16,152.81
7.36,0.505,0.001,70.61,2.01,3.08,240.1,89.14,153.24
7.42,0.509,0.002,71.21,2.01,3.14,240.2,89.13,153.67
7.46,0.512,0.002,71.6,2.01,3.17,240.1,89.12,153.94
7.5,0.515,0.002,72.0,2.01,3.2,240.6,89.11,154.21
7.56,0.519,0.002,72.6,2.02,3.26,239.9,89.09,154.61
7.6,0.522,0.002,73.0,2.02,3.29,240.8,89.08,154.87
7.66,0.527,0.002,73.61,2.02,3.35,240.3,89.07,155.25
7.72,0.531,0.002,74.21,2.02,3.4,240.3,89.05,155.63
7.76,0.534,0.002,74.61,2.02,3.44,240.2,89.04,155.87
7.8,0.537,0.002,75.01,2.02,3.47,240.1,89.03,156.11
7.86,0.541,0.002,75.62,2.02,3.53,240.4,89.02,156.46
7.92,0.546,0.002,76.22,2.02,3.58,240.7,89.01,156.8
7.96,0.549,0.002,76.63,2.03,3.62,240.3,89.0,157.02
8.02,0.554,0.002,77.24,2.03,3.68,240.7,88.98,157.34
8.06,0.557,0.002,77.64,2.03,3.71,240.6,88.97,157.56
8.1,0.56,0.002,78.05,2.03,3.75,240.9,88.96,157.77
8.16,0.565,0.002,78.66,2.03,3.81,240.9,88.95,158.07
8.22,0.569,0.002,79.27,2.03,3.87,240.6,88.93,158.37
8.26,0.573,0.002,79.67,2.03,3.91,241.0,88.93,158.55
8.32,0.577,0.002,80.29,2.04,3.97,241.3,88.91,158.84
8.36,0.581,0.002,80.7,2.04,4.0,240.9,88.9,159.01
8.4,0.584,0.002,81.11,2.04,4.04,241.2,88.89,159.19
8.46,0.589,0.003,81.72,2.04,4.1,241.3,88.88,159.45
8.52,0.594,0.003,82.33,2.04,4.16,241.4,88.87,159.7
8.56,0.597,0.003,82.74,2.04,4.2,240.6,88.86,159.86
8.62,0.602,0.003,83.36,2.04,4.27,240.8,88.84,160.09
8.66,0.605,0.003,83.77,2.04,4.31,241.4,88.84,160.24
8.72,0.61,0.003,84.39,2.05,4.37,240.6,88.82,160.46
8.76,0.614,0.003,84.8,2.05,4.41,240.9,88.81,160.61
8.82,0.619,0.003,85.42,2.05,4.47,241.1,88.8,160.81
8.86,0.622,0.003,85.83,2.05,4.51,241.2,88.79,160.94
8.92,0.627,0.003,86.45,2.05,4.58,241.3,88.78,161.13
8.96,0.631,0.003,86.87,2.05,4.62,240.8,88.77,161.26
9.02,0.636,0.003,87.49,2.05,4.68,241.8,88.76,161.43
9.08,0.641,0.003,88.12,2.06,4.75,241.8,88.75,161.6
9.12,0.645,0.003,88.53,2.06,4.79,241.6,88.74,161.71
9.16,0.649,0.003,88.95,2.06,4.84,241.6,88.73,161.82
9.22,0.654,0.004,89.57,2.06,4.9,242.0,88.72,161.97
9.26,0.657,0.004,89.99,2.06,4.95,241.2,88.72,162.06
9.32,0.663,0.004,90.62,2.06,5.01,241.7,88.71,162.2
9.38,0.668,0.004,91.25,2.06,5.08,241.3,88.69,162.32
9.42,0.672,0.004,91.67,2.06,5.12,241.7,88.69,162.41
9.46,0.676,0.004,92.08,2.06,5.17,241.5,88.68,162.49
9.52,0.681,0.004,92.71,2.07,5.24,241.4,88.67,162.6
9.58,0.687,0.004,93.35,2.07,5.31,241.9,88.66,162.7
9.62,0.691,0.004,93.77,2.07,5.35,242.0,88.65,162.77
9.66,0.694,0.004,94.19,2.07,5.4,242.0,88.65,162.83
9.72,0.7,0.004,94.82,2.07,5.47,242.2,88.64,162.92
9.78,0.706,0.004,95.46,2.07,5.54,242.2,88.63,163.0
9.82,0.71,0.005,95.88,2.07,5.59,241.6,88.62,163.06
9.88,0.715,0.005,96.51,2.08,5.66,241.9,88.61,163.13
9.92,0.719,0.005,96.93,2.08,5.7,241.3,88.6,163.17
9.96,0.723,0.005,97.36,2.08,5.75,242.3,88.6,163.22
10.02,0.729,0.005,98.0,2.08,5.82,242.4,88.59,163.28
10.08,0.735,0.005,98.63,2.08,5.9,241.6,88.58,163.33
10.12,0.739,0.005,99.06,2.08,5.95,242.1,88.57,163.37
10.18,0.745,0.005,99.7,2.08,6.02,241.3,88.56,163.41
10.22,0.749,0.005,100.12,2.08,6.07,241.8,88.56,163.43
10.28,0.755,0.005,100.76,2.08,6.14,242.0,88.55,163.48
10.34,0.761,0.006,101.4,2.09,6.22,242.4,88.54,163.51
10.38,0.765,0.006,101.83,2.09,6.27,242.0,88.53,163.53
10.42,0.769,0.006,102.26,2.09,6.32,241.6,88.52,163.55
10.48,0.775,0.006,102.9,2.09,6.39,241.5,88.52,163.58
10.54,0.781,0.006,103.54,2.09,6.47,241.6,88.51,163.6
10.58,0.786,0.006,103.97,2.09,6.52,242.1,88.5,163.62
10.62,0.79,0.006,104.4,2.09,6.57,242.3,88.49,163.63
10.68,0.796,0.006,105.05,2.09,6.65,241.6,88.48,163.65
10.74,0.802,0.006,105.69,2.09,6.72,242.1,88.47,163.67
10.78,0.807,0.007,106.13,2.09,6.78,242.1,88.47,163.68
10.82,0.811,0.007,106.56,2.1,6.83,242.6,88.46,163.69
10.88,0.817,0.007,107.2,2.1,6.91,241.6,88.45,163.71
10.94,0.824,0.007,107.85,2.1,6.99,242.0,88.44,163.72
10.98,0.828,0.007,108.29,2.1,7.04,242.2,88.43,163.73
11.04,0.835,0.007,108.94,2.1,7.12,242.2,88.42,163.75
11.08,0.839,0.007,109.37,2.1,7.17,241.9,88.42,163.76
11.12,0.843,0.007,109.8,2.1,7.23,242.4,88.41,163.76
11.18,0.85,0.008,110.46,2.1,7.31,241.7,88.4,163.78
11.24,0.857,0.008,111.11,2.11,7.39,241.7,88.39,163.8
11.28,0.861,0.008,111.55,2.11,7.44,242.5,88.38,163.81
11.34,0.868,0.008,112.2,2.11,7.53,242.1,88.37,163.83
11.38,0.872,0.008,112.64,2.11,7.58,242.4,88.36,163.85
11.44,0.879,0.008,113.29,2.11,7.66,242.7,88.35,163.87
11.48,0.884,0.008,113.73,2.11,7.72,242.6,88.34,163.89
11.54,0.89,0.009,114.39,2.11,7.8,241.9,88.33,163.92
11.58,0.895,0.009,114.83,2.11,7.86,242.6,88.32,163.94
11.64,0.902,0.009,115.49,2.12,7.94,242.2,88.31,163.97
11.68,0.907,0.009,115.93,2.12,8.0,242.2,88.3,163.99
11.74,0.914,0.009,116.59,2.12,8.08,242.6,88.29,164.03
11.78,0.918,0.009,117.03,2.12,8.14,242.2,88.28,164.05
11.84,0.925,0.009,117.69,2.12,8.23,242.5,88.27,164.09
11.88,0.93,0.01,118.13,2.12,8.29,242.9,88.26,164.12
11.94,0.937,0.01,118.8,2.12,8.37,243.1,88.24,164.17
11.98,0.942,0.01,119.24,2.12,8.43,242.4,88.24,164.2
12.04,0.949,0.01,119.91,2.13,8.52,242.6,88.22,164.25
12.1,0.956,0.01,120.57,2.13,8.61,243.0,88.21,164.29
12.14,0.961,0.01,121.02,2.13,8.67,243.1,88.2,164.32
12.2,0.968,0.011,121.69,2.13,8.75,243.1,88.19,164.35
12.24,0.973,0.011,122.13,2.13,8.81,242.9,88.19,164.37
12.28,0.978,0.011,122.58,2.13,8.87,243.4,88.19,164.38
12.34,0.986,0.011,123.25,2.13,8.96,242.8,88.18,164.39
12.38,0.99,0.011,123.7,2.14,9.02,242.7,88.18,164.39
12.44,0.998,0.011,124.37,2.14,9.11,243.4,88.19,164.39
12.5,1.005,0.012,125.04,2.14,9.21,243.1,88.19,164.37
12.54,1.01,0.012,125.49,2.14,9.27,242.8,88.19,164.36
12.58,1.015,0.012,125.94,2.14,9.33,242.7,88.2,164.34
12.64,1.023,0.012,126.61,2.14,9.42,243.3,88.21,164.31
12.68,1.028,0.012,127.07,2.14,9.48,243.7,88.21,164.29
12.74,1.036,0.013,127.75,2.15,9.58,243.5,88.23,164.25
12.78,1.041,0.013,128.2,2.15,9.64,243.2,88.23,164.22
12.84,1.049,0.013,128.87,2.15,9.73,243.0,88.25,164.18
12.88,1.054,0.013,129.33,2.15,9.79,243.3,88.26,164.14
12.94,1.062,0.013,130.01,2.15,9.89,243.7,88.27,164.09
13.0,1.069,0.014,130.69,2.15,9.98,243.0,88.29,164.03
13.04,1.075,0.014,131.14,2.15,10.05,243.2,88.3,163.99
13.1,1.083,0.014,131.82,2.15,10.14,243.6,88.32,163.93
13.14,1.088,0.014,132.28,2.15,10.21,243.5,88.33,163.89
13.2,1.096,0.014,132.96,2.16,10.3,243.7,88.35,163.83
13.24,1.101,0.014,133.42,2.16,10.37,243.5,88.36,163.79
13.3,1.109,0.015,134.1,2.16,10.47,243.1,88.38,163.73
13.34,1.114,0.015,134.56,2.16,10.53,243.4,88.39,163.69
13.4,1.123,0.015,135.25,2.16,10.63,243.2,88.4,163.64
13.46,1.131,0.015,135.93,2.16,10.73,243.1,88.42,163.59
13.5,1.136,0.016,136.39,2.16,10.79,243.3,88.43,163.56
13.56,1.144,0.016,137.08,2.17,10.89,243.9,88.44,163.53
13.6,1.15,0.016,137.55,2.17,10.96,244.0,88.45,163.51
13.64,1.155,0.016,138.01,2.17,11.03,244.3,88.46,163.49
13.7,1.164,0.016,138.7,2.17,11.13,244.2,88.47,163.47
13.74,1.169,0.017,139.16,2.17,11.19,244.0,88.47,163.47
13.8,1.178,0.017,139.85,2.17,11.29,244.0,88.48,163.47
13.84,1.183,0.017,140.32,2.17,11.36,243.5,88.48,163.47
13.9,1.192,0.017,141.01,2.18,11.46,243.6,88.49,163.49
13.94,1.197,0.017,141.47,2.18,11.53,244.0,88.49,163.51
14.0,1.206,0.018,142.17,2.18,11.64,244.5,88.49,163.54
14.04,1.212,0.018,142.64,2.18,11.7,244.6,88.49,163.58
14.1,1.22,0.018,143.34,2.18,11.81,243.8,88.48,163.64
14.14,1.226,0.018,143.8,2.18,11.88,244.0,88.48,163.68
14.2,1.235,0.019,144.5,2.18,11.98,243.7,88.47,163.76
14.26,1.243,0.019,145.2,2.19,12.09,243.7,88.46,163.86
14.3,1.249,0.019,145.67,2.19,12.16,244.7,88.45,163.92
14.36,1.258,0.019,146.37,2.19,12.26,244.3,88.44,164.03
14.4,1.264,0.02,146.84,2.19,12.33,244.3,88.43,164.1
14.46,1.272,0.02,147.55,2.19,12.44,244.5,88.41,164.22
14.5,1.278,0.02,148.02,2.19,12.51,243.8,88.4,164.31
14.56,1.287,0.02,148.72,2.19,12.61,244.0,88.38,164.44
14.6,1.293,0.021,149.19,2.19,12.69,244.7,88.37,164.53
14.66,1.302,0.021,149.9,2.2,12.79,244.1,88.34,164.67
14.72,1.311,0.021,150.61,2.2,12.9,244.9,88.32,164.81
14.74,1.314,0.021,150.85,2.2,12.94,244.7,88.31,164.86
14.8,1.323,0.022,151.56,2.2,13.05,244.3,88.28,165.0
14.86,1.332,0.022,152.27,2.2,13.16,244.8,88.25,165.14
14.9,1.339,0.022,152.75,2.21,13.23,245.0,88.24,165.23
14.96,1.348,0.022,153.46,2.21,13.34,245.0,88.21,165.37
15.0,1.354,0.023,153.93,2.21,13.41,244.7,88.19,165.46
15.06,1.363,0.023,154.65,2.21,13.52,244.9,88.16,165.59
15.1,1.369,0.023,155.12,2.21,13.6,244.7,88.14,165.67
15.16,1.379,0.023,155.84,2.21,13.71,245.3,88.11,165.79
15.16,1.379,0.023,155.84,2.21,13.71,245.3,88.11,165.82
15.22,1.388,0.024,156.56,2.21,13.82,245.2,88.07,165.91
15.28,1.397,0.024,157.28,2.22,13.93,245.5,88.05,166.02
15.32,1.404,0.024,157.76,2.22,14.01,244.7,88.02,166.1
15.38,1.413,0.025,158.48,2.22,14.12,244.6,88.0,166.2
15.42,1.42,0.025,158.96,2.22,14.2,244.5,87.98,166.27
15.42,1.423,0.025,159.2,2.22,14.23,244.6,87.97,166.3
15.5,1.432,0.025,159.92,2.22,14.35,245.5,87.94,166.4
15.56,1.442,0.026,160.64,2.22,14.46,245.5,87.92,166.48
15.62,1.452,0.026,161.36,2.22,14.58,244.9,87.89,166.56
15.66,1.458,0.026,161.85,2.23,14.65,244.9,87.88,166.61
15.7,1.465,0.026,162.33,2.23,14.73,245.1,87.86,166.66
15.76,1.474,0.027,163.06,2.23,14.85,244.9,87.84,166.73
15.82,1.484,0.027,163.78,2.23,14.96,244.8,87.82,166.8
15.86,1.491,0.027,164.27,2.23,15.04,244.9,87.81,166.84
15.92,1.501,0.028,165.0,2.23,15.16,245.8,87.79,166.9
15.96,1.507,0.028,165.48,2.23,15.23,245.1,87.78,166.93
16.0,1.514,0.028,165.97,2.23,15.31,245.1,87.77,166.97
16.06,1.524,0.028,166.7,2.24,15.43,245.2,87.76,167.01
16.12,1.534,0.029,167.43,2.24,15.55,245.2,87.75,167.05
16.16,1.541,0.029,167.92,2.24,15.63,245.4,87.75,167.08
16.22,1.551,0.029,168.65,2.24,15.75,245.6,87.74,167.11
16.26,1.557,0.03,169.14,2.24,15.83,245.7,87.74,167.13
16.32,1.568,0.03,169.88,2.24,15.95,245.7,87.73,167.15
16.36,1.574,0.03,170.37,2.24,16.03,245.4,87.73,167.17
16.42,1.585,0.031,171.11,2.25,16.15,245.5,87.73,167.2
16.48,1.595,0.031,171.84,2.25,16.27,245.4,87.73,167.23
16.52,1.602,0.031,172.34,2.25,16.35,246.3,87.73,167.24
16.56,1.609,0.032,172.83,2.25,16.43,246.3,87.73,167.26
16.62,1.619,0.032,173.57,2.25,16.55,245.7,87.73,167.28
16.66,1.626,0.032,174.07,2.25,16.63,246.0,87.73,167.29
16.72,1.637,0.033,174.81,2.26,16.76,245.6,87.74,167.31
16.78,1.647,0.033,175.56,2.26,16.88,246.5,87.74,167.33
16.82,1.654,0.033,176.05,2.26,16.96,245.6,87.74,167.34
16.86,1.661,0.034,176.55,2.26,17.04,246.6,87.74,167.36
16.92,1.672,0.034,177.3,2.26,17.17,246.1,87.75,167.39
16.98,1.682,0.034,178.04,2.26,17.29,245.8,87.75,167.41
17.02,1.69,0.035,178.54,2.27,17.38,246.5,87.75,167.42
17.06,1.697,0.035,179.04,2.27,17.46,246.1,87.75,167.44
17.12,1.707,0.035,179.79,2.27,17.59,246.6,87.76,167.47
17.18,1.718,0.036,180.54,2.27,17.71,246.8,87.76,167.5
17.22,1.725,0.036,181.05,2.27,17.8,246.5,87.76,167.52
17.28,1.736,0.036,181.8,2.27,17.92,246.5,87.76,167.55
17.32,1.744,0.037,182.3,2.27,18.01,246.7,87.76,167.57
17.36,1.751,0.037,182.8,2.28,18.09,246.5,87.76,167.6
17.42,1.762,0.037,183.56,2.28,18.22,246.5,87.75,167.64
17.48,1.773,0.038,184.31,2.28,18.35,246.3,87.75,167.69
17.52,1.78,0.038,184.82,2.28,18.43,246.4,87.74,167.72
17.56,1.788,0.039,185.32,2.28,18.52,246.9,87.74,167.75
17.62,1.799,0.039,186.08,2.28,18.65,246.2,87.73,167.79
17.68,1.81,0.039,186.84,2.28,18.78,247.1,87.72,167.85
17.72,1.818,0.04,187.35,2.29,18.87,246.4,87.71,167.89
17.78,1.829,0.04,188.11,2.29,19.0,246.9,87.7,167.95
17.82,1.836,0.04,188.62,2.29,19.08,247.0,87.69,167.98
17.88,1.848,0.041,189.39,2.29,19.21,247.4,87.67,168.05
17.92,1.855,0.041,189.9,2.29,19.3,246.9,87.66,168.09
17.98,1.867,0.042,190.66,2.3,19.43,247.1,87.65,168.15
18.02,1.874,0.042,191.17,2.3,19.52,246.9,87.64,168.19
18.06,1.882,0.042,191.68,2.3,19.61,246.6,87.62,168.23
18.14,1.897,0.043,192.71,2.3,19.79,247.5,87.59,168.33
18.18,1.905,0.043,193.22,2.3,19.88,247.3,87.58,168.37
18.22,1.913,0.044,193.74,2.3,19.97,247.8,87.56,168.42
18.28,1.924,0.044,194.51,2.3,20.1,246.8,87.53,168.5
18.32,1.932,0.044,195.02,2.31,20.19,247.8,87.51,168.55
18.38,1.944,0.045,195.79,2.31,20.32,247.8,87.48,168.63
18.42,1.952,0.045,196.31,2.31,20.41,247.8,87.45,168.68
18.48,1.964,0.046,197.09,2.31,20.55,247.9,87.41,168.77
18.52,1.971,0.046,197.6,2.31,20.64,247.6,87.39,168.81
18.58,1.983,0.047,198.38,2.31,20.78,247.3,87.35,168.9
18.64,1.995,0.047,199.16,2.32,20.91,247.2,87.31,168.98
18.68,2.003,0.047,199.68,2.32,21.01,247.6,87.28,169.03
18.72,2.011,0.048,200.2,2.32,21.1,247.3,87.25,169.08
18.78,2.023,0.048,200.98,2.32,21.23,248.1,87.21,169.16
18.82,2.031,0.049,201.5,2.32,21.33,247.8,87.18,169.21
18.88,2.043,0.049,202.28,2.32,21.47,247.7,87.14,169.28
18.94,2.056,0.05,203.06,2.32,21.6,247.6,87.1,169.35
18.98,2.064,0.05,203.58,2.33,21.7,247.6,87.08,169.39
19.02,2.072,0.05,204.11,2.33,21.79,247.7,87.06,169.43
19.08,2.084,0.051,204.89,2.33,21.93,248.5,87.02,169.49
19.12,2.092,0.051,205.42,2.33,22.02,247.6,87.0,169.53
19.18,2.105,0.052,206.21,2.33,22.16,247.8,86.97,169.58
19.24,2.117,0.053,207.0,2.33,22.31,248.2,86.95,169.63
19.28,2.125,0.053,207.52,2.34,22.4,248.0,86.93,169.66
19.32,2.134,0.053,208.05,2.34,22.49,248.0,86.92,169.69
19.38,2.146,0.054,208.84,2.34,22.64,248.0,86.9,169.74
19.44,2.159,0.054,209.63,2.34,22.78,247.9,86.89,169.77
19.48,2.167,0.055,210.16,2.34,22.87,248.5,86.88,169.79
19.54,2.18,0.055,210.96,2.34,23.02,248.1,86.87,169.81
19.58,2.188,0.056,211.49,2.34,23.11,248.8,86.87,169.84
19.62,2.197,0.056,212.02,2.35,23.21,247.9,86.86,169.85
19.68,2.209,0.057,212.82,2.35,23.35,248.7,86.86,169.87
19.74,2.222,0.057,213.61,2.35,23.5,248.4,86.86,169.9
19.78,2.231,0.058,214.15,2.35,23.59,248.4,86.86,169.91
19.84,2.244,0.058,214.94,2.35,23.74,248.3,86.87,169.93
19.88,2.252,0.059,215.48,2.35,23.84,248.5,86.87,169.94
19.94,2.265,0.06,216.28,2.36,23.98,248.9,86.88,169.96
19.98,2.274,0.06,216.81,2.36,24.08,249.1,86.88,169.97
20.04,2.287,0.061,217.62,2.36,24.23,248.9,86.89,169.99
20.08,2.296,0.061,218.15,2.36,24.33,248.7,86.9,170.0
20.14,2.309,0.062,218.96,2.36,24.47,249.0,86.91,170.03
20.18,2.317,0.062,219.49,2.36,24.57,248.7,86.91,170.04
20.24,2.331,0.063,220.3,2.36,24.72,249.6,86.92,170.05
20.28,2.339,0.063,220.83,2.36,24.82,248.5,86.92,170.06
20.34,2.353,0.064,221.64,2.37,24.97,249.1,86.93,170.07
20.38,2.362,0.064,222.18,2.37,25.07,249.5,86.93,170.09
20.44,2.375,0.065,222.98,2.37,25.21,249.4,86.93,170.12
20.5,2.388,0.066,223.79,2.37,25.36,249.9,86.93,170.13
20.54,2.397,0.066,224.33,2.37,25.46,249.5,86.93,170.15
20.6,2.411,0.067,225.14,2.37,25.61,249.2,86.93,170.17
20.64,2.42,0.067,225.68,2.37,25.71,249.8,86.92,170.2
20.68,2.429,0.068,226.22,2.37,25.81,249.1,86.92,170.22
20.74,2.442,0.068,227.03,2.37,25.96,249.4,86.91,170.25
20.78,2.451,0.069,227.57,2.37,26.06,249.7,86.9,170.27
20.84,2.465,0.07,228.38,2.37,26.21,249.4,86.89,170.3
20.9,2.479,0.07,229.19,2.37,26.36,249.5,86.87,170.34
20.94,2.488,0.071,229.73,2.37,26.46,249.4,86.86,170.37
20.98,2.497,0.071,230.26,2.37,26.56,249.4,86.84,170.39
21.04,2.511,0.072,231.07,2.37,26.71,249.5,86.82,170.44
21.1,2.525,0.073,231.88,2.37,26.86,250.3,86.8,170.47
21.14,2.534,0.073,232.42,2.37,26.96,249.8,86.78,170.5
21.2,2.548,0.074,233.23,2.37,27.11,249.7,86.75,170.55
21.24,2.557,0.074,233.77,2.37,27.21,249.6,86.73,170.57
21.3,2.572,0.075,234.58,2.37,27.36,249.6,86.71,170.61
21.34,2.581,0.076,235.12,2.37,27.46,250.2,86.69,170.63
21.4,2.595,0.076,235.92,2.37,27.61,249.9,86.66,170.67
21.44,2.604,0.077,236.46,2.37,27.71,250.4,86.64,170.7
21.5,2.619,0.078,237.27,2.37,27.86,250.7,86.61,170.73
21.54,2.628,0.078,237.81,2.37,27.96,250.0,86.6,170.75
21.6,2.642,0.079,238.62,2.37,28.11,250.0,86.57,170.78
21.66,2.657,0.08,239.42,2.37,28.26,250.8,86.55,170.82
21.7,2.666,0.08,239.96,2.37,28.36,250.4,86.53,170.83
21.74,2.676,0.081,240.5,2.37,28.46,250.0,86.52,170.85
21.8,2.69,0.082,241.3,2.37,28.61,250.9,86.5,170.88
21.84,2.7,0.082,241.84,2.37,28.71,250.6,86.49,170.88
21.9,2.715,0.083,242.64,2.37,28.86,250.6,86.47,170.9
21.96,2.729,0.084,243.44,2.37,29.01,251.2,86.46,170.92
22.0,2.739,0.084,243.98,2.37,29.11,250.4,86.45,170.93
22.04,2.749,0.085,244.51,2.37,29.21,251.1,86.44,170.94
22.1,2.763,0.086,245.31,2.36,29.36,250.2,86.43,170.95
22.14,2.773,0.086,245.85,2.36,29.45,251.0,86.43,170.96
22.2,2.788,0.087,246.65,2.36,29.6,250.7,86.42,170.97
22.26,2.803,0.088,247.44,2.36,29.75,250.8,86.42,170.98
22.3,2.813,0.089,247.97,2.36,29.85,250.8,86.42,170.99
22.34,2.822,0.089,248.5,2.36,29.95,250.7,86.42,171.0
22.4,2.837,0.09,249.3,2.35,30.09,251.6,86.42,171.01
22.46,2.852,0.091,250.1,2.35,30.24,251.4,86.42,171.02
22.5,2.862,0.091,250.62,2.35,30.34,250.6,86.42,171.03
22.54,2.872,0.092,251.15,2.35,30.44,251.0,86.42,171.03
22.6,2.887,0.093,251.94,2.35,30.58,251.1,86.42,171.05
22.66,2.903,0.094,252.74,2.35,30.73,251.1,86.42,171.06
22.7,2.913,0.094,253.26,2.35,30.83,251.4,86.42,171.07
22.74,2.923,0.095,253.79,2.35,30.92,252.0,86.42,171.08
22.8,2.938,0.096,254.58,2.34,31.07,251.7,86.42,171.09
22.86,2.953,0.097,255.37,2.34,31.21,251.6,86.42,171.11
22.9,2.964,0.097,255.89,2.34,31.31,251.3,86.42,171.12
22.94,2.974,0.098,256.41,2.34,31.41,251.4,86.41,171.13
23.0,2.989,0.099,257.2,2.34,31.55,252.0,86.41,171.15
23.06,3.005,0.1,257.98,2.33,31.7,251.9,86.4,171.17
23.1,3.015,0.101,258.51,2.33,31.79,252.3,86.39,171.19
23.16,3.03,0.101,259.29,2.33,31.93,252.3,86.38,171.21
23.2,3.041,0.102,259.81,2.33,32.03,252.1,86.38,171.22
23.26,3.056,0.103,260.59,2.33,32.17,252.1,86.36,171.25
23.3,3.067,0.104,261.11,2.33,32.27,252.9,86.35,171.26
23.36,3.082,0.105,261.88,2.33,32.41,252.5,86.34,171.29
23.4,3.093,0.105,262.4,2.32,32.5,252.2,86.33,171.3
23.46,3.109,0.106,263.17,2.32,32.64,252.6,86.31,171.32
23.5,3.119,0.107,263.69,2.32,32.74,252.8,86.3,171.34
23.56,3.135,0.108,264.46,2.32,32.88,253.1,86.28,171.36
23.6,3.146,0.109,264.98,2.32,32.97,253.0,86.27,171.37
23.66,3.161,0.11,265.75,2.31,33.11,253.2,86.25,171.39
23.7,3.172,0.11,266.26,2.31,33.2,252.5,86.23,171.41
23.76,3.188,0.112,267.03,2.31,33.34,253.1,86.21,171.43
23.82,3.204,0.113,267.79,2.31,33.48,253.3,86.19,171.45
23.86,3.215,0.113,268.3,2.3,33.57,252.6,86.18,171.46
23.9,3.226,0.114,268.8,2.3,33.66,252.4,86.16,171.46
23.96,3.242,0.115,269.56,2.3,33.8,253.1,86.15,171.48
24.02,3.258,0.116,270.32,2.29,33.93,252.5,86.13,171.49
24.06,3.269,0.117,270.82,2.29,34.02,252.9,86.12,171.5
24.12,3.285,0.118,271.58,2.29,34.16,253.4,86.11,171.5
24.16,3.296,0.119,272.08,2.29,34.29,252.8,86.1,171.51
24.22,3.312,0.119,272.84,2.28,34.38,253.0,86.09,171.52
24.26,3.323,0.12,273.33,2.28,34.47,252.5,86.08,171.52
24.32,3.339,0.122,274.33,2.28,34.65,253.3,86.08,171.53
24.38,3.356,0.122,274.83,2.27,34.74,253.0,86.07,171.53
24.42,3.367,0.123,275.33,2.27,34.82,253.5,86.06,171.53
24.46,3.378,0.124,275.83,2.27,34.91,253.3,86.06,171.54
24.52,3.394,0.125,276.57,2.27,35.04,253.6,86.06,171.54
24.58,3.411,0.126,277.31,2.27,35.17,253.1,86.05,171.55
24.62,3.422,0.127,277.81,2.26,35.26,253.6,86.05,171.55
24.66,3.433,0.127,278.3,2.26,35.34,253.3,86.05,171.56
24.72,3.45,0.128,279.03,2.26,35.47,253.8,86.05,171.56
24.78,3.467,0.13,279.77,2.26,35.6,253.4,86.04,171.57
24.82,3.478,0.13,280.26,2.25,35.68,254.1,86.04,171.58
24.86,3.489,0.131,280.75,2.25,35.77,253.4,86.04,171.58
24.92,3.506,0.132,281.48,2.25,35.89,253.6,86.03,171.59
24.98,3.523,0.133,282.21,2.24,36.02,253.2,86.03,171.61
25.02,3.534,0.134,282.69,2.24,36.1,253.7,86.03,171.61
25.08,3.551,0.135,283.42,2.24,36.23,253.4,86.02,171.63
25.12,3.562,0.136,283.91,2.24,36.31,254.3,86.02,171.64
25.18,3.579,0.137,284.63,2.24,36.43,253.6,86.01,171.65
25.22,3.591,0.138,285.12,2.23,36.52,254.4,86.0,171.66
25.28,3.608,0.139,285.84,2.23,36.64,254.5,85.99,171.68
25.32,3.619,0.14,286.32,2.23,36.72,254.4,85.99,171.69
25.38,3.636,0.141,287.04,2.23,36.84,254.2,85.98,171.71
25.42,3.648,0.142,287.52,2.23,36.92,254.1,85.97,171.72
25.48,3.665,0.143,288.24,2.22,37.04,255.0,85.95,171.73
25.52,3.677,0.144,288.71,2.22,37.12,254.6,85.95,171.74
25.58,3.694,0.145,289.43,2.22,37.24,254.3,85.93,171.76
25.64,3.711,0.146,290.14,2.22,37.36,254.4,85.92,171.78
25.68,3.723,0.147,290.62,2.22,37.44,254.7,85.91,171.79
25.74,3.74,0.148,291.33,2.21,37.56,254.8,85.89,171.8
25.8,3.758,0.149,292.04,2.21,37.67,254.8,85.88,171.81
25.86,3.775,0.151,292.75,2.21,37.79,254.5,85.86,171.82
25.92,3.793,0.152,293.46,2.21,37.91,255.0,85.85,171.83
25.96,3.804,0.153,293.93,2.2,37.98,254.5,85.84,171.84
26.02,3.822,0.154,294.63,2.2,38.1,255.3,85.82,171.84
26.06,3.834,0.155,295.1,2.2,38.17,255.6,85.82,171.85
26.12,3.852,0.156,295.81,2.2,38.29,255.4,85.8,171.85
26.16,3.863,0.157,296.27,2.2,38.36,255.1,85.8,171.86
26.2,3.875,0.158,296.74,2.19,38.44,255.5,85.79,171.86
26.26,3.893,0.159,297.44,2.19,38.55,255.4,85.78,171.86
26.32,3.911,0.16,298.14,2.19,38.7,255.3,85.77,171.87
26.38,3.929,0.161,298.84,2.19,38.77,255.2,85.76,171.87
26.42,3.941,0.162,299.31,2.19,38.85,255.3,85.76,171.87
26.48,3.959,0.164,300.01,2.19,38.96,255.0,85.75,171.88
26.54,3.977,0.165,300.7,2.18,39.07,255.7,85.75,171.88
26.58,3.989,0.166,301.17,2.18,39.14,255.9,85.74,171.88
26.64,4.007,0.167,301.86,2.18,39.25,255.9,85.74,171.89
26.68,4.019,0.168,302.32,2.18,39.32,255.6,85.73,171.89
26.74,4.037,0.169,303.02,2.18,39.43,255.6,85.73,171.9
26.78,4.049,0.17,303.48,2.18,39.5,256.1,85.73,171.91
26.84,4.067,0.171,304.17,2.18,39.61,255.6,85.72,171.91
26.88,4.079,0.172,304.63,2.18,39.68,255.6,85.72,171.92
26.94,4.097,0.174,305.32,2.17,39.79,255.3,85.71,171.93
26.98,4.11,0.175,305.78,2.17,39.86,255.9,85.7,171.94
27.04,4.128,0.176,306.47,2.17,39.96,256.4,85.7,171.95
27.1,4.146,0.177,307.16,2.17,40.07,256.6,85.69,171.97
27.14,4.159,0.178,307.63,2.17,40.14,256.0,85.68,171.98
27.18,4.171,0.179,308.08,2.17,40.21,256.2,85.68,171.98
27.24,4.189,0.181,308.77,2.17,40.31,256.1,85.67,172.0
27.28,4.202,0.181,309.23,2.17,40.41,256.4,85.66,172.01
27.34,4.22,0.183,309.92,2.17,40.48,256.0,85.65,172.02
27.38,4.233,0.184,310.38,2.17,40.55,255.9,85.64,172.03
27.44,4.251,0.185,311.07,2.17,40.65,256.2,85.63,172.04
27.48,4.264,0.186,311.53,2.17,40.72,257.1,85.62,172.05
27.54,4.282,0.187,312.22,2.17,40.82,256.4,85.6,172.06
27.6,4.301,0.189,312.91,2.17,40.93,256.5,85.6,172.07
27.64,4.313,0.19,313.37,2.17,40.99,256.4,85.58,172.08
27.68,4.326,0.191,313.83,2.17,41.06,256.9,85.57,172.08
27.74,4.345,0.192,314.52,2.17,41.16,256.3,85.56,172.09
27.8,4.364,0.194,315.21,2.17,41.3,256.8,85.55,172.1
27.84,4.376,0.195,315.67,2.17,41.33,257.3,85.54,172.11
27.9,4.395,0.196,316.36,2.17,41.43,256.4,85.53,172.12
27.94,4.408,0.197,316.82,2.17,41.5,256.6,85.52,172.13
28.0,4.427,0.198,317.51,2.17,41.6,256.8,85.51,172.14
28.04,4.439,0.199,317.98,2.17,41.67,257.4,85.5,172.14
28.1,4.458,0.201,318.67,2.17,41.76,257.6,85.49,172.15
28.16,4.478,0.202,319.37,2.17,41.86,257.5,85.49,172.16
28.2,4.49,0.203,319.83,2.17,41.93,257.6,85.48,172.17
28.24,4.503,0.204,320.29,2.18,42.0,257.9,85.47,172.17
28.3,4.522,0.206,320.99,2.18,42.1,257.4,85.47,172.18
28.34,4.535,0.207,321.45,2.18,42.16,257.7,85.46,172.19
28.4,4.554,0.208,322.15,2.18,42.26,257.1,85.45,172.2
28.44,4.567,0.209,322.61,2.18,42.36,257.8,85.45,172.2
28.5,4.587,0.211,323.31,2.18,42.43,257.0,85.44,172.21
28.54,4.599,0.212,323.77,2.18,42.49,257.8,85.44,172.22
28.6,4.619,0.213,324.47,2.18,42.59,257.5,85.43,172.23
28.66,4.638,0.215,325.17,2.18,42.69,257.1,85.42,172.24
28.7,4.651,0.216,325.64,2.18,42.75,257.8,85.42,172.25
28.74,4.664,0.217,326.1,2.18,42.82,258.4,85.41,172.26
28.8,4.684,0.218,326.8,2.18,42.91,257.7,85.4,172.27
28.86,4.703,0.22,327.51,2.18,43.01,257.6,85.39,172.28
28.9,4.723,0.222,328.21,2.19,43.11,258.3,85.39,172.29
28.96,4.736,0.223,328.67,2.19,43.21,257.9,85.37,172.3
29.02,4.756,0.224,329.38,2.19,43.27,258.2,85.36,172.31
29.06,4.769,0.225,329.84,2.19,43.33,258.0,85.36,172.32
29.12,4.789,0.227,330.55,2.19,43.46,257.5,85.34,172.33
29.16,4.802,0.228,331.02,2.19,43.53,258.0,85.34,172.34
29.22,4.822,0.229,331.72,2.19,43.59,258.6,85.32,172.34
29.28,4.842,0.231,332.43,2.19,43.69,258.5,85.31,172.35
29.32,4.855,0.232,332.9,2.19,43.75,258.1,85.3,172.36
29.36,4.868,0.233,333.37,2.19,43.81,258.1,85.3,172.36
29.42,4.888,0.235,334.31,2.19,43.94,257.9,85.28,172.37
29.48,4.908,0.236,334.78,2.19,44.0,258.8,85.27,172.38
29.52,4.921,0.238,335.25,2.19,44.07,258.5,85.27,172.39
29.58,4.941,0.239,335.96,2.2,44.16,259.0,85.26,172.4
29.62,4.955,0.24,336.43,2.2,44.22,258.5,85.25,172.41
29.66,4.968,0.241,336.91,2.2,44.29,258.8,85.24,172.41
29.72,4.989,0.243,337.62,2.2,44.38,258.8,85.23,172.42
29.78,5.009,0.245,338.33,2.2,44.47,259.3,85.22,172.43
29.84,5.029,0.246,339.04,2.2,44.57,259.2,85.22,172.44
29.88,5.043,0.247,339.52,2.2,44.63,259.0,85.21,172.44
29.94,5.063,0.249,340.23,2.2,44.72,259.2,85.2,172.45
29.98,5.076,0.25,340.71,2.21,44.78,259.5,85.2,172.46
30.04,5.097,0.252,341.42,2.21,44.88,259.7,85.19,172.47
30.08,5.11,0.253,341.9,2.21,44.94,258.7,85.18,172.47
30.12,5.124,0.254,342.37,2.21,45.0,259.3,85.18,172.48
30.18,5.145,0.256,343.09,2.21,45.09,258.9,85.17,172.49
30.24,5.165,0.258,343.81,2.21,45.18,259.2,85.16,172.49
30.28,5.179,0.259,344.28,2.21,45.25,259.9,85.15,172.5
30.34,5.199,0.261,345.0,2.21,45.34,260.0,85.14,172.51
30.38,5.213,0.262,345.48,2.21,45.4,259.3,85.14,172.52
30.42,5.227,0.263,345.96,2.21,45.46,259.4,85.13,172.52
30.48,5.248,0.265,346.68,2.22,45.55,259.7,85.12,172.53
30.54,5.268,0.266,347.4,2.22,45.64,259.5,85.11,172.54
30.58,5.282,0.267,347.88,2.22,45.7,260.2,85.1,172.55
30.64,5.303,0.269,348.6,2.22,45.79,259.9,85.09,172.56
30.68,5.317,0.27,349.09,2.22,45.85,259.9,85.08,172.57
30.74,5.338,0.272,349.81,2.22,45.94,260.4,85.07,172.58
30.78,5.352,0.273,350.29,2.22,46.0,259.6,85.07,172.58
30.84,5.373,0.275,351.02,2.22,46.09,260.3,85.05,172.59
30.88,5.387,0.276,351.5,2.22,46.15,260.5,85.05,172.6
30.94,5.408,0.278,352.23,2.23,46.24,260.2,85.04,172.61
31.0,5.429,0.28,352.96,2.23,46.33,260.7,85.03,172.62
31.04,5.443,0.281,353.44,2.23,46.39,260.7,85.02,172.62
31.08,5.457,0.282,353.93,2.23,46.45,260.3,85.01,172.63
31.14,5.478,0.284,354.65,2.23,46.53,260.0,85.0,172.64
31.2,5.5,0.286,355.38,2.23,46.62,260.4,84.99,172.65
31.24,5.514,0.287,355.87,2.23,46.68,260.1,84.99,172.66
31.28,5.535,0.289,356.6,2.23,46.77,260.0,84.98,172.66
31.34,5.549,0.29,357.08,2.23,46.85,260.8,84.97,172.67
31.4,5.571,0.292,357.81,2.23,46.91,260.2,84.96,172.68
31.44,5.585,0.293,358.3,2.23,46.97,261.0,84.96,172.68
31.5,5.606,0.295,359.03,2.24,47.06,261.1,84.95,172.69
31.54,5.621,0.297,359.52,2.24,47.11,260.6,84.94,172.7
31.6,5.642,0.298,360.26,2.24,47.2,260.3,84.93,172.7
31.64,5.657,0.3,360.75,2.24,47.26,260.6,84.93,172.71
31.7,5.678,0.302,361.48,2.24,47.34,261.0,84.92,172.71
31.74,5.693,0.303,361.97,2.24,47.4,261.0,84.91,172.72
31.8,5.714,0.305,362.71,2.24,47.48,260.8,84.9,172.73
31.84,5.729,0.306,363.2,2.24,47.54,260.7,84.9,172.73
31.9,5.751,0.308,363.94,2.24,47.62,260.7,84.89,172.74
31.96,5.772,0.31,364.67,2.25,47.71,261.5,84.88,172.75
32.0,5.787,0.311,365.17,2.25,47.76,261.6,84.87,172.76
32.04,5.801,0.313,365.66,2.25,47.82,260.9,84.86,172.76
32.1,5.823,0.314,366.4,2.25,47.9,261.5,84.85,172.77
32.14,5.838,0.316,366.9,2.25,47.96,261.1,84.84,172.78
32.2,5.86,0.318,367.64,2.25,48.04,261.4,84.83,172.79
32.26,5.882,0.32,368.38,2.25,48.12,261.4,84.82,172.8
32.3,5.897,0.321,368.88,2.25,48.21,261.6,84.81,172.81
32.36,5.919,0.323,369.62,2.25,48.26,261.8,84.8,172.82
32.42,5.941,0.325,370.37,2.26,48.34,262.3,84.79,172.83
32.46,5.956,0.326,370.86,2.26,48.4,262.0,84.79,172.83
32.52,5.978,0.328,371.61,2.26,48.48,262.4,84.78,172.84
32.56,5.993,0.33,372.11,2.26,48.53,261.9,84.77,172.84
32.62,6.015,0.332,372.86,2.26,48.61,262.6,84.76,172.85
32.68,6.037,0.334,373.61,2.26,48.69,262.4,84.75,172.86
32.74,6.059,0.336,374.36,2.27,48.77,262.4,84.74,172.87
32.78,6.074,0.337,374.86,2.27,48.83,262.1,84.74,172.88
32.84,6.097,0.339,375.61,2.27,48.91,261.9,84.73,172.88
32.9,6.119,0.341,376.36,2.27,48.99,262.2,84.72,172.89
32.94,6.134,0.343,376.86,2.27,49.04,262.2,84.71,172.9
33.0,6.157,0.345,377.61,2.27,49.14,261.8,84.7,172.91
33.06,6.179,0.347,378.36,2.27,49.2,262.0,84.69,172.92
33.12,6.202,0.349,379.11,2.27,49.27,262.5,84.68,172.93
33.16,6.217,0.35,379.61,2.27,49.32,262.9,84.67,172.94
33.22,6.24,0.352,380.36,2.27,49.4,262.2,84.66,172.95
33.26,6.263,0.354,381.11,2.27,49.48,262.6,84.65,172.97
33.32,6.278,0.356,381.62,2.27,49.53,262.4,84.64,172.97
33.38,6.301,0.358,382.37,2.27,49.6,262.5,84.63,172.98
33.42,6.316,0.359,382.87,2.27,49.65,262.7,84.62,172.99
33.48,6.339,0.361,383.63,2.27,49.73,262.5,84.61,173.0
33.52,6.354,0.363,384.13,2.27,49.78,262.6,84.6,173.01
33.58,6.377,0.365,384.88,2.27,49.85,262.9,84.59,173.02
33.62,6.392,0.366,385.39,2.28,49.9,262.5,84.59,173.02
33.68,6.415,0.369,386.14,2.28,49.97,263.4,84.58,173.03
33.72,6.431,0.37,386.65,2.28,50.02,263.2,84.57,173.03
33.78,6.454,0.372,387.4,2.28,50.09,262.5,84.56,173.04
33.82,6.469,0.374,387.91,2.28,50.14,262.9,84.56,173.05
33.86,6.485,0.375,388.41,2.28,50.19,263.2,84.55,173.05
33.92,6.508,0.377,389.17,2.28,50.26,263.5,84.54,173.06
33.98,6.531,0.38,389.93,2.28,50.33,263.0,84.53,173.06
34.02,6.547,0.381,390.44,2.28,50.38,263.8,84.53,173.07
34.08,6.57,0.383,391.2,2.28,50.45,263.4,84.52,173.08
34.12,6.586,0.385,391.71,2.28,50.49,263.7,84.51,173.08
34.18,6.609,0.387,392.47,2.29,50.56,263.2,84.5,173.09
34.22,6.625,0.388,392.98,2.29,50.61,264.1,84.49,173.1
34.28,6.648,0.391,393.74,2.29,50.68,263.5,84.48,173.11
34.34,6.672,0.393,394.5,2.29,50.75,263.8,84.47,173.12
34.38,6.688,0.394,395.01,2.29,50.79,264.3,84.47,173.12
34.42,6.703,0.396,395.52,2.29,50.84,263.5,84.46,173.13
34.48,6.727,0.398,396.28,2.29,50.9,263.7,84.45,173.14
34.54,6.751,0.401,397.04,2.29,50.97,264.0,84.44,173.15
34.58,6.767,0.402,397.55,2.29,51.01,263.8,84.43,173.16
34.64,6.79,0.404,398.32,2.29,51.08,264.2,84.42,173.16
34.68,6.806,0.406,398.83,2.29,51.12,263.6,84.41,173.17
34.74,6.83,0.408,399.59,2.29,51.19,264.4,84.4,173.18
34.78,6.846,0.41,400.1,2.29,51.23,263.8,84.4,173.19
34.84,6.87,0.412,400.87,2.29,51.29,264.9,84.38,173.2
34.88,6.886,0.414,401.38,2.3,51.34,263.8,84.38,173.2
34.94,6.91,0.416,402.15,2.3,51.4,264.5,84.37,173.21
34.98,6.926,0.418,402.67,2.3,51.44,264.2,84.36,173.21
35.04,6.95,0.42,403.44,2.3,51.5,264.8,84.35,173.22
35.1,6.974,0.422,404.21,2.3,51.57,265.1,84.34,173.23
35.14,6.99,0.424,404.72,2.3,51.61,265.2,84.34,173.23
35.18,7.006,0.425,405.24,2.3,51.65,264.7,84.33,173.24
35.24,7.031,0.428,406.02,2.3,51.71,264.3,84.32,173.24
35.3,7.055,0.43,406.79,2.31,51.77,265.3,84.31,173.25
35.34,7.071,0.432,407.31,2.31,51.81,264.6,84.31,173.26
35.4,7.095,0.434,408.08,2.31,51.87,265.6,84.3,173.26
35.44,7.112,0.436,408.6,2.31,51.91,264.9,84.29,173.27
35.5,7.136,0.438,409.38,2.31,51.97,265.7,84.28,173.28
35.54,7.152,0.44,409.89,2.31,52.01,265.1,84.27,173.29
35.6,7.177,0.442,410.67,2.31,52.06,264.9,84.26,173.3
35.64,7.193,0.444,411.19,2.31,52.1,265.1,84.25,173.3
35.7,7.218,0.446,411.96,2.31,52.16,264.8,84.24,173.31
35.76,7.243,0.449,412.74,2.31,52.21,265.4,84.24,173.32
35.8,7.259,0.45,413.26,2.31,52.25,265.4,84.23,173.33
35.86,7.284,0.453,414.04,2.31,52.3,265.9,84.21,173.34
35.9,7.3,0.455,414.56,2.32,52.34,265.9,84.21,173.34
35.94,7.317,0.456,415.08,2.32,52.37,265.5,84.2,173.35
36.0,7.342,0.459,415.86,2.32,52.42,265.6,84.19,173.35
36.06,7.366,0.461,416.65,2.32,52.49,265.7,84.18,173.36
36.12,7.391,0.464,417.43,2.32,52.52,265.4,84.17,173.37
36.16,7.408,0.465,417.95,2.32,52.55,266.2,84.17,173.37
36.22,7.433,0.468,418.73,2.32,52.6,265.0,84.16,173.38
36.28,7.458,0.47,419.52,2.32,52.65,266.4,84.15,173.39
36.32,7.475,0.472,420.04,2.32,52.68,266.0,84.14,173.39
36.36,7.491,0.474,420.57,2.32,52.71,265.3,84.13,173.4
36.42,7.516,0.476,421.35,2.33,52.76,266.0,84.13,173.4
36.48,7.542,0.479,422.14,2.33,52.8,265.7,84.12,173.41
36.52,7.558,0.482,422.93,2.33,52.85,266.0,84.11,173.42
36.58,7.584,0.483,423.45,2.33,52.88,266.0,84.1,173.42
36.62,7.601,0.485,423.98,2.33,52.9,266.2,84.09,173.43
36.68,7.626,0.488,424.77,2.33,52.95,265.8,84.08,173.44
36.72,7.643,0.489,425.3,2.33,52.97,266.0,84.07,173.44
36.78,7.668,0.492,426.09,2.33,53.02,266.1,84.06,173.45
36.82,7.685,0.494,426.62,2.33,53.04,266.3,84.06,173.46
36.88,7.711,0.496,427.41,2.34,53.08,266.3,84.05,173.47
36.92,7.728,0.498,427.94,2.34,53.11,266.5,84.04,173.47
36.98,7.753,0.501,428.74,2.34,53.15,266.5,84.03,173.48
37.02,7.77,0.503,429.27,2.34,53.17,266.6,84.02,173.49
37.08,7.796,0.505,430.07,2.35,53.21,266.6,84.01,173.5
37.14,7.822,0.508,430.87,2.35,53.25,267.1,84.0,173.5
37.18,7.839,0.51,431.41,2.35,53.27,266.6,84.0,173.51
37.22,7.856,0.511,431.94,2.35,53.3,266.8,83.99,173.51
37.28,7.882,0.514,432.74,2.35,53.33,266.9,83.98,173.52
37.34,7.908,0.517,433.55,2.35,53.36,267.1,83.97,173.53
37.38,7.925,0.519,434.09,2.36,53.39,266.8,83.97,173.53
37.42,7.942,0.52,434.63,2.36,53.41,266.8,83.96,173.54
37.48,7.968,0.523,435.44,2.36,53.44,267.6,83.95,173.55
37.54,7.994,0.526,436.24,2.36,53.47,266.9,83.94,173.55
37.58,8.012,0.528,436.79,2.36,53.5,267.2,83.93,173.56
37.64,8.038,0.53,437.6,2.37,53.53,267.4,83.92,173.57
37.7,8.064,0.533,438.41,2.37,53.56,267.3,83.91,173.58
37.74,8.081,0.535,438.96,2.37,53.58,267.8,83.91,173.58
37.8,8.108,0.538,439.78,2.37,53.61,267.6,83.89,173.59
37.84,8.125,0.54,440.32,2.38,53.63,267.0,83.89,173.59
37.9,8.151,0.542,441.14,2.38,53.65,268.2,83.88,173.6
37.94,8.169,0.544,441.68,2.38,53.67,267.0,83.87,173.61
38.0,8.195,0.547,442.51,2.38,53.7,267.5,83.86,173.62
38.04,8.213,0.549,443.05,2.38,53.71,267.8,83.85,173.62
38.1,8.239,0.552,443.88,2.39,53.74,267.8,83.84,173.63
38.14,8.257,0.554,444.43,2.39,53.76,268.2,83.84,173.63
38.2,8.284,0.557,445.25,2.39,53.78,267.5,83.83,173.64
38.24,8.301,0.558,445.8,2.39,53.79,267.8,83.82,173.64
38.3,8.328,0.561,446.63,2.39,53.82,268.1,83.81,173.65
38.34,8.346,0.563,447.19,2.39,53.83,268.4,83.8,173.66
38.4,8.372,0.566,448.01,2.4,53.85,267.5,83.8,173.66
38.46,8.399,0.569,448.84,2.4,53.87,268.3,83.78,173.67
38.5,8.417,0.571,449.4,2.4,53.88,267.9,83.78,173.68
38.54,8.435,0.573,449.95,2.4,53.9,267.8,83.77,173.68
38.6,8.462,0.576,450.78,2.4,53.91,267.5,83.76,173.69
38.64,8.48,0.578,451.34,2.4,53.93,268.2,83.75,173.7
38.7,8.507,0.581,452.18,2.41,53.94,268.0,83.74,173.7
38.76,8.534,0.584,453.01,2.41,53.96,267.7,83.73,173.71
38.8,8.552,0.586,453.57,2.41,53.97,268.2,83.73,173.72
38.84,8.57,0.588,454.13,2.41,53.98,268.1,83.72,173.72
38.9,8.597,0.59,454.97,2.41,53.99,268.8,83.71,173.73
38.96,8.624,0.593,455.81,2.42,54.0,268.3,83.7,173.73
39.02,8.651,0.596,456.66,2.42,54.02,268.7,83.69,173.74
39.06,8.67,0.598,457.22,2.42,54.02,267.9,83.68,173.75
39.1,8.688,0.6,457.78,2.42,54.03,268.5,83.68,173.75
39.16,8.715,0.603,458.63,2.42,54.04,268.5,83.67,173.76
39.2,8.733,0.605,459.2,2.43,54.05,268.4,83.66,173.76
39.26,8.761,0.608,460.05,2.43,54.06,268.8,83.65,173.77
39.3,8.779,0.61,460.62,2.43,54.06,268.9,83.65,173.78
39.36,8.807,0.613,461.47,2.43,54.07,268.8,83.64,173.78
39.4,8.825,0.616,462.04,2.44,54.07,268.6,83.63,173.79
39.46,8.853,0.619,462.89,2.44,54.08,269.2,83.62,173.79
39.52,8.88,0.622,463.75,2.44,54.09,268.3,83.61,173.8
39.56,8.899,0.624,464.32,2.44,54.09,268.4,83.6,173.81
39.6,8.917,0.626,464.89,2.44,54.09,268.8,83.6,173.81
39.66,8.945,0.629,465.76,2.45,54.09,269.4,83.59,173.82
39.72,8.973,0.632,466.62,2.45,54.1,268.6,83.58,173.83
39.76,8.991,0.634,467.19,2.45,54.1,269.0,83.57,173.83
39.82,9.019,0.637,468.06,2.45,54.1,269.3,83.56,173.84
39.86,9.038,0.639,468.64,2.46,54.1,269.4,83.55,173.84
39.9,9.056,0.641,469.22,2.46,54.1,269.1,83.55,173.85
39.96,9.084,0.644,470.09,2.46,54.1,269.7,83.54,173.86
40.02,9.112,0.648,470.96,2.46,54.1,268.9,83.53,173.86
40.06,9.131,0.65,471.54,2.47,54.1,269.5,83.52,173.87
40.12,9.159,0.653,472.42,2.47,54.1,269.9,83.51,173.87
40.18,9.188,0.656,473.29,2.47,54.09,268.9,83.5,173.88
40.22,9.206,0.658,473.88,2.47,54.09,269.2,83.49,173.89
40.28,9.235,0.661,474.76,2.48,54.09,270.1,83.48,173.89
40.32,9.254,0.663,475.35,2.48,54.08,270.1,83.48,173.9
40.38,9.282,0.667,476.23,2.48,54.08,269.8,83.47,173.9
40.44,9.31,0.67,477.12,2.49,54.07,269.9,83.46,173.91
40.48,9.329,0.672,477.7,2.49,54.06,269.6,83.45,173.92
40.54,9.358,0.675,478.59,2.49,54.06,269.8,83.44,173.92
40.58,9.377,0.677,479.19,2.49,54.05,270.2,83.44,173.93
40.62,9.396,0.68,479.78,2.5,54.05,269.8,83.43,173.93
40.68,9.425,0.683,480.67,2.5,54.04,269.6,83.42,173.94
40.72,9.453,0.686,481.57,2.5,54.03,270.2,83.41,173.95
40.78,9.472,0.688,482.16,2.5,54.02,270.9,83.4,173.95
40.84,9.501,0.692,483.06,2.51,54.01,269.8,83.39,173.96
40.9,9.53,0.695,483.96,2.51,53.99,270.5,83.38,173.97
40.94,9.549,0.697,484.56,2.51,53.99,270.5,83.38,173.97
41.0,9.578,0.701,485.46,2.51,53.97,270.7,83.36,173.98
41.06,9.607,0.704,486.37,2.52,53.96,270.5,83.36,173.99
41.1,9.626,0.706,486.97,2.52,53.95,270.6,83.35,173.99
41.16,9.656,0.709,487.88,2.52,53.93,270.4,83.34,174.0
41.2,9.675,0.712,488.48,2.53,53.92,270.8,83.33,174.0
41.26,9.704,0.715,489.39,2.53,53.9,270.7,83.33,174.01
41.32,9.733,0.718,490.3,2.53,53.89,270.1,83.31,174.01
41.36,9.753,0.721,490.91,2.53,53.87,271.2,83.31,174.02
41.4,9.772,0.723,491.52,2.53,53.86,270.7,83.3,174.02
41.46,9.802,0.726,492.43,2.54,53.84,271.0,83.29,174.03
41.52,9.831,0.73,493.35,2.54,53.82,271.4,83.28,174.04
41.56,9.851,0.732,493.97,2.54,53.81,271.5,83.27,174.04
41.62,9.88,0.736,494.89,2.55,53.78,270.3,83.26,174.05
41.66,9.91,0.738,495.81,2.55,53.76,270.4,83.26,174.05
41.72,9.929,0.741,496.43,2.55,53.75,271.6,83.25,174.06
41.76,9.949,0.744,497.04,2.56,53.73,271.2,83.24,174.07
41.82,9.979,0.747,497.97,2.56,53.71,271.3,83.23,174.07
41.86,9.999,0.749,498.59,2.56,53.69,271.2,83.23,174.08
41.92,10.028,0.753,499.52,2.56,53.66,270.6,83.21,174.08
41.98,10.058,0.757,500.45,2.56,53.64,270.6,83.2,174.09
42.02,10.078,0.759,501.08,2.57,53.62,271.7,83.2,174.1
42.06,10.098,0.761,501.7,2.57,53.6,271.0,83.19,174.1
42.12,10.128,0.765,502.63,2.57,53.57,271.3,83.18,174.11
42.18,10.158,0.768,503.57,2.58,53.54,271.0,83.17,174.11
42.22,10.178,0.771,504.2,2.58,53.52,271.4,83.17,174.12
42.26,10.198,0.773,504.83,2.58,53.5,272.2,83.16,174.12
42.32,10.228,0.777,505.77,2.58,53.47,271.7,83.15,174.13
42.38,10.258,0.78,506.71,2.59,53.44,271.2,83.14,174.13
42.42,10.278,0.783,507.35,2.59,53.42,271.6,83.13,174.14
42.48,10.309,0.786,508.3,2.59,53.39,271.8,83.12,174.14
42.52,10.329,0.789,508.93,2.6,53.37,271.4,83.12,174.15
42.56,10.349,0.791,509.57,2.6,53.34,271.6,83.11,174.15
42.62,10.379,0.795,510.52,2.6,53.31,272.3,83.1,174.16
42.68,10.41,0.798,511.48,2.61,53.27,272.0,83.09,174.16
42.72,10.43,0.801,512.12,2.61,53.25,272.3,83.09,174.17
42.76,10.451,0.803,512.76,2.61,53.23,271.9,83.08,174.17
42.82,10.481,0.807,513.72,2.62,53.19,272.2,83.07,174.18
42.88,10.512,0.812,515.01,2.62,53.14,272.4,83.06,174.19
42.94,10.543,0.814,515.65,2.62,53.12,272.0,83.05,174.2
42.98,10.563,0.817,516.3,2.63,53.09,272.8,83.04,174.2
43.04,10.594,0.821,517.28,2.63,53.05,272.4,83.04,174.21
43.08,10.614,0.823,517.92,2.63,53.03,272.4,83.03,174.21
43.14,10.645,0.827,518.9,2.64,52.99,272.5,83.02,174.21
43.18,10.666,0.829,519.55,2.64,52.96,272.6,83.01,174.22
43.24,10.697,0.833,520.53,2.64,52.92,272.3,83.0,174.23
43.28,10.718,0.836,521.19,2.65,52.89,273.0,83.0,174.23
43.32,10.738,0.838,521.84,2.65,52.86,273.0,82.99,174.23
43.38,10.769,0.842,522.82,2.65,52.82,272.6,82.98,174.24
43.44,10.801,0.846,523.81,2.66,52.78,272.8,82.97,174.24
43.48,10.821,0.848,524.47,2.66,52.75,273.0,82.96,174.25
43.54,10.853,0.852,525.46,2.66,52.7,273.4,82.96,174.25
43.58,10.874,0.855,526.12,2.66,52.67,272.6,82.95,174.26
43.64,10.905,0.858,527.11,2.67,52.63,273.5,82.94,174.27
43.68,10.926,0.862,528.11,2.67,52.58,273.1,82.93,174.27
43.74,10.957,0.865,528.77,2.67,52.55,273.6,82.93,174.28
43.78,10.978,0.867,529.44,2.68,52.51,273.4,82.92,174.28
43.84,11.01,0.871,530.44,2.68,52.47,272.9,82.91,174.29
43.88,11.031,0.874,531.11,2.68,52.44,273.3,82.9,174.29
43.94,11.063,0.878,532.11,2.69,52.39,273.7,82.89,174.3
44.0,11.094,0.882,533.12,2.69,52.34,273.2,82.88,174.3
44.04,11.116,0.884,533.79,2.69,52.31,272.9,82.87,174.31
44.08,11.137,0.887,534.46,2.69,52.28,272.9,82.87,174.31
44.14,11.169,0.891,535.47,2.7,52.23,272.9,82.86,174.32
44.18,11.19,0.894,536.15,2.7,52.19,272.8,82.85,174.32
44.24,11.222,0.898,537.16,2.7,52.14,273.0,82.84,174.33
44.3,11.254,0.902,538.17,2.71,52.09,273.3,82.84,174.33
44.34,11.275,0.904,538.85,2.71,52.05,273.3,82.83,174.33
44.38,11.297,0.907,539.53,2.71,52.01,273.2,82.82,174.34
44.44,11.329,0.911,540.56,2.71,51.96,273.9,82.81,174.35
44.5,11.361,0.915,541.58,2.72,51.91,272.9,82.8,174.35
44.54,11.383,0.918,542.26,2.72,51.87,273.8,82.8,174.36
44.58,11.415,0.922,543.29,2.72,51.81,273.1,82.79,174.36
44.64,11.436,0.924,543.97,2.73,51.77,273.4,82.78,174.37
44.7,11.469,0.928,545.0,2.73,51.72,273.8,82.77,174.37
44.74,11.491,0.931,545.69,2.73,51.68,274.1,82.76,174.38
44.8,11.523,0.935,546.73,2.74,51.62,273.9,82.76,174.38
44.86,11.556,0.939,547.77,2.74,51.56,273.8,82.74,174.39
44.9,11.577,0.942,548.46,2.74,51.52,273.8,82.74,174.39
44.94,11.599,0.945,549.15,2.75,51.48,273.6,82.73,174.4
45.0,11.632,0.949,550.19,2.75,51.42,273.0,82.72,174.4
45.06,11.665,0.953,551.24,2.75,51.36,273.9,82.71,174.41
45.1,11.687,0.956,551.93,2.76,51.32,273.5,82.71,174.41
45.14,11.709,0.959,552.63,2.76,51.28,274.0,82.7,174.42
45.2,11.741,0.963,553.68,2.76,51.22,273.2,82.69,174.42
45.26,11.774,0.967,554.74,2.77,51.16,274.1,82.68,174.43
45.3,11.797,0.97,555.44,2.77,51.12,273.7,82.68,174.43
45.36,11.83,0.975,556.49,2.77,51.05,274.1,82.67,174.44
45.42,11.863,0.978,557.55,2.77,50.99,273.4,82.66,174.44
45.46,11.885,0.981,558.26,2.78,50.95,274.1,82.65,174.45
45.5,11.907,0.984,558.96,2.78,50.9,273.5,82.65,174.45
45.56,11.94,0.988,560.03,2.79,50.84,273.8,82.64,174.45
45.62,11.974,0.993,561.09,2.79,50.77,274.1,82.63,174.46
45.66,11.996,0.995,561.81,2.79,50.73,274.7,82.62,174.46
45.72,12.03,1.0,562.88,2.8,50.66,273.9,82.61,174.47
45.76,12.052,1.003,563.59,2.8,50.62,273.7,82.61,174.47
45.82,12.085,1.007,564.66,2.8,50.55,274.1,82.6,174.48
45.88,12.119,1.011,565.74,2.81,50.48,274.3,82.59,174.49
45.92,12.142,1.014,566.46,2.81,50.44,274.8,82.58,174.49
45.96,12.164,1.017,567.18,2.81,50.39,274.9,82.57,174.49
46.02,12.198,1.021,568.26,2.82,50.32,274.1,82.56,174.5
46.08,12.232,1.026,569.35,2.82,50.25,274.9,82.56,174.51
46.12,12.254,1.029,570.07,2.82,50.2,274.1,82.55,174.51
46.18,12.288,1.033,571.16,2.83,50.13,275.2,82.54,174.52
46.22,12.311,1.036,571.89,2.83,50.09,274.6,82.53,174.52
46.28,12.345,1.04,572.99,2.84,50.02,274.7,82.52,174.53
46.32,12.368,1.043,573.72,2.84,49.97,274.4,82.52,174.53
46.38,12.402,1.048,574.82,2.84,49.9,275.2,82.51,174.54
46.42,12.425,1.051,575.55,2.85,49.85,274.5,82.5,174.54
46.46,12.448,1.054,576.29,2.85,49.8,275.4,82.5,174.54
46.52,12.482,1.058,577.39,2.85,49.73,274.7,82.49,174.55
46.58,12.516,1.063,578.5,2.86,49.66,275.3,82.48,174.55
46.64,12.551,1.067,579.61,2.86,49.58,275.2,82.47,174.56
46.68,12.574,1.07,580.35,2.87,49.53,275.6,82.46,174.56
46.74,12.608,1.075,581.47,2.87,49.46,275.8,82.46,174.56
46.78,12.631,1.078,582.22,2.87,49.41,275.0,82.45,174.57
46.82,12.655,1.081,582.96,2.88,49.36,275.3,82.44,174.57
46.88,12.689,1.085,584.08,2.88,49.29,275.5,82.44,174.57
46.94,12.724,1.092,585.2,2.89,49.18,275.8,82.43,174.58
46.98,12.759,1.093,586.33,2.89,49.13,275.8,82.42,174.58
47.04,12.782,1.098,587.09,2.9,49.08,276.0,82.41,174.59
47.1,12.817,1.102,588.22,2.9,49.0,275.0,82.4,174.6
47.14,12.841,1.105,588.98,2.9,48.95,275.9,82.4,174.6
47.2,12.876,1.11,590.12,2.91,48.87,276.2,82.39,174.61
47.26,12.911,1.116,591.26,2.91,48.8,275.4,82.38,174.61
47.32,12.946,1.119,592.39,2.92,48.72,275.7,82.37,174.62
47.36,12.969,1.122,593.15,2.92,48.66,275.2,82.36,174.62
47.42,13.005,1.127,594.3,2.92,48.58,276.2,82.35,174.63
47.48,13.04,1.132,595.45,2.93,48.5,276.1,82.34,174.63
47.52,13.064,1.135,596.21,2.93,48.45,275.9,82.34,174.64
47.58,13.099,1.14,597.36,2.93,48.37,275.4,82.33,174.64
47.62,13.123,1.143,598.13,2.94,48.31,275.8,82.32,174.64
47.68,13.159,1.148,599.29,2.94,48.23,276.0,82.31,174.65
47.72,13.182,1.151,600.06,2.94,48.18,276.0,82.31,174.65
47.78,13.218,1.156,601.23,2.95,48.09,275.9,82.3,174.65
47.82,13.242,1.159,602.0,2.95,48.04,275.8,82.29,174.66
47.88,13.278,1.164,603.17,2.96,47.95,275.6,82.28,174.66
47.94,13.314,1.168,604.34,2.96,47.87,276.3,82.28,174.67
47.98,13.338,1.172,605.51,2.96,47.79,276.1,82.27,174.67
48.04,13.374,1.177,606.29,2.97,47.73,276.4,82.26,174.68
48.08,13.398,1.18,607.07,2.97,47.67,276.5,82.25,174.68
48.14,13.434,1.185,608.25,2.97,47.59,275.7,82.24,174.69
48.18,13.458,1.188,609.03,2.98,47.53,276.4,82.24,174.69
48.24,13.494,1.193,610.21,2.98,47.44,276.1,82.23,174.7
48.28,13.519,1.196,611.0,2.99,47.38,276.0,82.22,174.7
48.34,13.555,1.201,612.19,2.99,47.3,276.3,82.22,174.71
48.38,13.579,1.204,612.98,2.99,47.24,276.0,82.21,174.71
48.44,13.616,1.209,614.17,3.0,47.15,276.2,82.2,174.71
48.48,13.64,1.213,614.97,3.0,47.09,276.7,82.19,174.72
48.54,13.677,1.218,616.17,3.01,47.0,276.2,82.18,174.72
48.58,13.701,1.221,616.96,3.01,46.94,276.2,82.18,174.72
48.64,13.738,1.226,618.16,3.01,46.85,276.3,82.17,174.73
48.68,13.762,1.229,618.96,3.02,46.79,276.8,82.17,174.73
48.74,13.799,1.234,620.17,3.02,46.7,276.2,82.16,174.73
48.78,13.824,1.238,620.98,3.03,46.64,276.7,82.15,174.74
48.84,13.861,1.243,622.19,3.03,46.55,276.3,82.14,174.74
48.9,13.898,1.248,623.4,3.03,46.46,277.1,82.14,174.75
48.94,13.923,1.251,624.21,3.04,46.4,276.9,82.13,174.75
49.0,13.96,1.256,625.43,3.04,46.31,277.0,82.12,174.76
49.04,13.985,1.26,626.24,3.05,46.25,276.5,82.11,174.76
49.1,14.022,1.265,627.47,3.05,46.16,276.6,82.1,174.77
49.16,14.059,1.27,628.7,3.06,46.06,277.5,82.09,174.77
49.2,14.084,1.273,629.52,3.06,46.0,277.5,82.09,174.77
49.26,14.122,1.278,630.75,3.07,45.91,277.4,82.08,174.78
49.3,14.147,1.282,631.58,3.07,45.85,277.6,82.07,174.78
49.36,14.184,1.287,632.81,3.08,45.76,276.8,82.06,174.79
49.4,14.209,1.291,633.64,3.08,45.69,277.1,82.06,174.79
49.46,14.247,1.297,634.88,3.09,45.6,277.5,82.05,174.79
49.52,14.285,1.301,636.12,3.09,45.5,277.4,82.04,174.8
49.56,14.31,1.306,636.96,3.09,45.44,277.8,82.04,174.8
49.62,14.348,1.31,638.21,3.1,45.35,277.0,82.03,174.8
49.68,14.386,1.315,639.46,3.1,45.25,277.5,82.02,174.81
49.74,14.424,1.32,640.72,3.11,45.16,277.3,82.01,174.81
49.78,14.449,1.326,641.56,3.11,45.06,277.3,82.01,174.81
49.84,14.487,1.329,642.82,3.12,45.0,277.4,82.0,174.82
49.88,14.513,1.333,643.66,3.12,44.93,277.5,81.99,174.82
49.94,14.551,1.338,644.92,3.12,44.84,277.7,81.99,174.83
49.98,14.577,1.342,645.77,3.13,44.77,278.1,81.98,174.83
50.04,14.615,1.347,647.04,3.13,44.68,277.7,81.97,174.84
50.08,14.641,1.351,647.89,3.14,44.61,277.8,81.96,174.84
50.14,14.679,1.356,649.17,3.14,44.51,277.9,81.95,174.85
50.2,14.718,1.361,650.45,3.15,44.42,277.2,81.94,174.85
50.24,14.744,1.365,651.3,3.15,44.35,277.7,81.94,174.85
50.3,14.783,1.37,652.59,3.16,44.25,278.1,81.93,174.86
50.34,14.809,1.374,653.45,3.16,44.19,277.7,81.92,174.86
50.4,14.847,1.379,654.74,3.16,44.09,277.6,81.92,174.87
50.44,14.873,1.383,655.61,3.17,44.03,278.4,81.91,174.87
50.5,14.912,1.389,656.9,3.18,43.93,277.9,81.9,174.88
50.54,14.938,1.392,657.77,3.18,43.86,277.7,81.89,174.88
50.6,14.978,1.398,659.07,3.18,43.76,277.4,81.89,174.88
50.64,15.004,1.401,659.94,3.19,43.7,277.8,81.88,174.88
50.7,15.043,1.407,661.24,3.19,43.6,278.1,81.87,174.89
50.76,15.082,1.413,662.55,3.2,43.5,277.7,81.87,174.89
50.8,15.109,1.416,663.43,3.2,43.43,278.3,81.86,174.89
50.84,15.135,1.42,664.31,3.21,43.37,278.0,81.85,174.9
50.9,15.174,1.426,665.62,3.21,43.27,277.6,81.85,174.9
50.96,15.214,1.431,666.94,3.21,43.17,277.8,81.84,174.9
51.0,15.24,1.435,667.82,3.22,43.1,277.8,81.83,174.91
51.06,15.28,1.441,669.15,3.22,43.0,278.4,81.82,174.91
51.1,15.307,1.444,670.03,3.23,42.93,277.6,81.82,174.91
51.16,15.346,1.45,671.37,3.23,42.82,278.6,81.81,174.92
51.2,15.373,1.454,672.26,3.24,42.76,278.4,81.8,174.92
51.24,15.413,1.46,673.6,3.24,42.65,278.3,81.8,174.93
51.3,15.44,1.463,674.49,3.25,42.58,278.7,81.79,174.93
51.36,15.48,1.469,675.84,3.25,42.48,277.9,81.78,174.94
51.4,15.507,1.475,676.73,3.26,42.41,278.4,81.77,174.94
51.46,15.547,1.479,678.08,3.26,42.31,277.8,81.76,174.95
51.5,15.574,1.483,678.98,3.27,42.24,278.3,81.76,174.95
51.56,15.614,1.488,680.34,3.27,42.13,277.6,81.75,174.96
51.6,15.641,1.492,681.24,3.27,42.06,278.8,81.75,174.96
51.66,15.682,1.498,682.6,3.28,41.96,278.8,81.73,174.96
51.72,15.722,1.504,683.97,3.29,41.85,278.9,81.73,174.97
51.76,15.749,1.508,684.88,3.29,41.78,278.8,81.72,174.97
51.8,15.776,1.512,685.8,3.3,41.71,278.1,81.72,174.97
51.86,15.817,1.518,687.17,3.3,41.6,278.7,81.71,174.98
51.92,15.858,1.524,688.54,3.31,41.49,278.5,81.7,174.98
51.96,15.885,1.528,689.46,3.31,41.39,277.9,81.69,174.98
52.02,15.926,1.533,690.84,3.32,41.32,278.6,81.69,174.99
52.06,15.954,1.537,691.77,3.32,41.24,279.1,81.68,174.99
52.12,15.995,1.543,693.16,3.33,41.14,278.8,81.67,174.99
52.16,16.022,1.547,694.09,3.33,41.06,278.7,81.67,175.0
52.2,16.05,1.551,695.02,3.34,40.99,278.6,81.66,175.0
52.26,16.091,1.557,696.41,3.34,40.85,279.2,81.65,175.01
52.32,16.133,1.563,697.82,3.35,40.78,278.9,81.64,175.01
52.36,16.16,1.567,698.75,3.35,40.7,278.4,81.64,175.01
52.42,16.202,1.573,700.16,3.36,40.59,278.7,81.63,175.02
52.46,16.23,1.577,701.1,3.36,40.49,278.7,81.62,175.02
52.52,16.271,1.584,702.51,3.37,40.41,278.8,81.61,175.02
52.56,16.299,1.588,703.46,3.38,40.34,279.1,81.61,175.03
52.62,16.341,1.594,704.88,3.38,40.23,279.4,81.6,175.03
52.66,16.369,1.598,705.83,3.39,40.16,279.6,81.6,175.03
52.72,16.411,1.604,707.26,3.39,40.05,279.1,81.59,175.04
52.76,16.439,1.608,708.22,3.4,39.98,279.5,81.58,175.04
52.82,16.481,1.614,709.65,3.4,39.87,278.5,81.57,175.04
52.88,16.523,1.622,711.09,3.41,39.76,278.8,81.57,175.05
52.94,16.565,1.627,712.53,3.42,39.65,278.9,81.56,175.05
53.0,16.608,1.631,713.98,3.42,39.54,279.9,81.55,175.05
53.04,16.636,1.635,714.95,3.43,39.47,279.5,81.55,175.06
53.08,16.664,1.639,715.91,3.43,39.39,279.4,81.54,175.06
53.14,16.707,1.645,717.37,3.44,39.28,279.4,81.53,175.07
53.18,16.735,1.649,718.34,3.44,39.21,279.9,81.53,175.07
53.24,16.778,1.656,719.8,3.45,39.1,279.9,81.52,175.07
53.3,16.821,1.662,721.26,3.46,38.99,279.6,81.51,175.08
53.34,16.849,1.666,722.24,3.46,38.92,279.5,81.5,175.08
53.4,16.892,1.673,723.71,3.47,38.8,279.2,81.49,175.09
53.44,16.921,1.677,724.69,3.47,38.73,279.8,81.49,175.09
53.48,16.95,1.681,725.67,3.47,38.66,279.3,81.48,175.09
53.54,16.993,1.688,727.15,3.48,38.55,279.1,81.47,175.1
53.58,17.021,1.692,728.14,3.48,38.47,279.0,81.47,175.1
53.64,17.065,1.698,729.63,3.49,38.36,279.5,81.46,175.11
53.68,17.094,1.703,730.62,3.49,38.29,279.6,81.45,175.11
53.74,17.137,1.709,732.11,3.5,38.17,279.5,81.45,175.11
53.8,17.181,1.715,733.61,3.51,38.06,279.4,81.44,175.12
53.84,17.21,1.72,734.61,3.51,37.99,280.2,81.43,175.12
53.9,17.253,1.726,736.12,3.52,37.88,279.4,81.42,175.12
53.94,17.282,1.731,737.12,3.52,37.8,278.9,81.42,175.12
54.0,17.326,1.737,738.62,3.53,37.69,279.6,81.41,175.13
54.04,17.355,1.741,739.63,3.53,37.62,279.2,81.4,175.13
54.1,17.399,1.748,741.14,3.54,37.5,279.5,81.4,175.13
54.14,17.429,1.752,742.16,3.54,37.43,279.9,81.39,175.14
54.2,17.473,1.759,743.68,3.55,37.32,279.0,81.38,175.14
54.24,17.502,1.763,744.7,3.55,37.24,279.8,81.38,175.15
54.3,17.547,1.77,746.23,3.56,37.13,279.8,81.37,175.15
54.34,17.576,1.775,747.25,3.57,37.05,279.5,81.37,175.15
54.4,17.62,1.781,748.79,3.57,36.94,280.0,81.36,175.16
54.44,17.65,1.786,749.81,3.58,36.87,279.7,81.35,175.16
54.5,17.695,1.792,751.36,3.59,36.75,280.4,81.34,175.17
54.54,17.724,1.797,752.39,3.59,36.68,279.6,81.34,175.17
54.6,17.769,1.804,753.94,3.6,36.56,280.1,81.33,175.18
54.64,17.799,1.808,754.98,3.6,36.49,280.4,81.33,175.18
54.7,17.844,1.815,756.54,3.61,36.38,280.1,81.32,175.18
54.76,17.889,1.824,758.1,3.62,36.26,280.0,81.31,175.19
54.8,17.919,1.828,759.14,3.62,36.19,280.4,81.3,175.19
54.84,17.949,1.833,760.19,3.63,36.11,280.6,81.29,175.19
54.9,17.994,1.84,761.76,3.64,36.0,279.6,81.29,175.2
54.96,18.039,1.847,763.34,3.64,35.89,279.7,81.28,175.2
55.0,18.069,1.851,764.39,3.65,35.81,280.6,81.27,175.2
55.06,18.115,1.858,765.98,3.66,35.7,280.7,81.26,175.21
55.1,18.145,1.863,767.04,3.66,35.62,279.9,81.26,175.21
55.16,18.191,1.87,768.63,3.67,35.51,280.1,81.25,175.21
55.2,18.221,1.874,769.69,3.67,35.44,280.8,81.25,175.21
55.26,18.267,1.881,771.29,3.68,35.32,280.4,81.24,175.22
55.3,18.297,1.886,772.36,3.69,35.25,280.7,81.23,175.22
55.36,18.343,1.893,773.97,3.7,35.14,280.5,81.22,175.22
55.4,18.374,1.898,775.04,3.7,35.06,280.6,81.22,175.23
55.46,18.42,1.905,776.65,3.7,34.95,280.0,81.21,175.23
55.5,18.451,1.909,777.73,3.71,34.87,280.7,81.2,175.23
55.54,18.481,1.914,779.35,3.72,34.76,281.1,81.2,175.23
55.6,18.528,1.921,780.44,3.72,34.68,280.5,81.19,175.24
55.66,18.574,1.928,782.06,3.73,34.57,280.5,81.18,175.24
55.7,18.605,1.933,783.7,3.74,34.46,281.3,81.17,175.25
55.76,18.652,1.94,784.79,3.74,34.38,280.3,81.17,175.25
55.8,18.683,1.945,785.88,3.75,34.31,280.2,81.16,175.25
55.86,18.729,1.952,787.52,3.75,34.19,280.1,81.16,175.26
55.9,18.76,1.957,788.62,3.76,34.12,280.2,81.15,175.26
55.96,18.807,1.964,790.26,3.76,34.01,280.8,81.14,175.27
56.02,18.854,1.971,791.92,3.77,33.89,280.6,81.14,175.27
56.06,18.886,1.976,793.02,3.78,33.78,280.2,81.13,175.27
56.1,18.917,1.981,794.13,3.78,33.74,281.0,81.13,175.28
56.16,18.964,1.988,795.79,3.79,33.63,281.0,81.12,175.28
56.2,19.011,1.995,797.46,3.8,33.52,280.4,81.11,175.28
56.26,19.043,2.0,798.57,3.8,33.44,280.0,81.1,175.29
56.32,19.09,2.008,800.24,3.81,33.33,280.2,81.1,175.29
56.36,19.122,2.013,801.36,3.81,33.25,280.7,81.09,175.29
56.4,19.154,2.017,802.47,3.81,33.18,280.2,81.08,175.3
56.46,19.201,2.025,804.16,3.82,33.06,281.0,81.08,175.3
56.52,19.249,2.032,805.85,3.83,32.95,280.9,81.07,175.3
56.56,19.281,2.037,806.98,3.84,32.88,280.4,81.07,175.31
56.62,19.329,2.045,808.67,3.84,32.76,281.2,81.06,175.31
56.66,19.361,2.05,809.81,3.85,32.69,281.1,81.05,175.31
56.72,19.409,2.057,811.51,3.86,32.58,281.4,81.05,175.31
56.76,19.441,2.062,812.65,3.86,32.5,280.8,81.04,175.32
56.82,19.489,2.07,814.37,3.87,32.39,281.4,81.03,175.32
56.86,19.521,2.075,815.51,3.88,32.31,280.9,81.03,175.32
56.9,19.554,2.08,816.65,3.88,32.24,281.1,81.02,175.32
56.96,19.602,2.087,818.37,3.89,32.13,280.6,81.01,175.33
57.02,19.651,2.095,820.1,3.89,32.01,281.3,81.01,175.33
57.06,19.683,2.1,821.25,3.9,31.94,280.3,81.0,175.33
57.12,19.732,2.107,822.98,3.91,31.83,280.9,80.99,175.34
57.16,19.765,2.113,824.14,3.91,31.75,280.2,80.99,175.34
57.22,19.813,2.12,825.88,3.92,31.64,281.4,80.98,175.34
57.26,19.846,2.125,827.04,3.92,31.56,281.3,80.97,175.35
57.32,19.895,2.133,828.79,3.93,31.45,280.9,80.96,175.35
57.36,19.928,2.138,829.95,3.94,31.38,280.4,80.96,175.35
57.42,19.977,2.146,831.71,3.94,31.27,281.5,80.95,175.36
57.46,20.01,2.151,832.88,3.95,31.15,280.6,80.94,175.36
57.52,20.06,2.159,834.64,3.96,31.08,280.4,80.93,175.36
57.58,20.109,2.167,836.41,3.96,30.97,280.8,80.93,175.37
57.62,20.142,2.172,837.59,3.97,30.89,281.4,80.92,175.37
57.66,20.175,2.177,838.77,3.97,30.82,280.7,80.92,175.37
57.72,20.225,2.185,840.55,3.98,30.71,281.6,80.91,175.38
57.78,20.275,2.193,842.34,3.99,30.59,281.6,80.9,175.38
57.82,20.308,2.198,843.53,3.99,30.52,281.3,80.9,175.39
57.86,20.342,2.203,844.72,4.0,30.45,280.7,80.89,175.39
57.92,20.392,2.211,846.52,4.01,30.33,280.6,80.89,175.39
57.96,20.425,2.217,847.72,4.02,30.26,281.0,80.88,175.39
58.02,20.476,2.225,849.52,4.02,30.15,281.6,80.87,175.4
58.08,20.526,2.233,851.33,4.03,30.04,281.2,80.87,175.4
58.12,20.56,2.238,852.54,4.04,29.96,281.7,80.86,175.4
58.18,20.61,2.246,854.35,4.05,29.85,281.4,80.85,175.41
58.22,20.644,2.251,855.57,4.05,29.78,281.5,80.85,175.41
58.28,20.695,2.259,857.39,4.06,29.67,281.7,80.84,175.41
58.32,20.729,2.265,858.61,4.06,29.59,281.3,80.84,175.42
58.38,20.78,2.273,860.45,4.07,29.48,281.2,80.83,175.42
58.42,20.814,2.278,861.67,4.08,29.41,280.9,80.82,175.42
58.46,20.848,2.281,862.9,4.08,29.33,281.9,80.82,175.42
58.52,20.899,2.292,864.74,4.09,29.22,281.1,80.81,175.43
58.58,20.95,2.3,866.59,4.1,29.11,281.2,80.81,175.43
58.62,20.985,2.305,867.82,4.11,29.04,281.1,80.8,175.43
58.68,21.036,2.314,869.68,4.11,28.93,281.3,80.79,175.43
58.74,21.088,2.322,871.54,4.12,28.82,281.7,80.79,175.44
58.78,21.122,2.327,872.78,4.13,28.75,281.0,80.78,175.44
58.82,21.157,2.333,874.03,4.13,28.67,281.4,80.78,175.44
58.88,21.208,2.341,875.9,4.14,28.56,281.6,80.77,175.44
58.92,21.243,2.347,877.15,4.15,28.49,281.4,80.76,175.45
58.98,21.295,2.355,879.03,4.15,28.38,282.0,80.75,175.45
59.04,21.347,2.364,880.92,4.16,28.27,281.8,80.75,175.45
59.08,21.382,2.369,882.18,4.17,28.2,281.8,80.74,175.45
59.14,21.434,2.378,884.07,4.18,28.09,281.1,80.73,175.46
59.18,21.469,2.383,885.34,4.18,28.01,281.9,80.73,175.46
59.24,21.522,2.392,887.24,4.19,27.9,282.0,80.72,175.46
59.28,21.557,2.397,888.51,4.2,27.83,281.8,80.71,175.47
59.34,21.61,2.406,890.42,4.2,27.72,281.6,80.71,175.47
59.38,21.645,2.411,891.7,4.21,27.65,282.0,80.7,175.47
59.42,21.68,2.417,892.98,4.22,27.54,282.0,80.69,175.47
59.48,21.733,2.426,894.9,4.22,27.47,281.2,80.69,175.48
59.54,21.786,2.434,896.82,4.23,27.36,281.6,80.68,175.48
59.58,21.822,2.44,898.11,4.24,27.28,281.8,80.68,175.49
59.64,21.875,2.449,900.04,4.24,27.17,281.7,80.67,175.49
59.68,21.91,2.454,901.34,4.25,27.1,282.2,80.66,175.49
59.74,21.964,2.463,903.28,4.26,26.99,281.5,80.65,175.5
59.8,22.017,2.472,905.22,4.27,26.88,281.9,80.65,175.5
59.84,22.053,2.478,906.53,4.27,26.81,282.1,80.64,175.5
59.9,22.107,2.486,908.48,4.28,26.7,281.9,80.64,175.51
59.94,22.143,2.492,909.79,4.29,26.62,281.8,80.63,175.51
59.98,22.179,2.498,911.1,4.3,26.55,282.1,80.62,175.51
60.04,22.233,2.507,913.07,4.3,26.44,281.6,80.62,175.51
60.1,22.287,2.516,915.04,4.31,26.33,282.0,80.61,175.52
60.16,22.341,2.524,917.02,4.32,26.22,281.5,80.6,175.52
60.2,22.378,2.53,918.34,4.32,26.15,281.3,80.6,175.52
60.24,22.414,2.536,919.67,4.33,26.08,281.7,80.59,175.52
60.3,22.468,2.545,921.66,4.34,25.97,282.3,80.59,175.53
60.36,22.523,2.554,923.66,4.35,25.86,281.8,80.58,175.53
60.4,22.56,2.56,924.99,4.36,25.78,281.4,80.57,175.53
60.46,22.614,2.569,927.0,4.36,25.68,281.7,80.57,175.54
60.5,22.651,2.575,928.34,4.37,25.6,282.0,80.56,175.54
60.56,22.706,2.584,930.35,4.38,25.49,282.3,80.55,175.54
60.62,22.761,2.593,932.38,4.39,25.39,282.1,80.55,175.54
60.66,22.798,2.599,933.73,4.4,25.31,282.7,80.55,175.54
60.7,22.835,2.605,935.09,4.41,25.24,282.6,80.54,175.55
60.76,22.89,2.614,937.12,4.42,25.13,282.0,80.53,175.55
60.82,22.946,2.623,939.16,4.42,25.02,281.9,80.52,175.55
60.86,22.983,2.629,940.53,4.43,24.95,282.8,80.52,175.55
60.92,23.039,2.639,942.57,4.44,24.84,282.0,80.51,175.56
60.96,23.095,2.645,944.63,4.45,24.74,282.7,80.51,175.56
61.02,23.132,2.654,946.0,4.45,24.66,282.6,80.5,175.56
61.08,23.188,2.663,948.06,4.46,24.56,282.1,80.49,175.56
61.12,23.226,2.669,949.44,4.47,24.48,282.3,80.49,175.57
61.18,23.282,2.679,951.51,4.47,24.38,281.7,80.48,175.57
61.22,23.319,2.685,952.89,4.48,24.3,281.8,80.47,175.57
61.28,23.376,2.694,954.97,4.49,24.2,282.5,80.47,175.57
61.32,23.414,2.7,956.36,4.5,24.12,282.2,80.46,175.58
61.38,23.47,2.71,958.45,4.5,24.02,281.6,80.46,175.58
61.42,23.508,2.716,959.84,4.51,23.95,282.1,80.45,175.58
61.48,23.565,2.725,961.94,4.52,23.84,281.8,80.44,175.58
61.52,23.603,2.732,963.34,4.52,23.77,282.2,80.44,175.59
61.58,23.66,2.741,965.45,4.54,23.66,281.9,80.43,175.59
61.62,23.698,2.747,966.86,4.54,23.59,282.7,80.42,175.59
61.68,23.756,2.757,968.97,4.55,23.48,282.0,80.42,175.59
61.74,23.813,2.766,971.09,4.56,23.37,281.9,80.41,175.6
61.78,23.851,2.773,972.51,4.56,23.3,282.0,80.4,175.6
61.82,23.89,2.779,973.93,4.57,23.2,282.7,80.4,175.6
61.88,23.948,2.789,976.06,4.58,23.13,281.6,80.39,175.61
61.92,23.986,2.795,977.49,4.59,23.05,282.9,80.39,175.61
61.98,24.044,2.805,979.63,4.6,22.95,281.9,80.38,175.61
62.02,24.083,2.811,981.06,4.6,22.88,281.9,80.37,175.61
62.08,24.141,2.821,983.22,4.61,22.77,281.6,80.37,175.62
62.14,24.199,2.831,985.37,4.62,22.66,282.0,80.36,175.62
62.18,24.238,2.837,986.81,4.63,22.59,282.5,80.35,175.62
62.24,24.297,2.847,988.99,4.64,22.49,282.2,80.35,175.62
62.28,24.336,2.854,990.43,4.64,22.42,281.6,80.34,175.63
62.32,24.375,2.86,991.88,4.65,22.35,282.7,80.34,175.63
62.38,24.433,2.87,994.06,4.66,22.24,282.3,80.33,175.63
62.42,24.473,2.876,995.51,4.66,22.17,282.5,80.33,175.63
62.48,24.532,2.886,997.71,4.67,22.07,282.1,80.32,175.64
62.54,24.591,2.896,999.91,4.69,21.96,282.9,80.31,175.64
62.58,24.63,2.903,1001.38,4.69,21.89,282.5,80.31,175.64
62.64,24.69,2.913,1003.59,4.7,21.78,282.8,80.3,175.64
62.68,24.729,2.919,1005.06,4.71,21.71,282.1,80.3,175.64
62.74,24.789,2.929,1007.27,4.72,21.61,282.0,80.29,175.65
62.78,24.829,2.936,1008.76,4.73,21.54,283.1,80.29,175.65
62.84,24.888,2.946,1010.98,4.74,21.44,282.1,80.28,175.65
62.88,24.928,2.953,1012.47,4.74,21.37,283.0,80.28,175.65
62.94,24.988,2.963,1014.7,4.75,21.26,283.0,80.27,175.66
62.98,25.028,2.97,1016.2,4.76,21.19,282.5,80.26,175.66
63.04,25.089,2.98,1018.45,4.77,21.09,282.8,80.26,175.66
63.08,25.129,2.987,1019.94,4.77,21.02,282.4,80.25,175.66
63.14,25.189,2.997,1022.2,4.79,20.91,282.1,80.24,175.66
63.18,25.23,3.004,1023.7,4.79,20.85,282.8,80.24,175.66
63.24,25.29,3.014,1025.97,4.8,20.74,282.9,80.23,175.67
63.28,25.331,3.021,1027.48,4.8,20.67,282.1,80.23,175.67
63.34,25.392,3.031,1029.75,4.82,20.57,282.8,80.22,175.67
63.4,25.453,3.041,1032.03,4.83,20.47,282.3,80.21,175.67
63.44,25.493,3.048,1033.56,4.83,20.4,283.2,80.21,175.67
63.48,25.534,3.055,1035.08,4.84,20.33,282.1,80.21,175.68
63.54,25.595,3.066,1037.37,4.85,20.23,282.3,80.2,175.68
63.58,25.636,3.073,1038.91,4.86,20.16,282.7,80.19,175.68
63.64,25.698,3.083,1041.21,4.87,20.05,282.5,80.18,175.68
63.7,25.76,3.093,1043.51,4.88,19.95,282.4,80.18,175.68
63.74,25.801,3.1,1045.05,4.88,19.88,282.1,80.17,175.69
63.8,25.863,3.111,1047.37,4.89,19.78,282.6,80.17,175.69
63.84,25.904,3.118,1048.92,4.89,19.71,283.2,80.16,175.69
63.88,25.945,3.125,1050.47,4.9,19.64,282.1,80.16,175.69
63.94,26.008,3.136,1052.8,4.91,19.54,281.9,80.15,175.69
63.98,26.049,3.143,1054.36,4.92,19.47,282.4,80.14,175.69
64.04,26.112,3.153,1056.7,4.93,19.37,282.9,80.14,175.7
64.1,26.174,3.164,1059.05,4.94,19.27,282.5,80.13,175.7
64.14,26.216,3.171,1060.62,4.95,19.2,282.9,80.13,175.7
64.18,26.258,3.178,1062.19,4.96,19.14,282.8,80.12,175.7
64.24,26.321,3.189,1064.55,4.96,19.03,282.1,80.11,175.7
64.3,26.384,3.2,1066.92,4.97,18.93,282.2,80.1,175.71
64.34,26.426,3.207,1068.5,4.98,18.87,283.1,80.1,175.71
64.4,26.489,3.218,1070.87,4.99,18.77,282.8,80.09,175.71
64.44,26.532,3.225,1072.46,5.0,18.7,282.8,80.09,175.71
64.5,26.595,3.236,1074.85,5.0,18.6,282.3,80.08,175.72
64.54,26.637,3.243,1076.44,5.01,18.53,283.3,80.08,175.72
64.6,26.701,3.254,1078.84,5.02,18.43,283.0,80.07,175.72
64.64,26.744,3.261,1080.44,5.03,18.36,282.5,80.06,175.72
64.7,26.808,3.272,1082.85,5.04,18.26,282.9,80.06,175.72
64.74,26.851,3.28,1084.45,5.05,18.2,282.8,80.05,175.72
64.8,26.915,3.291,1086.87,5.06,18.1,282.6,80.05,175.73
64.84,26.958,3.298,1088.49,5.07,18.03,282.4,80.04,175.73
64.9,27.022,3.309,1090.91,5.07,17.93,282.2,80.03,175.73
64.96,27.087,3.32,1093.34,5.09,17.83,282.3,80.03,175.73
65.0,27.13,3.328,1094.97,5.09,17.77,282.0,80.02,175.73
65.06,27.195,3.339,1097.41,5.1,17.67,282.6,80.02,175.74
65.1,27.238,3.346,1099.04,5.11,17.6,283.2,80.01,175.74
65.16,27.303,3.358,1101.5,5.12,17.5,283.0,80.01,175.74
65.2,27.346,3.365,1103.13,5.12,17.44,282.6,80.0,175.74
65.26,27.412,3.376,1105.6,5.13,17.34,282.5,79.99,175.74
65.3,27.455,3.384,1107.24,5.14,17.28,282.6,79.99,175.74
65.36,27.521,3.395,1109.72,5.15,17.18,282.9,79.98,175.75
65.4,27.565,3.403,1111.37,5.16,17.11,283.0,79.98,175.75
65.46,27.631,3.414,1113.86,5.17,17.02,282.9,79.97,175.75
65.5,27.675,3.422,1115.52,5.18,16.95,282.3,79.97,175.75
65.56,27.741,3.433,1118.01,5.19,16.85,282.9,79.96,175.75
65.62,27.807,3.445,1120.51,5.2,16.76,282.1,79.95,175.75
65.66,27.851,3.452,1122.18,5.2,16.69,283.3,79.95,175.75
65.7,27.895,3.46,1123.86,5.21,16.63,282.6,79.94,175.76
65.76,27.962,3.472,1126.37,5.22,16.53,282.3,79.94,175.76
65.8,28.006,3.479,1128.05,5.23,16.47,282.4,79.93,175.76
65.86,28.073,3.491,1130.58,5.24,16.37,283.3,79.92,175.76
65.9,28.118,3.499,1132.27,5.25,16.31,283.1,79.92,175.76
65.96,28.185,3.51,1134.8,5.26,16.21,283.2,79.92,175.76
66.02,28.252,3.522,1137.35,5.27,16.12,283.2,79.91,175.76
66.06,28.297,3.53,1139.05,5.28,16.05,282.2,79.9,175.76
66.12,28.364,3.542,1141.6,5.29,15.96,282.3,79.9,175.76
66.16,28.409,3.549,1143.31,5.29,15.89,283.5,79.89,175.77
66.22,28.477,3.561,1145.87,5.31,15.8,282.7,79.88,175.77
66.26,28.522,3.569,1147.59,5.31,15.74,283.4,79.88,175.77
66.32,28.59,3.581,1150.17,5.32,15.64,282.7,79.87,175.77
66.36,28.635,3.589,1151.89,5.33,15.58,283.2,79.87,175.77
66.42,28.703,3.601,1154.48,5.34,15.48,282.6,79.86,175.77
66.46,28.749,3.609,1156.21,5.36,15.42,283.3,79.86,175.77
66.52,28.817,3.621,1158.81,5.37,15.33,283.3,79.85,175.77
66.58,28.886,3.633,1161.41,5.38,15.23,283.2,79.84,175.77
66.62,28.932,3.641,1163.16,5.38,15.17,283.2,79.84,175.77
66.68,29.001,3.653,1165.78,5.39,15.08,283.6,79.83,175.77
66.72,29.047,3.661,1167.53,5.41,15.02,283.5,79.83,175.77
66.76,29.093,3.669,1169.28,5.41,14.96,282.8,79.82,175.78
66.82,29.162,3.681,1171.91,5.42,14.86,282.6,79.82,175.78
66.86,29.208,3.689,1173.68,5.43,14.8,283.8,79.81,175.78
66.92,29.278,3.701,1176.32,5.44,14.71,283.6,79.8,175.78
66.98,29.347,3.714,1178.97,5.45,14.62,283.0,79.8,175.78
67.02,29.394,3.722,1180.74,5.46,14.56,283.4,79.79,175.78
67.08,29.463,3.734,1183.41,5.47,14.47,282.7,79.79,175.78
67.12,29.51,3.742,1185.19,5.48,14.4,282.9,79.78,175.78
67.18,29.58,3.755,1187.86,5.49,14.31,283.1,79.77,175.78
67.22,29.627,3.763,1189.65,5.5,14.25,282.9,79.77,175.78
67.26,29.674,3.771,1191.44,5.5,14.19,283.4,79.77,175.78
67.32,29.745,3.783,1194.12,5.51,14.1,282.8,79.76,175.78
67.38,29.815,3.796,1196.82,5.53,14.01,283.3,79.75,175.78
67.42,29.862,3.804,1198.62,5.54,13.95,282.6,79.75,175.78
67.48,29.933,3.817,1201.33,5.54,13.86,283.5,79.74,175.78
67.52,30.004,3.829,1204.04,5.56,13.77,283.6,79.73,175.79
67.58,30.052,3.838,1205.86,5.56,13.71,283.4,79.73,175.79
67.62,30.099,3.846,1207.68,5.57,13.65,283.2,79.72,175.79
67.68,30.171,3.859,1210.41,5.59,13.57,283.5,79.71,175.79
67.72,30.219,3.867,1212.23,5.59,13.51,283.6,79.71,175.79
67.78,30.29,3.88,1214.98,5.6,13.42,282.9,79.71,175.79
67.82,30.338,3.888,1216.81,5.61,13.36,283.3,79.7,175.79
67.88,30.41,3.901,1219.56,5.62,13.27,283.8,79.69,175.79
67.94,30.482,3.914,1222.32,5.64,13.18,283.6,79.68,175.79
67.98,30.531,3.922,1224.17,5.64,13.13,283.5,79.68,175.79
68.04,30.603,3.935,1226.94,5.65,13.04,283.6,79.68,175.79
68.08,30.651,3.944,1228.79,5.67,12.98,283.4,79.67,175.79
68.12,30.7,3.953,1230.65,5.67,12.92,283.5,79.67,175.79
68.18,30.773,3.965,1233.43,5.68,12.84,282.7,79.66,175.79
68.24,30.846,3.978,1236.22,5.69,12.75,282.6,79.65,175.79
68.28,30.894,3.987,1238.09,5.7,12.69,283.1,79.65,175.79
68.34,30.967,4.0,1240.89,5.71,12.61,283.7,79.64,175.79
68.38,31.016,4.009,1242.76,5.72,12.55,282.8,79.63,175.79
68.44,31.09,4.022,1245.58,5.73,12.46,283.6,79.63,175.79
68.48,31.139,4.031,1247.46,5.73,12.41,282.6,79.62,175.79
68.54,31.213,4.044,1250.29,5.74,12.32,283.4,79.62,175.79
68.58,31.262,4.053,1252.18,5.75,12.26,283.4,79.61,175.79
68.64,31.336,4.066,1255.02,5.77,12.18,283.3,79.61,175.79
68.68,31.386,4.075,1256.92,5.78,12.12,283.3,79.6,175.79
68.74,31.46,4.088,1259.77,5.79,12.04,283.5,79.6,175.79
68.78,31.51,4.097,1261.67,5.8,11.98,282.9,79.59,175.79
68.84,31.584,4.11,1264.53,5.81,11.9,282.9,79.58,175.79
68.88,31.634,4.119,1266.44,5.81,11.85,282.4,79.58,175.79
68.94,31.709,4.133,1269.31,5.83,11.76,282.9,79.57,175.79
68.98,31.759,4.141,1271.23,5.83,11.71,282.9,79.57,175.79
69.04,31.834,4.155,1274.12,5.84,11.63,282.6,79.56,175.79
69.08,31.884,4.164,1276.05,5.85,11.57,283.9,79.56,175.78
69.14,31.96,4.177,1278.94,5.87,11.49,283.5,79.55,175.78
69.18,32.01,4.187,1280.88,5.87,11.44,282.7,79.55,175.78
69.24,32.086,4.2,1283.78,5.88,11.36,283.2,79.54,175.78
69.3,32.162,4.214,1286.7,5.9,11.28,282.5,79.53,175.78
69.34,32.213,4.223,1288.65,5.91,11.22,283.1,79.53,175.78
69.38,32.263,4.232,1290.6,5.91,11.17,282.7,79.52,175.78
69.44,32.34,4.246,1293.53,5.92,11.09,283.7,79.52,175.78
69.48,32.391,4.255,1295.49,5.93,11.04,283.4,79.51,175.78
69.54,32.467,4.269,1298.44,5.94,10.96,283.8,79.51,175.77
69.6,32.544,4.282,1301.39,5.96,10.88,283.1,79.5,175.77
69.64,32.595,4.292,1303.37,5.97,10.83,283.8,79.49,175.77
69.7,32.672,4.306,1306.33,5.98,10.75,283.5,79.49,175.77
69.74,32.724,4.315,1308.31,5.99,10.7,283.6,79.48,175.77
69.8,32.801,4.329,1311.29,6.0,10.62,283.1,79.48,175.77
69.84,32.853,4.338,1313.28,6.01,10.57,283.6,79.47,175.77
69.88,32.905,4.347,1315.27,6.02,10.52,282.9,79.47,175.76
69.94,32.982,4.362,1318.26,6.03,10.44,283.5,79.46,175.76
70.0,33.06,4.376,1321.27,6.05,10.36,283.7,79.45,175.76
70.04,33.112,4.385,1323.27,6.05,10.31,283.2,79.45,175.76
70.1,33.191,4.399,1326.29,6.07,10.24,283.5,79.44,175.76
70.14,33.243,4.409,1328.31,6.07,10.19,283.8,79.44,175.75
70.18,33.322,4.418,1331.34,6.08,10.11,283.8,79.43,175.75
70.24,33.374,4.432,1333.36,6.09,10.06,282.6,79.43,175.75
70.3,33.453,4.447,1336.4,6.11,9.99,283.7,79.42,175.75
70.34,33.505,4.456,1338.42,6.12,9.94,283.0,79.42,175.75
70.4,33.585,4.471,1341.47,6.12,9.87,282.7,79.41,175.74
70.44,33.637,4.48,1343.5,6.13,9.82,283.1,79.41,175.74
70.5,33.717,4.495,1346.56,6.14,9.74,283.0,79.4,175.74
70.56,33.796,4.509,1349.64,6.16,9.67,283.8,79.39,175.74
70.6,33.85,4.519,1351.69,6.16,9.62,282.7,79.39,175.73
70.64,33.903,4.528,1353.74,6.17,9.58,283.9,79.38,175.73
70.7,33.983,4.543,1356.82,6.18,9.5,283.1,79.38,175.73
70.74,34.036,4.553,1358.89,6.19,9.46,283.2,79.37,175.73
70.8,34.117,4.567,1361.99,6.2,9.39,283.5,79.36,175.72
70.84,34.17,4.577,1364.05,6.22,9.34,283.5,79.36,175.72
70.9,34.251,4.592,1367.16,6.22,9.27,282.6,79.35,175.72
70.96,34.332,4.606,1370.28,6.24,9.2,283.2,79.35,175.71
71.0,34.386,4.616,1372.36,6.25,9.15,283.3,79.34,175.71
71.04,34.44,4.626,1374.44,6.25,9.11,282.6,79.34,175.71
71.1,34.521,4.641,1377.58,6.26,9.04,282.7,79.33,175.7
71.14,34.575,4.651,1379.67,6.27,8.99,283.6,79.32,175.7
71.2,34.657,4.666,1382.81,6.29,8.92,282.7,79.32,175.7
71.26,34.739,4.681,1385.96,6.29,8.85,282.4,79.31,175.69
71.3,34.793,4.691,1388.07,6.3,8.81,282.9,79.31,175.69
71.36,34.875,4.706,1391.23,6.31,8.74,283.1,79.3,175.68
71.4,34.93,4.716,1393.34,6.32,8.69,282.8,79.3,175.68
71.44,34.985,4.726,1395.45,6.33,8.65,282.5,79.29,175.68
71.5,35.067,4.741,1398.63,6.34,8.58,282.5,79.28,175.67
71.56,35.15,4.756,1401.82,6.35,8.52,282.7,79.28,175.67
71.6,35.205,4.766,1403.95,6.37,8.47,282.7,79.27,175.67
71.66,35.288,4.781,1407.15,6.37,8.4,283.0,79.26,175.66
71.7,35.344,4.791,1409.29,6.38,8.36,282.8,79.26,175.66
71.76,35.427,4.807,1412.5,6.4,8.29,282.6,79.26,175.65
71.8,35.482,4.817,1414.65,6.4,8.25,283.3,79.25,175.65
71.86,35.566,4.832,1417.87,6.42,8.18,282.9,79.24,175.64
71.9,35.622,4.842,1420.03,6.43,8.14,282.8,79.24,175.64
71.96,35.706,4.858,1423.27,6.44,8.08,283.6,79.23,175.64
72.0,35.762,4.868,1425.44,6.45,8.03,283.6,79.23,175.63
72.06,35.846,4.884,1428.69,6.46,7.97,283.0,79.22,175.63
72.12,35.931,4.899,1431.95,6.48,7.91,282.8,79.21,175.62
72.16,35.987,4.91,1434.12,6.49,7.86,283.1,79.21,175.62
72.22,36.072,4.925,1437.4,6.5,7.8,283.1,79.2,175.61
72.26,36.128,4.936,1439.58,6.51,7.76,282.9,79.2,175.61
72.32,36.213,4.951,1442.87,6.52,7.7,283.9,79.19,175.6
72.38,36.299,4.967,1446.17,6.53,7.63,283.1,79.18,175.59
72.42,36.356,4.978,1448.38,6.55,7.59,283.8,79.18,175.59
72.46,36.413,4.988,1450.58,6.55,7.55,283.4,79.18,175.59
72.52,36.498,5.004,1453.9,6.57,7.49,283.5,79.17,175.58
72.56,36.555,5.014,1456.11,6.58,7.45,282.8,79.16,175.57
72.62,36.642,5.03,1459.44,6.59,7.39,283.9,79.16,175.57
72.68,36.728,5.046,1462.78,6.61,7.33,283.0,79.15,175.56
72.74,36.814,5.062,1466.12,6.62,7.27,283.6,79.14,175.55
72.78,36.872,5.073,1468.35,6.63,7.23,283.0,79.14,175.55
72.84,36.959,5.089,1471.71,6.64,7.17,283.3,79.13,175.54
72.88,37.017,5.1,1473.95,6.65,7.13,283.0,79.13,175.53
72.94,37.104,5.116,1477.33,6.66,7.07,284.2,79.12,175.53
72.98,37.162,5.127,1479.58,6.68,7.03,283.2,79.11,175.52
73.02,37.22,5.137,1481.84,6.69,6.99,283.8,79.11,175.52
73.08,37.308,5.154,1485.23,6.7,6.93,283.3,79.1,175.51
73.12,37.366,5.165,1487.5,6.71,6.89,283.2,79.1,175.5
73.18,37.454,5.181,1490.9,6.72,6.84,283.5,79.09,175.49
73.24,37.542,5.197,1494.31,6.74,6.78,283.8,79.08,175.48
73.28,37.601,5.208,1496.59,6.75,6.74,283.5,79.08,175.48
73.34,37.689,5.225,1500.01,6.75,6.69,283.3,79.07,175.47
73.38,37.748,5.236,1502.3,6.76,6.65,284.1,79.07,175.46
73.44,37.837,5.252,1505.75,6.78,6.59,284.1,79.06,175.45
73.48,37.896,5.263,1508.05,6.79,6.56,283.4,79.06,175.45
73.54,37.985,5.28,1511.5,6.81,6.5,283.4,79.05,175.44
73.58,38.045,5.291,1513.81,6.81,6.46,283.3,79.04,175.43
73.64,38.134,5.307,1517.27,6.83,6.41,283.9,79.04,175.42
73.68,38.194,5.319,1519.59,6.84,6.37,284.1,79.03,175.41
73.74,38.284,5.335,1523.08,6.86,6.32,284.1,79.03,175.4
73.78,38.344,5.346,1525.4,6.86,6.28,283.2,79.02,175.4
73.84,38.434,5.363,1528.91,6.88,6.23,284.3,79.02,175.38
73.9,38.524,5.38,1532.41,6.89,6.18,283.3,79.01,175.37
73.94,38.584,5.391,1534.75,6.9,6.14,283.4,79.0,175.37
74.0,38.675,5.408,1538.27,6.91,6.09,283.5,79.0,175.36
74.04,38.736,5.42,1540.62,6.92,6.06,283.6,78.99,175.35
74.08,38.796,5.431,1542.98,6.94,6.02,283.6,78.99,175.34
74.14,38.887,5.448,1546.51,6.95,5.97,283.3,78.98,175.33
74.2,38.979,5.465,1550.06,6.96,5.92,283.5,78.97,175.31
74.24,39.04,5.477,1552.42,6.97,5.89,282.9,78.97,175.31
74.3,39.131,5.494,1555.98,6.98,5.83,283.8,78.96,175.29
74.34,39.193,5.505,1558.36,6.99,5.8,283.3,78.96,175.28
74.4,39.285,5.522,1561.93,7.0,5.75,283.0,78.95,175.27
74.44,39.346,5.534,1564.32,7.02,5.72,283.6,78.95,175.26
74.5,39.438,5.551,1567.9,7.02,5.67,283.3,78.94,175.25
74.54,39.5,5.563,1570.3,7.03,5.64,283.9,78.93,175.24
74.6,39.593,5.58,1573.9,7.05,5.59,284.0,78.93,175.22
74.64,39.655,5.592,1576.31,7.06,5.55,284.1,78.92,175.22
74.7,39.748,5.609,1579.92,7.08,5.51,283.8,78.92,175.2
74.74,39.81,5.621,1582.33,7.09,5.47,282.9,78.91,175.19
74.8,39.903,5.639,1585.96,7.1,5.43,283.5,78.9,175.18
74.84,39.966,5.65,1588.38,7.11,5.39,283.9,78.9,175.17
74.9,40.06,5.668,1592.03,7.12,5.35,282.9,78.9,175.15
74.96,40.154,5.686,1595.68,7.14,5.3,283.5,78.89,175.14
75.0,40.216,5.698,1596.67,6.41,5.27,0.0,78.88,175.12
75.04,40.279,5.709,1596.22,5.68,5.23,0.0,78.88,175.12
75.1,40.373,5.727,1595.54,4.95,5.18,0.0,78.87,175.11
75.14,40.436,5.739,1595.09,4.22,5.14,0.0,78.87,175.1
75.2,40.53,5.757,1594.42,2.76,5.07,0.0,78.86,175.09
75.24,40.593,5.768,1593.97,2.03,5.02,0.0,78.85,175.09
75.3,40.686,5.786,1593.29,1.29,4.95,0.0,78.85,175.09
75.36,40.78,5.804,1592.62,0.19,4.88,0.0,78.84,175.09
75.4,40.843,5.816,1592.18,0.17,4.84,0.0,78.83,175.09
75.46,40.937,5.833,1591.51,0.17,4.77,0.0,78.83,175.09
75.5,40.999,5.845,1591.06,0.17,4.72,0.0,78.82,175.09
75.56,41.093,5.863,1590.4,0.17,4.65,0.0,78.82,175.1
75.6,41.156,5.875,1589.96,0.17,4.61,0.0,78.81,175.11
75.66,41.249,5.892,1589.29,0.17,4.55,0.0,78.81,175.12
75.7,41.312,5.904,1588.85,0.16,4.5,0.0,78.8,175.13
75.74,41.405,5.922,1588.19,0.16,4.44,0.0,78.79,175.14
75.8,41.468,5.934,1587.75,0.16,4.4,0.0,78.79,175.15
75.86,41.561,5.951,1587.09,0.16,4.34,0.0,78.78,175.17
75.9,41.624,5.963,1586.65,0.16,4.3,0.0,78.78,175.18
75.96,41.717,5.981,1585.99,0.15,4.24,0.0,78.77,175.2
76.0,41.779,5.993,1585.55,0.15,4.2,0.0,78.76,175.22
76.06,41.873,6.01,1584.9,0.15,4.14,0.0,78.76,175.24
76.1,41.935,6.022,1584.46,0.15,4.1,0.0,78.75,175.26
76.16,42.028,6.04,1583.81,0.15,4.04,0.0,78.75,175.29
76.2,42.091,6.052,1583.37,0.15,4.0,0.0,78.74,175.31
76.26,42.184,6.069,1582.72,0.14,3.95,0.0,78.73,175.34
76.3,42.246,6.081,1582.29,0.14,3.91,0.0,78.73,175.35
76.36,42.339,6.099,1581.64,0.14,3.86,0.0,78.73,175.39
76.4,42.401,6.11,1581.21,0.14,3.82,0.0,78.72,175.41
76.46,42.495,6.128,1580.56,0.14,3.77,0.0,78.71,175.45
76.5,42.557,6.14,1580.13,0.14,3.73,0.0,78.71,175.47
76.56,42.65,6.158,1579.48,0.13,3.68,0.0,78.7,175.51
76.6,42.712,6.169,1579.05,0.13,3.65,0.0,78.7,175.53
76.66,42.805,6.187,1578.41,0.13,3.6,0.0,78.69,175.57
76.7,42.867,6.199,1577.98,0.13,3.56,0.0,78.69,175.6
76.76,42.96,6.217,1577.34,0.13,3.51,0.0,78.68,175.64
76.82,43.053,6.234,1576.7,0.13,3.47,0.0,78.68,175.68
76.86,43.115,6.246,1576.27,0.13,3.43,0.0,78.68,175.71
76.92,43.208,6.264,1575.63,0.12,3.39,0.0,78.67,175.75
76.96,43.269,6.275,1575.2,0.12,3.36,0.0,78.66,175.78
77.02,43.362,6.293,1574.57,0.12,3.31,0.0,78.66,175.83
77.06,43.424,6.299,1574.14,0.12,3.28,0.0,78.66,175.84
77.1,43.486,6.311,1573.72,0.12,3.25,0.0,78.65,175.87
77.16,43.579,6.329,1573.08,0.12,3.21,0.0,78.65,175.92
77.22,43.671,6.346,1572.45,0.12,3.16,0.0,78.64,175.96
77.26,43.733,6.358,1572.02,0.11,3.13,0.0,78.64,175.99
77.32,43.826,6.376,1571.39,0.11,3.09,0.0,78.64,176.04
77.36,43.887,6.387,1570.97,0.11,3.06,0.0,78.63,176.07
77.42,43.98,6.405,1570.34,0.11,3.02,0.0,78.63,176.12
77.46,44.042,6.417,1569.91,0.11,3.0,0.0,78.63,176.15
77.52,44.134,6.435,1569.28,0.11,2.96,0.0,78.62,176.2
77.56,44.196,6.446,1568.86,0.11,2.93,0.0,78.62,176.23
77.62,44.288,6.464,1568.24,0.11,2.89,0.0,78.61,176.28
77.66,44.35,6.476,1567.82,0.1,2.86,0.0,78.61,176.31
77.72,44.442,6.493,1567.19,0.1,2.82,0.0,78.61,176.36
77.76,44.504,6.505,1566.77,0.1,2.8,0.0,78.61,176.39
77.82,44.596,6.523,1566.14,0.1,2.76,0.0,78.6,176.44
77.88,44.688,6.541,1565.52,0.1,2.73,0.0,78.6,176.49
77.92,44.75,6.552,1565.1,0.1,2.7,0.0,78.6,176.52
77.98,44.842,6.57,1564.48,0.1,2.66,0.0,78.59,176.57
78.02,44.903,6.582,1564.06,0.1,2.64,0.0,78.59,176.6
78.06,44.965,6.593,1563.65,0.1,2.62,0.0,78.59,176.63
78.12,45.057,6.611,1563.02,0.09,2.58,0.0,78.59,176.68
78.18,45.149,6.629,1562.4,0.09,2.55,0.0,78.58,176.73
78.22,45.21,6.641,1561.99,0.09,2.53,0.0,78.58,176.76
78.26,45.271,6.652,1561.58,0.09,2.5,0.0,78.58,176.79
78.32,45.363,6.67,1560.96,0.09,2.47,0.0,78.58,176.84
78.36,45.425,6.682,1560.54,0.09,2.45,0.0,78.57,176.87
78.42,45.517,6.699,1559.92,0.09,2.42,0.0,78.57,176.91
78.48,45.608,6.717,1559.31,0.09,2.38,0.0,78.57,176.95
78.52,45.67,6.729,1558.89,0.09,2.36,0.0,78.57,176.98
78.58,45.761,6.747,1558.28,0.08,2.33,0.0,78.57,177.03
78.62,45.823,6.758,1557.87,0.08,2.31,0.0,78.56,177.06
78.66,45.884,6.77,1557.46,0.08,2.29,0.0,78.56,177.08
78.72,45.976,6.788,1556.84,0.08,2.26,0.0,78.56,177.12
78.78,46.067,6.805,1556.23,0.08,2.23,0.0,78.56,177.17
78.82,46.128,6.823,1555.82,0.08,2.21,0.0,78.56,177.21
78.88,46.22,6.841,1555.2,0.08,2.18,0.0,78.56,177.24
78.92,46.281,6.852,1554.79,0.08,2.16,0.0,78.55,177.27
78.98,46.373,6.87,1554.18,0.08,2.14,0.0,78.55,177.31
79.04,46.464,6.888,1553.57,0.08,2.11,0.0,78.55,177.34
79.08,46.525,6.899,1553.16,0.07,2.09,0.0,78.55,177.37
79.12,46.586,6.911,1552.75,0.07,2.07,0.0,78.55,177.39
79.18,46.677,6.929,1552.14,0.07,2.04,0.0,78.55,177.43
79.22,46.738,6.941,1551.74,0.07,2.03,0.0,78.55,177.44
79.28,46.83,6.958,1551.13,0.07,2.0,0.0,78.55,177.48
79.34,46.921,6.976,1550.52,0.07,1.98,0.0,78.55,177.51
79.38,46.982,6.988,1550.11,0.07,1.96,0.0,78.55,177.54
79.42,47.043,6.999,1549.71,0.07,1.94,0.0,78.55,177.56
79.48,47.134,7.017,1549.1,0.07,1.92,0.0,78.54,177.59
79.52,47.195,7.029,1548.69,0.07,1.9,0.0,78.54,177.6
79.58,47.286,7.046,1548.09,0.07,1.88,0.0,78.54,177.63
79.62,47.347,7.058,1547.68,0.07,1.86,0.0,78.54,177.65
79.68,47.438,7.076,1547.08,0.07,1.84,0.0,78.54,177.68
79.74,47.529,7.094,1546.47,0.06,1.81,0.0,78.54,177.7
79.78,47.59,7.099,1546.07,0.06,1.8,0.0,78.54,177.71
79.84,47.681,7.117,1545.47,0.06,1.77,0.0,78.54,177.73
79.88,47.741,7.129,1545.06,0.06,1.76,0.0,78.54,177.75
79.92,47.802,7.141,1544.66,0.06,1.74,0.0,78.54,177.76
79.98,47.893,7.158,1544.06,0.06,1.72,0.0,78.54,177.78
80.04,47.984,7.176,1543.45,0.06,1.7,0.0,78.54,177.8
80.08,48.044,7.188,1543.05,0.06,1.69,0.0,78.54,177.82
80.14,48.135,7.205,1542.45,0.06,1.66,0.0,78.54,177.83
80.18,48.196,7.217,1542.05,0.06,1.65,0.0,78.54,177.84
80.22,48.256,7.229,1541.65,0.06,1.64,0.0,78.54,177.86
80.28,48.347,7.246,1541.05,0.06,1.62,0.0,78.54,177.87
80.34,48.438,7.264,1540.45,0.06,1.6,0.0,78.54,177.88
80.38,48.498,7.276,1540.05,0.06,1.58,0.0,78.54,177.89
80.44,48.589,7.293,1539.45,0.05,1.56,0.0,78.54,177.91
80.48,48.649,7.305,1539.05,0.05,1.55,0.0,78.54,177.91
80.54,48.74,7.323,1538.45,0.05,1.53,0.0,78.54,177.92
80.58,48.8,7.334,1538.05,0.05,1.52,0.0,78.54,177.93
80.64,48.891,7.352,1537.45,0.05,1.5,0.0,78.54,177.94
80.7,48.981,7.37,1536.86,0.05,1.48,0.0,78.54,177.95
80.72,49.011,7.376,1536.66,0.05,1.48,0.0,78.54,177.95
80.78,49.102,7.393,1536.06,0.05,1.46,0.0,78.54,177.95
80.84,49.192,7.411,1535.46,0.05,1.44,0.0,78.54,177.96
80.88,49.253,7.423,1535.07,0.05,1.43,0.0,78.54,177.96
80.94,49.343,7.44,1534.47,0.05,1.41,0.0,78.54,177.96
80.98,49.403,7.452,1534.07,0.05,1.4,0.0,78.54,177.97
81.04,49.493,7.47,1533.48,0.05,1.38,0.0,78.54,177.97
81.1,49.584,7.487,1532.88,0.05,1.36,0.0,78.54,177.97
81.14,49.644,7.499,1532.49,0.05,1.35,0.0,78.54,177.97
81.18,49.704,7.511,1532.09,0.05,1.34,0.0,78.54,177.97
81.24,49.794,7.528,1531.5,0.05,1.33,0.0,78.54,177.96
81.28,49.854,7.54,1531.1,0.05,1.31,0.0,78.54,177.96
81.34,49.944,7.558,1530.51,0.04,1.3,0.0,78.54,177.96
81.4,50.034,7.575,1529.91,0.04,1.28,0.0,78.54,177.95
81.44,50.094,7.587,1529.52,0.04,1.27,0.0,78.54,177.95
81.5,50.184,7.605,1528.92,0.04,1.26,0.0,78.54,177.94
81.54,50.244,7.616,1528.53,0.04,1.25,0.0,78.54,177.94
81.58,50.304,7.628,1528.13,0.04,1.24,0.0,78.54,177.93
81.64,50.394,7.646,1527.54,0.04,1.22,0.0,78.54,177.93
81.7,50.484,7.663,1526.95,0.04,1.21,0.0,78.54,177.92
81.74,50.544,7.675,1526.55,0.04,1.2,0.0,78.54,177.91
81.8,50.634,7.693,1525.96,0.04,1.18,0.0,78.54,177.9
81.84,50.694,7.704,1525.57,0.04,1.17,0.0,78.54,177.89
81.9,50.784,7.722,1524.98,0.04,1.16,0.0,78.54,177.88
81.94,50.843,7.734,1524.58,0.04,1.15,0.0,78.54,177.87
82.0,50.933,7.751,1523.99,0.04,1.14,0.0,78.54,177.86
82.04,50.993,7.763,1523.6,0.04,1.13,0.0,78.54,177.85
82.1,51.083,7.781,1523.01,0.04,1.11,0.0,78.54,177.83
82.14,51.142,7.793,1522.61,0.04,1.1,0.0,78.54,177.82
82.2,51.232,7.81,1522.02,0.04,1.09,0.0,78.54,177.8
82.24,51.292,7.822,1521.63,0.04,1.08,0.0,78.54,177.79
82.3,51.381,7.839,1521.04,0.04,1.07,0.0,78.54,177.78
82.36,51.471,7.857,1520.45,0.04,1.06,0.0,78.54,177.76
82.4,51.53,7.869,1520.06,0.04,1.05,0.0,78.54,177.74
82.46,51.62,7.886,1519.47,0.04,1.04,0.0,78.54,177.73
82.5,51.679,7.898,1519.07,0.04,1.03,0.0,78.54,177.71
82.54,51.739,7.91,1518.68,0.04,1.02,0.0,78.54,177.7
82.6,51.828,7.928,1518.09,0.04,1.01,0.0,78.54,177.68
82.64,51.888,7.945,1517.7,0.04,1.0,0.0,78.54,177.66
82.7,51.977,7.963,1517.11,0.04,0.99,0.0,78.53,177.63
82.74,52.037,7.974,1516.72,0.04,0.98,0.0,78.53,177.62
82.8,52.126,7.992,1516.13,0.04,0.97,0.0,78.53,177.59
82.84,52.185,8.004,1515.74,0.04,0.96,0.0,78.53,177.58
82.9,52.275,8.021,1515.15,0.03,0.95,0.0,78.53,177.55
82.94,52.334,8.033,1514.76,0.03,0.94,0.0,78.53,177.54
83.0,52.423,8.051,1514.17,0.03,0.93,0.0,78.53,177.51
83.06,52.512,8.068,1513.59,0.03,0.92,0.0,78.53,177.49
83.1,52.571,8.08,1513.2,0.03,0.91,0.0,78.53,177.47
83.16,52.66,8.098,1512.61,0.03,0.9,0.0,78.53,177.44
83.2,52.72,8.109,1512.22,0.03,0.89,0.0,78.53,177.43
83.26,52.809,8.127,1511.63,0.03,0.88,0.0,78.53,177.4
83.3,52.868,8.139,1511.24,0.03,0.88,0.0,78.53,177.38
83.36,52.957,8.156,1510.66,0.03,0.87,0.0,78.52,177.35
83.4,53.016,8.168,1510.27,0.03,0.86,0.0,78.52,177.33
83.46,53.105,8.186,1509.68,0.03,0.85,0.0,78.52,177.31
83.5,53.164,8.197,1509.29,0.03,0.84,0.0,78.52,177.29
83.56,53.253,8.215,1508.7,0.03,0.83,0.0,78.52,177.26
83.6,53.312,8.227,1508.31,0.03,0.83,0.0,78.52,177.24
83.66,53.401,8.244,1507.73,0.03,0.82,0.0,78.52,177.21
83.7,53.46,8.256,1507.34,0.03,0.81,0.0,78.52,177.19
83.76,53.549,8.274,1506.75,0.03,0.8,0.0,78.52,177.16
83.82,53.637,8.297,1506.17,0.03,0.79,0.0,78.51,177.13
83.88,53.726,8.303,1505.59,0.03,0.78,0.0,78.51,177.11
83.92,53.785,8.315,1505.2,0.03,0.78,0.0,78.51,177.09
83.96,53.844,8.326,1504.81,0.03,0.77,0.0,78.51,177.07
84.02,53.932,8.344,1504.22,0.03,0.76,0.0,78.51,177.04
84.08,54.021,8.362,1503.64,0.03,0.75,0.0,78.51,177.0
84.12,54.08,8.373,1503.25,0.03,0.75,0.0,78.5,176.98
84.16,54.139,8.385,1502.86,0.03,0.74,0.0,78.5,176.96
84.22,54.227,8.403,1502.28,0.03,0.73,0.0,78.5,176.93
84.26,54.286,8.414,1501.89,0.03,0.73,0.0,78.5,176.91
84.32,54.374,8.432,1501.3,0.03,0.72,0.0,78.5,176.88
84.38,54.463,8.449,1500.72,0.03,0.71,0.0,78.49,176.85
84.42,54.522,8.461,1500.33,0.03,0.71,0.0,78.49,176.82
84.46,54.58,8.473,1499.95,0.03,0.7,0.0,78.49,176.8
84.52,54.669,8.491,1499.36,0.03,0.69,0.0,78.49,176.77
84.58,54.757,8.508,1498.78,0.03,0.68,0.0,78.49,176.74
84.62,54.816,8.52,1498.39,0.03,0.68,0.0,78.49,176.72
84.68,54.904,8.537,1497.81,0.03,0.67,0.0,78.48,176.68
84.72,54.962,8.549,1497.42,0.03,0.67,0.0,78.48,176.66
84.76,55.021,8.561,1497.03,0.03,0.66,0.0,78.48,176.64
84.82,55.109,8.578,1496.45,0.03,0.65,0.0,78.48,176.61
84.88,55.197,8.596,1495.87,0.03,0.65,0.0,78.47,176.57
84.92,55.256,8.608,1495.48,0.03,0.64,0.0,78.47,176.55
84.98,55.344,8.625,1494.9,0.03,0.63,0.0,78.47,176.52
85.02,55.402,8.637,1494.51,0.03,0.63,0.0,78.47,176.5
85.08,55.49,8.655,1493.93,0.03,0.62,0.0,78.46,176.47
85.12,55.549,8.666,1493.55,0.02,0.62,0.0,78.46,176.44
85.18,55.637,8.684,1492.96,0.02,0.61,0.0,78.46,176.41
85.22,55.695,8.696,1492.58,0.02,0.61,0.0,78.46,176.39
85.28,55.783,8.713,1492.0,0.02,0.6,0.0,78.45,176.36
85.34,55.871,8.731,1491.42,0.02,0.59,0.0,78.45,176.32
85.38,55.929,8.742,1491.03,0.02,0.59,0.0,78.45,176.3
85.42,55.987,8.754,1490.64,0.02,0.58,0.0,78.45,176.28
85.48,56.075,8.772,1490.06,0.02,0.58,0.0,78.44,176.25
85.52,56.134,8.783,1489.68,0.02,0.57,0.0,78.44,176.23
85.58,56.221,8.801,1489.1,0.02,0.57,0.0,78.44,176.2
85.64,56.309,8.824,1488.52,0.02,0.56,0.0,78.43,176.16
85.68,56.367,8.836,1488.13,0.02,0.55,0.0,78.43,176.13
85.74,56.454,8.854,1487.55,0.02,0.55,0.0,78.43,176.1
85.78,56.513,8.865,1487.16,0.02,0.54,0.0,78.42,176.08
85.84,56.6,8.883,1486.58,0.02,0.54,0.0,78.42,176.05
85.88,56.658,8.895,1486.2,0.02,0.53,0.0,78.42,176.03
85.94,56.746,8.912,1485.62,0.02,0.53,0.0,78.41,176.0
85.98,56.804,8.924,1485.04,0.02,0.52,0.0,78.41,175.98
86.04,56.891,8.942,1484.65,0.02,0.52,0.0,78.41,175.95
86.08,56.95,8.953,1484.27,0.02,0.51,0.0,78.4,175.93
86.14,57.037,8.971,1483.69,0.02,0.51,0.0,78.4,175.89
86.18,57.095,8.977,1483.3,0.02,0.5,0.0,78.4,175.88
86.24,57.182,8.994,1482.73,0.02,0.5,0.0,78.39,175.85
86.3,57.269,9.012,1482.15,0.02,0.49,0.0,78.39,175.82
86.34,57.327,9.024,1481.76,0.02,0.49,0.0,78.39,175.8
86.4,57.414,9.041,1481.18,0.02,0.48,0.0,78.38,175.77
86.44,57.473,9.053,1480.8,0.02,0.48,0.0,78.38,175.76
86.48,57.531,9.065,1480.41,0.02,0.48,0.0,78.38,175.74
86.54,57.618,9.082,1479.84,0.02,0.47,0.0,78.37,175.71
86.6,57.705,9.1,1479.26,0.02,0.47,0.0,78.37,175.68
86.64,57.763,9.111,1478.87,0.02,0.46,0.0,78.37,175.66
86.7,57.849,9.129,1478.3,0.02,0.46,0.0,78.36,175.63
86.74,57.907,9.141,1477.91,0.02,0.45,0.0,78.36,175.61
86.78,57.965,9.152,1477.53,0.02,0.45,0.0,78.35,175.59
86.84,58.052,9.17,1476.95,0.02,0.44,0.0,78.35,175.57
86.9,58.139,9.188,1476.37,0.02,0.44,0.0,78.35,175.54
86.94,58.197,9.199,1475.99,0.02,0.44,0.0,78.34,175.52
87.0,58.284,9.217,1475.41,0.02,0.43,0.0,78.34,175.49
87.04,58.341,9.228,1475.03,0.02,0.43,0.0,78.33,175.47
87.1,58.428,9.246,1474.45,0.02,0.42,0.0,78.33,175.45
87.14,58.486,9.258,1474.06,0.02,0.42,0.0,78.33,175.43
87.2,58.572,9.275,1473.49,0.02,0.42,0.0,78.32,175.4
87.26,58.659,9.293,1472.91,0.02,0.41,0.0,78.32,175.38
87.3,58.717,9.305,1472.53,0.02,0.41,0.0,78.31,175.36
87.34,58.774,9.316,1472.14,0.02,0.4,0.0,78.31,175.34
87.4,58.861,9.334,1471.57,0.02,0.4,0.0,78.3,175.32
87.44,58.919,9.346,1471.18,0.02,0.4,0.0,78.3,175.3
87.5,59.005,9.363,1470.61,0.02,0.39,0.0,78.3,175.28
87.56,59.091,9.381,1470.03,0.02,0.39,0.0,78.29,175.25
87.6,59.149,9.392,1469.65,0.02,0.38,0.0,78.29,175.24
87.66,59.235,9.41,1469.07,0.02,0.38,0.0,78.28,175.21
87.7,59.293,9.422,1468.69,0.02,0.38,0.0,78.28,175.2
87.74,59.35,9.433,1468.3,0.02,0.37,0.0,78.28,175.18
87.8,59.437,9.451,1467.73,0.02,0.37,0.0,78.27,175.16
87.84,59.494,9.463,1467.34,0.02,0.37,0.0,78.27,175.14
87.9,59.58,9.486,1466.77,0.02,0.36,0.0,78.26,175.12
87.96,59.667,9.504,1466.19,0.02,0.36,0.0,78.25,175.09
88.0,59.724,9.515,1465.81,0.02,0.36,0.0,78.25,175.08
88.06,59.81,9.533,1465.24,0.02,0.35,0.0,78.25,175.06
88.1,59.868,9.544,1464.85,0.02,0.35,0.0,78.24,175.04
88.16,59.954,9.562,1464.28,0.02,0.35,0.0,78.24,175.02
88.2,60.011,9.574,1463.89,0.02,0.34,0.0,78.23,175.01
88.26,60.097,9.591,1463.32,0.02,0.34,0.0,78.23,174.99
88.3,60.154,9.603,1462.94,0.02,0.34,0.0,78.23,174.97
88.36,60.24,9.62,1462.36,0.02,0.33,0.0,78.22,174.95
88.4,60.298,9.632,1461.98,0.02,0.33,0.0,78.22,174.94
88.46,60.383,9.65,1461.4,0.02,0.33,0.0,78.21,174.92
88.5,60.441,9.661,1461.02,0.02,0.32,0.0,78.21,174.91
88.56,60.527,9.679,1460.45,0.02,0.32,0.0,78.2,174.89
88.62,60.612,9.691,1459.87,0.02,0.32,0.0,78.2,174.88
88.66,60.669,9.702,1459.49,0.02,0.31,0.0,78.19,174.86
88.7,60.727,9.714,1459.11,0.02,0.31,0.0,78.19,174.85
88.76,60.812,9.732,1458.53,0.02,0.31,0.0,78.18,174.83
88.8,60.869,9.743,1458.15,0.02,0.31,0.0,78.18,174.82
88.86,60.955,9.761,1457.58,0.01,0.3,0.0,78.17,174.8
88.92,61.041,9.778,1457.0,0.01,0.3,0.0,78.17,174.79
88.96,61.098,9.79,1456.62,0.01,0.3,0.0,78.16,174.77
89.0,61.155,9.802,1456.24,0.01,0.29,0.0,78.16,174.76
89.06,61.24,9.819,1455.66,0.01,0.29,0.0,78.15,174.75
89.1,61.297,9.831,1455.28,0.01,0.29,0.0,78.15,174.74
89.16,61.383,9.849,1454.71,0.01,0.28,0.0,78.14,174.72
89.22,61.468,9.866,1454.14,0.01,0.28,0.0,78.14,174.71
89.26,61.525,9.878,1453.75,0.01,0.28,0.0,78.13,174.7
89.3,61.582,9.889,1453.37,0.01,0.28,0.0,78.13,174.69
89.36,61.668,9.907,1452.8,0.01,0.27,0.0,78.12,174.67
89.4,61.724,9.919,1452.42,0.01,0.27,0.0,78.12,174.66
89.46,61.81,9.936,1451.84,0.01,0.27,0.0,78.11,174.65
89.52,61.895,9.954,1451.27,0.01,0.27,0.0,78.11,174.63
89.56,61.952,9.965,1450.89,0.01,0.26,0.0,78.1,174.62
89.62,62.037,9.983,1450.32,0.01,0.26,0.0,78.1,174.61
89.66,62.094,9.995,1449.93,0.01,0.26,0.0,78.09,174.6
89.7,62.151,10.006,1449.55,0.01,0.26,0.0,78.09,174.59
89.76,62.236,10.024,1448.98,0.01,0.25,0.0,78.08,174.58
89.82,62.321,10.041,1448.41,0.01,0.25,0.0,78.08,174.57
89.86,62.378,10.053,1448.03,0.01,0.25,0.0,78.07,174.56
89.92,62.463,10.071,1447.45,0.01,0.25,0.0,78.07,174.55
89.96,62.519,10.082,1447.07,0.01,0.24,0.0,78.06,174.54
90.02,62.604,10.1,1446.5,0.01,0.24,0.0,78.06,174.53
90.06,62.661,10.112,1446.12,0.01,0.24,0.0,78.05,174.52
90.12,62.746,10.129,1445.55,0.01,0.24,0.0,78.05,174.51
90.16,62.802,10.141,1445.17,0.01,0.23,0.0,78.04,174.5
90.22,62.887,10.158,1444.59,0.01,0.23,0.0,78.03,174.49
90.26,62.944,10.17,1444.21,0.01,0.23,0.0,78.03,174.48
90.32,63.029,10.188,1443.64,0.01,0.23,0.0,78.02,174.47
90.36,63.085,10.199,1443.26,0.01,0.23,0.0,78.02,174.47
90.42,63.17,10.217,1442.69,0.01,0.22,0.0,78.01,174.46
90.46,63.226,10.228,1442.31,0.01,0.22,0.0,78.01,174.45
90.52,63.311,10.246,1441.74,0.01,0.22,0.0,78.0,174.44
90.56,63.367,10.258,1441.35,0.01,0.22,0.0,78.0,174.44
90.62,63.452,10.275,1440.78,0.01,0.21,0.0,77.99,174.43
90.66,63.508,10.287,1440.4,0.01,0.21,0.0,77.99,174.42
90.7,63.565,10.299,1440.02,0.01,0.21,0.0,77.98,174.42
90.76,63.649,10.316,1439.45,0.01,0.21,0.0,77.98,174.41
90.82,63.734,10.334,1438.88,0.01,0.21,0.0,77.97,174.4
90.86,63.79,10.345,1438.5,0.01,0.2,0.0,77.97,174.4
90.9,63.847,10.357,1438.12,0.01,0.2,0.0,77.96,174.39
90.98,63.959,10.38,1437.36,0.01,0.2,0.0,77.95,174.38
91.02,64.015,10.392,1436.98,0.01,0.2,0.0,77.95,174.38
91.08,64.1,10.41,1436.4,0.01,0.2,0.0,77.94,174.37
91.12,64.156,10.421,1436.02,0.01,0.19,0.0,77.94,174.37
91.18,64.24,10.439,1435.45,0.01,0.19,0.0,77.93,174.36
91.22,64.296,10.45,1435.07,0.01,0.19,0.0,77.93,174.36
91.26,64.353,10.462,1434.69,0.01,0.19,0.0,77.92,174.35
91.32,64.437,10.48,1434.12,0.01,0.19,0.0,77.92,174.35
91.38,64.521,10.497,1433.55,0.01,0.18,0.0,77.91,174.34
91.42,64.577,10.509,1433.17,0.01,0.18,0.0,77.91,174.34
91.48,64.661,10.526,1432.6,0.01,0.18,0.0,77.9,174.34
91.52,64.717,10.538,1432.22,0.01,0.18,0.0,77.9,174.33
91.56,64.773,10.55,1431.84,0.01,0.18,0.0,77.89,174.33
91.62,64.857,10.567,1431.27,0.01,0.18,0.0,77.89,174.32
91.68,64.941,10.585,1430.7,0.01,0.17,0.0,77.88,174.32
91.72,64.997,10.596,1430.32,0.01,0.17,0.0,77.88,174.32
91.76,65.053,10.608,1429.94,0.01,0.17,0.0,77.87,174.32
91.82,65.137,10.626,1429.37,0.01,0.17,0.0,77.86,174.31
91.88,65.221,10.643,1428.8,0.01,0.17,0.0,77.86,174.31
91.92,65.277,10.655,1428.42,0.01,0.17,0.0,77.85,174.31
91.96,65.333,10.667,1428.04,0.01,0.16,0.0,77.85,174.3
92.02,65.417,10.684,1427.47,0.01,0.16,0.0,77.84,174.3
92.06,65.473,10.696,1427.09,0.01,0.16,0.0,77.84,174.3
92.12,65.556,10.713,1426.52,0.01,0.16,0.0,77.83,174.3
92.18,65.64,10.731,1425.95,0.01,0.16,0.0,77.83,174.3
92.22,65.696,10.742,1425.57,0.01,0.16,0.0,77.82,174.29
92.28,65.78,10.76,1425.0,0.01,0.15,0.0,77.81,174.29
92.32,65.835,10.772,1424.62,0.01,0.15,0.0,77.81,174.29
92.38,65.919,10.789,1424.05,0.01,0.15,0.0,77.8,174.29
92.42,65.975,10.801,1423.67,0.01,0.15,0.0,77.8,174.29
92.46,66.03,10.812,1423.3,0.01,0.15,0.0,77.8,174.29
92.52,66.114,10.83,1422.73,0.01,0.15,0.0,77.79,174.29
92.52,66.114,10.83,1422.73,0.01,0.15,0.0,77.79,174.29
92.6,66.225,10.853,1421.97,0.01,0.14,0.0,77.78,174.29
92.64,66.281,10.865,1421.59,0.01,0.14,0.0,77.78,174.29
92.7,66.364,10.882,1421.02,0.01,0.14,0.0,77.77,174.29
92.76,66.448,10.9,1420.45,0.01,0.14,0.0,77.76,174.28
92.8,66.503,10.912,1420.07,0.01,0.14,0.0,77.76,174.28
92.86,66.586,10.929,1419.5,0.01,0.14,0.0,77.75,174.29
92.9,66.642,10.941,1419.12,0.01,0.13,0.0,77.75,174.29
92.96,66.725,10.958,1418.55,0.01,0.13,0.0,77.74,174.29
93.0,66.781,10.97,1418.18,0.01,0.13,0.0,77.74,174.29
93.06,66.864,10.988,1417.61,0.01,0.13,0.0,77.73,174.29
93.1,66.919,10.999,1417.23,0.01,0.13,0.0,77.73,174.29
93.16,67.003,11.017,1416.66,0.01,0.13,0.0,77.72,174.29
93.22,67.086,11.034,1416.09,0.01,0.13,0.0,77.71,174.29
93.26,67.141,11.046,1415.71,0.01,0.13,0.0,77.71,174.29
93.3,67.196,11.058,1415.33,0.01,0.12,0.0,77.7,174.29
93.36,67.279,11.075,1414.76,0.01,0.12,0.0,77.7,174.29
93.4,67.335,11.087,1414.39,0.01,0.12,0.0,77.69,174.29
93.46,67.418,11.104,1413.82,0.01,0.12,0.0,77.69,174.3
93.52,67.501,11.122,1413.25,0.01,0.12,0.0,77.68,174.3
93.56,67.556,11.133,1412.87,0.01,0.12,0.0,77.68,174.3
93.62,67.639,11.151,1412.3,0.01,0.12,0.0,77.67,174.3
93.66,67.694,11.163,1411.92,0.01,0.12,0.0,77.66,174.3
93.7,67.749,11.174,1411.55,0.01,0.11,0.0,77.66,174.3
93.76,67.832,11.192,1410.98,0.01,0.11,0.0,77.65,174.31
93.8,67.887,11.203,1410.6,0.01,0.11,0.0,77.65,174.31
93.86,67.97,11.221,1410.03,0.01,0.11,0.0,77.64,174.31
93.92,68.053,11.238,1409.46,0.01,0.11,0.0,77.64,174.32
93.96,68.108,11.25,1409.09,0.01,0.11,0.0,77.63,174.32
94.02,68.191,11.268,1408.52,0.01,0.11,0.0,77.63,174.32
94.06,68.246,11.279,1408.14,0.01,0.11,0.0,77.62,174.32
94.12,68.328,11.297,1407.57,0.01,0.1,0.0,77.61,174.33
94.16,68.383,11.308,1407.19,0.01,0.1,0.0,77.61,174.33
94.2,68.438,11.32,1406.82,0.01,0.1,0.0,77.61,174.33
94.26,68.521,11.338,1406.25,0.01,0.1,0.0,77.6,174.34
94.32,68.603,11.355,1405.68,0.01,0.1,0.0,77.59,174.34
94.36,68.658,11.367,1405.3,0.01,0.1,0.0,77.59,174.34
94.42,68.741,11.384,1404.74,0.01,0.1,0.0,77.58,174.35
94.46,68.796,11.396,1404.36,0.01,0.1,0.0,77.58,174.35
94.52,68.878,11.413,1403.79,0.01,0.1,0.0,77.57,174.35
94.56,68.933,11.425,1403.41,0.01,0.1,0.0,77.57,174.36
94.62,69.015,11.443,1402.85,0.01,0.09,0.0,77.56,174.36
94.66,69.07,11.454,1402.47,0.01,0.09,0.0,77.56,174.37
94.72,69.152,11.472,1401.9,0.01,0.09,0.0,77.55,174.37
94.76,69.207,11.483,1401.52,0.01,0.09,0.0,77.55,174.37
94.82,69.289,11.501,1400.96,0.01,0.09,0.0,77.54,174.38
94.88,69.371,11.518,1400.39,0.01,0.09,0.0,77.53,174.38
94.92,69.426,11.53,1400.01,0.01,0.09,0.0,77.53,174.39
94.96,69.481,11.542,1399.63,0.01,0.09,0.0,77.52,174.39
95.02,69.563,11.559,1399.07,0.01,0.09,0.0,77.52,174.4
95.06,69.618,11.571,1398.69,0.01,0.09,0.0,77.51,174.4
95.12,69.7,11.588,1398.12,0.01,0.08,0.0,77.51,174.41
95.18,69.782,11.606,1397.56,0.01,0.08,0.0,77.5,174.41
95.22,69.836,11.618,1397.18,0.01,0.08,0.0,77.5,174.42
95.28,69.918,11.635,1396.61,0.01,0.08,0.0,77.49,174.42
95.32,69.973,11.647,1396.24,0.01,0.08,0.0,77.48,174.43
95.36,70.027,11.658,1395.86,0.01,0.08,0.0,77.48,174.43
95.42,70.109,11.676,1395.29,0.01,0.08,0.0,77.47,174.44
95.46,70.164,11.687,1394.91,0.01,0.08,0.0,77.47,174.44
95.52,70.246,11.705,1394.35,0.01,0.08,0.0,77.46,174.45
95.58,70.327,11.722,1393.78,0.01,0.08,0.0,77.46,174.45
95.62,70.382,11.734,1393.4,0.01,0.08,0.0,77.45,174.46
95.68,70.463,11.752,1392.84,0.01,0.07,0.0,77.45,174.46
95.72,70.518,11.763,1392.46,0.01,0.07,0.0,77.44,174.47
95.78,70.6,11.781,1391.9,0.01,0.07,0.0,77.44,174.48
95.82,70.654,11.792,1391.52,0.01,0.07,0.0,77.43,174.48
95.86,70.708,11.804,1391.14,0.01,0.07,0.0,77.43,174.48
95.92,70.79,11.822,1390.57,0.01,0.07,0.0,77.42,174.49
95.98,70.871,11.839,1390.01,0.01,0.07,0.0,77.41,174.5
96.02,70.926,11.851,1389.63,0.01,0.07,0.0,77.41,174.5
96.08,71.007,11.868,1389.07,0.01,0.07,0.0,77.4,174.51
96.14,71.089,11.886,1388.5,0.01,0.07,0.0,77.4,174.52
96.18,71.143,11.897,1388.12,0.01,0.07,0.0,77.39,174.52
96.22,71.197,11.909,1387.75,0.01,0.07,0.0,77.39,174.53
96.28,71.278,11.926,1387.18,0.01,0.07,0.0,77.38,174.54
96.32,71.333,11.938,1386.8,0.01,0.07,0.0,77.38,174.54
96.38,71.414,11.956,1386.24,0.01,0.06,0.0,77.37,174.55
96.42,71.468,11.967,1385.86,0.01,0.06,0.0,77.37,174.55
96.48,71.549,11.985,1385.3,0.01,0.06,0.0,77.36,174.56
96.52,71.603,11.996,1384.92,0.01,0.06,0.0,77.36,174.57
96.58,71.685,12.014,1384.35,0.01,0.06,0.0,77.35,174.58
96.62,71.739,12.025,1383.98,0.01,0.06,0.0,77.35,174.58
96.68,71.82,12.043,1383.41,0.01,0.06,0.0,77.34,174.59
96.74,71.901,12.06,1382.85,0.01,0.06,0.0,77.33,174.6
96.78,71.955,12.072,1382.47,0.01,0.06,0.0,77.33,174.6
96.82,72.009,12.084,1382.09,0.01,0.06,0.0,77.32,174.61
96.88,72.09,12.101,1381.53,0.01,0.06,0.0,77.32,174.62
96.92,72.144,12.113,1381.15,0.01,0.06,0.0,77.31,174.62
96.98,72.225,12.13,1380.59,0.01,0.06,0.0,77.31,174.63
97.04,72.306,12.148,1380.02,0.01,0.06,0.0,77.3,174.64
97.08,72.36,12.159,1379.65,0.01,0.06,0.0,77.3,174.64
97.14,72.441,12.177,1379.08,0.01,0.05,0.0,77.29,174.65
97.18,72.494,12.189,1378.7,0.01,0.05,0.0,77.29,174.66
97.24,72.575,12.206,1378.14,0.01,0.05,0.0,77.28,174.67
97.28,72.629,12.218,1377.76,0.01,0.05,0.0,77.28,174.67
97.32,72.683,12.229,1377.39,0.01,0.05,0.0,77.27,174.68
97.38,72.764,12.247,1376.82,0.01,0.05,0.0,77.26,174.69
97.44,72.844,12.264,1376.26,0.01,0.05,0.0,77.26,174.7
97.48,72.898,12.276,1375.88,0.0,0.05,0.0,77.25,174.7
97.54,72.979,12.293,1375.32,0.0,0.05,0.0,77.25,174.71
97.58,73.032,12.305,1374.94,0.0,0.05,0.0,77.24,174.72
97.64,73.113,12.323,1374.38,0.0,0.05,0.0,77.24,174.73
97.7,73.193,12.34,1373.81,0.0,0.05,0.0,77.23,174.74
97.74,73.247,12.352,1373.44,0.0,0.05,0.0,77.23,174.74
97.78,73.301,12.363,1373.06,0.0,0.05,0.0,77.22,174.75
97.84,73.381,12.381,1372.49,0.0,0.05,0.0,77.22,174.76
97.88,73.435,12.392,1372.12,0.0,0.05,0.0,77.21,174.76
97.94,73.515,12.41,1371.55,0.0,0.05,0.0,77.21,174.77
97.98,73.569,12.422,1371.18,0.0,0.05,0.0,77.2,174.78
98.04,73.649,12.439,1370.61,0.0,0.04,0.0,77.2,174.79
98.08,73.703,12.451,1370.24,0.0,0.04,0.0,77.19,174.8
98.14,73.783,12.468,1369.67,0.0,0.04,0.0,77.18,174.81
98.2,73.863,12.486,1369.11,0.0,0.04,0.0,77.18,174.82
98.24,73.917,12.497,1368.73,0.0,0.04,0.0,77.17,174.82
98.3,73.997,12.515,1368.17,0.0,0.04,0.0,77.17,174.83
98.34,74.05,12.526,1367.79,0.0,0.04,0.0,77.16,174.84
98.38,74.104,12.538,1367.42,0.0,0.04,0.0,77.16,174.84
98.44,74.184,12.556,1366.85,0.0,0.04,0.0,77.15,174.85
98.5,74.264,12.573,1366.29,0.0,0.04,0.0,77.15,174.86
98.54,74.317,12.585,1365.91,0.0,0.04,0.0,77.14,174.87
98.6,74.397,12.602,1365.35,0.0,0.04,0.0,77.14,174.88
98.64,74.45,12.614,1364.97,0.0,0.04,0.0,77.13,174.89
98.7,74.53,12.631,1364.41,0.0,0.04,0.0,77.13,174.9
98.74,74.584,12.643,1364.03,0.0,0.04,0.0,77.12,174.9
98.78,74.637,12.654,1363.66,0.0,0.04,0.0,77.12,174.91
98.84,74.717,12.672,1363.1,0.0,0.04,0.0,77.11,174.92
98.9,74.797,12.689,1362.53,0.0,0.04,0.0,77.11,174.93
98.94,74.85,12.701,1362.16,0.0,0.04,0.0,77.1,174.94
99.0,74.93,12.719,1361.59,0.0,0.04,0.0,77.1,174.95
99.04,74.983,12.73,1361.22,0.0,0.04,0.0,77.09,174.95
99.1,75.062,12.748,1360.65,0.0,0.04,0.0,77.08,174.96
99.16,75.142,12.765,1360.09,0.0,0.04,0.0,77.08,174.97
99.2,75.195,12.777,1359.71,0.0,0.04,0.0,77.07,174.98
99.24,75.248,12.788,1359.34,0.0,0.03,0.0,77.07,174.99
99.3,75.328,12.806,1358.78,0.0,0.03,0.0,77.06,175.0
99.34,75.381,12.817,1358.4,0.0,0.03,0.0,77.06,175.01
99.4,75.461,12.835,1357.84,0.0,0.03,0.0,77.05,175.02
99.44,75.514,12.847,1357.46,0.0,0.03,0.0,77.05,175.02
99.5,75.593,12.864,1356.9,0.0,0.03,0.0,77.04,175.03
99.56,75.672,12.881,1356.33,0.0,0.03,0.0,77.04,175.04
99.6,75.725,12.893,1355.96,0.0,0.03,0.0,77.03,175.05
99.64,75.778,12.905,1355.58,0.0,0.03,0.0,77.03,175.06
99.7,75.858,12.922,1355.02,0.0,0.03,0.0,77.02,175.07
99.74,75.911,12.934,1354.65,0.0,0.03,0.0,77.02,175.08
99.8,75.99,12.951,1354.08,0.0,0.03,0.0,77.01,175.09
99.86,76.069,12.969,1353.52,0.0,0.03,0.0,77.01,175.1
99.9,76.122,12.98,1353.14,0.0,0.03,0.0,77.0,175.1
99.96,76.201,12.998,1352.58,0.0,0.03,0.0,77.0,175.11
100.0,76.254,13.009,1352.21,0.0,0.03,0.0,76.99,175.12
100.06,76.333,13.027,1351.64,0.0,0.03,0.0,76.99,175.13
100.1,76.386,13.039,1351.27,0.0,0.03,0.0,76.98,175.14
100.16,76.465,13.056,1350.7,0.0,0.03,0.0,76.98,175.15
100.2,76.518,13.068,1350.33,0.0,0.03,0.0,76.97,175.16
100.24,76.57,13.079,1349.95,0.0,0.03,0.0,76.97,175.16
100.3,76.65,13.097,1349.39,0.0,0.03,0.0,76.96,175.18
100.36,76.729,13.114,1348.83,0.0,0.03,0.0,76.96,175.19
100.4,76.781,13.126,1348.45,0.0,0.03,0.0,76.95,175.19
100.46,76.86,13.143,1347.89,0.0,0.03,0.0,76.94,175.2
100.5,76.913,13.155,1347.52,0.0,0.03,0.0,76.94,175.21
100.56,76.992,13.172,1346.95,0.0,0.03,0.0,76.93,175.22
100.6,77.044,13.184,1346.58,0.0,0.03,0.0,76.93,175.23
100.66,77.123,13.201,1346.02,0.0,0.03,0.0,76.92,175.24
100.7,77.175,13.213,1345.64,0.0,0.03,0.0,76.92,175.25
