met,altitude_km,downrange_km,velocity_ms,g_force,dynamic_pressure_kpa,thrust_kn,pitch_deg,heading_deg
0.0,0.24,0.0,0.0,1.0,0.0,0.0,90.0,83.33
0.0,0.24,0.0,0.0,1.0,0.0,0.0,90.0,83.33
0.0,0.24,0.0,0.0,1.0,0.0,0.0,90.0,83.33
0.0,0.24,0.0,0.0,1.0,0.0,0.0,90.0,83.33
0.0,0.24,0.0,0.0,1.0,0.0,0.0,90.0,83.33
0.0,0.24,0.0,0.0,1.0,0.0,0.0,90.0,83.33
0.0,0.24,0.0,0.0,1.0,0.0,0.0,90.0,83.33
0.0,0.24,0.0,0.0,1.0,0.0,0.0,90.0,83.33
0.0,0.24,0.0,0.0,1.0,0.0,0.0,90.0,83.33
0.0,0.24,0.0,0.0,1.0,0.0,0.0,90.0,83.33
0.0,0.24,0.0,0.0,1.0,0.0,0.1,90.0,83.33
0.0,0.24,0.0,0.0,1.0,0.0,0.1,90.0,83.33
0.0,0.24,0.0,0.0,1.0,0.0,0.1,90.0,83.33
0.0,0.24,0.0,0.0,1.0,0.0,0.1,90.0,83.33
0.0,0.24,0.0,0.0,1.0,0.0,0.1,90.0,83.33
0.0,0.24,0.0,0.0,1.0,0.0,0.1,90.0,83.33
0.0,0.24,0.0,0.0,1.0,0.0,0.1,90.0,83.33
0.0,0.24,0.0,0.0,1.0,0.0,0.1,90.0,83.33
0.0,0.24,0.0,0.0,1.0,0.0,0.1,90.0,83.33
0.0,0.24,0.0,0.0,1.0,0.0,0.2,90.0,83.33
0.0,0.24,0.0,0.0,1.0,0.0,0.2,90.0,83.33
0.0,0.24,0.0,0.0,1.0,0.0,0.2,90.0,83.33
0.0,0.24,0.0,0.0,1.0,0.0,0.2,90.0,83.33
0.0,0.24,0.0,0.0,1.0,0.0,0.3,90.0,83.33
0.0,0.24,0.0,0.0,1.0,0.0,0.3,90.0,83.33
0.0,0.24,0.0,0.0,1.0,0.0,0.3,90.0,83.33
0.0,0.24,0.0,0.0,1.0,0.0,0.4,90.0,83.33
0.0,0.24,0.0,0.0,1.0,0.0,0.4,90.0,83.33
0.0,0.24,0.0,0.0,1.0,0.0,0.5,90.0,83.33
0.0,0.24,0.0,0.0,1.0,0.0,0.5,90.0,83.33
0.0,0.24,0.0,0.0,1.0,0.0,0.6,90.0,83.33
0.0,0.24,0.0,0.0,1.0,0.0,0.6,90.0,83.33
0.0,0.24,0.0,0.0,1.0,0.0,0.7,90.0,83.33
0.0,0.24,0.0,0.0,1.0,0.0,0.8,90.0,83.33
0.0,0.24,0.0,0.0,1.0,0.0,0.9,90.0,83.33
0.0,0.24,0.0,0.0,1.0,0.0,1.0,90.0,83.33
0.0,0.24,0.0,0.0,1.0,0.0,1.1,90.0,83.33
0.0,0.24,0.0,0.0,1.0,0.0,1.2,90.0,83.33
0.0,0.24,0.0,0.0,1.0,0.0,1.4,90.0,83.33
0.0,0.24,0.0,0.0,1.0,0.0,9.1,90.0,83.33
0.0,0.24,0.0,0.0,1.0,0.0,24.2,90.0,83.33
0.0,0.24,0.0,0.0,1.0,0.0,46.8,90.0,83.33
0.0,0.24,0.0,0.0,1.0,0.0,80.6,90.0,83.33
0.0,0.24,0.0,0.0,1.0,0.0,103.8,90.0,83.33
0.0,0.24,0.0,0.0,1.0,0.0,135.3,90.0,83.33
0.0,0.24,0.0,0.0,1.0,0.0,153.9,90.0,83.33
0.0,0.24,0.0,0.0,1.0,0.0,176.8,90.0,83.33
0.0,0.24,0.0,0.0,1.0,0.0,189.1,90.0,83.33
0.0,0.24,0.0,0.0,1.0,0.0,203.4,90.0,83.33
0.0,0.24,0.0,0.0,1.0,0.0,211.1,90.0,83.33
0.0,0.24,0.0,0.0,1.0,0.0,219.7,90.0,83.33
0.0,0.24,0.0,0.0,1.0,0.0,224.2,90.0,83.33
0.0,0.24,0.0,0.0,1.0,0.0,228.8,90.0,83.33
0.0,0.24,0.0,0.0,1.0,0.0,231.2,90.0,83.33
0.0,0.24,0.0,0.0,1.0,0.0,233.8,90.0,83.33
0.0,0.24,0.0,0.0,1.0,0.0,235.2,90.0,83.33
0.0,0.24,0.0,0.0,1.0,0.0,236.4,90.0,83.33
0.0,0.24,0.0,0.0,1.0,0.0,237.9,90.0,83.33
0.0,0.24,0.0,0.0,1.0,0.0,238.7,90.0,83.33
0.0,0.24,0.0,0.0,1.0,0.0,239.1,90.0,83.33
0.0,0.24,0.0,0.0,1.0,0.0,239.6,90.0,83.33
0.0,0.24,0.0,0.0,1.0,0.0,240.4,90.0,83.33
0.0,0.24,0.0,0.0,1.0,0.0,240.7,90.0,83.33
0.0,0.24,0.0,0.0,1.0,0.0,240.5,90.0,83.33
0.0,0.24,0.0,0.0,1.0,0.0,240.5,90.0,83.33
0.0,0.24,0.0,0.0,1.0,0.0,240.1,90.0,83.33
0.0,0.241,0.0,0.35,1.09,0.0,240.9,90.0,83.33
0.0,0.241,0.0,0.69,1.18,0.0,240.1,90.0,83.33
0.0,0.241,0.0,1.21,1.31,0.0,241.0,90.0,83.33
0.0,0.241,0.0,1.55,1.4,0.0,240.4,90.0,83.33
0.0,0.241,0.0,2.07,1.53,0.0,240.4,90.0,83.33
0.0,0.241,0.0,2.42,1.62,0.0,240.4,90.0,83.33
0.04,0.241,0.0,2.94,1.75,0.0,240.2,90.0,83.33
0.1,0.242,0.0,3.46,1.88,0.0,240.6,90.0,83.33
0.14,0.242,0.0,3.8,1.88,0.0,240.0,90.0,83.33
0.2,0.242,0.0,4.32,1.88,0.01,240.6,90.0,83.33
0.24,0.242,0.0,4.67,1.88,0.01,240.5,90.0,83.33
0.28,0.242,0.0,5.02,1.88,0.01,240.3,90.0,83.33
0.34,0.243,0.0,5.54,1.88,0.01,240.4,90.0,83.33
0.38,0.243,0.0,5.89,1.88,0.02,240.8,90.0,83.33
0.44,0.243,0.0,6.41,1.89,0.02,240.4,90.0,83.33
0.5,0.244,0.0,6.93,1.89,0.02,240.1,89.97,83.33
0.54,0.244,0.0,7.28,1.89,0.03,240.5,90.0,83.33
0.6,0.245,0.0,7.81,1.89,0.03,240.5,90.0,83.33
0.64,0.245,0.0,8.16,1.89,0.03,240.6,90.0,83.33
0.7,0.245,0.0,8.68,1.89,0.04,240.7,90.0,83.33
0.74,0.246,0.0,9.03,1.89,0.04,240.4,90.0,83.33
0.8,0.246,0.0,9.56,1.89,0.05,240.4,90.0,83.33
0.84,0.247,0.0,9.91,1.89,0.05,240.6,90.0,83.33
0.9,0.247,0.0,10.44,1.89,0.06,240.6,90.0,83.33
0.9,0.247,0.0,10.44,1.89,0.06,240.6,90.0,83.33
0.96,0.248,0.0,10.97,1.9,0.06,240.3,90.0,83.33
1.02,0.249,0.0,11.5,1.9,0.07,240.9,90.0,83.33
1.06,0.249,0.0,11.85,1.9,0.08,240.8,89.98,83.33
1.12,0.25,0.0,12.38,1.9,0.08,240.5,90.0,83.33
1.16,0.25,0.0,12.74,1.9,0.09,240.5,89.97,83.33
1.22,0.251,0.0,13.27,1.9,0.1,240.1,90.0,83.33
1.26,0.252,0.0,13.62,1.9,0.1,240.7,90.0,83.33
1.32,0.252,0.0,14.15,1.9,0.11,240.3,90.0,83.33
1.38,0.253,0.0,14.69,1.9,0.12,240.4,90.0,83.34
1.42,0.254,0.0,15.04,1.9,0.13,240.9,89.98,83.34
1.48,0.255,0.0,15.58,1.91,0.14,241.3,89.97,83.34
1.52,0.256,0.0,15.94,1.91,0.14,240.7,89.97,83.34
1.58,0.257,0.0,16.47,1.91,0.16,241.0,89.96,83.34
1.62,0.257,0.0,16.83,1.91,0.16,240.2,89.97,83.34
1.68,0.258,0.0,17.37,1.91,0.17,240.4,89.97,83.34
1.72,0.259,0.0,17.72,1.91,0.18,241.1,89.96,83.34
1.78,0.26,0.0,18.26,1.91,0.19,240.4,89.97,83.34
1.82,0.261,0.0,18.62,1.91,0.2,240.2,89.94,83.34
1.88,0.262,0.0,19.16,1.91,0.21,241.0,89.96,83.34
1.92,0.263,0.0,19.52,1.91,0.22,240.7,89.96,83.34
1.98,0.264,0.0,20.06,1.91,0.24,240.3,89.94,83.34
2.02,0.265,0.0,20.42,1.92,0.25,241.1,89.94,83.34
2.08,0.266,0.0,20.96,1.92,0.26,240.1,89.95,83.34
2.14,0.267,0.0,21.5,1.92,0.27,240.6,89.94,83.34
2.18,0.268,0.0,21.86,1.92,0.28,240.2,89.94,83.35
2.22,0.269,0.0,22.23,1.92,0.29,240.6,89.94,83.35
2.28,0.27,0.0,22.77,1.92,0.31,240.8,89.93,83.35
2.34,0.272,0.0,23.31,1.92,0.32,240.9,89.93,83.35
2.38,0.273,0.0,23.68,1.92,0.33,240.3,89.94,83.35
2.42,0.274,0.0,24.04,1.92,0.35,240.8,89.93,83.35
2.44,0.274,0.0,24.22,1.92,0.35,240.9,89.93,83.35
2.44,0.274,0.0,24.22,1.92,0.35,240.9,89.93,83.35
2.52,0.276,0.0,24.95,1.92,0.37,240.3,89.92,83.35
2.56,0.277,0.0,25.31,1.93,0.38,240.5,89.92,83.35
2.62,0.279,0.0,25.86,1.93,0.4,240.5,89.92,83.36
2.68,0.28,0.0,26.41,1.93,0.42,240.3,89.92,83.36
2.72,0.281,0.0,26.77,1.93,0.43,241.0,89.92,83.36
2.76,0.282,0.0,27.14,1.93,0.44,240.4,89.91,83.36
2.82,0.284,0.0,27.69,1.93,0.46,240.7,89.91,83.36
2.88,0.286,0.0,28.24,1.93,0.48,241.1,89.9,83.37
2.92,0.287,0.0,28.6,1.93,0.5,241.1,89.9,83.37
2.96,0.288,0.0,28.97,1.93,0.51,240.5,89.9,83.37
3.02,0.29,0.0,29.52,1.93,0.53,240.9,89.9,83.37
3.08,0.291,0.0,30.07,1.94,0.55,241.1,89.89,83.37
3.12,0.293,0.0,30.44,1.94,0.56,241.0,89.89,83.38
3.16,0.294,0.0,30.81,1.94,0.58,241.4,89.88,104.93
3.22,0.296,0.0,31.37,1.94,0.6,241.3,89.88,105.74
3.28,0.298,0.0,31.92,1.94,0.62,241.2,89.87,106.54
3.32,0.299,0.0,32.29,1.94,0.64,241.1,89.87,107.09
3.38,0.301,0.0,32.85,1.94,0.66,240.9,89.87,107.93
3.42,0.302,0.0,33.22,1.94,0.67,240.8,89.87,108.48
3.46,0.304,0.0,33.59,1.94,0.69,240.7,89.86,109.04
3.52,0.306,0.0,34.15,1.94,0.71,241.3,89.86,109.88
3.58,0.308,0.0,34.71,1.95,0.74,240.8,89.86,110.74
3.62,0.309,0.0,35.08,1.95,0.75,240.6,89.85,111.32
3.68,0.311,0.0,35.64,1.95,0.78,241.0,89.85,112.19
3.72,0.313,0.0,36.01,1.95,0.8,240.9,89.84,112.77
3.78,0.315,0.0,36.57,1.95,0.82,240.9,89.84,113.66
3.82,0.316,0.0,36.95,1.95,0.84,241.5,89.83,114.26
3.88,0.319,0.0,37.51,1.95,0.87,241.0,89.83,115.16
3.92,0.32,0.0,37.88,1.95,0.88,240.7,89.83,115.76
3.98,0.322,0.0,38.45,1.95,0.91,240.6,89.82,116.65
4.04,0.325,0.0,39.01,1.95,0.94,240.6,89.81,117.57
4.08,0.326,0.0,39.39,1.96,0.96,241.2,89.81,118.17
4.12,0.328,0.0,39.76,1.96,0.97,240.7,89.81,118.78
4.18,0.33,0.0,40.33,1.96,1.0,241.3,89.8,119.69
4.24,0.333,0.0,40.89,1.96,1.03,241.0,89.79,120.6
4.28,0.334,0.0,41.27,1.96,1.05,240.6,89.79,121.21
4.34,0.337,0.0,41.84,1.96,1.08,240.5,89.78,122.13
4.38,0.339,0.0,42.21,1.96,1.1,240.9,89.78,122.73
4.42,0.34,0.0,42.59,1.96,1.12,241.1,89.77,123.34
4.48,0.343,0.0,43.16,1.96,1.15,241.2,89.77,124.25
4.54,0.345,0.0,43.73,1.96,1.18,241.6,89.76,125.16
4.58,0.347,0.0,44.11,1.96,1.2,241.2,89.76,125.76
4.62,0.349,0.0,44.49,1.97,1.22,240.7,89.75,126.36
4.68,0.352,0.0,45.06,1.97,1.26,241.6,89.74,127.26
4.74,0.354,0.0,45.63,1.97,1.29,241.3,89.74,128.16
4.78,0.356,0.0,46.02,1.97,1.31,240.7,89.73,128.75
4.84,0.359,0.0,46.59,1.97,1.34,240.7,89.72,129.63
4.88,0.361,0.0,46.97,1.97,1.37,241.6,89.72,130.22
4.94,0.364,0.0,47.55,1.97,1.4,241.4,89.71,131.1
4.98,0.366,0.0,47.93,1.97,1.42,241.0,89.71,131.68
5.04,0.369,0.0,48.51,1.98,1.46,241.7,89.69,132.55
5.08,0.371,0.0,48.89,1.98,1.48,241.1,89.69,133.12
5.14,0.373,0.0,49.46,1.98,1.52,240.9,89.68,133.97
5.18,0.375,0.0,49.85,1.98,1.54,241.2,89.68,134.53
5.24,0.378,0.0,50.43,1.98,1.58,241.4,89.66,135.37
5.28,0.381,0.0,50.81,1.98,1.6,241.1,89.66,135.92
5.34,0.384,0.0,51.39,1.98,1.64,241.7,89.65,136.74
5.38,0.386,0.0,51.78,1.98,1.66,241.0,89.64,137.28
5.44,0.389,0.0,52.36,1.98,1.7,241.5,89.63,138.08
5.48,0.391,0.0,52.75,1.98,1.73,241.8,89.63,138.61
5.54,0.394,0.0,53.33,1.99,1.76,241.8,89.62,139.39
5.58,0.396,0.0,53.72,1.99,1.79,241.9,89.61,139.91
5.64,0.399,0.0,54.3,1.99,1.83,241.0,89.6,140.67
5.68,0.402,0.001,54.69,1.99,1.86,241.6,89.59,141.17
5.74,0.405,0.001,55.28,1.99,1.9,241.9,89.58,141.92
5.78,0.407,0.001,55.67,1.99,1.92,241.5,89.57,142.41
5.84,0.411,0.001,56.25,1.99,1.96,241.7,89.56,143.14
5.9,0.414,0.001,56.84,1.99,2.01,241.3,89.55,143.85
5.94,0.416,0.001,57.23,1.99,2.03,241.3,89.54,144.32
5.98,0.419,0.001,57.62,2.0,2.06,241.7,89.53,144.78
6.04,0.422,0.001,58.21,2.0,2.1,241.3,89.52,145.47
6.1,0.426,0.001,58.8,2.0,2.15,241.5,89.51,146.14
6.14,0.428,0.001,59.19,2.0,2.17,241.5,89.5,146.59
6.18,0.43,0.001,59.59,2.0,2.2,241.5,89.49,147.02
6.24,0.434,0.001,60.18,2.0,2.25,241.6,89.48,147.67
6.3,0.437,0.001,60.77,2.0,2.29,241.9,89.47,148.3
6.34,0.44,0.001,61.16,2.0,2.32,241.7,89.46,148.71
6.38,0.442,0.001,61.56,2.0,2.35,241.5,89.45,149.12
6.44,0.446,0.001,62.15,2.0,2.4,241.7,89.44,149.72
6.5,0.45,0.001,62.74,2.01,2.44,241.8,89.42,150.31
6.54,0.452,0.001,63.14,2.01,2.47,242.0,89.41,150.7
6.6,0.456,0.001,63.74,2.01,2.52,242.1,89.4,151.27
6.64,0.459,0.001,64.13,2.01,2.55,241.4,89.39,151.64
6.7,0.463,0.001,64.73,2.01,2.6,241.9,89.38,152.19
6.74,0.465,0.001,65.13,2.01,2.63,242.0,89.37,152.55
6.8,0.469,0.001,65.73,2.01,2.68,242.1,89.35,153.08
6.84,0.472,0.001,66.13,2.01,2.71,242.1,89.34,153.43
6.9,0.476,0.001,66.72,2.01,2.76,242.3,89.33,153.94
6.94,0.478,0.001,67.12,2.02,2.79,241.3,89.32,154.27
7.0,0.483,0.001,67.72,2.02,2.84,241.7,89.31,154.76
7.04,0.485,0.001,68.12,2.02,2.87,241.9,89.3,155.09
7.1,0.489,0.001,68.72,2.02,2.92,241.8,89.28,155.56
7.14,0.492,0.001,69.13,2.02,2.96,241.6,89.27,155.87
7.2,0.496,0.001,69.73,2.02,3.01,241.4,89.26,156.32
7.24,0.499,0.001,70.13,2.02,3.04,241.5,89.25,156.62
7.3,0.503,0.001,70.73,2.02,3.09,242.2,89.23,157.05
7.34,0.506,0.001,71.14,2.02,3.13,241.7,89.22,157.33
7.4,0.51,0.001,71.74,2.02,3.18,241.9,89.21,157.75
7.46,0.515,0.001,72.35,2.03,3.23,241.3,89.19,158.16
7.5,0.518,0.001,72.75,2.03,3.27,242.4,89.18,158.42
7.54,0.521,0.001,73.16,2.03,3.31,241.8,89.17,158.69
7.6,0.525,0.001,73.77,2.03,3.36,242.3,89.16,159.07
7.66,0.529,0.002,74.37,2.03,3.41,242.0,89.14,159.44
7.7,0.532,0.002,74.78,2.03,3.45,241.9,89.13,159.68
7.74,0.535,0.002,75.19,2.03,3.49,242.2,89.13,159.92
7.8,0.54,0.002,75.8,2.03,3.54,242.3,89.11,160.27
7.86,0.545,0.002,76.41,2.04,3.6,242.2,89.1,160.61
7.9,0.548,0.002,76.82,2.04,3.64,242.0,89.09,160.83
7.94,0.551,0.002,77.22,2.04,3.68,241.8,89.08,161.04
8.0,0.555,0.002,77.84,2.04,3.73,242.3,89.06,161.35
8.06,0.56,0.002,78.45,2.04,3.79,241.7,89.05,161.66
8.1,0.563,0.002,78.86,2.04,3.83,242.7,89.04,161.85
8.14,0.566,0.002,79.27,2.04,3.87,242.2,89.03,162.05
8.2,0.571,0.002,79.89,2.04,3.93,242.1,89.02,162.33
8.24,0.574,0.002,80.3,2.04,3.97,242.5,89.01,162.51
8.3,0.579,0.002,80.92,2.05,4.03,242.8,88.99,162.78
8.34,0.582,0.002,81.33,2.05,4.07,242.1,88.98,162.95
8.4,0.587,0.002,81.95,2.05,4.13,242.6,88.97,163.21
8.46,0.592,0.002,82.57,2.05,4.19,242.2,88.96,163.45
8.5,0.596,0.002,82.99,2.05,4.23,242.7,88.95,163.6
8.56,0.601,0.002,83.61,2.05,4.29,242.5,88.94,163.83
8.6,0.604,0.002,84.02,2.05,4.33,242.7,88.93,163.98
8.66,0.609,0.002,84.64,2.06,4.39,242.7,88.91,164.19
8.7,0.612,0.003,85.06,2.06,4.44,242.2,88.91,164.33
8.76,0.618,0.003,85.68,2.06,4.5,242.9,88.89,164.53
8.8,0.621,0.003,86.1,2.06,4.54,242.9,88.89,164.66
8.84,0.624,0.003,86.52,2.06,4.59,243.0,88.88,164.78
8.9,0.63,0.003,87.15,2.06,4.65,242.6,88.87,164.96
8.96,0.635,0.003,87.78,2.06,4.71,243.3,88.85,165.14
9.0,0.638,0.003,88.19,2.06,4.76,242.9,88.85,165.24
9.06,0.644,0.003,88.82,2.07,4.82,243.2,88.84,165.4
9.1,0.647,0.003,89.24,2.07,4.87,242.5,88.83,165.5
9.16,0.653,0.003,89.87,2.07,4.93,242.8,88.82,165.65
9.2,0.656,0.003,90.29,2.07,4.98,243.1,88.81,165.74
9.24,0.66,0.003,90.71,2.07,5.02,242.3,88.8,165.83
9.3,0.665,0.003,91.34,2.07,5.09,242.7,88.79,165.96
9.34,0.669,0.003,91.77,2.07,5.14,243.1,88.78,166.04
9.42,0.676,0.003,92.61,2.07,5.23,242.7,88.77,166.19
9.46,0.68,0.004,93.03,2.07,5.27,242.7,88.76,166.26
9.52,0.686,0.004,93.67,2.08,5.34,243.1,88.75,166.36
9.56,0.69,0.004,94.09,2.08,5.39,242.9,88.75,166.43
9.6,0.693,0.004,94.52,2.08,5.44,243.1,88.74,166.49
9.66,0.699,0.004,95.16,2.08,5.51,243.6,88.73,166.57
9.72,0.705,0.004,95.79,2.08,5.58,242.7,88.72,166.65
9.74,0.707,0.004,96.01,2.08,5.6,243.4,88.72,166.68
9.74,0.707,0.004,96.01,2.08,5.6,243.4,88.72,166.7
9.8,0.712,0.004,96.65,2.08,5.67,243.2,88.71,166.75
9.86,0.718,0.004,97.29,2.08,5.75,242.5,88.7,166.82
9.92,0.724,0.004,97.93,2.09,5.82,243.2,88.69,166.88
9.96,0.728,0.004,98.35,2.09,5.87,242.7,88.69,166.92
10.02,0.734,0.004,98.99,2.09,5.94,242.5,88.68,166.97
10.06,0.738,0.005,99.42,2.09,5.99,242.8,88.67,167.0
10.12,0.744,0.005,100.07,2.09,6.06,243.1,88.66,167.05
10.16,0.748,0.005,100.5,2.09,6.11,242.9,88.66,167.07
10.22,0.754,0.005,101.14,2.09,6.19,243.8,88.65,167.11
10.26,0.758,0.005,101.57,2.09,6.24,243.3,88.64,167.13
10.32,0.764,0.005,102.22,2.09,6.31,242.8,88.63,167.16
10.36,0.768,0.005,102.65,2.09,6.36,243.2,88.63,167.18
10.42,0.775,0.005,103.29,2.1,6.44,243.3,88.62,167.21
10.46,0.779,0.005,103.73,2.1,6.49,243.7,88.61,167.23
10.5,0.783,0.005,104.16,2.1,6.54,243.8,88.61,167.24
10.56,0.789,0.005,104.81,2.1,6.62,242.9,88.6,167.26
10.62,0.795,0.006,105.46,2.1,6.7,243.1,88.59,167.28
10.66,0.8,0.006,105.9,2.1,6.75,243.4,88.58,167.29
10.72,0.806,0.006,106.55,2.1,6.83,243.5,88.57,167.31
10.76,0.81,0.006,106.98,2.11,6.88,243.9,88.57,167.32
10.82,0.817,0.006,107.64,2.11,6.96,243.5,88.56,167.33
10.86,0.821,0.006,108.08,2.11,7.02,243.9,88.55,167.34
10.92,0.828,0.006,108.73,2.11,7.1,244.1,88.54,167.35
10.96,0.832,0.006,109.17,2.11,7.15,243.5,88.54,167.36
11.02,0.838,0.007,109.82,2.11,7.23,244.2,88.52,167.38
11.06,0.843,0.007,110.26,2.11,7.29,243.8,88.52,167.39
11.12,0.85,0.007,110.92,2.11,7.37,243.8,88.51,167.4
11.18,0.856,0.007,111.58,2.12,7.45,244.2,88.5,167.42
11.22,0.861,0.007,112.02,2.12,7.51,244.3,88.49,167.43
11.26,0.865,0.007,112.46,2.12,7.56,243.4,88.48,167.45
11.32,0.872,0.007,113.12,2.12,7.65,243.5,88.47,167.46
11.38,0.879,0.007,113.79,2.12,7.73,244.3,88.46,167.48
11.42,0.883,0.008,114.23,2.12,7.79,244.0,88.45,167.5
11.46,0.888,0.008,114.67,2.12,7.84,244.1,88.45,167.52
11.52,0.895,0.008,115.34,2.13,7.93,243.6,88.44,167.54
11.58,0.902,0.008,116.0,2.13,8.01,244.3,88.42,167.57
11.62,0.906,0.008,116.45,2.13,8.07,244.1,88.42,167.59
11.66,0.911,0.008,116.89,2.13,8.13,244.2,88.41,167.62
11.72,0.918,0.008,117.56,2.13,8.21,244.1,88.4,167.66
11.76,0.923,0.008,118.01,2.13,8.27,244.2,88.39,167.68
11.82,0.93,0.009,118.68,2.13,8.36,244.3,88.37,167.72
11.86,0.935,0.009,119.12,2.13,8.42,244.4,88.37,167.76
11.92,0.942,0.009,119.79,2.14,8.51,243.7,88.35,167.8
11.98,0.949,0.009,120.46,2.14,8.6,243.8,88.34,167.85
12.02,0.954,0.009,120.91,2.14,8.66,244.6,88.33,167.88
12.08,0.961,0.009,121.58,2.14,8.75,244.8,88.32,167.94
12.12,0.966,0.01,122.03,2.14,8.81,244.1,88.31,167.97
12.18,0.973,0.01,122.71,2.14,8.9,244.4,88.3,168.02
12.22,0.978,0.01,123.16,2.14,8.96,244.5,88.29,168.06
12.28,0.986,0.01,123.83,2.14,9.05,244.6,88.29,168.09
12.32,0.991,0.01,124.28,2.15,9.11,244.2,88.28,168.12
12.38,0.998,0.01,124.96,2.15,9.2,244.6,88.28,168.15
12.42,1.003,0.01,125.42,2.15,9.26,244.4,88.28,168.16
12.48,1.011,0.011,126.09,2.15,9.35,244.3,88.29,168.19
12.52,1.016,0.011,126.55,2.15,9.42,244.1,88.29,168.2
12.56,1.021,0.011,127.0,2.15,9.48,244.9,88.29,168.22
12.62,1.029,0.011,127.68,2.15,9.57,244.4,88.3,168.23
12.68,1.036,0.011,128.36,2.15,9.67,244.5,88.31,168.25
12.72,1.041,0.011,128.82,2.16,9.73,244.3,88.32,168.26
12.78,1.049,0.012,129.5,2.16,9.83,243.9,88.33,168.26
12.82,1.054,0.012,129.96,2.16,9.89,244.4,88.34,168.27
12.88,1.062,0.012,130.64,2.16,9.98,244.3,88.35,168.28
12.94,1.07,0.012,131.33,2.16,10.08,245.0,88.37,168.28
12.98,1.075,0.012,131.78,2.16,10.14,244.7,88.38,168.29
13.02,1.081,0.013,132.24,2.16,10.21,245.2,88.39,168.29
13.08,1.088,0.013,132.93,2.16,10.31,245.0,88.41,168.3
13.12,1.094,0.013,133.39,2.17,10.37,244.7,88.42,168.31
13.18,1.102,0.013,134.08,2.17,10.47,244.4,88.44,168.31
13.24,1.11,0.013,134.77,2.17,10.57,245.4,88.45,168.32
13.28,1.115,0.014,135.23,2.17,10.63,244.8,88.47,168.32
13.32,1.121,0.014,135.69,2.17,10.7,244.3,88.48,168.33
13.38,1.129,0.014,136.38,2.17,10.8,244.7,88.5,168.34
13.44,1.137,0.014,137.08,2.17,10.9,244.6,88.51,168.35
13.48,1.143,0.014,137.54,2.17,10.97,245.0,88.52,168.36
13.52,1.148,0.015,138.0,2.17,11.03,245.2,88.53,168.38
13.58,1.156,0.015,138.7,2.18,11.13,245.5,88.55,168.4
13.64,1.165,0.015,139.4,2.18,11.24,245.4,88.56,168.42
13.68,1.17,0.015,139.86,2.18,11.3,244.9,88.57,168.44
13.74,1.179,0.015,140.56,2.18,11.41,244.8,88.58,168.47
13.78,1.184,0.016,141.02,2.18,11.48,245.5,88.58,168.5
13.82,1.19,0.016,141.49,2.18,11.54,245.7,88.59,168.52
13.88,1.199,0.016,142.19,2.19,11.65,245.2,88.59,168.57
13.94,1.207,0.016,142.9,2.19,11.75,245.6,88.6,168.62
13.98,1.213,0.016,143.37,2.19,11.82,245.5,88.6,168.65
14.02,1.219,0.017,143.83,2.19,11.89,245.2,88.6,168.7
14.08,1.227,0.017,144.54,2.19,12.0,245.5,88.6,168.76
14.14,1.236,0.017,145.24,2.19,12.1,245.7,88.59,168.82
14.18,1.242,0.017,145.72,2.2,12.17,245.7,88.59,168.86
14.24,1.251,0.018,146.42,2.2,12.28,246.0,88.58,168.94
14.28,1.256,0.018,146.9,2.2,12.35,245.9,88.57,169.0
14.34,1.265,0.018,147.6,2.2,12.46,245.5,88.56,169.07
14.38,1.271,0.018,148.08,2.2,12.53,245.4,88.55,169.13
14.44,1.28,0.018,148.79,2.2,12.64,245.8,88.54,169.22
14.48,1.286,0.019,149.26,2.2,12.71,245.2,88.52,169.27
14.54,1.295,0.019,149.97,2.2,12.82,245.4,88.5,169.35
14.58,1.301,0.019,150.45,2.21,12.89,246.1,88.49,169.41
14.64,1.31,0.019,151.16,2.21,13.0,246.1,88.47,169.5
14.68,1.316,0.02,151.64,2.21,13.07,246.0,88.45,169.55
14.74,1.325,0.02,152.36,2.21,13.18,246.6,88.43,169.64
14.78,1.331,0.02,152.83,2.21,13.25,245.9,88.41,169.69
14.84,1.341,0.02,153.55,2.21,13.37,246.4,88.38,169.77
14.9,1.35,0.021,154.27,2.22,13.48,246.7,88.36,169.85
14.94,1.356,0.021,154.75,2.22,13.55,246.1,88.34,169.91
14.98,1.362,0.021,155.23,2.22,13.63,246.2,88.32,169.96
15.04,1.372,0.021,155.95,2.22,13.74,246.2,88.29,170.03
15.1,1.381,0.022,156.67,2.22,13.85,246.5,88.26,170.11
15.14,1.387,0.022,157.16,2.22,13.93,246.2,88.24,170.16
15.18,1.393,0.022,157.64,2.22,14.0,246.2,88.22,170.2
15.24,1.403,0.022,158.36,2.23,14.12,246.2,88.19,170.27
15.28,1.409,0.022,158.85,2.23,14.19,246.7,88.17,170.31
15.34,1.419,0.023,159.57,2.23,14.31,246.6,88.14,170.38
15.4,1.428,0.023,160.3,2.23,14.42,246.2,88.11,170.44
15.44,1.435,0.023,160.79,2.23,14.5,247.0,88.09,170.48
15.48,1.441,0.023,161.28,2.23,14.58,246.5,88.07,170.52
15.54,1.451,0.024,162.0,2.24,14.69,246.6,88.05,170.58
15.6,1.461,0.024,162.74,2.24,14.81,246.4,88.02,170.63
15.64,1.467,0.024,163.22,2.24,14.89,247.0,88.01,170.67
15.7,1.477,0.025,163.96,2.24,15.0,246.6,87.99,170.72
15.74,1.484,0.025,164.45,2.24,15.08,247.3,87.97,170.75
15.8,1.494,0.025,165.18,2.24,15.2,246.9,87.95,170.8
15.84,1.5,0.025,165.67,2.24,15.28,246.4,87.94,170.84
15.9,1.51,0.026,166.41,2.25,15.4,246.5,87.92,170.88
15.94,1.517,0.026,166.9,2.25,15.48,247.1,87.91,170.92
16.0,1.527,0.026,167.63,2.25,15.6,246.7,87.9,170.96
16.04,1.534,0.026,168.13,2.25,15.68,246.5,87.89,171.0
16.1,1.544,0.027,168.86,2.25,15.8,246.8,87.88,171.04
16.14,1.55,0.027,169.36,2.25,15.88,246.9,87.88,171.07
16.2,1.561,0.027,170.1,2.25,16.0,247.6,87.87,171.11
16.24,1.567,0.028,170.59,2.25,16.08,246.8,87.87,171.14
16.3,1.578,0.028,171.34,2.26,16.2,247.6,87.86,171.18
16.36,1.588,0.028,172.08,2.26,16.32,247.3,87.86,171.23
16.4,1.595,0.029,172.58,2.26,16.41,247.0,87.86,171.25
16.46,1.605,0.029,173.32,2.26,16.53,247.2,87.86,171.3
16.5,1.612,0.029,173.82,2.26,16.61,247.0,87.86,171.33
16.54,1.619,0.029,174.32,2.26,16.69,247.5,87.86,171.36
16.6,1.63,0.03,175.07,2.27,16.82,247.5,87.86,171.4
16.64,1.637,0.03,175.56,2.27,16.9,247.2,87.86,171.43
16.7,1.647,0.03,176.31,2.27,17.02,247.5,87.87,171.48
16.74,1.654,0.031,176.82,2.27,17.11,247.6,87.87,171.51
16.8,1.665,0.031,177.57,2.27,17.23,248.1,87.87,171.56
16.86,1.676,0.031,178.32,2.27,17.36,247.0,87.88,171.6
16.9,1.683,0.032,178.82,2.27,17.44,248.0,87.88,171.63
16.94,1.69,0.032,179.33,2.28,17.53,247.9,87.88,171.67
17.0,1.701,0.032,180.08,2.28,17.65,248.0,87.88,171.72
17.06,1.712,0.033,180.84,2.28,17.78,247.6,87.89,171.76
17.1,1.719,0.033,181.34,2.28,17.87,248.0,87.89,171.79
17.16,1.73,0.033,182.1,2.28,17.99,247.5,87.89,171.84
17.2,1.737,0.034,182.6,2.28,18.08,248.3,87.89,171.87
17.26,1.748,0.034,183.36,2.28,18.21,248.3,87.89,171.92
17.3,1.755,0.034,183.87,2.29,18.29,247.7,87.89,171.96
17.36,1.766,0.035,184.63,2.29,18.42,247.9,87.89,172.0
17.4,1.774,0.035,185.14,2.29,18.51,248.2,87.89,172.03
17.46,1.785,0.035,185.9,2.29,18.64,248.3,87.88,172.08
17.5,1.792,0.036,186.41,2.29,18.73,248.6,87.88,172.11
17.56,1.804,0.036,187.18,2.29,18.86,248.1,87.87,172.16
17.6,1.811,0.036,187.69,2.3,18.95,247.6,87.87,172.19
17.66,1.822,0.037,188.46,2.3,19.08,248.4,87.86,172.24
17.7,1.83,0.037,188.97,2.3,19.17,248.4,87.85,172.27
17.76,1.841,0.038,189.74,2.3,19.3,248.5,87.84,172.31
17.82,1.853,0.038,190.51,2.3,19.43,248.4,87.82,172.35
17.86,1.86,0.038,191.02,2.3,19.52,248.4,87.81,172.38
17.9,1.868,0.039,191.53,2.3,19.61,248.5,87.8,172.41
17.96,1.879,0.039,192.31,2.31,19.74,249.0,87.79,172.45
18.0,1.887,0.039,192.82,2.31,19.83,248.4,87.78,172.48
18.06,1.899,0.04,193.6,2.31,19.97,248.6,87.76,172.51
18.12,1.91,0.04,194.37,2.31,20.1,248.8,87.74,172.55
18.16,1.918,0.041,194.89,2.31,20.19,248.9,87.72,172.59
18.2,1.926,0.041,195.41,2.32,20.28,248.9,87.7,172.61
18.26,1.938,0.041,196.19,2.32,20.42,248.4,87.67,172.66
18.3,1.946,0.042,196.71,2.32,20.51,248.9,87.65,172.68
18.36,1.957,0.042,197.49,2.32,20.65,248.4,87.61,172.71
18.4,1.965,0.042,198.01,2.32,20.74,249.2,87.59,172.74
18.46,1.977,0.043,198.79,2.32,20.88,248.6,87.55,172.78
18.52,1.989,0.043,199.58,2.32,21.01,249.0,87.51,172.82
18.56,1.997,0.044,200.1,2.33,21.11,248.8,87.49,172.84
18.6,2.005,0.044,200.62,2.33,21.2,248.9,87.46,172.86
18.66,2.017,0.044,201.41,2.33,21.34,249.1,87.42,172.9
18.72,2.029,0.045,202.19,2.33,21.48,248.8,87.37,172.93
18.76,2.037,0.045,202.72,2.33,21.57,249.0,87.35,172.96
18.82,2.05,0.046,203.51,2.33,21.71,249.0,87.31,172.99
18.86,2.058,0.046,204.03,2.33,21.81,248.9,87.28,173.01
18.92,2.07,0.047,204.82,2.34,21.95,249.6,87.24,173.04
18.96,2.078,0.047,205.35,2.34,22.04,248.9,87.22,173.06
19.02,2.091,0.047,206.14,2.34,22.18,249.5,87.18,173.1
19.06,2.099,0.048,206.67,2.34,22.28,249.4,87.16,173.12
19.1,2.107,0.048,207.2,2.34,22.37,249.5,87.14,173.14
19.16,2.12,0.049,208.0,2.34,22.51,249.2,87.12,173.17
19.24,2.14,0.05,209.33,2.35,22.75,249.9,87.08,173.23
19.26,2.145,0.05,209.59,2.35,22.8,249.5,87.07,173.24
19.32,2.153,0.05,210.12,2.35,22.9,249.1,87.06,173.25
19.38,2.166,0.051,210.92,2.35,23.04,250.4,87.05,173.29
19.42,2.174,0.051,211.46,2.35,23.14,249.6,87.04,173.31
19.48,2.187,0.052,212.26,2.36,23.28,249.9,87.03,173.33
19.52,2.195,0.052,212.79,2.36,23.38,249.4,87.02,173.36
19.58,2.208,0.053,213.6,2.36,23.53,250.3,87.02,173.39
19.62,2.217,0.053,214.14,2.36,23.62,250.1,87.02,173.41
19.68,2.229,0.054,214.94,2.36,23.77,250.6,87.02,173.45
19.72,2.238,0.054,215.48,2.36,23.87,250.7,87.02,173.48
19.78,2.251,0.055,216.29,2.37,24.02,250.4,87.03,173.51
19.82,2.26,0.055,216.82,2.37,24.12,249.8,87.03,173.54
19.88,2.273,0.056,217.63,2.37,24.27,250.4,87.04,173.58
19.94,2.286,0.056,218.44,2.37,24.41,249.8,87.05,173.62
20.0,2.299,0.057,219.25,2.37,24.56,250.2,87.06,173.64
20.04,2.308,0.057,219.79,2.37,24.66,250.5,87.06,173.66
20.08,2.316,0.058,220.33,2.37,24.76,250.1,87.07,173.69
20.14,2.33,0.058,221.14,2.37,24.91,250.2,87.08,173.73
20.2,2.343,0.059,221.95,2.37,25.06,250.8,87.08,173.77
20.24,2.352,0.059,222.49,2.37,25.16,250.5,87.09,173.79
20.3,2.365,0.06,223.3,2.38,25.31,250.6,87.09,173.83
20.34,2.374,0.06,223.85,2.38,25.41,250.8,87.1,173.84
20.4,2.388,0.061,224.66,2.38,25.56,250.8,87.1,173.87
20.44,2.397,0.061,225.2,2.38,25.66,250.7,87.1,173.9
20.5,2.41,0.062,226.02,2.38,25.81,251.2,87.1,173.94
20.54,2.419,0.062,226.56,2.38,25.91,250.3,87.09,173.97
20.58,2.428,0.063,227.1,2.38,26.01,250.4,87.09,173.99
20.64,2.442,0.063,227.91,2.38,26.16,250.6,87.08,174.02
20.7,2.456,0.064,228.73,2.38,26.31,251.4,87.07,174.05
20.74,2.465,0.065,229.27,2.38,26.42,250.5,87.06,174.08
20.8,2.479,0.065,230.08,2.38,26.57,251.6,87.05,174.11
20.84,2.488,0.066,230.62,2.38,26.67,250.8,87.04,174.12
20.9,2.502,0.066,231.44,2.38,26.82,250.9,87.02,174.15
20.94,2.511,0.067,231.98,2.38,26.92,251.3,87.0,174.15
21.0,2.525,0.068,232.79,2.38,27.07,251.3,86.98,174.18
21.04,2.534,0.068,233.34,2.38,27.17,251.3,86.97,174.2
21.1,2.548,0.069,234.15,2.38,27.32,250.7,86.94,174.2
21.16,2.562,0.069,234.96,2.38,27.47,251.1,86.92,174.22
21.2,2.572,0.07,235.5,2.38,27.58,251.3,86.9,174.23
21.24,2.581,0.07,236.04,2.38,27.68,251.4,86.88,174.24
21.3,2.595,0.071,236.85,2.38,27.83,251.9,86.85,174.26
21.36,2.609,0.072,237.66,2.38,27.98,251.3,86.82,174.26
21.4,2.619,0.072,238.2,2.38,28.08,250.9,86.81,174.27
21.44,2.628,0.073,238.74,2.38,28.18,251.9,86.79,174.28
21.5,2.643,0.074,239.55,2.38,28.33,251.6,86.76,174.29
21.56,2.657,0.074,240.36,2.38,28.48,251.7,86.74,174.3
21.6,2.667,0.075,240.9,2.37,28.58,251.3,86.72,174.31
21.66,2.681,0.076,241.71,2.37,28.73,251.9,86.7,174.32
21.7,2.691,0.076,242.24,2.37,28.83,251.3,86.69,174.33
21.74,2.701,0.077,242.78,2.37,28.93,251.8,86.68,174.34
21.8,2.715,0.077,243.59,2.37,29.08,252.2,86.66,174.35
21.86,2.73,0.078,244.4,2.37,29.23,252.3,86.65,174.36
21.9,2.74,0.079,244.93,2.37,29.33,252.3,86.64,174.37
21.94,2.749,0.079,245.47,2.37,29.43,251.6,86.63,174.38
22.0,2.764,0.08,246.27,2.37,29.58,252.1,86.62,174.4
22.06,2.779,0.081,247.07,2.37,29.73,251.8,86.61,174.42
22.1,2.789,0.081,247.6,2.36,29.83,251.8,86.61,174.43
22.16,2.804,0.082,248.4,2.36,29.98,251.8,86.6,174.45
22.2,2.814,0.083,248.94,2.36,30.08,252.1,86.6,174.46
22.26,2.829,0.083,249.74,2.36,30.23,252.2,86.6,174.48
22.3,2.839,0.084,250.27,2.36,30.33,252.4,86.6,174.5
22.36,2.854,0.085,251.07,2.36,30.47,252.2,86.6,174.52
22.4,2.864,0.085,251.6,2.36,30.57,253.3,86.6,174.54
22.46,2.879,0.086,252.4,2.36,30.72,252.8,86.6,174.56
22.5,2.889,0.087,252.93,2.35,30.82,252.4,86.6,174.58
22.56,2.904,0.088,253.72,2.35,30.97,252.8,86.6,174.6
22.62,2.919,0.088,254.51,2.35,31.11,252.8,86.61,174.62
22.66,2.929,0.089,255.04,2.35,31.21,253.4,86.61,174.64
22.7,2.94,0.09,255.57,2.35,31.31,252.7,86.61,174.66
22.76,2.955,0.09,256.36,2.35,31.45,253.2,86.6,174.68
22.82,2.97,0.091,257.15,2.35,31.6,253.0,86.6,174.71
22.86,2.981,0.092,257.68,2.34,31.7,253.2,86.6,174.72
22.9,2.991,0.092,258.2,2.34,31.79,253.2,86.6,174.74
22.96,3.006,0.093,258.99,2.34,31.94,253.4,86.59,174.76
23.0,3.017,0.094,259.52,2.34,32.03,253.8,86.59,174.77
23.06,3.032,0.095,260.3,2.34,32.18,253.7,86.58,174.79
23.1,3.043,0.095,260.82,2.34,32.27,253.2,86.57,174.8
23.16,3.058,0.096,261.6,2.33,32.42,253.8,86.56,174.82
23.22,3.074,0.097,262.38,2.33,32.56,254.1,86.55,174.84
23.26,3.085,0.098,262.9,2.33,32.65,253.5,86.54,174.85
23.3,3.095,0.098,263.42,2.33,32.75,253.9,86.53,174.85
23.36,3.111,0.099,264.2,2.33,32.89,253.8,86.51,174.87
23.42,3.127,0.1,264.97,2.32,33.03,253.9,86.49,174.88
23.46,3.137,0.101,265.49,2.32,33.13,253.8,86.48,174.88
23.52,3.153,0.102,266.26,2.32,33.27,254.6,86.46,174.89
23.56,3.164,0.102,266.77,2.32,33.36,253.8,86.45,174.9
23.62,3.18,0.103,267.54,2.31,33.5,254.0,86.43,174.9
23.66,3.191,0.104,268.05,2.31,33.59,253.4,86.41,174.91
23.72,3.207,0.105,268.82,2.31,33.73,254.1,86.4,174.91
23.76,3.218,0.106,269.33,2.3,33.82,254.7,86.38,174.92
23.82,3.234,0.107,270.09,2.3,34.0,253.9,86.37,174.92
23.88,3.25,0.108,270.85,2.3,34.09,254.5,86.35,174.92
23.92,3.261,0.108,271.36,2.3,34.19,254.3,86.34,174.93
23.98,3.277,0.109,272.12,2.29,34.32,254.8,86.32,174.93
24.02,3.293,0.11,272.87,2.29,34.46,253.9,86.31,174.94
24.08,3.304,0.111,273.63,2.29,34.59,254.5,86.3,174.94
24.16,3.326,0.112,274.39,2.29,34.72,255.1,86.29,174.95
24.2,3.337,0.113,274.89,2.28,34.81,254.6,86.28,174.95
24.26,3.354,0.114,275.64,2.28,34.95,254.7,86.28,174.96
24.32,3.37,0.115,276.39,2.28,35.08,254.5,86.27,174.97
24.36,3.381,0.116,276.88,2.28,35.21,255.3,86.27,174.97
24.42,3.398,0.117,277.63,2.27,35.3,255.2,86.26,174.98
24.46,3.409,0.118,278.13,2.27,35.39,255.2,86.26,174.99
24.5,3.42,0.118,278.62,2.27,35.47,255.4,86.26,175.0
24.56,3.437,0.119,279.37,2.27,35.6,254.9,86.25,175.01
24.6,3.448,0.12,279.86,2.27,35.69,255.2,86.25,175.02
24.66,3.465,0.121,280.6,2.26,35.82,255.2,86.25,175.04
24.7,3.476,0.122,281.09,2.26,35.9,255.1,86.25,175.05
24.76,3.493,0.123,281.83,2.26,36.03,255.0,86.24,175.06
24.8,3.504,0.124,282.32,2.25,36.11,254.8,86.24,175.07
24.86,3.521,0.125,283.05,2.25,36.24,255.7,86.24,175.09
24.92,3.538,0.126,284.02,2.25,36.41,254.9,86.23,175.11
25.0,3.561,0.128,284.75,2.24,36.57,255.1,86.23,175.13
25.08,3.583,0.129,285.96,2.24,36.74,256.0,86.21,175.16
25.16,3.606,0.13,286.69,2.24,36.86,256.0,86.21,175.17
25.2,3.618,0.131,287.17,2.24,36.94,255.4,86.2,175.18
25.26,3.635,0.132,287.9,2.23,37.07,255.4,86.19,175.19
25.3,3.652,0.133,288.86,2.23,37.23,255.6,86.18,175.21
25.38,3.67,0.135,289.34,2.23,37.31,256.1,86.17,175.22
25.44,3.687,0.135,290.06,2.22,37.43,256.1,86.16,175.23
25.48,3.698,0.137,290.53,2.22,37.51,256.0,86.14,175.24
25.56,3.722,0.138,291.49,2.22,37.67,256.1,86.13,175.24
25.6,3.733,0.138,291.96,2.22,37.75,256.0,86.12,175.25
25.66,3.751,0.139,292.68,2.22,37.86,256.1,86.1,175.25
25.7,3.763,0.141,293.15,2.21,37.98,255.6,86.09,175.26
25.78,3.786,0.142,294.1,2.21,38.1,255.7,86.08,175.26
25.84,3.804,0.143,295.04,2.21,38.25,255.7,86.06,175.27
25.9,3.821,0.144,295.51,2.2,38.33,256.2,86.05,175.27
25.94,3.833,0.145,295.98,2.2,38.4,255.8,86.05,175.27
25.98,3.845,0.145,296.45,2.2,38.48,256.4,86.04,175.27
26.04,3.863,0.147,297.16,2.2,38.59,256.2,86.03,175.27
26.1,3.881,0.148,297.86,2.2,38.71,256.0,86.01,175.28
26.14,3.892,0.149,298.33,2.2,38.78,256.7,86.01,175.28
26.2,3.91,0.15,299.03,2.19,38.89,256.5,86.0,175.28
26.24,3.922,0.151,299.5,2.19,38.97,256.6,85.99,175.29
26.3,3.94,0.152,300.2,2.19,39.08,256.7,85.99,175.29
26.34,3.952,0.153,300.67,2.19,39.15,256.2,85.98,175.29
26.4,3.97,0.154,301.37,2.19,39.26,257.4,85.98,175.3
26.46,3.988,0.155,302.07,2.19,39.37,257.0,85.97,175.31
26.5,4.0,0.156,302.54,2.19,39.45,257.6,85.97,175.31
26.54,4.012,0.157,303.0,2.19,39.52,256.8,85.96,175.32
26.6,4.031,0.158,303.7,2.19,39.63,256.6,85.96,175.33
26.66,4.049,0.159,304.39,2.19,39.74,257.1,85.95,175.34
26.7,4.061,0.16,304.86,2.18,39.81,256.9,85.95,175.35
26.76,4.079,0.161,305.55,2.18,39.92,257.8,85.94,175.36
26.8,4.091,0.162,306.02,2.18,39.99,257.6,85.94,175.37
26.86,4.11,0.163,306.71,2.18,40.1,257.4,85.93,175.38
26.9,4.122,0.164,307.18,2.18,40.17,257.8,85.93,175.39
26.96,4.141,0.166,307.88,2.18,40.27,257.9,85.92,175.41
27.0,4.153,0.166,308.34,2.18,40.34,258.1,85.92,175.42
27.06,4.171,0.168,309.04,2.18,40.45,257.5,85.91,175.43
27.1,4.184,0.169,309.5,2.18,40.52,257.9,85.9,175.44
27.16,4.202,0.17,310.2,2.18,40.63,258.3,85.89,175.46
27.2,4.215,0.171,310.66,2.18,40.7,257.7,85.89,175.47
27.26,4.233,0.172,311.36,2.18,40.8,258.3,85.87,175.49
27.3,4.246,0.173,311.82,2.18,40.87,258.7,85.87,175.5
27.36,4.264,0.174,312.52,2.18,40.97,257.9,85.85,175.51
27.4,4.277,0.175,312.98,2.18,41.04,258.3,85.85,175.52
27.44,4.289,0.176,313.44,2.18,41.11,258.6,85.84,175.53
27.5,4.308,0.177,314.14,2.18,41.22,258.5,85.83,175.54
27.56,4.327,0.179,314.84,2.18,41.32,258.9,85.81,175.55
27.6,4.339,0.18,315.3,2.18,41.39,258.3,85.81,175.55
27.66,4.358,0.181,316.0,2.18,41.49,258.2,85.79,175.56
27.7,4.371,0.182,316.46,2.18,41.56,258.7,85.78,175.56
27.76,4.39,0.183,317.16,2.18,41.66,258.9,85.77,175.56
27.82,4.409,0.185,317.86,2.18,41.76,258.4,85.76,175.57
27.86,4.422,0.186,318.32,2.18,41.83,258.3,85.75,175.57
27.92,4.441,0.187,319.02,2.18,41.93,258.9,85.74,175.57
27.96,4.454,0.188,319.49,2.18,42.0,258.3,85.74,175.57
28.02,4.473,0.189,320.19,2.18,42.1,258.7,85.73,175.57
28.06,4.485,0.19,320.65,2.18,42.17,259.0,85.72,175.57
28.12,4.505,0.192,321.35,2.18,42.27,259.2,85.71,175.58
28.18,4.524,0.193,322.05,2.18,42.37,259.2,85.71,175.58
28.2,4.53,0.193,322.29,2.18,42.4,259.0,85.7,175.58
28.26,4.55,0.195,322.99,2.19,42.5,259.1,85.7,175.59
28.32,4.569,0.196,323.69,2.19,42.6,258.8,85.69,175.59
28.36,4.582,0.197,324.16,2.19,42.67,259.1,85.68,175.6
28.42,4.601,0.199,324.86,2.19,42.77,258.8,85.68,175.61
28.46,4.614,0.2,325.33,2.19,42.83,258.7,85.67,175.62
28.52,4.634,0.201,326.03,2.19,42.93,259.7,85.66,175.63
28.56,4.647,0.202,326.5,2.19,43.0,258.9,85.66,175.64
28.62,4.666,0.204,327.21,2.19,43.1,259.0,85.65,175.65
28.66,4.679,0.205,327.68,2.19,43.16,259.8,85.65,175.66
28.72,4.699,0.206,328.38,2.19,43.26,258.9,85.64,175.68
28.76,4.712,0.207,328.85,2.19,43.33,258.8,85.63,175.69
28.82,4.732,0.208,329.56,2.19,43.42,259.3,85.62,175.7
28.88,4.752,0.21,330.26,2.19,43.52,259.8,85.61,175.72
28.92,4.765,0.211,330.74,2.2,43.59,259.8,85.61,175.72
28.98,4.785,0.212,331.44,2.2,43.68,259.4,85.6,175.74
29.02,4.798,0.213,331.91,2.2,43.75,259.8,85.59,175.75
29.08,4.818,0.215,332.62,2.2,43.84,259.9,85.58,175.76
29.12,4.831,0.216,333.1,2.2,43.91,259.4,85.57,175.76
29.18,4.851,0.217,333.81,2.2,44.01,260.0,85.56,175.77
29.22,4.864,0.218,334.28,2.2,44.07,260.0,85.55,175.78
29.26,4.878,0.22,334.76,2.2,44.13,259.3,85.55,175.78
29.32,4.898,0.221,335.47,2.2,44.23,259.2,85.53,175.79
29.36,4.911,0.222,335.94,2.2,44.29,260.2,85.53,175.79
29.42,4.931,0.224,336.65,2.2,44.39,259.5,85.52,175.8
29.48,4.951,0.225,337.37,2.2,44.48,259.8,85.51,175.8
29.52,4.965,0.227,337.84,2.2,44.55,259.9,85.5,175.81
29.58,4.985,0.228,338.55,2.21,44.64,260.0,85.49,175.81
29.62,4.999,0.23,339.27,2.21,44.74,260.7,85.48,175.82
29.68,5.019,0.231,339.75,2.21,44.8,259.8,85.47,175.82
29.74,5.039,0.233,340.46,2.21,44.89,259.8,85.47,175.83
29.78,5.053,0.234,340.94,2.21,44.96,260.6,85.46,175.83
29.84,5.073,0.235,341.66,2.21,45.05,259.9,85.45,175.83
29.88,5.087,0.236,342.14,2.21,45.11,260.6,85.45,175.84
29.92,5.101,0.237,342.62,2.21,45.17,261.1,85.44,175.85
29.98,5.121,0.239,343.34,2.21,45.27,260.8,85.43,175.85
30.04,5.142,0.241,344.06,2.22,45.36,260.7,85.42,175.86
30.08,5.155,0.242,344.54,2.22,45.42,261.3,85.42,175.87
30.14,5.176,0.243,345.26,2.22,45.51,260.7,85.41,175.88
30.18,5.19,0.244,345.75,2.22,45.58,261.1,85.4,175.89
30.24,5.211,0.246,346.47,2.22,45.67,260.9,85.39,175.9
30.28,5.231,0.248,347.19,2.22,45.76,261.1,85.38,175.91
30.34,5.245,0.249,347.67,2.22,45.82,260.7,85.38,175.92
30.4,5.266,0.25,348.4,2.22,45.91,260.8,85.37,175.93
30.44,5.28,0.252,348.88,2.23,45.97,261.4,85.36,175.94
30.48,5.294,0.253,349.37,2.23,46.04,261.8,85.35,175.95
30.54,5.315,0.255,350.1,2.23,46.16,261.8,85.34,175.96
30.6,5.336,0.256,351.07,2.23,46.25,261.2,85.33,175.96
30.66,5.357,0.258,351.55,2.23,46.31,261.1,85.32,175.97
30.7,5.371,0.259,352.04,2.23,46.37,262.1,85.31,175.98
30.76,5.392,0.261,352.77,2.23,46.46,261.9,85.3,175.98
30.8,5.406,0.262,353.26,2.23,46.52,262.4,85.3,175.99
30.86,5.427,0.263,353.99,2.24,46.61,261.8,85.29,175.99
30.92,5.448,0.265,354.73,2.24,46.7,262.3,85.28,176.0
30.96,5.462,0.266,355.22,2.24,46.76,262.1,85.27,176.0
31.0,5.477,0.267,355.71,2.24,46.82,262.3,85.27,176.01
31.06,5.498,0.269,356.44,2.24,46.91,261.8,85.26,176.01
31.12,5.519,0.271,357.18,2.24,47.0,262.4,85.25,176.02
31.18,5.541,0.273,357.91,2.24,47.08,262.6,85.24,176.02
31.22,5.555,0.274,358.4,2.24,47.14,262.6,85.23,176.03
31.28,5.576,0.276,359.14,2.25,47.23,262.2,85.23,176.04
31.32,5.591,0.277,359.64,2.25,47.29,262.8,85.22,176.04
31.38,5.612,0.279,360.38,2.25,47.38,262.6,85.21,176.05
31.42,5.627,0.28,360.87,2.25,47.44,262.7,85.2,176.06
31.48,5.648,0.282,361.61,2.25,47.52,262.5,85.2,176.07
31.52,5.663,0.283,362.1,2.25,47.58,262.3,85.19,176.07
31.58,5.684,0.285,362.85,2.25,47.67,262.6,85.18,176.08
31.62,5.699,0.286,363.34,2.25,47.72,262.8,85.17,176.09
31.68,5.721,0.288,364.08,2.26,47.84,263.2,85.16,176.1
31.74,5.742,0.289,364.83,2.26,47.9,262.1,85.15,176.11
31.78,5.757,0.291,365.32,2.26,47.95,262.5,85.15,176.12
31.84,5.779,0.293,366.31,2.26,48.07,262.5,85.14,176.13
31.88,5.801,0.294,366.81,2.26,48.12,262.7,85.13,176.13
31.94,5.815,0.296,367.31,2.26,48.18,262.5,85.12,176.14
31.98,5.83,0.297,367.8,2.26,48.24,263.1,85.11,176.14
32.04,5.852,0.299,368.55,2.26,48.32,262.6,85.1,176.15
32.08,5.874,0.301,369.3,2.26,48.4,263.2,85.09,176.16
32.14,5.889,0.302,369.8,2.26,48.46,263.2,85.09,176.16
32.18,5.904,0.303,370.3,2.26,48.51,263.5,85.08,176.16
32.24,5.926,0.305,371.05,2.27,48.6,263.5,85.07,176.17
32.28,5.941,0.306,371.55,2.27,48.68,263.0,85.07,176.17
32.34,5.963,0.308,372.3,2.27,48.73,263.6,85.06,176.18
32.4,5.985,0.31,373.06,2.27,48.82,264.1,85.05,176.19
32.44,6.0,0.311,373.56,2.27,48.87,262.8,85.04,176.19
32.48,6.015,0.313,374.06,2.27,48.93,263.7,85.04,176.2
32.54,6.037,0.314,374.81,2.27,49.01,263.1,85.03,176.21
32.6,6.06,0.316,375.57,2.27,49.09,263.3,85.02,176.22
32.66,6.082,0.318,376.32,2.27,49.17,263.1,85.01,176.23
32.7,6.097,0.32,376.82,2.28,49.22,264.2,85.0,176.24
32.76,6.12,0.322,377.58,2.28,49.3,263.9,84.99,176.25
32.8,6.135,0.323,378.08,2.28,49.35,263.9,84.98,176.26
32.86,6.157,0.325,378.84,2.28,49.43,264.4,84.97,176.27
32.92,6.18,0.327,379.6,2.28,49.51,264.6,84.96,176.28
32.96,6.195,0.328,380.1,2.28,49.56,264.5,84.95,176.29
33.0,6.21,0.33,380.61,2.28,49.62,264.0,84.95,176.29
33.06,6.233,0.331,381.37,2.28,49.69,264.6,84.94,176.3
33.12,6.256,0.333,382.13,2.28,49.77,264.6,84.93,176.31
33.16,6.271,0.335,382.63,2.28,49.82,264.1,84.92,176.32
33.2,6.287,0.336,383.14,2.28,49.87,264.6,84.91,176.32
33.26,6.309,0.339,384.15,2.28,49.98,264.7,84.9,176.33
33.32,6.332,0.34,384.66,2.29,50.03,264.9,84.89,176.34
33.36,6.348,0.342,385.17,2.29,50.08,264.6,84.89,176.34
33.42,6.371,0.344,385.93,2.29,50.15,264.1,84.88,176.35
33.46,6.386,0.345,386.44,2.29,50.2,265.0,84.87,176.35
33.5,6.402,0.346,386.95,2.29,50.28,264.6,84.87,176.35
33.56,6.425,0.348,387.71,2.29,50.33,264.8,84.86,176.36
33.62,6.448,0.35,388.47,2.29,50.4,265.1,84.85,176.36
33.66,6.463,0.352,388.98,2.29,50.45,264.7,84.85,176.37
33.7,6.479,0.353,389.49,2.29,50.5,264.6,84.84,176.37
33.76,6.502,0.355,390.25,2.29,50.59,264.9,84.83,176.38
33.82,6.526,0.357,391.01,2.29,50.64,265.0,84.82,176.39
33.86,6.541,0.359,391.52,2.29,50.69,264.8,84.81,176.39
33.92,6.565,0.362,392.29,2.29,50.78,264.7,84.8,176.4
33.98,6.588,0.363,393.05,2.29,50.83,265.3,84.79,176.41
34.02,6.604,0.364,393.56,2.29,50.87,265.4,84.78,176.42
34.08,6.627,0.367,394.33,2.29,50.94,265.1,84.77,176.43
34.12,6.643,0.368,394.84,2.29,50.99,265.7,84.77,176.44
34.18,6.667,0.37,395.6,2.29,51.06,265.4,84.76,176.45
34.22,6.682,0.372,396.11,2.29,51.1,265.6,84.75,176.45
34.28,6.706,0.374,396.88,2.3,51.17,265.3,84.74,176.46
34.32,6.722,0.376,397.65,2.3,51.24,265.3,84.73,176.47
34.38,6.746,0.377,398.17,2.3,51.28,266.1,84.72,176.47
34.42,6.762,0.379,398.68,2.3,51.33,266.0,84.72,176.48
34.48,6.786,0.381,399.45,2.3,51.4,266.0,84.71,176.48
34.54,6.809,0.383,400.22,2.3,51.46,266.0,84.7,176.49
34.58,6.825,0.385,400.73,2.3,51.51,265.6,84.69,176.49
34.64,6.849,0.387,401.51,2.3,51.57,266.1,84.68,176.5
34.68,6.865,0.388,402.02,2.3,51.61,265.6,84.68,176.5
34.72,6.881,0.39,402.53,2.3,51.66,265.6,84.67,176.51
34.78,6.905,0.392,403.31,2.31,51.72,266.1,84.66,176.51
34.84,6.93,0.394,404.09,2.31,51.78,266.6,84.65,176.52
34.9,6.954,0.396,404.86,2.31,51.85,266.5,84.65,176.53
34.94,6.97,0.398,405.38,2.31,51.89,265.6,84.64,176.53
34.98,6.986,0.399,405.89,2.31,51.93,265.8,84.63,176.54
35.04,7.01,0.402,406.67,2.31,51.99,265.9,84.62,176.55
35.08,7.027,0.403,407.19,2.31,52.03,266.4,84.61,176.56
35.14,7.051,0.406,407.97,2.31,52.09,266.2,84.61,176.56
35.2,7.075,0.408,408.74,2.31,52.15,266.5,84.59,176.57
35.24,7.092,0.409,409.26,2.31,52.19,266.2,84.59,176.58
35.28,7.108,0.411,409.78,2.31,52.23,266.8,84.58,176.58
35.34,7.132,0.413,410.56,2.32,52.29,266.7,84.57,176.59
35.4,7.157,0.415,411.34,2.32,52.35,266.4,84.56,176.6
35.44,7.173,0.417,411.86,2.32,52.39,266.5,84.56,176.6
35.48,7.19,0.419,412.38,2.32,52.42,266.4,84.55,176.61
35.54,7.214,0.421,413.16,2.32,52.48,266.5,84.54,176.61
35.58,7.231,0.422,413.68,2.32,52.52,266.6,84.53,176.62
35.64,7.256,0.426,414.73,2.32,52.59,267.0,84.53,176.63
35.7,7.28,0.427,415.25,2.32,52.62,267.1,84.52,176.63
35.74,7.297,0.429,415.77,2.32,52.66,267.0,84.51,176.64
35.8,7.322,0.431,416.56,2.32,52.71,267.3,84.5,176.64
35.84,7.338,0.433,417.08,2.33,52.76,266.6,84.49,176.65
35.9,7.363,0.435,417.87,2.33,52.8,267.4,84.48,176.66
35.94,7.38,0.437,418.66,2.33,52.85,267.6,84.48,176.66
36.0,7.405,0.439,419.18,2.33,52.88,266.7,84.47,176.67
36.04,7.422,0.441,419.7,2.33,52.91,266.6,84.46,176.67
36.1,7.447,0.443,420.49,2.33,52.96,267.2,84.45,176.68
36.14,7.464,0.445,421.02,2.33,52.99,267.4,84.44,176.68
36.2,7.489,0.447,421.81,2.33,53.04,266.8,84.43,176.69
36.26,7.514,0.45,422.6,2.33,53.09,266.9,84.42,176.7
36.3,7.531,0.451,423.13,2.33,53.12,267.2,84.42,176.7
36.36,7.556,0.454,423.92,2.34,53.16,267.6,84.41,176.71
36.4,7.573,0.455,424.45,2.34,53.19,267.7,84.4,176.71
36.44,7.59,0.457,424.98,2.34,53.22,268.0,84.4,176.72
36.5,7.615,0.459,425.77,2.34,53.26,267.6,84.39,176.73
36.56,7.641,0.462,426.57,2.34,53.3,267.3,84.38,176.73
36.6,7.658,0.463,427.1,2.34,53.33,267.9,84.37,176.74
36.66,7.683,0.466,427.9,2.35,53.37,268.4,84.36,176.75
36.7,7.7,0.468,428.43,2.35,53.4,268.1,84.36,176.75
36.76,7.726,0.47,429.23,2.35,53.44,268.1,84.35,176.76
36.8,7.743,0.472,429.77,2.35,53.46,268.0,84.34,176.76
36.86,7.769,0.474,430.57,2.35,53.5,268.2,84.33,176.77
36.9,7.786,0.476,431.11,2.35,53.53,268.0,84.32,176.77
36.94,7.803,0.478,431.65,2.36,53.55,268.4,84.32,176.78
37.0,7.829,0.48,432.45,2.36,53.59,268.3,84.31,176.79
37.06,7.855,0.483,433.26,2.36,53.63,269.0,84.3,176.79
37.1,7.872,0.485,433.8,2.36,53.65,268.3,84.29,176.8
37.16,7.898,0.487,434.61,2.36,53.69,268.9,84.28,176.81
37.2,7.915,0.489,435.15,2.37,53.71,268.7,84.27,176.81
37.26,7.941,0.491,435.96,2.37,53.74,268.6,84.27,176.82
37.32,7.967,0.494,436.78,2.37,53.78,268.4,84.26,176.82
37.36,7.985,0.497,437.32,2.37,53.81,268.9,84.25,176.83
37.42,8.011,0.498,438.14,2.37,53.83,268.7,84.24,176.83
37.46,8.028,0.5,438.69,2.38,53.85,268.9,84.23,176.84
37.52,8.055,0.503,439.5,2.38,53.88,269.2,84.22,176.85
37.56,8.072,0.504,440.05,2.38,53.9,268.5,84.22,176.85
37.62,8.098,0.507,440.87,2.38,53.93,268.8,84.21,176.86
37.66,8.116,0.509,441.42,2.38,53.95,269.5,84.2,176.86
37.72,8.142,0.512,442.24,2.39,53.98,268.6,84.19,176.87
37.76,8.16,0.513,442.79,2.39,54.0,269.0,84.19,176.87
37.82,8.187,0.516,443.62,2.39,54.02,269.0,84.18,176.88
37.88,8.213,0.519,444.45,2.39,54.05,269.1,84.17,176.89
37.94,8.24,0.521,445.27,2.39,54.08,269.6,84.16,176.9
37.98,8.257,0.523,445.83,2.39,54.09,269.2,84.15,176.9
38.02,8.275,0.525,446.38,2.4,54.11,269.4,84.14,176.9
38.08,8.302,0.528,447.21,2.4,54.13,269.2,84.13,176.91
38.12,8.32,0.529,447.76,2.4,54.15,268.8,84.13,176.92
38.18,8.346,0.532,448.6,2.4,54.17,270.0,84.12,176.92
38.24,8.373,0.535,449.43,2.41,54.19,269.3,84.11,176.93
38.28,8.391,0.537,449.99,2.41,54.2,269.4,84.1,176.93
38.32,8.409,0.539,450.55,2.41,54.21,269.1,84.1,176.94
38.38,8.436,0.541,451.39,2.41,54.23,269.5,84.09,176.94
38.44,8.463,0.544,452.22,2.41,54.25,269.5,84.08,176.95
38.48,8.481,0.546,452.79,2.41,54.26,269.5,84.07,176.96
38.52,8.499,0.548,453.35,2.42,54.27,269.6,84.07,176.96
38.58,8.526,0.552,454.19,2.42,54.29,270.1,84.06,176.97
38.64,8.553,0.553,455.32,2.42,54.31,269.6,84.05,176.97
38.68,8.58,0.556,455.88,2.42,54.32,269.9,84.04,176.98
38.74,8.598,0.558,456.44,2.42,54.33,269.9,84.03,176.98
38.78,8.617,0.56,457.01,2.43,54.34,269.3,84.02,176.99
38.84,8.644,0.563,457.86,2.43,54.35,270.2,84.01,177.0
38.88,8.662,0.565,458.43,2.43,54.36,269.9,84.01,177.0
38.94,8.69,0.568,459.28,2.43,54.37,270.1,84.0,177.01
38.98,8.708,0.569,459.85,2.43,54.38,270.3,83.99,177.01
39.04,8.735,0.572,460.7,2.44,54.39,270.1,83.98,177.02
39.08,8.754,0.574,461.27,2.44,54.39,270.2,83.98,177.02
39.14,8.781,0.577,462.13,2.44,54.4,270.0,83.97,177.03
39.18,8.8,0.579,462.7,2.45,54.41,269.9,83.96,177.03
39.24,8.827,0.582,463.56,2.45,54.41,270.1,83.95,177.04
39.28,8.846,0.584,464.14,2.45,54.42,270.7,83.94,177.04
39.34,8.874,0.587,465.0,2.45,54.42,270.7,83.93,177.05
39.4,8.901,0.59,465.87,2.45,54.43,270.4,83.93,177.06
39.44,8.92,0.592,466.44,2.46,54.43,270.6,83.92,177.06
39.48,8.938,0.594,467.02,2.46,54.43,271.4,83.91,177.06
39.54,8.966,0.597,467.9,2.46,54.44,271.0,83.9,177.07
39.6,8.994,0.601,468.77,2.47,54.44,271.5,83.89,177.08
39.66,9.022,0.602,469.64,2.47,54.44,271.0,83.88,177.08
39.7,9.041,0.604,470.23,2.47,54.44,271.5,83.88,177.09
39.76,9.069,0.607,471.1,2.47,54.44,270.9,83.87,177.09
39.8,9.088,0.609,471.69,2.48,54.44,270.9,83.87,177.1
39.86,9.116,0.612,472.57,2.48,54.44,271.7,83.85,177.1
39.92,9.144,0.615,473.45,2.48,54.44,271.5,83.85,177.11
39.96,9.163,0.617,474.04,2.48,54.44,271.1,83.84,177.11
40.0,9.182,0.62,474.63,2.49,54.44,270.7,83.83,177.12
40.06,9.21,0.623,475.51,2.49,54.43,271.6,83.83,177.13
40.12,9.239,0.626,476.39,2.49,54.43,271.3,83.81,177.13
40.16,9.258,0.628,476.98,2.49,54.42,271.2,83.81,177.14
40.2,9.277,0.63,477.58,2.49,54.42,271.2,83.8,177.14
40.26,9.305,0.633,478.47,2.49,54.41,271.4,83.79,177.15
40.32,9.334,0.636,479.36,2.5,54.41,271.9,83.78,177.15
40.36,9.353,0.638,479.95,2.5,54.4,271.0,83.77,177.16
40.42,9.381,0.641,480.85,2.5,54.39,271.7,83.76,177.16
40.46,9.401,0.643,481.45,2.51,54.39,271.9,83.76,177.17
40.5,9.42,0.645,482.04,2.51,54.38,271.6,83.75,177.17
40.56,9.449,0.648,482.94,2.51,54.37,271.8,83.74,177.18
40.62,9.477,0.65,483.84,2.51,54.36,271.4,83.73,177.18
40.66,9.497,0.652,484.44,2.51,54.35,271.2,83.73,177.19
40.7,9.516,0.655,485.04,2.52,54.34,271.4,83.72,177.19
40.76,9.545,0.658,485.94,2.52,54.33,271.6,83.71,177.2
40.82,9.574,0.661,486.85,2.52,54.31,271.4,83.7,177.21
40.86,9.593,0.663,487.45,2.52,54.3,271.7,83.7,177.21
40.9,9.613,0.665,488.06,2.52,54.29,272.1,83.69,177.21
40.96,9.642,0.668,488.97,2.53,54.28,272.3,83.68,177.22
41.02,9.671,0.671,489.88,2.53,54.26,271.6,83.67,177.23
41.06,9.691,0.674,490.49,2.53,54.25,271.8,83.67,177.23
41.12,9.72,0.677,491.4,2.54,54.23,271.6,83.66,177.23
41.16,9.739,0.679,492.01,2.54,54.22,272.2,83.65,177.24
41.22,9.769,0.682,492.93,2.54,54.2,272.1,83.64,177.24
41.26,9.788,0.684,493.54,2.54,54.18,272.4,83.64,177.25
41.32,9.818,0.688,494.46,2.55,54.16,271.5,83.63,177.25
41.38,9.847,0.691,495.39,2.55,54.14,271.8,83.62,177.26
41.42,9.867,0.693,496.0,2.55,54.13,272.3,83.61,177.26
41.48,9.897,0.696,496.93,2.55,54.1,271.9,83.6,177.27
41.52,9.917,0.699,497.54,2.56,54.09,272.1,83.59,177.27
41.56,9.936,0.701,498.16,2.56,54.07,271.7,83.59,177.28
41.62,9.966,0.704,499.09,2.56,54.05,272.7,83.58,177.29
41.66,9.986,0.706,499.71,2.56,54.03,272.5,83.57,177.29
41.72,10.016,0.71,500.65,2.57,54.0,272.1,83.56,177.3
41.76,10.036,0.712,501.27,2.57,53.98,272.3,83.56,177.3
41.82,10.066,0.715,502.21,2.57,53.96,272.2,83.55,177.31
41.86,10.086,0.717,502.83,2.58,53.94,272.7,83.54,177.31
41.92,10.116,0.721,503.78,2.58,53.91,272.7,83.53,177.32
41.96,10.136,0.723,504.4,2.58,53.89,272.5,83.52,177.32
42.02,10.166,0.726,505.34,2.58,53.86,272.4,83.52,177.33
42.08,10.196,0.73,506.29,2.59,53.83,273.0,83.51,177.33
42.12,10.216,0.732,506.93,2.59,53.81,273.5,83.5,177.33
42.18,10.246,0.735,507.88,2.59,53.78,272.9,83.49,177.34
42.22,10.267,0.738,508.51,2.6,53.76,273.4,83.49,177.34
42.28,10.297,0.741,509.47,2.6,53.72,273.2,83.48,177.35
42.32,10.317,0.743,510.1,2.6,53.7,273.0,83.47,177.35
42.38,10.348,0.747,511.06,2.61,53.67,273.2,83.46,177.36
42.42,10.368,0.749,511.7,2.61,53.64,274.0,83.46,177.36
42.48,10.398,0.753,512.66,2.61,53.61,274.0,83.45,177.37
42.54,10.429,0.756,513.63,2.62,53.57,274.1,83.44,177.37
42.58,10.449,0.759,514.27,2.62,53.55,274.0,83.43,177.38
42.62,10.47,0.761,514.92,2.62,53.53,274.2,83.42,177.38
42.68,10.501,0.764,515.89,2.63,53.49,274.2,83.42,177.39
42.72,10.521,0.767,516.54,2.63,53.46,274.3,83.41,177.39
42.78,10.552,0.771,517.51,2.64,53.43,273.6,83.4,177.4
42.82,10.573,0.774,518.16,2.64,53.4,274.1,83.39,177.4
42.88,10.604,0.777,519.14,2.64,53.36,274.2,83.38,177.41
42.92,10.624,0.78,519.79,2.64,53.33,273.7,83.37,177.41
42.98,10.655,0.783,520.77,2.65,53.29,273.9,83.37,177.42
43.02,10.676,0.786,521.42,2.65,53.26,273.7,83.36,177.42
43.08,10.707,0.789,522.41,2.65,53.22,273.6,83.35,177.43
43.14,10.738,0.793,523.39,2.65,53.18,273.9,83.34,177.43
43.18,10.759,0.795,524.05,2.66,53.15,274.2,83.33,177.44
43.22,10.78,0.798,524.71,2.66,53.12,273.8,83.33,177.44
43.28,10.811,0.801,525.7,2.66,53.08,274.5,83.32,177.45
43.34,10.843,0.805,526.69,2.67,53.03,273.9,83.31,177.45
43.4,10.874,0.809,527.69,2.67,52.99,274.3,83.3,177.46
43.44,10.895,0.811,528.35,2.67,52.96,274.6,83.29,177.46
43.48,10.916,0.813,529.02,2.68,52.92,274.5,83.29,177.46
43.54,10.948,0.817,530.02,2.68,52.88,274.3,83.28,177.47
43.58,10.969,0.82,530.69,2.68,52.85,274.1,83.27,177.47
43.64,11.0,0.823,531.69,2.69,52.8,274.8,83.26,177.48
43.7,11.032,0.827,532.7,2.69,52.75,275.1,83.26,177.48
43.74,11.053,0.83,533.37,2.69,52.72,274.6,83.25,177.49
43.78,11.074,0.832,534.05,2.7,52.68,274.6,83.24,177.49
43.84,11.106,0.836,535.06,2.7,52.63,274.5,83.23,177.5
43.88,11.128,0.838,535.74,2.7,52.6,274.8,83.23,177.5
43.94,11.16,0.842,536.75,2.71,52.55,275.0,83.22,177.5
44.0,11.192,0.847,537.77,2.71,52.48,274.8,83.21,177.51
44.04,11.224,0.85,538.79,2.71,52.44,275.2,83.2,177.52
44.1,11.245,0.852,539.47,2.72,52.41,274.3,83.19,177.52
44.14,11.266,0.855,540.15,2.72,52.37,274.5,83.19,177.52
44.2,11.299,0.858,541.17,2.72,52.32,274.7,83.18,177.53
44.26,11.331,0.862,542.2,2.72,52.26,274.6,83.17,177.53
44.3,11.353,0.866,542.89,2.73,52.2,275.1,83.16,177.54
44.36,11.385,0.869,543.92,2.73,52.17,275.0,83.15,177.54
44.4,11.407,0.871,544.61,2.73,52.13,275.6,83.15,177.55
44.44,11.439,0.875,545.64,2.74,52.07,275.2,83.14,177.55
44.5,11.461,0.878,546.34,2.74,52.03,275.3,83.13,177.55
44.56,11.493,0.882,547.37,2.75,51.98,275.6,83.12,177.56
44.6,11.515,0.884,548.07,2.75,51.94,274.8,83.12,177.56
44.64,11.537,0.887,548.76,2.75,51.9,275.2,83.11,177.57
44.7,11.57,0.891,549.81,2.76,51.84,275.7,83.1,177.57
44.76,11.602,0.895,550.86,2.76,51.78,276.0,83.09,177.58
44.8,11.624,0.897,551.56,2.76,51.74,275.8,83.09,177.58
44.86,11.657,0.901,552.61,2.77,51.68,275.1,83.08,177.59
44.9,11.679,0.904,553.31,2.77,51.64,275.0,83.07,177.59
44.96,11.712,0.908,554.36,2.77,51.57,275.3,83.06,177.6
45.0,11.734,0.91,555.07,2.78,51.53,275.4,83.06,177.6
45.06,11.767,0.914,556.13,2.78,51.47,275.3,83.05,177.6
45.12,11.8,0.918,557.19,2.78,51.41,275.5,83.04,177.61
45.16,11.823,0.921,557.9,2.78,51.36,276.0,83.03,177.61
45.2,11.845,0.924,558.61,2.79,51.32,276.1,83.03,177.61
45.26,11.878,0.929,559.67,2.79,51.26,276.1,83.02,177.62
45.32,11.912,0.932,560.74,2.79,51.19,275.7,83.01,177.62
45.36,11.934,0.935,561.45,2.8,51.15,275.9,83.01,177.63
45.4,11.956,0.937,562.17,2.8,51.1,276.0,83.0,177.63
45.46,11.99,0.941,563.25,2.8,51.04,276.2,82.99,177.63
45.5,12.012,0.946,563.96,2.81,50.97,276.3,82.98,177.64
45.56,12.046,0.948,565.04,2.81,50.92,275.6,82.98,177.64
45.62,12.079,0.952,566.12,2.82,50.86,276.4,82.97,177.65
45.68,12.113,0.956,567.21,2.82,50.79,276.2,82.96,177.66
45.72,12.136,0.959,567.93,2.82,50.74,275.5,82.95,177.66
45.78,12.17,0.963,569.01,2.83,50.67,275.4,82.94,177.66
45.82,12.192,0.966,569.74,2.83,50.63,276.0,82.93,177.67
45.88,12.226,0.97,570.83,2.83,50.56,275.7,82.93,177.67
45.92,12.249,0.973,571.92,2.83,50.49,276.4,82.92,177.68
45.98,12.283,0.977,572.65,2.84,50.44,276.3,82.91,177.68
46.02,12.306,0.98,573.39,2.84,50.39,276.9,82.91,177.68
46.08,12.34,0.984,574.49,2.85,50.32,276.7,82.9,177.69
46.14,12.374,0.989,575.59,2.85,50.25,276.4,82.89,177.69
46.18,12.397,0.991,576.33,2.85,50.2,276.2,82.88,177.7
46.22,12.42,0.994,577.06,2.86,50.15,276.4,82.88,177.7
46.28,12.454,0.998,578.18,2.86,50.08,276.1,82.87,177.7
46.34,12.489,1.003,579.29,2.87,50.0,276.6,82.86,177.71
46.38,12.512,1.006,580.03,2.87,49.95,277.4,82.86,177.71
46.44,12.546,1.01,581.15,2.87,49.88,276.2,82.85,177.71
46.48,12.569,1.013,581.89,2.88,49.83,276.9,82.84,177.72
46.52,12.593,1.016,582.64,2.88,49.78,277.1,82.84,177.72
46.58,12.627,1.02,583.76,2.88,49.71,277.5,82.83,177.73
46.64,12.662,1.024,584.89,2.89,49.63,276.7,82.82,177.73
46.68,12.685,1.027,585.64,2.89,49.58,277.1,82.81,177.73
46.72,12.709,1.03,586.4,2.9,49.53,277.4,82.81,177.74
46.78,12.744,1.035,587.53,2.9,49.45,276.8,82.8,177.74
46.82,12.767,1.037,588.28,2.9,49.4,277.1,82.79,177.74
46.88,12.802,1.043,589.42,2.91,49.32,277.1,82.78,177.75
46.92,12.837,1.046,590.56,2.91,49.24,277.0,82.77,177.75
46.98,12.861,1.048,591.32,2.91,49.19,277.5,82.77,177.76
47.04,12.896,1.052,592.46,2.92,49.11,277.0,82.76,177.76
47.08,12.919,1.055,593.22,2.92,49.06,277.3,82.75,177.76
47.14,12.955,1.06,594.37,2.92,48.98,277.2,82.75,177.77
47.18,12.978,1.063,595.14,2.93,48.92,277.4,82.74,177.77
47.24,13.014,1.067,596.29,2.93,48.84,277.6,82.73,177.78
47.3,13.049,1.071,597.45,2.94,48.76,278.3,82.72,177.78
47.34,13.073,1.074,598.22,2.94,48.71,277.5,82.72,177.79
47.38,13.097,1.077,598.99,2.94,48.65,277.6,82.71,177.79
47.44,13.132,1.082,600.15,2.95,48.57,277.1,82.7,177.79
47.5,13.168,1.087,601.31,2.95,48.48,277.3,82.69,177.8
47.54,13.192,1.09,602.09,2.96,48.43,277.8,82.69,177.8
47.58,13.216,1.093,602.87,2.96,48.37,277.9,82.68,177.8
47.64,13.252,1.097,604.05,2.96,48.29,278.5,82.67,177.81
47.7,13.288,1.102,605.22,2.97,48.2,278.5,82.66,177.81
47.74,13.312,1.105,606.0,2.97,48.15,277.4,82.66,177.82
47.8,13.348,1.109,607.18,2.98,48.06,277.9,82.65,177.82
47.84,13.372,1.113,607.97,2.98,48.0,277.9,82.64,177.82
47.9,13.408,1.117,609.15,2.99,47.92,278.1,82.63,177.83
47.94,13.433,1.12,609.94,2.99,47.86,277.5,82.63,177.83
47.98,13.457,1.123,610.73,2.99,47.8,277.5,82.62,177.83
48.04,13.493,1.128,611.92,3.0,47.72,277.6,82.62,177.84
48.1,13.53,1.133,613.12,3.0,47.63,277.6,82.61,177.84
48.14,13.554,1.136,613.91,3.0,47.57,278.6,82.6,177.85
48.18,13.578,1.139,614.71,3.01,47.51,278.4,82.6,177.85
48.24,13.615,1.144,615.91,3.01,47.42,278.3,82.59,177.85
48.3,13.652,1.148,617.11,3.02,47.33,278.7,82.58,177.86
48.36,13.689,1.153,618.31,3.02,47.24,278.2,82.57,177.86
48.4,13.713,1.156,619.12,3.02,47.18,278.0,82.57,177.86
48.44,13.738,1.159,619.92,3.03,47.12,278.2,82.56,177.87
48.5,13.775,1.164,621.13,3.03,47.03,277.7,82.55,177.87
48.56,13.812,1.169,622.34,3.04,46.94,278.2,82.54,177.88
48.6,13.836,1.172,623.15,3.04,46.88,277.9,82.54,177.88
48.64,13.861,1.175,623.97,3.04,46.82,278.7,82.53,177.88
48.64,13.873,1.177,624.37,3.04,46.79,278.2,82.53,177.88
48.72,13.911,1.182,625.59,3.05,46.7,277.8,82.52,177.89
48.78,13.948,1.187,626.81,3.05,46.6,278.6,82.51,177.89
48.82,13.973,1.19,627.63,3.06,46.54,278.1,82.51,177.89
48.88,14.01,1.195,628.86,3.06,46.45,277.9,82.5,177.9
48.94,14.048,1.2,630.09,3.06,46.35,277.8,82.49,177.9
48.98,14.073,1.203,630.91,3.07,46.29,278.8,82.49,177.9
49.04,14.11,1.208,632.15,3.07,46.2,278.4,82.48,177.91
49.06,14.123,1.21,632.56,3.08,46.17,278.6,82.47,177.91
49.12,14.16,1.214,633.8,3.08,46.07,278.4,82.47,177.91
49.18,14.198,1.219,635.04,3.08,45.98,278.8,82.46,177.92
49.22,14.223,1.223,635.87,3.09,45.91,278.2,82.45,177.92
49.28,14.261,1.228,637.12,3.09,45.82,279.2,82.44,177.93
49.32,14.287,1.231,637.96,3.1,45.75,278.7,82.44,177.93
49.38,14.325,1.236,639.21,3.1,45.66,278.7,82.43,177.93
49.42,14.35,1.239,640.05,3.11,45.59,278.6,82.42,177.94
49.48,14.388,1.244,641.3,3.11,45.5,279.3,82.41,177.94
49.52,14.414,1.248,642.15,3.11,45.43,278.5,82.41,177.94
49.58,14.452,1.253,643.41,3.12,45.34,279.3,82.4,177.95
49.64,14.49,1.258,644.68,3.13,45.24,279.6,82.39,177.95
49.68,14.516,1.261,645.53,3.13,45.17,279.2,82.39,177.95
49.74,14.554,1.266,646.8,3.14,45.08,278.6,82.38,177.96
49.78,14.58,1.27,647.65,3.14,45.01,278.9,82.37,177.96
49.84,14.618,1.275,648.93,3.14,44.91,279.5,82.37,177.96
49.88,14.644,1.278,649.78,3.15,44.85,278.8,82.36,177.97
49.92,14.67,1.282,650.63,3.15,44.78,279.1,82.36,177.97
49.98,14.709,1.287,651.92,3.16,44.69,278.9,82.35,177.97
50.02,14.735,1.29,652.78,3.16,44.62,279.6,82.34,177.98
50.08,14.773,1.295,654.07,3.16,44.52,279.0,82.33,177.98
50.14,14.812,1.301,655.36,3.17,44.42,279.2,82.33,177.98
50.18,14.838,1.304,656.23,3.17,44.36,279.1,82.32,177.99
50.24,14.877,1.309,657.53,3.18,44.26,279.2,82.31,177.99
50.28,14.904,1.313,658.39,3.18,44.19,278.9,82.31,177.99
50.34,14.943,1.318,659.7,3.19,44.09,279.2,82.3,178.0
50.38,14.969,1.322,660.57,3.19,44.02,279.2,82.29,178.0
50.44,15.008,1.327,661.88,3.2,43.92,279.6,82.28,178.01
50.48,15.035,1.33,662.75,3.2,43.86,279.0,82.28,178.01
50.54,15.074,1.337,664.07,3.21,43.76,279.1,82.27,178.01
50.58,15.1,1.341,664.95,3.21,43.69,279.8,82.26,178.02
50.64,15.14,1.346,666.27,3.22,43.59,279.7,82.25,178.02
50.68,15.166,1.35,667.16,3.22,43.52,279.9,82.24,178.02
50.74,15.206,1.355,668.48,3.23,43.42,279.7,82.24,178.03
50.78,15.233,1.359,669.37,3.23,43.35,279.4,82.23,178.03
50.84,15.272,1.364,670.7,3.23,43.25,279.2,82.22,178.03
50.9,15.312,1.37,672.04,3.24,43.14,279.7,82.22,178.04
50.94,15.339,1.373,672.93,3.24,43.07,279.4,82.21,178.04
51.0,15.379,1.379,674.27,3.25,42.97,279.2,82.21,178.04
51.04,15.406,1.382,675.16,3.25,42.9,279.1,82.2,178.05
51.1,15.446,1.388,676.51,3.26,42.8,279.3,82.19,178.05
51.14,15.473,1.391,677.41,3.26,42.73,279.8,82.18,178.05
51.2,15.513,1.397,678.76,3.27,42.62,279.8,82.18,178.06
51.24,15.54,1.4,679.67,3.27,42.55,279.8,82.17,178.06
51.3,15.581,1.406,681.02,3.28,42.41,279.7,82.16,178.07
51.34,15.608,1.41,681.93,3.28,42.37,279.7,82.16,178.07
51.4,15.648,1.415,683.3,3.29,42.27,280.6,82.15,178.07
51.44,15.675,1.419,684.21,3.3,42.16,280.5,82.14,178.08
51.48,15.702,1.423,685.13,3.3,42.12,279.9,82.14,178.08
51.54,15.743,1.428,686.5,3.3,42.02,280.2,82.13,178.08
51.6,15.784,1.434,687.88,3.31,41.91,280.7,82.12,178.09
51.64,15.811,1.438,688.8,3.32,41.84,280.1,82.11,178.09
51.7,15.852,1.443,690.19,3.32,41.73,280.8,82.1,178.09
51.74,15.88,1.447,691.12,3.33,41.66,280.2,82.1,178.1
51.8,15.921,1.453,692.51,3.34,41.55,280.1,82.09,178.1
51.84,15.948,1.456,693.44,3.34,41.48,280.5,82.09,178.1
51.9,15.99,1.462,694.83,3.34,41.37,280.1,82.08,178.11
51.96,16.031,1.468,696.23,3.35,41.26,280.8,82.07,178.11
52.0,16.059,1.472,697.17,3.35,41.19,280.2,82.07,178.11
52.04,16.086,1.475,698.11,3.36,41.11,280.7,82.06,178.11
52.1,16.128,1.481,699.52,3.37,41.0,280.9,82.05,178.12
52.14,16.156,1.485,700.46,3.37,40.93,280.5,82.05,178.12
52.2,16.197,1.491,701.88,3.38,40.82,281.0,82.04,178.12
52.26,16.239,1.496,703.3,3.38,40.71,280.4,82.03,178.13
52.3,16.267,1.5,704.25,3.39,40.64,280.8,82.03,178.13
52.34,16.295,1.504,705.2,3.39,40.57,280.1,82.02,178.13
52.4,16.337,1.51,706.62,3.4,40.46,280.8,82.01,178.14
52.46,16.379,1.516,708.05,3.4,40.35,280.1,82.0,178.14
52.5,16.407,1.52,709.01,3.4,40.27,280.4,82.0,178.14
52.54,16.435,1.524,709.96,3.41,40.2,280.3,82.0,178.15
52.6,16.477,1.53,711.4,3.41,40.09,280.3,81.99,178.15
52.66,16.52,1.535,712.84,3.42,39.98,281.2,81.98,178.15
52.7,16.548,1.539,713.81,3.42,39.9,280.0,81.97,178.16
52.74,16.576,1.543,714.77,3.43,39.83,280.3,81.97,178.16
52.8,16.619,1.549,716.22,3.43,39.72,280.6,81.96,178.16
52.86,16.661,1.555,717.68,3.44,39.61,280.3,81.95,178.17
52.92,16.704,1.561,719.14,3.45,39.5,281.0,81.94,178.17
52.98,16.747,1.567,720.6,3.45,39.38,280.6,81.94,178.17
53.02,16.775,1.571,721.58,3.46,39.31,281.1,81.93,178.17
53.06,16.804,1.575,722.56,3.47,39.23,281.2,81.93,178.18
53.12,16.847,1.581,724.04,3.47,39.12,281.1,81.92,178.18
53.16,16.89,1.587,725.52,3.48,39.01,281.5,81.91,178.18
53.22,16.919,1.591,726.5,3.48,38.94,280.5,81.91,178.18
53.26,16.948,1.595,727.49,3.49,38.86,281.4,81.9,178.19
53.32,16.991,1.602,728.97,3.49,38.75,281.2,81.89,178.19
53.36,17.02,1.606,729.96,3.5,38.67,280.5,81.89,178.19
53.42,17.063,1.612,731.45,3.5,38.56,280.9,81.88,178.2
53.48,17.107,1.618,732.95,3.51,38.45,281.1,81.87,178.2
53.52,17.136,1.622,733.95,3.51,38.37,280.7,81.87,178.2
53.58,17.18,1.628,735.45,3.52,38.26,281.0,81.86,178.21
53.64,17.223,1.634,736.96,3.53,38.15,280.8,81.85,178.21
53.68,17.252,1.638,737.97,3.53,38.07,281.8,81.84,178.21
53.74,17.296,1.645,739.48,3.54,37.96,281.0,81.84,178.22
53.78,17.326,1.651,740.5,3.55,37.88,281.3,81.83,178.22
53.82,17.37,1.655,742.02,3.55,37.77,281.9,81.82,178.22
53.88,17.399,1.659,743.03,3.56,37.69,280.9,81.82,178.22
53.94,17.443,1.666,744.56,3.56,37.58,281.6,81.81,178.23
53.98,17.473,1.67,745.58,3.57,37.51,280.9,81.8,178.23
54.04,17.517,1.678,747.11,3.58,37.35,280.9,81.79,178.23
54.1,17.562,1.682,748.65,3.58,37.28,281.8,81.79,178.24
54.14,17.591,1.687,749.68,3.58,37.2,282.0,81.78,178.24
54.18,17.621,1.691,750.71,3.59,37.13,281.6,81.77,178.24
54.24,17.666,1.697,752.26,3.6,37.01,281.4,81.77,178.24
54.28,17.71,1.704,753.82,3.6,36.9,281.7,81.76,178.24
54.34,17.74,1.708,754.85,3.61,36.82,281.2,81.75,178.24
54.4,17.785,1.714,756.42,3.62,36.71,281.1,81.74,178.25
54.44,17.815,1.719,757.46,3.62,36.63,281.5,81.74,178.25
54.48,17.845,1.723,758.5,3.63,36.56,280.9,81.73,178.25
54.54,17.89,1.729,760.07,3.63,36.44,281.9,81.73,178.26
54.6,17.936,1.736,761.64,3.64,36.33,281.7,81.72,178.27
54.64,17.966,1.74,762.69,3.64,36.25,281.5,81.72,178.27
54.68,17.996,1.745,763.74,3.65,36.18,281.9,81.71,178.28
54.74,18.041,1.751,765.33,3.66,36.06,282.3,81.7,178.28
54.78,18.072,1.756,766.92,3.66,35.95,281.6,81.7,178.29
54.84,18.117,1.762,767.98,3.67,35.87,282.1,81.69,178.29
54.9,18.163,1.769,769.57,3.68,35.76,281.5,81.68,178.3
54.94,18.193,1.773,770.64,3.68,35.68,281.9,81.68,178.3
54.98,18.224,1.778,771.71,3.68,35.61,281.9,81.68,178.3
55.04,18.27,1.784,773.31,3.69,35.49,282.0,81.67,178.31
55.1,18.316,1.791,774.92,3.7,35.38,282.1,81.66,178.31
55.14,18.347,1.795,776.0,3.71,35.26,282.1,81.65,178.32
55.2,18.393,1.802,777.61,3.71,35.19,282.0,81.65,178.32
55.24,18.423,1.806,778.69,3.72,35.11,282.2,81.64,178.32
55.3,18.47,1.813,780.32,3.73,35.0,282.5,81.63,178.32
55.34,18.501,1.818,781.4,3.73,34.92,282.1,81.63,178.33
55.4,18.547,1.824,783.03,3.74,34.81,282.4,81.62,178.33
55.46,18.594,1.831,784.67,3.74,34.69,282.0,81.61,178.33
55.5,18.625,1.836,785.76,3.75,34.62,281.9,81.6,178.33
55.54,18.656,1.84,786.86,3.75,34.54,282.3,81.6,178.33
55.6,18.703,1.847,788.5,3.76,34.43,282.2,81.59,178.33
55.66,18.75,1.854,790.15,3.77,34.31,281.6,81.58,178.33
55.7,18.781,1.859,791.25,3.77,34.24,281.9,81.58,178.33
55.74,18.812,1.863,792.35,3.78,34.16,281.9,81.57,178.33
55.8,18.859,1.87,794.01,3.79,34.04,282.1,81.56,178.33
55.84,18.891,1.875,795.12,3.79,33.97,282.2,81.56,178.33
55.9,18.938,1.882,796.79,3.8,33.85,282.5,81.55,178.34
55.96,18.985,1.888,798.46,3.8,33.74,281.9,81.54,178.34
56.0,19.017,1.893,799.58,3.81,33.66,282.1,81.54,178.34
56.06,19.065,1.9,801.25,3.81,33.55,281.7,81.53,178.34
56.1,19.096,1.905,802.38,3.82,33.47,282.3,81.53,178.35
56.16,19.144,1.912,804.06,3.83,33.36,282.5,81.52,178.35
56.2,19.176,1.916,805.19,3.84,33.28,281.8,81.51,178.35
56.26,19.224,1.924,806.89,3.84,33.17,282.2,81.51,178.36
56.32,19.272,1.931,808.58,3.85,33.06,282.7,81.5,178.37
56.36,19.304,1.935,809.72,3.86,32.98,282.0,81.5,178.37
56.42,19.352,1.942,811.42,3.86,32.87,282.5,81.49,178.37
56.46,19.384,1.947,812.56,3.87,32.79,282.1,81.48,178.38
56.52,19.432,1.954,814.28,3.87,32.68,282.8,81.48,178.38
56.58,19.481,1.964,815.99,3.88,32.52,283.1,81.47,178.39
56.64,19.529,1.969,817.72,3.89,32.45,282.7,81.46,178.4
56.68,19.562,1.973,818.87,3.9,32.37,282.8,81.46,178.4
56.74,19.61,1.981,820.6,3.9,32.26,282.8,81.45,178.4
56.78,19.643,1.986,821.76,3.91,32.18,282.0,81.44,178.41
56.84,19.692,1.993,823.5,3.92,32.07,282.5,81.44,178.41
56.88,19.724,1.998,824.66,3.92,32.0,282.8,81.43,178.41
56.94,19.773,2.005,826.41,3.93,31.88,282.9,81.42,178.41
56.98,19.806,2.01,827.57,3.94,31.81,282.8,81.42,178.42
57.04,19.855,2.017,829.33,3.95,31.69,282.7,81.41,178.42
57.1,19.904,2.024,831.09,3.95,31.58,282.5,81.4,178.42
57.14,19.937,2.029,832.26,3.96,31.51,282.5,81.4,178.42
57.18,19.97,2.037,833.44,3.96,31.39,282.3,81.39,178.42
57.24,20.02,2.042,835.21,3.97,31.32,282.3,81.38,178.42
57.3,20.069,2.049,836.98,3.98,31.2,282.9,81.37,178.42
57.34,20.103,2.054,838.16,3.98,31.13,282.2,81.37,178.42
57.38,20.136,2.059,839.35,3.99,31.05,283.1,81.36,178.43
57.44,20.186,2.066,841.14,4.0,30.94,282.3,81.36,178.43
57.48,20.219,2.071,842.33,4.0,30.87,282.3,81.35,178.43
57.54,20.269,2.079,844.13,4.01,30.75,283.3,81.34,178.43
57.58,20.302,2.084,845.33,4.02,30.68,283.4,81.34,178.43
57.64,20.353,2.092,847.13,4.02,30.57,282.8,81.33,178.43
57.7,20.403,2.099,848.93,4.03,30.45,282.8,81.33,178.43
57.74,20.437,2.104,850.14,4.03,30.38,282.5,81.32,178.44
57.8,20.487,2.112,851.95,4.04,30.27,283.1,81.31,178.44
57.84,20.521,2.117,853.16,4.05,30.19,282.3,81.31,178.44
57.9,20.572,2.124,854.98,4.06,30.08,282.6,81.3,178.44
57.94,20.605,2.13,856.2,4.06,30.0,283.1,81.3,178.45
58.0,20.656,2.137,858.03,4.07,29.89,283.3,81.29,178.45
58.04,20.69,2.142,859.25,4.07,29.82,282.6,81.29,178.45
58.1,20.741,2.15,861.09,4.08,29.71,283.5,81.28,178.46
58.14,20.775,2.155,862.32,4.09,29.63,282.5,81.27,178.46
58.2,20.827,2.163,864.16,4.1,29.52,282.8,81.27,178.47
58.26,20.878,2.171,866.01,4.11,29.41,283.2,81.26,178.47
58.3,20.912,2.176,867.25,4.11,29.33,282.8,81.26,178.47
58.36,20.964,2.184,869.1,4.12,29.22,283.3,81.25,178.48
58.4,20.998,2.189,870.34,4.12,29.15,282.7,81.24,178.48
58.44,21.033,2.194,872.21,4.13,29.04,283.2,81.24,178.49
58.5,21.084,2.202,873.45,4.13,28.96,282.8,81.23,178.49
58.54,21.119,2.207,874.7,4.14,28.89,282.8,81.23,178.49
58.6,21.171,2.215,876.58,4.15,28.78,283.5,81.22,178.5
58.64,21.206,2.221,877.84,4.15,28.7,282.9,81.21,178.5
58.7,21.258,2.228,879.72,4.16,28.59,283.7,81.21,178.5
58.76,21.31,2.236,881.62,4.17,28.48,282.5,81.2,178.51
58.8,21.345,2.242,882.88,4.18,28.41,283.5,81.19,178.51
58.86,21.397,2.25,884.78,4.19,28.3,283.1,81.18,178.51
58.9,21.432,2.255,886.05,4.2,28.22,283.4,81.18,178.51
58.96,21.485,2.263,887.96,4.2,28.11,283.5,81.17,178.51
59.02,21.538,2.271,889.87,4.21,27.96,283.5,81.16,178.51
59.08,21.591,2.279,891.78,4.22,27.89,282.7,81.16,178.52
59.12,21.626,2.285,893.06,4.22,27.82,284.0,81.15,178.52
59.16,21.661,2.29,894.35,4.23,27.74,282.9,81.15,178.52
59.22,21.714,2.298,896.28,4.24,27.63,283.4,81.14,178.52
59.28,21.767,2.306,898.21,4.25,27.52,283.0,81.13,178.52
59.32,21.803,2.312,899.51,4.25,27.45,283.0,81.13,178.52
59.38,21.856,2.32,901.45,4.26,27.34,283.2,81.12,178.52
59.42,21.892,2.326,902.75,4.27,27.26,283.1,81.11,178.52
59.46,21.928,2.331,904.05,4.28,27.19,283.6,81.11,178.53
59.52,21.982,2.339,906.01,4.29,27.08,283.5,81.1,178.53
59.56,22.017,2.345,907.32,4.29,27.0,283.7,81.1,178.53
59.62,22.071,2.353,909.29,4.3,26.89,284.1,81.09,178.53
59.68,22.125,2.362,911.26,4.31,26.78,283.3,81.09,178.53
59.72,22.161,2.367,912.58,4.32,26.71,283.9,81.08,178.53
59.78,22.216,2.376,914.56,4.32,26.6,283.0,81.07,178.54
59.82,22.252,2.381,915.88,4.33,26.53,283.2,81.07,178.54
59.88,22.306,2.39,917.87,4.34,26.41,283.9,81.06,178.54
59.92,22.342,2.395,919.19,4.34,26.34,283.2,81.06,178.54
59.98,22.397,2.404,921.19,4.35,26.23,283.7,81.05,178.55
60.02,22.433,2.409,922.52,4.36,26.12,283.7,81.05,178.55
60.08,22.488,2.418,924.52,4.36,26.05,283.5,81.04,178.55
60.14,22.543,2.426,926.53,4.37,25.94,283.8,81.03,178.55
60.18,22.58,2.432,927.87,4.38,25.86,283.3,81.03,178.56
60.24,22.635,2.441,929.89,4.38,25.75,283.4,81.02,178.56
60.28,22.672,2.446,931.24,4.39,25.68,283.6,81.02,178.56
60.34,22.727,2.455,933.26,4.4,25.57,284.0,81.01,178.57
60.38,22.764,2.461,934.62,4.4,25.5,283.2,81.01,178.57
60.42,22.801,2.466,935.97,4.41,25.42,283.5,81.0,178.57
60.48,22.856,2.475,938.01,4.42,25.31,283.6,80.99,178.58
60.54,22.912,2.484,940.05,4.43,25.2,283.4,80.99,178.58
60.6,22.968,2.492,942.09,4.44,25.09,282.9,80.98,178.58
60.64,23.005,2.498,943.46,4.44,25.02,284.0,80.97,178.59
60.68,23.042,2.504,944.84,4.45,24.95,283.8,80.97,178.59
60.74,23.099,2.513,946.9,4.46,24.84,283.9,80.96,178.59
60.8,23.155,2.522,948.97,4.47,24.73,283.8,80.95,178.59
60.84,23.192,2.527,950.35,4.47,24.66,283.0,80.95,178.6
60.9,23.249,2.536,952.42,4.48,24.55,283.4,80.94,178.6
60.94,23.286,2.542,953.81,4.49,24.48,283.3,80.94,178.6
61.0,23.343,2.551,955.89,4.5,24.37,283.3,80.93,178.6
61.04,23.381,2.557,957.28,4.5,24.3,283.9,80.92,178.6
61.08,23.419,2.563,958.68,4.51,24.22,283.8,80.92,178.61
61.14,23.476,2.572,960.78,4.52,24.11,283.9,80.91,178.61
61.2,23.533,2.581,962.88,4.53,24.01,284.0,80.91,178.61
61.24,23.571,2.587,964.29,4.54,23.93,283.6,80.9,178.61
61.3,23.628,2.596,966.4,4.55,23.83,284.0,80.89,178.61
61.34,23.666,2.602,967.81,4.55,23.75,283.5,80.89,178.61
61.4,23.724,2.611,969.93,4.56,23.65,283.7,80.88,178.61
61.44,23.762,2.617,971.35,4.57,23.54,283.5,80.88,178.62
61.5,23.82,2.626,973.48,4.58,23.47,284.4,80.87,178.62
61.54,23.858,2.632,974.91,4.59,23.39,284.1,80.86,178.62
61.6,23.916,2.641,977.05,4.6,23.29,284.3,80.86,178.62
61.66,23.974,2.651,979.2,4.61,23.18,283.8,80.85,178.62
61.7,24.013,2.657,980.63,4.61,23.11,283.3,80.85,178.62
61.74,24.051,2.663,982.07,4.62,23.04,284.4,80.84,178.62
61.8,24.11,2.672,984.23,4.63,22.93,284.1,80.83,178.62
61.84,24.149,2.678,985.67,4.64,22.86,284.3,80.83,178.62
61.9,24.207,2.687,987.85,4.64,22.75,283.5,80.83,178.63
61.94,24.246,2.694,989.3,4.65,22.68,284.6,80.82,178.63
62.0,24.305,2.703,991.47,4.66,22.57,283.5,80.81,178.63
62.06,24.364,2.712,993.66,4.67,22.47,284.1,80.81,178.63
62.1,24.403,2.719,995.12,4.68,22.36,283.4,80.8,178.63
62.16,24.462,2.728,997.31,4.68,22.29,284.6,80.79,178.63
62.2,24.502,2.734,998.78,4.69,22.22,283.6,80.79,178.63
62.26,24.561,2.744,1000.98,4.7,22.11,283.9,80.79,178.64
62.3,24.6,2.75,1002.45,4.7,22.04,284.0,80.78,178.64
62.34,24.66,2.756,1004.66,4.71,21.93,283.6,80.77,178.64
62.4,24.7,2.766,1006.13,4.72,21.86,284.1,80.77,178.64
62.46,24.759,2.775,1008.35,4.73,21.76,283.5,80.76,178.65
62.5,24.799,2.782,1009.84,4.73,21.69,284.3,80.76,178.65
62.56,24.859,2.791,1012.07,4.74,21.58,283.4,80.75,178.65
62.6,24.899,2.798,1013.55,4.75,21.51,284.1,80.75,178.65
62.66,24.959,2.807,1015.8,4.76,21.4,284.5,80.74,178.66
62.7,24.999,2.814,1017.29,4.77,21.33,283.7,80.73,178.66
62.76,25.06,2.823,1019.54,4.78,21.23,284.1,80.73,178.66
62.8,25.1,2.83,1021.04,4.78,21.16,283.4,80.72,178.66
62.86,25.161,2.84,1023.29,4.79,21.05,283.8,80.72,178.66
62.9,25.201,2.846,1024.81,4.8,20.98,284.4,80.71,178.67
62.96,25.262,2.856,1027.07,4.81,20.88,284.4,80.7,178.67
63.02,25.323,2.866,1029.35,4.82,20.77,284.4,80.7,178.67
63.06,25.363,2.872,1030.87,4.83,20.7,283.7,80.69,178.67
63.12,25.425,2.882,1033.16,4.83,20.6,284.3,80.69,178.68
63.16,25.465,2.888,1034.68,4.84,20.53,284.4,80.68,178.68
63.22,25.527,2.898,1036.98,4.86,20.43,284.5,80.67,178.68
63.26,25.568,2.905,1038.52,4.86,20.36,284.3,80.67,178.68
63.3,25.609,2.912,1040.05,4.87,20.29,284.0,80.67,178.68
63.36,25.671,2.922,1042.36,4.88,20.18,284.3,80.66,178.69
63.42,25.732,2.931,1044.68,4.89,20.08,284.1,80.65,178.69
63.46,25.774,2.938,1046.23,4.89,20.01,284.8,80.65,178.69
63.52,25.836,2.948,1048.55,4.9,19.91,285.0,80.64,178.69
63.56,25.877,2.955,1050.11,4.91,19.84,283.7,80.64,178.69
63.62,25.94,2.965,1052.44,4.92,19.74,284.4,80.63,178.69
63.66,25.981,2.972,1054.01,4.93,19.67,284.3,80.62,178.69
63.72,26.044,2.982,1056.35,4.94,19.57,284.9,80.62,178.7
63.76,26.085,2.989,1057.92,4.95,19.5,283.7,80.61,178.7
63.82,26.148,2.999,1060.27,4.95,19.39,284.0,80.61,178.7
63.86,26.19,3.006,1061.85,4.96,19.33,284.4,80.6,178.7
63.92,26.253,3.016,1064.21,4.97,19.22,284.9,80.6,178.7
63.96,26.295,3.023,1065.8,4.98,19.16,284.3,80.59,178.7
64.02,26.358,3.033,1068.18,4.99,19.05,284.8,80.58,178.7
64.06,26.401,3.04,1069.76,5.0,18.99,284.9,80.58,178.7
64.12,26.464,3.05,1072.15,5.01,18.88,283.9,80.57,178.7
64.18,26.528,3.06,1074.54,5.02,18.78,284.4,80.57,178.7
64.22,26.57,3.067,1076.94,5.03,18.68,284.1,80.56,178.7
64.28,26.634,3.078,1078.54,5.04,18.61,284.6,80.55,178.7
64.34,26.698,3.088,1080.95,5.05,18.51,284.4,80.54,178.7
64.38,26.74,3.095,1082.55,5.05,18.45,284.1,80.54,178.71
64.42,26.783,3.102,1084.16,5.06,18.38,284.5,80.54,178.71
64.48,26.848,3.112,1086.58,5.06,18.28,284.3,80.53,178.71
64.52,26.891,3.12,1088.2,5.07,18.21,283.9,80.52,178.71
64.58,26.955,3.13,1090.63,5.08,18.11,284.3,80.52,178.71
64.62,26.998,3.137,1092.26,5.09,18.04,284.6,80.52,178.71
64.68,27.063,3.148,1094.7,5.1,17.94,283.7,80.51,178.71
64.74,27.128,3.158,1097.15,5.11,17.84,284.1,80.5,178.71
64.78,27.171,3.165,1098.79,5.12,17.78,284.5,80.5,178.71
64.84,27.236,3.176,1101.24,5.13,17.68,283.8,80.49,178.71
64.88,27.28,3.183,1102.88,5.13,17.61,284.2,80.49,178.71
64.92,27.323,3.19,1104.53,5.14,17.55,284.3,80.48,178.71
64.98,27.389,3.201,1107.0,5.15,17.45,284.2,80.47,178.71
65.04,27.455,3.212,1109.48,5.16,17.35,284.2,80.47,178.72
65.08,27.498,3.219,1111.13,5.17,17.28,284.4,80.47,178.72
65.14,27.564,3.23,1113.62,5.18,17.18,283.8,80.46,178.72
65.18,27.608,3.237,1115.28,5.18,17.12,283.8,80.46,178.72
65.24,27.674,3.248,1117.78,5.19,17.02,284.1,80.45,178.72
65.28,27.719,3.255,1119.44,5.2,16.95,283.9,80.44,178.72
65.32,27.763,3.263,1121.95,5.21,16.86,284.1,80.44,178.72
65.38,27.829,3.274,1123.63,5.22,16.79,284.3,80.43,178.72
65.44,27.896,3.285,1126.15,5.23,16.69,284.6,80.43,178.73
65.48,27.94,3.292,1127.83,5.23,16.63,284.7,80.42,178.73
65.54,28.007,3.303,1130.36,5.25,16.53,284.8,80.42,178.73
65.6,28.074,3.314,1132.9,5.26,16.43,285.0,80.41,178.73
65.64,28.119,3.321,1134.6,5.27,16.37,284.9,80.4,178.73
65.7,28.186,3.332,1137.15,5.28,16.27,284.3,80.4,178.73
65.74,28.231,3.34,1138.85,5.29,16.21,284.1,80.39,178.73
65.8,28.299,3.351,1141.41,5.3,16.11,284.3,80.39,178.73
65.84,28.344,3.359,1143.12,5.31,16.05,284.8,80.38,178.73
65.88,28.411,3.366,1145.69,5.32,15.95,284.5,80.38,178.74
65.94,28.457,3.377,1147.41,5.32,15.89,284.5,80.37,178.74
65.98,28.502,3.385,1149.13,5.33,15.83,285.0,80.37,178.74
66.04,28.57,3.396,1151.72,5.34,15.73,284.8,80.36,178.74
66.1,28.638,3.407,1154.31,5.35,15.64,284.7,80.36,178.74
66.14,28.684,3.415,1156.05,5.36,15.57,284.7,80.35,178.74
66.2,28.753,3.426,1158.65,5.37,15.48,284.6,80.34,178.74
66.24,28.798,3.434,1160.39,5.38,15.41,284.9,80.34,178.74
66.3,28.867,3.445,1163.0,5.39,15.32,284.0,80.33,178.74
66.34,28.913,3.453,1164.74,5.4,15.26,284.3,80.33,178.74
66.4,28.982,3.465,1167.37,5.41,15.16,284.7,80.32,178.74
66.44,29.028,3.472,1169.12,5.41,15.1,284.9,80.32,178.74
66.5,29.097,3.484,1171.76,5.43,15.01,284.8,80.31,178.74
66.54,29.144,3.491,1173.52,5.43,14.95,284.5,80.3,178.74
66.6,29.213,3.503,1176.17,5.45,14.85,284.6,80.3,178.74
66.66,29.283,3.515,1178.83,5.46,14.76,284.9,80.29,178.74
66.7,29.33,3.522,1180.6,5.46,14.7,284.3,80.29,178.74
66.76,29.4,3.534,1183.26,5.48,14.61,284.8,80.28,178.74
66.8,29.446,3.542,1185.04,5.48,14.54,284.8,80.28,178.74
66.84,29.493,3.55,1186.83,5.49,14.48,285.0,80.27,178.74
66.9,29.563,3.562,1189.51,5.5,14.39,284.6,80.26,178.74
66.96,29.634,3.573,1192.2,5.52,14.3,285.0,80.26,178.74
67.0,29.681,3.581,1193.99,5.52,14.24,284.1,80.25,178.74
67.06,29.752,3.593,1196.69,5.53,14.15,285.2,80.25,178.74
67.1,29.799,3.601,1198.49,5.54,14.09,284.7,80.24,178.74
67.16,29.87,3.613,1201.2,5.55,13.97,284.2,80.23,178.74
67.22,29.941,3.625,1203.92,5.56,13.91,284.8,80.23,178.74
67.26,29.989,3.633,1205.73,5.57,13.85,284.4,80.22,178.74
67.3,30.036,3.641,1207.55,5.58,13.79,284.9,80.22,178.74
67.36,30.108,3.653,1210.28,5.59,13.7,284.4,80.21,178.74
67.4,30.156,3.661,1212.1,5.59,13.64,284.8,80.21,178.74
67.46,30.227,3.673,1214.84,5.6,13.55,284.6,80.2,178.74
67.5,30.275,3.681,1216.68,5.61,13.49,284.4,80.2,178.74
67.56,30.348,3.693,1219.43,5.63,13.4,284.5,80.19,178.74
67.62,30.42,3.705,1222.19,5.64,13.31,284.9,80.18,178.74
67.66,30.468,3.713,1224.04,5.65,13.25,284.9,80.18,178.73
67.72,30.541,3.726,1226.81,5.66,13.16,284.7,80.17,178.73
67.76,30.589,3.734,1228.66,5.66,13.1,284.7,80.17,178.73
67.82,30.662,3.746,1231.45,5.68,13.02,284.9,80.16,178.73
67.86,30.71,3.754,1233.31,5.68,12.96,284.4,80.16,178.73
67.9,30.759,3.763,1235.17,5.69,12.9,284.8,80.16,178.73
67.96,30.832,3.775,1237.97,5.7,12.81,284.9,80.15,178.73
68.02,30.906,3.787,1240.78,5.71,12.72,284.2,80.14,178.73
68.06,30.955,3.796,1242.66,5.72,12.67,285.2,80.14,178.73
68.12,31.028,3.808,1245.47,5.73,12.58,284.6,80.13,178.73
68.16,31.077,3.816,1247.36,5.75,12.52,284.7,80.13,178.72
68.22,31.151,3.829,1250.19,5.76,12.44,285.1,80.12,178.72
68.26,31.201,3.837,1252.08,5.76,12.38,284.4,80.12,178.72
68.32,31.275,3.85,1254.92,5.77,12.29,284.1,80.11,178.72
68.36,31.324,3.858,1256.82,5.79,12.24,285.2,80.1,178.72
68.42,31.399,3.871,1259.68,5.79,12.15,285.1,80.1,178.72
68.46,31.449,3.879,1261.58,5.8,12.1,284.7,80.09,178.72
68.52,31.523,3.892,1264.45,5.81,12.01,284.8,80.09,178.72
68.56,31.573,3.901,1266.36,5.83,11.93,285.3,80.08,178.71
68.62,31.648,3.913,1269.24,5.83,11.87,284.9,80.08,178.71
68.66,31.698,3.922,1271.17,5.84,11.82,285.4,80.07,178.71
68.72,31.774,3.935,1274.06,5.86,11.73,284.6,80.07,178.71
68.76,31.824,3.943,1275.99,5.86,11.68,284.6,80.06,178.71
68.82,31.899,3.956,1278.9,5.88,11.6,285.2,80.06,178.71
68.88,31.975,3.969,1281.81,5.89,11.52,284.7,80.05,178.71
68.92,32.026,3.978,1283.75,5.9,11.46,285.4,80.05,178.7
68.98,32.102,3.991,1286.68,5.91,11.38,284.9,80.04,178.7
69.02,32.153,3.999,1288.63,5.92,11.33,285.0,80.04,178.7
69.08,32.229,4.012,1291.56,5.93,11.24,284.8,80.03,178.7
69.12,32.28,4.021,1293.52,5.94,11.19,284.9,80.03,178.7
69.16,32.331,4.03,1295.49,5.95,11.14,285.1,80.02,178.7
69.22,32.408,4.043,1298.44,5.96,11.06,284.8,80.02,178.69
69.28,32.485,4.056,1301.39,5.97,10.98,284.9,80.01,178.69
69.32,32.536,4.065,1303.37,5.98,10.92,284.4,80.0,178.69
69.38,32.613,4.078,1306.34,5.99,10.85,285.0,80.0,178.69
69.42,32.665,4.087,1308.33,6.0,10.79,285.3,79.99,178.69
69.48,32.742,4.1,1311.31,6.01,10.72,284.5,79.99,178.69
69.52,32.794,4.109,1313.3,6.02,10.66,284.2,79.98,178.68
69.58,32.872,4.122,1316.29,6.03,10.59,284.9,79.98,178.68
69.62,32.924,4.131,1318.29,6.04,10.53,284.5,79.97,178.68
69.68,33.002,4.145,1321.29,6.05,10.46,284.5,79.97,178.68
69.72,33.054,4.154,1323.3,6.06,10.41,284.3,79.96,178.68
69.78,33.132,4.167,1326.31,6.07,10.33,284.3,79.95,178.67
69.84,33.211,4.181,1329.33,6.08,10.25,284.4,79.95,178.67
69.88,33.263,4.19,1331.35,6.09,10.2,285.2,79.94,178.67
69.92,33.316,4.199,1333.38,6.1,10.15,285.0,79.94,178.67
69.98,33.395,4.212,1336.42,6.11,10.08,284.3,79.93,178.66
70.02,33.447,4.221,1338.45,6.12,10.03,284.9,79.93,178.66
70.08,33.527,4.235,1341.5,6.13,9.95,284.4,79.92,178.66
70.12,33.58,4.244,1343.54,6.13,9.9,284.3,79.92,178.66
70.18,33.659,4.258,1346.61,6.15,9.83,285.2,79.91,178.65
70.22,33.712,4.267,1348.66,6.16,9.78,285.1,79.91,178.65
70.28,33.792,4.281,1351.74,6.17,9.71,285.6,79.9,178.65
70.34,33.872,4.295,1354.83,6.18,9.64,285.0,79.89,178.64
70.38,33.926,4.304,1356.89,6.19,9.59,284.6,79.89,178.64
70.44,34.006,4.318,1359.99,6.21,9.52,285.0,79.88,178.64
70.5,34.086,4.332,1363.09,6.22,9.44,284.6,79.88,178.63
70.54,34.14,4.341,1365.16,6.23,9.4,284.4,79.87,178.63
70.6,34.221,4.355,1368.28,6.24,9.33,285.2,79.87,178.63
70.64,34.275,4.364,1370.37,6.25,9.28,285.3,79.86,178.62
70.7,34.356,4.378,1373.5,6.27,9.21,284.8,79.85,178.62
70.74,34.41,4.388,1375.6,6.27,9.16,285.5,79.85,178.62
70.8,34.492,4.402,1378.74,6.28,9.09,284.6,79.84,178.61
70.84,34.546,4.411,1380.84,6.3,9.04,285.0,79.84,178.61
70.9,34.628,4.426,1384.0,6.31,8.98,285.1,79.83,178.6
70.94,34.683,4.435,1386.11,6.31,8.93,285.0,79.83,178.6
71.0,34.765,4.449,1389.27,6.33,8.86,284.7,79.82,178.6
71.04,34.819,4.459,1391.39,6.34,8.81,285.2,79.82,178.59
71.1,34.902,4.473,1394.57,6.35,8.75,285.5,79.81,178.59
71.14,34.957,4.483,1396.7,6.35,8.7,285.0,79.81,178.58
71.2,35.039,4.497,1399.9,6.37,8.63,285.6,79.8,178.58
71.26,35.122,4.512,1403.1,6.39,8.57,284.4,79.79,178.57
71.3,35.178,4.521,1405.24,6.4,8.52,285.4,79.79,178.57
71.34,35.233,4.531,1407.39,6.4,8.48,285.7,79.79,178.56
71.4,35.316,4.545,1410.61,6.41,8.41,284.9,79.78,178.56
71.44,35.372,4.555,1412.76,6.42,8.37,285.2,79.77,178.55
71.5,35.456,4.57,1415.99,6.43,8.3,285.3,79.77,178.55
71.56,35.539,4.584,1419.23,6.45,8.23,284.7,79.76,178.54
71.6,35.595,4.594,1421.4,6.45,8.19,284.9,79.76,178.54
71.66,35.68,4.609,1424.65,6.47,8.12,284.8,79.75,178.53
71.7,35.736,4.619,1426.82,6.47,8.08,285.4,79.75,178.52
71.76,35.82,4.633,1430.09,6.49,8.02,285.6,79.74,178.52
71.8,35.877,4.643,1432.27,6.5,7.97,284.7,79.74,178.51
71.86,35.961,4.658,1435.54,6.51,7.91,285.3,79.73,178.51
71.9,36.018,4.668,1437.73,6.52,7.87,284.6,79.72,178.5
71.94,36.075,4.678,1439.93,6.52,7.82,285.6,79.72,178.5
72.0,36.16,4.693,1443.22,6.54,7.76,284.5,79.72,178.49
72.06,36.245,4.708,1446.52,6.56,7.7,284.5,79.71,178.48
72.1,36.302,4.718,1448.73,6.56,7.66,285.2,79.7,178.47
72.16,36.388,4.733,1452.05,6.58,7.59,284.9,79.7,178.47
72.22,36.474,4.748,1455.37,6.59,7.53,285.6,79.69,178.46
72.26,36.531,4.758,1457.59,6.6,7.49,284.4,79.69,178.45
72.3,36.589,4.768,1459.81,6.61,7.45,285.0,79.68,178.45
72.36,36.675,4.783,1463.15,6.62,7.39,285.4,79.68,178.44
72.4,36.733,4.793,1465.39,6.63,7.35,285.4,79.67,178.43
72.46,36.82,4.809,1468.75,6.64,7.29,285.4,79.67,178.42
72.5,36.878,4.819,1470.99,6.65,7.25,285.2,79.66,178.42
72.56,36.965,4.834,1474.35,6.66,7.19,285.0,79.65,178.41
72.6,37.023,4.844,1476.6,6.67,7.15,285.2,79.65,178.4
72.66,37.11,4.86,1479.99,6.68,7.09,284.7,79.65,178.39
72.72,37.198,4.875,1483.38,6.7,7.03,285.4,79.64,178.38
72.76,37.256,4.886,1485.65,6.71,6.99,284.5,79.63,178.38
72.82,37.344,4.901,1489.05,6.72,6.93,285.3,79.63,178.37
72.86,37.403,4.911,1491.32,6.73,6.89,284.8,79.63,178.36
72.92,37.491,4.927,1494.75,6.74,6.84,285.6,79.62,178.35
72.96,37.55,4.937,1497.03,6.76,6.8,284.9,79.61,178.34
73.02,37.639,4.953,1500.46,6.77,6.74,284.6,79.61,178.33
73.06,37.698,4.963,1502.75,6.78,6.7,285.2,79.6,178.32
73.12,37.787,4.979,1506.21,6.79,6.65,285.5,79.6,178.31
73.16,37.846,4.99,1508.51,6.81,6.61,285.2,79.59,178.31
73.22,37.935,5.005,1511.97,6.82,6.55,285.5,79.59,178.3
73.26,38.025,5.016,1515.44,6.83,6.5,285.3,79.58,178.29
73.32,38.084,5.032,1517.76,6.84,6.44,284.8,79.58,178.28
73.38,38.174,5.048,1521.24,6.85,6.41,285.5,79.57,178.27
73.42,38.234,5.058,1523.56,6.86,6.37,284.9,79.57,178.26
73.46,38.294,5.069,1525.89,6.87,6.33,285.4,79.56,178.25
73.52,38.385,5.085,1529.39,6.88,6.28,284.8,79.56,178.24
73.56,38.445,5.096,1531.73,6.9,6.24,285.6,79.55,178.23
73.62,38.536,5.112,1535.25,6.91,6.19,285.3,79.55,178.22
73.68,38.626,5.128,1538.78,6.93,6.14,285.7,79.54,178.2
73.72,38.687,5.139,1541.13,6.93,6.1,284.7,79.54,178.19
73.78,38.778,5.155,1544.67,6.95,6.05,285.8,79.53,178.18
73.82,38.839,5.166,1547.03,6.96,6.02,285.1,79.52,178.17
73.88,38.931,5.182,1550.58,6.97,5.96,285.4,79.52,178.16
73.92,38.992,5.193,1552.95,6.98,5.93,284.9,79.51,178.15
73.98,39.084,5.209,1556.52,6.99,5.88,285.4,79.51,178.13
74.02,39.145,5.22,1558.9,7.0,5.85,285.0,79.51,178.13
74.08,39.237,5.237,1562.48,7.01,5.79,285.0,79.5,178.11
74.12,39.299,5.242,1564.87,7.02,5.76,285.0,79.5,178.11
74.16,39.36,5.264,1568.47,7.04,5.71,285.4,79.49,178.09
74.22,39.453,5.275,1570.87,7.05,5.68,285.1,79.48,178.08
74.28,39.546,5.292,1574.47,7.06,5.63,285.2,79.48,178.06
74.34,39.639,5.308,1578.08,7.08,5.58,284.7,79.47,178.05
74.38,39.701,5.319,1580.5,7.09,5.55,285.1,79.47,178.04
74.44,39.795,5.336,1584.14,7.1,5.5,285.3,79.46,178.02
74.48,39.857,5.347,1586.56,7.12,5.47,285.3,79.46,178.01
74.54,39.951,5.364,1590.21,7.13,5.42,285.8,79.45,177.99
74.58,40.014,5.375,1592.65,7.14,5.39,284.8,79.45,177.98
74.64,40.108,5.392,1596.3,7.15,5.34,285.1,79.44,177.96
74.68,40.171,5.403,1598.75,7.16,5.31,285.0,79.44,177.95
74.72,40.234,5.415,1601.19,7.17,5.27,284.4,79.43,177.94
74.78,40.328,5.432,1601.96,6.08,5.23,0.0,79.43,177.93
74.84,40.423,5.449,1601.28,5.34,5.17,0.0,79.42,177.91
74.88,40.486,5.46,1600.83,4.61,5.14,0.0,79.42,177.9
74.94,40.581,5.477,1600.16,3.14,5.07,0.0,79.41,177.9
75.0,40.675,5.494,1599.48,2.4,5.0,0.0,79.4,177.89
75.04,40.738,5.505,1599.03,1.67,4.95,0.0,79.4,177.89
75.1,40.832,5.522,1598.36,0.19,4.88,0.0,79.39,177.88
75.14,40.895,5.533,1597.92,0.18,4.83,0.0,79.39,177.88
75.2,40.99,5.55,1597.25,0.17,4.77,0.0,79.38,177.88
75.24,41.052,5.561,1596.8,0.17,4.72,0.0,79.37,177.88
75.3,41.147,5.578,1596.13,0.17,4.65,0.0,79.37,177.89
75.34,41.241,5.59,1595.47,0.17,4.59,0.0,79.36,177.89
75.4,41.304,5.607,1595.03,0.17,4.54,0.0,79.35,177.9
75.44,41.366,5.618,1594.58,0.16,4.5,0.0,79.35,177.91
75.5,41.461,5.635,1593.92,0.16,4.44,0.0,79.34,177.92
75.54,41.523,5.646,1593.48,0.16,4.39,0.0,79.34,177.93
75.6,41.617,5.663,1592.82,0.16,4.33,0.0,79.33,177.95
75.64,41.68,5.674,1592.38,0.16,4.29,0.0,79.33,177.96
75.7,41.774,5.691,1591.72,0.15,4.23,0.0,79.32,177.98
75.74,41.837,5.702,1591.28,0.15,4.19,0.0,79.32,177.99
75.8,41.931,5.719,1590.63,0.15,4.13,0.0,79.31,178.01
75.86,42.024,5.736,1589.97,0.15,4.07,0.0,79.3,178.03
75.9,42.087,5.747,1589.54,0.15,4.04,0.0,79.3,178.05
75.96,42.181,5.764,1588.88,0.14,3.98,0.0,79.29,178.08
76.0,42.243,5.776,1588.45,0.14,3.94,0.0,79.28,178.1
76.06,42.337,5.793,1587.8,0.14,3.89,0.0,79.28,178.13
76.1,42.4,5.804,1587.36,0.14,3.85,0.0,79.27,178.15
76.16,42.493,5.821,1586.72,0.14,3.8,0.0,79.26,178.18
76.2,42.556,5.832,1586.28,0.14,3.76,0.0,79.26,178.2
76.26,42.649,5.849,1585.64,0.13,3.71,0.0,79.25,178.23
76.3,42.712,5.86,1585.21,0.13,3.68,0.0,79.25,178.26
76.36,42.805,5.877,1584.56,0.13,3.62,0.0,79.24,178.29
76.4,42.868,5.888,1584.13,0.13,3.59,0.0,79.23,178.32
76.46,42.961,5.905,1583.49,0.13,3.54,0.0,79.23,178.36
76.5,43.023,5.917,1583.06,0.13,3.51,0.0,79.22,178.38
76.56,43.117,5.933,1582.41,0.13,3.46,0.0,79.21,178.42
76.62,43.21,5.95,1581.77,0.12,3.41,0.0,79.21,178.46
76.66,43.272,5.962,1581.35,0.12,3.38,0.0,79.21,178.49
76.7,43.335,5.973,1580.92,0.12,3.35,0.0,79.2,178.52
76.76,43.428,5.99,1580.28,0.12,3.3,0.0,79.19,178.56
76.8,43.49,6.001,1579.86,0.12,3.27,0.0,79.19,178.59
76.86,43.583,6.018,1579.22,0.12,3.23,0.0,79.18,178.64
76.9,43.645,6.024,1578.79,0.12,3.2,0.0,79.18,178.65
76.96,43.739,6.04,1578.16,0.11,3.16,0.0,79.17,178.7
77.02,43.832,6.057,1577.52,0.11,3.11,0.0,79.17,178.74
77.06,43.894,6.069,1577.1,0.11,3.09,0.0,79.16,178.77
77.1,43.956,6.08,1576.68,0.11,3.06,0.0,79.16,178.8
77.16,44.049,6.097,1576.05,0.11,3.02,0.0,79.15,178.85
77.2,44.111,6.108,1575.63,0.11,2.99,0.0,79.15,178.88
77.26,44.204,6.125,1574.99,0.11,2.95,0.0,79.14,178.93
77.32,44.297,6.142,1574.36,0.11,2.91,0.0,79.14,178.98
77.36,44.359,6.153,1573.94,0.1,2.88,0.0,79.13,179.01
77.4,44.421,6.164,1573.52,0.1,2.86,0.0,79.13,179.04
77.46,44.513,6.181,1572.9,0.1,2.82,0.0,79.13,179.09
77.52,44.606,6.198,1572.27,0.1,2.78,0.0,79.12,179.13
77.56,44.668,6.209,1571.85,0.1,2.76,0.0,79.12,179.17
77.62,44.761,6.226,1571.22,0.1,2.72,0.0,79.11,179.21
77.66,44.823,6.237,1570.81,0.1,2.69,0.0,79.11,179.25
77.7,44.884,6.249,1570.39,0.1,2.67,0.0,79.11,179.28
77.76,44.977,6.266,1569.77,0.1,2.63,0.0,79.1,179.32
77.82,45.07,6.282,1569.14,0.09,2.6,0.0,79.1,179.37
77.86,45.131,6.294,1568.73,0.09,2.58,0.0,79.09,179.4
77.92,45.224,6.311,1568.1,0.09,2.54,0.0,79.09,179.45
77.96,45.286,6.322,1567.69,0.09,2.52,0.0,79.09,179.48
78.0,45.347,6.333,1567.28,0.09,2.5,0.0,79.08,179.51
78.06,45.44,6.35,1566.66,0.09,2.46,0.0,79.08,179.56
78.12,45.532,6.367,1566.04,0.09,2.43,0.0,79.08,179.6
78.16,45.594,6.378,1565.62,0.09,2.41,0.0,79.07,179.63
78.22,45.686,6.395,1565.0,0.09,2.38,0.0,79.07,179.68
78.26,45.748,6.406,1564.59,0.09,2.36,0.0,79.07,179.71
78.32,45.84,6.423,1563.97,0.08,2.32,0.0,79.06,179.75
78.36,45.902,6.434,1563.56,0.08,2.3,0.0,79.06,179.78
78.42,45.994,6.451,1562.95,0.08,2.27,0.0,79.06,179.82
78.46,46.055,6.462,1562.53,0.08,2.25,0.0,79.06,179.85
78.52,46.147,6.479,1561.92,0.08,2.22,0.0,79.05,179.89
78.56,46.209,6.496,1561.51,0.08,2.2,0.0,79.05,179.93
78.62,46.301,6.513,1560.9,0.08,2.18,0.0,79.05,179.96
78.66,46.362,6.524,1560.49,0.08,2.16,0.0,79.05,179.99
78.72,46.454,6.541,1559.87,0.08,2.13,0.0,79.04,180.04
78.76,46.516,6.547,1559.46,0.08,2.11,0.0,79.04,180.05
78.82,46.608,6.564,1558.85,0.07,2.08,0.0,79.04,180.09
78.88,46.7,6.581,1558.24,0.07,2.05,0.0,79.04,180.13
78.92,46.761,6.592,1557.83,0.07,2.04,0.0,79.04,180.15
78.98,46.853,6.609,1557.22,0.07,2.01,0.0,79.03,180.19
79.02,46.914,6.62,1556.82,0.07,1.99,0.0,79.03,180.21
79.06,46.975,6.631,1556.41,0.07,1.98,0.0,79.03,180.23
79.12,47.067,6.648,1555.8,0.07,1.95,0.0,79.03,180.26
79.18,47.159,6.665,1555.19,0.07,1.93,0.0,79.03,180.3
79.22,47.22,6.676,1554.79,0.07,1.91,0.0,79.03,180.32
79.28,47.312,6.693,1554.18,0.07,1.88,0.0,79.02,180.35
79.32,47.373,6.704,1553.77,0.07,1.87,0.0,79.02,180.37
79.36,47.434,6.715,1553.37,0.07,1.85,0.0,79.02,180.39
79.42,47.526,6.732,1552.76,0.07,1.83,0.0,79.02,180.42
79.48,47.617,6.749,1552.16,0.06,1.8,0.0,79.02,180.44
79.52,47.678,6.76,1551.75,0.06,1.79,0.0,79.02,180.46
79.58,47.77,6.777,1551.15,0.06,1.77,0.0,79.02,180.49
79.62,47.831,6.789,1550.74,0.06,1.75,0.0,79.02,180.5
79.68,47.922,6.805,1550.14,0.06,1.73,0.0,79.02,180.53
79.72,47.983,6.817,1549.74,0.06,1.71,0.0,79.01,180.54
79.78,48.074,6.834,1549.13,0.06,1.69,0.0,79.01,180.57
79.82,48.135,6.845,1548.73,0.06,1.68,0.0,79.01,180.58
79.88,48.227,6.862,1548.13,0.06,1.66,0.0,79.01,180.6
79.92,48.288,6.873,1547.73,0.06,1.64,0.0,79.01,180.61
79.98,48.379,6.89,1547.12,0.06,1.62,0.0,79.01,180.63
80.04,48.47,6.907,1546.52,0.06,1.6,0.0,79.01,180.65
80.08,48.531,6.918,1546.12,0.06,1.59,0.0,79.01,180.66
80.12,48.592,6.929,1545.72,0.06,1.58,0.0,79.01,180.67
80.18,48.683,6.946,1545.12,0.05,1.56,0.0,79.01,180.69
80.22,48.744,6.957,1544.72,0.05,1.54,0.0,79.01,180.7
80.28,48.835,6.974,1544.12,0.05,1.52,0.0,79.01,180.71
80.34,48.926,6.991,1543.52,0.05,1.5,0.0,79.01,180.72
80.38,48.986,7.002,1543.12,0.05,1.49,0.0,79.01,180.73
80.42,49.047,7.013,1542.73,0.05,1.48,0.0,79.01,180.74
80.48,49.138,7.03,1542.13,0.05,1.46,0.0,79.01,180.75
80.52,49.199,7.041,1541.73,0.05,1.45,0.0,79.01,180.75
80.58,49.29,7.058,1541.13,0.05,1.43,0.0,79.01,180.76
80.64,49.38,7.075,1540.53,0.05,1.41,0.0,79.01,180.77
80.68,49.441,7.086,1540.14,0.05,1.4,0.0,79.01,180.77
80.72,49.502,7.098,1539.74,0.05,1.39,0.0,79.01,180.77
80.78,49.592,7.114,1539.14,0.05,1.37,0.0,79.01,180.78
80.84,49.683,7.131,1538.55,0.05,1.36,0.0,79.01,180.78
80.88,49.744,7.142,1538.15,0.05,1.35,0.0,79.01,180.78
80.94,49.834,7.165,1537.55,0.05,1.33,0.0,79.01,180.79
80.98,49.895,7.176,1537.16,0.05,1.32,0.0,79.01,180.79
81.04,49.985,7.193,1536.56,0.05,1.3,0.0,79.01,180.79
81.08,50.046,7.204,1536.17,0.04,1.29,0.0,79.01,180.79
81.14,50.136,7.221,1535.57,0.04,1.27,0.0,79.01,180.78
81.2,50.227,7.238,1534.98,0.04,1.26,0.0,79.01,180.78
81.24,50.287,7.249,1534.58,0.04,1.25,0.0,79.01,180.78
81.28,50.347,7.26,1534.19,0.04,1.24,0.0,79.01,180.78
81.34,50.438,7.277,1533.59,0.04,1.22,0.0,79.01,180.77
81.4,50.528,7.294,1533.0,0.04,1.21,0.0,79.01,180.76
81.44,50.589,7.305,1532.6,0.04,1.2,0.0,79.01,180.76
81.5,50.679,7.322,1532.01,0.04,1.19,0.0,79.01,180.75
81.54,50.739,7.333,1531.62,0.04,1.18,0.0,79.01,180.75
81.6,50.829,7.35,1531.02,0.04,1.16,0.0,79.02,180.74
81.64,50.89,7.361,1530.63,0.04,1.15,0.0,79.02,180.73
81.7,50.98,7.378,1530.04,0.04,1.14,0.0,79.02,180.72
81.74,51.04,7.389,1529.64,0.04,1.13,0.0,79.02,180.72
81.78,51.1,7.401,1529.25,0.04,1.12,0.0,79.02,180.71
81.84,51.19,7.418,1528.66,0.04,1.11,0.0,79.02,180.7
81.9,51.28,7.434,1528.06,0.04,1.09,0.0,79.02,180.68
81.94,51.34,7.446,1527.67,0.04,1.08,0.0,79.02,180.67
82.0,51.43,7.462,1527.08,0.04,1.07,0.0,79.02,180.66
82.04,51.49,7.474,1526.69,0.04,1.06,0.0,79.02,180.65
82.1,51.58,7.491,1526.1,0.04,1.05,0.0,79.02,180.63
82.14,51.64,7.502,1525.7,0.04,1.04,0.0,79.02,180.62
82.2,51.73,7.519,1525.11,0.04,1.03,0.0,79.02,180.61
82.26,51.82,7.535,1524.52,0.04,1.02,0.0,79.02,180.59
82.3,51.88,7.547,1524.13,0.04,1.01,0.0,79.02,180.58
82.36,51.97,7.563,1523.54,0.04,1.0,0.0,79.02,180.56
82.4,52.03,7.575,1523.15,0.04,0.99,0.0,79.02,180.55
82.46,52.12,7.591,1522.56,0.04,0.98,0.0,79.02,180.53
82.5,52.18,7.603,1522.16,0.04,0.97,0.0,79.02,180.51
82.56,52.269,7.62,1521.58,0.04,0.96,0.0,79.02,180.49
82.6,52.329,7.631,1521.18,0.03,0.95,0.0,79.02,180.48
82.66,52.419,7.648,1520.6,0.03,0.94,0.0,79.02,180.46
82.7,52.478,7.659,1520.2,0.03,0.93,0.0,79.02,180.44
82.76,52.568,7.676,1519.61,0.03,0.92,0.0,79.02,180.42
82.82,52.658,7.692,1519.03,0.03,0.91,0.0,79.02,180.4
82.86,52.717,7.704,1518.64,0.03,0.9,0.0,79.02,180.38
82.92,52.807,7.721,1518.05,0.03,0.89,0.0,79.02,180.36
82.96,52.866,7.732,1517.66,0.03,0.88,0.0,79.02,180.34
83.02,52.956,7.749,1517.07,0.03,0.87,0.0,79.02,180.32
83.06,53.015,7.76,1516.68,0.03,0.87,0.0,79.02,180.3
83.12,53.105,7.777,1516.09,0.03,0.86,0.0,79.02,180.28
83.18,53.194,7.793,1515.5,0.03,0.85,0.0,79.02,180.26
83.22,53.254,7.805,1515.11,0.03,0.84,0.0,79.02,180.23
83.26,53.313,7.816,1514.72,0.03,0.83,0.0,79.02,180.22
83.32,53.403,7.833,1514.14,0.03,0.82,0.0,79.02,180.19
83.36,53.462,7.844,1513.74,0.03,0.82,0.0,79.02,180.17
83.42,53.551,7.861,1513.16,0.03,0.81,0.0,79.02,180.14
83.46,53.611,7.872,1512.77,0.03,0.8,0.0,79.02,180.13
83.52,53.7,7.889,1512.18,0.03,0.79,0.0,79.02,180.1
83.56,53.759,7.9,1511.79,0.03,0.79,0.0,79.02,180.08
83.62,53.848,7.917,1511.21,0.03,0.78,0.0,79.02,180.05
83.66,53.908,7.928,1510.82,0.03,0.77,0.0,79.02,180.03
83.72,53.997,7.945,1510.23,0.03,0.76,0.0,79.02,180.0
83.76,54.056,7.956,1509.84,0.03,0.76,0.0,79.02,179.98
83.82,54.145,7.973,1509.26,0.03,0.75,0.0,79.02,179.95
83.86,54.204,7.984,1508.87,0.03,0.74,0.0,79.02,179.93
83.92,54.293,8.001,1508.28,0.03,0.73,0.0,79.02,179.91
83.96,54.352,8.012,1507.89,0.03,0.73,0.0,79.02,179.89
84.02,54.441,8.029,1507.31,0.03,0.72,0.0,79.02,179.86
84.06,54.5,8.04,1506.92,0.03,0.71,0.0,79.02,179.83
84.12,54.589,8.057,1506.34,0.03,0.7,0.0,79.02,179.8
84.16,54.648,8.068,1505.95,0.03,0.7,0.0,79.02,179.78
84.22,54.737,8.085,1505.36,0.03,0.69,0.0,79.01,179.75
84.28,54.826,8.102,1504.78,0.03,0.68,0.0,79.01,179.72
84.32,54.885,8.113,1504.39,0.03,0.68,0.0,79.01,179.7
84.38,54.974,8.124,1503.81,0.03,0.67,0.0,79.01,179.68
84.42,55.033,8.135,1503.42,0.03,0.67,0.0,79.01,179.66
84.48,55.121,8.152,1502.84,0.03,0.66,0.0,79.01,179.63
84.52,55.18,8.163,1502.45,0.03,0.65,0.0,79.01,179.61
84.58,55.269,8.18,1501.87,0.03,0.65,0.0,79.01,179.58
84.62,55.328,8.191,1501.48,0.03,0.64,0.0,79.01,179.56
84.68,55.416,8.208,1500.89,0.03,0.63,0.0,79.01,179.52
84.72,55.475,8.219,1500.51,0.03,0.63,0.0,79.0,179.5
84.78,55.564,8.236,1499.92,0.03,0.62,0.0,79.0,179.47
84.82,55.622,8.247,1499.54,0.02,0.62,0.0,79.0,179.45
84.88,55.711,8.264,1498.95,0.02,0.61,0.0,79.0,179.42
84.92,55.77,8.275,1498.57,0.02,0.6,0.0,79.0,179.4
84.98,55.858,8.292,1497.98,0.02,0.6,0.0,79.0,179.37
85.02,55.917,8.303,1497.6,0.02,0.59,0.0,79.0,179.35
85.08,56.005,8.32,1497.02,0.02,0.59,0.0,78.99,179.31
85.12,56.064,8.331,1496.63,0.02,0.58,0.0,78.99,179.29
85.18,56.152,8.348,1496.05,0.02,0.58,0.0,78.99,179.26
85.22,56.211,8.359,1495.66,0.02,0.57,0.0,78.99,179.24
85.28,56.299,8.376,1495.08,0.02,0.56,0.0,78.99,179.21
85.32,56.358,8.387,1494.69,0.02,0.56,0.0,78.99,179.19
85.38,56.446,8.404,1494.11,0.02,0.55,0.0,78.99,179.16
85.42,56.504,8.415,1493.72,0.02,0.55,0.0,78.98,179.14
85.48,56.592,8.432,1493.14,0.02,0.54,0.0,78.98,179.11
85.54,56.68,8.449,1492.56,0.02,0.54,0.0,78.98,179.07
85.58,56.739,8.46,1492.18,0.02,0.53,0.0,78.98,179.05
85.62,56.797,8.471,1491.79,0.02,0.53,0.0,78.98,179.03
85.68,56.885,8.488,1491.21,0.02,0.52,0.0,78.97,179.0
85.74,56.973,8.505,1490.63,0.02,0.52,0.0,78.97,178.97
85.78,57.032,8.516,1490.24,0.02,0.51,0.0,78.97,178.95
85.84,57.119,8.533,1489.66,0.02,0.51,0.0,78.97,178.92
85.88,57.178,8.544,1489.28,0.02,0.5,0.0,78.97,178.9
85.92,57.236,8.555,1488.89,0.02,0.5,0.0,78.96,178.88
85.98,57.324,8.572,1488.31,0.02,0.49,0.0,78.96,178.85
86.04,57.412,8.589,1487.73,0.02,0.49,0.0,78.96,178.82
86.08,57.47,8.606,1487.35,0.02,0.48,0.0,78.96,178.79
86.12,57.529,8.617,1486.96,0.02,0.48,0.0,78.95,178.77
86.18,57.616,8.639,1486.38,0.02,0.48,0.0,78.95,178.74
86.24,57.704,8.651,1485.8,0.02,0.47,0.0,78.95,178.71
86.3,57.791,8.662,1485.22,0.02,0.46,0.0,78.95,178.69
86.34,57.849,8.673,1484.84,0.02,0.46,0.0,78.94,178.67
86.4,57.937,8.69,1484.26,0.02,0.46,0.0,78.94,178.64
86.44,57.995,8.701,1483.87,0.02,0.45,0.0,78.94,178.62
86.5,58.083,8.718,1483.29,0.02,0.45,0.0,78.94,178.59
86.54,58.141,8.729,1482.91,0.02,0.44,0.0,78.93,178.58
86.6,58.228,8.746,1482.33,0.02,0.44,0.0,78.93,178.55
86.64,58.286,8.757,1481.95,0.02,0.44,0.0,78.93,178.53
86.7,58.374,8.774,1481.37,0.02,0.43,0.0,78.92,178.5
86.74,58.432,8.785,1480.98,0.02,0.43,0.0,78.92,178.48
86.8,58.519,8.802,1480.4,0.02,0.42,0.0,78.92,178.45
86.84,58.577,8.813,1480.02,0.02,0.42,0.0,78.92,178.44
86.9,58.664,8.83,1479.44,0.02,0.41,0.0,78.91,178.41
86.94,58.722,8.841,1479.06,0.02,0.41,0.0,78.91,178.39
87.0,58.809,8.858,1478.48,0.02,0.41,0.0,78.91,178.36
87.04,58.867,8.869,1478.09,0.02,0.4,0.0,78.91,178.35
87.1,58.954,8.886,1477.52,0.02,0.4,0.0,78.9,178.32
87.14,59.012,8.897,1477.13,0.02,0.4,0.0,78.9,178.3
87.2,59.099,8.914,1476.55,0.02,0.39,0.0,78.9,178.28
87.24,59.157,8.925,1476.17,0.02,0.39,0.0,78.89,178.26
87.3,59.244,8.942,1475.59,0.02,0.38,0.0,78.89,178.24
87.34,59.302,8.953,1475.21,0.02,0.38,0.0,78.89,178.22
87.38,59.36,8.964,1474.82,0.02,0.38,0.0,78.88,178.2
87.44,59.447,8.981,1474.25,0.02,0.37,0.0,78.88,178.18
87.5,59.534,8.998,1473.67,0.02,0.37,0.0,78.88,178.15
87.54,59.592,9.009,1473.29,0.02,0.37,0.0,78.87,178.14
87.6,59.678,9.026,1472.71,0.02,0.36,0.0,78.87,178.11
87.64,59.736,9.037,1472.33,0.02,0.36,0.0,78.87,178.1
87.7,59.823,9.054,1471.75,0.02,0.36,0.0,78.86,178.07
87.74,59.88,9.065,1471.37,0.02,0.35,0.0,78.86,178.06
87.78,59.938,9.076,1470.98,0.02,0.35,0.0,78.86,178.04
87.78,59.996,9.087,1470.6,0.02,0.35,0.0,78.85,178.03
87.86,60.054,9.098,1470.21,0.02,0.34,0.0,78.85,178.01
87.92,60.14,9.115,1469.64,0.02,0.34,0.0,78.85,177.99
87.96,60.198,9.126,1469.25,0.02,0.34,0.0,78.84,177.97
88.02,60.284,9.143,1468.68,0.02,0.33,0.0,78.84,177.95
88.06,60.342,9.154,1468.29,0.02,0.33,0.0,78.84,177.94
88.12,60.428,9.171,1467.72,0.02,0.33,0.0,78.83,177.91
88.18,60.515,9.188,1467.14,0.02,0.32,0.0,78.83,177.89
88.22,60.572,9.199,1466.76,0.02,0.32,0.0,78.82,177.88
88.28,60.659,9.216,1466.18,0.02,0.32,0.0,78.82,177.86
88.32,60.716,9.227,1465.8,0.02,0.31,0.0,78.82,177.85
88.36,60.774,9.238,1465.42,0.02,0.31,0.0,78.81,177.83
88.42,60.86,9.255,1464.84,0.02,0.31,0.0,78.81,177.81
88.48,60.946,9.272,1464.27,0.02,0.31,0.0,78.8,177.79
88.52,61.004,9.283,1463.88,0.02,0.3,0.0,78.8,177.78
88.58,61.09,9.3,1463.31,0.01,0.3,0.0,78.8,177.76
88.62,61.147,9.311,1462.93,0.01,0.3,0.0,78.79,177.75
88.68,61.233,9.328,1462.35,0.01,0.29,0.0,78.79,177.73
88.72,61.291,9.339,1461.97,0.01,0.29,0.0,78.79,177.71
88.78,61.377,9.356,1461.39,0.01,0.29,0.0,78.78,177.7
88.82,61.434,9.367,1461.01,0.01,0.29,0.0,78.78,177.68
88.88,61.52,9.384,1460.44,0.01,0.28,0.0,78.77,177.67
88.92,61.578,9.395,1460.05,0.01,0.28,0.0,78.77,177.65
88.98,61.663,9.412,1459.48,0.01,0.28,0.0,78.76,177.64
89.02,61.721,9.423,1459.1,0.01,0.27,0.0,78.76,177.63
89.08,61.807,9.439,1458.52,0.01,0.27,0.0,78.76,177.61
89.12,61.864,9.451,1458.14,0.01,0.27,0.0,78.75,177.6
89.18,61.95,9.467,1457.56,0.01,0.27,0.0,78.75,177.58
89.22,62.007,9.479,1457.18,0.01,0.26,0.0,78.74,177.57
89.28,62.093,9.495,1456.61,0.01,0.26,0.0,78.74,177.55
89.34,62.178,9.512,1456.03,0.01,0.26,0.0,78.73,177.54
89.38,62.235,9.523,1455.65,0.01,0.26,0.0,78.73,177.53
89.42,62.293,9.535,1455.27,0.01,0.25,0.0,78.73,177.52
89.48,62.378,9.551,1454.7,0.01,0.25,0.0,78.72,177.5
89.52,62.435,9.562,1454.31,0.01,0.25,0.0,78.72,177.49
89.58,62.521,9.579,1453.74,0.01,0.25,0.0,78.71,177.48
89.64,62.606,9.596,1453.17,0.01,0.24,0.0,78.71,177.47
89.68,62.663,9.607,1452.78,0.01,0.24,0.0,78.71,177.46
89.74,62.749,9.624,1452.21,0.01,0.24,0.0,78.7,177.44
89.78,62.806,9.635,1451.83,0.01,0.24,0.0,78.7,177.43
89.82,62.863,9.646,1451.45,0.01,0.23,0.0,78.69,177.42
89.88,62.948,9.663,1450.87,0.01,0.23,0.0,78.69,177.41
89.94,63.034,9.68,1450.3,0.01,0.23,0.0,78.68,177.4
89.98,63.09,9.691,1449.92,0.01,0.23,0.0,78.68,177.39
90.04,63.176,9.708,1449.35,0.01,0.22,0.0,78.67,177.38
90.08,63.233,9.719,1448.96,0.01,0.22,0.0,78.67,177.37
90.12,63.289,9.73,1448.58,0.01,0.22,0.0,78.67,177.36
90.18,63.375,9.747,1448.01,0.01,0.22,0.0,78.66,177.35
90.24,63.46,9.764,1447.44,0.01,0.22,0.0,78.65,177.34
90.28,63.517,9.775,1447.06,0.01,0.21,0.0,78.65,177.33
90.34,63.602,9.792,1446.48,0.01,0.21,0.0,78.65,177.32
90.38,63.658,9.808,1446.1,0.01,0.21,0.0,78.64,177.31
90.44,63.744,9.825,1445.53,0.01,0.21,0.0,78.63,177.3
90.48,63.8,9.836,1445.15,0.01,0.21,0.0,78.63,177.29
90.54,63.885,9.853,1444.58,0.01,0.2,0.0,78.62,177.28
90.58,63.942,9.864,1444.19,0.01,0.2,0.0,78.62,177.28
90.64,64.027,9.881,1443.62,0.01,0.2,0.0,78.62,177.27
90.68,64.083,9.892,1443.24,0.01,0.2,0.0,78.61,177.26
90.74,64.168,9.909,1442.67,0.01,0.2,0.0,78.61,177.25
90.78,64.225,9.92,1442.29,0.01,0.19,0.0,78.6,177.24
90.84,64.31,9.937,1441.72,0.01,0.19,0.0,78.6,177.24
90.88,64.366,9.948,1441.33,0.01,0.19,0.0,78.59,177.23
90.94,64.451,9.965,1440.76,0.01,0.19,0.0,78.59,177.22
90.98,64.508,9.976,1440.38,0.01,0.19,0.0,78.58,177.22
91.04,64.592,9.993,1439.81,0.01,0.18,0.0,78.58,177.21
91.08,64.649,10.004,1439.43,0.01,0.18,0.0,78.57,177.2
91.14,64.734,10.015,1438.86,0.01,0.18,0.0,78.57,177.2
91.2,64.818,10.032,1438.29,0.01,0.18,0.0,78.56,177.19
91.24,64.875,10.043,1437.9,0.01,0.18,0.0,78.56,177.19
91.28,64.931,10.054,1437.52,0.01,0.18,0.0,78.56,177.18
91.34,65.015,10.071,1436.95,0.01,0.17,0.0,78.55,177.17
91.38,65.072,10.082,1436.57,0.01,0.17,0.0,78.55,177.17
91.44,65.156,10.099,1436.0,0.01,0.17,0.0,78.54,177.16
91.5,65.241,10.116,1435.43,0.01,0.17,0.0,78.53,177.16
91.54,65.297,10.127,1435.05,0.01,0.17,0.0,78.53,177.15
91.6,65.381,10.143,1434.48,0.01,0.16,0.0,78.52,177.15
91.64,65.438,10.155,1434.1,0.01,0.16,0.0,78.52,177.14
91.68,65.494,10.166,1433.72,0.01,0.16,0.0,78.52,177.14
91.74,65.578,10.183,1433.15,0.01,0.16,0.0,78.51,177.13
91.8,65.663,10.199,1432.58,0.01,0.16,0.0,78.5,177.13
91.84,65.719,10.21,1432.19,0.01,0.16,0.0,78.5,177.13
91.9,65.803,10.227,1431.62,0.01,0.15,0.0,78.49,177.12
91.94,65.859,10.238,1431.24,0.01,0.15,0.0,78.49,177.12
92.0,65.943,10.255,1430.67,0.01,0.15,0.0,78.48,177.11
92.04,65.999,10.266,1430.29,0.01,0.15,0.0,78.48,177.11
92.1,66.083,10.283,1429.72,0.01,0.15,0.0,78.47,177.11
92.14,66.139,10.294,1429.34,0.01,0.15,0.0,78.47,177.1
92.2,66.224,10.311,1428.77,0.01,0.14,0.0,78.46,177.1
92.24,66.28,10.322,1428.39,0.01,0.14,0.0,78.46,177.1
92.3,66.364,10.339,1427.82,0.01,0.14,0.0,78.45,177.1
92.34,66.42,10.35,1427.44,0.01,0.14,0.0,78.45,177.09
92.4,66.503,10.367,1426.87,0.01,0.14,0.0,78.44,177.09
92.44,66.559,10.378,1426.49,0.01,0.14,0.0,78.44,177.09
92.5,66.643,10.395,1425.92,0.01,0.14,0.0,78.43,177.09
92.54,66.699,10.406,1425.54,0.01,0.14,0.0,78.43,177.08
92.6,66.783,10.423,1424.97,0.01,0.13,0.0,78.42,177.08
92.66,66.867,10.439,1424.4,0.01,0.13,0.0,78.42,177.08
92.7,66.923,10.451,1424.02,0.01,0.13,0.0,78.41,177.08
92.74,66.978,10.462,1423.64,0.01,0.13,0.0,78.41,177.08
92.8,67.062,10.478,1423.07,0.01,0.13,0.0,78.4,177.07
92.86,67.146,10.495,1422.5,0.01,0.13,0.0,78.4,177.07
92.9,67.202,10.506,1422.12,0.01,0.13,0.0,78.39,177.07
92.96,67.285,10.523,1421.55,0.01,0.12,0.0,78.39,177.07
93.0,67.341,10.534,1421.17,0.01,0.12,0.0,78.38,177.07
93.04,67.397,10.545,1420.79,0.01,0.12,0.0,78.38,177.07
93.1,67.48,10.562,1420.23,0.01,0.12,0.0,78.37,177.07
93.16,67.564,10.579,1419.66,0.01,0.12,0.0,78.37,177.07
93.2,67.619,10.59,1419.28,0.01,0.12,0.0,78.36,177.07
93.26,67.703,10.607,1418.71,0.01,0.12,0.0,78.36,177.07
93.3,67.758,10.618,1418.33,0.01,0.12,0.0,78.35,177.07
93.36,67.842,10.635,1417.76,0.01,0.11,0.0,78.35,177.07
93.4,67.897,10.646,1417.38,0.01,0.11,0.0,78.34,177.07
93.46,67.981,10.663,1416.81,0.01,0.11,0.0,78.34,177.07
93.5,68.036,10.674,1416.43,0.01,0.11,0.0,78.33,177.07
93.56,68.119,10.69,1415.86,0.01,0.11,0.0,78.33,177.07
93.6,68.175,10.702,1415.48,0.01,0.11,0.0,78.32,177.07
93.66,68.258,10.718,1414.91,0.01,0.11,0.0,78.32,177.07
93.7,68.313,10.73,1414.53,0.01,0.11,0.0,78.31,177.07
93.76,68.397,10.746,1413.97,0.01,0.1,0.0,78.3,177.07
93.8,68.452,10.757,1413.59,0.01,0.1,0.0,78.3,177.07
93.86,68.535,10.774,1413.02,0.01,0.1,0.0,78.29,177.07
93.92,68.618,10.791,1412.45,0.01,0.1,0.0,78.29,177.07
93.96,68.674,10.802,1412.07,0.01,0.1,0.0,78.28,177.07
94.0,68.729,10.813,1411.69,0.01,0.1,0.0,78.28,177.08
94.06,68.812,10.83,1411.12,0.01,0.1,0.0,78.27,177.08
94.1,68.867,10.841,1410.74,0.01,0.1,0.0,78.27,177.08
94.16,68.95,10.858,1410.18,0.01,0.1,0.0,78.26,177.08
94.2,69.005,10.869,1409.8,0.01,0.09,0.0,78.26,177.08
94.26,69.088,10.886,1409.23,0.01,0.09,0.0,78.25,177.08
94.32,69.171,10.902,1408.66,0.01,0.09,0.0,78.25,177.09
94.36,69.226,10.914,1408.28,0.01,0.09,0.0,78.24,177.09
94.4,69.281,10.925,1407.9,0.01,0.09,0.0,78.24,177.09
94.46,69.364,10.941,1407.34,0.01,0.09,0.0,78.23,177.09
94.5,69.419,10.953,1406.96,0.01,0.09,0.0,78.23,177.09
94.56,69.502,10.969,1406.39,0.01,0.09,0.0,78.22,177.1
94.62,69.585,10.986,1405.82,0.01,0.09,0.0,78.21,177.1
94.66,69.64,10.997,1405.44,0.01,0.09,0.0,78.21,177.1
94.72,69.722,11.014,1404.88,0.01,0.08,0.0,78.2,177.1
94.76,69.777,11.025,1404.5,0.01,0.08,0.0,78.2,177.11
94.8,69.832,11.036,1404.12,0.01,0.08,0.0,78.2,177.11
94.86,69.915,11.053,1403.55,0.01,0.08,0.0,78.19,177.11
94.92,69.997,11.07,1402.98,0.01,0.08,0.0,78.18,177.12
94.96,70.052,11.081,1402.6,0.01,0.08,0.0,78.18,177.12
95.02,70.135,11.098,1402.04,0.01,0.08,0.0,78.17,177.12
95.06,70.19,11.109,1401.66,0.01,0.08,0.0,78.17,177.12
95.12,70.272,11.125,1401.09,0.01,0.08,0.0,78.16,177.13
95.16,70.327,11.142,1400.71,0.01,0.08,0.0,78.16,177.13
95.22,70.409,11.159,1400.15,0.01,0.08,0.0,78.15,177.14
95.26,70.464,11.17,1399.77,0.01,0.08,0.0,78.15,177.14
95.32,70.546,11.187,1399.2,0.01,0.07,0.0,78.14,177.14
95.36,70.601,11.198,1398.82,0.01,0.07,0.0,78.14,177.15
95.42,70.683,11.215,1398.26,0.01,0.07,0.0,78.13,177.15
95.46,70.738,11.226,1397.88,0.01,0.07,0.0,78.12,177.15
95.52,70.82,11.243,1397.31,0.01,0.07,0.0,78.12,177.16
95.56,70.875,11.254,1396.93,0.01,0.07,0.0,78.12,177.16
95.62,70.957,11.27,1396.37,0.01,0.07,0.0,78.11,177.17
95.66,71.012,11.282,1395.99,0.01,0.07,0.0,78.11,177.17
95.72,71.094,11.298,1395.42,0.01,0.07,0.0,78.1,177.17
95.76,71.148,11.309,1395.04,0.01,0.07,0.0,78.1,177.18
95.82,71.23,11.326,1394.48,0.01,0.07,0.0,78.09,177.18
95.86,71.285,11.332,1394.1,0.01,0.07,0.0,78.08,177.18
95.92,71.367,11.348,1393.53,0.01,0.07,0.0,78.08,177.19
95.98,71.449,11.365,1392.96,0.01,0.06,0.0,78.07,177.19
96.02,71.503,11.376,1392.59,0.01,0.06,0.0,78.07,177.2
96.08,71.585,11.393,1392.02,0.01,0.06,0.0,78.06,177.2
96.12,71.639,11.404,1391.64,0.01,0.06,0.0,78.06,177.21
96.16,71.694,11.415,1391.26,0.01,0.06,0.0,78.05,177.21
96.22,71.776,11.432,1390.7,0.01,0.06,0.0,78.05,177.22
96.26,71.83,11.443,1390.32,0.01,0.06,0.0,78.04,177.22
96.32,71.912,11.46,1389.75,0.01,0.06,0.0,78.04,177.23
96.36,71.966,11.471,1389.38,0.01,0.06,0.0,78.03,177.23
96.42,72.048,11.488,1388.81,0.01,0.06,0.0,78.03,177.24
96.46,72.102,11.499,1388.43,0.01,0.06,0.0,78.02,177.24
96.52,72.184,11.516,1387.87,0.01,0.06,0.0,78.02,177.25
96.58,72.265,11.532,1387.3,0.01,0.06,0.0,78.01,177.25
96.62,72.32,11.544,1386.92,0.01,0.06,0.0,78.0,177.26
96.68,72.401,11.56,1386.36,0.01,0.06,0.0,78.0,177.26
96.72,72.455,11.571,1385.98,0.01,0.05,0.0,77.99,177.27
96.78,72.537,11.588,1385.41,0.01,0.05,0.0,77.99,177.27
96.82,72.591,11.599,1385.04,0.01,0.05,0.0,77.98,177.28
96.88,72.672,11.616,1384.47,0.01,0.05,0.0,77.98,177.28
96.92,72.727,11.627,1384.09,0.01,0.05,0.0,77.97,177.29
96.98,72.808,11.644,1383.53,0.01,0.05,0.0,77.97,177.3
97.02,72.862,11.655,1383.15,0.01,0.05,0.0,77.96,177.3
97.08,72.943,11.672,1382.58,0.01,0.05,0.0,77.96,177.31
97.12,72.997,11.683,1382.21,0.01,0.05,0.0,77.95,177.31
97.18,73.079,11.7,1381.64,0.0,0.05,0.0,77.95,177.32
97.22,73.133,11.711,1381.26,0.0,0.05,0.0,77.94,177.32
97.28,73.214,11.727,1380.7,0.0,0.05,0.0,77.94,177.33
97.32,73.268,11.739,1380.32,0.0,0.05,0.0,77.93,177.33
97.38,73.349,11.755,1379.75,0.0,0.05,0.0,77.92,177.34
97.44,73.43,11.772,1379.19,0.0,0.05,0.0,77.92,177.35
97.48,73.484,11.783,1378.81,0.0,0.05,0.0,77.91,177.35
97.52,73.538,11.794,1378.44,0.0,0.05,0.0,77.91,177.36
97.58,73.619,11.811,1377.87,0.0,0.05,0.0,77.9,177.37
97.62,73.673,11.822,1377.49,0.0,0.05,0.0,77.9,177.37
97.68,73.754,11.839,1376.93,0.0,0.04,0.0,77.89,177.38
97.72,73.807,11.85,1376.55,0.0,0.04,0.0,77.89,177.38
97.78,73.888,11.867,1375.98,0.0,0.04,0.0,77.88,177.39
97.84,73.969,11.883,1375.42,0.0,0.04,0.0,77.88,177.4
97.88,74.023,11.894,1375.04,0.0,0.04,0.0,77.87,177.4
97.94,74.104,11.911,1374.48,0.0,0.04,0.0,77.87,177.41
97.98,74.157,11.922,1374.1,0.0,0.04,0.0,77.86,177.42
98.04,74.238,11.939,1373.54,0.0,0.04,0.0,77.86,177.42
98.08,74.292,11.95,1373.16,0.0,0.04,0.0,77.85,177.43
98.12,74.346,11.961,1372.78,0.0,0.04,0.0,77.85,177.43
98.18,74.426,11.978,1372.22,0.0,0.04,0.0,77.84,177.44
98.24,74.507,11.995,1371.65,0.0,0.04,0.0,77.83,177.45
98.28,74.56,12.006,1371.27,0.0,0.04,0.0,77.83,177.45
98.34,74.641,12.023,1370.71,0.0,0.04,0.0,77.82,177.46
98.38,74.695,12.034,1370.33,0.0,0.04,0.0,77.82,177.47
98.44,74.775,12.05,1369.77,0.0,0.04,0.0,77.81,177.48
98.48,74.829,12.062,1369.39,0.0,0.04,0.0,77.81,177.48
98.54,74.909,12.078,1368.83,0.0,0.04,0.0,77.8,177.49
98.58,74.963,12.089,1368.45,0.0,0.04,0.0,77.8,177.5
98.64,75.043,12.106,1367.89,0.0,0.04,0.0,77.79,177.5
98.68,75.096,12.117,1367.51,0.0,0.04,0.0,77.79,177.51
98.74,75.177,12.134,1366.94,0.0,0.04,0.0,77.78,177.52
98.78,75.23,12.145,1366.57,0.0,0.04,0.0,77.78,177.52
98.84,75.31,12.162,1366.0,0.0,0.03,0.0,77.77,177.53
98.9,75.391,12.178,1365.44,0.0,0.03,0.0,77.77,177.54
98.94,75.444,12.19,1365.06,0.0,0.03,0.0,77.76,177.54
98.98,75.497,12.201,1364.69,0.0,0.03,0.0,77.76,177.55
99.04,75.578,12.217,1364.12,0.0,0.03,0.0,77.75,177.56
99.08,75.631,12.229,1363.74,0.0,0.03,0.0,77.75,177.56
99.14,75.711,12.245,1363.18,0.0,0.03,0.0,77.74,177.57
99.18,75.764,12.256,1362.8,0.0,0.03,0.0,77.74,177.58
99.24,75.844,12.273,1362.24,0.0,0.03,0.0,77.73,177.59
99.3,75.924,12.29,1361.67,0.0,0.03,0.0,77.72,177.6
99.34,75.978,12.301,1361.3,0.0,0.03,0.0,77.72,177.6
99.4,76.057,12.318,1360.73,0.0,0.03,0.0,77.71,177.61
99.44,76.111,12.329,1360.36,0.0,0.03,0.0,77.71,177.62
99.5,76.19,12.345,1359.79,0.0,0.03,0.0,77.7,177.62
99.54,76.244,12.357,1359.42,0.0,0.03,0.0,77.7,177.63
99.58,76.297,12.368,1359.04,0.0,0.03,0.0,77.69,177.64
99.64,76.377,12.384,1358.48,0.0,0.03,0.0,77.69,177.64
99.7,76.456,12.401,1357.91,0.0,0.03,0.0,77.68,177.65
99.74,76.509,12.412,1357.54,0.0,0.03,0.0,77.68,177.66
99.8,76.589,12.429,1356.97,0.0,0.03,0.0,77.67,177.67
99.84,76.642,12.44,1356.6,0.0,0.03,0.0,77.67,177.67
99.9,76.722,12.457,1356.03,0.0,0.03,0.0,77.66,177.68
99.94,76.775,12.468,1355.66,0.0,0.03,0.0,77.66,177.69
100.0,76.854,12.485,1355.09,0.0,0.03,0.0,77.65,177.7
100.04,76.907,12.496,1354.72,0.0,0.03,0.0,77.65,177.7
100.1,76.987,12.512,1354.15,0.0,0.03,0.0,77.64,177.71
100.14,77.04,12.524,1353.78,0.0,0.03,0.0,77.64,177.72
100.2,77.119,12.54,1353.21,0.0,0.03,0.0,77.63,177.73
100.26,77.199,12.557,1352.65,0.0,0.03,0.0,77.62,177.74
100.3,77.252,12.568,1352.27,0.0,0.03,0.0,77.62,177.74
100.36,77.331,12.585,1351.71,0.0,0.02,0.0,77.61,177.75
100.4,77.384,12.596,1351.33,0.0,0.02,0.0,77.61,177.76
100.44,77.437,12.607,1350.96,0.0,0.02,0.0,77.61,177.76
100.5,77.516,12.624,1350.39,0.0,0.02,0.0,77.6,177.77
100.54,77.569,12.635,1350.02,0.0,0.02,0.0,77.6,177.78
100.6,77.648,12.652,1349.45,0.0,0.02,0.0,77.59,177.79
100.66,77.727,12.668,1348.89,0.0,0.02,0.0,77.58,177.8
100.7,77.78,12.679,1348.52,0.0,0.02,0.0,77.58,177.8
100.76,77.859,12.696,1347.95,0.0,0.02,0.0,77.57,177.81
100.8,77.912,12.707,1347.58,0.0,0.02,0.0,77.57,177.82
100.86,77.991,12.724,1347.01,0.0,0.02,0.0,77.56,177.83
100.9,78.043,12.735,1346.64,0.0,0.02,0.0,77.56,177.84
100.94,78.096,12.746,1346.26,0.0,0.02,0.0,77.55,177.84
101.0,78.175,12.763,1345.7,0.0,0.02,0.0,77.55,177.85
101.04,78.228,12.774,1345.32,0.0,0.02,0.0,77.54,177.86
101.1,78.307,12.791,1344.76,0.0,0.02,0.0,77.54,177.87
101.16,78.385,12.807,1344.2,0.0,0.02,0.0,77.53,177.88
101.2,78.438,12.818,1343.82,0.0,0.02,0.0,77.53,177.88
101.26,78.517,12.835,1343.26,0.0,0.02,0.0,77.52,177.89
101.3,78.569,12.846,1342.88,0.0,0.02,0.0,77.52,177.9
101.36,78.648,12.863,1342.32,0.0,0.02,0.0,77.51,177.91
101.4,78.701,12.874,1341.94,0.0,0.02,0.0,77.51,177.91
101.46,78.779,12.891,1341.38,0.0,0.02,0.0,77.5,177.92
101.5,78.832,12.902,1341.0,0.0,0.02,0.0,77.5,177.93
101.56,78.91,12.919,1340.44,0.0,0.02,0.0,77.49,177.94
101.6,78.963,12.93,1340.07,0.0,0.02,0.0,77.49,177.94
101.66,79.041,12.946,1339.5,0.0,0.02,0.0,77.48,177.95
101.7,79.094,12.957,1339.13,0.0,0.02,0.0,77.48,177.96
101.76,79.172,12.974,1338.57,0.0,0.02,0.0,77.47,177.97
101.8,79.225,12.985,1338.19,0.0,0.02,0.0,77.47,177.98
101.86,79.303,13.002,1337.63,0.0,0.02,0.0,77.46,177.99
101.9,79.355,13.013,1337.25,0.0,0.02,0.0,77.45,177.99
101.96,79.434,13.03,1336.69,0.0,0.02,0.0,77.45,178.0
102.02,79.512,13.046,1336.13,0.0,0.02,0.0,77.44,178.01
102.06,79.564,13.058,1335.75,0.0,0.02,0.0,77.44,178.02
102.1,79.617,13.069,1335.38,0.0,0.02,0.0,77.43,178.02
102.16,79.695,13.085,1334.81,0.0,0.02,0.0,77.43,178.03
102.2,79.747,13.096,1334.44,0.0,0.02,0.0,77.42,178.04
102.26,79.825,13.113,1333.88,0.0,0.02,0.0,77.42,178.05
102.32,79.904,13.13,1333.31,0.0,0.02,0.0,77.41,178.06
102.36,79.956,13.141,1332.94,0.0,0.02,0.0,77.41,178.07
102.4,80.008,13.152,1332.56,0.0,0.02,0.0,77.4,178.07
102.46,80.086,13.169,1332.0,0.0,0.02,0.0,77.4,178.08
102.5,80.138,13.18,1331.63,0.0,0.02,0.0,77.39,178.09
102.56,80.216,13.197,1331.06,0.0,0.02,0.0,77.39,178.1
102.62,80.294,13.213,1330.5,0.0,0.02,0.0,77.38,178.11
102.66,80.346,13.224,1330.13,0.0,0.02,0.0,77.38,178.11
102.72,80.424,13.241,1329.56,0.0,0.02,0.0,77.37,178.12
102.76,80.476,13.252,1329.19,0.0,0.01,0.0,77.37,178.13
102.82,80.554,13.269,1328.63,0.0,0.01,0.0,77.36,178.14
102.86,80.606,13.28,1328.25,0.0,0.01,0.0,77.36,178.15
102.92,80.684,13.297,1327.69,0.0,0.01,0.0,77.35,178.16
102.96,80.736,13.308,1327.31,0.0,0.01,0.0,77.35,178.16
103.02,80.813,13.324,1326.75,0.0,0.01,0.0,77.34,178.17
103.06,80.865,13.335,1326.38,0.0,0.01,0.0,77.34,178.18
103.12,80.943,13.352,1325.81,0.0,0.01,0.0,77.33,178.19
103.16,80.995,13.363,1325.44,0.0,0.01,0.0,77.33,178.19
103.22,81.072,13.38,1324.88,0.0,0.01,0.0,77.32,178.2
103.26,81.124,13.391,1324.5,0.0,0.01,0.0,77.32,178.21
103.32,81.202,13.408,1323.94,0.0,0.01,0.0,77.31,178.22
103.36,81.254,13.419,1323.57,0.0,0.01,0.0,77.31,178.23
103.42,81.331,13.436,1323.0,0.0,0.01,0.0,77.3,178.24
103.48,81.409,13.452,1322.44,0.0,0.01,0.0,77.29,178.25
103.52,81.46,13.463,1322.07,0.0,0.01,0.0,77.29,178.25
103.56,81.512,13.474,1321.69,0.0,0.01,0.0,77.28,178.26
103.62,81.59,13.491,1321.13,0.0,0.01,0.0,77.28,178.27
103.66,81.641,13.502,1320.76,0.0,0.01,0.0,77.27,178.28
103.72,81.719,13.519,1320.2,0.0,0.01,0.0,77.27,178.29
103.76,81.77,13.53,1319.82,0.0,0.01,0.0,77.26,178.29
103.82,81.847,13.547,1319.26,0.0,0.01,0.0,77.26,178.3
103.88,81.925,13.563,1318.7,0.0,0.01,0.0,77.25,178.31
103.92,81.976,13.574,1318.32,0.0,0.01,0.0,77.25,178.32
103.96,82.028,13.586,1317.95,0.0,0.01,0.0,77.24,178.32
104.02,82.105,13.602,1317.39,0.0,0.01,0.0,77.24,178.33
104.06,82.157,13.613,1317.01,0.0,0.01,0.0,77.23,178.34
104.12,82.234,13.63,1316.45,0.0,0.01,0.0,77.23,178.35
104.18,82.311,13.647,1315.89,0.0,0.01,0.0,77.22,178.36
104.22,82.362,13.658,1315.51,0.0,0.01,0.0,77.22,178.37
104.26,82.414,13.669,1315.14,0.0,0.01,0.0,77.21,178.37
104.32,82.491,13.686,1314.58,0.0,0.01,0.0,77.21,178.38
104.38,82.568,13.702,1314.02,0.0,0.01,0.0,77.2,178.39
104.42,82.619,13.713,1313.64,0.0,0.01,0.0,77.2,178.4
104.48,82.696,13.73,1313.08,0.0,0.01,0.0,77.19,178.41
104.52,82.747,13.741,1312.71,0.0,0.01,0.0,77.19,178.42
104.56,82.799,13.752,1312.33,0.0,0.01,0.0,77.18,178.42
104.62,82.875,13.769,1311.77,0.0,0.01,0.0,77.18,178.43
104.68,82.952,13.786,1311.21,0.0,0.01,0.0,77.17,178.44
104.72,83.004,13.797,1310.84,0.0,0.01,0.0,77.17,178.45
104.78,83.08,13.813,1310.28,0.0,0.01,0.0,77.16,178.46
104.82,83.131,13.824,1309.9,0.0,0.01,0.0,77.16,178.47
104.88,83.208,13.841,1309.34,0.0,0.01,0.0,77.15,178.48
104.92,83.259,13.852,1308.97,0.0,0.01,0.0,77.15,178.48
104.98,83.336,13.869,1308.41,0.0,0.01,0.0,77.14,178.49
105.04,83.413,13.886,1307.84,0.0,0.01,0.0,77.13,178.5
105.08,83.464,13.897,1307.47,0.0,0.01,0.0,77.13,178.51
105.12,83.515,13.908,1307.1,0.0,0.01,0.0,77.13,178.51
105.18,83.591,13.924,1306.54,0.0,0.01,0.0,77.12,178.52
105.22,83.642,13.936,1306.16,0.0,0.01,0.0,77.12,178.53
105.28,83.719,13.952,1305.6,0.0,0.01,0.0,77.11,178.54
105.32,83.77,13.963,1305.23,0.0,0.01,0.0,77.11,178.55
105.38,83.846,13.98,1304.67,0.0,0.01,0.0,77.1,178.56
105.42,83.897,13.991,1304.29,0.0,0.01,0.0,77.1,178.56
105.48,83.974,14.008,1303.73,0.0,0.01,0.0,77.09,178.57
105.52,84.025,14.019,1303.36,0.0,0.01,0.0,77.09,178.58
105.58,84.101,14.036,1302.8,0.0,0.01,0.0,77.08,178.59
105.64,84.177,14.052,1302.24,0.0,0.01,0.0,77.07,178.6
105.68,84.228,14.063,1301.86,0.0,0.01,0.0,77.07,178.61
105.74,84.304,14.08,1301.3,0.0,0.01,0.0,77.06,178.62
105.78,84.355,14.091,1300.93,0.0,0.01,0.0,77.06,178.62
105.82,84.406,14.102,1300.55,0.0,0.01,0.0,77.05,178.63
105.88,84.482,14.119,1299.99,0.0,0.01,0.0,77.05,178.64
105.94,84.558,14.135,1299.43,0.0,0.01,0.0,77.04,178.65
105.98,84.609,14.147,1299.06,0.0,0.01,0.0,77.04,178.65
106.04,84.685,14.163,1298.5,0.0,0.01,0.0,77.03,178.66
106.08,84.736,14.174,1298.12,0.0,0.01,0.0,77.03,178.67
106.14,84.812,14.191,1297.56,0.0,0.01,0.0,77.02,178.68
106.18,84.862,14.202,1297.19,0.0,0.01,0.0,77.02,178.69
106.24,84.938,14.219,1296.63,0.0,0.01,0.0,77.01,178.7
106.28,84.989,14.23,1296.26,0.0,0.01,0.0,77.01,178.7
106.34,85.065,14.247,1295.7,0.0,0.01,0.0,77.0,178.71
106.38,85.115,14.258,1295.32,0.0,0.01,0.0,77.0,178.72
106.44,85.191,14.274,1294.76,0.0,0.01,0.0,76.99,178.73
106.48,85.242,14.285,1294.39,0.0,0.01,0.0,76.99,178.74
106.54,85.318,14.302,1293.83,0.0,0.01,0.0,76.98,178.75
106.58,85.368,14.313,1293.46,0.0,0.01,0.0,76.98,178.75
106.64,85.444,14.33,1292.89,0.0,0.01,0.0,76.97,178.76
106.68,85.494,14.341,1292.52,0.0,0.01,0.0,76.97,178.77
106.74,85.57,14.358,1291.96,0.0,0.01,0.0,76.96,178.78
106.8,85.646,14.374,1291.4,0.0,0.01,0.0,76.96,178.79
106.84,85.696,14.385,1291.03,0.0,0.01,0.0,76.95,178.79
106.88,85.746,14.396,1290.65,0.0,0.01,0.0,76.95,178.8
106.94,85.822,14.413,1290.09,0.0,0.01,0.0,76.94,178.81
106.98,85.872,14.424,1289.72,0.0,0.01,0.0,76.94,178.82
107.04,85.948,14.441,1289.16,0.0,0.01,0.0,76.93,178.83
107.08,85.998,14.452,1288.79,0.0,0.01,0.0,76.93,178.83
107.14,86.074,14.469,1288.23,0.0,0.01,0.0,76.92,178.84
107.18,86.124,14.48,1287.85,0.0,0.01,0.0,76.92,178.85
107.24,86.199,14.496,1287.3,0.0,0.01,0.0,76.91,178.86
107.3,86.275,14.513,1286.74,0.0,0.01,0.0,76.91,178.87
107.34,86.325,14.524,1286.36,0.0,0.01,0.0,76.9,178.88
107.38,86.375,14.535,1285.99,0.0,0.01,0.0,76.9,178.88
107.44,86.45,14.552,1285.43,0.0,0.01,0.0,76.89,178.89
107.5,86.525,14.568,1284.87,0.0,0.01,0.0,76.89,178.9
107.54,86.576,14.58,1284.5,0.0,0.01,0.0,76.88,178.91
107.6,86.651,14.596,1283.94,0.0,0.01,0.0,76.88,178.92
107.64,86.701,14.607,1283.56,0.0,0.01,0.0,76.87,178.92
107.7,86.776,14.624,1283.0,0.0,0.01,0.0,76.87,178.93
107.74,86.826,14.635,1282.63,0.0,0.0,0.0,76.86,178.94
107.8,86.901,14.652,1282.07,0.0,0.0,0.0,76.86,178.95
107.86,86.976,14.668,1281.51,0.0,0.0,0.0,76.85,178.96
107.9,87.026,14.679,1281.14,0.0,0.0,0.0,76.85,178.97
107.94,87.076,14.691,1280.77,0.0,0.0,0.0,76.84,178.97
108.0,87.151,14.707,1280.21,0.0,0.0,0.0,76.84,178.98
108.04,87.201,14.718,1279.83,0.0,0.0,0.0,76.83,178.99
108.1,87.276,14.735,1279.27,0.0,0.0,0.0,76.82,179.0
108.14,87.326,14.746,1278.9,0.0,0.0,0.0,76.82,179.01
108.2,87.401,14.763,1278.34,0.0,0.0,0.0,76.81,179.01
108.24,87.451,14.774,1277.97,0.0,0.0,0.0,76.81,179.02
108.3,87.525,14.79,1277.41,0.0,0.0,0.0,76.8,179.03
108.36,87.6,14.807,1276.85,0.0,0.0,0.0,76.8,179.04
108.4,87.65,14.818,1276.48,0.0,0.0,0.0,76.79,179.05
108.44,87.7,14.829,1276.1,0.0,0.0,0.0,76.79,179.05
108.5,87.774,14.846,1275.55,0.0,0.0,0.0,76.78,179.06
108.54,87.824,14.857,1275.17,0.0,0.0,0.0,76.78,179.07
108.6,87.899,14.874,1274.61,0.0,0.0,0.0,76.77,179.08
108.64,87.948,14.885,1274.24,0.0,0.0,0.0,76.77,179.09
108.7,88.023,14.901,1273.68,0.0,0.0,0.0,76.76,179.09
108.74,88.073,14.912,1273.31,0.0,0.0,0.0,76.76,179.1
108.8,88.147,14.929,1272.75,0.0,0.0,0.0,76.75,179.11
108.86,88.222,14.946,1272.19,0.0,0.0,0.0,76.75,179.12
108.9,88.271,14.957,1271.82,0.0,0.0,0.0,76.74,179.13
108.96,88.346,14.973,1271.26,0.0,0.0,0.0,76.74,179.14
109.0,88.395,14.985,1270.89,0.0,0.0,0.0,76.73,179.14
109.06,88.469,15.001,1270.33,0.0,0.0,0.0,76.73,179.15
109.1,88.519,15.012,1269.96,0.0,0.0,0.0,76.72,179.16
109.16,88.593,15.029,1269.4,0.0,0.0,0.0,76.72,179.17
109.2,88.643,15.04,1269.02,0.0,0.0,0.0,76.71,179.17
109.24,88.692,15.051,1268.65,0.0,0.0,0.0,76.71,179.18
109.3,88.766,15.068,1268.09,0.0,0.0,0.0,76.7,179.19
109.36,88.841,15.084,1267.53,0.0,0.0,0.0,76.7,179.2
109.4,88.89,15.095,1267.16,0.0,0.0,0.0,76.69,179.21
109.46,88.964,15.112,1266.6,0.0,0.0,0.0,76.69,179.22
109.5,89.014,15.123,1266.23,0.0,0.0,0.0,76.68,179.22
109.56,89.088,15.14,1265.67,0.0,0.0,0.0,76.68,179.23
109.6,89.137,15.151,1265.3,0.0,0.0,0.0,76.67,179.24
109.66,89.211,15.168,1264.74,0.0,0.0,0.0,76.67,179.25
109.72,89.285,15.184,1264.18,0.0,0.0,0.0,76.66,179.26
109.76,89.334,15.195,1263.81,0.0,0.0,0.0,76.66,179.26
109.8,89.384,15.206,1263.44,0.0,0.0,0.0,76.65,179.27
109.86,89.457,15.223,1262.88,0.0,0.0,0.0,76.65,179.28
109.9,89.507,15.234,1262.51,0.0,0.0,0.0,76.64,179.29
109.96,89.58,15.251,1261.95,0.0,0.0,0.0,76.64,179.29
110.0,89.63,15.262,1261.58,0.0,0.0,0.0,76.63,179.3
110.06,89.703,15.278,1261.02,0.0,0.0,0.0,76.63,179.31
110.1,89.753,15.29,1260.65,0.0,0.0,0.0,76.62,179.32
110.16,89.826,15.306,1260.09,0.0,0.0,0.0,76.62,179.33
110.2,89.875,15.317,1259.71,0.0,0.0,0.0,76.61,179.33
110.26,89.949,15.334,1259.16,0.0,0.0,0.0,76.61,179.34
110.32,90.023,15.351,1258.6,0.0,0.0,0.0,76.6,179.35
110.36,90.072,15.362,1258.23,0.0,0.0,0.0,76.6,179.36
110.42,90.145,15.378,1257.67,0.0,0.0,0.0,76.59,179.37
110.46,90.194,15.389,1257.3,0.0,0.0,0.0,76.59,179.37
110.52,90.268,15.406,1256.74,0.0,0.0,0.0,76.58,179.38
110.56,90.317,15.417,1256.37,0.0,0.0,0.0,76.58,179.39
110.6,90.366,15.428,1255.99,0.0,0.0,0.0,76.57,179.4
110.66,90.439,15.445,1255.44,0.0,0.0,0.0,76.57,179.4
110.7,90.488,15.456,1255.06,0.0,0.0,0.0,76.56,179.41
110.76,90.561,15.473,1254.51,0.0,0.0,0.0,76.56,179.42
110.8,90.61,15.484,1254.13,0.0,0.0,0.0,76.55,179.43
110.86,90.684,15.5,1253.57,0.0,0.0,0.0,76.55,179.44
110.92,90.757,15.517,1253.02,0.0,0.0,0.0,76.54,179.44
110.96,90.806,15.528,1252.65,0.0,0.0,0.0,76.54,179.45
111.02,90.879,15.545,1252.09,0.0,0.0,0.0,76.53,179.46
111.06,90.928,15.556,1251.72,0.0,0.0,0.0,76.53,179.47
111.12,91.001,15.572,1251.16,0.0,0.0,0.0,76.52,179.48
111.16,91.05,15.583,1250.79,0.0,0.0,0.0,76.52,179.48
111.22,91.123,15.6,1250.23,0.0,0.0,0.0,76.51,179.49
111.26,91.172,15.611,1249.86,0.0,0.0,0.0,76.51,179.5
111.32,91.245,15.628,1249.3,0.0,0.0,0.0,76.5,179.51
111.36,91.293,15.639,1248.93,0.0,0.0,0.0,76.5,179.51
111.42,91.366,15.655,1248.37,0.0,0.0,0.0,76.49,179.52
111.46,91.415,15.667,1248.0,0.0,0.0,0.0,76.49,179.53
111.52,91.488,15.683,1247.44,0.0,0.0,0.0,76.48,179.54
111.56,91.536,15.694,1247.07,0.0,0.0,0.0,76.48,179.54
111.62,91.609,15.711,1246.51,0.0,0.0,0.0,76.47,179.55
111.66,91.658,15.722,1246.14,0.0,0.0,0.0,76.47,179.56
111.72,91.731,15.739,1245.58,0.0,0.0,0.0,76.46,179.57
111.76,91.779,15.75,1245.21,0.0,0.0,0.0,76.46,179.57
111.82,91.852,15.766,1244.65,0.0,0.0,0.0,76.45,179.58
111.88,91.925,15.783,1244.09,0.0,0.0,0.0,76.45,179.59
111.92,91.973,15.794,1243.72,0.0,0.0,0.0,76.44,179.6
111.98,92.046,15.811,1243.16,0.0,0.0,0.0,76.44,179.61
112.02,92.094,15.822,1242.79,0.0,0.0,0.0,76.43,179.61
112.08,92.167,15.838,1242.24,0.0,0.0,0.0,76.43,179.62
112.12,92.215,15.849,1241.86,0.0,0.0,0.0,76.42,179.63
112.18,92.288,15.866,1241.31,0.0,0.0,0.0,76.42,179.64
112.22,92.336,15.877,1240.94,0.0,0.0,0.0,76.41,179.65
112.26,92.385,15.888,1240.56,0.0,0.0,0.0,76.41,179.65
112.32,92.457,15.905,1240.01,0.0,0.0,0.0,76.4,179.66
112.36,92.505,15.916,1239.63,0.0,0.0,0.0,76.4,179.67
112.42,92.578,15.933,1239.08,0.0,0.0,0.0,76.39,179.68
112.48,92.65,15.949,1238.52,0.0,0.0,0.0,76.39,179.69
112.52,92.698,15.96,1238.15,0.0,0.0,0.0,76.38,179.69
112.58,92.771,15.977,1237.59,0.0,0.0,0.0,76.38,179.7
112.62,92.819,15.988,1237.22,0.0,0.0,0.0,76.37,179.71
112.68,92.891,16.005,1236.66,0.0,0.0,0.0,76.37,179.72
112.72,92.939,16.016,1236.29,0.0,0.0,0.0,76.36,179.72
112.78,93.011,16.032,1235.73,0.0,0.0,0.0,76.36,179.73
112.82,93.06,16.043,1235.36,0.0,0.0,0.0,76.35,179.74
112.88,93.132,16.06,1234.81,0.0,0.0,0.0,76.35,179.75
112.92,93.18,16.071,1234.44,0.0,0.0,0.0,76.34,179.75
112.98,93.252,16.088,1233.88,0.0,0.0,0.0,76.34,179.76
113.02,93.3,16.099,1233.51,0.0,0.0,0.0,76.33,179.77
113.08,93.372,16.115,1232.95,0.0,0.0,0.0,76.33,179.78
113.12,93.42,16.126,1232.58,0.0,0.0,0.0,76.32,179.78
113.18,93.492,16.143,1232.02,0.0,0.0,0.0,76.32,179.79
113.22,93.54,16.154,1231.65,0.0,0.0,0.0,76.31,179.8
113.28,93.612,16.171,1231.09,0.0,0.0,0.0,76.31,179.81
113.34,93.684,16.187,1230.54,0.0,0.0,0.0,76.3,179.82
113.38,93.732,16.198,1230.17,0.0,0.0,0.0,76.3,179.82
113.44,93.804,16.215,1229.61,0.0,0.0,0.0,76.29,179.83
113.48,93.851,16.226,1229.24,0.0,0.0,0.0,76.29,179.84
113.54,93.923,16.243,1228.68,0.0,0.0,0.0,76.28,179.85
113.58,93.971,16.254,1228.31,0.0,0.0,0.0,76.28,179.85
113.62,94.019,16.265,1227.94,0.0,0.0,0.0,76.27,179.86
113.68,94.091,16.281,1227.38,0.0,0.0,0.0,76.27,179.87
113.74,94.162,16.298,1226.83,0.0,0.0,0.0,76.26,179.88
113.78,94.21,16.309,1226.46,0.0,0.0,0.0,76.26,179.88
113.84,94.282,16.326,1225.9,0.0,0.0,0.0,76.25,179.89
113.88,94.329,16.337,1225.53,0.0,0.0,0.0,76.25,179.9
113.94,94.401,16.353,1224.97,0.0,0.0,0.0,76.24,179.9
113.98,94.449,16.365,1224.6,0.0,0.0,0.0,76.24,179.91
114.04,94.52,16.381,1224.04,0.0,0.0,0.0,76.23,179.92
114.08,94.568,16.392,1223.67,0.0,0.0,0.0,76.23,179.93
114.14,94.639,16.409,1223.12,0.0,0.0,0.0,76.22,179.93
114.18,94.687,16.42,1222.75,0.0,0.0,0.0,76.22,179.94
114.24,94.758,16.437,1222.19,0.0,0.0,0.0,76.21,179.95
114.28,94.806,16.448,1221.82,0.0,0.0,0.0,76.21,179.96
114.32,94.853,16.459,1221.45,0.0,0.0,0.0,76.2,179.96
114.38,94.925,16.475,1220.89,0.0,0.0,0.0,76.2,179.97
114.44,94.996,16.492,1220.33,0.0,0.0,0.0,76.19,179.98
114.48,95.043,16.503,1219.96,0.0,0.0,0.0,76.19,179.99
114.54,95.114,16.52,1219.41,0.0,0.0,0.0,76.18,179.99
114.58,95.162,16.531,1219.04,0.0,0.0,0.0,76.18,180.0
114.64,95.233,16.547,1218.48,0.0,0.0,0.0,76.17,180.01
114.7,95.304,16.564,1217.92,0.0,0.0,0.0,76.17,180.02
114.74,95.352,16.575,1217.55,0.0,0.0,0.0,76.16,180.02
114.8,95.423,16.592,1217.0,0.0,0.0,0.0,76.16,180.03
114.84,95.47,16.603,1216.63,0.0,0.0,0.0,76.15,180.04
114.88,95.517,16.614,1216.26,0.0,0.0,0.0,76.15,180.04
114.94,95.588,16.63,1215.7,0.0,0.0,0.0,76.14,180.05
114.98,95.636,16.641,1215.33,0.0,0.0,0.0,76.14,180.06
115.04,95.707,16.658,1214.77,0.0,0.0,0.0,76.13,180.07
115.08,95.754,16.669,1214.4,0.0,0.0,0.0,76.13,180.07
115.14,95.825,16.686,1213.85,0.0,0.0,0.0,76.12,180.08
115.18,95.872,16.697,1213.48,0.0,0.0,0.0,76.12,180.09
115.24,95.943,16.713,1212.92,0.0,0.0,0.0,76.11,180.1
115.3,96.013,16.73,1212.37,0.0,0.0,0.0,76.11,180.11
115.34,96.061,16.741,1211.99,0.0,0.0,0.0,76.1,180.11
115.4,96.131,16.758,1211.44,0.0,0.0,0.0,76.1,180.12
115.44,96.178,16.769,1211.07,0.0,0.0,0.0,76.09,180.13
115.5,96.249,16.785,1210.51,0.0,0.0,0.0,76.09,180.13
115.54,96.296,16.796,1210.14,0.0,0.0,0.0,76.08,180.14
115.6,96.367,16.813,1209.59,0.0,0.0,0.0,76.08,180.15
115.64,96.414,16.824,1209.22,0.0,0.0,0.0,76.07,180.15
115.68,96.461,16.835,1208.85,0.0,0.0,0.0,76.07,180.16
115.74,96.531,16.852,1208.29,0.0,0.0,0.0,76.06,180.17
115.8,96.602,16.868,1207.73,0.0,0.0,0.0,76.06,180.18
115.84,96.649,16.879,1207.36,0.0,0.0,0.0,76.05,180.18
115.9,96.719,16.896,1206.81,0.0,0.0,0.0,76.05,180.19
115.94,96.766,16.907,1206.44,0.0,0.0,0.0,76.04,180.2
116.0,96.837,16.924,1205.88,0.0,0.0,0.0,76.04,180.21
116.04,96.883,16.935,1205.51,0.0,0.0,0.0,76.03,180.21
116.1,96.954,16.951,1204.96,0.0,0.0,0.0,76.03,180.22
116.16,97.024,16.968,1204.4,0.0,0.0,0.0,76.02,180.23
116.2,97.071,16.979,1204.03,0.0,0.0,0.0,76.02,180.24
116.24,97.118,16.99,1203.66,0.0,0.0,0.0,76.01,180.24
116.3,97.188,17.007,1203.11,0.0,0.0,0.0,76.01,180.25
116.34,97.235,17.018,1202.74,0.0,0.0,0.0,76.0,180.26
116.4,97.305,17.034,1202.18,0.0,0.0,0.0,76.0,180.26
116.46,97.375,17.051,1201.63,0.0,0.0,0.0,75.99,180.27
116.5,97.422,17.062,1201.26,0.0,0.0,0.0,75.99,180.28
116.54,97.468,17.073,1200.89,0.0,0.0,0.0,75.98,180.28
116.6,97.538,17.09,1200.33,0.0,0.0,0.0,75.98,180.29
116.64,97.585,17.101,1199.96,0.0,0.0,0.0,75.97,180.3
116.7,97.655,17.117,1199.41,0.0,0.0,0.0,75.97,180.31
116.74,97.702,17.128,1199.03,0.0,0.0,0.0,75.96,180.31
116.8,97.772,17.145,1198.48,0.0,0.0,0.0,75.96,180.32
116.84,97.818,17.156,1198.11,0.0,0.0,0.0,75.95,180.33
116.9,97.888,17.173,1197.55,0.0,0.0,0.0,75.95,180.34
116.96,97.958,17.189,1197.0,0.0,0.0,0.0,75.94,180.34
117.0,98.004,17.2,1196.63,0.0,0.0,0.0,75.94,180.35
117.06,98.074,17.217,1196.07,0.0,0.0,0.0,75.93,180.36
117.1,98.121,17.228,1195.7,0.0,0.0,0.0,75.93,180.36
117.16,98.19,17.245,1195.15,0.0,0.0,0.0,75.92,180.37
117.2,98.237,17.256,1194.78,0.0,0.0,0.0,75.92,180.38
117.26,98.307,17.272,1194.23,0.0,0.0,0.0,75.91,180.39
117.3,98.353,17.283,1193.86,0.0,0.0,0.0,75.91,180.39
117.34,98.399,17.294,1193.49,0.0,0.0,0.0,75.91,180.4
117.4,98.469,17.311,1192.93,0.0,0.0,0.0,75.9,180.41
117.44,98.515,17.322,1192.56,0.0,0.0,0.0,75.9,180.41
117.5,98.585,17.339,1192.01,0.0,0.0,0.0,75.89,180.42
117.56,98.654,17.355,1191.45,0.0,0.0,0.0,75.88,180.43
117.6,98.701,17.366,1191.08,0.0,0.0,0.0,75.88,180.43
117.66,98.77,17.383,1190.53,0.0,0.0,0.0,75.87,180.44
117.7,98.816,17.394,1190.16,0.0,0.0,0.0,75.87,180.45
117.76,98.886,17.411,1189.6,0.0,0.0,0.0,75.86,180.46
117.8,98.932,17.422,1189.23,0.0,0.0,0.0,75.86,180.46
117.86,99.001,17.438,1188.68,0.0,0.0,0.0,75.85,180.47
117.92,99.07,17.455,1188.12,0.0,0.0,0.0,75.85,180.48
117.96,99.117,17.466,1187.75,0.0,0.0,0.0,75.84,180.48
118.0,99.163,17.477,1187.38,0.0,0.0,0.0,75.84,180.49
118.06,99.232,17.493,1186.83,0.0,0.0,0.0,75.83,180.5
118.1,99.278,17.505,1186.46,0.0,0.0,0.0,75.83,180.5
118.16,99.347,17.521,1185.91,0.0,0.0,0.0,75.82,180.51
118.2,99.393,17.532,1185.54,0.0,0.0,0.0,75.82,180.52
118.26,99.462,17.549,1184.98,0.0,0.0,0.0,75.81,180.53
119.16,100.495,17.798,1176.67,0.0,0.0,0.0,75.73,180.65
119.2,100.54,17.809,1176.3,0.0,0.0,0.0,75.72,180.66
119.24,100.586,17.82,1175.93,0.0,0.0,0.0,75.72,180.66
119.3,100.654,17.836,1175.38,0.0,0.0,0.0,75.71,180.67
119.34,100.7,17.847,1175.01,0.0,0.0,0.0,75.71,180.68
119.38,100.746,17.858,1174.64,0.0,0.0,0.0,75.7,180.68
119.44,100.814,17.875,1174.09,0.0,0.0,0.0,75.7,180.69
119.48,100.86,17.886,1173.72,0.0,0.0,0.0,75.69,180.69
119.54,100.928,17.903,1173.16,0.0,0.0,0.0,75.69,180.7
119.58,100.974,17.914,1172.79,0.0,0.0,0.0,75.68,180.71
119.64,101.042,17.93,1172.24,0.0,0.0,0.0,75.68,180.72
119.7,101.11,17.947,1171.69,0.0,0.0,0.0,75.67,180.72
119.74,101.156,17.958,1171.32,0.0,0.0,0.0,75.67,180.73
119.8,101.224,17.975,1170.76,0.0,0.0,0.0,75.66,180.74
119.84,101.269,17.986,1170.39,0.0,0.0,0.0,75.66,180.74
119.88,101.315,17.997,1170.03,0.0,0.0,0.0,75.65,180.75
119.94,101.383,18.013,1169.47,0.0,0.0,0.0,75.65,180.76
120.0,101.451,18.03,1168.92,0.0,0.0,0.0,75.64,180.76
120.04,101.496,18.041,1168.55,0.0,0.0,0.0,75.64,180.77
120.1,101.564,18.057,1168.0,0.0,0.0,0.0,75.63,180.78
120.14,101.61,18.068,1167.63,0.0,0.0,0.0,75.63,180.78
120.2,101.678,18.085,1167.07,0.0,0.0,0.0,75.62,180.79
120.24,101.723,18.096,1166.7,0.0,0.0,0.0,75.62,180.8
120.3,101.791,18.113,1166.15,0.0,0.0,0.0,75.61,180.8
120.34,101.836,18.124,1165.78,0.0,0.0,0.0,75.61,180.81
120.4,101.904,18.14,1165.23,0.0,0.0,0.0,75.6,180.82
120.44,101.949,18.151,1164.86,0.0,0.0,0.0,75.6,180.82
120.5,102.017,18.168,1164.31,0.0,0.0,0.0,75.59,180.83
120.54,102.062,18.179,1163.94,0.0,0.0,0.0,75.59,180.84
120.6,102.13,18.196,1163.38,0.0,0.0,0.0,75.58,180.85
120.64,102.175,18.207,1163.02,0.0,0.0,0.0,75.58,180.85
120.7,102.243,18.223,1162.46,0.0,0.0,0.0,75.57,180.86
120.74,102.288,18.234,1162.09,0.0,0.0,0.0,75.57,180.86
120.8,102.356,18.251,1161.54,0.0,0.0,0.0,75.56,180.87
120.86,102.423,18.267,1160.99,0.0,0.0,0.0,75.56,180.88
120.9,102.468,18.278,1160.62,0.0,0.0,0.0,75.55,180.89
120.94,102.513,18.29,1160.25,0.0,0.0,0.0,75.55,180.89
121.0,102.581,18.306,1159.7,0.0,0.0,0.0,75.54,180.9
121.04,102.626,18.317,1159.33,0.0,0.0,0.0,75.54,180.9
121.1,102.693,18.334,1158.78,0.0,0.0,0.0,75.53,180.91
121.16,102.761,18.35,1158.22,0.0,0.0,0.0,75.53,180.92
121.2,102.806,18.361,1157.85,0.0,0.0,0.0,75.52,180.92
121.26,102.873,18.378,1157.3,0.0,0.0,0.0,75.52,180.93
121.3,102.918,18.389,1156.93,0.0,0.0,0.0,75.51,180.94
121.34,102.963,18.4,1156.56,0.0,0.0,0.0,75.51,180.94
121.4,103.03,18.417,1156.01,0.0,0.0,0.0,75.5,180.95
121.46,103.097,18.433,1155.46,0.0,0.0,0.0,75.5,180.96
121.5,103.142,18.444,1155.09,0.0,0.0,0.0,75.49,180.96
121.56,103.209,18.461,1154.54,0.0,0.0,0.0,75.49,180.97
121.6,103.254,18.472,1154.17,0.0,0.0,0.0,75.48,180.98
121.64,103.299,18.483,1153.8,0.0,0.0,0.0,75.48,180.98
121.7,103.366,18.499,1153.25,0.0,0.0,0.0,75.47,180.99
121.76,103.433,18.516,1152.69,0.0,0.0,0.0,75.47,181.0
121.8,103.478,18.527,1152.33,0.0,0.0,0.0,75.46,181.0
121.86,103.545,18.544,1151.77,0.0,0.0,0.0,75.46,181.01
121.9,103.59,18.555,1151.41,0.0,0.0,0.0,75.45,181.02
121.96,103.657,18.571,1150.85,0.0,0.0,0.0,75.45,181.02
122.0,103.701,18.582,1150.48,0.0,0.0,0.0,75.44,181.03
122.06,103.768,18.599,1149.93,0.0,0.0,0.0,75.44,181.04
122.1,103.813,18.61,1149.56,0.0,0.0,0.0,75.43,181.04
122.16,103.88,18.627,1149.01,0.0,0.0,0.0,75.43,181.05
122.2,103.924,18.638,1148.64,0.0,0.0,0.0,75.42,181.06
122.26,103.991,18.654,1148.09,0.0,0.0,0.0,75.42,181.06
122.32,104.058,18.671,1147.54,0.0,0.0,0.0,75.41,181.07
122.36,104.102,18.682,1147.17,0.0,0.0,0.0,75.41,181.08
122.42,104.169,18.698,1146.62,0.0,0.0,0.0,75.4,181.08
122.46,104.213,18.709,1146.25,0.0,0.0,0.0,75.4,181.09
122.5,104.258,18.72,1145.88,0.0,0.0,0.0,75.4,181.09
122.56,104.324,18.737,1145.33,0.0,0.0,0.0,75.39,181.1
122.6,104.369,18.748,1144.96,0.0,0.0,0.0,75.39,181.11
122.66,104.435,18.765,1144.41,0.0,0.0,0.0,75.38,181.12
122.7,104.48,18.776,1144.04,0.0,0.0,0.0,75.38,181.12
122.76,104.546,18.792,1143.49,0.0,0.0,0.0,75.37,181.13
122.82,104.613,18.809,1142.94,0.0,0.0,0.0,75.36,181.14
122.86,104.657,18.82,1142.57,0.0,0.0,0.0,75.36,181.14
122.92,104.724,18.836,1142.02,0.0,0.0,0.0,75.35,181.15
122.96,104.768,18.847,1141.65,0.0,0.0,0.0,75.35,181.15
123.02,104.834,18.864,1141.1,0.0,0.0,0.0,75.34,181.16
123.06,104.878,18.875,1140.73,0.0,0.0,0.0,75.34,181.17
123.12,104.945,18.892,1140.18,0.0,0.0,0.0,75.33,181.17
123.16,104.989,18.903,1139.81,0.0,0.0,0.0,75.33,181.18
123.22,105.055,18.919,1139.26,0.0,0.0,0.0,75.32,181.19
123.26,105.099,18.93,1138.89,0.0,0.0,0.0,75.32,181.19
123.3,105.143,18.941,1138.52,0.0,0.0,0.0,75.32,181.2
123.36,105.21,18.958,1137.97,0.0,0.0,0.0,75.31,181.21
123.42,105.276,18.974,1137.42,0.0,0.0,0.0,75.3,181.21
123.46,105.32,18.986,1137.05,0.0,0.0,0.0,75.3,181.22
123.52,105.386,19.002,1136.5,0.0,0.0,0.0,75.29,181.23
123.56,105.43,19.013,1136.13,0.0,0.0,0.0,75.29,181.23
123.62,105.496,19.03,1135.58,0.0,0.0,0.0,75.28,181.24
123.66,105.54,19.041,1135.21,0.0,0.0,0.0,75.28,181.24
123.72,105.606,19.057,1134.66,0.0,0.0,0.0,75.27,181.25
123.76,105.65,19.068,1134.29,0.0,0.0,0.0,75.27,181.26
123.82,105.716,19.085,1133.74,0.0,0.0,0.0,75.26,181.26
123.86,105.76,19.096,1133.37,0.0,0.0,0.0,75.26,181.27
123.92,105.826,19.113,1132.82,0.0,0.0,0.0,75.25,181.28
123.98,105.891,19.129,1132.27,0.0,0.0,0.0,75.25,181.28
124.02,105.935,19.14,1131.9,0.0,0.0,0.0,75.24,181.29
124.06,105.979,19.151,1131.53,0.0,0.0,0.0,75.24,181.29
124.12,106.045,19.168,1130.98,0.0,0.0,0.0,75.23,181.3
124.16,106.089,19.179,1130.61,0.0,0.0,0.0,75.23,181.31
124.22,106.154,19.195,1130.06,0.0,0.0,0.0,75.22,181.31
124.26,106.198,19.206,1129.69,0.0,0.0,0.0,75.22,181.32
124.32,106.264,19.223,1129.14,0.0,0.0,0.0,75.21,181.33
124.38,106.329,19.24,1128.59,0.0,0.0,0.0,75.21,181.33
124.42,106.373,19.251,1128.22,0.0,0.0,0.0,75.21,181.34
124.48,106.439,19.267,1127.67,0.0,0.0,0.0,75.2,181.35
124.52,106.482,19.278,1127.3,0.0,0.0,0.0,75.2,181.35
124.56,106.526,19.289,1126.94,0.0,0.0,0.0,75.19,181.36
124.62,106.591,19.306,1126.39,0.0,0.0,0.0,75.19,181.36
124.68,106.657,19.322,1125.83,0.0,0.0,0.0,75.18,181.37
124.72,106.701,19.333,1125.47,0.0,0.0,0.0,75.18,181.38
124.78,106.766,19.35,1124.92,0.0,0.0,0.0,75.17,181.38
124.82,106.809,19.361,1124.55,0.0,0.0,0.0,75.17,181.39
124.86,106.853,19.372,1124.18,0.0,0.0,0.0,75.16,181.39
124.92,106.918,19.389,1123.63,0.0,0.0,0.0,75.16,181.4
124.98,106.984,19.405,1123.08,0.0,0.0,0.0,75.15,181.41
125.02,107.027,19.416,1122.71,0.0,0.0,0.0,75.15,181.41
125.06,107.071,19.427,1122.34,0.0,0.0,0.0,75.14,181.42
125.12,107.136,19.444,1121.79,0.0,0.0,0.0,75.14,181.43
125.18,107.201,19.46,1121.24,0.0,0.0,0.0,75.13,181.43
125.22,107.244,19.471,1120.88,0.0,0.0,0.0,75.13,181.44
125.28,107.309,19.488,1120.32,0.0,0.0,0.0,75.12,181.45
125.32,107.353,19.499,1119.96,0.0,0.0,0.0,75.12,181.45
125.38,107.418,19.515,1119.41,0.0,0.0,0.0,75.11,181.46
125.42,107.461,19.527,1119.04,0.0,0.0,0.0,75.11,181.46
125.48,107.526,19.543,1118.49,0.0,0.0,0.0,75.1,181.47
125.52,107.569,19.554,1118.12,0.0,0.0,0.0,75.1,181.48
125.58,107.634,19.571,1117.57,0.0,0.0,0.0,75.09,181.48
125.64,107.699,19.587,1117.02,0.0,0.0,0.0,75.08,181.49
125.68,107.742,19.598,1116.65,0.0,0.0,0.0,75.08,181.5
125.72,107.786,19.609,1116.29,0.0,0.0,0.0,75.08,181.5
125.76,107.829,19.62,1115.92,0.0,0.0,0.0,75.07,181.5
125.82,107.894,19.637,1115.37,0.0,0.0,0.0,75.07,181.51
125.88,107.958,19.653,1114.82,0.0,0.0,0.0,75.06,181.52
125.92,108.001,19.664,1114.45,0.0,0.0,0.0,75.06,181.52
125.96,108.045,19.676,1114.08,0.0,0.0,0.0,75.05,181.53
126.02,108.109,19.692,1113.53,0.0,0.0,0.0,75.05,181.54
126.08,108.174,19.709,1112.98,0.0,0.0,0.0,75.04,181.54
126.12,108.217,19.72,1112.61,0.0,0.0,0.0,75.04,181.55
126.18,108.282,19.736,1112.06,0.0,0.0,0.0,75.03,181.56
126.22,108.325,19.747,1111.7,0.0,0.0,0.0,75.03,181.56
126.28,108.389,19.764,1111.15,0.0,0.0,0.0,75.02,181.57
126.32,108.432,19.775,1110.78,0.0,0.0,0.0,75.02,181.57
126.38,108.497,19.791,1110.23,0.0,0.0,0.0,75.01,181.58
126.42,108.54,19.802,1109.86,0.0,0.0,0.0,75.01,181.59
126.48,108.604,19.819,1109.31,0.0,0.0,0.0,75.0,181.59
126.52,108.647,19.83,1108.95,0.0,0.0,0.0,75.0,181.6
126.56,108.69,19.841,1108.58,0.0,0.0,0.0,74.99,181.6
126.56,108.733,19.852,1108.21,0.0,0.0,0.0,74.99,181.61
126.64,108.776,19.863,1107.85,0.0,0.0,0.0,74.99,181.61
126.7,108.84,19.88,1107.3,0.0,0.0,0.0,74.98,181.62
126.74,108.883,19.891,1106.93,0.0,0.0,0.0,74.98,181.62
126.8,108.947,19.907,1106.38,0.0,0.0,0.0,74.97,181.63
126.84,108.99,19.918,1106.01,0.0,0.0,0.0,74.97,181.64
126.9,109.054,19.935,1105.46,0.0,0.0,0.0,74.96,181.64
126.96,109.118,19.951,1104.91,0.0,0.0,0.0,74.95,181.65
127.0,109.161,19.962,1104.54,0.0,0.0,0.0,74.95,181.66
127.06,109.225,19.979,1103.99,0.0,0.0,0.0,74.94,181.66
127.1,109.267,19.99,1103.63,0.0,0.0,0.0,74.94,181.67
127.14,109.31,20.001,1103.26,0.0,0.0,0.0,74.94,181.67
127.2,109.374,20.018,1102.71,0.0,0.0,0.0,74.93,181.68
127.24,109.417,20.029,1102.34,0.0,0.0,0.0,74.93,181.68
127.3,109.481,20.045,1101.79,0.0,0.0,0.0,74.92,181.69
127.36,109.545,20.062,1101.24,0.0,0.0,0.0,74.91,181.7
127.4,109.587,20.073,1100.88,0.0,0.0,0.0,74.91,181.7
127.46,109.651,20.089,1100.33,0.0,0.0,0.0,74.9,181.71
127.5,109.694,20.1,1099.96,0.0,0.0,0.0,74.9,181.71
127.54,109.736,20.111,1099.6,0.0,0.0,0.0,74.9,181.72
127.6,109.8,20.128,1099.05,0.0,0.0,0.0,74.89,181.73
127.66,109.864,20.144,1098.5,0.0,0.0,0.0,74.88,181.73
127.7,109.906,20.155,1098.13,0.0,0.0,0.0,74.88,181.74
127.76,109.97,20.172,1097.58,0.0,0.0,0.0,74.87,181.75
127.8,110.012,20.183,1097.21,0.0,0.0,0.0,74.87,181.75
127.86,110.076,20.2,1096.66,0.0,0.0,0.0,74.86,181.76
127.9,110.118,20.211,1096.3,0.0,0.0,0.0,74.86,181.76
127.96,110.182,20.227,1095.75,0.0,0.0,0.0,74.85,181.77
128.0,110.224,20.238,1095.38,0.0,0.0,0.0,74.85,181.77
128.06,110.288,20.255,1094.83,0.0,0.0,0.0,74.84,181.78
128.12,110.351,20.271,1094.28,0.0,0.0,0.0,74.84,181.79
128.16,110.393,20.282,1093.92,0.0,0.0,0.0,74.83,181.79
128.2,110.436,20.293,1093.55,0.0,0.0,0.0,74.83,181.8
128.26,110.499,20.31,1093.0,0.0,0.0,0.0,74.82,181.8
128.3,110.541,20.321,1092.63,0.0,0.0,0.0,74.82,181.81
128.36,110.605,20.337,1092.08,0.0,0.0,0.0,74.82,181.82
128.42,110.668,20.354,1091.54,0.0,0.0,0.0,74.81,181.82
128.46,110.71,20.365,1091.17,0.0,0.0,0.0,74.81,181.83
128.52,110.773,20.382,1090.62,0.0,0.0,0.0,74.8,181.84
128.56,110.816,20.393,1090.25,0.0,0.0,0.0,74.8,181.84
128.6,110.858,20.404,1089.89,0.0,0.0,0.0,74.79,181.84
128.66,110.921,20.42,1089.34,0.0,0.0,0.0,74.79,181.85
128.72,110.984,20.437,1088.79,0.0,0.0,0.0,74.78,181.86
128.76,111.026,20.448,1088.42,0.0,0.0,0.0,74.78,181.86
128.82,111.089,20.464,1087.87,0.0,0.0,0.0,74.77,181.87
128.86,111.131,20.475,1087.51,0.0,0.0,0.0,74.77,181.87
128.9,111.173,20.486,1087.14,0.0,0.0,0.0,74.76,181.88
128.96,111.236,20.503,1086.59,0.0,0.0,0.0,74.76,181.89
129.0,111.278,20.514,1086.23,0.0,0.0,0.0,74.75,181.89
129.06,111.341,20.53,1085.68,0.0,0.0,0.0,74.75,181.9
129.12,111.404,20.547,1085.13,0.0,0.0,0.0,74.74,181.9
129.16,111.446,20.558,1084.76,0.0,0.0,0.0,74.74,181.91
129.22,111.509,20.575,1084.21,0.0,0.0,0.0,74.73,181.92
129.26,111.551,20.586,1083.85,0.0,0.0,0.0,74.73,181.92
129.32,111.613,20.602,1083.3,0.0,0.0,0.0,74.72,181.93
129.36,111.655,20.613,1082.93,0.0,0.0,0.0,74.72,181.93
129.42,111.718,20.63,1082.38,0.0,0.0,0.0,74.71,181.94
129.46,111.76,20.641,1082.02,0.0,0.0,0.0,74.71,181.94
129.52,111.823,20.657,1081.47,0.0,0.0,0.0,74.7,181.95
129.56,111.864,20.668,1081.1,0.0,0.0,0.0,74.7,181.96
129.62,111.927,20.685,1080.56,0.0,0.0,0.0,74.69,181.96
129.66,111.969,20.696,1080.19,0.0,0.0,0.0,74.69,181.97
129.72,112.031,20.712,1079.64,0.0,0.0,0.0,74.68,181.97
129.78,112.094,20.729,1079.09,0.0,0.0,0.0,74.67,181.98
129.82,112.135,20.74,1078.73,0.0,0.0,0.0,74.67,181.99
129.86,112.177,20.751,1078.36,0.0,0.0,0.0,74.67,181.99
129.92,112.239,20.767,1077.81,0.0,0.0,0.0,74.66,182.0
129.96,112.281,20.778,1077.45,0.0,0.0,0.0,74.66,182.0
130.02,112.344,20.795,1076.9,0.0,0.0,0.0,74.65,182.01
130.08,112.406,20.812,1076.35,0.0,0.0,0.0,74.64,182.02
130.12,112.447,20.823,1075.98,0.0,0.0,0.0,74.64,182.02
130.18,112.51,20.839,1075.44,0.0,0.0,0.0,74.63,182.03
130.22,112.551,20.85,1075.07,0.0,0.0,0.0,74.63,182.03
130.26,112.593,20.861,1074.7,0.0,0.0,0.0,74.63,182.04
130.32,112.655,20.878,1074.16,0.0,0.0,0.0,74.62,182.04
130.36,112.696,20.889,1073.79,0.0,0.0,0.0,74.62,182.05
130.42,112.759,20.905,1073.24,0.0,0.0,0.0,74.61,182.05
130.48,112.821,20.922,1072.69,0.0,0.0,0.0,74.6,182.06
130.52,112.862,20.933,1072.33,0.0,0.0,0.0,74.6,182.07
130.58,112.924,20.949,1071.78,0.0,0.0,0.0,74.59,182.07
130.62,112.966,20.96,1071.42,0.0,0.0,0.0,74.59,182.08
130.68,113.028,20.977,1070.87,0.0,0.0,0.0,74.58,182.08
130.72,113.069,20.988,1070.5,0.0,0.0,0.0,74.58,182.09
130.76,113.11,20.999,1070.14,0.0,0.0,0.0,74.58,182.09
130.82,113.172,21.015,1069.59,0.0,0.0,0.0,74.57,182.1
130.88,113.234,21.032,1069.04,0.0,0.0,0.0,74.57,182.11
130.92,113.275,21.043,1068.68,0.0,0.0,0.0,74.56,182.11
130.98,113.337,21.06,1068.13,0.0,0.0,0.0,74.56,182.12
131.02,113.378,21.071,1067.76,0.0,0.0,0.0,74.55,182.12
131.08,113.44,21.087,1067.21,0.0,0.0,0.0,74.55,182.13
131.12,113.481,21.098,1066.85,0.0,0.0,0.0,74.54,182.13
131.18,113.543,21.115,1066.3,0.0,0.0,0.0,74.54,182.14
131.22,113.584,21.126,1065.94,0.0,0.0,0.0,74.53,182.14
131.28,113.646,21.142,1065.39,0.0,0.0,0.0,74.53,182.15
131.34,113.708,21.159,1064.84,0.0,0.0,0.0,74.52,182.16
131.38,113.749,21.17,1064.47,0.0,0.0,0.0,74.52,182.16
131.42,113.79,21.181,1064.11,0.0,0.0,0.0,74.51,182.17
131.48,113.851,21.197,1063.56,0.0,0.0,0.0,74.51,182.17
131.52,113.892,21.208,1063.2,0.0,0.0,0.0,74.5,182.18
131.58,113.954,21.225,1062.65,0.0,0.0,0.0,74.5,182.18
131.62,113.995,21.236,1062.28,0.0,0.0,0.0,74.49,182.19
131.68,114.056,21.252,1061.74,0.0,0.0,0.0,74.49,182.2
131.74,114.118,21.269,1061.19,0.0,0.0,0.0,74.48,182.2
131.78,114.159,21.28,1060.82,0.0,0.0,0.0,74.48,182.21
131.82,114.2,21.291,1060.46,0.0,0.0,0.0,74.47,182.21
131.88,114.261,21.307,1059.91,0.0,0.0,0.0,74.47,182.22
131.92,114.302,21.319,1059.55,0.0,0.0,0.0,74.46,182.22
131.98,114.363,21.335,1059.0,0.0,0.0,0.0,74.46,182.23
132.04,114.424,21.352,1058.45,0.0,0.0,0.0,74.45,182.23
132.08,114.465,21.363,1058.09,0.0,0.0,0.0,74.45,182.24
132.14,114.526,21.379,1057.54,0.0,0.0,0.0,74.44,182.25
132.18,114.567,21.39,1057.17,0.0,0.0,0.0,74.44,182.25
132.22,114.608,21.401,1056.81,0.0,0.0,0.0,74.43,182.25
132.28,114.669,21.418,1056.26,0.0,0.0,0.0,74.43,182.26
132.34,114.73,21.434,1055.71,0.0,0.0,0.0,74.42,182.27
132.38,114.771,21.445,1055.35,0.0,0.0,0.0,74.42,182.27
132.44,114.832,21.462,1054.8,0.0,0.0,0.0,74.41,182.28
132.48,114.872,21.473,1054.44,0.0,0.0,0.0,74.41,182.28
132.54,114.933,21.489,1053.89,0.0,0.0,0.0,74.4,182.29
132.58,114.974,21.5,1053.53,0.0,0.0,0.0,74.4,182.29
132.64,115.035,21.517,1052.98,0.0,0.0,0.0,74.39,182.3
132.68,115.075,21.528,1052.61,0.0,0.0,0.0,74.39,182.31
132.74,115.136,21.544,1052.07,0.0,0.0,0.0,74.38,182.31
132.78,115.177,21.555,1051.7,0.0,0.0,0.0,74.38,182.32
132.84,115.238,21.572,1051.16,0.0,0.0,0.0,74.37,182.32
132.88,115.278,21.583,1050.79,0.0,0.0,0.0,74.37,182.33
132.94,115.339,21.599,1050.24,0.0,0.0,0.0,74.36,182.33
132.98,115.379,21.61,1049.88,0.0,0.0,0.0,74.36,182.34
133.04,115.44,21.627,1049.33,0.0,0.0,0.0,74.35,182.34
133.08,115.48,21.638,1048.97,0.0,0.0,0.0,74.35,182.35
133.14,115.541,21.655,1048.42,0.0,0.0,0.0,74.34,182.36
133.2,115.602,21.671,1047.87,0.0,0.0,0.0,74.33,182.36
133.24,115.642,21.682,1047.51,0.0,0.0,0.0,74.33,182.37
133.28,115.682,21.693,1047.14,0.0,0.0,0.0,74.33,182.37
133.34,115.743,21.71,1046.6,0.0,0.0,0.0,74.32,182.38
133.38,115.783,21.721,1046.23,0.0,0.0,0.0,74.32,182.38
133.44,115.844,21.737,1045.69,0.0,0.0,0.0,74.31,182.39
133.5,115.904,21.754,1045.14,0.0,0.0,0.0,74.3,182.39
133.54,115.944,21.765,1044.78,0.0,0.0,0.0,74.3,182.4
133.6,116.005,21.781,1044.23,0.0,0.0,0.0,74.29,182.4
133.64,116.045,21.792,1043.86,0.0,0.0,0.0,74.29,182.41
133.7,116.105,21.809,1043.32,0.0,0.0,0.0,74.28,182.42
133.74,116.145,21.82,1042.95,0.0,0.0,0.0,74.28,182.42
133.78,116.186,21.831,1042.59,0.0,0.0,0.0,74.28,182.42
133.84,116.246,21.847,1042.04,0.0,0.0,0.0,74.27,182.43
133.9,116.306,21.864,1041.5,0.0,0.0,0.0,74.27,182.44
133.94,116.346,21.875,1041.13,0.0,0.0,0.0,74.26,182.44
134.0,116.406,21.891,1040.59,0.0,0.0,0.0,74.26,182.45
134.04,116.446,21.902,1040.22,0.0,0.0,0.0,74.25,182.45
134.1,116.506,21.919,1039.68,0.0,0.0,0.0,74.25,182.46
134.14,116.547,21.93,1039.31,0.0,0.0,0.0,74.24,182.46
134.18,116.587,21.941,1038.95,0.0,0.0,0.0,74.24,182.47
134.24,116.647,21.957,1038.4,0.0,0.0,0.0,74.23,182.47
134.3,116.707,21.974,1037.85,0.0,0.0,0.0,74.23,182.48
134.34,116.746,21.985,1037.49,0.0,0.0,0.0,74.22,182.48
134.4,116.806,22.001,1036.94,0.0,0.0,0.0,74.22,182.49
134.44,116.846,22.012,1036.58,0.0,0.0,0.0,74.21,182.49
134.5,116.906,22.029,1036.03,0.0,0.0,0.0,74.21,182.5
134.56,116.966,22.045,1035.49,0.0,0.0,0.0,74.2,182.51
134.6,117.006,22.056,1035.12,0.0,0.0,0.0,74.2,182.51
134.64,117.046,22.067,1034.76,0.0,0.0,0.0,74.19,182.52
134.7,117.105,22.084,1034.21,0.0,0.0,0.0,74.19,182.52
134.74,117.145,22.095,1033.85,0.0,0.0,0.0,74.18,182.53
134.8,117.205,22.112,1033.3,0.0,0.0,0.0,74.18,182.53
134.86,117.265,22.128,1032.76,0.0,0.0,0.0,74.17,182.54
134.9,117.304,22.139,1032.39,0.0,0.0,0.0,74.17,182.54
134.94,117.344,22.15,1032.03,0.0,0.0,0.0,74.16,182.55
135.0,117.404,22.167,1031.48,0.0,0.0,0.0,74.16,182.55
135.06,117.463,22.183,1030.94,0.0,0.0,0.0,74.15,182.56
135.1,117.503,22.194,1030.58,0.0,0.0,0.0,74.15,182.56
135.16,117.562,22.211,1030.03,0.0,0.0,0.0,74.14,182.57
135.2,117.602,22.222,1029.67,0.0,0.0,0.0,74.14,182.57
135.24,117.642,22.233,1029.3,0.0,0.0,0.0,74.13,182.58
135.3,117.701,22.249,1028.76,0.0,0.0,0.0,74.13,182.59
135.34,117.741,22.26,1028.39,0.0,0.0,0.0,74.12,182.59
135.4,117.8,22.277,1027.85,0.0,0.0,0.0,74.12,182.6
135.46,117.859,22.293,1027.3,0.0,0.0,0.0,74.11,182.6
135.5,117.899,22.304,1026.94,0.0,0.0,0.0,74.11,182.61
135.54,117.938,22.315,1026.57,0.0,0.0,0.0,74.1,182.61
135.6,117.997,22.332,1026.03,0.0,0.0,0.0,74.1,182.62
135.66,118.057,22.348,1025.48,0.0,0.0,0.0,74.09,182.62
135.7,118.096,22.359,1025.12,0.0,0.0,0.0,74.09,182.63
135.76,118.155,22.376,1024.57,0.0,0.0,0.0,74.08,182.63
135.8,118.195,22.387,1024.21,0.0,0.0,0.0,74.08,182.64
135.86,118.254,22.403,1023.67,0.0,0.0,0.0,74.07,182.64
135.9,118.293,22.414,1023.3,0.0,0.0,0.0,74.07,182.65
135.96,118.352,22.431,1022.76,0.0,0.0,0.0,74.06,182.65
136.0,118.391,22.442,1022.39,0.0,0.0,0.0,74.06,182.66
136.06,118.45,22.458,1021.85,0.0,0.0,0.0,74.05,182.66
136.1,118.49,22.469,1021.48,0.0,0.0,0.0,74.05,182.67
136.16,118.549,22.486,1020.94,0.0,0.0,0.0,74.04,182.67
136.2,118.588,22.502,1020.58,0.0,0.0,0.0,74.04,182.68
136.26,118.647,22.513,1020.03,0.0,0.0,0.0,74.03,182.69
136.3,118.686,22.53,1019.67,0.0,0.0,0.0,74.03,182.69
136.36,118.745,22.546,1019.12,0.0,0.0,0.0,74.02,182.7
136.4,118.784,22.557,1018.76,0.0,0.0,0.0,74.01,182.7
136.46,118.843,22.568,1018.21,0.0,0.0,0.0,74.01,182.71
136.52,118.901,22.585,1017.67,0.0,0.0,0.0,74.0,182.71
136.56,118.941,22.596,1017.31,0.0,0.0,0.0,74.0,182.72
136.62,118.999,22.612,1016.76,0.0,0.0,0.0,73.99,182.72
136.66,119.038,22.623,1016.4,0.0,0.0,0.0,73.99,182.73
136.7,119.077,22.634,1016.03,0.0,0.0,0.0,73.99,182.73
136.76,119.136,22.651,1015.49,0.0,0.0,0.0,73.98,182.74
136.82,119.194,22.667,1014.94,0.0,0.0,0.0,73.97,182.74
136.86,119.233,22.678,1014.58,0.0,0.0,0.0,73.97,182.75
136.92,119.292,22.695,1014.04,0.0,0.0,0.0,73.96,182.75
136.96,119.331,22.706,1013.67,0.0,0.0,0.0,73.96,182.76
137.0,119.37,22.717,1013.31,0.0,0.0,0.0,73.96,182.76
137.06,119.428,22.733,1012.77,0.0,0.0,0.0,73.95,182.77
137.12,119.487,22.75,1012.22,0.0,0.0,0.0,73.94,182.77
137.16,119.525,22.761,1011.86,0.0,0.0,0.0,73.94,182.78
137.22,119.584,22.777,1011.31,0.0,0.0,0.0,73.93,182.78
137.26,119.623,22.788,1010.95,0.0,0.0,0.0,73.93,182.79
137.3,119.662,22.799,1010.59,0.0,0.0,0.0,73.93,182.79
137.36,119.72,22.816,1010.04,0.0,0.0,0.0,73.92,182.8
137.42,119.778,22.832,1009.5,0.0,0.0,0.0,73.91,182.8
137.46,119.817,22.843,1009.14,0.0,0.0,0.0,73.91,182.81
137.52,119.875,22.86,1008.59,0.0,0.0,0.0,73.9,182.81
137.56,119.914,22.871,1008.23,0.0,0.0,0.0,73.9,182.82
137.62,119.972,22.887,1007.68,0.0,0.0,0.0,73.89,182.82
137.66,120.01,22.898,1007.32,0.0,0.0,0.0,73.89,182.83
137.72,120.068,22.915,1006.78,0.0,0.0,0.0,73.88,182.83
137.76,120.107,22.926,1006.41,0.0,0.0,0.0,73.88,182.84
137.82,120.165,22.942,1005.87,0.0,0.0,0.0,73.87,182.84
137.86,120.204,22.953,1005.51,0.0,0.0,0.0,73.87,182.85
137.92,120.262,22.97,1004.96,0.0,0.0,0.0,73.86,182.85
137.96,120.3,22.981,1004.6,0.0,0.0,0.0,73.86,182.86
138.02,120.358,22.997,1004.06,0.0,0.0,0.0,73.85,182.86
138.08,120.416,23.014,1003.51,0.0,0.0,0.0,73.85,182.87
138.12,120.454,23.025,1003.15,0.0,0.0,0.0,73.84,182.87
138.18,120.512,23.041,1002.6,0.0,0.0,0.0,73.84,182.88
138.22,120.551,23.052,1002.24,0.0,0.0,0.0,73.83,182.88
138.26,120.589,23.063,1001.88,0.0,0.0,0.0,73.83,182.89
138.32,120.647,23.08,1001.34,0.0,0.0,0.0,73.82,182.89
138.38,120.705,23.096,1000.79,0.0,0.0,0.0,73.82,182.9
138.42,120.743,23.107,1000.43,0.0,0.0,0.0,73.81,182.9
138.48,120.801,23.124,999.89,0.0,0.0,0.0,73.81,182.91
138.52,120.839,23.135,999.52,0.0,0.0,0.0,73.8,182.91
138.56,120.877,23.146,999.16,0.0,0.0,0.0,73.8,182.92
138.62,120.935,23.162,998.62,0.0,0.0,0.0,73.79,182.92
138.68,120.992,23.179,998.07,0.0,0.0,0.0,73.79,182.93
138.72,121.031,23.19,997.71,0.0,0.0,0.0,73.78,182.93
138.78,121.088,23.206,997.17,0.0,0.0,0.0,73.78,182.94
138.82,121.126,23.217,996.8,0.0,0.0,0.0,73.77,182.94
138.88,121.184,23.234,996.26,0.0,0.0,0.0,73.77,182.95
138.92,121.222,23.245,995.9,0.0,0.0,0.0,73.76,182.95
138.98,121.279,23.261,995.35,0.0,0.0,0.0,73.76,182.96
139.02,121.317,23.272,994.99,0.0,0.0,0.0,73.75,182.96
139.08,121.375,23.289,994.45,0.0,0.0,0.0,73.75,182.97
139.14,121.432,23.305,993.91,0.0,0.0,0.0,73.74,182.98
139.16,121.451,23.311,993.72,0.0,0.0,0.0,73.74,182.98
139.22,121.508,23.327,993.18,0.0,0.0,0.0,73.73,182.98
139.28,121.565,23.344,992.64,0.0,0.0,0.0,73.73,182.99
139.32,121.603,23.355,992.27,0.0,0.0,0.0,73.72,182.99
139.38,121.66,23.371,991.73,0.0,0.0,0.0,73.72,183.0
139.42,121.698,23.382,991.37,0.0,0.0,0.0,73.71,183.0
139.48,121.756,23.399,990.83,0.0,0.0,0.0,73.71,183.01
139.54,121.813,23.415,990.28,0.0,0.0,0.0,73.7,183.01
139.58,121.85,23.426,989.92,0.0,0.0,0.0,73.7,183.02
139.62,121.888,23.437,989.56,0.0,0.0,0.0,73.69,183.02
139.68,121.945,23.454,989.02,0.0,0.0,0.0,73.69,183.03
139.72,121.983,23.465,988.65,0.0,0.0,0.0,73.68,183.03
139.78,122.04,23.481,988.11,0.0,0.0,0.0,73.68,183.04
139.84,122.097,23.498,987.57,0.0,0.0,0.0,73.67,183.04
139.88,122.135,23.509,987.21,0.0,0.0,0.0,73.67,183.05
139.94,122.192,23.525,986.66,0.0,0.0,0.0,73.66,183.05
139.98,122.229,23.536,986.3,0.0,0.0,0.0,73.66,183.06
140.02,122.267,23.547,985.94,0.0,0.0,0.0,73.66,183.06
140.08,122.324,23.564,985.4,0.0,0.0,0.0,73.65,183.07
140.14,122.381,23.58,984.85,0.0,0.0,0.0,73.64,183.07
140.18,122.418,23.591,984.49,0.0,0.0,0.0,73.64,183.08
140.24,122.475,23.608,983.95,0.0,0.0,0.0,73.63,183.08
140.28,122.513,23.619,983.59,0.0,0.0,0.0,73.63,183.09
140.32,122.55,23.63,983.22,0.0,0.0,0.0,73.63,183.09
140.38,122.607,23.646,982.68,0.0,0.0,0.0,73.62,183.1
140.44,122.663,23.663,982.14,0.0,0.0,0.0,73.61,183.1
140.48,122.701,23.674,981.78,0.0,0.0,0.0,73.61,183.11
140.54,122.757,23.69,981.23,0.0,0.0,0.0,73.6,183.11
140.58,122.795,23.701,980.87,0.0,0.0,0.0,73.6,183.12
140.64,122.851,23.718,980.33,0.0,0.0,0.0,73.59,183.12
140.68,122.889,23.729,979.97,0.0,0.0,0.0,73.59,183.13
140.74,122.945,23.745,979.43,0.0,0.0,0.0,73.58,183.13
140.78,122.983,23.756,979.06,0.0,0.0,0.0,73.58,183.13
140.84,123.039,23.773,978.52,0.0,0.0,0.0,73.57,183.14
140.9,123.095,23.789,977.98,0.0,0.0,0.0,73.57,183.15
140.94,123.133,23.8,977.62,0.0,0.0,0.0,73.56,183.15
140.98,123.17,23.811,977.26,0.0,0.0,0.0,73.56,183.15
141.04,123.226,23.828,976.71,0.0,0.0,0.0,73.55,183.16
141.08,123.264,23.839,976.35,0.0,0.0,0.0,73.55,183.16
141.14,123.32,23.855,975.81,0.0,0.0,0.0,73.54,183.17
141.2,123.376,23.872,975.27,0.0,0.0,0.0,73.54,183.18
141.24,123.413,23.883,974.91,0.0,0.0,0.0,73.53,183.18
141.28,123.451,23.894,974.55,0.0,0.0,0.0,73.53,183.18
141.34,123.507,23.91,974.0,0.0,0.0,0.0,73.52,183.19
141.4,123.563,23.927,973.46,0.0,0.0,0.0,73.52,183.19
141.44,123.6,23.938,973.1,0.0,0.0,0.0,73.51,183.2
141.5,123.656,23.954,972.56,0.0,0.0,0.0,73.51,183.2
141.54,123.693,23.965,972.2,0.0,0.0,0.0,73.5,183.21
141.58,123.73,23.976,971.83,0.0,0.0,0.0,73.5,183.21
141.64,123.786,23.993,971.29,0.0,0.0,0.0,73.49,183.22
141.7,123.842,24.009,970.75,0.0,0.0,0.0,73.49,183.22
141.74,123.879,24.02,970.39,0.0,0.0,0.0,73.48,183.23
141.8,123.935,24.037,969.85,0.0,0.0,0.0,73.48,183.23
141.84,123.972,24.048,969.49,0.0,0.0,0.0,73.47,183.24
141.88,124.009,24.059,969.13,0.0,0.0,0.0,73.47,183.24
141.94,124.065,24.075,968.58,0.0,0.0,0.0,73.46,183.25
142.0,124.12,24.092,968.04,0.0,0.0,0.0,73.46,183.25
142.04,124.157,24.103,967.68,0.0,0.0,0.0,73.45,183.25
142.1,124.213,24.119,967.14,0.0,0.0,0.0,73.45,183.26
142.14,124.25,24.13,966.78,0.0,0.0,0.0,73.44,183.26
142.18,124.287,24.141,966.42,0.0,0.0,0.0,73.44,183.27
142.24,124.342,24.158,965.88,0.0,0.0,0.0,73.43,183.27
142.3,124.398,24.174,965.33,0.0,0.0,0.0,73.43,183.28
142.34,124.435,24.185,964.97,0.0,0.0,0.0,73.42,183.28
142.4,124.49,24.202,964.43,0.0,0.0,0.0,73.42,183.29
142.46,124.545,24.218,963.89,0.0,0.0,0.0,73.41,183.29
142.5,124.582,24.229,963.53,0.0,0.0,0.0,73.41,183.3
142.54,124.619,24.24,963.17,0.0,0.0,0.0,73.4,183.3
142.6,124.674,24.256,962.63,0.0,0.0,0.0,73.4,183.31
142.66,124.73,24.273,962.09,0.0,0.0,0.0,73.39,183.31
142.7,124.766,24.284,961.72,0.0,0.0,0.0,73.39,183.32
142.74,124.803,24.295,961.36,0.0,0.0,0.0,73.38,183.32
142.8,124.858,24.311,960.82,0.0,0.0,0.0,73.38,183.33
142.84,124.895,24.322,960.46,0.0,0.0,0.0,73.37,183.33
142.9,124.95,24.339,959.92,0.0,0.0,0.0,73.37,183.33
142.96,125.005,24.355,959.38,0.0,0.0,0.0,73.36,183.34
143.0,125.042,24.366,959.02,0.0,0.0,0.0,73.36,183.34
143.04,125.079,24.377,958.66,0.0,0.0,0.0,73.35,183.35
143.1,125.134,24.394,958.12,0.0,0.0,0.0,73.35,183.35
143.14,125.17,24.405,957.76,0.0,0.0,0.0,73.34,183.36
143.2,125.225,24.421,957.22,0.0,0.0,0.0,73.34,183.36
143.26,125.28,24.438,956.67,0.0,0.0,0.0,73.33,183.37
143.3,125.317,24.449,956.31,0.0,0.0,0.0,73.33,183.37
143.36,125.372,24.465,955.77,0.0,0.0,0.0,73.32,183.38
143.4,125.408,24.476,955.41,0.0,0.0,0.0,73.32,183.38
143.44,125.445,24.487,955.05,0.0,0.0,0.0,73.31,183.38
143.5,125.499,24.504,954.51,0.0,0.0,0.0,73.31,183.39
143.56,125.554,24.52,953.97,0.0,0.0,0.0,73.3,183.4
143.6,125.591,24.531,953.61,0.0,0.0,0.0,73.3,183.4
143.66,125.645,24.548,953.07,0.0,0.0,0.0,73.29,183.41
143.7,125.682,24.559,952.71,0.0,0.0,0.0,73.29,183.41
143.74,125.718,24.57,952.35,0.0,0.0,0.0,73.28,183.41
143.8,125.773,24.586,951.81,0.0,0.0,0.0,73.28,183.42
143.86,125.827,24.603,951.27,0.0,0.0,0.0,73.27,183.42
143.9,125.864,24.614,950.91,0.0,0.0,0.0,73.27,183.43
143.96,125.918,24.63,950.37,0.0,0.0,0.0,73.26,183.43
144.0,125.954,24.641,950.01,0.0,0.0,0.0,73.26,183.44
144.06,126.009,24.658,949.47,0.0,0.0,0.0,73.25,183.44
144.1,126.045,24.669,949.11,0.0,0.0,0.0,73.25,183.45
144.16,126.1,24.685,948.56,0.0,0.0,0.0,73.24,183.45
144.2,126.136,24.696,948.2,0.0,0.0,0.0,73.24,183.45
144.26,126.19,24.712,947.66,0.0,0.0,0.0,73.23,183.46
144.3,126.226,24.723,947.3,0.0,0.0,0.0,73.23,183.46
144.36,126.281,24.74,946.76,0.0,0.0,0.0,73.22,183.47
144.42,126.335,24.756,946.22,0.0,0.0,0.0,73.21,183.47
144.44,126.353,24.762,946.04,0.0,0.0,0.0,73.21,183.48
144.5,126.407,24.778,945.5,0.0,0.0,0.0,73.21,183.48
144.56,126.461,24.795,944.96,0.0,0.0,0.0,73.2,183.49
144.6,126.497,24.806,944.6,0.0,0.0,0.0,73.2,183.49
144.66,126.551,24.822,944.06,0.0,0.0,0.0,73.19,183.5
144.7,126.587,24.833,943.7,0.0,0.0,0.0,73.19,183.5
144.76,126.642,24.85,943.16,0.0,0.0,0.0,73.18,183.51
144.82,126.696,24.866,942.62,0.0,0.0,0.0,73.17,183.51
144.86,126.732,24.877,942.26,0.0,0.0,0.0,73.17,183.51
144.92,126.785,24.894,941.72,0.0,0.0,0.0,73.16,183.52
144.96,126.821,24.905,941.36,0.0,0.0,0.0,73.16,183.52
145.0,126.857,24.916,941.0,0.0,0.0,0.0,73.16,183.53
145.06,126.911,24.932,940.46,0.0,0.0,0.0,73.15,183.53
145.12,126.965,24.949,939.92,0.0,0.0,0.0,73.14,183.54
145.16,127.001,24.96,939.56,0.0,0.0,0.0,73.14,183.54
145.22,127.055,24.976,939.02,0.0,0.0,0.0,73.13,183.55
145.26,127.091,24.987,938.67,0.0,0.0,0.0,73.13,183.55
145.32,127.144,25.004,938.13,0.0,0.0,0.0,73.12,183.56
145.36,127.18,25.015,937.77,0.0,0.0,0.0,73.12,183.56
145.42,127.234,25.031,937.23,0.0,0.0,0.0,73.11,183.56
145.46,127.27,25.042,936.87,0.0,0.0,0.0,73.11,183.57
145.52,127.323,25.058,936.33,0.0,0.0,0.0,73.1,183.57
145.56,127.359,25.069,935.97,0.0,0.0,0.0,73.1,183.58
145.62,127.412,25.086,935.43,0.0,0.0,0.0,73.09,183.58
145.66,127.448,25.097,935.07,0.0,0.0,0.0,73.09,183.59
145.72,127.502,25.113,934.53,0.0,0.0,0.0,73.08,183.59
145.76,127.537,25.124,934.17,0.0,0.0,0.0,73.08,183.59
145.8,127.573,25.135,933.81,0.0,0.0,0.0,73.08,183.6
145.86,127.626,25.152,933.27,0.0,0.0,0.0,73.07,183.6
145.92,127.68,25.168,932.73,0.0,0.0,0.0,73.06,183.61
145.96,127.715,25.179,932.37,0.0,0.0,0.0,73.06,183.61
146.02,127.769,25.196,931.83,0.0,0.0,0.0,73.05,183.62
146.08,127.822,25.212,931.29,0.0,0.0,0.0,73.05,183.62
146.12,127.858,25.223,930.93,0.0,0.0,0.0,73.04,183.63
146.16,127.893,25.234,930.58,0.0,0.0,0.0,73.04,183.63
146.22,127.946,25.251,930.04,0.0,0.0,0.0,73.03,183.64
146.26,127.982,25.262,929.68,0.0,0.0,0.0,73.03,183.64
146.32,128.035,25.278,929.14,0.0,0.0,0.0,73.02,183.64
146.38,128.088,25.295,928.6,0.0,0.0,0.0,73.02,183.65
146.42,128.123,25.306,928.24,0.0,0.0,0.0,73.01,183.65
146.46,128.159,25.317,927.88,0.0,0.0,0.0,73.01,183.66
146.52,128.212,25.333,927.34,0.0,0.0,0.0,73.0,183.66
146.58,128.265,25.349,926.8,0.0,0.0,0.0,73.0,183.67
146.62,128.3,25.36,926.44,0.0,0.0,0.0,72.99,183.67
146.66,128.336,25.371,926.08,0.0,0.0,0.0,72.99,183.67
146.72,128.388,25.388,925.55,0.0,0.0,0.0,72.98,183.68
146.76,128.424,25.399,925.19,0.0,0.0,0.0,72.98,183.68
146.82,128.477,25.415,924.65,0.0,0.0,0.0,72.97,183.69
146.88,128.53,25.432,924.11,0.0,0.0,0.0,72.97,183.69
146.92,128.565,25.443,923.75,0.0,0.0,0.0,72.96,183.7
146.96,128.6,25.454,923.39,0.0,0.0,0.0,72.96,183.7
147.02,128.653,25.47,922.85,0.0,0.0,0.0,72.95,183.71
147.08,128.705,25.487,922.31,0.0,0.0,0.0,72.95,183.71
147.12,128.741,25.498,921.96,0.0,0.0,0.0,72.94,183.71
147.18,128.793,25.514,921.42,0.0,0.0,0.0,72.94,183.72
147.22,128.828,25.525,921.06,0.0,0.0,0.0,72.93,183.72
147.28,128.881,25.542,920.52,0.0,0.0,0.0,72.93,183.73
147.32,128.916,25.553,920.16,0.0,0.0,0.0,72.92,183.73
147.38,128.969,25.569,919.62,0.0,0.0,0.0,72.92,183.74
147.42,129.004,25.58,919.26,0.0,0.0,0.0,72.91,183.74
147.46,129.039,25.591,918.91,0.0,0.0,0.0,72.91,183.74
147.52,129.091,25.608,918.37,0.0,0.0,0.0,72.9,183.75
147.56,129.126,25.619,918.01,0.0,0.0,0.0,72.9,183.75
147.62,129.179,25.635,917.47,0.0,0.0,0.0,72.89,183.76
147.68,129.231,25.651,916.93,0.0,0.0,0.0,72.89,183.76
147.72,129.266,25.662,916.57,0.0,0.0,0.0,72.88,183.77
147.78,129.318,25.679,916.04,0.0,0.0,0.0,72.88,183.77
147.84,129.371,25.695,915.5,0.0,0.0,0.0,72.87,183.78
147.88,129.405,25.706,915.14,0.0,0.0,0.0,72.87,183.78
147.92,129.44,25.717,914.78,0.0,0.0,0.0,72.86,183.78
147.98,129.492,25.734,914.24,0.0,0.0,0.0,72.86,183.79
148.02,129.527,25.745,913.88,0.0,0.0,0.0,72.85,183.79
148.08,129.579,25.761,913.35,0.0,0.0,0.0,72.85,183.8
148.14,129.632,25.778,912.81,0.0,0.0,0.0,72.84,183.8
148.18,129.666,25.789,912.45,0.0,0.0,0.0,72.84,183.81
148.22,129.701,25.8,912.09,0.0,0.0,0.0,72.83,183.81
148.28,129.753,25.816,911.55,0.0,0.0,0.0,72.83,183.81
148.34,129.805,25.833,911.02,0.0,0.0,0.0,72.82,183.82
148.38,129.84,25.844,910.66,0.0,0.0,0.0,72.82,183.82
148.44,129.892,25.86,910.12,0.0,0.0,0.0,72.81,183.83
148.48,129.926,25.871,909.76,0.0,0.0,0.0,72.81,183.83
148.52,129.961,25.882,909.4,0.0,0.0,0.0,72.8,183.83
148.58,130.013,25.898,908.87,0.0,0.0,0.0,72.8,183.84
148.64,130.065,25.915,908.33,0.0,0.0,0.0,72.79,183.84
148.68,130.099,25.926,907.97,0.0,0.0,0.0,72.79,183.85
148.74,130.151,25.942,907.43,0.0,0.0,0.0,72.78,183.85
148.78,130.186,25.953,907.08,0.0,0.0,0.0,72.78,183.86
148.84,130.237,25.97,906.54,0.0,0.0,0.0,72.77,183.86
148.88,130.272,25.981,906.18,0.0,0.0,0.0,72.77,183.87
148.94,130.324,25.997,905.64,0.0,0.0,0.0,72.76,183.87
148.98,130.358,26.008,905.29,0.0,0.0,0.0,72.76,183.87
149.04,130.41,26.025,904.75,0.0,0.0,0.0,72.75,183.88
149.08,130.444,26.036,904.39,0.0,0.0,0.0,72.75,183.88
149.14,130.496,26.052,903.85,0.0,0.0,0.0,72.74,183.89
149.2,130.547,26.069,903.32,0.0,0.0,0.0,72.73,183.89
149.22,130.564,26.074,903.14,0.0,0.0,0.0,72.73,183.89
149.28,130.616,26.09,902.6,0.0,0.0,0.0,72.73,183.9
149.34,130.667,26.107,902.06,0.0,0.0,0.0,72.72,183.9
149.4,130.719,26.123,901.53,0.0,0.0,0.0,72.71,183.91
149.44,130.753,26.134,901.17,0.0,0.0,0.0,72.71,183.91
149.48,130.787,26.145,900.81,0.0,0.0,0.0,72.71,183.92
149.54,130.839,26.162,900.27,0.0,0.0,0.0,72.7,183.92
149.58,130.873,26.173,899.92,0.0,0.0,0.0,72.7,183.92
149.64,130.924,26.189,899.38,0.0,0.0,0.0,72.69,183.93
149.68,130.958,26.2,899.02,0.0,0.0,0.0,72.69,183.93
149.74,131.01,26.217,898.49,0.0,0.0,0.0,72.68,183.94
149.8,131.061,26.233,897.95,0.0,0.0,0.0,72.67,183.94
149.84,131.095,26.244,897.59,0.0,0.0,0.0,72.67,183.95
149.9,131.146,26.261,897.06,0.0,0.0,0.0,72.66,183.95
149.94,131.18,26.272,896.7,0.0,0.0,0.0,72.66,183.95
150.0,131.231,26.288,896.16,0.0,0.0,0.0,72.65,183.96
150.04,131.265,26.299,895.8,0.0,0.0,0.0,72.65,183.96
150.1,131.316,26.315,895.27,0.0,0.0,0.0,72.64,183.97
150.14,131.35,26.326,894.91,0.0,0.0,0.0,72.64,183.97
150.18,131.384,26.337,894.55,0.0,0.0,0.0,72.64,183.97
150.24,131.435,26.354,894.02,0.0,0.0,0.0,72.63,183.98
150.3,131.486,26.37,893.48,0.0,0.0,0.0,72.62,183.98
150.34,131.52,26.381,893.12,0.0,0.0,0.0,72.62,183.99
150.4,131.571,26.398,892.59,0.0,0.0,0.0,72.61,183.99
150.44,131.605,26.409,892.23,0.0,0.0,0.0,72.61,184.0
150.5,131.656,26.425,891.69,0.0,0.0,0.0,72.6,184.0
150.54,131.689,26.436,891.34,0.0,0.0,0.0,72.6,184.0
150.6,131.74,26.453,890.8,0.0,0.0,0.0,72.59,184.01
150.64,131.774,26.464,890.44,0.0,0.0,0.0,72.59,184.01
150.7,131.825,26.48,889.91,0.0,0.0,0.0,72.58,184.02
150.74,131.858,26.491,889.55,0.0,0.0,0.0,72.58,184.02
150.8,131.909,26.507,889.01,0.0,0.0,0.0,72.57,184.03
150.84,131.943,26.518,888.66,0.0,0.0,0.0,72.57,184.03
150.9,131.993,26.535,888.12,0.0,0.0,0.0,72.56,184.03
150.94,132.027,26.546,887.76,0.0,0.0,0.0,72.56,184.04
151.0,132.078,26.562,887.23,0.0,0.0,0.0,72.55,184.04
151.04,132.111,26.573,886.87,0.0,0.0,0.0,72.55,184.05
151.1,132.162,26.59,886.33,0.0,0.0,0.0,72.54,184.05
151.14,132.195,26.601,885.98,0.0,0.0,0.0,72.54,184.05
151.2,132.246,26.617,885.44,0.0,0.0,0.0,72.53,184.06
151.24,132.279,26.628,885.09,0.0,0.0,0.0,72.53,184.06
151.3,132.33,26.645,884.55,0.0,0.0,0.0,72.52,184.07
151.36,132.38,26.661,884.01,0.0,0.0,0.0,72.52,184.07
151.4,132.414,26.672,883.66,0.0,0.0,0.0,72.51,184.08
151.46,132.464,26.688,883.12,0.0,0.0,0.0,72.51,184.08
151.5,132.497,26.699,882.77,0.0,0.0,0.0,72.5,184.08
151.56,132.548,26.716,882.23,0.0,0.0,0.0,72.5,184.09
151.6,132.581,26.727,881.87,0.0,0.0,0.0,72.49,184.09
151.64,132.614,26.738,881.52,0.0,0.0,0.0,72.49,184.09
151.7,132.665,26.754,880.98,0.0,0.0,0.0,72.48,184.1
151.74,132.698,26.765,880.62,0.0,0.0,0.0,72.48,184.1
151.8,132.748,26.782,880.09,0.0,0.0,0.0,72.47,184.11
151.84,132.781,26.793,879.73,0.0,0.0,0.0,72.47,184.11
151.9,132.831,26.809,879.2,0.0,0.0,0.0,72.46,184.12
151.94,132.865,26.82,878.84,0.0,0.0,0.0,72.46,184.12
152.0,132.915,26.837,878.31,0.0,0.0,0.0,72.45,184.12
152.06,132.965,26.853,877.77,0.0,0.0,0.0,72.45,184.13
152.1,132.998,26.864,877.42,0.0,0.0,0.0,72.44,184.13
152.16,133.048,26.88,876.88,0.0,0.0,0.0,72.44,184.14
152.2,133.081,26.891,876.52,0.0,0.0,0.0,72.43,184.14
152.26,133.131,26.908,875.99,0.0,0.0,0.0,72.43,184.15
152.3,133.164,26.919,875.63,0.0,0.0,0.0,72.42,184.15
152.36,133.214,26.935,875.1,0.0,0.0,0.0,72.42,184.15
152.4,133.247,26.946,874.74,0.0,0.0,0.0,72.41,184.16
152.46,133.297,26.963,874.21,0.0,0.0,0.0,72.41,184.16
152.5,133.33,26.974,873.85,0.0,0.0,0.0,72.4,184.16
152.56,133.379,26.99,873.32,0.0,0.0,0.0,72.4,184.17
152.6,133.412,27.001,872.96,0.0,0.0,0.0,72.39,184.17
152.66,133.462,27.017,872.43,0.0,0.0,0.0,72.39,184.18
152.7,133.495,27.028,872.07,0.0,0.0,0.0,72.38,184.18
152.76,133.545,27.045,871.53,0.0,0.0,0.0,72.38,184.19
152.82,133.594,27.061,871.0,0.0,0.0,0.0,72.37,184.19
152.86,133.627,27.072,870.64,0.0,0.0,0.0,72.37,184.19
152.9,133.66,27.083,870.29,0.0,0.0,0.0,72.36,184.2
152.96,133.709,27.1,869.75,0.0,0.0,0.0,72.36,184.2
153.0,133.742,27.111,869.4,0.0,0.0,0.0,72.35,184.2
153.06,133.792,27.127,868.86,0.0,0.0,0.0,72.35,184.21
153.1,133.825,27.138,868.51,0.0,0.0,0.0,72.34,184.21
153.16,133.874,27.155,867.97,0.0,0.0,0.0,72.34,184.22
153.2,133.907,27.166,867.62,0.0,0.0,0.0,72.33,184.22
153.26,133.956,27.182,867.08,0.0,0.0,0.0,72.33,184.23
153.3,133.989,27.193,866.73,0.0,0.0,0.0,72.32,184.23
153.36,134.038,27.209,866.19,0.0,0.0,0.0,72.32,184.23
153.4,134.071,27.22,865.84,0.0,0.0,0.0,72.31,184.24
153.46,134.12,27.237,865.3,0.0,0.0,0.0,72.31,184.24
153.5,134.153,27.248,864.95,0.0,0.0,0.0,72.3,184.24
153.56,134.202,27.264,864.41,0.0,0.0,0.0,72.3,184.25
153.6,134.234,27.275,864.06,0.0,0.0,0.0,72.29,184.25
153.66,134.284,27.292,863.53,0.0,0.0,0.0,72.29,184.26
153.72,134.332,27.308,862.99,0.0,0.0,0.0,72.28,184.26
153.76,134.365,27.319,862.64,0.0,0.0,0.0,72.28,184.27
153.82,134.414,27.335,862.1,0.0,0.0,0.0,72.27,184.27
153.86,134.447,27.346,861.75,0.0,0.0,0.0,72.27,184.27
153.9,134.479,27.357,861.39,0.0,0.0,0.0,72.26,184.28
153.96,134.528,27.374,860.86,0.0,0.0,0.0,72.26,184.28
154.0,134.561,27.385,860.5,0.0,0.0,0.0,72.25,184.28
154.06,134.609,27.401,859.97,0.0,0.0,0.0,72.25,184.29
154.1,134.642,27.412,859.61,0.0,0.0,0.0,72.24,184.29
154.16,134.691,27.429,859.08,0.0,0.0,0.0,72.24,184.3
154.22,134.739,27.445,858.55,0.0,0.0,0.0,72.23,184.3
154.26,134.772,27.456,858.19,0.0,0.0,0.0,72.23,184.3
154.32,134.821,27.473,857.66,0.0,0.0,0.0,72.22,184.31
154.36,134.853,27.483,857.3,0.0,0.0,0.0,72.22,184.31
154.4,134.885,27.494,856.95,0.0,0.0,0.0,72.21,184.32
154.46,134.934,27.511,856.41,0.0,0.0,0.0,72.2,184.32
154.52,134.982,27.527,855.88,0.0,0.0,0.0,72.2,184.33
154.56,135.015,27.538,855.53,0.0,0.0,0.0,72.19,184.33
154.62,135.063,27.555,854.99,0.0,0.0,0.0,72.19,184.33
154.66,135.096,27.566,854.64,0.0,0.0,0.0,72.18,184.34
154.72,135.144,27.582,854.11,0.0,0.0,0.0,72.18,184.34
154.78,135.192,27.599,853.57,0.0,0.0,0.0,72.17,184.35
154.82,135.225,27.61,853.22,0.0,0.0,0.0,72.17,184.35
154.88,135.273,27.626,852.68,0.0,0.0,0.0,72.16,184.35
154.92,135.305,27.637,852.33,0.0,0.0,0.0,72.16,184.36
154.98,135.353,27.653,851.8,0.0,0.0,0.0,72.15,184.36
155.02,135.386,27.664,851.44,0.0,0.0,0.0,72.15,184.36
155.08,135.434,27.681,850.91,0.0,0.0,0.0,72.14,184.37
155.12,135.466,27.692,850.55,0.0,0.0,0.0,72.14,184.37
155.16,135.498,27.703,850.2,0.0,0.0,0.0,72.13,184.38
155.22,135.546,27.719,849.67,0.0,0.0,0.0,72.13,184.38
155.26,135.578,27.73,849.31,0.0,0.0,0.0,72.12,184.38
155.32,135.626,27.747,848.78,0.0,0.0,0.0,72.12,184.39
155.36,135.658,27.758,848.42,0.0,0.0,0.0,72.11,184.39
155.42,135.706,27.774,847.89,0.0,0.0,0.0,72.11,184.4
155.46,135.739,27.785,847.54,0.0,0.0,0.0,72.1,184.4
155.52,135.786,27.801,847.01,0.0,0.0,0.0,72.1,184.4
155.56,135.818,27.812,846.65,0.0,0.0,0.0,72.09,184.41
155.62,135.866,27.829,846.12,0.0,0.0,0.0,72.09,184.41
155.68,135.914,27.845,845.59,0.0,0.0,0.0,72.08,184.42
155.72,135.946,27.856,845.23,0.0,0.0,0.0,72.08,184.42
155.78,135.994,27.873,844.7,0.0,0.0,0.0,72.07,184.42
155.82,136.026,27.884,844.35,0.0,0.0,0.0,72.07,184.43
155.88,136.074,27.9,843.81,0.0,0.0,0.0,72.06,184.43
155.92,136.105,27.911,843.46,0.0,0.0,0.0,72.06,184.43
155.98,136.153,27.927,842.93,0.0,0.0,0.0,72.05,184.44
156.02,136.185,27.938,842.57,0.0,0.0,0.0,72.05,184.44
156.08,136.233,27.955,842.04,0.0,0.0,0.0,72.04,184.45
156.12,136.264,27.966,841.69,0.0,0.0,0.0,72.04,184.45
156.18,136.312,27.982,841.16,0.0,0.0,0.0,72.03,184.45
156.24,136.36,27.999,840.62,0.0,0.0,0.0,72.03,184.46
156.28,136.391,28.01,840.27,0.0,0.0,0.0,72.02,184.46
156.34,136.439,28.026,839.74,0.0,0.0,0.0,72.02,184.47
156.38,136.47,28.037,839.38,0.0,0.0,0.0,72.01,184.47
156.42,136.502,28.048,839.03,0.0,0.0,0.0,72.01,184.47
156.48,136.549,28.064,838.5,0.0,0.0,0.0,72.0,184.48
156.54,136.597,28.081,837.97,0.0,0.0,0.0,72.0,184.48
156.58,136.628,28.092,837.61,0.0,0.0,0.0,71.99,184.48
156.64,136.676,28.108,837.08,0.0,0.0,0.0,71.98,184.49
156.68,136.707,28.119,836.73,0.0,0.0,0.0,71.98,184.49
156.74,136.755,28.136,836.2,0.0,0.0,0.0,71.97,184.5
156.78,136.786,28.147,835.84,0.0,0.0,0.0,71.97,184.5
156.84,136.833,28.163,835.31,0.0,0.0,0.0,71.96,184.5
156.88,136.865,28.174,834.96,0.0,0.0,0.0,71.96,184.51
156.94,136.912,28.19,834.43,0.0,0.0,0.0,71.95,184.51
156.98,136.943,28.201,834.07,0.0,0.0,0.0,71.95,184.51
157.04,136.991,28.218,833.54,0.0,0.0,0.0,71.94,184.52
157.08,137.022,28.229,833.19,0.0,0.0,0.0,71.94,184.52
157.12,137.053,28.24,832.83,0.0,0.0,0.0,71.94,184.53
157.18,137.1,28.256,832.3,0.0,0.0,0.0,71.93,184.53
157.22,137.132,28.267,831.95,0.0,0.0,0.0,71.93,184.53
157.28,137.179,28.284,831.42,0.0,0.0,0.0,71.92,184.54
157.34,137.226,28.3,830.89,0.0,0.0,0.0,71.91,184.54
157.38,137.257,28.311,830.53,0.0,0.0,0.0,71.91,184.54
157.44,137.304,28.327,830.0,0.0,0.0,0.0,71.9,184.55
157.48,137.335,28.338,829.65,0.0,0.0,0.0,71.9,184.55
157.54,137.382,28.355,829.12,0.0,0.0,0.0,71.89,184.56
157.58,137.413,28.366,828.76,0.0,0.0,0.0,71.89,184.56
157.64,137.46,28.382,828.23,0.0,0.0,0.0,71.88,184.56
157.68,137.491,28.393,827.88,0.0,0.0,0.0,71.88,184.57
157.74,137.538,28.41,827.35,0.0,0.0,0.0,71.87,184.57
157.8,137.585,28.426,826.82,0.0,0.0,0.0,71.87,184.58
157.84,137.616,28.437,826.47,0.0,0.0,0.0,71.86,184.58
157.9,137.662,28.453,825.94,0.0,0.0,0.0,71.86,184.58
157.94,137.693,28.464,825.58,0.0,0.0,0.0,71.85,184.59
158.0,137.74,28.481,825.05,0.0,0.0,0.0,71.85,184.59
158.04,137.771,28.492,824.7,0.0,0.0,0.0,71.84,184.59
158.08,137.802,28.503,824.35,0.0,0.0,0.0,71.84,184.6
158.14,137.848,28.519,823.82,0.0,0.0,0.0,71.83,184.6
158.18,137.879,28.53,823.46,0.0,0.0,0.0,71.83,184.6
158.24,137.926,28.547,822.93,0.0,0.0,0.0,71.82,184.61
158.28,137.957,28.557,822.58,0.0,0.0,0.0,71.82,184.61
158.34,138.003,28.574,822.05,0.0,0.0,0.0,71.81,184.62
158.38,138.034,28.585,821.7,0.0,0.0,0.0,71.81,184.62
158.44,138.08,28.601,821.17,0.0,0.0,0.0,71.8,184.62
158.48,138.111,28.612,820.81,0.0,0.0,0.0,71.8,184.63
158.54,138.158,28.629,820.28,0.0,0.0,0.0,71.79,184.63
158.6,138.204,28.645,819.76,0.0,0.0,0.0,71.79,184.64
158.64,138.235,28.656,819.4,0.0,0.0,0.0,71.78,184.64
158.7,138.281,28.673,818.87,0.0,0.0,0.0,71.78,184.64
158.74,138.312,28.683,818.52,0.0,0.0,0.0,71.77,184.65
158.8,138.358,28.7,817.99,0.0,0.0,0.0,71.77,184.65
158.84,138.388,28.711,817.64,0.0,0.0,0.0,71.76,184.65
158.9,138.435,28.727,817.11,0.0,0.0,0.0,71.76,184.66
158.94,138.465,28.738,816.76,0.0,0.0,0.0,71.75,184.66
159.0,138.511,28.755,816.23,0.0,0.0,0.0,71.75,184.67
159.04,138.542,28.766,815.87,0.0,0.0,0.0,71.74,184.67
159.1,138.588,28.782,815.34,0.0,0.0,0.0,71.74,184.67
159.14,138.618,28.793,814.99,0.0,0.0,0.0,71.73,184.68
159.2,138.664,28.809,814.46,0.0,0.0,0.0,71.73,184.68
159.24,138.695,28.82,814.11,0.0,0.0,0.0,71.72,184.68
159.3,138.741,28.837,813.58,0.0,0.0,0.0,71.72,184.69
159.34,138.771,28.848,813.23,0.0,0.0,0.0,71.71,184.69
159.4,138.817,28.864,812.7,0.0,0.0,0.0,71.71,184.7
159.44,138.848,28.875,812.35,0.0,0.0,0.0,71.7,184.7
159.5,138.893,28.892,811.82,0.0,0.0,0.0,71.7,184.7
159.54,138.924,28.903,811.47,0.0,0.0,0.0,71.69,184.71
159.6,138.97,28.919,810.94,0.0,0.0,0.0,71.69,184.71
159.64,139.0,28.93,810.58,0.0,0.0,0.0,71.68,184.71
159.7,139.046,28.946,810.06,0.0,0.0,0.0,71.68,184.72
159.76,139.091,28.963,809.53,0.0,0.0,0.0,71.67,184.72
159.8,139.122,28.974,809.18,0.0,0.0,0.0,71.67,184.72
159.86,139.167,28.99,808.65,0.0,0.0,0.0,71.66,184.73
159.9,139.197,29.001,808.29,0.0,0.0,0.0,71.66,184.73
159.96,139.243,29.018,807.77,0.0,0.0,0.0,71.65,184.74
160.0,139.273,29.028,807.41,0.0,0.0,0.0,71.65,184.74
160.06,139.319,29.045,806.89,0.0,0.0,0.0,71.64,184.74
160.1,139.349,29.056,806.53,0.0,0.0,0.0,71.64,184.75
160.16,139.394,29.072,806.01,0.0,0.0,0.0,71.63,184.75
160.2,139.424,29.083,805.65,0.0,0.0,0.0,71.63,184.75
160.26,139.47,29.1,805.13,0.0,0.0,0.0,71.62,184.76
160.3,139.5,29.111,804.77,0.0,0.0,0.0,71.62,184.76
160.34,139.53,29.122,804.42,0.0,0.0,0.0,71.61,184.76
160.4,139.575,29.138,803.89,0.0,0.0,0.0,71.6,184.77
160.46,139.621,29.154,803.37,0.0,0.0,0.0,71.6,184.77
160.5,139.651,29.165,803.01,0.0,0.0,0.0,71.59,184.78
160.56,139.696,29.182,802.49,0.0,0.0,0.0,71.59,184.78
160.6,139.726,29.193,802.13,0.0,0.0,0.0,71.58,184.78
160.66,139.771,29.209,801.61,0.0,0.0,0.0,71.58,184.79
160.7,139.801,29.22,801.25,0.0,0.0,0.0,71.57,184.79
160.76,139.846,29.237,800.73,0.0,0.0,0.0,71.57,184.79
160.8,139.876,29.248,800.38,0.0,0.0,0.0,71.56,184.8
160.86,139.921,29.264,799.85,0.0,0.0,0.0,71.56,184.8
160.92,139.966,29.28,799.32,0.0,0.0,0.0,71.55,184.81
160.96,139.996,29.291,798.97,0.0,0.0,0.0,71.55,184.81
161.0,140.026,29.302,798.62,0.0,0.0,0.0,71.54,184.81
161.06,140.071,29.319,798.09,0.0,0.0,0.0,71.54,184.82
161.1,140.101,29.33,797.74,0.0,0.0,0.0,71.53,184.82
161.16,140.145,29.346,797.21,0.0,0.0,0.0,71.53,184.82
161.2,140.175,29.357,796.86,0.0,0.0,0.0,71.52,184.83
161.26,140.22,29.373,796.33,0.0,0.0,0.0,71.52,184.83
161.32,140.265,29.39,795.81,0.0,0.0,0.0,71.51,184.83
161.36,140.294,29.401,795.45,0.0,0.0,0.0,71.51,184.84
161.42,140.339,29.417,794.93,0.0,0.0,0.0,71.5,184.84
161.46,140.369,29.428,794.58,0.0,0.0,0.0,71.5,184.84
161.52,140.413,29.445,794.05,0.0,0.0,0.0,71.49,184.85
161.56,140.443,29.456,793.7,0.0,0.0,0.0,71.49,184.85
161.62,140.488,29.472,793.17,0.0,0.0,0.0,71.48,184.86
161.66,140.517,29.483,792.82,0.0,0.0,0.0,71.48,184.86
161.7,140.547,29.494,792.47,0.0,0.0,0.0,71.47,184.86
161.76,140.592,29.51,791.94,0.0,0.0,0.0,71.47,184.87
161.8,140.621,29.521,791.59,0.0,0.0,0.0,71.46,184.87
161.86,140.666,29.538,791.06,0.0,0.0,0.0,71.46,184.87
161.9,140.695,29.549,790.71,0.0,0.0,0.0,71.45,184.88
161.96,140.739,29.565,790.19,0.0,0.0,0.0,71.45,184.88
162.0,140.769,29.576,789.84,0.0,0.0,0.0,71.44,184.88
162.06,140.813,29.592,789.31,0.0,0.0,0.0,71.44,184.89
162.12,140.858,29.609,788.78,0.0,0.0,0.0,71.43,184.89
162.16,140.887,29.62,788.43,0.0,0.0,0.0,71.43,184.89
162.22,140.931,29.636,787.91,0.0,0.0,0.0,71.42,184.9
162.26,140.961,29.647,787.55,0.0,0.0,0.0,71.42,184.9
162.32,141.005,29.664,787.03,0.0,0.0,0.0,71.41,184.9
162.36,141.034,29.675,786.68,0.0,0.0,0.0,71.41,184.91
162.42,141.078,29.691,786.15,0.0,0.0,0.0,71.4,184.91
162.46,141.108,29.702,785.8,0.0,0.0,0.0,71.4,184.91
162.52,141.152,29.718,785.28,0.0,0.0,0.0,71.39,184.92
162.56,141.181,29.729,784.92,0.0,0.0,0.0,71.39,184.92
162.62,141.225,29.746,784.4,0.0,0.0,0.0,71.38,184.93
162.66,141.254,29.757,784.05,0.0,0.0,0.0,71.38,184.93
162.72,141.298,29.773,783.52,0.0,0.0,0.0,71.37,184.93
162.76,141.328,29.784,783.17,0.0,0.0,0.0,71.37,184.94
162.82,141.372,29.8,782.65,0.0,0.0,0.0,71.36,184.94
162.86,141.401,29.811,782.3,0.0,0.0,0.0,71.36,184.94
162.92,141.445,29.828,781.77,0.0,0.0,0.0,71.35,184.95
162.96,141.474,29.839,781.42,0.0,0.0,0.0,71.35,184.95
163.02,141.518,29.855,780.89,0.0,0.0,0.0,71.34,184.95
163.06,141.547,29.866,780.54,0.0,0.0,0.0,71.34,184.96
163.12,141.59,29.883,780.02,0.0,0.0,0.0,71.33,184.96
163.18,141.634,29.899,779.49,0.0,0.0,0.0,71.32,184.97
163.22,141.663,29.91,779.14,0.0,0.0,0.0,71.32,184.97
163.26,141.692,29.921,778.79,0.0,0.0,0.0,71.32,184.97
163.32,141.736,29.937,778.27,0.0,0.0,0.0,71.31,184.97
163.36,141.765,29.948,777.92,0.0,0.0,0.0,71.31,184.98
163.42,141.808,29.965,777.39,0.0,0.0,0.0,71.3,184.98
163.46,141.837,29.976,777.04,0.0,0.0,0.0,71.3,184.98
163.52,141.881,29.992,776.52,0.0,0.0,0.0,71.29,184.99
163.56,141.91,30.003,776.17,0.0,0.0,0.0,71.29,184.99
163.62,141.953,30.019,775.64,0.0,0.0,0.0,71.28,185.0
163.66,141.982,30.03,775.29,0.0,0.0,0.0,71.28,185.0
163.72,142.026,30.047,774.77,0.0,0.0,0.0,71.27,185.0
163.76,142.054,30.058,774.42,0.0,0.0,0.0,71.26,185.01
163.82,142.098,30.074,773.89,0.0,0.0,0.0,71.26,185.01
163.88,142.141,30.09,773.37,0.0,0.0,0.0,71.25,185.01
163.92,142.17,30.101,773.02,0.0,0.0,0.0,71.25,185.02
163.96,142.199,30.112,772.67,0.0,0.0,0.0,71.24,185.02
164.02,142.242,30.129,772.15,0.0,0.0,0.0,71.24,185.02
164.08,142.285,30.145,771.62,0.0,0.0,0.0,71.23,185.03
164.12,142.314,30.156,771.27,0.0,0.0,0.0,71.23,185.03
164.18,142.357,30.173,770.75,0.0,0.0,0.0,71.22,185.03
164.22,142.386,30.184,770.4,0.0,0.0,0.0,71.22,185.04
164.28,142.429,30.2,769.87,0.0,0.0,0.0,71.21,185.04
164.34,142.472,30.216,769.35,0.0,0.0,0.0,71.21,185.05
164.38,142.5,30.227,769.0,0.0,0.0,0.0,71.2,185.05
164.44,142.543,30.244,768.48,0.0,0.0,0.0,71.2,185.05
164.46,142.558,30.249,768.3,0.0,0.0,0.0,71.19,185.05
164.52,142.601,30.266,767.78,0.0,0.0,0.0,71.19,185.06
164.54,142.615,30.271,767.6,0.0,0.0,0.0,71.19,185.06
164.54,142.615,30.271,767.6,0.0,0.0,0.0,71.19,185.06
164.62,142.672,30.293,766.9,0.0,0.0,0.0,71.18,185.06
164.68,142.715,30.309,766.38,0.0,0.0,0.0,71.17,185.07
164.72,142.743,30.32,766.03,0.0,0.0,0.0,71.17,185.07
164.76,142.772,30.331,765.68,0.0,0.0,0.0,71.16,185.07
164.82,142.815,30.348,765.16,0.0,0.0,0.0,71.16,185.08
164.86,142.843,30.359,764.81,0.0,0.0,0.0,71.15,185.08
164.92,142.886,30.375,764.29,0.0,0.0,0.0,71.15,185.08
164.96,142.914,30.386,763.94,0.0,0.0,0.0,71.14,185.09
165.02,142.957,30.402,763.41,0.0,0.0,0.0,71.14,185.09
165.06,142.985,30.413,763.07,0.0,0.0,0.0,71.13,185.09
165.12,143.028,30.43,762.54,0.0,0.0,0.0,71.13,185.1
165.18,143.07,30.446,762.02,0.0,0.0,0.0,71.12,185.1
165.22,143.099,30.457,761.67,0.0,0.0,0.0,71.12,185.11
165.28,143.141,30.474,761.15,0.0,0.0,0.0,71.11,185.11
165.32,143.17,30.484,760.8,0.0,0.0,0.0,71.11,185.11
165.38,143.212,30.501,760.28,0.0,0.0,0.0,71.1,185.12
165.42,143.24,30.512,759.93,0.0,0.0,0.0,71.1,185.12
165.48,143.283,30.528,759.4,0.0,0.0,0.0,71.09,185.12
165.52,143.311,30.539,759.05,0.0,0.0,0.0,71.09,185.13
165.58,143.353,30.556,758.53,0.0,0.0,0.0,71.08,185.13
165.62,143.381,30.567,758.18,0.0,0.0,0.0,71.08,185.13
165.68,143.424,30.583,757.66,0.0,0.0,0.0,71.07,185.14
165.72,143.452,30.594,757.31,0.0,0.0,0.0,71.07,185.14
165.78,143.494,30.61,756.79,0.0,0.0,0.0,71.06,185.14
165.82,143.522,30.621,756.44,0.0,0.0,0.0,71.06,185.15
165.88,143.564,30.638,755.92,0.0,0.0,0.0,71.05,185.15
165.92,143.592,30.649,755.57,0.0,0.0,0.0,71.05,185.15
165.98,143.634,30.665,755.05,0.0,0.0,0.0,71.04,185.16
166.02,143.662,30.676,754.7,0.0,0.0,0.0,71.04,185.16
166.08,143.704,30.692,754.18,0.0,0.0,0.0,71.03,185.16
166.12,143.733,30.703,753.83,0.0,0.0,0.0,71.03,185.17
166.18,143.774,30.72,753.31,0.0,0.0,0.0,71.02,185.17
166.24,143.816,30.736,752.79,0.0,0.0,0.0,71.01,185.17
166.28,143.844,30.747,752.44,0.0,0.0,0.0,71.01,185.18
166.34,143.886,30.763,751.92,0.0,0.0,0.0,71.0,185.18
166.38,143.914,30.774,751.57,0.0,0.0,0.0,71.0,185.18
166.44,143.956,30.791,751.05,0.0,0.0,0.0,70.99,185.19
166.48,143.984,30.802,750.7,0.0,0.0,0.0,70.99,185.19
166.54,144.026,30.818,750.18,0.0,0.0,0.0,70.98,185.19
166.58,144.054,30.829,749.83,0.0,0.0,0.0,70.98,185.2
166.64,144.095,30.846,749.31,0.0,0.0,0.0,70.97,185.2
166.68,144.123,30.856,748.96,0.0,0.0,0.0,70.97,185.2
166.74,144.165,30.873,748.44,0.0,0.0,0.0,70.96,185.21
166.78,144.192,30.884,748.09,0.0,0.0,0.0,70.96,185.21
166.82,144.22,30.895,747.74,0.0,0.0,0.0,70.95,185.21
166.88,144.262,30.911,747.22,0.0,0.0,0.0,70.95,185.22
166.92,144.289,30.922,746.87,0.0,0.0,0.0,70.94,185.22
166.98,144.331,30.939,746.35,0.0,0.0,0.0,70.94,185.22
167.02,144.359,30.949,746.0,0.0,0.0,0.0,70.93,185.23
167.08,144.4,30.966,745.48,0.0,0.0,0.0,70.93,185.23
167.14,144.442,30.982,744.96,0.0,0.0,0.0,70.92,185.23
167.18,144.469,30.993,744.61,0.0,0.0,0.0,70.92,185.24
167.24,144.511,31.01,744.09,0.0,0.0,0.0,70.91,185.24
167.28,144.538,31.021,743.75,0.0,0.0,0.0,70.91,185.24
167.34,144.58,31.037,743.22,0.0,0.0,0.0,70.9,185.25
167.38,144.607,31.048,742.88,0.0,0.0,0.0,70.9,185.25
167.44,144.648,31.064,742.36,0.0,0.0,0.0,70.89,185.25
167.48,144.676,31.075,742.01,0.0,0.0,0.0,70.89,185.26
167.54,144.717,31.092,741.49,0.0,0.0,0.0,70.88,185.26
167.58,144.744,31.103,741.14,0.0,0.0,0.0,70.88,185.26
167.64,144.786,31.119,740.62,0.0,0.0,0.0,70.87,185.27
167.7,144.827,31.135,740.1,0.0,0.0,0.0,70.87,185.27
167.74,144.854,31.146,739.75,0.0,0.0,0.0,70.86,185.27
167.8,144.895,31.163,739.23,0.0,0.0,0.0,70.86,185.28
167.84,144.923,31.174,738.89,0.0,0.0,0.0,70.85,185.28
167.9,144.964,31.19,738.37,0.0,0.0,0.0,70.85,185.28
167.94,144.991,31.201,738.02,0.0,0.0,0.0,70.84,185.29
167.98,145.018,31.212,737.67,0.0,0.0,0.0,70.84,185.29
168.04,145.059,31.228,737.15,0.0,0.0,0.0,70.83,185.29
168.1,145.1,31.245,736.63,0.0,0.0,0.0,70.83,185.3
168.14,145.127,31.256,736.29,0.0,0.0,0.0,70.82,185.3
168.18,145.155,31.267,735.94,0.0,0.0,0.0,70.82,185.3
168.24,145.195,31.283,735.42,0.0,0.0,0.0,70.81,185.31
168.28,145.223,31.294,735.07,0.0,0.0,0.0,70.81,185.31
168.34,145.263,31.311,734.55,0.0,0.0,0.0,70.8,185.32
168.4,145.304,31.327,734.03,0.0,0.0,0.0,70.79,185.32
168.44,145.331,31.338,733.69,0.0,0.0,0.0,70.79,185.32
168.48,145.358,31.349,733.34,0.0,0.0,0.0,70.79,185.33
168.54,145.399,31.366,732.82,0.0,0.0,0.0,70.78,185.33
168.6,145.44,31.382,732.3,0.0,0.0,0.0,70.77,185.34
168.64,145.467,31.393,731.95,0.0,0.0,0.0,70.77,185.34
168.68,145.494,31.404,731.61,0.0,0.0,0.0,70.77,185.34
168.74,145.534,31.421,731.09,0.0,0.0,0.0,70.76,185.35
168.8,145.575,31.438,730.57,0.0,0.0,0.0,70.75,185.35
168.84,145.602,31.449,730.22,0.0,0.0,0.0,70.75,185.35
168.9,145.642,31.465,729.7,0.0,0.0,0.0,70.74,185.36
168.94,145.669,31.476,729.36,0.0,0.0,0.0,70.74,185.36
169.0,145.71,31.493,728.84,0.0,0.0,0.0,70.73,185.37
169.04,145.737,31.504,728.49,0.0,0.0,0.0,70.73,185.37
169.1,145.777,31.52,727.97,0.0,0.0,0.0,70.72,185.37
169.16,145.817,31.537,727.46,0.0,0.0,0.0,70.72,185.38
169.2,145.844,31.548,727.11,0.0,0.0,0.0,70.71,185.38
169.24,145.871,31.559,726.76,0.0,0.0,0.0,70.71,185.38
169.3,145.911,31.576,726.25,0.0,0.0,0.0,70.7,185.39
169.36,145.951,31.592,725.73,0.0,0.0,0.0,70.7,185.39
169.4,145.978,31.603,725.38,0.0,0.0,0.0,70.69,185.4
169.44,146.005,31.615,725.04,0.0,0.0,0.0,70.69,185.4
169.5,146.045,31.631,724.52,0.0,0.0,0.0,70.68,185.4
169.54,146.072,31.642,724.17,0.0,0.0,0.0,70.68,185.41
169.6,146.112,31.659,723.65,0.0,0.0,0.0,70.67,185.41
169.64,146.138,31.67,723.31,0.0,0.0,0.0,70.67,185.41
169.7,146.178,31.687,722.79,0.0,0.0,0.0,70.66,185.42
169.74,146.205,31.698,722.44,0.0,0.0,0.0,70.66,185.42
169.8,146.245,31.715,721.93,0.0,0.0,0.0,70.65,185.43
169.86,146.285,31.731,721.41,0.0,0.0,0.0,70.65,185.43
169.9,146.312,31.742,721.06,0.0,0.0,0.0,70.64,185.43
169.94,146.338,31.753,720.72,0.0,0.0,0.0,70.64,185.44
170.0,146.378,31.77,720.2,0.0,0.0,0.0,70.63,185.44
170.06,146.418,31.787,719.68,0.0,0.0,0.0,70.63,185.44
170.1,146.444,31.798,719.34,0.0,0.0,0.0,70.62,185.45
170.14,146.471,31.809,718.99,0.0,0.0,0.0,70.62,185.45
170.2,146.51,31.826,718.47,0.0,0.0,0.0,70.61,185.46
170.26,146.55,31.843,717.96,0.0,0.0,0.0,70.61,185.46
170.3,146.577,31.854,717.61,0.0,0.0,0.0,70.6,185.46
170.36,146.616,31.871,717.09,0.0,0.0,0.0,70.6,185.47
170.4,146.643,31.882,716.75,0.0,0.0,0.0,70.59,185.47
170.46,146.682,31.899,716.23,0.0,0.0,0.0,70.59,185.47
170.5,146.709,31.91,715.89,0.0,0.0,0.0,70.58,185.48
170.56,146.748,31.926,715.37,0.0,0.0,0.0,70.57,185.48
170.6,146.774,31.938,715.03,0.0,0.0,0.0,70.57,185.48
170.66,146.814,31.954,714.51,0.0,0.0,0.0,70.56,185.49
170.7,146.84,31.966,714.16,0.0,0.0,0.0,70.56,185.49
170.76,146.88,31.982,713.65,0.0,0.0,0.0,70.55,185.5
170.8,146.906,31.994,713.3,0.0,0.0,0.0,70.55,185.5
170.86,146.945,32.01,712.79,0.0,0.0,0.0,70.54,185.5
170.9,146.971,32.022,712.44,0.0,0.0,0.0,70.54,185.51
170.96,147.011,32.038,711.92,0.0,0.0,0.0,70.53,185.51
171.0,147.037,32.05,711.58,0.0,0.0,0.0,70.53,185.51
171.06,147.076,32.067,711.06,0.0,0.0,0.0,70.52,185.52
171.1,147.102,32.078,710.72,0.0,0.0,0.0,70.52,185.52
171.16,147.141,32.095,710.2,0.0,0.0,0.0,70.51,185.53
171.2,147.168,32.106,709.86,0.0,0.0,0.0,70.51,185.53
171.26,147.207,32.123,709.34,0.0,0.0,0.0,70.5,185.53
171.3,147.233,32.134,709.0,0.0,0.0,0.0,70.5,185.54
171.36,147.272,32.151,708.48,0.0,0.0,0.0,70.49,185.54
171.4,147.298,32.162,708.14,0.0,0.0,0.0,70.49,185.54
171.46,147.337,32.179,707.62,0.0,0.0,0.0,70.48,185.55
171.52,147.376,32.196,707.11,0.0,0.0,0.0,70.48,185.55
171.56,147.402,32.207,706.76,0.0,0.0,0.0,70.47,185.55
171.6,147.428,32.218,706.42,0.0,0.0,0.0,70.47,185.56
171.66,147.467,32.235,705.9,0.0,0.0,0.0,70.46,185.56
171.72,147.506,32.252,705.39,0.0,0.0,0.0,70.46,185.57
171.76,147.531,32.263,705.04,0.0,0.0,0.0,70.45,185.57
171.82,147.57,32.28,704.53,0.0,0.0,0.0,70.45,185.57
171.86,147.596,32.292,704.18,0.0,0.0,0.0,70.44,185.58
171.92,147.635,32.309,703.67,0.0,0.0,0.0,70.44,185.58
171.96,147.661,32.32,703.32,0.0,0.0,0.0,70.43,185.58
172.02,147.699,32.337,702.81,0.0,0.0,0.0,70.43,185.59
172.06,147.725,32.348,702.47,0.0,0.0,0.0,70.42,185.59
172.12,147.764,32.365,701.95,0.0,0.0,0.0,70.42,185.59
172.16,147.79,32.376,701.61,0.0,0.0,0.0,70.41,185.6
172.22,147.828,32.393,701.09,0.0,0.0,0.0,70.41,185.6
172.26,147.854,32.405,700.75,0.0,0.0,0.0,70.4,185.61
172.32,147.892,32.422,700.23,0.0,0.0,0.0,70.4,185.61
172.36,147.918,32.433,699.89,0.0,0.0,0.0,70.39,185.61
172.42,147.957,32.45,699.38,0.0,0.0,0.0,70.39,185.62
172.46,147.982,32.461,699.03,0.0,0.0,0.0,70.38,185.62
172.52,148.021,32.478,698.52,0.0,0.0,0.0,70.38,185.62
172.56,148.046,32.49,698.18,0.0,0.0,0.0,70.37,185.63
172.62,148.085,32.507,697.66,0.0,0.0,0.0,70.37,185.63
172.66,148.11,32.518,697.32,0.0,0.0,0.0,70.36,185.63
172.72,148.148,32.535,696.8,0.0,0.0,0.0,70.36,185.64
172.76,148.174,32.547,696.46,0.0,0.0,0.0,70.35,185.64
172.82,148.212,32.564,695.95,0.0,0.0,0.0,70.34,185.65
172.88,148.25,32.581,695.43,0.0,0.0,0.0,70.34,185.65
172.92,148.276,32.592,695.09,0.0,0.0,0.0,70.33,185.65
172.96,148.301,32.603,694.75,0.0,0.0,0.0,70.33,185.66
173.02,148.339,32.62,694.23,0.0,0.0,0.0,70.32,185.66
173.08,148.378,32.637,693.72,0.0,0.0,0.0,70.32,185.66
173.12,148.403,32.649,693.38,0.0,0.0,0.0,70.31,185.67
173.16,148.428,32.66,693.03,0.0,0.0,0.0,70.31,185.67
173.22,148.466,32.677,692.52,0.0,0.0,0.0,70.3,185.67
173.28,148.504,32.694,692.01,0.0,0.0,0.0,70.3,185.68
173.32,148.53,32.706,691.66,0.0,0.0,0.0,70.29,185.68
173.38,148.568,32.723,691.15,0.0,0.0,0.0,70.29,185.68
173.42,148.593,32.734,690.81,0.0,0.0,0.0,70.28,185.69
173.48,148.631,32.751,690.29,0.0,0.0,0.0,70.28,185.69
173.52,148.656,32.763,689.95,0.0,0.0,0.0,70.27,185.69
173.58,148.694,32.78,689.44,0.0,0.0,0.0,70.27,185.7
173.62,148.719,32.791,689.1,0.0,0.0,0.0,70.26,185.7
173.66,148.744,32.803,688.75,0.0,0.0,0.0,70.26,185.7
173.72,148.782,32.82,688.24,0.0,0.0,0.0,70.25,185.71
173.78,148.82,32.837,687.73,0.0,0.0,0.0,70.25,185.71
173.82,148.845,32.849,687.39,0.0,0.0,0.0,70.24,185.72
173.86,148.87,32.86,687.04,0.0,0.0,0.0,70.24,185.72
173.92,148.908,32.877,686.53,0.0,0.0,0.0,70.23,185.72
173.98,148.945,32.894,686.02,0.0,0.0,0.0,70.23,185.73
174.02,148.97,32.906,685.68,0.0,0.0,0.0,70.22,185.73
174.08,149.008,32.923,685.17,0.0,0.0,0.0,70.22,185.73
174.12,149.033,32.934,684.82,0.0,0.0,0.0,70.21,185.74
174.18,149.07,32.952,684.31,0.0,0.0,0.0,70.21,185.74
174.22,149.095,32.963,683.97,0.0,0.0,0.0,70.2,185.74
174.28,149.133,32.98,683.46,0.0,0.0,0.0,70.2,185.75
174.34,149.17,32.998,682.94,0.0,0.0,0.0,70.19,185.75
174.38,149.195,33.009,682.6,0.0,0.0,0.0,70.19,185.76
174.42,149.22,33.021,682.26,0.0,0.0,0.0,70.18,185.76
174.48,149.257,33.038,681.75,0.0,0.0,0.0,70.18,185.76
174.52,149.282,33.049,681.41,0.0,0.0,0.0,70.17,185.77
174.58,149.319,33.067,680.9,0.0,0.0,0.0,70.17,185.77
174.64,149.357,33.084,680.39,0.0,0.0,0.0,70.16,185.77
174.68,149.381,33.095,680.04,0.0,0.0,0.0,70.16,185.78
174.72,149.406,33.107,679.7,0.0,0.0,0.0,70.15,185.78
174.78,149.443,33.124,679.19,0.0,0.0,0.0,70.15,185.78
174.84,149.48,33.141,678.68,0.0,0.0,0.0,70.14,185.79
174.88,149.505,33.153,678.34,0.0,0.0,0.0,70.13,185.79
174.92,149.53,33.164,678.0,0.0,0.0,0.0,70.13,185.79
174.98,149.567,33.182,677.49,0.0,0.0,0.0,70.12,185.8
175.04,149.604,33.199,676.98,0.0,0.0,0.0,70.12,185.8
175.08,149.629,33.21,676.63,0.0,0.0,0.0,70.11,185.8
175.12,149.653,33.222,676.29,0.0,0.0,0.0,70.11,185.81
175.18,149.69,33.239,675.78,0.0,0.0,0.0,70.1,185.81
175.24,149.727,33.257,675.27,0.0,0.0,0.0,70.1,185.82
175.28,149.752,33.268,674.93,0.0,0.0,0.0,70.09,185.82
175.34,149.788,33.285,674.42,0.0,0.0,0.0,70.09,185.82
175.38,149.813,33.297,674.08,0.0,0.0,0.0,70.08,185.83
175.44,149.85,33.314,673.57,0.0,0.0,0.0,70.08,185.83
175.48,149.874,33.326,673.23,0.0,0.0,0.0,70.07,185.83
175.54,149.911,33.343,672.72,0.0,0.0,0.0,70.07,185.84
175.58,149.935,33.355,672.38,0.0,0.0,0.0,70.06,185.84
175.64,149.972,33.372,671.87,0.0,0.0,0.0,70.06,185.84
175.68,149.997,33.384,671.53,0.0,0.0,0.0,70.05,185.85
175.74,150.033,33.401,671.02,0.0,0.0,0.0,70.05,185.85
175.78,150.058,33.413,670.68,0.0,0.0,0.0,70.04,185.85
175.84,150.094,33.43,670.17,0.0,0.0,0.0,70.04,185.86
175.9,150.131,33.447,669.66,0.0,0.0,0.0,70.03,185.86
175.94,150.155,33.459,669.32,0.0,0.0,0.0,70.03,185.86
175.98,150.179,33.471,668.98,0.0,0.0,0.0,70.02,185.87
176.04,150.216,33.488,668.47,0.0,0.0,0.0,70.02,185.87
176.1,150.252,33.505,667.96,0.0,0.0,0.0,70.01,185.87
176.14,150.276,33.517,667.62,0.0,0.0,0.0,70.01,185.88
176.18,150.301,33.529,667.28,0.0,0.0,0.0,70.0,185.88
176.24,150.337,33.546,666.77,0.0,0.0,0.0,70.0,185.88
176.3,150.373,33.564,666.26,0.0,0.0,0.0,69.99,185.89
176.34,150.397,33.575,665.92,0.0,0.0,0.0,69.99,185.89
176.38,150.422,33.587,665.58,0.0,0.0,0.0,69.98,185.89
176.44,150.458,33.604,665.07,0.0,0.0,0.0,69.98,185.9
176.5,150.494,33.622,664.56,0.0,0.0,0.0,69.97,185.9
176.54,150.518,33.633,664.22,0.0,0.0,0.0,69.97,185.9
176.6,150.554,33.651,663.71,0.0,0.0,0.0,69.96,185.91
176.64,150.578,33.662,663.37,0.0,0.0,0.0,69.96,185.91
176.68,150.602,33.674,663.04,0.0,0.0,0.0,69.95,185.91
176.74,150.638,33.692,662.53,0.0,0.0,0.0,69.95,185.92
176.8,150.674,33.709,662.02,0.0,0.0,0.0,69.94,185.92
176.84,150.698,33.721,661.68,0.0,0.0,0.0,69.94,185.93
176.88,150.722,33.732,661.34,0.0,0.0,0.0,69.93,185.93
176.94,150.758,33.75,660.83,0.0,0.0,0.0,69.92,185.93
177.0,150.794,33.767,660.32,0.0,0.0,0.0,69.92,185.94
177.04,150.818,33.779,659.98,0.0,0.0,0.0,69.91,185.94
177.08,150.842,33.791,659.65,0.0,0.0,0.0,69.91,185.94
177.14,150.878,33.808,659.14,0.0,0.0,0.0,69.9,185.95
177.2,150.914,33.826,658.63,0.0,0.0,0.0,69.9,185.95
177.24,150.938,33.837,658.29,0.0,0.0,0.0,69.89,185.95
177.3,150.973,33.855,657.78,0.0,0.0,0.0,69.89,185.96
177.36,151.009,33.872,657.28,0.0,0.0,0.0,69.88,185.96
177.4,151.033,33.884,656.94,0.0,0.0,0.0,69.88,185.96
177.44,151.057,33.896,656.6,0.0,0.0,0.0,69.87,185.97
177.5,151.092,33.913,656.09,0.0,0.0,0.0,69.87,185.97
177.54,151.116,33.925,655.75,0.0,0.0,0.0,69.86,185.97
177.6,151.151,33.943,655.25,0.0,0.0,0.0,69.86,185.98
177.64,151.175,33.954,654.91,0.0,0.0,0.0,69.85,185.98
177.7,151.211,33.972,654.4,0.0,0.0,0.0,69.85,185.98
177.76,151.246,33.989,653.89,0.0,0.0,0.0,69.84,185.99
177.8,151.27,34.001,653.55,0.0,0.0,0.0,69.84,185.99
177.84,151.293,34.013,653.22,0.0,0.0,0.0,69.83,185.99
177.9,151.329,34.031,652.71,0.0,0.0,0.0,69.83,186.0
177.94,151.352,34.042,652.37,0.0,0.0,0.0,69.82,186.0
178.0,151.388,34.06,651.86,0.0,0.0,0.0,69.82,186.0
178.06,151.423,34.077,651.36,0.0,0.0,0.0,69.81,186.01
178.1,151.447,34.089,651.02,0.0,0.0,0.0,69.81,186.01
178.14,151.47,34.101,650.68,0.0,0.0,0.0,69.8,186.01
178.2,151.505,34.119,650.18,0.0,0.0,0.0,69.8,186.02
178.26,151.541,34.136,649.67,0.0,0.0,0.0,69.79,186.02
178.3,151.564,34.148,649.33,0.0,0.0,0.0,69.79,186.02
178.34,151.587,34.16,648.99,0.0,0.0,0.0,69.78,186.03
178.4,151.623,34.177,648.49,0.0,0.0,0.0,69.78,186.03
178.46,151.658,34.195,647.98,0.0,0.0,0.0,69.77,186.03
178.5,151.681,34.207,647.65,0.0,0.0,0.0,69.77,186.04
178.56,151.716,34.224,647.14,0.0,0.0,0.0,69.76,186.04
178.6,151.739,34.236,646.8,0.0,0.0,0.0,69.76,186.04
178.66,151.774,34.254,646.3,0.0,0.0,0.0,69.75,186.05
178.7,151.798,34.266,645.96,0.0,0.0,0.0,69.75,186.05
178.76,151.833,34.283,645.45,0.0,0.0,0.0,69.74,186.05
178.8,151.856,34.295,645.12,0.0,0.0,0.0,69.74,186.06
178.86,151.891,34.313,644.61,0.0,0.0,0.0,69.73,186.06
178.9,151.914,34.325,644.27,0.0,0.0,0.0,69.72,186.06
178.96,151.949,34.342,643.77,0.0,0.0,0.0,69.72,186.07
179.0,151.972,34.354,643.43,0.0,0.0,0.0,69.71,186.07
179.06,152.007,34.372,642.93,0.0,0.0,0.0,69.71,186.07
179.1,152.03,34.384,642.59,0.0,0.0,0.0,69.7,186.08
179.16,152.065,34.401,642.09,0.0,0.0,0.0,69.7,186.08
179.2,152.088,34.413,641.75,0.0,0.0,0.0,69.69,186.08
179.26,152.122,34.431,641.24,0.0,0.0,0.0,69.69,186.09
179.32,152.157,34.449,640.74,0.0,0.0,0.0,69.68,186.09
179.36,152.18,34.46,640.4,0.0,0.0,0.0,69.68,186.09
179.4,152.203,34.472,640.07,0.0,0.0,0.0,69.67,186.1
179.46,152.237,34.49,639.56,0.0,0.0,0.0,69.67,186.1
179.52,152.272,34.508,639.06,0.0,0.0,0.0,69.66,186.1
179.56,152.295,34.52,638.72,0.0,0.0,0.0,69.66,186.11
179.6,152.318,34.531,638.39,0.0,0.0,0.0,69.65,186.11
179.66,152.352,34.549,637.88,0.0,0.0,0.0,69.65,186.11
179.72,152.387,34.567,637.38,0.0,0.0,0.0,69.64,186.12
179.76,152.41,34.579,637.04,0.0,0.0,0.0,69.64,186.12
179.8,152.432,34.591,636.71,0.0,0.0,0.0,69.63,186.12
179.86,152.467,34.608,636.2,0.0,0.0,0.0,69.63,186.13
179.92,152.501,34.626,635.7,0.0,0.0,0.0,69.62,186.13
179.96,152.524,34.638,635.36,0.0,0.0,0.0,69.62,186.13
180.0,152.547,34.65,635.03,0.0,0.0,0.0,69.61,186.14
180.06,152.581,34.668,634.52,0.0,0.0,0.0,69.61,186.14
180.12,152.615,34.686,634.02,0.0,0.0,0.0,69.6,186.14
180.16,152.638,34.697,633.69,0.0,0.0,0.0,69.6,186.15
180.22,152.672,34.715,633.18,0.0,0.0,0.0,69.59,186.15
180.26,152.695,34.727,632.85,0.0,0.0,0.0,69.59,186.15
180.32,152.729,34.745,632.34,0.0,0.0,0.0,69.58,186.16
180.36,152.751,34.757,632.01,0.0,0.0,0.0,69.58,186.16
180.42,152.785,34.775,631.51,0.0,0.0,0.0,69.57,186.16
180.46,152.808,34.787,631.17,0.0,0.0,0.0,69.57,186.17
180.52,152.842,34.804,630.67,0.0,0.0,0.0,69.56,186.17
180.56,152.865,34.816,630.33,0.0,0.0,0.0,69.56,186.17
180.62,152.898,34.834,629.83,0.0,0.0,0.0,69.55,186.18
180.66,152.921,34.846,629.5,0.0,0.0,0.0,69.55,186.18
180.72,152.955,34.864,628.99,0.0,0.0,0.0,69.54,186.18
180.76,152.977,34.876,628.66,0.0,0.0,0.0,69.54,186.18
180.82,153.011,34.894,628.16,0.0,0.0,0.0,69.53,186.19
180.86,153.034,34.906,627.82,0.0,0.0,0.0,69.52,186.19
180.92,153.067,34.924,627.32,0.0,0.0,0.0,69.52,186.2
180.98,153.101,34.941,626.82,0.0,0.0,0.0,69.51,186.2
181.02,153.123,34.953,626.48,0.0,0.0,0.0,69.51,186.2
181.06,153.146,34.965,626.15,0.0,0.0,0.0,69.5,186.2
181.12,153.179,34.983,625.65,0.0,0.0,0.0,69.5,186.21
181.16,153.202,34.995,625.31,0.0,0.0,0.0,69.49,186.21
181.22,153.235,35.013,624.81,0.0,0.0,0.0,69.49,186.21
181.28,153.269,35.031,624.31,0.0,0.0,0.0,69.48,186.22
181.32,153.291,35.043,623.98,0.0,0.0,0.0,69.48,186.22
181.36,153.313,35.055,623.64,0.0,0.0,0.0,69.47,186.22
181.42,153.347,35.073,623.14,0.0,0.0,0.0,69.47,186.23
181.48,153.38,35.091,622.64,0.0,0.0,0.0,69.46,186.23
181.52,153.403,35.103,622.31,0.0,0.0,0.0,69.46,186.23
181.56,153.425,35.115,621.97,0.0,0.0,0.0,69.45,186.24
181.62,153.458,35.133,621.47,0.0,0.0,0.0,69.45,186.24
181.68,153.491,35.151,620.97,0.0,0.0,0.0,69.44,186.24
181.72,153.514,35.163,620.64,0.0,0.0,0.0,69.44,186.25
181.76,153.536,35.174,620.3,0.0,0.0,0.0,69.43,186.25
181.82,153.569,35.192,619.8,0.0,0.0,0.0,69.43,186.25
181.88,153.602,35.21,619.3,0.0,0.0,0.0,69.42,186.26
181.92,153.624,35.222,618.97,0.0,0.0,0.0,69.42,186.26
181.98,153.657,35.24,618.47,0.0,0.0,0.0,69.41,186.26
182.02,153.679,35.252,618.14,0.0,0.0,0.0,69.41,186.27
182.08,153.712,35.27,617.64,0.0,0.0,0.0,69.4,186.27
182.12,153.734,35.282,617.3,0.0,0.0,0.0,69.4,186.27
182.18,153.767,35.3,616.8,0.0,0.0,0.0,69.39,186.28
182.22,153.789,35.312,616.47,0.0,0.0,0.0,69.39,186.28
182.28,153.822,35.33,615.97,0.0,0.0,0.0,69.38,186.28
182.32,153.844,35.342,615.64,0.0,0.0,0.0,69.38,186.28
182.38,153.877,35.36,615.14,0.0,0.0,0.0,69.37,186.29
182.42,153.899,35.372,614.81,0.0,0.0,0.0,69.37,186.29
182.48,153.932,35.39,614.31,0.0,0.0,0.0,69.36,186.3
182.54,153.965,35.408,613.81,0.0,0.0,0.0,69.35,186.3
182.58,153.987,35.421,613.47,0.0,0.0,0.0,69.35,186.3
182.62,154.008,35.433,613.14,0.0,0.0,0.0,69.35,186.3
182.68,154.041,35.451,612.64,0.0,0.0,0.0,69.34,186.31
182.74,154.074,35.469,612.14,0.0,0.0,0.0,69.33,186.31
182.78,154.096,35.481,611.81,0.0,0.0,0.0,69.33,186.31
182.82,154.117,35.493,611.48,0.0,0.0,0.0,69.32,186.32
182.88,154.15,35.511,610.98,0.0,0.0,0.0,69.32,186.32
182.94,154.183,35.529,610.48,0.0,0.0,0.0,69.31,186.32
182.98,154.204,35.541,610.15,0.0,0.0,0.0,69.31,186.33
183.04,154.237,35.559,609.65,0.0,0.0,0.0,69.3,186.33
183.08,154.258,35.571,609.32,0.0,0.0,0.0,69.3,186.33
183.14,154.291,35.589,608.82,0.0,0.0,0.0,69.29,186.34
183.18,154.313,35.601,608.49,0.0,0.0,0.0,69.29,186.34
183.24,154.345,35.619,607.99,0.0,0.0,0.0,69.28,186.34
183.28,154.366,35.631,607.66,0.0,0.0,0.0,69.28,186.35
183.34,154.399,35.649,607.16,0.0,0.0,0.0,69.27,186.35
183.38,154.42,35.661,606.83,0.0,0.0,0.0,69.27,186.35
183.44,154.453,35.68,606.34,0.0,0.0,0.0,69.26,186.36
183.48,154.474,35.692,606.0,0.0,0.0,0.0,69.26,186.36
183.54,154.506,35.71,605.51,0.0,0.0,0.0,69.25,186.36
183.58,154.528,35.722,605.18,0.0,0.0,0.0,69.25,186.36
183.64,154.56,35.74,604.68,0.0,0.0,0.0,69.24,186.37
183.68,154.582,35.752,604.35,0.0,0.0,0.0,69.24,186.37
183.74,154.614,35.77,603.85,0.0,0.0,0.0,69.23,186.37
183.78,154.635,35.782,603.52,0.0,0.0,0.0,69.23,186.38
183.84,154.667,35.8,603.02,0.0,0.0,0.0,69.22,186.38
183.88,154.689,35.813,602.69,0.0,0.0,0.0,69.22,186.38
183.94,154.721,35.831,602.2,0.0,0.0,0.0,69.21,186.39
183.98,154.742,35.843,601.87,0.0,0.0,0.0,69.21,186.39
184.04,154.774,35.861,601.37,0.0,0.0,0.0,69.2,186.39
184.08,154.795,35.873,601.04,0.0,0.0,0.0,69.2,186.4
184.14,154.827,35.891,600.54,0.0,0.0,0.0,69.19,186.4
184.18,154.848,35.903,600.21,0.0,0.0,0.0,69.19,186.4
184.24,154.88,35.922,599.72,0.0,0.0,0.0,69.18,186.41
184.28,154.901,35.934,599.39,0.0,0.0,0.0,69.18,186.41
184.34,154.933,35.952,598.89,0.0,0.0,0.0,69.17,186.41
184.38,154.954,35.964,598.56,0.0,0.0,0.0,69.17,186.41
184.44,154.986,35.982,598.06,0.0,0.0,0.0,69.16,186.42
184.5,155.018,36.0,597.57,0.0,0.0,0.0,69.15,186.42
184.54,155.039,36.013,597.24,0.0,0.0,0.0,69.15,186.42
184.58,155.06,36.025,596.91,0.0,0.0,0.0,69.14,186.43
184.64,155.092,36.043,596.41,0.0,0.0,0.0,69.14,186.43
184.7,155.123,36.061,595.92,0.0,0.0,0.0,69.13,186.43
184.74,155.144,36.073,595.59,0.0,0.0,0.0,69.13,186.44
184.8,155.176,36.091,595.09,0.0,0.0,0.0,69.12,186.44
184.84,155.197,36.104,594.76,0.0,0.0,0.0,69.12,186.44
184.9,155.228,36.122,594.27,0.0,0.0,0.0,69.11,186.45
184.94,155.249,36.134,593.94,0.0,0.0,0.0,69.11,186.45
184.98,155.27,36.146,593.61,0.0,0.0,0.0,69.1,186.45
185.04,155.302,36.164,593.12,0.0,0.0,0.0,69.1,186.45
185.1,155.333,36.183,592.62,0.0,0.0,0.0,69.09,186.46
185.14,155.354,36.195,592.29,0.0,0.0,0.0,69.09,186.46
185.2,155.385,36.213,591.8,0.0,0.0,0.0,69.08,186.46
185.24,155.406,36.225,591.47,0.0,0.0,0.0,69.08,186.47
185.3,155.437,36.244,590.98,0.0,0.0,0.0,69.07,186.47
185.34,155.458,36.256,590.65,0.0,0.0,0.0,69.07,186.47
185.4,155.489,36.274,590.15,0.0,0.0,0.0,69.06,186.48
185.44,155.51,36.286,589.83,0.0,0.0,0.0,69.06,186.48
185.5,155.541,36.304,589.33,0.0,0.0,0.0,69.05,186.48
185.54,155.562,36.317,589.0,0.0,0.0,0.0,69.05,186.49
185.6,155.593,36.335,588.51,0.0,0.0,0.0,69.04,186.49
185.64,155.614,36.347,588.18,0.0,0.0,0.0,69.04,186.49
185.7,155.645,36.365,587.69,0.0,0.0,0.0,69.03,186.5
185.74,155.665,36.378,587.36,0.0,0.0,0.0,69.03,186.5
185.8,155.696,36.396,586.87,0.0,0.0,0.0,69.02,186.5
185.86,155.727,36.414,586.38,0.0,0.0,0.0,69.01,186.5
185.9,155.748,36.426,586.05,0.0,0.0,0.0,69.01,186.51
185.94,155.769,36.439,585.72,0.0,0.0,0.0,69.01,186.51
186.0,155.799,36.457,585.23,0.0,0.0,0.0,69.0,186.51
186.04,155.82,36.469,584.9,0.0,0.0,0.0,69.0,186.52
186.1,155.851,36.488,584.41,0.0,0.0,0.0,68.99,186.52
186.14,155.871,36.5,584.08,0.0,0.0,0.0,68.99,186.52
186.2,155.902,36.518,583.59,0.0,0.0,0.0,68.98,186.53
186.24,155.923,36.53,583.26,0.0,0.0,0.0,68.97,186.53
186.3,155.953,36.549,582.77,0.0,0.0,0.0,68.97,186.53
186.36,155.984,36.567,582.28,0.0,0.0,0.0,68.96,186.54
186.4,156.004,36.579,581.95,0.0,0.0,0.0,68.96,186.54
186.44,156.025,36.592,581.62,0.0,0.0,0.0,68.95,186.54
186.5,156.055,36.61,581.13,0.0,0.0,0.0,68.95,186.54
186.56,156.086,36.628,580.64,0.0,0.0,0.0,68.94,186.55
186.6,156.106,36.641,580.31,0.0,0.0,0.0,68.94,186.55
186.64,156.127,36.653,579.99,0.0,0.0,0.0,68.93,186.55
186.7,156.157,36.671,579.5,0.0,0.0,0.0,68.93,186.56
186.76,156.187,36.69,579.0,0.0,0.0,0.0,68.92,186.56
186.8,156.208,36.702,578.68,0.0,0.0,0.0,68.92,186.56
186.84,156.228,36.714,578.35,0.0,0.0,0.0,68.91,186.56
186.9,156.258,36.732,577.86,0.0,0.0,0.0,68.91,186.57
186.96,156.289,36.751,577.37,0.0,0.0,0.0,68.9,186.57
187.0,156.309,36.763,577.04,0.0,0.0,0.0,68.9,186.57
187.06,156.339,36.782,576.55,0.0,0.0,0.0,68.89,186.58
187.1,156.359,36.794,576.23,0.0,0.0,0.0,68.89,186.58
187.16,156.389,36.812,575.74,0.0,0.0,0.0,68.88,186.58
187.2,156.41,36.825,575.41,0.0,0.0,0.0,68.88,186.59
187.26,156.44,36.843,574.92,0.0,0.0,0.0,68.87,186.59
187.3,156.46,36.855,574.6,0.0,0.0,0.0,68.87,186.59
187.36,156.49,36.874,574.11,0.0,0.0,0.0,68.86,186.6
187.4,156.51,36.886,573.78,0.0,0.0,0.0,68.86,186.6
187.46,156.54,36.904,573.29,0.0,0.0,0.0,68.85,186.6
187.52,156.57,36.923,572.8,0.0,0.0,0.0,68.84,186.6
187.56,156.59,36.935,572.48,0.0,0.0,0.0,68.84,186.61
187.6,156.61,36.947,572.15,0.0,0.0,0.0,68.84,186.61
187.66,156.64,36.966,571.66,0.0,0.0,0.0,68.83,186.61
187.72,156.67,36.984,571.17,0.0,0.0,0.0,68.82,186.62
187.76,156.69,36.997,570.85,0.0,0.0,0.0,68.82,186.62
187.8,156.71,37.009,570.52,0.0,0.0,0.0,68.82,186.62
187.86,156.739,37.027,570.04,0.0,0.0,0.0,68.81,186.63
187.92,156.769,37.046,569.55,0.0,0.0,0.0,68.8,186.63
187.96,156.789,37.058,569.22,0.0,0.0,0.0,68.8,186.63
188.02,156.819,37.077,568.73,0.0,0.0,0.0,68.79,186.63
188.06,156.839,37.089,568.41,0.0,0.0,0.0,68.79,186.64
188.12,156.868,37.108,567.92,0.0,0.0,0.0,68.78,186.64
188.16,156.888,37.12,567.6,0.0,0.0,0.0,68.78,186.64
188.22,156.918,37.138,567.11,0.0,0.0,0.0,68.77,186.65
188.26,156.937,37.151,566.79,0.0,0.0,0.0,68.77,186.65
188.32,156.967,37.169,566.3,0.0,0.0,0.0,68.76,186.65
188.36,156.987,37.182,565.97,0.0,0.0,0.0,68.76,186.65
188.42,157.016,37.2,565.49,0.0,0.0,0.0,68.75,186.66
188.46,157.036,37.212,565.16,0.0,0.0,0.0,68.75,186.66
188.52,157.065,37.231,564.68,0.0,0.0,0.0,68.74,186.66
188.56,157.085,37.243,564.35,0.0,0.0,0.0,68.74,186.67
188.62,157.114,37.262,563.87,0.0,0.0,0.0,68.73,186.67
188.66,157.134,37.274,563.54,0.0,0.0,0.0,68.73,186.67
188.72,157.163,37.293,563.06,0.0,0.0,0.0,68.72,186.68
188.76,157.183,37.305,562.73,0.0,0.0,0.0,68.72,186.68
188.82,157.212,37.324,562.25,0.0,0.0,0.0,68.71,186.68
188.88,157.241,37.342,561.76,0.0,0.0,0.0,68.7,186.69
188.92,157.261,37.355,561.44,0.0,0.0,0.0,68.7,186.69
188.96,157.28,37.367,561.11,0.0,0.0,0.0,68.7,186.69
189.02,157.309,37.386,560.63,0.0,0.0,0.0,68.69,186.69
189.06,157.329,37.398,560.3,0.0,0.0,0.0,68.69,186.7
189.12,157.358,37.416,559.82,0.0,0.0,0.0,68.68,186.7
189.16,157.377,37.429,559.5,0.0,0.0,0.0,68.68,186.7
189.22,157.406,37.447,559.01,0.0,0.0,0.0,68.67,186.71
189.28,157.435,37.466,558.53,0.0,0.0,0.0,68.66,186.71
189.32,157.455,37.478,558.2,0.0,0.0,0.0,68.66,186.71
189.36,157.474,37.491,557.88,0.0,0.0,0.0,68.66,186.71
189.42,157.503,37.509,557.4,0.0,0.0,0.0,68.65,186.72
189.48,157.532,37.528,556.91,0.0,0.0,0.0,68.64,186.72
189.52,157.551,37.54,556.59,0.0,0.0,0.0,68.64,186.72
189.56,157.57,37.553,556.27,0.0,0.0,0.0,68.63,186.73
189.62,157.599,37.571,555.78,0.0,0.0,0.0,68.63,186.73
189.68,157.628,37.59,555.3,0.0,0.0,0.0,68.62,186.73
189.72,157.647,37.602,554.98,0.0,0.0,0.0,68.62,186.73
189.78,157.676,37.621,554.49,0.0,0.0,0.0,68.61,186.74
189.82,157.695,37.633,554.17,0.0,0.0,0.0,68.61,186.74
189.88,157.724,37.652,553.69,0.0,0.0,0.0,68.6,186.74
189.92,157.743,37.664,553.36,0.0,0.0,0.0,68.6,186.75
189.98,157.772,37.683,552.88,0.0,0.0,0.0,68.59,186.75
190.02,157.791,37.696,552.56,0.0,0.0,0.0,68.59,186.75
190.08,157.819,37.714,552.08,0.0,0.0,0.0,68.58,186.76
190.12,157.838,37.727,551.76,0.0,0.0,0.0,68.58,186.76
190.18,157.867,37.745,551.27,0.0,0.0,0.0,68.57,186.76
190.22,157.886,37.758,550.95,0.0,0.0,0.0,68.57,186.76
190.28,157.914,37.776,550.47,0.0,0.0,0.0,68.56,186.77
190.32,157.933,37.789,550.15,0.0,0.0,0.0,68.56,186.77
190.38,157.962,37.807,549.67,0.0,0.0,0.0,68.55,186.77
190.42,157.981,37.82,549.34,0.0,0.0,0.0,68.55,186.77
190.48,158.009,37.839,548.86,0.0,0.0,0.0,68.54,186.78
190.52,158.028,37.851,548.54,0.0,0.0,0.0,68.54,186.78
190.58,158.056,37.87,548.06,0.0,0.0,0.0,68.53,186.78
190.64,158.084,37.888,547.58,0.0,0.0,0.0,68.52,186.79
190.68,158.103,37.901,547.26,0.0,0.0,0.0,68.52,186.79
190.72,158.122,37.913,546.94,0.0,0.0,0.0,68.52,186.79
190.78,158.15,37.932,546.46,0.0,0.0,0.0,68.51,186.8
190.84,158.178,37.951,545.98,0.0,0.0,0.0,68.5,186.8
190.88,158.197,37.963,545.66,0.0,0.0,0.0,68.5,186.8
190.92,158.216,37.976,545.33,0.0,0.0,0.0,68.5,186.8
190.98,158.244,37.994,544.85,0.0,0.0,0.0,68.49,186.81
191.04,158.272,38.013,544.37,0.0,0.0,0.0,68.48,186.81
191.08,158.291,38.026,544.05,0.0,0.0,0.0,68.48,186.81
191.12,158.309,38.038,543.73,0.0,0.0,0.0,68.48,186.81
191.18,158.337,38.057,543.25,0.0,0.0,0.0,68.47,186.82
191.24,158.365,38.075,542.77,0.0,0.0,0.0,68.46,186.82
191.28,158.384,38.088,542.45,0.0,0.0,0.0,68.46,186.82
191.32,158.402,38.1,542.13,0.0,0.0,0.0,68.45,186.83
191.38,158.43,38.119,541.66,0.0,0.0,0.0,68.45,186.83
191.44,158.458,38.138,541.18,0.0,0.0,0.0,68.44,186.83
191.48,158.477,38.15,540.86,0.0,0.0,0.0,68.44,186.84
191.52,158.495,38.163,540.54,0.0,0.0,0.0,68.43,186.84
191.58,158.523,38.182,540.06,0.0,0.0,0.0,68.43,186.84
191.64,158.551,38.2,539.58,0.0,0.0,0.0,68.42,186.84
191.68,158.569,38.213,539.26,0.0,0.0,0.0,68.42,186.85
191.74,158.597,38.232,538.78,0.0,0.0,0.0,68.41,186.85
191.8,158.624,38.25,538.3,0.0,0.0,0.0,68.41,186.85
191.84,158.643,38.263,537.99,0.0,0.0,0.0,68.4,186.86
191.88,158.661,38.275,537.67,0.0,0.0,0.0,68.4,186.86
191.94,158.689,38.294,537.19,0.0,0.0,0.0,68.39,186.86
192.0,158.716,38.313,536.71,0.0,0.0,0.0,68.38,186.86
192.04,158.734,38.325,536.39,0.0,0.0,0.0,68.38,186.87
192.08,158.753,38.338,536.07,0.0,0.0,0.0,68.38,186.87
192.14,158.78,38.357,535.6,0.0,0.0,0.0,68.37,186.87
192.18,158.798,38.369,535.28,0.0,0.0,0.0,68.37,186.88
192.24,158.826,38.388,534.8,0.0,0.0,0.0,68.36,186.88
192.28,158.844,38.401,534.48,0.0,0.0,0.0,68.36,186.88
192.34,158.871,38.419,534.01,0.0,0.0,0.0,68.35,186.88
192.4,158.899,38.438,533.53,0.0,0.0,0.0,68.34,186.89
192.44,158.917,38.451,533.21,0.0,0.0,0.0,68.34,186.89
192.48,158.935,38.463,532.89,0.0,0.0,0.0,68.34,186.89
192.54,158.962,38.482,532.42,0.0,0.0,0.0,68.33,186.9
192.6,158.989,38.501,531.94,0.0,0.0,0.0,68.32,186.9
192.64,159.007,38.514,531.63,0.0,0.0,0.0,68.32,186.9
192.7,159.034,38.532,531.15,0.0,0.0,0.0,68.31,186.9
192.74,159.053,38.545,530.83,0.0,0.0,0.0,68.31,186.91
192.8,159.08,38.564,530.36,0.0,0.0,0.0,68.3,186.91
192.84,159.098,38.576,530.04,0.0,0.0,0.0,68.3,186.91
192.9,159.125,38.595,529.56,0.0,0.0,0.0,68.29,186.92
192.94,159.143,38.608,529.25,0.0,0.0,0.0,68.29,186.92
192.98,159.161,38.62,528.93,0.0,0.0,0.0,68.28,186.92
193.04,159.187,38.639,528.46,0.0,0.0,0.0,68.28,186.92
193.1,159.214,38.658,527.98,0.0,0.0,0.0,68.27,186.93
193.14,159.232,38.671,527.67,0.0,0.0,0.0,68.27,186.93
193.18,159.25,38.683,527.35,0.0,0.0,0.0,68.26,186.93
193.24,159.277,38.702,526.87,0.0,0.0,0.0,68.26,186.93
193.3,159.304,38.721,526.4,0.0,0.0,0.0,68.25,186.94
193.34,159.322,38.733,526.08,0.0,0.0,0.0,68.25,186.94
193.4,159.348,38.752,525.61,0.0,0.0,0.0,68.24,186.94
193.44,159.366,38.765,525.29,0.0,0.0,0.0,68.24,186.95
193.5,159.393,38.784,524.82,0.0,0.0,0.0,68.23,186.95
193.54,159.411,38.796,524.51,0.0,0.0,0.0,68.23,186.95
193.6,159.437,38.815,524.03,0.0,0.0,0.0,68.22,186.95
193.64,159.455,38.828,523.72,0.0,0.0,0.0,68.22,186.96
193.7,159.481,38.847,523.24,0.0,0.0,0.0,68.21,186.96
193.74,159.499,38.859,522.93,0.0,0.0,0.0,68.21,186.96
193.8,159.526,38.878,522.46,0.0,0.0,0.0,68.2,186.97
193.86,159.552,38.897,521.98,0.0,0.0,0.0,68.19,186.97
193.9,159.57,38.91,521.67,0.0,0.0,0.0,68.19,186.97
193.94,159.587,38.922,521.35,0.0,0.0,0.0,68.19,186.97
194.0,159.614,38.941,520.88,0.0,0.0,0.0,68.18,186.98
194.06,159.64,38.96,520.41,0.0,0.0,0.0,68.17,186.98
194.1,159.658,38.973,520.1,0.0,0.0,0.0,68.17,186.98
194.14,159.675,38.985,519.78,0.0,0.0,0.0,68.17,186.98
194.2,159.701,39.004,519.31,0.0,0.0,0.0,68.16,186.99
194.26,159.728,39.023,518.84,0.0,0.0,0.0,68.15,186.99
194.3,159.745,39.036,518.52,0.0,0.0,0.0,68.15,186.99
194.34,159.763,39.048,518.21,0.0,0.0,0.0,68.15,187.0
194.4,159.789,39.067,517.74,0.0,0.0,0.0,68.14,187.0
194.46,159.815,39.086,517.27,0.0,0.0,0.0,68.13,187.0
194.5,159.832,39.099,516.95,0.0,0.0,0.0,68.13,187.0
194.56,159.858,39.118,516.48,0.0,0.0,0.0,68.12,187.01
194.6,159.876,39.131,516.17,0.0,0.0,0.0,68.12,187.01
194.64,159.893,39.143,515.86,0.0,0.0,0.0,68.11,187.01
194.7,159.919,39.162,515.39,0.0,0.0,0.0,68.11,187.01
194.76,159.945,39.181,514.92,0.0,0.0,0.0,68.1,187.02
194.8,159.962,39.194,514.6,0.0,0.0,0.0,68.1,187.02
194.86,159.988,39.213,514.14,0.0,0.0,0.0,68.09,187.02
194.9,160.005,39.225,513.82,0.0,0.0,0.0,68.09,187.03
194.96,160.031,39.244,513.35,0.0,0.0,0.0,68.08,187.03
195.0,160.048,39.257,513.04,0.0,0.0,0.0,68.08,187.03
195.06,160.074,39.276,512.57,0.0,0.0,0.0,68.07,187.03
195.1,160.091,39.289,512.26,0.0,0.0,0.0,68.07,187.04
195.16,160.117,39.308,511.79,0.0,0.0,0.0,68.06,187.04
195.2,160.134,39.32,511.48,0.0,0.0,0.0,68.06,187.04
195.26,160.16,39.339,511.01,0.0,0.0,0.0,68.05,187.05
195.3,160.177,39.352,510.7,0.0,0.0,0.0,68.05,187.05
195.36,160.203,39.371,510.23,0.0,0.0,0.0,68.04,187.05
195.42,160.228,39.39,509.76,0.0,0.0,0.0,68.03,187.05
195.46,160.245,39.403,509.45,0.0,0.0,0.0,68.03,187.06
195.5,160.262,39.415,509.14,0.0,0.0,0.0,68.03,187.06
195.56,160.288,39.434,508.67,0.0,0.0,0.0,68.02,187.06
195.62,160.313,39.453,508.2,0.0,0.0,0.0,68.01,187.06
195.66,160.33,39.466,507.89,0.0,0.0,0.0,68.01,187.07
195.7,160.347,39.479,507.58,0.0,0.0,0.0,68.01,187.07
195.76,160.373,39.498,507.12,0.0,0.0,0.0,68.0,187.07
195.82,160.398,39.517,506.65,0.0,0.0,0.0,67.99,187.08
195.86,160.415,39.53,506.34,0.0,0.0,0.0,67.99,187.08
195.9,160.432,39.542,506.03,0.0,0.0,0.0,67.98,187.08
195.96,160.457,39.561,505.56,0.0,0.0,0.0,67.98,187.08
196.02,160.482,39.58,505.1,0.0,0.0,0.0,67.97,187.09
196.06,160.499,39.593,504.78,0.0,0.0,0.0,67.97,187.09
196.12,160.524,39.612,504.32,0.0,0.0,0.0,67.96,187.09
196.16,160.541,39.625,504.01,0.0,0.0,0.0,67.96,187.09
196.22,160.566,39.644,503.54,0.0,0.0,0.0,67.95,187.1
196.26,160.583,39.657,503.23,0.0,0.0,0.0,67.95,187.1
196.32,160.608,39.676,502.77,0.0,0.0,0.0,67.94,187.1
196.36,160.625,39.688,502.46,0.0,0.0,0.0,67.94,187.1
196.42,160.65,39.707,501.99,0.0,0.0,0.0,67.93,187.11
196.46,160.667,39.72,501.68,0.0,0.0,0.0,67.93,187.11
196.52,160.692,39.739,501.22,0.0,0.0,0.0,67.92,187.11
196.56,160.708,39.752,500.91,0.0,0.0,0.0,67.92,187.12
196.62,160.733,39.771,500.45,0.0,0.0,0.0,67.91,187.12
196.66,160.75,39.784,500.14,0.0,0.0,0.0,67.91,187.12
196.72,160.775,39.803,499.67,0.0,0.0,0.0,67.9,187.12
196.78,160.799,39.822,499.21,0.0,0.0,0.0,67.89,187.13
196.82,160.816,39.835,498.9,0.0,0.0,0.0,67.89,187.13
196.86,160.832,39.847,498.59,0.0,0.0,0.0,67.89,187.13
196.92,160.857,39.866,498.13,0.0,0.0,0.0,67.88,187.13
196.98,160.882,39.886,497.67,0.0,0.0,0.0,67.87,187.14
197.02,160.898,39.898,497.36,0.0,0.0,0.0,67.87,187.14
197.06,160.915,39.911,497.05,0.0,0.0,0.0,67.87,187.14
197.12,160.939,39.93,496.59,0.0,0.0,0.0,67.86,187.15
197.16,160.956,39.943,496.28,0.0,0.0,0.0,67.86,187.15
197.22,160.98,39.962,495.82,0.0,0.0,0.0,67.85,187.15
197.28,161.005,39.981,495.36,0.0,0.0,0.0,67.84,187.15
197.32,161.021,39.994,495.05,0.0,0.0,0.0,67.84,187.16
197.36,161.038,40.007,494.74,0.0,0.0,0.0,67.84,187.16
197.42,161.062,40.026,494.28,0.0,0.0,0.0,67.83,187.16
197.48,161.087,40.045,493.82,0.0,0.0,0.0,67.82,187.16
197.52,161.103,40.058,493.51,0.0,0.0,0.0,67.82,187.17
197.56,161.119,40.07,493.21,0.0,0.0,0.0,67.81,187.17
197.62,161.143,40.09,492.75,0.0,0.0,0.0,67.81,187.17
197.68,161.168,40.109,492.29,0.0,0.0,0.0,67.8,187.18
197.72,161.184,40.121,491.98,0.0,0.0,0.0,67.8,187.18
197.76,161.2,40.134,491.67,0.0,0.0,0.0,67.79,187.18
197.82,161.224,40.153,491.21,0.0,0.0,0.0,67.79,187.18
197.88,161.249,40.173,490.75,0.0,0.0,0.0,67.78,187.19
197.92,161.265,40.185,490.45,0.0,0.0,0.0,67.78,187.19
197.98,161.289,40.204,489.99,0.0,0.0,0.0,67.77,187.19
198.02,161.305,40.217,489.68,0.0,0.0,0.0,67.77,187.19
198.08,161.329,40.236,489.22,0.0,0.0,0.0,67.76,187.2
198.12,161.345,40.249,488.92,0.0,0.0,0.0,67.76,187.2
198.18,161.369,40.268,488.46,0.0,0.0,0.0,67.75,187.2
198.22,161.385,40.281,488.15,0.0,0.0,0.0,67.75,187.2
198.28,161.409,40.3,487.69,0.0,0.0,0.0,67.74,187.21
198.34,161.433,40.32,487.24,0.0,0.0,0.0,67.73,187.21
198.38,161.449,40.332,486.93,0.0,0.0,0.0,67.73,187.21
198.42,161.465,40.345,486.63,0.0,0.0,0.0,67.73,187.21
198.48,161.489,40.364,486.17,0.0,0.0,0.0,67.72,187.22
198.54,161.513,40.384,485.71,0.0,0.0,0.0,67.71,187.22
198.58,161.529,40.396,485.41,0.0,0.0,0.0,67.71,187.22
198.62,161.545,40.409,485.1,0.0,0.0,0.0,67.71,187.22
198.68,161.568,40.428,484.65,0.0,0.0,0.0,67.7,187.23
198.74,161.592,40.448,484.19,0.0,0.0,0.0,67.69,187.23
198.78,161.608,40.46,483.89,0.0,0.0,0.0,67.69,187.23
198.82,161.624,40.473,483.58,0.0,0.0,0.0,67.69,187.23
198.88,161.647,40.492,483.13,0.0,0.0,0.0,67.68,187.24
198.94,161.671,40.512,482.67,0.0,0.0,0.0,67.67,187.24
198.98,161.687,40.524,482.37,0.0,0.0,0.0,67.67,187.24
199.02,161.702,40.537,482.06,0.0,0.0,0.0,67.66,187.25
199.08,161.726,40.556,481.61,0.0,0.0,0.0,67.66,187.25
199.14,161.749,40.576,481.15,0.0,0.0,0.0,67.65,187.25
199.18,161.765,40.589,480.85,0.0,0.0,0.0,67.65,187.25
199.22,161.781,40.601,480.55,0.0,0.0,0.0,67.64,187.26
199.28,161.804,40.621,480.09,0.0,0.0,0.0,67.64,187.26
199.34,161.828,40.64,479.64,0.0,0.0,0.0,67.63,187.26
199.38,161.843,40.653,479.33,0.0,0.0,0.0,67.63,187.26
199.44,161.866,40.672,478.88,0.0,0.0,0.0,67.62,187.27
199.48,161.882,40.685,478.58,0.0,0.0,0.0,67.62,187.27
199.54,161.905,40.704,478.12,0.0,0.0,0.0,67.61,187.27
199.58,161.921,40.717,477.82,0.0,0.0,0.0,67.61,187.27
199.64,161.944,40.736,477.37,0.0,0.0,0.0,67.6,187.28
199.68,161.96,40.749,477.07,0.0,0.0,0.0,67.6,187.28
199.74,161.983,40.768,476.61,0.0,0.0,0.0,67.59,187.28
199.78,161.998,40.781,476.31,0.0,0.0,0.0,67.59,187.28
199.84,162.021,40.8,475.86,0.0,0.0,0.0,67.58,187.29
199.88,162.037,40.813,475.56,0.0,0.0,0.0,67.58,187.29
199.94,162.06,40.833,475.11,0.0,0.0,0.0,67.57,187.29
199.98,162.075,40.845,474.81,0.0,0.0,0.0,67.57,187.29
200.04,162.098,40.865,474.35,0.0,0.0,0.0,67.56,187.3
200.08,162.113,40.878,474.05,0.0,0.0,0.0,67.56,187.3
200.14,162.136,40.897,473.6,0.0,0.0,0.0,67.55,187.3
200.2,162.159,40.916,473.15,0.0,0.0,0.0,67.54,187.31
200.24,162.175,40.929,472.85,0.0,0.0,0.0,67.54,187.31
200.28,162.19,40.942,472.55,0.0,0.0,0.0,67.54,187.31
200.34,162.213,40.961,472.1,0.0,0.0,0.0,67.53,187.31
200.4,162.235,40.98,471.65,0.0,0.0,0.0,67.52,187.32
200.44,162.251,40.993,471.35,0.0,0.0,0.0,67.52,187.32
200.48,162.266,41.006,471.05,0.0,0.0,0.0,67.51,187.32
200.54,162.289,41.026,470.6,0.0,0.0,0.0,67.51,187.32
200.6,162.311,41.045,470.15,0.0,0.0,0.0,67.5,187.33
200.64,162.326,41.058,469.85,0.0,0.0,0.0,67.5,187.33
200.68,162.341,41.071,469.55,0.0,0.0,0.0,67.49,187.33
200.74,162.364,41.09,469.1,0.0,0.0,0.0,67.49,187.33
200.78,162.379,41.103,468.8,0.0,0.0,0.0,67.48,187.34
200.82,162.394,41.116,468.5,0.0,0.0,0.0,67.48,187.34
200.88,162.417,41.135,468.06,0.0,0.0,0.0,67.47,187.34
200.94,162.439,41.154,467.61,0.0,0.0,0.0,67.47,187.34
200.98,162.454,41.167,467.31,0.0,0.0,0.0,67.46,187.35
201.04,162.477,41.187,466.86,0.0,0.0,0.0,67.46,187.35
201.1,162.499,41.206,466.41,0.0,0.0,0.0,67.45,187.35
201.14,162.514,41.219,466.12,0.0,0.0,0.0,67.45,187.35
201.2,162.536,41.238,465.67,0.0,0.0,0.0,67.44,187.36
201.24,162.551,41.251,465.37,0.0,0.0,0.0,67.44,187.36
201.28,162.566,41.264,465.07,0.0,0.0,0.0,67.43,187.36
201.34,162.588,41.283,464.63,0.0,0.0,0.0,67.43,187.36
201.4,162.611,41.303,464.18,0.0,0.0,0.0,67.42,187.37
201.44,162.625,41.316,463.88,0.0,0.0,0.0,67.42,187.37
201.5,162.648,41.335,463.44,0.0,0.0,0.0,67.41,187.37
201.54,162.662,41.348,463.14,0.0,0.0,0.0,67.41,187.37
201.6,162.685,41.367,462.7,0.0,0.0,0.0,67.4,187.38
201.64,162.699,41.38,462.4,0.0,0.0,0.0,67.4,187.38
201.7,162.721,41.4,461.95,0.0,0.0,0.0,67.39,187.38
201.74,162.736,41.413,461.66,0.0,0.0,0.0,67.39,187.38
201.8,162.758,41.432,461.21,0.0,0.0,0.0,67.38,187.39
201.84,162.773,41.445,460.92,0.0,0.0,0.0,67.38,187.39
201.9,162.795,41.464,460.47,0.0,0.0,0.0,67.37,187.39
201.94,162.809,41.477,460.18,0.0,0.0,0.0,67.36,187.39
202.0,162.831,41.497,459.73,0.0,0.0,0.0,67.36,187.4
202.04,162.846,41.509,459.44,0.0,0.0,0.0,67.35,187.4
202.1,162.868,41.529,458.99,0.0,0.0,0.0,67.35,187.4
202.14,162.882,41.542,458.7,0.0,0.0,0.0,67.34,187.4
202.2,162.904,41.561,458.26,0.0,0.0,0.0,67.34,187.41
202.24,162.919,41.574,457.96,0.0,0.0,0.0,67.33,187.41
202.3,162.94,41.594,457.52,0.0,0.0,0.0,67.33,187.41
202.34,162.955,41.607,457.22,0.0,0.0,0.0,67.32,187.41
202.4,162.976,41.626,456.78,0.0,0.0,0.0,67.32,187.42
202.42,162.984,41.632,456.63,0.0,0.0,0.0,67.32,187.42
202.44,162.991,41.639,456.49,0.0,0.0,0.0,67.31,187.42
202.5,163.013,41.658,456.05,0.0,0.0,0.0,67.31,187.42
202.54,163.027,41.671,455.75,0.0,0.0,0.0,67.3,187.42
202.6,163.049,41.691,455.31,0.0,0.0,0.0,67.3,187.43
202.66,163.07,41.71,454.87,0.0,0.0,0.0,67.29,187.43
202.7,163.084,41.723,454.58,0.0,0.0,0.0,67.29,187.43
202.74,163.099,41.736,454.28,0.0,0.0,0.0,67.28,187.43
202.8,163.12,41.755,453.84,0.0,0.0,0.0,67.28,187.44
202.86,163.142,41.775,453.4,0.0,0.0,0.0,67.27,187.44
202.9,163.156,41.788,453.11,0.0,0.0,0.0,67.27,187.44
202.94,163.17,41.801,452.82,0.0,0.0,0.0,67.26,187.44
203.0,163.192,41.82,452.38,0.0,0.0,0.0,67.26,187.45
203.06,163.213,41.84,451.94,0.0,0.0,0.0,67.25,187.45
203.1,163.227,41.853,451.65,0.0,0.0,0.0,67.25,187.45
203.14,163.241,41.866,451.35,0.0,0.0,0.0,67.24,187.45
203.2,163.262,41.885,450.91,0.0,0.0,0.0,67.24,187.46
203.26,163.284,41.905,450.48,0.0,0.0,0.0,67.23,187.46
203.3,163.298,41.918,450.18,0.0,0.0,0.0,67.23,187.46
203.36,163.319,41.937,449.75,0.0,0.0,0.0,67.22,187.46
203.4,163.333,41.95,449.46,0.0,0.0,0.0,67.21,187.47
203.46,163.354,41.97,449.02,0.0,0.0,0.0,67.21,187.47
203.5,163.368,41.983,448.73,0.0,0.0,0.0,67.2,187.47
203.56,163.389,42.002,448.29,0.0,0.0,0.0,67.2,187.47
203.6,163.403,42.015,448.0,0.0,0.0,0.0,67.19,187.48
203.66,163.424,42.034,447.56,0.0,0.0,0.0,67.19,187.48
203.7,163.438,42.047,447.27,0.0,0.0,0.0,67.18,187.48
203.76,163.459,42.067,446.84,0.0,0.0,0.0,67.18,187.48
203.8,163.473,42.08,446.55,0.0,0.0,0.0,67.17,187.49
203.86,163.494,42.099,446.11,0.0,0.0,0.0,67.17,187.49
203.9,163.508,42.112,445.82,0.0,0.0,0.0,67.16,187.49
203.96,163.529,42.132,445.39,0.0,0.0,0.0,67.16,187.49
204.02,163.549,42.151,444.95,0.0,0.0,0.0,67.15,187.5
204.06,163.563,42.164,444.66,0.0,0.0,0.0,67.15,187.5
204.1,163.577,42.177,444.37,0.0,0.0,0.0,67.14,187.5
204.16,163.598,42.197,443.94,0.0,0.0,0.0,67.14,187.5
204.22,163.618,42.216,443.5,0.0,0.0,0.0,67.13,187.51
204.26,163.632,42.229,443.22,0.0,0.0,0.0,67.13,187.51
204.3,163.646,42.243,442.93,0.0,0.0,0.0,67.12,187.51
204.36,163.667,42.262,442.49,0.0,0.0,0.0,67.12,187.51
204.42,163.687,42.282,442.06,0.0,0.0,0.0,67.11,187.52
204.46,163.701,42.295,441.77,0.0,0.0,0.0,67.11,187.52
204.5,163.714,42.308,441.48,0.0,0.0,0.0,67.1,187.52
204.56,163.735,42.327,441.05,0.0,0.0,0.0,67.1,187.52
204.62,163.755,42.347,440.62,0.0,0.0,0.0,67.09,187.53
204.66,163.769,42.36,440.33,0.0,0.0,0.0,67.09,187.53
204.72,163.789,42.379,439.9,0.0,0.0,0.0,67.08,187.53
204.76,163.803,42.392,439.61,0.0,0.0,0.0,67.07,187.53
204.82,163.823,42.412,439.18,0.0,0.0,0.0,67.07,187.54
204.86,163.837,42.425,438.9,0.0,0.0,0.0,67.06,187.54
204.92,163.857,42.444,438.47,0.0,0.0,0.0,67.06,187.54
204.96,163.871,42.457,438.18,0.0,0.0,0.0,67.05,187.54
205.02,163.891,42.477,437.75,0.0,0.0,0.0,67.05,187.55
205.06,163.904,42.49,437.46,0.0,0.0,0.0,67.04,187.55
205.12,163.924,42.51,437.03,0.0,0.0,0.0,67.04,187.55
205.16,163.938,42.523,436.75,0.0,0.0,0.0,67.03,187.55
205.22,163.958,42.542,436.32,0.0,0.0,0.0,67.03,187.56
205.26,163.971,42.555,436.03,0.0,0.0,0.0,67.02,187.56
205.32,163.991,42.575,435.6,0.0,0.0,0.0,67.02,187.56
205.38,164.012,42.594,435.18,0.0,0.0,0.0,67.01,187.56
205.42,164.025,42.607,434.89,0.0,0.0,0.0,67.01,187.57
205.46,164.038,42.62,434.61,0.0,0.0,0.0,67.0,187.57
205.52,164.058,42.64,434.18,0.0,0.0,0.0,67.0,187.57
205.58,164.078,42.66,433.75,0.0,0.0,0.0,66.99,187.57
205.62,164.091,42.673,433.47,0.0,0.0,0.0,66.99,187.58
205.66,164.105,42.686,433.18,0.0,0.0,0.0,66.98,187.58
205.72,164.124,42.705,432.76,0.0,0.0,0.0,66.98,187.58
205.78,164.144,42.725,432.33,0.0,0.0,0.0,66.97,187.58
205.82,164.157,42.738,432.05,0.0,0.0,0.0,66.97,187.58
205.86,164.17,42.751,431.76,0.0,0.0,0.0,66.96,187.59
205.92,164.19,42.771,431.34,0.0,0.0,0.0,66.96,187.59
205.98,164.21,42.79,430.91,0.0,0.0,0.0,66.95,187.59
206.02,164.223,42.803,430.63,0.0,0.0,0.0,66.95,187.59
206.06,164.236,42.816,430.35,0.0,0.0,0.0,66.94,187.6
206.12,164.256,42.836,429.92,0.0,0.0,0.0,66.94,187.6
206.18,164.275,42.856,429.5,0.0,0.0,0.0,66.93,187.6
206.22,164.288,42.869,429.21,0.0,0.0,0.0,66.92,187.6
206.28,164.308,42.888,428.79,0.0,0.0,0.0,66.92,187.61
206.32,164.321,42.901,428.51,0.0,0.0,0.0,66.91,187.61
206.38,164.34,42.921,428.09,0.0,0.0,0.0,66.91,187.61
206.42,164.353,42.934,427.8,0.0,0.0,0.0,66.9,187.61
206.48,164.373,42.954,427.38,0.0,0.0,0.0,66.9,187.62
206.52,164.386,42.967,427.1,0.0,0.0,0.0,66.89,187.62
206.58,164.405,42.986,426.68,0.0,0.0,0.0,66.89,187.62
206.62,164.418,43.0,426.4,0.0,0.0,0.0,66.88,187.62
206.68,164.437,43.019,425.98,0.0,0.0,0.0,66.88,187.63
206.72,164.45,43.032,425.7,0.0,0.0,0.0,66.87,187.63
206.78,164.469,43.052,425.27,0.0,0.0,0.0,66.87,187.63
206.82,164.482,43.065,424.99,0.0,0.0,0.0,66.86,187.63
206.88,164.501,43.085,424.57,0.0,0.0,0.0,66.86,187.64
206.92,164.514,43.098,424.29,0.0,0.0,0.0,66.85,187.64
206.98,164.533,43.117,423.87,0.0,0.0,0.0,66.85,187.64
207.02,164.546,43.131,423.59,0.0,0.0,0.0,66.84,187.64
207.08,164.565,43.15,423.17,0.0,0.0,0.0,66.84,187.64
207.12,164.578,43.163,422.9,0.0,0.0,0.0,66.83,187.65
207.18,164.597,43.183,422.48,0.0,0.0,0.0,66.83,187.65
207.22,164.609,43.196,422.2,0.0,0.0,0.0,66.82,187.65
207.28,164.628,43.216,421.78,0.0,0.0,0.0,66.82,187.65
207.34,164.647,43.235,421.36,0.0,0.0,0.0,66.81,187.66
207.38,164.66,43.249,421.08,0.0,0.0,0.0,66.81,187.66
207.42,164.672,43.262,420.81,0.0,0.0,0.0,66.8,187.66
207.48,164.691,43.281,420.39,0.0,0.0,0.0,66.8,187.66
207.54,164.71,43.301,419.97,0.0,0.0,0.0,66.79,187.67
207.58,164.723,43.314,419.69,0.0,0.0,0.0,66.78,187.67
207.62,164.735,43.327,419.42,0.0,0.0,0.0,66.78,187.67
207.68,164.754,43.347,419.0,0.0,0.0,0.0,66.77,187.67
207.74,164.773,43.367,418.59,0.0,0.0,0.0,66.77,187.68
207.78,164.785,43.38,418.31,0.0,0.0,0.0,66.76,187.68
207.84,164.804,43.399,417.89,0.0,0.0,0.0,66.76,187.68
207.88,164.816,43.413,417.62,0.0,0.0,0.0,66.75,187.68
207.92,164.828,43.426,417.34,0.0,0.0,0.0,66.75,187.68
207.98,164.847,43.445,416.93,0.0,0.0,0.0,66.74,187.69
208.04,164.866,43.465,416.51,0.0,0.0,0.0,66.74,187.69
208.08,164.878,43.478,416.24,0.0,0.0,0.0,66.73,187.69
208.14,164.896,43.498,415.82,0.0,0.0,0.0,66.73,187.69
208.18,164.909,43.511,415.55,0.0,0.0,0.0,66.72,187.7
208.24,164.927,43.531,415.13,0.0,0.0,0.0,66.72,187.7
208.28,164.939,43.544,414.86,0.0,0.0,0.0,66.71,187.7
208.34,164.958,43.564,414.45,0.0,0.0,0.0,66.71,187.7
208.38,164.97,43.577,414.17,0.0,0.0,0.0,66.7,187.71
208.44,164.988,43.597,413.76,0.0,0.0,0.0,66.7,187.71
208.48,165.0,43.61,413.49,0.0,0.0,0.0,66.69,187.71
208.54,165.019,43.629,413.08,0.0,0.0,0.0,66.69,187.71
208.58,165.031,43.643,412.8,0.0,0.0,0.0,66.68,187.71
208.64,165.049,43.662,412.39,0.0,0.0,0.0,66.68,187.72
208.68,165.061,43.676,412.12,0.0,0.0,0.0,66.67,187.72
208.74,165.079,43.695,411.71,0.0,0.0,0.0,66.67,187.72
208.78,165.091,43.708,411.44,0.0,0.0,0.0,66.66,187.72
208.84,165.11,43.728,411.03,0.0,0.0,0.0,66.66,187.73
208.88,165.122,43.741,410.75,0.0,0.0,0.0,66.65,187.73
208.94,165.14,43.761,410.34,0.0,0.0,0.0,66.64,187.73
208.98,165.152,43.774,410.07,0.0,0.0,0.0,66.64,187.73
209.04,165.17,43.794,409.66,0.0,0.0,0.0,66.63,187.74
209.1,165.188,43.814,409.26,0.0,0.0,0.0,66.63,187.74
209.14,165.2,43.827,408.99,0.0,0.0,0.0,66.62,187.74
209.18,165.211,43.84,408.71,0.0,0.0,0.0,66.62,187.74
209.24,165.229,43.86,408.31,0.0,0.0,0.0,66.61,187.75
209.3,165.247,43.88,407.9,0.0,0.0,0.0,66.61,187.75
209.34,165.259,43.893,407.63,0.0,0.0,0.0,66.6,187.75
209.38,165.271,43.906,407.36,0.0,0.0,0.0,66.6,187.75
209.44,165.289,43.926,406.95,0.0,0.0,0.0,66.59,187.75
209.5,165.306,43.946,406.55,0.0,0.0,0.0,66.59,187.76
209.54,165.318,43.959,406.28,0.0,0.0,0.0,66.58,187.76
209.58,165.33,43.972,406.01,0.0,0.0,0.0,66.58,187.76
209.64,165.348,43.992,405.6,0.0,0.0,0.0,66.57,187.76
209.7,165.365,44.011,405.2,0.0,0.0,0.0,66.57,187.77
209.74,165.377,44.025,404.93,0.0,0.0,0.0,66.56,187.77
209.8,165.394,44.044,404.53,0.0,0.0,0.0,66.56,187.77
209.84,165.406,44.058,404.26,0.0,0.0,0.0,66.55,187.77
209.9,165.424,44.077,403.86,0.0,0.0,0.0,66.55,187.78
209.94,165.435,44.091,403.59,0.0,0.0,0.0,66.54,187.78
210.0,165.453,44.11,403.18,0.0,0.0,0.0,66.54,187.78
210.04,165.464,44.124,402.92,0.0,0.0,0.0,66.53,187.78
210.1,165.482,44.143,402.51,0.0,0.0,0.0,66.53,187.78
210.14,165.493,44.157,402.25,0.0,0.0,0.0,66.52,187.79
210.2,165.511,44.176,401.85,0.0,0.0,0.0,66.52,187.79
210.24,165.522,44.19,401.58,0.0,0.0,0.0,66.51,187.79
210.3,165.539,44.209,401.18,0.0,0.0,0.0,66.5,187.79
210.34,165.551,44.223,400.91,0.0,0.0,0.0,66.5,187.8
210.4,165.568,44.242,400.51,0.0,0.0,0.0,66.49,187.8
210.44,165.58,44.256,400.25,0.0,0.0,0.0,66.49,187.8
210.5,165.597,44.275,399.85,0.0,0.0,0.0,66.48,187.8
210.56,165.614,44.295,399.45,0.0,0.0,0.0,66.48,187.81
210.6,165.625,44.308,399.18,0.0,0.0,0.0,66.47,187.81
210.64,165.637,44.322,398.92,0.0,0.0,0.0,66.47,187.81
210.7,165.654,44.342,398.52,0.0,0.0,0.0,66.46,187.81
210.74,165.665,44.355,398.25,0.0,0.0,0.0,66.46,187.81
210.8,165.682,44.375,397.86,0.0,0.0,0.0,66.45,187.82
210.86,165.699,44.394,397.46,0.0,0.0,0.0,66.45,187.82
210.9,165.71,44.408,397.2,0.0,0.0,0.0,66.44,187.82
210.94,165.722,44.421,396.93,0.0,0.0,0.0,66.44,187.82
211.0,165.739,44.441,396.54,0.0,0.0,0.0,66.43,187.83
211.06,165.755,44.461,396.14,0.0,0.0,0.0,66.43,187.83
211.1,165.767,44.474,395.88,0.0,0.0,0.0,66.42,187.83
211.16,165.783,44.494,395.48,0.0,0.0,0.0,66.42,187.83
211.2,165.795,44.507,395.22,0.0,0.0,0.0,66.41,187.83
211.26,165.811,44.527,394.83,0.0,0.0,0.0,66.41,187.84
211.3,165.822,44.54,394.56,0.0,0.0,0.0,66.4,187.84
211.36,165.839,44.56,394.17,0.0,0.0,0.0,66.4,187.84
211.4,165.85,44.573,393.91,0.0,0.0,0.0,66.39,187.84
211.46,165.867,44.593,393.52,0.0,0.0,0.0,66.39,187.85
211.5,165.878,44.606,393.25,0.0,0.0,0.0,66.38,187.85
211.56,165.895,44.626,392.86,0.0,0.0,0.0,66.38,187.85
211.6,165.906,44.639,392.6,0.0,0.0,0.0,66.37,187.85
211.66,165.922,44.659,392.21,0.0,0.0,0.0,66.36,187.86
211.7,165.933,44.672,391.95,0.0,0.0,0.0,66.36,187.86
211.76,165.95,44.692,391.56,0.0,0.0,0.0,66.35,187.86
211.8,165.96,44.706,391.3,0.0,0.0,0.0,66.35,187.86
211.86,165.977,44.725,390.91,0.0,0.0,0.0,66.34,187.86
211.92,165.993,44.745,390.52,0.0,0.0,0.0,66.34,187.87
211.96,166.004,44.759,390.26,0.0,0.0,0.0,66.33,187.87
212.0,166.015,44.772,390.0,0.0,0.0,0.0,66.33,187.87
212.06,166.031,44.792,389.61,0.0,0.0,0.0,66.32,187.87
212.12,166.048,44.812,389.22,0.0,0.0,0.0,66.32,187.88
212.16,166.058,44.825,388.96,0.0,0.0,0.0,66.31,187.88
212.2,166.069,44.838,388.7,0.0,0.0,0.0,66.31,187.88
212.26,166.085,44.858,388.32,0.0,0.0,0.0,66.3,187.88
212.32,166.102,44.878,387.93,0.0,0.0,0.0,66.3,187.88
212.36,166.112,44.891,387.67,0.0,0.0,0.0,66.29,187.89
212.4,166.123,44.904,387.42,0.0,0.0,0.0,66.29,187.89
212.46,166.139,44.924,387.03,0.0,0.0,0.0,66.28,187.89
212.52,166.155,44.944,386.64,0.0,0.0,0.0,66.28,187.89
212.56,166.166,44.958,386.39,0.0,0.0,0.0,66.27,187.9
212.62,166.182,44.977,386.0,0.0,0.0,0.0,66.27,187.9
212.66,166.192,44.991,385.75,0.0,0.0,0.0,66.26,187.9
212.7,166.203,45.004,385.49,0.0,0.0,0.0,66.26,187.9
212.76,166.219,45.024,385.11,0.0,0.0,0.0,66.25,187.9
212.82,166.235,45.044,384.72,0.0,0.0,0.0,66.25,187.91
212.86,166.245,45.057,384.47,0.0,0.0,0.0,66.24,187.91
212.9,166.256,45.07,384.21,0.0,0.0,0.0,66.24,187.91
212.96,166.272,45.09,383.83,0.0,0.0,0.0,66.23,187.91
213.02,166.287,45.11,383.45,0.0,0.0,0.0,66.22,187.92
213.06,166.298,45.124,383.19,0.0,0.0,0.0,66.22,187.92
213.12,166.314,45.143,382.81,0.0,0.0,0.0,66.21,187.92
213.16,166.324,45.157,382.56,0.0,0.0,0.0,66.21,187.92
213.22,166.34,45.177,382.18,0.0,0.0,0.0,66.2,187.92
213.26,166.35,45.19,381.93,0.0,0.0,0.0,66.2,187.93
213.32,166.366,45.21,381.55,0.0,0.0,0.0,66.19,187.93
213.36,166.376,45.223,381.29,0.0,0.0,0.0,66.19,187.93
213.42,166.392,45.243,380.91,0.0,0.0,0.0,66.18,187.93
213.46,166.402,45.256,380.66,0.0,0.0,0.0,66.18,187.94
213.52,166.417,45.276,380.28,0.0,0.0,0.0,66.17,187.94
213.56,166.428,45.29,380.03,0.0,0.0,0.0,66.17,187.94
213.62,166.443,45.31,379.65,0.0,0.0,0.0,66.16,187.94
213.66,166.453,45.323,379.4,0.0,0.0,0.0,66.16,187.94
213.72,166.469,45.343,379.03,0.0,0.0,0.0,66.15,187.95
213.76,166.479,45.356,378.77,0.0,0.0,0.0,66.15,187.95
213.82,166.494,45.376,378.4,0.0,0.0,0.0,66.14,187.95
213.86,166.505,45.39,378.15,0.0,0.0,0.0,66.14,187.95
213.92,166.52,45.409,377.77,0.0,0.0,0.0,66.13,187.96
213.96,166.53,45.423,377.52,0.0,0.0,0.0,66.13,187.96
214.02,166.545,45.443,377.15,0.0,0.0,0.0,66.12,187.96
214.08,166.56,45.463,376.77,0.0,0.0,0.0,66.12,187.96
214.12,166.57,45.476,376.53,0.0,0.0,0.0,66.11,187.96
214.16,166.581,45.489,376.28,0.0,0.0,0.0,66.11,187.97
214.22,166.596,45.509,375.9,0.0,0.0,0.0,66.1,187.97
214.28,166.611,45.529,375.53,0.0,0.0,0.0,66.1,187.97
214.32,166.621,45.543,375.28,0.0,0.0,0.0,66.09,187.97
214.38,166.636,45.563,374.91,0.0,0.0,0.0,66.08,187.98
214.42,166.646,45.576,374.66,0.0,0.0,0.0,66.08,187.98
214.48,166.661,45.596,374.29,0.0,0.0,0.0,66.07,187.98
214.52,166.671,45.609,374.05,0.0,0.0,0.0,66.07,187.98
214.58,166.685,45.629,373.68,0.0,0.0,0.0,66.06,187.98
214.62,166.695,45.643,373.43,0.0,0.0,0.0,66.06,187.99
214.68,166.71,45.663,373.06,0.0,0.0,0.0,66.05,187.99
214.72,166.72,45.676,372.81,0.0,0.0,0.0,66.05,187.99
214.76,166.73,45.689,372.57,0.0,0.0,0.0,66.05,187.99
214.82,166.745,45.709,372.2,0.0,0.0,0.0,66.04,187.99
214.88,166.759,45.729,371.83,0.0,0.0,0.0,66.03,188.0
214.92,166.769,45.743,371.59,0.0,0.0,0.0,66.03,188.0
214.98,166.784,45.763,371.22,0.0,0.0,0.0,66.02,188.0
215.02,166.794,45.776,370.98,0.0,0.0,0.0,66.02,188.0
215.08,166.808,45.796,370.61,0.0,0.0,0.0,66.01,188.01
215.12,166.818,45.809,370.37,0.0,0.0,0.0,66.01,188.01
215.18,166.832,45.829,370.0,0.0,0.0,0.0,66.0,188.01
215.22,166.842,45.843,369.76,0.0,0.0,0.0,66.0,188.01
215.28,166.857,45.863,369.39,0.0,0.0,0.0,65.99,188.01
215.32,166.866,45.876,369.15,0.0,0.0,0.0,65.99,188.02
215.38,166.881,45.896,368.79,0.0,0.0,0.0,65.98,188.02
215.42,166.89,45.909,368.54,0.0,0.0,0.0,65.98,188.02
215.48,166.905,45.929,368.18,0.0,0.0,0.0,65.97,188.02
215.52,166.914,45.943,367.94,0.0,0.0,0.0,65.97,188.02
215.58,166.929,45.963,367.58,0.0,0.0,0.0,65.96,188.03
215.64,166.943,45.983,367.22,0.0,0.0,0.0,65.95,188.03
215.68,166.952,45.996,366.97,0.0,0.0,0.0,65.95,188.03
215.72,166.962,46.01,366.73,0.0,0.0,0.0,65.95,188.03
215.78,166.976,46.03,366.37,0.0,0.0,0.0,65.94,188.04
215.84,166.99,46.05,366.01,0.0,0.0,0.0,65.93,188.04
215.88,167.0,46.063,365.77,0.0,0.0,0.0,65.93,188.04
215.92,167.009,46.076,365.53,0.0,0.0,0.0,65.93,188.04
215.98,167.023,46.096,365.18,0.0,0.0,0.0,65.92,188.04
216.04,167.037,46.117,364.82,0.0,0.0,0.0,65.91,188.05
216.08,167.047,46.13,364.58,0.0,0.0,0.0,65.91,188.05
216.12,167.056,46.143,364.34,0.0,0.0,0.0,65.91,188.05
216.18,167.07,46.163,363.98,0.0,0.0,0.0,65.9,188.05
216.24,167.084,46.183,363.63,0.0,0.0,0.0,65.89,188.05
216.28,167.093,46.197,363.39,0.0,0.0,0.0,65.89,188.06
216.34,167.107,46.217,363.03,0.0,0.0,0.0,65.88,188.06
216.38,167.116,46.23,362.8,0.0,0.0,0.0,65.88,188.06
216.44,167.13,46.25,362.44,0.0,0.0,0.0,65.87,188.06
216.48,167.14,46.264,362.21,0.0,0.0,0.0,65.87,188.07
216.52,167.149,46.277,361.97,0.0,0.0,0.0,65.86,188.07
216.58,167.162,46.297,361.62,0.0,0.0,0.0,65.86,188.07
216.64,167.176,46.317,361.26,0.0,0.0,0.0,65.85,188.07
216.68,167.185,46.331,361.03,0.0,0.0,0.0,65.85,188.07
216.74,167.199,46.351,360.68,0.0,0.0,0.0,65.84,188.08
216.78,167.208,46.364,360.44,0.0,0.0,0.0,65.84,188.08
216.84,167.222,46.384,360.09,0.0,0.0,0.0,65.83,188.08
216.88,167.231,46.398,359.86,0.0,0.0,0.0,65.83,188.08
216.94,167.244,46.418,359.5,0.0,0.0,0.0,65.82,188.08
216.98,167.253,46.431,359.27,0.0,0.0,0.0,65.82,188.09
217.04,167.267,46.451,358.92,0.0,0.0,0.0,65.81,188.09
217.08,167.276,46.465,358.69,0.0,0.0,0.0,65.81,188.09
217.14,167.289,46.485,358.34,0.0,0.0,0.0,65.8,188.09
217.18,167.298,46.498,358.11,0.0,0.0,0.0,65.8,188.09
217.24,167.312,46.518,357.76,0.0,0.0,0.0,65.79,188.1
217.3,167.325,46.538,357.41,0.0,0.0,0.0,65.78,188.1
217.34,167.334,46.552,357.18,0.0,0.0,0.0,65.78,188.1
217.38,167.343,46.565,356.95,0.0,0.0,0.0,65.78,188.1
217.44,167.356,46.585,356.6,0.0,0.0,0.0,65.77,188.11
217.48,167.365,46.599,356.37,0.0,0.0,0.0,65.77,188.11
217.54,167.378,46.619,356.03,0.0,0.0,0.0,65.76,188.11
217.6,167.391,46.639,355.68,0.0,0.0,0.0,65.75,188.11
217.64,167.4,46.652,355.45,0.0,0.0,0.0,65.75,188.11
217.68,167.409,46.666,355.22,0.0,0.0,0.0,65.74,188.12
217.74,167.422,46.686,354.88,0.0,0.0,0.0,65.74,188.12
217.8,167.435,46.706,354.54,0.0,0.0,0.0,65.73,188.12
217.84,167.444,46.719,354.31,0.0,0.0,0.0,65.73,188.12
217.9,167.457,46.739,353.97,0.0,0.0,0.0,65.72,188.12
217.94,167.466,46.753,353.74,0.0,0.0,0.0,65.72,188.13
218.0,167.479,46.773,353.4,0.0,0.0,0.0,65.71,188.13
218.04,167.487,46.786,353.17,0.0,0.0,0.0,65.71,188.13
218.08,167.496,46.8,352.95,0.0,0.0,0.0,65.7,188.13
218.14,167.509,46.82,352.61,0.0,0.0,0.0,65.7,188.13
218.18,167.517,46.833,352.38,0.0,0.0,0.0,65.69,188.14
218.24,167.53,46.853,352.04,0.0,0.0,0.0,65.69,188.14
218.28,167.539,46.867,351.82,0.0,0.0,0.0,65.68,188.14
218.34,167.552,46.887,351.48,0.0,0.0,0.0,65.68,188.14
218.4,167.564,46.907,351.14,0.0,0.0,0.0,65.67,188.15
218.44,167.573,46.921,350.92,0.0,0.0,0.0,65.67,188.15
218.5,167.585,46.941,350.58,0.0,0.0,0.0,65.66,188.15
218.54,167.594,46.954,350.36,0.0,0.0,0.0,65.66,188.15
218.6,167.607,46.974,350.02,0.0,0.0,0.0,65.65,188.15
218.64,167.615,46.988,349.8,0.0,0.0,0.0,65.65,188.16
218.7,167.628,47.008,349.46,0.0,0.0,0.0,65.64,188.16
218.74,167.636,47.021,349.24,0.0,0.0,0.0,65.64,188.16
218.8,167.648,47.042,348.91,0.0,0.0,0.0,65.63,188.16
218.84,167.657,47.055,348.68,0.0,0.0,0.0,65.63,188.16
218.9,167.669,47.075,348.35,0.0,0.0,0.0,65.62,188.17
218.94,167.678,47.089,348.13,0.0,0.0,0.0,65.61,188.17
219.0,167.69,47.109,347.8,0.0,0.0,0.0,65.61,188.17
219.04,167.698,47.122,347.58,0.0,0.0,0.0,65.6,188.17
219.1,167.711,47.142,347.25,0.0,0.0,0.0,65.6,188.17
219.14,167.719,47.156,347.03,0.0,0.0,0.0,65.59,188.18
219.2,167.731,47.176,346.7,0.0,0.0,0.0,65.59,188.18
219.26,167.743,47.196,346.37,0.0,0.0,0.0,65.58,188.18
219.3,167.752,47.21,346.15,0.0,0.0,0.0,65.58,188.18
219.34,167.76,47.223,345.93,0.0,0.0,0.0,65.57,188.18
219.4,167.772,47.243,345.6,0.0,0.0,0.0,65.57,188.19
219.44,167.78,47.257,345.39,0.0,0.0,0.0,65.56,188.19
219.5,167.792,47.277,345.06,0.0,0.0,0.0,65.56,188.19
219.56,167.804,47.297,344.73,0.0,0.0,0.0,65.55,188.19
219.6,167.812,47.311,344.52,0.0,0.0,0.0,65.55,188.19
219.64,167.82,47.324,344.3,0.0,0.0,0.0,65.54,188.2
219.7,167.832,47.344,343.97,0.0,0.0,0.0,65.54,188.2
219.76,167.844,47.364,343.65,0.0,0.0,0.0,65.53,188.2
219.8,167.852,47.378,343.43,0.0,0.0,0.0,65.53,188.2
219.86,167.864,47.398,343.11,0.0,0.0,0.0,65.52,188.21
219.9,167.872,47.412,342.9,0.0,0.0,0.0,65.52,188.21
219.96,167.884,47.432,342.57,0.0,0.0,0.0,65.51,188.21
220.0,167.892,47.445,342.36,0.0,0.0,0.0,65.51,188.21
220.06,167.904,47.465,342.04,0.0,0.0,0.0,65.5,188.21
220.1,167.912,47.479,341.83,0.0,0.0,0.0,65.5,188.22
220.16,167.924,47.499,341.51,0.0,0.0,0.0,65.49,188.22
220.2,167.931,47.513,341.29,0.0,0.0,0.0,65.48,188.22
220.26,167.943,47.533,340.97,0.0,0.0,0.0,65.48,188.22
220.3,167.951,47.546,340.76,0.0,0.0,0.0,65.47,188.22
220.36,167.963,47.566,340.44,0.0,0.0,0.0,65.47,188.23
220.4,167.97,47.58,340.23,0.0,0.0,0.0,65.46,188.23
220.46,167.982,47.6,339.91,0.0,0.0,0.0,65.46,188.23
220.5,167.99,47.614,339.7,0.0,0.0,0.0,65.45,188.23
220.56,168.001,47.634,339.39,0.0,0.0,0.0,65.45,188.23
220.62,168.013,47.654,339.07,0.0,0.0,0.0,65.44,188.24
220.66,168.02,47.668,338.86,0.0,0.0,0.0,65.44,188.24
220.7,168.028,47.681,338.65,0.0,0.0,0.0,65.43,188.24
220.76,168.039,47.701,338.34,0.0,0.0,0.0,65.43,188.24
220.82,168.051,47.722,338.03,0.0,0.0,0.0,65.42,188.24
220.86,168.058,47.735,337.82,0.0,0.0,0.0,65.42,188.25
220.9,168.066,47.749,337.61,0.0,0.0,0.0,65.41,188.25
220.96,168.077,47.769,337.3,0.0,0.0,0.0,65.41,188.25
221.0,168.085,47.782,337.09,0.0,0.0,0.0,65.4,188.25
221.06,168.096,47.803,336.78,0.0,0.0,0.0,65.4,188.25
221.12,168.107,47.823,336.47,0.0,0.0,0.0,65.39,188.26
221.16,168.115,47.836,336.26,0.0,0.0,0.0,65.39,188.26
221.22,168.126,47.857,335.96,0.0,0.0,0.0,65.38,188.26
221.26,168.133,47.87,335.75,0.0,0.0,0.0,65.38,188.26
221.32,168.145,47.89,335.44,0.0,0.0,0.0,65.37,188.26
221.36,168.152,47.904,335.24,0.0,0.0,0.0,65.37,188.27
221.4,168.159,47.917,335.03,0.0,0.0,0.0,65.36,188.27
221.46,168.17,47.938,334.73,0.0,0.0,0.0,65.35,188.27
221.52,168.181,47.958,334.42,0.0,0.0,0.0,65.35,188.27
221.56,168.189,47.971,334.22,0.0,0.0,0.0,65.34,188.27
221.62,168.2,47.992,333.91,0.0,0.0,0.0,65.34,188.28
221.66,168.207,48.005,333.71,0.0,0.0,0.0,65.33,188.28
221.72,168.218,48.025,333.41,0.0,0.0,0.0,65.33,188.28
221.76,168.225,48.039,333.2,0.0,0.0,0.0,65.32,188.28
221.82,168.236,48.059,332.9,0.0,0.0,0.0,65.32,188.28
221.86,168.243,48.073,332.7,0.0,0.0,0.0,65.31,188.29
221.92,168.254,48.093,332.4,0.0,0.0,0.0,65.31,188.29
221.96,168.261,48.106,332.2,0.0,0.0,0.0,65.3,188.29
222.02,168.272,48.127,331.9,0.0,0.0,0.0,65.3,188.29
222.06,168.279,48.14,331.7,0.0,0.0,0.0,65.29,188.29
222.12,168.29,48.161,331.4,0.0,0.0,0.0,65.29,188.3
222.16,168.297,48.174,331.2,0.0,0.0,0.0,65.28,188.3
222.22,168.307,48.194,330.9,0.0,0.0,0.0,65.28,188.3
222.26,168.315,48.208,330.7,0.0,0.0,0.0,65.27,188.3
222.32,168.325,48.228,330.41,0.0,0.0,0.0,65.27,188.3
222.36,168.332,48.242,330.21,0.0,0.0,0.0,65.26,188.31
222.42,168.343,48.262,329.92,0.0,0.0,0.0,65.26,188.31
222.48,168.353,48.282,329.62,0.0,0.0,0.0,65.25,188.31
222.52,168.36,48.296,329.42,0.0,0.0,0.0,65.25,188.31
222.56,168.367,48.309,329.23,0.0,0.0,0.0,65.24,188.31
222.62,168.377,48.33,328.93,0.0,0.0,0.0,65.24,188.32
222.68,168.388,48.35,328.64,0.0,0.0,0.0,65.23,188.32
222.72,168.395,48.363,328.45,0.0,0.0,0.0,65.22,188.32
222.76,168.402,48.377,328.25,0.0,0.0,0.0,65.22,188.32
222.82,168.412,48.397,327.96,0.0,0.0,0.0,65.21,188.32
222.86,168.419,48.411,327.77,0.0,0.0,0.0,65.21,188.33
222.92,168.429,48.431,327.48,0.0,0.0,0.0,65.2,188.33
222.98,168.439,48.451,327.19,0.0,0.0,0.0,65.2,188.33
223.02,168.446,48.465,327.0,0.0,0.0,0.0,65.19,188.33
223.06,168.453,48.479,326.8,0.0,0.0,0.0,65.19,188.33
223.12,168.463,48.499,326.52,0.0,0.0,0.0,65.18,188.34
223.18,168.473,48.519,326.23,0.0,0.0,0.0,65.18,188.34
223.22,168.48,48.533,326.04,0.0,0.0,0.0,65.17,188.34
223.26,168.486,48.546,325.85,0.0,0.0,0.0,65.17,188.34
223.32,168.496,48.567,325.56,0.0,0.0,0.0,65.16,188.34
223.38,168.506,48.587,325.28,0.0,0.0,0.0,65.16,188.35
223.42,168.513,48.6,325.09,0.0,0.0,0.0,65.15,188.35
223.48,168.523,48.621,324.81,0.0,0.0,0.0,65.15,188.35
223.52,168.529,48.634,324.62,0.0,0.0,0.0,65.14,188.35
223.56,168.536,48.648,324.43,0.0,0.0,0.0,65.14,188.35
223.62,168.546,48.668,324.15,0.0,0.0,0.0,65.13,188.36
223.68,168.556,48.689,323.87,0.0,0.0,0.0,65.13,188.36
223.72,168.562,48.702,323.68,0.0,0.0,0.0,65.12,188.36
223.78,168.572,48.722,323.4,0.0,0.0,0.0,65.12,188.36
223.82,168.578,48.736,323.21,0.0,0.0,0.0,65.11,188.36
223.88,168.588,48.756,322.94,0.0,0.0,0.0,65.11,188.37
223.92,168.595,48.77,322.75,0.0,0.0,0.0,65.1,188.37
223.98,168.604,48.79,322.47,0.0,0.0,0.0,65.09,188.37
224.02,168.611,48.804,322.29,0.0,0.0,0.0,65.09,188.37
224.08,168.62,48.824,322.01,0.0,0.0,0.0,65.08,188.37
224.12,168.627,48.838,321.83,0.0,0.0,0.0,65.08,188.37
224.18,168.636,48.858,321.55,0.0,0.0,0.0,65.07,188.38
224.22,168.642,48.872,321.37,0.0,0.0,0.0,65.07,188.38
224.28,168.652,48.892,321.1,0.0,0.0,0.0,65.06,188.38
224.32,168.658,48.906,320.91,0.0,0.0,0.0,65.06,188.38
224.38,168.668,48.926,320.64,0.0,0.0,0.0,65.05,188.38
224.44,168.677,48.946,320.37,0.0,0.0,0.0,65.05,188.39
224.48,168.683,48.96,320.19,0.0,0.0,0.0,65.04,188.39
224.52,168.689,48.973,320.01,0.0,0.0,0.0,65.04,188.39
224.58,168.699,48.994,319.74,0.0,0.0,0.0,65.03,188.39
224.64,168.708,49.014,319.47,0.0,0.0,0.0,65.03,188.39
224.68,168.714,49.028,319.29,0.0,0.0,0.0,65.02,188.4
224.74,168.723,49.048,319.02,0.0,0.0,0.0,65.02,188.4
224.78,168.73,49.062,318.85,0.0,0.0,0.0,65.01,188.4
224.84,168.739,49.082,318.58,0.0,0.0,0.0,65.01,188.4
224.88,168.745,49.096,318.4,0.0,0.0,0.0,65.0,188.4
224.94,168.754,49.116,318.14,0.0,0.0,0.0,65.0,188.41
224.98,168.76,49.13,317.96,0.0,0.0,0.0,64.99,188.41
225.02,168.766,49.143,317.78,0.0,0.0,0.0,64.99,188.41
225.08,168.775,49.164,317.52,0.0,0.0,0.0,64.98,188.41
225.14,168.784,49.184,317.26,0.0,0.0,0.0,64.98,188.41
225.18,168.79,49.198,317.08,0.0,0.0,0.0,64.97,188.42
225.22,168.796,49.211,316.91,0.0,0.0,0.0,64.97,188.42
225.28,168.805,49.232,316.65,0.0,0.0,0.0,64.96,188.42
225.34,168.814,49.252,316.39,0.0,0.0,0.0,64.95,188.42
225.38,168.82,49.266,316.21,0.0,0.0,0.0,64.95,188.42
225.44,168.828,49.286,315.95,0.0,0.0,0.0,64.94,188.43
225.48,168.834,49.3,315.78,0.0,0.0,0.0,64.94,188.43
225.54,168.843,49.32,315.52,0.0,0.0,0.0,64.93,188.43
225.58,168.849,49.334,315.35,0.0,0.0,0.0,64.93,188.43
225.64,168.858,49.354,315.1,0.0,0.0,0.0,64.92,188.43
225.68,168.863,49.368,314.92,0.0,0.0,0.0,64.92,188.43
225.74,168.872,49.388,314.67,0.0,0.0,0.0,64.91,188.44
225.78,168.878,49.402,314.5,0.0,0.0,0.0,64.91,188.44
225.84,168.886,49.422,314.25,0.0,0.0,0.0,64.9,188.44
225.88,168.892,49.436,314.08,0.0,0.0,0.0,64.9,188.44
225.94,168.901,49.456,313.82,0.0,0.0,0.0,64.89,188.44
225.98,168.906,49.47,313.66,0.0,0.0,0.0,64.89,188.45
226.04,168.915,49.49,313.41,0.0,0.0,0.0,64.88,188.45
226.08,168.921,49.504,313.24,0.0,0.0,0.0,64.88,188.45
226.14,168.929,49.524,312.99,0.0,0.0,0.0,64.87,188.45
226.18,168.935,49.538,312.82,0.0,0.0,0.0,64.87,188.45
226.24,168.943,49.558,312.57,0.0,0.0,0.0,64.86,188.46
226.3,168.951,49.578,312.33,0.0,0.0,0.0,64.86,188.46
226.34,168.957,49.592,312.16,0.0,0.0,0.0,64.85,188.46
226.38,168.962,49.606,312.0,0.0,0.0,0.0,64.85,188.46
226.44,168.971,49.626,311.75,0.0,0.0,0.0,64.84,188.46
226.5,168.979,49.647,311.51,0.0,0.0,0.0,64.83,188.47
226.54,168.984,49.66,311.34,0.0,0.0,0.0,64.83,188.47
226.6,168.993,49.681,311.1,0.0,0.0,0.0,64.82,188.47
226.64,168.998,49.694,310.94,0.0,0.0,0.0,64.82,188.47
226.7,169.006,49.715,310.69,0.0,0.0,0.0,64.81,188.47
226.74,169.012,49.728,310.53,0.0,0.0,0.0,64.81,188.47
226.8,169.02,49.749,310.29,0.0,0.0,0.0,64.8,188.48
226.84,169.025,49.762,310.13,0.0,0.0,0.0,64.8,188.48
226.9,169.033,49.783,309.89,0.0,0.0,0.0,64.79,188.48
226.94,169.038,49.796,309.73,0.0,0.0,0.0,64.79,188.48
227.0,169.046,49.817,309.5,0.0,0.0,0.0,64.78,188.48
227.04,169.052,49.831,309.34,0.0,0.0,0.0,64.78,188.49
227.1,169.059,49.851,309.1,0.0,0.0,0.0,64.77,188.49
227.14,169.065,49.865,308.94,0.0,0.0,0.0,64.77,188.49
227.2,169.073,49.885,308.71,0.0,0.0,0.0,64.76,188.49
227.24,169.078,49.899,308.55,0.0,0.0,0.0,64.76,188.49
227.3,169.086,49.919,308.32,0.0,0.0,0.0,64.75,188.5
227.34,169.091,49.933,308.16,0.0,0.0,0.0,64.75,188.5
227.4,169.098,49.953,307.93,0.0,0.0,0.0,64.74,188.5
227.44,169.104,49.967,307.77,0.0,0.0,0.0,64.74,188.5
227.5,169.111,49.987,307.54,0.0,0.0,0.0,64.73,188.5
227.56,169.119,50.008,307.31,0.0,0.0,0.0,64.73,188.51
227.6,169.124,50.021,307.16,0.0,0.0,0.0,64.72,188.51
227.64,169.129,50.035,307.0,0.0,0.0,0.0,64.72,188.51
227.7,169.137,50.056,306.78,0.0,0.0,0.0,64.71,188.51
227.76,169.144,50.076,306.55,0.0,0.0,0.0,64.7,188.51
227.8,169.149,50.09,306.4,0.0,0.0,0.0,64.7,188.51
227.86,169.157,50.11,306.17,0.0,0.0,0.0,64.69,188.52
227.9,169.162,50.124,306.02,0.0,0.0,0.0,64.69,188.52
227.94,169.167,50.137,305.87,0.0,0.0,0.0,64.69,188.52
228.0,169.174,50.158,305.65,0.0,0.0,0.0,64.68,188.52
228.06,169.181,50.178,305.42,0.0,0.0,0.0,64.67,188.52
228.1,169.186,50.192,305.27,0.0,0.0,0.0,64.67,188.53
228.14,169.191,50.206,305.13,0.0,0.0,0.0,64.67,188.53
228.2,169.198,50.226,304.9,0.0,0.0,0.0,64.66,188.53
228.26,169.206,50.247,304.68,0.0,0.0,0.0,64.65,188.53
228.3,169.21,50.26,304.54,0.0,0.0,0.0,64.65,188.53
228.36,169.218,50.281,304.32,0.0,0.0,0.0,64.64,188.53
228.4,169.222,50.294,304.17,0.0,0.0,0.0,64.64,188.54
228.44,169.227,50.308,304.03,0.0,0.0,0.0,64.63,188.54
228.5,169.234,50.329,303.81,0.0,0.0,0.0,64.63,188.54
228.56,169.241,50.349,303.59,0.0,0.0,0.0,64.62,188.54
228.6,169.246,50.363,303.45,0.0,0.0,0.0,64.62,188.54
228.66,169.253,50.383,303.24,0.0,0.0,0.0,64.61,188.55
228.7,169.258,50.397,303.09,0.0,0.0,0.0,64.61,188.55
228.76,169.265,50.417,302.88,0.0,0.0,0.0,64.6,188.55
228.8,169.269,50.431,302.74,0.0,0.0,0.0,64.6,188.55
228.86,169.276,50.452,302.53,0.0,0.0,0.0,64.59,188.55
228.9,169.281,50.465,302.38,0.0,0.0,0.0,64.59,188.55
228.96,169.288,50.486,302.17,0.0,0.0,0.0,64.58,188.56
229.02,169.295,50.506,301.96,0.0,0.0,0.0,64.57,188.56
229.06,169.299,50.52,301.83,0.0,0.0,0.0,64.57,188.56
229.1,169.304,50.534,301.69,0.0,0.0,0.0,64.57,188.56
229.16,169.31,50.554,301.48,0.0,0.0,0.0,64.56,188.56
229.22,169.317,50.575,301.27,0.0,0.0,0.0,64.55,188.57
229.26,169.322,50.588,301.14,0.0,0.0,0.0,64.55,188.57
229.3,169.326,50.602,301.0,0.0,0.0,0.0,64.55,188.57
229.36,169.333,50.623,300.79,0.0,0.0,0.0,64.54,188.57
229.42,169.339,50.643,300.59,0.0,0.0,0.0,64.53,188.57
229.46,169.344,50.657,300.46,0.0,0.0,0.0,64.53,188.58
229.5,169.348,50.67,300.32,0.0,0.0,0.0,64.52,188.58
229.56,169.355,50.691,300.12,0.0,0.0,0.0,64.52,188.58
229.62,169.361,50.711,299.92,0.0,0.0,0.0,64.51,188.58
229.66,169.365,50.725,299.79,0.0,0.0,0.0,64.51,188.58
229.7,169.37,50.739,299.65,0.0,0.0,0.0,64.5,188.58
229.76,169.376,50.759,299.45,0.0,0.0,0.0,64.5,188.59
229.82,169.383,50.78,299.26,0.0,0.0,0.0,64.49,188.59
229.86,169.387,50.794,299.13,0.0,0.0,0.0,64.49,188.59
229.92,169.393,50.814,298.93,0.0,0.0,0.0,64.48,188.59
229.96,169.397,50.828,298.8,0.0,0.0,0.0,64.48,188.59
230.0,169.401,50.842,298.67,0.0,0.0,0.0,64.47,188.59
230.06,169.408,50.862,298.48,0.0,0.0,0.0,64.47,188.6
230.12,169.414,50.883,298.28,0.0,0.0,0.0,64.46,188.6
230.16,169.418,50.896,298.15,0.0,0.0,0.0,64.46,188.6
230.22,169.424,50.917,297.96,0.0,0.0,0.0,64.45,188.6
230.26,169.428,50.931,297.84,0.0,0.0,0.0,64.45,188.6
230.32,169.434,50.951,297.65,0.0,0.0,0.0,64.44,188.61
230.36,169.438,50.965,297.52,0.0,0.0,0.0,64.44,188.61
230.42,169.445,50.985,297.33,0.0,0.0,0.0,64.43,188.61
230.46,169.449,50.999,297.21,0.0,0.0,0.0,64.43,188.61
230.52,169.455,51.02,297.02,0.0,0.0,0.0,64.42,188.61
230.56,169.458,51.033,296.9,0.0,0.0,0.0,64.42,188.62
230.62,169.464,51.054,296.71,0.0,0.0,0.0,64.41,188.62
230.66,169.468,51.068,296.59,0.0,0.0,0.0,64.41,188.62
230.72,169.474,51.088,296.4,0.0,0.0,0.0,64.4,188.62
230.76,169.478,51.102,296.28,0.0,0.0,0.0,64.39,188.62
230.82,169.484,51.122,296.1,0.0,0.0,0.0,64.39,188.62
230.86,169.488,51.136,295.98,0.0,0.0,0.0,64.38,188.63
230.92,169.494,51.157,295.8,0.0,0.0,0.0,64.38,188.63
230.98,169.499,51.177,295.62,0.0,0.0,0.0,64.37,188.63
231.02,169.503,51.191,295.5,0.0,0.0,0.0,64.37,188.63
231.06,169.507,51.205,295.38,0.0,0.0,0.0,64.36,188.63
231.12,169.513,51.225,295.2,0.0,0.0,0.0,64.36,188.64
231.18,169.518,51.246,295.03,0.0,0.0,0.0,64.35,188.64
231.22,169.522,51.259,294.91,0.0,0.0,0.0,64.35,188.64
231.26,169.526,51.273,294.79,0.0,0.0,0.0,64.34,188.64
231.32,169.531,51.294,294.62,0.0,0.0,0.0,64.34,188.64
231.38,169.537,51.314,294.45,0.0,0.0,0.0,64.33,188.64
231.42,169.54,51.328,294.33,0.0,0.0,0.0,64.33,188.65
231.48,169.546,51.349,294.16,0.0,0.0,0.0,64.32,188.65
231.52,169.549,51.362,294.04,0.0,0.0,0.0,64.32,188.65
231.58,169.555,51.383,293.87,0.0,0.0,0.0,64.31,188.65
231.62,169.558,51.397,293.76,0.0,0.0,0.0,64.31,188.65
231.68,169.564,51.417,293.59,0.0,0.0,0.0,64.3,188.66
231.72,169.567,51.431,293.48,0.0,0.0,0.0,64.3,188.66
231.78,169.573,51.452,293.31,0.0,0.0,0.0,64.29,188.66
231.82,169.576,51.465,293.2,0.0,0.0,0.0,64.29,188.66
231.88,169.581,51.486,293.04,0.0,0.0,0.0,64.28,188.66
231.92,169.585,51.5,292.93,0.0,0.0,0.0,64.27,188.66
231.96,169.588,51.513,292.82,0.0,0.0,0.0,64.27,188.67
232.02,169.593,51.534,292.66,0.0,0.0,0.0,64.26,188.67
232.08,169.599,51.555,292.49,0.0,0.0,0.0,64.26,188.67
232.12,169.602,51.568,292.39,0.0,0.0,0.0,64.25,188.67
232.18,169.607,51.589,292.23,0.0,0.0,0.0,64.25,188.67
232.22,169.61,51.603,292.12,0.0,0.0,0.0,64.24,188.67
232.28,169.615,51.623,291.96,0.0,0.0,0.0,64.24,188.68
232.32,169.619,51.637,291.86,0.0,0.0,0.0,64.23,188.68
232.38,169.624,51.658,291.7,0.0,0.0,0.0,64.23,188.68
232.42,169.627,51.671,291.6,0.0,0.0,0.0,64.22,188.68
232.48,169.632,51.692,291.44,0.0,0.0,0.0,64.22,188.68
232.52,169.635,51.706,291.34,0.0,0.0,0.0,64.21,188.68
232.58,169.64,51.726,291.18,0.0,0.0,0.0,64.21,188.69
232.62,169.643,51.74,291.08,0.0,0.0,0.0,64.2,188.69
232.68,169.648,51.761,290.93,0.0,0.0,0.0,64.2,188.69
232.74,169.653,51.781,290.78,0.0,0.0,0.0,64.19,188.69
232.78,169.656,51.795,290.68,0.0,0.0,0.0,64.19,188.69
232.82,169.659,51.809,290.58,0.0,0.0,0.0,64.18,188.7
233.72,169.726,52.118,288.45,0.0,0.0,0.0,64.09,188.73
233.76,169.729,52.132,288.36,0.0,0.0,0.0,64.08,188.73
233.8,169.731,52.146,288.27,0.0,0.0,0.0,64.08,188.73
233.86,169.735,52.166,288.14,0.0,0.0,0.0,64.07,188.73
233.9,169.738,52.18,288.05,0.0,0.0,0.0,64.07,188.73
233.96,169.742,52.201,287.92,0.0,0.0,0.0,64.06,188.74
234.0,169.745,52.215,287.83,0.0,0.0,0.0,64.06,188.74
234.06,169.749,52.235,287.7,0.0,0.0,0.0,64.05,188.74
234.1,169.752,52.249,287.62,0.0,0.0,0.0,64.05,188.74
234.16,169.756,52.27,287.49,0.0,0.0,0.0,64.04,188.74
234.2,169.758,52.284,287.41,0.0,0.0,0.0,64.04,188.74
234.26,169.762,52.304,287.28,0.0,0.0,0.0,64.03,188.75
234.3,169.765,52.318,287.2,0.0,0.0,0.0,64.03,188.75
234.36,169.769,52.339,287.07,0.0,0.0,0.0,64.02,188.75
234.4,169.771,52.352,286.99,0.0,0.0,0.0,64.02,188.75
234.46,169.775,52.373,286.87,0.0,0.0,0.0,64.01,188.75
234.52,169.779,52.394,286.75,0.0,0.0,0.0,64.01,188.75
234.56,169.781,52.408,286.67,0.0,0.0,0.0,64.0,188.76
234.6,169.784,52.421,286.59,0.0,0.0,0.0,64.0,188.76
234.66,169.787,52.442,286.47,0.0,0.0,0.0,63.99,188.76
234.72,169.791,52.463,286.35,0.0,0.0,0.0,63.99,188.76
234.76,169.793,52.476,286.28,0.0,0.0,0.0,63.98,188.76
234.82,169.797,52.497,286.16,0.0,0.0,0.0,63.98,188.76
234.86,169.799,52.511,286.08,0.0,0.0,0.0,63.97,188.77
234.92,169.803,52.532,285.97,0.0,0.0,0.0,63.96,188.77
234.96,169.805,52.545,285.89,0.0,0.0,0.0,63.96,188.77
235.0,169.808,52.559,285.82,0.0,0.0,0.0,63.96,188.77
235.06,169.811,52.58,285.71,0.0,0.0,0.0,63.95,188.77
235.12,169.814,52.6,285.6,0.0,0.0,0.0,63.94,188.77
235.16,169.817,52.614,285.52,0.0,0.0,0.0,63.94,188.78
235.22,169.82,52.635,285.41,0.0,0.0,0.0,63.93,188.78
235.26,169.822,52.649,285.34,0.0,0.0,0.0,63.93,188.78
235.32,169.826,52.669,285.23,0.0,0.0,0.0,63.92,188.78
235.36,169.828,52.683,285.16,0.0,0.0,0.0,63.92,188.78
235.42,169.831,52.704,285.06,0.0,0.0,0.0,63.91,188.79
235.46,169.833,52.718,284.99,0.0,0.0,0.0,63.91,188.79
235.52,169.836,52.738,284.88,0.0,0.0,0.0,63.9,188.79
235.56,169.839,52.752,284.82,0.0,0.0,0.0,63.9,188.79
235.62,169.842,52.773,284.71,0.0,0.0,0.0,63.89,188.79
235.66,169.844,52.787,284.65,0.0,0.0,0.0,63.89,188.79
235.72,169.847,52.807,284.55,0.0,0.0,0.0,63.88,188.8
235.76,169.849,52.821,284.48,0.0,0.0,0.0,63.88,188.8
235.82,169.852,52.842,284.38,0.0,0.0,0.0,63.87,188.8
235.86,169.854,52.856,284.32,0.0,0.0,0.0,63.87,188.8
235.92,169.857,52.876,284.22,0.0,0.0,0.0,63.86,188.8
235.96,169.859,52.89,284.16,0.0,0.0,0.0,63.86,188.8
236.02,169.862,52.911,284.06,0.0,0.0,0.0,63.85,188.81
236.08,169.865,52.932,283.97,0.0,0.0,0.0,63.84,188.81
236.12,169.867,52.945,283.91,0.0,0.0,0.0,63.84,188.81
236.16,169.869,52.959,283.84,0.0,0.0,0.0,63.84,188.81
236.22,169.871,52.98,283.75,0.0,0.0,0.0,63.83,188.81
236.28,169.874,53.001,283.66,0.0,0.0,0.0,63.82,188.81
236.32,169.876,53.015,283.6,0.0,0.0,0.0,63.82,188.82
236.36,169.878,53.028,283.54,0.0,0.0,0.0,63.82,188.82
236.42,169.881,53.049,283.46,0.0,0.0,0.0,63.81,188.82
236.46,169.882,53.063,283.4,0.0,0.0,0.0,63.81,188.82
236.52,169.885,53.084,283.31,0.0,0.0,0.0,63.8,188.82
236.58,169.888,53.104,283.23,0.0,0.0,0.0,63.79,188.82
236.62,169.889,53.118,283.17,0.0,0.0,0.0,63.79,188.83
236.66,169.891,53.132,283.12,0.0,0.0,0.0,63.78,188.83
236.72,169.894,53.153,283.03,0.0,0.0,0.0,63.78,188.83
236.78,169.896,53.173,282.95,0.0,0.0,0.0,63.77,188.83
236.82,169.898,53.187,282.9,0.0,0.0,0.0,63.77,188.83
236.86,169.899,53.201,282.84,0.0,0.0,0.0,63.76,188.83
236.92,169.902,53.222,282.77,0.0,0.0,0.0,63.76,188.84
236.98,169.904,53.243,282.69,0.0,0.0,0.0,63.75,188.84
237.02,169.906,53.256,282.64,0.0,0.0,0.0,63.75,188.84
237.08,169.908,53.277,282.56,0.0,0.0,0.0,63.74,188.84
237.12,169.91,53.291,282.51,0.0,0.0,0.0,63.74,188.84
237.18,169.912,53.312,282.44,0.0,0.0,0.0,63.73,188.84
237.22,169.913,53.325,282.39,0.0,0.0,0.0,63.73,188.85
237.28,169.916,53.346,282.32,0.0,0.0,0.0,63.72,188.85
237.34,169.918,53.367,282.24,0.0,0.0,0.0,63.71,188.85
237.38,169.919,53.381,282.2,0.0,0.0,0.0,63.71,188.85
237.42,169.921,53.395,282.15,0.0,0.0,0.0,63.71,188.85
237.48,169.923,53.415,282.08,0.0,0.0,0.0,63.7,188.85
237.52,169.924,53.429,282.04,0.0,0.0,0.0,63.7,188.86
237.58,169.926,53.45,281.97,0.0,0.0,0.0,63.69,188.86
237.62,169.928,53.464,281.93,0.0,0.0,0.0,63.69,188.86
237.68,169.93,53.485,281.86,0.0,0.0,0.0,63.68,188.86
237.74,169.932,53.505,281.8,0.0,0.0,0.0,63.67,188.86
237.78,169.933,53.519,281.76,0.0,0.0,0.0,63.67,188.86
237.84,169.935,53.54,281.69,0.0,0.0,0.0,63.66,188.87
237.88,169.936,53.554,281.65,0.0,0.0,0.0,63.66,188.87
237.92,169.937,53.568,281.61,0.0,0.0,0.0,63.65,188.87
237.98,169.939,53.588,281.55,0.0,0.0,0.0,63.65,188.87
238.04,169.941,53.609,281.49,0.0,0.0,0.0,63.64,188.87
238.08,169.942,53.623,281.46,0.0,0.0,0.0,63.64,188.87
238.14,169.944,53.644,281.4,0.0,0.0,0.0,63.63,188.88
238.18,169.945,53.658,281.36,0.0,0.0,0.0,63.63,188.88
238.24,169.947,53.678,281.31,0.0,0.0,0.0,63.62,188.88
238.28,169.948,53.692,281.27,0.0,0.0,0.0,63.62,188.88
238.34,169.949,53.713,281.22,0.0,0.0,0.0,63.61,188.88
238.38,169.95,53.727,281.18,0.0,0.0,0.0,63.61,188.88
238.44,169.952,53.748,281.13,0.0,0.0,0.0,63.6,188.89
238.48,169.953,53.761,281.1,0.0,0.0,0.0,63.6,188.89
238.54,169.955,53.782,281.05,0.0,0.0,0.0,63.59,188.89
238.58,169.956,53.796,281.02,0.0,0.0,0.0,63.59,188.89
238.64,169.957,53.817,280.97,0.0,0.0,0.0,63.58,188.89
238.68,169.958,53.831,280.94,0.0,0.0,0.0,63.58,188.89
238.74,169.959,53.851,280.89,0.0,0.0,0.0,63.57,188.9
238.78,169.96,53.865,280.86,0.0,0.0,0.0,63.57,188.9
238.84,169.962,53.886,280.82,0.0,0.0,0.0,63.56,188.9
238.88,169.963,53.9,280.79,0.0,0.0,0.0,63.56,188.9
238.94,169.964,53.921,280.75,0.0,0.0,0.0,63.55,188.9
238.98,169.965,53.935,280.72,0.0,0.0,0.0,63.54,188.9
239.04,169.966,53.955,280.68,0.0,0.0,0.0,63.54,188.91
239.08,169.967,53.969,280.65,0.0,0.0,0.0,63.53,188.91
239.14,169.968,53.99,280.62,0.0,0.0,0.0,63.53,188.91
239.18,169.969,54.004,280.59,0.0,0.0,0.0,63.52,188.91
239.24,169.97,54.025,280.55,0.0,0.0,0.0,63.52,188.91
239.28,169.971,54.039,280.53,0.0,0.0,0.0,63.51,188.91
239.34,169.972,54.059,280.5,0.0,0.0,0.0,63.51,188.92
239.38,169.972,54.073,280.47,0.0,0.0,0.0,63.5,188.92
239.44,169.973,54.094,280.44,0.0,0.0,0.0,63.5,188.92
239.5,169.974,54.115,280.41,0.0,0.0,0.0,63.49,188.92
239.54,169.975,54.129,280.39,0.0,0.0,0.0,63.49,188.92
239.6,169.976,54.149,280.36,0.0,0.0,0.0,63.48,188.92
239.64,169.977,54.163,280.34,0.0,0.0,0.0,63.48,188.93
239.68,169.977,54.177,280.32,0.0,0.0,0.0,63.47,188.93
239.74,169.978,54.198,280.29,0.0,0.0,0.0,63.47,188.93
239.8,169.979,54.219,280.27,0.0,0.0,0.0,63.46,188.93
239.84,169.979,54.233,280.25,0.0,0.0,0.0,63.46,188.93
239.88,169.98,54.247,280.23,0.0,0.0,0.0,63.45,188.93
239.94,169.981,54.267,280.21,0.0,0.0,0.0,63.45,188.93
239.98,169.981,54.281,280.19,0.0,0.0,0.0,63.44,188.94
240.02,169.982,54.295,280.18,0.0,0.0,0.0,63.44,188.94
240.1,169.982,54.323,280.15,0.0,0.0,0.0,63.43,188.94
240.14,169.983,54.337,280.14,0.0,0.0,0.0,63.42,188.94
240.18,169.983,54.351,280.13,0.0,0.0,0.0,63.42,188.94
240.24,169.984,54.371,280.11,0.0,0.0,0.0,63.41,188.94
240.28,169.984,54.385,280.1,0.0,0.0,0.0,63.41,188.95
240.34,169.985,54.406,280.08,0.0,0.0,0.0,63.4,188.95
240.38,169.985,54.42,280.07,0.0,0.0,0.0,63.4,188.95
240.44,169.985,54.441,280.06,0.0,0.0,0.0,63.39,188.95
240.48,169.986,54.455,280.05,0.0,0.0,0.0,63.39,188.95
240.54,169.986,54.476,280.03,0.0,0.0,0.0,63.38,188.95
240.6,169.987,54.496,280.02,0.0,0.0,0.0,63.38,188.96
240.64,169.987,54.51,280.02,0.0,0.0,0.0,63.37,188.96
240.7,169.987,54.531,280.01,0.0,0.0,0.0,63.37,188.96
240.74,169.987,54.545,280.0,0.0,0.0,0.0,63.36,188.96
240.8,169.988,54.566,279.99,0.0,0.0,0.0,63.36,188.96
240.84,169.988,54.58,279.99,0.0,0.0,0.0,63.35,188.96
240.86,169.988,54.587,279.99,0.0,0.0,0.0,63.35,188.96
240.86,169.988,54.594,279.98,0.0,0.0,0.0,63.35,188.96
240.94,169.988,54.614,279.98,0.0,0.0,0.0,63.34,188.97
241.0,169.988,54.635,279.98,0.0,0.0,0.0,63.34,188.97
241.04,169.988,54.649,279.97,0.0,0.0,0.0,63.33,188.97
241.08,169.988,54.663,279.97,0.0,0.0,0.0,63.33,188.97
241.14,169.988,54.684,279.97,0.0,0.0,0.0,63.32,188.97
241.2,169.988,54.705,279.97,0.0,0.0,0.0,63.32,188.98
241.24,169.988,54.719,279.97,0.0,0.0,0.0,63.31,188.98
241.28,169.988,54.733,279.97,0.0,0.0,0.0,63.31,188.98
241.34,169.988,54.753,279.97,0.0,0.0,0.0,63.3,188.98
241.4,169.988,54.774,279.98,0.0,0.0,0.0,63.29,188.98
241.44,169.988,54.788,279.98,0.0,0.0,0.0,63.29,188.98
241.5,169.988,54.809,279.99,0.0,0.0,0.0,63.28,188.98
241.54,169.988,54.823,279.99,0.0,0.0,0.0,63.28,188.99
241.6,169.988,54.844,280.0,0.0,0.0,0.0,63.27,188.99
241.64,169.988,54.858,280.0,0.0,0.0,0.0,63.27,188.99
241.7,169.987,54.879,280.01,0.0,0.0,0.0,63.26,188.99
241.74,169.987,54.892,280.02,0.0,0.0,0.0,63.26,188.99
241.8,169.987,54.913,280.03,0.0,0.0,0.0,63.25,188.99
241.84,169.987,54.927,280.04,0.0,0.0,0.0,63.25,189.0
241.9,169.986,54.948,280.05,0.0,0.0,0.0,63.24,189.0
241.94,169.986,54.962,280.06,0.0,0.0,0.0,63.24,189.0
242.0,169.986,54.983,280.07,0.0,0.0,0.0,63.23,189.0
242.04,169.985,54.997,280.08,0.0,0.0,0.0,63.23,189.0
242.1,169.985,55.018,280.1,0.0,0.0,0.0,63.22,189.0
242.14,169.985,55.032,280.11,0.0,0.0,0.0,63.22,189.0
242.2,169.984,55.052,280.13,0.0,0.0,0.0,63.21,189.01
242.24,169.984,55.066,280.14,0.0,0.0,0.0,63.21,189.01
242.3,169.983,55.087,280.16,0.0,0.0,0.0,63.2,189.01
242.34,169.983,55.101,280.18,0.0,0.0,0.0,63.2,189.01
242.4,169.982,55.122,280.2,0.0,0.0,0.0,63.19,189.01
242.44,169.982,55.136,280.21,0.0,0.0,0.0,63.19,189.01
242.5,169.981,55.157,280.24,0.0,0.0,0.0,63.18,189.02
242.56,169.98,55.178,280.26,0.0,0.0,0.0,63.17,189.02
242.6,169.98,55.192,280.28,0.0,0.0,0.0,63.17,189.02
242.64,169.979,55.205,280.3,0.0,0.0,0.0,63.17,189.02
242.7,169.979,55.226,280.32,0.0,0.0,0.0,63.16,189.02
242.76,169.978,55.247,280.35,0.0,0.0,0.0,63.15,189.02
242.8,169.977,55.261,280.37,0.0,0.0,0.0,63.15,189.03
242.84,169.977,55.275,280.39,0.0,0.0,0.0,63.15,189.03
242.9,169.976,55.296,280.42,0.0,0.0,0.0,63.14,189.03
242.96,169.975,55.317,280.46,0.0,0.0,0.0,63.13,189.03
243.0,169.974,55.331,280.48,0.0,0.0,0.0,63.13,189.03
243.04,169.973,55.345,280.5,0.0,0.0,0.0,63.12,189.03
243.1,169.972,55.366,280.54,0.0,0.0,0.0,63.12,189.03
243.16,169.971,55.386,280.57,0.0,0.0,0.0,63.11,189.04
243.2,169.971,55.4,280.6,0.0,0.0,0.0,63.11,189.04
243.24,169.97,55.414,280.62,0.0,0.0,0.0,63.1,189.04
243.3,169.969,55.435,280.66,0.0,0.0,0.0,63.1,189.04
243.36,169.968,55.456,280.7,0.0,0.0,0.0,63.09,189.04
243.4,169.967,55.47,280.73,0.0,0.0,0.0,63.09,189.04
243.44,169.966,55.484,280.75,0.0,0.0,0.0,63.08,189.05
243.5,169.965,55.505,280.8,0.0,0.0,0.0,63.08,189.05
243.56,169.963,55.526,280.84,0.0,0.0,0.0,63.07,189.05
243.6,169.963,55.54,280.87,0.0,0.0,0.0,63.07,189.05
243.66,169.961,55.561,280.91,0.0,0.0,0.0,63.06,189.05
243.7,169.96,55.575,280.94,0.0,0.0,0.0,63.06,189.05
243.76,169.959,55.595,280.99,0.0,0.0,0.0,63.05,189.06
243.8,169.958,55.609,281.02,0.0,0.0,0.0,63.05,189.06
243.86,169.957,55.63,281.07,0.0,0.0,0.0,63.04,189.06
243.92,169.955,55.651,281.12,0.0,0.0,0.0,63.03,189.06
243.96,169.954,55.665,281.16,0.0,0.0,0.0,63.03,189.06
244.0,169.953,55.679,281.19,0.0,0.0,0.0,63.03,189.06
244.06,169.951,55.7,281.24,0.0,0.0,0.0,63.02,189.06
244.12,169.95,55.721,281.3,0.0,0.0,0.0,63.01,189.07
244.16,169.949,55.735,281.33,0.0,0.0,0.0,63.01,189.07
244.2,169.948,55.749,281.37,0.0,0.0,0.0,63.0,189.07
244.26,169.946,55.77,281.43,0.0,0.0,0.0,63.0,189.07
244.3,169.945,55.784,281.46,0.0,0.0,0.0,62.99,189.07
244.36,169.943,55.805,281.52,0.0,0.0,0.0,62.99,189.07
244.4,169.942,55.819,281.56,0.0,0.0,0.0,62.98,189.08
244.46,169.94,55.839,281.62,0.0,0.0,0.0,62.98,189.08
244.52,169.938,55.86,281.68,0.0,0.0,0.0,62.97,189.08
244.56,169.937,55.874,281.72,0.0,0.0,0.0,62.97,189.08
244.6,169.936,55.888,281.76,0.0,0.0,0.0,62.96,189.08
244.66,169.934,55.909,281.83,0.0,0.0,0.0,62.96,189.08
244.72,169.932,55.93,281.89,0.0,0.0,0.0,62.95,189.08
244.76,169.931,55.944,281.94,0.0,0.0,0.0,62.95,189.09
244.82,169.929,55.965,282.0,0.0,0.0,0.0,62.94,189.09
244.86,169.928,55.979,282.05,0.0,0.0,0.0,62.94,189.09
244.92,169.925,56.0,282.12,0.0,0.0,0.0,62.93,189.09
244.96,169.924,56.014,282.16,0.0,0.0,0.0,62.93,189.09
245.02,169.922,56.035,282.23,0.0,0.0,0.0,62.92,189.09
245.06,169.921,56.049,282.28,0.0,0.0,0.0,62.92,189.1
245.12,169.918,56.07,282.35,0.0,0.0,0.0,62.91,189.1
245.16,169.917,56.084,282.4,0.0,0.0,0.0,62.91,189.1
245.22,169.915,56.105,282.47,0.0,0.0,0.0,62.9,189.1
245.26,169.913,56.119,282.52,0.0,0.0,0.0,62.9,189.1
245.32,169.911,56.139,282.6,0.0,0.0,0.0,62.89,189.1
245.36,169.91,56.153,282.65,0.0,0.0,0.0,62.88,189.1
245.42,169.907,56.174,282.73,0.0,0.0,0.0,62.88,189.11
245.46,169.906,56.188,282.78,0.0,0.0,0.0,62.87,189.11
245.52,169.903,56.209,282.86,0.0,0.0,0.0,62.87,189.11
245.56,169.902,56.223,282.91,0.0,0.0,0.0,62.86,189.11
245.62,169.899,56.244,282.99,0.0,0.0,0.0,62.86,189.11
245.68,169.897,56.265,283.07,0.0,0.0,0.0,62.85,189.11
245.72,169.895,56.279,283.13,0.0,0.0,0.0,62.85,189.12
245.76,169.893,56.293,283.18,0.0,0.0,0.0,62.84,189.12
245.82,169.891,56.314,283.27,0.0,0.0,0.0,62.84,189.12
245.88,169.888,56.335,283.35,0.0,0.0,0.0,62.83,189.12
245.92,169.887,56.349,283.41,0.0,0.0,0.0,62.83,189.12
245.96,169.885,56.363,283.47,0.0,0.0,0.0,62.82,189.12
246.02,169.882,56.384,283.56,0.0,0.0,0.0,62.82,189.12
246.08,169.88,56.405,283.64,0.0,0.0,0.0,62.81,189.13
246.12,169.878,56.419,283.7,0.0,0.0,0.0,62.81,189.13
246.16,169.876,56.433,283.77,0.0,0.0,0.0,62.8,189.13
246.22,169.873,56.454,283.86,0.0,0.0,0.0,62.8,189.13
246.28,169.87,56.475,283.95,0.0,0.0,0.0,62.79,189.13
246.32,169.868,56.489,284.01,0.0,0.0,0.0,62.79,189.13
246.36,169.867,56.503,284.07,0.0,0.0,0.0,62.78,189.13
246.42,169.864,56.524,284.17,0.0,0.0,0.0,62.77,189.14
246.48,169.861,56.545,284.27,0.0,0.0,0.0,62.77,189.14
246.52,169.859,56.559,284.33,0.0,0.0,0.0,62.76,189.14
246.58,169.856,56.58,284.43,0.0,0.0,0.0,62.76,189.14
246.62,169.854,56.594,284.49,0.0,0.0,0.0,62.75,189.14
246.68,169.851,56.615,284.59,0.0,0.0,0.0,62.75,189.14
246.72,169.849,56.629,284.66,0.0,0.0,0.0,62.74,189.15
246.78,169.846,56.649,284.76,0.0,0.0,0.0,62.74,189.15
246.82,169.844,56.663,284.83,0.0,0.0,0.0,62.73,189.15
246.88,169.841,56.684,284.93,0.0,0.0,0.0,62.73,189.15
246.92,169.838,56.698,285.0,0.0,0.0,0.0,62.72,189.15
246.98,169.835,56.719,285.11,0.0,0.0,0.0,62.72,189.15
247.02,169.833,56.733,285.18,0.0,0.0,0.0,62.71,189.15
247.08,169.83,56.754,285.28,0.0,0.0,0.0,62.71,189.16
247.12,169.828,56.768,285.36,0.0,0.0,0.0,62.7,189.16
247.18,169.824,56.789,285.46,0.0,0.0,0.0,62.7,189.16
247.22,169.822,56.803,285.54,0.0,0.0,0.0,62.69,189.16
247.28,169.819,56.824,285.65,0.0,0.0,0.0,62.69,189.16
247.32,169.817,56.838,285.72,0.0,0.0,0.0,62.68,189.16
247.38,169.813,56.859,285.83,0.0,0.0,0.0,62.68,189.16
247.44,169.81,56.88,285.95,0.0,0.0,0.0,62.67,189.17
247.48,169.807,56.894,286.02,0.0,0.0,0.0,62.67,189.17
247.52,169.805,56.908,286.1,0.0,0.0,0.0,62.66,189.17
247.58,169.802,56.929,286.21,0.0,0.0,0.0,62.65,189.17
247.64,169.798,56.95,286.33,0.0,0.0,0.0,62.65,189.17
247.68,169.796,56.964,286.41,0.0,0.0,0.0,62.64,189.17
247.72,169.793,56.978,286.49,0.0,0.0,0.0,62.64,189.17
247.78,169.79,56.999,286.61,0.0,0.0,0.0,62.63,189.18
247.84,169.786,57.02,286.73,0.0,0.0,0.0,62.63,189.18
247.88,169.784,57.034,286.81,0.0,0.0,0.0,62.62,189.18
247.92,169.781,57.048,286.89,0.0,0.0,0.0,62.62,189.18
247.98,169.777,57.069,287.01,0.0,0.0,0.0,62.61,189.18
248.04,169.774,57.09,287.13,0.0,0.0,0.0,62.61,189.18
248.08,169.771,57.104,287.22,0.0,0.0,0.0,62.6,189.19
248.12,169.768,57.118,287.3,0.0,0.0,0.0,62.6,189.19
248.18,169.765,57.139,287.43,0.0,0.0,0.0,62.59,189.19
248.24,169.761,57.16,287.55,0.0,0.0,0.0,62.59,189.19
248.28,169.758,57.174,287.64,0.0,0.0,0.0,62.58,189.19
248.32,169.755,57.188,287.72,0.0,0.0,0.0,62.58,189.19
248.38,169.752,57.209,287.85,0.0,0.0,0.0,62.57,189.19
248.44,169.748,57.23,287.98,0.0,0.0,0.0,62.57,189.2
248.48,169.745,57.244,288.07,0.0,0.0,0.0,62.56,189.2
248.52,169.742,57.258,288.16,0.0,0.0,0.0,62.56,189.2
248.58,169.738,57.279,288.29,0.0,0.0,0.0,62.55,189.2
248.64,169.734,57.3,288.42,0.0,0.0,0.0,62.55,189.2
248.68,169.731,57.314,288.51,0.0,0.0,0.0,62.54,189.2
248.74,169.727,57.335,288.65,0.0,0.0,0.0,62.53,189.2
248.78,169.724,57.349,288.74,0.0,0.0,0.0,62.53,189.21
248.84,169.72,57.37,288.88,0.0,0.0,0.0,62.52,189.21
248.88,169.717,57.384,288.97,0.0,0.0,0.0,62.52,189.21
248.94,169.713,57.405,289.11,0.0,0.0,0.0,62.51,189.21
249.0,169.709,57.427,289.25,0.0,0.0,0.0,62.51,189.21
249.04,169.706,57.441,289.34,0.0,0.0,0.0,62.5,189.21
249.08,169.703,57.455,289.43,0.0,0.0,0.0,62.5,189.21
249.14,169.698,57.476,289.58,0.0,0.0,0.0,62.49,189.22
249.18,169.695,57.49,289.67,0.0,0.0,0.0,62.49,189.22
249.24,169.691,57.511,289.82,0.0,0.0,0.0,62.48,189.22
249.3,169.687,57.532,289.96,0.0,0.0,0.0,62.48,189.22
249.34,169.684,57.546,290.06,0.0,0.0,0.0,62.47,189.22
249.38,169.68,57.56,290.15,0.0,0.0,0.0,62.47,189.22
249.44,169.676,57.581,290.3,0.0,0.0,0.0,62.46,189.23
249.5,169.671,57.602,290.45,0.0,0.0,0.0,62.46,189.23
249.54,169.668,57.616,290.55,0.0,0.0,0.0,62.45,189.23
249.58,169.665,57.63,290.65,0.0,0.0,0.0,62.45,189.23
249.64,169.661,57.651,290.8,0.0,0.0,0.0,62.44,189.23
249.7,169.656,57.672,290.95,0.0,0.0,0.0,62.44,189.23
249.74,169.653,57.686,291.05,0.0,0.0,0.0,62.43,189.23
249.8,169.648,57.707,291.2,0.0,0.0,0.0,62.42,189.24
249.84,169.645,57.721,291.31,0.0,0.0,0.0,62.42,189.24
249.88,169.642,57.735,291.41,0.0,0.0,0.0,62.42,189.24
249.94,169.637,57.756,291.57,0.0,0.0,0.0,62.41,189.24
250.0,169.632,57.777,291.72,0.0,0.0,0.0,62.4,189.24
250.04,169.629,57.791,291.83,0.0,0.0,0.0,62.4,189.24
250.1,169.624,57.812,291.98,0.0,0.0,0.0,62.39,189.24
250.14,169.62,57.826,292.09,0.0,0.0,0.0,62.39,189.25
250.2,169.615,57.847,292.25,0.0,0.0,0.0,62.38,189.25
250.24,169.612,57.861,292.36,0.0,0.0,0.0,62.38,189.25
250.3,169.607,57.882,292.52,0.0,0.0,0.0,62.37,189.25
250.34,169.604,57.896,292.63,0.0,0.0,0.0,62.37,189.25
250.4,169.598,57.917,292.79,0.0,0.0,0.0,62.36,189.25
250.44,169.595,57.931,292.9,0.0,0.0,0.0,62.36,189.25
250.5,169.59,57.953,293.06,0.0,0.0,0.0,62.35,189.26
250.56,169.585,57.974,293.23,0.0,0.0,0.0,62.35,189.26
250.6,169.581,57.988,293.34,0.0,0.0,0.0,62.34,189.26
250.64,169.578,58.002,293.45,0.0,0.0,0.0,62.34,189.26
250.7,169.573,58.023,293.62,0.0,0.0,0.0,62.33,189.26
250.76,169.567,58.044,293.79,0.0,0.0,0.0,62.33,189.26
250.8,169.564,58.058,293.9,0.0,0.0,0.0,62.32,189.26
250.84,169.56,58.072,294.01,0.0,0.0,0.0,62.32,189.27
250.9,169.555,58.093,294.18,0.0,0.0,0.0,62.31,189.27
250.96,169.549,58.114,294.36,0.0,0.0,0.0,62.3,189.27
251.0,169.546,58.128,294.47,0.0,0.0,0.0,62.3,189.27
251.06,169.54,58.149,294.64,0.0,0.0,0.0,62.29,189.27
251.1,169.537,58.163,294.76,0.0,0.0,0.0,62.29,189.27
251.14,169.533,58.177,294.88,0.0,0.0,0.0,62.29,189.27
251.2,169.527,58.198,295.05,0.0,0.0,0.0,62.28,189.28
251.26,169.522,58.219,295.23,0.0,0.0,0.0,62.27,189.28
251.3,169.518,58.233,295.35,0.0,0.0,0.0,62.27,189.28
251.34,169.514,58.247,295.47,0.0,0.0,0.0,62.27,189.28
251.4,169.509,58.269,295.64,0.0,0.0,0.0,62.26,189.28
251.46,169.503,58.29,295.82,0.0,0.0,0.0,62.25,189.28
251.5,169.499,58.304,295.94,0.0,0.0,0.0,62.25,189.28
251.54,169.495,58.318,296.07,0.0,0.0,0.0,62.24,189.29
251.6,169.49,58.339,296.25,0.0,0.0,0.0,62.24,189.29
251.66,169.484,58.36,296.43,0.0,0.0,0.0,62.23,189.29
251.7,169.48,58.374,296.55,0.0,0.0,0.0,62.23,189.29
251.74,169.476,58.388,296.68,0.0,0.0,0.0,62.22,189.29
251.8,169.47,58.409,296.86,0.0,0.0,0.0,62.22,189.29
251.86,169.464,58.43,297.05,0.0,0.0,0.0,62.21,189.29
251.9,169.46,58.444,297.17,0.0,0.0,0.0,62.21,189.3
251.96,169.454,58.465,297.36,0.0,0.0,0.0,62.2,189.3
252.0,169.45,58.479,297.48,0.0,0.0,0.0,62.2,189.3
252.06,169.444,58.5,297.67,0.0,0.0,0.0,62.19,189.3
252.1,169.44,58.515,297.8,0.0,0.0,0.0,62.19,189.3
252.16,169.434,58.536,297.99,0.0,0.0,0.0,62.18,189.3
252.2,169.43,58.55,298.12,0.0,0.0,0.0,62.18,189.3
252.26,169.424,58.571,298.31,0.0,0.0,0.0,62.17,189.31
252.3,169.42,58.585,298.44,0.0,0.0,0.0,62.17,189.31
252.36,169.414,58.606,298.63,0.0,0.0,0.0,62.16,189.31
252.4,169.41,58.62,298.76,0.0,0.0,0.0,62.16,189.31
252.46,169.403,58.641,298.96,0.0,0.0,0.0,62.15,189.31
252.5,169.399,58.655,299.09,0.0,0.0,0.0,62.15,189.31
252.56,169.393,58.676,299.28,0.0,0.0,0.0,62.14,189.31
252.62,169.387,58.697,299.48,0.0,0.0,0.0,62.13,189.32
252.66,169.382,58.711,299.61,0.0,0.0,0.0,62.13,189.32
252.7,169.378,58.725,299.75,0.0,0.0,0.0,62.12,189.32
252.76,169.372,58.747,299.95,0.0,0.0,0.0,62.12,189.32
252.82,169.365,58.768,300.15,0.0,0.0,0.0,62.11,189.32
252.86,169.361,58.782,300.28,0.0,0.0,0.0,62.11,189.32
252.9,169.357,58.796,300.42,0.0,0.0,0.0,62.1,189.32
252.96,169.35,58.817,300.62,0.0,0.0,0.0,62.1,189.32
253.02,169.344,58.838,300.82,0.0,0.0,0.0,62.09,189.33
253.06,169.339,58.852,300.96,0.0,0.0,0.0,62.09,189.33
253.12,169.333,58.873,301.17,0.0,0.0,0.0,62.08,189.33
253.16,169.328,58.887,301.3,0.0,0.0,0.0,62.08,189.33
253.22,169.321,58.908,301.51,0.0,0.0,0.0,62.07,189.33
253.26,169.317,58.923,301.65,0.0,0.0,0.0,62.07,189.33
253.32,169.31,58.944,301.86,0.0,0.0,0.0,62.06,189.33
253.36,169.306,58.958,301.99,0.0,0.0,0.0,62.06,189.34
253.4,169.301,58.972,302.13,0.0,0.0,0.0,62.05,189.34
253.46,169.294,58.993,302.34,0.0,0.0,0.0,62.05,189.34
253.52,169.288,59.014,302.56,0.0,0.0,0.0,62.04,189.34
253.56,169.283,59.028,302.7,0.0,0.0,0.0,62.04,189.34
253.62,169.276,59.049,302.91,0.0,0.0,0.0,62.03,189.34
253.66,169.272,59.063,303.05,0.0,0.0,0.0,62.03,189.34
253.72,169.265,59.084,303.27,0.0,0.0,0.0,62.02,189.35
253.76,169.26,59.099,303.41,0.0,0.0,0.0,62.01,189.35
253.82,169.253,59.12,303.62,0.0,0.0,0.0,62.01,189.35
253.86,169.248,59.134,303.77,0.0,0.0,0.0,62.0,189.35
253.92,169.241,59.155,303.99,0.0,0.0,0.0,62.0,189.35
253.96,169.236,59.169,304.13,0.0,0.0,0.0,61.99,189.35
254.02,169.229,59.19,304.35,0.0,0.0,0.0,61.99,189.35
254.06,169.225,59.204,304.5,0.0,0.0,0.0,61.98,189.36
254.12,169.217,59.225,304.72,0.0,0.0,0.0,61.98,189.36
254.18,169.21,59.246,304.94,0.0,0.0,0.0,61.97,189.36
254.22,169.205,59.261,305.08,0.0,0.0,0.0,61.97,189.36
254.26,169.201,59.275,305.23,0.0,0.0,0.0,61.96,189.36
254.32,169.193,59.296,305.45,0.0,0.0,0.0,61.96,189.36
254.38,169.186,59.317,305.68,0.0,0.0,0.0,61.95,189.36
254.42,169.181,59.331,305.83,0.0,0.0,0.0,61.95,189.36
254.48,169.174,59.352,306.05,0.0,0.0,0.0,61.94,189.37
254.52,169.169,59.366,306.2,0.0,0.0,0.0,61.94,189.37
254.58,169.161,59.387,306.43,0.0,0.0,0.0,61.93,189.37
254.62,169.156,59.401,306.58,0.0,0.0,0.0,61.93,189.37
254.68,169.149,59.423,306.81,0.0,0.0,0.0,61.92,189.37
254.72,169.144,59.437,306.96,0.0,0.0,0.0,61.92,189.37
254.78,169.136,59.458,307.19,0.0,0.0,0.0,61.91,189.37
254.82,169.131,59.472,307.34,0.0,0.0,0.0,61.9,189.38
254.86,169.126,59.486,307.5,0.0,0.0,0.0,61.9,189.38
254.92,169.119,59.507,307.73,0.0,0.0,0.0,61.89,189.38
254.98,169.111,59.528,307.96,0.0,0.0,0.0,61.89,189.38
255.02,169.106,59.542,308.12,0.0,0.0,0.0,61.88,189.38
255.08,169.098,59.564,308.35,0.0,0.0,0.0,61.88,189.38
255.12,169.093,59.578,308.51,0.0,0.0,0.0,61.87,189.38
255.18,169.085,59.599,308.74,0.0,0.0,0.0,61.87,189.39
255.22,169.08,59.613,308.9,0.0,0.0,0.0,61.86,189.39
255.28,169.072,59.634,309.13,0.0,0.0,0.0,61.86,189.39
255.32,169.067,59.648,309.29,0.0,0.0,0.0,61.85,189.39
255.38,169.059,59.669,309.53,0.0,0.0,0.0,61.85,189.39
255.42,169.054,59.683,309.69,0.0,0.0,0.0,61.84,189.39
255.48,169.046,59.705,309.93,0.0,0.0,0.0,61.84,189.39
255.52,169.041,59.719,310.09,0.0,0.0,0.0,61.83,189.39
255.58,169.033,59.74,310.33,0.0,0.0,0.0,61.83,189.4
255.62,169.027,59.754,310.49,0.0,0.0,0.0,61.82,189.4
255.62,169.025,59.761,310.57,0.0,0.0,0.0,61.82,189.4
255.68,169.019,59.775,310.73,0.0,0.0,0.0,61.82,189.4
255.74,169.011,59.796,310.97,0.0,0.0,0.0,61.81,189.4
255.8,169.003,59.817,311.22,0.0,0.0,0.0,61.8,189.4
255.84,168.998,59.832,311.38,0.0,0.0,0.0,61.8,189.4
255.9,168.99,59.853,311.62,0.0,0.0,0.0,61.79,189.4
255.94,168.984,59.867,311.79,0.0,0.0,0.0,61.79,189.41
256.0,168.976,59.888,312.03,0.0,0.0,0.0,61.78,189.41
256.06,168.968,59.909,312.28,0.0,0.0,0.0,61.78,189.41
256.1,168.962,59.923,312.44,0.0,0.0,0.0,61.77,189.41
256.14,168.957,59.937,312.61,0.0,0.0,0.0,61.77,189.41
256.2,168.948,59.959,312.86,0.0,0.0,0.0,61.76,189.41
256.26,168.94,59.98,313.11,0.0,0.0,0.0,61.76,189.41
256.26,168.94,59.98,313.11,0.0,0.0,0.0,61.76,189.41
256.26,168.94,59.98,313.11,0.0,0.0,0.0,61.76,189.41
256.26,168.94,59.98,313.11,0.0,0.0,0.0,61.76,189.41
256.26,168.94,59.98,313.11,0.0,0.0,0.0,61.76,189.41
256.26,168.94,59.98,313.11,0.0,0.0,0.0,61.76,189.41
256.26,168.94,59.98,313.11,0.0,0.0,0.0,61.76,189.41
256.26,168.94,59.98,313.11,0.0,0.0,0.0,61.76,189.41
256.26,168.94,59.98,313.11,0.0,0.0,0.0,61.76,189.41
256.26,168.94,59.98,313.11,0.0,0.0,0.0,61.76,189.41
256.26,168.94,59.98,313.11,0.0,0.0,0.0,61.76,189.41
256.26,168.94,59.98,313.11,0.0,0.0,0.0,61.76,189.41
256.26,168.94,59.98,313.11,0.0,0.0,0.0,61.76,189.41
256.26,168.94,59.98,313.11,0.0,0.0,0.0,61.76,189.41
256.26,168.94,59.98,313.11,0.0,0.0,0.0,61.76,189.41
256.26,168.94,59.98,313.11,0.0,0.0,0.0,61.76,189.41
256.26,168.94,59.98,313.11,0.0,0.0,0.0,61.76,189.41
256.26,168.94,59.98,313.11,0.0,0.0,0.0,61.76,189.41
256.26,168.94,59.98,313.11,0.0,0.0,0.0,61.76,189.41
256.26,168.94,59.98,313.11,0.0,0.0,0.0,61.76,189.41
256.26,168.94,59.98,313.11,0.0,0.0,0.0,61.76,189.41
256.26,168.94,59.98,313.11,0.0,0.0,0.0,61.76,189.41
256.26,168.94,59.98,313.11,0.0,0.0,0.0,61.76,189.41
256.26,168.94,59.98,313.11,0.0,0.0,0.0,61.76,189.41
256.26,168.94,59.98,313.11,0.0,0.0,0.0,61.76,189.41
256.26,168.94,59.98,313.11,0.0,0.0,0.0,61.76,189.41
256.26,168.94,59.98,313.11,0.0,0.0,0.0,61.76,189.41
256.26,168.94,59.98,313.11,0.0,0.0,0.0,61.76,189.41
256.26,168.94,59.98,313.11,0.0,0.0,0.0,61.76,189.41
256.26,168.94,59.98,313.11,0.0,0.0,0.0,61.76,189.41
256.26,168.94,59.98,313.11,0.0,0.0,0.0,61.76,189.41
256.26,168.94,59.98,313.11,0.0,0.0,0.0,61.76,189.41
256.26,168.94,59.98,313.11,0.0,0.0,0.0,61.76,189.41
256.26,168.94,59.98,313.11,0.0,0.0,0.0,61.76,189.41
256.26,168.94,59.98,313.11,0.0,0.0,0.0,61.76,189.41
256.26,168.94,59.98,313.11,0.0,0.0,0.0,61.76,189.41
256.26,168.94,59.98,313.11,0.0,0.0,0.0,61.76,189.41
256.26,168.94,59.98,313.11,0.0,0.0,0.0,61.76,189.41
256.26,168.94,59.98,313.11,0.0,0.0,0.0,61.76,189.41
256.26,0.24,0.0,0.0,0.0,0.0,0.0,90.0,83.33
