met,altitude_km,downrange_km,velocity_ms,g_force,dynamic_pressure_kpa,thrust_kn,pitch_deg,heading_deg
0.0,0.24,0.0,0.0,1.0,0.0,0.0,90.0,83.33
0.0,0.24,0.0,0.0,1.0,0.0,0.0,90.0,83.33
0.0,0.24,0.0,0.0,1.0,0.0,0.0,90.0,83.33
0.0,0.24,0.0,0.0,1.0,0.0,0.0,90.0,83.33
0.0,0.24,0.0,0.0,1.0,0.0,0.0,90.0,83.33
0.0,0.24,0.0,0.0,1.0,0.0,0.0,90.0,83.33
0.0,0.24,0.0,0.0,1.0,0.0,0.0,90.0,83.33
0.0,0.24,0.0,0.0,1.0,0.0,0.0,90.0,83.33
0.0,0.24,0.0,0.0,1.0,0.0,0.0,90.0,83.33
0.0,0.24,0.0,0.0,1.0,0.0,0.0,90.0,83.33
0.0,0.24,0.0,0.0,1.0,0.0,0.1,90.0,83.33
0.0,0.24,0.0,0.0,1.0,0.0,0.1,90.0,83.33
0.0,0.24,0.0,0.0,1.0,0.0,0.1,90.0,83.33
0.0,0.24,0.0,0.0,1.0,0.0,0.1,90.0,83.33
0.0,0.24,0.0,0.0,1.0,0.0,0.1,90.0,83.33
0.0,0.24,0.0,0.0,1.0,0.0,0.1,90.0,83.33
0.0,0.24,0.0,0.0,1.0,0.0,0.1,90.0,83.33
0.0,0.24,0.0,0.0,1.0,0.0,0.1,90.0,83.33
0.0,0.24,0.0,0.0,1.0,0.0,0.1,90.0,83.33
0.0,0.24,0.0,0.0,1.0,0.0,0.2,90.0,83.33
0.0,0.24,0.0,0.0,1.0,0.0,0.2,90.0,83.33
0.0,0.24,0.0,0.0,1.0,0.0,0.2,90.0,83.33
0.0,0.24,0.0,0.0,1.0,0.0,0.2,90.0,83.33
0.0,0.24,0.0,0.0,1.0,0.0,0.3,90.0,83.33
0.0,0.24,0.0,0.0,1.0,0.0,0.3,90.0,83.33
0.0,0.24,0.0,0.0,1.0,0.0,0.3,90.0,83.33
0.0,0.24,0.0,0.0,1.0,0.0,0.4,90.0,83.33
0.0,0.24,0.0,0.0,1.0,0.0,0.4,90.0,83.33
0.0,0.24,0.0,0.0,1.0,0.0,0.5,90.0,83.33
0.0,0.24,0.0,0.0,1.0,0.0,0.5,90.0,83.33
0.0,0.24,0.0,0.0,1.0,0.0,0.6,90.0,83.33
0.0,0.24,0.0,0.0,1.0,0.0,0.6,90.0,83.33
0.0,0.24,0.0,0.0,1.0,0.0,0.7,90.0,83.33
0.0,0.24,0.0,0.0,1.0,0.0,0.8,90.0,83.33
0.0,0.24,0.0,0.0,1.0,0.0,0.9,90.0,83.33
0.0,0.24,0.0,0.0,1.0,0.0,1.0,90.0,83.33
0.0,0.24,0.0,0.0,1.0,0.0,1.1,90.0,83.33
0.0,0.24,0.0,0.0,1.0,0.0,1.2,90.0,83.33
0.0,0.24,0.0,0.0,1.0,0.0,1.4,90.0,83.33
0.0,0.24,0.0,0.0,1.0,0.0,1.5,90.0,83.33
0.0,0.24,0.0,0.0,1.0,0.0,24.1,90.0,83.33
0.0,0.24,0.0,0.0,1.0,0.0,46.6,90.0,83.33
0.0,0.24,0.0,0.0,1.0,0.0,68.8,90.0,83.33
0.0,0.24,0.0,0.0,1.0,0.0,91.7,90.0,83.33
0.0,0.24,0.0,0.0,1.0,0.0,124.5,89.97,83.33
0.0,0.24,0.0,0.0,1.0,0.0,144.1,89.97,83.33
0.0,0.24,0.0,0.0,1.0,0.0,168.7,90.0,83.33
0.0,0.24,0.0,0.0,1.0,0.0,188.2,90.0,83.33
0.0,0.24,0.0,0.0,1.0,0.0,198.4,90.0,83.33
0.0,0.24,0.0,0.0,1.0,0.0,209.8,89.97,83.33
0.0,0.24,0.0,0.0,1.0,0.0,215.9,89.97,83.33
0.0,0.24,0.0,0.0,1.0,0.0,220.8,90.0,83.33
0.0,0.24,0.0,0.0,1.0,0.0,222.3,90.0,83.33
0.0,0.24,0.0,0.0,1.0,0.0,227.7,90.0,83.33
0.0,0.24,0.0,0.0,1.0,0.0,230.5,90.0,83.33
0.0,0.24,0.0,0.0,1.0,0.0,233.1,90.0,83.33
0.0,0.24,0.0,0.0,1.0,0.0,234.1,90.0,83.33
0.0,0.24,0.0,0.0,1.0,0.0,235.3,89.97,83.33
0.0,0.24,0.0,0.0,1.0,0.0,236.4,89.97,83.33
0.0,0.24,0.0,0.0,1.0,0.0,237.4,90.0,83.33
0.0,0.24,0.0,0.0,1.0,0.0,237.4,89.97,83.33
0.0,0.24,0.0,0.0,1.0,0.0,238.6,90.0,83.33
0.0,0.24,0.0,0.0,1.0,0.0,239.2,90.0,83.33
0.0,0.24,0.0,0.0,1.0,0.0,240.0,90.0,83.33
0.0,0.24,0.0,0.0,1.0,0.0,239.5,90.0,83.33
0.0,0.24,0.0,0.0,1.0,0.0,239.5,89.97,83.33
0.0,0.24,0.0,0.0,1.0,0.0,239.9,90.0,83.33
0.0,0.241,0.0,0.34,1.09,0.0,239.3,90.0,83.33
0.0,0.241,0.0,0.68,1.17,0.0,240.1,90.0,83.33
0.0,0.241,0.0,1.2,1.3,0.0,240.1,90.0,83.33
0.0,0.241,0.0,1.54,1.39,0.0,239.3,90.0,83.33
0.0,0.241,0.0,2.05,1.52,0.0,239.4,90.0,83.33
0.0,0.241,0.0,2.39,1.61,0.0,240.1,89.98,83.33
0.04,0.241,0.0,2.91,1.74,0.0,240.1,89.98,83.33
0.08,0.242,0.0,3.25,1.83,0.0,239.8,90.0,83.33
0.14,0.242,0.0,3.77,1.87,0.0,240.2,90.0,83.33
0.18,0.242,0.0,4.12,1.88,0.01,240.1,90.0,83.33
0.24,0.242,0.0,4.63,1.88,0.01,240.4,90.0,83.33
0.28,0.242,0.0,4.98,1.88,0.01,239.7,90.0,83.33
0.34,0.243,0.0,5.5,1.88,0.01,240.1,90.0,83.33
0.4,0.243,0.0,6.02,1.88,0.02,240.0,90.0,83.33
0.44,0.243,0.0,6.36,1.88,0.02,239.4,90.0,83.33
0.5,0.244,0.0,6.88,1.88,0.02,239.8,90.0,83.33
0.54,0.244,0.0,7.23,1.88,0.02,240.1,90.0,83.33
0.6,0.245,0.0,7.75,1.88,0.03,239.8,90.0,83.33
0.64,0.245,0.0,8.1,1.88,0.03,239.6,90.0,83.33
0.7,0.245,0.0,8.62,1.88,0.04,239.8,90.0,83.33
0.74,0.246,0.0,8.97,1.88,0.04,240.3,89.97,83.33
0.8,0.246,0.0,9.49,1.89,0.05,239.3,90.0,83.33
0.84,0.247,0.0,9.84,1.89,0.05,240.0,90.0,83.33
0.9,0.247,0.0,10.36,1.89,0.06,239.6,90.0,83.33
0.9,0.247,0.0,10.36,1.89,0.06,239.6,89.98,83.33
0.96,0.248,0.0,10.89,1.89,0.06,239.4,90.0,83.33
1.02,0.249,0.0,11.41,1.89,0.07,239.6,90.0,83.33
1.08,0.249,0.0,11.94,1.89,0.08,239.3,89.97,83.33
1.12,0.25,0.0,12.29,1.89,0.08,239.5,89.97,83.33
1.16,0.25,0.0,12.64,1.89,0.09,240.1,89.97,83.33
1.24,0.251,0.0,13.34,1.89,0.1,240.0,89.97,83.33
1.28,0.252,0.0,13.7,1.89,0.1,240.1,90.0,83.33
1.32,0.252,0.0,14.05,1.89,0.11,240.1,89.96,83.33
1.38,0.253,0.0,14.58,1.9,0.12,239.3,89.97,83.33
1.42,0.254,0.0,14.93,1.9,0.13,239.9,89.97,83.33
1.48,0.255,0.0,15.46,1.9,0.14,239.3,89.96,83.33
1.54,0.256,0.0,15.99,1.9,0.15,239.3,89.96,83.33
1.58,0.256,0.0,16.34,1.9,0.15,239.7,89.96,83.33
1.62,0.257,0.0,16.69,1.9,0.16,239.1,89.96,83.33
1.68,0.258,0.0,17.23,1.9,0.17,239.6,89.95,83.34
1.74,0.259,0.0,17.76,1.9,0.18,240.0,89.95,83.34
1.78,0.26,0.0,18.11,1.9,0.19,239.9,89.95,83.34
1.82,0.261,0.0,18.47,1.9,0.2,240.0,89.94,83.34
1.88,0.262,0.0,19.0,1.9,0.21,239.8,89.95,83.34
1.92,0.262,0.0,19.36,1.91,0.22,240.3,89.94,83.34
1.98,0.264,0.0,19.9,1.91,0.23,239.3,89.94,83.34
2.04,0.265,0.0,20.43,1.91,0.25,239.7,89.94,83.34
2.08,0.266,0.0,20.79,1.91,0.25,239.5,89.94,83.34
2.14,0.267,0.0,21.33,1.91,0.27,240.0,89.93,83.34
2.16,0.267,0.0,21.51,1.91,0.27,240.3,89.93,83.34
2.16,0.267,0.0,21.51,1.91,0.27,240.3,89.93,83.34
2.24,0.269,0.0,22.22,1.91,0.29,239.5,89.93,83.34
2.28,0.27,0.0,22.58,1.91,0.3,239.8,89.93,83.34
2.34,0.271,0.0,23.12,1.91,0.32,239.7,89.92,83.35
2.4,0.273,0.0,23.66,1.91,0.33,239.8,89.91,83.35
2.44,0.274,0.0,24.02,1.92,0.35,239.3,89.92,83.35
2.48,0.275,0.0,24.38,1.92,0.36,239.8,89.91,83.35
2.54,0.276,0.0,24.93,1.92,0.37,240.1,89.9,83.35
2.58,0.277,0.0,25.29,1.92,0.38,240.3,89.9,83.35
2.64,0.279,0.0,25.83,1.92,0.4,239.9,89.9,83.35
2.68,0.28,0.0,26.19,1.92,0.41,240.3,89.9,83.35
2.74,0.281,0.0,26.74,1.92,0.43,239.8,89.9,83.36
2.8,0.283,0.0,27.28,1.92,0.45,239.7,89.89,83.36
2.84,0.284,0.0,27.65,1.92,0.46,239.6,89.88,83.36
2.88,0.285,0.0,28.01,1.92,0.48,239.9,89.89,83.36
2.94,0.287,0.0,28.56,1.93,0.49,240.4,89.88,99.72
3.0,0.289,0.0,29.1,1.93,0.51,239.8,89.87,100.33
3.04,0.29,0.0,29.47,1.93,0.53,240.4,89.87,100.73
3.1,0.292,0.0,30.02,1.93,0.55,239.4,89.87,101.36
3.14,0.293,0.0,30.38,1.93,0.56,240.0,89.87,101.78
3.2,0.295,0.0,30.93,1.93,0.58,239.9,89.86,102.43
3.24,0.296,0.0,31.3,1.93,0.6,239.8,89.86,102.87
3.3,0.298,0.0,31.85,1.93,0.62,239.9,89.85,103.54
3.34,0.299,0.0,32.21,1.93,0.63,239.4,89.85,104.0
3.38,0.3,0.0,32.58,1.93,0.65,240.2,89.84,104.46
3.44,0.302,0.0,33.13,1.93,0.67,240.2,89.84,105.16
3.5,0.304,0.0,33.69,1.94,0.69,240.4,89.84,105.86
3.54,0.306,0.0,34.05,1.94,0.71,239.6,89.83,106.34
3.6,0.308,0.0,34.61,1.94,0.73,239.6,89.83,107.07
3.64,0.309,0.0,34.98,1.94,0.75,239.7,89.83,107.57
3.7,0.311,0.0,35.53,1.94,0.78,239.9,89.82,108.31
3.74,0.313,0.0,35.9,1.94,0.79,240.1,89.82,108.81
3.8,0.315,0.0,36.46,1.94,0.82,240.1,89.81,109.57
3.84,0.316,0.0,36.83,1.94,0.83,240.4,89.81,110.08
3.9,0.319,0.0,37.39,1.94,0.86,240.0,89.8,110.85
3.94,0.32,0.0,37.76,1.94,0.88,240.1,89.8,111.36
4.0,0.323,0.0,38.31,1.95,0.9,239.5,89.79,112.15
4.04,0.324,0.0,38.69,1.95,0.92,239.9,89.79,112.67
4.1,0.326,0.0,39.25,1.95,0.95,239.8,89.78,113.46
4.16,0.329,0.0,39.8,1.95,0.98,240.3,89.78,114.27
4.2,0.33,0.0,40.18,1.95,1.0,240.2,89.77,114.81
4.26,0.333,0.0,40.74,1.95,1.02,240.1,89.77,115.62
4.3,0.334,0.0,41.11,1.95,1.04,240.4,89.76,116.16
4.34,0.336,0.0,41.49,1.95,1.06,239.8,89.76,116.71
4.4,0.339,0.0,42.05,1.95,1.09,239.5,89.75,117.53
4.46,0.341,0.0,42.61,1.95,1.12,240.5,89.74,118.36
4.5,0.343,0.0,42.99,1.95,1.14,240.4,89.74,118.91
4.54,0.345,0.0,43.37,1.96,1.16,240.1,89.73,119.46
4.6,0.347,0.0,43.93,1.96,1.19,239.7,89.72,120.29
4.64,0.349,0.0,44.31,1.96,1.22,240.6,89.72,120.84
4.7,0.352,0.0,44.88,1.96,1.25,240.6,89.71,121.68
4.74,0.353,0.0,45.25,1.96,1.27,239.9,89.71,122.23
4.8,0.356,0.0,45.82,1.96,1.3,240.0,89.7,123.06
4.86,0.359,0.0,46.39,1.96,1.33,240.2,89.69,123.9
4.9,0.361,0.0,46.77,1.96,1.36,239.8,89.69,124.45
4.94,0.363,0.0,47.15,1.96,1.38,239.9,89.68,125.0
5.0,0.366,0.0,47.72,1.96,1.41,240.6,89.67,125.82
5.04,0.368,0.0,48.1,1.97,1.43,240.3,89.67,126.37
5.1,0.37,0.0,48.67,1.97,1.47,240.1,89.66,127.19
5.16,0.373,0.0,49.24,1.97,1.5,240.8,89.65,128.01
5.2,0.375,0.0,49.62,1.97,1.53,240.4,89.64,128.55
5.26,0.378,0.0,50.19,1.97,1.56,240.2,89.63,129.36
5.3,0.38,0.0,50.58,1.97,1.59,240.2,89.63,129.9
5.34,0.382,0.0,50.96,1.97,1.61,240.5,89.62,130.44
5.4,0.385,0.0,51.53,1.97,1.65,240.0,89.61,131.23
5.46,0.389,0.0,52.11,1.97,1.69,240.3,89.6,132.02
5.5,0.391,0.0,52.49,1.98,1.71,239.9,89.59,132.54
5.56,0.394,0.001,53.07,1.98,1.75,240.9,89.58,133.32
5.6,0.396,0.001,53.46,1.98,1.77,240.1,89.58,133.84
5.66,0.399,0.001,54.03,1.98,1.81,240.9,89.57,134.6
5.7,0.401,0.001,54.42,1.98,1.84,240.5,89.56,135.11
5.76,0.405,0.001,55.0,1.98,1.88,240.4,89.55,135.86
5.8,0.407,0.001,55.39,1.98,1.9,240.7,89.54,136.36
5.86,0.41,0.001,55.97,1.98,1.94,240.1,89.53,137.1
5.9,0.413,0.001,56.36,1.98,1.97,240.3,89.52,137.58
5.96,0.416,0.001,56.94,1.99,2.01,240.7,89.51,138.3
6.02,0.419,0.001,57.52,1.99,2.05,240.8,89.5,139.02
6.06,0.422,0.001,57.91,1.99,2.08,240.5,89.49,139.5
6.12,0.425,0.001,58.49,1.99,2.12,240.5,89.48,140.19
6.16,0.428,0.001,58.88,1.99,2.15,240.1,89.47,140.66
6.2,0.43,0.001,59.27,1.99,2.18,241.0,89.46,141.11
6.26,0.433,0.001,59.86,1.99,2.22,240.8,89.45,141.79
6.3,0.436,0.001,60.25,1.99,2.25,240.1,89.44,142.23
6.36,0.44,0.001,60.84,1.99,2.3,240.3,89.43,142.89
6.42,0.443,0.001,61.42,1.99,2.34,240.3,89.42,143.53
6.46,0.446,0.001,61.81,2.0,2.37,240.7,89.41,143.95
6.52,0.449,0.001,62.4,2.0,2.42,241.1,89.39,144.58
6.56,0.452,0.001,62.8,2.0,2.45,240.7,89.39,144.99
6.62,0.456,0.001,63.39,2.0,2.49,240.8,89.37,145.6
6.66,0.458,0.001,63.78,2.0,2.52,240.6,89.36,146.01
6.7,0.461,0.001,64.18,2.0,2.55,240.4,89.36,146.4
6.76,0.465,0.001,64.77,2.0,2.6,240.8,89.34,146.98
6.82,0.469,0.001,65.36,2.0,2.65,240.3,89.33,147.55
6.86,0.471,0.001,65.76,2.01,2.68,240.9,89.32,147.93
6.92,0.475,0.001,66.35,2.01,2.73,240.6,89.3,148.48
6.96,0.478,0.001,66.75,2.01,2.76,241.3,89.29,148.84
7.02,0.482,0.001,67.35,2.01,2.81,241.1,89.28,149.37
7.06,0.485,0.001,67.74,2.01,2.84,240.9,89.27,149.72
7.12,0.489,0.001,68.34,2.01,2.89,241.1,89.26,150.24
7.16,0.491,0.001,68.74,2.01,2.92,241.0,89.25,150.57
7.22,0.496,0.001,69.34,2.01,2.97,240.6,89.23,151.07
7.26,0.498,0.001,69.74,2.01,3.01,241.5,89.22,151.4
7.32,0.503,0.001,70.33,2.01,3.06,240.7,89.21,151.88
7.38,0.507,0.001,70.93,2.02,3.11,240.8,89.19,152.35
7.42,0.51,0.001,71.33,2.02,3.15,240.9,89.19,152.66
7.46,0.513,0.001,71.74,2.02,3.18,241.3,89.18,152.95
7.52,0.517,0.001,72.34,2.02,3.23,241.2,89.16,153.39
7.56,0.52,0.002,72.74,2.02,3.27,241.2,89.15,153.68
7.62,0.524,0.002,73.34,2.02,3.32,241.2,89.14,154.11
7.66,0.527,0.002,73.75,2.02,3.36,241.6,89.13,154.38
7.72,0.532,0.002,74.35,2.02,3.41,241.4,89.11,154.79
7.76,0.535,0.002,74.75,2.03,3.45,241.3,89.1,155.05
7.82,0.539,0.002,75.36,2.03,3.5,241.3,89.09,155.44
7.88,0.544,0.002,75.97,2.03,3.56,240.9,89.08,155.81
7.92,0.547,0.002,76.37,2.03,3.6,241.2,89.07,156.05
7.98,0.551,0.002,76.98,2.03,3.65,241.5,89.05,156.41
8.02,0.554,0.002,77.39,2.03,3.69,241.1,89.04,156.64
8.08,0.559,0.002,78.0,2.03,3.75,240.6,89.03,156.98
8.12,0.562,0.002,78.4,2.03,3.79,241.2,89.02,157.2
8.18,0.567,0.002,79.01,2.03,3.84,241.2,89.01,157.53
8.22,0.57,0.002,79.42,2.03,3.88,241.0,89.0,157.74
8.28,0.575,0.002,80.03,2.04,3.94,241.4,88.98,158.04
8.34,0.58,0.002,80.64,2.04,4.0,241.0,88.97,158.34
8.38,0.583,0.002,81.05,2.04,4.04,241.6,88.96,158.53
8.44,0.588,0.002,81.66,2.04,4.1,240.7,88.95,158.81
8.48,0.591,0.002,82.07,2.04,4.14,241.6,88.94,159.0
8.52,0.594,0.002,82.48,2.04,4.18,241.8,88.93,159.17
8.58,0.599,0.002,83.1,2.04,4.24,241.9,88.92,159.43
8.62,0.603,0.003,83.51,2.04,4.28,241.8,88.91,159.59
8.68,0.608,0.003,84.13,2.05,4.34,241.5,88.9,159.83
8.72,0.611,0.003,84.54,2.05,4.38,241.1,88.89,159.99
8.78,0.616,0.003,85.16,2.05,4.45,241.8,88.88,160.22
8.84,0.621,0.003,85.78,2.05,4.51,241.6,88.86,160.43
8.88,0.625,0.003,86.19,2.05,4.55,241.4,88.86,160.57
8.92,0.628,0.003,86.61,2.05,4.59,241.8,88.85,160.71
8.98,0.633,0.003,87.23,2.05,4.66,241.2,88.84,160.9
9.04,0.639,0.003,87.85,2.05,4.72,241.3,88.82,161.09
9.08,0.642,0.003,88.26,2.05,4.77,241.3,88.82,161.21
9.12,0.646,0.003,88.68,2.05,4.81,241.8,88.81,161.32
9.18,0.651,0.003,89.3,2.06,4.87,241.5,88.8,161.49
9.24,0.656,0.003,89.93,2.06,4.94,241.9,88.79,161.64
9.28,0.66,0.003,90.35,2.06,4.98,241.4,88.78,161.75
9.32,0.664,0.003,90.76,2.06,5.03,241.9,88.77,161.84
9.38,0.669,0.004,91.39,2.06,5.1,242.4,88.76,161.98
9.44,0.675,0.004,92.02,2.06,5.16,242.1,88.75,162.11
9.48,0.678,0.004,92.44,2.07,5.21,241.9,88.75,162.19
9.52,0.682,0.004,92.86,2.07,5.25,242.0,88.74,162.27
9.58,0.688,0.004,93.49,2.07,5.32,241.7,88.73,162.38
9.62,0.691,0.004,93.91,2.07,5.37,241.6,88.72,162.45
9.68,0.697,0.004,94.55,2.07,5.44,242.0,88.71,162.55
9.74,0.703,0.004,95.18,2.07,5.51,242.7,88.7,162.64
9.78,0.707,0.004,95.6,2.07,5.56,241.9,88.7,162.7
9.84,0.712,0.004,96.24,2.07,5.63,242.0,88.69,162.78
9.88,0.716,0.004,96.66,2.08,5.67,241.8,88.68,162.83
9.94,0.722,0.004,97.3,2.08,5.75,242.3,88.67,162.9
9.98,0.726,0.005,97.72,2.08,5.79,241.8,88.67,162.95
10.04,0.732,0.005,98.36,2.08,5.87,242.6,88.66,163.01
10.08,0.736,0.005,98.78,2.08,5.91,242.5,88.65,163.05
10.12,0.74,0.005,99.21,2.08,5.96,242.0,88.65,163.08
10.18,0.746,0.005,99.85,2.08,6.04,242.7,88.64,163.13
10.24,0.752,0.005,100.49,2.08,6.11,242.3,88.63,163.18
10.3,0.758,0.005,101.13,2.09,6.18,242.8,88.62,163.22
10.34,0.762,0.005,101.56,2.09,6.23,243.0,88.61,163.24
10.38,0.766,0.005,101.99,2.09,6.28,243.1,88.61,163.26
10.44,0.772,0.005,102.64,2.09,6.36,242.7,88.6,163.3
10.5,0.778,0.006,103.28,2.09,6.44,242.2,88.59,163.32
10.54,0.782,0.006,103.71,2.09,6.49,242.5,88.58,163.33
10.6,0.789,0.006,104.36,2.09,6.56,243.1,88.57,163.36
10.64,0.793,0.006,104.79,2.1,6.62,242.9,88.57,163.37
10.7,0.799,0.006,105.44,2.1,6.69,242.8,88.56,163.39
10.74,0.803,0.006,105.87,2.1,6.75,243.1,88.55,163.4
10.78,0.808,0.006,106.3,2.1,6.8,243.2,88.55,163.41
10.84,0.814,0.006,106.95,2.1,6.88,242.8,88.54,163.43
10.88,0.818,0.006,107.38,2.1,6.93,242.9,88.53,163.44
10.94,0.825,0.007,108.04,2.1,7.01,242.0,88.52,163.46
10.98,0.829,0.007,108.47,2.1,7.06,243.0,88.51,163.46
11.04,0.836,0.007,109.12,2.1,7.14,242.3,88.5,163.48
11.08,0.84,0.007,109.56,2.11,7.2,242.8,88.5,163.49
11.14,0.847,0.007,110.21,2.11,7.28,242.8,88.49,163.51
11.18,0.851,0.007,110.65,2.11,7.33,242.9,88.48,163.52
11.24,0.858,0.007,111.3,2.11,7.41,243.2,88.47,163.54
11.3,0.864,0.007,111.96,2.11,7.49,242.9,88.46,163.56
11.34,0.869,0.007,112.39,2.11,7.55,242.4,88.45,163.58
11.4,0.876,0.008,113.05,2.11,7.63,242.3,88.44,163.6
11.44,0.88,0.008,113.49,2.11,7.69,242.8,88.43,163.61
11.5,0.887,0.008,114.15,2.11,7.77,242.9,88.42,163.64
11.54,0.892,0.008,114.58,2.11,7.83,242.6,88.42,163.66
11.6,0.898,0.008,115.24,2.12,7.91,242.8,88.4,163.69
11.64,0.903,0.008,115.68,2.12,7.97,243.0,88.4,163.72
11.7,0.91,0.008,116.34,2.12,8.05,242.9,88.38,163.75
11.76,0.917,0.009,117.01,2.12,8.14,243.2,88.37,163.79
11.8,0.922,0.009,117.45,2.12,8.2,243.0,88.36,163.82
11.86,0.929,0.009,118.11,2.12,8.28,243.2,88.35,163.86
11.9,0.934,0.009,118.55,2.12,8.34,243.0,88.34,163.89
11.94,0.938,0.009,119.0,2.12,8.4,242.6,88.33,163.93
12.0,0.946,0.009,119.66,2.13,8.49,243.0,88.32,163.98
12.06,0.953,0.01,120.33,2.13,8.57,243.2,88.31,164.04
12.1,0.958,0.01,120.77,2.13,8.63,243.0,88.3,164.08
12.16,0.965,0.01,121.44,2.13,8.72,243.0,88.29,164.13
12.2,0.97,0.01,121.89,2.13,8.78,243.3,88.28,164.16
12.26,0.977,0.01,122.56,2.13,8.87,243.6,88.27,164.19
12.3,0.982,0.01,123.0,2.13,8.93,242.9,88.27,164.21
12.34,0.987,0.01,123.45,2.14,8.99,243.4,88.27,164.22
12.4,0.994,0.011,124.13,2.14,9.08,243.2,88.27,164.23
12.46,1.002,0.011,124.8,2.14,9.17,243.4,88.27,164.23
12.5,1.007,0.011,125.25,2.14,9.23,243.1,88.27,164.22
12.56,1.014,0.011,125.92,2.14,9.33,243.9,88.28,164.21
12.6,1.019,0.011,126.38,2.14,9.39,243.8,88.28,164.19
12.66,1.027,0.011,127.05,2.14,9.48,243.9,88.29,164.17
12.7,1.032,0.012,127.5,2.15,9.54,243.2,88.29,164.14
12.76,1.04,0.012,128.18,2.15,9.64,243.6,88.31,164.11
12.8,1.045,0.012,128.63,2.15,9.7,244.3,88.32,164.08
12.86,1.053,0.012,129.31,2.15,9.79,244.0,88.33,164.03
12.9,1.058,0.012,129.77,2.15,9.86,243.6,88.34,163.99
12.96,1.066,0.013,130.45,2.15,9.95,243.5,88.35,163.93
13.0,1.071,0.013,130.9,2.15,10.02,244.5,88.37,163.89
13.06,1.079,0.013,131.59,2.16,10.11,243.8,88.38,163.83
13.1,1.084,0.013,132.04,2.16,10.18,243.6,88.39,163.78
13.16,1.092,0.013,132.73,2.16,10.27,243.4,88.41,163.72
13.2,1.097,0.013,133.18,2.16,10.34,244.1,88.42,163.68
13.26,1.105,0.014,133.87,2.16,10.43,244.4,88.44,163.61
13.32,1.113,0.014,134.56,2.16,10.53,243.6,88.46,163.54
13.36,1.119,0.014,135.01,2.16,10.6,244.3,88.47,163.5
13.4,1.124,0.014,135.47,2.16,10.66,244.0,88.48,163.46
13.46,1.132,0.014,136.16,2.17,10.76,243.6,88.5,163.4
13.5,1.138,0.015,136.62,2.17,10.83,244.4,88.51,163.36
13.56,1.146,0.015,137.31,2.17,10.93,243.7,88.52,163.31
13.62,1.154,0.015,138.0,2.17,11.03,244.2,88.54,163.27
13.66,1.16,0.015,138.46,2.17,11.09,243.8,88.54,163.25
13.7,1.165,0.015,138.92,2.17,11.16,244.0,88.55,163.23
13.76,1.174,0.016,139.62,2.17,11.26,244.1,88.56,163.21
13.8,1.179,0.016,140.08,2.17,11.33,243.6,88.57,163.2
13.86,1.188,0.016,140.77,2.17,11.43,243.9,88.57,163.19
13.92,1.196,0.016,141.47,2.18,11.53,244.5,88.58,163.2
13.96,1.202,0.017,141.93,2.18,11.6,244.3,88.58,163.21
14.0,1.208,0.017,142.4,2.18,11.67,244.6,88.58,163.24
14.06,1.216,0.017,143.1,2.18,11.77,244.5,88.58,163.28
14.12,1.225,0.017,143.8,2.18,11.88,244.9,88.58,163.35
14.16,1.23,0.017,144.26,2.18,11.95,244.5,88.57,163.38
14.2,1.236,0.018,144.73,2.19,12.02,244.3,88.57,163.44
14.26,1.245,0.018,145.43,2.19,12.12,244.6,88.56,163.53
14.32,1.254,0.018,146.13,2.19,12.23,243.9,88.55,163.62
14.36,1.26,0.018,146.6,2.19,12.3,245.0,88.54,163.69
14.42,1.268,0.019,147.31,2.19,12.4,244.5,88.53,163.8
14.46,1.274,0.019,147.78,2.19,12.47,244.5,88.52,163.88
14.5,1.28,0.019,148.25,2.19,12.54,244.8,88.51,163.96
14.56,1.289,0.019,148.95,2.2,12.65,244.6,88.49,164.1
14.62,1.298,0.019,149.66,2.2,12.76,244.8,88.47,164.24
14.66,1.304,0.02,150.13,2.2,12.83,244.7,88.45,164.33
14.7,1.31,0.02,150.6,2.2,12.9,245.3,88.44,164.43
14.76,1.319,0.02,151.32,2.2,13.01,245.4,88.41,164.57
14.82,1.328,0.02,152.03,2.2,13.12,245.2,88.39,164.72
14.86,1.334,0.021,152.5,2.2,13.19,244.6,88.37,164.82
14.92,1.344,0.021,153.22,2.21,13.3,245.1,88.34,164.96
14.96,1.35,0.021,153.69,2.21,13.38,245.6,88.32,165.07
15.02,1.359,0.021,154.41,2.21,13.49,245.1,88.29,165.2
15.06,1.365,0.022,154.88,2.21,13.56,245.4,88.27,165.3
15.12,1.374,0.022,155.6,2.21,13.67,245.3,88.24,165.44
15.16,1.381,0.022,156.08,2.21,13.75,245.1,88.22,165.53
15.22,1.39,0.022,156.79,2.21,13.86,244.9,88.19,165.66
15.26,1.396,0.023,157.27,2.22,13.93,245.8,88.17,165.74
15.32,1.406,0.023,157.99,2.22,14.05,245.4,88.14,165.87
15.36,1.412,0.023,158.48,2.22,14.12,245.8,88.12,165.95
15.42,1.422,0.023,159.2,2.22,14.24,245.1,88.1,166.07
15.48,1.431,0.024,159.92,2.22,14.35,245.5,88.07,166.18
15.52,1.438,0.024,160.4,2.22,14.43,245.5,88.05,166.24
15.56,1.444,0.024,160.88,2.22,14.5,245.4,88.03,166.31
15.62,1.454,0.024,161.61,2.23,14.62,245.5,88.01,166.4
15.68,1.463,0.025,162.34,2.23,14.73,246.0,87.98,166.49
15.72,1.47,0.025,162.82,2.23,14.81,245.1,87.97,166.55
15.78,1.48,0.025,163.55,2.23,14.93,245.5,87.95,166.63
15.82,1.486,0.025,164.03,2.23,15.0,245.4,87.94,166.68
15.86,1.493,0.026,164.52,2.23,15.08,245.9,87.92,166.72
15.92,1.503,0.026,165.25,2.24,15.2,246.0,87.91,166.79
15.98,1.513,0.026,165.98,2.24,15.32,245.8,87.89,166.85
16.02,1.519,0.027,166.47,2.24,15.4,245.7,87.88,166.88
16.06,1.526,0.027,166.96,2.24,15.47,245.3,87.88,166.92
16.12,1.536,0.027,167.69,2.24,15.59,246.1,87.87,166.96
16.18,1.546,0.028,168.42,2.24,15.71,246.1,87.86,167.0
16.22,1.553,0.028,168.91,2.24,15.79,245.6,87.85,167.03
16.28,1.563,0.028,169.65,2.24,15.91,245.8,87.85,167.07
16.32,1.57,0.028,170.14,2.25,15.99,246.1,87.84,167.1
16.38,1.58,0.029,170.88,2.25,16.11,246.4,87.84,167.13
16.42,1.587,0.029,171.37,2.25,16.19,246.0,87.84,167.16
16.48,1.597,0.029,172.11,2.25,16.31,246.1,87.84,167.19
16.54,1.608,0.03,172.85,2.25,16.44,246.1,87.84,167.21
16.58,1.615,0.03,173.34,2.25,16.52,246.0,87.84,167.23
16.62,1.621,0.03,173.84,2.25,16.6,246.0,87.84,167.25
16.68,1.632,0.031,174.58,2.26,16.72,246.3,87.85,167.27
16.74,1.642,0.031,175.32,2.26,16.84,246.0,87.85,167.29
16.78,1.649,0.031,175.82,2.26,16.93,246.4,87.85,167.3
16.82,1.656,0.031,176.32,2.26,17.01,246.6,87.85,167.31
16.88,1.667,0.032,177.06,2.26,17.13,246.7,87.86,167.34
16.92,1.674,0.032,177.56,2.26,17.22,246.3,87.86,167.35
16.98,1.685,0.032,178.31,2.27,17.34,246.8,87.86,167.38
17.02,1.692,0.033,178.81,2.27,17.42,247.1,87.87,167.39
17.08,1.703,0.033,179.56,2.27,17.55,246.5,87.87,167.41
17.12,1.71,0.033,180.06,2.27,17.63,247.1,87.87,167.43
17.18,1.721,0.034,180.81,2.27,17.76,247.3,87.87,167.46
17.24,1.732,0.034,181.57,2.27,17.89,246.9,87.87,167.5
17.28,1.739,0.034,182.07,2.28,17.97,246.8,87.88,167.52
17.32,1.746,0.035,182.57,2.28,18.06,247.3,87.87,167.54
17.38,1.757,0.035,183.33,2.28,18.18,247.5,87.87,167.58
17.44,1.768,0.036,184.09,2.28,18.31,247.1,87.87,167.62
17.48,1.776,0.036,184.59,2.28,18.4,247.6,87.87,167.65
17.54,1.787,0.036,185.35,2.28,18.53,247.7,87.86,167.7
17.58,1.794,0.037,185.86,2.29,18.61,247.0,87.86,167.73
17.62,1.802,0.037,186.37,2.29,18.7,247.5,87.85,167.76
17.68,1.813,0.037,187.13,2.29,18.83,247.5,87.84,167.81
17.74,1.824,0.038,187.89,2.29,18.96,247.0,87.83,167.87
17.78,1.832,0.038,188.4,2.29,19.05,247.1,87.82,167.9
17.84,1.843,0.038,189.17,2.29,19.18,247.4,87.81,167.96
17.88,1.85,0.039,189.68,2.3,19.27,247.9,87.8,168.0
17.94,1.862,0.039,190.45,2.3,19.4,248.0,87.79,168.06
17.98,1.869,0.039,190.96,2.3,19.49,247.5,87.78,168.1
18.04,1.881,0.04,191.73,2.3,19.62,247.8,87.76,168.16
18.08,1.889,0.04,192.24,2.3,19.71,247.7,87.75,168.2
18.14,1.9,0.041,193.01,2.3,19.84,248.2,87.73,168.26
18.18,1.908,0.041,193.53,2.31,19.93,247.6,87.71,168.31
18.24,1.92,0.041,194.3,2.31,20.07,248.2,87.68,168.39
18.28,1.927,0.042,194.82,2.31,20.16,248.2,87.67,168.45
18.34,1.939,0.042,195.59,2.31,20.29,248.3,87.63,168.54
18.4,1.951,0.043,196.37,2.31,20.43,247.7,87.6,168.62
18.44,1.959,0.043,196.89,2.31,20.52,248.2,87.58,168.68
18.48,1.967,0.043,197.41,2.31,20.61,247.9,87.55,168.74
18.54,1.978,0.044,198.18,2.32,20.75,248.2,87.51,168.83
18.58,1.986,0.044,198.7,2.32,20.84,248.4,87.48,168.89
18.64,1.998,0.045,199.48,2.32,20.98,247.8,87.44,168.98
18.7,2.01,0.045,200.26,2.32,21.11,247.8,87.4,169.07
18.74,2.018,0.045,200.78,2.32,21.21,248.0,87.37,169.13
18.78,2.026,0.046,201.31,2.32,21.3,248.3,87.35,169.18
18.84,2.038,0.046,202.09,2.33,21.44,248.9,87.31,169.27
18.9,2.051,0.047,202.88,2.33,21.58,248.0,87.27,169.34
18.94,2.059,0.047,203.4,2.33,21.67,249.0,87.24,169.39
18.98,2.067,0.047,203.92,2.33,21.76,247.9,87.22,169.44
19.04,2.079,0.048,204.71,2.33,21.9,248.1,87.18,169.51
19.1,2.091,0.048,205.5,2.33,22.04,248.0,87.15,169.58
19.14,2.1,0.049,206.02,2.33,22.14,248.1,87.13,169.62
19.18,2.108,0.049,206.55,2.34,22.23,248.7,87.11,169.66
19.24,2.12,0.05,207.34,2.34,22.37,248.4,87.08,169.71
19.3,2.133,0.05,208.13,2.34,22.51,248.2,87.06,169.76
19.34,2.141,0.051,208.66,2.34,22.61,248.5,87.05,169.8
19.4,2.154,0.051,209.46,2.34,22.75,249.0,87.03,169.84
19.44,2.162,0.052,209.99,2.34,22.85,248.7,87.02,169.86
19.5,2.175,0.052,210.78,2.35,22.99,248.4,87.01,169.9
19.54,2.183,0.052,211.31,2.35,23.09,248.6,87.01,169.93
19.56,2.187,0.053,211.58,2.35,23.13,248.7,87.0,169.94
19.56,2.187,0.053,211.58,2.35,23.13,248.7,87.0,169.94
19.66,2.208,0.054,212.91,2.35,23.38,248.5,87.0,169.98
19.7,2.217,0.054,213.44,2.35,23.47,249.4,87.0,170.0
19.76,2.23,0.055,214.24,2.35,23.62,248.8,87.0,170.02
19.8,2.238,0.055,214.78,2.35,23.71,249.5,87.0,170.03
19.84,2.247,0.055,215.31,2.36,23.81,248.9,87.01,170.05
19.9,2.26,0.056,216.11,2.36,23.96,248.7,87.01,170.07
19.94,2.269,0.056,216.64,2.36,24.06,248.6,87.02,170.08
20.0,2.282,0.057,217.45,2.36,24.2,249.3,87.03,170.1
20.06,2.295,0.058,218.25,2.36,24.35,249.1,87.04,170.12
20.1,2.303,0.058,218.79,2.36,24.45,249.0,87.04,170.12
20.16,2.317,0.059,219.59,2.36,24.6,249.2,87.05,170.14
20.2,2.325,0.059,220.13,2.36,24.69,248.9,87.06,170.15
20.24,2.334,0.059,220.66,2.36,24.79,248.8,87.06,170.16
20.3,2.347,0.06,221.47,2.36,24.94,249.3,87.07,170.17
20.36,2.361,0.061,222.27,2.37,25.09,249.7,87.07,170.19
20.4,2.37,0.061,222.81,2.37,25.19,249.6,87.08,170.2
20.46,2.383,0.062,223.62,2.37,25.34,249.2,87.08,170.23
20.5,2.392,0.062,224.15,2.37,25.44,249.6,87.08,170.24
20.56,2.405,0.063,224.96,2.37,25.58,249.7,87.08,170.28
20.6,2.414,0.063,225.5,2.37,25.68,249.5,87.08,170.29
20.66,2.428,0.064,226.31,2.37,25.83,250.1,87.07,170.33
20.7,2.437,0.064,226.85,2.37,25.93,249.8,87.06,170.35
20.76,2.451,0.065,227.66,2.37,26.08,250.0,87.05,170.39
20.82,2.464,0.066,228.47,2.37,26.23,250.2,87.04,170.43
20.86,2.473,0.066,229.01,2.37,26.33,250.3,87.03,170.45
20.9,2.483,0.067,229.55,2.37,26.43,250.2,87.02,170.48
20.96,2.496,0.067,230.36,2.37,26.58,250.0,87.0,170.51
21.02,2.51,0.068,231.17,2.37,26.73,249.6,86.98,170.56
21.06,2.52,0.068,231.7,2.37,26.83,249.9,86.96,170.58
21.1,2.529,0.069,232.24,2.37,26.93,249.9,86.95,170.61
21.16,2.543,0.07,233.05,2.37,27.08,250.3,86.92,170.65
21.22,2.557,0.07,233.86,2.37,27.23,250.2,86.89,170.69
21.26,2.566,0.071,234.4,2.37,27.33,251.1,86.88,170.72
21.32,2.58,0.071,235.21,2.37,27.48,250.6,86.85,170.76
21.36,2.59,0.072,235.75,2.37,27.58,250.1,86.83,170.78
21.4,2.599,0.072,236.29,2.37,27.68,251.1,86.81,170.8
21.46,2.613,0.073,237.1,2.37,27.83,250.5,86.78,170.84
21.52,2.627,0.074,237.9,2.37,27.98,250.5,86.76,170.87
21.56,2.637,0.074,238.44,2.37,28.08,250.4,86.74,170.89
21.6,2.647,0.075,238.98,2.37,28.18,251.5,86.72,170.91
21.66,2.661,0.076,239.79,2.37,28.33,251.3,86.7,170.93
21.72,2.675,0.076,240.59,2.37,28.48,250.7,86.68,170.96
21.76,2.685,0.077,241.13,2.37,28.58,250.7,86.67,170.98
21.8,2.695,0.077,241.67,2.37,28.68,251.3,86.65,170.99
21.86,2.709,0.078,242.47,2.37,28.83,250.8,86.64,171.01
21.92,2.724,0.079,243.27,2.37,28.98,251.1,86.62,171.03
21.96,2.733,0.079,243.81,2.37,29.08,251.1,86.61,171.05
22.02,2.748,0.08,244.61,2.37,29.23,251.4,86.6,171.06
22.06,2.758,0.081,245.15,2.37,29.33,252.1,86.6,171.07
22.12,2.772,0.082,245.95,2.36,29.48,251.7,86.59,171.09
22.16,2.782,0.082,246.49,2.36,29.58,251.9,86.58,171.1
22.22,2.797,0.083,247.28,2.36,29.73,251.4,86.58,171.11
22.26,2.807,0.083,247.82,2.36,29.83,251.5,86.58,171.12
22.32,2.822,0.084,248.61,2.36,29.98,251.5,86.58,171.13
22.36,2.832,0.085,249.15,2.36,30.07,252.1,86.58,171.14
22.42,2.847,0.086,249.94,2.36,30.22,251.4,86.58,171.15
22.46,2.857,0.086,250.47,2.36,30.32,251.6,86.58,171.16
22.52,2.872,0.087,251.27,2.35,30.47,252.2,86.58,171.18
22.56,2.882,0.088,251.8,2.35,30.56,251.5,86.58,171.19
22.62,2.897,0.088,252.59,2.35,30.71,251.4,86.58,171.2
22.66,2.907,0.089,253.12,2.35,30.81,252.3,86.58,171.21
22.72,2.922,0.09,253.91,2.35,30.95,251.8,86.58,171.23
22.78,2.938,0.091,254.7,2.35,31.1,252.2,86.58,171.25
22.82,2.948,0.091,255.22,2.34,31.2,252.3,86.58,171.26
22.86,2.958,0.092,255.75,2.34,31.29,251.8,86.58,171.27
22.92,2.973,0.093,256.53,2.34,31.44,252.2,86.58,171.29
22.98,2.989,0.094,257.32,2.34,31.58,252.4,86.57,171.31
23.02,2.999,0.094,257.84,2.34,31.68,251.7,86.57,171.33
23.08,3.014,0.095,258.62,2.33,31.82,252.4,86.56,171.35
23.12,3.025,0.096,259.14,2.33,31.92,252.5,86.55,171.36
23.16,3.035,0.096,259.66,2.33,32.01,252.3,86.55,171.38
23.22,3.051,0.097,260.44,2.33,32.16,252.7,86.54,171.4
23.28,3.066,0.098,261.22,2.33,32.3,252.6,86.52,171.43
23.32,3.077,0.099,261.74,2.32,32.39,252.3,86.51,171.44
23.38,3.093,0.1,262.51,2.32,32.53,253.3,86.5,171.47
23.42,3.103,0.1,263.03,2.32,32.63,253.0,86.49,171.48
23.48,3.119,0.101,263.8,2.32,32.77,253.2,86.47,171.5
23.52,3.129,0.102,264.32,2.32,32.86,253.1,86.46,171.52
23.58,3.145,0.103,265.09,2.31,33.0,253.0,86.44,171.54
23.62,3.156,0.103,265.6,2.31,33.09,252.4,86.43,171.55
23.68,3.172,0.105,266.37,2.31,33.23,252.9,86.41,171.57
23.72,3.182,0.105,266.88,2.31,33.32,253.4,86.39,171.59
23.78,3.198,0.106,267.64,2.31,33.46,253.5,86.37,171.6
23.82,3.209,0.107,268.15,2.3,33.55,253.2,86.36,171.61
23.88,3.225,0.108,268.91,2.3,33.69,253.0,86.34,171.63
23.92,3.236,0.108,269.42,2.3,33.78,253.4,86.33,171.64
23.98,3.252,0.109,270.18,2.29,33.92,253.4,86.31,171.65
24.02,3.263,0.11,270.68,2.29,34.01,252.8,86.3,171.65
24.08,3.279,0.111,271.44,2.29,34.14,252.9,86.29,171.66
24.12,3.295,0.112,272.19,2.29,34.28,253.4,86.28,171.67
24.18,3.306,0.113,272.69,2.28,34.37,253.9,86.27,171.68
24.22,3.317,0.114,273.19,2.28,34.5,253.1,86.26,171.68
24.28,3.334,0.114,273.94,2.28,34.59,253.6,86.25,171.69
24.32,3.345,0.115,274.44,2.28,34.68,253.4,86.25,171.69
24.38,3.361,0.116,275.19,2.27,34.81,253.6,86.24,171.7
24.44,3.383,0.117,276.18,2.27,34.98,253.5,86.24,171.7
24.48,3.394,0.118,276.67,2.27,35.07,253.3,86.23,171.7
24.54,3.405,0.119,277.17,2.27,35.16,253.3,86.23,171.71
24.6,3.422,0.12,277.91,2.26,35.28,253.2,86.23,171.72
24.64,3.433,0.121,278.4,2.26,35.37,254.4,86.22,171.72
24.7,3.45,0.122,279.14,2.26,35.5,253.9,86.22,171.73
24.74,3.461,0.122,279.63,2.26,35.58,253.6,86.22,171.74
24.8,3.478,0.123,280.37,2.25,35.71,253.7,86.22,171.75
24.86,3.494,0.125,281.1,2.25,35.84,254.2,86.21,171.76
24.9,3.506,0.125,281.59,2.25,35.92,254.2,86.21,171.77
24.94,3.517,0.126,282.07,2.25,36.01,254.6,86.21,171.78
25.0,3.534,0.127,282.8,2.24,36.13,253.7,86.2,171.79
25.06,3.551,0.128,283.53,2.24,36.26,254.1,86.2,171.8
25.1,3.562,0.129,284.01,2.24,36.34,254.3,86.2,171.81
25.16,3.579,0.13,284.74,2.24,36.46,254.5,86.19,171.83
25.2,3.59,0.131,285.22,2.23,36.54,254.2,86.18,171.84
25.24,3.602,0.131,285.7,2.23,36.62,254.1,86.18,171.85
25.3,3.619,0.133,286.42,2.23,36.75,254.6,86.17,171.87
25.36,3.636,0.134,287.14,2.23,36.87,255.2,86.16,171.89
25.4,3.648,0.134,287.62,2.23,36.95,254.9,86.15,171.9
25.46,3.665,0.136,288.34,2.22,37.07,254.6,86.14,171.92
25.52,3.682,0.137,289.06,2.22,37.19,255.0,86.12,171.94
25.56,3.694,0.138,289.78,2.22,37.31,255.3,86.11,171.95
25.62,3.711,0.139,290.25,2.22,37.39,254.9,86.1,171.97
25.66,3.723,0.139,290.73,2.22,37.47,255.3,86.09,171.98
25.72,3.74,0.141,291.44,2.22,37.58,255.4,86.08,171.99
25.78,3.758,0.142,292.15,2.21,37.7,255.1,86.06,172.0
25.82,3.769,0.142,292.63,2.21,37.78,255.0,86.06,172.01
25.86,3.781,0.143,293.1,2.21,37.86,255.0,86.04,172.02
25.92,3.799,0.144,293.81,2.21,37.97,255.4,86.03,172.02
25.98,3.816,0.146,294.51,2.2,38.09,255.8,86.02,172.03
26.02,3.828,0.146,294.98,2.2,38.16,255.8,86.01,172.04
26.08,3.846,0.148,295.69,2.2,38.28,255.8,86.0,172.04
26.12,3.857,0.148,296.16,2.2,38.35,255.5,85.99,172.04
26.16,3.869,0.149,296.63,2.2,38.43,256.1,85.98,172.05
26.22,3.887,0.15,297.33,2.2,38.54,255.7,85.97,172.05
26.28,3.905,0.152,298.03,2.2,38.66,256.4,85.96,172.05
26.34,3.923,0.153,298.74,2.19,38.77,256.1,85.95,172.05
26.38,3.935,0.154,299.2,2.19,38.84,255.8,85.95,172.06
26.44,3.953,0.155,299.9,2.19,38.95,256.2,85.94,172.06
26.48,3.965,0.156,300.37,2.19,39.03,255.9,85.94,172.06
26.52,3.977,0.157,300.83,2.19,39.14,256.4,85.94,172.06
26.58,3.995,0.158,301.53,2.19,39.21,256.4,85.93,172.07
26.64,4.013,0.159,302.23,2.18,39.35,255.7,85.93,172.08
26.7,4.031,0.16,302.92,2.18,39.43,256.2,85.92,172.08
26.74,4.043,0.161,303.38,2.18,39.5,256.1,85.92,172.09
26.78,4.055,0.162,303.85,2.18,39.57,256.1,85.91,172.09
26.84,4.073,0.163,304.54,2.18,39.68,256.4,85.91,172.1
26.88,4.085,0.164,305.0,2.18,39.75,256.9,85.9,172.11
26.94,4.104,0.165,305.69,2.18,39.86,256.3,85.9,172.12
27.0,4.122,0.167,306.39,2.18,39.96,256.6,85.89,172.14
27.04,4.134,0.168,306.85,2.17,40.03,257.0,85.89,172.15
27.1,4.153,0.169,307.54,2.17,40.14,257.0,85.88,172.17
27.14,4.165,0.17,308.0,2.17,40.21,256.2,85.87,172.18
27.18,4.177,0.171,308.46,2.17,40.28,256.3,85.86,172.19
27.24,4.196,0.172,309.15,2.17,40.38,256.8,85.85,172.21
27.3,4.214,0.173,309.84,2.17,40.49,256.5,85.84,172.23
27.34,4.227,0.174,310.53,2.17,40.59,257.4,85.84,172.24
27.4,4.245,0.175,310.99,2.17,40.66,257.0,85.82,172.25
27.44,4.258,0.176,311.45,2.17,40.73,257.1,85.82,172.26
27.48,4.27,0.177,311.91,2.17,40.79,256.9,85.81,172.27
27.54,4.289,0.179,312.6,2.17,40.9,257.6,85.8,172.29
27.6,4.308,0.18,313.29,2.17,41.0,257.2,85.78,172.3
27.64,4.32,0.181,313.75,2.17,41.07,257.2,85.77,172.31
27.7,4.339,0.182,314.44,2.17,41.17,257.3,85.76,172.32
27.74,4.351,0.183,314.9,2.17,41.24,257.0,85.75,172.32
27.8,4.37,0.184,315.59,2.17,41.34,257.0,85.74,172.33
27.84,4.383,0.185,316.06,2.17,41.4,257.7,85.73,172.34
27.9,4.402,0.187,316.75,2.17,41.5,257.6,85.72,172.35
27.94,4.415,0.188,317.21,2.17,41.57,256.8,85.72,172.35
28.0,4.434,0.189,317.9,2.17,41.67,257.6,85.71,172.36
28.04,4.446,0.19,318.36,2.17,41.74,257.7,85.7,172.36
28.1,4.465,0.191,319.06,2.17,41.84,257.6,85.69,172.37
28.14,4.478,0.192,319.52,2.17,41.9,257.6,85.68,172.37
28.2,4.497,0.194,320.21,2.17,42.0,258.1,85.68,172.37
28.24,4.51,0.195,320.68,2.17,42.07,258.2,85.67,172.38
28.3,4.529,0.196,321.38,2.18,42.17,258.2,85.66,172.38
28.34,4.548,0.198,322.07,2.18,42.27,257.6,85.66,172.39
28.4,4.561,0.198,322.54,2.18,42.33,257.8,85.65,172.4
28.46,4.581,0.2,323.24,2.18,42.43,257.6,85.64,172.41
28.5,4.594,0.201,323.7,2.18,42.5,258.0,85.64,172.41
28.54,4.606,0.202,324.17,2.18,42.56,257.9,85.64,172.42
28.6,4.626,0.203,324.86,2.18,42.66,258.4,85.63,172.43
28.66,4.645,0.205,325.56,2.18,42.76,257.9,85.62,172.44
28.72,4.665,0.206,326.26,2.18,42.86,257.7,85.62,172.45
28.76,4.678,0.207,326.73,2.18,42.92,258.5,85.61,172.46
28.8,4.691,0.208,327.43,2.18,43.02,258.4,85.6,172.47
28.86,4.711,0.21,327.9,2.18,43.08,258.2,85.59,172.48
28.92,4.73,0.211,328.6,2.19,43.18,258.4,85.59,172.5
28.96,4.743,0.212,329.07,2.19,43.24,258.0,85.58,172.51
29.02,4.763,0.214,329.77,2.19,43.34,259.0,85.57,172.52
29.06,4.776,0.215,330.24,2.19,43.41,258.6,85.56,172.53
29.1,4.789,0.216,330.71,2.19,43.47,258.2,85.55,172.54
29.16,4.809,0.217,331.42,2.19,43.57,258.9,85.54,172.55
29.22,4.829,0.219,332.12,2.19,43.66,259.3,85.53,172.56
29.26,4.842,0.22,332.59,2.19,43.73,258.4,85.52,172.57
29.32,4.862,0.221,333.3,2.19,43.82,258.4,85.51,172.58
29.36,4.876,0.222,333.77,2.2,43.89,259.2,85.5,172.59
29.4,4.889,0.223,334.25,2.2,43.98,258.9,85.49,172.6
29.46,4.909,0.225,334.96,2.2,44.04,259.0,85.48,172.61
29.52,4.929,0.226,335.66,2.2,44.14,259.0,85.47,172.62
29.56,4.942,0.228,336.14,2.2,44.2,259.8,85.47,172.62
29.62,4.962,0.229,336.85,2.2,44.3,260.1,85.46,172.63
29.66,4.976,0.231,337.56,2.2,44.39,259.1,85.45,172.63
29.72,4.996,0.232,338.04,2.2,44.45,259.8,85.44,172.63
29.76,5.01,0.233,338.52,2.2,44.52,259.5,85.44,172.63
29.82,5.03,0.234,339.23,2.21,44.61,260.2,85.43,172.63
29.86,5.043,0.235,339.71,2.21,44.67,259.5,85.42,172.64
29.92,5.064,0.237,340.42,2.21,44.77,260.3,85.41,172.64
29.98,5.084,0.239,341.14,2.21,44.86,260.0,85.41,172.64
30.02,5.105,0.24,341.86,2.21,44.95,260.4,85.4,172.65
30.08,5.118,0.241,342.34,2.21,45.02,259.5,85.4,172.66
30.12,5.132,0.242,342.82,2.21,45.08,260.5,85.39,172.66
30.18,5.152,0.244,343.54,2.21,45.17,259.8,85.38,172.68
30.22,5.166,0.245,344.02,2.22,45.26,259.8,85.37,172.68
30.28,5.187,0.247,344.73,2.22,45.33,260.0,85.37,172.7
30.34,5.207,0.249,345.46,2.22,45.42,259.8,85.35,172.72
30.38,5.228,0.25,346.18,2.22,45.51,260.9,85.35,172.73
30.44,5.242,0.251,346.66,2.22,45.57,260.2,85.34,172.75
30.48,5.256,0.252,347.14,2.22,45.63,260.8,85.33,172.76
30.54,5.277,0.254,347.87,2.22,45.72,260.7,85.32,172.77
30.58,5.29,0.255,348.35,2.22,45.78,260.1,85.31,172.78
30.64,5.311,0.257,349.07,2.22,45.87,259.9,85.3,172.8
30.68,5.332,0.259,349.79,2.22,45.96,260.6,85.29,172.81
30.74,5.346,0.26,350.28,2.22,46.02,261.1,85.29,172.82
30.8,5.367,0.261,351.0,2.23,46.11,260.4,85.28,172.83
30.84,5.381,0.263,351.48,2.23,46.17,260.5,85.27,172.84
30.88,5.395,0.264,351.97,2.23,46.23,261.2,85.27,172.84
30.94,5.416,0.265,352.7,2.23,46.32,261.0,85.25,172.85
31.0,5.437,0.267,353.43,2.23,46.41,261.2,85.25,172.85
31.04,5.451,0.269,354.16,2.23,46.5,261.5,85.23,172.86
31.1,5.473,0.27,354.89,2.23,46.59,260.4,85.23,172.86
31.16,5.494,0.272,355.37,2.23,46.65,261.3,85.22,172.86
31.2,5.508,0.273,355.86,2.23,46.71,261.5,85.21,172.86
31.26,5.529,0.275,356.59,2.23,46.79,261.0,85.2,172.87
31.3,5.544,0.276,357.08,2.24,46.85,261.0,85.2,172.87
31.36,5.565,0.278,357.81,2.24,46.94,261.6,85.19,172.88
31.42,5.586,0.279,358.54,2.24,47.03,261.4,85.18,172.88
31.46,5.601,0.281,359.03,2.24,47.08,261.2,85.17,172.89
31.5,5.615,0.282,359.52,2.24,47.14,260.6,85.17,172.9
31.56,5.637,0.284,360.25,2.24,47.23,260.9,85.16,172.91
31.6,5.651,0.285,360.74,2.24,47.28,261.1,85.15,172.92
31.66,5.673,0.287,361.48,2.24,47.37,261.4,85.14,172.93
31.72,5.694,0.288,362.22,2.24,47.45,261.1,85.14,172.94
31.76,5.709,0.29,362.71,2.24,47.51,261.9,85.13,172.95
31.8,5.723,0.291,363.2,2.24,47.57,261.4,85.12,172.96
31.86,5.745,0.293,363.94,2.25,47.65,261.5,85.11,172.98
31.9,5.759,0.295,364.68,2.25,47.74,261.3,85.1,172.99
31.96,5.781,0.296,365.17,2.25,47.79,261.7,85.1,173.0
32.02,5.803,0.298,365.91,2.25,47.88,261.3,85.08,173.01
32.06,5.818,0.299,366.41,2.25,47.93,262.0,85.08,173.02
32.1,5.832,0.3,366.9,2.25,47.99,261.9,85.07,173.03
32.16,5.854,0.302,367.64,2.25,48.07,262.6,85.06,173.03
32.22,5.876,0.304,368.39,2.25,48.15,262.0,85.05,173.04
32.28,5.898,0.306,369.13,2.26,48.24,262.6,85.04,173.05
32.32,5.913,0.307,369.63,2.26,48.29,262.2,85.03,173.05
32.36,5.928,0.308,370.13,2.26,48.35,262.5,85.03,173.06
32.42,5.95,0.31,370.88,2.26,48.43,262.8,85.02,173.06
32.46,5.965,0.312,371.38,2.26,48.48,262.6,85.01,173.07
32.52,5.987,0.313,372.12,2.26,48.56,261.9,85.0,173.07
32.58,6.009,0.315,372.87,2.27,48.65,262.8,84.99,173.08
32.62,6.024,0.317,373.38,2.27,48.7,262.9,84.99,173.08
32.66,6.046,0.318,374.13,2.27,48.78,262.5,84.98,173.09
32.72,6.061,0.32,374.63,2.27,48.83,262.7,84.98,173.1
32.78,6.084,0.322,375.38,2.27,48.91,262.2,84.96,173.11
32.82,6.099,0.323,375.88,2.27,48.97,262.4,84.96,173.11
32.88,6.121,0.325,376.63,2.27,49.05,262.8,84.95,173.13
32.94,6.144,0.327,377.38,2.27,49.13,263.2,84.94,173.14
32.98,6.159,0.328,377.88,2.27,49.18,263.2,84.93,173.15
33.04,6.181,0.33,378.64,2.27,49.26,263.3,84.92,173.17
33.08,6.197,0.332,379.14,2.27,49.31,262.7,84.91,173.18
33.14,6.219,0.334,379.89,2.27,49.38,263.1,84.9,173.2
33.18,6.242,0.336,380.64,2.27,49.46,262.7,84.89,173.21
33.24,6.257,0.337,381.15,2.27,49.51,263.2,84.89,173.22
33.28,6.272,0.338,381.65,2.28,49.56,263.8,84.88,173.23
33.34,6.295,0.341,382.41,2.28,49.66,263.3,84.86,173.24
33.4,6.318,0.342,383.16,2.28,49.71,262.8,84.85,173.25
33.44,6.333,0.344,383.67,2.28,49.76,263.3,84.85,173.25
33.48,6.349,0.345,384.17,2.28,49.81,262.8,84.85,173.26
33.54,6.372,0.347,384.92,2.28,49.89,263.5,84.84,173.27
33.6,6.395,0.349,385.68,2.28,49.96,263.9,84.82,173.27
33.64,6.41,0.351,386.19,2.28,50.01,262.9,84.82,173.27
33.7,6.433,0.353,386.94,2.28,50.08,263.9,84.81,173.28
33.74,6.449,0.354,387.45,2.28,50.13,264.0,84.8,173.28
33.8,6.472,0.356,388.21,2.28,50.2,263.3,84.79,173.29
33.86,6.495,0.358,388.96,2.28,50.28,263.3,84.79,173.3
33.9,6.511,0.36,389.47,2.28,50.32,263.9,84.78,173.3
33.94,6.526,0.361,389.98,2.28,50.37,263.9,84.77,173.31
34.0,6.549,0.363,390.74,2.28,50.44,263.3,84.76,173.31
34.04,6.565,0.365,391.24,2.28,50.49,264.5,84.76,173.32
34.1,6.588,0.367,392.01,2.28,50.56,263.6,84.75,173.33
34.16,6.612,0.369,392.77,2.29,50.63,263.9,84.74,173.34
34.2,6.628,0.37,393.27,2.29,50.67,264.0,84.73,173.35
34.26,6.651,0.372,394.04,2.29,50.74,264.9,84.72,173.36
34.3,6.667,0.374,394.55,2.29,50.79,263.8,84.71,173.37
34.36,6.69,0.376,395.31,2.29,50.85,264.1,84.71,173.38
34.4,6.706,0.378,395.82,2.29,50.9,264.1,84.7,173.39
34.46,6.73,0.38,396.59,2.29,50.97,264.3,84.69,173.4
34.5,6.746,0.381,397.1,2.29,51.01,264.5,84.68,173.41
34.54,6.761,0.383,397.61,2.29,51.06,265.0,84.67,173.42
34.6,6.785,0.385,398.38,2.3,51.12,264.2,84.66,173.43
34.66,6.809,0.387,399.14,2.3,51.19,265.1,84.65,173.44
34.72,6.833,0.389,399.91,2.3,51.25,265.2,84.64,173.44
34.76,6.849,0.391,400.42,2.3,51.3,265.0,84.64,173.45
34.82,6.873,0.393,401.2,2.3,51.36,265.0,84.63,173.45
34.88,6.897,0.395,401.96,2.3,51.42,264.6,84.62,173.46
34.92,6.913,0.397,402.48,2.3,51.47,265.2,84.61,173.46
34.96,6.929,0.398,402.99,2.3,51.51,264.9,84.61,173.47
35.02,6.953,0.4,403.76,2.3,51.57,264.9,84.6,173.47
35.06,6.969,0.402,404.28,2.3,51.61,264.7,84.59,173.48
35.12,6.993,0.404,405.05,2.3,51.67,264.5,84.58,173.49
35.16,7.009,0.406,405.56,2.3,51.72,265.4,84.58,173.49
35.22,7.034,0.408,406.33,2.3,51.78,265.8,84.57,173.5
35.28,7.058,0.41,407.11,2.3,51.84,264.9,84.56,173.52
35.32,7.074,0.413,407.62,2.3,51.88,264.7,84.55,173.52
35.38,7.099,0.414,408.39,2.31,51.93,265.9,84.54,173.54
35.44,7.123,0.416,409.17,2.31,51.99,265.2,84.53,173.55
35.5,7.147,0.419,409.94,2.31,52.05,265.0,84.52,173.56
35.54,7.164,0.42,410.46,2.31,52.09,265.4,84.51,173.56
35.58,7.18,0.423,411.24,2.31,52.14,265.8,84.5,173.57
35.64,7.205,0.424,411.75,2.31,52.18,265.1,84.5,173.58
35.7,7.229,0.427,412.53,2.31,52.23,265.8,84.49,173.59
35.74,7.246,0.428,413.05,2.31,52.29,266.0,84.48,173.59
35.8,7.271,0.43,413.83,2.31,52.32,266.0,84.47,173.6
35.86,7.295,0.433,414.61,2.31,52.38,265.4,84.46,173.61
35.92,7.32,0.435,415.39,2.32,52.43,266.2,84.45,173.62
35.96,7.337,0.438,415.91,2.32,52.46,266.2,84.45,173.62
36.0,7.361,0.439,416.69,2.32,52.53,266.4,84.44,173.63
36.06,7.378,0.44,417.21,2.32,52.54,265.6,84.43,173.63
36.12,7.403,0.442,417.99,2.32,52.59,266.1,84.42,173.64
36.18,7.428,0.445,418.78,2.32,52.64,265.7,84.42,173.64
36.22,7.445,0.446,419.3,2.32,52.67,266.1,84.41,173.65
36.26,7.461,0.448,419.82,2.32,52.71,266.3,84.4,173.66
36.32,7.487,0.45,420.61,2.32,52.75,265.9,84.39,173.66
36.36,7.503,0.452,421.13,2.32,52.78,266.0,84.39,173.67
36.42,7.528,0.455,421.92,2.33,52.83,265.8,84.38,173.68
36.48,7.554,0.457,422.7,2.33,52.87,266.1,84.37,173.69
36.52,7.571,0.459,423.23,2.33,52.9,266.3,84.36,173.7
36.58,7.596,0.461,424.02,2.33,52.94,266.7,84.35,173.71
36.62,7.613,0.463,424.55,2.33,52.97,266.3,84.34,173.71
36.68,7.638,0.465,425.34,2.33,53.01,266.2,84.33,173.72
36.72,7.655,0.467,425.87,2.33,53.04,266.6,84.33,173.73
36.78,7.681,0.469,426.66,2.34,53.08,267.2,84.32,173.74
36.84,7.706,0.472,427.46,2.34,53.12,267.4,84.31,173.75
36.88,7.723,0.474,427.99,2.34,53.15,267.3,84.3,173.75
36.92,7.74,0.475,428.52,2.34,53.18,267.1,84.3,173.76
36.98,7.766,0.478,429.32,2.34,53.21,266.5,84.29,173.76
37.02,7.783,0.48,429.85,2.35,53.24,266.7,84.28,173.77
37.08,7.809,0.482,430.65,2.35,53.28,267.2,84.27,173.78
37.14,7.834,0.485,431.46,2.35,53.31,267.4,84.26,173.78
37.18,7.851,0.486,431.99,2.35,53.34,267.7,84.26,173.79
37.24,7.877,0.489,432.8,2.35,53.37,266.8,84.25,173.8
37.28,7.895,0.491,433.33,2.35,53.4,267.3,84.24,173.8
37.34,7.92,0.493,434.14,2.36,53.43,267.6,84.23,173.81
37.38,7.938,0.495,434.68,2.36,53.45,267.6,84.22,173.82
37.44,7.964,0.498,435.49,2.36,53.48,267.3,84.21,173.83
37.48,7.981,0.499,436.03,2.36,53.51,267.7,84.21,173.83
37.54,8.007,0.502,436.84,2.37,53.54,267.4,84.2,173.84
37.58,8.025,0.504,437.38,2.37,53.56,267.4,84.19,173.85
37.64,8.051,0.506,438.19,2.37,53.59,267.6,84.18,173.86
37.68,8.068,0.508,438.74,2.37,53.61,268.3,84.17,173.86
37.74,8.094,0.511,439.55,2.37,53.64,267.9,84.16,173.87
37.78,8.112,0.512,440.1,2.37,53.66,267.9,84.16,173.88
37.84,8.138,0.515,440.92,2.38,53.69,267.6,84.15,173.89
37.88,8.156,0.517,441.46,2.38,53.7,268.3,84.14,173.89
37.94,8.182,0.52,442.28,2.38,53.73,268.5,84.13,173.9
37.98,8.2,0.521,442.83,2.38,53.75,267.9,84.13,173.9
38.04,8.226,0.524,443.65,2.38,53.77,268.0,84.12,173.91
38.1,8.253,0.527,444.48,2.39,53.8,268.6,84.11,173.92
38.14,8.27,0.53,445.03,2.39,53.81,267.9,84.1,173.93
38.2,8.297,0.532,445.85,2.39,53.84,268.0,84.09,173.93
38.24,8.315,0.534,446.4,2.39,53.85,268.4,84.08,173.94
38.28,8.333,0.536,446.96,2.39,53.86,268.5,84.08,173.95
38.34,8.359,0.539,447.79,2.39,53.89,268.7,84.07,173.95
38.4,8.386,0.541,448.62,2.4,53.91,269.0,84.06,173.96
38.46,8.413,0.544,449.45,2.4,53.92,269.0,84.05,173.97
38.5,8.431,0.546,450.01,2.4,53.94,269.2,84.04,173.98
38.56,8.458,0.549,450.85,2.41,53.96,268.8,84.03,173.98
38.62,8.485,0.552,451.68,2.41,53.97,269.2,84.02,173.99
38.66,8.503,0.553,452.24,2.41,53.99,268.5,84.02,174.0
38.72,8.53,0.556,453.08,2.41,54.0,269.4,84.01,174.01
38.76,8.548,0.558,453.64,2.41,54.01,269.4,84.0,174.01
38.82,8.575,0.561,454.49,2.42,54.03,269.4,83.99,174.02
38.86,8.593,0.563,455.05,2.42,54.04,268.4,83.98,174.03
38.92,8.62,0.566,455.9,2.42,54.05,268.9,83.97,174.04
38.96,8.638,0.568,456.46,2.42,54.06,268.5,83.97,174.04
39.02,8.665,0.571,457.3,2.43,54.07,268.6,83.96,174.05
39.08,8.693,0.573,458.15,2.43,54.08,269.2,83.95,174.06
39.12,8.711,0.575,458.72,2.43,54.09,269.7,83.94,174.06
39.16,8.729,0.577,459.29,2.43,54.09,269.3,83.93,174.07
39.22,8.757,0.58,460.14,2.43,54.1,268.7,83.93,174.07
39.26,8.775,0.582,460.71,2.43,54.11,269.6,83.92,174.08
39.32,8.803,0.585,461.56,2.44,54.12,269.1,83.91,174.09
39.36,8.821,0.587,462.13,2.44,54.12,269.1,83.91,174.09
39.42,8.849,0.59,462.99,2.44,54.13,269.4,83.89,174.1
39.48,8.876,0.593,463.85,2.44,54.13,269.5,83.88,174.11
39.52,8.895,0.595,464.42,2.45,54.14,269.3,83.88,174.11
39.56,8.913,0.597,464.99,2.45,54.14,269.7,83.88,174.12
39.62,8.941,0.6,465.86,2.45,54.14,269.7,83.86,174.13
39.68,8.969,0.602,466.72,2.45,54.15,269.9,83.85,174.13
39.72,8.987,0.604,467.3,2.45,54.15,269.5,83.85,174.14
39.78,9.015,0.607,468.17,2.46,54.15,269.2,83.84,174.15
39.82,9.043,0.61,469.04,2.46,54.15,270.0,83.83,174.15
39.88,9.062,0.612,469.62,2.46,54.15,270.0,83.82,174.16
39.92,9.081,0.614,470.2,2.47,54.15,270.0,83.81,174.17
39.98,9.109,0.617,471.07,2.47,54.15,269.9,83.8,174.17
40.02,9.127,0.619,471.65,2.47,54.15,269.5,83.8,174.18
40.08,9.156,0.623,472.53,2.47,54.15,269.7,83.79,174.19
40.14,9.184,0.626,473.41,2.48,54.14,269.6,83.78,174.2
40.18,9.203,0.628,473.99,2.48,54.14,269.8,83.77,174.2
40.24,9.231,0.631,474.87,2.48,54.14,269.8,83.77,174.21
40.28,9.25,0.633,475.46,2.48,54.13,269.7,83.76,174.21
40.34,9.278,0.636,476.63,2.48,54.13,270.9,83.75,174.22
40.4,9.307,0.639,477.23,2.49,54.12,270.3,83.74,174.23
40.44,9.326,0.641,477.82,2.49,54.12,270.4,83.74,174.23
40.48,9.345,0.643,478.41,2.49,54.11,271.0,83.73,174.24
40.54,9.373,0.646,479.3,2.49,54.1,270.5,83.72,174.25
40.58,9.392,0.648,479.89,2.5,54.1,270.8,83.71,174.25
40.64,9.421,0.651,480.79,2.5,54.08,270.8,83.7,174.26
40.7,9.45,0.654,481.68,2.5,54.08,270.7,83.69,174.27
40.74,9.469,0.657,482.28,2.51,54.07,270.6,83.68,174.27
40.8,9.498,0.66,483.18,2.51,54.06,270.2,83.67,174.28
40.84,9.517,0.662,483.78,2.51,54.05,270.6,83.67,174.29
40.9,9.546,0.665,484.68,2.51,54.04,270.9,83.66,174.3
40.94,9.565,0.667,485.28,2.52,54.03,270.7,83.65,174.3
41.0,9.594,0.67,486.18,2.52,54.01,270.6,83.64,174.31
41.04,9.613,0.672,486.78,2.52,54.0,271.5,83.64,174.32
41.08,9.633,0.675,487.39,2.52,53.99,271.0,83.63,174.32
41.14,9.662,0.678,488.3,2.53,53.98,271.7,83.62,174.33
41.2,9.691,0.681,489.21,2.53,53.96,270.8,83.61,174.33
41.24,9.711,0.683,489.82,2.53,53.95,270.9,83.6,174.34
41.3,9.74,0.686,490.73,2.53,53.93,270.7,83.6,174.35
41.34,9.759,0.69,491.34,2.54,53.92,271.6,83.59,174.35
41.4,9.789,0.692,492.25,2.54,53.9,270.7,83.58,174.36
41.44,9.808,0.694,492.87,2.54,53.89,271.2,83.58,174.36
41.5,9.838,0.697,493.79,2.54,53.86,271.6,83.57,174.37
41.54,9.857,0.7,494.4,2.55,53.85,271.6,83.56,174.37
41.6,9.887,0.703,495.32,2.55,53.83,270.9,83.55,174.38
41.64,9.907,0.705,495.94,2.55,53.81,271.7,83.54,174.38
41.7,9.936,0.708,496.87,2.56,53.79,272.2,83.53,174.39
41.74,9.956,0.711,497.48,2.56,53.77,271.5,83.53,174.4
41.8,9.986,0.714,498.41,2.56,53.75,271.3,83.52,174.4
41.84,10.005,0.716,499.03,2.56,53.73,271.7,83.51,174.41
41.9,10.035,0.719,499.97,2.57,53.71,272.1,83.5,174.42
41.94,10.055,0.722,500.59,2.57,53.69,272.4,83.5,174.42
42.0,10.085,0.725,501.52,2.57,53.66,271.6,83.49,174.43
42.06,10.115,0.729,502.46,2.58,53.63,272.2,83.48,174.44
42.1,10.135,0.731,503.09,2.58,53.62,272.1,83.47,174.44
42.16,10.165,0.734,504.03,2.58,53.59,272.4,83.46,174.45
42.2,10.185,0.736,504.66,2.58,53.57,272.0,83.45,174.46
42.24,10.205,0.739,505.29,2.59,53.55,272.8,83.45,174.46
42.3,10.235,0.742,506.23,2.59,53.51,272.1,83.44,174.47
42.36,10.265,0.746,507.18,2.59,53.48,271.7,83.43,174.48
42.4,10.286,0.748,507.81,2.6,53.46,272.4,83.42,174.48
42.46,10.316,0.751,508.76,2.6,53.43,272.3,83.41,174.49
42.52,10.346,0.755,509.72,2.6,53.4,272.9,83.41,174.5
42.56,10.367,0.757,510.36,2.6,53.37,272.7,83.4,174.5
42.6,10.387,0.76,511.0,2.61,53.35,272.7,83.39,174.5
42.66,10.417,0.763,511.96,2.61,53.32,272.5,83.39,174.51
42.7,10.438,0.765,512.6,2.61,53.29,272.7,83.38,174.52
42.76,10.468,0.769,513.56,2.62,53.26,272.4,83.37,174.52
42.82,10.499,0.772,514.52,2.62,53.22,272.4,83.36,174.53
42.86,10.519,0.775,515.16,2.62,53.19,272.2,83.35,174.53
42.9,10.54,0.777,515.81,2.62,53.17,272.4,83.35,174.54
42.96,10.571,0.781,516.77,2.63,53.13,272.6,83.34,174.55
43.0,10.591,0.783,517.42,2.63,53.1,272.8,83.33,174.55
43.06,10.622,0.787,518.39,2.63,53.06,272.8,83.32,174.56
43.12,10.653,0.79,519.37,2.63,53.02,272.4,83.32,174.57
43.16,10.674,0.793,520.02,2.64,53.0,272.9,83.31,174.57
43.2,10.694,0.795,520.67,2.64,52.97,272.9,83.3,174.58
43.26,10.725,0.799,521.65,2.64,52.93,272.7,83.29,174.58
43.3,10.746,0.801,522.3,2.65,52.9,272.9,83.28,174.59
43.36,10.777,0.805,523.28,2.65,52.85,272.5,83.27,174.59
43.42,10.809,0.808,524.27,2.65,52.81,273.0,83.27,174.6
43.46,10.829,0.812,524.92,2.66,52.76,273.5,83.26,174.61
43.52,10.861,0.814,525.91,2.66,52.73,272.9,83.25,174.61
43.56,10.882,0.817,526.57,2.66,52.7,273.5,83.24,174.62
43.62,10.913,0.821,527.57,2.67,52.66,273.5,83.23,174.62
43.66,10.934,0.823,528.23,2.67,52.63,272.9,83.23,174.63
43.72,10.966,0.827,529.22,2.67,52.58,273.2,83.22,174.63
43.76,10.987,0.829,529.89,2.67,52.55,272.9,83.22,174.64
43.82,11.018,0.833,530.88,2.68,52.5,273.7,83.2,174.65
43.86,11.039,0.837,531.55,2.68,52.47,274.0,83.2,174.65
43.92,11.071,0.839,532.55,2.68,52.42,272.9,83.19,174.66
43.96,11.092,0.842,533.22,2.69,52.38,273.3,83.18,174.66
44.0,11.113,0.844,534.23,2.69,52.33,273.3,83.18,174.67
44.06,11.145,0.848,534.9,2.69,52.3,273.2,83.17,174.67
44.1,11.167,0.85,535.57,2.69,52.26,273.8,83.16,174.68
44.16,11.199,0.854,536.58,2.7,52.21,273.2,83.15,174.68
44.22,11.231,0.858,537.59,2.7,52.16,272.9,83.14,174.69
44.26,11.252,0.861,538.27,2.7,52.12,274.2,83.14,174.7
44.32,11.284,0.864,539.29,2.71,52.07,273.9,83.13,174.7
44.38,11.316,0.868,540.31,2.71,52.01,273.8,83.12,174.71
44.42,11.338,0.871,540.99,2.72,51.98,273.6,83.11,174.71
44.46,11.359,0.873,541.68,2.72,51.94,274.2,83.11,174.72
44.52,11.391,0.877,542.7,2.72,51.88,274.2,83.1,174.72
44.56,11.424,0.881,543.73,2.73,51.83,274.0,83.09,174.73
44.62,11.445,0.884,544.42,2.73,51.79,273.5,83.08,174.73
44.68,11.478,0.888,545.45,2.73,51.71,273.7,83.07,174.74
44.74,11.51,0.892,546.48,2.74,51.67,273.6,83.07,174.75
44.78,11.532,0.894,547.18,2.74,51.63,274.6,83.06,174.75
44.82,11.554,0.897,547.87,2.74,51.6,273.7,83.05,174.76
44.88,11.587,0.901,548.91,2.75,51.54,274.6,83.04,174.76
44.94,11.619,0.905,549.95,2.75,51.48,274.5,83.04,174.77
44.98,11.641,0.907,550.65,2.75,51.44,274.4,83.03,174.77
45.04,11.674,0.911,551.7,2.76,51.38,274.3,83.02,174.78
45.08,11.696,0.914,552.39,2.76,51.34,274.1,83.01,174.78
45.14,11.729,0.918,553.45,2.77,51.27,275.1,83.01,174.79
45.18,11.751,0.921,554.15,2.77,51.23,274.6,83.0,174.79
45.22,11.773,0.923,554.85,2.77,51.19,274.4,82.99,174.8
45.28,11.806,0.927,555.91,2.77,51.13,274.8,82.99,174.8
45.34,11.839,0.931,556.97,2.78,51.06,274.5,82.98,174.81
45.38,11.861,0.934,557.67,2.78,51.02,274.2,82.97,174.82
45.44,11.895,0.938,558.74,2.78,50.96,274.6,82.96,174.82
45.48,11.917,0.941,559.45,2.79,50.91,274.7,82.95,174.83
45.54,11.95,0.945,560.52,2.79,50.85,275.2,82.95,174.83
45.58,11.972,0.948,561.23,2.8,50.81,275.1,82.94,174.84
45.64,12.006,0.952,562.3,2.8,50.74,274.8,82.93,174.84
45.68,12.028,0.955,563.02,2.8,50.7,274.8,82.92,174.85
45.74,12.062,0.959,564.1,2.81,50.63,275.4,82.92,174.85
45.8,12.095,0.963,565.18,2.81,50.56,274.7,82.91,174.86
45.84,12.118,0.966,565.9,2.82,50.52,275.3,82.9,174.86
45.88,12.14,0.968,566.62,2.82,50.47,275.0,82.9,174.86
45.94,12.174,0.973,567.7,2.82,50.4,275.0,82.89,174.87
45.98,12.197,0.975,568.43,2.82,50.36,275.9,82.88,174.88
46.04,12.231,0.98,569.52,2.83,50.29,275.6,82.87,174.88
46.1,12.265,0.984,570.61,2.83,50.22,275.4,82.86,174.89
46.14,12.287,0.987,571.34,2.84,50.17,276.1,82.86,174.89
46.2,12.321,0.991,572.43,2.84,50.1,275.4,82.85,174.9
46.24,12.344,0.994,573.17,2.84,50.05,275.5,82.84,174.9
46.28,12.367,0.996,573.9,2.84,50.01,275.6,82.84,174.91
46.34,12.401,1.001,575.0,2.85,49.94,276.2,82.83,174.91
46.4,12.435,1.005,576.1,2.86,49.86,275.2,82.82,174.92
46.44,12.458,1.008,576.84,2.86,49.82,275.4,82.81,174.92
46.5,12.493,1.012,577.95,2.86,49.74,275.3,82.81,174.93
46.54,12.516,1.015,578.69,2.86,49.69,275.2,82.8,174.93
46.6,12.55,1.019,579.8,2.87,49.62,275.2,82.79,174.94
46.64,12.573,1.022,580.54,2.87,49.57,275.4,82.79,174.95
46.7,12.608,1.027,581.65,2.87,49.5,275.3,82.77,174.95
46.74,12.631,1.029,582.4,2.87,49.45,276.5,82.77,174.96
46.78,12.654,1.032,583.15,2.88,49.4,276.5,82.76,174.96
46.84,12.689,1.037,584.27,2.88,49.32,275.8,82.75,174.96
46.9,12.723,1.041,585.39,2.89,49.25,275.7,82.75,174.97
46.94,12.747,1.044,586.14,2.89,49.19,275.9,82.74,174.97
47.0,12.782,1.049,587.27,2.9,49.12,276.2,82.73,174.98
47.06,12.817,1.053,588.4,2.9,49.04,275.6,82.73,174.98
47.1,12.84,1.056,589.16,2.9,48.99,275.8,82.72,174.99
47.14,12.863,1.059,589.91,2.91,48.93,276.0,82.71,174.99
47.2,12.899,1.063,591.05,2.91,48.86,275.8,82.7,175.0
47.24,12.922,1.066,591.81,2.91,48.8,276.5,82.7,175.0
47.3,12.957,1.071,592.95,2.92,48.72,276.6,82.69,175.01
47.36,12.993,1.075,594.1,2.92,48.64,275.7,82.68,175.01
47.4,13.016,1.078,594.86,2.92,48.59,276.7,82.67,175.02
47.44,13.04,1.081,595.63,2.93,48.53,276.2,82.67,175.02
47.5,13.075,1.086,596.78,2.93,48.45,275.8,82.66,175.03
47.56,13.111,1.09,597.92,2.93,48.37,275.7,82.65,175.03
47.6,13.135,1.093,598.7,2.94,48.32,276.4,82.64,175.04
47.66,13.17,1.098,599.85,2.94,48.23,276.1,82.64,175.04
47.7,13.194,1.101,600.63,2.94,48.18,276.4,82.63,175.05
47.76,13.23,1.106,601.79,2.95,48.09,276.9,82.62,175.05
47.8,13.254,1.109,602.56,2.95,48.04,276.3,82.62,175.06
47.86,13.29,1.113,603.73,2.96,47.95,276.5,82.61,175.07
47.92,13.326,1.118,604.9,2.96,47.87,276.4,82.6,175.07
47.96,13.35,1.121,605.68,2.97,47.81,276.3,82.59,175.08
48.0,13.374,1.124,606.46,2.97,47.76,276.7,82.58,175.08
48.06,13.41,1.129,607.64,2.97,47.67,276.2,82.58,175.09
48.1,13.446,1.133,608.82,2.98,47.58,276.9,82.57,175.1
48.16,13.47,1.137,609.6,2.98,47.53,276.0,82.56,175.1
48.2,13.495,1.14,610.39,2.98,47.47,276.3,82.55,175.1
48.26,13.531,1.144,611.57,2.99,47.38,276.9,82.55,175.11
48.3,13.555,1.147,612.37,2.99,47.32,277.3,82.54,175.11
48.36,13.592,1.152,613.56,3.0,47.23,277.0,82.53,175.12
48.42,13.628,1.157,614.75,3.0,47.15,277.4,82.53,175.12
48.46,13.653,1.16,615.54,3.01,47.06,277.3,82.52,175.12
48.52,13.689,1.165,616.74,3.01,47.0,276.5,82.52,175.12
48.56,13.714,1.168,617.55,3.01,46.94,277.5,82.51,175.13
48.62,13.751,1.173,618.75,3.02,46.85,276.7,82.5,175.13
48.66,13.775,1.176,619.55,3.02,46.79,277.6,82.5,175.14
48.72,13.812,1.181,620.76,3.03,46.7,276.8,82.49,175.14
48.76,13.837,1.184,621.56,3.03,46.64,276.7,82.48,175.15
48.82,13.874,1.189,622.77,3.04,46.55,277.2,82.47,175.15
48.86,13.898,1.192,623.59,3.04,46.49,277.8,82.46,175.16
48.92,13.936,1.197,624.81,3.04,46.39,277.7,82.46,175.17
48.96,13.96,1.2,625.62,3.05,46.33,276.8,82.45,175.17
49.02,13.998,1.205,626.85,3.05,46.24,277.8,82.44,175.18
49.08,14.035,1.21,628.07,3.06,46.15,277.0,82.43,175.18
49.12,14.06,1.213,628.89,3.06,46.09,277.7,82.43,175.19
49.18,14.097,1.218,630.11,3.06,45.99,277.6,82.42,175.19
49.22,14.122,1.222,630.94,3.07,45.93,277.4,82.41,175.19
49.28,14.16,1.227,632.18,3.07,45.84,278.1,82.4,175.2
49.32,14.185,1.23,633.0,3.08,45.78,277.1,82.4,175.2
49.38,14.223,1.235,634.24,3.08,45.68,278.2,82.39,175.2
49.42,14.248,1.238,635.07,3.08,45.62,277.3,82.39,175.21
49.48,14.286,1.243,636.32,3.09,45.53,278.2,82.38,175.21
49.52,14.311,1.247,637.15,3.1,45.46,277.0,82.37,175.21
49.58,14.349,1.252,638.4,3.1,45.37,277.6,82.37,175.22
49.62,14.374,1.255,639.23,3.1,45.3,277.3,82.36,175.22
49.68,14.412,1.26,640.49,3.11,45.21,278.2,82.35,175.23
49.72,14.438,1.263,641.33,3.11,45.14,278.0,82.35,175.23
49.78,14.476,1.269,642.59,3.11,45.05,277.3,82.34,175.24
49.82,14.502,1.272,643.43,3.12,44.98,277.9,82.33,175.24
49.88,14.54,1.277,644.7,3.12,44.89,278.1,82.32,175.25
49.94,14.578,1.282,645.97,3.13,44.79,278.1,82.31,175.26
49.98,14.604,1.286,646.81,3.13,44.73,278.4,82.31,175.26
50.02,14.63,1.289,647.66,3.14,44.66,277.4,82.3,175.26
50.08,14.668,1.294,648.93,3.14,44.56,277.7,82.29,175.27
50.14,14.707,1.299,650.21,3.15,44.47,277.4,82.29,175.27
50.18,14.733,1.303,651.06,3.15,44.4,277.4,82.28,175.28
50.24,14.771,1.308,652.35,3.15,44.3,277.9,82.27,175.28
50.28,14.797,1.312,653.21,3.16,44.24,277.8,82.27,175.29
50.32,14.823,1.315,654.06,3.16,44.17,278.2,82.26,175.29
50.38,14.862,1.32,655.36,3.16,44.07,278.7,82.25,175.29
50.44,14.901,1.326,656.65,3.17,43.97,277.8,82.24,175.3
50.48,14.927,1.329,657.52,3.18,43.91,278.7,82.24,175.3
50.54,14.966,1.334,658.82,3.18,43.81,278.2,82.23,175.31
50.58,14.992,1.34,659.69,3.19,43.74,278.4,82.23,175.31
50.64,15.032,1.343,660.99,3.19,43.64,278.1,82.22,175.31
50.68,15.058,1.347,661.86,3.19,43.58,277.7,82.21,175.32
50.74,15.097,1.352,663.17,3.2,43.48,278.7,82.21,175.32
50.78,15.124,1.356,664.05,3.21,43.41,279.0,82.2,175.33
50.84,15.163,1.361,665.37,3.21,43.31,278.0,82.19,175.33
50.88,15.19,1.365,666.25,3.21,43.24,278.9,82.19,175.33
50.94,15.229,1.37,667.57,3.22,43.14,278.7,82.18,175.34
50.98,15.256,1.374,668.46,3.22,43.07,278.0,82.17,175.34
51.04,15.295,1.379,669.78,3.23,42.97,278.8,82.16,175.35
51.08,15.322,1.383,670.67,3.23,42.9,278.8,82.16,175.35
51.14,15.362,1.388,672.0,3.24,42.8,278.0,82.15,175.36
51.18,15.389,1.392,672.89,3.24,42.73,278.8,82.14,175.36
51.24,15.429,1.397,674.23,3.25,42.63,278.7,82.14,175.37
51.28,15.455,1.401,675.13,3.25,42.56,278.4,82.13,175.37
51.34,15.496,1.406,676.47,3.26,42.45,278.5,82.12,175.38
51.4,15.536,1.412,677.82,3.26,42.35,278.6,82.11,175.39
51.44,15.563,1.416,678.72,3.27,42.28,278.7,82.11,175.39
51.5,15.603,1.421,680.08,3.27,42.17,279.2,82.1,175.39
51.54,15.63,1.425,680.99,3.28,42.1,279.6,82.09,175.4
51.58,15.657,1.429,681.89,3.28,42.03,279.5,82.09,175.4
51.64,15.698,1.434,683.26,3.29,41.93,279.8,82.08,175.4
51.7,15.738,1.44,684.63,3.29,41.82,278.9,82.08,175.41
51.74,15.766,1.443,685.55,3.3,41.75,279.2,82.07,175.41
51.8,15.806,1.449,686.92,3.31,41.64,278.8,82.06,175.41
51.84,15.834,1.453,687.84,3.31,41.57,278.8,82.05,175.42
51.88,15.861,1.457,688.76,3.32,41.5,279.6,82.05,175.42
51.94,15.902,1.462,690.14,3.32,41.36,279.0,82.04,175.42
52.0,15.943,1.468,691.53,3.33,41.29,279.7,82.03,175.43
52.04,15.97,1.472,692.92,3.33,41.18,279.7,82.03,175.43
52.1,16.012,1.477,693.85,3.34,41.11,279.2,82.02,175.44
52.14,16.039,1.481,694.78,3.34,41.03,279.1,82.01,175.44
52.2,16.08,1.487,696.18,3.35,40.93,279.2,82.01,175.45
52.24,16.108,1.491,697.11,3.35,40.85,279.1,82.0,175.45
52.3,16.15,1.497,698.52,3.36,40.75,279.4,81.99,175.46
52.36,16.191,1.502,699.93,3.37,40.64,279.9,81.98,175.47
52.4,16.219,1.506,700.87,3.37,40.56,279.8,81.98,175.47
52.46,16.261,1.512,702.29,3.37,40.46,279.7,81.97,175.48
52.52,16.302,1.518,703.7,3.38,40.35,279.0,81.96,175.48
52.56,16.33,1.522,704.65,3.38,40.27,279.5,81.95,175.49
52.6,16.358,1.526,705.6,3.39,40.2,279.7,81.95,175.49
52.66,16.4,1.532,707.03,3.4,40.09,279.4,81.94,175.5
52.72,16.442,1.538,708.46,3.4,39.98,279.7,81.93,175.5
52.78,16.484,1.543,709.89,3.41,39.87,279.1,81.93,175.5
52.82,16.513,1.547,710.85,3.41,39.8,279.5,81.92,175.5
52.88,16.555,1.553,712.29,3.42,39.69,279.4,81.91,175.51
52.92,16.583,1.557,713.25,3.42,39.58,280.2,81.91,175.51
52.98,16.625,1.563,714.7,3.43,39.51,279.9,81.9,175.51
53.04,16.668,1.569,716.16,3.44,39.4,279.8,81.89,175.52
53.08,16.696,1.573,717.12,3.44,39.32,279.3,81.89,175.52
53.12,16.725,1.577,718.09,3.44,39.25,279.9,81.88,175.53
53.18,16.768,1.583,719.55,3.45,39.14,279.9,81.87,175.53
53.24,16.81,1.589,721.01,3.46,39.03,279.3,81.87,175.54
53.28,16.839,1.593,721.99,3.46,38.95,279.9,81.86,175.54
53.34,16.882,1.6,723.46,3.47,38.84,279.5,81.85,175.54
53.38,16.911,1.604,724.45,3.47,38.77,280.6,81.85,175.55
53.42,16.939,1.608,725.43,3.47,38.69,279.6,81.84,175.55
53.48,16.982,1.614,726.91,3.48,38.58,279.5,81.83,175.55
53.54,17.026,1.62,728.39,3.49,38.47,280.0,81.83,175.56
53.58,17.055,1.624,729.38,3.49,38.4,280.1,81.82,175.56
53.64,17.098,1.63,730.87,3.5,38.29,280.1,81.81,175.56
53.68,17.127,1.634,731.87,3.5,38.21,280.6,81.81,175.56
53.74,17.17,1.641,733.36,3.51,38.1,279.5,81.8,175.57
53.78,17.2,1.645,734.36,3.51,38.02,280.1,81.79,175.57
53.84,17.243,1.651,735.87,3.52,37.91,280.1,81.79,175.57
53.88,17.272,1.655,736.87,3.53,37.84,280.1,81.78,175.57
53.94,17.316,1.661,738.38,3.53,37.73,280.3,81.77,175.58
53.98,17.345,1.665,739.39,3.54,37.65,280.3,81.77,175.58
54.04,17.389,1.672,740.91,3.55,37.5,280.6,81.76,175.58
54.1,17.433,1.678,742.43,3.55,37.43,280.8,81.75,175.59
54.14,17.463,1.682,743.45,3.56,37.35,280.1,81.74,175.59
54.18,17.492,1.687,744.46,3.56,37.28,280.0,81.74,175.6
54.24,17.537,1.693,745.99,3.57,37.16,280.5,81.73,175.6
54.28,17.566,1.697,747.02,3.57,37.09,280.6,81.73,175.61
54.34,17.611,1.704,748.55,3.58,36.98,279.9,81.72,175.62
54.4,17.655,1.71,750.1,3.59,36.86,280.9,81.71,175.63
54.44,17.685,1.714,751.13,3.59,36.79,280.5,81.7,175.63
54.48,17.715,1.719,752.16,3.6,36.71,280.7,81.7,175.64
54.54,17.759,1.725,753.71,3.6,36.6,279.9,81.69,175.65
54.6,17.804,1.731,755.26,3.61,36.49,280.9,81.68,175.66
54.66,17.849,1.736,756.82,3.61,36.37,281.0,81.68,175.66
54.7,17.879,1.74,757.86,3.62,36.3,281.0,81.67,175.67
54.74,17.909,1.744,758.91,3.62,36.22,281.0,81.67,175.67
54.8,17.954,1.751,760.47,3.63,36.11,280.0,81.66,175.68
54.84,17.984,1.755,761.52,3.63,36.03,280.4,81.65,175.69
54.9,18.03,1.762,763.1,3.64,35.92,280.7,81.65,175.69
54.94,18.06,1.766,764.15,3.65,35.85,280.8,81.64,175.7
55.0,18.105,1.773,765.73,3.65,35.73,280.8,81.63,175.7
55.02,18.136,1.777,766.79,3.66,35.66,280.9,81.63,175.71
55.1,18.181,1.784,768.38,3.66,35.54,280.9,81.62,175.71
55.14,18.212,1.788,769.44,3.67,35.47,281.0,81.62,175.71
55.2,18.257,1.795,771.04,3.68,35.35,280.1,81.61,175.71
55.24,18.288,1.799,772.1,3.68,35.28,280.4,81.6,175.71
55.3,18.334,1.806,773.7,3.69,35.17,280.8,81.6,175.71
55.36,18.38,1.813,775.31,3.7,35.05,281.1,81.59,175.71
55.4,18.411,1.817,776.39,3.7,34.98,281.5,81.58,175.71
55.46,18.457,1.824,778.01,3.71,34.86,281.2,81.58,175.72
55.52,18.503,1.831,779.62,3.72,34.75,280.6,81.57,175.72
55.56,18.534,1.835,780.7,3.72,34.67,280.7,81.56,175.72
55.62,18.58,1.842,782.33,3.73,34.56,280.9,81.55,175.72
55.66,18.611,1.847,783.42,3.73,34.48,280.9,81.55,175.72
55.72,18.658,1.854,785.05,3.74,34.37,280.9,81.54,175.73
55.76,18.689,1.858,786.14,3.74,34.3,281.2,81.54,175.73
55.82,18.736,1.865,787.78,3.75,34.18,281.2,81.53,175.74
55.86,18.767,1.87,788.88,3.75,34.11,281.2,81.52,175.74
55.92,18.814,1.876,790.53,3.76,33.99,281.0,81.51,175.75
55.96,18.845,1.881,791.63,3.77,33.92,281.2,81.51,175.75
56.02,18.892,1.888,793.29,3.78,33.8,281.0,81.5,175.76
56.06,18.924,1.893,794.39,3.78,33.73,281.8,81.5,175.76
56.12,18.971,1.9,796.06,3.79,33.62,281.4,81.49,175.77
56.16,19.002,1.904,797.17,3.8,33.54,280.9,81.48,175.78
56.22,19.05,1.911,798.85,3.81,33.43,281.2,81.48,175.78
56.26,19.081,1.916,799.96,3.81,33.35,280.9,81.47,175.79
56.32,19.129,1.923,801.64,3.82,33.24,281.9,81.46,175.8
56.36,19.161,1.928,802.76,3.82,33.16,281.1,81.46,175.8
56.42,19.208,1.935,804.45,3.83,33.05,281.8,81.45,175.81
56.46,19.24,1.939,805.57,3.83,32.98,280.9,81.45,175.81
56.52,19.288,1.947,807.27,3.84,32.86,281.3,81.44,175.82
56.56,19.32,1.951,808.4,3.85,32.79,281.9,81.43,175.82
56.62,19.368,1.958,810.1,3.85,32.67,281.2,81.43,175.83
56.66,19.4,1.963,811.24,3.86,32.6,281.0,81.42,175.83
56.72,19.448,1.97,812.95,3.87,32.49,281.5,81.42,175.83
56.76,19.481,1.975,814.09,3.87,32.41,280.9,81.41,175.83
56.82,19.529,1.982,815.8,3.88,32.3,282.0,81.4,175.84
56.86,19.561,1.987,816.94,3.88,32.22,280.8,81.4,175.84
56.92,19.61,1.994,818.67,3.89,32.11,281.6,81.39,175.84
56.96,19.642,1.999,819.82,3.89,32.04,281.2,81.39,175.84
57.02,19.691,2.007,821.55,3.9,31.92,281.6,81.38,175.84
57.08,19.74,2.014,823.29,3.91,31.81,281.3,81.37,175.85
57.12,19.772,2.019,824.45,3.92,31.74,281.4,81.37,175.85
57.16,19.805,2.026,825.61,3.92,31.66,281.6,81.36,175.85
57.22,19.854,2.033,827.35,3.93,31.55,281.6,81.35,175.85
57.28,19.903,2.041,829.11,3.94,31.44,281.9,81.34,175.85
57.32,19.936,2.046,830.28,3.94,31.36,281.5,81.34,175.86
57.38,19.985,2.053,832.03,3.95,31.25,281.7,81.33,175.86
57.42,20.018,2.058,833.21,3.95,31.17,281.6,81.32,175.87
57.46,20.051,2.063,834.38,3.96,31.1,281.2,81.32,175.87
57.52,20.101,2.071,836.15,3.97,30.99,281.3,81.31,175.87
57.58,20.151,2.078,837.93,3.97,30.88,281.4,81.3,175.88
57.64,20.2,2.086,839.7,3.98,30.76,281.2,81.29,175.88
57.68,20.234,2.091,840.89,3.99,30.69,281.4,81.29,175.89
57.72,20.267,2.096,842.08,3.99,30.61,281.8,81.28,175.89
57.78,20.317,2.103,843.87,4.0,30.5,282.0,81.27,175.9
57.84,20.367,2.111,845.66,4.01,30.39,281.7,81.27,175.91
57.9,20.417,2.118,847.45,4.01,30.28,281.1,81.26,175.91
57.94,20.451,2.123,848.65,4.02,30.2,281.2,81.25,175.92
58.0,20.501,2.131,850.46,4.03,30.09,281.8,81.25,175.93
58.04,20.535,2.136,851.66,4.03,30.02,281.5,81.24,175.93
58.1,20.585,2.144,853.47,4.04,29.91,281.7,81.24,175.94
58.14,20.619,2.149,854.69,4.04,29.83,282.1,81.23,175.94
58.2,20.67,2.157,856.5,4.05,29.72,281.7,81.22,175.95
58.24,20.704,2.162,857.72,4.06,29.65,281.6,81.22,175.95
58.3,20.755,2.17,859.55,4.06,29.54,281.6,81.22,175.95
58.34,20.789,2.175,860.77,4.07,29.46,281.4,81.21,175.96
58.4,20.84,2.183,862.6,4.08,29.35,282.2,81.2,175.96
58.44,20.874,2.188,863.83,4.09,29.28,282.0,81.2,175.97
58.5,20.925,2.196,865.67,4.09,29.17,281.0,81.19,175.97
58.54,20.96,2.201,866.9,4.1,29.09,282.3,81.19,175.97
58.6,21.011,2.209,868.76,4.11,28.98,281.5,81.18,175.97
58.64,21.046,2.214,870.0,4.11,28.91,282.1,81.18,175.98
58.7,21.097,2.222,871.86,4.12,28.8,281.5,81.17,175.98
58.76,21.149,2.23,873.73,4.13,28.69,282.0,81.16,175.98
58.8,21.184,2.235,874.97,4.14,28.61,282.0,81.16,175.98
58.86,21.236,2.243,876.85,4.15,28.5,281.7,81.15,175.99
58.9,21.27,2.249,878.1,4.15,28.43,282.3,81.14,175.99
58.94,21.305,2.254,879.36,4.16,28.36,281.8,81.14,175.99
59.0,21.357,2.262,881.24,4.16,28.25,281.7,81.13,175.99
59.04,21.392,2.267,882.5,4.17,28.17,281.6,81.13,175.99
59.1,21.445,2.275,884.4,4.18,28.03,282.2,81.12,176.0
59.16,21.497,2.283,886.3,4.19,27.95,282.0,81.11,176.0
59.22,21.55,2.289,888.21,4.2,27.84,282.6,81.1,176.0
59.26,21.585,2.294,889.48,4.2,27.77,282.2,81.1,176.0
59.3,21.62,2.3,890.75,4.21,27.7,282.2,81.09,176.01
59.36,21.673,2.308,892.67,4.22,27.59,282.1,81.09,176.01
59.4,21.708,2.313,893.95,4.22,27.51,281.8,81.08,176.01
59.46,21.761,2.321,895.88,4.23,27.4,282.1,81.07,176.02
59.5,21.797,2.327,897.17,4.24,27.33,282.8,81.07,176.02
59.56,21.85,2.335,899.11,4.25,27.22,282.1,81.06,176.03
59.62,21.903,2.343,901.05,4.25,27.11,282.0,81.05,176.03
59.66,21.939,2.349,902.35,4.26,27.04,282.6,81.05,176.04
59.7,21.975,2.355,903.65,4.27,26.97,282.8,81.04,176.04
59.76,22.028,2.363,905.6,4.28,26.86,282.8,81.04,176.04
59.8,22.064,2.368,906.91,4.28,26.78,282.6,81.03,176.05
59.86,22.118,2.377,908.87,4.29,26.67,282.0,81.02,176.05
59.92,22.172,2.385,910.83,4.3,26.56,282.2,81.02,176.06
59.96,22.208,2.391,912.15,4.31,26.49,282.7,81.01,176.06
60.02,22.262,2.399,914.12,4.32,26.38,282.3,81.0,176.07
60.06,22.298,2.405,915.44,4.32,26.31,282.1,81.0,176.07
60.1,22.335,2.41,916.77,4.33,26.23,282.8,81.0,176.08
60.16,22.389,2.419,918.76,4.34,26.12,283.2,80.99,176.08
60.2,22.425,2.425,920.09,4.34,26.05,282.6,80.98,176.09
60.26,22.48,2.433,922.08,4.35,25.94,282.4,80.98,176.09
60.3,22.517,2.439,923.42,4.36,25.87,282.6,80.97,176.09
60.36,22.571,2.447,925.42,4.37,25.76,282.9,80.97,176.1
60.42,22.626,2.456,927.44,4.37,25.65,282.2,80.96,176.1
60.46,22.663,2.462,928.78,4.38,25.58,283.1,80.96,176.11
60.5,22.7,2.467,930.13,4.39,25.51,282.7,80.95,176.11
60.56,22.755,2.476,932.15,4.4,25.4,282.6,80.95,176.11
60.62,22.81,2.485,934.18,4.4,25.29,282.6,80.94,176.12
60.66,22.847,2.491,935.54,4.41,25.22,282.3,80.94,176.12
60.7,22.884,2.496,936.89,4.42,25.14,282.7,80.93,176.12
60.78,22.958,2.508,939.61,4.43,25.0,282.5,80.92,176.13
60.82,22.996,2.514,940.98,4.43,24.93,283.3,80.92,176.13
60.84,23.014,2.517,941.66,4.44,24.89,282.6,80.91,176.13
60.84,23.051,2.523,943.03,4.44,24.82,282.1,80.91,176.13
60.92,23.089,2.529,944.39,4.44,24.75,282.4,80.91,176.13
60.96,23.126,2.534,945.76,4.45,24.67,282.3,80.9,176.13
61.02,23.182,2.543,947.82,4.46,24.57,283.3,80.89,176.14
61.08,23.238,2.552,949.89,4.47,24.46,282.6,80.89,176.14
61.12,23.276,2.558,951.27,4.47,24.39,282.0,80.88,176.14
61.16,23.314,2.564,952.66,4.48,24.31,283.0,80.88,176.14
61.22,23.37,2.573,954.74,4.49,24.21,282.9,80.87,176.15
61.28,23.427,2.582,956.82,4.5,24.1,282.4,80.86,176.15
61.32,23.465,2.588,958.21,4.5,24.03,282.9,80.86,176.15
61.36,23.503,2.594,959.61,4.51,23.95,283.1,80.85,176.15
61.42,23.559,2.603,961.71,4.52,23.85,282.5,80.84,176.16
61.48,23.617,2.612,963.81,4.53,23.74,282.2,80.83,176.16
61.52,23.655,2.618,965.21,4.53,23.67,282.5,80.83,176.16
61.58,23.712,2.627,967.32,4.54,23.56,282.8,80.82,176.17
61.62,23.75,2.633,968.73,4.55,23.49,282.4,80.82,176.17
61.66,23.788,2.639,970.15,4.55,23.42,283.2,80.81,176.17
61.72,23.846,2.648,972.27,4.56,23.31,282.0,80.8,176.18
61.78,23.904,2.657,974.4,4.57,23.2,282.6,80.8,176.18
61.82,23.942,2.664,975.82,4.58,23.13,282.5,80.79,176.18
61.88,24.0,2.673,977.95,4.59,23.03,282.2,80.78,176.19
61.92,24.039,2.679,979.38,4.59,22.96,282.4,80.78,176.19
61.98,24.097,2.688,981.53,4.6,22.85,282.5,80.77,176.2
62.02,24.136,2.694,982.97,4.61,22.78,283.1,80.77,176.2
62.08,24.194,2.704,985.12,4.62,22.67,282.0,80.76,176.2
62.12,24.233,2.71,986.56,4.62,22.6,282.4,80.76,176.21
62.18,24.292,2.719,988.72,4.63,22.49,282.3,80.75,176.21
62.22,24.331,2.726,990.17,4.64,22.42,283.2,80.75,176.22
62.28,24.389,2.735,992.35,4.65,22.32,282.5,80.74,176.22
62.32,24.429,2.741,993.8,4.66,22.25,282.6,80.73,176.22
62.38,24.488,2.751,995.99,4.67,22.14,282.8,80.73,176.23
62.44,24.547,2.76,998.17,4.67,22.03,282.6,80.72,176.23
62.48,24.586,2.766,999.63,4.68,21.96,282.2,80.72,176.24
62.52,24.626,2.773,1001.1,4.69,21.89,282.8,80.71,176.24
62.58,24.685,2.782,1003.31,4.7,21.79,283.4,80.71,176.24
62.62,24.725,2.792,1004.78,4.71,21.72,283.2,80.7,176.25
62.68,24.784,2.805,1006.99,4.72,21.58,282.4,80.69,176.25
62.74,24.844,2.811,1009.21,4.72,21.51,283.1,80.69,176.26
62.78,24.884,2.817,1010.7,4.73,21.44,283.2,80.68,176.26
62.84,24.944,2.827,1012.93,4.74,21.33,282.6,80.68,176.26
62.88,24.984,2.834,1014.42,4.75,21.26,282.6,80.67,176.27
62.94,25.044,2.843,1016.65,4.76,21.16,283.5,80.67,176.27
63.0,25.104,2.853,1018.9,4.77,21.06,283.2,80.66,176.27
63.06,25.165,2.863,1021.15,4.78,20.95,283.4,80.65,176.28
63.12,25.225,2.873,1023.41,4.79,20.85,282.9,80.65,176.28
63.16,25.266,2.879,1024.92,4.79,20.78,283.1,80.64,176.28
63.2,25.306,2.886,1026.43,4.8,20.71,283.2,80.64,176.28
63.26,25.367,2.895,1028.7,4.81,20.6,283.2,80.63,176.29
63.3,25.408,2.902,1030.22,4.82,20.54,283.4,80.63,176.29
63.36,25.469,2.912,1032.5,4.83,20.43,282.9,80.62,176.29
63.4,25.51,2.919,1034.02,4.83,20.36,282.6,80.62,176.29
63.46,25.571,2.932,1036.3,4.85,20.23,283.3,80.61,176.3
63.52,25.633,2.935,1038.6,4.85,20.16,282.9,80.6,176.3
63.54,25.653,2.939,1039.36,4.85,20.12,283.0,80.6,176.3
63.62,25.735,2.952,1042.43,4.87,19.99,282.7,80.59,176.3
63.66,25.777,2.959,1043.97,4.87,19.92,283.6,80.59,176.3
63.7,25.818,2.965,1045.52,4.88,19.85,283.6,80.58,176.31
63.76,25.88,2.975,1047.84,4.89,19.75,282.8,80.57,176.31
63.8,25.921,2.982,1049.39,4.9,19.68,283.9,80.57,176.31
63.86,25.983,2.992,1051.72,4.91,19.58,283.6,80.56,176.31
63.9,26.025,2.999,1053.28,4.92,19.51,283.8,80.56,176.32
63.96,26.087,3.009,1055.62,4.93,19.41,283.4,80.55,176.32
64.0,26.129,3.016,1057.19,4.94,19.34,283.0,80.55,176.32
64.06,26.192,3.026,1059.53,4.95,19.24,282.8,80.54,176.32
64.1,26.234,3.033,1061.1,4.95,19.17,283.0,80.53,176.33
64.16,26.297,3.043,1063.46,4.96,19.07,283.4,80.53,176.33
64.22,26.36,3.054,1065.83,4.97,18.97,283.4,80.52,176.33
64.24,26.402,3.06,1067.41,4.98,18.9,283.2,80.51,176.33
64.3,26.444,3.067,1069.0,4.98,18.83,283.6,80.51,176.34
64.36,26.507,3.078,1071.37,4.99,18.73,283.4,80.5,176.34
64.42,26.571,3.088,1073.76,5.01,18.63,283.7,80.49,176.34
64.44,26.592,3.092,1074.56,5.01,18.6,283.3,80.49,176.35
64.52,26.677,3.106,1077.76,5.02,18.46,283.6,80.48,176.35
64.56,26.72,3.113,1079.36,5.03,18.4,283.9,80.48,176.35
64.62,26.784,3.123,1081.77,5.04,18.3,283.7,80.47,176.36
64.66,26.826,3.13,1083.37,5.05,18.23,283.0,80.47,176.36
64.7,26.869,3.137,1084.98,5.05,18.16,282.9,80.46,176.36
64.76,26.934,3.148,1087.4,5.06,18.06,283.4,80.46,176.37
64.82,26.998,3.158,1089.83,5.07,17.96,282.9,80.45,176.37
64.86,27.041,3.165,1091.45,5.08,17.9,283.7,80.44,176.37
64.92,27.106,3.176,1093.89,5.09,17.8,283.0,80.44,176.38
64.96,27.149,3.183,1095.51,5.1,17.73,282.9,80.43,176.38
65.02,27.214,3.194,1097.96,5.11,17.63,283.1,80.43,176.38
65.06,27.257,3.201,1099.6,5.11,17.57,283.5,80.42,176.38
65.12,27.323,3.212,1102.05,5.12,17.47,283.3,80.42,176.39
65.16,27.366,3.219,1103.69,5.13,17.4,283.6,80.41,176.39
65.2,27.41,3.226,1105.34,5.14,17.34,283.3,80.41,176.39
65.26,27.475,3.237,1107.81,5.15,17.24,283.0,80.4,176.4
65.32,27.541,3.248,1110.29,5.16,17.14,283.1,80.4,176.4
65.38,27.607,3.259,1112.77,5.17,17.05,282.8,80.39,176.4
65.42,27.651,3.266,1114.43,5.18,16.98,282.9,80.39,176.41
65.48,27.717,3.277,1116.92,5.19,16.88,283.5,80.38,176.41
65.52,27.761,3.284,1118.59,5.19,16.82,283.6,80.38,176.41
65.58,27.827,3.295,1121.09,5.2,16.72,283.3,80.37,176.42
65.62,27.871,3.303,1122.77,5.21,16.66,283.6,80.36,176.42
65.66,27.916,3.31,1124.45,5.22,16.59,283.1,80.36,176.42
65.72,27.982,3.321,1126.97,5.23,16.5,283.8,80.35,176.42
65.76,28.027,3.328,1128.65,5.24,16.43,283.0,80.35,176.42
65.82,28.094,3.339,1131.18,5.25,16.34,283.0,80.34,176.43
65.86,28.138,3.347,1132.87,5.26,16.27,283.6,80.34,176.43
65.92,28.206,3.358,1135.4,5.26,16.18,283.0,80.33,176.43
65.98,28.273,3.369,1137.95,5.27,16.08,283.3,80.33,176.43
66.02,28.318,3.377,1139.65,5.28,16.02,283.1,80.32,176.44
66.08,28.385,3.388,1142.21,5.29,15.92,284.0,80.32,176.44
66.12,28.431,3.396,1143.92,5.3,15.86,284.0,80.31,176.44
66.18,28.498,3.407,1146.49,5.31,15.76,284.0,80.31,176.44
66.22,28.544,3.414,1148.21,5.32,15.7,283.8,80.3,176.44
66.28,28.612,3.426,1150.79,5.33,15.6,283.5,80.29,176.45
66.32,28.657,3.433,1152.51,5.34,15.54,283.5,80.29,176.45
66.38,28.725,3.445,1155.09,5.35,15.45,283.0,80.28,176.45
66.44,28.794,3.456,1157.69,5.36,15.35,283.2,80.28,176.45
66.48,28.84,3.464,1159.43,5.37,15.29,284.0,80.27,176.45
66.54,28.908,3.475,1162.04,5.38,15.2,284.1,80.27,176.46
66.58,28.954,3.483,1163.78,5.39,15.14,283.7,80.26,176.46
66.62,29.0,3.491,1165.53,5.39,15.07,283.7,80.26,176.46
66.68,29.069,3.502,1168.16,5.41,14.98,284.1,80.25,176.46
66.72,29.115,3.51,1169.91,5.41,14.92,283.5,80.24,176.46
66.78,29.185,3.522,1172.54,5.43,14.83,283.8,80.24,176.46
66.84,29.254,3.533,1175.19,5.44,14.73,284.3,80.23,176.46
66.88,29.3,3.541,1176.95,5.44,14.67,283.7,80.23,176.47
66.92,29.347,3.549,1178.72,5.45,14.61,283.5,80.22,176.47
66.98,29.417,3.565,1181.37,5.46,14.52,283.0,80.21,176.47
67.04,29.487,3.576,1184.04,5.47,14.43,283.4,80.21,176.47
67.08,29.534,3.584,1185.82,5.48,14.37,283.8,80.2,176.47
67.12,29.58,3.592,1188.49,5.49,14.28,283.4,80.2,176.47
67.18,29.651,3.604,1190.28,5.5,14.22,284.1,80.19,176.47
67.24,29.721,3.616,1192.97,5.51,14.13,283.7,80.18,176.48
67.28,29.768,3.624,1194.76,5.52,14.07,283.1,80.18,176.48
67.34,29.839,3.636,1197.45,5.53,13.98,282.8,80.17,176.48
67.38,29.886,3.644,1199.25,5.54,13.92,283.1,80.17,176.48
67.44,29.957,3.656,1201.95,5.55,13.83,283.6,80.16,176.48
67.48,30.005,3.664,1203.76,5.55,13.77,282.9,80.15,176.48
67.54,30.076,3.676,1206.48,5.56,13.68,283.4,80.15,176.49
67.58,30.124,3.684,1208.29,5.57,13.62,283.4,80.14,176.49
67.64,30.195,3.696,1211.02,5.58,13.53,283.1,80.14,176.49
67.7,30.267,3.708,1213.75,5.59,13.44,283.4,80.13,176.49
67.74,30.315,3.716,1215.58,5.6,13.38,283.3,80.13,176.49
67.78,30.363,3.725,1217.41,5.61,13.32,283.6,80.12,176.49
67.84,30.435,3.737,1220.15,5.62,13.23,283.1,80.11,176.49
67.88,30.483,3.745,1221.99,5.63,13.17,283.8,80.11,176.5
67.94,30.556,3.757,1224.75,5.64,13.09,282.8,80.1,176.5
68.0,30.628,3.77,1227.52,5.65,13.0,283.3,80.09,176.5
68.04,30.677,3.778,1229.36,5.66,12.94,283.3,80.09,176.5
68.1,30.75,3.79,1232.14,5.67,12.85,283.8,80.09,176.5
68.14,30.798,3.798,1234.0,5.67,12.8,283.3,80.08,176.5
68.18,30.847,3.807,1235.86,5.68,12.74,283.2,80.08,176.51
68.24,30.92,3.819,1238.66,5.7,12.65,283.9,80.07,176.51
68.3,30.993,3.832,1241.46,5.7,12.57,283.5,80.06,176.51
68.34,31.042,3.84,1243.34,5.72,12.51,283.7,80.06,176.51
68.4,31.116,3.853,1246.14,5.73,12.42,282.9,80.05,176.51
68.44,31.165,3.861,1248.02,5.73,12.37,283.4,80.05,176.51
68.48,31.215,3.869,1249.91,5.75,12.31,284.1,80.04,176.51
68.54,31.289,3.882,1252.74,5.75,12.23,284.0,80.04,176.52
68.6,31.363,3.895,1255.58,5.76,12.14,283.5,80.03,176.52
68.64,31.412,3.908,1257.47,5.78,12.09,284.1,80.02,176.52
68.7,31.487,3.916,1260.32,5.78,12.0,283.2,80.02,176.52
68.76,31.561,3.929,1263.18,5.8,11.92,284.1,80.01,176.52
68.8,31.611,3.937,1265.09,5.8,11.86,283.3,80.01,176.52
68.86,31.686,3.95,1267.95,5.82,11.78,283.4,80.0,176.52
68.9,31.736,3.959,1269.87,5.83,11.72,283.9,80.0,176.52
68.96,31.811,3.976,1273.72,5.84,11.62,284.0,79.99,176.53
69.0,31.887,3.985,1275.65,5.85,11.56,283.2,79.98,176.53
69.08,31.962,3.998,1278.54,5.87,11.48,283.6,79.98,176.53
69.12,32.013,4.006,1280.48,5.88,11.43,283.7,79.97,176.53
69.18,32.089,4.019,1283.39,5.89,11.34,283.9,79.97,176.53
69.22,32.139,4.028,1285.33,5.9,11.29,283.8,79.96,176.53
69.28,32.215,4.041,1288.25,5.91,11.21,283.2,79.96,176.53
69.32,32.266,4.054,1290.2,5.92,11.13,283.7,79.95,176.53
69.38,32.343,4.063,1293.13,5.93,11.05,283.5,79.95,176.53
69.42,32.394,4.072,1295.09,5.93,11.02,283.7,79.94,176.53
69.48,32.47,4.085,1298.03,5.95,10.94,283.3,79.94,176.53
69.52,32.522,4.094,1300.0,5.96,10.89,284.4,79.93,176.53
69.58,32.598,4.107,1302.96,5.97,10.81,283.7,79.93,176.53
69.62,32.65,4.116,1304.94,5.98,10.76,283.9,79.92,176.53
69.68,32.727,4.129,1307.91,5.99,10.68,283.6,79.92,176.53
69.72,32.779,4.138,1309.9,6.0,10.63,284.3,79.91,176.53
69.78,32.856,4.152,1312.88,6.01,10.56,284.5,79.91,176.53
69.82,32.908,4.16,1314.88,6.03,10.5,284.7,79.9,176.53
69.88,32.986,4.174,1317.88,6.04,10.43,283.8,79.89,176.53
69.94,33.064,4.187,1320.88,6.05,10.35,283.8,79.89,176.53
69.98,33.116,4.196,1322.89,6.06,10.3,284.2,79.88,176.53
70.02,33.168,4.206,1324.9,6.07,10.25,284.5,79.88,176.53
70.08,33.247,4.219,1327.92,6.08,10.18,283.8,79.87,176.53
70.14,33.325,4.233,1330.94,6.09,10.1,283.8,79.87,176.53
70.18,33.378,4.242,1332.96,6.1,10.05,283.8,79.86,176.53
70.22,33.43,4.251,1334.99,6.1,10.0,284.4,79.86,176.52
70.28,33.509,4.265,1338.03,6.12,9.93,284.7,79.85,176.52
70.32,33.562,4.274,1340.07,6.13,9.85,284.2,79.85,176.52
70.38,33.642,4.288,1343.13,6.14,9.81,284.5,79.84,176.52
70.44,33.721,4.301,1346.2,6.15,9.73,283.8,79.84,176.52
70.48,33.774,4.311,1348.24,6.16,9.68,283.4,79.83,176.52
70.54,33.854,4.325,1351.32,6.17,9.61,284.3,79.82,176.52
70.6,33.934,4.338,1354.4,6.19,9.54,284.1,79.82,176.51
70.64,33.987,4.348,1357.5,6.2,9.47,284.0,79.81,176.51
70.7,34.068,4.362,1359.56,6.21,9.4,283.8,79.8,176.51
70.74,34.148,4.376,1362.66,6.21,9.35,283.5,79.8,176.51
70.8,34.202,4.385,1364.73,6.22,9.3,283.6,79.79,176.51
70.86,34.283,4.399,1367.84,6.23,9.23,283.4,79.79,176.51
70.9,34.337,4.409,1369.92,6.24,9.19,284.4,79.78,176.5
70.96,34.418,4.423,1373.05,6.25,9.12,283.6,79.78,176.5
71.0,34.472,4.432,1375.14,6.26,9.07,284.5,79.77,176.5
71.06,34.553,4.446,1378.28,6.27,9.0,283.5,79.76,176.5
71.1,34.608,4.456,1380.37,6.28,8.96,283.9,79.76,176.5
71.16,34.689,4.47,1383.52,6.29,8.89,283.4,79.75,176.49
71.2,34.744,4.48,1385.63,6.3,8.84,284.1,79.75,176.49
71.26,34.826,4.494,1388.79,6.31,8.77,283.4,79.74,176.49
71.3,34.881,4.504,1390.9,6.32,8.73,283.5,79.74,176.49
71.36,34.963,4.518,1394.07,6.33,8.66,283.9,79.73,176.48
71.4,35.018,4.528,1396.19,6.34,8.62,283.9,79.73,176.48
71.46,35.101,4.542,1399.38,6.35,8.55,283.5,79.72,176.48
71.5,35.156,4.552,1401.51,6.36,8.5,283.4,79.71,176.47
71.56,35.239,4.567,1404.7,6.38,8.44,284.0,79.71,176.47
71.6,35.294,4.576,1406.84,6.38,8.39,284.1,79.7,176.47
71.66,35.377,4.591,1410.04,6.39,8.33,283.3,79.69,176.47
71.72,35.461,4.606,1413.26,6.41,8.26,284.3,79.69,176.46
71.76,35.517,4.615,1415.41,6.41,8.22,284.0,79.69,176.46
71.8,35.572,4.625,1417.56,6.42,8.17,284.0,79.68,176.46
71.86,35.656,4.64,1420.8,6.43,8.11,284.2,79.67,176.45
71.9,35.712,4.65,1422.96,6.44,8.07,284.1,79.67,176.45
71.96,35.796,4.665,1426.21,6.46,8.0,284.3,79.66,176.45
72.02,35.881,4.679,1429.47,6.47,7.94,283.8,79.66,176.44
72.06,35.937,4.689,1431.64,6.48,7.89,283.5,79.65,176.44
72.12,36.022,4.704,1434.91,6.49,7.83,284.3,79.64,176.43
72.16,36.079,4.714,1437.1,6.5,7.79,283.8,79.64,176.43
72.2,36.135,4.724,1439.28,6.51,7.75,284.1,79.63,176.43
72.26,36.22,4.739,1442.56,6.53,7.68,283.4,79.63,176.42
72.32,36.306,4.754,1445.86,6.53,7.62,283.8,79.62,176.42
72.36,36.363,4.765,1448.05,6.55,7.58,283.1,79.61,176.42
72.42,36.448,4.78,1451.36,6.55,7.52,284.3,79.61,176.41
72.46,36.506,4.79,1453.58,6.57,7.48,284.1,79.6,176.41
72.52,36.592,4.805,1456.9,6.58,7.42,284.2,79.6,176.4
72.56,36.649,4.815,1459.11,6.59,7.38,283.6,79.59,176.4
72.62,36.735,4.83,1462.45,6.6,7.32,284.0,79.58,176.39
72.66,36.793,4.841,1464.68,6.62,7.28,284.4,79.58,176.39
72.72,36.88,4.856,1468.03,6.63,7.22,284.4,79.58,176.38
72.78,36.967,4.871,1471.39,6.64,7.16,283.6,79.57,176.38
72.82,37.025,4.882,1473.63,6.65,7.12,284.2,79.56,176.37
72.86,37.083,4.892,1475.87,6.66,7.08,283.6,79.56,176.37
72.92,37.17,4.907,1479.25,6.67,7.02,283.9,79.55,176.36
72.96,37.228,4.918,1481.51,6.68,6.98,284.7,79.55,176.36
73.02,37.316,4.933,1484.9,6.7,6.92,283.7,79.54,176.35
73.06,37.374,4.944,1487.16,6.7,6.88,283.3,79.53,176.35
73.12,37.462,4.959,1490.56,6.72,6.83,284.2,79.53,176.34
73.18,37.551,4.975,1493.97,6.74,6.77,284.7,79.52,176.33
73.24,37.639,4.991,1497.39,6.75,6.71,283.5,79.51,176.33
73.28,37.698,5.001,1499.67,6.75,6.67,284.1,79.51,176.32
73.32,37.757,5.012,1501.96,6.76,6.64,284.4,79.51,176.32
73.38,37.846,5.028,1505.4,6.77,6.58,283.7,79.5,176.31
73.42,37.905,5.038,1507.69,6.79,6.54,283.8,79.49,176.3
73.48,37.994,5.054,1511.14,6.8,6.49,283.4,79.49,176.3
73.52,38.054,5.065,1513.44,6.81,6.45,284.3,79.48,176.29
73.58,38.144,5.081,1516.91,6.82,6.4,284.5,79.48,176.28
73.62,38.233,5.097,1520.38,6.84,6.34,284.1,79.47,176.27
73.68,38.293,5.108,1522.7,6.85,6.31,283.8,79.46,176.27
73.74,38.383,5.124,1526.19,6.86,6.26,284.4,79.46,176.26
73.8,38.474,5.14,1529.69,6.87,6.2,284.3,79.45,176.25
73.84,38.534,5.151,1532.03,6.89,6.17,284.6,79.45,176.24
73.88,38.594,5.161,1534.37,6.89,6.13,284.1,79.44,176.24
73.94,38.685,5.178,1537.88,6.91,6.08,283.6,79.44,176.23
74.0,38.776,5.194,1541.41,6.92,6.03,284.6,79.43,176.22
74.04,38.837,5.205,1543.76,6.94,5.99,284.1,79.42,176.21
74.1,38.928,5.221,1547.3,6.95,5.94,284.8,79.42,176.2
74.14,38.989,5.232,1549.67,6.96,5.91,283.8,79.41,176.19
74.2,39.081,5.254,1553.22,6.98,5.86,283.9,79.41,176.18
74.26,39.172,5.265,1556.78,6.99,5.81,284.4,79.4,176.17
74.3,39.234,5.276,1559.16,7.0,5.77,284.8,79.39,176.17
74.36,39.326,5.293,1562.74,7.02,5.72,284.8,79.39,176.15
74.42,39.418,5.304,1566.32,7.02,5.67,283.6,79.38,176.15
74.46,39.48,5.315,1568.72,7.03,5.64,284.6,79.38,176.14
74.5,39.542,5.326,1571.12,7.04,5.61,284.5,79.37,176.13
74.56,39.635,5.342,1574.72,7.06,5.56,283.6,79.37,176.12
74.62,39.728,5.359,1578.33,7.07,5.51,283.9,79.36,176.11
74.66,39.79,5.37,1580.74,7.08,5.48,284.6,79.36,176.1
74.72,39.884,5.387,1584.37,7.1,5.43,284.8,79.35,176.09
74.78,39.977,5.404,1588.01,7.11,5.38,284.2,79.34,176.07
74.8,40.009,5.41,1589.22,7.11,5.37,283.9,79.34,176.07
74.86,40.103,5.427,1592.86,7.13,5.32,283.6,79.33,176.05
74.9,40.165,5.438,1595.29,7.13,5.29,283.9,79.33,176.04
74.96,40.26,5.455,1598.95,7.15,5.24,284.1,79.32,176.03
75.02,40.354,5.472,1602.62,7.16,5.19,284.3,79.31,176.02
75.06,40.417,5.483,1602.17,6.43,5.16,0.0,79.31,176.01
75.12,40.512,5.5,1601.49,5.33,5.11,0.0,79.3,176.0
75.16,40.575,5.512,1601.04,4.6,5.07,0.0,79.3,175.99
75.22,40.669,5.529,1600.37,3.5,5.01,0.0,79.29,175.99
75.26,40.732,5.54,1599.92,2.77,4.96,0.0,79.29,175.98
75.32,40.827,5.557,1599.25,1.67,4.89,0.0,79.28,175.98
75.36,40.89,5.569,1598.8,0.93,4.84,0.0,79.27,175.98
75.42,40.984,5.586,1598.13,0.17,4.77,0.0,79.27,175.98
75.48,41.078,5.603,1597.46,0.17,4.71,0.0,79.26,175.99
75.52,41.141,5.614,1597.02,0.17,4.66,0.0,79.26,175.99
75.58,41.235,5.631,1596.35,0.17,4.6,0.0,79.25,176.0
75.62,41.298,5.643,1595.91,0.17,4.55,0.0,79.24,176.01
75.66,41.361,5.654,1595.46,0.16,4.51,0.0,79.24,176.02
75.72,41.455,5.671,1594.8,0.16,4.45,0.0,79.23,176.03
75.78,41.549,5.688,1594.14,0.16,4.38,0.0,79.23,176.05
75.82,41.612,5.699,1593.7,0.16,4.34,0.0,79.22,176.06
75.88,41.706,5.716,1593.04,0.16,4.28,0.0,79.21,176.08
75.92,41.769,5.728,1592.6,0.15,4.24,0.0,79.21,176.09
75.98,41.863,5.745,1591.94,0.15,4.18,0.0,79.2,176.12
76.02,41.925,5.756,1591.51,0.15,4.14,0.0,79.2,176.13
76.08,42.019,5.773,1590.85,0.15,4.08,0.0,79.19,176.16
76.12,42.082,5.785,1590.42,0.15,4.04,0.0,79.19,176.18
76.18,42.176,5.802,1589.76,0.15,3.99,0.0,79.18,176.21
76.22,42.238,5.813,1589.33,0.14,3.95,0.0,79.18,176.23
76.26,42.301,5.824,1588.89,0.14,3.91,0.0,79.18,176.25
76.3,42.394,5.841,1588.24,0.14,3.86,0.0,79.17,176.29
76.38,42.488,5.858,1587.59,0.14,3.8,0.0,79.16,176.32
76.42,42.551,5.87,1587.16,0.14,3.77,0.0,79.16,176.35
76.48,42.644,5.887,1586.51,0.14,3.72,0.0,79.15,176.38
76.52,42.707,5.898,1586.08,0.13,3.68,0.0,79.15,176.41
76.58,42.8,5.915,1585.44,0.13,3.63,0.0,79.14,176.45
76.64,42.894,5.932,1584.79,0.13,3.58,0.0,79.14,176.49
76.68,42.956,5.944,1584.36,0.13,3.55,0.0,79.14,176.52
76.72,43.018,5.955,1583.93,0.13,3.52,0.0,79.13,176.55
76.78,43.112,5.972,1583.29,0.13,3.47,0.0,79.13,176.59
76.84,43.205,5.989,1582.65,0.12,3.42,0.0,79.12,176.64
76.88,43.267,6.0,1582.22,0.12,3.39,0.0,79.12,176.67
76.92,43.33,6.012,1581.8,0.12,3.36,0.0,79.12,176.7
76.98,43.423,6.029,1581.16,0.12,3.31,0.0,79.11,176.75
77.04,43.516,6.046,1580.52,0.12,3.27,0.0,79.11,176.8
77.08,43.578,6.057,1580.1,0.12,3.24,0.0,79.1,176.83
77.12,43.641,6.069,1579.67,0.12,3.21,0.0,79.1,176.86
77.18,43.734,6.086,1579.04,0.12,3.16,0.0,79.1,176.91
77.24,43.827,6.103,1578.4,0.11,3.12,0.0,79.09,176.96
77.28,43.889,6.114,1577.98,0.11,3.09,0.0,79.09,177.0
77.34,43.982,6.131,1577.34,0.11,3.05,0.0,79.09,177.05
77.38,44.044,6.142,1576.92,0.11,3.02,0.0,79.08,177.08
77.44,44.137,6.159,1576.29,0.11,2.98,0.0,79.08,177.14
77.48,44.199,6.171,1575.87,0.11,2.95,0.0,79.08,177.17
77.54,44.292,6.188,1575.24,0.11,2.91,0.0,79.07,177.22
77.58,44.354,6.199,1574.82,0.11,2.89,0.0,79.07,177.26
77.64,44.447,6.216,1574.19,0.1,2.85,0.0,79.07,177.31
77.68,44.509,6.227,1573.77,0.1,2.82,0.0,79.07,177.34
77.74,44.602,6.244,1573.14,0.1,2.78,0.0,79.06,177.4
77.78,44.664,6.256,1572.73,0.1,2.76,0.0,79.06,177.43
77.82,44.725,6.267,1572.31,0.1,2.74,0.0,79.06,177.47
77.88,44.818,6.284,1571.68,0.1,2.7,0.0,79.06,177.52
77.94,44.911,6.301,1571.06,0.1,2.66,0.0,79.05,177.57
78.0,45.004,6.318,1570.43,0.1,2.63,0.0,79.05,177.62
78.04,45.065,6.33,1570.02,0.09,2.6,0.0,79.05,177.66
78.08,45.127,6.341,1569.6,0.09,2.58,0.0,79.05,177.69
78.14,45.22,6.364,1568.98,0.09,2.55,0.0,79.04,177.76
78.18,45.281,6.375,1568.57,0.09,2.52,0.0,79.04,177.79
78.24,45.374,6.392,1567.94,0.09,2.49,0.0,79.04,177.84
78.3,45.466,6.409,1567.32,0.09,2.46,0.0,79.04,177.89
78.34,45.528,6.42,1566.91,0.09,2.43,0.0,79.04,177.92
78.4,45.62,6.437,1566.29,0.09,2.4,0.0,79.04,177.97
78.44,45.682,6.449,1565.88,0.09,2.38,0.0,79.03,178.01
78.5,45.774,6.466,1565.26,0.09,2.35,0.0,79.03,178.05
78.54,45.836,6.477,1564.85,0.08,2.33,0.0,79.03,178.08
78.6,45.928,6.494,1564.23,0.08,2.3,0.0,79.03,178.13
78.64,45.99,6.505,1563.82,0.08,2.28,0.0,79.03,178.16
78.7,46.082,6.522,1563.2,0.08,2.25,0.0,79.03,178.21
78.74,46.143,6.534,1562.79,0.08,2.23,0.0,79.03,178.24
78.8,46.236,6.551,1562.18,0.08,2.2,0.0,79.03,178.28
78.84,46.297,6.562,1561.77,0.08,2.18,0.0,79.03,178.31
78.9,46.389,6.579,1561.16,0.08,2.15,0.0,79.02,178.35
78.94,46.45,6.59,1560.75,0.08,2.13,0.0,79.02,178.38
79.0,46.542,6.607,1560.13,0.08,2.1,0.0,79.02,178.42
79.06,46.634,6.624,1559.52,0.07,2.08,0.0,79.02,178.46
79.1,46.696,6.636,1559.11,0.07,2.06,0.0,79.02,178.48
79.16,46.788,6.653,1558.5,0.07,2.03,0.0,79.02,178.52
79.2,46.849,6.664,1558.1,0.07,2.01,0.0,79.02,178.55
79.26,46.941,6.681,1557.49,0.07,1.99,0.0,79.02,178.58
79.3,47.002,6.692,1557.08,0.07,1.97,0.0,79.02,178.6
79.36,47.094,6.709,1556.47,0.07,1.95,0.0,79.02,178.64
79.4,47.155,6.721,1556.07,0.07,1.93,0.0,79.02,178.66
79.46,47.247,6.738,1555.46,0.07,1.9,0.0,79.02,178.69
79.5,47.308,6.749,1555.05,0.07,1.89,0.0,79.02,178.72
79.56,47.4,6.766,1554.44,0.07,1.86,0.0,79.02,178.75
79.6,47.461,6.777,1554.04,0.07,1.85,0.0,79.02,178.77
79.66,47.552,6.794,1553.43,0.06,1.82,0.0,79.02,178.79
79.72,47.644,6.811,1552.83,0.06,1.8,0.0,79.02,178.82
79.76,47.705,6.823,1552.42,0.06,1.78,0.0,79.02,178.84
79.82,47.797,6.84,1551.82,0.06,1.76,0.0,79.02,178.86
79.86,47.858,6.851,1551.42,0.06,1.75,0.0,79.02,178.88
79.92,47.949,6.868,1550.81,0.06,1.72,0.0,79.02,178.9
79.96,48.01,6.879,1550.41,0.06,1.71,0.0,79.02,178.92
80.0,48.071,6.891,1550.01,0.06,1.7,0.0,79.02,178.93
80.06,48.162,6.908,1549.4,0.06,1.67,0.0,79.02,178.96
80.12,48.254,6.925,1548.8,0.06,1.65,0.0,79.02,178.97
80.16,48.315,6.936,1548.4,0.06,1.64,0.0,79.02,178.99
80.22,48.406,6.953,1547.8,0.06,1.62,0.0,79.02,179.0
80.26,48.467,6.964,1547.4,0.06,1.6,0.0,79.02,179.02
80.32,48.558,6.981,1546.8,0.06,1.58,0.0,79.02,179.03
80.38,48.649,6.998,1546.2,0.05,1.56,0.0,79.02,179.05
80.42,48.71,7.01,1545.8,0.05,1.55,0.0,79.02,179.05
80.46,48.771,7.021,1545.4,0.05,1.54,0.0,79.02,179.06
80.52,48.862,7.038,1544.8,0.05,1.52,0.0,79.02,179.07
80.56,48.923,7.049,1544.4,0.05,1.51,0.0,79.02,179.08
80.62,49.014,7.066,1543.8,0.05,1.49,0.0,79.02,179.09
80.66,49.074,7.078,1543.4,0.05,1.48,0.0,79.02,179.1
80.72,49.165,7.095,1542.8,0.05,1.46,0.0,79.02,179.1
80.76,49.226,7.106,1542.4,0.05,1.45,0.0,79.02,179.11
80.82,49.317,7.123,1541.81,0.05,1.43,0.0,79.02,179.11
80.88,49.408,7.14,1541.21,0.05,1.41,0.0,79.02,179.12
80.92,49.468,7.151,1540.81,0.05,1.4,0.0,79.02,179.12
80.98,49.559,7.168,1540.22,0.05,1.38,0.0,79.02,179.12
81.02,49.62,7.179,1539.82,0.05,1.37,0.0,79.02,179.12
81.08,49.71,7.196,1539.22,0.05,1.35,0.0,79.02,179.12
81.12,49.771,7.208,1538.83,0.05,1.34,0.0,79.02,179.12
81.18,49.862,7.225,1538.23,0.05,1.33,0.0,79.02,179.12
81.22,49.922,7.236,1537.83,0.05,1.31,0.0,79.02,179.12
81.28,50.013,7.253,1537.24,0.04,1.3,0.0,79.02,179.12
81.34,50.103,7.27,1536.65,0.04,1.28,0.0,79.02,179.11
81.38,50.164,7.281,1536.25,0.04,1.27,0.0,79.02,179.11
81.44,50.254,7.298,1535.66,0.04,1.26,0.0,79.02,179.1
81.48,50.315,7.31,1535.26,0.04,1.25,0.0,79.02,179.1
81.54,50.405,7.327,1534.67,0.04,1.23,0.0,79.02,179.09
81.58,50.465,7.338,1534.27,0.04,1.22,0.0,79.02,179.09
81.64,50.556,7.355,1533.68,0.04,1.21,0.0,79.02,179.08
81.68,50.616,7.366,1533.28,0.04,1.2,0.0,79.02,179.07
81.74,50.706,7.383,1532.69,0.04,1.18,0.0,79.02,179.06
81.8,50.797,7.4,1532.1,0.04,1.17,0.0,79.02,179.05
81.84,50.857,7.411,1531.7,0.04,1.16,0.0,79.02,179.04
81.88,50.917,7.423,1531.31,0.04,1.15,0.0,79.02,179.03
81.94,51.007,7.44,1530.72,0.04,1.14,0.0,79.02,179.02
81.98,51.068,7.451,1530.32,0.04,1.13,0.0,79.02,179.01
82.04,51.158,7.468,1529.73,0.04,1.11,0.0,79.02,178.99
82.1,51.248,7.485,1529.14,0.04,1.1,0.0,79.02,178.97
82.14,51.308,7.496,1528.74,0.04,1.09,0.0,79.02,178.96
82.18,51.368,7.508,1528.35,0.04,1.08,0.0,79.02,178.95
82.24,51.458,7.525,1527.76,0.04,1.07,0.0,79.02,178.93
82.28,51.518,7.536,1527.37,0.04,1.06,0.0,79.02,178.92
82.34,51.608,7.553,1526.78,0.04,1.05,0.0,79.02,178.9
82.38,51.668,7.564,1526.38,0.04,1.04,0.0,79.02,178.89
82.44,51.758,7.581,1525.79,0.04,1.03,0.0,79.02,178.87
82.5,51.848,7.598,1525.2,0.04,1.01,0.0,79.02,178.84
82.56,51.938,7.615,1524.61,0.04,1.0,0.0,79.02,178.82
82.6,51.998,7.626,1524.22,0.04,0.99,0.0,79.02,178.81
82.66,52.088,7.643,1523.63,0.04,0.98,0.0,79.01,178.78
82.7,52.147,7.655,1523.24,0.04,0.97,0.0,79.01,178.77
82.74,52.207,7.666,1522.85,0.04,0.96,0.0,79.01,178.75
82.8,52.297,7.683,1522.26,0.04,0.96,0.0,79.01,178.73
82.86,52.387,7.7,1521.67,0.03,0.94,0.0,79.01,178.7
82.9,52.446,7.711,1521.28,0.03,0.94,0.0,79.01,178.68
82.96,52.536,7.728,1520.69,0.03,0.93,0.0,79.01,178.66
83.0,52.596,7.739,1520.3,0.03,0.92,0.0,79.01,178.64
83.06,52.685,7.756,1519.71,0.03,0.91,0.0,79.01,178.61
83.1,52.745,7.768,1519.32,0.03,0.9,0.0,79.01,178.59
83.16,52.835,7.785,1518.73,0.03,0.89,0.0,79.01,178.56
83.2,52.894,7.796,1518.34,0.03,0.88,0.0,79.01,178.54
83.26,52.984,7.813,1517.75,0.03,0.87,0.0,79.01,178.52
83.3,53.043,7.824,1517.36,0.03,0.87,0.0,79.0,178.5
83.36,53.133,7.841,1516.77,0.03,0.85,0.0,79.0,178.47
83.4,53.192,7.852,1516.38,0.03,0.85,0.0,79.0,178.45
83.46,53.282,7.869,1515.8,0.03,0.84,0.0,79.0,178.41
83.52,53.371,7.886,1515.21,0.03,0.83,0.0,79.0,178.38
83.56,53.43,7.898,1514.82,0.03,0.82,0.0,79.0,178.36
83.62,53.52,7.915,1514.23,0.03,0.81,0.0,79.0,178.33
83.66,53.579,7.926,1513.84,0.03,0.81,0.0,78.99,178.31
83.72,53.668,7.943,1513.26,0.03,0.8,0.0,78.99,178.28
83.76,53.728,7.954,1512.87,0.03,0.79,0.0,78.99,178.26
83.8,53.787,7.965,1512.48,0.03,0.78,0.0,78.99,178.23
83.86,53.876,7.982,1511.89,0.03,0.77,0.0,78.99,178.2
83.92,53.965,7.999,1511.31,0.03,0.77,0.0,78.99,178.17
83.96,54.025,8.011,1510.92,0.03,0.76,0.0,78.99,178.14
84.02,54.114,8.028,1510.33,0.03,0.75,0.0,78.98,178.11
84.06,54.173,8.039,1509.94,0.03,0.75,0.0,78.98,178.09
84.12,54.262,8.056,1509.36,0.03,0.74,0.0,78.98,178.05
84.16,54.321,8.067,1508.97,0.03,0.73,0.0,78.98,178.03
84.22,54.41,8.084,1508.38,0.03,0.72,0.0,78.98,178.0
84.26,54.469,8.095,1507.99,0.03,0.72,0.0,78.97,177.97
84.32,54.558,8.112,1507.41,0.03,0.71,0.0,78.97,177.94
84.36,54.617,8.124,1507.02,0.03,0.7,0.0,78.97,177.92
84.42,54.706,8.141,1506.44,0.03,0.7,0.0,78.97,177.88
84.46,54.765,8.152,1506.05,0.03,0.69,0.0,78.97,177.86
84.52,54.854,8.169,1505.47,0.03,0.68,0.0,78.96,177.82
84.56,54.913,8.18,1505.08,0.03,0.68,0.0,78.96,177.8
84.62,55.002,8.197,1504.49,0.03,0.67,0.0,78.96,177.76
84.66,55.061,8.208,1504.11,0.03,0.66,0.0,78.96,177.74
84.72,55.149,8.225,1503.52,0.03,0.66,0.0,78.95,177.7
84.76,55.209,8.237,1503.13,0.03,0.65,0.0,78.95,177.68
84.82,55.297,8.253,1502.55,0.03,0.64,0.0,78.95,177.64
84.88,55.386,8.27,1501.97,0.03,0.64,0.0,78.95,177.61
84.92,55.445,8.282,1501.58,0.03,0.63,0.0,78.95,177.59
84.98,55.533,8.299,1501.0,0.03,0.62,0.0,78.94,177.55
85.02,55.592,8.31,1500.61,0.02,0.62,0.0,78.94,177.53
85.08,55.68,8.327,1500.03,0.02,0.61,0.0,78.94,177.49
85.12,55.739,8.338,1499.64,0.02,0.61,0.0,78.94,177.47
85.18,55.827,8.355,1499.06,0.02,0.6,0.0,78.93,177.43
85.22,55.886,8.366,1498.67,0.02,0.6,0.0,78.93,177.41
85.28,55.975,8.383,1498.09,0.02,0.59,0.0,78.93,177.37
85.32,56.063,8.4,1497.51,0.02,0.58,0.0,78.92,177.34
85.38,56.122,8.412,1497.12,0.02,0.58,0.0,78.92,177.31
85.42,56.18,8.423,1496.73,0.02,0.57,0.0,78.92,177.29
85.48,56.269,8.44,1496.15,0.02,0.57,0.0,78.91,177.25
85.52,56.327,8.451,1495.77,0.02,0.56,0.0,78.91,177.23
85.58,56.415,8.468,1495.19,0.02,0.56,0.0,78.91,177.2
85.62,56.474,8.479,1494.8,0.02,0.55,0.0,78.91,177.17
85.68,56.562,8.496,1494.22,0.02,0.55,0.0,78.9,177.14
85.72,56.621,8.508,1493.83,0.02,0.54,0.0,78.9,177.11
85.78,56.709,8.524,1493.25,0.02,0.54,0.0,78.9,177.08
85.84,56.797,8.541,1492.67,0.02,0.53,0.0,78.89,177.05
85.88,56.855,8.553,1492.28,0.02,0.53,0.0,78.89,177.02
85.94,56.943,8.57,1491.7,0.02,0.52,0.0,78.89,176.99
85.98,57.002,8.581,1491.32,0.02,0.52,0.0,78.88,176.97
86.04,57.089,8.598,1490.74,0.02,0.51,0.0,78.88,176.93
86.08,57.148,8.609,1490.35,0.02,0.51,0.0,78.88,176.92
86.14,57.236,8.626,1489.77,0.02,0.5,0.0,78.87,176.88
86.18,57.294,8.637,1489.39,0.02,0.5,0.0,78.87,176.85
86.24,57.382,8.654,1488.81,0.02,0.49,0.0,78.86,176.82
86.28,57.44,8.666,1488.42,0.02,0.49,0.0,78.86,176.8
86.34,57.528,8.682,1487.84,0.02,0.48,0.0,78.86,176.77
86.38,57.586,8.694,1487.46,0.02,0.48,0.0,78.86,176.74
86.44,57.674,8.711,1486.88,0.02,0.47,0.0,78.85,176.71
86.48,57.732,8.722,1486.49,0.02,0.47,0.0,78.85,176.69
86.54,57.82,8.739,1485.91,0.02,0.46,0.0,78.84,176.66
86.6,57.907,8.756,1485.33,0.02,0.46,0.0,78.84,176.63
86.64,57.966,8.767,1484.95,0.02,0.45,0.0,78.83,176.61
86.7,58.053,8.784,1484.37,0.02,0.45,0.0,78.83,176.57
86.74,58.111,8.795,1483.99,0.02,0.45,0.0,78.83,176.55
86.8,58.199,8.812,1483.41,0.02,0.44,0.0,78.82,176.52
86.84,58.257,8.823,1483.02,0.02,0.44,0.0,78.82,176.5
86.9,58.344,8.84,1482.44,0.02,0.43,0.0,78.81,176.47
86.94,58.402,8.852,1482.06,0.02,0.43,0.0,78.81,176.45
87.0,58.49,8.869,1481.48,0.02,0.42,0.0,78.81,176.42
87.04,58.548,8.88,1481.1,0.02,0.42,0.0,78.8,176.4
87.1,58.635,8.897,1480.52,0.02,0.42,0.0,78.8,176.37
87.14,58.693,8.908,1480.13,0.02,0.41,0.0,78.79,176.35
87.2,58.78,8.925,1479.56,0.02,0.41,0.0,78.79,176.32
87.24,58.838,8.936,1479.17,0.02,0.41,0.0,78.79,176.31
87.3,58.925,8.953,1478.59,0.02,0.4,0.0,78.78,176.28
87.36,59.012,8.97,1478.02,0.02,0.4,0.0,78.78,176.25
87.4,59.07,8.981,1477.63,0.02,0.39,0.0,78.77,176.23
87.44,59.128,8.993,1477.25,0.02,0.39,0.0,78.77,176.21
87.5,59.215,9.01,1476.67,0.02,0.39,0.0,78.76,176.18
87.56,59.302,9.026,1476.09,0.02,0.38,0.0,78.76,176.16
87.6,59.389,9.043,1475.52,0.02,0.38,0.0,78.75,176.13
87.66,59.447,9.055,1475.13,0.02,0.37,0.0,78.75,176.11
87.72,59.534,9.072,1474.56,0.02,0.37,0.0,78.75,176.09
87.76,59.592,9.083,1474.17,0.02,0.37,0.0,78.74,176.07
87.82,59.678,9.1,1473.6,0.02,0.36,0.0,78.74,176.04
87.86,59.736,9.111,1473.21,0.02,0.36,0.0,78.73,176.03
87.92,59.823,9.128,1472.64,0.02,0.36,0.0,78.73,176.0
87.96,59.881,9.139,1472.25,0.02,0.35,0.0,78.72,175.99
88.02,59.967,9.156,1471.68,0.02,0.35,0.0,78.72,175.96
88.06,60.025,9.167,1471.29,0.02,0.35,0.0,78.72,175.94
88.12,60.112,9.184,1470.72,0.02,0.34,0.0,78.71,175.92
88.16,60.169,9.196,1470.33,0.02,0.34,0.0,78.71,175.9
88.22,60.256,9.213,1469.76,0.02,0.34,0.0,78.7,175.88
88.26,60.314,9.224,1469.37,0.02,0.33,0.0,78.7,175.87
88.32,60.4,9.241,1468.8,0.02,0.33,0.0,78.69,175.84
88.36,60.458,9.252,1468.41,0.02,0.33,0.0,78.69,175.83
88.42,60.544,9.269,1467.84,0.02,0.32,0.0,78.68,175.81
88.48,60.631,9.286,1467.26,0.02,0.32,0.0,78.68,175.78
88.52,60.688,9.297,1466.88,0.02,0.32,0.0,78.67,175.77
88.58,60.774,9.314,1466.31,0.02,0.31,0.0,78.67,175.75
88.62,60.832,9.325,1465.92,0.02,0.31,0.0,78.66,175.73
88.68,60.918,9.342,1465.35,0.02,0.31,0.0,78.66,175.71
88.74,61.004,9.359,1464.77,0.02,0.3,0.0,78.65,175.69
88.78,61.062,9.37,1464.39,0.01,0.3,0.0,78.65,175.68
88.82,61.119,9.382,1464.01,0.01,0.3,0.0,78.64,175.67
88.88,61.205,9.398,1463.43,0.01,0.3,0.0,78.64,175.65
88.92,61.263,9.41,1463.05,0.01,0.29,0.0,78.64,175.63
88.98,61.349,9.427,1462.47,0.01,0.29,0.0,78.63,175.61
89.02,61.406,9.438,1462.09,0.01,0.29,0.0,78.62,175.6
89.08,61.492,9.455,1461.52,0.01,0.28,0.0,78.62,175.58
89.12,61.55,9.466,1461.13,0.01,0.28,0.0,78.61,175.57
89.18,61.636,9.483,1460.56,0.01,0.28,0.0,78.61,175.55
89.22,61.693,9.494,1460.18,0.01,0.28,0.0,78.61,175.54
89.28,61.779,9.511,1459.6,0.01,0.27,0.0,78.6,175.52
89.34,61.865,9.528,1459.03,0.01,0.27,0.0,78.59,175.51
89.38,61.922,9.539,1458.65,0.01,0.27,0.0,78.59,175.49
89.44,62.008,9.556,1458.07,0.01,0.26,0.0,78.59,175.48
89.48,62.065,9.567,1457.69,0.01,0.26,0.0,78.58,175.47
89.54,62.151,9.584,1457.12,0.01,0.26,0.0,78.57,175.45
89.58,62.208,9.596,1456.73,0.01,0.26,0.0,78.57,175.44
89.64,62.294,9.613,1456.16,0.01,0.25,0.0,78.57,175.42
89.68,62.351,9.624,1455.78,0.01,0.25,0.0,78.56,175.41
89.74,62.436,9.641,1455.2,0.01,0.25,0.0,78.55,175.4
89.78,62.493,9.652,1454.82,0.01,0.25,0.0,78.55,175.39
89.84,62.579,9.669,1454.25,0.01,0.24,0.0,78.55,175.38
89.88,62.636,9.68,1453.87,0.01,0.24,0.0,78.54,175.37
89.94,62.722,9.697,1453.29,0.01,0.24,0.0,78.53,175.35
89.98,62.779,9.708,1452.91,0.01,0.24,0.0,78.53,175.34
90.04,62.864,9.725,1452.34,0.01,0.23,0.0,78.52,175.33
90.08,62.921,9.736,1451.96,0.01,0.23,0.0,78.52,175.33
90.14,63.006,9.753,1451.38,0.01,0.23,0.0,78.51,175.31
90.18,63.063,9.765,1451.0,0.01,0.23,0.0,78.51,175.3
90.24,63.149,9.781,1450.43,0.01,0.23,0.0,78.5,175.29
90.28,63.206,9.793,1450.05,0.01,0.22,0.0,78.5,175.28
90.34,63.291,9.81,1449.47,0.01,0.22,0.0,78.49,175.27
90.38,63.348,9.821,1449.09,0.01,0.22,0.0,78.49,175.26
90.44,63.433,9.838,1448.52,0.01,0.22,0.0,78.48,175.25
90.48,63.49,9.849,1448.14,0.01,0.22,0.0,78.48,175.24
90.54,63.575,9.866,1447.57,0.01,0.21,0.0,78.47,175.23
90.58,63.632,9.877,1447.18,0.01,0.21,0.0,78.47,175.22
90.64,63.717,9.894,1446.61,0.01,0.21,0.0,78.46,175.21
90.68,63.773,9.905,1446.23,0.01,0.21,0.0,78.46,175.21
90.74,63.859,9.922,1445.66,0.01,0.2,0.0,78.45,175.2
90.78,63.915,9.933,1445.28,0.01,0.2,0.0,78.45,175.19
90.84,64.0,9.95,1444.71,0.01,0.2,0.0,78.44,175.18
90.9,64.085,9.967,1444.13,0.01,0.2,0.0,78.43,175.17
90.94,64.142,9.979,1443.75,0.01,0.2,0.0,78.43,175.17
91.0,64.227,9.995,1443.18,0.01,0.19,0.0,78.43,175.16
91.04,64.283,10.007,1442.8,0.01,0.19,0.0,78.42,175.15
91.1,64.368,10.024,1442.23,0.01,0.19,0.0,78.41,175.14
91.14,64.425,10.035,1441.85,0.01,0.19,0.0,78.41,175.14
91.2,64.509,10.052,1441.28,0.01,0.19,0.0,78.4,175.13
91.24,64.566,10.063,1440.89,0.01,0.18,0.0,78.4,175.13
91.3,64.651,10.08,1440.32,0.01,0.18,0.0,78.4,175.12
91.34,64.707,10.091,1439.94,0.01,0.18,0.0,78.39,175.11
91.4,64.792,10.108,1439.37,0.01,0.18,0.0,78.38,175.11
91.44,64.848,10.119,1438.99,0.01,0.18,0.0,78.38,175.1
91.5,64.933,10.136,1438.42,0.01,0.18,0.0,78.37,175.1
91.54,64.989,10.147,1438.04,0.01,0.17,0.0,78.37,175.09
91.6,65.074,10.164,1437.47,0.01,0.17,0.0,78.36,175.09
91.64,65.13,10.175,1437.09,0.01,0.17,0.0,78.36,175.08
91.7,65.215,10.192,1436.52,0.01,0.17,0.0,78.35,175.08
91.74,65.271,10.204,1436.13,0.01,0.17,0.0,78.35,175.07
91.8,65.355,10.221,1435.56,0.01,0.16,0.0,78.34,175.07
91.84,65.412,10.232,1435.18,0.01,0.16,0.0,78.34,175.07
91.9,65.496,10.249,1434.61,0.01,0.16,0.0,78.33,175.06
91.96,65.58,10.266,1434.04,0.01,0.16,0.0,78.33,175.06
92.0,65.637,10.277,1433.66,0.01,0.16,0.0,78.32,175.05
92.04,65.693,10.288,1433.28,0.01,0.16,0.0,78.32,175.05
92.1,65.777,10.305,1432.71,0.01,0.16,0.0,78.31,175.05
92.14,65.833,10.316,1432.33,0.01,0.15,0.0,78.3,175.04
92.2,65.917,10.333,1431.76,0.01,0.15,0.0,78.3,175.04
92.24,65.974,10.344,1431.38,0.01,0.15,0.0,78.3,175.04
92.3,66.058,10.361,1430.81,0.01,0.15,0.0,78.29,175.04
92.36,66.142,10.378,1430.24,0.01,0.15,0.0,78.28,175.03
92.4,66.198,10.389,1429.86,0.01,0.15,0.0,78.28,175.03
92.46,66.282,10.406,1429.29,0.01,0.14,0.0,78.27,175.03
92.5,66.338,10.417,1428.91,0.01,0.14,0.0,78.27,175.03
92.56,66.422,10.434,1428.34,0.01,0.14,0.0,78.26,175.02
92.6,66.478,10.446,1427.96,0.01,0.14,0.0,78.26,175.02
92.66,66.562,10.462,1427.39,0.01,0.14,0.0,78.25,175.02
92.7,66.618,10.474,1427.01,0.01,0.14,0.0,78.25,175.02
92.76,66.702,10.491,1426.44,0.01,0.14,0.0,78.24,175.02
92.8,66.758,10.502,1426.06,0.01,0.13,0.0,78.24,175.02
92.86,66.841,10.519,1425.49,0.01,0.13,0.0,78.23,175.02
92.92,66.925,10.536,1424.92,0.01,0.13,0.0,78.23,175.02
92.96,66.981,10.541,1424.54,0.01,0.13,0.0,78.22,175.02
93.02,67.065,10.558,1423.97,0.01,0.13,0.0,78.21,175.02
93.06,67.121,10.569,1423.59,0.01,0.13,0.0,78.21,175.02
93.12,67.204,10.586,1423.02,0.01,0.13,0.0,78.2,175.02
93.16,67.26,10.597,1422.64,0.01,0.12,0.0,78.2,175.02
93.2,67.316,10.609,1422.26,0.01,0.12,0.0,78.2,175.02
93.26,67.399,10.625,1421.69,0.01,0.12,0.0,78.19,175.02
93.32,67.483,10.642,1421.12,0.01,0.12,0.0,78.18,175.02
93.36,67.539,10.654,1420.74,0.01,0.12,0.0,78.18,175.02
93.42,67.622,10.67,1420.18,0.01,0.12,0.0,78.17,175.02
93.46,67.678,10.682,1419.8,0.01,0.12,0.0,78.17,175.02
93.52,67.761,10.699,1419.23,0.01,0.12,0.0,78.16,175.02
93.56,67.817,10.71,1418.85,0.01,0.11,0.0,78.16,175.02
93.62,67.9,10.727,1418.28,0.01,0.11,0.0,78.15,175.02
93.68,67.984,10.744,1417.71,0.01,0.11,0.0,78.15,175.02
93.72,68.039,10.755,1417.33,0.01,0.11,0.0,78.14,175.02
93.76,68.095,10.766,1416.95,0.01,0.11,0.0,78.14,175.02
93.82,68.178,10.783,1416.38,0.01,0.11,0.0,78.13,175.03
93.86,68.233,10.794,1416.0,0.01,0.11,0.0,78.13,175.03
93.92,68.317,10.811,1415.44,0.01,0.11,0.0,78.12,175.03
93.98,68.4,10.828,1414.87,0.01,0.1,0.0,78.11,175.03
94.02,68.455,10.839,1414.49,0.01,0.1,0.0,78.11,175.03
94.06,68.511,10.85,1414.11,0.01,0.1,0.0,78.11,175.03
94.12,68.594,10.867,1413.54,0.01,0.1,0.0,78.1,175.04
94.16,68.649,10.878,1413.16,0.01,0.1,0.0,78.1,175.04
94.22,68.732,10.895,1412.59,0.01,0.1,0.0,78.09,175.04
94.28,68.815,10.912,1412.03,0.01,0.1,0.0,78.08,175.05
94.32,68.87,10.923,1411.65,0.01,0.1,0.0,78.08,175.05
94.36,68.926,10.935,1411.27,0.01,0.1,0.0,78.07,175.05
94.42,69.009,10.952,1410.7,0.01,0.09,0.0,78.07,175.05
94.46,69.064,10.963,1410.32,0.01,0.09,0.0,78.06,175.06
94.52,69.147,10.98,1409.75,0.01,0.09,0.0,78.06,175.06
94.56,69.202,10.991,1409.37,0.01,0.09,0.0,78.05,175.06
94.62,69.285,11.008,1408.81,0.01,0.09,0.0,78.05,175.07
94.64,69.34,11.019,1408.43,0.01,0.09,0.0,78.04,175.07
94.72,69.423,11.036,1407.86,0.01,0.09,0.0,78.04,175.07
94.76,69.478,11.047,1407.48,0.01,0.09,0.0,78.03,175.07
94.82,69.561,11.064,1406.91,0.01,0.09,0.0,78.03,175.08
94.86,69.616,11.075,1406.54,0.01,0.09,0.0,78.02,175.08
94.92,69.698,11.092,1405.97,0.01,0.09,0.0,78.02,175.09
94.96,69.753,11.103,1405.59,0.01,0.08,0.0,78.01,175.09
95.02,69.836,11.12,1405.02,0.01,0.08,0.0,78.01,175.09
95.08,69.918,11.137,1404.45,0.01,0.08,0.0,78.0,175.1
95.12,69.973,11.148,1404.08,0.01,0.08,0.0,78.0,175.1
95.18,70.056,11.165,1403.51,0.01,0.08,0.0,77.99,175.11
95.22,70.111,11.176,1403.13,0.01,0.08,0.0,77.99,175.11
95.28,70.193,11.193,1402.56,0.01,0.08,0.0,77.98,175.12
95.32,70.248,11.204,1402.18,0.01,0.08,0.0,77.98,175.12
95.38,70.331,11.221,1401.62,0.01,0.08,0.0,77.97,175.13
95.42,70.386,11.232,1401.24,0.01,0.08,0.0,77.97,175.13
95.48,70.468,11.249,1400.67,0.01,0.08,0.0,77.96,175.14
95.52,70.523,11.261,1400.29,0.01,0.07,0.0,77.95,175.14
95.58,70.605,11.277,1399.73,0.01,0.07,0.0,77.95,175.15
95.62,70.66,11.289,1399.35,0.01,0.07,0.0,77.94,175.15
95.68,70.742,11.305,1398.78,0.01,0.07,0.0,77.94,175.16
95.74,70.824,11.322,1398.22,0.01,0.07,0.0,77.93,175.16
95.78,70.879,11.334,1397.84,0.01,0.07,0.0,77.93,175.17
95.82,70.934,11.345,1397.46,0.01,0.07,0.0,77.92,175.17
95.88,71.016,11.362,1396.89,0.01,0.07,0.0,77.92,175.18
95.94,71.098,11.379,1396.33,0.01,0.07,0.0,77.91,175.18
95.98,71.152,11.39,1395.95,0.01,0.07,0.0,77.91,175.19
96.02,71.207,11.401,1395.57,0.01,0.07,0.0,77.9,175.19
96.08,71.289,11.418,1395.0,0.01,0.07,0.0,77.9,175.2
96.12,71.344,11.429,1394.63,0.01,0.07,0.0,77.89,175.2
96.18,71.426,11.446,1394.06,0.01,0.06,0.0,77.89,175.21
96.22,71.48,11.457,1393.68,0.01,0.06,0.0,77.88,175.21
96.28,71.562,11.474,1393.12,0.01,0.06,0.0,77.88,175.22
96.32,71.616,11.485,1392.74,0.01,0.06,0.0,77.87,175.23
96.38,71.698,11.502,1392.17,0.01,0.06,0.0,77.87,175.23
96.44,71.78,11.519,1391.61,0.01,0.06,0.0,77.86,175.24
96.48,71.834,11.53,1391.23,0.01,0.06,0.0,77.86,175.25
96.54,71.916,11.547,1390.66,0.01,0.06,0.0,77.85,175.25
96.58,71.971,11.558,1390.28,0.01,0.06,0.0,77.85,175.26
96.64,72.052,11.575,1389.72,0.01,0.06,0.0,77.84,175.27
96.68,72.107,11.586,1389.34,0.01,0.06,0.0,77.84,175.27
96.74,72.188,11.603,1388.77,0.01,0.06,0.0,77.83,175.28
96.78,72.243,11.614,1388.4,0.01,0.06,0.0,77.83,175.28
96.84,72.324,11.631,1387.83,0.01,0.06,0.0,77.82,175.29
96.88,72.378,11.642,1387.45,0.01,0.06,0.0,77.82,175.3
96.94,72.46,11.659,1386.89,0.01,0.05,0.0,77.81,175.31
96.98,72.514,11.67,1386.51,0.01,0.05,0.0,77.81,175.31
97.04,72.596,11.687,1385.94,0.01,0.05,0.0,77.8,175.32
97.08,72.65,11.699,1385.57,0.01,0.05,0.0,77.8,175.33
97.14,72.731,11.715,1385.0,0.01,0.05,0.0,77.79,175.33
97.18,72.785,11.727,1384.62,0.01,0.05,0.0,77.79,175.34
97.24,72.867,11.743,1384.06,0.01,0.05,0.0,77.78,175.35
97.28,72.921,11.755,1383.68,0.01,0.05,0.0,77.78,175.35
97.34,73.002,11.772,1383.12,0.01,0.05,0.0,77.77,175.36
97.38,73.056,11.783,1382.74,0.0,0.05,0.0,77.77,175.37
97.44,73.137,11.8,1382.17,0.0,0.05,0.0,77.76,175.38
97.5,73.219,11.816,1381.61,0.0,0.05,0.0,77.75,175.38
97.54,73.273,11.828,1381.23,0.0,0.05,0.0,77.75,175.39
97.58,73.327,11.839,1380.85,0.0,0.05,0.0,77.75,175.4
97.64,73.408,11.856,1380.29,0.0,0.05,0.0,77.74,175.41
97.7,73.489,11.873,1379.72,0.0,0.05,0.0,77.73,175.41
97.74,73.543,11.884,1379.35,0.0,0.05,0.0,77.73,175.42
97.8,73.624,11.901,1378.78,0.0,0.05,0.0,77.72,175.43
97.84,73.678,11.912,1378.4,0.0,0.05,0.0,77.72,175.44
97.88,73.732,11.923,1378.03,0.0,0.04,0.0,77.72,175.44
97.94,73.813,11.94,1377.46,0.0,0.04,0.0,77.71,175.45
98.0,73.893,11.957,1376.9,0.0,0.04,0.0,77.7,175.46
98.04,73.947,11.968,1376.52,0.0,0.04,0.0,77.7,175.47
98.08,74.001,11.979,1376.14,0.0,0.04,0.0,77.7,175.47
98.14,74.082,11.996,1375.58,0.0,0.04,0.0,77.69,175.48
98.2,74.163,12.013,1375.01,0.0,0.04,0.0,77.68,175.49
98.24,74.216,12.024,1374.64,0.0,0.04,0.0,77.68,175.5
98.3,74.297,12.041,1374.07,0.0,0.04,0.0,77.68,175.51
98.34,74.351,12.052,1373.69,0.0,0.04,0.0,77.67,175.51
98.4,74.431,12.069,1373.13,0.0,0.04,0.0,77.67,175.52
98.44,74.485,12.08,1372.75,0.0,0.04,0.0,77.66,175.53
98.5,74.566,12.097,1372.19,0.0,0.04,0.0,77.66,175.54
98.54,74.619,12.108,1371.81,0.0,0.04,0.0,77.65,175.55
98.6,74.7,12.125,1371.25,0.0,0.04,0.0,77.65,175.56
98.64,74.754,12.136,1370.87,0.0,0.04,0.0,77.64,175.56
98.7,74.834,12.153,1370.31,0.0,0.04,0.0,77.64,175.57
98.74,74.888,12.164,1369.93,0.0,0.04,0.0,77.63,175.58
98.8,74.968,12.181,1369.36,0.0,0.04,0.0,77.63,175.59
98.84,75.022,12.192,1368.99,0.0,0.04,0.0,77.62,175.59
98.9,75.102,12.209,1368.42,0.0,0.04,0.0,77.62,175.6
98.94,75.156,12.22,1368.05,0.0,0.04,0.0,77.61,175.61
99.0,75.236,12.237,1367.48,0.0,0.04,0.0,77.61,175.62
99.06,75.316,12.254,1366.92,0.0,0.03,0.0,77.6,175.63
99.1,75.37,12.265,1366.54,0.0,0.03,0.0,77.6,175.64
99.14,75.423,12.277,1366.16,0.0,0.03,0.0,77.59,175.65
99.2,75.503,12.293,1365.6,0.0,0.03,0.0,77.59,175.66
99.24,75.557,12.305,1365.22,0.0,0.03,0.0,77.58,175.66
99.3,75.637,12.321,1364.66,0.0,0.03,0.0,77.58,175.67
99.36,75.717,12.338,1364.1,0.0,0.03,0.0,77.57,175.68
99.4,75.77,12.349,1363.72,0.0,0.03,0.0,77.57,175.69
99.44,75.823,12.361,1363.34,0.0,0.03,0.0,77.56,175.7
99.5,75.903,12.377,1362.78,0.0,0.03,0.0,77.56,175.71
99.54,75.957,12.389,1362.4,0.0,0.03,0.0,77.55,175.71
99.6,76.037,12.406,1361.84,0.0,0.03,0.0,77.55,175.72
99.66,76.117,12.422,1361.27,0.0,0.03,0.0,77.54,175.73
99.7,76.17,12.434,1360.9,0.0,0.03,0.0,77.54,175.74
99.76,76.25,12.45,1360.33,0.0,0.03,0.0,77.53,175.75
99.8,76.303,12.462,1359.96,0.0,0.03,0.0,77.53,175.76
99.84,76.356,12.473,1359.58,0.0,0.03,0.0,77.52,175.77
99.9,76.436,12.49,1359.02,0.0,0.03,0.0,77.52,175.78
99.96,76.515,12.506,1358.45,0.0,0.03,0.0,77.51,175.79
100.0,76.569,12.518,1358.08,0.0,0.03,0.0,77.51,175.79
100.06,76.648,12.534,1357.51,0.0,0.03,0.0,77.5,175.81
100.1,76.701,12.546,1357.14,0.0,0.03,0.0,77.5,175.81
100.14,76.754,12.557,1356.76,0.0,0.03,0.0,77.5,175.82
100.2,76.834,12.574,1356.2,0.0,0.03,0.0,77.49,175.83
100.26,76.914,12.591,1355.63,0.0,0.03,0.0,77.48,175.84
100.3,76.967,12.602,1355.26,0.0,0.03,0.0,77.48,175.85
100.36,77.046,12.619,1354.69,0.0,0.03,0.0,77.47,175.86
100.4,77.099,12.63,1354.32,0.0,0.03,0.0,77.47,175.87
100.46,77.178,12.647,1353.76,0.0,0.03,0.0,77.46,175.88
100.5,77.231,12.658,1353.38,0.0,0.03,0.0,77.46,175.88
100.56,77.311,12.675,1352.82,0.0,0.03,0.0,77.45,175.9
100.6,77.364,12.686,1352.44,0.0,0.02,0.0,77.45,175.9
100.66,77.443,12.703,1351.88,0.0,0.02,0.0,77.45,175.91
100.7,77.496,12.714,1351.5,0.0,0.02,0.0,77.44,175.92
100.76,77.575,12.731,1350.94,0.0,0.02,0.0,77.44,175.93
100.8,77.628,12.742,1350.56,0.0,0.02,0.0,77.43,175.94
100.86,77.707,12.759,1350.0,0.0,0.02,0.0,77.43,175.95
100.9,77.76,12.77,1349.62,0.0,0.02,0.0,77.42,175.96
100.96,77.839,12.787,1349.06,0.0,0.02,0.0,77.42,175.97
101.0,77.892,12.798,1348.68,0.0,0.02,0.0,77.41,175.98
101.06,77.971,12.815,1348.12,0.0,0.02,0.0,77.41,175.99
101.1,78.024,12.826,1347.75,0.0,0.02,0.0,77.4,175.99
101.16,78.103,12.843,1347.18,0.0,0.02,0.0,77.4,176.01
101.2,78.155,12.854,1346.81,0.0,0.02,0.0,77.39,176.01
101.26,78.234,12.871,1346.24,0.0,0.02,0.0,77.39,176.02
101.3,78.287,12.882,1345.87,0.0,0.02,0.0,77.38,176.03
101.36,78.366,12.899,1345.3,0.0,0.02,0.0,77.38,176.04
101.4,78.418,12.91,1344.93,0.0,0.02,0.0,77.37,176.05
101.46,78.497,12.927,1344.37,0.0,0.02,0.0,77.37,176.06
101.5,78.55,12.938,1343.99,0.0,0.02,0.0,77.36,176.07
101.56,78.629,12.955,1343.43,0.0,0.02,0.0,77.36,176.08
101.62,78.707,12.972,1342.87,0.0,0.02,0.0,77.35,176.09
101.66,78.76,12.983,1342.49,0.0,0.02,0.0,77.35,176.1
101.68,78.786,12.988,1342.3,0.0,0.02,0.0,77.35,176.1
101.68,78.839,13.0,1341.93,0.0,0.02,0.0,77.34,176.11
101.76,78.891,13.011,1341.55,0.0,0.02,0.0,77.34,176.12
101.82,78.97,13.028,1340.99,0.0,0.02,0.0,77.33,176.13
101.86,79.022,13.039,1340.61,0.0,0.02,0.0,77.33,176.14
101.9,79.074,13.05,1340.24,0.0,0.02,0.0,77.33,176.14
101.96,79.153,13.067,1339.68,0.0,0.02,0.0,77.32,176.16
102.02,79.232,13.084,1339.11,0.0,0.02,0.0,77.31,176.17
102.06,79.284,13.095,1338.74,0.0,0.02,0.0,77.31,176.17
102.12,79.362,13.112,1338.18,0.0,0.02,0.0,77.31,176.19
102.16,79.415,13.123,1337.8,0.0,0.02,0.0,77.3,176.19
102.2,79.467,13.134,1337.42,0.0,0.02,0.0,77.3,176.2
102.26,79.545,13.151,1336.86,0.0,0.02,0.0,77.29,176.21
102.32,79.624,13.168,1336.3,0.0,0.02,0.0,77.29,176.22
102.36,79.676,13.179,1335.92,0.0,0.02,0.0,77.28,176.23
102.42,79.754,13.196,1335.36,0.0,0.02,0.0,77.28,176.24
102.46,79.806,13.207,1334.99,0.0,0.02,0.0,77.27,176.25
102.52,79.885,13.224,1334.42,0.0,0.02,0.0,77.27,176.26
102.56,79.937,13.235,1334.05,0.0,0.02,0.0,77.26,176.27
102.6,79.989,13.246,1333.67,0.0,0.02,0.0,77.26,176.28
102.66,80.067,13.263,1333.11,0.0,0.02,0.0,77.25,176.29
102.72,80.145,13.28,1332.55,0.0,0.02,0.0,77.25,176.3
102.76,80.197,13.291,1332.18,0.0,0.02,0.0,77.24,176.31
102.82,80.275,13.308,1331.61,0.0,0.02,0.0,77.24,176.32
102.88,80.353,13.325,1331.05,0.0,0.02,0.0,77.23,176.33
102.92,80.405,13.336,1330.68,0.0,0.02,0.0,77.23,176.34
102.96,80.457,13.347,1330.3,0.0,0.02,0.0,77.23,176.35
103.02,80.535,13.364,1329.74,0.0,0.01,0.0,77.22,176.36
103.06,80.587,13.375,1329.36,0.0,0.01,0.0,77.22,176.37
103.12,80.665,13.392,1328.8,0.0,0.01,0.0,77.21,176.38
103.18,80.743,13.409,1328.24,0.0,0.01,0.0,77.2,176.39
103.22,80.795,13.42,1327.87,0.0,0.01,0.0,77.2,176.4
103.26,80.847,13.431,1327.49,0.0,0.01,0.0,77.2,176.4
103.32,80.925,13.448,1326.93,0.0,0.01,0.0,77.19,176.42
103.36,80.977,13.459,1326.55,0.0,0.01,0.0,77.19,176.42
103.42,81.054,13.476,1325.99,0.0,0.01,0.0,77.18,176.43
103.48,81.132,13.493,1325.43,0.0,0.01,0.0,77.18,176.45
103.52,81.184,13.504,1325.06,0.0,0.01,0.0,77.17,176.45
103.56,81.236,13.515,1324.68,0.0,0.01,0.0,77.17,176.46
103.62,81.313,13.532,1324.12,0.0,0.01,0.0,77.16,176.47
103.66,81.365,13.543,1323.74,0.0,0.01,0.0,77.16,176.48
103.72,81.442,13.56,1323.18,0.0,0.01,0.0,77.15,176.49
103.76,81.494,13.571,1322.81,0.0,0.01,0.0,77.15,176.5
103.82,81.572,13.588,1322.25,0.0,0.01,0.0,77.14,176.51
103.88,81.649,13.605,1321.69,0.0,0.01,0.0,77.14,176.52
103.92,81.701,13.616,1321.31,0.0,0.01,0.0,77.14,176.53
103.98,81.778,13.633,1320.75,0.0,0.01,0.0,77.13,176.54
104.02,81.83,13.644,1320.38,0.0,0.01,0.0,77.13,176.55
104.06,81.881,13.655,1320.0,0.0,0.01,0.0,77.12,176.56
104.12,81.959,13.672,1319.44,0.0,0.01,0.0,77.12,176.57
104.18,82.036,13.689,1318.88,0.0,0.01,0.0,77.11,176.58
104.22,82.087,13.7,1318.5,0.0,0.01,0.0,77.11,176.59
104.28,82.165,13.717,1317.94,0.0,0.01,0.0,77.1,176.6
104.32,82.216,13.728,1317.57,0.0,0.01,0.0,77.1,176.61
104.36,82.268,13.739,1317.19,0.0,0.01,0.0,77.09,176.62
104.42,82.345,13.761,1316.63,0.0,0.01,0.0,77.09,176.63
104.48,82.422,13.778,1316.07,0.0,0.01,0.0,77.08,176.64
104.52,82.473,13.789,1315.7,0.0,0.01,0.0,77.08,176.65
104.58,82.55,13.806,1315.14,0.0,0.01,0.0,77.07,176.66
104.62,82.602,13.817,1314.76,0.0,0.01,0.0,77.07,176.67
104.68,82.679,13.834,1314.2,0.0,0.01,0.0,77.06,176.68
104.74,82.756,13.851,1313.64,0.0,0.01,0.0,77.06,176.69
104.78,82.807,13.856,1313.26,0.0,0.01,0.0,77.05,176.7
104.84,82.884,13.873,1312.7,0.0,0.01,0.0,77.05,176.71
104.88,82.935,13.884,1312.33,0.0,0.01,0.0,77.05,176.72
104.92,82.986,13.896,1311.96,0.0,0.01,0.0,77.04,176.72
104.98,83.063,13.912,1311.39,0.0,0.01,0.0,77.04,176.74
105.04,83.14,13.929,1310.83,0.0,0.01,0.0,77.03,176.75
105.08,83.191,13.94,1310.46,0.0,0.01,0.0,77.03,176.76
105.14,83.268,13.957,1309.9,0.0,0.01,0.0,77.02,176.77
105.18,83.319,13.968,1309.52,0.0,0.01,0.0,77.02,176.78
105.24,83.396,13.985,1308.96,0.0,0.01,0.0,77.01,176.79
105.28,83.447,13.996,1308.59,0.0,0.01,0.0,77.01,176.79
105.32,83.498,14.008,1308.22,0.0,0.01,0.0,77.0,176.8
105.38,83.575,14.024,1307.66,0.0,0.01,0.0,77.0,176.81
105.44,83.651,14.041,1307.09,0.0,0.01,0.0,76.99,176.83
105.48,83.702,14.052,1306.72,0.0,0.01,0.0,76.99,176.83
105.54,83.779,14.069,1306.16,0.0,0.01,0.0,76.98,176.85
105.6,83.855,14.086,1305.6,0.0,0.01,0.0,76.98,176.86
105.64,83.906,14.097,1305.23,0.0,0.01,0.0,76.97,176.86
105.68,83.957,14.108,1304.85,0.0,0.01,0.0,76.97,176.87
105.74,84.033,14.125,1304.29,0.0,0.01,0.0,76.97,176.88
105.78,84.084,14.136,1303.92,0.0,0.01,0.0,76.96,176.89
105.84,84.161,14.153,1303.36,0.0,0.01,0.0,76.96,176.9
105.9,84.237,14.17,1302.8,0.0,0.01,0.0,76.95,176.91
105.94,84.288,14.181,1302.42,0.0,0.01,0.0,76.95,176.92
106.0,84.364,14.198,1301.86,0.0,0.01,0.0,76.94,176.93
106.04,84.415,14.209,1301.49,0.0,0.01,0.0,76.94,176.94
106.08,84.466,14.22,1301.11,0.0,0.01,0.0,76.93,176.95
106.14,84.542,14.237,1300.55,0.0,0.01,0.0,76.93,176.96
106.18,84.593,14.248,1300.18,0.0,0.01,0.0,76.92,176.97
106.24,84.669,14.265,1299.62,0.0,0.01,0.0,76.92,176.98
106.28,84.719,14.276,1299.25,0.0,0.01,0.0,76.92,176.99
106.34,84.796,14.293,1298.69,0.0,0.01,0.0,76.91,177.0
106.38,84.846,14.304,1298.31,0.0,0.01,0.0,76.91,177.01
106.44,84.922,14.321,1297.75,0.0,0.01,0.0,76.9,177.02
106.48,84.973,14.332,1297.38,0.0,0.01,0.0,76.9,177.03
106.54,85.049,14.349,1296.82,0.0,0.01,0.0,76.89,177.04
106.58,85.099,14.36,1296.45,0.0,0.01,0.0,76.89,177.05
106.64,85.175,14.377,1295.89,0.0,0.01,0.0,76.88,177.06
106.7,85.251,14.394,1295.33,0.0,0.01,0.0,76.88,177.07
106.74,85.302,14.405,1294.95,0.0,0.01,0.0,76.87,177.08
106.8,85.377,14.422,1294.39,0.0,0.01,0.0,76.87,177.09
106.84,85.428,14.433,1294.02,0.0,0.01,0.0,76.86,177.1
106.88,85.478,14.444,1293.65,0.0,0.01,0.0,76.86,177.1
106.94,85.554,14.461,1293.09,0.0,0.01,0.0,76.85,177.12
106.98,85.605,14.472,1292.71,0.0,0.01,0.0,76.85,177.12
107.04,85.68,14.489,1292.15,0.0,0.01,0.0,76.85,177.14
107.1,85.756,14.505,1291.59,0.0,0.01,0.0,76.84,177.15
107.14,85.806,14.517,1291.22,0.0,0.01,0.0,76.84,177.15
107.2,85.882,14.533,1290.66,0.0,0.01,0.0,76.83,177.17
107.24,85.932,14.545,1290.29,0.0,0.01,0.0,76.83,177.17
107.3,86.008,14.561,1289.73,0.0,0.01,0.0,76.82,177.19
107.34,86.058,14.572,1289.35,0.0,0.01,0.0,76.82,177.19
107.4,86.133,14.589,1288.79,0.0,0.01,0.0,76.81,177.2
107.44,86.184,14.6,1288.42,0.0,0.01,0.0,76.81,177.21
107.5,86.259,14.623,1287.86,0.0,0.01,0.0,76.8,177.23
107.54,86.309,14.634,1287.49,0.0,0.01,0.0,76.8,177.23
107.6,86.385,14.651,1286.93,0.0,0.01,0.0,76.79,177.25
107.64,86.435,14.662,1286.56,0.0,0.01,0.0,76.79,177.25
107.7,86.51,14.679,1286.0,0.0,0.01,0.0,76.78,177.27
107.74,86.56,14.69,1285.62,0.0,0.01,0.0,76.78,177.27
107.8,86.636,14.707,1285.06,0.0,0.01,0.0,76.78,177.28
107.84,86.686,14.718,1284.69,0.0,0.01,0.0,76.77,177.29
107.9,86.761,14.735,1284.13,0.0,0.01,0.0,76.76,177.3
107.94,86.811,14.746,1283.76,0.0,0.01,0.0,76.76,177.31
108.0,86.886,14.763,1283.2,0.0,0.0,0.0,76.76,177.32
108.04,86.936,14.768,1282.83,0.0,0.0,0.0,76.75,177.33
108.1,87.011,14.785,1282.27,0.0,0.0,0.0,76.75,177.34
108.16,87.086,14.802,1281.71,0.0,0.0,0.0,76.74,177.35
108.2,87.136,14.813,1281.33,0.0,0.0,0.0,76.74,177.36
108.26,87.211,14.83,1280.78,0.0,0.0,0.0,76.73,177.37
108.3,87.261,14.841,1280.4,0.0,0.0,0.0,76.73,177.38
108.34,87.311,14.852,1280.03,0.0,0.0,0.0,76.73,177.38
108.4,87.386,14.869,1279.47,0.0,0.0,0.0,76.72,177.4
108.46,87.461,14.886,1278.91,0.0,0.0,0.0,76.71,177.41
108.5,87.511,14.897,1278.54,0.0,0.0,0.0,76.71,177.41
108.56,87.585,14.913,1277.98,0.0,0.0,0.0,76.71,177.43
108.6,87.635,14.925,1277.61,0.0,0.0,0.0,76.7,177.43
108.66,87.71,14.941,1277.05,0.0,0.0,0.0,76.7,177.45
108.7,87.76,14.953,1276.68,0.0,0.0,0.0,76.69,177.45
108.76,87.834,14.969,1276.12,0.0,0.0,0.0,76.69,177.46
108.8,87.884,14.981,1275.74,0.0,0.0,0.0,76.68,177.47
108.86,87.959,14.997,1275.18,0.0,0.0,0.0,76.68,177.48
108.9,88.008,15.008,1274.81,0.0,0.0,0.0,76.67,177.49
108.96,88.083,15.025,1274.25,0.0,0.0,0.0,76.67,177.5
109.0,88.133,15.036,1273.88,0.0,0.0,0.0,76.67,177.51
109.06,88.207,15.053,1273.32,0.0,0.0,0.0,76.66,177.52
109.12,88.282,15.07,1272.76,0.0,0.0,0.0,76.65,177.53
109.16,88.331,15.081,1272.39,0.0,0.0,0.0,76.65,177.54
109.22,88.406,15.098,1271.83,0.0,0.0,0.0,76.65,177.55
109.26,88.455,15.109,1271.46,0.0,0.0,0.0,76.64,177.56
109.32,88.53,15.126,1270.9,0.0,0.0,0.0,76.64,177.57
109.36,88.579,15.137,1270.53,0.0,0.0,0.0,76.63,177.58
109.4,88.629,15.148,1270.16,0.0,0.0,0.0,76.63,177.59
109.46,88.703,15.165,1269.6,0.0,0.0,0.0,76.62,177.6
109.5,88.752,15.176,1269.22,0.0,0.0,0.0,76.62,177.6
109.56,88.827,15.193,1268.67,0.0,0.0,0.0,76.61,177.62
109.6,88.876,15.204,1268.29,0.0,0.0,0.0,76.61,177.62
109.66,88.95,15.221,1267.74,0.0,0.0,0.0,76.6,177.63
109.72,89.024,15.238,1267.18,0.0,0.0,0.0,76.6,177.65
109.76,89.074,15.249,1266.8,0.0,0.0,0.0,76.6,177.65
109.82,89.148,15.266,1266.25,0.0,0.0,0.0,76.59,177.66
109.86,89.197,15.277,1265.87,0.0,0.0,0.0,76.59,177.67
109.92,89.271,15.293,1265.32,0.0,0.0,0.0,76.58,177.68
109.96,89.321,15.305,1264.94,0.0,0.0,0.0,76.58,177.69
110.02,89.394,15.321,1264.38,0.0,0.0,0.0,76.57,177.7
110.06,89.444,15.333,1264.01,0.0,0.0,0.0,76.57,177.71
110.12,89.518,15.349,1263.45,0.0,0.0,0.0,76.56,177.72
110.16,89.567,15.36,1263.08,0.0,0.0,0.0,76.56,177.73
110.22,89.641,15.377,1262.52,0.0,0.0,0.0,76.55,177.74
110.26,89.69,15.388,1262.15,0.0,0.0,0.0,76.55,177.75
110.3,89.739,15.4,1261.78,0.0,0.0,0.0,76.55,177.75
110.36,89.813,15.416,1261.22,0.0,0.0,0.0,76.54,177.77
110.42,89.887,15.433,1260.66,0.0,0.0,0.0,76.54,177.78
110.46,89.936,15.444,1260.29,0.0,0.0,0.0,76.53,177.78
110.52,90.009,15.461,1259.73,0.0,0.0,0.0,76.53,177.8
110.56,90.058,15.472,1259.36,0.0,0.0,0.0,76.52,177.8
110.62,90.132,15.489,1258.8,0.0,0.0,0.0,76.52,177.81
110.66,90.181,15.5,1258.43,0.0,0.0,0.0,76.51,177.82
110.72,90.255,15.517,1257.87,0.0,0.0,0.0,76.51,177.83
110.76,90.304,15.528,1257.5,0.0,0.0,0.0,76.5,177.84
110.82,90.377,15.545,1256.94,0.0,0.0,0.0,76.5,177.85
110.88,90.451,15.562,1256.39,0.0,0.0,0.0,76.49,177.86
110.92,90.5,15.573,1256.01,0.0,0.0,0.0,76.49,177.87
110.98,90.573,15.589,1255.46,0.0,0.0,0.0,76.48,177.88
111.02,90.622,15.601,1255.08,0.0,0.0,0.0,76.48,177.89
111.06,90.671,15.612,1254.71,0.0,0.0,0.0,76.48,177.9
111.12,90.744,15.629,1254.15,0.0,0.0,0.0,76.47,177.91
111.16,90.793,15.64,1253.78,0.0,0.0,0.0,76.47,177.91
111.22,90.866,15.656,1253.22,0.0,0.0,0.0,76.46,177.93
111.28,90.939,15.673,1252.67,0.0,0.0,0.0,76.46,177.94
111.32,90.988,15.684,1252.3,0.0,0.0,0.0,76.45,177.94
111.38,91.061,15.701,1251.74,0.0,0.0,0.0,76.45,177.96
111.42,91.11,15.712,1251.37,0.0,0.0,0.0,76.44,177.96
111.46,91.159,15.723,1250.99,0.0,0.0,0.0,76.44,177.97
111.52,91.232,15.74,1250.44,0.0,0.0,0.0,76.44,177.98
111.58,91.305,15.757,1249.88,0.0,0.0,0.0,76.43,177.99
111.62,91.354,15.768,1249.51,0.0,0.0,0.0,76.43,178.0
111.68,91.427,15.785,1248.95,0.0,0.0,0.0,76.42,178.01
111.72,91.475,15.796,1248.58,0.0,0.0,0.0,76.42,178.02
111.78,91.548,15.813,1248.02,0.0,0.0,0.0,76.41,178.03
111.82,91.597,15.824,1247.65,0.0,0.0,0.0,76.41,178.04
111.88,91.67,15.841,1247.09,0.0,0.0,0.0,76.4,178.05
111.92,91.718,15.852,1246.72,0.0,0.0,0.0,76.4,178.05
111.98,91.791,15.869,1246.16,0.0,0.0,0.0,76.39,178.07
112.02,91.84,15.88,1245.79,0.0,0.0,0.0,76.39,178.07
112.08,91.912,15.897,1245.23,0.0,0.0,0.0,76.38,178.08
112.14,91.985,15.913,1244.68,0.0,0.0,0.0,76.38,178.09
112.18,92.034,15.924,1244.3,0.0,0.0,0.0,76.38,178.1
112.22,92.082,15.936,1243.93,0.0,0.0,0.0,76.37,178.11
112.28,92.155,15.952,1243.38,0.0,0.0,0.0,76.37,178.12
112.32,92.203,15.963,1243.0,0.0,0.0,0.0,76.36,178.13
112.38,92.276,15.98,1242.45,0.0,0.0,0.0,76.36,178.14
112.44,92.348,15.997,1241.89,0.0,0.0,0.0,76.35,178.15
112.48,92.397,16.008,1241.52,0.0,0.0,0.0,76.35,178.16
112.54,92.469,16.025,1240.96,0.0,0.0,0.0,76.34,178.17
112.58,92.518,16.036,1240.59,0.0,0.0,0.0,76.34,178.17
112.62,92.566,16.047,1240.22,0.0,0.0,0.0,76.34,178.18
112.68,92.638,16.064,1239.66,0.0,0.0,0.0,76.33,178.19
112.72,92.687,16.075,1239.29,0.0,0.0,0.0,76.33,178.2
112.78,92.759,16.092,1238.73,0.0,0.0,0.0,76.32,178.21
112.84,92.831,16.109,1238.18,0.0,0.0,0.0,76.32,178.22
112.88,92.879,16.12,1237.81,0.0,0.0,0.0,76.31,178.23
112.94,92.952,16.137,1237.25,0.0,0.0,0.0,76.31,178.24
112.98,93.0,16.148,1236.88,0.0,0.0,0.0,76.3,178.25
113.02,93.048,16.159,1236.51,0.0,0.0,0.0,76.3,178.25
113.08,93.12,16.176,1235.95,0.0,0.0,0.0,76.29,178.27
113.14,93.192,16.192,1235.39,0.0,0.0,0.0,76.29,178.28
113.18,93.24,16.203,1235.02,0.0,0.0,0.0,76.28,178.28
113.24,93.313,16.22,1234.47,0.0,0.0,0.0,76.28,178.29
113.28,93.361,16.231,1234.09,0.0,0.0,0.0,76.28,178.3
113.34,93.433,16.248,1233.54,0.0,0.0,0.0,76.27,178.31
113.4,93.505,16.265,1232.98,0.0,0.0,0.0,76.26,178.32
113.44,93.553,16.276,1232.61,0.0,0.0,0.0,76.26,178.33
113.48,93.601,16.287,1232.24,0.0,0.0,0.0,76.26,178.34
113.54,93.673,16.304,1231.68,0.0,0.0,0.0,76.25,178.35
113.58,93.72,16.315,1231.31,0.0,0.0,0.0,76.25,178.36
113.64,93.792,16.332,1230.75,0.0,0.0,0.0,76.24,178.37
113.68,93.84,16.343,1230.38,0.0,0.0,0.0,76.24,178.37
113.74,93.912,16.36,1229.83,0.0,0.0,0.0,76.23,178.38
113.8,93.984,16.376,1229.27,0.0,0.0,0.0,76.23,178.39
113.82,94.008,16.382,1229.08,0.0,0.0,0.0,76.23,178.4
113.88,94.08,16.399,1228.53,0.0,0.0,0.0,76.22,178.41
113.94,94.151,16.415,1227.97,0.0,0.0,0.0,76.22,178.42
113.98,94.199,16.427,1227.6,0.0,0.0,0.0,76.21,178.43
114.04,94.271,16.443,1227.05,0.0,0.0,0.0,76.21,178.44
114.08,94.318,16.455,1226.67,0.0,0.0,0.0,76.2,178.44
114.14,94.39,16.471,1226.12,0.0,0.0,0.0,76.2,178.46
114.2,94.462,16.488,1225.56,0.0,0.0,0.0,76.19,178.47
114.24,94.509,16.499,1225.19,0.0,0.0,0.0,76.19,178.47
114.3,94.581,16.516,1224.63,0.0,0.0,0.0,76.18,178.48
114.34,94.628,16.527,1224.26,0.0,0.0,0.0,76.18,178.49
114.4,94.7,16.544,1223.71,0.0,0.0,0.0,76.17,178.5
114.44,94.747,16.555,1223.34,0.0,0.0,0.0,76.17,178.51
114.5,94.819,16.572,1222.78,0.0,0.0,0.0,76.17,178.52
114.54,94.866,16.583,1222.41,0.0,0.0,0.0,76.16,178.53
114.6,94.938,16.6,1221.85,0.0,0.0,0.0,76.16,178.54
114.64,94.985,16.611,1221.48,0.0,0.0,0.0,76.15,178.54
114.7,95.057,16.627,1220.93,0.0,0.0,0.0,76.15,178.56
114.74,95.104,16.639,1220.56,0.0,0.0,0.0,76.14,178.56
114.8,95.175,16.655,1220.0,0.0,0.0,0.0,76.14,178.57
114.84,95.223,16.666,1219.63,0.0,0.0,0.0,76.13,178.58
114.88,95.27,16.678,1219.26,0.0,0.0,0.0,76.13,178.59
114.94,95.341,16.694,1218.7,0.0,0.0,0.0,76.13,178.6
115.0,95.412,16.711,1218.15,0.0,0.0,0.0,76.12,178.61
115.04,95.46,16.722,1217.78,0.0,0.0,0.0,76.12,178.62
115.1,95.531,16.739,1217.22,0.0,0.0,0.0,76.11,178.63
115.16,95.602,16.756,1216.67,0.0,0.0,0.0,76.11,178.64
115.2,95.649,16.767,1216.3,0.0,0.0,0.0,76.1,178.64
115.26,95.72,16.784,1215.74,0.0,0.0,0.0,76.1,178.65
115.3,95.767,16.795,1215.37,0.0,0.0,0.0,76.09,178.66
115.34,95.815,16.806,1215.0,0.0,0.0,0.0,76.09,178.67
115.4,95.886,16.823,1214.44,0.0,0.0,0.0,76.08,178.68
115.44,95.933,16.834,1214.07,0.0,0.0,0.0,76.08,178.69
115.5,96.004,16.85,1213.52,0.0,0.0,0.0,76.07,178.7
115.56,96.074,16.867,1212.96,0.0,0.0,0.0,76.07,178.71
115.6,96.121,16.878,1212.59,0.0,0.0,0.0,76.07,178.71
115.66,96.192,16.895,1212.04,0.0,0.0,0.0,76.06,178.72
115.7,96.239,16.906,1211.66,0.0,0.0,0.0,76.06,178.73
115.74,96.286,16.917,1211.29,0.0,0.0,0.0,76.05,178.74
115.8,96.357,16.934,1210.74,0.0,0.0,0.0,76.05,178.75
115.84,96.404,16.945,1210.37,0.0,0.0,0.0,76.04,178.76
115.9,96.475,16.962,1209.81,0.0,0.0,0.0,76.04,178.77
115.96,96.545,16.979,1209.26,0.0,0.0,0.0,76.03,178.78
116.0,96.592,16.99,1208.89,0.0,0.0,0.0,76.03,178.78
116.06,96.663,17.007,1208.33,0.0,0.0,0.0,76.02,178.79
116.1,96.71,17.018,1207.96,0.0,0.0,0.0,76.02,178.8
116.16,96.78,17.034,1207.41,0.0,0.0,0.0,76.02,178.81
116.2,96.827,17.046,1207.04,0.0,0.0,0.0,76.01,178.82
116.26,96.898,17.062,1206.48,0.0,0.0,0.0,76.01,178.83
116.3,96.944,17.073,1206.11,0.0,0.0,0.0,76.0,178.83
116.36,97.015,17.09,1205.56,0.0,0.0,0.0,76.0,178.85
116.4,97.062,17.101,1205.19,0.0,0.0,0.0,75.99,178.85
116.46,97.132,17.118,1204.63,0.0,0.0,0.0,75.99,178.86
116.5,97.179,17.129,1204.26,0.0,0.0,0.0,75.98,178.87
116.56,97.249,17.146,1203.71,0.0,0.0,0.0,75.98,178.88
116.6,97.296,17.157,1203.34,0.0,0.0,0.0,75.98,178.89
116.66,97.366,17.174,1202.78,0.0,0.0,0.0,75.97,178.9
116.7,97.413,17.185,1202.41,0.0,0.0,0.0,75.97,178.9
116.76,97.483,17.202,1201.86,0.0,0.0,0.0,75.96,178.91
116.8,97.529,17.213,1201.49,0.0,0.0,0.0,75.96,178.92
116.86,97.599,17.23,1200.93,0.0,0.0,0.0,75.95,178.93
116.9,97.646,17.241,1200.56,0.0,0.0,0.0,75.95,178.94
116.96,97.716,17.257,1200.01,0.0,0.0,0.0,75.94,178.95
117.0,97.763,17.269,1199.64,0.0,0.0,0.0,75.94,178.96
117.06,97.833,17.285,1199.08,0.0,0.0,0.0,75.93,178.97
117.12,97.903,17.302,1198.53,0.0,0.0,0.0,75.93,178.98
117.16,97.949,17.313,1198.16,0.0,0.0,0.0,75.93,178.98
117.2,97.996,17.324,1197.79,0.0,0.0,0.0,75.92,178.99
117.26,98.066,17.341,1197.23,0.0,0.0,0.0,75.92,179.0
117.3,98.112,17.352,1196.86,0.0,0.0,0.0,75.91,179.01
117.36,98.182,17.369,1196.31,0.0,0.0,0.0,75.91,179.02
117.4,98.228,17.38,1195.94,0.0,0.0,0.0,75.9,179.02
117.46,98.298,17.397,1195.38,0.0,0.0,0.0,75.9,179.03
117.52,98.368,17.413,1194.83,0.0,0.0,0.0,75.89,179.04
117.56,98.414,17.425,1194.46,0.0,0.0,0.0,75.89,179.05
117.62,98.484,17.441,1193.9,0.0,0.0,0.0,75.88,179.06
117.66,98.53,17.452,1193.53,0.0,0.0,0.0,75.88,179.07
117.7,98.576,17.464,1193.16,0.0,0.0,0.0,75.88,179.07
117.76,98.646,17.48,1192.61,0.0,0.0,0.0,75.87,179.08
117.8,98.692,17.491,1192.24,0.0,0.0,0.0,75.87,179.09
117.86,98.762,17.508,1191.69,0.0,0.0,0.0,75.86,179.1
117.92,98.831,17.525,1191.13,0.0,0.0,0.0,75.86,179.11
117.96,98.877,17.536,1190.76,0.0,0.0,0.0,75.85,179.12
118.02,98.947,17.553,1190.21,0.0,0.0,0.0,75.85,179.13
118.06,98.993,17.564,1189.84,0.0,0.0,0.0,75.84,179.14
118.12,99.062,17.581,1189.28,0.0,0.0,0.0,75.84,179.15
119.02,100.098,17.831,1180.97,0.0,0.0,0.0,75.76,179.3
119.06,100.144,17.842,1180.6,0.0,0.0,0.0,75.75,179.3
119.1,100.19,17.853,1180.23,0.0,0.0,0.0,75.75,179.31
119.16,100.258,17.87,1179.68,0.0,0.0,0.0,75.74,179.32
119.2,100.304,17.881,1179.31,0.0,0.0,0.0,75.74,179.33
119.26,100.373,17.898,1178.76,0.0,0.0,0.0,75.74,179.34
119.3,100.419,17.909,1178.39,0.0,0.0,0.0,75.73,179.34
119.34,100.464,17.92,1178.02,0.0,0.0,0.0,75.73,179.35
119.4,100.533,17.937,1177.47,0.0,0.0,0.0,75.72,179.36
119.46,100.602,17.954,1176.91,0.0,0.0,0.0,75.72,179.37
119.5,100.647,17.965,1176.54,0.0,0.0,0.0,75.71,179.38
119.56,100.716,17.982,1175.99,0.0,0.0,0.0,75.71,179.39
119.6,100.761,17.993,1175.62,0.0,0.0,0.0,75.71,179.39
119.66,100.83,18.009,1175.07,0.0,0.0,0.0,75.7,179.4
119.7,100.875,18.021,1174.7,0.0,0.0,0.0,75.7,179.41
119.76,100.944,18.037,1174.14,0.0,0.0,0.0,75.69,179.42
119.8,100.989,18.048,1173.77,0.0,0.0,0.0,75.69,179.43
119.86,101.058,18.065,1173.22,0.0,0.0,0.0,75.68,179.44
119.92,101.126,18.082,1172.67,0.0,0.0,0.0,75.68,179.45
119.96,101.172,18.093,1172.3,0.0,0.0,0.0,75.67,179.45
120.0,101.217,18.104,1171.93,0.0,0.0,0.0,75.67,179.46
120.06,101.285,18.121,1171.38,0.0,0.0,0.0,75.66,179.47
120.1,101.331,18.132,1171.01,0.0,0.0,0.0,75.66,179.48
120.16,101.399,18.149,1170.45,0.0,0.0,0.0,75.65,179.49
120.2,101.444,18.16,1170.09,0.0,0.0,0.0,75.65,179.49
120.26,101.512,18.176,1169.53,0.0,0.0,0.0,75.65,179.5
120.32,101.58,18.193,1168.98,0.0,0.0,0.0,75.64,179.51
120.36,101.626,18.204,1168.61,0.0,0.0,0.0,75.64,179.52
120.42,101.694,18.221,1168.06,0.0,0.0,0.0,75.63,179.53
120.46,101.739,18.232,1167.69,0.0,0.0,0.0,75.63,179.53
120.5,101.784,18.243,1167.32,0.0,0.0,0.0,75.62,179.54
120.56,101.852,18.26,1166.77,0.0,0.0,0.0,75.62,179.55
120.62,101.92,18.277,1166.21,0.0,0.0,0.0,75.61,179.56
120.66,101.966,18.288,1165.84,0.0,0.0,0.0,75.61,179.57
120.72,102.033,18.304,1165.29,0.0,0.0,0.0,75.6,179.58
120.76,102.079,18.316,1164.92,0.0,0.0,0.0,75.6,179.58
120.8,102.124,18.327,1164.55,0.0,0.0,0.0,75.6,179.59
120.86,102.192,18.343,1164.0,0.0,0.0,0.0,75.59,179.6
120.92,102.259,18.36,1163.45,0.0,0.0,0.0,75.59,179.61
120.96,102.304,18.371,1163.08,0.0,0.0,0.0,75.58,179.62
121.02,102.372,18.388,1162.53,0.0,0.0,0.0,75.58,179.63
121.06,102.417,18.399,1162.16,0.0,0.0,0.0,75.57,179.63
121.1,102.462,18.41,1161.79,0.0,0.0,0.0,75.57,179.64
121.16,102.53,18.427,1161.24,0.0,0.0,0.0,75.56,179.65
121.22,102.597,18.444,1160.68,0.0,0.0,0.0,75.56,179.66
121.26,102.642,18.455,1160.32,0.0,0.0,0.0,75.56,179.66
121.32,102.71,18.471,1159.76,0.0,0.0,0.0,75.55,179.67
121.36,102.755,18.483,1159.39,0.0,0.0,0.0,75.55,179.68
121.42,102.822,18.499,1158.84,0.0,0.0,0.0,75.54,179.69
121.46,102.867,18.516,1158.47,0.0,0.0,0.0,75.54,179.7
121.52,102.935,18.533,1157.92,0.0,0.0,0.0,75.53,179.71
121.56,102.98,18.544,1157.55,0.0,0.0,0.0,75.53,179.72
121.62,103.047,18.56,1157.0,0.0,0.0,0.0,75.52,179.73
121.66,103.092,18.572,1156.63,0.0,0.0,0.0,75.52,179.73
121.72,103.159,18.588,1156.08,0.0,0.0,0.0,75.51,179.74
121.76,103.204,18.599,1155.71,0.0,0.0,0.0,75.51,179.75
121.82,103.271,18.616,1155.16,0.0,0.0,0.0,75.5,179.76
121.88,103.338,18.633,1154.61,0.0,0.0,0.0,75.5,179.77
121.92,103.383,18.644,1154.24,0.0,0.0,0.0,75.5,179.77
121.98,103.45,18.661,1153.68,0.0,0.0,0.0,75.49,179.78
122.02,103.495,18.672,1153.32,0.0,0.0,0.0,75.49,179.79
122.08,103.562,18.688,1152.76,0.0,0.0,0.0,75.48,179.8
122.12,103.607,18.7,1152.4,0.0,0.0,0.0,75.48,179.81
122.16,103.651,18.711,1152.03,0.0,0.0,0.0,75.47,179.81
122.22,103.718,18.727,1151.47,0.0,0.0,0.0,75.47,179.82
122.26,103.763,18.739,1151.11,0.0,0.0,0.0,75.47,179.83
122.32,103.83,18.755,1150.55,0.0,0.0,0.0,75.46,179.84
122.36,103.874,18.766,1150.19,0.0,0.0,0.0,75.46,179.84
122.42,103.941,18.783,1149.63,0.0,0.0,0.0,75.45,179.85
122.48,104.008,18.8,1149.08,0.0,0.0,0.0,75.44,179.86
122.52,104.053,18.811,1148.71,0.0,0.0,0.0,75.44,179.87
122.58,104.119,18.828,1148.16,0.0,0.0,0.0,75.43,179.88
122.62,104.164,18.839,1147.79,0.0,0.0,0.0,75.43,179.89
122.68,104.231,18.855,1147.24,0.0,0.0,0.0,75.43,179.89
122.72,104.275,18.866,1146.87,0.0,0.0,0.0,75.42,179.9
122.78,104.342,18.883,1146.32,0.0,0.0,0.0,75.42,179.91
122.82,104.386,18.894,1145.95,0.0,0.0,0.0,75.41,179.92
122.88,104.453,18.911,1145.4,0.0,0.0,0.0,75.41,179.93
122.94,104.519,18.928,1144.85,0.0,0.0,0.0,75.4,179.94
122.98,104.564,18.939,1144.48,0.0,0.0,0.0,75.4,179.94
123.02,104.608,18.95,1144.11,0.0,0.0,0.0,75.39,179.95
123.08,104.675,18.967,1143.56,0.0,0.0,0.0,75.39,179.96
123.12,104.719,18.972,1143.19,0.0,0.0,0.0,75.39,179.96
123.18,104.785,18.989,1142.64,0.0,0.0,0.0,75.38,179.97
123.22,104.83,19.0,1142.27,0.0,0.0,0.0,75.38,179.98
123.28,104.896,19.017,1141.72,0.0,0.0,0.0,75.37,179.99
123.34,104.962,19.033,1141.17,0.0,0.0,0.0,75.37,180.0
123.38,105.007,19.044,1140.8,0.0,0.0,0.0,75.36,180.0
123.42,105.051,19.056,1140.43,0.0,0.0,0.0,75.36,180.01
123.48,105.117,19.072,1139.88,0.0,0.0,0.0,75.36,180.02
123.54,105.183,19.089,1139.33,0.0,0.0,0.0,75.35,180.03
123.58,105.227,19.1,1138.96,0.0,0.0,0.0,75.35,180.03
123.64,105.294,19.117,1138.41,0.0,0.0,0.0,75.34,180.04
123.68,105.338,19.128,1138.04,0.0,0.0,0.0,75.34,180.05
123.72,105.382,19.139,1137.68,0.0,0.0,0.0,75.33,180.06
123.78,105.448,19.156,1137.13,0.0,0.0,0.0,75.33,180.06
123.84,105.514,19.172,1136.57,0.0,0.0,0.0,75.32,180.07
123.88,105.558,19.184,1136.21,0.0,0.0,0.0,75.32,180.08
123.94,105.624,19.2,1135.65,0.0,0.0,0.0,75.31,180.09
123.98,105.668,19.211,1135.29,0.0,0.0,0.0,75.31,180.1
124.02,105.712,19.222,1134.92,0.0,0.0,0.0,75.31,180.1
124.08,105.778,19.239,1134.37,0.0,0.0,0.0,75.3,180.11
124.14,105.844,19.256,1133.82,0.0,0.0,0.0,75.3,180.12
124.18,105.888,19.267,1133.45,0.0,0.0,0.0,75.29,180.13
124.24,105.953,19.284,1132.9,0.0,0.0,0.0,75.29,180.14
124.28,105.997,19.295,1132.53,0.0,0.0,0.0,75.28,180.14
124.34,106.063,19.311,1131.98,0.0,0.0,0.0,75.28,180.15
124.38,106.107,19.323,1131.61,0.0,0.0,0.0,75.27,180.16
124.44,106.173,19.339,1131.06,0.0,0.0,0.0,75.27,180.17
124.48,106.216,19.35,1130.69,0.0,0.0,0.0,75.27,180.17
124.54,106.282,19.367,1130.14,0.0,0.0,0.0,75.26,180.18
124.58,106.326,19.378,1129.77,0.0,0.0,0.0,75.26,180.19
124.64,106.391,19.395,1129.22,0.0,0.0,0.0,75.25,180.2
124.68,106.435,19.406,1128.86,0.0,0.0,0.0,75.25,180.2
124.74,106.501,19.423,1128.3,0.0,0.0,0.0,75.24,180.21
124.8,106.566,19.439,1127.75,0.0,0.0,0.0,75.24,180.22
124.84,106.61,19.45,1127.39,0.0,0.0,0.0,75.23,180.23
124.88,106.654,19.462,1127.02,0.0,0.0,0.0,75.23,180.24
124.94,106.719,19.478,1126.47,0.0,0.0,0.0,75.22,180.24
125.0,106.784,19.495,1125.92,0.0,0.0,0.0,75.22,180.25
125.04,106.828,19.506,1125.55,0.0,0.0,0.0,75.21,180.26
125.1,106.893,19.523,1125.0,0.0,0.0,0.0,75.21,180.27
125.14,106.937,19.534,1124.63,0.0,0.0,0.0,75.21,180.28
125.18,106.98,19.545,1124.26,0.0,0.0,0.0,75.2,180.28
125.24,107.046,19.562,1123.71,0.0,0.0,0.0,75.2,180.29
125.3,107.111,19.578,1123.16,0.0,0.0,0.0,75.19,180.3
125.34,107.154,19.589,1122.8,0.0,0.0,0.0,75.19,180.31
125.4,107.22,19.606,1122.25,0.0,0.0,0.0,75.18,180.32
125.44,107.263,19.617,1121.88,0.0,0.0,0.0,75.18,180.32
125.5,107.328,19.634,1121.33,0.0,0.0,0.0,75.17,180.33
125.54,107.371,19.645,1120.96,0.0,0.0,0.0,75.17,180.34
125.6,107.437,19.662,1120.41,0.0,0.0,0.0,75.16,180.35
125.64,107.48,19.673,1120.04,0.0,0.0,0.0,75.16,180.35
125.68,107.523,19.684,1119.68,0.0,0.0,0.0,75.16,180.36
125.74,107.588,19.701,1119.12,0.0,0.0,0.0,75.15,180.37
125.8,107.653,19.717,1118.57,0.0,0.0,0.0,75.15,180.38
125.84,107.696,19.728,1118.21,0.0,0.0,0.0,75.14,180.38
125.9,107.761,19.745,1117.66,0.0,0.0,0.0,75.14,180.39
125.94,107.805,19.756,1117.29,0.0,0.0,0.0,75.13,180.4
126.0,107.869,19.773,1116.74,0.0,0.0,0.0,75.13,180.41
126.04,107.913,19.784,1116.37,0.0,0.0,0.0,75.12,180.41
126.1,107.977,19.801,1115.82,0.0,0.0,0.0,75.12,180.42
126.14,108.021,19.812,1115.46,0.0,0.0,0.0,75.12,180.43
126.2,108.085,19.828,1114.91,0.0,0.0,0.0,75.11,180.44
126.26,108.15,19.845,1114.35,0.0,0.0,0.0,75.1,180.45
126.28,108.172,19.851,1114.17,0.0,0.0,0.0,75.1,180.45
126.34,108.236,19.867,1113.62,0.0,0.0,0.0,75.1,180.46
126.4,108.301,19.884,1113.07,0.0,0.0,0.0,75.09,180.47
126.46,108.365,19.901,1112.52,0.0,0.0,0.0,75.09,180.48
126.5,108.408,19.912,1112.15,0.0,0.0,0.0,75.08,180.48
126.54,108.451,19.923,1111.79,0.0,0.0,0.0,75.08,180.49
126.6,108.516,19.939,1111.24,0.0,0.0,0.0,75.07,180.5
126.64,108.559,19.951,1110.87,0.0,0.0,0.0,75.07,180.5
126.7,108.623,19.967,1110.32,0.0,0.0,0.0,75.06,180.51
126.74,108.666,19.978,1109.95,0.0,0.0,0.0,75.06,180.52
126.8,108.731,19.995,1109.4,0.0,0.0,0.0,75.06,180.53
126.84,108.774,20.006,1109.04,0.0,0.0,0.0,75.05,180.53
126.9,108.838,20.023,1108.49,0.0,0.0,0.0,75.05,180.54
126.96,108.902,20.039,1107.94,0.0,0.0,0.0,75.04,180.55
127.0,108.945,20.051,1107.57,0.0,0.0,0.0,75.04,180.56
127.04,108.988,20.062,1107.2,0.0,0.0,0.0,75.03,180.56
127.1,109.052,20.078,1106.65,0.0,0.0,0.0,75.03,180.57
127.16,109.116,20.095,1106.1,0.0,0.0,0.0,75.02,180.58
127.2,109.159,20.106,1105.74,0.0,0.0,0.0,75.02,180.59
127.26,109.223,20.123,1105.19,0.0,0.0,0.0,75.01,180.6
127.3,109.266,20.134,1104.82,0.0,0.0,0.0,75.01,180.6
127.36,109.33,20.151,1104.27,0.0,0.0,0.0,75.01,180.61
127.4,109.373,20.162,1103.91,0.0,0.0,0.0,75.0,180.62
127.46,109.437,20.178,1103.36,0.0,0.0,0.0,75.0,180.63
127.5,109.479,20.189,1102.99,0.0,0.0,0.0,74.99,180.63
127.56,109.543,20.206,1102.44,0.0,0.0,0.0,74.99,180.64
127.6,109.586,20.217,1102.07,0.0,0.0,0.0,74.98,180.65
127.66,109.65,20.234,1101.52,0.0,0.0,0.0,74.98,180.66
127.7,109.692,20.245,1101.16,0.0,0.0,0.0,74.97,180.66
127.76,109.756,20.262,1100.61,0.0,0.0,0.0,74.97,180.67
127.8,109.799,20.273,1100.24,0.0,0.0,0.0,74.97,180.68
127.86,109.862,20.289,1099.69,0.0,0.0,0.0,74.96,180.69
127.92,109.926,20.306,1099.14,0.0,0.0,0.0,74.95,180.69
127.96,109.969,20.317,1098.78,0.0,0.0,0.0,74.95,180.7
128.0,110.011,20.328,1098.41,0.0,0.0,0.0,74.95,180.71
128.06,110.075,20.345,1097.86,0.0,0.0,0.0,74.94,180.72
128.1,110.117,20.356,1097.49,0.0,0.0,0.0,74.94,180.72
128.16,110.181,20.373,1096.94,0.0,0.0,0.0,74.93,180.73
128.22,110.244,20.389,1096.4,0.0,0.0,0.0,74.93,180.74
128.26,110.287,20.401,1096.03,0.0,0.0,0.0,74.92,180.75
128.32,110.35,20.417,1095.48,0.0,0.0,0.0,74.92,180.75
128.36,110.393,20.428,1095.11,0.0,0.0,0.0,74.91,180.76
128.4,110.435,20.439,1094.75,0.0,0.0,0.0,74.91,180.77
128.46,110.498,20.456,1094.2,0.0,0.0,0.0,74.91,180.77
128.52,110.562,20.473,1093.65,0.0,0.0,0.0,74.9,180.78
128.56,110.604,20.484,1093.28,0.0,0.0,0.0,74.9,180.79
128.6,110.646,20.495,1092.92,0.0,0.0,0.0,74.89,180.8
128.66,110.709,20.512,1092.37,0.0,0.0,0.0,74.89,180.8
128.72,110.773,20.528,1091.82,0.0,0.0,0.0,74.88,180.81
128.76,110.815,20.539,1091.45,0.0,0.0,0.0,74.88,180.82
128.82,110.878,20.556,1090.9,0.0,0.0,0.0,74.87,180.83
128.86,110.92,20.567,1090.54,0.0,0.0,0.0,74.87,180.83
128.9,110.962,20.578,1090.17,0.0,0.0,0.0,74.87,180.84
128.96,111.026,20.595,1089.62,0.0,0.0,0.0,74.86,180.85
129.02,111.089,20.612,1089.07,0.0,0.0,0.0,74.85,180.86
129.06,111.131,20.623,1088.71,0.0,0.0,0.0,74.85,180.86
129.12,111.194,20.639,1088.16,0.0,0.0,0.0,74.85,180.87
129.16,111.236,20.65,1087.79,0.0,0.0,0.0,74.84,180.88
129.22,111.299,20.667,1087.25,0.0,0.0,0.0,74.84,180.89
129.26,111.341,20.678,1086.88,0.0,0.0,0.0,74.83,180.89
129.32,111.404,20.695,1086.33,0.0,0.0,0.0,74.83,180.9
129.36,111.446,20.706,1085.96,0.0,0.0,0.0,74.82,180.91
129.42,111.509,20.723,1085.42,0.0,0.0,0.0,74.82,180.92
129.46,111.551,20.734,1085.05,0.0,0.0,0.0,74.82,180.92
129.52,111.613,20.75,1084.5,0.0,0.0,0.0,74.81,180.93
129.58,111.676,20.767,1083.95,0.0,0.0,0.0,74.8,180.94
129.62,111.718,20.778,1083.59,0.0,0.0,0.0,74.8,180.94
129.66,111.76,20.789,1083.22,0.0,0.0,0.0,74.8,180.95
129.72,111.823,20.806,1082.67,0.0,0.0,0.0,74.79,180.96
129.76,111.864,20.817,1082.31,0.0,0.0,0.0,74.79,180.96
129.82,111.927,20.834,1081.76,0.0,0.0,0.0,74.78,180.97
129.88,111.99,20.85,1081.21,0.0,0.0,0.0,74.78,180.98
129.92,112.031,20.861,1080.85,0.0,0.0,0.0,74.77,180.99
129.96,112.073,20.873,1080.48,0.0,0.0,0.0,74.77,180.99
130.02,112.136,20.889,1079.93,0.0,0.0,0.0,74.76,181.0
130.08,112.198,20.906,1079.38,0.0,0.0,0.0,74.76,181.01
130.12,112.24,20.917,1079.02,0.0,0.0,0.0,74.76,181.02
130.18,112.302,20.934,1078.47,0.0,0.0,0.0,74.75,181.03
130.22,112.344,20.945,1078.1,0.0,0.0,0.0,74.75,181.03
130.28,112.406,20.961,1077.56,0.0,0.0,0.0,74.74,181.04
130.32,112.448,20.972,1077.19,0.0,0.0,0.0,74.74,181.05
130.38,112.51,20.989,1076.64,0.0,0.0,0.0,74.73,181.05
130.42,112.552,21.0,1076.28,0.0,0.0,0.0,74.73,181.06
130.48,112.614,21.017,1075.73,0.0,0.0,0.0,74.72,181.07
130.52,112.656,21.028,1075.36,0.0,0.0,0.0,74.72,181.07
130.58,112.718,21.045,1074.81,0.0,0.0,0.0,74.71,181.08
130.62,112.759,21.056,1074.45,0.0,0.0,0.0,74.71,181.09
130.68,112.821,21.072,1073.9,0.0,0.0,0.0,74.7,181.1
130.72,112.863,21.083,1073.54,0.0,0.0,0.0,74.7,181.1
130.78,112.925,21.1,1072.99,0.0,0.0,0.0,74.7,181.11
130.82,112.966,21.111,1072.62,0.0,0.0,0.0,74.69,181.12
130.88,113.028,21.128,1072.07,0.0,0.0,0.0,74.69,181.13
130.92,113.07,21.139,1071.71,0.0,0.0,0.0,74.68,181.13
130.98,113.132,21.156,1071.16,0.0,0.0,0.0,74.68,181.14
131.02,113.173,21.167,1070.8,0.0,0.0,0.0,74.67,181.15
131.08,113.235,21.183,1070.25,0.0,0.0,0.0,74.67,181.15
131.12,113.276,21.194,1069.88,0.0,0.0,0.0,74.66,181.16
131.18,113.338,21.211,1069.34,0.0,0.0,0.0,74.66,181.17
131.24,113.4,21.228,1068.79,0.0,0.0,0.0,74.65,181.18
131.28,113.441,21.239,1068.42,0.0,0.0,0.0,74.65,181.18
131.32,113.483,21.25,1068.06,0.0,0.0,0.0,74.65,181.19
131.38,113.544,21.267,1067.51,0.0,0.0,0.0,74.64,181.2
131.42,113.586,21.278,1067.15,0.0,0.0,0.0,74.64,181.2
131.48,113.647,21.294,1066.6,0.0,0.0,0.0,74.63,181.21
131.54,113.709,21.311,1066.05,0.0,0.0,0.0,74.63,181.22
131.58,113.75,21.322,1065.69,0.0,0.0,0.0,74.62,181.23
131.62,113.791,21.333,1065.32,0.0,0.0,0.0,74.62,181.23
131.68,113.853,21.35,1064.77,0.0,0.0,0.0,74.61,181.24
131.74,113.914,21.366,1064.23,0.0,0.0,0.0,74.61,181.25
131.78,113.955,21.378,1063.86,0.0,0.0,0.0,74.6,181.25
131.84,114.017,21.394,1063.31,0.0,0.0,0.0,74.6,181.26
131.88,114.058,21.405,1062.95,0.0,0.0,0.0,74.6,181.27
131.92,114.099,21.416,1062.58,0.0,0.0,0.0,74.59,181.27
131.98,114.16,21.433,1062.04,0.0,0.0,0.0,74.59,181.28
132.04,114.222,21.45,1061.49,0.0,0.0,0.0,74.58,181.29
132.08,114.263,21.461,1061.12,0.0,0.0,0.0,74.58,181.3
132.14,114.324,21.477,1060.58,0.0,0.0,0.0,74.57,181.3
132.18,114.365,21.489,1060.21,0.0,0.0,0.0,74.57,181.31
132.22,114.406,21.5,1059.85,0.0,0.0,0.0,74.57,181.32
132.28,114.467,21.516,1059.3,0.0,0.0,0.0,74.56,181.32
132.34,114.528,21.533,1058.75,0.0,0.0,0.0,74.55,181.33
132.38,114.569,21.544,1058.39,0.0,0.0,0.0,74.55,181.34
132.44,114.63,21.561,1057.84,0.0,0.0,0.0,74.55,181.35
132.48,114.671,21.572,1057.48,0.0,0.0,0.0,74.54,181.35
132.52,114.712,21.583,1057.11,0.0,0.0,0.0,74.54,181.36
132.58,114.773,21.599,1056.56,0.0,0.0,0.0,74.53,181.37
132.64,114.834,21.616,1056.02,0.0,0.0,0.0,74.53,181.37
132.68,114.875,21.633,1055.65,0.0,0.0,0.0,74.52,181.38
132.74,114.936,21.649,1055.11,0.0,0.0,0.0,74.52,181.39
132.78,114.976,21.66,1054.74,0.0,0.0,0.0,74.51,181.4
132.84,115.037,21.677,1054.19,0.0,0.0,0.0,74.51,181.41
132.88,115.078,21.688,1053.83,0.0,0.0,0.0,74.5,181.41
132.94,115.139,21.705,1053.28,0.0,0.0,0.0,74.5,181.42
132.98,115.179,21.716,1052.92,0.0,0.0,0.0,74.49,181.43
133.04,115.24,21.733,1052.37,0.0,0.0,0.0,74.49,181.43
133.08,115.281,21.744,1052.01,0.0,0.0,0.0,74.49,181.44
133.14,115.341,21.76,1051.46,0.0,0.0,0.0,74.48,181.45
133.18,115.382,21.771,1051.1,0.0,0.0,0.0,74.48,181.45
133.24,115.443,21.788,1050.55,0.0,0.0,0.0,74.47,181.46
133.28,115.483,21.799,1050.18,0.0,0.0,0.0,74.47,181.47
133.34,115.544,21.816,1049.64,0.0,0.0,0.0,74.46,181.48
133.38,115.584,21.827,1049.27,0.0,0.0,0.0,74.46,181.48
133.44,115.645,21.844,1048.73,0.0,0.0,0.0,74.45,181.49
133.5,115.705,21.86,1048.18,0.0,0.0,0.0,74.45,181.5
133.54,115.746,21.871,1047.82,0.0,0.0,0.0,74.44,181.5
133.6,115.806,21.888,1047.27,0.0,0.0,0.0,74.44,181.51
133.64,115.847,21.899,1046.91,0.0,0.0,0.0,74.43,181.52
133.7,115.907,21.916,1046.36,0.0,0.0,0.0,74.43,181.52
133.74,115.947,21.927,1046.0,0.0,0.0,0.0,74.43,181.53
133.8,116.008,21.943,1045.45,0.0,0.0,0.0,74.42,181.54
133.84,116.048,21.954,1045.08,0.0,0.0,0.0,74.42,181.54
133.9,116.108,21.971,1044.54,0.0,0.0,0.0,74.41,181.55
133.94,116.149,21.982,1044.17,0.0,0.0,0.0,74.41,181.56
134.0,116.209,21.999,1043.63,0.0,0.0,0.0,74.4,181.57
134.06,116.269,22.015,1043.08,0.0,0.0,0.0,74.4,181.57
134.1,116.309,22.027,1042.72,0.0,0.0,0.0,74.39,181.58
134.16,116.369,22.043,1042.17,0.0,0.0,0.0,74.39,181.59
134.2,116.41,22.054,1041.81,0.0,0.0,0.0,74.38,181.59
134.26,116.47,22.071,1041.26,0.0,0.0,0.0,74.38,181.6
134.3,116.51,22.082,1040.9,0.0,0.0,0.0,74.38,181.61
134.36,116.57,22.099,1040.35,0.0,0.0,0.0,74.37,181.62
134.42,116.63,22.115,1039.81,0.0,0.0,0.0,74.37,181.62
134.46,116.67,22.126,1039.44,0.0,0.0,0.0,74.36,181.63
134.52,116.73,22.143,1038.9,0.0,0.0,0.0,74.36,181.64
134.56,116.77,22.154,1038.53,0.0,0.0,0.0,74.35,181.64
134.62,116.83,22.171,1037.99,0.0,0.0,0.0,74.35,181.65
134.66,116.87,22.182,1037.62,0.0,0.0,0.0,74.34,181.66
134.72,116.93,22.204,1037.08,0.0,0.0,0.0,74.34,181.67
134.78,116.99,22.215,1036.53,0.0,0.0,0.0,74.33,181.67
134.82,117.029,22.226,1036.17,0.0,0.0,0.0,74.33,181.68
134.88,117.089,22.237,1035.62,0.0,0.0,0.0,74.32,181.68
134.92,117.129,22.248,1035.26,0.0,0.0,0.0,74.32,181.69
134.96,117.169,22.259,1034.89,0.0,0.0,0.0,74.32,181.7
135.02,117.229,22.276,1034.35,0.0,0.0,0.0,74.31,181.7
135.08,117.288,22.293,1033.8,0.0,0.0,0.0,74.31,181.71
135.12,117.328,22.304,1033.44,0.0,0.0,0.0,74.3,181.72
135.16,117.368,22.315,1033.07,0.0,0.0,0.0,74.3,181.72
135.22,117.427,22.331,1032.53,0.0,0.0,0.0,74.29,181.73
135.28,117.487,22.348,1031.98,0.0,0.0,0.0,74.29,181.74
135.32,117.527,22.359,1031.62,0.0,0.0,0.0,74.28,181.74
135.36,117.566,22.37,1031.26,0.0,0.0,0.0,74.28,181.75
135.42,117.626,22.387,1030.71,0.0,0.0,0.0,74.27,181.76
135.48,117.685,22.403,1030.16,0.0,0.0,0.0,74.27,181.77
135.52,117.725,22.415,1029.8,0.0,0.0,0.0,74.27,181.77
135.58,117.784,22.431,1029.26,0.0,0.0,0.0,74.26,181.78
135.62,117.824,22.442,1028.89,0.0,0.0,0.0,74.26,181.78
135.68,117.883,22.459,1028.35,0.0,0.0,0.0,74.25,181.79
135.72,117.923,22.47,1027.98,0.0,0.0,0.0,74.25,181.8
135.78,117.982,22.487,1027.44,0.0,0.0,0.0,74.24,181.81
135.82,118.022,22.498,1027.07,0.0,0.0,0.0,74.24,181.81
135.88,118.081,22.514,1026.53,0.0,0.0,0.0,74.23,181.82
135.92,118.12,22.525,1026.17,0.0,0.0,0.0,74.23,181.83
135.98,118.179,22.542,1025.62,0.0,0.0,0.0,74.22,181.83
136.02,118.219,22.553,1025.26,0.0,0.0,0.0,74.22,181.84
136.08,118.278,22.57,1024.71,0.0,0.0,0.0,74.21,181.85
136.12,118.317,22.581,1024.35,0.0,0.0,0.0,74.21,181.85
136.18,118.376,22.597,1023.8,0.0,0.0,0.0,74.21,181.86
136.22,118.416,22.609,1023.44,0.0,0.0,0.0,74.2,181.87
136.28,118.475,22.625,1022.9,0.0,0.0,0.0,74.2,181.87
136.32,118.514,22.636,1022.53,0.0,0.0,0.0,74.19,181.88
136.38,118.573,22.653,1021.99,0.0,0.0,0.0,74.19,181.89
136.42,118.612,22.664,1021.62,0.0,0.0,0.0,74.18,181.89
136.48,118.671,22.681,1021.08,0.0,0.0,0.0,74.18,181.9
136.52,118.71,22.692,1020.72,0.0,0.0,0.0,74.17,181.91
136.58,118.769,22.708,1020.17,0.0,0.0,0.0,74.17,181.91
136.62,118.808,22.725,1019.81,0.0,0.0,0.0,74.16,181.92
136.68,118.867,22.742,1019.26,0.0,0.0,0.0,74.16,181.93
136.72,118.906,22.753,1018.9,0.0,0.0,0.0,74.15,181.94
136.78,118.965,22.769,1018.36,0.0,0.0,0.0,74.15,181.94
136.82,119.004,22.78,1017.99,0.0,0.0,0.0,74.15,181.95
136.88,119.063,22.797,1017.45,0.0,0.0,0.0,74.14,181.96
136.92,119.102,22.808,1017.09,0.0,0.0,0.0,74.14,181.96
136.98,119.161,22.825,1016.54,0.0,0.0,0.0,74.13,181.97
137.02,119.2,22.836,1016.18,0.0,0.0,0.0,74.13,181.98
137.08,119.258,22.852,1015.63,0.0,0.0,0.0,74.12,181.98
137.14,119.317,22.869,1015.09,0.0,0.0,0.0,74.12,181.99
137.18,119.356,22.88,1014.73,0.0,0.0,0.0,74.11,182.0
137.24,119.414,22.897,1014.18,0.0,0.0,0.0,74.11,182.0
137.28,119.453,22.908,1013.82,0.0,0.0,0.0,74.1,182.01
137.34,119.512,22.924,1013.27,0.0,0.0,0.0,74.1,182.02
137.38,119.55,22.935,1012.91,0.0,0.0,0.0,74.09,182.02
137.44,119.609,22.952,1012.37,0.0,0.0,0.0,74.09,182.03
137.5,119.667,22.969,1011.82,0.0,0.0,0.0,74.09,182.04
137.54,119.706,22.98,1011.46,0.0,0.0,0.0,74.08,182.04
137.6,119.764,22.996,1010.92,0.0,0.0,0.0,74.08,182.05
137.64,119.803,23.008,1010.55,0.0,0.0,0.0,74.07,182.06
137.7,119.861,23.024,1010.01,0.0,0.0,0.0,74.07,182.07
137.74,119.9,23.035,1009.65,0.0,0.0,0.0,74.06,182.07
137.78,119.939,23.046,1009.28,0.0,0.0,0.0,74.06,182.08
137.84,119.997,23.063,1008.74,0.0,0.0,0.0,74.05,182.08
137.9,120.055,23.08,1008.2,0.0,0.0,0.0,74.05,182.09
137.94,120.094,23.091,1007.83,0.0,0.0,0.0,74.05,182.1
138.0,120.152,23.107,1007.29,0.0,0.0,0.0,74.04,182.1
138.04,120.19,23.118,1006.93,0.0,0.0,0.0,74.03,182.11
138.1,120.248,23.135,1006.38,0.0,0.0,0.0,74.03,182.12
138.14,120.287,23.146,1006.02,0.0,0.0,0.0,74.03,182.12
138.2,120.345,23.163,1005.48,0.0,0.0,0.0,74.02,182.13
138.26,120.403,23.179,1004.93,0.0,0.0,0.0,74.02,182.14
138.3,120.441,23.19,1004.57,0.0,0.0,0.0,74.01,182.14
138.36,120.499,23.207,1004.03,0.0,0.0,0.0,74.01,182.15
138.4,120.538,23.218,1003.66,0.0,0.0,0.0,74.0,182.16
138.46,120.595,23.235,1003.12,0.0,0.0,0.0,74.0,182.17
138.5,120.634,23.246,1002.76,0.0,0.0,0.0,73.99,182.17
138.54,120.672,23.257,1002.39,0.0,0.0,0.0,73.99,182.18
138.6,120.73,23.273,1001.85,0.0,0.0,0.0,73.99,182.18
138.64,120.769,23.284,1001.49,0.0,0.0,0.0,73.98,182.19
138.7,120.826,23.301,1000.94,0.0,0.0,0.0,73.97,182.2
138.76,120.884,23.318,1000.4,0.0,0.0,0.0,73.97,182.2
138.8,120.922,23.329,1000.04,0.0,0.0,0.0,73.96,182.21
138.86,120.98,23.345,999.5,0.0,0.0,0.0,73.96,182.22
138.9,121.018,23.356,999.13,0.0,0.0,0.0,73.96,182.22
138.96,121.076,23.373,998.59,0.0,0.0,0.0,73.95,182.23
139.0,121.114,23.384,998.23,0.0,0.0,0.0,73.95,182.24
139.06,121.171,23.401,997.68,0.0,0.0,0.0,73.94,182.24
139.1,121.21,23.412,997.32,0.0,0.0,0.0,73.94,182.25
139.16,121.267,23.428,996.78,0.0,0.0,0.0,73.93,182.26
139.2,121.305,23.44,996.42,0.0,0.0,0.0,73.93,182.26
139.26,121.362,23.456,995.87,0.0,0.0,0.0,73.92,182.27
139.3,121.401,23.467,995.51,0.0,0.0,0.0,73.92,182.27
139.36,121.458,23.484,994.97,0.0,0.0,0.0,73.92,182.28
139.4,121.496,23.495,994.61,0.0,0.0,0.0,73.91,182.29
139.46,121.553,23.512,994.06,0.0,0.0,0.0,73.9,182.3
139.5,121.591,23.523,993.7,0.0,0.0,0.0,73.9,182.3
139.56,121.648,23.539,993.16,0.0,0.0,0.0,73.9,182.31
139.62,121.706,23.556,992.61,0.0,0.0,0.0,73.89,182.32
139.66,121.744,23.567,992.25,0.0,0.0,0.0,73.89,182.32
139.72,121.801,23.584,991.71,0.0,0.0,0.0,73.88,182.33
139.76,121.839,23.595,991.35,0.0,0.0,0.0,73.88,182.33
139.82,121.896,23.617,990.8,0.0,0.0,0.0,73.87,182.34
139.88,121.953,23.628,990.26,0.0,0.0,0.0,73.87,182.35
139.92,121.991,23.633,989.9,0.0,0.0,0.0,73.86,182.35
139.98,122.048,23.65,989.36,0.0,0.0,0.0,73.86,182.36
140.02,122.085,23.661,989.0,0.0,0.0,0.0,73.86,182.37
140.08,122.142,23.678,988.45,0.0,0.0,0.0,73.85,182.37
140.12,122.18,23.689,988.09,0.0,0.0,0.0,73.85,182.38
140.18,122.237,23.705,987.55,0.0,0.0,0.0,73.84,182.39
140.22,122.275,23.716,987.19,0.0,0.0,0.0,73.84,182.39
140.28,122.332,23.733,986.64,0.0,0.0,0.0,73.83,182.4
140.32,122.369,23.744,986.28,0.0,0.0,0.0,73.83,182.4
140.38,122.426,23.761,985.74,0.0,0.0,0.0,73.82,182.41
140.44,122.483,23.777,985.2,0.0,0.0,0.0,73.82,182.42
140.48,122.52,23.788,984.84,0.0,0.0,0.0,73.81,182.42
140.54,122.577,23.805,984.29,0.0,0.0,0.0,73.81,182.43
140.58,122.615,23.816,983.93,0.0,0.0,0.0,73.8,182.44
140.64,122.671,23.833,983.39,0.0,0.0,0.0,73.8,182.44
140.66,122.709,23.844,983.03,0.0,0.0,0.0,73.8,182.45
140.74,122.765,23.86,982.48,0.0,0.0,0.0,73.79,182.46
140.78,122.803,23.871,982.12,0.0,0.0,0.0,73.79,182.46
140.82,122.841,23.882,981.76,0.0,0.0,0.0,73.78,182.47
140.86,122.897,23.899,981.22,0.0,0.0,0.0,73.78,182.48
140.92,122.935,23.91,980.86,0.0,0.0,0.0,73.77,182.48
140.98,122.991,23.927,980.32,0.0,0.0,0.0,73.77,182.49
141.04,123.047,23.943,979.77,0.0,0.0,0.0,73.76,182.5
141.08,123.085,23.954,979.41,0.0,0.0,0.0,73.76,182.5
141.12,123.122,23.965,979.05,0.0,0.0,0.0,73.76,182.51
141.18,123.179,23.982,978.51,0.0,0.0,0.0,73.75,182.51
141.24,123.235,23.999,977.97,0.0,0.0,0.0,73.74,182.52
141.28,123.272,24.01,977.61,0.0,0.0,0.0,73.74,182.53
141.34,123.328,24.026,977.06,0.0,0.0,0.0,73.73,182.53
141.38,123.366,24.037,976.7,0.0,0.0,0.0,73.73,182.54
141.44,123.422,24.054,976.16,0.0,0.0,0.0,73.73,182.55
141.46,123.44,24.06,975.98,0.0,0.0,0.0,73.72,182.55
141.46,123.459,24.071,975.62,0.0,0.0,0.0,73.72,182.55
141.54,123.515,24.082,975.26,0.0,0.0,0.0,73.72,182.56
141.58,123.553,24.093,974.9,0.0,0.0,0.0,73.71,182.56
141.64,123.609,24.109,974.35,0.0,0.0,0.0,73.71,182.57
141.7,123.664,24.126,973.81,0.0,0.0,0.0,73.7,182.58
141.74,123.702,24.137,973.45,0.0,0.0,0.0,73.7,182.58
141.78,123.739,24.148,973.09,0.0,0.0,0.0,73.69,182.59
141.84,123.795,24.165,972.55,0.0,0.0,0.0,73.69,182.6
141.9,123.851,24.181,972.01,0.0,0.0,0.0,73.68,182.6
141.96,123.906,24.198,971.47,0.0,0.0,0.0,73.68,182.61
142.0,123.944,24.209,971.1,0.0,0.0,0.0,73.67,182.62
142.04,123.981,24.22,970.74,0.0,0.0,0.0,73.67,182.62
142.1,124.036,24.237,970.2,0.0,0.0,0.0,73.67,182.63
142.14,124.074,24.248,969.84,0.0,0.0,0.0,73.66,182.63
142.2,124.129,24.264,969.3,0.0,0.0,0.0,73.66,182.64
142.24,124.166,24.275,968.94,0.0,0.0,0.0,73.65,182.65
142.3,124.222,24.292,968.4,0.0,0.0,0.0,73.65,182.65
142.34,124.259,24.303,968.04,0.0,0.0,0.0,73.64,182.66
142.4,124.314,24.32,967.49,0.0,0.0,0.0,73.64,182.67
142.44,124.351,24.331,967.13,0.0,0.0,0.0,73.63,182.67
142.5,124.407,24.347,966.59,0.0,0.0,0.0,73.63,182.68
142.54,124.444,24.358,966.23,0.0,0.0,0.0,73.63,182.68
142.6,124.499,24.375,965.69,0.0,0.0,0.0,73.62,182.69
142.64,124.536,24.386,965.33,0.0,0.0,0.0,73.62,182.7
142.7,124.592,24.403,964.79,0.0,0.0,0.0,73.61,182.7
142.76,124.647,24.419,964.25,0.0,0.0,0.0,73.61,182.71
142.8,124.684,24.43,963.89,0.0,0.0,0.0,73.6,182.72
142.84,124.721,24.441,963.53,0.0,0.0,0.0,73.6,182.72
142.9,124.776,24.458,962.99,0.0,0.0,0.0,73.59,182.73
142.96,124.831,24.475,962.44,0.0,0.0,0.0,73.59,182.74
143.0,124.868,24.486,962.08,0.0,0.0,0.0,73.58,182.74
143.04,124.905,24.497,961.72,0.0,0.0,0.0,73.58,182.75
143.1,124.96,24.513,961.18,0.0,0.0,0.0,73.57,182.75
143.16,125.015,24.53,960.64,0.0,0.0,0.0,73.57,182.76
143.2,125.052,24.541,960.28,0.0,0.0,0.0,73.56,182.77
143.26,125.107,24.558,959.74,0.0,0.0,0.0,73.56,182.77
143.3,125.143,24.574,959.38,0.0,0.0,0.0,73.55,182.78
143.36,125.198,24.591,958.84,0.0,0.0,0.0,73.55,182.79
143.42,125.253,24.607,958.3,0.0,0.0,0.0,73.54,182.8
143.46,125.29,24.618,957.94,0.0,0.0,0.0,73.54,182.8
143.52,125.345,24.63,957.4,0.0,0.0,0.0,73.54,182.81
143.56,125.382,24.641,957.04,0.0,0.0,0.0,73.53,182.81
143.62,125.436,24.657,956.5,0.0,0.0,0.0,73.53,182.82
143.68,125.491,24.674,955.96,0.0,0.0,0.0,73.52,182.83
143.72,125.528,24.685,955.6,0.0,0.0,0.0,73.52,182.83
143.76,125.564,24.696,955.23,0.0,0.0,0.0,73.51,182.84
143.82,125.619,24.712,954.69,0.0,0.0,0.0,73.51,182.84
143.88,125.674,24.729,954.15,0.0,0.0,0.0,73.5,182.85
143.92,125.71,24.74,953.79,0.0,0.0,0.0,73.5,182.86
143.96,125.747,24.751,953.43,0.0,0.0,0.0,73.5,182.86
144.0,125.783,24.762,953.07,0.0,0.0,0.0,73.49,182.87
144.06,125.838,24.779,952.53,0.0,0.0,0.0,73.49,182.87
144.12,125.892,24.795,951.99,0.0,0.0,0.0,73.48,182.88
144.18,125.947,24.812,951.45,0.0,0.0,0.0,73.48,182.89
144.22,125.983,24.823,951.09,0.0,0.0,0.0,73.47,182.89
144.28,126.037,24.84,950.55,0.0,0.0,0.0,73.47,182.9
144.32,126.074,24.851,950.19,0.0,0.0,0.0,73.46,182.91
144.36,126.11,24.862,949.83,0.0,0.0,0.0,73.46,182.91
144.42,126.164,24.878,949.29,0.0,0.0,0.0,73.45,182.92
144.46,126.201,24.889,948.93,0.0,0.0,0.0,73.45,182.92
144.52,126.255,24.906,948.39,0.0,0.0,0.0,73.44,182.93
144.56,126.291,24.917,948.03,0.0,0.0,0.0,73.44,182.94
144.62,126.346,24.934,947.49,0.0,0.0,0.0,73.43,182.94
144.68,126.4,24.95,946.95,0.0,0.0,0.0,73.43,182.95
144.72,126.436,24.961,946.59,0.0,0.0,0.0,73.43,182.95
144.76,126.472,24.972,946.23,0.0,0.0,0.0,73.42,182.96
144.82,126.526,24.989,945.69,0.0,0.0,0.0,73.42,182.97
144.86,126.562,25.0,945.33,0.0,0.0,0.0,73.41,182.97
144.92,126.616,25.017,944.79,0.0,0.0,0.0,73.41,182.98
144.96,126.652,25.028,944.43,0.0,0.0,0.0,73.4,182.98
145.02,126.707,25.044,943.89,0.0,0.0,0.0,73.4,182.99
145.06,126.743,25.055,943.53,0.0,0.0,0.0,73.39,183.0
145.12,126.797,25.072,942.99,0.0,0.0,0.0,73.39,183.0
145.18,126.851,25.089,942.46,0.0,0.0,0.0,73.38,183.01
145.22,126.886,25.1,942.1,0.0,0.0,0.0,73.38,183.02
145.28,126.94,25.116,941.56,0.0,0.0,0.0,73.37,183.02
145.32,126.976,25.127,941.2,0.0,0.0,0.0,73.37,183.03
145.38,127.03,25.144,940.66,0.0,0.0,0.0,73.37,183.04
145.42,127.066,25.155,940.3,0.0,0.0,0.0,73.36,183.04
145.46,127.102,25.166,939.94,0.0,0.0,0.0,73.36,183.04
145.5,127.156,25.183,939.4,0.0,0.0,0.0,73.35,183.05
145.58,127.21,25.199,938.86,0.0,0.0,0.0,73.35,183.06
145.62,127.245,25.21,938.5,0.0,0.0,0.0,73.34,183.06
145.68,127.299,25.227,937.96,0.0,0.0,0.0,73.34,183.07
145.74,127.353,25.243,937.42,0.0,0.0,0.0,73.33,183.08
145.78,127.388,25.254,937.06,0.0,0.0,0.0,73.33,183.08
145.84,127.442,25.271,936.52,0.0,0.0,0.0,73.32,183.09
145.88,127.478,25.282,936.16,0.0,0.0,0.0,73.32,183.1
145.94,127.531,25.299,935.62,0.0,0.0,0.0,73.31,183.1
145.98,127.567,25.31,935.27,0.0,0.0,0.0,73.31,183.11
146.02,127.603,25.321,934.91,0.0,0.0,0.0,73.31,183.11
146.08,127.656,25.337,934.37,0.0,0.0,0.0,73.3,183.12
146.14,127.71,25.354,933.83,0.0,0.0,0.0,73.3,183.13
146.18,127.745,25.365,933.47,0.0,0.0,0.0,73.29,183.13
146.22,127.781,25.376,933.11,0.0,0.0,0.0,73.29,183.14
146.28,127.834,25.393,932.57,0.0,0.0,0.0,73.28,183.14
146.32,127.87,25.404,932.21,0.0,0.0,0.0,73.28,183.15
146.38,127.923,25.42,931.67,0.0,0.0,0.0,73.27,183.16
146.44,127.976,25.437,931.13,0.0,0.0,0.0,73.27,183.16
146.48,128.012,25.448,930.78,0.0,0.0,0.0,73.26,183.17
146.54,128.065,25.465,930.24,0.0,0.0,0.0,73.26,183.18
146.58,128.1,25.476,929.88,0.0,0.0,0.0,73.26,183.18
146.64,128.153,25.492,929.34,0.0,0.0,0.0,73.25,183.19
146.68,128.189,25.503,928.98,0.0,0.0,0.0,73.25,183.19
146.74,128.242,25.52,928.44,0.0,0.0,0.0,73.24,183.2
146.8,128.295,25.536,927.9,0.0,0.0,0.0,73.24,183.21
146.84,128.33,25.547,927.54,0.0,0.0,0.0,73.23,183.21
146.88,128.366,25.559,927.19,0.0,0.0,0.0,73.23,183.22
146.94,128.419,25.575,926.65,0.0,0.0,0.0,73.22,183.22
146.98,128.454,25.586,926.29,0.0,0.0,0.0,73.22,183.23
147.04,128.507,25.603,925.75,0.0,0.0,0.0,73.21,183.24
147.08,128.542,25.614,925.39,0.0,0.0,0.0,73.21,183.24
147.14,128.595,25.63,924.85,0.0,0.0,0.0,73.2,183.25
147.2,128.648,25.647,924.31,0.0,0.0,0.0,73.2,183.25
147.24,128.683,25.658,923.96,0.0,0.0,0.0,73.19,183.26
147.28,128.718,25.669,923.6,0.0,0.0,0.0,73.19,183.26
147.34,128.771,25.686,923.06,0.0,0.0,0.0,73.19,183.27
147.38,128.806,25.697,922.7,0.0,0.0,0.0,73.18,183.28
147.44,128.859,25.713,922.16,0.0,0.0,0.0,73.18,183.28
147.48,128.894,25.724,921.8,0.0,0.0,0.0,73.17,183.29
147.54,128.947,25.741,921.27,0.0,0.0,0.0,73.17,183.29
147.6,128.999,25.758,920.73,0.0,0.0,0.0,73.16,183.3
147.64,129.034,25.769,920.37,0.0,0.0,0.0,73.16,183.31
147.68,129.069,25.78,920.01,0.0,0.0,0.0,73.15,183.31
147.74,129.122,25.796,919.47,0.0,0.0,0.0,73.15,183.32
147.78,129.157,25.807,919.11,0.0,0.0,0.0,73.15,183.32
147.84,129.209,25.824,918.58,0.0,0.0,0.0,73.14,183.33
147.9,129.262,25.84,918.04,0.0,0.0,0.0,73.13,183.34
147.94,129.297,25.852,917.68,0.0,0.0,0.0,73.13,183.34
147.98,129.331,25.863,917.32,0.0,0.0,0.0,73.13,183.35
148.04,129.384,25.879,916.78,0.0,0.0,0.0,73.12,183.35
148.08,129.419,25.89,916.43,0.0,0.0,0.0,73.12,183.36
148.14,129.471,25.907,915.89,0.0,0.0,0.0,73.11,183.37
148.2,129.523,25.923,915.35,0.0,0.0,0.0,73.11,183.37
148.24,129.558,25.934,914.99,0.0,0.0,0.0,73.1,183.38
148.3,129.61,25.951,914.46,0.0,0.0,0.0,73.1,183.38
148.36,129.662,25.968,913.92,0.0,0.0,0.0,73.09,183.39
148.4,129.697,25.979,913.56,0.0,0.0,0.0,73.09,183.4
148.44,129.732,25.99,913.2,0.0,0.0,0.0,73.08,183.4
148.5,129.784,26.006,912.66,0.0,0.0,0.0,73.08,183.41
148.54,129.819,26.017,912.31,0.0,0.0,0.0,73.08,183.41
148.6,129.871,26.034,911.77,0.0,0.0,0.0,73.07,183.42
148.64,129.905,26.045,911.41,0.0,0.0,0.0,73.07,183.42
148.7,129.957,26.061,910.87,0.0,0.0,0.0,73.06,183.43
148.76,130.009,26.078,910.34,0.0,0.0,0.0,73.06,183.44
148.8,130.044,26.089,909.98,0.0,0.0,0.0,73.05,183.44
148.86,130.096,26.106,909.44,0.0,0.0,0.0,73.05,183.45
148.9,130.13,26.117,909.08,0.0,0.0,0.0,73.04,183.46
148.94,130.165,26.128,908.73,0.0,0.0,0.0,73.04,183.46
149.0,130.217,26.144,908.19,0.0,0.0,0.0,73.03,183.47
149.04,130.251,26.155,907.83,0.0,0.0,0.0,73.03,183.47
149.1,130.303,26.172,907.29,0.0,0.0,0.0,73.02,183.48
149.16,130.355,26.189,906.76,0.0,0.0,0.0,73.02,183.49
149.2,130.389,26.2,906.4,0.0,0.0,0.0,73.01,183.49
149.26,130.441,26.216,905.86,0.0,0.0,0.0,73.01,183.5
149.3,130.475,26.227,905.5,0.0,0.0,0.0,73.01,183.5
149.34,130.51,26.238,905.15,0.0,0.0,0.0,73.0,183.51
149.4,130.561,26.255,904.61,0.0,0.0,0.0,73.0,183.51
149.46,130.613,26.271,904.07,0.0,0.0,0.0,72.99,183.52
149.5,130.647,26.283,903.72,0.0,0.0,0.0,72.99,183.53
149.56,130.699,26.299,903.18,0.0,0.0,0.0,72.98,183.53
149.6,130.733,26.31,902.82,0.0,0.0,0.0,72.98,183.54
149.66,130.785,26.327,902.28,0.0,0.0,0.0,72.97,183.54
149.7,130.819,26.338,901.93,0.0,0.0,0.0,72.97,183.55
149.76,130.87,26.354,901.39,0.0,0.0,0.0,72.96,183.56
149.8,130.904,26.365,901.03,0.0,0.0,0.0,72.96,183.56
149.86,130.956,26.382,900.5,0.0,0.0,0.0,72.95,183.57
149.9,130.99,26.393,900.14,0.0,0.0,0.0,72.95,183.57
149.96,131.041,26.41,899.6,0.0,0.0,0.0,72.95,183.58
150.0,131.075,26.421,899.25,0.0,0.0,0.0,72.94,183.58
150.06,131.127,26.437,898.71,0.0,0.0,0.0,72.94,183.59
150.1,131.161,26.448,898.35,0.0,0.0,0.0,72.93,183.6
150.16,131.212,26.465,897.82,0.0,0.0,0.0,72.93,183.6
150.22,131.263,26.481,897.28,0.0,0.0,0.0,72.92,183.61
150.26,131.297,26.492,896.92,0.0,0.0,0.0,72.92,183.61
150.3,131.331,26.503,896.57,0.0,0.0,0.0,72.91,183.62
150.36,131.382,26.52,896.03,0.0,0.0,0.0,72.91,183.63
150.4,131.416,26.531,895.67,0.0,0.0,0.0,72.9,183.63
150.46,131.467,26.548,895.14,0.0,0.0,0.0,72.9,183.64
150.5,131.501,26.559,894.78,0.0,0.0,0.0,72.9,183.64
150.56,131.552,26.575,894.24,0.0,0.0,0.0,72.89,183.65
150.6,131.586,26.586,893.89,0.0,0.0,0.0,72.89,183.65
150.66,131.637,26.603,893.35,0.0,0.0,0.0,72.88,183.66
150.72,131.688,26.619,892.81,0.0,0.0,0.0,72.88,183.67
150.76,131.722,26.63,892.46,0.0,0.0,0.0,72.87,183.67
150.82,131.772,26.647,891.92,0.0,0.0,0.0,72.87,183.68
150.86,131.806,26.658,891.56,0.0,0.0,0.0,72.86,183.68
150.92,131.857,26.675,891.03,0.0,0.0,0.0,72.86,183.69
150.96,131.891,26.686,890.67,0.0,0.0,0.0,72.85,183.69
151.02,131.941,26.702,890.14,0.0,0.0,0.0,72.85,183.7
151.06,131.975,26.713,889.78,0.0,0.0,0.0,72.84,183.71
151.1,132.009,26.724,889.42,0.0,0.0,0.0,72.84,183.71
151.16,132.059,26.741,888.89,0.0,0.0,0.0,72.83,183.72
151.22,132.11,26.758,888.35,0.0,0.0,0.0,72.83,183.72
151.26,132.144,26.769,888.0,0.0,0.0,0.0,72.83,183.73
151.32,132.194,26.785,887.46,0.0,0.0,0.0,72.82,183.74
151.36,132.228,26.796,887.1,0.0,0.0,0.0,72.82,183.74
151.42,132.278,26.813,886.57,0.0,0.0,0.0,72.81,183.75
151.46,132.312,26.824,886.21,0.0,0.0,0.0,72.81,183.75
151.52,132.362,26.84,885.68,0.0,0.0,0.0,72.8,183.76
151.56,132.396,26.851,885.32,0.0,0.0,0.0,72.8,183.76
151.62,132.446,26.868,884.78,0.0,0.0,0.0,72.79,183.77
151.66,132.48,26.879,884.43,0.0,0.0,0.0,72.79,183.78
151.72,132.53,26.896,883.89,0.0,0.0,0.0,72.78,183.78
151.76,132.563,26.907,883.54,0.0,0.0,0.0,72.78,183.79
151.82,132.614,26.923,883.0,0.0,0.0,0.0,72.77,183.79
151.86,132.647,26.934,882.64,0.0,0.0,0.0,72.77,183.8
151.92,132.697,26.951,882.11,0.0,0.0,0.0,72.76,183.8
151.96,132.731,26.962,881.75,0.0,0.0,0.0,72.76,183.81
152.02,132.781,26.978,881.22,0.0,0.0,0.0,72.76,183.82
152.08,132.831,26.995,880.68,0.0,0.0,0.0,72.75,183.82
152.12,132.864,27.006,880.33,0.0,0.0,0.0,72.75,183.83
152.18,132.914,27.023,879.79,0.0,0.0,0.0,72.74,183.83
152.22,132.948,27.034,879.44,0.0,0.0,0.0,72.74,183.84
152.28,132.998,27.05,878.9,0.0,0.0,0.0,72.73,183.85
152.32,133.031,27.061,878.55,0.0,0.0,0.0,72.73,183.85
152.36,133.064,27.072,878.19,0.0,0.0,0.0,72.72,183.85
152.42,133.114,27.089,877.66,0.0,0.0,0.0,72.72,183.86
152.48,133.164,27.105,877.12,0.0,0.0,0.0,72.71,183.87
152.52,133.197,27.116,876.76,0.0,0.0,0.0,72.71,183.87
152.58,133.247,27.133,876.23,0.0,0.0,0.0,72.7,183.88
152.62,133.28,27.144,875.87,0.0,0.0,0.0,72.7,183.88
152.68,133.33,27.161,875.34,0.0,0.0,0.0,72.69,183.89
152.72,133.363,27.172,874.98,0.0,0.0,0.0,72.69,183.9
152.78,133.413,27.188,874.45,0.0,0.0,0.0,72.69,183.9
152.82,133.446,27.199,874.09,0.0,0.0,0.0,72.68,183.91
152.86,133.479,27.21,873.74,0.0,0.0,0.0,72.68,183.91
152.92,133.528,27.227,873.2,0.0,0.0,0.0,72.67,183.92
152.96,133.561,27.238,872.85,0.0,0.0,0.0,72.67,183.92
153.02,133.611,27.254,872.31,0.0,0.0,0.0,72.66,183.93
153.08,133.66,27.271,871.78,0.0,0.0,0.0,72.66,183.94
153.12,133.693,27.282,871.42,0.0,0.0,0.0,72.65,183.94
153.18,133.743,27.299,870.89,0.0,0.0,0.0,72.65,183.95
153.22,133.776,27.31,870.53,0.0,0.0,0.0,72.65,183.95
153.28,133.825,27.326,870.0,0.0,0.0,0.0,72.64,183.96
153.34,133.875,27.343,869.47,0.0,0.0,0.0,72.63,183.97
153.38,133.908,27.354,869.11,0.0,0.0,0.0,72.63,183.97
153.42,133.94,27.365,868.75,0.0,0.0,0.0,72.63,183.97
153.48,133.99,27.381,868.22,0.0,0.0,0.0,72.62,183.98
153.52,134.022,27.392,867.87,0.0,0.0,0.0,72.62,183.99
153.58,134.072,27.409,867.33,0.0,0.0,0.0,72.61,183.99
153.62,134.105,27.42,866.98,0.0,0.0,0.0,72.61,184.0
153.68,134.154,27.437,866.44,0.0,0.0,0.0,72.6,184.0
153.72,134.186,27.448,866.09,0.0,0.0,0.0,72.6,184.01
153.78,134.236,27.464,865.55,0.0,0.0,0.0,72.59,184.02
153.82,134.268,27.475,865.2,0.0,0.0,0.0,72.59,184.02
153.88,134.317,27.492,864.66,0.0,0.0,0.0,72.58,184.03
153.92,134.35,27.503,864.31,0.0,0.0,0.0,72.58,184.03
153.98,134.399,27.519,863.78,0.0,0.0,0.0,72.58,184.04
154.02,134.432,27.53,863.42,0.0,0.0,0.0,72.57,184.04
154.08,134.481,27.547,862.89,0.0,0.0,0.0,72.57,184.05
154.14,134.53,27.564,862.35,0.0,0.0,0.0,72.56,184.06
154.18,134.562,27.575,862.0,0.0,0.0,0.0,72.56,184.06
154.24,134.611,27.591,861.47,0.0,0.0,0.0,72.55,184.07
154.28,134.644,27.602,861.11,0.0,0.0,0.0,72.55,184.07
154.34,134.692,27.619,860.58,0.0,0.0,0.0,72.54,184.08
154.38,134.725,27.63,860.22,0.0,0.0,0.0,72.54,184.08
154.44,134.774,27.646,859.69,0.0,0.0,0.0,72.53,184.09
154.48,134.806,27.657,859.33,0.0,0.0,0.0,72.53,184.09
154.52,134.839,27.668,858.98,0.0,0.0,0.0,72.53,184.1
154.58,134.887,27.685,858.45,0.0,0.0,0.0,72.52,184.1
154.64,134.936,27.702,857.91,0.0,0.0,0.0,72.51,184.11
154.68,134.968,27.713,857.56,0.0,0.0,0.0,72.51,184.12
154.74,135.017,27.729,857.03,0.0,0.0,0.0,72.51,184.12
154.78,135.049,27.74,856.67,0.0,0.0,0.0,72.5,184.13
154.84,135.098,27.757,856.14,0.0,0.0,0.0,72.5,184.13
154.88,135.13,27.768,855.78,0.0,0.0,0.0,72.49,184.14
154.94,135.178,27.784,855.25,0.0,0.0,0.0,72.49,184.14
154.98,135.211,27.795,854.9,0.0,0.0,0.0,72.48,184.15
155.04,135.259,27.812,854.36,0.0,0.0,0.0,72.48,184.16
155.1,135.308,27.828,853.83,0.0,0.0,0.0,72.47,184.16
155.14,135.34,27.84,853.48,0.0,0.0,0.0,72.47,184.17
155.18,135.372,27.851,853.12,0.0,0.0,0.0,72.46,184.17
155.24,135.42,27.867,852.59,0.0,0.0,0.0,72.46,184.18
155.28,135.452,27.878,852.23,0.0,0.0,0.0,72.46,184.18
155.34,135.501,27.895,851.7,0.0,0.0,0.0,72.45,184.19
155.38,135.533,27.906,851.35,0.0,0.0,0.0,72.45,184.19
155.44,135.581,27.922,850.82,0.0,0.0,0.0,72.44,184.2
155.48,135.613,27.933,850.46,0.0,0.0,0.0,72.44,184.2
155.54,135.661,27.95,849.93,0.0,0.0,0.0,72.43,184.21
155.6,135.709,27.966,849.4,0.0,0.0,0.0,72.43,184.22
155.64,135.741,27.977,849.04,0.0,0.0,0.0,72.42,184.22
155.7,135.789,27.994,848.51,0.0,0.0,0.0,72.42,184.23
155.74,135.821,28.005,848.16,0.0,0.0,0.0,72.41,184.23
155.78,135.853,28.016,847.8,0.0,0.0,0.0,72.41,184.24
155.84,135.901,28.033,847.27,0.0,0.0,0.0,72.4,184.24
155.88,135.933,28.044,846.92,0.0,0.0,0.0,72.4,184.25
155.94,135.981,28.06,846.38,0.0,0.0,0.0,72.39,184.25
156.0,136.029,28.077,845.85,0.0,0.0,0.0,72.39,184.26
156.04,136.061,28.088,845.5,0.0,0.0,0.0,72.39,184.27
156.1,136.109,28.104,844.97,0.0,0.0,0.0,72.38,184.27
156.14,136.141,28.115,844.61,0.0,0.0,0.0,72.38,184.28
156.2,136.188,28.132,844.08,0.0,0.0,0.0,72.37,184.28
156.24,136.22,28.143,843.73,0.0,0.0,0.0,72.37,184.29
156.3,136.268,28.16,843.2,0.0,0.0,0.0,72.36,184.29
156.34,136.3,28.171,842.84,0.0,0.0,0.0,72.36,184.3
156.38,136.331,28.182,842.49,0.0,0.0,0.0,72.35,184.3
156.44,136.379,28.198,841.96,0.0,0.0,0.0,72.35,184.31
156.5,136.427,28.215,841.42,0.0,0.0,0.0,72.34,184.32
156.54,136.458,28.226,841.07,0.0,0.0,0.0,72.34,184.32
156.6,136.506,28.242,840.54,0.0,0.0,0.0,72.33,184.33
156.64,136.537,28.253,840.19,0.0,0.0,0.0,72.33,184.33
156.7,136.585,28.27,839.65,0.0,0.0,0.0,72.32,184.34
156.74,136.617,28.281,839.3,0.0,0.0,0.0,72.32,184.34
156.8,136.664,28.297,838.77,0.0,0.0,0.0,72.32,184.35
156.84,136.696,28.308,838.42,0.0,0.0,0.0,72.31,184.35
156.9,136.743,28.325,837.88,0.0,0.0,0.0,72.31,184.36
156.96,136.79,28.342,837.35,0.0,0.0,0.0,72.3,184.37
157.0,136.822,28.353,837.0,0.0,0.0,0.0,72.3,184.37
157.04,136.853,28.364,836.65,0.0,0.0,0.0,72.29,184.38
157.1,136.9,28.38,836.12,0.0,0.0,0.0,72.29,184.38
157.14,136.932,28.391,835.76,0.0,0.0,0.0,72.28,184.39
157.2,136.979,28.408,835.23,0.0,0.0,0.0,72.28,184.39
157.24,137.011,28.419,834.88,0.0,0.0,0.0,72.27,184.4
157.3,137.058,28.435,834.35,0.0,0.0,0.0,72.27,184.4
157.36,137.105,28.452,833.82,0.0,0.0,0.0,72.26,184.41
157.4,137.136,28.463,833.46,0.0,0.0,0.0,72.26,184.41
157.46,137.183,28.479,832.93,0.0,0.0,0.0,72.25,184.42
157.5,137.215,28.49,832.58,0.0,0.0,0.0,72.25,184.43
157.54,137.246,28.502,832.23,0.0,0.0,0.0,72.25,184.43
157.6,137.293,28.518,831.7,0.0,0.0,0.0,72.24,184.44
157.64,137.324,28.529,831.34,0.0,0.0,0.0,72.24,184.44
157.7,137.371,28.546,830.81,0.0,0.0,0.0,72.23,184.45
157.76,137.418,28.562,830.28,0.0,0.0,0.0,72.23,184.45
157.8,137.449,28.573,829.93,0.0,0.0,0.0,72.22,184.46
157.86,137.496,28.59,829.4,0.0,0.0,0.0,72.22,184.46
157.9,137.527,28.601,829.05,0.0,0.0,0.0,72.21,184.47
157.96,137.574,28.617,828.52,0.0,0.0,0.0,72.21,184.47
158.0,137.605,28.628,828.16,0.0,0.0,0.0,72.2,184.48
158.06,137.652,28.645,827.63,0.0,0.0,0.0,72.2,184.49
158.1,137.683,28.656,827.28,0.0,0.0,0.0,72.2,184.49
158.16,137.73,28.672,826.75,0.0,0.0,0.0,72.19,184.5
158.2,137.761,28.684,826.4,0.0,0.0,0.0,72.19,184.5
158.26,137.807,28.7,825.87,0.0,0.0,0.0,72.18,184.51
158.3,137.838,28.711,825.51,0.0,0.0,0.0,72.18,184.51
158.36,137.885,28.728,824.98,0.0,0.0,0.0,72.17,184.52
158.4,137.916,28.739,824.63,0.0,0.0,0.0,72.17,184.52
158.46,137.962,28.755,824.1,0.0,0.0,0.0,72.16,184.53
158.5,137.993,28.766,823.75,0.0,0.0,0.0,72.16,184.53
158.56,138.04,28.783,823.22,0.0,0.0,0.0,72.15,184.54
158.6,138.071,28.794,822.87,0.0,0.0,0.0,72.15,184.54
158.66,138.117,28.81,822.34,0.0,0.0,0.0,72.14,184.55
158.7,138.148,28.821,821.98,0.0,0.0,0.0,72.14,184.55
158.76,138.194,28.838,821.45,0.0,0.0,0.0,72.13,184.56
158.82,138.24,28.854,820.93,0.0,0.0,0.0,72.13,184.57
158.86,138.271,28.866,820.57,0.0,0.0,0.0,72.13,184.57
158.92,138.317,28.882,820.04,0.0,0.0,0.0,72.12,184.58
158.96,138.348,28.893,819.69,0.0,0.0,0.0,72.12,184.58
159.0,138.379,28.904,819.34,0.0,0.0,0.0,72.11,184.59
159.06,138.425,28.921,818.81,0.0,0.0,0.0,72.11,184.59
159.1,138.456,28.932,818.46,0.0,0.0,0.0,72.1,184.6
159.16,138.502,28.948,817.93,0.0,0.0,0.0,72.1,184.6
159.2,138.533,28.959,817.57,0.0,0.0,0.0,72.09,184.61
159.26,138.579,28.976,817.05,0.0,0.0,0.0,72.09,184.61
159.3,138.609,28.987,816.69,0.0,0.0,0.0,72.08,184.62
159.36,138.655,29.003,816.16,0.0,0.0,0.0,72.08,184.62
159.42,138.701,29.02,815.64,0.0,0.0,0.0,72.07,184.63
159.46,138.732,29.031,815.28,0.0,0.0,0.0,72.07,184.64
159.52,138.778,29.047,814.76,0.0,0.0,0.0,72.06,184.64
159.56,138.808,29.058,814.4,0.0,0.0,0.0,72.06,184.65
159.62,138.854,29.075,813.87,0.0,0.0,0.0,72.06,184.65
159.66,138.885,29.086,813.52,0.0,0.0,0.0,72.05,184.66
159.72,138.93,29.103,812.99,0.0,0.0,0.0,72.05,184.66
159.76,138.961,29.114,812.64,0.0,0.0,0.0,72.04,184.67
159.82,139.007,29.13,812.11,0.0,0.0,0.0,72.04,184.67
159.86,139.037,29.141,811.76,0.0,0.0,0.0,72.03,184.68
159.92,139.083,29.158,811.23,0.0,0.0,0.0,72.03,184.68
159.96,139.113,29.169,810.88,0.0,0.0,0.0,72.02,184.69
160.02,139.159,29.185,810.35,0.0,0.0,0.0,72.02,184.69
160.06,139.189,29.196,810.0,0.0,0.0,0.0,72.01,184.7
160.12,139.235,29.213,809.47,0.0,0.0,0.0,72.01,184.71
160.16,139.265,29.224,809.12,0.0,0.0,0.0,72.01,184.71
160.22,139.311,29.24,808.59,0.0,0.0,0.0,72.0,184.72
160.28,139.356,29.257,808.07,0.0,0.0,0.0,71.99,184.72
160.32,139.386,29.268,807.71,0.0,0.0,0.0,71.99,184.73
160.36,139.417,29.279,807.36,0.0,0.0,0.0,71.99,184.73
160.42,139.462,29.296,806.83,0.0,0.0,0.0,71.98,184.74
160.46,139.492,29.307,806.48,0.0,0.0,0.0,71.98,184.74
160.52,139.537,29.323,805.95,0.0,0.0,0.0,71.97,184.75
160.56,139.568,29.334,805.6,0.0,0.0,0.0,71.97,184.75
160.62,139.613,29.351,805.07,0.0,0.0,0.0,71.96,184.76
160.68,139.658,29.367,804.55,0.0,0.0,0.0,71.96,184.76
160.72,139.688,29.378,804.2,0.0,0.0,0.0,71.95,184.77
160.78,139.733,29.395,803.67,0.0,0.0,0.0,71.95,184.77
160.82,139.764,29.406,803.32,0.0,0.0,0.0,71.94,184.78
160.88,139.809,29.422,802.79,0.0,0.0,0.0,71.94,184.79
160.92,139.839,29.433,802.44,0.0,0.0,0.0,71.93,184.79
160.98,139.884,29.45,801.91,0.0,0.0,0.0,71.93,184.8
161.02,139.914,29.461,801.56,0.0,0.0,0.0,71.93,184.8
161.08,139.959,29.477,801.03,0.0,0.0,0.0,71.92,184.81
161.12,139.989,29.488,800.68,0.0,0.0,0.0,71.92,184.81
161.16,140.019,29.499,800.33,0.0,0.0,0.0,71.91,184.81
161.22,140.064,29.516,799.8,0.0,0.0,0.0,71.91,184.82
161.28,140.109,29.533,799.28,0.0,0.0,0.0,71.9,184.83
161.32,140.138,29.544,798.92,0.0,0.0,0.0,71.9,184.83
161.38,140.183,29.56,798.4,0.0,0.0,0.0,71.89,184.84
161.42,140.213,29.571,798.05,0.0,0.0,0.0,71.89,184.84
161.48,140.258,29.588,797.52,0.0,0.0,0.0,71.88,184.85
161.52,140.288,29.599,797.17,0.0,0.0,0.0,71.88,184.85
161.58,140.333,29.615,796.64,0.0,0.0,0.0,71.87,184.86
161.64,140.377,29.632,796.12,0.0,0.0,0.0,71.87,184.86
161.68,140.407,29.643,795.76,0.0,0.0,0.0,71.86,184.87
161.72,140.437,29.654,795.41,0.0,0.0,0.0,71.86,184.87
161.78,140.481,29.67,794.89,0.0,0.0,0.0,71.86,184.88
161.82,140.511,29.681,794.54,0.0,0.0,0.0,71.85,184.88
161.88,140.556,29.698,794.01,0.0,0.0,0.0,71.85,184.89
161.92,140.585,29.709,793.66,0.0,0.0,0.0,71.84,184.89
161.98,140.63,29.725,793.13,0.0,0.0,0.0,71.84,184.9
162.02,140.659,29.736,792.78,0.0,0.0,0.0,71.83,184.9
162.08,140.704,29.753,792.26,0.0,0.0,0.0,71.83,184.91
162.14,140.748,29.77,791.73,0.0,0.0,0.0,71.82,184.92
162.18,140.778,29.781,791.38,0.0,0.0,0.0,71.82,184.92
162.24,140.822,29.797,790.85,0.0,0.0,0.0,71.81,184.93
162.28,140.852,29.808,790.5,0.0,0.0,0.0,71.81,184.93
162.34,140.896,29.825,789.98,0.0,0.0,0.0,71.8,184.94
162.38,140.926,29.836,789.63,0.0,0.0,0.0,71.8,184.94
162.44,140.97,29.852,789.1,0.0,0.0,0.0,71.79,184.95
162.48,140.999,29.863,788.75,0.0,0.0,0.0,71.79,184.95
162.54,141.044,29.88,788.22,0.0,0.0,0.0,71.79,184.96
162.58,141.073,29.891,787.87,0.0,0.0,0.0,71.78,184.96
162.64,141.117,29.907,787.35,0.0,0.0,0.0,71.78,184.97
162.68,141.147,29.918,787.0,0.0,0.0,0.0,71.77,184.97
162.72,141.176,29.929,786.65,0.0,0.0,0.0,71.77,184.98
162.78,141.22,29.946,786.12,0.0,0.0,0.0,71.76,184.98
162.84,141.264,29.962,785.6,0.0,0.0,0.0,71.76,184.99
162.88,141.293,29.973,785.25,0.0,0.0,0.0,71.75,184.99
162.94,141.337,29.99,784.72,0.0,0.0,0.0,71.75,185.0
162.98,141.367,30.001,784.37,0.0,0.0,0.0,71.74,185.0
163.02,141.396,30.012,784.02,0.0,0.0,0.0,71.74,185.01
163.08,141.44,30.029,783.49,0.0,0.0,0.0,71.74,185.01
163.14,141.484,30.045,782.97,0.0,0.0,0.0,71.73,185.02
163.18,141.513,30.056,782.62,0.0,0.0,0.0,71.73,185.02
163.24,141.557,30.073,782.09,0.0,0.0,0.0,71.72,185.03
163.28,141.586,30.084,781.74,0.0,0.0,0.0,71.72,185.03
163.34,141.629,30.1,781.22,0.0,0.0,0.0,71.71,185.04
163.38,141.659,30.111,780.87,0.0,0.0,0.0,71.71,185.04
163.44,141.702,30.128,780.34,0.0,0.0,0.0,71.7,185.05
163.48,141.731,30.139,779.99,0.0,0.0,0.0,71.7,185.06
163.54,141.775,30.155,779.47,0.0,0.0,0.0,71.69,185.06
163.58,141.804,30.166,779.12,0.0,0.0,0.0,71.69,185.07
163.64,141.848,30.183,778.6,0.0,0.0,0.0,71.68,185.07
163.68,141.877,30.194,778.25,0.0,0.0,0.0,71.68,185.08
163.74,141.92,30.21,777.72,0.0,0.0,0.0,71.67,185.08
163.78,141.949,30.221,777.37,0.0,0.0,0.0,71.67,185.09
163.84,141.993,30.238,776.85,0.0,0.0,0.0,71.66,185.09
163.88,142.022,30.249,776.5,0.0,0.0,0.0,71.66,185.1
163.94,142.065,30.265,775.97,0.0,0.0,0.0,71.66,185.1
163.98,142.094,30.276,775.62,0.0,0.0,0.0,71.65,185.11
164.04,142.137,30.293,775.1,0.0,0.0,0.0,71.65,185.11
164.1,142.181,30.31,774.58,0.0,0.0,0.0,71.64,185.12
164.14,142.209,30.321,774.23,0.0,0.0,0.0,71.64,185.12
164.2,142.253,30.337,773.7,0.0,0.0,0.0,71.63,185.13
164.24,142.281,30.348,773.35,0.0,0.0,0.0,71.63,185.13
164.3,142.325,30.365,772.83,0.0,0.0,0.0,71.62,185.14
164.34,142.353,30.376,772.48,0.0,0.0,0.0,71.62,185.14
164.4,142.397,30.392,771.96,0.0,0.0,0.0,71.61,185.15
164.44,142.425,30.403,771.61,0.0,0.0,0.0,71.61,185.15
164.48,142.454,30.414,771.26,0.0,0.0,0.0,71.61,185.16
164.54,142.497,30.431,770.73,0.0,0.0,0.0,71.6,185.16
164.6,142.54,30.447,770.21,0.0,0.0,0.0,71.59,185.17
164.64,142.569,30.458,769.86,0.0,0.0,0.0,71.59,185.17
164.7,142.612,30.475,769.34,0.0,0.0,0.0,71.59,185.18
164.74,142.64,30.486,768.99,0.0,0.0,0.0,71.58,185.18
164.8,142.683,30.502,768.46,0.0,0.0,0.0,71.58,185.19
164.84,142.712,30.513,768.12,0.0,0.0,0.0,71.57,185.19
164.88,142.741,30.524,767.77,0.0,0.0,0.0,71.57,185.2
164.94,142.783,30.541,767.24,0.0,0.0,0.0,71.56,185.2
165.0,142.826,30.557,766.72,0.0,0.0,0.0,71.56,185.21
165.04,142.855,30.568,766.37,0.0,0.0,0.0,71.55,185.21
165.1,142.897,30.585,765.85,0.0,0.0,0.0,71.55,185.22
165.14,142.926,30.596,765.5,0.0,0.0,0.0,71.54,185.22
165.2,142.969,30.613,764.98,0.0,0.0,0.0,71.54,185.23
165.24,142.997,30.624,764.63,0.0,0.0,0.0,71.54,185.23
165.3,143.04,30.64,764.1,0.0,0.0,0.0,71.53,185.24
165.34,143.068,30.651,763.76,0.0,0.0,0.0,71.53,185.24
165.4,143.111,30.668,763.23,0.0,0.0,0.0,71.52,185.25
165.44,143.139,30.679,762.88,0.0,0.0,0.0,71.52,185.25
165.5,143.182,30.695,762.36,0.0,0.0,0.0,71.51,185.26
165.56,143.224,30.712,761.84,0.0,0.0,0.0,71.51,185.27
165.6,143.252,30.723,761.49,0.0,0.0,0.0,71.5,185.27
165.64,143.281,30.734,761.14,0.0,0.0,0.0,71.5,185.27
165.7,143.323,30.75,760.62,0.0,0.0,0.0,71.49,185.28
165.74,143.351,30.761,760.27,0.0,0.0,0.0,71.49,185.28
165.8,143.394,30.778,759.75,0.0,0.0,0.0,71.48,185.29
165.84,143.422,30.789,759.4,0.0,0.0,0.0,71.48,185.29
165.9,143.464,30.805,758.88,0.0,0.0,0.0,71.47,185.3
165.94,143.492,30.816,758.53,0.0,0.0,0.0,71.47,185.3
166.0,143.535,30.833,758.01,0.0,0.0,0.0,71.46,185.31
166.06,143.577,30.849,757.49,0.0,0.0,0.0,71.46,185.32
166.1,143.605,30.86,757.14,0.0,0.0,0.0,71.46,185.32
166.16,143.647,30.877,756.62,0.0,0.0,0.0,71.45,185.33
166.2,143.675,30.888,756.27,0.0,0.0,0.0,71.45,185.33
166.26,143.717,30.904,755.75,0.0,0.0,0.0,71.44,185.34
166.3,143.745,30.915,755.4,0.0,0.0,0.0,71.44,185.34
166.36,143.787,30.932,754.88,0.0,0.0,0.0,71.43,185.35
166.4,143.815,30.943,754.53,0.0,0.0,0.0,71.43,185.35
166.46,143.857,30.959,754.01,0.0,0.0,0.0,71.42,185.36
166.5,143.885,30.97,753.66,0.0,0.0,0.0,71.42,185.36
166.56,143.927,30.987,753.14,0.0,0.0,0.0,71.41,185.37
166.6,143.955,30.998,752.79,0.0,0.0,0.0,71.41,185.37
166.66,143.997,31.015,752.27,0.0,0.0,0.0,71.4,185.38
166.7,144.025,31.026,751.92,0.0,0.0,0.0,71.4,185.38
166.76,144.067,31.042,751.4,0.0,0.0,0.0,71.39,185.39
166.8,144.095,31.053,751.05,0.0,0.0,0.0,71.39,185.39
166.86,144.136,31.07,750.53,0.0,0.0,0.0,71.39,185.4
166.9,144.164,31.081,750.18,0.0,0.0,0.0,71.38,185.4
166.96,144.206,31.097,749.66,0.0,0.0,0.0,71.38,185.41
167.02,144.247,31.114,749.14,0.0,0.0,0.0,71.37,185.41
167.06,144.275,31.125,748.79,0.0,0.0,0.0,71.37,185.42
167.1,144.303,31.136,748.45,0.0,0.0,0.0,71.36,185.42
167.16,144.345,31.152,747.93,0.0,0.0,0.0,71.36,185.43
167.2,144.372,31.163,747.58,0.0,0.0,0.0,71.35,185.43
167.26,144.414,31.18,747.06,0.0,0.0,0.0,71.35,185.44
167.3,144.441,31.191,746.71,0.0,0.0,0.0,71.34,185.44
167.36,144.483,31.207,746.19,0.0,0.0,0.0,71.34,185.45
167.4,144.511,31.218,745.84,0.0,0.0,0.0,71.34,185.45
167.46,144.552,31.235,745.32,0.0,0.0,0.0,71.33,185.46
167.52,144.593,31.251,744.8,0.0,0.0,0.0,71.32,185.46
167.56,144.621,31.262,744.45,0.0,0.0,0.0,71.32,185.47
167.62,144.662,31.279,743.93,0.0,0.0,0.0,71.31,185.47
167.66,144.69,31.29,743.59,0.0,0.0,0.0,71.31,185.48
167.72,144.731,31.306,743.07,0.0,0.0,0.0,71.31,185.48
167.76,144.759,31.317,742.72,0.0,0.0,0.0,71.3,185.49
167.82,144.8,31.334,742.2,0.0,0.0,0.0,71.3,185.49
167.86,144.827,31.345,741.85,0.0,0.0,0.0,71.29,185.5
167.92,144.868,31.361,741.33,0.0,0.0,0.0,71.29,185.5
167.96,144.896,31.372,740.99,0.0,0.0,0.0,71.28,185.51
168.0,144.923,31.383,740.64,0.0,0.0,0.0,71.28,185.51
168.06,144.964,31.4,740.12,0.0,0.0,0.0,71.27,185.52
168.12,145.005,31.416,739.6,0.0,0.0,0.0,71.27,185.52
168.16,145.033,31.428,739.25,0.0,0.0,0.0,71.26,185.53
168.2,145.06,31.439,738.91,0.0,0.0,0.0,71.26,185.53
168.26,145.101,31.457,738.39,0.0,0.0,0.0,71.26,185.54
168.32,145.142,31.474,737.87,0.0,0.0,0.0,71.25,185.54
168.36,145.169,31.485,737.52,0.0,0.0,0.0,71.25,185.55
168.42,145.21,31.503,737.0,0.0,0.0,0.0,71.24,185.55
168.46,145.237,31.514,736.66,0.0,0.0,0.0,71.24,185.56
168.52,145.278,31.531,736.14,0.0,0.0,0.0,71.23,185.57
168.56,145.305,31.543,735.79,0.0,0.0,0.0,71.23,185.57
168.62,145.346,31.56,735.27,0.0,0.0,0.0,71.22,185.58
168.66,145.373,31.572,734.92,0.0,0.0,0.0,71.22,185.58
168.72,145.414,31.589,734.41,0.0,0.0,0.0,71.21,185.59
168.76,145.441,31.601,734.06,0.0,0.0,0.0,71.21,185.59
168.82,145.482,31.618,733.54,0.0,0.0,0.0,71.2,185.6
168.86,145.509,31.629,733.19,0.0,0.0,0.0,71.2,185.6
168.92,145.55,31.647,732.68,0.0,0.0,0.0,71.19,185.61
168.96,145.577,31.658,732.33,0.0,0.0,0.0,71.19,185.61
169.02,145.617,31.676,731.81,0.0,0.0,0.0,71.18,185.62
169.06,145.644,31.687,731.47,0.0,0.0,0.0,71.18,185.62
169.12,145.685,31.705,730.95,0.0,0.0,0.0,71.18,185.63
169.16,145.712,31.716,730.6,0.0,0.0,0.0,71.17,185.63
169.22,145.752,31.734,730.08,0.0,0.0,0.0,71.17,185.64
169.28,145.792,31.751,729.56,0.0,0.0,0.0,71.16,185.65
169.32,145.819,31.762,729.22,0.0,0.0,0.0,71.16,185.65
169.36,145.846,31.774,728.87,0.0,0.0,0.0,71.15,185.66
169.42,145.887,31.791,728.35,0.0,0.0,0.0,71.15,185.66
169.46,145.913,31.803,728.01,0.0,0.0,0.0,71.14,185.67
169.52,145.954,31.82,727.49,0.0,0.0,0.0,71.14,185.67
169.56,145.981,31.832,727.14,0.0,0.0,0.0,71.13,185.68
169.62,146.021,31.849,726.63,0.0,0.0,0.0,71.13,185.68
169.66,146.047,31.861,726.28,0.0,0.0,0.0,71.12,185.69
169.72,146.088,31.878,725.76,0.0,0.0,0.0,71.12,185.69
169.76,146.114,31.89,725.42,0.0,0.0,0.0,71.12,185.7
169.82,146.154,31.908,724.9,0.0,0.0,0.0,71.11,185.71
169.86,146.181,31.919,724.56,0.0,0.0,0.0,71.11,185.71
169.92,146.221,31.937,724.04,0.0,0.0,0.0,71.1,185.72
169.98,146.261,31.954,723.52,0.0,0.0,0.0,71.1,185.72
170.02,146.288,31.966,723.17,0.0,0.0,0.0,71.09,185.73
170.06,146.315,31.977,722.83,0.0,0.0,0.0,71.09,185.73
170.12,146.354,31.995,722.31,0.0,0.0,0.0,71.08,185.74
170.18,146.394,32.012,721.79,0.0,0.0,0.0,71.08,185.74
170.22,146.421,32.024,721.45,0.0,0.0,0.0,71.07,185.75
170.28,146.461,32.041,720.93,0.0,0.0,0.0,71.07,185.76
170.32,146.487,32.053,720.59,0.0,0.0,0.0,71.06,185.76
170.38,146.527,32.071,720.07,0.0,0.0,0.0,71.06,185.77
170.42,146.554,32.082,719.73,0.0,0.0,0.0,71.05,185.77
170.48,146.593,32.1,719.21,0.0,0.0,0.0,71.05,185.78
170.52,146.62,32.111,718.86,0.0,0.0,0.0,71.04,185.78
170.58,146.659,32.129,718.35,0.0,0.0,0.0,71.04,185.79
170.64,146.699,32.147,717.83,0.0,0.0,0.0,71.03,185.79
170.68,146.725,32.158,717.49,0.0,0.0,0.0,71.03,185.8
170.72,146.752,32.17,717.14,0.0,0.0,0.0,71.03,185.8
170.78,146.791,32.187,716.62,0.0,0.0,0.0,71.02,185.81
170.82,146.818,32.199,716.28,0.0,0.0,0.0,71.02,185.81
170.88,146.857,32.217,715.76,0.0,0.0,0.0,71.01,185.82
170.92,146.884,32.228,715.42,0.0,0.0,0.0,71.01,185.82
170.98,146.923,32.246,714.9,0.0,0.0,0.0,71.0,185.83
171.04,146.962,32.264,714.39,0.0,0.0,0.0,71.0,185.84
171.08,146.989,32.275,714.04,0.0,0.0,0.0,70.99,185.84
171.12,147.015,32.287,713.7,0.0,0.0,0.0,70.99,185.84
171.18,147.054,32.305,713.18,0.0,0.0,0.0,70.98,185.85
171.22,147.08,32.316,712.84,0.0,0.0,0.0,70.98,185.86
171.28,147.12,32.334,712.32,0.0,0.0,0.0,70.97,185.86
171.32,147.146,32.346,711.98,0.0,0.0,0.0,70.97,185.87
171.38,147.185,32.363,711.46,0.0,0.0,0.0,70.96,185.87
171.42,147.211,32.375,711.12,0.0,0.0,0.0,70.96,185.88
171.48,147.25,32.393,710.6,0.0,0.0,0.0,70.96,185.88
171.54,147.29,32.41,710.09,0.0,0.0,0.0,70.95,185.89
171.58,147.316,32.422,709.74,0.0,0.0,0.0,70.95,185.89
171.64,147.355,32.44,709.23,0.0,0.0,0.0,70.94,185.9
171.68,147.381,32.452,708.88,0.0,0.0,0.0,70.94,185.9
171.74,147.42,32.469,708.37,0.0,0.0,0.0,70.93,185.91
171.78,147.446,32.481,708.02,0.0,0.0,0.0,70.93,185.91
171.82,147.472,32.493,707.68,0.0,0.0,0.0,70.92,185.92
171.88,147.511,32.51,707.17,0.0,0.0,0.0,70.92,185.93
171.94,147.55,32.528,706.65,0.0,0.0,0.0,70.91,185.93
171.98,147.575,32.54,706.31,0.0,0.0,0.0,70.91,185.94
172.04,147.614,32.558,705.79,0.0,0.0,0.0,70.9,185.94
172.08,147.64,32.569,705.45,0.0,0.0,0.0,70.9,185.95
172.14,147.679,32.587,704.93,0.0,0.0,0.0,70.89,185.95
172.18,147.705,32.599,704.59,0.0,0.0,0.0,70.89,185.96
172.24,147.744,32.617,704.08,0.0,0.0,0.0,70.88,185.96
172.28,147.769,32.629,703.73,0.0,0.0,0.0,70.88,185.97
172.34,147.808,32.646,703.22,0.0,0.0,0.0,70.88,185.97
172.38,147.834,32.658,702.87,0.0,0.0,0.0,70.87,185.98
172.44,147.872,32.676,702.36,0.0,0.0,0.0,70.87,185.98
172.48,147.898,32.688,702.02,0.0,0.0,0.0,70.86,185.99
172.54,147.937,32.705,701.5,0.0,0.0,0.0,70.86,185.99
172.58,147.962,32.717,701.16,0.0,0.0,0.0,70.85,186.0
172.64,148.001,32.735,700.65,0.0,0.0,0.0,70.85,186.01
172.68,148.027,32.747,700.3,0.0,0.0,0.0,70.84,186.01
172.74,148.065,32.765,699.79,0.0,0.0,0.0,70.84,186.02
172.78,148.091,32.777,699.45,0.0,0.0,0.0,70.83,186.02
172.84,148.129,32.794,698.93,0.0,0.0,0.0,70.83,186.03
172.88,148.155,32.806,698.59,0.0,0.0,0.0,70.83,186.03
172.94,148.193,32.824,698.07,0.0,0.0,0.0,70.82,186.04
172.98,148.219,32.836,697.73,0.0,0.0,0.0,70.82,186.04
173.04,148.257,32.854,697.22,0.0,0.0,0.0,70.81,186.05
173.1,148.295,32.872,696.7,0.0,0.0,0.0,70.8,186.05
173.14,148.321,32.883,696.36,0.0,0.0,0.0,70.8,186.06
173.18,148.346,32.895,696.02,0.0,0.0,0.0,70.8,186.06
173.24,148.384,32.913,695.51,0.0,0.0,0.0,70.79,186.07
173.28,148.41,32.925,695.16,0.0,0.0,0.0,70.79,186.07
173.34,148.448,32.943,694.65,0.0,0.0,0.0,70.78,186.08
173.4,148.486,32.961,694.14,0.0,0.0,0.0,70.78,186.08
173.44,148.511,32.973,693.8,0.0,0.0,0.0,70.77,186.09
173.5,148.549,32.991,693.28,0.0,0.0,0.0,70.77,186.1
173.54,148.575,33.002,692.94,0.0,0.0,0.0,70.76,186.1
173.6,148.613,33.02,692.43,0.0,0.0,0.0,70.76,186.11
173.64,148.638,33.032,692.09,0.0,0.0,0.0,70.75,186.11
173.7,148.676,33.05,691.57,0.0,0.0,0.0,70.75,186.12
173.74,148.701,33.062,691.23,0.0,0.0,0.0,70.74,186.12
173.8,148.739,33.08,690.72,0.0,0.0,0.0,70.74,186.13
173.84,148.764,33.092,690.38,0.0,0.0,0.0,70.74,186.13
173.9,148.802,33.11,689.86,0.0,0.0,0.0,70.73,186.14
173.94,148.827,33.122,689.52,0.0,0.0,0.0,70.73,186.14
174.0,148.865,33.14,689.01,0.0,0.0,0.0,70.72,186.15
174.04,148.89,33.152,688.67,0.0,0.0,0.0,70.72,186.15
174.1,148.928,33.17,688.16,0.0,0.0,0.0,70.71,186.16
174.16,148.965,33.187,687.64,0.0,0.0,0.0,70.71,186.16
174.2,148.99,33.199,687.3,0.0,0.0,0.0,70.7,186.17
174.24,149.015,33.211,686.96,0.0,0.0,0.0,70.7,186.17
174.3,149.053,33.229,686.45,0.0,0.0,0.0,70.69,186.18
174.34,149.078,33.241,686.11,0.0,0.0,0.0,70.69,186.18
174.38,149.103,33.253,685.77,0.0,0.0,0.0,70.69,186.19
174.44,149.141,33.271,685.25,0.0,0.0,0.0,70.68,186.19
174.5,149.178,33.289,684.74,0.0,0.0,0.0,70.67,186.2
174.54,149.203,33.301,684.4,0.0,0.0,0.0,70.67,186.2
174.6,149.24,33.319,683.89,0.0,0.0,0.0,70.66,186.21
174.66,149.278,33.337,683.38,0.0,0.0,0.0,70.66,186.22
174.7,149.303,33.349,683.04,0.0,0.0,0.0,70.66,186.22
174.74,149.328,33.361,682.7,0.0,0.0,0.0,70.65,186.22
174.8,149.365,33.379,682.18,0.0,0.0,0.0,70.65,186.23
174.86,149.402,33.397,681.67,0.0,0.0,0.0,70.64,186.24
174.9,149.427,33.409,681.33,0.0,0.0,0.0,70.64,186.24
174.96,149.464,33.427,680.82,0.0,0.0,0.0,70.63,186.25
175.0,149.489,33.439,680.48,0.0,0.0,0.0,70.63,186.25
175.06,149.526,33.457,679.97,0.0,0.0,0.0,70.62,186.26
175.1,149.551,33.469,679.63,0.0,0.0,0.0,70.62,186.26
175.16,149.588,33.487,679.12,0.0,0.0,0.0,70.61,186.27
175.2,149.613,33.499,678.78,0.0,0.0,0.0,70.61,186.27
175.26,149.65,33.518,678.27,0.0,0.0,0.0,70.6,186.28
175.3,149.674,33.53,677.93,0.0,0.0,0.0,70.6,186.28
175.34,149.699,33.542,677.59,0.0,0.0,0.0,70.6,186.29
175.4,149.736,33.56,677.07,0.0,0.0,0.0,70.59,186.29
175.46,149.773,33.578,676.56,0.0,0.0,0.0,70.58,186.3
175.5,149.798,33.59,676.22,0.0,0.0,0.0,70.58,186.3
175.56,149.834,33.608,675.71,0.0,0.0,0.0,70.58,186.31
175.6,149.859,33.62,675.37,0.0,0.0,0.0,70.57,186.31
175.66,149.896,33.638,674.86,0.0,0.0,0.0,70.57,186.32
175.7,149.92,33.65,674.52,0.0,0.0,0.0,70.56,186.32
175.76,149.957,33.668,674.01,0.0,0.0,0.0,70.56,186.33
175.8,149.982,33.68,673.67,0.0,0.0,0.0,70.55,186.33
175.84,150.006,33.692,673.33,0.0,0.0,0.0,70.55,186.34
175.9,150.043,33.711,672.82,0.0,0.0,0.0,70.54,186.34
175.96,150.079,33.729,672.31,0.0,0.0,0.0,70.54,186.35
176.0,150.104,33.741,671.97,0.0,0.0,0.0,70.53,186.35
176.06,150.14,33.759,671.47,0.0,0.0,0.0,70.53,186.36
176.1,150.165,33.771,671.13,0.0,0.0,0.0,70.52,186.36
176.16,150.201,33.789,670.62,0.0,0.0,0.0,70.52,186.37
176.2,150.226,33.801,670.28,0.0,0.0,0.0,70.52,186.37
176.26,150.262,33.819,669.77,0.0,0.0,0.0,70.51,186.38
176.3,150.286,33.832,669.43,0.0,0.0,0.0,70.51,186.38
176.36,150.323,33.85,668.92,0.0,0.0,0.0,70.5,186.39
176.4,150.347,33.862,668.58,0.0,0.0,0.0,70.5,186.39
176.46,150.384,33.88,668.07,0.0,0.0,0.0,70.49,186.4
176.5,150.408,33.892,667.73,0.0,0.0,0.0,70.49,186.4
176.56,150.444,33.91,667.22,0.0,0.0,0.0,70.48,186.41
176.6,150.468,33.922,666.88,0.0,0.0,0.0,70.48,186.41
176.66,150.504,33.941,666.37,0.0,0.0,0.0,70.47,186.42
176.72,150.541,33.959,665.87,0.0,0.0,0.0,70.47,186.43
176.76,150.565,33.971,665.53,0.0,0.0,0.0,70.46,186.43
176.8,150.589,33.983,665.19,0.0,0.0,0.0,70.46,186.43
176.86,150.625,34.001,664.68,0.0,0.0,0.0,70.45,186.44
176.92,150.661,34.02,664.17,0.0,0.0,0.0,70.45,186.45
176.96,150.685,34.032,663.83,0.0,0.0,0.0,70.44,186.45
177.0,150.709,34.044,663.49,0.0,0.0,0.0,70.44,186.45
177.06,150.745,34.062,662.99,0.0,0.0,0.0,70.43,186.46
177.12,150.781,34.08,662.48,0.0,0.0,0.0,70.43,186.47
177.16,150.805,34.093,662.14,0.0,0.0,0.0,70.43,186.47
177.22,150.841,34.111,661.63,0.0,0.0,0.0,70.42,186.48
177.26,150.865,34.123,661.29,0.0,0.0,0.0,70.42,186.48
177.32,150.901,34.141,660.79,0.0,0.0,0.0,70.41,186.49
177.36,150.925,34.154,660.45,0.0,0.0,0.0,70.41,186.49
177.42,150.961,34.172,659.94,0.0,0.0,0.0,70.4,186.5
177.46,150.985,34.184,659.6,0.0,0.0,0.0,70.4,186.5
177.52,151.02,34.202,659.09,0.0,0.0,0.0,70.39,186.51
177.56,151.044,34.215,658.76,0.0,0.0,0.0,70.39,186.51
177.62,151.08,34.233,658.25,0.0,0.0,0.0,70.38,186.52
177.66,151.104,34.245,657.91,0.0,0.0,0.0,70.38,186.52
177.72,151.139,34.263,657.4,0.0,0.0,0.0,70.37,186.53
177.76,151.163,34.276,657.07,0.0,0.0,0.0,70.37,186.53
177.82,151.199,34.294,656.56,0.0,0.0,0.0,70.36,186.54
177.86,151.223,34.306,656.22,0.0,0.0,0.0,70.36,186.54
177.92,151.258,34.324,655.71,0.0,0.0,0.0,70.35,186.55
177.98,151.294,34.343,655.21,0.0,0.0,0.0,70.35,186.55
178.02,151.317,34.355,654.87,0.0,0.0,0.0,70.35,186.56
178.08,151.353,34.373,654.36,0.0,0.0,0.0,70.34,186.56
178.12,151.376,34.386,654.03,0.0,0.0,0.0,70.34,186.57
178.18,151.412,34.404,653.52,0.0,0.0,0.0,70.33,186.57
178.22,151.435,34.416,653.18,0.0,0.0,0.0,70.33,186.58
178.26,151.459,34.428,652.84,0.0,0.0,0.0,70.32,186.58
178.32,151.494,34.447,652.34,0.0,0.0,0.0,70.32,186.59
178.36,151.518,34.459,652.0,0.0,0.0,0.0,70.31,186.59
178.42,151.553,34.477,651.49,0.0,0.0,0.0,70.31,186.6
178.46,151.577,34.49,651.16,0.0,0.0,0.0,70.3,186.6
178.52,151.612,34.508,650.65,0.0,0.0,0.0,70.3,186.61
178.58,151.647,34.526,650.15,0.0,0.0,0.0,70.29,186.61
178.62,151.67,34.539,649.81,0.0,0.0,0.0,70.29,186.62
178.68,151.705,34.557,649.3,0.0,0.0,0.0,70.28,186.62
178.72,151.729,34.569,648.97,0.0,0.0,0.0,70.28,186.63
178.78,151.764,34.588,648.46,0.0,0.0,0.0,70.27,186.63
178.82,151.787,34.6,648.12,0.0,0.0,0.0,70.27,186.64
178.88,151.822,34.619,647.62,0.0,0.0,0.0,70.26,186.64
178.92,151.846,34.631,647.28,0.0,0.0,0.0,70.26,186.65
178.98,151.881,34.649,646.78,0.0,0.0,0.0,70.26,186.65
179.02,151.904,34.662,646.44,0.0,0.0,0.0,70.25,186.66
179.08,151.939,34.68,645.94,0.0,0.0,0.0,70.25,186.66
179.12,151.962,34.692,645.6,0.0,0.0,0.0,70.24,186.67
179.18,151.997,34.711,645.09,0.0,0.0,0.0,70.24,186.67
179.22,152.02,34.723,644.76,0.0,0.0,0.0,70.23,186.68
179.26,152.043,34.735,644.42,0.0,0.0,0.0,70.23,186.68
179.32,152.078,34.754,643.92,0.0,0.0,0.0,70.22,186.69
179.36,152.101,34.766,643.58,0.0,0.0,0.0,70.22,186.69
179.42,152.136,34.785,643.08,0.0,0.0,0.0,70.21,186.7
179.46,152.159,34.797,642.74,0.0,0.0,0.0,70.21,186.7
179.52,152.194,34.815,642.24,0.0,0.0,0.0,70.21,186.71
179.58,152.228,34.834,641.73,0.0,0.0,0.0,70.2,186.71
179.62,152.251,34.846,641.4,0.0,0.0,0.0,70.2,186.72
179.68,152.286,34.865,640.89,0.0,0.0,0.0,70.19,186.72
179.74,152.32,34.883,640.39,0.0,0.0,0.0,70.18,186.73
179.78,152.343,34.896,640.05,0.0,0.0,0.0,70.18,186.73
179.82,152.366,34.908,639.72,0.0,0.0,0.0,70.18,186.74
179.86,152.389,34.92,639.38,0.0,0.0,0.0,70.17,186.74
179.92,152.424,34.939,638.88,0.0,0.0,0.0,70.17,186.75
179.96,152.447,34.951,638.54,0.0,0.0,0.0,70.16,186.75
180.04,152.493,34.976,637.87,0.0,0.0,0.0,70.16,186.76
180.08,152.515,34.988,637.54,0.0,0.0,0.0,70.15,186.76
180.14,152.55,35.007,637.03,0.0,0.0,0.0,70.15,186.77
180.18,152.573,35.019,636.7,0.0,0.0,0.0,70.14,186.77
180.22,152.595,35.031,636.36,0.0,0.0,0.0,70.14,186.78
180.28,152.63,35.05,635.86,0.0,0.0,0.0,70.13,186.78
180.32,152.652,35.062,635.52,0.0,0.0,0.0,70.13,186.79
180.38,152.687,35.081,635.02,0.0,0.0,0.0,70.12,186.79
180.42,152.709,35.093,634.69,0.0,0.0,0.0,70.12,186.8
180.48,152.744,35.112,634.18,0.0,0.0,0.0,70.12,186.8
180.54,152.778,35.131,633.68,0.0,0.0,0.0,70.11,186.81
180.58,152.8,35.143,633.35,0.0,0.0,0.0,70.11,186.81
180.62,152.823,35.155,633.01,0.0,0.0,0.0,70.1,186.82
180.68,152.857,35.174,632.51,0.0,0.0,0.0,70.1,186.82
180.72,152.88,35.186,632.17,0.0,0.0,0.0,70.09,186.83
180.78,152.914,35.205,631.67,0.0,0.0,0.0,70.09,186.83
180.82,152.936,35.217,631.34,0.0,0.0,0.0,70.08,186.84
180.88,152.97,35.236,630.84,0.0,0.0,0.0,70.08,186.84
180.94,153.004,35.255,630.33,0.0,0.0,0.0,70.07,186.85
180.98,153.026,35.267,630.0,0.0,0.0,0.0,70.07,186.85
181.0,153.038,35.273,629.83,0.0,0.0,0.0,70.07,186.85
181.0,153.06,35.286,629.5,0.0,0.0,0.0,70.06,186.86
181.08,153.083,35.298,629.16,0.0,0.0,0.0,70.06,186.86
181.12,153.105,35.31,628.83,0.0,0.0,0.0,70.06,186.87
181.18,153.139,35.329,628.33,0.0,0.0,0.0,70.05,186.87
181.24,153.173,35.348,627.83,0.0,0.0,0.0,70.04,186.88
181.28,153.195,35.36,627.49,0.0,0.0,0.0,70.04,186.88
181.32,153.218,35.373,627.16,0.0,0.0,0.0,70.04,186.89
181.38,153.251,35.391,626.66,0.0,0.0,0.0,70.03,186.89
181.44,153.285,35.41,626.16,0.0,0.0,0.0,70.03,186.9
181.48,153.307,35.422,625.82,0.0,0.0,0.0,70.02,186.9
181.54,153.341,35.441,625.32,0.0,0.0,0.0,70.02,186.91
181.58,153.363,35.453,624.99,0.0,0.0,0.0,70.01,186.91
181.64,153.396,35.472,624.49,0.0,0.0,0.0,70.01,186.92
181.68,153.419,35.485,624.16,0.0,0.0,0.0,70.0,186.92
181.74,153.452,35.503,623.65,0.0,0.0,0.0,70.0,186.93
181.78,153.474,35.516,623.32,0.0,0.0,0.0,69.99,186.93
181.84,153.508,35.534,622.82,0.0,0.0,0.0,69.99,186.94
181.88,153.53,35.547,622.49,0.0,0.0,0.0,69.98,186.94
181.94,153.563,35.566,621.99,0.0,0.0,0.0,69.98,186.95
181.98,153.585,35.578,621.65,0.0,0.0,0.0,69.97,186.95
182.04,153.619,35.597,621.15,0.0,0.0,0.0,69.97,186.96
182.08,153.641,35.609,620.82,0.0,0.0,0.0,69.97,186.96
182.14,153.674,35.628,620.32,0.0,0.0,0.0,69.96,186.97
182.2,153.707,35.647,619.82,0.0,0.0,0.0,69.95,186.97
182.24,153.729,35.659,619.49,0.0,0.0,0.0,69.95,186.97
182.28,153.751,35.672,619.16,0.0,0.0,0.0,69.95,186.98
182.34,153.784,35.69,618.66,0.0,0.0,0.0,69.94,186.98
182.38,153.806,35.703,618.32,0.0,0.0,0.0,69.94,186.99
182.44,153.839,35.722,617.83,0.0,0.0,0.0,69.93,186.99
182.5,153.872,35.741,617.33,0.0,0.0,0.0,69.93,187.0
182.54,153.894,35.753,616.99,0.0,0.0,0.0,69.92,187.0
182.58,153.916,35.766,616.66,0.0,0.0,0.0,69.92,187.01
182.64,153.949,35.784,616.16,0.0,0.0,0.0,69.91,187.01
182.7,153.982,35.803,615.66,0.0,0.0,0.0,69.91,187.02
182.74,154.004,35.816,615.33,0.0,0.0,0.0,69.9,187.02
182.8,154.037,35.834,614.83,0.0,0.0,0.0,69.9,187.03
182.84,154.059,35.847,614.5,0.0,0.0,0.0,69.89,187.03
182.88,154.08,35.859,614.17,0.0,0.0,0.0,69.89,187.04
182.94,154.113,35.878,613.67,0.0,0.0,0.0,69.89,187.04
183.0,154.146,35.897,613.17,0.0,0.0,0.0,69.88,187.05
183.04,154.168,35.91,612.84,0.0,0.0,0.0,69.88,187.05
183.08,154.189,35.922,612.51,0.0,0.0,0.0,69.87,187.06
183.14,154.222,35.941,612.01,0.0,0.0,0.0,69.87,187.06
183.2,154.255,35.96,611.51,0.0,0.0,0.0,69.86,187.07
183.24,154.276,35.972,611.18,0.0,0.0,0.0,69.86,187.07
183.3,154.309,35.991,610.69,0.0,0.0,0.0,69.85,187.08
183.34,154.331,36.004,610.35,0.0,0.0,0.0,69.85,187.08
183.4,154.363,36.022,609.86,0.0,0.0,0.0,69.84,187.09
183.44,154.385,36.035,609.53,0.0,0.0,0.0,69.84,187.09
183.5,154.417,36.054,609.03,0.0,0.0,0.0,69.83,187.1
183.54,154.439,36.066,608.7,0.0,0.0,0.0,69.83,187.1
183.58,154.46,36.079,608.37,0.0,0.0,0.0,69.83,187.1
183.64,154.493,36.098,607.87,0.0,0.0,0.0,69.82,187.11
183.7,154.525,36.117,607.37,0.0,0.0,0.0,69.81,187.12
183.74,154.546,36.129,607.04,0.0,0.0,0.0,69.81,187.12
183.78,154.568,36.142,606.71,0.0,0.0,0.0,69.81,187.12
183.84,154.6,36.161,606.21,0.0,0.0,0.0,69.8,187.13
183.9,154.632,36.18,605.72,0.0,0.0,0.0,69.8,187.14
183.94,154.654,36.192,605.39,0.0,0.0,0.0,69.79,187.14
184.0,154.686,36.211,604.89,0.0,0.0,0.0,69.79,187.14
184.04,154.707,36.224,604.56,0.0,0.0,0.0,69.78,187.15
184.1,154.74,36.243,604.06,0.0,0.0,0.0,69.78,187.15
184.14,154.761,36.255,603.73,0.0,0.0,0.0,69.77,187.16
184.18,154.782,36.268,603.4,0.0,0.0,0.0,69.77,187.16
184.24,154.814,36.287,602.91,0.0,0.0,0.0,69.76,187.17
184.3,154.846,36.306,602.41,0.0,0.0,0.0,69.76,187.17
184.34,154.868,36.318,602.08,0.0,0.0,0.0,69.75,187.18
184.4,154.899,36.337,601.59,0.0,0.0,0.0,69.75,187.18
184.46,154.931,36.356,601.09,0.0,0.0,0.0,69.74,187.19
184.5,154.953,36.369,600.76,0.0,0.0,0.0,69.74,187.19
184.54,154.974,36.381,600.43,0.0,0.0,0.0,69.74,187.2
184.6,155.006,36.4,599.94,0.0,0.0,0.0,69.73,187.2
184.66,155.037,36.419,599.44,0.0,0.0,0.0,69.72,187.21
184.7,155.059,36.432,599.11,0.0,0.0,0.0,69.72,187.21
184.74,155.08,36.444,598.78,0.0,0.0,0.0,69.72,187.22
184.8,155.111,36.463,598.29,0.0,0.0,0.0,69.71,187.22
184.84,155.132,36.476,597.96,0.0,0.0,0.0,69.71,187.22
184.9,155.164,36.495,597.46,0.0,0.0,0.0,69.7,187.23
184.94,155.185,36.508,597.13,0.0,0.0,0.0,69.7,187.23
185.0,155.217,36.527,596.64,0.0,0.0,0.0,69.69,187.24
185.04,155.238,36.539,596.31,0.0,0.0,0.0,69.69,187.24
185.1,155.269,36.558,595.82,0.0,0.0,0.0,69.68,187.25
185.16,155.301,36.577,595.32,0.0,0.0,0.0,69.68,187.26
185.2,155.322,36.59,594.99,0.0,0.0,0.0,69.67,187.26
185.26,155.353,36.609,594.5,0.0,0.0,0.0,69.67,187.26
185.3,155.374,36.621,594.17,0.0,0.0,0.0,69.66,187.27
185.36,155.406,36.64,593.68,0.0,0.0,0.0,69.66,187.27
185.4,155.426,36.653,593.35,0.0,0.0,0.0,69.65,187.28
185.46,155.458,36.672,592.86,0.0,0.0,0.0,69.65,187.28
185.5,155.479,36.685,592.53,0.0,0.0,0.0,69.65,187.29
185.56,155.51,36.704,592.03,0.0,0.0,0.0,69.64,187.29
185.6,155.531,36.717,591.71,0.0,0.0,0.0,69.64,187.3
185.66,155.562,36.736,591.21,0.0,0.0,0.0,69.63,187.3
185.72,155.593,36.755,590.72,0.0,0.0,0.0,69.62,187.31
185.76,155.614,36.767,590.39,0.0,0.0,0.0,69.62,187.31
185.8,155.635,36.78,590.06,0.0,0.0,0.0,69.62,187.32
185.86,155.666,36.799,589.57,0.0,0.0,0.0,69.61,187.32
185.9,155.686,36.812,589.24,0.0,0.0,0.0,69.61,187.33
185.96,155.717,36.831,588.75,0.0,0.0,0.0,69.6,187.33
186.0,155.738,36.843,588.42,0.0,0.0,0.0,69.6,187.33
186.06,155.769,36.862,587.93,0.0,0.0,0.0,69.59,187.34
186.1,155.79,36.875,587.6,0.0,0.0,0.0,69.59,187.34
186.16,155.821,36.894,587.11,0.0,0.0,0.0,69.58,187.35
186.2,155.841,36.907,586.78,0.0,0.0,0.0,69.58,187.35
186.26,155.872,36.926,586.29,0.0,0.0,0.0,69.57,187.36
186.32,155.903,36.945,585.8,0.0,0.0,0.0,69.57,187.37
186.36,155.924,36.958,585.47,0.0,0.0,0.0,69.56,187.37
186.4,155.944,36.971,585.15,0.0,0.0,0.0,69.56,187.37
186.46,155.975,36.99,584.66,0.0,0.0,0.0,69.56,187.38
186.5,155.995,37.002,584.33,0.0,0.0,0.0,69.55,187.38
186.56,156.026,37.021,583.84,0.0,0.0,0.0,69.55,187.39
186.62,156.057,37.041,583.35,0.0,0.0,0.0,69.54,187.39
186.66,156.077,37.053,583.02,0.0,0.0,0.0,69.54,187.4
186.7,156.098,37.066,582.69,0.0,0.0,0.0,69.53,187.4
186.76,156.128,37.085,582.2,0.0,0.0,0.0,69.53,187.41
186.82,156.159,37.104,581.71,0.0,0.0,0.0,69.52,187.41
186.86,156.179,37.117,581.39,0.0,0.0,0.0,69.52,187.42
186.9,156.199,37.13,581.06,0.0,0.0,0.0,69.51,187.42
186.96,156.23,37.149,580.57,0.0,0.0,0.0,69.51,187.43
187.02,156.26,37.168,580.08,0.0,0.0,0.0,69.5,187.43
187.06,156.281,37.181,579.75,0.0,0.0,0.0,69.5,187.43
187.1,156.301,37.193,579.43,0.0,0.0,0.0,69.49,187.44
187.16,156.331,37.213,578.94,0.0,0.0,0.0,69.49,187.44
187.22,156.362,37.232,578.45,0.0,0.0,0.0,69.48,187.45
187.26,156.382,37.245,578.12,0.0,0.0,0.0,69.48,187.45
187.32,156.412,37.264,577.63,0.0,0.0,0.0,69.47,187.46
187.36,156.432,37.276,577.31,0.0,0.0,0.0,69.47,187.46
187.42,156.463,37.296,576.82,0.0,0.0,0.0,69.46,187.47
187.46,156.483,37.308,576.49,0.0,0.0,0.0,69.46,187.47
187.52,156.513,37.328,576.0,0.0,0.0,0.0,69.46,187.48
187.56,156.533,37.34,575.68,0.0,0.0,0.0,69.45,187.48
187.62,156.563,37.359,575.19,0.0,0.0,0.0,69.45,187.49
187.66,156.583,37.372,574.86,0.0,0.0,0.0,69.44,187.49
187.72,156.613,37.391,574.38,0.0,0.0,0.0,69.44,187.5
187.76,156.633,37.404,574.05,0.0,0.0,0.0,69.43,187.5
187.82,156.663,37.423,573.56,0.0,0.0,0.0,69.43,187.51
187.86,156.683,37.436,573.24,0.0,0.0,0.0,69.42,187.51
187.92,156.713,37.455,572.75,0.0,0.0,0.0,69.42,187.51
187.96,156.733,37.468,572.42,0.0,0.0,0.0,69.41,187.52
188.02,156.763,37.487,571.94,0.0,0.0,0.0,69.41,187.52
188.06,156.783,37.5,571.61,0.0,0.0,0.0,69.4,187.53
188.12,156.813,37.519,571.12,0.0,0.0,0.0,69.4,187.53
188.16,156.833,37.532,570.8,0.0,0.0,0.0,69.4,187.54
188.22,156.862,37.551,570.31,0.0,0.0,0.0,69.39,187.54
188.28,156.892,37.571,569.82,0.0,0.0,0.0,69.38,187.55
188.32,156.912,37.584,569.5,0.0,0.0,0.0,69.38,187.55
188.36,156.932,37.596,569.18,0.0,0.0,0.0,69.38,187.56
188.42,156.961,37.616,568.69,0.0,0.0,0.0,69.37,187.56
188.48,156.991,37.635,568.2,0.0,0.0,0.0,69.37,187.57
188.52,157.011,37.648,567.88,0.0,0.0,0.0,69.36,187.57
188.58,157.04,37.667,567.39,0.0,0.0,0.0,69.36,187.58
188.62,157.06,37.68,567.07,0.0,0.0,0.0,69.35,187.58
188.68,157.09,37.699,566.58,0.0,0.0,0.0,69.35,187.59
188.72,157.109,37.712,566.26,0.0,0.0,0.0,69.34,187.59
188.78,157.139,37.731,565.77,0.0,0.0,0.0,69.34,187.59
188.82,157.158,37.744,565.45,0.0,0.0,0.0,69.33,187.6
188.88,157.188,37.763,564.96,0.0,0.0,0.0,69.33,187.6
188.92,157.207,37.776,564.64,0.0,0.0,0.0,69.32,187.61
188.96,157.227,37.789,564.32,0.0,0.0,0.0,69.32,187.61
189.02,157.256,37.808,563.83,0.0,0.0,0.0,69.31,187.62
189.08,157.285,37.827,563.35,0.0,0.0,0.0,69.31,187.62
189.12,157.305,37.84,563.02,0.0,0.0,0.0,69.31,187.63
189.18,157.334,37.86,562.54,0.0,0.0,0.0,69.3,187.63
189.22,157.354,37.872,562.21,0.0,0.0,0.0,69.3,187.64
189.28,157.383,37.892,561.73,0.0,0.0,0.0,69.29,187.64
189.32,157.402,37.905,561.41,0.0,0.0,0.0,69.29,187.64
189.38,157.431,37.924,560.92,0.0,0.0,0.0,69.28,187.65
189.42,157.451,37.937,560.6,0.0,0.0,0.0,69.28,187.65
189.48,157.48,37.956,560.12,0.0,0.0,0.0,69.27,187.66
189.52,157.499,37.969,559.79,0.0,0.0,0.0,69.27,187.66
189.58,157.528,37.988,559.31,0.0,0.0,0.0,69.26,187.67
189.64,157.557,38.008,558.83,0.0,0.0,0.0,69.26,187.67
189.68,157.577,38.021,558.5,0.0,0.0,0.0,69.25,187.68
189.72,157.596,38.033,558.18,0.0,0.0,0.0,69.25,187.68
189.78,157.625,38.053,557.7,0.0,0.0,0.0,69.24,187.69
189.84,157.654,38.072,557.21,0.0,0.0,0.0,69.24,187.69
189.88,157.673,38.085,556.89,0.0,0.0,0.0,69.23,187.7
189.94,157.702,38.104,556.41,0.0,0.0,0.0,69.23,187.7
189.98,157.721,38.117,556.09,0.0,0.0,0.0,69.22,187.7
190.04,157.75,38.137,555.6,0.0,0.0,0.0,69.22,187.71
190.08,157.769,38.149,555.28,0.0,0.0,0.0,69.22,187.71
190.14,157.798,38.169,554.8,0.0,0.0,0.0,69.21,187.72
190.18,157.817,38.182,554.48,0.0,0.0,0.0,69.21,187.72
190.24,157.845,38.201,554.0,0.0,0.0,0.0,69.2,187.73
190.28,157.864,38.214,553.67,0.0,0.0,0.0,69.2,187.73
190.32,157.883,38.227,553.35,0.0,0.0,0.0,69.19,187.74
190.38,157.912,38.246,552.87,0.0,0.0,0.0,69.19,187.74
190.44,157.941,38.266,552.39,0.0,0.0,0.0,69.18,187.75
190.48,157.96,38.279,552.07,0.0,0.0,0.0,69.18,187.75
190.54,157.988,38.298,551.59,0.0,0.0,0.0,69.17,187.76
190.58,158.007,38.311,551.27,0.0,0.0,0.0,69.17,187.76
190.64,158.035,38.33,550.78,0.0,0.0,0.0,69.16,187.77
190.68,158.054,38.343,550.46,0.0,0.0,0.0,69.16,187.77
190.74,158.083,38.363,549.98,0.0,0.0,0.0,69.15,187.77
190.78,158.102,38.376,549.66,0.0,0.0,0.0,69.15,187.78
190.84,158.13,38.395,549.18,0.0,0.0,0.0,69.14,187.78
190.88,158.149,38.408,548.86,0.0,0.0,0.0,69.14,187.79
190.94,158.177,38.427,548.38,0.0,0.0,0.0,69.13,187.79
190.98,158.196,38.44,548.06,0.0,0.0,0.0,69.13,187.8
191.04,158.224,38.46,547.58,0.0,0.0,0.0,69.13,187.8
191.08,158.243,38.473,547.26,0.0,0.0,0.0,69.12,187.81
191.14,158.271,38.492,546.78,0.0,0.0,0.0,69.12,187.81
191.18,158.29,38.505,546.46,0.0,0.0,0.0,69.11,187.81
191.24,158.318,38.524,545.98,0.0,0.0,0.0,69.11,187.82
191.28,158.337,38.537,545.66,0.0,0.0,0.0,69.1,187.82
191.34,158.365,38.557,545.18,0.0,0.0,0.0,69.1,187.83
191.38,158.383,38.57,544.86,0.0,0.0,0.0,69.09,187.83
191.44,158.411,38.589,544.38,0.0,0.0,0.0,69.09,187.84
191.5,158.439,38.609,543.9,0.0,0.0,0.0,69.08,187.84
191.54,158.458,38.622,543.59,0.0,0.0,0.0,69.08,187.85
191.58,158.476,38.635,543.27,0.0,0.0,0.0,69.07,187.85
191.64,158.504,38.654,542.79,0.0,0.0,0.0,69.07,187.86
191.7,158.532,38.674,542.31,0.0,0.0,0.0,69.06,187.86
191.74,158.551,38.687,541.99,0.0,0.0,0.0,69.06,187.86
191.78,158.569,38.7,541.67,0.0,0.0,0.0,69.06,187.87
191.84,158.597,38.719,541.19,0.0,0.0,0.0,69.05,187.87
191.9,158.625,38.739,540.72,0.0,0.0,0.0,69.04,187.88
191.94,158.643,38.752,540.4,0.0,0.0,0.0,69.04,187.88
192.0,158.671,38.771,539.92,0.0,0.0,0.0,69.03,187.89
192.04,158.689,38.784,539.6,0.0,0.0,0.0,69.03,187.89
192.08,158.708,38.797,539.28,0.0,0.0,0.0,69.03,187.9
192.14,158.735,38.817,538.81,0.0,0.0,0.0,69.02,187.9
192.2,158.763,38.836,538.33,0.0,0.0,0.0,69.02,187.91
192.24,158.781,38.849,538.01,0.0,0.0,0.0,69.01,187.91
192.28,158.799,38.862,537.69,0.0,0.0,0.0,69.01,187.91
192.34,158.827,38.882,537.22,0.0,0.0,0.0,69.0,187.92
192.4,158.854,38.901,536.74,0.0,0.0,0.0,69.0,187.92
192.44,158.873,38.914,536.42,0.0,0.0,0.0,68.99,187.93
192.5,158.9,38.934,535.95,0.0,0.0,0.0,68.99,187.93
192.54,158.918,38.947,535.63,0.0,0.0,0.0,68.98,187.94
192.6,158.945,38.966,535.15,0.0,0.0,0.0,68.98,187.94
192.64,158.964,38.979,534.83,0.0,0.0,0.0,68.97,187.95
192.7,158.991,38.999,534.36,0.0,0.0,0.0,68.97,187.95
192.74,159.009,39.012,534.04,0.0,0.0,0.0,68.97,187.95
192.8,159.036,39.031,533.57,0.0,0.0,0.0,68.96,187.96
192.86,159.064,39.051,533.09,0.0,0.0,0.0,68.95,187.97
192.9,159.082,39.064,532.77,0.0,0.0,0.0,68.95,187.97
192.94,159.1,39.077,532.46,0.0,0.0,0.0,68.95,187.97
193.0,159.127,39.096,531.98,0.0,0.0,0.0,68.94,187.98
193.04,159.145,39.109,531.67,0.0,0.0,0.0,68.94,187.98
193.1,159.172,39.129,531.19,0.0,0.0,0.0,68.93,187.99
193.16,159.199,39.149,530.72,0.0,0.0,0.0,68.93,187.99
193.2,159.217,39.162,530.4,0.0,0.0,0.0,68.92,188.0
193.24,159.235,39.175,530.08,0.0,0.0,0.0,68.92,188.0
193.3,159.262,39.194,529.61,0.0,0.0,0.0,68.91,188.01
193.36,159.289,39.214,529.14,0.0,0.0,0.0,68.91,188.01
193.4,159.307,39.227,528.82,0.0,0.0,0.0,68.9,188.01
193.46,159.333,39.246,528.35,0.0,0.0,0.0,68.9,188.02
193.5,159.351,39.26,528.03,0.0,0.0,0.0,68.89,188.02
193.54,159.369,39.273,527.72,0.0,0.0,0.0,68.89,188.03
193.6,159.396,39.292,527.24,0.0,0.0,0.0,68.88,188.03
193.66,159.423,39.312,526.77,0.0,0.0,0.0,68.88,188.04
193.7,159.441,39.325,526.45,0.0,0.0,0.0,68.87,188.04
193.74,159.458,39.338,526.14,0.0,0.0,0.0,68.87,188.04
193.8,159.485,39.358,525.67,0.0,0.0,0.0,68.87,188.05
193.86,159.512,39.377,525.19,0.0,0.0,0.0,68.86,188.05
193.9,159.529,39.39,524.88,0.0,0.0,0.0,68.86,188.06
193.96,159.556,39.41,524.41,0.0,0.0,0.0,68.85,188.06
194.0,159.574,39.423,524.09,0.0,0.0,0.0,68.85,188.07
194.04,159.591,39.436,523.78,0.0,0.0,0.0,68.84,188.07
194.1,159.618,39.456,523.31,0.0,0.0,0.0,68.84,188.08
194.16,159.644,39.475,522.83,0.0,0.0,0.0,68.83,188.08
194.2,159.662,39.488,522.52,0.0,0.0,0.0,68.83,188.09
194.26,159.688,39.508,522.05,0.0,0.0,0.0,68.82,188.09
194.3,159.706,39.521,521.74,0.0,0.0,0.0,68.82,188.09
194.36,159.732,39.541,521.26,0.0,0.0,0.0,68.81,188.1
194.4,159.75,39.554,520.95,0.0,0.0,0.0,68.81,188.1
194.46,159.776,39.573,520.48,0.0,0.0,0.0,68.8,188.11
194.5,159.793,39.587,520.17,0.0,0.0,0.0,68.8,188.11
194.56,159.82,39.606,519.7,0.0,0.0,0.0,68.79,188.12
194.62,159.846,39.626,519.23,0.0,0.0,0.0,68.79,188.12
194.66,159.863,39.639,518.91,0.0,0.0,0.0,68.78,188.13
194.7,159.881,39.652,518.6,0.0,0.0,0.0,68.78,188.13
194.76,159.907,39.672,518.13,0.0,0.0,0.0,68.78,188.13
194.82,159.933,39.691,517.66,0.0,0.0,0.0,68.77,188.14
194.86,159.95,39.705,517.35,0.0,0.0,0.0,68.77,188.14
194.9,159.968,39.718,517.03,0.0,0.0,0.0,68.76,188.15
194.96,159.994,39.737,516.56,0.0,0.0,0.0,68.76,188.15
195.0,160.011,39.751,516.25,0.0,0.0,0.0,68.75,188.16
195.06,160.037,39.77,515.78,0.0,0.0,0.0,68.75,188.16
195.12,160.063,39.79,515.31,0.0,0.0,0.0,68.74,188.17
195.16,160.08,39.803,515.0,0.0,0.0,0.0,68.74,188.17
195.2,160.097,39.816,514.69,0.0,0.0,0.0,68.73,188.17
195.26,160.123,39.836,514.22,0.0,0.0,0.0,68.73,188.18
195.32,160.149,39.856,513.75,0.0,0.0,0.0,68.72,188.18
195.36,160.166,39.869,513.44,0.0,0.0,0.0,68.72,188.19
195.42,160.192,39.888,512.97,0.0,0.0,0.0,68.71,188.19
195.46,160.209,39.902,512.66,0.0,0.0,0.0,68.71,188.2
195.52,160.235,39.921,512.2,0.0,0.0,0.0,68.7,188.2
195.56,160.252,39.934,511.88,0.0,0.0,0.0,68.7,188.21
195.62,160.278,39.954,511.42,0.0,0.0,0.0,68.69,188.21
195.66,160.295,39.967,511.11,0.0,0.0,0.0,68.69,188.21
195.72,160.32,39.987,510.64,0.0,0.0,0.0,68.68,188.22
195.76,160.337,40.0,510.33,0.0,0.0,0.0,68.68,188.22
195.82,160.363,40.02,509.86,0.0,0.0,0.0,68.68,188.23
195.86,160.38,40.033,509.55,0.0,0.0,0.0,68.67,188.23
195.92,160.405,40.053,509.08,0.0,0.0,0.0,68.67,188.24
195.96,160.422,40.066,508.77,0.0,0.0,0.0,68.66,188.24
196.02,160.448,40.086,508.31,0.0,0.0,0.0,68.66,188.25
196.06,160.465,40.099,508.0,0.0,0.0,0.0,68.65,188.25
196.12,160.49,40.119,507.53,0.0,0.0,0.0,68.65,188.25
196.16,160.507,40.132,507.22,0.0,0.0,0.0,68.64,188.26
196.22,160.532,40.152,506.76,0.0,0.0,0.0,68.64,188.26
196.26,160.549,40.165,506.45,0.0,0.0,0.0,68.63,188.27
196.32,160.574,40.185,505.98,0.0,0.0,0.0,68.63,188.27
196.36,160.591,40.198,505.67,0.0,0.0,0.0,68.62,188.28
196.42,160.616,40.217,505.21,0.0,0.0,0.0,68.62,188.28
196.46,160.633,40.231,504.9,0.0,0.0,0.0,68.62,188.28
196.52,160.658,40.25,504.43,0.0,0.0,0.0,68.61,188.29
196.56,160.675,40.264,504.12,0.0,0.0,0.0,68.61,188.29
196.62,160.7,40.283,503.66,0.0,0.0,0.0,68.6,188.3
196.66,160.717,40.297,503.35,0.0,0.0,0.0,68.6,188.3
196.72,160.742,40.316,502.89,0.0,0.0,0.0,68.59,188.31
196.78,160.767,40.336,502.42,0.0,0.0,0.0,68.58,188.31
196.82,160.783,40.349,502.12,0.0,0.0,0.0,68.58,188.32
196.88,160.808,40.369,501.65,0.0,0.0,0.0,68.58,188.32
196.92,160.825,40.382,501.34,0.0,0.0,0.0,68.57,188.32
196.96,160.841,40.396,501.04,0.0,0.0,0.0,68.57,188.33
197.02,160.866,40.415,500.57,0.0,0.0,0.0,68.56,188.33
197.08,160.891,40.435,500.11,0.0,0.0,0.0,68.56,188.34
197.12,160.908,40.448,499.8,0.0,0.0,0.0,68.55,188.34
197.18,160.932,40.468,499.34,0.0,0.0,0.0,68.55,188.35
197.22,160.949,40.481,499.03,0.0,0.0,0.0,68.54,188.35
197.26,160.965,40.495,498.72,0.0,0.0,0.0,68.54,188.35
197.32,160.99,40.514,498.26,0.0,0.0,0.0,68.53,188.36
197.38,161.015,40.534,497.8,0.0,0.0,0.0,68.53,188.36
197.42,161.031,40.548,497.49,0.0,0.0,0.0,68.52,188.37
197.48,161.056,40.567,497.03,0.0,0.0,0.0,68.52,188.37
197.52,161.072,40.581,496.73,0.0,0.0,0.0,68.52,188.38
197.58,161.097,40.6,496.27,0.0,0.0,0.0,68.51,188.38
197.62,161.113,40.614,495.96,0.0,0.0,0.0,68.51,188.38
197.68,161.138,40.633,495.5,0.0,0.0,0.0,68.5,188.39
197.72,161.154,40.647,495.19,0.0,0.0,0.0,68.5,188.39
197.78,161.178,40.667,494.73,0.0,0.0,0.0,68.49,188.4
197.82,161.195,40.68,494.42,0.0,0.0,0.0,68.49,188.4
197.88,161.219,40.7,493.97,0.0,0.0,0.0,68.48,188.41
197.92,161.235,40.713,493.66,0.0,0.0,0.0,68.48,188.41
197.98,161.259,40.733,493.2,0.0,0.0,0.0,68.47,188.42
198.04,161.284,40.753,492.74,0.0,0.0,0.0,68.47,188.42
198.08,161.3,40.766,492.43,0.0,0.0,0.0,68.46,188.42
198.12,161.316,40.779,492.13,0.0,0.0,0.0,68.46,188.43
198.18,161.34,40.799,491.67,0.0,0.0,0.0,68.45,188.43
198.22,161.356,40.812,491.36,0.0,0.0,0.0,68.45,188.44
198.28,161.381,40.832,490.91,0.0,0.0,0.0,68.44,188.44
198.32,161.397,40.845,490.6,0.0,0.0,0.0,68.44,188.45
198.38,161.421,40.865,490.14,0.0,0.0,0.0,68.43,188.45
198.42,161.437,40.879,489.84,0.0,0.0,0.0,68.43,188.45
198.48,161.461,40.898,489.38,0.0,0.0,0.0,68.42,188.46
198.54,161.485,40.918,488.92,0.0,0.0,0.0,68.42,188.46
198.58,161.501,40.932,488.62,0.0,0.0,0.0,68.42,188.47
198.64,161.525,40.952,488.16,0.0,0.0,0.0,68.41,188.47
198.68,161.541,40.965,487.86,0.0,0.0,0.0,68.41,188.48
198.74,161.565,40.985,487.4,0.0,0.0,0.0,68.4,188.48
198.78,161.58,40.998,487.1,0.0,0.0,0.0,68.4,188.48
198.84,161.604,41.018,486.64,0.0,0.0,0.0,68.39,188.49
198.88,161.62,41.031,486.34,0.0,0.0,0.0,68.39,188.49
198.92,161.636,41.044,486.03,0.0,0.0,0.0,68.38,188.5
198.98,161.66,41.064,485.58,0.0,0.0,0.0,68.38,188.5
199.04,161.684,41.084,485.12,0.0,0.0,0.0,68.37,188.51
199.08,161.699,41.098,484.82,0.0,0.0,0.0,68.37,188.51
199.14,161.723,41.118,484.36,0.0,0.0,0.0,68.36,188.52
199.18,161.739,41.131,484.06,0.0,0.0,0.0,68.36,188.52
199.24,161.762,41.151,483.61,0.0,0.0,0.0,68.35,188.52
199.28,161.778,41.164,483.3,0.0,0.0,0.0,68.35,188.53
199.34,161.802,41.184,482.85,0.0,0.0,0.0,68.34,188.53
199.38,161.817,41.197,482.55,0.0,0.0,0.0,68.34,188.54
199.44,161.841,41.217,482.09,0.0,0.0,0.0,68.33,188.54
199.48,161.857,41.231,481.79,0.0,0.0,0.0,68.33,188.54
199.54,161.88,41.25,481.34,0.0,0.0,0.0,68.32,188.55
199.6,161.903,41.27,480.88,0.0,0.0,0.0,68.32,188.56
199.64,161.919,41.284,480.58,0.0,0.0,0.0,68.32,188.56
199.68,161.935,41.297,480.28,0.0,0.0,0.0,68.31,188.56
199.74,161.958,41.317,479.82,0.0,0.0,0.0,68.31,188.57
199.78,161.973,41.33,479.52,0.0,0.0,0.0,68.3,188.57
199.84,161.997,41.35,479.07,0.0,0.0,0.0,68.3,188.58
199.88,162.012,41.364,478.77,0.0,0.0,0.0,68.29,188.58
199.94,162.035,41.384,478.32,0.0,0.0,0.0,68.29,188.58
200.0,162.059,41.404,477.87,0.0,0.0,0.0,68.28,188.59
200.04,162.074,41.417,477.56,0.0,0.0,0.0,68.28,188.59
200.1,162.097,41.437,477.11,0.0,0.0,0.0,68.27,188.6
200.14,162.113,41.45,476.81,0.0,0.0,0.0,68.27,188.6
200.2,162.136,41.47,476.36,0.0,0.0,0.0,68.26,188.61
200.24,162.151,41.484,476.06,0.0,0.0,0.0,68.26,188.61
200.3,162.174,41.504,475.61,0.0,0.0,0.0,68.25,188.61
200.34,162.189,41.517,475.31,0.0,0.0,0.0,68.25,188.62
200.4,162.212,41.537,474.86,0.0,0.0,0.0,68.24,188.62
200.44,162.228,41.55,474.56,0.0,0.0,0.0,68.24,188.63
200.5,162.251,41.57,474.11,0.0,0.0,0.0,68.23,188.63
200.54,162.266,41.584,473.81,0.0,0.0,0.0,68.23,188.63
200.6,162.289,41.604,473.36,0.0,0.0,0.0,68.22,188.64
200.64,162.304,41.617,473.06,0.0,0.0,0.0,68.22,188.64
200.7,162.327,41.637,472.61,0.0,0.0,0.0,68.22,188.65
200.74,162.342,41.65,472.31,0.0,0.0,0.0,68.21,188.65
200.78,162.357,41.664,472.01,0.0,0.0,0.0,68.21,188.66
200.84,162.38,41.684,471.56,0.0,0.0,0.0,68.2,188.66
200.88,162.395,41.697,471.27,0.0,0.0,0.0,68.2,188.66
200.94,162.418,41.717,470.82,0.0,0.0,0.0,68.19,188.67
201.0,162.44,41.737,470.37,0.0,0.0,0.0,68.19,188.67
201.04,162.455,41.75,470.07,0.0,0.0,0.0,68.18,188.68
201.1,162.478,41.77,469.62,0.0,0.0,0.0,68.18,188.68
201.14,162.493,41.784,469.33,0.0,0.0,0.0,68.17,188.69
201.2,162.515,41.804,468.88,0.0,0.0,0.0,68.17,188.69
201.24,162.53,41.817,468.58,0.0,0.0,0.0,68.16,188.69
201.3,162.553,41.837,468.13,0.0,0.0,0.0,68.16,188.7
201.36,162.575,41.857,467.69,0.0,0.0,0.0,68.15,188.7
201.4,162.59,41.871,467.39,0.0,0.0,0.0,68.15,188.71
201.44,162.605,41.884,467.09,0.0,0.0,0.0,68.15,188.71
201.5,162.627,41.904,466.65,0.0,0.0,0.0,68.14,188.72
201.54,162.642,41.917,466.35,0.0,0.0,0.0,68.14,188.72
201.6,162.665,41.938,465.9,0.0,0.0,0.0,68.13,188.72
201.66,162.687,41.958,465.46,0.0,0.0,0.0,68.12,188.73
201.7,162.702,41.971,465.16,0.0,0.0,0.0,68.12,188.73
201.76,162.724,41.991,464.72,0.0,0.0,0.0,68.12,188.74
201.8,162.739,42.004,464.42,0.0,0.0,0.0,68.11,188.74
201.86,162.761,42.025,463.98,0.0,0.0,0.0,68.11,188.75
201.9,162.776,42.038,463.68,0.0,0.0,0.0,68.1,188.75
201.96,162.798,42.058,463.24,0.0,0.0,0.0,68.1,188.75
202.0,162.812,42.071,462.94,0.0,0.0,0.0,68.09,188.76
202.04,162.827,42.085,462.64,0.0,0.0,0.0,68.09,188.76
202.1,162.849,42.105,462.2,0.0,0.0,0.0,68.08,188.77
202.14,162.864,42.118,461.91,0.0,0.0,0.0,68.08,188.77
202.2,162.886,42.138,461.46,0.0,0.0,0.0,68.07,188.77
202.26,162.908,42.158,461.02,0.0,0.0,0.0,68.07,188.78
202.3,162.922,42.172,460.73,0.0,0.0,0.0,68.06,188.78
202.36,162.944,42.192,460.28,0.0,0.0,0.0,68.06,188.79
202.4,162.959,42.205,459.99,0.0,0.0,0.0,68.06,188.79
202.46,162.981,42.226,459.55,0.0,0.0,0.0,68.05,188.8
202.5,162.995,42.239,459.25,0.0,0.0,0.0,68.05,188.8
202.56,163.017,42.259,458.81,0.0,0.0,0.0,68.04,188.8
202.6,163.031,42.272,458.52,0.0,0.0,0.0,68.04,188.81
202.66,163.053,42.293,458.08,0.0,0.0,0.0,68.03,188.81
202.7,163.067,42.306,457.78,0.0,0.0,0.0,68.03,188.82
202.76,163.089,42.326,457.34,0.0,0.0,0.0,68.02,188.82
202.8,163.103,42.34,457.05,0.0,0.0,0.0,68.02,188.83
202.86,163.125,42.36,456.61,0.0,0.0,0.0,68.01,188.83
202.9,163.139,42.373,456.31,0.0,0.0,0.0,68.01,188.83
202.96,163.161,42.393,455.87,0.0,0.0,0.0,68.0,188.84
203.0,163.175,42.407,455.58,0.0,0.0,0.0,68.0,188.84
203.06,163.197,42.427,455.14,0.0,0.0,0.0,67.99,188.85
203.12,163.218,42.447,454.7,0.0,0.0,0.0,67.99,188.85
203.16,163.233,42.46,454.41,0.0,0.0,0.0,67.98,188.86
203.22,163.254,42.481,453.97,0.0,0.0,0.0,67.98,188.86
203.26,163.268,42.494,453.68,0.0,0.0,0.0,67.97,188.86
203.3,163.282,42.507,453.39,0.0,0.0,0.0,67.97,188.87
203.36,163.304,42.528,452.95,0.0,0.0,0.0,67.96,188.87
203.42,163.325,42.548,452.51,0.0,0.0,0.0,67.96,188.88
203.46,163.339,42.561,452.22,0.0,0.0,0.0,67.96,188.88
203.52,163.36,42.581,451.78,0.0,0.0,0.0,67.95,188.88
203.56,163.375,42.595,451.49,0.0,0.0,0.0,67.95,188.89
203.62,163.396,42.615,451.06,0.0,0.0,0.0,67.94,188.89
203.66,163.41,42.628,450.77,0.0,0.0,0.0,67.94,188.9
203.72,163.431,42.649,450.33,0.0,0.0,0.0,67.93,188.9
203.76,163.445,42.662,450.04,0.0,0.0,0.0,67.93,188.9
203.82,163.466,42.682,449.6,0.0,0.0,0.0,67.92,188.91
203.86,163.48,42.696,449.31,0.0,0.0,0.0,67.92,188.91
203.92,163.501,42.716,448.88,0.0,0.0,0.0,67.91,188.92
203.94,163.508,42.723,448.73,0.0,0.0,0.0,67.91,188.92
204.0,163.529,42.743,448.3,0.0,0.0,0.0,67.9,188.92
204.06,163.55,42.763,447.86,0.0,0.0,0.0,67.9,188.93
204.1,163.564,42.776,447.57,0.0,0.0,0.0,67.89,188.93
204.16,163.585,42.797,447.14,0.0,0.0,0.0,67.89,188.94
204.22,163.606,42.817,446.7,0.0,0.0,0.0,67.88,188.94
204.26,163.619,42.83,446.42,0.0,0.0,0.0,67.88,188.95
204.32,163.64,42.851,445.98,0.0,0.0,0.0,67.87,188.95
204.36,163.654,42.864,445.69,0.0,0.0,0.0,67.87,188.95
204.42,163.675,42.884,445.26,0.0,0.0,0.0,67.86,188.96
204.46,163.688,42.898,444.97,0.0,0.0,0.0,67.86,188.96
204.52,163.709,42.918,444.54,0.0,0.0,0.0,67.85,188.97
204.56,163.723,42.931,444.25,0.0,0.0,0.0,67.85,188.97
204.62,163.744,42.952,443.82,0.0,0.0,0.0,67.85,188.98
204.68,163.764,42.972,443.39,0.0,0.0,0.0,67.84,188.98
204.72,163.778,42.985,443.1,0.0,0.0,0.0,67.84,188.98
204.76,163.791,42.999,442.81,0.0,0.0,0.0,67.83,188.99
204.82,163.812,43.019,442.38,0.0,0.0,0.0,67.83,188.99
204.86,163.826,43.033,442.09,0.0,0.0,0.0,67.82,189.0
204.92,163.846,43.053,441.66,0.0,0.0,0.0,67.82,189.0
204.96,163.86,43.066,441.38,0.0,0.0,0.0,67.81,189.0
205.02,163.88,43.086,440.95,0.0,0.0,0.0,67.81,189.01
205.08,163.9,43.107,440.52,0.0,0.0,0.0,67.8,189.01
205.12,163.914,43.12,440.23,0.0,0.0,0.0,67.8,189.02
205.18,163.934,43.14,439.8,0.0,0.0,0.0,67.79,189.02
205.22,163.948,43.154,439.51,0.0,0.0,0.0,67.79,189.03
205.28,163.968,43.174,439.09,0.0,0.0,0.0,67.78,189.03
205.32,163.981,43.188,438.8,0.0,0.0,0.0,67.78,189.03
205.38,164.002,43.208,438.37,0.0,0.0,0.0,67.77,189.04
205.42,164.015,43.221,438.09,0.0,0.0,0.0,67.77,189.04
205.48,164.035,43.242,437.66,0.0,0.0,0.0,67.76,189.05
205.52,164.049,43.255,437.37,0.0,0.0,0.0,67.76,189.05
205.58,164.069,43.276,436.95,0.0,0.0,0.0,67.75,189.05
205.62,164.082,43.289,436.66,0.0,0.0,0.0,67.75,189.06
205.68,164.102,43.309,436.23,0.0,0.0,0.0,67.75,189.06
205.72,164.115,43.323,435.95,0.0,0.0,0.0,67.74,189.07
205.78,164.135,43.343,435.52,0.0,0.0,0.0,67.74,189.07
205.82,164.149,43.357,435.24,0.0,0.0,0.0,67.73,189.07
205.86,164.162,43.37,434.96,0.0,0.0,0.0,67.73,189.08
205.92,164.182,43.39,434.53,0.0,0.0,0.0,67.72,189.08
205.98,164.202,43.411,434.1,0.0,0.0,0.0,67.72,189.09
206.02,164.215,43.424,433.82,0.0,0.0,0.0,67.71,189.09
206.08,164.235,43.445,433.4,0.0,0.0,0.0,67.71,189.1
206.12,164.248,43.458,433.11,0.0,0.0,0.0,67.7,189.1
206.18,164.268,43.478,432.69,0.0,0.0,0.0,67.7,189.1
206.24,164.287,43.499,432.26,0.0,0.0,0.0,67.69,189.11
206.28,164.3,43.512,431.98,0.0,0.0,0.0,67.69,189.11
206.32,164.313,43.526,431.7,0.0,0.0,0.0,67.68,189.12
206.38,164.333,43.546,431.28,0.0,0.0,0.0,67.68,189.12
206.44,164.353,43.566,430.85,0.0,0.0,0.0,67.67,189.12
206.48,164.366,43.58,430.57,0.0,0.0,0.0,67.67,189.13
206.54,164.385,43.6,430.15,0.0,0.0,0.0,67.66,189.13
206.58,164.398,43.614,429.87,0.0,0.0,0.0,67.66,189.14
206.62,164.411,43.627,429.59,0.0,0.0,0.0,67.66,189.14
206.68,164.431,43.648,429.17,0.0,0.0,0.0,67.65,189.14
206.72,164.444,43.661,428.88,0.0,0.0,0.0,67.65,189.15
206.78,164.463,43.682,428.46,0.0,0.0,0.0,67.64,189.15
206.84,164.482,43.702,428.04,0.0,0.0,0.0,67.64,189.16
206.88,164.495,43.715,427.76,0.0,0.0,0.0,67.63,189.16
206.94,164.515,43.736,427.34,0.0,0.0,0.0,67.63,189.17
206.98,164.528,43.749,427.06,0.0,0.0,0.0,67.62,189.17
207.04,164.547,43.77,426.64,0.0,0.0,0.0,67.62,189.17
207.08,164.56,43.783,426.36,0.0,0.0,0.0,67.61,189.18
207.14,164.579,43.804,425.94,0.0,0.0,0.0,67.61,189.18
207.18,164.592,43.817,425.66,0.0,0.0,0.0,67.6,189.18
207.24,164.611,43.837,425.24,0.0,0.0,0.0,67.6,189.19
207.28,164.623,43.851,424.97,0.0,0.0,0.0,67.59,189.19
207.34,164.643,43.871,424.55,0.0,0.0,0.0,67.59,189.2
207.38,164.655,43.885,424.27,0.0,0.0,0.0,67.58,189.2
207.44,164.674,43.905,423.85,0.0,0.0,0.0,67.58,189.21
207.48,164.687,43.919,423.57,0.0,0.0,0.0,67.58,189.21
207.54,164.706,43.939,423.16,0.0,0.0,0.0,67.57,189.21
207.58,164.719,43.953,422.88,0.0,0.0,0.0,67.57,189.22
207.64,164.738,43.973,422.46,0.0,0.0,0.0,67.56,189.22
207.7,164.756,43.994,422.05,0.0,0.0,0.0,67.55,189.23
207.74,164.769,44.007,421.77,0.0,0.0,0.0,67.55,189.23
207.8,164.788,44.027,421.35,0.0,0.0,0.0,67.55,189.24
207.84,164.8,44.041,421.08,0.0,0.0,0.0,67.54,189.24
207.88,164.813,44.055,420.8,0.0,0.0,0.0,67.54,189.24
207.94,164.832,44.075,420.38,0.0,0.0,0.0,67.53,189.25
207.98,164.844,44.089,420.11,0.0,0.0,0.0,67.53,189.25
208.04,164.863,44.109,419.69,0.0,0.0,0.0,67.52,189.25
208.08,164.875,44.123,419.42,0.0,0.0,0.0,67.52,189.26
208.14,164.894,44.143,419.0,0.0,0.0,0.0,67.51,189.26
208.2,164.913,44.163,418.59,0.0,0.0,0.0,67.51,189.27
208.24,164.925,44.177,418.31,0.0,0.0,0.0,67.5,189.27
208.3,164.943,44.197,417.9,0.0,0.0,0.0,67.5,189.28
208.34,164.956,44.211,417.63,0.0,0.0,0.0,67.49,189.28
208.4,164.974,44.231,417.21,0.0,0.0,0.0,67.49,189.28
208.44,164.987,44.245,416.94,0.0,0.0,0.0,67.48,189.29
208.5,165.005,44.265,416.53,0.0,0.0,0.0,67.48,189.29
208.56,165.023,44.286,416.12,0.0,0.0,0.0,67.47,189.3
208.6,165.036,44.299,415.84,0.0,0.0,0.0,67.47,189.3
208.64,165.048,44.313,415.57,0.0,0.0,0.0,67.47,189.3
208.7,165.066,44.333,415.16,0.0,0.0,0.0,67.46,189.31
208.74,165.078,44.347,414.88,0.0,0.0,0.0,67.46,189.31
208.8,165.097,44.367,414.47,0.0,0.0,0.0,67.45,189.32
208.84,165.109,44.381,414.2,0.0,0.0,0.0,67.45,189.32
208.9,165.127,44.401,413.79,0.0,0.0,0.0,67.44,189.32
208.94,165.139,44.415,413.52,0.0,0.0,0.0,67.44,189.33
209.0,165.157,44.436,413.11,0.0,0.0,0.0,67.43,189.33
209.04,165.17,44.449,412.84,0.0,0.0,0.0,67.43,189.33
209.1,165.188,44.47,412.43,0.0,0.0,0.0,67.42,189.34
209.16,165.206,44.49,412.02,0.0,0.0,0.0,67.42,189.34
209.2,165.218,44.504,411.75,0.0,0.0,0.0,67.41,189.35
209.26,165.236,44.524,411.34,0.0,0.0,0.0,67.41,189.35
209.3,165.248,44.538,411.07,0.0,0.0,0.0,67.4,189.36
209.34,165.26,44.551,410.8,0.0,0.0,0.0,67.4,189.36
209.4,165.278,44.572,410.39,0.0,0.0,0.0,67.39,189.36
209.46,165.296,44.592,409.99,0.0,0.0,0.0,67.39,189.37
209.5,165.307,44.606,409.72,0.0,0.0,0.0,67.38,189.37
209.56,165.325,44.626,409.31,0.0,0.0,0.0,67.38,189.38
209.6,165.337,44.64,409.04,0.0,0.0,0.0,67.37,189.38
209.64,165.349,44.654,408.77,0.0,0.0,0.0,67.37,189.38
209.7,165.367,44.674,408.37,0.0,0.0,0.0,67.37,189.39
209.76,165.385,44.695,407.96,0.0,0.0,0.0,67.36,189.39
209.8,165.396,44.708,407.69,0.0,0.0,0.0,67.36,189.4
209.86,165.414,44.729,407.29,0.0,0.0,0.0,67.35,189.4
209.9,165.426,44.742,407.02,0.0,0.0,0.0,67.35,189.4
209.96,165.443,44.763,406.62,0.0,0.0,0.0,67.34,189.41
210.0,165.455,44.776,406.35,0.0,0.0,0.0,67.34,189.41
210.06,165.473,44.797,405.95,0.0,0.0,0.0,67.33,189.42
210.1,165.484,44.811,405.68,0.0,0.0,0.0,67.33,189.42
210.16,165.502,44.831,405.28,0.0,0.0,0.0,67.32,189.42
210.2,165.514,44.845,405.01,0.0,0.0,0.0,67.32,189.43
210.26,165.531,44.865,404.61,0.0,0.0,0.0,67.31,189.43
210.3,165.543,44.879,404.34,0.0,0.0,0.0,67.31,189.43
210.36,165.56,44.899,403.94,0.0,0.0,0.0,67.3,189.44
210.4,165.572,44.913,403.67,0.0,0.0,0.0,67.3,189.44
210.46,165.589,44.933,403.27,0.0,0.0,0.0,67.29,189.45
210.52,165.606,44.954,402.88,0.0,0.0,0.0,67.29,189.45
210.56,165.618,44.968,402.61,0.0,0.0,0.0,67.28,189.46
210.6,165.629,44.981,402.34,0.0,0.0,0.0,67.28,189.46
210.66,165.647,45.002,401.94,0.0,0.0,0.0,67.27,189.46
210.72,165.664,45.022,401.55,0.0,0.0,0.0,67.27,189.47
210.76,165.675,45.036,401.28,0.0,0.0,0.0,67.27,189.47
210.8,165.687,45.05,401.02,0.0,0.0,0.0,67.26,189.47
210.86,165.704,45.07,400.62,0.0,0.0,0.0,67.26,189.48
210.9,165.715,45.084,400.35,0.0,0.0,0.0,67.25,189.48
210.96,165.732,45.104,399.96,0.0,0.0,0.0,67.25,189.49
211.0,165.744,45.118,399.69,0.0,0.0,0.0,67.24,189.49
211.06,165.761,45.139,399.3,0.0,0.0,0.0,67.24,189.49
211.1,165.772,45.152,399.03,0.0,0.0,0.0,67.23,189.5
211.16,165.789,45.173,398.64,0.0,0.0,0.0,67.23,189.5
211.22,165.806,45.193,398.24,0.0,0.0,0.0,67.22,189.51
211.26,165.817,45.207,397.98,0.0,0.0,0.0,67.22,189.51
211.32,165.834,45.227,397.59,0.0,0.0,0.0,67.21,189.52
211.36,165.845,45.241,397.32,0.0,0.0,0.0,67.21,189.52
211.4,165.856,45.255,397.06,0.0,0.0,0.0,67.2,189.52
211.46,165.873,45.275,396.67,0.0,0.0,0.0,67.2,189.53
211.52,165.89,45.296,396.27,0.0,0.0,0.0,67.19,189.53
211.56,165.901,45.31,396.01,0.0,0.0,0.0,67.19,189.53
211.62,165.918,45.33,395.62,0.0,0.0,0.0,67.18,189.54
211.66,165.929,45.344,395.36,0.0,0.0,0.0,67.18,189.54
211.72,165.946,45.364,394.97,0.0,0.0,0.0,67.17,189.55
211.76,165.957,45.378,394.71,0.0,0.0,0.0,67.17,189.55
211.82,165.973,45.399,394.31,0.0,0.0,0.0,67.16,189.55
211.86,165.984,45.412,394.05,0.0,0.0,0.0,67.16,189.56
211.92,166.001,45.433,393.66,0.0,0.0,0.0,67.16,189.56
211.96,166.012,45.447,393.4,0.0,0.0,0.0,67.15,189.57
212.02,166.028,45.467,393.01,0.0,0.0,0.0,67.15,189.57
212.06,166.039,45.481,392.75,0.0,0.0,0.0,67.14,189.57
212.12,166.056,45.501,392.37,0.0,0.0,0.0,67.14,189.58
212.16,166.067,45.515,392.11,0.0,0.0,0.0,67.13,189.58
212.22,166.083,45.536,391.72,0.0,0.0,0.0,67.13,189.59
212.28,166.099,45.556,391.33,0.0,0.0,0.0,67.12,189.59
212.32,166.11,45.57,391.07,0.0,0.0,0.0,67.12,189.59
212.36,166.121,45.584,390.81,0.0,0.0,0.0,67.11,189.6
212.42,166.137,45.604,390.43,0.0,0.0,0.0,67.11,189.6
212.48,166.154,45.625,390.04,0.0,0.0,0.0,67.1,189.61
212.52,166.164,45.639,389.78,0.0,0.0,0.0,67.1,189.61
212.58,166.18,45.659,389.4,0.0,0.0,0.0,67.09,189.61
212.62,166.191,45.673,389.14,0.0,0.0,0.0,67.09,189.62
212.66,166.202,45.687,388.88,0.0,0.0,0.0,67.09,189.62
212.72,166.218,45.707,388.5,0.0,0.0,0.0,67.08,189.63
212.78,166.234,45.728,388.11,0.0,0.0,0.0,67.07,189.63
212.82,166.245,45.741,387.86,0.0,0.0,0.0,67.07,189.63
212.86,166.255,45.755,387.6,0.0,0.0,0.0,67.07,189.64
212.92,166.271,45.776,387.22,0.0,0.0,0.0,67.06,189.64
212.98,166.287,45.796,386.84,0.0,0.0,0.0,67.05,189.65
213.02,166.298,45.81,386.58,0.0,0.0,0.0,67.05,189.65
213.08,166.314,45.831,386.2,0.0,0.0,0.0,67.05,189.65
213.12,166.324,45.844,385.94,0.0,0.0,0.0,67.04,189.66
213.18,166.34,45.865,385.56,0.0,0.0,0.0,67.04,189.66
213.22,166.351,45.879,385.31,0.0,0.0,0.0,67.03,189.66
213.28,166.367,45.899,384.93,0.0,0.0,0.0,67.03,189.67
213.32,166.377,45.913,384.67,0.0,0.0,0.0,67.02,189.67
213.38,166.393,45.934,384.29,0.0,0.0,0.0,67.02,189.68
213.44,166.408,45.954,383.92,0.0,0.0,0.0,67.01,189.68
213.48,166.419,45.968,383.66,0.0,0.0,0.0,67.01,189.68
213.52,166.429,45.982,383.41,0.0,0.0,0.0,67.0,189.69
213.58,166.445,46.003,383.03,0.0,0.0,0.0,67.0,189.69
213.62,166.455,46.016,382.78,0.0,0.0,0.0,66.99,189.69
213.68,166.471,46.037,382.4,0.0,0.0,0.0,66.99,189.7
213.72,166.481,46.051,382.15,0.0,0.0,0.0,66.98,189.7
213.78,166.497,46.071,381.77,0.0,0.0,0.0,66.98,189.71
213.82,166.507,46.085,381.52,0.0,0.0,0.0,66.98,189.71
213.88,166.522,46.106,381.14,0.0,0.0,0.0,66.97,189.72
213.94,166.538,46.126,380.77,0.0,0.0,0.0,66.96,189.72
213.98,166.548,46.14,380.52,0.0,0.0,0.0,66.96,189.72
214.02,166.558,46.154,380.27,0.0,0.0,0.0,66.96,189.73
214.08,166.574,46.174,379.89,0.0,0.0,0.0,66.95,189.73
214.14,166.589,46.195,379.52,0.0,0.0,0.0,66.95,189.74
214.18,166.599,46.209,379.27,0.0,0.0,0.0,66.94,189.74
214.22,166.609,46.223,379.02,0.0,0.0,0.0,66.94,189.74
214.28,166.625,46.243,378.65,0.0,0.0,0.0,66.93,189.75
214.34,166.64,46.264,378.27,0.0,0.0,0.0,66.93,189.75
214.38,166.65,46.278,378.03,0.0,0.0,0.0,66.92,189.75
214.44,166.665,46.298,377.65,0.0,0.0,0.0,66.92,189.76
214.48,166.675,46.312,377.41,0.0,0.0,0.0,66.91,189.76
214.54,166.69,46.333,377.03,0.0,0.0,0.0,66.91,189.77
214.58,166.7,46.347,376.79,0.0,0.0,0.0,66.9,189.77
214.64,166.715,46.367,376.42,0.0,0.0,0.0,66.9,189.77
214.68,166.725,46.381,376.17,0.0,0.0,0.0,66.89,189.78
214.74,166.74,46.402,375.8,0.0,0.0,0.0,66.89,189.78
214.78,166.75,46.416,375.55,0.0,0.0,0.0,66.88,189.78
214.84,166.765,46.436,375.19,0.0,0.0,0.0,66.88,189.79
214.88,166.775,46.45,374.94,0.0,0.0,0.0,66.88,189.79
214.94,166.79,46.471,374.57,0.0,0.0,0.0,66.87,189.8
214.98,166.8,46.484,374.33,0.0,0.0,0.0,66.87,189.8
215.04,166.814,46.505,373.96,0.0,0.0,0.0,66.86,189.8
215.08,166.824,46.519,373.71,0.0,0.0,0.0,66.86,189.81
215.14,166.839,46.54,373.35,0.0,0.0,0.0,66.85,189.81
215.18,166.849,46.553,373.1,0.0,0.0,0.0,66.85,189.82
215.24,166.863,46.574,372.74,0.0,0.0,0.0,66.84,189.82
215.3,166.878,46.595,372.37,0.0,0.0,0.0,66.84,189.82
215.34,166.888,46.609,372.13,0.0,0.0,0.0,66.83,189.83
215.38,166.898,46.622,371.89,0.0,0.0,0.0,66.83,189.83
215.44,166.912,46.643,371.52,0.0,0.0,0.0,66.82,189.84
215.48,166.922,46.657,371.28,0.0,0.0,0.0,66.82,189.84
215.54,166.936,46.678,370.92,0.0,0.0,0.0,66.81,189.84
215.6,166.951,46.698,370.55,0.0,0.0,0.0,66.81,189.85
215.64,166.96,46.712,370.31,0.0,0.0,0.0,66.8,189.85
215.68,166.97,46.726,370.07,0.0,0.0,0.0,66.8,189.85
215.74,166.984,46.747,369.71,0.0,0.0,0.0,66.79,189.86
215.8,166.999,46.767,369.35,0.0,0.0,0.0,66.79,189.86
215.84,167.008,46.781,369.11,0.0,0.0,0.0,66.78,189.87
215.88,167.018,46.795,368.86,0.0,0.0,0.0,66.78,189.87
215.94,167.032,46.816,368.5,0.0,0.0,0.0,66.77,189.87
216.0,167.046,46.836,368.15,0.0,0.0,0.0,66.77,189.88
216.04,167.056,46.85,367.91,0.0,0.0,0.0,66.77,189.88
216.08,167.065,46.864,367.67,0.0,0.0,0.0,66.76,189.88
216.14,167.08,46.885,367.31,0.0,0.0,0.0,66.76,189.89
216.2,167.094,46.905,366.95,0.0,0.0,0.0,66.75,189.89
216.24,167.103,46.919,366.71,0.0,0.0,0.0,66.75,189.9
216.3,167.117,46.94,366.35,0.0,0.0,0.0,66.74,189.9
216.34,167.127,46.954,366.12,0.0,0.0,0.0,66.74,189.9
216.4,167.141,46.974,365.76,0.0,0.0,0.0,66.73,189.91
216.44,167.15,46.988,365.52,0.0,0.0,0.0,66.73,189.91
216.48,167.159,47.002,365.29,0.0,0.0,0.0,66.72,189.91
216.54,167.173,47.023,364.93,0.0,0.0,0.0,66.72,189.92
216.6,167.187,47.044,364.58,0.0,0.0,0.0,66.71,189.92
216.64,167.196,47.057,364.34,0.0,0.0,0.0,66.71,189.93
216.7,167.21,47.078,363.99,0.0,0.0,0.0,66.7,189.93
216.74,167.219,47.092,363.75,0.0,0.0,0.0,66.7,189.93
216.8,167.233,47.113,363.4,0.0,0.0,0.0,66.69,189.94
216.84,167.242,47.127,363.16,0.0,0.0,0.0,66.69,189.94
216.9,167.256,47.147,362.81,0.0,0.0,0.0,66.68,189.95
216.94,167.265,47.161,362.58,0.0,0.0,0.0,66.68,189.95
217.0,167.279,47.182,362.23,0.0,0.0,0.0,66.67,189.95
217.04,167.288,47.196,361.99,0.0,0.0,0.0,66.67,189.96
217.1,167.302,47.217,361.64,0.0,0.0,0.0,66.66,189.96
217.14,167.311,47.23,361.41,0.0,0.0,0.0,66.66,189.96
217.2,167.325,47.251,361.06,0.0,0.0,0.0,66.66,189.97
217.26,167.338,47.272,360.71,0.0,0.0,0.0,66.65,189.97
217.3,167.347,47.286,360.48,0.0,0.0,0.0,66.65,189.98
217.34,167.356,47.3,360.24,0.0,0.0,0.0,66.64,189.98
217.4,167.37,47.32,359.9,0.0,0.0,0.0,66.64,189.98
217.44,167.379,47.334,359.67,0.0,0.0,0.0,66.63,189.99
217.5,167.392,47.355,359.32,0.0,0.0,0.0,66.63,189.99
217.56,167.405,47.376,358.97,0.0,0.0,0.0,66.62,190.0
217.6,167.414,47.39,358.74,0.0,0.0,0.0,66.62,190.0
217.64,167.423,47.403,358.51,0.0,0.0,0.0,66.61,190.0
217.7,167.436,47.424,358.17,0.0,0.0,0.0,66.61,190.01
217.76,167.45,47.445,357.82,0.0,0.0,0.0,66.6,190.01
217.8,167.459,47.459,357.59,0.0,0.0,0.0,66.6,190.01
217.84,167.467,47.473,357.36,0.0,0.0,0.0,66.59,190.02
217.9,167.481,47.494,357.02,0.0,0.0,0.0,66.59,190.02
217.96,167.494,47.514,356.68,0.0,0.0,0.0,66.58,190.03
218.0,167.502,47.528,356.45,0.0,0.0,0.0,66.58,190.03
218.06,167.516,47.549,356.11,0.0,0.0,0.0,66.57,190.03
218.1,167.524,47.563,355.88,0.0,0.0,0.0,66.57,190.04
218.16,167.537,47.584,355.54,0.0,0.0,0.0,66.56,190.04
218.2,167.546,47.598,355.31,0.0,0.0,0.0,66.56,190.04
218.26,167.559,47.618,354.97,0.0,0.0,0.0,66.55,190.05
218.3,167.568,47.632,354.75,0.0,0.0,0.0,66.55,190.05
218.36,167.581,47.653,354.41,0.0,0.0,0.0,66.55,190.06
218.4,167.589,47.667,354.18,0.0,0.0,0.0,66.54,190.06
218.46,167.602,47.688,353.84,0.0,0.0,0.0,66.54,190.06
218.5,167.611,47.702,353.62,0.0,0.0,0.0,66.53,190.07
218.56,167.623,47.722,353.28,0.0,0.0,0.0,66.53,190.07
218.6,167.632,47.736,353.06,0.0,0.0,0.0,66.52,190.07
218.66,167.645,47.757,352.72,0.0,0.0,0.0,66.52,190.08
218.7,167.653,47.771,352.5,0.0,0.0,0.0,66.51,190.08
218.76,167.666,47.792,352.16,0.0,0.0,0.0,66.51,190.09
218.8,167.674,47.806,351.94,0.0,0.0,0.0,66.5,190.09
218.86,167.687,47.826,351.61,0.0,0.0,0.0,66.5,190.09
218.9,167.696,47.84,351.38,0.0,0.0,0.0,66.49,190.1
218.96,167.708,47.861,351.05,0.0,0.0,0.0,66.49,190.1
219.02,167.721,47.882,350.72,0.0,0.0,0.0,66.48,190.11
219.06,167.729,47.896,350.49,0.0,0.0,0.0,66.48,190.11
219.12,167.742,47.917,350.16,0.0,0.0,0.0,66.47,190.11
219.16,167.75,47.931,349.94,0.0,0.0,0.0,66.47,190.12
219.2,167.758,47.945,349.72,0.0,0.0,0.0,66.47,190.12
219.26,167.771,47.965,349.39,0.0,0.0,0.0,66.46,190.12
219.32,167.783,47.986,349.06,0.0,0.0,0.0,66.45,190.13
219.36,167.791,48.0,348.84,0.0,0.0,0.0,66.45,190.13
219.42,167.804,48.021,348.51,0.0,0.0,0.0,66.44,190.14
219.46,167.812,48.035,348.29,0.0,0.0,0.0,66.44,190.14
219.52,167.824,48.056,347.97,0.0,0.0,0.0,66.44,190.14
219.56,167.832,48.07,347.75,0.0,0.0,0.0,66.43,190.15
219.6,167.84,48.084,347.53,0.0,0.0,0.0,66.43,190.15
219.6,167.845,48.097,347.42,0.0,0.0,0.0,66.42,190.15
219.68,167.857,48.111,347.09,0.0,0.0,0.0,66.42,190.16
219.72,167.865,48.125,346.88,0.0,0.0,0.0,66.42,190.16
219.78,167.877,48.146,346.55,0.0,0.0,0.0,66.41,190.16
219.84,167.889,48.167,346.23,0.0,0.0,0.0,66.4,190.17
219.9,167.901,48.188,345.9,0.0,0.0,0.0,66.4,190.17
219.94,167.909,48.202,345.69,0.0,0.0,0.0,66.4,190.17
219.98,167.917,48.216,345.47,0.0,0.0,0.0,66.39,190.18
220.04,167.929,48.236,345.15,0.0,0.0,0.0,66.39,190.18
220.1,167.941,48.257,344.83,0.0,0.0,0.0,66.38,190.19
220.14,167.949,48.271,344.61,0.0,0.0,0.0,66.38,190.19
220.18,167.957,48.285,344.4,0.0,0.0,0.0,66.37,190.19
220.24,167.969,48.306,344.08,0.0,0.0,0.0,66.37,190.2
220.28,167.977,48.32,343.86,0.0,0.0,0.0,66.36,190.2
220.34,167.989,48.341,343.54,0.0,0.0,0.0,66.36,190.2
220.4,168.001,48.362,343.23,0.0,0.0,0.0,66.35,190.21
220.44,168.008,48.376,343.01,0.0,0.0,0.0,66.35,190.21
220.48,168.016,48.39,342.8,0.0,0.0,0.0,66.34,190.22
220.54,168.028,48.41,342.48,0.0,0.0,0.0,66.34,190.22
220.6,168.04,48.431,342.17,0.0,0.0,0.0,66.33,190.22
220.64,168.047,48.445,341.95,0.0,0.0,0.0,66.33,190.23
220.7,168.059,48.466,341.64,0.0,0.0,0.0,66.32,190.23
220.74,168.067,48.48,341.43,0.0,0.0,0.0,66.32,190.23
220.8,168.078,48.501,341.11,0.0,0.0,0.0,66.31,190.24
220.84,168.086,48.515,340.9,0.0,0.0,0.0,66.31,190.24
220.9,168.098,48.536,340.59,0.0,0.0,0.0,66.3,190.25
220.94,168.105,48.55,340.38,0.0,0.0,0.0,66.3,190.25
221.0,168.117,48.571,340.07,0.0,0.0,0.0,66.29,190.25
221.04,168.124,48.585,339.86,0.0,0.0,0.0,66.29,190.26
221.1,168.136,48.605,339.55,0.0,0.0,0.0,66.29,190.26
221.14,168.143,48.619,339.34,0.0,0.0,0.0,66.28,190.26
221.2,168.155,48.64,339.03,0.0,0.0,0.0,66.28,190.27
221.24,168.162,48.654,338.82,0.0,0.0,0.0,66.27,190.27
221.3,168.174,48.675,338.51,0.0,0.0,0.0,66.27,190.28
221.34,168.181,48.689,338.31,0.0,0.0,0.0,66.26,190.28
221.4,168.192,48.71,338.0,0.0,0.0,0.0,66.26,190.28
221.44,168.2,48.724,337.79,0.0,0.0,0.0,66.25,190.29
221.5,168.211,48.745,337.49,0.0,0.0,0.0,66.25,190.29
221.56,168.222,48.766,337.18,0.0,0.0,0.0,66.24,190.29
221.6,168.23,48.78,336.97,0.0,0.0,0.0,66.24,190.3
221.64,168.237,48.794,336.77,0.0,0.0,0.0,66.23,190.3
221.7,168.248,48.815,336.46,0.0,0.0,0.0,66.23,190.31
221.76,168.259,48.836,336.16,0.0,0.0,0.0,66.22,190.31
221.8,168.266,48.849,335.96,0.0,0.0,0.0,66.22,190.31
221.84,168.274,48.863,335.75,0.0,0.0,0.0,66.22,190.32
221.9,168.285,48.884,335.45,0.0,0.0,0.0,66.21,190.32
221.96,168.296,48.905,335.15,0.0,0.0,0.0,66.2,190.32
222.0,168.303,48.919,334.95,0.0,0.0,0.0,66.2,190.33
222.06,168.314,48.94,334.65,0.0,0.0,0.0,66.19,190.33
222.1,168.321,48.954,334.44,0.0,0.0,0.0,66.19,190.33
222.16,168.332,48.975,334.14,0.0,0.0,0.0,66.18,190.34
222.2,168.339,48.989,333.94,0.0,0.0,0.0,66.18,190.34
222.26,168.35,49.01,333.65,0.0,0.0,0.0,66.18,190.35
222.3,168.357,49.024,333.45,0.0,0.0,0.0,66.17,190.35
222.36,168.368,49.045,333.15,0.0,0.0,0.0,66.17,190.35
222.4,168.375,49.059,332.95,0.0,0.0,0.0,66.16,190.36
222.46,168.385,49.08,332.65,0.0,0.0,0.0,66.16,190.36
222.5,168.392,49.094,332.45,0.0,0.0,0.0,66.15,190.36
222.56,168.403,49.115,332.16,0.0,0.0,0.0,66.15,190.37
222.62,168.414,49.136,331.86,0.0,0.0,0.0,66.14,190.37
222.66,168.421,49.15,331.67,0.0,0.0,0.0,66.14,190.38
222.7,168.428,49.164,331.47,0.0,0.0,0.0,66.13,190.38
222.76,168.438,49.185,331.18,0.0,0.0,0.0,66.13,190.38
222.8,168.445,49.199,330.98,0.0,0.0,0.0,66.12,190.39
222.86,168.456,49.22,330.69,0.0,0.0,0.0,66.12,190.39
222.9,168.462,49.233,330.49,0.0,0.0,0.0,66.11,190.39
222.96,168.473,49.254,330.2,0.0,0.0,0.0,66.11,190.4
223.02,168.483,49.275,329.91,0.0,0.0,0.0,66.1,190.4
223.06,168.49,49.289,329.72,0.0,0.0,0.0,66.1,190.4
223.1,168.497,49.303,329.53,0.0,0.0,0.0,66.1,190.41
223.16,168.507,49.324,329.24,0.0,0.0,0.0,66.09,190.41
223.2,168.514,49.338,329.04,0.0,0.0,0.0,66.09,190.42
223.26,168.524,49.359,328.76,0.0,0.0,0.0,66.08,190.42
223.32,168.534,49.38,328.47,0.0,0.0,0.0,66.07,190.42
223.36,168.541,49.394,328.28,0.0,0.0,0.0,66.07,190.43
223.4,168.548,49.408,328.09,0.0,0.0,0.0,66.07,190.43
223.44,168.555,49.422,327.9,0.0,0.0,0.0,66.06,190.43
223.5,168.565,49.443,327.61,0.0,0.0,0.0,66.06,190.44
223.56,168.575,49.464,327.33,0.0,0.0,0.0,66.05,190.44
223.62,168.585,49.485,327.04,0.0,0.0,0.0,66.05,190.45
223.66,168.591,49.499,326.85,0.0,0.0,0.0,66.04,190.45
223.7,168.598,49.513,326.67,0.0,0.0,0.0,66.04,190.45
223.76,168.608,49.534,326.38,0.0,0.0,0.0,66.03,190.46
223.82,168.618,49.555,326.1,0.0,0.0,0.0,66.03,190.46
223.86,168.624,49.569,325.92,0.0,0.0,0.0,66.02,190.46
223.92,168.634,49.59,325.64,0.0,0.0,0.0,66.02,190.47
223.96,168.641,49.604,325.45,0.0,0.0,0.0,66.01,190.47
224.02,168.651,49.625,325.17,0.0,0.0,0.0,66.01,190.47
224.06,168.657,49.639,324.98,0.0,0.0,0.0,66.0,190.48
224.12,168.667,49.66,324.71,0.0,0.0,0.0,66.0,190.48
224.16,168.673,49.674,324.52,0.0,0.0,0.0,65.99,190.48
224.22,168.683,49.695,324.24,0.0,0.0,0.0,65.99,190.49
224.26,168.689,49.709,324.06,0.0,0.0,0.0,65.99,190.49
224.32,168.699,49.73,323.79,0.0,0.0,0.0,65.98,190.5
224.36,168.705,49.744,323.6,0.0,0.0,0.0,65.98,190.5
224.42,168.715,49.765,323.33,0.0,0.0,0.0,65.97,190.5
224.46,168.721,49.779,323.15,0.0,0.0,0.0,65.97,190.51
224.52,168.731,49.8,322.87,0.0,0.0,0.0,65.96,190.51
224.56,168.737,49.814,322.69,0.0,0.0,0.0,65.96,190.51
224.62,168.747,49.835,322.42,0.0,0.0,0.0,65.95,190.52
224.66,168.753,49.849,322.24,0.0,0.0,0.0,65.95,190.52
224.72,168.762,49.87,321.97,0.0,0.0,0.0,65.94,190.53
224.76,168.768,49.884,321.79,0.0,0.0,0.0,65.94,190.53
224.82,168.778,49.905,321.52,0.0,0.0,0.0,65.93,190.53
224.86,168.784,49.919,321.34,0.0,0.0,0.0,65.93,190.54
224.92,168.793,49.94,321.07,0.0,0.0,0.0,65.92,190.54
224.96,168.799,49.954,320.89,0.0,0.0,0.0,65.92,190.54
225.02,168.809,49.975,320.63,0.0,0.0,0.0,65.91,190.55
225.08,168.818,49.997,320.36,0.0,0.0,0.0,65.91,190.55
225.12,168.824,50.011,320.18,0.0,0.0,0.0,65.9,190.55
225.16,168.83,50.025,320.01,0.0,0.0,0.0,65.9,190.56
225.22,168.839,50.046,319.74,0.0,0.0,0.0,65.89,190.56
225.28,168.848,50.067,319.48,0.0,0.0,0.0,65.89,190.57
225.32,168.854,50.081,319.3,0.0,0.0,0.0,65.88,190.57
225.36,168.86,50.095,319.13,0.0,0.0,0.0,65.88,190.57
225.42,168.869,50.116,318.87,0.0,0.0,0.0,65.88,190.58
225.48,168.878,50.137,318.61,0.0,0.0,0.0,65.87,190.58
225.52,168.884,50.151,318.43,0.0,0.0,0.0,65.87,190.58
225.58,168.893,50.172,318.17,0.0,0.0,0.0,65.86,190.59
225.62,168.899,50.186,318.0,0.0,0.0,0.0,65.86,190.59
225.68,168.908,50.207,317.74,0.0,0.0,0.0,65.85,190.59
225.72,168.914,50.221,317.57,0.0,0.0,0.0,65.85,190.6
225.78,168.923,50.242,317.31,0.0,0.0,0.0,65.84,190.6
225.82,168.928,50.256,317.14,0.0,0.0,0.0,65.84,190.6
225.88,168.937,50.277,316.89,0.0,0.0,0.0,65.83,190.61
225.92,168.943,50.291,316.72,0.0,0.0,0.0,65.83,190.61
225.98,168.952,50.312,316.46,0.0,0.0,0.0,65.82,190.62
226.02,168.957,50.326,316.29,0.0,0.0,0.0,65.82,190.62
226.08,168.966,50.347,316.04,0.0,0.0,0.0,65.81,190.62
226.14,168.975,50.368,315.79,0.0,0.0,0.0,65.81,190.63
226.18,168.98,50.382,315.62,0.0,0.0,0.0,65.8,190.63
226.22,168.986,50.397,315.45,0.0,0.0,0.0,65.8,190.63
226.28,168.995,50.418,315.2,0.0,0.0,0.0,65.79,190.64
226.32,169.0,50.432,315.03,0.0,0.0,0.0,65.79,190.64
226.38,169.009,50.453,314.79,0.0,0.0,0.0,65.78,190.64
226.44,169.017,50.474,314.54,0.0,0.0,0.0,65.78,190.65
226.48,169.023,50.488,314.37,0.0,0.0,0.0,65.77,190.65
226.52,169.028,50.502,314.21,0.0,0.0,0.0,65.77,190.65
226.58,169.037,50.523,313.96,0.0,0.0,0.0,65.76,190.66
226.62,169.042,50.537,313.8,0.0,0.0,0.0,65.76,190.66
226.68,169.051,50.558,313.55,0.0,0.0,0.0,65.76,190.67
226.72,169.056,50.572,313.39,0.0,0.0,0.0,65.75,190.67
226.78,169.064,50.593,313.14,0.0,0.0,0.0,65.75,190.67
226.84,169.072,50.614,312.9,0.0,0.0,0.0,65.74,190.68
226.88,169.078,50.628,312.74,0.0,0.0,0.0,65.74,190.68
226.94,169.086,50.65,312.5,0.0,0.0,0.0,65.73,190.68
226.98,169.091,50.664,312.34,0.0,0.0,0.0,65.73,190.69
227.04,169.1,50.685,312.1,0.0,0.0,0.0,65.72,190.69
227.08,169.105,50.699,311.94,0.0,0.0,0.0,65.72,190.69
227.14,169.113,50.72,311.7,0.0,0.0,0.0,65.71,190.7
227.18,169.118,50.734,311.54,0.0,0.0,0.0,65.71,190.7
227.24,169.126,50.755,311.3,0.0,0.0,0.0,65.7,190.71
227.28,169.132,50.769,311.14,0.0,0.0,0.0,65.7,190.71
227.34,169.14,50.79,310.91,0.0,0.0,0.0,65.69,190.71
227.38,169.145,50.804,310.75,0.0,0.0,0.0,65.69,190.72
227.44,169.153,50.825,310.51,0.0,0.0,0.0,65.68,190.72
227.48,169.158,50.839,310.36,0.0,0.0,0.0,65.68,190.72
227.54,169.166,50.861,310.12,0.0,0.0,0.0,65.67,190.73
227.58,169.171,50.875,309.97,0.0,0.0,0.0,65.67,190.73
227.64,169.179,50.896,309.74,0.0,0.0,0.0,65.66,190.73
227.7,169.186,50.917,309.51,0.0,0.0,0.0,65.66,190.74
227.74,169.192,50.931,309.35,0.0,0.0,0.0,65.65,190.74
227.78,169.197,50.945,309.2,0.0,0.0,0.0,65.65,190.74
227.84,169.204,50.966,308.97,0.0,0.0,0.0,65.65,190.75
227.9,169.212,50.987,308.74,0.0,0.0,0.0,65.64,190.75
227.94,169.217,51.001,308.59,0.0,0.0,0.0,65.64,190.76
228.0,169.225,51.022,308.36,0.0,0.0,0.0,65.63,190.76
228.04,169.23,51.037,308.21,0.0,0.0,0.0,65.63,190.76
228.1,169.237,51.058,307.98,0.0,0.0,0.0,65.62,190.77
228.14,169.242,51.072,307.83,0.0,0.0,0.0,65.62,190.77
228.2,169.25,51.093,307.61,0.0,0.0,0.0,65.61,190.77
228.24,169.254,51.107,307.46,0.0,0.0,0.0,65.61,190.78
228.28,169.259,51.121,307.31,0.0,0.0,0.0,65.6,190.78
228.34,169.267,51.142,307.09,0.0,0.0,0.0,65.6,190.78
228.4,169.274,51.163,306.87,0.0,0.0,0.0,65.59,190.79
228.44,169.279,51.177,306.72,0.0,0.0,0.0,65.59,190.79
228.48,169.284,51.192,306.57,0.0,0.0,0.0,65.58,190.79
228.54,169.291,51.213,306.35,0.0,0.0,0.0,65.58,190.8
228.6,169.298,51.234,306.14,0.0,0.0,0.0,65.57,190.8
228.64,169.303,51.248,305.99,0.0,0.0,0.0,65.57,190.81
228.7,169.31,51.269,305.77,0.0,0.0,0.0,65.56,190.81
228.74,169.315,51.283,305.63,0.0,0.0,0.0,65.56,190.81
228.8,169.322,51.304,305.41,0.0,0.0,0.0,65.55,190.82
228.84,169.327,51.318,305.27,0.0,0.0,0.0,65.55,190.82
228.9,169.334,51.34,305.06,0.0,0.0,0.0,65.54,190.82
228.94,169.339,51.354,304.91,0.0,0.0,0.0,65.54,190.83
229.0,169.346,51.375,304.7,0.0,0.0,0.0,65.53,190.83
229.06,169.353,51.396,304.49,0.0,0.0,0.0,65.53,190.83
229.1,169.357,51.41,304.35,0.0,0.0,0.0,65.53,190.84
229.14,169.362,51.424,304.21,0.0,0.0,0.0,65.52,190.84
229.2,169.369,51.445,304.0,0.0,0.0,0.0,65.52,190.84
229.26,169.376,51.466,303.79,0.0,0.0,0.0,65.51,190.85
229.3,169.38,51.481,303.65,0.0,0.0,0.0,65.51,190.85
229.34,169.385,51.495,303.51,0.0,0.0,0.0,65.5,190.85
229.4,169.392,51.516,303.3,0.0,0.0,0.0,65.5,190.86
229.46,169.398,51.537,303.1,0.0,0.0,0.0,65.49,190.86
229.5,169.403,51.551,302.96,0.0,0.0,0.0,65.49,190.87
229.54,169.407,51.565,302.82,0.0,0.0,0.0,65.48,190.87
229.6,169.414,51.586,302.62,0.0,0.0,0.0,65.48,190.87
229.66,169.42,51.608,302.42,0.0,0.0,0.0,65.47,190.88
229.7,169.425,51.622,302.28,0.0,0.0,0.0,65.47,190.88
229.74,169.429,51.636,302.15,0.0,0.0,0.0,65.46,190.88
229.8,169.436,51.657,301.95,0.0,0.0,0.0,65.46,190.89
229.86,169.442,51.678,301.75,0.0,0.0,0.0,65.45,190.89
229.9,169.447,51.692,301.61,0.0,0.0,0.0,65.45,190.89
229.96,169.453,51.713,301.41,0.0,0.0,0.0,65.44,190.9
230.0,169.457,51.728,301.28,0.0,0.0,0.0,65.44,190.9
230.06,169.464,51.749,301.08,0.0,0.0,0.0,65.43,190.9
230.1,169.468,51.763,300.95,0.0,0.0,0.0,65.43,190.91
230.16,169.474,51.784,300.76,0.0,0.0,0.0,65.42,190.91
230.2,169.479,51.798,300.63,0.0,0.0,0.0,65.42,190.91
230.26,169.485,51.819,300.43,0.0,0.0,0.0,65.41,190.92
230.3,169.489,51.834,300.3,0.0,0.0,0.0,65.41,190.92
230.36,169.495,51.855,300.11,0.0,0.0,0.0,65.41,190.93
230.4,169.5,51.869,299.98,0.0,0.0,0.0,65.4,190.93
230.46,169.506,51.89,299.79,0.0,0.0,0.0,65.4,190.93
230.52,169.512,51.911,299.6,0.0,0.0,0.0,65.39,190.94
230.56,169.516,51.925,299.48,0.0,0.0,0.0,65.39,190.94
230.6,169.52,51.94,299.35,0.0,0.0,0.0,65.38,190.94
230.66,169.526,51.961,299.16,0.0,0.0,0.0,65.38,190.95
230.7,169.53,51.975,299.04,0.0,0.0,0.0,65.37,190.95
230.76,169.536,51.996,298.85,0.0,0.0,0.0,65.37,190.95
230.8,169.54,52.01,298.73,0.0,0.0,0.0,65.36,190.96
230.86,169.546,52.031,298.54,0.0,0.0,0.0,65.36,190.96
230.9,169.55,52.046,298.42,0.0,0.0,0.0,65.35,190.96
230.96,169.556,52.067,298.24,0.0,0.0,0.0,65.35,190.97
231.02,169.562,52.088,298.05,0.0,0.0,0.0,65.34,190.97
231.06,169.566,52.102,297.93,0.0,0.0,0.0,65.34,190.97
231.1,169.57,52.116,297.81,0.0,0.0,0.0,65.34,190.98
231.16,169.575,52.138,297.63,0.0,0.0,0.0,65.33,190.98
231.22,169.581,52.159,297.45,0.0,0.0,0.0,65.32,190.99
231.26,169.585,52.173,297.33,0.0,0.0,0.0,65.32,190.99
231.3,169.589,52.187,297.21,0.0,0.0,0.0,65.32,190.99
231.36,169.595,52.208,297.04,0.0,0.0,0.0,65.31,191.0
231.42,169.6,52.229,296.86,0.0,0.0,0.0,65.3,191.0
231.46,169.604,52.244,296.74,0.0,0.0,0.0,65.3,191.0
231.52,169.61,52.265,296.57,0.0,0.0,0.0,65.3,191.01
231.56,169.613,52.279,296.45,0.0,0.0,0.0,65.29,191.01
231.62,169.619,52.3,296.28,0.0,0.0,0.0,65.29,191.01
231.66,169.623,52.314,296.17,0.0,0.0,0.0,65.28,191.02
231.72,169.628,52.336,295.99,0.0,0.0,0.0,65.28,191.02
231.76,169.632,52.35,295.88,0.0,0.0,0.0,65.27,191.02
231.82,169.637,52.371,295.71,0.0,0.0,0.0,65.27,191.03
231.86,169.641,52.385,295.6,0.0,0.0,0.0,65.26,191.03
231.92,169.646,52.406,295.43,0.0,0.0,0.0,65.26,191.03
231.96,169.65,52.421,295.32,0.0,0.0,0.0,65.25,191.04
232.02,169.655,52.442,295.15,0.0,0.0,0.0,65.25,191.04
232.06,169.658,52.456,295.04,0.0,0.0,0.0,65.24,191.04
232.12,169.664,52.477,294.88,0.0,0.0,0.0,65.24,191.05
232.16,169.667,52.491,294.77,0.0,0.0,0.0,65.23,191.05
232.22,169.672,52.513,294.6,0.0,0.0,0.0,65.23,191.05
232.26,169.676,52.527,294.49,0.0,0.0,0.0,65.22,191.06
232.32,169.681,52.548,294.33,0.0,0.0,0.0,65.22,191.06
232.36,169.684,52.562,294.22,0.0,0.0,0.0,65.22,191.06
232.42,169.69,52.583,294.06,0.0,0.0,0.0,65.21,191.07
232.46,169.693,52.598,293.96,0.0,0.0,0.0,65.21,191.07
232.52,169.698,52.619,293.8,0.0,0.0,0.0,65.2,191.08
232.58,169.703,52.64,293.64,0.0,0.0,0.0,65.19,191.08
232.62,169.706,52.654,293.54,0.0,0.0,0.0,65.19,191.08
232.66,169.71,52.668,293.43,0.0,0.0,0.0,65.19,191.09
232.72,169.715,52.69,293.28,0.0,0.0,0.0,65.18,191.09
232.78,169.719,52.711,293.12,0.0,0.0,0.0,65.18,191.09
232.82,169.723,52.725,293.02,0.0,0.0,0.0,65.17,191.1
233.72,169.792,53.044,290.83,0.0,0.0,0.0,65.09,191.16
233.74,169.793,53.051,290.79,0.0,0.0,0.0,65.08,191.16
233.8,169.798,53.073,290.65,0.0,0.0,0.0,65.08,191.16
233.86,169.802,53.094,290.51,0.0,0.0,0.0,65.07,191.17
233.9,169.805,53.108,290.42,0.0,0.0,0.0,65.07,191.17
233.94,169.807,53.122,290.33,0.0,0.0,0.0,65.06,191.17
234.0,169.812,53.144,290.2,0.0,0.0,0.0,65.06,191.18
234.06,169.816,53.165,290.07,0.0,0.0,0.0,65.05,191.18
234.1,169.819,53.179,289.98,0.0,0.0,0.0,65.05,191.18
234.14,169.821,53.193,289.89,0.0,0.0,0.0,65.05,191.19
234.2,169.826,53.215,289.76,0.0,0.0,0.0,65.04,191.19
234.26,169.83,53.236,289.63,0.0,0.0,0.0,65.03,191.19
234.3,169.832,53.25,289.54,0.0,0.0,0.0,65.03,191.2
234.36,169.836,53.271,289.42,0.0,0.0,0.0,65.02,191.2
234.4,169.839,53.286,289.33,0.0,0.0,0.0,65.02,191.2
234.44,169.842,53.3,289.25,0.0,0.0,0.0,65.02,191.21
234.5,169.846,53.321,289.12,0.0,0.0,0.0,65.01,191.21
234.56,169.849,53.342,289.0,0.0,0.0,0.0,65.01,191.22
234.6,169.852,53.357,288.91,0.0,0.0,0.0,65.0,191.22
234.66,169.856,53.378,288.79,0.0,0.0,0.0,65.0,191.22
234.72,169.86,53.399,288.67,0.0,0.0,0.0,64.99,191.23
234.76,169.862,53.414,288.59,0.0,0.0,0.0,64.99,191.23
234.8,169.865,53.428,288.51,0.0,0.0,0.0,64.98,191.23
234.86,169.868,53.449,288.39,0.0,0.0,0.0,64.98,191.24
234.92,169.872,53.47,288.27,0.0,0.0,0.0,64.97,191.24
234.96,169.875,53.485,288.19,0.0,0.0,0.0,64.97,191.24
235.0,169.877,53.499,288.11,0.0,0.0,0.0,64.96,191.25
235.06,169.881,53.52,288.0,0.0,0.0,0.0,64.96,191.25
235.1,169.883,53.534,287.92,0.0,0.0,0.0,64.95,191.25
235.16,169.887,53.556,287.81,0.0,0.0,0.0,64.95,191.26
235.22,169.89,53.577,287.69,0.0,0.0,0.0,64.94,191.26
235.26,169.892,53.591,287.62,0.0,0.0,0.0,64.94,191.26
235.32,169.896,53.613,287.51,0.0,0.0,0.0,64.93,191.27
235.36,169.898,53.627,287.43,0.0,0.0,0.0,64.93,191.27
235.42,169.902,53.648,287.32,0.0,0.0,0.0,64.92,191.27
235.46,169.904,53.662,287.25,0.0,0.0,0.0,64.92,191.28
235.5,169.906,53.677,287.18,0.0,0.0,0.0,64.92,191.28
235.56,169.91,53.698,287.07,0.0,0.0,0.0,64.91,191.28
235.62,169.913,53.719,286.96,0.0,0.0,0.0,64.9,191.29
235.66,169.915,53.733,286.89,0.0,0.0,0.0,64.9,191.29
235.7,169.917,53.748,286.82,0.0,0.0,0.0,64.9,191.29
235.76,169.92,53.769,286.72,0.0,0.0,0.0,64.89,191.3
235.82,169.924,53.79,286.62,0.0,0.0,0.0,64.89,191.3
235.86,169.926,53.805,286.55,0.0,0.0,0.0,64.88,191.3
235.9,169.928,53.819,286.48,0.0,0.0,0.0,64.88,191.31
235.96,169.931,53.84,286.38,0.0,0.0,0.0,64.87,191.31
236.02,169.934,53.861,286.28,0.0,0.0,0.0,64.87,191.31
236.06,169.936,53.876,286.21,0.0,0.0,0.0,64.86,191.32
236.1,169.938,53.89,286.15,0.0,0.0,0.0,64.86,191.32
236.16,169.941,53.911,286.05,0.0,0.0,0.0,64.85,191.32
236.22,169.944,53.933,285.96,0.0,0.0,0.0,64.85,191.33
236.26,169.946,53.947,285.89,0.0,0.0,0.0,64.84,191.33
236.32,169.949,53.968,285.8,0.0,0.0,0.0,64.84,191.33
236.36,169.951,53.982,285.74,0.0,0.0,0.0,64.83,191.34
236.42,169.954,54.004,285.64,0.0,0.0,0.0,64.83,191.34
236.46,169.956,54.018,285.58,0.0,0.0,0.0,64.82,191.34
236.52,169.959,54.039,285.49,0.0,0.0,0.0,64.82,191.35
236.56,169.96,54.054,285.43,0.0,0.0,0.0,64.82,191.35
236.62,169.963,54.075,285.34,0.0,0.0,0.0,64.81,191.35
236.66,169.965,54.089,285.29,0.0,0.0,0.0,64.81,191.36
236.72,169.968,54.111,285.2,0.0,0.0,0.0,64.8,191.36
236.76,169.969,54.125,285.14,0.0,0.0,0.0,64.8,191.36
236.82,169.972,54.146,285.06,0.0,0.0,0.0,64.79,191.37
236.86,169.974,54.161,285.0,0.0,0.0,0.0,64.79,191.37
236.92,169.976,54.182,284.92,0.0,0.0,0.0,64.78,191.37
236.98,169.979,54.203,284.83,0.0,0.0,0.0,64.78,191.38
237.02,169.981,54.217,284.78,0.0,0.0,0.0,64.77,191.38
237.06,169.982,54.232,284.73,0.0,0.0,0.0,64.77,191.38
237.12,169.985,54.253,284.65,0.0,0.0,0.0,64.76,191.39
237.18,169.987,54.274,284.57,0.0,0.0,0.0,64.76,191.39
237.22,169.989,54.289,284.52,0.0,0.0,0.0,64.75,191.39
237.26,169.99,54.303,284.46,0.0,0.0,0.0,64.75,191.4
237.32,169.993,54.324,284.39,0.0,0.0,0.0,64.74,191.4
237.38,169.995,54.346,284.31,0.0,0.0,0.0,64.74,191.41
237.42,169.997,54.36,284.26,0.0,0.0,0.0,64.73,191.41
237.46,169.998,54.374,284.21,0.0,0.0,0.0,64.73,191.41
237.52,170.0,54.396,284.14,0.0,0.0,0.0,64.72,191.41
237.58,170.003,54.417,284.07,0.0,0.0,0.0,64.72,191.42
237.62,170.004,54.431,284.02,0.0,0.0,0.0,64.71,191.42
237.66,170.006,54.446,283.97,0.0,0.0,0.0,64.71,191.42
237.72,170.008,54.467,283.91,0.0,0.0,0.0,64.7,191.43
237.78,170.01,54.488,283.84,0.0,0.0,0.0,64.7,191.43
237.82,170.011,54.503,283.79,0.0,0.0,0.0,64.7,191.43
237.88,170.013,54.524,283.73,0.0,0.0,0.0,64.69,191.44
237.92,170.015,54.538,283.68,0.0,0.0,0.0,64.69,191.44
237.98,170.017,54.56,283.62,0.0,0.0,0.0,64.68,191.45
238.02,170.018,54.574,283.58,0.0,0.0,0.0,64.68,191.45
238.08,170.02,54.595,283.51,0.0,0.0,0.0,64.67,191.45
238.14,170.022,54.617,283.45,0.0,0.0,0.0,64.66,191.46
238.18,170.023,54.631,283.41,0.0,0.0,0.0,64.66,191.46
238.22,170.024,54.645,283.37,0.0,0.0,0.0,64.66,191.46
238.28,170.026,54.667,283.31,0.0,0.0,0.0,64.65,191.47
238.34,170.028,54.688,283.25,0.0,0.0,0.0,64.65,191.47
238.38,170.029,54.702,283.22,0.0,0.0,0.0,64.64,191.47
238.42,170.03,54.717,283.18,0.0,0.0,0.0,64.64,191.47
238.48,170.032,54.738,283.12,0.0,0.0,0.0,64.63,191.48
238.54,170.034,54.759,283.07,0.0,0.0,0.0,64.63,191.48
238.58,170.035,54.774,283.03,0.0,0.0,0.0,64.62,191.49
238.62,170.036,54.788,283.0,0.0,0.0,0.0,64.62,191.49
238.68,170.037,54.809,282.95,0.0,0.0,0.0,64.61,191.49
238.72,170.038,54.824,282.91,0.0,0.0,0.0,64.61,191.49
238.78,170.04,54.845,282.86,0.0,0.0,0.0,64.6,191.5
238.84,170.042,54.867,282.81,0.0,0.0,0.0,64.6,191.5
238.88,170.043,54.881,282.78,0.0,0.0,0.0,64.59,191.51
238.94,170.044,54.902,282.73,0.0,0.0,0.0,64.59,191.51
238.98,170.045,54.917,282.7,0.0,0.0,0.0,64.58,191.51
239.02,170.046,54.931,282.67,0.0,0.0,0.0,64.58,191.51
239.08,170.047,54.952,282.63,0.0,0.0,0.0,64.58,191.52
239.14,170.049,54.974,282.59,0.0,0.0,0.0,64.57,191.52
239.18,170.049,54.988,282.56,0.0,0.0,0.0,64.57,191.53
239.24,170.051,55.009,282.52,0.0,0.0,0.0,64.56,191.53
239.28,170.052,55.024,282.49,0.0,0.0,0.0,64.56,191.53
239.34,170.053,55.045,282.45,0.0,0.0,0.0,64.55,191.54
239.38,170.054,55.059,282.42,0.0,0.0,0.0,64.55,191.54
239.44,170.055,55.081,282.38,0.0,0.0,0.0,64.54,191.54
239.48,170.056,55.095,282.36,0.0,0.0,0.0,64.54,191.55
239.54,170.057,55.117,282.32,0.0,0.0,0.0,64.53,191.55
239.58,170.057,55.131,282.3,0.0,0.0,0.0,64.53,191.55
239.64,170.059,55.152,282.27,0.0,0.0,0.0,64.52,191.56
239.68,170.059,55.167,282.24,0.0,0.0,0.0,64.52,191.56
239.74,170.06,55.188,282.21,0.0,0.0,0.0,64.51,191.56
239.78,170.061,55.202,282.19,0.0,0.0,0.0,64.51,191.56
239.84,170.062,55.224,282.16,0.0,0.0,0.0,64.5,191.57
239.88,170.063,55.238,282.14,0.0,0.0,0.0,64.5,191.57
239.94,170.063,55.259,282.11,0.0,0.0,0.0,64.49,191.58
240.0,170.064,55.281,282.08,0.0,0.0,0.0,64.49,191.58
240.04,170.065,55.295,282.07,0.0,0.0,0.0,64.48,191.58
240.08,170.065,55.309,282.05,0.0,0.0,0.0,64.48,191.58
240.14,170.066,55.331,282.02,0.0,0.0,0.0,64.47,191.59
240.2,170.067,55.352,282.0,0.0,0.0,0.0,64.47,191.59
240.24,170.067,55.367,281.98,0.0,0.0,0.0,64.46,191.6
240.3,170.068,55.388,281.96,0.0,0.0,0.0,64.46,191.6
240.34,170.069,55.402,281.95,0.0,0.0,0.0,64.46,191.6
240.4,170.069,55.424,281.93,0.0,0.0,0.0,64.45,191.61
240.44,170.07,55.438,281.91,0.0,0.0,0.0,64.45,191.61
240.5,170.07,55.46,281.9,0.0,0.0,0.0,64.44,191.61
240.54,170.071,55.474,281.88,0.0,0.0,0.0,64.44,191.62
240.58,170.071,55.488,281.87,0.0,0.0,0.0,64.43,191.62
240.64,170.071,55.51,281.86,0.0,0.0,0.0,64.43,191.62
240.7,170.072,55.531,281.84,0.0,0.0,0.0,64.42,191.63
240.74,170.072,55.546,281.83,0.0,0.0,0.0,64.42,191.63
240.78,170.073,55.56,281.82,0.0,0.0,0.0,64.41,191.63
240.84,170.073,55.581,281.81,0.0,0.0,0.0,64.41,191.63
240.9,170.073,55.603,281.8,0.0,0.0,0.0,64.4,191.64
240.94,170.074,55.617,281.79,0.0,0.0,0.0,64.4,191.64
241.0,170.074,55.639,281.78,0.0,0.0,0.0,64.39,191.65
241.04,170.074,55.653,281.78,0.0,0.0,0.0,64.39,191.65
241.08,170.074,55.667,281.77,0.0,0.0,0.0,64.38,191.65
241.14,170.074,55.689,281.77,0.0,0.0,0.0,64.38,191.65
241.2,170.075,55.71,281.76,0.0,0.0,0.0,64.37,191.66
241.24,170.075,55.724,281.76,0.0,0.0,0.0,64.37,191.66
241.3,170.075,55.746,281.75,0.0,0.0,0.0,64.36,191.66
241.34,170.075,55.76,281.75,0.0,0.0,0.0,64.36,191.67
241.4,170.075,55.782,281.75,0.0,0.0,0.0,64.35,191.67
241.44,170.075,55.796,281.75,0.0,0.0,0.0,64.35,191.67
241.5,170.075,55.818,281.75,0.0,0.0,0.0,64.34,191.68
241.54,170.075,55.832,281.75,0.0,0.0,0.0,64.34,191.68
241.6,170.075,55.853,281.75,0.0,0.0,0.0,64.33,191.68
241.64,170.075,55.868,281.75,0.0,0.0,0.0,64.33,191.69
241.7,170.075,55.889,281.76,0.0,0.0,0.0,64.33,191.69
241.74,170.075,55.903,281.76,0.0,0.0,0.0,64.32,191.69
241.8,170.075,55.925,281.77,0.0,0.0,0.0,64.32,191.7
241.84,170.075,55.939,281.77,0.0,0.0,0.0,64.31,191.7
241.9,170.075,55.961,281.78,0.0,0.0,0.0,64.31,191.7
241.94,170.074,55.975,281.78,0.0,0.0,0.0,64.3,191.71
242.0,170.074,55.997,281.79,0.0,0.0,0.0,64.3,191.71
242.06,170.074,56.018,281.8,0.0,0.0,0.0,64.29,191.71
242.1,170.074,56.032,281.81,0.0,0.0,0.0,64.29,191.72
242.16,170.073,56.054,281.82,0.0,0.0,0.0,64.28,191.72
242.2,170.073,56.068,281.83,0.0,0.0,0.0,64.28,191.72
242.26,170.073,56.09,281.84,0.0,0.0,0.0,64.27,191.73
242.3,170.072,56.104,281.85,0.0,0.0,0.0,64.27,191.73
242.36,170.072,56.126,281.87,0.0,0.0,0.0,64.26,191.73
242.4,170.072,56.14,281.88,0.0,0.0,0.0,64.26,191.74
242.46,170.071,56.161,281.9,0.0,0.0,0.0,64.25,191.74
242.5,170.071,56.176,281.91,0.0,0.0,0.0,64.25,191.74
242.56,170.07,56.197,281.93,0.0,0.0,0.0,64.24,191.75
242.6,170.07,56.212,281.94,0.0,0.0,0.0,64.24,191.75
242.66,170.069,56.233,281.96,0.0,0.0,0.0,64.23,191.75
242.7,170.069,56.247,281.98,0.0,0.0,0.0,64.23,191.76
242.76,170.068,56.269,282.0,0.0,0.0,0.0,64.22,191.76
242.8,170.068,56.283,282.02,0.0,0.0,0.0,64.22,191.76
242.86,170.067,56.305,282.04,0.0,0.0,0.0,64.21,191.77
242.9,170.066,56.319,282.06,0.0,0.0,0.0,64.21,191.77
242.96,170.066,56.341,282.09,0.0,0.0,0.0,64.21,191.77
243.0,170.065,56.355,282.11,0.0,0.0,0.0,64.2,191.78
243.06,170.064,56.377,282.13,0.0,0.0,0.0,64.2,191.78
243.1,170.064,56.391,282.15,0.0,0.0,0.0,64.19,191.78
243.16,170.063,56.412,282.18,0.0,0.0,0.0,64.19,191.79
243.2,170.062,56.427,282.2,0.0,0.0,0.0,64.18,191.79
243.26,170.061,56.448,282.24,0.0,0.0,0.0,64.18,191.79
243.32,170.06,56.47,282.27,0.0,0.0,0.0,64.17,191.8
243.36,170.06,56.484,282.29,0.0,0.0,0.0,64.17,191.8
243.4,170.059,56.499,282.32,0.0,0.0,0.0,64.16,191.8
243.46,170.058,56.52,282.35,0.0,0.0,0.0,64.16,191.81
243.5,170.057,56.534,282.38,0.0,0.0,0.0,64.15,191.81
243.56,170.056,56.556,282.41,0.0,0.0,0.0,64.15,191.81
243.62,170.055,56.577,282.45,0.0,0.0,0.0,64.14,191.82
243.66,170.054,56.592,282.48,0.0,0.0,0.0,64.14,191.82
243.72,170.053,56.613,282.52,0.0,0.0,0.0,64.13,191.82
243.76,170.052,56.628,282.55,0.0,0.0,0.0,64.13,191.82
243.8,170.051,56.642,282.58,0.0,0.0,0.0,64.13,191.83
243.86,170.05,56.664,282.62,0.0,0.0,0.0,64.12,191.83
243.9,170.049,56.678,282.65,0.0,0.0,0.0,64.12,191.83
243.96,170.048,56.699,282.69,0.0,0.0,0.0,64.11,191.84
244.02,170.046,56.721,282.74,0.0,0.0,0.0,64.1,191.84
244.06,170.045,56.735,282.77,0.0,0.0,0.0,64.1,191.84
244.1,170.044,56.75,282.8,0.0,0.0,0.0,64.1,191.85
244.16,170.043,56.771,282.85,0.0,0.0,0.0,64.09,191.85
244.2,170.042,56.786,282.89,0.0,0.0,0.0,64.09,191.85
244.26,170.041,56.807,282.94,0.0,0.0,0.0,64.08,191.86
244.32,170.039,56.829,282.99,0.0,0.0,0.0,64.08,191.86
244.36,170.038,56.843,283.02,0.0,0.0,0.0,64.07,191.86
244.4,170.037,56.857,283.06,0.0,0.0,0.0,64.07,191.87
244.46,170.035,56.879,283.11,0.0,0.0,0.0,64.06,191.87
244.52,170.034,56.901,283.17,0.0,0.0,0.0,64.06,191.87
244.58,170.032,56.922,283.22,0.0,0.0,0.0,64.05,191.88
244.62,170.031,56.937,283.26,0.0,0.0,0.0,64.05,191.88
244.66,170.03,56.951,283.3,0.0,0.0,0.0,64.04,191.88
244.72,170.028,56.972,283.36,0.0,0.0,0.0,64.04,191.89
244.78,170.026,56.994,283.42,0.0,0.0,0.0,64.03,191.89
244.82,170.025,57.008,283.46,0.0,0.0,0.0,64.03,191.89
244.86,170.024,57.023,283.5,0.0,0.0,0.0,64.02,191.9
244.92,170.022,57.044,283.56,0.0,0.0,0.0,64.02,191.9
244.96,170.021,57.059,283.61,0.0,0.0,0.0,64.01,191.9
245.02,170.019,57.08,283.67,0.0,0.0,0.0,64.01,191.91
245.06,170.017,57.095,283.71,0.0,0.0,0.0,64.0,191.91
245.12,170.015,57.116,283.78,0.0,0.0,0.0,64.0,191.91
245.16,170.014,57.131,283.82,0.0,0.0,0.0,64.0,191.91
245.22,170.012,57.152,283.89,0.0,0.0,0.0,63.99,191.92
245.26,170.011,57.166,283.94,0.0,0.0,0.0,63.99,191.92
245.32,170.008,57.188,284.01,0.0,0.0,0.0,63.98,191.93
245.36,170.007,57.202,284.05,0.0,0.0,0.0,63.98,191.93
245.42,170.005,57.224,284.13,0.0,0.0,0.0,63.97,191.93
245.46,170.003,57.238,284.17,0.0,0.0,0.0,63.97,191.93
245.52,170.001,57.26,284.25,0.0,0.0,0.0,63.96,191.94
245.58,169.999,57.282,284.32,0.0,0.0,0.0,63.96,191.94
245.62,169.997,57.296,284.37,0.0,0.0,0.0,63.95,191.94
245.68,169.995,57.318,284.45,0.0,0.0,0.0,63.95,191.95
245.72,169.994,57.332,284.5,0.0,0.0,0.0,63.94,191.95
245.76,169.992,57.346,284.55,0.0,0.0,0.0,63.94,191.95
245.82,169.99,57.368,284.63,0.0,0.0,0.0,63.93,191.96
245.86,169.988,57.382,284.68,0.0,0.0,0.0,63.93,191.96
245.92,169.986,57.404,284.76,0.0,0.0,0.0,63.92,191.96
245.98,169.983,57.425,284.84,0.0,0.0,0.0,63.92,191.97
246.02,169.982,57.44,284.9,0.0,0.0,0.0,63.91,191.97
246.08,169.979,57.461,284.98,0.0,0.0,0.0,63.91,191.97
246.12,169.977,57.476,285.04,0.0,0.0,0.0,63.9,191.98
246.18,169.975,57.497,285.12,0.0,0.0,0.0,63.9,191.98
246.22,169.973,57.512,285.18,0.0,0.0,0.0,63.89,191.98
246.28,169.97,57.533,285.27,0.0,0.0,0.0,63.89,191.99
246.32,169.969,57.548,285.33,0.0,0.0,0.0,63.88,191.99
246.38,169.966,57.569,285.41,0.0,0.0,0.0,63.88,191.99
246.42,169.964,57.584,285.47,0.0,0.0,0.0,63.88,192.0
246.48,169.961,57.605,285.56,0.0,0.0,0.0,63.87,192.0
246.52,169.959,57.62,285.63,0.0,0.0,0.0,63.87,192.0
246.58,169.957,57.641,285.72,0.0,0.0,0.0,63.86,192.01
246.62,169.955,57.656,285.78,0.0,0.0,0.0,63.86,192.01
246.68,169.952,57.677,285.87,0.0,0.0,0.0,63.85,192.01
246.72,169.95,57.692,285.94,0.0,0.0,0.0,63.85,192.01
246.78,169.947,57.713,286.03,0.0,0.0,0.0,63.84,192.02
246.82,169.945,57.728,286.1,0.0,0.0,0.0,63.84,192.02
246.88,169.942,57.749,286.19,0.0,0.0,0.0,63.83,192.02
246.94,169.939,57.771,286.29,0.0,0.0,0.0,63.83,192.03
246.98,169.937,57.785,286.36,0.0,0.0,0.0,63.82,192.03
247.02,169.935,57.8,286.43,0.0,0.0,0.0,63.82,192.03
247.08,169.932,57.821,286.53,0.0,0.0,0.0,63.81,192.04
247.14,169.929,57.843,286.63,0.0,0.0,0.0,63.81,192.04
247.18,169.927,57.857,286.7,0.0,0.0,0.0,63.8,192.04
247.24,169.924,57.879,286.8,0.0,0.0,0.0,63.8,192.05
247.28,169.922,57.893,286.87,0.0,0.0,0.0,63.79,192.05
247.34,169.918,57.915,286.98,0.0,0.0,0.0,63.79,192.05
247.38,169.916,57.929,287.05,0.0,0.0,0.0,63.78,192.06
247.44,169.913,57.951,287.15,0.0,0.0,0.0,63.78,192.06
247.48,169.911,57.965,287.23,0.0,0.0,0.0,63.77,192.06
247.54,169.907,57.987,287.34,0.0,0.0,0.0,63.77,192.07
247.58,169.905,58.001,287.41,0.0,0.0,0.0,63.76,192.07
247.62,169.903,58.016,287.48,0.0,0.0,0.0,63.76,192.07
247.68,169.899,58.037,287.59,0.0,0.0,0.0,63.75,192.08
247.74,169.896,58.059,287.71,0.0,0.0,0.0,63.75,192.08
247.78,169.894,58.074,287.78,0.0,0.0,0.0,63.75,192.08
247.82,169.891,58.088,287.86,0.0,0.0,0.0,63.74,192.08
247.88,169.888,58.11,287.97,0.0,0.0,0.0,63.74,192.09
247.94,169.884,58.131,288.09,0.0,0.0,0.0,63.73,192.09
247.98,169.882,58.146,288.17,0.0,0.0,0.0,63.73,192.09
248.02,169.879,58.16,288.24,0.0,0.0,0.0,63.72,192.1
248.08,169.876,58.182,288.36,0.0,0.0,0.0,63.72,192.1
248.14,169.872,58.203,288.48,0.0,0.0,0.0,63.71,192.1
248.18,169.87,58.218,288.56,0.0,0.0,0.0,63.71,192.11
248.24,169.866,58.239,288.68,0.0,0.0,0.0,63.7,192.11
248.3,169.862,58.261,288.8,0.0,0.0,0.0,63.7,192.11
248.34,169.86,58.275,288.89,0.0,0.0,0.0,63.69,192.12
248.38,169.857,58.29,288.97,0.0,0.0,0.0,63.69,192.12
248.44,169.853,58.311,289.09,0.0,0.0,0.0,63.68,192.12
248.48,169.851,58.326,289.18,0.0,0.0,0.0,63.68,192.13
248.54,169.847,58.348,289.3,0.0,0.0,0.0,63.67,192.13
248.58,169.844,58.362,289.39,0.0,0.0,0.0,63.67,192.13
248.64,169.84,58.384,289.52,0.0,0.0,0.0,63.66,192.14
248.68,169.838,58.398,289.6,0.0,0.0,0.0,63.66,192.14
248.74,169.834,58.42,289.73,0.0,0.0,0.0,63.65,192.14
248.78,169.831,58.434,289.82,0.0,0.0,0.0,63.65,192.14
248.84,169.827,58.456,289.95,0.0,0.0,0.0,63.64,192.15
248.88,169.824,58.47,290.04,0.0,0.0,0.0,63.64,192.15
248.94,169.82,58.492,290.17,0.0,0.0,0.0,63.63,192.15
248.98,169.817,58.506,290.26,0.0,0.0,0.0,63.63,192.16
249.04,169.813,58.528,290.39,0.0,0.0,0.0,63.62,192.16
249.1,169.809,58.55,290.53,0.0,0.0,0.0,63.62,192.16
249.14,169.806,58.564,290.62,0.0,0.0,0.0,63.62,192.17
249.2,169.802,58.586,290.76,0.0,0.0,0.0,63.61,192.17
249.24,169.799,58.6,290.85,0.0,0.0,0.0,63.61,192.17
249.28,169.796,58.614,290.94,0.0,0.0,0.0,63.6,192.18
249.34,169.792,58.636,291.08,0.0,0.0,0.0,63.6,192.18
249.38,169.789,58.651,291.18,0.0,0.0,0.0,63.59,192.18
249.44,169.784,58.672,291.32,0.0,0.0,0.0,63.59,192.19
249.48,169.782,58.687,291.41,0.0,0.0,0.0,63.58,192.19
249.54,169.777,58.708,291.56,0.0,0.0,0.0,63.58,192.19
249.6,169.773,58.73,291.7,0.0,0.0,0.0,63.57,192.2
249.64,169.77,58.744,291.8,0.0,0.0,0.0,63.57,192.2
249.7,169.765,58.766,291.94,0.0,0.0,0.0,63.56,192.2
249.74,169.762,58.781,292.04,0.0,0.0,0.0,63.56,192.2
249.78,169.759,58.795,292.14,0.0,0.0,0.0,63.55,192.21
249.84,169.754,58.817,292.29,0.0,0.0,0.0,63.55,192.21
249.9,169.75,58.838,292.43,0.0,0.0,0.0,63.54,192.21
249.94,169.747,58.853,292.53,0.0,0.0,0.0,63.54,192.22
250.0,169.742,58.874,292.68,0.0,0.0,0.0,63.53,192.22
250.04,169.739,58.889,292.79,0.0,0.0,0.0,63.53,192.22
250.1,169.734,58.911,292.94,0.0,0.0,0.0,63.52,192.23
250.14,169.731,58.925,293.04,0.0,0.0,0.0,63.52,192.23
250.2,169.726,58.947,293.19,0.0,0.0,0.0,63.51,192.23
250.24,169.723,58.961,293.3,0.0,0.0,0.0,63.51,192.24
250.3,169.718,58.983,293.45,0.0,0.0,0.0,63.5,192.24
250.34,169.715,58.997,293.56,0.0,0.0,0.0,63.5,192.24
250.4,169.71,59.019,293.71,0.0,0.0,0.0,63.5,192.25
250.44,169.706,59.033,293.82,0.0,0.0,0.0,63.49,192.25
250.5,169.701,59.055,293.98,0.0,0.0,0.0,63.49,192.25
250.54,169.698,59.07,294.08,0.0,0.0,0.0,63.48,192.25
250.6,169.693,59.091,294.24,0.0,0.0,0.0,63.48,192.26
250.66,169.688,59.113,294.41,0.0,0.0,0.0,63.47,192.26
250.7,169.684,59.127,294.51,0.0,0.0,0.0,63.47,192.26
250.76,169.679,59.149,294.68,0.0,0.0,0.0,63.46,192.27
250.8,169.676,59.163,294.79,0.0,0.0,0.0,63.46,192.27
250.84,169.672,59.178,294.9,0.0,0.0,0.0,63.45,192.27
250.9,169.667,59.2,295.06,0.0,0.0,0.0,63.45,192.28
250.94,169.664,59.214,295.17,0.0,0.0,0.0,63.44,192.28
251.0,169.659,59.236,295.34,0.0,0.0,0.0,63.44,192.28
251.04,169.655,59.25,295.45,0.0,0.0,0.0,63.43,192.29
251.1,169.65,59.272,295.62,0.0,0.0,0.0,63.43,192.29
251.16,169.644,59.294,295.79,0.0,0.0,0.0,63.42,192.29
251.2,169.641,59.308,295.9,0.0,0.0,0.0,63.42,192.3
251.24,169.637,59.323,296.02,0.0,0.0,0.0,63.41,192.3
251.3,169.632,59.344,296.19,0.0,0.0,0.0,63.41,192.3
251.36,169.626,59.366,296.36,0.0,0.0,0.0,63.4,192.31
251.4,169.623,59.38,296.47,0.0,0.0,0.0,63.4,192.31
251.46,169.617,59.402,296.65,0.0,0.0,0.0,63.39,192.31
251.5,169.613,59.417,296.77,0.0,0.0,0.0,63.39,192.31
251.56,169.608,59.438,296.94,0.0,0.0,0.0,63.38,192.32
251.6,169.604,59.453,297.06,0.0,0.0,0.0,63.38,192.32
251.66,169.598,59.474,297.24,0.0,0.0,0.0,63.37,192.32
251.7,169.595,59.489,297.36,0.0,0.0,0.0,63.37,192.33
251.76,169.589,59.511,297.53,0.0,0.0,0.0,63.37,192.33
251.8,169.585,59.525,297.65,0.0,0.0,0.0,63.36,192.33
251.86,169.579,59.547,297.83,0.0,0.0,0.0,63.36,192.34
251.9,169.576,59.561,297.95,0.0,0.0,0.0,63.35,192.34
251.96,169.57,59.583,298.14,0.0,0.0,0.0,63.35,192.34
252.0,169.566,59.597,298.26,0.0,0.0,0.0,63.34,192.34
252.06,169.56,59.619,298.44,0.0,0.0,0.0,63.34,192.35
252.1,169.556,59.634,298.57,0.0,0.0,0.0,63.33,192.35
252.16,169.55,59.655,298.75,0.0,0.0,0.0,63.33,192.35
252.22,169.544,59.677,298.94,0.0,0.0,0.0,63.32,192.36
252.26,169.54,59.692,299.06,0.0,0.0,0.0,63.32,192.36
252.32,169.534,59.713,299.25,0.0,0.0,0.0,63.31,192.36
252.36,169.53,59.728,299.37,0.0,0.0,0.0,63.31,192.37
252.4,169.526,59.742,299.5,0.0,0.0,0.0,63.3,192.37
252.46,169.52,59.764,299.69,0.0,0.0,0.0,63.3,192.37
252.52,169.514,59.786,299.88,0.0,0.0,0.0,63.29,192.38
252.56,169.51,59.8,300.01,0.0,0.0,0.0,63.29,192.38
252.6,169.506,59.815,300.14,0.0,0.0,0.0,63.28,192.38
252.66,169.5,59.836,300.33,0.0,0.0,0.0,63.28,192.39
252.7,169.495,59.851,300.46,0.0,0.0,0.0,63.28,192.39
252.76,169.489,59.873,300.65,0.0,0.0,0.0,63.27,192.39
252.8,169.485,59.887,300.78,0.0,0.0,0.0,63.27,192.39
252.86,169.479,59.909,300.98,0.0,0.0,0.0,63.26,192.4
252.9,169.475,59.923,301.11,0.0,0.0,0.0,63.26,192.4
252.96,169.468,59.945,301.31,0.0,0.0,0.0,63.25,192.4
253.02,169.462,59.967,301.5,0.0,0.0,0.0,63.24,192.41
253.06,169.458,59.981,301.64,0.0,0.0,0.0,63.24,192.41
253.12,169.451,60.003,301.84,0.0,0.0,0.0,63.24,192.41
253.16,169.447,60.017,301.97,0.0,0.0,0.0,63.23,192.42
253.22,169.44,60.039,302.17,0.0,0.0,0.0,63.23,192.42
253.26,169.436,60.054,302.31,0.0,0.0,0.0,63.22,192.42
253.32,169.429,60.075,302.51,0.0,0.0,0.0,63.22,192.43
253.36,169.425,60.09,302.64,0.0,0.0,0.0,63.21,192.43
253.42,169.418,60.112,302.85,0.0,0.0,0.0,63.21,192.43
253.46,169.414,60.126,302.99,0.0,0.0,0.0,63.2,192.43
253.52,169.407,60.148,303.19,0.0,0.0,0.0,63.2,192.44
253.56,169.403,60.162,303.33,0.0,0.0,0.0,63.19,192.44
253.62,169.396,60.184,303.54,0.0,0.0,0.0,63.19,192.44
253.66,169.392,60.199,303.67,0.0,0.0,0.0,63.18,192.45
253.72,169.385,60.22,303.88,0.0,0.0,0.0,63.18,192.45
253.76,169.38,60.235,304.02,0.0,0.0,0.0,63.17,192.45
253.82,169.373,60.256,304.23,0.0,0.0,0.0,63.17,192.46
253.88,169.367,60.278,304.44,0.0,0.0,0.0,63.16,192.46
253.92,169.362,60.293,304.58,0.0,0.0,0.0,63.16,192.46
253.96,169.357,60.307,304.73,0.0,0.0,0.0,63.15,192.47
254.02,169.35,60.329,304.94,0.0,0.0,0.0,63.15,192.47
254.08,169.343,60.351,305.15,0.0,0.0,0.0,63.14,192.47
254.12,169.339,60.365,305.3,0.0,0.0,0.0,63.14,192.47
254.16,169.334,60.38,305.44,0.0,0.0,0.0,63.14,192.48
254.22,169.327,60.401,305.66,0.0,0.0,0.0,63.13,192.48
254.26,169.322,60.416,305.8,0.0,0.0,0.0,63.13,192.48
254.32,169.315,60.438,306.02,0.0,0.0,0.0,63.12,192.49
254.38,169.308,60.46,306.24,0.0,0.0,0.0,63.11,192.49
254.42,169.303,60.474,306.38,0.0,0.0,0.0,63.11,192.49
254.48,169.296,60.496,306.6,0.0,0.0,0.0,63.11,192.5
254.52,169.291,60.51,306.75,0.0,0.0,0.0,63.1,192.5
254.56,169.286,60.525,306.89,0.0,0.0,0.0,63.1,192.5
254.62,169.279,60.547,307.12,0.0,0.0,0.0,63.09,192.51
254.66,169.274,60.561,307.26,0.0,0.0,0.0,63.09,192.51
254.72,169.267,60.583,307.49,0.0,0.0,0.0,63.08,192.51
254.78,169.259,60.605,307.71,0.0,0.0,0.0,63.08,192.52
254.82,169.255,60.619,307.86,0.0,0.0,0.0,63.07,192.52
254.88,169.247,60.641,308.09,0.0,0.0,0.0,63.07,192.52
254.92,169.242,60.655,308.24,0.0,0.0,0.0,63.06,192.52
254.98,169.235,60.677,308.46,0.0,0.0,0.0,63.06,192.53
255.02,169.23,60.692,308.62,0.0,0.0,0.0,63.05,192.53
255.08,169.222,60.713,308.84,0.0,0.0,0.0,63.05,192.53
255.12,169.217,60.728,309.0,0.0,0.0,0.0,63.04,192.54
255.18,169.209,60.75,309.23,0.0,0.0,0.0,63.04,192.54
255.22,169.204,60.764,309.38,0.0,0.0,0.0,63.03,192.54
255.28,169.197,60.786,309.61,0.0,0.0,0.0,63.03,192.55
255.32,169.192,60.8,309.77,0.0,0.0,0.0,63.02,192.55
255.38,169.184,60.822,310.0,0.0,0.0,0.0,63.02,192.55
255.42,169.179,60.837,310.15,0.0,0.0,0.0,63.02,192.55
255.48,169.171,60.859,310.39,0.0,0.0,0.0,63.01,192.56
255.52,169.166,60.873,310.54,0.0,0.0,0.0,63.01,192.56
255.58,169.158,60.895,310.78,0.0,0.0,0.0,63.0,192.56
255.62,169.153,60.909,310.94,0.0,0.0,0.0,63.0,192.57
255.68,169.145,60.931,311.17,0.0,0.0,0.0,62.99,192.57
255.74,169.137,60.953,311.41,0.0,0.0,0.0,62.98,192.57
255.78,169.132,60.967,311.57,0.0,0.0,0.0,62.98,192.58
255.82,169.126,60.982,311.73,0.0,0.0,0.0,62.98,192.58
255.88,169.118,61.004,311.97,0.0,0.0,0.0,62.97,192.58
255.92,169.113,61.018,312.13,0.0,0.0,0.0,62.97,192.58
255.98,169.105,61.04,312.37,0.0,0.0,0.0,62.96,192.59
256.04,169.097,61.062,312.61,0.0,0.0,0.0,62.96,192.59
256.08,169.092,61.076,312.77,0.0,0.0,0.0,62.95,192.59
256.12,169.086,61.091,312.93,0.0,0.0,0.0,62.95,192.6
256.18,169.078,61.113,313.17,0.0,0.0,0.0,62.94,192.6
256.24,169.07,61.135,313.42,0.0,0.0,0.0,62.94,192.6
256.28,169.064,61.149,313.58,0.0,0.0,0.0,62.93,192.61
256.34,169.056,61.171,313.83,0.0,0.0,0.0,62.93,192.61
256.38,169.051,61.185,313.99,0.0,0.0,0.0,62.92,192.61
256.44,169.042,61.207,314.24,0.0,0.0,0.0,62.92,192.62
256.48,169.037,61.222,314.4,0.0,0.0,0.0,62.91,192.62
256.54,169.028,61.243,314.65,0.0,0.0,0.0,62.91,192.62
256.58,169.023,61.258,314.82,0.0,0.0,0.0,62.9,192.62
256.64,169.014,61.28,315.07,0.0,0.0,0.0,62.9,192.63
256.68,169.009,61.294,315.23,0.0,0.0,0.0,62.89,192.63
256.74,169.0,61.316,315.48,0.0,0.0,0.0,62.89,192.63
256.78,168.995,61.331,315.65,0.0,0.0,0.0,62.89,192.64
256.84,168.986,61.352,315.9,0.0,0.0,0.0,62.88,192.64
256.88,168.98,61.367,316.07,0.0,0.0,0.0,62.88,192.64
256.94,168.972,61.389,316.32,0.0,0.0,0.0,62.87,192.65
256.98,168.966,61.403,316.49,0.0,0.0,0.0,62.87,192.65
257.04,168.957,61.425,316.75,0.0,0.0,0.0,62.86,192.65
257.08,168.952,61.44,316.92,0.0,0.0,0.0,62.86,192.65
257.14,168.943,61.462,317.17,0.0,0.0,0.0,62.85,192.66
257.18,168.937,61.476,317.34,0.0,0.0,0.0,62.85,192.66
257.24,168.928,61.498,317.6,0.0,0.0,0.0,62.84,192.66
257.3,168.92,61.52,317.86,0.0,0.0,0.0,62.84,192.67
257.34,168.914,61.534,318.03,0.0,0.0,0.0,62.83,192.67
257.38,168.908,61.549,318.21,0.0,0.0,0.0,62.83,192.67
257.44,168.899,61.571,318.46,0.0,0.0,0.0,62.82,192.68
257.5,168.89,61.592,318.73,0.0,0.0,0.0,62.82,192.68
257.54,168.884,61.607,318.9,0.0,0.0,0.0,62.81,192.68
257.58,168.878,61.621,319.07,0.0,0.0,0.0,62.81,192.68
257.64,168.869,61.643,319.34,0.0,0.0,0.0,62.8,192.69
257.68,168.863,61.658,319.51,0.0,0.0,0.0,62.8,192.69
257.74,168.854,61.68,319.78,0.0,0.0,0.0,62.79,192.69
257.78,168.848,61.694,319.95,0.0,0.0,0.0,62.79,192.7
257.84,168.839,61.716,320.22,0.0,0.0,0.0,62.78,192.7
257.88,168.833,61.731,320.39,0.0,0.0,0.0,62.78,192.7
257.94,168.824,61.752,320.66,0.0,0.0,0.0,62.77,192.71
257.98,168.818,61.767,320.84,0.0,0.0,0.0,62.77,192.71
258.04,168.809,61.789,321.1,0.0,0.0,0.0,62.76,192.71
258.1,168.799,61.811,321.37,0.0,0.0,0.0,62.76,192.72
258.14,168.793,61.825,321.55,0.0,0.0,0.0,62.76,192.72
258.18,168.787,61.84,321.73,0.0,0.0,0.0,62.75,192.72
258.24,168.778,61.862,322.0,0.0,0.0,0.0,62.75,192.72
258.3,168.768,61.883,322.27,0.0,0.0,0.0,62.74,192.73
258.34,168.762,61.898,322.45,0.0,0.0,0.0,62.74,192.73
258.38,168.756,61.912,322.63,0.0,0.0,0.0,62.73,192.73
258.44,168.747,61.934,322.91,0.0,0.0,0.0,62.73,192.74
258.5,168.737,61.956,323.18,0.0,0.0,0.0,62.72,192.74
258.54,168.731,61.971,323.36,0.0,0.0,0.0,62.72,192.74
258.58,168.724,61.985,323.54,0.0,0.0,0.0,62.71,192.74
258.64,168.715,62.007,323.82,0.0,0.0,0.0,62.71,192.75
258.68,168.709,62.022,324.0,0.0,0.0,0.0,62.7,192.75
258.74,168.699,62.043,324.28,0.0,0.0,0.0,62.7,192.75
258.78,168.693,62.058,324.46,0.0,0.0,0.0,62.69,192.76
258.84,168.683,62.08,324.74,0.0,0.0,0.0,62.69,192.76
258.9,168.673,62.102,325.02,0.0,0.0,0.0,62.68,192.76
258.94,168.667,62.116,325.2,0.0,0.0,0.0,62.68,192.77
259.0,168.657,62.138,325.48,0.0,0.0,0.0,62.67,192.77
259.04,168.651,62.153,325.67,0.0,0.0,0.0,62.67,192.77
259.1,168.641,62.175,325.95,0.0,0.0,0.0,62.66,192.77
259.16,168.631,62.196,326.23,0.0,0.0,0.0,62.66,192.78
259.2,168.624,62.211,326.42,0.0,0.0,0.0,62.65,192.78
259.24,168.618,62.225,326.61,0.0,0.0,0.0,62.65,192.78
259.3,168.608,62.247,326.89,0.0,0.0,0.0,62.64,192.79
259.3,168.608,62.255,326.98,0.0,0.0,0.0,62.64,192.79
259.36,168.598,62.269,327.17,0.0,0.0,0.0,62.64,192.79
259.42,168.588,62.291,327.46,0.0,0.0,0.0,62.63,192.79
259.48,168.578,62.313,327.74,0.0,0.0,0.0,62.63,192.8
259.52,168.571,62.327,327.93,0.0,0.0,0.0,62.62,192.8
259.58,168.561,62.349,328.22,0.0,0.0,0.0,62.62,192.8
259.62,168.555,62.364,328.41,0.0,0.0,0.0,62.61,192.81
259.68,168.545,62.386,328.7,0.0,0.0,0.0,62.61,192.81
259.72,168.538,62.4,328.89,0.0,0.0,0.0,62.6,192.81
259.78,168.528,62.422,329.18,0.0,0.0,0.0,62.6,192.82
259.82,168.521,62.437,329.37,0.0,0.0,0.0,62.59,192.82
259.88,168.511,62.459,329.66,0.0,0.0,0.0,62.59,192.82
259.92,168.504,62.473,329.85,0.0,0.0,0.0,62.58,192.82
259.98,168.494,62.495,330.14,0.0,0.0,0.0,62.58,192.83
260.04,168.483,62.517,330.43,0.0,0.0,0.0,62.57,192.83
260.08,168.476,62.531,330.63,0.0,0.0,0.0,62.57,192.83
260.12,168.469,62.546,330.82,0.0,0.0,0.0,62.57,192.84
260.18,168.459,62.568,331.11,0.0,0.0,0.0,62.56,192.84
260.24,168.449,62.59,331.41,0.0,0.0,0.0,62.55,192.84
260.28,168.442,62.604,331.6,0.0,0.0,0.0,62.55,192.84
260.32,168.435,62.619,331.8,0.0,0.0,0.0,62.55,192.85
260.38,168.424,62.641,332.1,0.0,0.0,0.0,62.54,192.85
260.44,168.414,62.663,332.39,0.0,0.0,0.0,62.54,192.85
260.48,168.407,62.677,332.59,0.0,0.0,0.0,62.53,192.86
260.52,168.4,62.692,332.79,0.0,0.0,0.0,62.53,192.86
260.58,168.389,62.714,333.08,0.0,0.0,0.0,62.52,192.86
260.64,168.378,62.736,333.38,0.0,0.0,0.0,62.52,192.87
260.68,168.371,62.75,333.58,0.0,0.0,0.0,62.51,192.87
260.74,168.361,62.772,333.88,0.0,0.0,0.0,62.51,192.87
260.78,168.353,62.787,334.08,0.0,0.0,0.0,62.5,192.87
260.84,168.343,62.808,334.38,0.0,0.0,0.0,62.5,192.88
260.88,168.335,62.823,334.58,0.0,0.0,0.0,62.49,192.88
260.94,168.325,62.845,334.88,0.0,0.0,0.0,62.49,192.88
260.98,168.317,62.859,335.08,0.0,0.0,0.0,62.48,192.89
261.04,168.307,62.881,335.39,0.0,0.0,0.0,62.48,192.89
261.08,168.299,62.896,335.59,0.0,0.0,0.0,62.47,192.89
261.14,168.288,62.918,335.89,0.0,0.0,0.0,62.47,192.9
261.18,168.281,62.932,336.09,0.0,0.0,0.0,62.46,192.9
261.24,168.27,62.954,336.4,0.0,0.0,0.0,62.46,192.9
261.28,168.263,62.969,336.6,0.0,0.0,0.0,62.45,192.9
261.34,168.252,62.991,336.91,0.0,0.0,0.0,62.45,192.91
261.38,168.244,63.005,337.11,0.0,0.0,0.0,62.45,192.91
261.44,168.233,63.027,337.42,0.0,0.0,0.0,62.44,192.91
261.48,168.226,63.042,337.62,0.0,0.0,0.0,62.44,192.92
261.54,168.215,63.064,337.93,0.0,0.0,0.0,62.43,192.92
261.58,168.207,63.078,338.14,0.0,0.0,0.0,62.43,192.92
261.64,168.196,63.1,338.45,0.0,0.0,0.0,62.42,192.93
261.7,168.185,63.122,338.76,0.0,0.0,0.0,62.41,192.93
261.74,168.177,63.137,338.96,0.0,0.0,0.0,62.41,192.93
261.78,168.17,63.151,339.17,0.0,0.0,0.0,62.41,192.93
261.84,168.159,63.173,339.48,0.0,0.0,0.0,62.4,192.94
261.9,168.147,63.195,339.79,0.0,0.0,0.0,62.4,192.94
261.94,168.14,63.21,340.0,0.0,0.0,0.0,62.39,192.94
261.98,168.132,63.224,340.21,0.0,0.0,0.0,62.39,192.94
262.04,168.121,63.246,340.52,0.0,0.0,0.0,62.38,192.95
262.1,168.109,63.268,340.84,0.0,0.0,0.0,62.38,192.95
262.14,168.102,63.283,341.05,0.0,0.0,0.0,62.37,192.95
262.18,168.094,63.297,341.26,0.0,0.0,0.0,62.37,192.96
262.24,168.082,63.319,341.57,0.0,0.0,0.0,62.36,192.96
262.3,168.071,63.341,341.89,0.0,0.0,0.0,62.36,192.96
262.34,168.063,63.356,342.1,0.0,0.0,0.0,62.35,192.97
262.4,168.051,63.378,342.42,0.0,0.0,0.0,62.35,192.97
262.44,168.044,63.392,342.63,0.0,0.0,0.0,62.34,192.97
262.5,168.032,63.414,342.94,0.0,0.0,0.0,62.34,192.98
262.54,168.024,63.429,343.16,0.0,0.0,0.0,62.33,192.98
262.6,168.012,63.451,343.48,0.0,0.0,0.0,62.33,192.98
262.64,168.005,63.465,343.69,0.0,0.0,0.0,62.32,192.98
262.7,167.993,63.487,344.01,0.0,0.0,0.0,62.32,192.99
262.74,167.985,63.502,344.22,0.0,0.0,0.0,62.32,192.99
262.8,167.973,63.524,344.54,0.0,0.0,0.0,62.31,192.99
262.84,167.965,63.538,344.76,0.0,0.0,0.0,62.31,193.0
262.9,167.953,63.56,345.08,0.0,0.0,0.0,62.3,193.0
262.94,167.945,63.575,345.3,0.0,0.0,0.0,62.3,193.0
263.0,167.933,63.597,345.62,0.0,0.0,0.0,62.29,193.0
263.06,167.921,63.619,345.94,0.0,0.0,0.0,62.28,193.01
263.1,167.913,63.633,346.16,0.0,0.0,0.0,62.28,193.01
263.14,167.905,63.648,346.37,0.0,0.0,0.0,62.28,193.01
263.2,167.893,63.67,346.7,0.0,0.0,0.0,62.27,193.02
263.26,167.881,63.692,347.02,0.0,0.0,0.0,62.27,193.02
263.3,167.873,63.706,347.24,0.0,0.0,0.0,62.26,193.02
263.34,167.865,63.721,347.46,0.0,0.0,0.0,62.26,193.02
263.4,167.853,63.743,347.79,0.0,0.0,0.0,62.25,193.03
263.44,167.845,63.757,348.01,0.0,0.0,0.0,62.25,193.03
263.5,167.832,63.779,348.33,0.0,0.0,0.0,62.24,193.03
263.56,167.82,63.801,348.66,0.0,0.0,0.0,62.24,193.04
263.6,167.812,63.816,348.88,0.0,0.0,0.0,62.23,193.04
263.64,167.804,63.83,349.1,0.0,0.0,0.0,62.23,193.04
263.7,167.791,63.852,349.43,0.0,0.0,0.0,62.22,193.05
263.76,167.779,63.874,349.76,0.0,0.0,0.0,62.22,193.05
263.8,167.771,63.889,349.98,0.0,0.0,0.0,62.21,193.05
263.84,167.762,63.904,350.2,0.0,0.0,0.0,62.21,193.05
263.9,167.75,63.925,350.53,0.0,0.0,0.0,62.2,193.06
263.96,167.737,63.947,350.87,0.0,0.0,0.0,62.2,193.06
264.0,167.729,63.962,351.09,0.0,0.0,0.0,62.19,193.06
264.04,167.721,63.977,351.31,0.0,0.0,0.0,62.19,193.07
264.1,167.708,63.999,351.64,0.0,0.0,0.0,62.18,193.07
264.16,167.696,64.02,351.98,0.0,0.0,0.0,62.18,193.07
264.2,167.687,64.035,352.2,0.0,0.0,0.0,62.18,193.07
264.26,167.675,64.057,352.54,0.0,0.0,0.0,62.17,193.08
264.3,167.666,64.072,352.76,0.0,0.0,0.0,62.17,193.08
264.36,167.653,64.094,353.1,0.0,0.0,0.0,62.16,193.08
264.4,167.645,64.108,353.32,0.0,0.0,0.0,62.16,193.09
264.46,167.632,64.13,353.66,0.0,0.0,0.0,62.15,193.09
264.5,167.624,64.145,353.88,0.0,0.0,0.0,62.15,193.09
264.56,167.611,64.167,354.22,0.0,0.0,0.0,62.14,193.1
264.6,167.602,64.181,354.45,0.0,0.0,0.0,62.14,193.1
264.66,167.589,64.203,354.79,0.0,0.0,0.0,62.13,193.1
264.7,167.581,64.218,355.01,0.0,0.0,0.0,62.13,193.1
264.76,167.568,64.24,355.35,0.0,0.0,0.0,62.12,193.11
264.8,167.559,64.255,355.58,0.0,0.0,0.0,62.12,193.11
264.86,167.546,64.276,355.92,0.0,0.0,0.0,62.11,193.11
264.9,167.537,64.291,356.15,0.0,0.0,0.0,62.11,193.11
264.96,167.524,64.313,356.49,0.0,0.0,0.0,62.1,193.12
265.0,167.516,64.328,356.72,0.0,0.0,0.0,62.1,193.12
265.06,167.503,64.35,357.06,0.0,0.0,0.0,62.09,193.12
265.12,167.489,64.372,357.4,0.0,0.0,0.0,62.09,193.13
265.16,167.481,64.386,357.63,0.0,0.0,0.0,62.08,193.13
265.22,167.467,64.408,357.98,0.0,0.0,0.0,62.08,193.13
265.26,167.459,64.423,358.21,0.0,0.0,0.0,62.07,193.14
265.3,167.45,64.437,358.44,0.0,0.0,0.0,62.07,193.14
265.36,167.437,64.459,358.78,0.0,0.0,0.0,62.06,193.14
265.42,167.423,64.481,359.13,0.0,0.0,0.0,62.06,193.14
265.46,167.414,64.496,359.36,0.0,0.0,0.0,62.05,193.15
265.5,167.405,64.511,359.59,0.0,0.0,0.0,62.05,193.15
265.56,167.392,64.533,359.94,0.0,0.0,0.0,62.05,193.15
265.62,167.379,64.555,360.29,0.0,0.0,0.0,62.04,193.16
265.66,167.37,64.569,360.52,0.0,0.0,0.0,62.04,193.16
265.7,167.361,64.584,360.75,0.0,0.0,0.0,62.03,193.16
265.76,167.347,64.606,361.1,0.0,0.0,0.0,62.03,193.16
265.82,167.334,64.628,361.45,0.0,0.0,0.0,62.02,193.17
265.86,167.325,64.642,361.68,0.0,0.0,0.0,62.02,193.17
265.92,167.311,64.664,362.03,0.0,0.0,0.0,62.01,193.17
265.96,167.302,64.679,362.27,0.0,0.0,0.0,62.01,193.18
266.02,167.288,64.701,362.62,0.0,0.0,0.0,62.0,193.18
266.06,167.279,64.716,362.85,0.0,0.0,0.0,62.0,193.18
266.12,167.266,64.738,363.2,0.0,0.0,0.0,61.99,193.19
266.16,167.256,64.752,363.44,0.0,0.0,0.0,61.99,193.19
266.22,167.243,64.774,363.79,0.0,0.0,0.0,61.98,193.19
266.26,167.233,64.789,364.03,0.0,0.0,0.0,61.98,193.19
266.32,167.22,64.811,364.38,0.0,0.0,0.0,61.97,193.2
266.36,167.21,64.825,364.62,0.0,0.0,0.0,61.97,193.2
266.42,167.197,64.847,364.97,0.0,0.0,0.0,61.96,193.2
266.46,167.187,64.862,365.21,0.0,0.0,0.0,61.96,193.2
266.52,167.173,64.884,365.57,0.0,0.0,0.0,61.95,193.21
266.56,167.164,64.899,365.8,0.0,0.0,0.0,61.95,193.21
266.62,167.15,64.921,366.16,0.0,0.0,0.0,61.94,193.21
266.68,167.136,64.943,366.52,0.0,0.0,0.0,61.94,193.22
266.72,167.127,64.957,366.75,0.0,0.0,0.0,61.93,193.22
266.76,167.117,64.972,366.99,0.0,0.0,0.0,61.93,193.22
266.82,167.103,64.994,367.35,0.0,0.0,0.0,61.92,193.23
266.88,167.089,65.016,367.71,0.0,0.0,0.0,61.92,193.23
266.92,167.08,65.03,367.95,0.0,0.0,0.0,61.91,193.23
266.96,167.07,65.045,368.19,0.0,0.0,0.0,61.91,193.23
267.02,167.056,65.067,368.55,0.0,0.0,0.0,61.91,193.24
267.08,167.042,65.089,368.91,0.0,0.0,0.0,61.9,193.24
267.12,167.032,65.104,369.15,0.0,0.0,0.0,61.9,193.24
267.16,167.023,65.118,369.39,0.0,0.0,0.0,61.89,193.24
267.22,167.008,65.14,369.75,0.0,0.0,0.0,61.89,193.25
267.28,166.994,65.162,370.11,0.0,0.0,0.0,61.88,193.25
267.32,166.985,65.177,370.35,0.0,0.0,0.0,61.88,193.25
267.36,166.975,65.192,370.6,0.0,0.0,0.0,61.87,193.26
267.42,166.961,65.214,370.96,0.0,0.0,0.0,61.87,193.26
267.48,166.946,65.236,371.32,0.0,0.0,0.0,61.86,193.26
267.52,166.936,65.25,371.56,0.0,0.0,0.0,61.86,193.27
267.56,166.927,65.265,371.81,0.0,0.0,0.0,61.85,193.27
267.62,166.912,65.287,372.17,0.0,0.0,0.0,61.85,193.27
267.68,166.898,65.309,372.54,0.0,0.0,0.0,61.84,193.27
267.72,166.888,65.324,372.78,0.0,0.0,0.0,61.84,193.28
267.78,166.873,65.346,373.15,0.0,0.0,0.0,61.83,193.28
267.84,166.859,65.368,373.51,0.0,0.0,0.0,61.83,193.28
267.88,166.849,65.382,373.76,0.0,0.0,0.0,61.82,193.29
267.92,166.839,65.397,374.0,0.0,0.0,0.0,61.82,193.29
267.98,166.824,65.419,374.37,0.0,0.0,0.0,61.81,193.29
268.04,166.81,65.441,374.74,0.0,0.0,0.0,61.81,193.29
268.08,166.8,65.456,374.98,0.0,0.0,0.0,61.8,193.3
268.12,166.79,65.47,375.23,0.0,0.0,0.0,61.8,193.3
268.18,166.775,65.492,375.6,0.0,0.0,0.0,61.79,193.3
268.24,166.76,65.514,375.97,0.0,0.0,0.0,61.79,193.31
268.28,166.75,65.529,376.21,0.0,0.0,0.0,61.78,193.31
268.34,166.735,65.551,376.58,0.0,0.0,0.0,61.78,193.31
268.38,166.725,65.566,376.83,0.0,0.0,0.0,61.77,193.31
268.42,166.715,65.58,377.08,0.0,0.0,0.0,61.77,193.32
268.48,166.7,65.602,377.45,0.0,0.0,0.0,61.77,193.32
268.54,166.685,65.624,377.82,0.0,0.0,0.0,61.76,193.32
268.58,166.675,65.639,378.07,0.0,0.0,0.0,61.76,193.33
268.62,166.665,65.654,378.32,0.0,0.0,0.0,61.75,193.33
268.68,166.65,65.676,378.69,0.0,0.0,0.0,61.75,193.33
268.74,166.635,65.698,379.06,0.0,0.0,0.0,61.74,193.33
268.78,166.625,65.712,379.31,0.0,0.0,0.0,61.74,193.34
268.82,166.615,65.727,379.56,0.0,0.0,0.0,61.73,193.34
268.88,166.599,65.749,379.94,0.0,0.0,0.0,61.73,193.34
268.94,166.584,65.771,380.31,0.0,0.0,0.0,61.72,193.35
268.98,166.574,65.786,380.56,0.0,0.0,0.0,61.72,193.35
269.02,166.564,65.8,380.81,0.0,0.0,0.0,61.71,193.35
269.08,166.548,65.822,381.19,0.0,0.0,0.0,61.71,193.35
269.14,166.533,65.844,381.57,0.0,0.0,0.0,61.7,193.36
269.18,166.523,65.859,381.82,0.0,0.0,0.0,61.7,193.36
269.24,166.507,65.881,382.19,0.0,0.0,0.0,61.69,193.36
269.28,166.497,65.896,382.45,0.0,0.0,0.0,61.69,193.37
269.34,166.481,65.918,382.82,0.0,0.0,0.0,61.68,193.37
269.38,166.471,65.932,383.08,0.0,0.0,0.0,61.68,193.37
269.44,166.455,65.954,383.45,0.0,0.0,0.0,61.67,193.37
269.48,166.445,65.969,383.71,0.0,0.0,0.0,61.67,193.38
269.54,166.429,65.991,384.09,0.0,0.0,0.0,61.66,193.38
269.58,166.419,66.006,384.34,0.0,0.0,0.0,61.66,193.38
269.64,166.403,66.028,384.72,0.0,0.0,0.0,61.65,193.39
269.68,166.393,66.043,384.97,0.0,0.0,0.0,61.65,193.39
269.74,166.377,66.065,385.35,0.0,0.0,0.0,61.64,193.39
269.78,166.367,66.079,385.61,0.0,0.0,0.0,61.64,193.39
269.84,166.351,66.101,385.99,0.0,0.0,0.0,61.64,193.4
269.88,166.34,66.116,386.24,0.0,0.0,0.0,61.63,193.4
269.94,166.325,66.138,386.63,0.0,0.0,0.0,61.63,193.4
269.98,166.314,66.153,386.88,0.0,0.0,0.0,61.62,193.4
270.04,166.298,66.175,387.26,0.0,0.0,0.0,61.62,193.41
270.08,166.288,66.189,387.52,0.0,0.0,0.0,61.61,193.41
270.14,166.272,66.211,387.9,0.0,0.0,0.0,61.61,193.41
270.18,166.261,66.226,388.16,0.0,0.0,0.0,61.6,193.42
270.24,166.245,66.248,388.54,0.0,0.0,0.0,61.6,193.42
270.3,166.229,66.27,388.93,0.0,0.0,0.0,61.59,193.42
270.34,166.218,66.285,389.19,0.0,0.0,0.0,61.59,193.42
270.4,166.202,66.307,389.57,0.0,0.0,0.0,61.58,193.43
270.44,166.191,66.322,389.83,0.0,0.0,0.0,61.58,193.43
270.48,166.181,66.336,390.09,0.0,0.0,0.0,61.57,193.43
270.54,166.164,66.358,390.47,0.0,0.0,0.0,61.57,193.44
270.6,166.148,66.38,390.86,0.0,0.0,0.0,61.56,193.44
270.64,166.137,66.395,391.12,0.0,0.0,0.0,61.56,193.44
270.68,166.127,66.41,391.38,0.0,0.0,0.0,61.55,193.44
270.74,166.11,66.432,391.76,0.0,0.0,0.0,61.55,193.45
270.8,166.094,66.454,392.15,0.0,0.0,0.0,61.54,193.45
270.84,166.083,66.469,392.41,0.0,0.0,0.0,61.54,193.45
270.88,166.072,66.483,392.67,0.0,0.0,0.0,61.54,193.46
270.94,166.056,66.505,393.06,0.0,0.0,0.0,61.53,193.46
271.0,166.039,66.527,393.45,0.0,0.0,0.0,61.52,193.46
271.04,166.028,66.542,393.71,0.0,0.0,0.0,61.52,193.46
271.1,166.012,66.564,394.1,0.0,0.0,0.0,61.51,193.47
271.16,165.995,66.586,394.49,0.0,0.0,0.0,61.51,193.47
271.2,165.984,66.601,394.75,0.0,0.0,0.0,61.5,193.47
271.24,165.973,66.616,395.01,0.0,0.0,0.0,61.5,193.48
271.3,165.957,66.638,395.4,0.0,0.0,0.0,61.5,193.48
271.34,165.946,66.652,395.67,0.0,0.0,0.0,61.49,193.48
271.4,165.929,66.674,396.06,0.0,0.0,0.0,61.49,193.48
271.44,165.918,66.689,396.32,0.0,0.0,0.0,61.48,193.49
271.5,165.901,66.711,396.71,0.0,0.0,0.0,61.48,193.49
271.56,165.885,66.733,397.11,0.0,0.0,0.0,61.47,193.49
271.6,165.873,66.748,397.37,0.0,0.0,0.0,61.47,193.5
271.64,165.862,66.763,397.63,0.0,0.0,0.0,61.46,193.5
271.7,165.845,66.785,398.03,0.0,0.0,0.0,61.46,193.5
271.74,165.834,66.799,398.29,0.0,0.0,0.0,61.45,193.5
271.8,165.817,66.821,398.68,0.0,0.0,0.0,61.45,193.51
271.84,165.806,66.836,398.95,0.0,0.0,0.0,61.44,193.51
271.9,165.789,66.858,399.34,0.0,0.0,0.0,61.44,193.51
271.94,165.778,66.873,399.61,0.0,0.0,0.0,61.43,193.51
272.0,165.761,66.895,400.0,0.0,0.0,0.0,61.43,193.52
272.06,165.744,66.917,400.4,0.0,0.0,0.0,61.42,193.52
272.1,165.732,66.932,400.67,0.0,0.0,0.0,61.42,193.52
272.14,165.721,66.946,400.93,0.0,0.0,0.0,61.41,193.53
272.2,165.704,66.968,401.33,0.0,0.0,0.0,61.41,193.53
272.26,165.687,66.99,401.73,0.0,0.0,0.0,61.4,193.53
272.3,165.675,67.005,401.99,0.0,0.0,0.0,61.4,193.53
272.34,165.664,67.02,402.26,0.0,0.0,0.0,61.4,193.54
272.4,165.647,67.042,402.66,0.0,0.0,0.0,61.39,193.54
272.46,165.63,67.064,403.06,0.0,0.0,0.0,61.38,193.54
272.5,165.618,67.079,403.32,0.0,0.0,0.0,61.38,193.55
272.54,165.607,67.093,403.59,0.0,0.0,0.0,61.38,193.55
272.6,165.589,67.116,403.99,0.0,0.0,0.0,61.37,193.55
272.66,165.572,67.138,404.39,0.0,0.0,0.0,61.36,193.55
272.7,165.56,67.152,404.66,0.0,0.0,0.0,61.36,193.56
272.76,165.543,67.174,405.06,0.0,0.0,0.0,61.36,193.56
272.8,165.531,67.189,405.32,0.0,0.0,0.0,61.35,193.56
272.86,165.514,67.211,405.73,0.0,0.0,0.0,61.35,193.57
272.9,165.502,67.226,405.99,0.0,0.0,0.0,61.34,193.57
272.96,165.485,67.248,406.4,0.0,0.0,0.0,61.34,193.57
273.0,165.473,67.263,406.67,0.0,0.0,0.0,61.33,193.57
273.06,165.455,67.285,407.07,0.0,0.0,0.0,61.33,193.58
273.1,165.444,67.299,407.34,0.0,0.0,0.0,61.32,193.58
273.16,165.426,67.322,407.74,0.0,0.0,0.0,61.32,193.58
273.2,165.414,67.336,408.01,0.0,0.0,0.0,61.31,193.58
273.26,165.397,67.358,408.41,0.0,0.0,0.0,61.31,193.59
273.3,165.385,67.373,408.68,0.0,0.0,0.0,61.3,193.59
273.36,165.367,67.395,409.09,0.0,0.0,0.0,61.3,193.59
273.42,165.349,67.417,409.49,0.0,0.0,0.0,61.29,193.6
273.46,165.337,67.432,409.77,0.0,0.0,0.0,61.29,193.6
273.5,165.325,67.447,410.04,0.0,0.0,0.0,61.28,193.6
273.56,165.308,67.469,410.44,0.0,0.0,0.0,61.28,193.6
273.62,165.29,67.491,410.85,0.0,0.0,0.0,61.27,193.61
273.66,165.278,67.506,411.12,0.0,0.0,0.0,61.27,193.61
273.7,165.266,67.52,411.39,0.0,0.0,0.0,61.26,193.61
273.76,165.248,67.542,411.8,0.0,0.0,0.0,61.26,193.62
273.8,165.236,67.557,412.07,0.0,0.0,0.0,61.26,193.62
273.86,165.218,67.579,412.48,0.0,0.0,0.0,61.25,193.62
273.9,165.206,67.594,412.75,0.0,0.0,0.0,61.25,193.62
273.96,165.188,67.616,413.16,0.0,0.0,0.0,61.24,193.63
274.02,165.17,67.638,413.57,0.0,0.0,0.0,61.23,193.63
274.06,165.158,67.653,413.84,0.0,0.0,0.0,61.23,193.63
274.1,165.145,67.668,414.11,0.0,0.0,0.0,61.23,193.63
274.16,165.127,67.69,414.52,0.0,0.0,0.0,61.22,193.64
274.22,165.109,67.712,414.93,0.0,0.0,0.0,61.22,193.64
274.26,165.097,67.726,415.21,0.0,0.0,0.0,61.21,193.64
274.32,165.079,67.749,415.62,0.0,0.0,0.0,61.21,193.65
274.36,165.066,67.763,415.89,0.0,0.0,0.0,61.2,193.65
274.42,165.048,67.785,416.3,0.0,0.0,0.0,61.2,193.65
274.46,165.036,67.8,416.58,0.0,0.0,0.0,61.19,193.65
274.52,165.017,67.822,416.99,0.0,0.0,0.0,61.19,193.66
274.56,165.005,67.837,417.26,0.0,0.0,0.0,61.18,193.66
274.62,164.987,67.859,417.67,0.0,0.0,0.0,61.18,193.66
274.66,164.974,67.874,417.95,0.0,0.0,0.0,61.17,193.67
274.72,164.956,67.896,418.36,0.0,0.0,0.0,61.17,193.67
274.76,164.944,67.911,418.64,0.0,0.0,0.0,61.16,193.67
274.82,164.925,67.933,419.05,0.0,0.0,0.0,61.16,193.67
274.86,164.913,67.947,419.33,0.0,0.0,0.0,61.15,193.68
274.92,164.894,67.97,419.74,0.0,0.0,0.0,61.15,193.68
274.98,164.875,67.992,420.16,0.0,0.0,0.0,61.14,193.68
275.02,164.863,68.006,420.43,0.0,0.0,0.0,61.14,193.68
275.06,164.851,68.021,420.71,0.0,0.0,0.0,61.13,193.69
275.12,164.832,68.043,421.12,0.0,0.0,0.0,61.13,193.69
275.16,164.819,68.058,421.4,0.0,0.0,0.0,61.12,193.69
275.22,164.801,68.08,421.82,0.0,0.0,0.0,61.12,193.7
275.26,164.788,68.095,422.09,0.0,0.0,0.0,61.12,193.7
275.32,164.769,68.117,422.51,0.0,0.0,0.0,61.11,193.7
275.36,164.757,68.132,422.79,0.0,0.0,0.0,61.11,193.7
275.42,164.738,68.154,423.2,0.0,0.0,0.0,61.1,193.71
275.48,164.719,68.176,423.62,0.0,0.0,0.0,61.09,193.71
275.52,164.706,68.191,423.9,0.0,0.0,0.0,61.09,193.71
275.58,164.687,68.213,424.32,0.0,0.0,0.0,61.08,193.72
275.62,164.674,68.228,424.6,0.0,0.0,0.0,61.08,193.72
275.68,164.655,68.25,425.01,0.0,0.0,0.0,61.08,193.72
275.72,164.643,68.264,425.29,0.0,0.0,0.0,61.07,193.72
275.78,164.624,68.287,425.71,0.0,0.0,0.0,61.07,193.73
275.82,164.611,68.301,425.99,0.0,0.0,0.0,61.06,193.73
275.88,164.592,68.323,426.41,0.0,0.0,0.0,61.06,193.73
275.92,164.579,68.338,426.69,0.0,0.0,0.0,61.05,193.73
275.98,164.56,68.36,427.11,0.0,0.0,0.0,61.05,193.74
276.02,164.547,68.375,427.39,0.0,0.0,0.0,61.04,193.74
276.08,164.528,68.397,427.81,0.0,0.0,0.0,61.04,193.74
276.12,164.515,68.412,428.09,0.0,0.0,0.0,61.03,193.75
276.18,164.496,68.434,428.51,0.0,0.0,0.0,61.03,193.75
276.22,164.483,68.449,428.79,0.0,0.0,0.0,61.02,193.75
276.28,164.463,68.471,429.21,0.0,0.0,0.0,61.02,193.75
276.32,164.45,68.486,429.5,0.0,0.0,0.0,61.01,193.76
276.38,164.431,68.508,429.92,0.0,0.0,0.0,61.01,193.76
276.42,164.418,68.522,430.2,0.0,0.0,0.0,61.0,193.76
276.48,164.398,68.545,430.62,0.0,0.0,0.0,61.0,193.76
276.52,164.385,68.559,430.9,0.0,0.0,0.0,60.99,193.77
276.58,164.366,68.581,431.33,0.0,0.0,0.0,60.99,193.77
276.62,164.353,68.596,431.61,0.0,0.0,0.0,60.98,193.77
276.68,164.333,68.618,432.03,0.0,0.0,0.0,60.98,193.78
276.74,164.314,68.641,432.46,0.0,0.0,0.0,60.97,193.78
276.78,164.301,68.655,432.74,0.0,0.0,0.0,60.97,193.78
276.82,164.287,68.67,433.02,0.0,0.0,0.0,60.97,193.78
276.88,164.268,68.692,433.45,0.0,0.0,0.0,60.96,193.79
276.94,164.248,68.714,433.87,0.0,0.0,0.0,60.95,193.79
276.98,164.235,68.729,434.15,0.0,0.0,0.0,60.95,193.79
277.02,164.222,68.744,434.44,0.0,0.0,0.0,60.95,193.79
277.08,164.202,68.766,434.86,0.0,0.0,0.0,60.94,193.8
277.12,164.189,68.781,435.15,0.0,0.0,0.0,60.94,193.8
277.18,164.169,68.803,435.57,0.0,0.0,0.0,60.93,193.8
277.24,164.149,68.825,436.0,0.0,0.0,0.0,60.93,193.81
277.28,164.136,68.84,436.28,0.0,0.0,0.0,60.92,193.81
277.34,164.116,68.862,436.71,0.0,0.0,0.0,60.92,193.81
277.38,164.102,68.877,437.0,0.0,0.0,0.0,60.91,193.81
277.44,164.082,68.899,437.42,0.0,0.0,0.0,60.91,193.82
277.48,164.069,68.914,437.71,0.0,0.0,0.0,60.9,193.82
277.52,164.055,68.928,437.99,0.0,0.0,0.0,60.9,193.82
277.58,164.035,68.95,438.42,0.0,0.0,0.0,60.89,193.82
277.64,164.015,68.973,438.85,0.0,0.0,0.0,60.89,193.83
277.68,164.002,68.987,439.14,0.0,0.0,0.0,60.88,193.83
277.74,163.982,69.01,439.56,0.0,0.0,0.0,60.88,193.83
277.78,163.968,69.024,439.85,0.0,0.0,0.0,60.87,193.84
277.84,163.948,69.046,440.28,0.0,0.0,0.0,60.87,193.84
277.88,163.934,69.061,440.57,0.0,0.0,0.0,60.86,193.84
277.94,163.914,69.083,441.0,0.0,0.0,0.0,60.86,193.84
277.98,163.901,69.098,441.28,0.0,0.0,0.0,60.85,193.85
278.02,163.887,69.113,441.57,0.0,0.0,0.0,60.85,193.85
278.08,163.867,69.135,442.0,0.0,0.0,0.0,60.84,193.85
278.14,163.846,69.157,442.43,0.0,0.0,0.0,60.84,193.86
278.18,163.833,69.172,442.72,0.0,0.0,0.0,60.84,193.86
278.24,163.812,69.194,443.15,0.0,0.0,0.0,60.83,193.86
278.28,163.798,69.209,443.44,0.0,0.0,0.0,60.83,193.86
278.34,163.778,69.231,443.87,0.0,0.0,0.0,60.82,193.87
278.38,163.764,69.246,444.16,0.0,0.0,0.0,60.82,193.87
278.44,163.744,69.268,444.59,0.0,0.0,0.0,60.81,193.87
278.48,163.73,69.283,444.88,0.0,0.0,0.0,60.81,193.87
278.54,163.709,69.305,445.31,0.0,0.0,0.0,60.8,193.88
278.58,163.696,69.32,445.6,0.0,0.0,0.0,60.8,193.88
278.64,163.675,69.342,446.03,0.0,0.0,0.0,60.79,193.88
278.7,163.654,69.364,446.47,0.0,0.0,0.0,60.79,193.89
278.74,163.64,69.379,446.75,0.0,0.0,0.0,60.78,193.89
278.78,163.626,69.394,447.04,0.0,0.0,0.0,60.78,193.89
278.84,163.606,69.416,447.48,0.0,0.0,0.0,60.77,193.89
278.9,163.585,69.438,447.91,0.0,0.0,0.0,60.77,193.9
278.94,163.571,69.453,448.2,0.0,0.0,0.0,60.76,193.9
278.98,163.557,69.467,448.49,0.0,0.0,0.0,60.76,193.9
279.04,163.536,69.49,448.93,0.0,0.0,0.0,60.75,193.9
279.1,163.515,69.512,449.36,0.0,0.0,0.0,60.75,193.91
279.14,163.501,69.527,449.65,0.0,0.0,0.0,60.74,193.91
279.18,163.487,69.541,449.94,0.0,0.0,0.0,60.74,193.91
279.24,163.466,69.563,450.38,0.0,0.0,0.0,60.73,193.91
279.3,163.445,69.586,450.82,0.0,0.0,0.0,60.73,193.92
279.34,163.431,69.6,451.11,0.0,0.0,0.0,60.72,193.92
279.4,163.41,69.623,451.54,0.0,0.0,0.0,60.72,193.92
279.44,163.396,69.637,451.83,0.0,0.0,0.0,60.71,193.93
279.5,163.375,69.66,452.27,0.0,0.0,0.0,60.71,193.93
279.54,163.361,69.674,452.56,0.0,0.0,0.0,60.7,193.93
279.6,163.339,69.697,453.0,0.0,0.0,0.0,60.7,193.93
279.64,163.325,69.711,453.29,0.0,0.0,0.0,60.7,193.94
279.68,163.311,69.726,453.58,0.0,0.0,0.0,60.69,193.94
279.74,163.29,69.748,454.02,0.0,0.0,0.0,60.69,193.94
279.8,163.268,69.77,454.46,0.0,0.0,0.0,60.68,193.94
279.84,163.254,69.785,454.75,0.0,0.0,0.0,60.68,193.95
279.9,163.233,69.807,455.19,0.0,0.0,0.0,60.67,193.95
279.94,163.218,69.822,455.49,0.0,0.0,0.0,60.67,193.95
280.0,163.197,69.844,455.93,0.0,0.0,0.0,60.66,193.96
280.04,163.183,69.859,456.22,0.0,0.0,0.0,60.66,193.96
280.1,163.161,69.881,456.66,0.0,0.0,0.0,60.65,193.96
280.14,163.147,69.896,456.95,0.0,0.0,0.0,60.65,193.96
280.2,163.125,69.918,457.39,0.0,0.0,0.0,60.64,193.97
280.26,163.104,69.94,457.83,0.0,0.0,0.0,60.64,193.97
280.3,163.089,69.955,458.13,0.0,0.0,0.0,60.63,193.97
280.34,163.075,69.97,458.42,0.0,0.0,0.0,60.63,193.97
280.4,163.053,69.992,458.86,0.0,0.0,0.0,60.62,193.98
280.46,163.031,70.014,459.3,0.0,0.0,0.0,60.62,193.98
280.5,163.017,70.029,459.6,0.0,0.0,0.0,60.61,193.98
280.54,163.002,70.044,459.89,0.0,0.0,0.0,60.61,193.98
280.6,162.981,70.066,460.33,0.0,0.0,0.0,60.6,193.99
280.66,162.959,70.088,460.78,0.0,0.0,0.0,60.6,193.99
280.7,162.944,70.103,461.07,0.0,0.0,0.0,60.59,193.99
280.74,162.93,70.118,461.37,0.0,0.0,0.0,60.59,194.0
280.8,162.908,70.14,461.81,0.0,0.0,0.0,60.58,194.0
280.86,162.886,70.162,462.25,0.0,0.0,0.0,60.58,194.0
280.9,162.871,70.177,462.55,0.0,0.0,0.0,60.57,194.0
280.96,162.849,70.199,462.99,0.0,0.0,0.0,60.57,194.01
281.0,162.835,70.214,463.29,0.0,0.0,0.0,60.56,194.01
281.06,162.813,70.236,463.73,0.0,0.0,0.0,60.56,194.01
281.1,162.798,70.251,464.03,0.0,0.0,0.0,60.56,194.01
281.16,162.776,70.273,464.47,0.0,0.0,0.0,60.55,194.02
281.2,162.761,70.288,464.77,0.0,0.0,0.0,60.55,194.02
281.26,162.739,70.31,465.21,0.0,0.0,0.0,60.54,194.02
281.3,162.724,70.325,465.51,0.0,0.0,0.0,60.54,194.03
281.36,162.702,70.347,465.95,0.0,0.0,0.0,60.53,194.03
281.4,162.687,70.362,466.25,0.0,0.0,0.0,60.53,194.03
281.46,162.665,70.384,466.7,0.0,0.0,0.0,60.52,194.03
281.5,162.65,70.399,466.99,0.0,0.0,0.0,60.52,194.04
281.56,162.628,70.421,467.44,0.0,0.0,0.0,60.51,194.04
281.6,162.613,70.436,467.74,0.0,0.0,0.0,60.51,194.04
281.66,162.59,70.458,468.18,0.0,0.0,0.0,60.5,194.04
281.7,162.575,70.473,468.48,0.0,0.0,0.0,60.5,194.05
281.76,162.553,70.495,468.93,0.0,0.0,0.0,60.49,194.05
281.8,162.538,70.51,469.23,0.0,0.0,0.0,60.49,194.05
281.86,162.516,70.532,469.67,0.0,0.0,0.0,60.48,194.06
281.92,162.493,70.555,470.12,0.0,0.0,0.0,60.48,194.06
281.96,162.478,70.569,470.42,0.0,0.0,0.0,60.47,194.06
282.0,162.463,70.584,470.72,0.0,0.0,0.0,60.47,194.06
282.06,162.44,70.606,471.17,0.0,0.0,0.0,60.46,194.07
282.12,162.418,70.629,471.62,0.0,0.0,0.0,60.46,194.07
282.16,162.403,70.643,471.91,0.0,0.0,0.0,60.45,194.07
282.2,162.387,70.658,472.21,0.0,0.0,0.0,60.45,194.07
282.26,162.365,70.68,472.66,0.0,0.0,0.0,60.44,194.08
282.32,162.342,70.703,473.11,0.0,0.0,0.0,60.44,194.08
282.36,162.327,70.717,473.41,0.0,0.0,0.0,60.43,194.08
282.4,162.312,70.732,473.71,0.0,0.0,0.0,60.43,194.08
282.46,162.289,70.754,474.16,0.0,0.0,0.0,60.42,194.09
282.52,162.266,70.777,474.61,0.0,0.0,0.0,60.42,194.09
282.56,162.251,70.792,474.91,0.0,0.0,0.0,60.41,194.09
282.6,162.235,70.806,475.21,0.0,0.0,0.0,60.41,194.09
282.66,162.213,70.829,475.66,0.0,0.0,0.0,60.41,194.1
282.72,162.19,70.851,476.11,0.0,0.0,0.0,60.4,194.1
282.76,162.174,70.866,476.41,0.0,0.0,0.0,60.4,194.1
282.82,162.151,70.888,476.86,0.0,0.0,0.0,60.39,194.11
282.86,162.136,70.903,477.16,0.0,0.0,0.0,60.39,194.11
282.92,162.113,70.925,477.62,0.0,0.0,0.0,60.38,194.11
282.96,162.097,70.94,477.92,0.0,0.0,0.0,60.38,194.11
283.02,162.074,70.962,478.37,0.0,0.0,0.0,60.37,194.12
283.06,162.059,70.977,478.67,0.0,0.0,0.0,60.37,194.12
283.12,162.036,70.999,479.12,0.0,0.0,0.0,60.36,194.12
283.16,162.02,71.014,479.42,0.0,0.0,0.0,60.36,194.12
283.22,161.997,71.036,479.88,0.0,0.0,0.0,60.35,194.13
283.26,161.981,71.051,480.18,0.0,0.0,0.0,60.35,194.13
283.32,161.958,71.073,480.63,0.0,0.0,0.0,60.34,194.13
283.36,161.943,71.088,480.93,0.0,0.0,0.0,60.34,194.13
283.42,161.919,71.11,481.39,0.0,0.0,0.0,60.33,194.14
283.46,161.904,71.125,481.69,0.0,0.0,0.0,60.33,194.14
283.52,161.88,71.147,482.14,0.0,0.0,0.0,60.32,194.14
283.58,161.857,71.169,482.6,0.0,0.0,0.0,60.32,194.15
283.62,161.841,71.184,482.9,0.0,0.0,0.0,60.31,194.15
283.66,161.825,71.199,483.2,0.0,0.0,0.0,60.31,194.15
283.72,161.802,71.221,483.66,0.0,0.0,0.0,60.3,194.15
283.76,161.786,71.236,483.96,0.0,0.0,0.0,60.3,194.16
283.82,161.763,71.258,484.41,0.0,0.0,0.0,60.29,194.16
283.88,161.739,71.28,484.87,0.0,0.0,0.0,60.29,194.16
283.92,161.723,71.295,485.17,0.0,0.0,0.0,60.28,194.16
283.96,161.707,71.31,485.48,0.0,0.0,0.0,60.28,194.17
284.02,161.684,71.332,485.93,0.0,0.0,0.0,60.27,194.17
284.08,161.66,71.355,486.39,0.0,0.0,0.0,60.27,194.17
284.12,161.644,71.369,486.69,0.0,0.0,0.0,60.27,194.17
284.16,161.628,71.384,487.0,0.0,0.0,0.0,60.26,194.18
284.22,161.605,71.407,487.45,0.0,0.0,0.0,60.26,194.18
284.28,161.581,71.429,487.91,0.0,0.0,0.0,60.25,194.18
284.32,161.565,71.444,488.21,0.0,0.0,0.0,60.25,194.19
284.36,161.549,71.458,488.52,0.0,0.0,0.0,60.24,194.19
284.42,161.525,71.481,488.98,0.0,0.0,0.0,60.24,194.19
284.46,161.509,71.495,489.28,0.0,0.0,0.0,60.23,194.19
284.52,161.485,71.518,489.74,0.0,0.0,0.0,60.23,194.2
284.56,161.469,71.533,490.04,0.0,0.0,0.0,60.22,194.2
284.62,161.445,71.555,490.5,0.0,0.0,0.0,60.22,194.2
284.68,161.421,71.577,490.96,0.0,0.0,0.0,60.21,194.2
284.72,161.405,71.592,491.26,0.0,0.0,0.0,60.21,194.21
284.78,161.381,71.614,491.72,0.0,0.0,0.0,60.2,194.21
284.82,161.365,71.629,492.03,0.0,0.0,0.0,60.2,194.21
284.88,161.34,71.651,492.49,0.0,0.0,0.0,60.19,194.21
284.92,161.324,71.666,492.79,0.0,0.0,0.0,60.19,194.22
284.98,161.3,71.688,493.25,0.0,0.0,0.0,60.18,194.22
285.02,161.284,71.703,493.56,0.0,0.0,0.0,60.18,194.22
285.08,161.26,71.725,494.02,0.0,0.0,0.0,60.17,194.23
285.12,161.243,71.74,494.32,0.0,0.0,0.0,60.17,194.23
285.18,161.219,71.762,494.78,0.0,0.0,0.0,60.16,194.23
285.22,161.203,71.777,495.09,0.0,0.0,0.0,60.16,194.23
285.28,161.178,71.8,495.55,0.0,0.0,0.0,60.15,194.24
285.32,161.162,71.814,495.86,0.0,0.0,0.0,60.15,194.24
285.38,161.138,71.837,496.32,0.0,0.0,0.0,60.14,194.24
285.42,161.121,71.851,496.62,0.0,0.0,0.0,60.14,194.24
285.48,161.097,71.874,497.08,0.0,0.0,0.0,60.13,194.25
285.54,161.072,71.896,497.55,0.0,0.0,0.0,60.13,194.25
285.58,161.056,71.911,497.85,0.0,0.0,0.0,60.12,194.25
285.62,161.04,71.926,498.16,0.0,0.0,0.0,60.12,194.25
285.68,161.015,71.948,498.62,0.0,0.0,0.0,60.12,194.26
285.74,160.99,71.97,499.08,0.0,0.0,0.0,60.11,194.26
285.78,160.974,71.985,499.39,0.0,0.0,0.0,60.11,194.26
285.82,160.957,72.0,499.7,0.0,0.0,0.0,60.1,194.26
285.88,160.933,72.022,500.16,0.0,0.0,0.0,60.1,194.27
285.94,160.908,72.044,500.62,0.0,0.0,0.0,60.09,194.27
285.98,160.891,72.059,500.93,0.0,0.0,0.0,60.09,194.27
286.02,160.875,72.074,501.24,0.0,0.0,0.0,60.08,194.27
286.08,160.85,72.096,501.7,0.0,0.0,0.0,60.08,194.28
286.14,160.825,72.119,502.17,0.0,0.0,0.0,60.07,194.28
286.18,160.808,72.133,502.48,0.0,0.0,0.0,60.07,194.28
286.24,160.784,72.156,502.94,0.0,0.0,0.0,60.06,194.29
286.28,160.767,72.171,503.25,0.0,0.0,0.0,60.06,194.29
286.34,160.742,72.193,503.71,0.0,0.0,0.0,60.05,194.29
286.38,160.725,72.208,504.02,0.0,0.0,0.0,60.05,194.29
286.4,160.717,72.215,504.18,0.0,0.0,0.0,60.05,194.29
286.4,160.709,72.23,504.49,0.0,0.0,0.0,60.04,194.3
286.48,160.683,72.245,504.79,0.0,0.0,0.0,60.04,194.3
286.54,160.658,72.267,505.26,0.0,0.0,0.0,60.03,194.3
286.58,160.642,72.282,505.57,0.0,0.0,0.0,60.03,194.3
286.64,160.616,72.304,506.03,0.0,0.0,0.0,60.02,194.31
286.68,160.6,72.319,506.34,0.0,0.0,0.0,60.02,194.31
286.72,160.583,72.334,506.65,0.0,0.0,0.0,60.02,194.31
286.78,160.558,72.356,507.12,0.0,0.0,0.0,60.01,194.31
286.84,160.532,72.378,507.58,0.0,0.0,0.0,60.0,194.32
286.88,160.515,72.393,507.89,0.0,0.0,0.0,60.0,194.32
286.94,160.49,72.416,508.36,0.0,0.0,0.0,59.99,194.32
286.98,160.473,72.43,508.67,0.0,0.0,0.0,59.99,194.32
287.04,160.448,72.453,509.14,0.0,0.0,0.0,59.98,194.33
287.08,160.431,72.468,509.45,0.0,0.0,0.0,59.98,194.33
287.14,160.406,72.49,509.91,0.0,0.0,0.0,59.98,194.33
287.18,160.389,72.505,510.22,0.0,0.0,0.0,59.97,194.33
287.24,160.363,72.527,510.69,0.0,0.0,0.0,59.97,194.34
287.3,160.338,72.549,511.16,0.0,0.0,0.0,59.96,194.34
287.34,160.32,72.564,511.47,0.0,0.0,0.0,59.96,194.34
287.38,160.303,72.579,511.78,0.0,0.0,0.0,59.95,194.35
287.44,160.278,72.601,512.25,0.0,0.0,0.0,59.95,194.35
287.48,160.261,72.616,512.56,0.0,0.0,0.0,59.94,194.35
287.54,160.235,72.638,513.03,0.0,0.0,0.0,59.94,194.35
287.58,160.218,72.653,513.34,0.0,0.0,0.0,59.93,194.36
287.64,160.192,72.676,513.81,0.0,0.0,0.0,59.93,194.36
287.68,160.175,72.69,514.12,0.0,0.0,0.0,59.92,194.36
287.74,160.149,72.713,514.59,0.0,0.0,0.0,59.92,194.36
287.8,160.123,72.735,515.05,0.0,0.0,0.0,59.91,194.37
287.84,160.106,72.75,515.37,0.0,0.0,0.0,59.91,194.37
287.88,160.089,72.765,515.68,0.0,0.0,0.0,59.9,194.37
287.94,160.063,72.787,516.15,0.0,0.0,0.0,59.9,194.37
287.98,160.046,72.802,516.46,0.0,0.0,0.0,59.89,194.38
288.04,160.02,72.824,516.93,0.0,0.0,0.0,59.89,194.38
288.1,159.994,72.846,517.4,0.0,0.0,0.0,59.88,194.38
288.14,159.977,72.861,517.71,0.0,0.0,0.0,59.88,194.38
288.18,159.959,72.876,518.02,0.0,0.0,0.0,59.88,194.39
288.24,159.933,72.898,518.49,0.0,0.0,0.0,59.87,194.39
288.3,159.907,72.921,518.96,0.0,0.0,0.0,59.86,194.39
288.34,159.89,72.936,519.28,0.0,0.0,0.0,59.86,194.4
288.4,159.864,72.958,519.75,0.0,0.0,0.0,59.85,194.4
288.44,159.846,72.973,520.06,0.0,0.0,0.0,59.85,194.4
288.5,159.82,72.995,520.53,0.0,0.0,0.0,59.84,194.4
288.54,159.802,73.01,520.85,0.0,0.0,0.0,59.84,194.41
288.6,159.776,73.032,521.32,0.0,0.0,0.0,59.83,194.41
288.64,159.759,73.047,521.63,0.0,0.0,0.0,59.83,194.41
288.7,159.732,73.069,522.1,0.0,0.0,0.0,59.83,194.41
288.74,159.715,73.084,522.42,0.0,0.0,0.0,59.82,194.42
288.8,159.688,73.107,522.89,0.0,0.0,0.0,59.82,194.42
288.84,159.671,73.121,523.2,0.0,0.0,0.0,59.81,194.42
288.9,159.644,73.144,523.67,0.0,0.0,0.0,59.81,194.42
288.94,159.627,73.159,523.99,0.0,0.0,0.0,59.8,194.43
289.0,159.6,73.181,524.46,0.0,0.0,0.0,59.8,194.43
289.04,159.583,73.196,524.77,0.0,0.0,0.0,59.79,194.43
289.1,159.556,73.218,525.25,0.0,0.0,0.0,59.79,194.43
289.14,159.538,73.233,525.56,0.0,0.0,0.0,59.78,194.44
289.2,159.512,73.255,526.03,0.0,0.0,0.0,59.78,194.44
289.24,159.494,73.27,526.35,0.0,0.0,0.0,59.77,194.44
289.3,159.467,73.292,526.82,0.0,0.0,0.0,59.77,194.44
289.34,159.45,73.307,527.14,0.0,0.0,0.0,59.76,194.45
289.4,159.423,73.33,527.61,0.0,0.0,0.0,59.76,194.45
289.46,159.396,73.352,528.08,0.0,0.0,0.0,59.75,194.45
289.5,159.378,73.367,528.4,0.0,0.0,0.0,59.75,194.45
289.54,159.361,73.382,528.72,0.0,0.0,0.0,59.74,194.46
289.6,159.334,73.404,529.19,0.0,0.0,0.0,59.74,194.46
289.66,159.307,73.426,529.66,0.0,0.0,0.0,59.73,194.46
289.7,159.289,73.441,529.98,0.0,0.0,0.0,59.73,194.47
289.74,159.271,73.456,530.29,0.0,0.0,0.0,59.73,194.47
289.8,159.244,73.478,530.77,0.0,0.0,0.0,59.72,194.47
289.86,159.217,73.501,531.24,0.0,0.0,0.0,59.71,194.47
289.9,159.199,73.516,531.56,0.0,0.0,0.0,59.71,194.48
289.94,159.181,73.531,531.88,0.0,0.0,0.0,59.71,194.48
290.0,159.154,73.553,532.35,0.0,0.0,0.0,59.7,194.48
290.06,159.127,73.575,532.83,0.0,0.0,0.0,59.69,194.48
290.1,159.109,73.59,533.14,0.0,0.0,0.0,59.69,194.49
290.16,159.082,73.612,533.62,0.0,0.0,0.0,59.68,194.49
290.2,159.064,73.627,533.94,0.0,0.0,0.0,59.68,194.49
290.26,159.037,73.65,534.41,0.0,0.0,0.0,59.68,194.49
290.3,159.018,73.664,534.73,0.0,0.0,0.0,59.67,194.5
290.36,158.991,73.687,535.2,0.0,0.0,0.0,59.67,194.5
290.4,158.973,73.702,535.52,0.0,0.0,0.0,59.66,194.5
290.46,158.946,73.724,536.0,0.0,0.0,0.0,59.66,194.5
290.5,158.928,73.739,536.31,0.0,0.0,0.0,59.65,194.51
290.56,158.9,73.761,536.79,0.0,0.0,0.0,59.65,194.51
290.6,158.882,73.776,537.11,0.0,0.0,0.0,59.64,194.51
290.66,158.854,73.798,537.59,0.0,0.0,0.0,59.64,194.51
290.7,158.836,73.813,537.9,0.0,0.0,0.0,59.63,194.52
290.76,158.809,73.836,538.38,0.0,0.0,0.0,59.63,194.52
290.8,158.79,73.85,538.7,0.0,0.0,0.0,59.62,194.52
290.86,158.763,73.873,539.18,0.0,0.0,0.0,59.62,194.52
290.9,158.745,73.888,539.49,0.0,0.0,0.0,59.61,194.53
290.96,158.717,73.91,539.97,0.0,0.0,0.0,59.61,194.53
291.0,158.699,73.925,540.29,0.0,0.0,0.0,59.6,194.53
291.06,158.671,73.947,540.77,0.0,0.0,0.0,59.6,194.53
291.1,158.652,73.962,541.09,0.0,0.0,0.0,59.59,194.54
291.16,158.625,73.984,541.56,0.0,0.0,0.0,59.59,194.54
291.2,158.606,73.999,541.88,0.0,0.0,0.0,59.58,194.54
291.26,158.579,74.022,542.36,0.0,0.0,0.0,59.58,194.55
291.3,158.56,74.037,542.68,0.0,0.0,0.0,59.58,194.55
291.36,158.532,74.059,543.16,0.0,0.0,0.0,59.57,194.55
291.4,158.514,74.074,543.48,0.0,0.0,0.0,59.57,194.55
291.46,158.486,74.096,543.96,0.0,0.0,0.0,59.56,194.56
291.5,158.467,74.111,544.28,0.0,0.0,0.0,59.56,194.56
291.56,158.439,74.133,544.76,0.0,0.0,0.0,59.55,194.56
291.62,158.411,74.156,545.23,0.0,0.0,0.0,59.54,194.56
291.66,158.393,74.171,545.55,0.0,0.0,0.0,59.54,194.57
291.7,158.374,74.186,545.87,0.0,0.0,0.0,59.54,194.57
291.76,158.346,74.208,546.35,0.0,0.0,0.0,59.53,194.57
291.82,158.318,74.23,546.83,0.0,0.0,0.0,59.53,194.57
291.86,158.299,74.245,547.15,0.0,0.0,0.0,59.52,194.58
291.92,158.271,74.267,547.63,0.0,0.0,0.0,59.52,194.58
291.96,158.252,74.282,547.95,0.0,0.0,0.0,59.51,194.58
292.02,158.224,74.305,548.43,0.0,0.0,0.0,59.51,194.58
292.06,158.206,74.32,548.75,0.0,0.0,0.0,59.5,194.59
292.1,158.187,74.334,549.07,0.0,0.0,0.0,59.5,194.59
292.16,158.158,74.357,549.55,0.0,0.0,0.0,59.49,194.59
292.22,158.13,74.379,550.04,0.0,0.0,0.0,59.49,194.59
292.26,158.111,74.394,550.36,0.0,0.0,0.0,59.48,194.6
292.32,158.083,74.416,550.84,0.0,0.0,0.0,59.48,194.6
292.36,158.064,74.431,551.16,0.0,0.0,0.0,59.47,194.6
292.42,158.036,74.454,551.64,0.0,0.0,0.0,59.47,194.6
292.46,158.017,74.469,551.96,0.0,0.0,0.0,59.46,194.61
292.52,157.988,74.491,552.44,0.0,0.0,0.0,59.46,194.61
292.58,157.96,74.513,552.92,0.0,0.0,0.0,59.45,194.61
292.62,157.941,74.528,553.25,0.0,0.0,0.0,59.45,194.61
292.66,157.922,74.543,553.57,0.0,0.0,0.0,59.44,194.62
292.72,157.893,74.565,554.05,0.0,0.0,0.0,59.44,194.62
292.78,157.865,74.588,554.53,0.0,0.0,0.0,59.43,194.62
292.82,157.846,74.603,554.85,0.0,0.0,0.0,59.43,194.62
292.86,157.826,74.618,555.17,0.0,0.0,0.0,59.43,194.63
292.92,157.798,74.64,555.66,0.0,0.0,0.0,59.42,194.63
292.98,157.769,74.662,556.14,0.0,0.0,0.0,59.41,194.63
293.02,157.75,74.677,556.46,0.0,0.0,0.0,59.41,194.63
293.06,157.731,74.692,556.78,0.0,0.0,0.0,59.41,194.64
293.12,157.702,74.715,557.27,0.0,0.0,0.0,59.4,194.64
293.18,157.673,74.737,557.75,0.0,0.0,0.0,59.39,194.64
293.22,157.654,74.752,558.07,0.0,0.0,0.0,59.39,194.64
293.26,157.635,74.767,558.39,0.0,0.0,0.0,59.39,194.65
293.32,157.606,74.789,558.88,0.0,0.0,0.0,59.38,194.65
293.38,157.577,74.811,559.36,0.0,0.0,0.0,59.38,194.65
293.42,157.558,74.826,559.68,0.0,0.0,0.0,59.37,194.66
293.46,157.538,74.841,560.01,0.0,0.0,0.0,59.37,194.66
293.52,157.509,74.864,560.49,0.0,0.0,0.0,59.36,194.66
293.58,157.48,74.886,560.97,0.0,0.0,0.0,59.36,194.66
293.62,157.461,74.901,561.3,0.0,0.0,0.0,59.35,194.67
293.68,157.432,74.923,561.78,0.0,0.0,0.0,59.35,194.67
293.72,157.412,74.938,562.11,0.0,0.0,0.0,59.34,194.67
293.78,157.383,74.961,562.59,0.0,0.0,0.0,59.34,194.67
293.82,157.364,74.975,562.91,0.0,0.0,0.0,59.33,194.68
293.88,157.334,74.998,563.4,0.0,0.0,0.0,59.33,194.68
293.92,157.315,75.013,563.72,0.0,0.0,0.0,59.32,194.68
293.98,157.286,75.035,564.21,0.0,0.0,0.0,59.32,194.68
294.02,157.266,75.05,564.53,0.0,0.0,0.0,59.31,194.69
294.08,157.237,75.072,565.02,0.0,0.0,0.0,59.31,194.69
294.12,157.217,75.087,565.34,0.0,0.0,0.0,59.3,194.69
294.18,157.188,75.11,565.82,0.0,0.0,0.0,59.3,194.69
294.22,157.168,75.125,566.15,0.0,0.0,0.0,59.29,194.7
294.28,157.139,75.147,566.63,0.0,0.0,0.0,59.29,194.7
294.32,157.119,75.162,566.96,0.0,0.0,0.0,59.29,194.7
294.38,157.09,75.184,567.44,0.0,0.0,0.0,59.28,194.7
294.42,157.07,75.199,567.77,0.0,0.0,0.0,59.28,194.71
294.48,157.041,75.222,568.26,0.0,0.0,0.0,59.27,194.71
294.52,157.021,75.236,568.58,0.0,0.0,0.0,59.27,194.71
294.58,156.991,75.259,569.07,0.0,0.0,0.0,59.26,194.71
294.62,156.972,75.274,569.39,0.0,0.0,0.0,59.26,194.72
294.68,156.942,75.296,569.88,0.0,0.0,0.0,59.25,194.72
294.74,156.912,75.319,570.36,0.0,0.0,0.0,59.24,194.72
294.78,156.892,75.333,570.69,0.0,0.0,0.0,59.24,194.72
294.82,156.873,75.348,571.01,0.0,0.0,0.0,59.24,194.73
294.88,156.843,75.371,571.5,0.0,0.0,0.0,59.23,194.73
294.94,156.813,75.393,571.99,0.0,0.0,0.0,59.23,194.73
294.98,156.793,75.408,572.31,0.0,0.0,0.0,59.22,194.73
295.04,156.763,75.43,572.8,0.0,0.0,0.0,59.22,194.74
295.08,156.743,75.445,573.13,0.0,0.0,0.0,59.21,194.74
295.12,156.723,75.46,573.45,0.0,0.0,0.0,59.21,194.74
295.18,156.693,75.483,573.94,0.0,0.0,0.0,59.2,194.74
295.24,156.663,75.505,574.43,0.0,0.0,0.0,59.2,194.75
295.28,156.643,75.52,574.75,0.0,0.0,0.0,59.19,194.75
295.32,156.623,75.535,575.08,0.0,0.0,0.0,59.19,194.75
295.38,156.593,75.557,575.57,0.0,0.0,0.0,59.18,194.75
295.44,156.563,75.58,576.06,0.0,0.0,0.0,59.18,194.76
295.48,156.543,75.595,576.38,0.0,0.0,0.0,59.17,194.76
295.52,156.523,75.61,576.71,0.0,0.0,0.0,59.17,194.76
295.58,156.493,75.632,577.2,0.0,0.0,0.0,59.16,194.76
295.64,156.463,75.654,577.68,0.0,0.0,0.0,59.16,194.77
295.68,156.443,75.669,578.01,0.0,0.0,0.0,59.15,194.77
295.74,156.412,75.692,578.5,0.0,0.0,0.0,59.15,194.77
295.78,156.392,75.707,578.83,0.0,0.0,0.0,59.14,194.77
295.84,156.362,75.729,579.32,0.0,0.0,0.0,59.14,194.78
295.88,156.342,75.744,579.64,0.0,0.0,0.0,59.13,194.78
295.94,156.311,75.766,580.13,0.0,0.0,0.0,59.13,194.78
295.98,156.291,75.781,580.46,0.0,0.0,0.0,59.13,194.78
296.02,156.271,75.796,580.79,0.0,0.0,0.0,59.12,194.79
296.08,156.24,75.819,581.28,0.0,0.0,0.0,59.12,194.79
296.12,156.22,75.834,581.6,0.0,0.0,0.0,59.11,194.79
296.18,156.19,75.856,582.09,0.0,0.0,0.0,59.11,194.79
296.24,156.159,75.878,582.58,0.0,0.0,0.0,59.1,194.8
296.3,156.128,75.901,583.07,0.0,0.0,0.0,59.09,194.8
296.34,156.108,75.916,583.4,0.0,0.0,0.0,59.09,194.8
296.38,156.088,75.931,583.73,0.0,0.0,0.0,59.09,194.8
296.44,156.057,75.953,584.22,0.0,0.0,0.0,59.08,194.81
296.5,156.026,75.975,584.71,0.0,0.0,0.0,59.08,194.81
296.52,156.016,75.983,584.87,0.0,0.0,0.0,59.07,194.81
296.6,155.975,76.013,585.53,0.0,0.0,0.0,59.07,194.81
296.64,155.955,76.028,585.85,0.0,0.0,0.0,59.06,194.82
296.68,155.934,76.043,586.18,0.0,0.0,0.0,59.06,194.82
296.72,155.914,76.058,586.51,0.0,0.0,0.0,59.05,194.82
296.78,155.883,76.08,587.0,0.0,0.0,0.0,59.05,194.82
296.84,155.852,76.102,587.49,0.0,0.0,0.0,59.04,194.83
296.88,155.831,76.117,587.82,0.0,0.0,0.0,59.04,194.83
296.92,155.811,76.132,588.15,0.0,0.0,0.0,59.03,194.83
296.98,155.78,76.155,588.64,0.0,0.0,0.0,59.03,194.83
297.04,155.749,76.177,589.13,0.0,0.0,0.0,59.02,194.84
297.08,155.728,76.192,589.46,0.0,0.0,0.0,59.02,194.84
297.14,155.697,76.214,589.95,0.0,0.0,0.0,59.01,194.84
297.18,155.676,76.229,590.28,0.0,0.0,0.0,59.01,194.84
297.24,155.645,76.252,590.77,0.0,0.0,0.0,59.0,194.85
297.28,155.625,76.267,591.1,0.0,0.0,0.0,59.0,194.85
297.34,155.593,76.289,591.59,0.0,0.0,0.0,58.99,194.85
297.4,155.562,76.312,592.09,0.0,0.0,0.0,58.99,194.85
297.44,155.541,76.327,592.42,0.0,0.0,0.0,58.98,194.86
297.46,155.531,76.334,592.58,0.0,0.0,0.0,58.98,194.86
297.46,155.521,76.349,592.91,0.0,0.0,0.0,58.98,194.86
297.54,155.489,76.364,593.24,0.0,0.0,0.0,58.98,194.86
297.58,155.468,76.379,593.57,0.0,0.0,0.0,58.97,194.86
297.64,155.437,76.401,594.06,0.0,0.0,0.0,58.97,194.87
297.7,155.406,76.424,594.55,0.0,0.0,0.0,58.96,194.87
297.74,155.385,76.439,594.88,0.0,0.0,0.0,58.96,194.87
297.78,155.364,76.454,595.21,0.0,0.0,0.0,58.95,194.87
297.84,155.333,76.476,595.7,0.0,0.0,0.0,58.95,194.88
297.9,155.301,76.498,596.2,0.0,0.0,0.0,58.94,194.88
297.94,155.28,76.513,596.53,0.0,0.0,0.0,58.94,194.88
297.98,155.259,76.528,596.86,0.0,0.0,0.0,58.93,194.88
298.04,155.228,76.551,597.35,0.0,0.0,0.0,58.93,194.89
298.1,155.196,76.573,597.85,0.0,0.0,0.0,58.92,194.89
298.14,155.175,76.588,598.18,0.0,0.0,0.0,58.92,194.89
298.18,155.154,76.603,598.5,0.0,0.0,0.0,58.91,194.89
298.24,155.122,76.625,599.0,0.0,0.0,0.0,58.91,194.9
298.3,155.091,76.648,599.49,0.0,0.0,0.0,58.9,194.9
298.34,155.069,76.663,599.82,0.0,0.0,0.0,58.9,194.9
298.38,155.048,76.678,600.15,0.0,0.0,0.0,58.89,194.9
298.44,155.016,76.7,600.65,0.0,0.0,0.0,58.89,194.91
298.5,154.985,76.723,601.14,0.0,0.0,0.0,58.88,194.91
298.54,154.963,76.738,601.47,0.0,0.0,0.0,58.88,194.91
298.6,154.932,76.76,601.97,0.0,0.0,0.0,58.87,194.91
298.64,154.91,76.775,602.3,0.0,0.0,0.0,58.87,194.92
298.7,154.878,76.797,602.79,0.0,0.0,0.0,58.86,194.92
298.74,154.857,76.812,603.12,0.0,0.0,0.0,58.86,194.92
298.8,154.825,76.835,603.62,0.0,0.0,0.0,58.85,194.92
298.86,154.793,76.857,604.12,0.0,0.0,0.0,58.85,194.93
298.9,154.772,76.872,604.45,0.0,0.0,0.0,58.84,194.93
298.94,154.75,76.887,604.78,0.0,0.0,0.0,58.84,194.93
299.0,154.718,76.91,605.27,0.0,0.0,0.0,58.83,194.93
299.06,154.686,76.932,605.77,0.0,0.0,0.0,58.83,194.94
299.1,154.665,76.947,606.1,0.0,0.0,0.0,58.83,194.94
299.14,154.643,76.962,606.43,0.0,0.0,0.0,58.82,194.94
299.2,154.611,76.984,606.93,0.0,0.0,0.0,58.82,194.94
299.26,154.579,77.007,607.42,0.0,0.0,0.0,58.81,194.95
299.3,154.558,77.022,607.76,0.0,0.0,0.0,58.81,194.95
299.34,154.536,77.037,608.09,0.0,0.0,0.0,58.8,194.95
299.4,154.504,77.059,608.58,0.0,0.0,0.0,58.8,194.95
299.46,154.471,77.082,609.08,0.0,0.0,0.0,58.79,194.96
299.5,154.45,77.097,609.41,0.0,0.0,0.0,58.79,194.96
299.54,154.428,77.112,609.74,0.0,0.0,0.0,58.78,194.96
299.6,154.396,77.134,610.24,0.0,0.0,0.0,58.78,194.96
299.66,154.363,77.156,610.74,0.0,0.0,0.0,58.77,194.97
299.7,154.342,77.171,611.07,0.0,0.0,0.0,58.77,194.97
299.76,154.309,77.194,611.57,0.0,0.0,0.0,58.76,194.97
299.8,154.288,77.209,611.9,0.0,0.0,0.0,58.76,194.97
299.86,154.255,77.231,612.4,0.0,0.0,0.0,58.75,194.98
299.9,154.233,77.246,612.73,0.0,0.0,0.0,58.75,194.98
299.96,154.201,77.269,613.23,0.0,0.0,0.0,58.74,194.98
300.0,154.179,77.284,613.56,0.0,0.0,0.0,58.74,194.98
300.06,154.146,77.306,614.06,0.0,0.0,0.0,58.73,194.99
300.1,154.124,77.321,614.39,0.0,0.0,0.0,58.73,194.99
300.16,154.092,77.344,614.89,0.0,0.0,0.0,58.72,194.99
300.2,154.07,77.359,615.22,0.0,0.0,0.0,58.72,194.99
300.26,154.037,77.381,615.72,0.0,0.0,0.0,58.71,195.0
300.3,154.015,77.396,616.05,0.0,0.0,0.0,58.71,195.0
300.36,153.982,77.418,616.55,0.0,0.0,0.0,58.7,195.0
300.4,153.96,77.433,616.88,0.0,0.0,0.0,58.7,195.0
300.46,153.928,77.456,617.38,0.0,0.0,0.0,58.69,195.01
300.5,153.906,77.471,617.71,0.0,0.0,0.0,58.69,195.01
300.56,153.873,77.493,618.21,0.0,0.0,0.0,58.68,195.01
300.6,153.851,77.508,618.54,0.0,0.0,0.0,58.68,195.01
300.66,153.818,77.531,619.04,0.0,0.0,0.0,58.68,195.02
300.7,153.796,77.546,619.38,0.0,0.0,0.0,58.67,195.02
300.76,153.763,77.568,619.87,0.0,0.0,0.0,58.67,195.02
300.82,153.73,77.591,620.37,0.0,0.0,0.0,58.66,195.02
300.86,153.707,77.606,620.71,0.0,0.0,0.0,58.66,195.03
300.9,153.685,77.621,621.04,0.0,0.0,0.0,58.65,195.03
300.96,153.652,77.643,621.54,0.0,0.0,0.0,58.65,195.03
301.02,153.619,77.665,622.04,0.0,0.0,0.0,58.64,195.03
301.06,153.597,77.68,622.37,0.0,0.0,0.0,58.64,195.04
301.1,153.575,77.695,622.71,0.0,0.0,0.0,58.63,195.04
301.16,153.541,77.718,623.21,0.0,0.0,0.0,58.63,195.04
301.22,153.508,77.74,623.71,0.0,0.0,0.0,58.62,195.04
301.26,153.486,77.755,624.04,0.0,0.0,0.0,58.62,195.05
301.32,153.452,77.778,624.54,0.0,0.0,0.0,58.61,195.05
301.36,153.43,77.793,624.87,0.0,0.0,0.0,58.61,195.05
301.42,153.397,77.815,625.37,0.0,0.0,0.0,58.6,195.05
301.46,153.374,77.83,625.71,0.0,0.0,0.0,58.6,195.06
301.52,153.341,77.853,626.21,0.0,0.0,0.0,58.59,195.06
301.56,153.319,77.868,626.54,0.0,0.0,0.0,58.59,195.06
301.62,153.285,77.89,627.04,0.0,0.0,0.0,58.58,195.06
301.66,153.263,77.905,627.38,0.0,0.0,0.0,58.58,195.06
301.72,153.229,77.928,627.88,0.0,0.0,0.0,58.57,195.07
301.76,153.207,77.943,628.21,0.0,0.0,0.0,58.57,195.07
301.82,153.173,77.965,628.71,0.0,0.0,0.0,58.56,195.07
301.86,153.151,77.98,629.05,0.0,0.0,0.0,58.56,195.07
301.92,153.117,78.002,629.55,0.0,0.0,0.0,58.55,195.08
301.96,153.094,78.017,629.88,0.0,0.0,0.0,58.55,195.08
302.02,153.061,78.04,630.39,0.0,0.0,0.0,58.54,195.08
302.06,153.038,78.055,630.72,0.0,0.0,0.0,58.54,195.08
302.12,153.004,78.077,631.22,0.0,0.0,0.0,58.53,195.09
302.16,152.982,78.092,631.56,0.0,0.0,0.0,58.53,195.09
302.22,152.948,78.115,632.06,0.0,0.0,0.0,58.53,195.09
302.26,152.925,78.13,632.39,0.0,0.0,0.0,58.52,195.09
302.32,152.891,78.152,632.9,0.0,0.0,0.0,58.52,195.1
302.36,152.869,78.167,633.23,0.0,0.0,0.0,58.51,195.1
302.42,152.835,78.19,633.73,0.0,0.0,0.0,58.51,195.1
302.48,152.801,78.212,634.24,0.0,0.0,0.0,58.5,195.1
302.52,152.778,78.227,634.57,0.0,0.0,0.0,58.5,195.11
302.58,152.744,78.25,635.07,0.0,0.0,0.0,58.49,195.11
302.62,152.721,78.265,635.41,0.0,0.0,0.0,58.49,195.11
302.68,152.687,78.287,635.91,0.0,0.0,0.0,58.48,195.11
302.72,152.664,78.302,636.25,0.0,0.0,0.0,58.48,195.12
302.76,152.641,78.317,636.58,0.0,0.0,0.0,58.47,195.12
302.82,152.607,78.34,637.08,0.0,0.0,0.0,58.47,195.12
302.88,152.573,78.362,637.59,0.0,0.0,0.0,58.46,195.12
302.92,152.55,78.377,637.92,0.0,0.0,0.0,58.46,195.13
302.96,152.527,78.392,638.26,0.0,0.0,0.0,58.45,195.13
303.02,152.493,78.415,638.76,0.0,0.0,0.0,58.45,195.13
303.08,152.458,78.437,639.27,0.0,0.0,0.0,58.44,195.13
303.12,152.436,78.452,639.6,0.0,0.0,0.0,58.44,195.14
303.18,152.401,78.475,640.1,0.0,0.0,0.0,58.43,195.14
303.22,152.378,78.49,640.44,0.0,0.0,0.0,58.43,195.14
303.28,152.344,78.512,640.94,0.0,0.0,0.0,58.42,195.14
303.32,152.321,78.527,641.28,0.0,0.0,0.0,58.42,195.15
303.38,152.286,78.55,641.78,0.0,0.0,0.0,58.41,195.15
303.42,152.263,78.565,642.12,0.0,0.0,0.0,58.41,195.15
303.48,152.229,78.587,642.62,0.0,0.0,0.0,58.4,195.15
303.52,152.205,78.602,642.96,0.0,0.0,0.0,58.4,195.16
303.58,152.171,78.625,643.46,0.0,0.0,0.0,58.39,195.16
303.62,152.148,78.64,643.8,0.0,0.0,0.0,58.39,195.16
303.68,152.113,78.662,644.31,0.0,0.0,0.0,58.38,195.16
303.72,152.09,78.677,644.64,0.0,0.0,0.0,58.38,195.17
303.78,152.055,78.699,645.15,0.0,0.0,0.0,58.37,195.17
303.82,152.032,78.714,645.48,0.0,0.0,0.0,58.37,195.17
303.88,151.997,78.737,645.99,0.0,0.0,0.0,58.37,195.17
303.92,151.974,78.752,646.32,0.0,0.0,0.0,58.36,195.17
303.98,151.939,78.774,646.83,0.0,0.0,0.0,58.36,195.18
304.02,151.916,78.789,647.17,0.0,0.0,0.0,58.35,195.18
304.08,151.881,78.812,647.67,0.0,0.0,0.0,58.35,195.18
304.14,151.846,78.834,648.18,0.0,0.0,0.0,58.34,195.19
304.18,151.823,78.849,648.51,0.0,0.0,0.0,58.34,195.19
304.22,151.799,78.864,648.85,0.0,0.0,0.0,58.33,195.19
304.28,151.764,78.887,649.35,0.0,0.0,0.0,58.33,195.19
304.34,151.729,78.91,649.86,0.0,0.0,0.0,58.32,195.2
304.38,151.706,78.925,650.2,0.0,0.0,0.0,58.32,195.2
304.42,151.682,78.94,650.53,0.0,0.0,0.0,58.31,195.2
304.48,151.647,78.962,651.04,0.0,0.0,0.0,58.31,195.2
304.52,151.624,78.977,651.38,0.0,0.0,0.0,58.3,195.2
304.58,151.589,79.0,651.88,0.0,0.0,0.0,58.3,195.21
304.62,151.565,79.015,652.22,0.0,0.0,0.0,58.29,195.21
304.68,151.53,79.037,652.73,0.0,0.0,0.0,58.29,195.21
304.74,151.495,79.06,653.23,0.0,0.0,0.0,58.28,195.21
304.78,151.471,79.075,653.57,0.0,0.0,0.0,58.28,195.22
304.82,151.447,79.09,653.91,0.0,0.0,0.0,58.27,195.22
304.88,151.412,79.112,654.41,0.0,0.0,0.0,58.27,195.22
304.94,151.377,79.135,654.92,0.0,0.0,0.0,58.26,195.22
304.98,151.353,79.15,655.26,0.0,0.0,0.0,58.26,195.23
305.04,151.318,79.172,655.77,0.0,0.0,0.0,58.25,195.23
305.08,151.294,79.187,656.1,0.0,0.0,0.0,58.25,195.23
305.14,151.258,79.21,656.61,0.0,0.0,0.0,58.24,195.23
305.18,151.235,79.225,656.95,0.0,0.0,0.0,58.24,195.24
305.24,151.199,79.247,657.45,0.0,0.0,0.0,58.23,195.24
305.28,151.175,79.262,657.79,0.0,0.0,0.0,58.23,195.24
305.34,151.14,79.285,658.3,0.0,0.0,0.0,58.22,195.24
305.38,151.116,79.3,658.64,0.0,0.0,0.0,58.22,195.25
305.44,151.08,79.322,659.14,0.0,0.0,0.0,58.22,195.25
305.48,151.057,79.337,659.48,0.0,0.0,0.0,58.21,195.25
305.54,151.021,79.36,659.99,0.0,0.0,0.0,58.21,195.25
305.6,150.985,79.382,660.5,0.0,0.0,0.0,58.2,195.26
305.64,150.961,79.397,660.84,0.0,0.0,0.0,58.2,195.26
305.7,150.925,79.42,661.34,0.0,0.0,0.0,58.19,195.26
305.74,150.901,79.435,661.68,0.0,0.0,0.0,58.19,195.26
305.78,150.877,79.45,662.02,0.0,0.0,0.0,58.18,195.26
305.84,150.842,79.472,662.53,0.0,0.0,0.0,58.18,195.27
305.88,150.818,79.487,662.87,0.0,0.0,0.0,58.17,195.27
305.94,150.782,79.51,663.38,0.0,0.0,0.0,58.17,195.27
306.0,150.746,79.532,663.88,0.0,0.0,0.0,58.16,195.28
306.04,150.722,79.547,664.22,0.0,0.0,0.0,58.16,195.28
306.08,150.698,79.562,664.56,0.0,0.0,0.0,58.15,195.28
306.14,150.662,79.585,665.07,0.0,0.0,0.0,58.15,195.28
306.2,150.625,79.607,665.58,0.0,0.0,0.0,58.14,195.28
306.24,150.601,79.623,665.92,0.0,0.0,0.0,58.14,195.29
306.28,150.577,79.638,666.26,0.0,0.0,0.0,58.13,195.29
306.34,150.541,79.66,666.76,0.0,0.0,0.0,58.13,195.29
306.4,150.505,79.683,667.27,0.0,0.0,0.0,58.12,195.29
306.44,150.481,79.698,667.61,0.0,0.0,0.0,58.12,195.3
306.48,150.456,79.713,667.95,0.0,0.0,0.0,58.12,195.3
306.54,150.42,79.735,668.46,0.0,0.0,0.0,58.11,195.3
306.6,150.384,79.758,668.97,0.0,0.0,0.0,58.1,195.3
306.64,150.36,79.773,669.31,0.0,0.0,0.0,58.1,195.31
306.7,150.323,79.795,669.82,0.0,0.0,0.0,58.09,195.31
306.74,150.299,79.81,670.16,0.0,0.0,0.0,58.09,195.31
306.8,150.262,79.833,670.67,0.0,0.0,0.0,58.08,195.31
306.84,150.238,79.848,671.01,0.0,0.0,0.0,58.08,195.32
306.9,150.202,79.87,671.52,0.0,0.0,0.0,58.07,195.32
306.94,150.177,79.885,671.86,0.0,0.0,0.0,58.07,195.32
307.0,150.141,79.908,672.37,0.0,0.0,0.0,58.06,195.32
307.04,150.116,79.923,672.71,0.0,0.0,0.0,58.06,195.32
307.1,150.08,79.945,673.21,0.0,0.0,0.0,58.06,195.33
307.14,150.055,79.961,673.55,0.0,0.0,0.0,58.05,195.33
307.2,150.019,79.983,674.06,0.0,0.0,0.0,58.05,195.33
307.24,149.994,79.998,674.4,0.0,0.0,0.0,58.04,195.33
307.3,149.957,80.021,674.91,0.0,0.0,0.0,58.04,195.34
307.34,149.933,80.036,675.25,0.0,0.0,0.0,58.03,195.34
307.4,149.896,80.058,675.77,0.0,0.0,0.0,58.03,195.34
307.44,149.872,80.073,676.11,0.0,0.0,0.0,58.02,195.34
307.5,149.835,80.096,676.62,0.0,0.0,0.0,58.02,195.35
307.54,149.81,80.111,676.96,0.0,0.0,0.0,58.01,195.35
307.6,149.773,80.133,677.47,0.0,0.0,0.0,58.01,195.35
307.66,149.736,80.156,677.98,0.0,0.0,0.0,58.0,195.35
307.7,149.712,80.171,678.32,0.0,0.0,0.0,58.0,195.36
307.74,149.687,80.186,678.66,0.0,0.0,0.0,57.99,195.36
307.8,149.65,80.208,679.17,0.0,0.0,0.0,57.99,195.36
307.86,149.613,80.231,679.68,0.0,0.0,0.0,57.98,195.36
307.9,149.588,80.246,680.02,0.0,0.0,0.0,57.98,195.37
307.94,149.564,80.261,680.36,0.0,0.0,0.0,57.97,195.37
308.0,149.526,80.284,680.87,0.0,0.0,0.0,57.97,195.37
308.06,149.489,80.306,681.38,0.0,0.0,0.0,57.96,195.37
308.1,149.465,80.321,681.72,0.0,0.0,0.0,57.96,195.38
308.14,149.44,80.336,682.06,0.0,0.0,0.0,57.96,195.38
308.2,149.403,80.359,682.58,0.0,0.0,0.0,57.95,195.38
308.26,149.365,80.381,683.09,0.0,0.0,0.0,57.94,195.38
308.3,149.34,80.396,683.43,0.0,0.0,0.0,57.94,195.39
308.34,149.315,80.411,683.77,0.0,0.0,0.0,57.94,195.39
308.4,149.278,80.434,684.28,0.0,0.0,0.0,57.93,195.39
308.46,149.241,80.457,684.79,0.0,0.0,0.0,57.92,195.39
308.5,149.216,80.472,685.13,0.0,0.0,0.0,57.92,195.39
308.54,149.191,80.487,685.47,0.0,0.0,0.0,57.92,195.4
308.6,149.153,80.509,685.99,0.0,0.0,0.0,57.91,195.4
308.66,149.116,80.532,686.5,0.0,0.0,0.0,57.91,195.4
308.7,149.091,80.547,686.84,0.0,0.0,0.0,57.9,195.4
308.76,149.053,80.569,687.35,0.0,0.0,0.0,57.9,195.41
308.8,149.028,80.584,687.69,0.0,0.0,0.0,57.89,195.41
308.86,148.991,80.607,688.21,0.0,0.0,0.0,57.89,195.41
308.9,148.966,80.622,688.55,0.0,0.0,0.0,57.88,195.41
308.96,148.928,80.645,689.06,0.0,0.0,0.0,57.88,195.42
309.0,148.903,80.66,689.4,0.0,0.0,0.0,57.87,195.42
309.06,148.865,80.682,689.91,0.0,0.0,0.0,57.87,195.42
309.1,148.84,80.697,690.26,0.0,0.0,0.0,57.86,195.42
309.16,148.802,80.72,690.77,0.0,0.0,0.0,57.86,195.43
309.2,148.777,80.735,691.11,0.0,0.0,0.0,57.85,195.43
309.26,148.739,80.757,691.62,0.0,0.0,0.0,57.85,195.43
309.32,148.701,80.78,692.14,0.0,0.0,0.0,57.84,195.43
309.36,148.676,80.795,692.48,0.0,0.0,0.0,57.84,195.44
309.4,148.651,80.81,692.82,0.0,0.0,0.0,57.83,195.44
309.46,148.613,80.833,693.33,0.0,0.0,0.0,57.83,195.44
309.52,148.575,80.855,693.85,0.0,0.0,0.0,57.82,195.44
309.56,148.55,80.87,694.19,0.0,0.0,0.0,57.82,195.44
309.6,148.524,80.885,694.53,0.0,0.0,0.0,57.81,195.45
309.66,148.486,80.908,695.04,0.0,0.0,0.0,57.81,195.45
309.7,148.461,80.923,695.39,0.0,0.0,0.0,57.8,195.45
309.76,148.423,80.945,695.9,0.0,0.0,0.0,57.8,195.45
309.82,148.385,80.968,696.41,0.0,0.0,0.0,57.79,195.46
309.86,148.359,80.983,696.76,0.0,0.0,0.0,57.79,195.46
309.92,148.321,81.006,697.27,0.0,0.0,0.0,57.78,195.46
309.96,148.295,81.021,697.61,0.0,0.0,0.0,57.78,195.46
310.02,148.257,81.043,698.13,0.0,0.0,0.0,57.77,195.47
310.06,148.232,81.058,698.47,0.0,0.0,0.0,57.77,195.47
310.12,148.193,81.081,698.98,0.0,0.0,0.0,57.76,195.47
310.16,148.168,81.096,699.32,0.0,0.0,0.0,57.76,195.47
310.22,148.129,81.118,699.84,0.0,0.0,0.0,57.75,195.48
310.26,148.104,81.134,700.18,0.0,0.0,0.0,57.75,195.48
310.32,148.065,81.156,700.7,0.0,0.0,0.0,57.75,195.48
310.36,148.04,81.171,701.04,0.0,0.0,0.0,57.74,195.48
310.42,148.001,81.194,701.55,0.0,0.0,0.0,57.74,195.49
310.46,147.976,81.209,701.9,0.0,0.0,0.0,57.73,195.49
310.52,147.937,81.231,702.41,0.0,0.0,0.0,57.73,195.49
310.56,147.911,81.246,702.75,0.0,0.0,0.0,57.72,195.49
310.62,147.873,81.269,703.27,0.0,0.0,0.0,57.72,195.49
310.66,147.847,81.284,703.61,0.0,0.0,0.0,57.71,195.5
310.72,147.808,81.307,704.13,0.0,0.0,0.0,57.71,195.5
310.76,147.783,81.322,704.47,0.0,0.0,0.0,57.7,195.5
310.82,147.744,81.344,704.98,0.0,0.0,0.0,57.7,195.5
310.86,147.718,81.359,705.33,0.0,0.0,0.0,57.69,195.51
310.92,147.679,81.382,705.84,0.0,0.0,0.0,57.69,195.51
310.96,147.653,81.397,706.19,0.0,0.0,0.0,57.68,195.51
311.02,147.615,81.42,706.7,0.0,0.0,0.0,57.68,195.51
311.06,147.589,81.435,707.04,0.0,0.0,0.0,57.67,195.52
311.12,147.55,81.457,707.56,0.0,0.0,0.0,57.67,195.52
311.18,147.511,81.48,708.07,0.0,0.0,0.0,57.66,195.52
311.22,147.485,81.495,708.42,0.0,0.0,0.0,57.66,195.52
311.26,147.459,81.51,708.76,0.0,0.0,0.0,57.65,195.53
311.32,147.42,81.532,709.28,0.0,0.0,0.0,57.65,195.53
311.38,147.381,81.555,709.79,0.0,0.0,0.0,57.64,195.53
311.42,147.355,81.57,710.14,0.0,0.0,0.0,57.64,195.53
311.46,147.329,81.585,710.48,0.0,0.0,0.0,57.64,195.53
311.52,147.29,81.608,711.0,0.0,0.0,0.0,57.63,195.54
311.58,147.251,81.63,711.51,0.0,0.0,0.0,57.62,195.54
311.62,147.225,81.645,711.86,0.0,0.0,0.0,57.62,195.54
311.68,147.185,81.668,712.37,0.0,0.0,0.0,57.61,195.54
311.72,147.159,81.683,712.72,0.0,0.0,0.0,57.61,195.55
311.78,147.12,81.706,713.23,0.0,0.0,0.0,57.6,195.55
311.82,147.094,81.721,713.58,0.0,0.0,0.0,57.6,195.55
311.88,147.055,81.743,714.09,0.0,0.0,0.0,57.59,195.55
311.92,147.028,81.758,714.44,0.0,0.0,0.0,57.59,195.56
311.96,147.002,81.773,714.78,0.0,0.0,0.0,57.59,195.56
312.02,146.963,81.796,715.3,0.0,0.0,0.0,57.58,195.56
312.08,146.923,81.819,715.81,0.0,0.0,0.0,57.58,195.56
312.12,146.897,81.834,716.16,0.0,0.0,0.0,57.57,195.57
312.16,146.871,81.849,716.5,0.0,0.0,0.0,57.57,195.57
312.22,146.831,81.871,717.02,0.0,0.0,0.0,57.56,195.57
312.28,146.792,81.894,717.54,0.0,0.0,0.0,57.56,195.57
312.32,146.765,81.909,717.88,0.0,0.0,0.0,57.55,195.57
312.38,146.726,81.932,718.4,0.0,0.0,0.0,57.55,195.58
312.42,146.699,81.947,718.74,0.0,0.0,0.0,57.54,195.58
312.48,146.66,81.969,719.26,0.0,0.0,0.0,57.54,195.58
312.52,146.633,81.984,719.6,0.0,0.0,0.0,57.53,195.58
312.58,146.594,82.007,720.12,0.0,0.0,0.0,57.53,195.59
312.62,146.567,82.022,720.47,0.0,0.0,0.0,57.52,195.59
312.68,146.527,82.045,720.98,0.0,0.0,0.0,57.52,195.59
312.72,146.501,82.06,721.33,0.0,0.0,0.0,57.51,195.59
312.78,146.461,82.082,721.84,0.0,0.0,0.0,57.51,195.6
312.82,146.435,82.097,722.19,0.0,0.0,0.0,57.5,195.6
312.88,146.395,82.12,722.71,0.0,0.0,0.0,57.5,195.6
312.92,146.368,82.135,723.05,0.0,0.0,0.0,57.49,195.6
312.98,146.328,82.158,723.57,0.0,0.0,0.0,57.49,195.61
313.02,146.302,82.173,723.91,0.0,0.0,0.0,57.49,195.61
313.08,146.262,82.195,724.43,0.0,0.0,0.0,57.48,195.61
313.12,146.235,82.21,724.78,0.0,0.0,0.0,57.48,195.61
313.18,146.195,82.233,725.3,0.0,0.0,0.0,57.47,195.62
313.24,146.155,82.256,725.81,0.0,0.0,0.0,57.46,195.62
313.28,146.128,82.271,726.16,0.0,0.0,0.0,57.46,195.62
313.32,146.101,82.286,726.5,0.0,0.0,0.0,57.46,195.62
313.38,146.061,82.308,727.02,0.0,0.0,0.0,57.45,195.62
313.44,146.021,82.331,727.54,0.0,0.0,0.0,57.44,195.63
313.48,145.994,82.346,727.89,0.0,0.0,0.0,57.44,195.63
313.54,145.954,82.369,728.4,0.0,0.0,0.0,57.44,195.63
313.58,145.927,82.384,728.75,0.0,0.0,0.0,57.43,195.63
313.64,145.887,82.406,729.27,0.0,0.0,0.0,57.43,195.64
313.68,145.86,82.422,729.61,0.0,0.0,0.0,57.42,195.64
313.74,145.82,82.444,730.13,0.0,0.0,0.0,57.42,195.64
313.78,145.793,82.459,730.48,0.0,0.0,0.0,57.41,195.64
313.84,145.752,82.482,731.0,0.0,0.0,0.0,57.41,195.65
313.88,145.725,82.497,731.34,0.0,0.0,0.0,57.4,195.65
313.94,145.685,82.52,731.86,0.0,0.0,0.0,57.4,195.65
313.98,145.658,82.535,732.21,0.0,0.0,0.0,57.39,195.65
314.04,145.617,82.557,732.73,0.0,0.0,0.0,57.39,195.66
314.08,145.59,82.572,733.07,0.0,0.0,0.0,57.38,195.66
314.14,145.55,82.595,733.59,0.0,0.0,0.0,57.38,195.66
314.2,145.509,82.618,734.11,0.0,0.0,0.0,57.37,195.66
314.24,145.482,82.633,734.46,0.0,0.0,0.0,57.37,195.66
314.28,145.455,82.648,734.8,0.0,0.0,0.0,57.36,195.67
314.34,145.414,82.67,735.32,0.0,0.0,0.0,57.36,195.67
314.4,145.374,82.693,735.84,0.0,0.0,0.0,57.35,195.67
314.44,145.347,82.708,736.19,0.0,0.0,0.0,57.35,195.67
314.48,145.319,82.723,736.53,0.0,0.0,0.0,57.34,195.68
314.54,145.279,82.746,737.05,0.0,0.0,0.0,57.34,195.68
314.58,145.251,82.761,737.4,0.0,0.0,0.0,57.33,195.68
314.64,145.211,82.784,737.92,0.0,0.0,0.0,57.33,195.68
314.68,145.183,82.799,738.26,0.0,0.0,0.0,57.33,195.68
314.74,145.142,82.821,738.78,0.0,0.0,0.0,57.32,195.69
314.8,145.101,82.844,739.3,0.0,0.0,0.0,57.31,195.69
314.84,145.074,82.859,739.65,0.0,0.0,0.0,57.31,195.69
314.9,145.033,82.882,740.17,0.0,0.0,0.0,57.3,195.7
314.94,145.006,82.897,740.52,0.0,0.0,0.0,57.3,195.7
314.98,144.978,82.909,740.86,0.0,0.0,0.0,57.3,195.7
315.04,144.937,82.924,741.38,0.0,0.0,0.0,57.29,195.7
315.1,144.896,82.938,741.9,0.0,0.0,0.0,57.28,195.7
315.14,144.869,82.948,742.25,0.0,0.0,0.0,57.28,195.7
315.2,144.828,82.962,742.77,0.0,0.0,0.0,57.28,195.71
315.24,144.8,82.972,743.12,0.0,0.0,0.0,57.27,195.71
315.3,144.759,82.986,743.64,0.0,0.0,0.0,57.27,195.71
315.34,144.731,82.996,743.98,0.0,0.0,0.0,57.26,195.71
315.4,144.69,83.01,744.5,0.0,0.0,0.0,57.26,195.72
315.44,144.663,83.02,744.85,0.0,0.0,0.0,57.25,195.72
315.5,144.621,83.034,745.37,0.0,0.0,0.0,57.25,195.72
315.54,144.594,83.044,745.72,0.0,0.0,0.0,57.24,195.72
315.6,144.552,83.059,746.24,0.0,0.0,0.0,57.24,195.72
315.64,144.525,83.068,746.59,0.0,0.0,0.0,57.23,195.72
315.7,144.483,83.083,747.11,0.0,0.0,0.0,57.23,195.73
315.74,144.456,83.092,747.45,0.0,0.0,0.0,57.22,195.73
315.8,144.414,83.107,747.97,0.0,0.0,0.0,57.22,195.73
315.84,144.387,83.116,748.32,0.0,0.0,0.0,57.21,195.73
315.9,144.345,83.131,748.84,0.0,0.0,0.0,57.21,195.73
315.96,144.303,83.145,749.36,0.0,0.0,0.0,57.2,195.74
316.0,144.276,83.155,749.71,0.0,0.0,0.0,57.2,195.74
316.04,144.248,83.165,750.06,0.0,0.0,0.0,57.19,195.74
316.1,144.206,83.179,750.58,0.0,0.0,0.0,57.19,195.74
316.14,144.178,83.189,750.93,0.0,0.0,0.0,57.19,195.74
316.2,144.137,83.203,751.45,0.0,0.0,0.0,57.18,195.75
316.24,144.109,83.213,751.8,0.0,0.0,0.0,57.18,195.75
316.3,144.067,83.227,752.32,0.0,0.0,0.0,57.17,195.75
316.36,144.025,83.242,752.84,0.0,0.0,0.0,57.16,195.75
316.4,143.997,83.252,753.19,0.0,0.0,0.0,57.16,195.75
316.46,143.955,83.266,753.71,0.0,0.0,0.0,57.15,195.76
316.5,143.928,83.276,754.06,0.0,0.0,0.0,57.15,195.76
316.56,143.886,83.29,754.58,0.0,0.0,0.0,57.15,195.76
316.6,143.858,83.3,754.93,0.0,0.0,0.0,57.14,195.76
316.66,143.816,83.314,755.45,0.0,0.0,0.0,57.14,195.76
316.7,143.788,83.324,755.8,0.0,0.0,0.0,57.13,195.77
316.74,143.76,83.334,756.14,0.0,0.0,0.0,57.13,195.77
316.8,143.718,83.348,756.67,0.0,0.0,0.0,57.12,195.77
316.86,143.675,83.363,757.19,0.0,0.0,0.0,57.12,195.77
316.9,143.647,83.372,757.54,0.0,0.0,0.0,57.11,195.77
316.96,143.605,83.387,758.06,0.0,0.0,0.0,57.11,195.78
317.0,143.577,83.396,758.41,0.0,0.0,0.0,57.1,195.78
317.06,143.535,83.411,758.93,0.0,0.0,0.0,57.1,195.78
317.1,143.507,83.421,759.28,0.0,0.0,0.0,57.09,195.78
317.16,143.465,83.435,759.8,0.0,0.0,0.0,57.09,195.78
317.2,143.436,83.445,760.15,0.0,0.0,0.0,57.08,195.79
317.26,143.394,83.459,760.67,0.0,0.0,0.0,57.08,195.79
317.32,143.352,83.474,761.19,0.0,0.0,0.0,57.07,195.79
317.36,143.323,83.483,761.54,0.0,0.0,0.0,57.07,195.79
317.4,143.295,83.493,761.89,0.0,0.0,0.0,57.06,195.79
317.46,143.253,83.508,762.41,0.0,0.0,0.0,57.06,195.8
317.5,143.224,83.517,762.76,0.0,0.0,0.0,57.06,195.8
317.56,143.182,83.532,763.28,0.0,0.0,0.0,57.05,195.8
317.6,143.154,83.541,763.63,0.0,0.0,0.0,57.05,195.8
317.66,143.111,83.556,764.15,0.0,0.0,0.0,57.04,195.8
317.72,143.068,83.57,764.68,0.0,0.0,0.0,57.03,195.81
317.76,143.04,83.58,765.02,0.0,0.0,0.0,57.03,195.81
317.8,143.012,83.59,765.37,0.0,0.0,0.0,57.03,195.81
317.86,142.969,83.604,765.9,0.0,0.0,0.0,57.02,195.81
317.9,142.94,83.614,766.25,0.0,0.0,0.0,57.02,195.81
317.96,142.898,83.628,766.77,0.0,0.0,0.0,57.01,195.82
318.02,142.855,83.643,767.29,0.0,0.0,0.0,57.01,195.82
318.06,142.827,83.653,767.64,0.0,0.0,0.0,57.0,195.82
318.12,142.784,83.667,768.16,0.0,0.0,0.0,57.0,195.82
318.16,142.755,83.677,768.51,0.0,0.0,0.0,56.99,195.82
318.2,142.727,83.687,768.86,0.0,0.0,0.0,56.99,195.82
318.26,142.684,83.701,769.39,0.0,0.0,0.0,56.98,195.83
318.32,142.641,83.716,769.91,0.0,0.0,0.0,56.98,195.83
318.36,142.612,83.725,770.26,0.0,0.0,0.0,56.97,195.83
318.42,142.569,83.74,770.78,0.0,0.0,0.0,56.97,195.83
318.46,142.541,83.749,771.13,0.0,0.0,0.0,56.96,195.83
318.5,142.512,83.759,771.48,0.0,0.0,0.0,56.96,195.84
318.56,142.469,83.774,772.0,0.0,0.0,0.0,56.95,195.84
318.62,142.426,83.788,772.53,0.0,0.0,0.0,56.95,195.84
318.66,142.397,83.798,772.88,0.0,0.0,0.0,56.94,195.84
318.72,142.354,83.812,773.4,0.0,0.0,0.0,56.94,195.84
318.76,142.325,83.822,773.75,0.0,0.0,0.0,56.93,195.85
318.82,142.282,83.837,774.27,0.0,0.0,0.0,56.93,195.85
318.86,142.253,83.846,774.62,0.0,0.0,0.0,56.92,195.85
318.92,142.21,83.861,775.15,0.0,0.0,0.0,56.92,195.85
318.96,142.181,83.871,775.5,0.0,0.0,0.0,56.92,195.85
319.02,142.138,83.885,776.02,0.0,0.0,0.0,56.91,195.86
319.06,142.109,83.895,776.37,0.0,0.0,0.0,56.91,195.86
319.12,142.065,83.909,776.9,0.0,0.0,0.0,56.9,195.86
319.18,142.022,83.924,777.42,0.0,0.0,0.0,56.89,195.86
319.22,141.993,83.933,777.77,0.0,0.0,0.0,56.89,195.86
319.28,141.95,83.948,778.29,0.0,0.0,0.0,56.88,195.87
319.32,141.921,83.958,778.64,0.0,0.0,0.0,56.88,195.87
319.36,141.892,83.967,778.99,0.0,0.0,0.0,56.88,195.87
319.42,141.848,83.982,779.52,0.0,0.0,0.0,56.87,195.87
319.46,141.819,83.992,779.87,0.0,0.0,0.0,56.87,195.87
319.52,141.775,84.006,780.39,0.0,0.0,0.0,56.86,195.88
319.58,141.732,84.021,780.92,0.0,0.0,0.0,56.86,195.88
319.62,141.703,84.03,781.27,0.0,0.0,0.0,56.85,195.88
319.68,141.659,84.045,781.79,0.0,0.0,0.0,56.85,195.88
319.72,141.63,84.055,782.14,0.0,0.0,0.0,56.84,195.88
319.76,141.601,84.064,782.49,0.0,0.0,0.0,56.84,195.88
319.82,141.557,84.079,783.02,0.0,0.0,0.0,56.83,195.89
319.86,141.528,84.089,783.37,0.0,0.0,0.0,56.83,195.89
319.92,141.484,84.103,783.89,0.0,0.0,0.0,56.82,195.89
319.98,141.44,84.118,784.42,0.0,0.0,0.0,56.82,195.89
320.02,141.411,84.127,784.77,0.0,0.0,0.0,56.81,195.89
320.08,141.367,84.142,785.29,0.0,0.0,0.0,56.81,195.9
320.12,141.338,84.152,785.64,0.0,0.0,0.0,56.8,195.9
320.18,141.294,84.166,786.17,0.0,0.0,0.0,56.8,195.9
320.22,141.264,84.176,786.52,0.0,0.0,0.0,56.79,195.9
320.28,141.22,84.19,787.04,0.0,0.0,0.0,56.79,195.9
320.32,141.191,84.2,787.4,0.0,0.0,0.0,56.79,195.91
320.38,141.147,84.215,787.92,0.0,0.0,0.0,56.78,195.91
320.42,141.118,84.224,788.27,0.0,0.0,0.0,56.78,195.91
320.48,141.073,84.239,788.8,0.0,0.0,0.0,56.77,195.91
320.52,141.044,84.249,789.15,0.0,0.0,0.0,56.77,195.91
320.58,141.0,84.263,789.67,0.0,0.0,0.0,56.76,195.92
320.62,140.97,84.273,790.02,0.0,0.0,0.0,56.76,195.92
320.68,140.926,84.288,790.55,0.0,0.0,0.0,56.75,195.92
320.72,140.897,84.297,790.9,0.0,0.0,0.0,56.75,195.92
320.78,140.852,84.312,791.43,0.0,0.0,0.0,56.74,195.92
320.82,140.823,84.321,791.78,0.0,0.0,0.0,56.74,195.93
320.88,140.778,84.336,792.3,0.0,0.0,0.0,56.73,195.93
320.92,140.749,84.346,792.65,0.0,0.0,0.0,56.73,195.93
320.98,140.704,84.36,793.18,0.0,0.0,0.0,56.72,195.93
321.04,140.66,84.375,793.71,0.0,0.0,0.0,56.72,195.93
321.08,140.63,84.385,794.06,0.0,0.0,0.0,56.71,195.94
321.12,140.601,84.394,794.41,0.0,0.0,0.0,56.71,195.94
321.18,140.556,84.409,794.93,0.0,0.0,0.0,56.7,195.94
321.22,140.526,84.419,795.29,0.0,0.0,0.0,56.7,195.94
321.28,140.482,84.433,795.81,0.0,0.0,0.0,56.69,195.94
321.32,140.452,84.443,796.16,0.0,0.0,0.0,56.69,195.94
321.38,140.407,84.457,796.69,0.0,0.0,0.0,56.68,195.95
321.44,140.363,84.472,797.22,0.0,0.0,0.0,56.68,195.95
321.48,140.333,84.482,797.57,0.0,0.0,0.0,56.67,195.95
321.54,140.288,84.496,798.09,0.0,0.0,0.0,56.67,195.95
321.58,140.258,84.506,798.45,0.0,0.0,0.0,56.66,195.95
321.62,140.229,84.516,798.8,0.0,0.0,0.0,56.66,195.96
321.68,140.184,84.53,799.32,0.0,0.0,0.0,56.65,195.96
321.74,140.139,84.545,799.85,0.0,0.0,0.0,56.65,195.96
321.78,140.109,84.555,800.2,0.0,0.0,0.0,56.65,195.96
321.84,140.064,84.569,800.73,0.0,0.0,0.0,56.64,195.96
321.88,140.034,84.579,801.08,0.0,0.0,0.0,56.64,195.97
321.94,139.989,84.594,801.61,0.0,0.0,0.0,56.63,195.97
321.96,139.974,84.598,801.78,0.0,0.0,0.0,56.63,195.97
321.96,139.959,84.608,802.13,0.0,0.0,0.0,56.62,195.97
322.04,139.914,84.618,802.49,0.0,0.0,0.0,56.62,195.97
322.08,139.884,84.628,802.84,0.0,0.0,0.0,56.62,195.97
322.14,139.839,84.642,803.36,0.0,0.0,0.0,56.61,195.98
322.2,139.794,84.657,803.89,0.0,0.0,0.0,56.61,195.98
322.24,139.764,84.666,804.24,0.0,0.0,0.0,56.6,195.98
322.3,139.719,84.681,804.77,0.0,0.0,0.0,56.6,195.98
322.34,139.689,84.691,805.12,0.0,0.0,0.0,56.59,195.98
322.4,139.643,84.705,805.65,0.0,0.0,0.0,56.59,195.99
322.44,139.613,84.715,806.0,0.0,0.0,0.0,56.58,195.99
322.5,139.568,84.73,806.53,0.0,0.0,0.0,56.58,195.99
322.54,139.538,84.739,806.88,0.0,0.0,0.0,56.57,195.99
322.6,139.492,84.754,807.41,0.0,0.0,0.0,56.57,195.99
322.64,139.462,84.764,807.76,0.0,0.0,0.0,56.56,196.0
322.7,139.417,84.778,808.29,0.0,0.0,0.0,56.56,196.0
322.74,139.387,84.788,808.64,0.0,0.0,0.0,56.55,196.0
322.8,139.341,84.803,809.17,0.0,0.0,0.0,56.55,196.0
322.86,139.296,84.817,809.7,0.0,0.0,0.0,56.54,196.0
322.9,139.265,84.827,810.05,0.0,0.0,0.0,56.54,196.01
322.96,139.22,84.842,810.58,0.0,0.0,0.0,56.53,196.01
323.0,139.189,84.851,810.93,0.0,0.0,0.0,56.53,196.01
323.06,139.144,84.866,811.46,0.0,0.0,0.0,56.52,196.01
323.1,139.113,84.876,811.81,0.0,0.0,0.0,56.52,196.01
323.16,139.068,84.89,812.34,0.0,0.0,0.0,56.51,196.01
323.2,139.037,84.9,812.69,0.0,0.0,0.0,56.51,196.02
323.26,138.992,84.915,813.22,0.0,0.0,0.0,56.5,196.02
323.3,138.961,84.924,813.57,0.0,0.0,0.0,56.5,196.02
323.36,138.915,84.939,814.1,0.0,0.0,0.0,56.49,196.02
323.4,138.885,84.949,814.45,0.0,0.0,0.0,56.49,196.02
323.44,138.854,84.959,814.8,0.0,0.0,0.0,56.49,196.03
323.5,138.808,84.973,815.33,0.0,0.0,0.0,56.48,196.03
323.56,138.763,84.988,815.86,0.0,0.0,0.0,56.47,196.03
323.6,138.732,84.997,816.21,0.0,0.0,0.0,56.47,196.03
323.66,138.686,85.012,816.74,0.0,0.0,0.0,56.47,196.03
323.7,138.655,85.022,817.09,0.0,0.0,0.0,56.46,196.04
323.76,138.609,85.036,817.62,0.0,0.0,0.0,56.46,196.04
323.8,138.579,85.046,817.97,0.0,0.0,0.0,56.45,196.04
323.86,138.533,85.061,818.5,0.0,0.0,0.0,56.45,196.04
323.9,138.502,85.071,818.86,0.0,0.0,0.0,56.44,196.04
323.96,138.456,85.085,819.38,0.0,0.0,0.0,56.44,196.05
324.0,138.425,85.095,819.74,0.0,0.0,0.0,56.43,196.05
324.06,138.379,85.11,820.27,0.0,0.0,0.0,56.43,196.05
324.1,138.348,85.119,820.62,0.0,0.0,0.0,56.42,196.05
324.16,138.302,85.134,821.15,0.0,0.0,0.0,56.42,196.05
324.2,138.271,85.144,821.5,0.0,0.0,0.0,56.41,196.05
324.26,138.225,85.158,822.03,0.0,0.0,0.0,56.41,196.06
324.3,138.194,85.168,822.38,0.0,0.0,0.0,56.4,196.06
324.36,138.148,85.183,822.91,0.0,0.0,0.0,56.4,196.06
324.42,138.101,85.197,823.44,0.0,0.0,0.0,56.39,196.06
324.46,138.07,85.207,823.79,0.0,0.0,0.0,56.39,196.06
324.5,138.04,85.217,824.15,0.0,0.0,0.0,56.38,196.07
324.56,137.993,85.231,824.68,0.0,0.0,0.0,56.38,196.07
324.62,137.947,85.246,825.21,0.0,0.0,0.0,56.37,196.07
324.66,137.916,85.256,825.56,0.0,0.0,0.0,56.37,196.07
324.72,137.869,85.27,826.09,0.0,0.0,0.0,56.36,196.07
324.76,137.838,85.28,826.44,0.0,0.0,0.0,56.36,196.08
324.82,137.792,85.295,826.97,0.0,0.0,0.0,56.35,196.08
324.86,137.76,85.305,827.33,0.0,0.0,0.0,56.35,196.08
324.92,137.714,85.319,827.85,0.0,0.0,0.0,56.34,196.08
324.96,137.683,85.329,828.21,0.0,0.0,0.0,56.34,196.08
325.02,137.636,85.344,828.74,0.0,0.0,0.0,56.34,196.09
325.06,137.605,85.353,829.09,0.0,0.0,0.0,56.33,196.09
325.1,137.574,85.363,829.44,0.0,0.0,0.0,56.33,196.09
325.16,137.527,85.378,829.97,0.0,0.0,0.0,56.32,196.09
325.2,137.496,85.388,830.33,0.0,0.0,0.0,56.32,196.09
325.26,137.449,85.402,830.86,0.0,0.0,0.0,56.31,196.09
325.32,137.402,85.417,831.39,0.0,0.0,0.0,56.31,196.1
325.36,137.371,85.427,831.74,0.0,0.0,0.0,56.3,196.1
325.4,137.34,85.436,832.1,0.0,0.0,0.0,56.3,196.1
325.46,137.293,85.451,832.63,0.0,0.0,0.0,56.29,196.1
325.52,137.246,85.466,833.16,0.0,0.0,0.0,56.29,196.1
325.56,137.214,85.475,833.51,0.0,0.0,0.0,56.28,196.11
325.62,137.167,85.49,834.04,0.0,0.0,0.0,56.28,196.11
325.66,137.136,85.5,834.39,0.0,0.0,0.0,56.27,196.11
325.72,137.089,85.515,834.92,0.0,0.0,0.0,56.27,196.11
325.76,137.057,85.524,835.28,0.0,0.0,0.0,56.26,196.11
325.82,137.01,85.539,835.81,0.0,0.0,0.0,56.26,196.12
325.86,136.979,85.549,836.16,0.0,0.0,0.0,56.25,196.12
325.92,136.932,85.563,836.69,0.0,0.0,0.0,56.25,196.12
325.96,136.9,85.573,837.05,0.0,0.0,0.0,56.25,196.12
326.0,136.869,85.583,837.4,0.0,0.0,0.0,56.24,196.12
326.06,136.821,85.598,837.93,0.0,0.0,0.0,56.24,196.12
326.12,136.774,85.612,838.46,0.0,0.0,0.0,56.23,196.13
326.16,136.742,85.622,838.82,0.0,0.0,0.0,56.23,196.13
326.22,136.695,85.637,839.35,0.0,0.0,0.0,56.22,196.13
326.26,136.664,85.646,839.7,0.0,0.0,0.0,56.22,196.13
326.32,136.616,85.661,840.23,0.0,0.0,0.0,56.21,196.13
326.36,136.584,85.671,840.59,0.0,0.0,0.0,56.21,196.14
326.42,136.537,85.686,841.12,0.0,0.0,0.0,56.2,196.14
326.46,136.505,85.695,841.47,0.0,0.0,0.0,56.2,196.14
326.52,136.458,85.71,842.0,0.0,0.0,0.0,56.19,196.14
326.56,136.426,85.72,842.36,0.0,0.0,0.0,56.19,196.14
326.62,136.378,85.734,842.89,0.0,0.0,0.0,56.18,196.15
326.66,136.347,85.744,843.24,0.0,0.0,0.0,56.18,196.15
326.72,136.299,85.759,843.77,0.0,0.0,0.0,56.17,196.15
326.76,136.267,85.769,844.13,0.0,0.0,0.0,56.17,196.15
326.82,136.22,85.783,844.66,0.0,0.0,0.0,56.16,196.15
326.86,136.188,85.793,845.01,0.0,0.0,0.0,56.16,196.15
326.92,136.14,85.808,845.54,0.0,0.0,0.0,56.15,196.16
326.96,136.108,85.818,845.9,0.0,0.0,0.0,56.15,196.16
327.02,136.06,85.832,846.43,0.0,0.0,0.0,56.14,196.16
327.06,136.028,85.842,846.78,0.0,0.0,0.0,56.14,196.16
327.12,135.981,85.857,847.32,0.0,0.0,0.0,56.13,196.16
327.18,135.933,85.871,847.85,0.0,0.0,0.0,56.13,196.17
327.22,135.901,85.881,848.2,0.0,0.0,0.0,56.12,196.17
327.28,135.853,85.901,848.73,0.0,0.0,0.0,56.12,196.17
327.34,135.805,85.911,849.27,0.0,0.0,0.0,56.11,196.17
327.38,135.773,85.92,849.62,0.0,0.0,0.0,56.11,196.17
327.44,135.725,85.935,850.15,0.0,0.0,0.0,56.1,196.18
327.48,135.693,85.945,850.51,0.0,0.0,0.0,56.1,196.18
327.54,135.645,85.959,851.04,0.0,0.0,0.0,56.09,196.18
327.58,135.612,85.969,851.39,0.0,0.0,0.0,56.09,196.18
327.64,135.564,85.984,851.93,0.0,0.0,0.0,56.08,196.18
327.68,135.532,85.994,852.28,0.0,0.0,0.0,56.08,196.19
327.74,135.484,86.008,852.81,0.0,0.0,0.0,56.07,196.19
327.78,135.452,86.018,853.17,0.0,0.0,0.0,56.07,196.19
327.84,135.403,86.033,853.7,0.0,0.0,0.0,56.07,196.19
327.88,135.371,86.043,854.05,0.0,0.0,0.0,56.06,196.19
327.94,135.323,86.057,854.59,0.0,0.0,0.0,56.06,196.2
328.0,135.275,86.072,855.12,0.0,0.0,0.0,56.05,196.2
328.04,135.242,86.082,855.47,0.0,0.0,0.0,56.05,196.2
328.1,135.194,86.097,856.01,0.0,0.0,0.0,56.04,196.2
328.14,135.162,86.106,856.36,0.0,0.0,0.0,56.04,196.2
328.2,135.113,86.121,856.89,0.0,0.0,0.0,56.03,196.21
328.24,135.081,86.131,857.25,0.0,0.0,0.0,56.03,196.21
328.3,135.032,86.146,857.78,0.0,0.0,0.0,56.02,196.21
328.34,135.0,86.155,858.14,0.0,0.0,0.0,56.02,196.21
328.4,134.951,86.17,858.67,0.0,0.0,0.0,56.01,196.21
328.44,134.919,86.18,859.02,0.0,0.0,0.0,56.01,196.21
328.48,134.886,86.19,859.38,0.0,0.0,0.0,56.0,196.22
328.54,134.838,86.204,859.91,0.0,0.0,0.0,56.0,196.22
328.58,134.805,86.214,860.27,0.0,0.0,0.0,55.99,196.22
328.64,134.756,86.229,860.8,0.0,0.0,0.0,55.99,196.22
328.68,134.724,86.239,861.16,0.0,0.0,0.0,55.98,196.22
328.74,134.675,86.253,861.69,0.0,0.0,0.0,55.98,196.23
328.78,134.643,86.263,862.04,0.0,0.0,0.0,55.98,196.23
328.84,134.594,86.278,862.58,0.0,0.0,0.0,55.97,196.23
328.88,134.561,86.288,862.93,0.0,0.0,0.0,55.97,196.23
328.94,134.512,86.302,863.47,0.0,0.0,0.0,55.96,196.23
328.98,134.48,86.312,863.82,0.0,0.0,0.0,55.96,196.23
329.04,134.431,86.327,864.35,0.0,0.0,0.0,55.95,196.24
329.08,134.398,86.337,864.71,0.0,0.0,0.0,55.95,196.24
329.14,134.349,86.351,865.24,0.0,0.0,0.0,55.94,196.24
329.18,134.316,86.361,865.6,0.0,0.0,0.0,55.94,196.24
329.24,134.267,86.376,866.13,0.0,0.0,0.0,55.93,196.24
329.3,134.218,86.391,866.66,0.0,0.0,0.0,55.93,196.25
329.34,134.185,86.401,867.02,0.0,0.0,0.0,55.92,196.25
329.4,134.136,86.415,867.55,0.0,0.0,0.0,55.92,196.25
329.44,134.104,86.425,867.91,0.0,0.0,0.0,55.91,196.25
329.5,134.054,86.44,868.44,0.0,0.0,0.0,55.91,196.25
329.54,134.021,86.45,868.8,0.0,0.0,0.0,55.9,196.26
329.6,133.972,86.464,869.33,0.0,0.0,0.0,55.9,196.26
329.64,133.939,86.474,869.69,0.0,0.0,0.0,55.89,196.26
329.7,133.89,86.489,870.22,0.0,0.0,0.0,55.89,196.26
329.74,133.857,86.499,870.58,0.0,0.0,0.0,55.88,196.26
329.8,133.808,86.513,871.11,0.0,0.0,0.0,55.88,196.26
329.84,133.775,86.523,871.47,0.0,0.0,0.0,55.87,196.27
329.9,133.725,86.538,872.0,0.0,0.0,0.0,55.87,196.27
329.94,133.692,86.548,872.36,0.0,0.0,0.0,55.86,196.27
330.0,133.643,86.563,872.89,0.0,0.0,0.0,55.86,196.27
330.04,133.61,86.572,873.25,0.0,0.0,0.0,55.85,196.27
330.1,133.56,86.587,873.78,0.0,0.0,0.0,55.85,196.28
330.14,133.527,86.597,874.14,0.0,0.0,0.0,55.84,196.28
330.2,133.478,86.612,874.67,0.0,0.0,0.0,55.84,196.28
330.24,133.445,86.621,875.03,0.0,0.0,0.0,55.84,196.28
330.3,133.395,86.636,875.56,0.0,0.0,0.0,55.83,196.28
330.36,133.345,86.651,876.1,0.0,0.0,0.0,55.82,196.29
330.4,133.312,86.661,876.45,0.0,0.0,0.0,55.82,196.29
330.46,133.262,86.675,876.99,0.0,0.0,0.0,55.81,196.29
330.5,133.229,86.685,877.34,0.0,0.0,0.0,55.81,196.29
330.56,133.179,86.7,877.88,0.0,0.0,0.0,55.8,196.29
330.6,133.146,86.71,878.23,0.0,0.0,0.0,55.8,196.29
330.66,133.096,86.725,878.77,0.0,0.0,0.0,55.8,196.3
330.7,133.063,86.734,879.12,0.0,0.0,0.0,55.79,196.3
330.76,133.013,86.749,879.66,0.0,0.0,0.0,55.79,196.3
330.8,132.98,86.759,880.01,0.0,0.0,0.0,55.78,196.3
330.86,132.93,86.774,880.55,0.0,0.0,0.0,55.78,196.3
330.9,132.896,86.784,880.91,0.0,0.0,0.0,55.77,196.31
330.96,132.846,86.798,881.44,0.0,0.0,0.0,55.77,196.31
331.0,132.813,86.808,881.8,0.0,0.0,0.0,55.76,196.31
331.06,132.763,86.823,882.33,0.0,0.0,0.0,55.76,196.31
331.1,132.729,86.833,882.69,0.0,0.0,0.0,55.75,196.31
331.16,132.679,86.847,883.22,0.0,0.0,0.0,55.75,196.32
331.2,132.646,86.857,883.58,0.0,0.0,0.0,55.74,196.32
331.26,132.596,86.872,884.11,0.0,0.0,0.0,55.74,196.32
331.32,132.545,86.887,884.65,0.0,0.0,0.0,55.73,196.32
331.36,132.512,86.897,885.01,0.0,0.0,0.0,55.73,196.32
331.42,132.462,86.911,885.54,0.0,0.0,0.0,55.72,196.32
331.46,132.428,86.921,885.9,0.0,0.0,0.0,55.72,196.33
331.5,132.394,86.931,886.25,0.0,0.0,0.0,55.71,196.33
331.56,132.344,86.946,886.79,0.0,0.0,0.0,55.71,196.33
331.6,132.311,86.956,887.15,0.0,0.0,0.0,55.7,196.33
331.64,132.277,86.966,887.5,0.0,0.0,0.0,55.7,196.33
331.7,132.226,86.98,888.04,0.0,0.0,0.0,55.7,196.34
331.76,132.176,86.995,888.57,0.0,0.0,0.0,55.69,196.34
331.8,132.142,87.005,888.93,0.0,0.0,0.0,55.69,196.34
331.86,132.092,87.02,889.47,0.0,0.0,0.0,55.68,196.34
331.92,132.041,87.034,890.0,0.0,0.0,0.0,55.67,196.34
331.96,132.007,87.044,890.36,0.0,0.0,0.0,55.67,196.34
332.02,131.957,87.059,890.89,0.0,0.0,0.0,55.66,196.35
332.06,131.923,87.069,891.25,0.0,0.0,0.0,55.66,196.35
332.12,131.872,87.084,891.79,0.0,0.0,0.0,55.66,196.35
332.16,131.838,87.093,892.14,0.0,0.0,0.0,55.65,196.35
332.2,131.805,87.103,892.5,0.0,0.0,0.0,55.65,196.35
332.26,131.754,87.118,893.04,0.0,0.0,0.0,55.64,196.36
332.3,131.72,87.128,893.39,0.0,0.0,0.0,55.64,196.36
332.36,131.669,87.143,893.93,0.0,0.0,0.0,55.63,196.36
332.4,131.635,87.153,894.29,0.0,0.0,0.0,55.63,196.36
332.44,131.601,87.162,894.64,0.0,0.0,0.0,55.62,196.36
332.52,131.533,87.182,895.36,0.0,0.0,0.0,55.62,196.37
332.56,131.5,87.192,895.71,0.0,0.0,0.0,55.61,196.37
332.62,131.449,87.207,896.25,0.0,0.0,0.0,55.61,196.37
332.66,131.415,87.217,896.61,0.0,0.0,0.0,55.6,196.37
332.7,131.381,87.226,896.96,0.0,0.0,0.0,55.6,196.37
332.76,131.329,87.241,897.5,0.0,0.0,0.0,55.59,196.37
332.82,131.278,87.256,898.04,0.0,0.0,0.0,55.59,196.38
332.86,131.244,87.266,898.39,0.0,0.0,0.0,55.58,196.38
332.9,131.21,87.276,898.75,0.0,0.0,0.0,55.58,196.38
332.96,131.159,87.29,899.29,0.0,0.0,0.0,55.57,196.38
332.98,131.125,87.3,899.65,0.0,0.0,0.0,55.57,196.38
333.06,131.074,87.315,900.18,0.0,0.0,0.0,55.57,196.39
333.1,131.04,87.325,900.54,0.0,0.0,0.0,55.56,196.39
333.16,130.988,87.34,901.08,0.0,0.0,0.0,55.56,196.39
333.2,130.954,87.35,901.43,0.0,0.0,0.0,55.55,196.39
333.2,130.937,87.359,901.79,0.0,0.0,0.0,55.55,196.39
333.28,130.886,87.369,902.15,0.0,0.0,0.0,55.54,196.39
333.34,130.834,87.384,902.68,0.0,0.0,0.0,55.54,196.4
333.38,130.8,87.394,903.04,0.0,0.0,0.0,55.53,196.4
333.44,130.749,87.409,903.58,0.0,0.0,0.0,55.53,196.4
333.48,130.714,87.419,903.94,0.0,0.0,0.0,55.52,196.4
333.54,130.663,87.433,904.47,0.0,0.0,0.0,55.52,196.4
333.58,130.628,87.443,904.83,0.0,0.0,0.0,55.52,196.4
333.62,130.594,87.453,905.19,0.0,0.0,0.0,55.51,196.41
333.68,130.542,87.468,905.72,0.0,0.0,0.0,55.51,196.41
333.72,130.508,87.478,906.08,0.0,0.0,0.0,55.5,196.41
333.78,130.456,87.493,906.62,0.0,0.0,0.0,55.5,196.41
333.82,130.422,87.502,906.98,0.0,0.0,0.0,55.49,196.41
333.88,130.37,87.517,907.51,0.0,0.0,0.0,55.49,196.42
333.92,130.336,87.527,907.87,0.0,0.0,0.0,55.48,196.42
333.98,130.284,87.542,908.41,0.0,0.0,0.0,55.48,196.42
334.04,130.232,87.557,908.95,0.0,0.0,0.0,55.47,196.42
334.08,130.198,87.567,909.3,0.0,0.0,0.0,55.47,196.42
334.14,130.146,87.581,909.84,0.0,0.0,0.0,55.46,196.43
334.18,130.111,87.591,910.2,0.0,0.0,0.0,55.46,196.43
334.24,130.059,87.606,910.74,0.0,0.0,0.0,55.45,196.43
334.28,130.025,87.616,911.09,0.0,0.0,0.0,55.45,196.43
334.34,129.973,87.631,911.63,0.0,0.0,0.0,55.44,196.43
334.38,129.938,87.641,911.99,0.0,0.0,0.0,55.44,196.43
334.44,129.886,87.655,912.53,0.0,0.0,0.0,55.43,196.44
334.48,129.852,87.665,912.88,0.0,0.0,0.0,55.43,196.44
334.54,129.8,87.68,913.42,0.0,0.0,0.0,55.42,196.44
334.58,129.765,87.69,913.78,0.0,0.0,0.0,55.42,196.44
334.64,129.713,87.705,914.32,0.0,0.0,0.0,55.41,196.44
334.68,129.678,87.715,914.68,0.0,0.0,0.0,55.41,196.44
334.74,129.626,87.729,915.21,0.0,0.0,0.0,55.4,196.45
334.78,129.591,87.739,915.57,0.0,0.0,0.0,55.4,196.45
334.84,129.539,87.754,916.11,0.0,0.0,0.0,55.39,196.45
334.88,129.504,87.764,916.47,0.0,0.0,0.0,55.39,196.45
334.94,129.452,87.779,917.0,0.0,0.0,0.0,55.38,196.45
334.98,129.417,87.789,917.36,0.0,0.0,0.0,55.38,196.46
335.04,129.364,87.804,917.9,0.0,0.0,0.0,55.38,196.46
335.08,129.329,87.813,918.26,0.0,0.0,0.0,55.37,196.46
335.14,129.277,87.828,918.8,0.0,0.0,0.0,55.37,196.46
335.18,129.242,87.838,919.15,0.0,0.0,0.0,55.36,196.46
335.24,129.19,87.853,919.69,0.0,0.0,0.0,55.36,196.47
335.28,129.155,87.863,920.05,0.0,0.0,0.0,55.35,196.47
335.34,129.102,87.878,920.59,0.0,0.0,0.0,55.35,196.47
335.38,129.067,87.888,920.95,0.0,0.0,0.0,55.34,196.47
335.44,129.015,87.902,921.49,0.0,0.0,0.0,55.34,196.47
335.5,128.962,87.917,922.02,0.0,0.0,0.0,55.33,196.47
335.54,128.927,87.927,922.38,0.0,0.0,0.0,55.33,196.48
335.6,128.874,87.942,922.92,0.0,0.0,0.0,55.32,196.48
335.64,128.839,87.952,923.28,0.0,0.0,0.0,55.32,196.48
335.7,128.786,87.967,923.82,0.0,0.0,0.0,55.31,196.48
335.74,128.751,87.976,924.18,0.0,0.0,0.0,55.31,196.48
335.8,128.698,87.991,924.71,0.0,0.0,0.0,55.3,196.49
335.84,128.663,88.001,925.07,0.0,0.0,0.0,55.3,196.49
335.88,128.628,88.011,925.43,0.0,0.0,0.0,55.29,196.49
335.94,128.575,88.026,925.97,0.0,0.0,0.0,55.29,196.49
336.0,128.522,88.041,926.51,0.0,0.0,0.0,55.28,196.49
336.04,128.487,88.051,926.87,0.0,0.0,0.0,55.28,196.49
336.1,128.434,88.065,927.4,0.0,0.0,0.0,55.27,196.5
336.14,128.399,88.075,927.76,0.0,0.0,0.0,55.27,196.5
336.2,128.346,88.09,928.3,0.0,0.0,0.0,55.26,196.5
336.24,128.31,88.1,928.66,0.0,0.0,0.0,55.26,196.5
336.28,128.275,88.11,929.02,0.0,0.0,0.0,55.26,196.5
336.34,128.222,88.125,929.56,0.0,0.0,0.0,55.25,196.51
336.38,128.187,88.135,929.92,0.0,0.0,0.0,55.25,196.51
336.44,128.134,88.15,930.46,0.0,0.0,0.0,55.24,196.51
336.5,128.08,88.164,930.99,0.0,0.0,0.0,55.24,196.51
336.54,128.045,88.174,931.35,0.0,0.0,0.0,55.23,196.51
336.6,127.992,88.189,931.89,0.0,0.0,0.0,55.23,196.51
336.64,127.956,88.199,932.25,0.0,0.0,0.0,55.22,196.52
336.7,127.903,88.214,932.79,0.0,0.0,0.0,55.22,196.52
336.74,127.867,88.224,933.15,0.0,0.0,0.0,55.21,196.52
336.8,127.814,88.239,933.69,0.0,0.0,0.0,55.21,196.52
336.86,127.761,88.254,934.23,0.0,0.0,0.0,55.2,196.52
336.9,127.725,88.263,934.59,0.0,0.0,0.0,55.2,196.53
336.94,127.689,88.273,934.95,0.0,0.0,0.0,55.19,196.53
337.0,127.636,88.288,935.48,0.0,0.0,0.0,55.19,196.53
337.04,127.6,88.298,935.84,0.0,0.0,0.0,55.18,196.53
337.1,127.547,88.313,936.38,0.0,0.0,0.0,55.18,196.53
337.16,127.493,88.328,936.92,0.0,0.0,0.0,55.17,196.54
337.2,127.458,88.338,937.28,0.0,0.0,0.0,55.17,196.54
337.26,127.404,88.353,937.82,0.0,0.0,0.0,55.16,196.54
337.3,127.368,88.362,938.18,0.0,0.0,0.0,55.16,196.54
337.36,127.315,88.377,938.72,0.0,0.0,0.0,55.15,196.54
337.4,127.279,88.387,939.08,0.0,0.0,0.0,55.15,196.54
337.46,127.225,88.402,939.62,0.0,0.0,0.0,55.14,196.55
337.5,127.189,88.412,939.98,0.0,0.0,0.0,55.14,196.55
337.56,127.136,88.427,940.52,0.0,0.0,0.0,55.13,196.55
337.6,127.1,88.437,940.88,0.0,0.0,0.0,55.13,196.55
337.66,127.046,88.452,941.41,0.0,0.0,0.0,55.12,196.55
337.7,127.01,88.462,941.77,0.0,0.0,0.0,55.12,196.55
337.76,126.956,88.476,942.31,0.0,0.0,0.0,55.11,196.56
337.8,126.92,88.486,942.67,0.0,0.0,0.0,55.11,196.56
337.86,126.866,88.501,943.21,0.0,0.0,0.0,55.1,196.56
337.9,126.83,88.511,943.57,0.0,0.0,0.0,55.1,196.56
337.96,126.776,88.526,944.11,0.0,0.0,0.0,55.09,196.56
338.0,126.74,88.536,944.47,0.0,0.0,0.0,55.09,196.57
338.06,126.686,88.551,945.01,0.0,0.0,0.0,55.09,196.57
338.1,126.65,88.561,945.37,0.0,0.0,0.0,55.08,196.57
338.16,126.596,88.576,945.91,0.0,0.0,0.0,55.08,196.57
338.2,126.56,88.585,946.27,0.0,0.0,0.0,55.07,196.57
338.26,126.506,88.6,946.81,0.0,0.0,0.0,55.07,196.57
338.3,126.47,88.61,947.17,0.0,0.0,0.0,55.06,196.58
338.36,126.415,88.625,947.71,0.0,0.0,0.0,55.06,196.58
338.4,126.379,88.635,948.07,0.0,0.0,0.0,55.05,196.58
338.46,126.325,88.65,948.61,0.0,0.0,0.0,55.05,196.58
338.5,126.289,88.66,948.97,0.0,0.0,0.0,55.04,196.58
338.56,126.234,88.675,949.51,0.0,0.0,0.0,55.04,196.59
338.6,126.198,88.685,949.87,0.0,0.0,0.0,55.03,196.59
338.66,126.144,88.7,950.41,0.0,0.0,0.0,55.03,196.59
338.7,126.108,88.709,950.77,0.0,0.0,0.0,55.02,196.59
338.76,126.053,88.724,951.31,0.0,0.0,0.0,55.02,196.59
338.8,126.017,88.734,951.67,0.0,0.0,0.0,55.01,196.59
338.86,125.962,88.749,952.21,0.0,0.0,0.0,55.01,196.6
338.9,125.926,88.759,952.57,0.0,0.0,0.0,55.0,196.6
338.96,125.871,88.774,953.11,0.0,0.0,0.0,55.0,196.6
339.02,125.817,88.789,953.65,0.0,0.0,0.0,54.99,196.6
339.06,125.78,88.799,954.01,0.0,0.0,0.0,54.99,196.6
339.12,125.726,88.814,954.55,0.0,0.0,0.0,54.98,196.61
339.16,125.689,88.824,954.91,0.0,0.0,0.0,54.98,196.61
339.22,125.635,88.838,955.45,0.0,0.0,0.0,54.97,196.61
339.26,125.598,88.848,955.81,0.0,0.0,0.0,54.97,196.61
339.32,125.543,88.863,956.35,0.0,0.0,0.0,54.96,196.61
339.36,125.507,88.873,956.71,0.0,0.0,0.0,54.96,196.61
339.42,125.452,88.888,957.25,0.0,0.0,0.0,54.95,196.62
339.46,125.416,88.898,957.61,0.0,0.0,0.0,54.95,196.62
339.52,125.361,88.913,958.15,0.0,0.0,0.0,54.94,196.62
339.56,125.324,88.923,958.51,0.0,0.0,0.0,54.94,196.62
339.62,125.269,88.938,959.06,0.0,0.0,0.0,54.94,196.62
339.66,125.232,88.948,959.42,0.0,0.0,0.0,54.93,196.63
339.72,125.178,88.963,959.96,0.0,0.0,0.0,54.93,196.63
339.78,125.122,88.977,960.5,0.0,0.0,0.0,54.92,196.63
339.82,125.086,88.987,960.86,0.0,0.0,0.0,54.92,196.63
339.86,125.049,88.997,961.22,0.0,0.0,0.0,54.91,196.63
339.92,124.994,89.012,961.76,0.0,0.0,0.0,54.91,196.63
339.96,124.957,89.022,962.12,0.0,0.0,0.0,54.9,196.64
340.02,124.902,89.037,962.66,0.0,0.0,0.0,54.9,196.64
340.08,124.847,89.052,963.2,0.0,0.0,0.0,54.89,196.64
340.12,124.81,89.062,963.56,0.0,0.0,0.0,54.89,196.64
340.18,124.755,89.077,964.1,0.0,0.0,0.0,54.88,196.64
340.22,124.718,89.087,964.46,0.0,0.0,0.0,54.88,196.65
340.28,124.663,89.102,965.0,0.0,0.0,0.0,54.87,196.65
340.32,124.626,89.112,965.37,0.0,0.0,0.0,54.87,196.65
340.38,124.57,89.127,965.91,0.0,0.0,0.0,54.86,196.65
340.42,124.534,89.137,966.27,0.0,0.0,0.0,54.86,196.65
340.46,124.497,89.146,966.63,0.0,0.0,0.0,54.85,196.65
340.52,124.441,89.161,967.17,0.0,0.0,0.0,54.85,196.66
340.58,124.386,89.176,967.71,0.0,0.0,0.0,54.84,196.66
340.62,124.349,89.186,968.07,0.0,0.0,0.0,54.84,196.66
340.68,124.293,89.201,968.61,0.0,0.0,0.0,54.83,196.66
340.72,124.256,89.211,968.97,0.0,0.0,0.0,54.83,196.66
340.78,124.201,89.226,969.51,0.0,0.0,0.0,54.82,196.67
340.82,124.163,89.236,969.88,0.0,0.0,0.0,54.82,196.67
340.88,124.108,89.251,970.42,0.0,0.0,0.0,54.81,196.67
340.92,124.071,89.261,970.78,0.0,0.0,0.0,54.81,196.67
340.98,124.015,89.276,971.32,0.0,0.0,0.0,54.8,196.67
341.02,123.978,89.286,971.68,0.0,0.0,0.0,54.8,196.67
341.08,123.922,89.301,972.22,0.0,0.0,0.0,54.79,196.68
341.12,123.885,89.311,972.58,0.0,0.0,0.0,54.79,196.68
341.18,123.829,89.325,973.12,0.0,0.0,0.0,54.79,196.68
341.22,123.792,89.335,973.49,0.0,0.0,0.0,54.78,196.68
341.28,123.736,89.35,974.03,0.0,0.0,0.0,54.78,196.68
341.32,123.699,89.36,974.39,0.0,0.0,0.0,54.77,196.68
341.38,123.643,89.375,974.93,0.0,0.0,0.0,54.77,196.69
341.42,123.606,89.385,975.29,0.0,0.0,0.0,54.76,196.69
341.48,123.55,89.4,975.83,0.0,0.0,0.0,54.76,196.69
341.54,123.494,89.415,976.38,0.0,0.0,0.0,54.75,196.69
341.58,123.456,89.425,976.74,0.0,0.0,0.0,54.75,196.69
341.64,123.4,89.44,977.28,0.0,0.0,0.0,54.74,196.7
341.68,123.363,89.45,977.64,0.0,0.0,0.0,54.74,196.7
341.74,123.307,89.465,978.18,0.0,0.0,0.0,54.73,196.7
341.78,123.269,89.475,978.54,0.0,0.0,0.0,54.73,196.7
341.84,123.213,89.49,979.08,0.0,0.0,0.0,54.72,196.7
341.88,123.176,89.5,979.45,0.0,0.0,0.0,54.72,196.7
341.94,123.119,89.515,979.99,0.0,0.0,0.0,54.71,196.71
341.98,123.082,89.525,980.35,0.0,0.0,0.0,54.71,196.71
342.04,123.025,89.54,980.89,0.0,0.0,0.0,54.7,196.71
342.08,122.988,89.55,981.25,0.0,0.0,0.0,54.7,196.71
342.14,122.932,89.564,981.8,0.0,0.0,0.0,54.69,196.71
342.18,122.894,89.574,982.16,0.0,0.0,0.0,54.69,196.72
342.24,122.838,89.589,982.7,0.0,0.0,0.0,54.68,196.72
342.28,122.8,89.599,983.06,0.0,0.0,0.0,54.68,196.72
342.34,122.743,89.614,983.6,0.0,0.0,0.0,54.67,196.72
342.38,122.706,89.624,983.96,0.0,0.0,0.0,54.67,196.72
342.44,122.649,89.639,984.51,0.0,0.0,0.0,54.66,196.72
342.48,122.612,89.649,984.87,0.0,0.0,0.0,54.66,196.73
342.54,122.555,89.664,985.41,0.0,0.0,0.0,54.65,196.73
342.58,122.517,89.674,985.77,0.0,0.0,0.0,54.65,196.73
342.64,122.461,89.689,986.31,0.0,0.0,0.0,54.64,196.73
342.68,122.423,89.699,986.68,0.0,0.0,0.0,54.64,196.73
342.74,122.366,89.714,987.22,0.0,0.0,0.0,54.63,196.74
342.78,122.328,89.724,987.58,0.0,0.0,0.0,54.63,196.74
342.84,122.272,89.739,988.12,0.0,0.0,0.0,54.63,196.74
342.88,122.234,89.749,988.49,0.0,0.0,0.0,54.62,196.74
342.94,122.177,89.764,989.03,0.0,0.0,0.0,54.62,196.74
343.0,122.12,89.779,989.57,0.0,0.0,0.0,54.61,196.74
343.04,122.082,89.789,989.93,0.0,0.0,0.0,54.61,196.75
343.1,122.025,89.804,990.47,0.0,0.0,0.0,54.6,196.75
343.14,121.987,89.814,990.84,0.0,0.0,0.0,54.6,196.75
343.2,121.93,89.829,991.38,0.0,0.0,0.0,54.59,196.75
343.24,121.892,89.839,991.74,0.0,0.0,0.0,54.59,196.75
343.3,121.835,89.854,992.28,0.0,0.0,0.0,54.58,196.76
343.34,121.797,89.864,992.65,0.0,0.0,0.0,54.58,196.76
343.4,121.74,89.878,993.19,0.0,0.0,0.0,54.57,196.76
343.44,121.702,89.888,993.55,0.0,0.0,0.0,54.57,196.76
343.5,121.645,89.903,994.09,0.0,0.0,0.0,54.56,196.76
343.54,121.607,89.913,994.46,0.0,0.0,0.0,54.56,196.76
343.6,121.55,89.928,995.0,0.0,0.0,0.0,54.55,196.77
343.64,121.512,89.938,995.36,0.0,0.0,0.0,54.55,196.77
343.7,121.455,89.953,995.9,0.0,0.0,0.0,54.54,196.77
343.74,121.416,89.963,996.27,0.0,0.0,0.0,54.54,196.77
343.8,121.359,89.978,996.81,0.0,0.0,0.0,54.53,196.77
343.84,121.321,89.988,997.17,0.0,0.0,0.0,54.53,196.77
343.9,121.263,90.003,997.72,0.0,0.0,0.0,54.52,196.78
343.94,121.225,90.013,998.08,0.0,0.0,0.0,54.52,196.78
344.0,121.168,90.028,998.62,0.0,0.0,0.0,54.51,196.78
344.04,121.13,90.038,998.98,0.0,0.0,0.0,54.51,196.78
344.1,121.072,90.053,999.53,0.0,0.0,0.0,54.5,196.78
344.14,121.034,90.063,999.89,0.0,0.0,0.0,54.5,196.78
344.2,120.976,90.078,1000.43,0.0,0.0,0.0,54.49,196.79
344.24,120.938,90.088,1000.79,0.0,0.0,0.0,54.49,196.79
344.3,120.88,90.103,1001.34,0.0,0.0,0.0,54.48,196.79
344.34,120.842,90.113,1001.7,0.0,0.0,0.0,54.48,196.79
344.4,120.784,90.128,1002.24,0.0,0.0,0.0,54.47,196.79
344.44,120.746,90.138,1002.61,0.0,0.0,0.0,54.47,196.8
344.5,120.688,90.153,1003.15,0.0,0.0,0.0,54.46,196.8
344.54,120.65,90.163,1003.51,0.0,0.0,0.0,54.46,196.8
344.6,120.592,90.178,1004.06,0.0,0.0,0.0,54.46,196.8
344.66,120.534,90.193,1004.6,0.0,0.0,0.0,54.45,196.8
344.7,120.496,90.203,1004.96,0.0,0.0,0.0,54.45,196.8
344.76,120.438,90.218,1005.51,0.0,0.0,0.0,54.44,196.81
344.8,120.399,90.228,1005.87,0.0,0.0,0.0,54.44,196.81
344.86,120.341,90.243,1006.41,0.0,0.0,0.0,54.43,196.81
344.9,120.303,90.253,1006.77,0.0,0.0,0.0,54.43,196.81
344.96,120.245,90.268,1007.32,0.0,0.0,0.0,54.42,196.81
345.0,120.206,90.278,1007.68,0.0,0.0,0.0,54.42,196.82
345.06,120.148,90.293,1008.22,0.0,0.0,0.0,54.41,196.82
345.1,120.109,90.303,1008.59,0.0,0.0,0.0,54.41,196.82
345.14,120.071,90.313,1008.95,0.0,0.0,0.0,54.4,196.82
345.2,120.013,90.328,1009.49,0.0,0.0,0.0,54.4,196.82
345.26,119.955,90.343,1010.04,0.0,0.0,0.0,54.39,196.82
345.3,119.916,90.353,1010.4,0.0,0.0,0.0,54.39,196.83
345.34,119.877,90.363,1010.76,0.0,0.0,0.0,54.38,196.83
345.4,119.819,90.378,1011.31,0.0,0.0,0.0,54.38,196.83
345.44,119.78,90.388,1011.67,0.0,0.0,0.0,54.37,196.83
345.5,119.722,90.403,1012.21,0.0,0.0,0.0,54.37,196.83
345.54,119.683,90.413,1012.58,0.0,0.0,0.0,54.36,196.83
345.6,119.625,90.428,1013.12,0.0,0.0,0.0,54.36,196.84
345.66,119.566,90.443,1013.67,0.0,0.0,0.0,54.35,196.84
345.7,119.527,90.453,1014.03,0.0,0.0,0.0,54.35,196.84
345.76,119.469,90.468,1014.57,0.0,0.0,0.0,54.34,196.84
345.8,119.43,90.478,1014.94,0.0,0.0,0.0,54.34,196.84
345.86,119.371,90.493,1015.48,0.0,0.0,0.0,54.33,196.85
345.9,119.332,90.503,1015.84,0.0,0.0,0.0,54.33,196.85
345.96,119.274,90.518,1016.39,0.0,0.0,0.0,54.32,196.85
346.0,119.235,90.528,1016.75,0.0,0.0,0.0,54.32,196.85
346.06,119.176,90.543,1017.29,0.0,0.0,0.0,54.31,196.85
346.12,119.118,90.558,1017.84,0.0,0.0,0.0,54.31,196.85
346.16,119.079,90.568,1018.2,0.0,0.0,0.0,54.3,196.86
346.2,119.04,90.578,1018.56,0.0,0.0,0.0,54.3,196.86
346.26,118.981,90.593,1019.11,0.0,0.0,0.0,54.29,196.86
346.3,118.942,90.603,1019.47,0.0,0.0,0.0,54.29,196.86
346.36,118.883,90.618,1020.02,0.0,0.0,0.0,54.28,196.86
346.42,118.824,90.633,1020.56,0.0,0.0,0.0,54.28,196.86
346.46,118.785,90.643,1020.92,0.0,0.0,0.0,54.27,196.87
346.5,118.746,90.653,1021.29,0.0,0.0,0.0,54.27,196.87
346.56,118.687,90.668,1021.83,0.0,0.0,0.0,54.27,196.87
346.6,118.648,90.678,1022.2,0.0,0.0,0.0,54.26,196.87
346.66,118.589,90.693,1022.74,0.0,0.0,0.0,54.26,196.87
346.7,118.55,90.703,1023.1,0.0,0.0,0.0,54.25,196.87
346.76,118.491,90.718,1023.65,0.0,0.0,0.0,54.25,196.88
346.8,118.451,90.728,1024.01,0.0,0.0,0.0,54.24,196.88
346.86,118.392,90.743,1024.56,0.0,0.0,0.0,54.24,196.88
346.9,118.353,90.753,1024.92,0.0,0.0,0.0,54.23,196.88
346.96,118.294,90.768,1025.47,0.0,0.0,0.0,54.23,196.88
347.0,118.254,90.778,1025.83,0.0,0.0,0.0,54.22,196.89
347.06,118.195,90.793,1026.37,0.0,0.0,0.0,54.22,196.89
347.12,118.136,90.808,1026.92,0.0,0.0,0.0,54.21,196.89
347.16,118.097,90.818,1027.28,0.0,0.0,0.0,54.21,196.89
347.22,118.037,90.833,1027.83,0.0,0.0,0.0,54.2,196.89
347.26,117.998,90.843,1028.19,0.0,0.0,0.0,54.2,196.89
347.32,117.939,90.858,1028.74,0.0,0.0,0.0,54.19,196.9
347.36,117.899,90.868,1029.1,0.0,0.0,0.0,54.19,196.9
347.42,117.84,90.884,1029.64,0.0,0.0,0.0,54.18,196.9
347.46,117.8,90.894,1030.01,0.0,0.0,0.0,54.18,196.9
347.52,117.741,90.909,1030.55,0.0,0.0,0.0,54.17,196.9
348.4,116.846,91.134,1038.74,0.0,0.0,0.0,54.08,196.93
348.46,116.806,91.144,1039.1,0.0,0.0,0.0,54.08,196.94
348.5,116.766,91.154,1039.46,0.0,0.0,0.0,54.08,196.94
348.56,116.706,91.169,1040.01,0.0,0.0,0.0,54.07,196.94
348.6,116.666,91.179,1040.37,0.0,0.0,0.0,54.07,196.94
348.66,116.606,91.194,1040.92,0.0,0.0,0.0,54.06,196.94
348.7,116.566,91.204,1041.28,0.0,0.0,0.0,54.06,196.94
348.76,116.506,91.22,1041.83,0.0,0.0,0.0,54.05,196.95
348.8,116.465,91.23,1042.19,0.0,0.0,0.0,54.05,196.95
348.86,116.405,91.245,1042.74,0.0,0.0,0.0,54.04,196.95
348.9,116.365,91.255,1043.1,0.0,0.0,0.0,54.04,196.95
348.96,116.305,91.27,1043.65,0.0,0.0,0.0,54.03,196.95
349.0,116.265,91.28,1044.01,0.0,0.0,0.0,54.03,196.95
349.06,116.205,91.295,1044.56,0.0,0.0,0.0,54.02,196.96
349.1,116.164,91.305,1044.92,0.0,0.0,0.0,54.02,196.96
349.16,116.104,91.32,1045.47,0.0,0.0,0.0,54.01,196.96
349.2,116.064,91.33,1045.83,0.0,0.0,0.0,54.01,196.96
349.26,116.003,91.345,1046.38,0.0,0.0,0.0,54.0,196.96
349.3,115.963,91.355,1046.75,0.0,0.0,0.0,54.0,196.96
349.36,115.903,91.37,1047.29,0.0,0.0,0.0,53.99,196.97
349.4,115.862,91.38,1047.66,0.0,0.0,0.0,53.99,196.97
349.46,115.802,91.395,1048.2,0.0,0.0,0.0,53.98,196.97
349.5,115.762,91.405,1048.57,0.0,0.0,0.0,53.98,196.97
349.56,115.701,91.42,1049.11,0.0,0.0,0.0,53.97,196.97
349.6,115.661,91.43,1049.48,0.0,0.0,0.0,53.97,196.98
349.66,115.6,91.446,1050.02,0.0,0.0,0.0,53.96,196.98
349.7,115.56,91.456,1050.39,0.0,0.0,0.0,53.96,196.98
349.76,115.499,91.471,1050.93,0.0,0.0,0.0,53.95,196.98
349.8,115.458,91.481,1051.3,0.0,0.0,0.0,53.95,196.98
349.86,115.398,91.496,1051.85,0.0,0.0,0.0,53.94,196.98
349.9,115.357,91.506,1052.21,0.0,0.0,0.0,53.94,196.99
349.96,115.296,91.521,1052.76,0.0,0.0,0.0,53.93,196.99
350.0,115.256,91.531,1053.12,0.0,0.0,0.0,53.93,196.99
350.06,115.195,91.546,1053.67,0.0,0.0,0.0,53.92,196.99
350.1,115.154,91.556,1054.03,0.0,0.0,0.0,53.92,196.99
350.16,115.094,91.571,1054.58,0.0,0.0,0.0,53.91,196.99
350.2,115.053,91.581,1054.94,0.0,0.0,0.0,53.91,197.0
350.26,114.992,91.596,1055.49,0.0,0.0,0.0,53.9,197.0
350.3,114.951,91.606,1055.85,0.0,0.0,0.0,53.9,197.0
350.36,114.89,91.621,1056.4,0.0,0.0,0.0,53.89,197.0
350.42,114.829,91.637,1056.95,0.0,0.0,0.0,53.89,197.0
350.46,114.789,91.647,1057.31,0.0,0.0,0.0,53.89,197.0
350.52,114.728,91.662,1057.86,0.0,0.0,0.0,53.88,197.01
350.56,114.687,91.672,1058.22,0.0,0.0,0.0,53.88,197.01
350.62,114.626,91.687,1058.77,0.0,0.0,0.0,53.87,197.01
350.66,114.585,91.697,1059.14,0.0,0.0,0.0,53.87,197.01
350.72,114.524,91.712,1059.68,0.0,0.0,0.0,53.86,197.01
350.76,114.483,91.722,1060.05,0.0,0.0,0.0,53.86,197.02
350.82,114.422,91.737,1060.59,0.0,0.0,0.0,53.85,197.02
350.86,114.381,91.747,1060.96,0.0,0.0,0.0,53.85,197.02
350.92,114.319,91.762,1061.51,0.0,0.0,0.0,53.84,197.02
350.96,114.278,91.772,1061.87,0.0,0.0,0.0,53.84,197.02
351.02,114.217,91.787,1062.42,0.0,0.0,0.0,53.83,197.02
351.06,114.176,91.798,1062.78,0.0,0.0,0.0,53.83,197.03
351.12,114.115,91.813,1063.33,0.0,0.0,0.0,53.82,197.03
351.16,114.074,91.823,1063.69,0.0,0.0,0.0,53.82,197.03
351.22,114.012,91.838,1064.24,0.0,0.0,0.0,53.81,197.03
351.26,113.971,91.848,1064.61,0.0,0.0,0.0,53.81,197.03
351.32,113.91,91.863,1065.15,0.0,0.0,0.0,53.8,197.03
351.36,113.869,91.873,1065.52,0.0,0.0,0.0,53.8,197.04
351.42,113.807,91.888,1066.07,0.0,0.0,0.0,53.79,197.04
351.48,113.745,91.903,1066.61,0.0,0.0,0.0,53.78,197.04
351.52,113.704,91.913,1066.98,0.0,0.0,0.0,53.78,197.04
351.58,113.643,91.928,1067.53,0.0,0.0,0.0,53.78,197.04
351.62,113.601,91.939,1067.89,0.0,0.0,0.0,53.77,197.04
351.68,113.54,91.954,1068.44,0.0,0.0,0.0,53.77,197.05
351.72,113.498,91.964,1068.8,0.0,0.0,0.0,53.76,197.05
351.78,113.437,91.979,1069.35,0.0,0.0,0.0,53.76,197.05
351.82,113.395,91.989,1069.72,0.0,0.0,0.0,53.75,197.05
351.88,113.334,92.004,1070.26,0.0,0.0,0.0,53.75,197.05
351.92,113.292,92.014,1070.63,0.0,0.0,0.0,53.74,197.05
351.98,113.23,92.029,1071.18,0.0,0.0,0.0,53.74,197.06
352.02,113.189,92.039,1071.54,0.0,0.0,0.0,53.73,197.06
352.08,113.127,92.054,1072.09,0.0,0.0,0.0,53.73,197.06
352.12,113.086,92.064,1072.46,0.0,0.0,0.0,53.72,197.06
352.18,113.024,92.08,1073.0,0.0,0.0,0.0,53.72,197.06
352.22,112.982,92.09,1073.37,0.0,0.0,0.0,53.71,197.07
352.28,112.92,92.105,1073.92,0.0,0.0,0.0,53.71,197.07
352.32,112.879,92.115,1074.28,0.0,0.0,0.0,53.7,197.07
352.36,112.837,92.125,1074.65,0.0,0.0,0.0,53.7,197.07
352.42,112.775,92.14,1075.19,0.0,0.0,0.0,53.69,197.07
352.48,112.713,92.155,1075.74,0.0,0.0,0.0,53.69,197.07
352.52,112.671,92.165,1076.11,0.0,0.0,0.0,53.68,197.08
352.58,112.609,92.18,1076.66,0.0,0.0,0.0,53.68,197.08
352.62,112.568,92.19,1077.02,0.0,0.0,0.0,53.67,197.08
352.68,112.505,92.206,1077.57,0.0,0.0,0.0,53.67,197.08
352.72,112.464,92.216,1077.93,0.0,0.0,0.0,53.66,197.08
352.78,112.401,92.231,1078.48,0.0,0.0,0.0,53.66,197.08
352.82,112.36,92.241,1078.85,0.0,0.0,0.0,53.65,197.09
352.88,112.297,92.256,1079.4,0.0,0.0,0.0,53.65,197.09
352.92,112.256,92.266,1079.76,0.0,0.0,0.0,53.64,197.09
352.98,112.193,92.281,1080.31,0.0,0.0,0.0,53.64,197.09
353.02,112.152,92.291,1080.67,0.0,0.0,0.0,53.63,197.09
353.08,112.089,92.306,1081.22,0.0,0.0,0.0,53.63,197.09
353.12,112.047,92.317,1081.59,0.0,0.0,0.0,53.62,197.1
353.18,111.985,92.332,1082.14,0.0,0.0,0.0,53.62,197.1
353.24,111.922,92.347,1082.69,0.0,0.0,0.0,53.61,197.1
353.28,111.88,92.357,1083.05,0.0,0.0,0.0,53.61,197.1
353.34,111.818,92.372,1083.6,0.0,0.0,0.0,53.6,197.1
353.38,111.776,92.382,1083.96,0.0,0.0,0.0,53.6,197.1
353.44,111.713,92.397,1084.51,0.0,0.0,0.0,53.59,197.11
353.48,111.671,92.407,1084.88,0.0,0.0,0.0,53.59,197.11
353.54,111.608,92.423,1085.43,0.0,0.0,0.0,53.58,197.11
353.58,111.566,92.433,1085.79,0.0,0.0,0.0,53.58,197.11
353.64,111.504,92.448,1086.34,0.0,0.0,0.0,53.57,197.11
353.68,111.462,92.458,1086.71,0.0,0.0,0.0,53.57,197.11
353.72,111.42,92.468,1087.07,0.0,0.0,0.0,53.56,197.12
353.78,111.357,92.483,1087.62,0.0,0.0,0.0,53.56,197.12
353.84,111.294,92.498,1088.17,0.0,0.0,0.0,53.55,197.12
353.88,111.252,92.508,1088.54,0.0,0.0,0.0,53.55,197.12
353.94,111.189,92.523,1089.08,0.0,0.0,0.0,53.54,197.12
353.98,111.147,92.534,1089.45,0.0,0.0,0.0,53.54,197.12
354.04,111.084,92.549,1090.0,0.0,0.0,0.0,53.53,197.13
354.08,111.041,92.559,1090.36,0.0,0.0,0.0,53.53,197.13
354.14,110.978,92.574,1090.91,0.0,0.0,0.0,53.52,197.13
354.18,110.936,92.584,1091.28,0.0,0.0,0.0,53.52,197.13
354.24,110.873,92.599,1091.83,0.0,0.0,0.0,53.51,197.13
354.28,110.831,92.609,1092.19,0.0,0.0,0.0,53.51,197.13
354.34,110.768,92.624,1092.74,0.0,0.0,0.0,53.5,197.14
354.38,110.725,92.635,1093.11,0.0,0.0,0.0,53.5,197.14
354.44,110.662,92.65,1093.66,0.0,0.0,0.0,53.49,197.14
354.5,110.599,92.665,1094.21,0.0,0.0,0.0,53.49,197.14
354.54,110.556,92.675,1094.57,0.0,0.0,0.0,53.48,197.14
354.6,110.493,92.69,1095.12,0.0,0.0,0.0,53.48,197.15
354.64,110.451,92.7,1095.49,0.0,0.0,0.0,53.47,197.15
354.7,110.387,92.715,1096.04,0.0,0.0,0.0,53.47,197.15
354.74,110.345,92.726,1096.4,0.0,0.0,0.0,53.46,197.15
354.78,110.303,92.736,1096.77,0.0,0.0,0.0,53.46,197.15
354.84,110.239,92.751,1097.32,0.0,0.0,0.0,53.45,197.15
354.88,110.197,92.761,1097.68,0.0,0.0,0.0,53.45,197.15
354.94,110.133,92.776,1098.23,0.0,0.0,0.0,53.44,197.16
354.98,110.091,92.786,1098.6,0.0,0.0,0.0,53.44,197.16
355.04,110.027,92.801,1099.15,0.0,0.0,0.0,53.43,197.16
355.1,109.963,92.817,1099.7,0.0,0.0,0.0,53.43,197.16
355.14,109.921,92.827,1100.06,0.0,0.0,0.0,53.42,197.16
355.2,109.857,92.842,1100.61,0.0,0.0,0.0,53.42,197.17
355.24,109.815,92.852,1100.98,0.0,0.0,0.0,53.41,197.17
355.3,109.751,92.867,1101.53,0.0,0.0,0.0,53.41,197.17
355.34,109.708,92.877,1101.9,0.0,0.0,0.0,53.4,197.17
355.4,109.644,92.892,1102.44,0.0,0.0,0.0,53.4,197.17
355.44,109.602,92.902,1102.81,0.0,0.0,0.0,53.39,197.17
355.5,109.538,92.918,1103.36,0.0,0.0,0.0,53.39,197.18
355.54,109.495,92.928,1103.73,0.0,0.0,0.0,53.38,197.18
355.6,109.431,92.943,1104.28,0.0,0.0,0.0,53.38,197.18
355.64,109.388,92.953,1104.64,0.0,0.0,0.0,53.37,197.18
355.7,109.324,92.968,1105.19,0.0,0.0,0.0,53.37,197.18
355.74,109.282,92.978,1105.56,0.0,0.0,0.0,53.36,197.18
355.8,109.218,92.994,1106.11,0.0,0.0,0.0,53.36,197.19
355.84,109.175,93.004,1106.47,0.0,0.0,0.0,53.35,197.19
355.9,109.111,93.019,1107.02,0.0,0.0,0.0,53.35,197.19
355.96,109.047,93.034,1107.57,0.0,0.0,0.0,53.34,197.19
356.0,109.004,93.044,1107.94,0.0,0.0,0.0,53.34,197.19
356.06,108.94,93.059,1108.49,0.0,0.0,0.0,53.33,197.19
356.1,108.897,93.069,1108.86,0.0,0.0,0.0,53.32,197.2
356.16,108.832,93.085,1109.41,0.0,0.0,0.0,53.32,197.2
356.2,108.789,93.095,1109.77,0.0,0.0,0.0,53.31,197.2
356.26,108.725,93.11,1110.32,0.0,0.0,0.0,53.31,197.2
356.3,108.682,93.12,1110.69,0.0,0.0,0.0,53.3,197.2
356.36,108.618,93.135,1111.24,0.0,0.0,0.0,53.3,197.2
356.4,108.575,93.145,1111.61,0.0,0.0,0.0,53.29,197.21
356.46,108.51,93.161,1112.16,0.0,0.0,0.0,53.29,197.21
356.5,108.467,93.171,1112.52,0.0,0.0,0.0,53.28,197.21
356.56,108.403,93.186,1113.07,0.0,0.0,0.0,53.28,197.21
356.6,108.36,93.196,1113.44,0.0,0.0,0.0,53.27,197.21
356.66,108.295,93.211,1113.99,0.0,0.0,0.0,53.27,197.21
356.7,108.252,93.221,1114.36,0.0,0.0,0.0,53.26,197.22
356.76,108.188,93.237,1114.91,0.0,0.0,0.0,53.26,197.22
356.8,108.144,93.247,1115.27,0.0,0.0,0.0,53.25,197.22
356.86,108.08,93.262,1115.82,0.0,0.0,0.0,53.25,197.22
356.9,108.037,93.272,1116.19,0.0,0.0,0.0,53.24,197.22
356.96,107.972,93.287,1116.74,0.0,0.0,0.0,53.24,197.22
357.0,107.929,93.297,1117.11,0.0,0.0,0.0,53.23,197.23
357.06,107.864,93.313,1117.66,0.0,0.0,0.0,53.23,197.23
357.1,107.821,93.323,1118.02,0.0,0.0,0.0,53.22,197.23
357.16,107.756,93.338,1118.57,0.0,0.0,0.0,53.22,197.23
357.2,107.712,93.348,1118.94,0.0,0.0,0.0,53.21,197.23
357.26,107.648,93.363,1119.49,0.0,0.0,0.0,53.21,197.23
357.3,107.604,93.373,1119.86,0.0,0.0,0.0,53.2,197.24
357.36,107.539,93.389,1120.41,0.0,0.0,0.0,53.2,197.24
357.4,107.496,93.399,1120.77,0.0,0.0,0.0,53.19,197.24
357.46,107.431,93.414,1121.32,0.0,0.0,0.0,53.19,197.24
357.5,107.388,93.424,1121.69,0.0,0.0,0.0,53.18,197.24
357.56,107.322,93.439,1122.24,0.0,0.0,0.0,53.18,197.24
357.6,107.279,93.449,1122.61,0.0,0.0,0.0,53.17,197.25
357.66,107.214,93.465,1123.16,0.0,0.0,0.0,53.17,197.25
357.7,107.17,93.475,1123.53,0.0,0.0,0.0,53.16,197.25
357.76,107.105,93.49,1124.08,0.0,0.0,0.0,53.16,197.25
357.8,107.062,93.5,1124.44,0.0,0.0,0.0,53.15,197.25
357.86,106.996,93.515,1124.99,0.0,0.0,0.0,53.15,197.25
357.9,106.953,93.525,1125.36,0.0,0.0,0.0,53.14,197.25
357.96,106.888,93.541,1125.91,0.0,0.0,0.0,53.14,197.26
358.0,106.844,93.551,1126.28,0.0,0.0,0.0,53.13,197.26
358.06,106.779,93.566,1126.83,0.0,0.0,0.0,53.12,197.26
358.1,106.735,93.576,1127.2,0.0,0.0,0.0,53.12,197.26
358.16,106.67,93.591,1127.75,0.0,0.0,0.0,53.11,197.26
358.2,106.626,93.602,1128.12,0.0,0.0,0.0,53.11,197.26
358.26,106.56,93.617,1128.67,0.0,0.0,0.0,53.1,197.27
358.3,106.517,93.627,1129.03,0.0,0.0,0.0,53.1,197.27
358.36,106.451,93.642,1129.58,0.0,0.0,0.0,53.09,197.27
358.4,106.408,93.652,1129.95,0.0,0.0,0.0,53.09,197.27
358.46,106.342,93.668,1130.5,0.0,0.0,0.0,53.08,197.27
358.52,106.276,93.683,1131.05,0.0,0.0,0.0,53.08,197.28
358.56,106.233,93.693,1131.42,0.0,0.0,0.0,53.07,197.28
358.62,106.167,93.708,1131.97,0.0,0.0,0.0,53.07,197.28
358.66,106.123,93.718,1132.34,0.0,0.0,0.0,53.06,197.28
358.72,106.057,93.734,1132.89,0.0,0.0,0.0,53.06,197.28
358.76,106.013,93.744,1133.26,0.0,0.0,0.0,53.05,197.28
358.82,105.948,93.759,1133.81,0.0,0.0,0.0,53.05,197.28
358.86,105.904,93.769,1134.18,0.0,0.0,0.0,53.04,197.29
358.92,105.838,93.784,1134.73,0.0,0.0,0.0,53.04,197.29
358.96,105.794,93.794,1135.09,0.0,0.0,0.0,53.03,197.29
359.02,105.728,93.81,1135.64,0.0,0.0,0.0,53.02,197.29
359.06,105.684,93.82,1136.01,0.0,0.0,0.0,53.02,197.29
359.12,105.618,93.84,1136.56,0.0,0.0,0.0,53.01,197.29
359.18,105.552,93.85,1137.11,0.0,0.0,0.0,53.01,197.3
359.22,105.508,93.86,1137.48,0.0,0.0,0.0,53.0,197.3
359.28,105.442,93.876,1138.03,0.0,0.0,0.0,53.0,197.3
359.32,105.398,93.886,1138.4,0.0,0.0,0.0,52.99,197.3
359.38,105.332,93.901,1138.95,0.0,0.0,0.0,52.99,197.3
359.42,105.288,93.911,1139.32,0.0,0.0,0.0,52.98,197.3
359.48,105.221,93.927,1139.87,0.0,0.0,0.0,52.98,197.31
359.52,105.177,93.937,1140.24,0.0,0.0,0.0,52.97,197.31
359.58,105.111,93.952,1140.79,0.0,0.0,0.0,52.97,197.31
359.62,105.067,93.962,1141.16,0.0,0.0,0.0,52.96,197.31
359.68,105.001,93.977,1141.71,0.0,0.0,0.0,52.96,197.31
359.74,104.934,93.993,1142.26,0.0,0.0,0.0,52.95,197.31
359.78,104.89,94.003,1142.63,0.0,0.0,0.0,52.94,197.32
359.84,104.824,94.018,1143.18,0.0,0.0,0.0,52.94,197.32
359.88,104.779,94.028,1143.55,0.0,0.0,0.0,52.93,197.32
359.94,104.713,94.043,1144.1,0.0,0.0,0.0,52.93,197.32
359.98,104.669,94.054,1144.47,0.0,0.0,0.0,52.92,197.32
360.02,104.624,94.064,1144.83,0.0,0.0,0.0,52.92,197.32
360.06,104.58,94.074,1145.2,0.0,0.0,0.0,52.92,197.32
360.12,104.513,94.089,1145.75,0.0,0.0,0.0,52.91,197.33
360.18,104.447,94.104,1146.31,0.0,0.0,0.0,52.9,197.33
360.22,104.402,94.115,1146.67,0.0,0.0,0.0,52.9,197.33
360.28,104.336,94.13,1147.22,0.0,0.0,0.0,52.89,197.33
360.34,104.269,94.145,1147.78,0.0,0.0,0.0,52.89,197.33
360.38,104.225,94.155,1148.14,0.0,0.0,0.0,52.88,197.33
360.44,104.158,94.171,1148.7,0.0,0.0,0.0,52.87,197.34
360.48,104.113,94.181,1149.06,0.0,0.0,0.0,52.87,197.34
360.54,104.047,94.196,1149.62,0.0,0.0,0.0,52.86,197.34
360.58,104.002,94.206,1149.98,0.0,0.0,0.0,52.86,197.34
360.64,103.935,94.221,1150.54,0.0,0.0,0.0,52.85,197.34
360.68,103.891,94.232,1150.9,0.0,0.0,0.0,52.85,197.34
360.74,103.824,94.247,1151.46,0.0,0.0,0.0,52.84,197.35
360.78,103.779,94.257,1151.82,0.0,0.0,0.0,52.84,197.35
360.84,103.712,94.272,1152.38,0.0,0.0,0.0,52.83,197.35
360.88,103.667,94.282,1152.74,0.0,0.0,0.0,52.83,197.35
360.94,103.6,94.298,1153.3,0.0,0.0,0.0,52.82,197.35
360.98,103.556,94.308,1153.66,0.0,0.0,0.0,52.82,197.35
361.02,103.511,94.323,1154.03,0.0,0.0,0.0,52.81,197.36
361.08,103.444,94.333,1154.58,0.0,0.0,0.0,52.81,197.36
361.14,103.377,94.354,1155.14,0.0,0.0,0.0,52.8,197.36
361.2,103.31,94.364,1155.69,0.0,0.0,0.0,52.79,197.36
361.24,103.265,94.374,1156.06,0.0,0.0,0.0,52.79,197.36
361.3,103.198,94.389,1156.61,0.0,0.0,0.0,52.78,197.36
361.34,103.153,94.4,1156.98,0.0,0.0,0.0,52.78,197.37
361.4,103.085,94.415,1157.53,0.0,0.0,0.0,52.77,197.37
361.44,103.041,94.425,1157.9,0.0,0.0,0.0,52.77,197.37
361.5,102.973,94.44,1158.45,0.0,0.0,0.0,52.76,197.37
361.54,102.928,94.45,1158.82,0.0,0.0,0.0,52.75,197.37
361.6,102.861,94.466,1159.37,0.0,0.0,0.0,52.75,197.37
361.64,102.816,94.476,1159.74,0.0,0.0,0.0,52.74,197.37
361.7,102.749,94.491,1160.29,0.0,0.0,0.0,52.74,197.38
361.74,102.704,94.501,1160.66,0.0,0.0,0.0,52.73,197.38
361.8,102.636,94.517,1161.21,0.0,0.0,0.0,52.73,197.38
361.84,102.591,94.527,1161.58,0.0,0.0,0.0,52.72,197.38
361.9,102.524,94.542,1162.13,0.0,0.0,0.0,52.72,197.38
361.94,102.478,94.552,1162.5,0.0,0.0,0.0,52.71,197.38
362.0,102.411,94.568,1163.05,0.0,0.0,0.0,52.7,197.39
362.06,102.343,94.583,1163.6,0.0,0.0,0.0,52.7,197.39
362.1,102.298,94.593,1163.97,0.0,0.0,0.0,52.69,197.39
362.16,102.23,94.608,1164.52,0.0,0.0,0.0,52.69,197.39
362.2,102.185,94.619,1164.89,0.0,0.0,0.0,52.68,197.39
362.24,102.14,94.629,1165.26,0.0,0.0,0.0,52.68,197.39
362.3,102.072,94.644,1165.81,0.0,0.0,0.0,52.67,197.4
362.36,102.004,94.659,1166.37,0.0,0.0,0.0,52.66,197.4
362.4,101.959,94.67,1166.73,0.0,0.0,0.0,52.66,197.4
362.46,101.891,94.685,1167.29,0.0,0.0,0.0,52.65,197.4
362.48,101.869,94.69,1167.47,0.0,0.0,0.0,52.65,197.4
362.54,101.801,94.705,1168.02,0.0,0.0,0.0,52.64,197.4
362.6,101.733,94.721,1168.58,0.0,0.0,0.0,52.64,197.4
362.64,101.687,94.731,1168.95,0.0,0.0,0.0,52.63,197.41
362.7,101.619,94.746,1169.5,0.0,0.0,0.0,52.63,197.41
362.74,101.574,94.756,1169.87,0.0,0.0,0.0,52.62,197.41
362.8,101.506,94.772,1170.42,0.0,0.0,0.0,52.61,197.41
362.86,101.438,94.787,1170.97,0.0,0.0,0.0,52.61,197.41
362.9,101.392,94.797,1171.34,0.0,0.0,0.0,52.6,197.41
362.96,101.324,94.812,1171.89,0.0,0.0,0.0,52.6,197.42
363.0,101.279,94.823,1172.26,0.0,0.0,0.0,52.59,197.42
363.04,101.233,94.833,1172.63,0.0,0.0,0.0,52.59,197.42
363.1,101.165,94.848,1173.18,0.0,0.0,0.0,52.58,197.42
363.14,101.12,94.858,1173.55,0.0,0.0,0.0,52.57,197.42
363.2,101.051,94.874,1174.11,0.0,0.0,0.0,52.57,197.42
363.26,100.983,94.889,1174.66,0.0,0.0,0.0,52.56,197.42
363.3,100.937,94.899,1175.03,0.0,0.0,0.0,52.56,197.43
363.36,100.869,94.914,1175.58,0.0,0.0,0.0,52.55,197.43
363.4,100.823,94.925,1175.95,0.0,0.0,0.0,52.54,197.43
363.46,100.755,94.94,1176.5,0.0,0.0,0.0,52.54,197.43
363.5,100.709,94.95,1176.87,0.0,0.0,0.0,52.53,197.43
363.56,100.641,94.965,1177.42,0.0,0.0,0.0,52.53,197.43
363.6,100.595,94.976,1177.79,0.0,0.0,0.0,52.52,197.43
363.66,100.527,94.991,1178.35,0.0,0.0,0.0,52.51,197.44
363.7,100.481,95.001,1178.71,0.0,0.0,0.0,52.51,197.44
363.76,100.412,95.016,1179.27,0.0,0.0,0.0,52.5,197.44
363.8,100.366,95.027,1179.64,0.0,0.0,0.0,52.5,197.44
363.86,100.298,95.042,1180.19,0.0,0.0,0.0,52.49,197.44
363.9,100.252,95.052,1180.56,0.0,0.0,0.0,52.49,197.44
363.96,100.183,95.068,1181.11,0.0,0.0,0.0,52.48,197.45
364.0,100.137,95.078,1181.48,0.0,0.0,0.0,52.47,197.45
364.06,100.069,95.093,1182.03,0.0,0.0,0.0,52.47,197.45
364.1,100.023,95.103,1182.4,0.0,0.0,0.0,52.46,197.45
364.16,99.954,95.119,1182.96,0.0,0.0,0.0,52.46,197.45
364.2,99.908,95.129,1183.33,0.0,0.0,0.0,52.45,197.45
364.26,99.839,95.144,1183.88,0.0,0.0,0.0,52.44,197.45
364.3,99.793,95.154,1184.25,0.0,0.0,0.0,52.44,197.46
364.36,99.724,95.17,1184.8,0.0,0.0,0.0,52.43,197.46
364.42,99.655,95.185,1185.35,0.0,0.0,0.0,52.42,197.46
364.48,99.586,95.2,1185.91,0.0,0.0,0.0,52.42,197.46
364.52,99.54,95.211,1186.28,0.0,0.0,0.0,52.41,197.46
364.58,99.471,95.226,1186.83,0.0,0.0,0.0,52.4,197.46
364.62,99.425,95.236,1187.2,0.0,0.0,0.0,52.4,197.46
364.68,99.356,95.251,1187.75,0.0,0.0,0.0,52.39,197.47
364.72,99.31,95.262,1188.12,0.0,0.0,0.0,52.39,197.47
364.78,99.24,95.277,1188.68,0.0,0.0,0.0,52.38,197.47
364.82,99.194,95.287,1189.05,0.0,0.0,0.0,52.38,197.47
364.88,99.125,95.303,1189.6,0.0,0.0,0.0,52.37,197.47
364.92,99.079,95.313,1189.97,0.0,0.0,0.0,52.36,197.47
364.96,99.033,95.323,1190.34,0.0,0.0,0.0,52.36,197.47
365.02,98.963,95.338,1190.89,0.0,0.0,0.0,52.35,197.48
365.06,98.917,95.349,1191.26,0.0,0.0,0.0,52.35,197.48
365.12,98.848,95.364,1191.81,0.0,0.0,0.0,52.34,197.48
365.16,98.801,95.374,1192.18,0.0,0.0,0.0,52.33,197.48
365.22,98.732,95.389,1192.74,0.0,0.0,0.0,52.33,197.48
365.26,98.686,95.4,1193.11,0.0,0.0,0.0,52.32,197.48
365.32,98.616,95.415,1193.66,0.0,0.0,0.0,52.31,197.48
365.38,98.547,95.43,1194.21,0.0,0.0,0.0,52.31,197.49
365.42,98.5,95.441,1194.58,0.0,0.0,0.0,52.3,197.49
365.48,98.431,95.456,1195.14,0.0,0.0,0.0,52.29,197.49
365.52,98.384,95.466,1195.51,0.0,0.0,0.0,52.29,197.49
365.56,98.338,95.476,1195.88,0.0,0.0,0.0,52.28,197.49
365.62,98.268,95.492,1196.43,0.0,0.0,0.0,52.28,197.49
365.68,98.198,95.507,1196.98,0.0,0.0,0.0,52.27,197.49
365.72,98.152,95.517,1197.35,0.0,0.0,0.0,52.26,197.5
365.78,98.082,95.533,1197.91,0.0,0.0,0.0,52.25,197.5
365.82,98.035,95.543,1198.28,0.0,0.0,0.0,52.25,197.5
365.88,97.966,95.558,1198.83,0.0,0.0,0.0,52.24,197.5
365.92,97.919,95.569,1199.2,0.0,0.0,0.0,52.24,197.5
365.98,97.849,95.584,1199.75,0.0,0.0,0.0,52.23,197.5
366.02,97.803,95.594,1200.12,0.0,0.0,0.0,52.22,197.5
366.08,97.733,95.609,1200.68,0.0,0.0,0.0,52.22,197.51
366.12,97.686,95.62,1201.05,0.0,0.0,0.0,52.21,197.51
366.18,97.616,95.635,1201.6,0.0,0.0,0.0,52.2,197.51
366.22,97.569,95.645,1201.97,0.0,0.0,0.0,52.2,197.51
366.28,97.499,95.661,1202.52,0.0,0.0,0.0,52.19,197.51
366.34,97.429,95.676,1203.08,0.0,0.0,0.0,52.18,197.51
366.38,97.382,95.686,1203.45,0.0,0.0,0.0,52.18,197.51
366.42,97.336,95.697,1203.82,0.0,0.0,0.0,52.17,197.52
366.48,97.266,95.712,1204.37,0.0,0.0,0.0,52.16,197.52
366.52,97.219,95.722,1204.74,0.0,0.0,0.0,52.16,197.52
366.58,97.148,95.737,1205.3,0.0,0.0,0.0,52.15,197.52
366.62,97.102,95.748,1205.66,0.0,0.0,0.0,52.14,197.52
366.68,97.031,95.763,1206.22,0.0,0.0,0.0,52.14,197.52
366.74,96.961,95.778,1206.77,0.0,0.0,0.0,52.13,197.52
366.78,96.914,95.789,1207.14,0.0,0.0,0.0,52.12,197.52
366.84,96.844,95.804,1207.7,0.0,0.0,0.0,52.11,197.53
366.88,96.797,95.814,1208.07,0.0,0.0,0.0,52.11,197.53
366.94,96.726,95.83,1208.62,0.0,0.0,0.0,52.1,197.53
366.98,96.679,95.84,1208.99,0.0,0.0,0.0,52.09,197.53
367.02,96.632,95.85,1209.36,0.0,0.0,0.0,52.09,197.53
367.08,96.562,95.866,1209.92,0.0,0.0,0.0,52.08,197.53
367.14,96.491,95.881,1210.47,0.0,0.0,0.0,52.07,197.53
367.18,96.444,95.891,1210.84,0.0,0.0,0.0,52.07,197.54
367.24,96.374,95.907,1211.39,0.0,0.0,0.0,52.06,197.54
367.28,96.327,95.917,1211.76,0.0,0.0,0.0,52.05,197.54
367.34,96.256,95.932,1212.32,0.0,0.0,0.0,52.04,197.54
367.38,96.209,95.942,1212.69,0.0,0.0,0.0,52.04,197.54
367.44,96.138,95.958,1213.24,0.0,0.0,0.0,52.03,197.54
367.48,96.091,95.968,1213.61,0.0,0.0,0.0,52.03,197.54
367.54,96.02,95.983,1214.17,0.0,0.0,0.0,52.02,197.54
367.58,95.973,95.994,1214.54,0.0,0.0,0.0,52.01,197.55
367.64,95.902,96.009,1215.09,0.0,0.0,0.0,52.0,197.55
367.68,95.855,96.019,1215.46,0.0,0.0,0.0,52.0,197.55
367.74,95.784,96.035,1216.02,0.0,0.0,0.0,51.99,197.55
367.8,95.713,96.05,1216.57,0.0,0.0,0.0,51.98,197.55
367.84,95.666,96.06,1216.94,0.0,0.0,0.0,51.97,197.55
367.9,95.595,96.076,1217.5,0.0,0.0,0.0,51.96,197.55
367.94,95.548,96.086,1217.87,0.0,0.0,0.0,51.96,197.55
368.0,95.476,96.101,1218.42,0.0,0.0,0.0,51.95,197.56
368.04,95.429,96.112,1218.79,0.0,0.0,0.0,51.94,197.56
368.1,95.358,96.127,1219.34,0.0,0.0,0.0,51.94,197.56
368.14,95.311,96.137,1219.71,0.0,0.0,0.0,51.93,197.56
368.2,95.239,96.153,1220.27,0.0,0.0,0.0,51.92,197.56
368.24,95.192,96.163,1220.64,0.0,0.0,0.0,51.91,197.56
368.3,95.121,96.178,1221.19,0.0,0.0,0.0,51.91,197.56
368.34,95.073,96.189,1221.56,0.0,0.0,0.0,51.9,197.56
368.4,95.002,96.204,1222.12,0.0,0.0,0.0,51.89,197.57
368.44,94.955,96.214,1222.49,0.0,0.0,0.0,51.88,197.57
368.5,94.883,96.23,1223.04,0.0,0.0,0.0,51.87,197.57
368.54,94.836,96.24,1223.41,0.0,0.0,0.0,51.87,197.57
368.6,94.764,96.255,1223.97,0.0,0.0,0.0,51.86,197.57
368.64,94.717,96.266,1224.34,0.0,0.0,0.0,51.85,197.57
368.7,94.645,96.281,1224.89,0.0,0.0,0.0,51.84,197.57
368.74,94.598,96.291,1225.26,0.0,0.0,0.0,51.84,197.57
368.8,94.526,96.307,1225.82,0.0,0.0,0.0,51.83,197.58
368.84,94.478,96.317,1226.19,0.0,0.0,0.0,51.82,197.58
368.9,94.407,96.332,1226.74,0.0,0.0,0.0,51.81,197.58
368.94,94.359,96.343,1227.11,0.0,0.0,0.0,51.81,197.58
369.0,94.288,96.358,1227.67,0.0,0.0,0.0,51.8,197.58
369.06,94.216,96.373,1228.22,0.0,0.0,0.0,51.79,197.58
369.1,94.168,96.384,1228.59,0.0,0.0,0.0,51.78,197.58
369.14,94.12,96.394,1228.96,0.0,0.0,0.0,51.77,197.58
369.2,94.049,96.409,1229.52,0.0,0.0,0.0,51.77,197.58
369.24,94.001,96.42,1229.89,0.0,0.0,0.0,51.76,197.59
369.3,93.929,96.435,1230.45,0.0,0.0,0.0,51.75,197.59
369.34,93.881,96.445,1230.82,0.0,0.0,0.0,51.74,197.59
369.4,93.809,96.461,1231.37,0.0,0.0,0.0,51.73,197.59
369.44,93.761,96.471,1231.74,0.0,0.0,0.0,51.73,197.59
369.5,93.689,96.486,1232.3,0.0,0.0,0.0,51.72,197.59
369.56,93.618,96.502,1232.85,0.0,0.0,0.0,51.71,197.59
369.6,93.57,96.512,1233.22,0.0,0.0,0.0,51.7,197.59
369.66,93.498,96.528,1233.78,0.0,0.0,0.0,51.69,197.59
369.7,93.45,96.538,1234.15,0.0,0.0,0.0,51.68,197.6
369.76,93.378,96.553,1234.7,0.0,0.0,0.0,51.67,197.6
369.8,93.33,96.564,1235.07,0.0,0.0,0.0,51.67,197.6
369.86,93.257,96.579,1235.63,0.0,0.0,0.0,51.66,197.6
369.9,93.209,96.589,1236.0,0.0,0.0,0.0,51.65,197.6
369.96,93.137,96.605,1236.55,0.0,0.0,0.0,51.64,197.6
370.0,93.089,96.615,1236.92,0.0,0.0,0.0,51.63,197.6
370.06,93.017,96.63,1237.48,0.0,0.0,0.0,51.62,197.6
370.1,92.969,96.641,1237.85,0.0,0.0,0.0,51.61,197.6
370.16,92.896,96.656,1238.41,0.0,0.0,0.0,51.6,197.61
370.2,92.848,96.666,1238.78,0.0,0.0,0.0,51.6,197.61
370.26,92.776,96.682,1239.33,0.0,0.0,0.0,51.59,197.61
370.3,92.728,96.692,1239.7,0.0,0.0,0.0,51.58,197.61
370.36,92.655,96.707,1240.26,0.0,0.0,0.0,51.57,197.61
370.4,92.607,96.718,1240.63,0.0,0.0,0.0,51.56,197.61
370.46,92.535,96.733,1241.18,0.0,0.0,0.0,51.55,197.61
370.5,92.486,96.743,1241.55,0.0,0.0,0.0,51.54,197.61
370.56,92.414,96.759,1242.11,0.0,0.0,0.0,51.53,197.61
370.6,92.365,96.769,1242.48,0.0,0.0,0.0,51.53,197.61
370.62,92.341,96.774,1242.66,0.0,0.0,0.0,51.52,197.61
370.7,92.244,96.795,1243.41,0.0,0.0,0.0,51.51,197.62
370.74,92.196,96.805,1243.78,0.0,0.0,0.0,51.5,197.62
370.8,92.123,96.821,1244.33,0.0,0.0,0.0,51.49,197.62
370.84,92.075,96.831,1244.7,0.0,0.0,0.0,51.48,197.62
370.9,92.002,96.846,1245.26,0.0,0.0,0.0,51.47,197.62
370.96,91.93,96.862,1245.81,0.0,0.0,0.0,51.46,197.62
371.0,91.881,96.872,1246.18,0.0,0.0,0.0,51.45,197.62
371.04,91.833,96.882,1246.55,0.0,0.0,0.0,51.44,197.62
371.1,91.76,96.898,1247.11,0.0,0.0,0.0,51.43,197.62
371.14,91.711,96.908,1247.48,0.0,0.0,0.0,51.42,197.62
371.2,91.638,96.924,1248.04,0.0,0.0,0.0,51.41,197.63
371.26,91.565,96.939,1248.59,0.0,0.0,0.0,51.4,197.63
371.3,91.517,96.949,1248.96,0.0,0.0,0.0,51.39,197.63
371.36,91.444,96.965,1249.52,0.0,0.0,0.0,51.38,197.63
371.4,91.395,96.975,1249.89,0.0,0.0,0.0,51.37,197.63
371.46,91.322,96.991,1250.44,0.0,0.0,0.0,51.36,197.63
371.5,91.274,97.001,1250.81,0.0,0.0,0.0,51.35,197.63
371.56,91.2,97.016,1251.37,0.0,0.0,0.0,51.34,197.63
371.6,91.152,97.027,1251.74,0.0,0.0,0.0,51.33,197.63
371.64,91.103,97.037,1252.11,0.0,0.0,0.0,51.33,197.63
371.7,91.03,97.052,1252.67,0.0,0.0,0.0,51.31,197.63
371.74,90.981,97.063,1253.04,0.0,0.0,0.0,51.3,197.63
371.78,90.932,97.073,1253.41,0.0,0.0,0.0,51.3,197.63
371.86,90.835,97.094,1254.15,0.0,0.0,0.0,51.28,197.64
371.9,90.786,97.104,1254.52,0.0,0.0,0.0,51.27,197.64
371.94,90.737,97.114,1254.89,0.0,0.0,0.0,51.26,197.64
372.0,90.664,97.13,1255.45,0.0,0.0,0.0,51.25,197.64
372.04,90.615,97.14,1255.82,0.0,0.0,0.0,51.24,197.64
372.1,90.541,97.155,1256.37,0.0,0.0,0.0,51.23,197.64
372.16,90.468,97.171,1256.93,0.0,0.0,0.0,51.22,197.64
372.2,90.419,97.181,1257.3,0.0,0.0,0.0,51.21,197.64
372.24,90.37,97.191,1257.67,0.0,0.0,0.0,51.2,197.64
372.24,90.346,97.207,1258.04,0.0,0.0,0.0,51.19,197.64
372.34,90.248,97.217,1258.6,0.0,0.0,0.0,51.18,197.64
372.38,90.199,97.227,1258.97,0.0,0.0,0.0,51.17,197.64
372.42,90.149,97.238,1259.34,0.0,0.0,0.0,51.16,197.64
372.48,90.076,97.253,1259.89,0.0,0.0,0.0,51.15,197.65
372.54,90.002,97.269,1260.45,0.0,0.0,0.0,51.13,197.65
372.58,89.953,97.279,1260.82,0.0,0.0,0.0,51.13,197.65
372.62,89.904,97.289,1261.19,0.0,0.0,0.0,51.12,197.65
372.68,89.83,97.305,1261.75,0.0,0.0,0.0,51.1,197.65
372.74,89.757,97.32,1262.3,0.0,0.0,0.0,51.09,197.65
372.78,89.707,97.331,1262.67,0.0,0.0,0.0,51.08,197.65
372.84,89.634,97.346,1263.23,0.0,0.0,0.0,51.07,197.65
372.88,89.584,97.356,1263.6,0.0,0.0,0.0,51.06,197.65
372.94,89.511,97.372,1264.16,0.0,0.0,0.0,51.04,197.65
372.96,89.486,97.377,1264.34,0.0,0.0,0.0,51.04,197.65
373.04,89.387,97.398,1265.08,0.0,0.0,0.0,51.02,197.65
373.08,89.338,97.408,1265.46,0.0,0.0,0.0,51.01,197.65
373.14,89.264,97.423,1266.01,0.0,0.0,0.0,51.0,197.65
373.18,89.215,97.434,1266.38,0.0,0.0,0.0,50.99,197.65
373.24,89.141,97.449,1266.94,0.0,0.0,0.0,50.97,197.65
373.28,89.091,97.46,1267.31,0.0,0.0,0.0,50.96,197.65
373.34,89.017,97.475,1267.87,0.0,0.0,0.0,50.95,197.66
373.38,88.968,97.485,1268.24,0.0,0.0,0.0,50.94,197.66
373.42,88.919,97.496,1268.61,0.0,0.0,0.0,50.93,197.66
373.48,88.844,97.511,1269.16,0.0,0.0,0.0,50.91,197.66
373.54,88.77,97.527,1269.72,0.0,0.0,0.0,50.9,197.66
373.58,88.721,97.537,1270.09,0.0,0.0,0.0,50.89,197.66
373.64,88.646,97.552,1270.65,0.0,0.0,0.0,50.87,197.66
373.68,88.597,97.563,1271.02,0.0,0.0,0.0,50.86,197.66
373.74,88.523,97.578,1271.57,0.0,0.0,0.0,50.85,197.66
373.78,88.473,97.589,1271.94,0.0,0.0,0.0,50.84,197.66
373.84,88.399,97.604,1272.5,0.0,0.0,0.0,50.82,197.66
373.88,88.349,97.614,1272.87,0.0,0.0,0.0,50.81,197.66
373.94,88.275,97.63,1273.43,0.0,0.0,0.0,50.8,197.66
374.0,88.2,97.645,1273.98,0.0,0.0,0.0,50.78,197.66
374.04,88.151,97.656,1274.35,0.0,0.0,0.0,50.77,197.66
374.08,88.101,97.666,1274.73,0.0,0.0,0.0,50.76,197.66
374.14,88.026,97.681,1275.28,0.0,0.0,0.0,50.74,197.66
374.18,87.977,97.692,1275.65,0.0,0.0,0.0,50.73,197.66
374.24,87.902,97.707,1276.21,0.0,0.0,0.0,50.72,197.66
374.28,87.852,97.718,1276.58,0.0,0.0,0.0,50.71,197.66
374.34,87.778,97.733,1277.14,0.0,0.0,0.0,50.69,197.66
374.38,87.728,97.743,1277.51,0.0,0.0,0.0,50.68,197.66
374.44,87.653,97.759,1278.06,0.0,0.0,0.0,50.66,197.66
374.48,87.603,97.769,1278.43,0.0,0.0,0.0,50.65,197.66
374.54,87.529,97.785,1278.99,0.0,0.0,0.0,50.63,197.66
374.58,87.479,97.795,1279.36,0.0,0.0,0.0,50.62,197.67
374.64,87.404,97.811,1279.92,0.0,0.0,0.0,50.61,197.67
374.68,87.354,97.821,1280.29,0.0,0.0,0.0,50.6,197.67
374.74,87.279,97.836,1280.84,0.0,0.0,0.0,50.58,197.67
374.78,87.229,97.847,1281.22,0.0,0.0,0.0,50.57,197.67
374.84,87.154,97.862,1281.77,0.0,0.0,0.0,50.55,197.67
374.88,87.104,97.873,1282.14,0.0,0.0,0.0,50.54,197.67
374.94,87.029,97.888,1282.7,0.0,0.0,0.0,50.52,197.67
375.0,86.954,97.904,1283.26,0.0,0.0,0.0,50.5,197.67
375.04,86.904,97.914,1283.63,0.0,0.0,0.0,50.49,197.67
375.1,86.829,97.929,1284.18,0.0,0.0,0.0,50.47,197.67
375.16,86.754,97.945,1284.74,0.0,0.0,0.0,50.45,197.67
375.2,86.704,97.955,1285.11,0.0,0.0,0.0,50.44,197.67
375.26,86.629,97.971,1285.67,0.0,0.01,0.0,50.42,197.67
375.3,86.579,97.981,1286.04,0.0,0.01,0.0,50.41,197.67
375.36,86.503,97.997,1286.59,0.0,0.01,0.0,50.39,197.67
375.4,86.453,98.007,1286.96,0.0,0.01,0.0,50.38,197.67
375.44,86.403,98.017,1287.33,0.0,0.01,0.0,50.37,197.67
375.5,86.328,98.033,1287.89,0.0,0.01,0.0,50.35,197.67
375.56,86.252,98.048,1288.45,0.0,0.01,0.0,50.33,197.67
375.6,86.202,98.059,1288.82,0.0,0.01,0.0,50.32,197.67
375.66,86.127,98.074,1289.37,0.0,0.01,0.0,50.3,197.67
375.7,86.076,98.085,1289.75,0.0,0.01,0.0,50.28,197.67
375.76,86.001,98.1,1290.3,0.0,0.01,0.0,50.27,197.67
375.8,85.951,98.11,1290.67,0.0,0.01,0.0,50.25,197.67
375.86,85.875,98.126,1291.23,0.0,0.01,0.0,50.23,197.67
375.9,85.825,98.136,1291.6,0.0,0.01,0.0,50.22,197.67
375.96,85.749,98.152,1292.16,0.0,0.01,0.0,50.2,197.67
376.0,85.699,98.162,1292.53,0.0,0.01,0.0,50.19,197.67
376.06,85.623,98.178,1293.08,0.0,0.01,0.0,50.17,197.67
376.1,85.573,98.188,1293.45,0.0,0.01,0.0,50.15,197.67
376.16,85.497,98.204,1294.01,0.0,0.01,0.0,50.13,197.67
376.22,85.421,98.219,1294.57,0.0,0.01,0.0,50.11,197.67
376.26,85.371,98.229,1294.94,0.0,0.01,0.0,50.1,197.67
376.32,85.295,98.245,1295.49,0.0,0.01,0.0,50.08,197.67
376.36,85.244,98.255,1295.86,0.0,0.01,0.0,50.06,197.67
376.4,85.194,98.266,1296.24,0.0,0.01,0.0,50.05,197.67
376.46,85.118,98.281,1296.79,0.0,0.01,0.0,50.03,197.67
376.52,85.042,98.297,1297.35,0.0,0.01,0.0,50.0,197.66
376.56,84.992,98.307,1297.72,0.0,0.01,0.0,49.99,197.66
376.6,84.941,98.317,1298.09,0.0,0.01,0.0,49.97,197.66
376.66,84.865,98.333,1298.65,0.01,0.01,0.0,49.95,197.66
376.72,84.789,98.348,1299.2,0.01,0.01,0.0,49.93,197.66
376.76,84.738,98.359,1299.57,0.01,0.01,0.0,49.92,197.66
376.82,84.662,98.374,1300.13,0.01,0.01,0.0,49.89,197.66
376.86,84.611,98.385,1300.5,0.01,0.01,0.0,49.88,197.66
376.92,84.535,98.4,1301.06,0.01,0.01,0.0,49.86,197.66
376.96,84.485,98.411,1301.43,0.01,0.01,0.0,49.84,197.66
377.02,84.408,98.426,1301.98,0.01,0.01,0.0,49.82,197.66
377.08,84.332,98.442,1302.54,0.01,0.01,0.0,49.79,197.66
377.12,84.281,98.452,1302.91,0.01,0.01,0.0,49.78,197.66
377.18,84.205,98.468,1303.47,0.01,0.01,0.0,49.75,197.66
377.22,84.154,98.478,1303.84,0.01,0.01,0.0,49.74,197.66
377.28,84.078,98.493,1304.39,0.01,0.01,0.0,49.71,197.66
377.32,84.027,98.504,1304.76,0.01,0.01,0.0,49.7,197.66
377.38,83.951,98.519,1305.32,0.01,0.01,0.0,49.67,197.66
377.42,83.9,98.53,1305.69,0.01,0.01,0.0,49.66,197.66
377.48,83.823,98.545,1306.25,0.01,0.01,0.0,49.63,197.66
377.52,83.772,98.556,1306.62,0.01,0.01,0.0,49.62,197.66
377.58,83.696,98.571,1307.17,0.01,0.01,0.0,49.59,197.66
377.62,83.645,98.582,1307.54,0.01,0.01,0.0,49.57,197.65
377.68,83.568,98.597,1308.1,0.01,0.01,0.0,49.55,197.65
377.72,83.517,98.607,1308.47,0.01,0.01,0.0,49.53,197.65
377.76,83.466,98.618,1308.84,0.01,0.01,0.0,49.51,197.65
377.82,83.389,98.633,1309.4,0.01,0.01,0.0,49.49,197.65
377.88,83.313,98.649,1309.95,0.01,0.01,0.0,49.46,197.65
377.92,83.262,98.659,1310.32,0.01,0.01,0.0,49.45,197.65
377.98,83.185,98.675,1310.88,0.01,0.01,0.0,49.42,197.65
378.02,83.134,98.685,1311.25,0.01,0.01,0.0,49.4,197.65
378.08,83.057,98.701,1311.8,0.01,0.01,0.0,49.37,197.65
378.12,83.006,98.711,1312.18,0.01,0.01,0.0,49.36,197.65
378.18,82.929,98.727,1312.73,0.01,0.01,0.0,49.33,197.65
378.22,82.878,98.737,1313.1,0.01,0.01,0.0,49.31,197.65
378.28,82.801,98.753,1313.66,0.01,0.01,0.0,49.28,197.64
378.32,82.749,98.763,1314.03,0.01,0.01,0.0,49.26,197.64
378.38,82.673,98.779,1314.58,0.01,0.01,0.0,49.24,197.64
378.42,82.621,98.789,1314.95,0.01,0.01,0.0,49.22,197.64
378.48,82.544,98.805,1315.51,0.01,0.01,0.0,49.19,197.64
378.52,82.493,98.815,1315.88,0.01,0.01,0.0,49.17,197.64
378.58,82.416,98.83,1316.44,0.01,0.01,0.0,49.14,197.64
378.62,82.364,98.841,1316.81,0.01,0.01,0.0,49.12,197.64
378.68,82.287,98.856,1317.36,0.01,0.01,0.0,49.09,197.64
378.72,82.236,98.867,1317.73,0.01,0.01,0.0,49.07,197.64
378.78,82.159,98.882,1318.29,0.01,0.01,0.0,49.04,197.63
378.82,82.107,98.893,1318.66,0.01,0.01,0.0,49.02,197.63
378.88,82.03,98.908,1319.21,0.01,0.01,0.0,48.99,197.63
378.92,81.978,98.919,1319.58,0.01,0.01,0.0,48.97,197.63
378.98,81.901,98.934,1320.14,0.01,0.01,0.0,48.94,197.63
379.02,81.85,98.945,1320.51,0.01,0.01,0.0,48.92,197.63
379.08,81.772,98.96,1321.06,0.01,0.01,0.0,48.89,197.63
379.12,81.721,98.971,1321.44,0.01,0.01,0.0,48.87,197.63
379.18,81.643,98.986,1321.99,0.01,0.01,0.0,48.84,197.62
379.22,81.592,98.996,1322.36,0.01,0.01,0.0,48.82,197.62
379.28,81.514,99.012,1322.92,0.01,0.01,0.0,48.79,197.62
379.32,81.462,99.022,1323.29,0.01,0.01,0.0,48.76,197.62
379.38,81.385,99.038,1323.84,0.01,0.01,0.0,48.73,197.62
379.42,81.333,99.048,1324.21,0.01,0.01,0.0,48.71,197.62
379.48,81.256,99.064,1324.77,0.01,0.01,0.0,48.68,197.62
379.54,81.178,99.08,1325.32,0.01,0.01,0.0,48.65,197.61
379.58,81.126,99.09,1325.69,0.01,0.01,0.0,48.62,197.61
379.64,81.049,99.106,1326.25,0.01,0.01,0.0,48.59,197.61
379.68,80.997,99.116,1326.62,0.01,0.01,0.0,48.57,197.61
379.72,80.945,99.126,1326.99,0.01,0.01,0.0,48.54,197.61
379.78,80.867,99.142,1327.54,0.01,0.01,0.0,48.51,197.61
379.82,80.815,99.152,1327.91,0.01,0.01,0.0,48.49,197.61
379.88,80.738,99.168,1328.47,0.01,0.01,0.0,48.45,197.6
379.94,80.66,99.183,1329.02,0.01,0.01,0.0,48.42,197.6
379.98,80.608,99.194,1329.39,0.01,0.01,0.0,48.39,197.6
380.04,80.53,99.209,1329.95,0.01,0.01,0.0,48.36,197.6
380.08,80.478,99.22,1330.32,0.01,0.01,0.0,48.33,197.6
380.14,80.4,99.235,1330.87,0.01,0.01,0.0,48.3,197.6
380.18,80.348,99.246,1331.24,0.01,0.01,0.0,48.27,197.59
380.24,80.27,99.261,1331.8,0.01,0.02,0.0,48.24,197.59
380.28,80.218,99.272,1332.17,0.01,0.02,0.0,48.21,197.59
380.34,80.14,99.287,1332.72,0.01,0.02,0.0,48.18,197.59
380.38,80.088,99.298,1333.09,0.01,0.02,0.0,48.15,197.59
380.44,80.01,99.313,1333.65,0.01,0.02,0.0,48.11,197.58
380.48,79.958,99.324,1334.02,0.01,0.02,0.0,48.09,197.58
380.54,79.88,99.339,1334.57,0.01,0.02,0.0,48.05,197.58
380.58,79.827,99.35,1334.94,0.01,0.02,0.0,48.03,197.58
380.64,79.749,99.365,1335.49,0.01,0.02,0.0,47.99,197.58
380.68,79.697,99.376,1335.86,0.01,0.02,0.0,47.96,197.57
380.74,79.619,99.391,1336.42,0.01,0.02,0.0,47.92,197.57
380.78,79.566,99.402,1336.79,0.01,0.02,0.0,47.9,197.57
380.84,79.488,99.417,1337.34,0.01,0.02,0.0,47.86,197.57
380.88,79.436,99.428,1337.71,0.01,0.02,0.0,47.83,197.57
380.94,79.357,99.443,1338.27,0.01,0.02,0.0,47.79,197.56
380.98,79.305,99.454,1338.64,0.01,0.02,0.0,47.76,197.56
381.04,79.227,99.469,1339.19,0.01,0.02,0.0,47.72,197.56
381.08,79.174,99.48,1339.56,0.01,0.02,0.0,47.69,197.56
381.14,79.096,99.495,1340.11,0.01,0.02,0.0,47.65,197.56
381.18,79.044,99.506,1340.48,0.01,0.02,0.0,47.62,197.55
381.24,78.965,99.521,1341.04,0.01,0.02,0.0,47.58,197.55
381.3,78.886,99.537,1341.59,0.01,0.02,0.0,47.54,197.55
381.34,78.834,99.547,1341.96,0.01,0.02,0.0,47.51,197.55
381.4,78.755,99.563,1342.51,0.01,0.02,0.0,47.47,197.54
381.44,78.703,99.573,1342.88,0.01,0.02,0.0,47.44,197.54
381.48,78.65,99.584,1343.25,0.01,0.02,0.0,47.41,197.54
381.54,78.572,99.599,1343.81,0.01,0.02,0.0,47.37,197.54
381.6,78.493,99.615,1344.36,0.01,0.02,0.0,47.32,197.53
381.64,78.44,99.625,1344.73,0.01,0.02,0.0,47.29,197.53
381.68,78.388,99.636,1345.1,0.01,0.02,0.0,47.26,197.53
381.74,78.309,99.651,1345.65,0.01,0.02,0.0,47.22,197.53
381.8,78.23,99.667,1346.2,0.01,0.02,0.0,47.17,197.52
381.84,78.177,99.677,1346.57,0.01,0.02,0.0,47.14,197.52
381.88,78.125,99.688,1346.94,0.01,0.02,0.0,47.11,197.52
381.94,78.046,99.703,1347.5,0.01,0.02,0.0,47.07,197.52
382.0,77.967,99.719,1348.05,0.01,0.02,0.0,47.02,197.51
382.04,77.914,99.729,1348.42,0.01,0.02,0.0,46.99,197.51
382.1,77.835,99.745,1348.97,0.01,0.02,0.0,46.94,197.51
382.14,77.782,99.755,1349.34,0.01,0.02,0.0,46.91,197.51
382.2,77.703,99.771,1349.89,0.01,0.02,0.0,46.86,197.5
382.24,77.65,99.781,1350.26,0.01,0.02,0.0,46.83,197.5
382.3,77.571,99.797,1350.81,0.02,0.02,0.0,46.78,197.5
382.34,77.518,99.807,1351.18,0.02,0.02,0.0,46.75,197.5
382.4,77.439,99.823,1351.74,0.02,0.02,0.0,46.7,197.49
382.44,77.386,99.833,1352.1,0.02,0.02,0.0,46.67,197.49
382.5,77.307,99.849,1352.66,0.02,0.02,0.0,46.62,197.49
382.54,77.254,99.859,1353.03,0.02,0.02,0.0,46.58,197.48
382.6,77.175,99.875,1353.58,0.02,0.03,0.0,46.53,197.48
382.64,77.122,99.885,1353.95,0.02,0.03,0.0,46.5,197.48
382.7,77.042,99.901,1354.5,0.02,0.03,0.0,46.45,197.47
382.74,76.989,99.911,1354.87,0.02,0.03,0.0,46.42,197.47
382.8,76.91,99.927,1355.42,0.02,0.03,0.0,46.36,197.47
382.84,76.857,99.938,1355.79,0.02,0.03,0.0,46.33,197.47
382.9,76.778,99.953,1356.34,0.02,0.03,0.0,46.28,197.46
382.94,76.724,99.964,1356.71,0.02,0.03,0.0,46.24,197.46
383.0,76.645,99.979,1357.26,0.02,0.03,0.0,46.19,197.46
383.04,76.592,99.99,1357.63,0.02,0.03,0.0,46.15,197.45
383.1,76.512,100.005,1358.18,0.02,0.03,0.0,46.1,197.45
383.14,76.459,100.016,1358.55,0.02,0.03,0.0,46.06,197.45
383.2,76.379,100.031,1359.1,0.02,0.03,0.0,46.01,197.44
383.24,76.326,100.042,1359.47,0.02,0.03,0.0,45.97,197.44
383.3,76.247,100.057,1360.02,0.02,0.03,0.0,45.92,197.44
383.36,76.167,100.073,1360.57,0.02,0.03,0.0,45.86,197.43
383.4,76.114,100.083,1360.94,0.02,0.03,0.0,45.83,197.43
383.46,76.034,100.099,1361.49,0.02,0.03,0.0,45.77,197.43
383.5,75.98,100.109,1361.86,0.02,0.03,0.0,45.73,197.42
383.56,75.901,100.125,1362.41,0.02,0.03,0.0,45.68,197.42
383.6,75.847,100.135,1362.78,0.02,0.03,0.0,45.64,197.42
383.64,75.794,100.146,1363.15,0.02,0.03,0.0,45.6,197.41
383.7,75.714,100.161,1363.7,0.02,0.03,0.0,45.54,197.41
383.76,75.634,100.177,1364.25,0.02,0.03,0.0,45.49,197.41
383.8,75.581,100.188,1364.61,0.02,0.03,0.0,45.45,197.4
383.86,75.501,100.203,1365.17,0.02,0.03,0.0,45.39,197.4
383.9,75.447,100.214,1365.53,0.02,0.03,0.0,45.35,197.4
383.96,75.367,100.229,1366.08,0.02,0.03,0.0,45.29,197.39
384.0,75.314,100.24,1366.45,0.02,0.03,0.0,45.25,197.39
384.06,75.234,100.255,1367.0,0.02,0.03,0.0,45.19,197.38
384.1,75.18,100.266,1367.37,0.02,0.03,0.0,45.15,197.38
384.16,75.1,100.281,1367.92,0.02,0.04,0.0,45.09,197.38
384.2,75.046,100.292,1368.29,0.02,0.04,0.0,45.05,197.37
384.24,74.993,100.307,1368.65,0.02,0.04,0.0,44.99,197.37
384.3,74.912,100.318,1369.2,0.02,0.04,0.0,44.95,197.37
384.36,74.832,100.339,1369.75,0.02,0.04,0.0,44.88,197.36
384.4,74.779,100.349,1370.12,0.02,0.04,0.0,44.84,197.36
384.46,74.698,100.365,1370.67,0.02,0.04,0.0,44.76,197.35
384.54,74.591,100.386,1371.4,0.02,0.04,0.0,44.68,197.35
384.56,74.537,100.396,1371.95,0.02,0.04,0.0,44.63,197.34
384.64,74.43,100.417,1372.5,0.02,0.04,0.0,44.57,197.34
384.68,74.376,100.427,1373.05,0.02,0.04,0.0,44.5,197.33
384.76,74.269,100.448,1373.6,0.02,0.04,0.0,44.44,197.33
384.82,74.188,100.464,1374.15,0.02,0.04,0.0,44.35,197.32
384.88,74.108,100.474,1374.7,0.02,0.04,0.0,44.31,197.32
384.92,74.054,100.495,1375.25,0.02,0.04,0.0,44.24,197.31
385.0,73.973,100.506,1375.62,0.02,0.04,0.0,44.2,197.31
385.06,73.892,100.521,1376.16,0.02,0.04,0.0,44.11,197.31
385.08,73.839,100.532,1376.71,0.02,0.04,0.0,44.07,197.3
385.16,73.731,100.553,1377.26,0.03,0.04,0.0,43.98,197.3
385.22,73.65,100.568,1377.99,0.03,0.04,0.0,43.91,197.29
385.28,73.569,100.584,1378.54,0.03,0.05,0.0,43.84,197.29
385.36,73.488,100.594,1378.91,0.03,0.05,0.0,43.79,197.28
385.4,73.434,100.605,1379.27,0.03,0.05,0.0,43.75,197.28
385.46,73.353,100.62,1379.82,0.03,0.05,0.0,43.68,197.27
385.5,73.299,100.631,1380.19,0.03,0.05,0.0,43.63,197.27
385.56,73.218,100.646,1380.73,0.03,0.05,0.0,43.56,197.27
385.6,73.164,100.657,1381.1,0.03,0.05,0.0,43.52,197.26
385.66,73.083,100.672,1381.65,0.03,0.05,0.0,43.44,197.26
385.7,73.029,100.683,1382.01,0.03,0.05,0.0,43.4,197.25
385.76,72.948,100.699,1382.56,0.03,0.05,0.0,43.33,197.25
385.82,72.867,100.714,1383.11,0.03,0.05,0.0,43.25,197.24
385.86,72.813,100.725,1383.47,0.03,0.05,0.0,43.21,197.24
385.92,72.731,100.74,1384.02,0.03,0.05,0.0,43.13,197.23
385.96,72.677,100.751,1384.38,0.03,0.05,0.0,43.09,197.23
386.02,72.596,100.766,1384.93,0.03,0.05,0.0,43.01,197.23
386.06,72.542,100.777,1385.29,0.03,0.05,0.0,42.96,197.22
386.12,72.46,100.792,1385.84,0.03,0.05,0.0,42.89,197.22
386.16,72.406,100.803,1386.2,0.03,0.05,0.0,42.84,197.21
386.2,72.352,100.813,1386.57,0.03,0.05,0.0,42.79,197.21
386.26,72.271,100.829,1387.11,0.03,0.06,0.0,42.72,197.2
386.3,72.216,100.839,1387.48,0.03,0.06,0.0,42.67,197.2
386.36,72.135,100.855,1388.02,0.03,0.06,0.0,42.59,197.2
386.4,72.081,100.866,1388.39,0.03,0.06,0.0,42.54,197.19
386.46,71.999,100.881,1388.93,0.03,0.06,0.0,42.47,197.19
386.52,71.917,100.897,1389.48,0.03,0.06,0.0,42.39,197.18
386.56,71.863,100.907,1389.84,0.03,0.06,0.0,42.34,197.18
386.6,71.809,100.918,1390.21,0.03,0.06,0.0,42.29,197.17
386.66,71.727,100.933,1390.75,0.03,0.06,0.0,42.21,197.17
386.72,71.645,100.949,1391.29,0.03,0.06,0.0,42.14,197.16
386.76,71.591,100.96,1391.66,0.03,0.06,0.0,42.08,197.16
386.82,71.509,100.975,1392.2,0.03,0.06,0.0,42.01,197.15
386.86,71.455,100.986,1392.56,0.03,0.06,0.0,41.95,197.15
386.92,71.373,101.001,1393.11,0.04,0.06,0.0,41.88,197.15
386.96,71.318,101.012,1393.47,0.04,0.06,0.0,41.82,197.14
387.02,71.237,101.027,1394.01,0.04,0.07,0.0,41.75,197.14
387.06,71.182,101.038,1394.38,0.04,0.07,0.0,41.69,197.13
387.12,71.1,101.053,1394.92,0.04,0.07,0.0,41.61,197.13
387.16,71.045,101.064,1395.28,0.04,0.07,0.0,41.56,197.12
387.22,70.964,101.08,1395.82,0.04,0.07,0.0,41.48,197.12
387.26,70.909,101.09,1396.19,0.04,0.07,0.0,41.43,197.11
387.32,70.827,101.106,1396.73,0.04,0.07,0.0,41.35,197.11
387.38,70.745,101.121,1397.27,0.04,0.07,0.0,41.26,197.1
387.42,70.69,101.132,1397.63,0.04,0.07,0.0,41.21,197.1
387.48,70.608,101.147,1398.17,0.04,0.07,0.0,41.13,197.09
387.52,70.553,101.158,1398.53,0.04,0.07,0.0,41.07,197.09
387.58,70.471,101.174,1399.07,0.04,0.07,0.0,40.99,197.08
387.62,70.416,101.184,1399.43,0.04,0.07,0.0,40.94,197.08
387.68,70.334,101.2,1399.97,0.04,0.08,0.0,40.85,197.08
387.72,70.279,101.21,1400.33,0.04,0.08,0.0,40.8,197.07
387.78,70.197,101.226,1400.87,0.04,0.08,0.0,40.72,197.07
387.82,70.142,101.236,1401.23,0.04,0.08,0.0,40.66,197.06
387.86,70.087,101.247,1401.59,0.04,0.08,0.0,40.6,197.06
387.92,70.005,101.262,1402.13,0.04,0.08,0.0,40.52,197.05
387.98,69.923,101.278,1402.67,0.04,0.08,0.0,40.44,197.05
388.02,69.868,101.288,1403.03,0.05,0.08,0.0,40.38,197.04
388.08,69.785,101.304,1403.57,0.05,0.08,0.0,40.3,197.04
388.12,69.73,101.315,1403.93,0.05,0.08,0.0,40.24,197.03
388.18,69.648,101.33,1404.47,0.05,0.08,0.0,40.15,197.03
388.24,69.565,101.346,1405.0,0.05,0.09,0.0,40.07,197.02
388.28,69.51,101.356,1405.36,0.05,0.09,0.0,40.01,197.02
388.34,69.428,101.372,1405.9,0.05,0.09,0.0,39.92,197.01
388.38,69.373,101.382,1406.26,0.05,0.09,0.0,39.87,197.01
388.44,69.29,101.398,1406.79,0.05,0.09,0.0,39.78,197.0
388.48,69.235,101.409,1407.15,0.05,0.09,0.0,39.72,197.0
388.54,69.152,101.424,1407.69,0.05,0.09,0.0,39.64,196.99
388.58,69.097,101.435,1408.04,0.05,0.09,0.0,39.58,196.99
388.64,69.014,101.45,1408.58,0.05,0.09,0.0,39.49,196.98
388.68,68.959,101.461,1408.93,0.05,0.09,0.0,39.43,196.98
388.74,68.877,101.476,1409.47,0.05,0.09,0.0,39.34,196.98
388.78,68.821,101.487,1409.83,0.05,0.1,0.0,39.29,196.97
388.84,68.738,101.503,1410.36,0.05,0.1,0.0,39.2,196.97
388.88,68.683,101.513,1410.71,0.05,0.1,0.0,39.14,196.96
388.94,68.6,101.529,1411.25,0.06,0.1,0.0,39.05,196.96
388.98,68.545,101.539,1411.6,0.06,0.1,0.0,38.99,196.95
389.04,68.462,101.555,1412.14,0.06,0.1,0.0,38.9,196.95
389.08,68.407,101.565,1412.49,0.06,0.1,0.0,38.84,196.94
389.14,68.324,101.581,1413.02,0.06,0.1,0.0,38.75,196.94
389.18,68.268,101.591,1413.38,0.06,0.1,0.0,38.69,196.93
389.24,68.185,101.607,1413.91,0.06,0.11,0.0,38.6,196.93
389.28,68.13,101.618,1414.26,0.06,0.11,0.0,38.54,196.92
389.34,68.047,101.633,1414.79,0.06,0.11,0.0,38.45,196.92
389.38,67.991,101.644,1415.15,0.06,0.11,0.0,38.39,196.92
389.44,67.908,101.659,1415.68,0.06,0.11,0.0,38.3,196.91
389.5,67.825,101.675,1416.2,0.06,0.11,0.0,38.21,196.9
389.54,67.77,101.685,1416.56,0.06,0.11,0.0,38.15,196.9
389.6,67.686,101.701,1417.09,0.06,0.11,0.0,38.06,196.89
389.64,67.631,101.712,1417.44,0.06,0.11,0.0,38.0,196.89
389.7,67.548,101.727,1417.97,0.07,0.12,0.0,37.91,196.89
389.74,67.492,101.738,1418.32,0.07,0.12,0.0,37.85,196.88
389.8,67.409,101.753,1418.84,0.07,0.12,0.0,37.76,196.88
389.84,67.353,101.764,1419.2,0.07,0.12,0.0,37.7,196.87
389.9,67.27,101.779,1419.72,0.07,0.12,0.0,37.61,196.87
389.94,67.214,101.79,1420.07,0.07,0.12,0.0,37.55,196.86
390.0,67.13,101.806,1420.6,0.07,0.12,0.0,37.46,196.86
390.04,67.075,101.816,1420.95,0.07,0.12,0.0,37.39,196.85
390.1,66.991,101.832,1421.47,0.07,0.13,0.0,37.3,196.85
390.14,66.936,101.842,1421.82,0.07,0.13,0.0,37.24,196.85
390.2,66.852,101.858,1422.34,0.07,0.13,0.0,37.15,196.84
390.24,66.796,101.868,1422.69,0.07,0.13,0.0,37.09,196.84
390.3,66.713,101.884,1423.22,0.07,0.13,0.0,37.0,196.83
390.34,66.657,101.894,1423.56,0.07,0.13,0.0,36.94,196.83
390.4,66.573,101.91,1424.09,0.08,0.13,0.0,36.85,196.82
390.44,66.517,101.92,1424.43,0.08,0.14,0.0,36.79,196.82
390.5,66.434,101.936,1424.96,0.08,0.14,0.0,36.69,196.81
390.54,66.378,101.947,1425.3,0.08,0.14,0.0,36.63,196.81
390.6,66.294,101.962,1425.82,0.08,0.14,0.0,36.54,196.81
390.66,66.21,101.978,1426.34,0.08,0.14,0.0,36.45,196.8
390.68,66.182,101.983,1426.52,0.08,0.14,0.0,36.42,196.8
390.74,66.098,101.999,1427.03,0.08,0.14,0.0,36.33,196.79
390.8,66.014,102.014,1427.55,0.08,0.15,0.0,36.24,196.79
390.86,65.931,102.03,1428.07,0.08,0.15,0.0,36.15,196.78
390.9,65.875,102.041,1428.41,0.08,0.15,0.0,36.09,196.78
390.94,65.819,102.051,1428.76,0.09,0.15,0.0,36.03,196.78
391.0,65.735,102.067,1429.28,0.09,0.15,0.0,35.94,196.77
391.04,65.679,102.077,1429.62,0.09,0.15,0.0,35.88,196.77
391.1,65.595,102.093,1430.13,0.09,0.16,0.0,35.79,196.76
391.16,65.51,102.108,1430.65,0.09,0.16,0.0,35.7,196.76
391.2,65.454,102.119,1430.99,0.09,0.16,0.0,35.64,196.76
391.26,65.37,102.135,1431.51,0.09,0.16,0.0,35.55,196.75
391.3,65.314,102.145,1431.85,0.09,0.16,0.0,35.49,196.75
391.36,65.23,102.161,1432.36,0.09,0.16,0.0,35.4,196.74
391.4,65.174,102.171,1432.7,0.09,0.17,0.0,35.34,196.74
391.44,65.118,102.182,1433.04,0.09,0.17,0.0,35.28,196.74
391.5,65.033,102.197,1433.55,0.1,0.17,0.0,35.19,196.73
391.56,64.949,102.213,1434.07,0.1,0.17,0.0,35.1,196.73
391.6,64.893,102.223,1434.41,0.1,0.17,0.0,35.05,196.73
391.66,64.808,102.239,1434.91,0.1,0.17,0.0,34.96,196.72
391.7,64.752,102.249,1435.25,0.1,0.18,0.0,34.9,196.72
391.76,64.668,102.265,1435.76,0.1,0.18,0.0,34.81,196.71
391.82,64.583,102.281,1436.27,0.1,0.18,0.0,34.73,196.71
391.86,64.527,102.291,1436.61,0.1,0.18,0.0,34.67,196.71
391.9,64.471,102.302,1436.95,0.1,0.18,0.0,34.61,196.7
391.96,64.386,102.317,1437.45,0.1,0.19,0.0,34.53,196.7
392.0,64.33,102.328,1437.79,0.11,0.19,0.0,34.47,196.7
392.06,64.245,102.343,1438.29,0.11,0.19,0.0,34.39,196.69
392.1,64.189,102.354,1438.63,0.11,0.19,0.0,34.33,196.69
392.16,64.104,102.369,1439.13,0.11,0.19,0.0,34.25,196.69
392.22,64.02,102.385,1439.64,0.11,0.19,0.0,34.17,196.68
392.28,63.935,102.401,1440.14,0.11,0.2,0.0,34.08,196.68
392.34,63.85,102.422,1440.64,0.11,0.2,0.0,34.0,196.68
392.38,63.765,102.437,1441.14,0.11,0.2,0.0,33.89,196.67
392.44,63.709,102.442,1441.47,0.11,0.2,0.0,33.87,196.67
392.48,63.652,102.453,1441.81,0.12,0.21,0.0,33.81,196.67
392.54,63.568,102.469,1442.31,0.12,0.21,0.0,33.73,196.66
392.58,63.511,102.479,1442.64,0.12,0.21,0.0,33.68,196.66
392.64,63.426,102.495,1443.14,0.12,0.21,0.0,33.6,196.66
392.68,63.37,102.505,1443.47,0.12,0.21,0.0,33.55,196.66
392.74,63.285,102.521,1443.97,0.12,0.22,0.0,33.48,196.65
392.78,63.228,102.531,1444.3,0.12,0.22,0.0,33.42,196.65
392.84,63.143,102.547,1444.79,0.12,0.22,0.0,33.35,196.65
392.88,63.086,102.557,1445.12,0.13,0.22,0.0,33.3,196.65
392.94,63.001,102.573,1445.61,0.13,0.22,0.0,33.23,196.64
392.98,62.945,102.583,1445.94,0.13,0.23,0.0,33.18,196.64
393.02,62.888,102.594,1446.27,0.13,0.23,0.0,33.13,196.64
393.08,62.803,102.609,1446.76,0.13,0.23,0.0,33.06,196.64
393.14,62.718,102.625,1447.25,0.13,0.23,0.0,32.98,196.64
393.18,62.661,102.635,1447.58,0.13,0.24,0.0,32.94,196.63
393.24,62.576,102.651,1448.07,0.13,0.24,0.0,32.87,196.63
393.28,62.519,102.661,1448.4,0.13,0.24,0.0,32.82,196.63
393.34,62.434,102.677,1448.89,0.14,0.24,0.0,32.76,196.63
393.4,62.349,102.693,1449.37,0.14,0.25,0.0,32.69,196.63
393.44,62.292,102.703,1449.7,0.14,0.25,0.0,32.65,196.63
393.48,62.235,102.714,1450.02,0.14,0.25,0.0,32.6,196.62
393.54,62.15,102.729,1450.51,0.14,0.25,0.0,32.54,196.62
393.58,62.093,102.74,1450.83,0.14,0.25,0.0,32.5,196.62
393.64,62.007,102.755,1451.31,0.14,0.26,0.0,32.43,196.62
393.68,61.95,102.766,1451.64,0.15,0.26,0.0,32.39,196.62
393.74,61.865,102.781,1452.12,0.15,0.26,0.0,32.33,196.62
393.78,61.808,102.792,1452.44,0.15,0.26,0.0,32.3,196.62
393.84,61.723,102.807,1452.92,0.15,0.27,0.0,32.24,196.62
393.88,61.666,102.818,1453.24,0.15,0.27,0.0,32.2,196.61
393.92,61.58,102.833,1453.72,0.15,0.27,0.0,32.14,196.61
394.0,61.494,102.849,1454.2,0.15,0.28,0.0,32.09,196.61
394.04,61.437,102.859,1454.52,0.16,0.28,0.0,32.06,196.61
394.08,61.38,102.87,1454.83,0.16,0.28,0.0,32.02,196.61
394.14,61.295,102.885,1455.31,0.16,0.28,0.0,31.97,196.61
394.2,61.209,102.901,1455.79,0.16,0.29,0.0,31.92,196.61
394.26,61.123,102.917,1456.26,0.16,0.29,0.0,31.87,196.61
394.3,61.066,102.927,1456.58,0.16,0.29,0.0,31.84,196.61
394.36,60.981,102.943,1457.05,0.16,0.3,0.0,31.8,196.61
394.4,60.923,102.953,1457.36,0.17,0.3,0.0,31.77,196.61
394.46,60.838,102.969,1457.83,0.17,0.3,0.0,31.72,196.61
394.5,60.78,102.979,1458.15,0.17,0.3,0.0,31.7,196.61
394.54,60.723,102.99,1458.46,0.17,0.31,0.0,31.67,196.61
394.6,60.637,103.005,1458.93,0.17,0.31,0.0,31.63,196.61
394.64,60.58,103.016,1459.24,0.17,0.31,0.0,31.61,196.61
394.7,60.494,103.031,1459.71,0.18,0.32,0.0,31.57,196.61
394.76,60.408,103.047,1460.17,0.18,0.32,0.0,31.54,196.61
394.8,60.351,103.057,1460.48,0.18,0.32,0.0,31.51,196.61
394.82,60.294,103.068,1460.79,0.18,0.32,0.0,31.49,196.61
394.9,60.208,103.083,1461.25,0.18,0.33,0.0,31.46,196.62
394.96,60.122,103.099,1461.72,0.18,0.33,0.0,31.43,196.62
395.0,60.064,103.109,1462.02,0.18,0.33,0.0,31.42,196.62
395.06,59.978,103.125,1462.48,0.19,0.34,0.0,31.39,196.62
395.1,59.921,103.135,1462.79,0.19,0.34,0.0,31.38,196.62
395.16,59.835,103.151,1463.25,0.19,0.34,0.0,31.35,196.62
395.2,59.777,103.161,1463.55,0.19,0.35,0.0,31.34,196.62
395.26,59.691,103.177,1464.01,0.19,0.35,0.0,31.32,196.63
395.32,59.605,103.192,1464.47,0.2,0.36,0.0,31.3,196.63
395.36,59.547,103.203,1464.77,0.2,0.36,0.0,31.29,196.63
395.4,59.49,103.213,1465.07,0.2,0.36,0.0,31.28,196.63
395.46,59.404,103.229,1465.52,0.2,0.36,0.0,31.27,196.63
395.5,59.346,103.239,1465.82,0.2,0.37,0.0,31.27,196.64
395.56,59.26,103.255,1466.28,0.2,0.37,0.0,31.26,196.64
395.6,59.202,103.265,1466.58,0.21,0.37,0.0,31.25,196.64
395.66,59.116,103.281,1467.02,0.21,0.38,0.0,31.25,196.64
395.72,59.03,103.296,1467.47,0.21,0.38,0.0,31.24,196.65
395.76,58.972,103.307,1467.77,0.21,0.39,0.0,31.24,196.65
395.82,58.886,103.322,1468.21,0.21,0.39,0.0,31.24,196.65
395.86,58.828,103.332,1468.51,0.21,0.39,0.0,31.25,196.66
395.92,58.741,103.348,1468.95,0.22,0.4,0.0,31.25,196.66
395.96,58.684,103.358,1469.25,0.22,0.4,0.0,31.25,196.66
396.02,58.597,103.374,1469.69,0.22,0.41,0.0,31.26,196.67
396.08,58.511,103.39,1470.13,0.22,0.41,0.0,31.27,196.67
396.12,58.453,103.4,1470.42,0.22,0.41,0.0,31.28,196.67
396.18,58.366,103.415,1470.86,0.23,0.42,0.0,31.3,196.68
396.22,58.309,103.426,1471.15,0.23,0.42,0.0,31.31,196.68
396.28,58.222,103.441,1471.59,0.23,0.43,0.0,31.32,196.69
396.32,58.164,103.452,1471.88,0.23,0.43,0.0,31.34,196.69
396.38,58.078,103.467,1472.31,0.24,0.43,0.0,31.36,196.7
396.42,58.02,103.478,1472.6,0.24,0.44,0.0,31.38,196.7
396.46,57.962,103.488,1472.89,0.24,0.44,0.0,31.39,196.7
396.52,57.875,103.504,1473.32,0.24,0.44,0.0,31.42,196.71
396.58,57.788,103.519,1473.75,0.24,0.45,0.0,31.45,196.71
396.62,57.73,103.535,1474.03,0.25,0.45,0.0,31.48,196.72
396.68,57.644,103.55,1474.6,0.25,0.46,0.0,31.52,196.73
396.76,57.528,103.571,1475.03,0.25,0.47,0.0,31.55,196.74
396.8,57.441,103.586,1475.45,0.25,0.47,0.0,31.61,196.74
396.86,57.354,103.602,1475.87,0.26,0.48,0.0,31.65,196.75
396.92,57.267,103.617,1476.29,0.26,0.48,0.0,31.7,196.76
397.0,57.151,103.638,1476.85,0.26,0.49,0.0,31.74,196.76
397.06,57.064,103.654,1477.27,0.27,0.49,0.0,31.81,196.77
397.14,56.977,103.669,1477.69,0.27,0.5,0.0,31.87,196.78
397.2,56.89,103.679,1478.1,0.27,0.5,0.0,31.9,196.79
397.24,56.832,103.69,1478.38,0.27,0.51,0.0,31.94,196.79
397.28,56.774,103.7,1478.65,0.27,0.51,0.0,31.98,196.8
397.34,56.687,103.716,1479.06,0.28,0.52,0.0,32.04,196.8
397.4,56.6,103.731,1479.47,0.28,0.52,0.0,32.1,196.81
397.44,56.542,103.741,1479.74,0.28,0.53,0.0,32.15,196.82
397.48,56.484,103.752,1480.01,0.28,0.53,0.0,32.19,196.82
397.54,56.396,103.767,1480.42,0.29,0.54,0.0,32.26,196.83
397.6,56.309,103.783,1480.82,0.29,0.54,0.0,32.33,196.84
397.64,56.251,103.793,1481.09,0.29,0.55,0.0,32.38,196.85
397.7,56.164,103.808,1481.49,0.3,0.55,0.0,32.46,196.86
397.74,56.105,103.819,1481.76,0.3,0.56,0.0,32.51,196.86
397.8,56.018,103.834,1482.16,0.3,0.56,0.0,32.59,196.87
397.84,55.96,103.845,1482.43,0.3,0.57,0.0,32.64,196.88
397.88,55.902,103.855,1482.69,0.3,0.57,0.0,32.7,196.89
397.94,55.814,103.87,1483.08,0.31,0.58,0.0,32.78,196.9
398.0,55.727,103.886,1483.48,0.31,0.59,0.0,32.87,196.91
398.06,55.64,103.901,1483.87,0.31,0.59,0.0,32.96,196.92
398.1,55.581,103.912,1484.13,0.32,0.6,0.0,33.02,196.92
398.16,55.494,103.927,1484.52,0.32,0.6,0.0,33.11,196.93
398.2,55.435,103.937,1484.78,0.32,0.61,0.0,33.17,196.94
398.24,55.377,103.948,1485.04,0.32,0.61,0.0,33.24,196.95
398.3,55.29,103.963,1485.42,0.33,0.62,0.0,33.33,196.96
398.36,55.202,103.978,1485.8,0.33,0.63,0.0,33.43,196.97
398.4,55.144,103.989,1486.06,0.33,0.63,0.0,33.5,196.98
398.44,55.085,103.999,1486.31,0.33,0.64,0.0,33.57,196.98
398.5,54.998,104.014,1486.69,0.34,0.64,0.0,33.67,197.0
398.56,54.91,104.03,1487.07,0.34,0.65,0.0,33.78,197.01
398.6,54.852,104.04,1487.32,0.34,0.65,0.0,33.85,197.01
398.64,54.793,104.05,1487.57,0.35,0.66,0.0,33.92,197.02
398.7,54.706,104.066,1487.95,0.35,0.67,0.0,34.03,197.03
398.76,54.618,104.081,1488.32,0.35,0.67,0.0,34.15,197.05
398.8,54.559,104.091,1488.57,0.36,0.68,0.0,34.22,197.05
398.86,54.472,104.107,1488.94,0.36,0.69,0.0,34.34,197.07
398.9,54.413,104.117,1489.18,0.36,0.69,0.0,34.42,197.07
398.96,54.325,104.138,1489.55,0.36,0.7,0.0,34.57,197.09
399.02,54.237,104.153,1489.91,0.37,0.71,0.0,34.69,197.1
399.06,54.15,104.168,1490.28,0.37,0.72,0.0,34.81,197.11
399.14,54.032,104.189,1490.76,0.38,0.73,0.0,34.98,197.13
399.22,53.945,104.199,1491.12,0.38,0.73,0.0,35.06,197.14
399.26,53.886,104.209,1491.35,0.38,0.74,0.0,35.14,197.15
399.3,53.827,104.22,1491.59,0.39,0.75,0.0,35.23,197.16
399.36,53.739,104.235,1491.95,0.39,0.75,0.0,35.35,197.17
399.42,53.651,104.25,1492.3,0.39,0.76,0.0,35.48,197.18
399.46,53.593,104.26,1492.53,0.4,0.77,0.0,35.56,197.19
399.5,53.534,104.271,1492.77,0.4,0.77,0.0,35.65,197.2
399.56,53.446,104.286,1493.11,0.4,0.78,0.0,35.78,197.21
399.62,53.358,104.301,1493.46,0.41,0.79,0.0,35.91,197.23
399.66,53.299,104.311,1493.69,0.41,0.8,0.0,36.0,197.23
399.72,53.211,104.327,1494.04,0.41,0.81,0.0,36.13,197.25
399.76,53.153,104.337,1494.26,0.41,0.81,0.0,36.21,197.26
399.82,53.064,104.352,1494.6,0.42,0.82,0.0,36.34,197.27
399.86,53.006,104.362,1494.83,0.42,0.83,0.0,36.43,197.28
399.92,52.918,104.378,1495.17,0.43,0.84,0.0,36.56,197.29
399.96,52.859,104.388,1495.39,0.43,0.84,0.0,36.65,197.3
400.0,52.8,104.398,1495.61,0.43,0.85,0.0,36.74,197.31
400.06,52.712,104.413,1495.95,0.44,0.86,0.0,36.87,197.32
400.1,52.653,104.424,1496.17,0.44,0.87,0.0,36.96,197.33
400.16,52.565,104.439,1496.5,0.44,0.88,0.0,37.09,197.34
400.22,52.476,104.454,1496.83,0.45,0.89,0.0,37.22,197.36
400.26,52.418,104.464,1497.04,0.45,0.89,0.0,37.31,197.36
400.32,52.329,104.48,1497.37,0.45,0.9,0.0,37.44,197.38
400.36,52.27,104.49,1497.58,0.46,0.91,0.0,37.52,197.39
400.42,52.182,104.505,1497.9,0.46,0.92,0.0,37.65,197.4
400.46,52.123,104.515,1498.12,0.46,0.93,0.0,37.74,197.41
400.52,52.035,104.53,1498.43,0.47,0.94,0.0,37.87,197.42
400.56,51.976,104.54,1498.64,0.47,0.95,0.0,37.95,197.43
400.62,51.888,104.556,1498.96,0.48,0.96,0.0,38.07,197.44
400.66,51.829,104.566,1499.17,0.48,0.97,0.0,38.16,197.45
400.72,51.74,104.581,1499.48,0.48,0.98,0.0,38.28,197.46
400.76,51.681,104.591,1499.68,0.49,0.98,0.0,38.36,197.47
400.82,51.593,104.606,1499.99,0.49,1.0,0.0,38.48,197.48
400.88,51.504,104.622,1500.29,0.5,1.01,0.0,38.6,197.49
400.94,51.416,104.642,1500.6,0.5,1.02,0.0,38.72,197.51
401.0,51.327,104.657,1500.9,0.5,1.03,0.0,38.83,197.51
401.06,51.239,104.672,1501.19,0.51,1.04,0.0,38.98,197.53
401.12,51.15,104.687,1501.49,0.52,1.05,0.0,39.09,197.54
401.18,51.032,104.707,1501.88,0.52,1.07,0.0,39.2,197.55
401.22,50.973,104.722,1502.17,0.53,1.08,0.0,39.33,197.56
401.32,50.825,104.737,1502.55,0.53,1.1,0.0,39.43,197.57
401.38,50.766,104.748,1502.74,0.54,1.11,0.0,39.5,197.58
401.42,50.707,104.758,1502.93,0.54,1.12,0.0,39.56,197.59
401.48,50.618,104.773,1503.21,0.55,1.13,0.0,39.65,197.6
401.52,50.559,104.783,1503.4,0.55,1.14,0.0,39.71,197.6
401.58,50.47,104.798,1503.67,0.55,1.15,0.0,39.8,197.61
401.62,50.411,104.808,1503.86,0.56,1.16,0.0,39.86,197.62
401.66,50.352,104.818,1504.04,0.56,1.17,0.0,39.91,197.62
401.72,50.263,104.833,1504.31,0.57,1.18,0.0,39.99,197.63
401.78,50.174,104.848,1504.58,0.57,1.2,0.0,40.07,197.64
401.84,50.086,104.863,1504.84,0.58,1.21,0.0,40.14,197.64
401.88,50.026,104.873,1505.02,0.58,1.22,0.0,40.18,197.65
401.94,49.938,104.888,1505.28,0.59,1.23,0.0,40.25,197.65
401.98,49.878,104.898,1505.45,0.59,1.24,0.0,40.29,197.66
402.02,49.819,104.908,1505.62,0.6,1.25,0.0,40.32,197.66
402.08,49.73,104.923,1505.87,0.6,1.27,0.0,40.38,197.67
402.14,49.641,104.938,1506.12,0.61,1.28,0.0,40.42,197.67
402.18,49.582,104.948,1506.28,0.61,1.29,0.0,40.45,197.68
402.22,49.523,104.958,1506.45,0.62,1.3,0.0,40.48,197.68
402.28,49.434,104.973,1506.69,0.62,1.32,0.0,40.52,197.68
402.34,49.345,104.988,1506.93,0.63,1.33,0.0,40.55,197.69
402.38,49.286,104.998,1507.08,0.64,1.34,0.0,40.57,197.69
402.44,49.197,105.013,1507.32,0.64,1.36,0.0,40.59,197.69
402.48,49.137,105.023,1507.47,0.65,1.37,0.0,40.61,197.69
402.54,49.048,105.038,1507.7,0.65,1.39,0.0,40.62,197.7
402.58,48.989,105.047,1507.84,0.66,1.4,0.0,40.63,197.7
402.64,48.9,105.062,1508.06,0.67,1.42,0.0,40.63,197.7
402.68,48.84,105.072,1508.21,0.67,1.43,0.0,40.63,197.7
402.74,48.751,105.087,1508.42,0.68,1.44,0.0,40.63,197.7
402.78,48.692,105.097,1508.56,0.68,1.45,0.0,40.62,197.7
402.84,48.603,105.112,1508.77,0.69,1.47,0.0,40.61,197.7
402.88,48.543,105.122,1508.9,0.7,1.48,0.0,40.59,197.7
402.94,48.454,105.137,1509.1,0.71,1.5,0.0,40.57,197.7
402.98,48.395,105.146,1509.23,0.71,1.51,0.0,40.55,197.7
403.04,48.306,105.166,1509.42,0.72,1.53,0.0,40.5,197.7
403.1,48.217,105.181,1509.61,0.73,1.55,0.0,40.46,197.7
403.14,48.157,105.191,1509.73,0.74,1.56,0.0,40.43,197.69
403.22,48.038,105.21,1509.97,0.75,1.59,0.0,40.36,197.69
403.26,47.979,105.215,1510.08,0.75,1.6,0.0,40.34,197.69
403.3,47.919,105.225,1510.2,0.76,1.61,0.0,40.3,197.69
403.36,47.83,105.24,1510.36,0.77,1.63,0.0,40.23,197.68
403.4,47.771,105.25,1510.47,0.77,1.64,0.0,40.18,197.68
403.46,47.681,105.264,1510.62,0.78,1.66,0.0,40.1,197.68
403.52,47.592,105.279,1510.77,0.79,1.68,0.0,40.02,197.67
403.56,47.533,105.289,1510.87,0.8,1.7,0.0,39.96,197.67
403.62,47.443,105.304,1511.01,0.81,1.72,0.0,39.87,197.66
403.66,47.384,105.313,1511.1,0.82,1.73,0.0,39.8,197.66
403.7,47.324,105.323,1511.19,0.83,1.75,0.0,39.73,197.66
403.76,47.235,105.338,1511.31,0.84,1.77,0.0,39.62,197.65
403.82,47.146,105.352,1511.43,0.85,1.79,0.0,39.51,197.64
403.86,47.086,105.362,1511.51,0.86,1.8,0.0,39.43,197.64
403.9,47.027,105.372,1511.58,0.86,1.82,0.0,39.35,197.63
403.96,46.937,105.386,1511.69,0.88,1.84,0.0,39.22,197.63
404.0,46.878,105.396,1511.75,0.88,1.85,0.0,39.13,197.62
404.06,46.788,105.411,1511.84,0.9,1.88,0.0,38.99,197.62
404.1,46.729,105.42,1511.9,0.9,1.89,0.0,38.9,197.61
404.16,46.64,105.435,1511.98,0.92,1.91,0.0,38.75,197.6
404.22,46.55,105.449,1512.05,0.93,1.94,0.0,38.6,197.6
404.26,46.491,105.459,1512.1,0.94,1.95,0.0,38.5,197.59
404.32,46.401,105.474,1512.16,0.95,1.98,0.0,38.34,197.58
404.36,46.342,105.483,1512.19,0.96,1.99,0.0,38.23,197.58
404.42,46.252,105.498,1512.24,0.97,2.02,0.0,38.06,197.57
404.46,46.193,105.507,1512.26,0.98,2.03,0.0,37.94,197.57
404.52,46.103,105.522,1512.29,1.0,2.06,0.0,37.77,197.56
404.56,46.044,105.531,1512.31,1.01,2.07,0.0,37.65,197.55
404.62,45.954,105.546,1512.33,1.02,2.1,0.0,37.47,197.55
404.66,45.895,105.555,1512.34,1.03,2.12,0.0,37.34,197.54
404.72,45.805,105.57,1512.34,1.05,2.14,0.0,37.16,197.53
404.76,45.746,105.579,1512.33,1.06,2.16,0.0,37.03,197.53
404.8,45.686,105.589,1512.33,1.07,2.18,0.0,36.9,197.52
404.86,45.597,105.603,1512.31,1.08,2.2,0.0,36.71,197.52
404.92,45.507,105.618,1512.28,1.1,2.23,0.0,36.51,197.51
404.96,45.448,105.627,1512.25,1.11,2.25,0.0,36.38,197.51
405.02,45.358,105.641,1512.21,1.12,2.28,0.0,36.18,197.5
405.06,45.298,105.651,1512.17,1.14,2.3,0.0,36.04,197.5
405.12,45.209,105.665,1512.11,1.15,2.32,0.0,35.84,197.49
405.18,45.12,105.679,1512.04,1.17,2.35,0.0,35.64,197.49
405.22,45.06,105.689,1511.99,1.18,2.37,0.0,35.5,197.48
405.28,44.971,105.703,1511.9,1.2,2.4,0.0,35.3,197.48
405.32,44.911,105.712,1511.83,1.21,2.42,0.0,35.16,197.48
405.36,44.851,105.722,1511.76,1.22,2.44,0.0,35.03,197.47
405.42,44.762,105.736,1511.64,1.24,2.47,0.0,34.82,197.47
405.48,44.672,105.75,1511.52,1.26,2.5,0.0,34.62,197.47
405.52,44.613,105.76,1511.43,1.27,2.52,0.0,34.49,197.47
405.56,44.553,105.769,1511.33,1.28,2.54,0.0,34.36,197.47
405.62,44.464,105.783,1511.18,1.3,2.57,0.0,34.16,197.46
405.66,44.404,105.792,1511.07,1.31,2.59,0.0,34.03,197.46
405.72,44.315,105.806,1510.9,1.33,2.62,0.0,33.83,197.46
405.76,44.255,105.816,1510.78,1.35,2.64,0.0,33.71,197.46
405.82,44.166,105.83,1510.59,1.36,2.68,0.0,33.52,197.46
405.88,44.076,105.844,1510.39,1.38,2.71,0.0,33.34,197.47
405.92,44.017,105.858,1510.25,1.4,2.73,0.0,33.22,197.47
405.98,43.928,105.872,1510.03,1.42,2.76,0.0,32.99,197.47
406.04,43.838,105.886,1509.79,1.44,2.8,0.0,32.82,197.48
406.1,43.719,105.904,1509.46,1.46,2.84,0.0,32.6,197.48
406.16,43.63,105.918,1509.2,1.49,2.88,0.0,32.5,197.49
406.22,43.54,105.932,1508.93,1.51,2.91,0.0,32.35,197.49
406.28,43.451,105.946,1508.64,1.53,2.95,0.0,32.21,197.5
406.34,43.362,105.959,1508.34,1.55,2.98,0.0,32.03,197.51
406.42,43.273,105.973,1508.03,1.57,3.02,0.0,31.95,197.52
406.46,43.183,105.987,1507.71,1.59,3.05,0.0,31.83,197.53
406.54,43.094,105.996,1507.37,1.61,3.09,0.0,31.73,197.54
406.58,43.035,106.005,1507.14,1.63,3.12,0.0,31.66,197.55
406.62,42.975,106.014,1506.9,1.64,3.14,0.0,31.6,197.56
406.66,42.916,106.023,1506.66,1.65,3.17,0.0,31.54,197.57
406.72,42.826,106.037,1506.29,1.68,3.21,0.0,31.46,197.58
406.76,42.767,106.046,1506.03,1.69,3.23,0.0,31.41,197.59
406.82,42.678,106.06,1505.64,1.71,3.27,0.0,31.35,197.61
406.88,42.589,106.073,1505.23,1.73,3.31,0.0,31.3,197.62
406.92,42.529,106.082,1504.96,1.75,3.34,0.0,31.27,197.64
406.98,42.44,106.096,1504.53,1.77,3.38,0.0,31.23,197.65
407.02,42.381,106.105,1504.24,1.79,3.4,0.0,31.22,197.67
407.08,42.292,106.118,1503.79,1.81,3.44,0.0,31.2,197.69
407.12,42.232,106.127,1503.49,1.82,3.47,0.0,31.2,197.7
407.18,42.143,106.141,1503.02,1.85,3.51,0.0,31.2,197.72
407.22,42.084,106.15,1502.7,1.86,3.54,0.0,31.21,197.74
407.28,41.995,106.163,1502.22,1.88,3.59,0.0,31.23,197.76
407.32,41.935,106.172,1501.89,1.9,3.61,0.0,31.25,197.78
407.38,41.846,106.185,1501.38,1.92,3.66,0.0,31.29,197.81
407.42,41.787,106.194,1501.04,1.93,3.69,0.0,31.33,197.82
407.46,41.728,106.203,1500.69,1.95,3.72,0.0,31.37,197.84
407.52,41.639,106.216,1500.16,1.97,3.76,0.0,31.43,197.87
407.58,41.55,106.23,1499.61,1.99,3.81,0.0,31.51,197.9
407.62,41.491,106.239,1499.24,2.01,3.84,0.0,31.57,197.92
407.68,41.402,106.252,1498.68,2.03,3.88,0.0,31.67,197.95
407.72,41.343,106.26,1498.3,2.05,3.91,0.0,31.74,197.97
407.78,41.254,106.274,1497.72,2.07,3.96,0.0,31.85,198.0
407.82,41.195,106.282,1497.32,2.08,3.99,0.0,31.93,198.02
407.88,41.106,106.295,1496.72,2.11,4.04,0.0,32.06,198.05
407.92,41.047,106.304,1496.32,2.12,4.07,0.0,32.15,198.08
407.98,40.958,106.317,1495.7,2.14,4.12,0.0,32.29,198.11
408.04,40.87,106.33,1495.08,2.16,4.17,0.0,32.44,198.14
408.08,40.811,106.339,1494.65,2.18,4.2,0.0,32.55,198.17
408.14,40.722,106.352,1494.01,2.2,4.25,0.0,32.71,198.2
408.18,40.663,106.36,1493.58,2.22,4.29,0.0,32.82,198.23
408.24,40.574,106.378,1492.92,2.24,4.34,0.0,33.0,198.27
408.3,40.486,106.39,1492.25,2.26,4.39,0.0,33.18,198.3
408.36,40.397,106.403,1491.57,2.29,4.44,0.0,33.42,198.35
408.42,40.28,106.42,1490.65,2.31,4.51,0.0,33.61,198.4
408.48,40.191,106.433,1489.95,2.33,4.56,0.0,33.8,198.44
408.54,40.103,106.446,1489.24,2.35,4.62,0.0,33.99,198.46
408.6,40.015,106.458,1488.52,2.37,4.67,0.0,34.18,198.5
408.64,39.956,106.471,1487.79,2.39,4.73,0.0,34.44,198.55
408.74,39.838,106.483,1487.06,2.42,4.78,0.0,34.56,198.59
408.78,39.75,106.496,1486.31,2.44,4.84,0.0,34.81,198.63
408.86,39.662,106.504,1485.56,2.46,4.9,0.0,34.94,198.65
408.9,39.603,106.513,1485.05,2.47,4.94,0.0,35.06,198.68
408.94,39.544,106.521,1484.54,2.49,4.97,0.0,35.18,198.7
408.98,39.485,106.529,1484.02,2.5,5.01,0.0,35.29,198.73
409.04,39.397,106.542,1483.24,2.52,5.07,0.0,35.46,198.76
409.1,39.309,106.554,1482.44,2.55,5.13,0.0,35.63,198.8
409.14,39.251,106.562,1481.91,2.56,5.17,0.0,35.73,198.82
409.2,39.163,106.574,1481.1,2.58,5.23,0.0,35.88,198.86
409.24,39.104,106.583,1480.56,2.6,5.27,0.0,35.98,198.88
409.3,39.016,106.595,1479.73,2.62,5.33,0.0,36.11,198.91
409.34,38.958,106.603,1479.17,2.64,5.37,0.0,36.19,198.94
409.4,38.87,106.615,1478.33,2.66,5.44,0.0,36.31,198.97
409.44,38.811,106.623,1477.76,2.68,5.48,0.0,36.38,198.99
409.48,38.753,106.631,1477.18,2.69,5.52,0.0,36.44,199.01
409.54,38.665,106.643,1476.31,2.72,5.59,0.0,36.53,199.04
409.6,38.578,106.655,1475.42,2.74,5.65,0.0,36.6,199.07
409.64,38.519,106.663,1474.83,2.76,5.69,0.0,36.64,199.09
409.7,38.432,106.675,1473.92,2.79,5.76,0.0,36.69,199.12
409.76,38.344,106.687,1473.0,2.82,5.83,0.0,36.72,199.14
409.8,38.286,106.695,1472.38,2.83,5.87,0.0,36.73,199.16
409.84,38.228,106.702,1471.75,2.85,5.92,0.0,36.74,199.18
409.88,38.169,106.71,1471.11,2.87,5.96,0.0,36.74,199.19
409.94,38.082,106.722,1470.14,2.9,6.03,0.0,36.72,199.22
409.98,38.024,106.73,1469.48,2.92,6.08,0.0,36.7,199.23
410.04,37.936,106.741,1468.49,2.95,6.15,0.0,36.65,199.25
410.1,37.849,106.753,1467.47,2.99,6.22,0.0,36.59,199.28
410.14,37.791,106.76,1466.78,3.01,6.27,0.0,36.54,199.29
410.2,37.704,106.772,1465.73,3.04,6.34,0.0,36.45,199.31
410.26,37.617,106.783,1464.66,3.08,6.41,0.0,36.34,199.33
410.3,37.559,106.791,1463.94,3.1,6.46,0.0,36.26,199.34
410.34,37.501,106.799,1463.2,3.13,6.51,0.0,36.17,199.35
410.4,37.414,106.81,1462.08,3.17,6.58,0.0,36.03,199.37
410.44,37.356,106.817,1461.32,3.19,6.63,0.0,35.92,199.38
410.5,37.269,106.828,1460.16,3.23,6.71,0.0,35.75,199.39
410.54,37.211,106.836,1459.37,3.26,6.76,0.0,35.63,199.4
410.6,37.124,106.847,1458.17,3.3,6.83,0.0,35.43,199.41
410.66,37.038,106.858,1456.94,3.35,6.91,0.0,35.23,199.43
410.7,36.98,106.865,1456.1,3.37,6.96,0.0,35.08,199.44
410.76,36.893,106.876,1454.83,3.42,7.04,0.0,34.85,199.45
410.8,36.836,106.884,1453.96,3.45,7.09,0.0,34.7,199.46
410.84,36.778,106.891,1453.08,3.48,7.14,0.0,34.53,199.47
410.9,36.692,106.902,1451.73,3.53,7.22,0.0,34.28,199.48
410.94,36.634,106.909,1450.82,3.56,7.28,0.0,34.11,199.49
411.0,36.548,106.92,1449.42,3.61,7.36,0.0,33.85,199.5
411.04,36.49,106.927,1448.47,3.65,7.41,0.0,33.67,199.51
411.12,36.376,106.941,1446.54,3.71,7.52,0.0,33.31,199.53
411.16,36.318,106.948,1445.54,3.75,7.58,0.0,33.13,199.54
411.2,36.261,106.955,1444.54,3.78,7.63,0.0,32.94,199.55
411.26,36.175,106.965,1443.0,3.84,7.71,0.0,32.67,199.56
411.3,36.118,106.972,1441.96,3.87,7.77,0.0,32.49,199.57
411.36,36.032,106.983,1440.37,3.93,7.85,0.0,32.22,199.59
411.4,35.975,106.99,1439.29,3.96,7.91,0.0,32.04,199.6
411.46,35.889,107.0,1437.64,4.02,7.99,0.0,31.78,199.62
411.5,35.832,107.007,1436.53,4.05,8.05,0.0,31.61,199.64
411.56,35.747,107.017,1434.83,4.11,8.13,0.0,31.36,199.66
411.6,35.69,107.024,1433.67,4.15,8.19,0.0,31.2,199.67
411.66,35.604,107.034,1431.91,4.2,8.28,0.0,30.97,199.69
411.7,35.547,107.04,1430.72,4.24,8.33,0.0,30.82,199.71
411.76,35.462,107.05,1428.91,4.3,8.42,0.0,30.61,199.74
411.82,35.377,107.06,1427.07,4.35,8.51,0.0,30.41,199.76
411.86,35.321,107.067,1425.82,4.39,8.57,0.0,30.29,199.78
411.88,35.292,107.07,1425.19,4.41,8.6,0.0,30.24,199.79
411.88,35.264,107.08,1423.92,4.46,8.68,0.0,30.08,199.82
411.98,35.151,107.086,1422.0,4.5,8.74,0.0,29.98,199.84
412.02,35.095,107.093,1420.7,4.53,8.8,0.0,29.89,199.87
412.06,35.038,107.099,1419.38,4.57,8.86,0.0,29.81,199.89
412.12,34.954,107.108,1417.39,4.62,8.95,0.0,29.71,199.93
412.18,34.869,107.118,1415.36,4.68,9.04,0.0,29.63,199.97
412.22,34.813,107.124,1414.0,4.71,9.1,0.0,29.59,199.99
412.28,34.729,107.134,1411.93,4.76,9.19,0.0,29.54,200.03
412.32,34.673,107.14,1410.54,4.79,9.25,0.0,29.52,200.06
412.38,34.589,107.149,1408.43,4.84,9.34,0.0,29.52,200.11
412.44,34.505,107.158,1406.3,4.89,9.43,0.0,29.53,200.16
412.48,34.449,107.164,1404.86,4.92,9.49,0.0,29.55,200.19
412.52,34.393,107.17,1403.42,4.96,9.55,0.0,29.58,200.22
412.58,34.309,107.179,1401.24,5.0,9.64,0.0,29.64,200.27
412.64,34.226,107.188,1399.04,5.05,9.73,0.0,29.73,200.33
412.68,34.17,107.194,1397.56,5.08,9.79,0.0,29.79,200.36
412.74,34.087,107.203,1395.32,5.12,9.89,0.0,29.9,200.42
412.78,34.032,107.209,1393.83,5.15,9.95,0.0,29.99,200.46
412.84,33.949,107.218,1391.57,5.19,10.04,0.0,30.13,200.52
412.88,33.893,107.223,1390.05,5.21,10.11,0.0,30.23,200.56
412.94,33.81,107.232,1387.77,5.25,10.2,0.0,30.39,200.62
412.98,33.755,107.238,1386.24,5.28,10.26,0.0,30.51,200.66
413.02,33.7,107.243,1384.7,5.3,10.33,0.0,30.63,200.7
413.08,33.618,107.252,1382.38,5.34,10.42,0.0,30.81,200.77
413.14,33.535,107.26,1380.06,5.37,10.52,0.0,31.0,200.83
413.18,33.48,107.266,1378.5,5.4,10.58,0.0,31.13,200.87
413.24,33.398,107.274,1376.16,5.43,10.68,0.0,31.32,200.94
413.28,33.343,107.279,1374.59,5.45,10.74,0.0,31.45,200.99
413.32,33.289,107.284,1373.01,5.48,10.81,0.0,31.58,201.03
413.38,33.207,107.292,1370.65,5.51,10.91,0.0,31.77,201.1
413.44,33.125,107.3,1368.27,5.54,11.01,0.0,31.95,201.16
413.48,33.071,107.306,1366.67,5.56,11.07,0.0,32.07,201.21
413.54,32.989,107.313,1364.28,5.59,11.17,0.0,32.24,201.28
413.6,32.908,107.321,1361.87,5.62,11.27,0.0,32.39,201.34
413.64,32.854,107.329,1360.26,5.65,11.34,0.0,32.48,201.41
413.7,32.772,107.336,1357.83,5.68,11.44,0.0,32.65,201.47
413.74,32.718,107.342,1356.21,5.71,11.51,0.0,32.72,201.52
413.82,32.61,107.349,1352.94,5.74,11.64,0.0,32.81,201.58
413.86,32.557,107.353,1351.29,5.77,11.71,0.0,32.86,201.62
413.92,32.476,107.361,1348.81,5.8,11.81,0.0,32.91,201.68
413.96,32.422,107.365,1347.14,5.83,11.88,0.0,32.93,201.72
414.0,32.369,107.37,1345.47,5.85,11.95,0.0,32.94,201.76
414.04,32.315,107.375,1343.79,5.88,12.02,0.0,32.93,201.8
414.1,32.235,107.382,1341.24,5.92,12.13,0.0,32.91,201.85
414.16,32.155,107.389,1338.68,5.96,12.23,0.0,32.85,201.91
414.2,32.101,107.393,1336.95,5.99,12.3,0.0,32.8,201.94
414.26,32.022,107.4,1334.34,6.04,12.4,0.0,32.7,201.99
414.3,31.969,107.404,1332.58,6.07,12.47,0.0,32.62,202.02
414.36,31.889,107.411,1329.92,6.12,12.58,0.0,32.47,202.07
414.4,31.836,107.415,1328.12,6.15,12.65,0.0,32.35,202.1
414.46,31.757,107.422,1325.41,6.21,12.75,0.0,32.16,202.14
414.5,31.704,107.426,1323.57,6.25,12.82,0.0,32.02,202.17
414.56,31.625,107.432,1320.79,6.31,12.93,0.0,31.79,202.21
414.62,31.546,107.438,1317.97,6.37,13.03,0.0,31.53,202.25
414.66,31.493,107.442,1316.06,6.41,13.1,0.0,31.35,202.27
414.7,31.441,107.446,1314.14,6.45,13.17,0.0,31.15,202.3
414.76,31.363,107.452,1311.22,6.52,13.28,0.0,30.85,202.33
414.82,31.284,107.458,1308.25,6.59,13.38,0.0,30.53,202.37
414.86,31.232,107.462,1306.24,6.64,13.45,0.0,30.31,202.39
414.92,31.154,107.468,1303.19,6.71,13.55,0.0,29.97,202.42
414.96,31.102,107.471,1301.13,6.76,13.62,0.0,29.74,202.44
415.02,31.024,107.477,1298.0,6.83,13.72,0.0,29.39,202.47
415.06,30.973,107.481,1295.89,6.88,13.79,0.0,29.16,202.49
415.12,30.895,107.486,1292.68,6.96,13.89,0.0,28.8,202.53
415.14,30.844,107.489,1290.51,7.01,13.95,0.0,28.57,202.55
415.22,30.767,107.495,1287.21,7.09,14.05,0.0,28.22,202.58
415.28,30.69,107.5,1283.87,7.17,14.15,0.0,27.88,202.61
415.32,30.638,107.503,1281.61,7.22,14.21,0.0,27.66,202.63
415.38,30.562,107.508,1278.19,7.3,14.31,0.0,27.34,202.66
415.42,30.511,107.511,1275.88,7.35,14.37,0.0,27.14,202.69
415.48,30.435,107.516,1272.38,7.43,14.47,0.0,26.85,202.72
415.52,30.384,107.519,1270.03,7.48,14.53,0.0,26.67,202.75
415.58,30.308,107.524,1266.46,7.55,14.62,0.0,26.41,202.78
415.62,30.258,107.527,1264.06,7.6,14.68,0.0,26.26,202.81
415.68,30.182,107.531,1260.42,7.67,14.77,0.0,26.05,202.85
415.72,30.132,107.534,1257.98,7.71,14.83,0.0,25.92,202.88
415.78,30.057,107.539,1254.29,7.78,14.92,0.0,25.76,202.93
415.84,29.982,107.543,1250.57,7.84,15.01,0.0,25.62,202.97
415.88,29.932,107.546,1248.07,7.88,15.06,0.0,25.55,203.01
415.92,29.882,107.548,1245.56,7.92,15.12,0.0,25.49,203.04
415.98,29.808,107.552,1241.78,7.98,15.21,0.0,25.43,203.09
416.04,29.733,107.556,1237.97,8.03,15.29,0.0,25.4,203.15
416.08,29.684,107.559,1235.42,8.06,15.35,0.0,25.39,203.19
416.12,29.635,107.561,1232.87,8.09,15.4,0.0,25.4,203.23
416.18,29.561,107.565,1229.02,8.14,15.48,0.0,25.43,203.29
416.24,29.488,107.568,1225.16,8.18,15.56,0.0,25.49,203.35
416.28,29.439,107.571,1222.59,8.2,15.62,0.0,25.54,203.4
416.34,29.366,107.574,1218.71,8.24,15.7,0.0,25.64,203.47
416.38,29.317,107.576,1216.13,8.26,15.75,0.0,25.71,203.51
416.42,29.269,107.579,1213.54,8.28,15.8,0.0,25.79,203.56
416.48,29.196,107.582,1209.66,8.31,15.88,0.0,25.93,203.64
416.52,29.148,107.584,1207.07,8.33,15.93,0.0,26.03,203.69
416.58,29.076,107.587,1203.19,8.35,16.01,0.0,26.18,203.76
416.62,29.028,107.589,1200.61,8.36,16.06,0.0,26.28,203.82
416.64,28.98,107.591,1198.02,8.38,16.11,0.0,26.39,203.87
416.72,28.908,107.593,1194.15,8.39,16.18,0.0,26.54,203.95
416.78,28.837,107.596,1190.27,8.41,16.26,0.0,26.7,204.03
416.82,28.79,107.598,1187.69,8.42,16.31,0.0,26.79,204.08
416.88,28.719,107.6,1183.83,8.43,16.38,0.0,26.93,204.17
416.92,28.671,107.602,1181.25,8.44,16.43,0.0,27.01,204.22
416.96,28.624,107.603,1178.68,8.45,16.48,0.0,27.09,204.28
417.04,28.531,107.606,1173.53,8.46,16.58,0.0,27.22,204.39
417.08,28.484,107.608,1170.96,8.47,16.62,0.0,27.26,204.44
417.12,28.437,107.609,1168.38,8.48,16.67,0.0,27.3,204.49
417.18,28.367,107.611,1164.52,8.5,16.74,0.0,27.34,204.57
417.22,28.321,107.612,1161.94,8.51,16.79,0.0,27.34,204.63
417.28,28.251,107.614,1158.06,8.52,16.86,0.0,27.33,204.7
417.32,28.205,107.615,1155.47,8.54,16.91,0.0,27.3,204.75
417.38,28.136,107.617,1151.58,8.56,16.98,0.0,27.23,204.83
417.42,28.09,107.618,1148.97,8.57,17.02,0.0,27.16,204.88
417.46,28.045,107.619,1146.36,8.59,17.07,0.0,27.08,204.92
417.54,27.953,107.621,1141.11,8.62,17.15,0.0,26.88,205.02
417.58,27.908,107.621,1138.47,8.65,17.2,0.0,26.75,205.06
417.62,27.863,107.622,1135.82,8.67,17.24,0.0,26.61,205.1
417.68,27.795,107.623,1131.82,8.7,17.3,0.0,26.38,205.17
417.72,27.75,107.624,1129.13,8.73,17.34,0.0,26.2,205.21
417.78,27.682,107.625,1125.08,8.77,17.4,0.0,25.92,205.27
417.82,27.637,107.626,1122.36,8.8,17.44,0.0,25.71,205.31
417.86,27.57,107.626,1118.24,8.85,17.5,0.0,25.39,205.37
417.94,27.504,107.627,1114.09,8.9,17.55,0.0,25.04,205.42
417.98,27.459,107.627,1111.3,8.94,17.59,0.0,24.79,205.46
418.04,27.393,107.628,1107.08,8.99,17.64,0.0,24.42,205.51
418.08,27.349,107.628,1104.24,9.03,17.67,0.0,24.16,205.54
418.14,27.283,107.628,1099.95,9.09,17.72,0.0,23.77,205.59
418.18,27.239,107.628,1097.07,9.13,17.75,0.0,23.5,205.63
418.24,27.174,107.629,1092.71,9.18,17.79,0.0,23.11,205.68
418.3,27.109,107.629,1088.31,9.24,17.83,0.0,22.71,205.73
418.34,27.065,107.629,1085.35,9.28,17.86,0.0,22.45,205.76
418.38,27.022,107.629,1082.37,9.32,17.88,0.0,22.2,205.79
418.44,26.958,107.628,1077.88,9.38,17.92,0.0,21.82,205.84
418.48,26.915,107.628,1074.86,9.42,17.94,0.0,21.58,205.88
418.54,26.851,107.628,1070.31,9.47,17.97,0.0,21.24,205.93
418.6,26.787,107.627,1065.72,9.53,18.0,0.0,20.92,205.98
418.64,26.745,107.627,1062.65,9.56,18.02,0.0,20.72,206.02
418.7,26.681,107.626,1058.02,9.61,18.04,0.0,20.45,206.07
418.74,26.639,107.626,1054.92,9.64,18.05,0.0,20.28,206.11
418.8,26.577,107.625,1050.26,9.68,18.07,0.0,20.06,206.17
418.84,26.535,107.625,1047.14,9.7,18.09,0.0,19.93,206.21
418.9,26.473,107.624,1042.45,9.74,18.1,0.0,19.76,206.28
418.96,26.411,107.623,1037.75,9.77,18.12,0.0,19.62,206.34
419.0,26.369,107.622,1034.62,9.78,18.12,0.0,19.55,206.39
419.04,26.328,107.621,1031.48,9.8,18.13,0.0,19.5,206.44
419.1,26.267,107.62,1026.78,9.81,18.14,0.0,19.44,206.51
419.16,26.206,107.619,1022.08,9.83,18.15,0.0,19.42,206.59
419.2,26.165,107.618,1018.95,9.83,18.15,0.0,19.42,206.64
419.26,26.105,107.617,1014.27,9.84,18.16,0.0,19.45,206.72
419.3,26.065,107.616,1011.15,9.84,18.16,0.0,19.48,206.77
419.36,26.004,107.614,1006.49,9.83,18.16,0.0,19.55,206.86
419.4,25.965,107.613,1003.4,9.83,18.16,0.0,19.61,206.91
419.46,25.905,107.611,998.77,9.82,18.16,0.0,19.71,207.0
419.5,25.865,107.61,995.7,9.81,18.16,0.0,19.79,207.06
419.54,25.826,107.609,992.64,9.8,18.16,0.0,19.87,207.12
419.6,25.767,107.607,988.08,9.78,18.16,0.0,20.0,207.22
419.66,25.708,107.605,983.54,9.75,18.16,0.0,20.13,207.31
419.7,25.67,107.603,980.53,9.74,18.16,0.0,20.22,207.37
419.74,25.631,107.602,977.53,9.72,18.16,0.0,20.31,207.44
419.8,25.573,107.6,973.06,9.69,18.15,0.0,20.43,207.53
419.84,25.534,107.598,970.09,9.67,18.15,0.0,20.51,207.6
419.9,25.477,107.596,965.66,9.64,18.15,0.0,20.62,207.69
419.96,25.42,107.593,961.26,9.61,18.14,0.0,20.71,207.79
420.0,25.382,107.592,958.34,9.59,18.14,0.0,20.76,207.86
420.04,25.344,107.59,955.43,9.57,18.14,0.0,20.8,207.92
420.1,25.287,107.587,951.09,9.54,18.13,0.0,20.84,208.02
420.16,25.231,107.585,946.76,9.51,18.12,0.0,20.85,208.11
420.2,25.193,107.583,943.89,9.49,18.12,0.0,20.84,208.18
420.26,25.138,107.579,939.59,9.46,18.11,0.0,20.8,208.27
420.3,25.101,107.577,936.73,9.45,18.11,0.0,20.76,208.33
420.36,25.045,107.574,932.45,9.42,18.1,0.0,20.62,208.45
420.42,24.99,107.571,928.18,9.4,18.09,0.0,20.48,208.54
420.48,24.917,107.567,922.48,9.39,18.07,0.0,20.24,208.66
420.56,24.863,107.563,918.21,9.38,18.06,0.0,20.02,208.75
420.62,24.808,107.56,913.93,9.38,18.05,0.0,19.77,208.83
420.68,24.737,107.555,908.2,9.38,18.03,0.0,19.39,208.95
420.76,24.683,107.553,903.9,9.38,18.01,0.0,19.08,209.03
420.82,24.612,107.547,898.13,9.39,17.98,0.0,18.62,209.14
420.9,24.559,107.543,893.79,9.4,17.96,0.0,18.37,209.22
420.94,24.507,107.539,889.43,9.41,17.93,0.0,17.86,209.3
421.02,24.454,107.535,885.04,9.44,17.91,0.0,17.47,209.38
421.08,24.402,107.531,880.64,9.45,17.88,0.0,17.2,209.46
421.14,24.351,107.527,876.21,9.47,17.84,0.0,16.65,209.54
421.18,24.316,107.523,873.25,9.49,17.82,0.0,16.38,209.6
421.26,24.248,107.52,867.3,9.51,17.77,0.0,15.83,209.71
421.32,24.18,107.513,861.31,9.54,17.72,0.0,15.31,209.82
421.4,24.113,107.508,855.3,9.55,17.66,0.0,14.8,209.93
421.46,24.063,107.503,850.77,9.57,17.62,0.0,14.56,209.99
421.52,24.013,107.499,846.24,9.58,17.57,0.0,14.22,210.1
421.58,23.98,107.496,843.21,9.59,17.54,0.0,14.0,210.16
421.64,23.931,107.491,838.66,9.6,17.49,0.0,13.61,210.25
421.7,23.882,107.487,834.11,9.6,17.43,0.0,13.34,210.35
421.74,23.849,107.483,831.08,9.6,17.4,0.0,13.18,210.41
421.8,23.801,107.479,826.53,9.6,17.34,0.0,12.96,210.51
421.82,23.769,107.474,822.0,9.59,17.28,0.0,12.84,210.61
421.9,23.705,107.469,817.47,9.58,17.22,0.0,12.68,210.71
421.98,23.657,107.464,812.96,9.56,17.16,0.0,12.51,210.81
422.02,23.626,107.462,809.97,9.56,17.12,0.0,12.45,210.88
422.08,23.563,107.455,804.0,9.52,17.04,0.0,12.36,211.02
422.16,23.501,107.448,798.08,9.47,16.95,0.0,12.33,211.17
422.24,23.454,107.443,793.68,9.45,16.89,0.0,12.33,211.28
422.28,23.408,107.438,789.3,9.41,16.82,0.0,12.35,211.39
422.34,23.362,107.432,784.96,9.36,16.75,0.0,12.41,211.51
422.42,23.302,107.425,779.23,9.31,16.67,0.0,12.5,211.66
422.48,23.257,107.42,774.98,9.26,16.6,0.0,12.58,211.78
422.56,23.197,107.413,769.38,9.19,16.51,0.0,12.7,211.94
422.62,23.152,107.408,765.22,9.12,16.45,0.0,12.79,212.06
422.7,23.108,107.402,761.1,9.08,16.38,0.0,12.85,212.14
422.72,23.079,107.397,757.03,9.02,16.32,0.0,12.95,212.3
422.82,23.02,107.391,753.0,8.96,16.26,0.0,13.06,212.42
422.86,22.977,107.386,749.01,8.88,16.19,0.0,13.13,212.54
422.94,22.92,107.378,743.75,8.82,16.11,0.0,13.19,212.67
423.0,22.891,107.374,741.15,8.78,16.07,0.0,13.22,212.75
423.06,22.848,107.367,737.27,8.7,15.98,0.0,13.26,212.95
423.12,22.792,107.361,732.15,8.65,15.92,0.0,13.26,213.03
423.18,22.75,107.355,728.35,8.57,15.86,0.0,13.22,213.2
423.26,22.694,107.347,723.33,8.52,15.78,0.0,13.16,213.32
423.32,22.653,107.341,719.59,8.47,15.72,0.0,13.03,213.48
423.38,22.612,107.335,715.87,8.43,15.65,0.0,12.95,213.56
423.44,22.571,107.329,712.17,8.39,15.59,0.0,12.75,213.73
423.5,22.53,107.323,708.49,8.35,15.53,0.0,12.63,213.85
423.58,22.49,107.317,704.82,8.3,15.47,0.0,12.36,213.97
423.62,22.463,107.313,702.38,8.28,15.43,0.0,12.2,214.06
423.68,22.423,107.308,698.72,8.26,15.36,0.0,11.95,214.18
423.74,22.37,107.299,693.86,8.22,15.28,0.0,11.57,214.35
423.8,22.33,107.293,690.22,8.19,15.22,0.0,11.25,214.47
423.88,22.278,107.285,685.36,8.16,15.13,0.0,10.81,214.64
423.96,22.239,107.278,681.72,8.15,15.06,0.0,10.45,214.77
424.02,22.201,107.27,678.07,8.13,14.99,0.0,10.08,214.89
424.08,22.162,107.266,674.42,8.12,14.92,0.0,9.7,215.02
424.14,22.111,107.257,669.55,8.11,14.83,0.0,9.31,215.15
424.18,22.086,107.251,665.9,8.1,14.76,0.0,8.79,215.33
424.24,22.049,107.244,662.23,8.09,14.69,0.0,8.39,215.46
424.32,22.011,107.238,659.79,8.08,14.64,0.0,8.13,215.6
424.4,21.962,107.232,654.9,8.07,14.54,0.0,7.61,215.73
424.46,21.913,107.223,650.01,8.06,14.43,0.0,7.11,215.92
424.52,21.876,107.216,646.34,8.04,14.36,0.0,6.75,216.06
424.6,21.84,107.21,642.68,8.04,14.28,0.0,6.41,216.2
424.64,21.804,107.203,639.01,8.02,14.2,0.0,6.19,216.34
424.7,21.768,107.197,635.36,8.0,14.12,0.0,5.77,216.48
424.76,21.733,107.19,631.71,7.99,14.03,0.0,5.49,216.63
424.84,21.698,107.185,628.07,7.96,13.95,0.0,5.22,216.77
424.9,21.663,107.177,624.44,7.93,13.87,0.0,4.99,216.92
424.96,21.628,107.169,620.83,7.91,13.78,0.0,4.78,217.07
425.02,21.582,107.162,616.04,7.88,13.67,0.0,4.59,217.22
425.06,21.559,107.155,612.47,7.85,13.59,0.0,4.43,217.42
425.14,21.514,107.149,608.93,7.81,13.5,0.0,4.3,217.52
425.2,21.491,107.144,606.58,7.78,13.42,0.0,4.2,217.67
425.26,21.446,107.136,601.91,7.72,13.33,0.0,4.11,217.88
425.34,21.402,107.127,597.29,7.68,13.22,0.0,4.05,218.08
425.42,21.358,107.118,592.72,7.62,13.11,0.0,4.04,218.29
425.48,21.325,107.109,589.34,7.57,13.02,0.0,4.06,218.45
425.56,21.282,107.102,584.87,7.49,12.91,0.0,4.11,218.65
425.64,21.239,107.093,580.48,7.44,12.8,0.0,4.19,218.86
425.7,21.218,107.089,578.3,7.38,12.75,0.0,4.24,218.97
425.76,21.186,107.082,575.07,7.33,12.67,0.0,4.32,219.12
425.82,21.155,107.076,571.87,7.27,12.59,0.0,4.41,219.28
425.88,21.124,107.069,568.72,7.22,12.51,0.0,4.51,219.44
425.94,21.093,107.06,565.6,7.16,12.43,0.0,4.61,219.6
426.0,21.052,107.055,561.5,7.08,12.33,0.0,4.75,219.81
426.1,21.011,107.046,557.47,7.01,12.23,0.0,4.89,220.02
426.16,20.971,107.036,553.5,6.93,12.13,0.0,5.02,220.23
426.24,20.941,107.029,550.57,6.87,12.06,0.0,5.11,220.39
426.3,20.911,107.025,547.67,6.83,11.99,0.0,5.16,220.5
426.34,20.891,107.02,545.76,6.8,11.94,0.0,5.21,220.6
426.4,20.861,107.014,542.91,6.74,11.87,0.0,5.27,220.77
426.44,20.842,107.009,541.04,6.71,11.82,0.0,5.3,220.87
426.5,20.813,107.002,538.25,6.66,11.75,0.0,5.34,221.04
426.54,20.793,106.998,536.4,6.62,11.71,0.0,5.35,221.15
426.58,20.774,106.994,534.57,6.59,11.66,0.0,5.36,221.26
426.64,20.745,106.987,531.84,6.54,11.59,0.0,5.35,221.42
426.7,20.717,106.98,529.14,6.49,11.53,0.0,5.33,221.59
426.74,20.698,106.976,527.36,6.46,11.48,0.0,5.3,221.7
426.8,20.67,106.969,524.69,6.42,11.42,0.0,5.25,221.87
426.84,20.651,106.965,522.93,6.39,11.37,0.0,5.2,221.98
426.9,20.623,106.958,520.3,6.35,11.31,0.0,5.1,222.15
426.94,20.605,106.954,518.56,6.33,11.27,0.0,5.03,222.27
427.0,20.577,106.947,515.96,6.29,11.2,0.0,4.9,222.44
427.04,20.559,106.942,514.23,6.27,11.16,0.0,4.81,222.56
427.1,20.531,106.936,511.65,6.23,11.1,0.0,4.64,222.73
427.16,20.504,106.929,509.09,6.2,11.03,0.0,4.46,222.91
427.2,20.486,106.925,507.38,6.18,10.99,0.0,4.33,223.03
427.26,20.459,106.918,504.83,6.16,10.93,0.0,4.12,223.21
427.3,20.442,106.914,503.14,6.14,10.88,0.0,3.97,223.33
427.34,20.424,106.909,501.45,6.12,10.84,0.0,3.81,223.45
427.4,20.398,106.903,498.91,6.1,10.78,0.0,3.55,223.64
427.46,20.371,106.896,496.39,6.08,10.71,0.0,3.29,223.82
427.5,20.354,106.892,494.71,6.06,10.67,0.0,3.1,223.94
427.56,20.328,106.885,492.18,6.05,10.61,0.0,2.81,224.13
427.62,20.302,106.878,489.67,6.03,10.54,0.0,2.52,224.32
427.66,20.285,106.874,487.99,6.02,10.5,0.0,2.31,224.45
427.7,20.268,106.87,486.32,6.01,10.46,0.0,2.11,224.57
427.76,20.243,106.863,483.8,5.99,10.39,0.0,1.79,224.76
427.8,20.226,106.859,482.13,5.98,10.35,0.0,1.58,224.89
427.86,20.201,106.852,479.62,5.96,10.28,0.0,1.26,225.08
427.92,20.176,106.845,477.11,5.95,10.22,0.0,0.93,225.28
427.96,20.16,106.841,475.44,5.94,10.17,0.0,0.72,225.41
428.02,20.135,106.835,472.94,5.93,10.11,0.0,0.4,225.6
428.06,20.119,106.83,471.27,5.92,10.06,0.0,0.19,225.73
428.1,20.103,106.826,469.6,5.91,10.02,0.0,-0.02,225.86
428.16,20.078,106.819,467.11,5.89,9.95,0.0,-0.33,226.06
428.2,20.062,106.815,465.44,5.88,9.91,0.0,-0.53,226.19
428.26,20.038,106.809,462.95,5.87,9.84,0.0,-0.83,226.38
428.32,20.015,106.802,460.46,5.85,9.77,0.0,-1.11,226.58
428.36,19.999,106.798,458.81,5.84,9.73,0.0,-1.3,226.71
428.42,19.975,106.792,456.33,5.82,9.66,0.0,-1.56,226.9
428.46,19.96,106.787,454.69,5.81,9.61,0.0,-1.73,227.03
428.52,19.937,106.781,452.22,5.79,9.54,0.0,-1.97,227.23
428.56,19.921,106.777,450.58,5.78,9.5,0.0,-2.12,227.36
428.62,19.898,106.77,448.14,5.76,9.43,0.0,-2.34,227.55
428.66,19.883,106.766,446.51,5.74,9.38,0.0,-2.47,227.68
428.72,19.861,106.76,444.08,5.72,9.32,0.0,-2.65,227.87
428.76,19.846,106.756,442.47,5.71,9.27,0.0,-2.77,227.99
428.82,19.823,106.749,440.06,5.68,9.2,0.0,-2.92,228.18
428.88,19.801,106.743,437.66,5.66,9.14,0.0,-3.06,228.37
428.92,19.786,106.739,436.08,5.64,9.09,0.0,-3.14,228.5
428.96,19.772,106.735,434.5,5.62,9.05,0.0,-3.21,228.62
429.02,19.75,106.729,432.14,5.59,8.98,0.0,-3.3,228.81
429.08,19.728,106.723,429.8,5.56,8.91,0.0,-3.38,228.99
429.12,19.714,106.716,428.25,5.54,8.87,0.0,-3.41,229.17
429.18,19.692,106.71,425.95,5.5,8.8,0.0,-3.47,229.35
429.26,19.664,106.702,422.9,5.46,8.72,0.0,-3.49,229.59
429.3,19.643,106.696,420.63,5.43,8.65,0.0,-3.49,229.71
429.36,19.622,106.691,418.39,5.39,8.59,0.0,-3.47,229.95
429.44,19.595,106.682,415.42,5.36,8.5,0.0,-3.43,230.18
429.52,19.574,106.676,413.23,5.33,8.44,0.0,-3.39,230.36
429.58,19.554,106.67,411.05,5.29,8.38,0.0,-3.31,230.53
429.64,19.527,106.662,408.17,5.25,8.3,0.0,-3.2,230.76
429.68,19.513,106.658,406.04,5.22,8.24,0.0,-3.14,230.87
429.76,19.493,106.654,404.63,5.2,8.2,0.0,-3.08,230.99
429.8,19.48,106.65,403.22,5.18,8.16,0.0,-3.01,231.1
429.86,19.46,106.645,401.14,5.15,8.1,0.0,-2.9,231.27
429.9,19.447,106.641,399.76,5.13,8.06,0.0,-2.82,231.38
429.94,19.434,106.637,398.39,5.11,8.02,0.0,-2.73,231.49
430.0,19.415,106.631,396.35,5.08,7.96,0.0,-2.6,231.66
430.04,19.402,106.627,395.0,5.07,7.92,0.0,-2.51,231.77
430.1,19.383,106.621,392.99,5.04,7.86,0.0,-2.37,231.94
430.14,19.37,106.618,391.67,5.02,7.83,0.0,-2.28,232.05
430.2,19.351,106.612,389.7,4.99,7.77,0.0,-2.13,232.22
430.26,19.332,106.606,387.75,4.96,7.72,0.0,-1.98,232.39
430.3,19.32,106.602,386.46,4.94,7.68,0.0,-1.88,232.5
430.36,19.301,106.597,384.54,4.92,7.63,0.0,-1.72,232.66
430.42,19.283,106.591,382.64,4.89,7.57,0.0,-1.57,232.83
430.46,19.271,106.587,381.39,4.87,7.54,0.0,-1.46,232.94
430.5,19.258,106.584,380.14,4.85,7.5,0.0,-1.36,233.06
430.56,19.24,106.578,378.29,4.83,7.45,0.0,-1.21,233.23
430.62,19.222,106.573,376.46,4.8,7.4,0.0,-1.05,233.4
430.66,19.21,106.569,375.25,4.78,7.36,0.0,-0.95,233.51
430.72,19.193,106.563,373.45,4.76,7.31,0.0,-0.81,233.68
430.76,19.181,106.56,372.26,4.74,7.28,0.0,-0.71,233.8
430.8,19.169,106.556,371.08,4.72,7.25,0.0,-0.62,233.91
430.86,19.152,106.551,369.33,4.7,7.2,0.0,-0.48,234.09
430.9,19.14,106.547,368.17,4.68,7.17,0.0,-0.39,234.2
430.96,19.123,106.542,366.45,4.66,7.12,0.0,-0.26,234.38
431.0,19.111,106.538,365.31,4.64,7.09,0.0,-0.18,234.5
431.06,19.094,106.533,363.62,4.61,7.04,0.0,-0.06,234.68
431.12,19.077,106.528,361.94,4.59,6.99,0.0,0.05,234.86
431.16,19.066,106.524,360.82,4.58,6.96,0.0,0.12,234.98
431.22,19.049,106.519,359.17,4.56,6.92,0.0,0.22,235.17
431.28,19.033,106.514,357.53,4.53,6.87,0.0,0.32,235.35
431.32,19.022,106.51,356.46,4.52,6.84,0.0,0.38,235.47
431.36,19.011,106.507,355.39,4.5,6.81,0.0,0.44,235.6
431.42,18.994,106.502,353.84,4.46,6.77,0.0,0.52,235.79
431.48,18.978,106.495,352.33,4.42,6.72,0.0,0.59,236.05
431.54,18.962,106.488,350.89,4.3,6.67,0.0,0.67,236.31
431.62,18.94,106.483,349.08,4.2,6.63,0.0,0.69,236.51
431.66,18.925,106.478,347.79,4.09,6.59,0.0,0.68,236.72
431.74,18.903,106.471,346.16,3.97,6.55,0.0,0.61,237.01
431.8,18.888,106.466,345.0,3.85,6.52,0.0,0.52,237.23
431.86,18.872,106.461,343.86,3.73,6.49,0.0,0.39,237.47
431.92,18.862,106.459,343.13,3.62,6.47,0.0,0.28,237.62
432.0,18.841,106.451,341.67,3.5,6.43,0.0,0.0,237.96
432.06,18.826,106.448,340.6,3.43,6.41,0.0,-0.25,238.21
432.12,18.805,106.44,339.16,3.36,6.37,0.0,-0.66,238.57
432.2,18.785,106.432,337.71,3.33,6.34,0.0,-1.14,238.94
432.28,18.765,106.427,336.23,3.31,6.31,0.0,-1.69,239.33
432.34,18.75,106.422,335.1,3.31,6.28,0.0,-2.14,239.63
432.4,18.74,106.419,334.33,3.32,6.26,0.0,-2.46,239.83
432.46,18.725,106.415,333.14,3.35,6.24,0.0,-2.96,240.14
432.52,18.706,106.408,331.51,3.38,6.2,0.0,-3.49,240.57
432.6,18.686,106.402,329.81,3.44,6.16,0.0,-4.23,241.0
432.66,18.672,106.398,328.48,3.49,6.13,0.0,-4.99,241.32
432.7,18.662,106.393,327.12,3.56,6.09,0.0,-5.57,241.65
432.8,18.643,106.389,325.73,3.6,6.06,0.0,-5.96,241.98
432.86,18.629,106.384,324.29,3.68,6.02,0.0,-6.75,242.31
432.92,18.615,106.38,322.83,3.72,5.99,0.0,-7.14,242.64
432.94,18.605,106.375,321.33,3.77,5.95,0.0,-7.72,242.86
433.02,18.587,106.371,319.81,3.82,5.91,0.0,-8.3,243.3
433.08,18.573,106.366,318.26,3.86,5.87,0.0,-9.04,243.63
433.14,18.559,106.362,316.7,3.9,5.82,0.0,-9.41,243.95
433.22,18.545,106.358,315.12,3.92,5.78,0.0,-9.94,244.27
433.26,18.532,106.354,313.54,3.95,5.74,0.0,-10.61,244.58
433.32,18.523,106.349,312.48,3.96,5.71,0.0,-10.93,244.78
433.38,18.505,106.345,310.36,3.96,5.65,0.0,-11.55,245.19
433.46,18.492,106.341,308.77,3.96,5.6,0.0,-11.84,245.49
433.48,18.483,106.34,307.2,3.95,5.56,0.0,-12.25,245.68
433.56,18.466,106.332,305.64,3.92,5.51,0.0,-12.89,246.15
433.66,18.448,106.328,303.59,3.88,5.45,0.0,-13.24,246.43
433.72,18.431,106.322,301.58,3.84,5.4,0.0,-13.56,246.79
433.78,18.418,106.318,300.1,3.8,5.35,0.0,-13.95,247.05
433.86,18.406,106.313,298.65,3.73,5.31,0.0,-14.22,247.31
433.92,18.389,106.309,296.77,3.65,5.26,0.0,-14.55,247.64
434.0,18.377,106.306,295.39,3.59,5.22,0.0,-14.77,247.88
434.06,18.364,106.301,294.05,3.5,5.16,0.0,-15.04,248.2
434.14,18.348,106.297,292.31,3.43,5.13,0.0,-15.22,248.43
434.2,18.336,106.293,291.05,3.37,5.09,0.0,-15.39,248.66
434.26,18.323,106.289,289.81,3.32,5.05,0.0,-15.5,248.88
434.28,18.315,106.286,288.61,3.25,5.02,0.0,-15.64,249.11
434.36,18.299,106.282,287.43,3.19,4.99,0.0,-15.82,249.33
434.44,18.287,106.279,286.28,3.13,4.96,0.0,-15.94,249.54
434.5,18.275,106.275,285.16,3.07,4.92,0.0,-16.06,249.76
434.56,18.263,106.273,284.05,2.99,4.89,0.0,-16.17,249.97
434.62,18.248,106.268,282.61,2.92,4.86,0.0,-16.3,250.25
434.7,18.232,106.263,281.2,2.87,4.82,0.0,-16.42,250.52
434.78,18.217,106.259,279.81,2.81,4.78,0.0,-16.53,250.8
434.86,18.201,106.253,278.44,2.77,4.75,0.0,-16.63,251.07
434.92,18.194,106.248,277.41,2.74,4.71,0.0,-16.71,251.4
435.04,18.171,106.243,275.72,2.71,4.68,0.0,-16.81,251.67
435.12,18.155,106.239,274.05,2.68,4.63,0.0,-16.87,251.93
435.2,18.137,106.236,272.72,2.67,4.6,0.0,-16.91,252.19
435.28,18.122,106.229,271.4,2.65,4.57,0.0,-16.95,252.5
435.36,18.111,106.228,270.42,2.64,4.54,0.0,-16.97,252.63
435.42,18.096,106.223,269.12,2.62,4.51,0.0,-16.98,252.87
435.5,18.085,106.221,268.15,2.62,4.48,0.0,-16.98,253.05
435.54,18.074,106.216,266.86,2.6,4.45,0.0,-16.97,253.29
435.62,18.063,106.213,266.23,2.59,4.43,0.0,-16.95,253.41
435.68,18.048,106.21,264.96,2.57,4.4,0.0,-16.92,253.64
435.76,18.037,106.207,264.02,2.56,4.38,0.0,-16.88,253.81
435.82,18.027,106.204,263.08,2.55,4.36,0.0,-16.84,253.98
435.88,18.016,106.201,262.15,2.54,4.33,0.0,-16.79,254.14
435.94,18.005,106.198,261.22,2.53,4.31,0.0,-16.74,254.31
436.0,17.991,106.194,260.0,2.52,4.28,0.0,-16.65,254.52
436.08,17.98,106.191,259.09,2.51,4.26,0.0,-16.58,254.68
436.14,17.966,106.187,257.89,2.49,4.22,0.0,-16.47,254.89
436.22,17.952,106.184,256.7,2.48,4.2,0.0,-16.35,255.09
436.3,17.942,106.181,255.81,2.46,4.17,0.0,-16.25,255.24
436.36,17.931,106.178,254.93,2.45,4.15,0.0,-16.15,255.39
436.4,17.921,106.176,254.06,2.44,4.13,0.0,-16.08,255.49
436.46,17.914,106.175,253.49,2.44,4.12,0.0,-16.01,255.58
436.5,17.907,106.173,252.91,2.43,4.1,0.0,-15.93,255.68
436.54,17.9,106.171,252.34,2.42,4.09,0.0,-15.85,255.78
436.6,17.89,106.168,251.49,2.41,4.07,0.0,-15.73,255.92
436.66,17.88,106.166,250.65,2.4,4.04,0.0,-15.6,256.06
436.7,17.873,106.164,250.09,2.39,4.03,0.0,-15.52,256.15
436.76,17.863,106.161,249.27,2.38,4.01,0.0,-15.38,256.29
436.8,17.856,106.16,248.72,2.37,4.0,0.0,-15.29,256.38
436.86,17.846,106.157,247.9,2.36,3.98,0.0,-15.15,256.52
436.9,17.839,106.155,247.36,2.35,3.96,0.0,-15.06,256.61
436.94,17.833,106.154,246.83,2.34,3.95,0.0,-14.96,256.7
437.0,17.823,106.151,246.03,2.33,3.93,0.0,-14.82,256.83
437.06,17.813,106.149,245.24,2.31,3.91,0.0,-14.67,256.97
437.1,17.806,106.147,244.72,2.31,3.9,0.0,-14.57,257.05
437.16,17.796,106.145,243.95,2.29,3.88,0.0,-14.42,257.19
437.2,17.79,106.143,243.44,2.28,3.87,0.0,-14.32,257.28
437.26,17.78,106.141,242.68,2.27,3.85,0.0,-14.17,257.41
437.3,17.773,106.139,242.17,2.26,3.84,0.0,-14.07,257.5
437.36,17.764,106.137,241.43,2.25,3.82,0.0,-13.92,257.63
437.4,17.757,106.135,240.94,2.24,3.81,0.0,-13.83,257.72
437.46,17.747,106.133,240.2,2.23,3.79,0.0,-13.68,257.86
437.5,17.741,106.132,239.72,2.22,3.78,0.0,-13.58,257.95
437.56,17.731,106.129,239.01,2.2,3.76,0.0,-13.43,258.09
437.6,17.725,106.128,238.53,2.19,3.75,0.0,-13.34,258.18
437.66,17.715,106.126,237.83,2.18,3.73,0.0,-13.2,258.31
437.7,17.709,106.124,237.37,2.17,3.72,0.0,-13.1,258.41
