met,altitude_km,downrange_km,velocity_ms,g_force,dynamic_pressure_kpa,thrust_kn,pitch_deg,heading_deg
0.0,0.24,0.0,0.0,1.0,0.0,0.0,90.0,83.33
0.0,0.24,0.0,0.0,1.0,0.0,0.0,90.0,83.33
0.0,0.24,0.0,0.0,1.0,0.0,0.0,90.0,83.33
0.0,0.24,0.0,0.0,1.0,0.0,0.0,90.0,83.33
0.0,0.24,0.0,0.0,1.0,0.0,0.0,90.0,83.33
0.0,0.24,0.0,0.0,1.0,0.0,0.0,90.0,83.33
0.0,0.24,0.0,0.0,1.0,0.0,0.0,90.0,83.33
0.0,0.24,0.0,0.0,1.0,0.0,0.0,90.0,83.33
0.0,0.24,0.0,0.0,1.0,0.0,0.0,90.0,83.33
0.0,0.24,0.0,0.0,1.0,0.0,0.1,90.0,83.33
0.0,0.24,0.0,0.0,1.0,0.0,0.1,90.0,83.33
0.0,0.24,0.0,0.0,1.0,0.0,0.1,90.0,83.33
0.0,0.24,0.0,0.0,1.0,0.0,0.1,90.0,83.33
0.0,0.24,0.0,0.0,1.0,0.0,0.1,90.0,83.33
0.0,0.24,0.0,0.0,1.0,0.0,0.1,90.0,83.33
0.0,0.24,0.0,0.0,1.0,0.0,0.1,90.0,83.33
0.0,0.24,0.0,0.0,1.0,0.0,0.1,90.0,83.33
0.0,0.24,0.0,0.0,1.0,0.0,0.1,90.0,83.33
0.0,0.24,0.0,0.0,1.0,0.0,0.2,90.0,83.33
0.0,0.24,0.0,0.0,1.0,0.0,0.2,90.0,83.33
0.0,0.24,0.0,0.0,1.0,0.0,0.2,90.0,83.33
0.0,0.24,0.0,0.0,1.0,0.0,0.2,90.0,83.33
0.0,0.24,0.0,0.0,1.0,0.0,0.3,90.0,83.33
0.0,0.24,0.0,0.0,1.0,0.0,0.3,90.0,83.33
0.0,0.24,0.0,0.0,1.0,0.0,0.3,90.0,83.33
0.0,0.24,0.0,0.0,1.0,0.0,0.4,90.0,83.33
0.0,0.24,0.0,0.0,1.0,0.0,0.4,90.0,83.33
0.0,0.24,0.0,0.0,1.0,0.0,0.5,90.0,83.33
0.0,0.24,0.0,0.0,1.0,0.0,0.5,90.0,83.33
0.0,0.24,0.0,0.0,1.0,0.0,0.6,90.0,83.33
0.0,0.24,0.0,0.0,1.0,0.0,0.6,90.0,83.33
0.0,0.24,0.0,0.0,1.0,0.0,0.7,90.0,83.33
0.0,0.24,0.0,0.0,1.0,0.0,0.8,90.0,83.33
0.0,0.24,0.0,0.0,1.0,0.0,0.8,90.0,83.33
0.0,0.24,0.0,0.0,1.0,0.0,1.0,90.0,83.33
0.0,0.24,0.0,0.0,1.0,0.0,1.1,90.0,83.33
0.0,0.24,0.0,0.0,1.0,0.0,1.2,90.0,83.33
0.0,0.24,0.0,0.0,1.0,0.0,1.4,90.0,83.33
0.0,0.24,0.0,0.0,1.0,0.0,1.5,90.0,83.33
0.0,0.24,0.0,0.0,1.0,0.0,24.1,90.0,83.33
0.0,0.24,0.0,0.0,1.0,0.0,24.1,90.0,83.33
0.0,0.24,0.0,0.0,1.0,0.0,57.5,90.0,83.33
0.0,0.24,0.0,0.0,1.0,0.0,91.9,90.0,83.33
0.0,0.24,0.0,0.0,1.0,0.0,114.2,90.0,83.33
0.0,0.24,0.0,0.0,1.0,0.0,144.6,90.0,83.33
0.0,0.24,0.0,0.0,1.0,0.0,161.4,90.0,83.33
0.0,0.24,0.0,0.0,1.0,0.0,182.5,90.0,83.33
0.0,0.24,0.0,0.0,1.0,0.0,193.7,90.0,83.33
0.0,0.24,0.0,0.0,1.0,0.0,206.6,90.0,83.33
0.0,0.24,0.0,0.0,1.0,0.0,215.9,90.0,83.33
0.0,0.24,0.0,0.0,1.0,0.0,221.0,90.0,83.33
0.0,0.24,0.0,0.0,1.0,0.0,225.8,90.0,83.33
0.0,0.24,0.0,0.0,1.0,0.0,228.9,90.0,83.33
0.0,0.24,0.0,0.0,1.0,0.0,232.1,90.0,83.33
0.0,0.24,0.0,0.0,1.0,0.0,233.2,90.0,83.33
0.0,0.24,0.0,0.0,1.0,0.0,234.8,90.0,83.33
0.0,0.24,0.0,0.0,1.0,0.0,236.4,90.0,83.33
0.0,0.24,0.0,0.0,1.0,0.0,236.6,90.0,83.33
0.0,0.24,0.0,0.0,1.0,0.0,237.6,90.0,83.33
0.0,0.24,0.0,0.0,1.0,0.0,237.8,90.0,83.33
0.0,0.24,0.0,0.0,1.0,0.0,239.7,90.0,83.33
0.0,0.24,0.0,0.0,1.0,0.0,239.6,90.0,83.33
0.0,0.24,0.0,0.0,1.0,0.0,239.6,90.0,83.33
0.0,0.24,0.0,0.0,1.0,0.0,239.9,90.0,83.33
0.0,0.24,0.0,0.0,1.0,0.0,239.6,90.0,83.33
0.0,0.24,0.0,0.0,1.0,0.0,239.4,90.0,83.33
0.0,0.24,0.0,0.0,1.0,0.0,239.8,90.0,83.33
0.0,0.241,0.0,0.0,1.0,0.0,240.1,90.0,83.33
0.0,0.241,0.0,0.51,1.13,0.0,239.7,90.0,83.33
0.0,0.241,0.0,0.86,1.22,0.0,239.9,90.0,83.33
0.0,0.241,0.0,1.37,1.35,0.0,239.9,90.0,83.33
0.0,0.241,0.0,1.71,1.44,0.0,239.8,90.0,83.33
0.0,0.241,0.0,2.23,1.57,0.0,239.2,90.0,83.33
0.02,0.241,0.0,2.75,1.7,0.0,240.2,89.97,83.33
0.06,0.242,0.0,3.09,1.79,0.0,239.2,90.0,83.33
0.12,0.242,0.0,3.61,1.88,0.0,239.4,90.0,83.33
0.18,0.242,0.0,4.12,1.88,0.01,239.9,90.0,83.33
0.22,0.242,0.0,4.47,1.88,0.01,240.1,89.98,83.33
0.28,0.242,0.0,4.99,1.88,0.01,239.5,90.0,83.33
0.32,0.243,0.0,5.33,1.88,0.01,239.7,90.0,83.33
0.36,0.243,0.0,5.68,1.88,0.01,239.8,90.0,83.33
0.42,0.243,0.0,6.2,1.88,0.02,239.5,90.0,83.33
0.46,0.244,0.0,6.55,1.88,0.02,240.2,90.0,83.33
0.52,0.244,0.0,7.07,1.88,0.02,239.6,90.0,83.33
0.58,0.244,0.0,7.59,1.88,0.03,240.3,90.0,83.33
0.62,0.245,0.0,7.94,1.88,0.03,240.0,90.0,83.33
0.66,0.245,0.0,8.29,1.89,0.03,240.1,90.0,83.33
0.72,0.246,0.0,8.81,1.89,0.04,240.1,90.0,83.33
0.78,0.246,0.0,9.33,1.89,0.04,239.6,90.0,83.33
0.82,0.246,0.0,9.68,1.89,0.05,239.9,90.0,83.33
0.88,0.247,0.0,10.21,1.89,0.05,239.4,89.97,83.33
0.9,0.247,0.0,10.38,1.89,0.06,239.8,90.0,83.33
0.9,0.247,0.0,10.38,1.89,0.06,239.1,89.97,83.33
0.98,0.248,0.0,11.08,1.89,0.07,239.7,89.97,83.33
1.02,0.249,0.0,11.43,1.89,0.07,239.2,89.97,83.33
1.08,0.249,0.0,11.96,1.89,0.08,240.1,90.0,83.33
1.12,0.25,0.0,12.31,1.89,0.08,239.8,90.0,83.33
1.18,0.251,0.0,12.84,1.89,0.09,239.8,90.0,83.33
1.24,0.251,0.0,13.37,1.89,0.1,239.9,89.97,83.33
1.28,0.252,0.0,13.72,1.9,0.1,240.0,90.0,83.33
1.34,0.253,0.0,14.25,1.9,0.11,240.1,89.97,83.33
1.38,0.253,0.0,14.6,1.9,0.12,239.3,89.98,83.33
1.42,0.254,0.0,14.96,1.9,0.13,240.0,89.96,83.33
1.48,0.255,0.0,15.49,1.9,0.14,239.9,89.96,83.33
1.52,0.255,0.0,15.84,1.9,0.14,240.1,89.97,83.34
1.58,0.256,0.0,16.37,1.9,0.15,239.8,89.97,83.34
1.64,0.257,0.0,16.91,1.9,0.16,239.8,89.96,83.34
1.68,0.258,0.0,17.26,1.9,0.17,239.7,89.97,83.34
1.74,0.259,0.0,17.8,1.9,0.18,240.2,89.96,83.34
1.78,0.26,0.0,18.15,1.91,0.19,239.7,89.96,83.34
1.84,0.261,0.0,18.69,1.91,0.2,240.0,89.95,83.34
1.9,0.262,0.0,19.22,1.91,0.22,239.5,89.94,83.34
1.94,0.263,0.0,19.58,1.91,0.22,240.1,89.93,83.34
1.98,0.264,0.0,19.94,1.91,0.23,239.9,89.94,83.34
2.04,0.265,0.0,20.48,1.91,0.25,240.0,89.94,83.34
2.08,0.266,0.0,20.84,1.91,0.26,239.7,89.94,83.34
2.14,0.267,0.0,21.38,1.91,0.27,239.9,89.93,83.34
2.2,0.268,0.0,21.91,1.91,0.28,240.1,89.93,83.34
2.24,0.269,0.0,22.27,1.91,0.29,240.1,89.93,83.35
2.28,0.27,0.0,22.63,1.91,0.3,239.8,89.92,83.35
2.34,0.272,0.0,23.17,1.92,0.32,240.2,89.92,83.35
2.38,0.272,0.0,23.54,1.92,0.33,239.9,89.92,83.35
2.44,0.274,0.0,24.08,1.92,0.35,240.2,89.91,83.35
2.5,0.275,0.0,24.62,1.92,0.36,239.8,89.91,83.35
2.54,0.276,0.0,24.98,1.92,0.37,240.3,89.9,83.35
2.6,0.278,0.0,25.53,1.92,0.39,240.4,89.91,83.35
2.64,0.279,0.0,25.89,1.92,0.4,239.8,89.9,83.36
2.68,0.28,0.0,26.25,1.92,0.42,239.5,89.9,83.36
2.74,0.282,0.0,26.8,1.92,0.43,239.5,89.89,83.36
2.8,0.283,0.0,27.34,1.92,0.45,240.0,89.89,83.36
2.84,0.284,0.0,27.71,1.92,0.46,239.7,89.88,83.36
2.9,0.286,0.0,28.25,1.93,0.48,239.5,89.88,98.77
2.94,0.287,0.0,28.62,1.93,0.5,240.2,89.88,99.19
3.0,0.289,0.0,29.17,1.93,0.52,239.9,89.87,99.82
3.04,0.29,0.0,29.53,1.93,0.53,240.3,89.87,100.24
3.08,0.291,0.0,29.9,1.93,0.54,239.8,89.87,100.67
3.14,0.293,0.0,30.45,1.93,0.56,239.9,89.86,101.33
3.2,0.295,0.0,31.0,1.93,0.59,240.1,89.86,102.0
3.24,0.296,0.0,31.37,1.93,0.6,239.9,89.86,102.44
3.3,0.298,0.0,31.92,1.93,0.62,240.4,89.85,103.13
3.34,0.299,0.0,32.28,1.94,0.64,240.0,89.85,103.59
3.4,0.301,0.0,32.84,1.94,0.66,239.6,89.84,104.29
3.44,0.303,0.0,33.21,1.94,0.67,239.6,89.84,104.76
3.5,0.305,0.0,33.76,1.94,0.7,239.8,89.83,105.47
3.54,0.306,0.0,34.13,1.94,0.71,239.6,89.83,105.95
3.6,0.308,0.0,34.68,1.94,0.74,240.0,89.83,106.69
3.64,0.309,0.0,35.05,1.94,0.75,239.8,89.82,107.18
3.7,0.312,0.0,35.61,1.94,0.78,239.6,89.82,107.93
3.74,0.313,0.0,35.98,1.94,0.8,239.7,89.82,108.42
3.8,0.315,0.0,36.53,1.94,0.82,240.0,89.81,109.19
3.84,0.317,0.0,36.91,1.94,0.84,240.1,89.8,109.71
3.9,0.319,0.0,37.46,1.94,0.86,239.6,89.8,110.48
3.94,0.32,0.0,37.84,1.95,0.88,240.0,89.79,111.0
4.0,0.323,0.0,38.4,1.95,0.91,240.2,89.79,111.78
4.04,0.324,0.0,38.77,1.95,0.93,239.9,89.78,112.31
4.1,0.327,0.0,39.33,1.95,0.95,239.9,89.78,113.1
4.14,0.328,0.0,39.71,1.95,0.97,240.5,89.77,113.64
4.2,0.331,0.0,40.27,1.95,1.0,240.5,89.77,114.44
4.24,0.332,0.0,40.64,1.95,1.02,240.3,89.76,114.98
4.3,0.335,0.0,41.21,1.95,1.05,240.1,89.76,115.79
4.36,0.337,0.0,41.77,1.96,1.08,240.3,89.75,116.6
4.4,0.339,0.0,42.15,1.96,1.1,240.7,89.75,117.15
4.44,0.341,0.0,42.53,1.96,1.12,240.5,89.74,117.7
4.5,0.343,0.0,43.09,1.96,1.15,240.1,89.73,118.52
4.54,0.345,0.0,43.47,1.96,1.17,240.4,89.73,119.06
4.6,0.347,0.0,44.04,1.96,1.2,240.5,89.72,119.89
4.66,0.35,0.0,44.6,1.96,1.23,240.2,89.71,120.71
4.7,0.352,0.0,44.98,1.96,1.25,240.2,89.71,121.26
4.76,0.355,0.0,45.55,1.96,1.29,240.8,89.7,122.08
4.8,0.356,0.0,45.93,1.97,1.31,241.0,89.69,122.63
4.84,0.358,0.0,46.31,1.97,1.33,240.0,89.69,123.18
4.9,0.361,0.0,46.89,1.97,1.36,240.3,89.68,124.0
4.96,0.364,0.0,47.46,1.97,1.4,240.8,89.67,124.82
5.0,0.366,0.0,47.84,1.97,1.42,240.9,89.67,125.37
5.06,0.369,0.0,48.42,1.97,1.45,240.4,89.66,126.18
5.1,0.371,0.0,48.8,1.97,1.48,240.8,89.65,126.72
5.14,0.373,0.0,49.18,1.97,1.5,241.1,89.64,127.25
5.2,0.376,0.0,49.76,1.97,1.54,240.7,89.63,128.06
5.26,0.379,0.0,50.33,1.98,1.57,240.6,89.63,128.86
5.3,0.381,0.0,50.72,1.98,1.6,241.3,89.62,129.39
5.36,0.384,0.0,51.3,1.98,1.63,240.2,89.61,130.18
5.4,0.386,0.0,51.68,1.98,1.66,240.7,89.6,130.71
5.46,0.389,0.0,52.26,1.98,1.69,240.5,89.59,131.49
5.5,0.391,0.0,52.65,1.98,1.72,240.9,89.59,132.01
5.56,0.394,0.001,53.23,1.98,1.76,240.6,89.58,132.78
5.6,0.396,0.001,53.62,1.98,1.78,240.3,89.57,133.3
5.66,0.4,0.001,54.2,1.98,1.82,240.6,89.56,134.06
5.72,0.403,0.001,54.78,1.99,1.86,240.7,89.55,134.81
5.76,0.405,0.001,55.17,1.99,1.89,241.1,89.54,135.31
5.8,0.407,0.001,55.55,1.99,1.92,240.8,89.53,135.8
5.86,0.411,0.001,56.14,1.99,1.96,240.4,89.52,136.53
5.9,0.413,0.001,56.53,1.99,1.98,241.1,89.51,137.02
5.96,0.416,0.001,57.11,1.99,2.02,240.5,89.5,137.74
6.0,0.419,0.001,57.5,1.99,2.05,240.6,89.49,138.21
6.06,0.422,0.001,58.09,1.99,2.09,240.4,89.48,138.92
6.1,0.424,0.001,58.48,1.99,2.12,241.2,89.47,139.38
6.16,0.428,0.001,59.07,1.99,2.16,241.0,89.46,140.07
6.2,0.43,0.001,59.46,1.99,2.19,240.2,89.45,140.53
6.26,0.434,0.001,60.04,2.0,2.24,241.1,89.44,141.2
6.32,0.438,0.001,60.63,2.0,2.28,240.7,89.43,141.87
6.36,0.44,0.001,61.03,2.0,2.31,241.3,89.42,142.3
6.4,0.442,0.001,61.42,2.0,2.34,240.5,89.41,142.74
6.46,0.446,0.001,62.01,2.0,2.39,240.7,89.4,143.37
6.52,0.45,0.001,62.6,2.0,2.43,240.6,89.38,144.0
6.56,0.452,0.001,63.0,2.0,2.46,240.6,89.38,144.41
6.6,0.455,0.001,63.39,2.0,2.49,240.8,89.37,144.82
6.66,0.459,0.001,63.98,2.0,2.54,241.0,89.35,145.43
6.72,0.463,0.001,64.58,2.01,2.59,241.2,89.34,146.02
6.76,0.465,0.001,64.97,2.01,2.62,240.9,89.33,146.4
6.8,0.468,0.001,65.37,2.01,2.65,240.3,89.32,146.79
6.86,0.472,0.001,65.96,2.01,2.7,240.7,89.31,147.35
6.92,0.476,0.001,66.56,2.01,2.74,240.6,89.29,147.91
6.96,0.478,0.001,66.96,2.01,2.78,241.1,89.29,148.27
7.02,0.482,0.001,67.55,2.01,2.83,240.4,89.27,148.81
7.06,0.485,0.001,67.95,2.01,2.86,241.3,89.26,149.16
7.12,0.489,0.001,68.55,2.01,2.91,241.0,89.25,149.68
7.16,0.492,0.001,68.95,2.01,2.94,241.2,89.24,150.02
7.22,0.496,0.001,69.55,2.02,2.99,240.4,89.22,150.52
7.26,0.499,0.001,69.95,2.02,3.03,241.3,89.21,150.84
7.32,0.503,0.001,70.55,2.02,3.08,240.6,89.2,151.33
7.36,0.506,0.001,70.95,2.02,3.11,240.7,89.19,151.64
7.42,0.51,0.001,71.55,2.02,3.17,240.7,89.18,152.11
7.46,0.513,0.001,71.95,2.02,3.2,240.9,89.17,152.41
7.52,0.518,0.002,72.56,2.02,3.25,240.9,89.15,152.86
7.56,0.52,0.002,72.96,2.02,3.29,241.1,89.14,153.15
7.62,0.525,0.002,73.56,2.02,3.34,241.1,89.13,153.58
7.66,0.528,0.002,73.97,2.02,3.38,241.3,89.12,153.86
7.72,0.532,0.002,74.57,2.03,3.43,241.1,89.1,154.26
7.78,0.537,0.002,75.18,2.03,3.49,241.2,89.09,154.66
7.82,0.54,0.002,75.59,2.03,3.52,241.4,89.08,154.92
7.86,0.543,0.002,75.99,2.03,3.56,241.0,89.07,155.18
7.92,0.547,0.002,76.6,2.03,3.62,241.5,89.06,155.55
7.96,0.551,0.002,77.01,2.03,3.66,240.9,89.05,155.8
8.02,0.555,0.002,77.62,2.03,3.71,241.8,89.03,156.15
8.08,0.56,0.002,78.23,2.04,3.77,241.3,89.02,156.5
8.12,0.563,0.002,78.64,2.04,3.81,241.4,89.01,156.72
8.16,0.566,0.002,79.04,2.04,3.85,241.1,89.0,156.94
8.22,0.571,0.002,79.66,2.04,3.91,241.3,88.99,157.26
8.28,0.576,0.002,80.27,2.04,3.96,241.5,88.97,157.58
8.32,0.579,0.002,80.68,2.04,4.0,241.0,88.96,157.78
8.36,0.582,0.002,81.09,2.04,4.04,240.9,88.96,157.98
8.42,0.587,0.002,81.71,2.04,4.1,241.6,88.94,158.26
8.46,0.59,0.002,82.12,2.04,4.14,241.1,88.93,158.45
8.52,0.595,0.002,82.74,2.04,4.2,241.2,88.92,158.72
8.58,0.6,0.003,83.35,2.05,4.27,241.1,88.91,158.98
8.62,0.604,0.003,83.77,2.05,4.31,241.2,88.9,159.15
8.66,0.607,0.003,84.18,2.05,4.35,241.5,88.89,159.31
8.72,0.612,0.003,84.8,2.05,4.41,241.4,88.88,159.54
8.78,0.617,0.003,85.42,2.05,4.47,241.5,88.87,159.77
8.82,0.621,0.003,85.83,2.05,4.52,241.3,88.86,159.92
8.88,0.626,0.003,86.45,2.05,4.58,241.8,88.85,160.13
8.92,0.629,0.003,86.87,2.05,4.62,241.8,88.84,160.26
8.98,0.634,0.003,87.49,2.05,4.69,241.4,88.83,160.45
9.02,0.638,0.003,87.91,2.06,4.73,241.6,88.82,160.58
9.08,0.643,0.003,88.53,2.06,4.79,242.1,88.81,160.76
9.12,0.647,0.003,88.95,2.06,4.84,242.3,88.8,160.88
9.18,0.652,0.003,89.58,2.06,4.9,241.6,88.79,161.04
9.22,0.656,0.003,90.0,2.06,4.95,242.3,88.79,161.15
9.28,0.661,0.003,90.62,2.06,5.01,241.8,88.77,161.3
9.32,0.665,0.003,91.04,2.06,5.06,242.0,88.77,161.4
9.38,0.67,0.004,91.67,2.07,5.13,242.3,88.76,161.53
9.44,0.676,0.004,92.3,2.07,5.19,241.9,88.75,161.66
9.48,0.68,0.004,92.72,2.07,5.24,242.4,88.74,161.75
9.52,0.683,0.004,93.14,2.07,5.29,241.8,88.73,161.82
9.58,0.689,0.004,93.78,2.07,5.35,242.2,88.72,161.93
9.64,0.695,0.004,94.41,2.07,5.42,241.6,88.71,162.03
9.68,0.698,0.004,94.83,2.07,5.47,242.1,88.71,162.1
9.72,0.702,0.004,95.25,2.07,5.52,241.8,88.7,162.16
9.78,0.708,0.004,95.89,2.08,5.59,242.6,88.69,162.25
9.84,0.714,0.004,96.53,2.08,5.66,242.6,88.68,162.33
9.88,0.718,0.004,96.95,2.08,5.71,242.3,88.68,162.37
9.92,0.721,0.004,97.38,2.08,5.76,242.0,88.67,162.42
9.98,0.727,0.005,98.01,2.08,5.83,242.4,88.66,162.49
10.02,0.731,0.005,98.44,2.08,5.88,242.5,88.65,162.53
10.08,0.737,0.005,99.08,2.08,5.95,242.2,88.65,162.58
10.14,0.743,0.005,99.72,2.08,6.02,242.0,88.64,162.63
10.18,0.747,0.005,100.14,2.08,6.07,241.7,88.63,162.66
10.24,0.753,0.005,100.78,2.09,6.15,242.1,88.62,162.7
10.28,0.757,0.005,101.21,2.09,6.2,242.4,88.62,162.73
10.32,0.761,0.005,101.64,2.09,6.25,242.3,88.61,162.75
10.38,0.767,0.005,102.28,2.09,6.32,242.5,88.6,162.78
10.44,0.774,0.005,102.93,2.09,6.4,242.6,88.59,162.81
10.48,0.778,0.006,103.36,2.09,6.45,242.7,88.59,162.82
10.52,0.782,0.006,103.79,2.09,6.5,242.2,88.58,162.84
10.58,0.788,0.006,104.43,2.09,6.57,242.2,88.57,162.86
10.64,0.794,0.006,105.08,2.1,6.65,242.8,88.56,162.88
10.68,0.799,0.006,105.52,2.1,6.7,242.6,88.56,162.9
10.74,0.805,0.006,106.16,2.1,6.78,242.5,88.55,162.91
10.78,0.809,0.006,106.6,2.1,6.83,242.9,88.54,162.92
10.84,0.816,0.006,107.25,2.1,6.91,242.5,88.53,162.94
10.88,0.82,0.006,107.68,2.1,6.97,242.9,88.52,162.95
10.94,0.826,0.007,108.33,2.1,7.05,242.4,88.52,162.96
10.98,0.831,0.007,108.77,2.1,7.1,242.3,88.51,162.97
11.02,0.835,0.007,109.2,2.11,7.15,242.2,88.5,162.98
11.08,0.842,0.007,109.86,2.11,7.23,242.7,88.49,163.0
11.14,0.848,0.007,110.51,2.11,7.32,243.1,88.48,163.02
11.18,0.853,0.007,110.95,2.11,7.37,242.5,88.47,163.02
11.24,0.859,0.007,111.61,2.11,7.45,242.3,88.46,163.04
11.28,0.864,0.007,112.04,2.11,7.51,242.8,88.46,163.06
11.34,0.871,0.008,112.7,2.11,7.59,242.7,88.45,163.08
11.38,0.875,0.008,113.14,2.11,7.65,242.9,88.44,163.09
11.44,0.882,0.008,113.8,2.11,7.73,242.3,88.43,163.12
11.48,0.887,0.008,114.24,2.12,7.78,243.1,88.42,163.14
11.54,0.893,0.008,114.9,2.12,7.87,242.8,88.41,163.17
11.6,0.9,0.008,115.56,2.12,7.95,242.6,88.4,163.21
11.64,0.905,0.008,116.0,2.12,8.01,242.6,88.39,163.23
11.68,0.91,0.008,116.44,2.12,8.07,242.9,88.38,163.25
11.74,0.917,0.009,117.1,2.12,8.15,243.1,88.37,163.29
11.8,0.924,0.009,117.77,2.12,8.24,242.7,88.36,163.33
11.84,0.928,0.009,118.21,2.13,8.3,243.3,88.35,163.36
11.9,0.936,0.009,118.88,2.13,8.38,243.3,88.34,163.42
11.94,0.94,0.009,119.32,2.13,8.44,242.8,88.33,163.45
11.98,0.945,0.009,119.76,2.13,8.5,242.6,88.32,163.49
12.04,0.952,0.01,120.43,2.13,8.59,243.1,88.3,163.55
12.1,0.96,0.01,121.1,2.13,8.68,243.2,88.29,163.6
12.14,0.964,0.01,121.55,2.13,8.74,243.9,88.29,163.63
12.18,0.969,0.01,121.99,2.13,8.8,243.6,88.28,163.65
12.24,0.977,0.01,122.67,2.14,8.89,242.9,88.27,163.68
12.28,0.982,0.01,123.12,2.14,8.95,243.9,88.27,163.69
12.34,0.989,0.011,123.79,2.14,9.04,243.3,88.27,163.7
12.4,0.996,0.011,124.46,2.14,9.13,244.0,88.27,163.7
12.44,1.001,0.011,124.91,2.14,9.19,243.3,88.27,163.69
12.48,1.006,0.011,125.36,2.14,9.25,243.7,88.27,163.68
12.54,1.014,0.011,126.04,2.14,9.34,243.9,88.28,163.66
12.6,1.022,0.011,126.72,2.15,9.44,243.5,88.29,163.63
12.64,1.027,0.012,127.17,2.15,9.5,243.6,88.29,163.6
12.68,1.032,0.012,127.62,2.15,9.56,244.4,88.3,163.57
12.76,1.042,0.012,128.53,2.15,9.69,243.7,88.32,163.5
12.8,1.047,0.012,128.98,2.15,9.75,244.0,88.33,163.47
12.84,1.052,0.012,129.44,2.15,9.81,244.0,88.34,163.43
12.9,1.06,0.012,130.12,2.16,9.91,244.1,88.35,163.36
12.96,1.068,0.013,130.81,2.16,10.0,244.0,88.37,163.29
13.0,1.073,0.013,131.26,2.16,10.07,243.6,88.38,163.24
13.04,1.078,0.013,131.72,2.16,10.13,244.2,88.39,163.19
13.1,1.086,0.013,132.4,2.16,10.23,243.8,88.41,163.12
13.14,1.092,0.013,132.86,2.16,10.29,244.3,88.42,163.07
13.2,1.1,0.014,133.55,2.16,10.39,244.1,88.44,162.99
13.24,1.105,0.014,134.01,2.16,10.46,244.3,88.45,162.94
13.3,1.113,0.014,134.7,2.17,10.55,243.8,88.47,162.86
13.36,1.121,0.014,135.39,2.17,10.65,244.4,88.48,162.79
13.4,1.127,0.014,135.85,2.17,10.72,244.4,88.5,162.75
13.44,1.132,0.015,136.32,2.17,10.78,245.0,88.51,162.7
13.5,1.14,0.015,137.01,2.17,10.88,244.3,88.52,162.64
13.56,1.148,0.015,137.7,2.18,10.99,244.4,88.53,162.59
13.6,1.154,0.015,138.17,2.18,11.05,245.1,88.54,162.56
13.64,1.16,0.015,138.63,2.18,11.12,244.5,88.55,162.54
13.7,1.168,0.016,139.33,2.18,11.22,244.2,88.56,162.51
13.76,1.176,0.016,140.02,2.18,11.32,244.8,88.57,162.49
13.8,1.182,0.016,140.49,2.18,11.39,245.0,88.57,162.49
13.84,1.188,0.016,140.96,2.18,11.46,245.0,88.58,162.49
13.9,1.196,0.016,141.66,2.18,11.56,245.0,88.58,162.51
13.96,1.205,0.017,142.36,2.19,11.67,244.9,88.58,162.54
14.0,1.21,0.017,142.82,2.19,11.74,244.9,88.58,162.57
14.04,1.216,0.017,143.29,2.19,11.8,245.0,88.58,162.6
14.1,1.225,0.017,143.99,2.19,11.91,244.9,88.58,162.66
14.16,1.233,0.018,144.7,2.19,12.01,244.8,88.57,162.74
14.2,1.239,0.018,145.17,2.19,12.08,244.6,88.57,162.79
14.24,1.245,0.018,145.64,2.19,12.15,244.8,88.56,162.85
14.3,1.254,0.018,146.34,2.19,12.26,244.7,88.55,162.96
14.36,1.262,0.018,147.05,2.19,12.37,245.2,88.54,163.08
14.4,1.268,0.019,147.52,2.2,12.44,244.9,88.53,163.16
14.44,1.274,0.019,147.99,2.2,12.51,244.4,88.51,163.25
14.5,1.283,0.019,148.69,2.2,12.62,244.4,88.5,163.4
14.56,1.292,0.019,149.4,2.2,12.72,244.9,88.48,163.54
14.6,1.298,0.02,149.88,2.2,12.8,244.6,88.46,163.64
14.66,1.307,0.02,150.59,2.2,12.9,245.0,88.44,163.79
14.72,1.316,0.02,151.3,2.2,13.01,244.6,88.41,163.95
14.76,1.322,0.02,151.77,2.2,13.09,244.7,88.4,164.06
14.8,1.328,0.02,152.25,2.21,13.16,245.0,88.38,164.16
14.86,1.337,0.021,152.96,2.21,13.27,245.4,88.35,164.32
14.92,1.347,0.021,153.68,2.21,13.38,245.0,88.32,164.47
14.96,1.353,0.021,154.15,2.21,13.45,245.2,88.3,164.58
15.0,1.359,0.021,154.63,2.21,13.53,245.0,88.28,164.67
15.06,1.368,0.022,155.35,2.21,13.64,245.0,88.25,164.82
15.12,1.378,0.022,156.06,2.21,13.75,244.9,88.22,164.96
15.16,1.384,0.022,156.54,2.22,13.82,244.9,88.2,165.05
15.2,1.39,0.022,157.02,2.22,13.9,245.2,88.18,165.14
15.26,1.4,0.023,157.74,2.22,14.01,245.8,88.15,165.27
15.32,1.409,0.023,158.46,2.22,14.12,245.6,88.12,165.4
15.36,1.415,0.023,158.94,2.22,14.2,245.2,88.11,165.48
15.42,1.425,0.024,159.67,2.22,14.31,245.0,88.08,165.59
15.46,1.431,0.024,160.15,2.22,14.39,245.5,88.06,165.66
15.52,1.441,0.024,160.87,2.23,14.51,245.7,88.03,165.76
15.56,1.447,0.024,161.36,2.23,14.58,245.5,88.02,165.82
15.62,1.457,0.025,162.09,2.23,14.7,245.8,87.99,165.91
15.66,1.464,0.025,162.57,2.23,14.78,246.1,87.98,165.97
15.72,1.473,0.025,163.3,2.23,14.89,245.5,87.96,166.05
15.76,1.48,0.025,163.79,2.23,14.97,245.4,87.94,166.1
15.82,1.49,0.026,164.52,2.24,15.09,246.3,87.93,166.17
15.86,1.496,0.026,165.0,2.24,15.16,246.3,87.92,166.21
15.92,1.506,0.026,165.74,2.24,15.28,246.3,87.9,166.28
15.96,1.513,0.026,166.22,2.24,15.36,245.9,87.89,166.32
16.02,1.523,0.027,166.96,2.24,15.48,245.5,87.88,166.37
16.06,1.53,0.027,167.45,2.24,15.56,246.4,87.87,166.4
16.12,1.54,0.027,168.18,2.24,15.68,246.4,87.86,166.45
16.16,1.546,0.028,168.67,2.25,15.76,246.4,87.86,166.48
16.22,1.557,0.028,169.41,2.25,15.88,246.0,87.85,166.5
16.26,1.563,0.028,169.9,2.25,15.96,245.9,87.85,166.53
16.32,1.574,0.029,170.64,2.25,16.08,246.7,87.85,166.57
16.38,1.584,0.029,171.38,2.25,16.2,246.3,87.84,166.59
16.42,1.591,0.029,171.88,2.25,16.28,246.1,87.84,166.61
16.46,1.598,0.029,172.37,2.25,16.36,245.9,87.84,166.62
16.52,1.608,0.03,173.11,2.26,16.48,246.0,87.84,166.65
16.58,1.618,0.03,173.86,2.26,16.61,246.6,87.85,166.67
16.62,1.625,0.03,174.35,2.26,16.69,246.5,87.85,166.68
16.66,1.632,0.031,174.85,2.26,16.77,246.5,87.85,166.69
16.72,1.643,0.031,175.6,2.26,16.89,246.9,87.85,166.71
16.78,1.653,0.031,176.34,2.26,17.02,246.0,87.86,166.73
16.82,1.661,0.032,176.84,2.27,17.1,247.2,87.86,166.74
16.86,1.668,0.032,177.34,2.27,17.19,246.3,87.86,166.75
16.92,1.678,0.032,178.09,2.27,17.31,246.7,87.87,166.77
16.98,1.689,0.033,178.84,2.27,17.44,246.6,87.87,166.8
17.02,1.696,0.033,179.34,2.27,17.52,247.3,87.87,166.81
17.06,1.703,0.033,179.85,2.27,17.6,246.5,87.88,166.83
17.12,1.714,0.034,180.6,2.27,17.73,246.6,87.88,166.86
17.18,1.725,0.034,181.35,2.28,17.86,247.2,87.88,166.89
17.22,1.732,0.034,181.86,2.28,17.94,247.4,87.88,166.91
17.26,1.74,0.035,182.36,2.28,18.03,247.3,87.88,166.94
17.32,1.75,0.035,183.12,2.28,18.16,246.7,87.88,166.98
17.38,1.762,0.035,183.87,2.28,18.28,247.2,87.88,167.02
17.42,1.769,0.036,184.38,2.28,18.37,247.5,87.87,167.04
17.48,1.78,0.036,185.14,2.29,18.5,247.4,87.87,167.1
17.52,1.787,0.036,185.65,2.29,18.59,247.0,87.87,167.12
17.58,1.799,0.037,186.41,2.29,18.72,247.0,87.86,167.17
17.62,1.806,0.037,186.92,2.29,18.8,246.8,87.85,167.21
17.68,1.817,0.037,187.68,2.29,18.93,247.0,87.84,167.27
17.74,1.829,0.038,188.45,2.29,19.06,247.6,87.83,167.32
17.78,1.836,0.038,188.95,2.29,19.15,247.4,87.82,167.37
17.82,1.844,0.038,189.47,2.3,19.24,247.6,87.81,167.42
17.88,1.855,0.039,190.23,2.3,19.37,247.5,87.8,167.49
17.94,1.866,0.039,191.0,2.3,19.5,247.8,87.78,167.54
17.98,1.874,0.04,191.51,2.3,19.59,247.8,87.77,167.59
18.02,1.882,0.04,192.03,2.3,19.68,247.3,87.76,167.63
18.08,1.893,0.04,192.8,2.3,19.81,247.7,87.74,167.7
18.12,1.901,0.041,193.31,2.3,19.9,247.4,87.72,167.75
18.18,1.913,0.041,194.08,2.31,20.04,247.8,87.7,167.83
18.22,1.92,0.041,194.6,2.31,20.13,247.4,87.68,167.89
18.28,1.932,0.042,195.37,2.31,20.26,247.8,87.65,167.97
18.32,1.94,0.042,195.89,2.31,20.35,248.2,87.62,168.04
18.38,1.952,0.043,196.67,2.31,20.49,247.6,87.59,168.13
18.44,1.964,0.043,197.44,2.31,20.63,247.4,87.55,168.23
18.48,1.971,0.044,197.96,2.32,20.72,248.0,87.53,168.29
18.52,1.979,0.044,198.48,2.32,20.81,248.3,87.5,168.35
18.58,1.991,0.044,199.26,2.32,20.94,248.6,87.46,168.44
18.64,2.003,0.045,200.04,2.32,21.08,248.1,87.42,168.53
18.68,2.011,0.045,200.56,2.32,21.17,247.9,87.39,168.59
18.72,2.019,0.045,201.09,2.32,21.27,248.5,87.36,168.65
18.78,2.031,0.046,201.87,2.32,21.41,248.1,87.32,168.73
18.84,2.044,0.046,202.66,2.33,21.54,248.7,87.28,168.81
18.88,2.052,0.047,203.18,2.33,21.64,248.0,87.25,168.86
18.94,2.064,0.047,203.97,2.33,21.78,248.0,87.22,168.94
18.98,2.072,0.048,204.49,2.33,21.87,248.7,87.19,168.99
19.04,2.084,0.048,205.28,2.33,22.01,248.4,87.16,169.06
19.08,2.093,0.049,205.81,2.34,22.11,248.0,87.14,169.1
19.14,2.105,0.049,206.6,2.34,22.25,248.6,87.11,169.16
19.18,2.113,0.049,207.12,2.34,22.34,249.1,87.09,169.2
19.24,2.126,0.05,207.92,2.34,22.48,248.9,87.07,169.25
19.28,2.134,0.05,208.45,2.34,22.58,249.2,87.06,169.27
19.34,2.147,0.051,209.24,2.34,22.72,248.9,87.04,169.32
19.38,2.155,0.051,209.77,2.35,22.82,249.1,87.03,169.35
19.44,2.167,0.052,210.57,2.35,22.96,248.5,87.02,169.38
19.5,2.18,0.052,211.36,2.35,23.1,248.7,87.01,169.41
19.54,2.189,0.053,211.9,2.35,23.2,248.4,87.01,169.43
19.58,2.197,0.053,212.43,2.35,23.3,248.6,87.01,169.46
19.64,2.21,0.054,213.23,2.35,23.44,248.4,87.01,169.48
19.7,2.223,0.054,214.03,2.35,23.59,248.9,87.01,169.5
19.74,2.231,0.055,214.56,2.36,23.68,249.5,87.01,169.51
19.78,2.24,0.055,215.1,2.36,23.78,248.5,87.01,169.53
19.84,2.253,0.056,215.9,2.36,23.93,249.2,87.02,169.55
19.9,2.266,0.056,216.7,2.36,24.08,248.9,87.03,169.57
19.94,2.274,0.057,217.24,2.36,24.17,249.4,87.03,169.57
19.98,2.283,0.057,217.77,2.36,24.27,249.2,87.04,169.58
20.04,2.296,0.058,218.58,2.36,24.42,249.3,87.05,169.6
20.1,2.309,0.058,219.39,2.37,24.57,249.0,87.05,169.61
20.14,2.318,0.059,219.93,2.37,24.67,249.8,87.06,169.63
20.18,2.327,0.059,220.46,2.37,24.77,249.3,87.07,169.64
20.24,2.34,0.06,221.27,2.37,24.91,249.9,87.07,169.66
20.3,2.353,0.06,222.08,2.37,25.06,249.4,87.08,169.68
20.34,2.362,0.061,222.62,2.37,25.16,249.2,87.08,169.7
20.38,2.371,0.061,223.16,2.37,25.26,249.5,87.08,169.71
20.44,2.385,0.062,223.97,2.37,25.41,249.9,87.08,169.73
20.5,2.398,0.062,224.78,2.37,25.56,249.7,87.08,169.76
20.54,2.407,0.063,225.32,2.37,25.66,249.4,87.08,169.77
20.6,2.421,0.064,226.13,2.37,25.81,250.2,87.07,169.8
20.64,2.43,0.064,226.67,2.37,25.91,250.5,87.07,169.83
20.7,2.443,0.065,227.48,2.38,26.06,250.1,87.06,169.87
20.74,2.452,0.065,228.02,2.38,26.16,250.3,87.05,169.89
20.8,2.466,0.066,228.83,2.38,26.31,250.7,87.04,169.93
20.84,2.475,0.066,229.37,2.38,26.41,250.5,87.03,169.95
20.9,2.489,0.067,230.19,2.38,26.56,250.4,87.01,169.98
20.94,2.498,0.067,230.73,2.38,26.66,250.6,86.99,170.01
21.0,2.512,0.068,231.54,2.38,26.81,250.5,86.97,170.05
21.04,2.521,0.069,232.08,2.38,26.91,250.4,86.96,170.07
21.1,2.535,0.069,232.89,2.38,27.07,250.5,86.93,170.12
21.14,2.545,0.07,233.43,2.38,27.17,251.0,86.91,170.14
21.2,2.559,0.07,234.25,2.38,27.32,250.8,86.89,170.19
21.24,2.568,0.071,234.79,2.38,27.42,250.8,86.87,170.21
21.3,2.582,0.072,235.6,2.38,27.57,250.4,86.84,170.25
21.34,2.592,0.072,236.14,2.38,27.67,251.3,86.82,170.27
21.4,2.606,0.073,236.95,2.38,27.82,250.6,86.8,170.31
21.46,2.62,0.074,237.76,2.38,27.97,251.2,86.77,170.35
21.5,2.629,0.074,238.3,2.38,28.07,251.0,86.75,170.36
21.56,2.644,0.075,239.11,2.38,28.22,251.6,86.73,170.39
21.6,2.653,0.075,239.65,2.38,28.32,251.2,86.71,170.42
21.66,2.668,0.076,240.46,2.38,28.47,251.4,86.69,170.45
21.7,2.677,0.077,241.0,2.37,28.57,250.7,86.68,170.47
21.76,2.692,0.077,241.8,2.37,28.72,250.9,86.66,170.49
21.8,2.702,0.078,242.34,2.37,28.82,250.9,86.65,170.5
21.86,2.716,0.079,243.15,2.37,28.97,251.1,86.63,170.52
21.9,2.726,0.079,243.68,2.37,29.07,251.1,86.62,170.54
21.96,2.74,0.08,244.48,2.37,29.22,250.8,86.61,170.56
22.0,2.75,0.08,245.02,2.37,29.32,251.1,86.61,170.57
22.06,2.765,0.081,245.82,2.37,29.47,251.5,86.6,170.59
22.1,2.775,0.082,246.35,2.36,29.57,250.9,86.59,170.6
22.14,2.785,0.082,246.89,2.36,29.67,251.8,86.59,170.61
22.2,2.799,0.083,247.69,2.36,29.82,251.9,86.59,170.62
22.24,2.809,0.084,248.22,2.36,29.92,251.7,86.59,170.63
22.3,2.824,0.084,249.02,2.36,30.07,251.2,86.58,170.65
22.36,2.839,0.085,249.82,2.36,30.21,251.8,86.58,170.66
22.4,2.849,0.086,250.35,2.36,30.31,251.3,86.58,170.67
22.46,2.864,0.087,251.14,2.36,30.46,252.4,86.59,170.69
22.5,2.874,0.087,251.67,2.35,30.56,251.6,86.59,170.7
22.56,2.889,0.088,252.47,2.35,30.7,251.4,86.59,170.71
22.6,2.899,0.089,253.0,2.35,30.8,252.1,86.59,170.72
22.66,2.915,0.089,253.79,2.35,30.95,251.7,86.59,170.74
22.7,2.925,0.09,254.31,2.35,31.05,251.6,86.59,170.75
22.76,2.94,0.091,255.1,2.34,31.19,252.8,86.59,170.76
22.82,2.955,0.092,255.89,2.34,31.34,252.4,86.58,170.78
22.86,2.966,0.092,256.41,2.34,31.43,251.7,86.58,170.8
22.9,2.976,0.093,256.94,2.34,31.53,252.3,86.58,170.81
22.96,2.991,0.094,257.72,2.34,31.67,251.9,86.57,170.83
23.0,3.002,0.094,258.24,2.34,31.77,252.5,86.57,170.84
23.06,3.017,0.095,259.03,2.33,31.91,252.3,86.56,170.86
23.12,3.033,0.096,259.81,2.33,32.06,252.9,86.55,170.88
23.16,3.043,0.097,260.33,2.33,32.15,252.6,86.54,170.9
23.22,3.059,0.098,261.11,2.33,32.29,253.2,86.53,170.92
23.26,3.069,0.098,261.63,2.33,32.39,252.9,86.52,170.94
23.3,3.08,0.099,262.15,2.33,32.48,252.7,86.51,170.95
23.36,3.095,0.1,262.93,2.32,32.63,252.3,86.5,170.97
23.42,3.111,0.101,263.7,2.32,32.77,252.9,86.48,170.99
23.46,3.122,0.101,264.22,2.32,32.86,252.6,86.47,171.01
23.52,3.137,0.102,264.99,2.32,33.0,253.6,86.45,171.03
23.56,3.148,0.103,265.5,2.32,33.09,253.6,86.44,171.04
23.6,3.159,0.104,266.02,2.31,33.19,252.7,86.42,171.05
23.66,3.175,0.105,266.79,2.31,33.33,253.3,86.4,171.08
23.7,3.185,0.105,267.3,2.31,33.42,253.4,86.39,171.09
23.76,3.201,0.106,268.06,2.31,33.56,253.7,86.37,171.1
23.82,3.217,0.107,268.83,2.31,33.69,253.8,86.35,171.12
23.86,3.228,0.108,269.34,2.3,33.79,253.8,86.34,171.13
23.92,3.244,0.109,270.1,2.3,33.97,253.5,86.32,171.14
23.98,3.261,0.11,270.86,2.3,34.06,253.3,86.31,171.15
24.02,3.271,0.111,271.36,2.29,34.15,253.7,86.3,171.16
24.06,3.282,0.111,271.87,2.29,34.24,253.7,86.29,171.16
24.12,3.299,0.112,272.62,2.29,34.37,253.7,86.28,171.17
24.16,3.309,0.113,273.12,2.29,34.46,253.5,86.27,171.18
24.22,3.326,0.114,273.87,2.28,34.6,253.7,86.26,171.19
24.26,3.337,0.115,274.37,2.28,34.69,254.1,86.26,171.19
24.32,3.353,0.116,275.12,2.28,34.82,253.9,86.25,171.2
24.38,3.37,0.117,275.87,2.28,34.95,254.4,86.25,171.2
24.42,3.381,0.117,276.37,2.27,35.04,253.6,86.24,171.21
24.48,3.397,0.118,277.11,2.27,35.17,253.5,86.24,171.22
24.52,3.408,0.119,277.6,2.27,35.25,253.3,86.24,171.22
24.58,3.425,0.12,278.34,2.26,35.38,254.0,86.23,171.23
24.62,3.436,0.121,278.84,2.26,35.51,253.3,86.23,171.24
24.68,3.453,0.122,279.57,2.26,35.6,253.7,86.23,171.25
24.72,3.464,0.123,280.07,2.26,35.68,253.8,86.23,171.25
24.78,3.481,0.124,280.8,2.25,35.81,254.4,86.22,171.26
24.82,3.492,0.124,281.29,2.25,35.9,253.8,86.22,171.27
24.88,3.509,0.125,282.02,2.25,36.02,254.1,86.22,171.28
24.92,3.52,0.126,282.51,2.25,36.11,254.5,86.22,171.29
24.98,3.537,0.127,283.24,2.24,36.23,254.1,86.21,171.31
25.02,3.549,0.128,283.73,2.24,36.31,254.6,86.21,171.32
25.08,3.566,0.129,284.45,2.24,36.44,254.3,86.2,171.33
25.12,3.577,0.13,284.94,2.24,36.52,254.3,86.2,171.34
25.18,3.594,0.131,285.66,2.23,36.64,254.3,86.19,171.36
25.22,3.605,0.132,286.14,2.23,36.72,254.6,86.18,171.37
25.28,3.623,0.133,286.86,2.23,36.85,254.5,86.17,171.39
25.34,3.64,0.134,287.58,2.23,36.97,254.7,86.16,171.4
25.38,3.651,0.135,288.06,2.23,37.05,254.2,86.15,171.42
25.44,3.669,0.136,288.78,2.22,37.17,254.4,86.14,171.43
25.48,3.68,0.137,289.26,2.22,37.25,254.4,86.13,171.44
25.52,3.692,0.137,289.73,2.22,37.33,254.5,86.12,171.45
25.58,3.709,0.138,290.45,2.22,37.45,255.4,86.11,171.47
25.64,3.726,0.14,291.16,2.21,37.56,254.8,86.09,171.48
25.68,3.738,0.14,291.63,2.21,37.64,254.8,86.08,171.49
25.74,3.756,0.142,292.34,2.21,37.76,255.3,86.07,171.5
25.78,3.767,0.142,292.82,2.21,37.84,255.4,86.06,171.51
25.84,3.785,0.143,293.53,2.21,37.95,255.9,86.05,171.52
25.88,3.797,0.144,294.0,2.21,38.03,255.8,86.04,171.52
25.92,3.808,0.145,294.47,2.2,38.11,255.4,86.03,171.53
25.98,3.826,0.146,295.18,2.2,38.22,255.0,86.01,171.54
26.02,3.838,0.147,295.65,2.2,38.3,255.2,86.01,171.54
26.08,3.855,0.148,296.35,2.2,38.41,255.6,86.0,171.54
26.14,3.873,0.149,297.06,2.2,38.56,256.0,85.99,171.55
26.18,3.885,0.15,297.53,2.2,38.6,256.0,85.98,171.55
26.24,3.903,0.151,298.23,2.19,38.71,255.1,85.97,171.55
26.28,3.915,0.152,298.69,2.19,38.79,255.5,85.97,171.56
26.34,3.933,0.153,299.39,2.19,38.9,256.0,85.96,171.56
26.4,3.951,0.155,300.09,2.19,39.01,256.2,85.95,171.56
26.44,3.963,0.155,300.56,2.19,39.08,255.6,85.95,171.57
26.48,3.975,0.156,301.02,2.19,39.16,255.8,85.95,171.57
26.54,3.993,0.158,301.72,2.18,39.27,256.4,85.94,171.57
26.58,4.005,0.158,302.19,2.18,39.34,256.4,85.94,171.58
26.64,4.023,0.16,302.88,2.18,39.45,255.6,85.93,171.59
26.68,4.035,0.161,303.58,2.18,39.56,256.2,85.93,171.59
26.74,4.053,0.162,304.04,2.18,39.63,255.7,85.92,171.6
26.8,4.071,0.163,304.73,2.18,39.74,256.5,85.92,171.61
26.86,4.09,0.164,305.42,2.18,39.84,256.1,85.91,171.62
26.88,4.102,0.165,305.89,2.18,39.91,256.7,85.91,171.63
26.94,4.114,0.166,306.35,2.18,39.98,256.7,85.9,171.64
27.0,4.133,0.167,307.04,2.17,40.09,256.3,85.89,171.66
27.04,4.145,0.168,307.5,2.17,40.16,256.2,85.89,171.67
27.1,4.163,0.169,308.19,2.17,40.27,256.5,85.88,171.69
27.16,4.182,0.171,308.88,2.17,40.4,256.5,85.87,171.7
27.22,4.2,0.172,309.57,2.17,40.47,257.1,85.86,171.72
27.26,4.213,0.173,310.03,2.17,40.54,256.8,85.85,171.74
27.32,4.231,0.174,310.72,2.17,40.65,256.7,85.84,171.76
27.36,4.244,0.175,311.18,2.17,40.72,256.4,85.83,171.77
27.42,4.262,0.176,311.87,2.17,40.82,257.1,85.82,171.79
27.46,4.275,0.177,312.33,2.17,40.89,257.0,85.82,171.79
27.52,4.293,0.179,313.02,2.17,40.99,256.6,85.8,171.81
27.56,4.306,0.18,313.48,2.17,41.06,257.0,85.8,171.81
27.62,4.325,0.181,314.18,2.17,41.16,257.7,85.78,171.83
27.66,4.337,0.182,314.64,2.17,41.23,257.2,85.77,171.84
27.72,4.356,0.183,315.33,2.17,41.33,257.7,85.76,171.85
27.76,4.369,0.184,315.79,2.17,41.39,257.4,85.75,171.85
27.82,4.388,0.186,316.48,2.17,41.5,257.4,85.74,171.86
27.86,4.4,0.186,316.94,2.17,41.56,257.9,85.73,171.86
27.92,4.419,0.188,317.64,2.17,41.66,257.7,85.72,171.86
27.98,4.438,0.189,318.33,2.17,41.76,257.1,85.71,171.87
28.02,4.451,0.19,318.8,2.17,41.83,257.5,85.7,171.87
28.08,4.47,0.192,319.49,2.17,41.93,257.4,85.7,171.87
28.12,4.483,0.193,319.95,2.18,42.0,258.1,85.69,171.88
28.18,4.502,0.194,320.65,2.18,42.1,257.6,85.68,171.88
28.22,4.515,0.195,321.12,2.18,42.16,258.0,85.68,171.88
28.28,4.534,0.196,321.81,2.18,42.26,258.6,85.67,171.89
28.34,4.553,0.198,322.51,2.18,42.36,258.1,85.66,171.89
28.38,4.566,0.199,322.98,2.18,42.43,257.5,85.66,171.9
28.42,4.579,0.2,323.44,2.18,42.49,258.5,85.65,171.9
28.48,4.599,0.201,324.14,2.18,42.59,257.8,85.65,171.91
28.52,4.611,0.202,324.61,2.18,42.66,258.4,85.64,171.92
28.58,4.631,0.204,325.31,2.18,42.76,258.3,85.63,171.93
28.64,4.65,0.205,326.01,2.19,42.85,257.9,85.63,171.94
28.68,4.663,0.206,326.48,2.19,42.92,258.7,85.62,171.95
28.74,4.683,0.207,327.19,2.19,43.05,258.9,85.61,171.97
28.8,4.703,0.209,327.89,2.19,43.12,259.0,85.6,171.98
28.84,4.716,0.21,328.36,2.19,43.18,258.4,85.6,171.99
28.9,4.735,0.211,329.07,2.19,43.28,259.4,85.59,172.01
28.94,4.748,0.212,329.54,2.19,43.34,258.6,85.58,172.02
29.0,4.768,0.214,330.25,2.19,43.44,259.3,85.58,172.03
29.04,4.781,0.215,330.72,2.2,43.51,259.1,85.56,172.04
29.1,4.801,0.216,331.43,2.2,43.6,259.2,85.55,172.06
29.14,4.814,0.217,331.9,2.2,43.67,259.0,85.55,172.07
29.2,4.834,0.219,332.61,2.2,43.76,259.3,85.53,172.08
29.24,4.848,0.22,333.08,2.2,43.83,259.3,85.53,172.09
29.3,4.868,0.222,333.79,2.2,43.93,259.7,85.52,172.1
29.36,4.888,0.223,334.51,2.2,44.02,259.9,85.5,172.11
29.4,4.901,0.224,334.98,2.2,44.09,259.5,85.5,172.12
29.44,4.914,0.225,335.46,2.2,44.15,259.4,85.49,172.12
29.5,4.934,0.227,336.17,2.21,44.25,259.8,85.48,172.13
29.54,4.948,0.228,336.65,2.21,44.31,259.2,85.47,172.14
29.6,4.968,0.229,337.36,2.21,44.4,259.2,85.46,172.15
29.66,4.988,0.231,338.08,2.21,44.5,259.4,85.45,172.16
29.7,5.002,0.232,338.55,2.21,44.56,260.2,85.45,172.16
29.76,5.022,0.234,339.27,2.21,44.66,260.2,85.44,172.17
29.8,5.036,0.235,339.75,2.21,44.72,259.8,85.44,172.17
29.84,5.049,0.236,340.23,2.21,44.78,259.8,85.43,172.17
29.9,5.069,0.237,340.94,2.21,44.88,260.1,85.42,172.18
29.96,5.09,0.239,341.66,2.21,44.97,259.4,85.41,172.18
30.0,5.104,0.24,342.14,2.21,45.03,259.7,85.41,172.19
30.06,5.124,0.242,342.86,2.21,45.13,259.6,85.4,172.2
30.1,5.145,0.243,343.58,2.22,45.22,260.1,85.4,172.2
30.16,5.158,0.244,344.06,2.22,45.28,259.8,85.39,172.21
30.2,5.172,0.245,344.54,2.22,45.34,259.9,85.38,172.22
30.26,5.193,0.247,345.26,2.22,45.44,259.7,85.37,172.23
30.3,5.206,0.248,345.74,2.22,45.5,259.8,85.36,172.23
30.36,5.227,0.25,346.46,2.22,45.59,259.7,85.35,172.24
30.4,5.241,0.251,346.94,2.22,45.65,260.2,85.35,172.25
30.46,5.262,0.253,347.66,2.22,45.74,260.2,85.34,172.26
30.5,5.276,0.254,348.14,2.22,45.8,260.3,85.33,172.27
30.56,5.296,0.255,348.87,2.22,45.89,260.8,85.32,172.28
30.62,5.317,0.257,349.59,2.22,45.98,259.9,85.31,172.3
30.66,5.331,0.258,350.08,2.22,46.04,260.1,85.3,172.3
30.72,5.352,0.26,350.8,2.23,46.13,260.3,85.29,172.32
30.76,5.366,0.261,351.29,2.23,46.19,260.4,85.29,172.32
30.82,5.387,0.263,352.01,2.23,46.31,260.6,85.28,172.34
30.88,5.408,0.264,352.74,2.23,46.37,261.0,85.27,172.35
30.92,5.422,0.266,353.23,2.23,46.43,260.7,85.26,172.35
30.96,5.437,0.267,353.71,2.23,46.49,261.0,85.25,172.36
31.02,5.458,0.268,354.44,2.23,46.58,261.0,85.24,172.37
31.06,5.472,0.27,354.93,2.23,46.64,261.2,85.24,172.37
31.12,5.493,0.271,355.66,2.23,46.73,261.1,85.23,172.38
31.16,5.507,0.273,356.14,2.23,46.78,260.9,85.22,172.38
31.22,5.529,0.274,356.88,2.24,46.87,261.2,85.22,172.39
31.28,5.55,0.276,357.61,2.24,46.99,261.2,85.21,172.4
31.32,5.571,0.278,358.34,2.24,47.05,261.3,85.2,172.4
31.38,5.586,0.279,358.83,2.24,47.11,261.4,85.19,172.41
31.44,5.607,0.281,359.57,2.24,47.19,261.9,85.18,172.42
31.48,5.622,0.282,360.31,2.24,47.28,261.8,85.18,172.42
31.54,5.643,0.284,360.8,2.24,47.34,262.0,85.17,172.43
31.6,5.665,0.286,361.54,2.25,47.42,261.8,85.16,172.44
31.66,5.686,0.287,362.28,2.25,47.51,262.1,85.15,172.45
31.7,5.701,0.289,362.77,2.25,47.57,261.2,85.14,172.46
31.76,5.723,0.29,363.51,2.25,47.65,261.6,85.13,172.47
31.8,5.737,0.292,364.0,2.25,47.71,261.6,85.13,172.48
31.86,5.759,0.294,364.74,2.25,47.79,262.0,85.12,172.49
31.9,5.773,0.295,365.24,2.25,47.85,261.6,85.11,172.5
31.96,5.795,0.297,365.98,2.25,47.93,262.0,85.1,172.51
32.02,5.817,0.299,366.72,2.25,48.02,261.8,85.09,172.52
32.08,5.839,0.3,367.47,2.26,48.1,262.3,85.08,172.53
32.12,5.854,0.302,367.97,2.26,48.18,262.6,85.07,172.53
32.18,5.876,0.303,368.71,2.26,48.24,261.9,85.06,172.54
32.22,5.89,0.305,369.21,2.26,48.3,262.5,85.06,172.55
32.28,5.913,0.307,369.96,2.26,48.38,262.1,85.05,172.56
32.34,5.935,0.309,370.7,2.26,48.46,262.3,85.04,172.57
32.38,5.95,0.31,371.2,2.26,48.52,261.9,85.03,172.57
32.42,5.964,0.311,371.7,2.26,48.57,262.9,85.03,172.58
32.48,5.987,0.313,372.45,2.27,48.65,262.4,85.02,172.58
32.52,6.001,0.314,372.95,2.27,48.71,261.9,85.01,172.59
32.58,6.024,0.316,373.7,2.27,48.79,262.6,85.0,172.6
32.64,6.046,0.318,374.45,2.27,48.89,262.7,84.99,172.61
32.7,6.069,0.32,375.2,2.27,48.95,262.2,84.99,172.61
32.74,6.084,0.321,375.7,2.27,49.0,262.9,84.98,172.62
32.78,6.099,0.323,376.21,2.27,49.05,262.2,84.97,172.63
32.84,6.121,0.325,376.96,2.27,49.13,263.1,84.96,172.64
32.88,6.136,0.326,377.46,2.27,49.19,263.2,84.95,172.65
32.94,6.159,0.328,378.21,2.27,49.26,262.6,84.94,172.67
32.98,6.174,0.329,378.71,2.27,49.32,263.2,84.94,172.68
33.04,6.196,0.331,379.46,2.27,49.39,262.5,84.92,172.69
33.1,6.219,0.333,380.22,2.27,49.47,262.8,84.91,172.7
33.14,6.234,0.335,380.72,2.27,49.52,263.4,84.9,172.71
33.18,6.249,0.337,381.22,2.27,49.57,263.5,84.9,172.72
33.22,6.272,0.338,382.23,2.28,49.67,263.5,84.89,172.73
33.28,6.288,0.339,382.48,2.28,49.7,263.4,84.88,172.73
33.34,6.31,0.341,383.24,2.28,49.78,263.0,84.87,172.74
33.4,6.333,0.343,384.0,2.28,49.85,263.0,84.86,172.75
33.44,6.349,0.344,384.5,2.28,49.9,262.9,84.86,172.76
33.5,6.372,0.346,385.25,2.28,49.97,263.4,84.85,172.77
33.54,6.387,0.347,385.76,2.28,50.02,263.9,84.84,172.77
33.58,6.402,0.349,386.26,2.28,50.07,263.4,84.84,172.77
33.64,6.426,0.351,387.03,2.28,50.15,263.5,84.83,172.78
33.7,6.449,0.353,387.79,2.28,50.22,263.6,84.82,172.79
33.74,6.464,0.354,388.29,2.28,50.27,263.5,84.81,172.79
33.78,6.48,0.356,388.8,2.28,50.31,263.5,84.81,172.8
33.84,6.503,0.358,389.56,2.28,50.39,264.2,84.8,172.8
33.9,6.526,0.36,390.32,2.29,50.46,263.8,84.79,172.81
33.94,6.542,0.361,390.83,2.29,50.51,263.9,84.78,172.82
33.98,6.557,0.363,391.33,2.29,50.55,263.6,84.78,172.82
34.04,6.581,0.365,392.1,2.29,50.62,264.2,84.77,172.83
34.1,6.604,0.367,392.86,2.29,50.69,264.3,84.76,172.84
34.14,6.62,0.368,393.37,2.29,50.74,263.9,84.75,172.85
34.2,6.643,0.371,394.13,2.29,50.81,263.8,84.74,172.86
34.24,6.659,0.372,394.64,2.29,50.85,264.5,84.73,172.87
34.28,6.675,0.373,395.15,2.29,50.9,263.9,84.73,172.88
34.34,6.699,0.376,395.92,2.29,50.97,264.6,84.72,172.89
34.38,6.714,0.377,396.43,2.29,51.01,264.5,84.71,172.9
34.44,6.738,0.379,397.2,2.29,51.08,264.3,84.7,172.91
34.5,6.762,0.381,397.96,2.29,51.14,264.2,84.69,172.92
34.54,6.778,0.383,398.47,2.29,51.19,264.7,84.68,172.92
34.6,6.801,0.385,399.24,2.3,51.25,264.5,84.67,172.93
34.62,6.817,0.386,399.75,2.3,51.3,264.7,84.67,172.94
34.7,6.841,0.389,400.52,2.3,51.36,265.1,84.66,172.95
34.74,6.857,0.39,401.03,2.3,51.41,265.0,84.65,172.95
34.8,6.881,0.392,401.8,2.3,51.47,264.7,84.64,172.96
34.84,6.897,0.394,402.31,2.3,51.51,264.7,84.64,172.96
34.9,6.921,0.396,403.09,2.3,51.58,265.1,84.63,172.97
34.94,6.937,0.398,403.6,2.3,51.62,264.8,84.62,172.97
35.0,6.962,0.4,404.37,2.3,51.68,265.4,84.61,172.98
35.06,6.986,0.402,405.14,2.3,51.74,265.8,84.6,172.99
35.1,7.002,0.404,405.66,2.3,51.78,265.6,84.6,172.99
35.16,7.026,0.406,406.43,2.3,51.84,265.6,84.59,173.0
35.2,7.042,0.407,406.95,2.31,51.88,265.3,84.58,173.01
35.26,7.067,0.41,407.72,2.31,51.94,265.6,84.57,173.02
35.28,7.075,0.41,407.98,2.31,51.96,265.5,84.57,173.02
35.28,7.083,0.411,408.24,2.31,51.98,265.3,84.56,173.03
35.36,7.107,0.414,409.01,2.31,52.04,264.8,84.55,173.04
35.4,7.124,0.415,409.53,2.31,52.08,265.1,84.55,173.04
35.46,7.148,0.417,410.31,2.31,52.14,265.8,84.54,173.05
35.5,7.165,0.419,410.82,2.31,52.18,265.2,84.53,173.06
35.56,7.189,0.421,411.6,2.31,52.23,265.9,84.52,173.07
35.6,7.206,0.423,412.12,2.31,52.27,265.3,84.51,173.08
35.66,7.23,0.425,412.9,2.31,52.32,265.9,84.5,173.09
35.7,7.247,0.427,413.42,2.31,52.36,265.7,84.5,173.09
35.76,7.271,0.429,414.2,2.32,52.41,265.8,84.49,173.1
35.8,7.288,0.431,414.72,2.32,52.45,265.5,84.48,173.11
35.86,7.313,0.433,415.5,2.32,52.5,265.7,84.47,173.11
35.9,7.329,0.435,416.02,2.32,52.53,265.7,84.47,173.12
35.96,7.354,0.437,416.8,2.32,52.58,266.4,84.46,173.12
36.0,7.371,0.439,417.33,2.32,52.62,265.8,84.45,173.13
36.06,7.396,0.441,418.11,2.32,52.67,266.3,84.44,173.14
36.1,7.412,0.443,418.63,2.32,52.7,266.8,84.44,173.14
36.14,7.429,0.444,419.16,2.33,52.73,266.9,84.43,173.15
36.2,7.454,0.447,419.95,2.33,52.78,265.8,84.42,173.15
36.26,7.479,0.449,420.73,2.33,52.83,266.7,84.41,173.16
36.3,7.496,0.451,421.26,2.33,52.86,266.1,84.4,173.17
36.36,7.521,0.453,422.05,2.33,52.9,266.8,84.39,173.18
36.4,7.538,0.455,422.57,2.33,52.93,266.6,84.39,173.18
36.46,7.563,0.457,423.36,2.33,52.98,266.5,84.38,173.19
36.5,7.58,0.459,423.89,2.33,53.01,266.2,84.37,173.2
36.56,7.605,0.461,424.68,2.33,53.05,267.2,84.36,173.21
36.6,7.622,0.463,425.21,2.33,53.08,266.5,84.35,173.21
36.66,7.648,0.465,426.0,2.34,53.12,266.3,84.34,173.22
36.7,7.665,0.467,426.53,2.34,53.15,266.7,84.34,173.23
36.76,7.69,0.47,427.33,2.34,53.19,267.0,84.33,173.24
36.82,7.716,0.472,428.12,2.34,53.23,266.4,84.32,173.25
36.86,7.733,0.474,428.66,2.34,53.25,267.1,84.31,173.25
36.92,7.758,0.476,429.46,2.35,53.29,266.6,84.3,173.26
36.96,7.776,0.478,429.99,2.35,53.32,267.0,84.3,173.26
37.02,7.801,0.481,430.79,2.35,53.36,267.1,84.29,173.27
37.06,7.818,0.482,431.32,2.35,53.38,267.5,84.28,173.28
37.12,7.844,0.485,432.12,2.35,53.42,267.0,84.27,173.28
37.16,7.861,0.487,432.66,2.35,53.44,267.5,84.27,173.29
37.22,7.887,0.489,433.46,2.35,53.47,267.5,84.26,173.3
37.26,7.905,0.491,434.0,2.36,53.5,267.9,84.25,173.3
37.32,7.931,0.493,434.81,2.36,53.53,267.8,84.24,173.31
37.36,7.948,0.495,435.35,2.36,53.55,267.7,84.23,173.32
37.42,7.974,0.498,436.16,2.36,53.59,268.2,84.22,173.32
37.46,7.991,0.499,436.7,2.36,53.61,267.6,84.22,173.33
37.52,8.017,0.502,437.51,2.37,53.64,267.6,84.21,173.34
37.58,8.044,0.505,438.33,2.37,53.67,268.2,84.2,173.35
37.62,8.061,0.506,438.87,2.37,53.69,267.1,84.19,173.35
37.68,8.087,0.509,439.68,2.37,53.72,267.7,84.18,173.36
37.72,8.105,0.511,440.23,2.37,53.74,267.5,84.18,173.36
37.78,8.131,0.514,441.05,2.38,53.76,268.4,84.17,173.37
37.82,8.149,0.515,441.59,2.38,53.78,267.4,84.16,173.38
37.88,8.175,0.518,442.41,2.38,53.81,267.7,84.15,173.39
37.92,8.193,0.52,442.96,2.38,53.83,268.5,84.14,173.39
37.98,8.219,0.523,443.78,2.38,53.85,267.8,84.13,173.4
38.02,8.237,0.525,444.33,2.39,53.87,267.7,84.13,173.41
38.08,8.263,0.528,445.16,2.39,53.89,267.8,84.11,173.42
38.14,8.29,0.531,445.98,2.39,53.91,268.2,84.11,173.43
38.18,8.308,0.532,446.54,2.39,53.93,267.9,84.1,173.43
38.22,8.325,0.534,447.09,2.39,53.94,268.5,84.09,173.44
38.28,8.352,0.537,447.92,2.4,53.97,268.7,84.09,173.45
38.32,8.37,0.539,448.47,2.4,53.98,267.9,84.08,173.45
38.38,8.397,0.542,449.31,2.4,54.0,268.1,84.07,173.46
38.42,8.415,0.543,450.14,2.4,54.02,268.3,84.06,173.46
38.48,8.442,0.546,450.7,2.41,54.03,268.9,84.05,173.47
38.54,8.469,0.549,451.54,2.41,54.05,269.2,84.04,173.48
38.58,8.487,0.551,452.1,2.41,54.06,269.4,84.04,173.48
38.62,8.505,0.553,452.66,2.41,54.07,268.5,84.03,173.49
38.68,8.532,0.555,453.5,2.42,54.09,269.3,84.02,173.5
38.74,8.559,0.558,454.35,2.42,54.1,268.7,84.01,173.5
38.78,8.577,0.56,454.91,2.42,54.11,268.4,84.0,173.51
38.84,8.604,0.563,455.76,2.42,54.13,269.3,84.0,173.52
38.88,8.622,0.565,456.32,2.43,54.14,268.8,83.99,173.52
38.94,8.649,0.568,457.17,2.43,54.15,268.6,83.98,173.53
38.98,8.668,0.57,457.73,2.43,54.16,269.1,83.97,173.54
39.02,8.686,0.572,458.3,2.43,54.16,269.1,83.96,173.54
39.08,8.713,0.574,459.15,2.43,54.18,269.7,83.96,173.55
39.14,8.741,0.577,460.01,2.43,54.19,269.0,83.95,173.56
39.18,8.759,0.579,460.58,2.44,54.19,269.4,83.94,173.56
39.24,8.786,0.582,461.43,2.44,54.2,269.3,83.93,173.57
39.28,8.805,0.584,462.0,2.44,54.21,269.3,83.92,173.58
39.32,8.823,0.587,462.86,2.44,54.21,269.7,83.92,173.58
39.38,8.851,0.589,463.43,2.45,54.22,269.5,83.91,173.59
39.44,8.879,0.592,464.29,2.45,54.22,269.8,83.9,173.6
39.48,8.897,0.594,464.87,2.45,54.23,269.9,83.89,173.6
39.54,8.925,0.597,465.73,2.45,54.23,269.6,83.88,173.61
39.6,8.953,0.6,466.6,2.46,54.23,270.4,83.87,173.61
39.64,8.971,0.602,467.18,2.46,54.24,269.8,83.87,173.62
39.68,8.99,0.604,467.76,2.46,54.24,269.8,83.87,173.62
39.74,9.018,0.607,468.62,2.46,54.24,269.1,83.85,173.63
39.8,9.046,0.61,469.49,2.46,54.24,270.1,83.85,173.64
39.84,9.064,0.612,470.08,2.47,54.24,269.5,83.84,173.64
39.9,9.092,0.615,470.94,2.47,54.24,269.4,83.83,173.65
39.94,9.111,0.617,471.53,2.47,54.24,270.0,83.82,173.66
40.0,9.139,0.62,472.4,2.47,54.24,269.7,83.81,173.67
40.04,9.158,0.622,472.99,2.47,54.23,270.0,83.81,173.67
40.08,9.177,0.624,473.58,2.48,54.23,270.8,83.8,173.68
40.14,9.205,0.627,474.46,2.48,54.23,270.7,83.79,173.68
40.2,9.234,0.63,475.34,2.48,54.22,270.3,83.78,173.69
40.26,9.262,0.633,476.23,2.49,54.22,270.4,83.77,173.7
40.3,9.281,0.635,476.82,2.49,54.22,270.6,83.76,173.7
40.36,9.309,0.638,477.71,2.49,54.21,270.5,83.75,173.71
40.4,9.328,0.64,478.3,2.49,54.2,270.6,83.75,173.72
40.44,9.348,0.642,478.89,2.5,54.2,270.6,83.74,173.72
40.5,9.376,0.645,479.78,2.5,54.19,270.4,83.73,173.73
40.56,9.405,0.648,480.67,2.5,54.18,270.5,83.72,173.74
40.6,9.424,0.65,481.27,2.5,54.17,270.7,83.71,173.74
40.66,9.453,0.654,482.17,2.51,54.16,270.9,83.71,173.75
40.7,9.472,0.656,482.76,2.51,54.16,270.8,83.7,173.76
40.76,9.501,0.659,483.67,2.51,54.15,271.2,83.69,173.76
40.8,9.52,0.661,484.27,2.51,54.14,271.2,83.69,173.77
40.84,9.539,0.663,484.87,2.52,54.13,270.9,83.68,173.77
40.9,9.568,0.667,485.77,2.52,54.12,270.5,83.67,173.78
40.96,9.597,0.669,486.68,2.52,54.1,271.5,83.66,173.79
41.0,9.617,0.671,487.29,2.53,54.09,271.7,83.65,173.79
41.06,9.646,0.675,488.19,2.53,54.08,271.3,83.64,173.8
41.1,9.665,0.677,489.11,2.53,54.06,271.7,83.64,173.8
41.16,9.694,0.68,489.72,2.53,54.05,270.8,83.63,173.81
41.2,9.714,0.682,490.33,2.54,54.04,271.6,83.62,173.81
41.26,9.743,0.685,491.24,2.54,54.02,271.9,83.61,173.82
41.3,9.763,0.688,491.85,2.54,54.01,271.8,83.61,173.83
41.36,9.792,0.691,492.77,2.54,53.99,272.1,83.6,173.83
41.4,9.812,0.693,493.38,2.55,53.97,270.8,83.59,173.84
41.46,9.841,0.696,494.3,2.55,53.95,271.0,83.58,173.85
41.52,9.87,0.7,495.23,2.55,53.93,271.9,83.57,173.85
41.56,9.89,0.702,495.84,2.55,53.92,272.0,83.56,173.86
41.6,9.91,0.704,496.46,2.55,53.9,271.5,83.56,173.86
41.66,9.94,0.707,497.39,2.56,53.88,271.5,83.55,173.87
41.7,9.959,0.71,498.01,2.56,53.86,271.6,83.54,173.87
41.76,9.989,0.713,498.94,2.56,53.83,271.2,83.53,173.88
41.82,10.019,0.716,499.87,2.57,53.81,272.2,83.53,173.89
41.86,10.039,0.718,500.49,2.57,53.79,271.6,83.52,173.89
41.9,10.059,0.721,501.11,2.57,53.77,272.3,83.52,173.89
41.96,10.089,0.724,502.05,2.57,53.75,272.0,83.5,173.9
42.02,10.119,0.727,502.99,2.58,53.72,272.1,83.49,173.91
42.06,10.139,0.73,503.62,2.58,53.7,272.4,83.49,173.91
42.12,10.169,0.733,504.56,2.58,53.67,271.6,83.48,173.92
42.16,10.189,0.735,505.19,2.59,53.65,272.3,83.47,173.93
42.22,10.219,0.739,506.14,2.59,53.62,271.8,83.47,173.93
42.28,10.249,0.742,507.08,2.59,53.59,272.6,83.46,173.94
42.32,10.269,0.745,507.72,2.59,53.57,271.6,83.45,173.94
42.36,10.289,0.747,508.35,2.6,53.55,272.7,83.44,173.95
42.42,10.32,0.75,509.3,2.6,53.51,272.7,83.43,173.96
42.48,10.35,0.754,510.26,2.6,53.48,272.6,83.42,173.96
42.52,10.37,0.756,510.9,2.61,53.46,272.4,83.42,173.97
42.58,10.401,0.76,511.85,2.61,53.42,272.2,83.41,173.98
42.62,10.421,0.762,512.49,2.61,53.4,272.9,83.4,173.98
42.68,10.452,0.765,513.46,2.62,53.36,272.2,83.39,173.99
42.72,10.472,0.768,514.1,2.62,53.34,273.1,83.38,173.99
42.76,10.493,0.77,514.74,2.62,53.31,273.2,83.38,174.0
42.82,10.523,0.774,515.71,2.62,53.28,272.8,83.37,174.0
42.88,10.554,0.777,516.68,2.63,53.24,272.7,83.36,174.01
42.92,10.575,0.78,517.33,2.63,53.21,273.0,83.36,174.01
42.98,10.606,0.783,518.3,2.63,53.17,273.5,83.35,174.02
43.02,10.626,0.785,518.96,2.64,53.15,272.4,83.34,174.02
43.06,10.647,0.788,519.61,2.64,53.12,272.7,83.33,174.03
43.12,10.678,0.791,520.59,2.64,53.08,272.8,83.32,174.04
43.18,10.709,0.795,521.57,2.65,53.04,273.1,83.31,174.04
43.22,10.73,0.797,522.22,2.65,53.01,273.7,83.31,174.05
43.28,10.761,0.801,523.21,2.65,52.96,272.8,83.3,174.05
43.32,10.782,0.804,523.87,2.66,52.94,273.7,83.3,174.06
43.38,10.813,0.807,524.85,2.66,52.89,273.2,83.28,174.06
43.42,10.834,0.81,525.51,2.66,52.86,273.0,83.28,174.07
43.48,10.865,0.813,526.5,2.67,52.82,273.8,83.27,174.07
43.52,10.886,0.816,527.16,2.67,52.79,273.3,83.26,174.08
43.58,10.918,0.819,528.16,2.67,52.74,273.2,83.25,174.09
43.62,10.939,0.822,528.82,2.67,52.71,273.1,83.25,174.09
43.68,10.97,0.826,529.82,2.67,52.66,273.5,83.24,174.1
43.74,11.002,0.829,530.82,2.68,52.61,273.8,83.23,174.1
43.78,11.023,0.832,531.49,2.68,52.58,273.6,83.22,174.11
43.84,11.055,0.835,532.49,2.69,52.53,273.3,83.21,174.11
43.88,11.076,0.838,533.16,2.69,52.5,274.0,83.21,174.12
43.92,11.097,0.84,533.83,2.69,52.46,273.8,83.2,174.12
43.98,11.129,0.844,534.84,2.69,52.41,274.2,83.19,174.13
44.02,11.15,0.847,535.52,2.7,52.38,274.2,83.18,174.13
44.08,11.182,0.851,536.53,2.7,52.33,274.2,83.18,174.14
44.14,11.214,0.854,537.55,2.71,52.28,273.9,83.17,174.15
44.18,11.235,0.857,538.23,2.71,52.24,274.0,83.16,174.15
44.24,11.268,0.861,539.25,2.71,52.19,273.6,83.15,174.16
44.28,11.289,0.863,539.93,2.72,52.13,274.1,83.15,174.16
44.34,11.321,0.867,540.95,2.72,52.1,274.6,83.14,174.17
44.38,11.343,0.871,541.64,2.72,52.04,274.2,83.13,174.17
44.44,11.375,0.874,542.66,2.72,52.0,274.0,83.12,174.18
44.48,11.397,0.876,543.35,2.73,51.97,273.9,83.12,174.18
44.54,11.429,0.88,544.38,2.73,51.91,274.4,83.11,174.19
44.6,11.461,0.884,545.41,2.73,51.85,273.6,83.1,174.19
44.64,11.483,0.886,546.1,2.74,51.81,274.3,83.09,174.2
44.68,11.505,0.889,546.79,2.74,51.78,273.8,83.08,174.2
44.74,11.537,0.893,547.83,2.74,51.72,274.5,83.08,174.21
44.78,11.559,0.896,548.52,2.75,51.68,274.7,83.07,174.21
44.84,11.592,0.9,549.57,2.75,51.62,274.6,83.06,174.22
44.9,11.625,0.903,550.61,2.76,51.56,274.9,83.05,174.22
44.94,11.647,0.906,551.31,2.76,51.52,274.6,83.05,174.23
45.0,11.679,0.91,552.36,2.76,51.46,274.6,83.04,174.23
45.04,11.701,0.913,553.06,2.76,51.42,274.9,83.03,174.24
45.1,11.734,0.917,554.12,2.77,51.35,274.3,83.02,174.24
45.14,11.756,0.919,554.82,2.77,51.31,274.9,83.02,174.25
45.2,11.79,0.923,555.88,2.78,51.25,274.9,83.01,174.25
45.24,11.812,0.926,556.58,2.78,51.21,274.6,83.0,174.26
45.3,11.845,0.93,557.65,2.78,51.14,275.3,83.0,174.26
45.34,11.867,0.933,558.36,2.78,51.1,275.5,82.99,174.27
45.4,11.9,0.937,559.42,2.79,51.04,274.9,82.98,174.27
45.44,11.923,0.94,560.13,2.79,50.99,275.5,82.97,174.28
45.5,11.956,0.944,561.2,2.8,50.93,275.0,82.96,174.28
45.54,11.978,0.946,561.92,2.8,50.88,275.3,82.96,174.29
45.58,12.001,0.949,562.63,2.8,50.84,275.5,82.95,174.29
45.64,12.034,0.953,563.71,2.81,50.77,275.1,82.94,174.3
45.7,12.068,0.957,564.78,2.81,50.71,274.7,82.93,174.3
45.74,12.09,0.96,565.5,2.81,50.66,274.9,82.93,174.31
45.8,12.124,0.964,566.58,2.82,50.59,274.8,82.92,174.31
45.84,12.146,0.967,567.31,2.82,50.55,275.5,82.91,174.32
45.9,12.18,0.971,568.39,2.82,50.48,275.0,82.9,174.32
45.96,12.214,0.975,569.48,2.83,50.41,274.8,82.9,174.33
46.0,12.237,0.978,570.21,2.83,50.36,275.5,82.89,174.33
46.04,12.259,0.981,570.94,2.83,50.32,275.7,82.88,174.33
46.1,12.293,0.985,572.03,2.84,50.25,275.4,82.88,174.34
46.14,12.316,0.988,572.77,2.84,50.2,275.6,82.87,174.34
46.2,12.35,0.992,573.87,2.85,50.13,275.9,82.86,174.35
46.24,12.373,0.995,574.6,2.85,50.08,275.9,82.85,174.35
46.3,12.407,1.001,575.71,2.85,49.99,275.9,82.85,174.36
46.36,12.442,1.004,576.81,2.86,49.94,275.7,82.84,174.36
46.4,12.465,1.006,577.55,2.86,49.89,276.1,82.83,174.37
46.46,12.499,1.011,578.66,2.86,49.82,275.9,82.82,174.37
46.5,12.522,1.014,579.41,2.87,49.77,276.1,82.82,174.38
46.54,12.545,1.017,580.15,2.87,49.72,276.3,82.81,174.38
46.6,12.58,1.021,581.26,2.87,49.64,275.5,82.8,174.39
46.66,12.614,1.025,582.38,2.88,49.57,275.7,82.79,174.39
46.7,12.637,1.028,583.13,2.88,49.52,276.1,82.79,174.4
46.76,12.672,1.032,584.25,2.89,49.44,276.3,82.78,174.4
46.8,12.695,1.035,585.0,2.89,49.39,275.8,82.77,174.41
46.86,12.73,1.04,586.13,2.89,49.32,276.4,82.76,174.41
46.9,12.754,1.043,586.88,2.9,49.27,276.5,82.76,174.42
46.96,12.789,1.047,588.01,2.9,49.19,276.4,82.75,174.42
47.0,12.812,1.05,588.77,2.9,49.14,275.8,82.74,174.42
47.06,12.847,1.054,589.9,2.91,49.06,276.2,82.73,174.43
47.12,12.882,1.059,591.04,2.91,48.98,276.3,82.73,174.43
47.16,12.906,1.062,591.8,2.91,48.93,276.8,82.72,174.44
47.22,12.941,1.066,592.94,2.92,48.85,276.3,82.71,174.44
47.26,12.964,1.069,593.71,2.92,48.79,276.1,82.71,174.45
47.3,12.988,1.072,594.47,2.92,48.74,276.2,82.7,174.45
47.36,13.023,1.077,595.62,2.93,48.66,276.3,82.69,174.46
47.42,13.059,1.081,596.77,2.93,48.58,276.0,82.68,174.46
47.46,13.083,1.084,597.54,2.94,48.52,276.6,82.68,174.47
47.52,13.118,1.089,598.69,2.94,48.44,276.8,82.67,174.47
47.56,13.142,1.092,599.46,2.94,48.38,276.5,82.67,174.47
47.62,13.178,1.096,600.62,2.95,48.3,276.1,82.65,174.48
47.66,13.202,1.099,601.4,2.95,48.25,276.7,82.65,174.48
47.72,13.237,1.104,602.56,2.95,48.16,276.1,82.64,174.49
47.78,13.273,1.109,603.73,2.96,48.08,276.1,82.63,174.49
47.82,13.297,1.112,604.51,2.96,48.02,277.0,82.62,174.5
47.88,13.333,1.116,605.68,2.97,47.94,277.2,82.62,174.5
47.92,13.357,1.119,606.47,2.97,47.88,277.1,82.61,174.51
47.96,13.381,1.123,607.25,2.97,47.82,276.5,82.6,174.51
48.02,13.418,1.127,608.43,2.98,47.74,276.4,82.59,174.52
48.08,13.454,1.132,609.6,2.98,47.65,276.7,82.58,174.53
48.12,13.478,1.135,610.39,2.98,47.59,276.9,82.58,174.53
48.18,13.514,1.14,611.58,2.99,47.5,277.4,82.57,174.54
48.22,13.539,1.143,612.37,2.99,47.44,277.1,82.57,174.54
48.28,13.575,1.148,613.57,3.0,47.36,277.6,82.56,174.54
48.32,13.6,1.151,614.36,3.0,47.3,276.9,82.55,174.55
48.36,13.624,1.155,615.56,3.01,47.21,277.5,82.55,174.55
48.42,13.661,1.159,616.36,3.01,47.15,277.6,82.54,174.55
48.48,13.697,1.163,617.56,3.02,47.06,276.8,82.53,174.56
48.52,13.722,1.167,618.36,3.02,47.0,277.4,82.53,174.56
48.58,13.759,1.171,619.57,3.03,46.91,276.9,82.52,174.56
48.64,13.796,1.176,620.78,3.03,46.82,277.2,82.51,174.57
48.68,13.82,1.179,621.59,3.03,46.76,276.9,82.5,174.57
48.72,13.845,1.183,622.4,3.04,46.7,277.5,82.5,174.57
48.78,13.882,1.187,623.61,3.04,46.61,276.9,82.49,174.58
48.82,13.907,1.191,624.42,3.04,46.55,277.3,82.48,174.58
48.88,13.944,1.195,625.64,3.05,46.46,277.5,82.47,174.59
48.94,13.981,1.2,626.87,3.05,46.37,278.0,82.47,174.59
48.98,14.006,1.204,627.69,3.06,46.3,277.4,82.46,174.6
49.04,14.044,1.209,628.92,3.06,46.21,277.9,82.45,174.61
49.08,14.069,1.212,629.74,3.07,46.15,278.3,82.44,174.61
49.12,14.094,1.215,630.56,3.07,46.09,277.9,82.44,174.61
49.18,14.131,1.22,631.8,3.08,45.99,278.0,82.43,174.62
49.24,14.169,1.225,633.05,3.08,45.9,278.5,82.42,174.62
49.28,14.194,1.228,633.87,3.08,45.84,277.9,82.42,174.63
49.34,14.232,1.233,635.12,3.09,45.74,278.3,82.41,174.63
49.38,14.257,1.237,635.95,3.09,45.68,277.4,82.4,174.63
49.42,14.282,1.24,636.78,3.1,45.62,277.8,82.4,174.64
49.48,14.32,1.245,638.04,3.1,45.52,277.9,82.39,174.64
49.54,14.358,1.25,639.29,3.11,45.43,278.4,82.38,174.64
49.58,14.383,1.253,640.13,3.11,45.36,277.7,82.38,174.65
49.64,14.421,1.258,641.39,3.12,45.27,278.5,82.37,174.65
49.68,14.447,1.262,642.24,3.12,45.21,278.6,82.36,174.65
49.74,14.485,1.267,643.51,3.12,45.11,278.5,82.36,174.66
49.78,14.511,1.27,644.35,3.13,45.05,278.3,82.35,174.66
49.82,14.536,1.274,645.2,3.13,44.98,278.7,82.35,174.66
49.88,14.575,1.279,646.47,3.14,44.88,278.1,82.34,174.67
49.94,14.613,1.284,647.75,3.14,44.79,277.6,82.33,174.68
49.98,14.639,1.287,648.6,3.15,44.72,278.3,82.32,174.68
50.04,14.678,1.292,649.88,3.15,44.63,278.2,82.31,174.69
50.08,14.703,1.296,650.74,3.15,44.56,278.0,82.31,174.69
50.14,14.742,1.301,652.02,3.16,44.46,278.6,82.3,174.7
50.2,14.781,1.306,653.31,3.16,44.36,279.0,82.29,174.7
50.24,14.807,1.31,654.17,3.17,44.3,277.7,82.28,174.71
50.28,14.833,1.313,655.04,3.17,44.23,278.9,82.28,174.71
50.34,14.872,1.319,656.33,3.18,44.13,278.0,82.27,174.71
50.38,14.898,1.324,657.2,3.18,44.07,278.6,82.26,174.72
50.44,14.937,1.327,658.5,3.18,43.94,278.1,82.25,174.72
50.5,14.976,1.333,659.8,3.19,43.87,278.7,82.25,174.73
50.56,15.015,1.338,661.11,3.19,43.77,278.1,82.24,174.73
50.62,15.055,1.343,662.41,3.2,43.67,278.0,82.23,174.73
50.68,15.094,1.347,663.73,3.2,43.57,277.8,82.23,174.74
50.72,15.121,1.35,664.6,3.2,43.5,278.0,82.22,174.74
50.78,15.16,1.356,665.92,3.21,43.4,278.4,82.21,174.74
50.82,15.187,1.359,666.8,3.21,43.34,278.8,82.21,174.75
50.88,15.226,1.365,668.13,3.22,43.23,277.9,82.2,174.75
50.92,15.253,1.368,669.01,3.22,43.17,279.2,82.2,174.75
50.98,15.293,1.374,670.34,3.23,43.06,279.2,82.19,174.76
51.02,15.319,1.377,671.23,3.23,42.99,278.4,82.18,174.76
51.08,15.359,1.383,672.57,3.24,42.89,278.2,82.18,174.76
51.12,15.386,1.386,673.46,3.24,42.82,278.4,82.17,174.77
51.18,15.426,1.392,674.8,3.25,42.72,279.0,82.16,174.77
51.24,15.466,1.397,676.15,3.26,42.61,279.1,82.15,174.78
51.28,15.493,1.401,677.05,3.26,42.54,279.0,82.15,174.78
51.32,15.52,1.405,677.96,3.27,42.47,279.3,82.14,174.78
51.38,15.56,1.41,679.31,3.27,42.37,278.4,82.13,174.79
51.44,15.601,1.416,680.67,3.28,42.26,279.1,82.12,174.79
51.48,15.628,1.419,681.57,3.28,42.19,278.9,82.12,174.8
51.54,15.668,1.425,682.94,3.29,42.09,279.2,82.11,174.8
51.58,15.695,1.429,683.85,3.29,42.02,278.7,82.1,174.81
51.64,15.736,1.434,685.22,3.3,41.91,278.7,82.09,174.81
51.68,15.763,1.438,686.14,3.3,41.84,279.1,82.09,174.82
51.74,15.804,1.443,687.51,3.31,41.73,278.8,82.08,174.82
51.78,15.831,1.447,688.43,3.31,41.66,279.3,82.07,174.83
51.84,15.872,1.453,689.81,3.32,41.55,280.0,82.07,174.83
51.88,15.9,1.457,690.74,3.32,41.48,279.2,82.06,174.84
51.94,15.941,1.462,692.13,3.33,41.37,279.0,82.05,174.84
51.98,15.968,1.466,693.05,3.33,41.3,279.6,82.05,174.84
52.04,16.009,1.472,694.45,3.34,41.19,279.0,82.04,174.85
52.08,16.037,1.476,695.38,3.34,41.12,280.0,82.04,174.85
52.12,16.064,1.479,696.31,3.35,41.05,278.8,82.03,174.85
52.18,16.106,1.485,697.71,3.35,40.94,279.0,82.02,174.85
52.22,16.134,1.489,698.65,3.36,40.87,279.0,82.02,174.85
52.28,16.175,1.495,700.06,3.36,40.76,279.5,82.01,174.86
52.32,16.203,1.499,701.0,3.37,40.68,279.7,82.01,174.86
52.38,16.245,1.506,702.42,3.37,40.57,279.0,82.0,174.87
52.44,16.286,1.512,703.84,3.38,40.47,280.2,81.99,174.88
52.48,16.314,1.516,704.79,3.38,40.39,279.8,81.98,174.88
52.54,16.356,1.522,706.21,3.39,40.28,279.8,81.97,174.88
52.6,16.398,1.528,707.64,3.4,40.17,280.0,81.97,174.89
52.64,16.426,1.532,708.6,3.4,40.1,279.0,81.96,174.89
52.7,16.468,1.538,710.03,3.41,39.99,280.0,81.95,174.9
52.74,16.497,1.542,710.99,3.41,39.92,279.3,81.94,174.9
52.78,16.525,1.545,711.95,3.42,39.84,279.8,81.94,174.9
52.84,16.567,1.551,713.4,3.42,39.73,280.0,81.93,174.91
52.88,16.595,1.555,714.36,3.43,39.66,279.6,81.93,174.91
52.94,16.638,1.561,715.81,3.43,39.55,279.7,81.92,174.91
53.0,16.681,1.567,717.26,3.44,39.44,279.2,81.91,174.92
53.04,16.709,1.571,718.24,3.44,39.36,280.2,81.9,174.92
53.1,16.752,1.577,719.69,3.45,39.25,279.2,81.9,174.92
53.14,16.78,1.581,720.67,3.45,39.18,279.6,81.89,174.92
53.18,16.809,1.585,721.64,3.46,39.11,279.1,81.89,174.93
53.24,16.852,1.591,723.11,3.46,38.99,279.1,81.88,174.93
53.3,16.895,1.598,724.58,3.47,38.88,279.2,81.87,174.93
53.34,16.924,1.602,725.56,3.47,38.81,279.9,81.87,174.93
53.4,16.967,1.608,727.04,3.48,38.66,279.2,81.86,174.94
53.46,17.01,1.614,728.52,3.48,38.58,279.4,81.85,174.94
53.5,17.039,1.618,729.51,3.49,38.51,279.9,81.85,174.94
53.56,17.082,1.624,731.0,3.49,38.4,280.1,81.84,174.95
53.6,17.111,1.628,731.99,3.5,38.32,279.3,81.84,174.95
53.66,17.155,1.634,733.48,3.51,38.21,279.4,81.82,174.95
53.72,17.198,1.641,734.99,3.51,38.1,280.4,81.82,174.96
53.76,17.227,1.645,735.99,3.52,38.02,279.9,81.81,174.96
53.8,17.257,1.649,736.99,3.52,37.95,280.2,81.81,174.96
53.86,17.3,1.655,738.5,3.53,37.83,280.2,81.8,174.97
53.9,17.33,1.659,739.51,3.53,37.76,280.2,81.79,174.97
53.96,17.374,1.666,741.03,3.54,37.65,280.5,81.79,174.98
54.02,17.418,1.672,742.55,3.55,37.53,280.5,81.78,174.98
54.06,17.447,1.676,743.57,3.56,37.46,280.0,81.77,174.99
54.1,17.477,1.68,744.59,3.56,37.38,280.5,81.76,174.99
54.16,17.521,1.687,746.12,3.57,37.27,280.5,81.76,174.99
54.2,17.551,1.691,747.14,3.58,37.19,280.9,81.75,175.0
54.26,17.595,1.697,748.69,3.58,37.08,281.0,81.74,175.0
54.32,17.64,1.704,750.23,3.59,36.97,280.1,81.73,175.0
54.36,17.684,1.71,751.78,3.59,36.86,281.1,81.73,175.01
54.42,17.714,1.714,752.81,3.6,36.78,281.1,81.72,175.01
54.5,17.774,1.723,754.89,3.61,36.63,280.8,81.71,175.02
54.54,17.804,1.727,755.93,3.61,36.55,280.3,81.7,175.02
54.58,17.834,1.732,756.97,3.62,36.48,280.8,81.7,175.03
54.64,17.879,1.738,758.53,3.63,36.37,280.7,81.69,175.03
54.68,17.909,1.742,759.58,3.63,36.29,281.3,81.69,175.04
54.74,17.954,1.749,761.15,3.64,36.18,281.1,81.68,175.04
54.8,17.999,1.755,762.73,3.64,36.06,280.6,81.67,175.05
54.84,18.029,1.76,763.79,3.65,35.99,281.1,81.66,175.05
54.88,18.06,1.764,764.84,3.65,35.91,280.3,81.66,175.06
54.94,18.105,1.771,766.42,3.66,35.8,281.1,81.65,175.06
54.98,18.135,1.775,767.48,3.66,35.72,280.5,81.65,175.07
55.04,18.181,1.782,769.07,3.67,35.61,280.4,81.64,175.07
55.1,18.227,1.788,770.67,3.68,35.5,281.0,81.63,175.08
55.14,18.257,1.793,771.73,3.68,35.42,280.8,81.63,175.08
55.18,18.288,1.797,772.8,3.69,35.34,281.1,81.62,175.09
55.24,18.334,1.804,774.41,3.7,35.23,281.3,81.61,175.09
55.3,18.38,1.811,776.02,3.7,35.12,281.1,81.61,175.09
55.34,18.411,1.815,777.1,3.71,35.04,280.4,81.6,175.1
55.4,18.457,1.822,778.72,3.71,34.93,281.6,81.59,175.1
55.46,18.503,1.829,780.34,3.72,34.81,281.3,81.59,175.1
55.5,18.534,1.833,781.42,3.73,34.74,280.7,81.58,175.1
55.54,18.565,1.838,782.51,3.73,34.66,281.4,81.58,175.1
55.6,18.611,1.845,784.14,3.74,34.55,281.6,81.57,175.11
55.64,18.643,1.849,785.23,3.74,34.47,281.0,81.56,175.11
55.7,18.689,1.856,786.87,3.75,34.36,281.1,81.56,175.11
55.76,18.736,1.863,788.51,3.76,34.24,281.2,81.55,175.11
55.8,18.767,1.867,789.61,3.76,34.17,281.5,81.54,175.11
55.84,18.799,1.872,790.71,3.77,34.09,281.1,81.54,175.12
55.9,18.846,1.879,792.36,3.78,33.94,281.2,81.53,175.12
55.94,18.893,1.886,794.02,3.78,33.86,281.1,81.52,175.12
56.0,18.924,1.89,795.13,3.78,33.79,281.5,81.52,175.12
56.06,18.971,1.897,796.79,3.79,33.68,280.9,81.51,175.13
56.1,19.003,1.902,797.91,3.8,33.6,281.3,81.5,175.13
56.16,19.05,1.909,799.58,3.81,33.45,281.4,81.5,175.14
56.2,19.082,1.914,800.7,3.81,33.41,280.9,81.49,175.14
56.24,19.114,1.918,801.82,3.82,33.33,281.6,81.49,175.14
56.3,19.161,1.925,803.5,3.82,33.22,281.3,81.48,175.15
56.34,19.193,1.928,804.63,3.83,33.15,281.6,81.48,175.15
56.4,19.241,1.937,806.32,3.84,33.03,281.8,81.47,175.16
56.46,19.289,1.944,808.02,3.85,32.92,281.3,81.46,175.16
56.5,19.321,1.949,809.15,3.85,32.84,281.5,81.46,175.17
56.56,19.369,1.956,810.86,3.86,32.73,281.9,81.45,175.17
56.6,19.401,1.961,812.0,3.86,32.66,281.7,81.45,175.18
56.66,19.449,1.968,813.71,3.87,32.54,281.9,81.44,175.18
56.72,19.498,1.975,815.42,3.88,32.43,281.2,81.43,175.19
56.76,19.53,1.98,816.57,3.88,32.35,281.7,81.43,175.19
56.8,19.562,1.985,817.72,3.89,32.28,281.7,81.42,175.19
56.86,19.611,1.992,819.45,3.9,32.17,281.6,81.41,175.2
56.9,19.643,1.997,820.6,3.9,32.09,281.4,81.4,175.2
56.96,19.692,2.004,822.34,3.91,31.98,281.4,81.39,175.21
57.02,19.741,2.012,824.08,3.92,31.86,282.3,81.39,175.21
57.06,19.774,2.017,825.24,3.93,31.79,281.9,81.38,175.21
57.1,19.806,2.024,826.4,3.93,31.71,281.8,81.38,175.21
57.16,19.855,2.029,828.15,3.94,31.6,281.9,81.37,175.22
57.2,19.888,2.034,829.32,3.94,31.53,282.2,81.36,175.22
57.26,19.938,2.041,831.08,3.95,31.41,281.4,81.35,175.22
57.32,19.987,2.048,832.85,3.96,31.3,282.2,81.35,175.22
57.36,20.02,2.053,834.02,3.96,31.23,282.1,81.34,175.22
57.42,20.069,2.061,835.8,3.97,31.12,282.4,81.33,175.23
57.46,20.103,2.066,836.98,3.97,31.04,281.6,81.33,175.23
57.5,20.136,2.073,838.75,3.98,30.93,281.2,81.32,175.23
57.56,20.185,2.078,839.94,3.99,30.85,281.6,81.32,175.23
57.62,20.235,2.086,841.72,3.99,30.74,281.2,81.31,175.24
57.66,20.269,2.091,842.91,4.0,30.67,281.6,81.31,175.24
57.72,20.319,2.098,844.7,4.01,30.55,281.4,81.3,175.24
57.76,20.352,2.103,845.9,4.01,30.48,281.6,81.29,175.24
57.82,20.402,2.111,847.7,4.02,30.37,282.4,81.29,175.25
57.86,20.436,2.116,848.91,4.02,30.29,282.2,81.28,175.25
57.92,20.486,2.124,850.72,4.04,30.18,282.3,81.27,175.25
57.96,20.52,2.129,851.93,4.04,30.11,282.0,81.27,175.26
58.0,20.554,2.134,853.14,4.05,30.03,281.8,81.26,175.26
58.06,20.605,2.142,854.96,4.05,29.92,281.6,81.26,175.26
58.12,20.655,2.149,856.79,4.06,29.81,282.5,81.25,175.27
58.16,20.689,2.154,858.01,4.07,29.74,281.5,81.25,175.27
58.22,20.74,2.162,859.84,4.08,29.62,281.3,81.24,175.28
58.26,20.774,2.167,861.06,4.08,29.55,282.2,81.24,175.28
58.32,20.825,2.175,862.91,4.09,29.44,282.1,81.23,175.28
58.36,20.86,2.18,864.14,4.09,29.36,282.4,81.22,175.29
58.42,20.911,2.188,865.98,4.1,29.25,281.8,81.22,175.29
58.48,20.962,2.196,867.84,4.11,29.14,282.7,81.21,175.3
58.52,20.997,2.201,869.08,4.12,29.07,281.5,81.21,175.3
58.58,21.048,2.209,870.94,4.12,28.96,281.6,81.2,175.31
58.62,21.083,2.214,872.18,4.13,28.88,282.2,81.19,175.31
58.66,21.117,2.22,873.43,4.13,28.81,282.5,81.19,175.31
58.72,21.169,2.228,875.31,4.15,28.7,282.6,81.18,175.32
58.78,21.221,2.235,877.19,4.15,28.59,281.9,81.17,175.32
58.82,21.256,2.241,878.44,4.16,28.52,281.8,81.17,175.32
58.88,21.308,2.249,880.33,4.17,28.41,282.1,81.16,175.33
58.92,21.343,2.254,881.59,4.17,28.33,282.3,81.15,175.33
58.98,21.395,2.262,883.49,4.18,28.22,282.7,81.15,175.33
59.02,21.43,2.268,884.76,4.19,28.15,282.3,81.14,175.33
59.08,21.483,2.276,886.66,4.2,28.04,282.4,81.13,175.34
59.12,21.518,2.281,887.94,4.2,27.97,282.7,81.13,175.34
59.18,21.571,2.289,889.85,4.21,27.86,282.7,81.12,175.34
59.22,21.606,2.295,891.13,4.22,27.78,282.9,81.11,175.34
59.28,21.659,2.303,893.06,4.23,27.67,282.8,81.11,175.34
59.34,21.712,2.311,894.98,4.23,27.56,282.4,81.1,175.35
59.38,21.747,2.316,896.27,4.24,27.49,282.6,81.1,175.35
59.42,21.783,2.322,897.56,4.25,27.38,282.2,81.09,175.35
59.48,21.836,2.33,899.49,4.25,27.31,281.8,81.08,175.35
59.54,21.889,2.338,901.44,4.26,27.2,282.6,81.07,175.35
59.58,21.925,2.344,902.74,4.27,27.12,282.2,81.07,175.36
59.64,21.979,2.352,904.69,4.27,27.01,282.4,81.07,175.36
59.68,22.014,2.358,905.99,4.28,26.94,281.9,81.06,175.36
59.72,22.05,2.363,907.3,4.28,26.86,283.1,81.06,175.36
59.78,22.104,2.372,909.26,4.29,26.75,282.2,81.05,175.37
59.84,22.158,2.38,911.23,4.3,26.64,282.8,81.04,175.37
59.88,22.194,2.385,912.55,4.31,26.57,282.1,81.04,175.37
59.94,22.248,2.394,914.52,4.32,26.46,282.2,81.03,175.38
59.98,22.285,2.4,915.84,4.32,26.39,282.1,81.02,175.38
60.04,22.339,2.408,917.83,4.33,26.28,282.7,81.02,175.38
60.08,22.375,2.414,919.15,4.34,26.2,282.8,81.01,175.38
60.14,22.43,2.422,921.15,4.35,26.09,282.9,81.01,175.39
60.18,22.466,2.431,923.14,4.35,25.98,282.1,81.0,175.39
60.24,22.521,2.436,924.48,4.36,25.91,282.8,81.0,175.4
60.28,22.558,2.442,925.82,4.37,25.84,283.0,80.99,175.4
60.34,22.613,2.451,927.83,4.38,25.73,282.9,80.98,175.4
60.38,22.649,2.456,929.17,4.38,25.62,282.0,80.98,175.41
60.44,22.704,2.465,931.19,4.39,25.55,282.5,80.97,175.41
60.48,22.741,2.471,932.53,4.39,25.47,282.5,80.97,175.41
60.54,22.797,2.479,934.56,4.4,25.36,282.7,80.96,175.42
60.6,22.852,2.488,936.6,4.41,25.25,282.8,80.96,175.42
60.64,22.889,2.494,937.96,4.42,25.18,283.0,80.95,175.42
60.7,22.945,2.503,940.0,4.43,25.07,282.7,80.94,175.43
60.74,22.982,2.508,941.37,4.43,25.0,282.1,80.94,175.43
60.78,23.019,2.514,942.73,4.44,24.93,282.0,80.93,175.43
60.84,23.075,2.523,944.78,4.45,24.82,282.2,80.92,175.44
60.9,23.131,2.532,946.85,4.46,24.71,283.1,80.92,175.44
60.94,23.169,2.538,948.22,4.46,24.64,282.7,80.91,175.44
60.98,23.206,2.544,949.6,4.47,24.57,283.3,80.91,175.45
61.04,23.263,2.553,951.68,4.48,24.46,282.4,80.9,175.45
61.1,23.319,2.561,953.75,4.49,24.35,282.8,80.89,175.45
61.14,23.357,2.567,955.14,4.49,24.28,282.8,80.89,175.45
61.2,23.413,2.576,957.23,4.5,24.17,283.1,80.88,175.46
61.24,23.451,2.582,958.63,4.51,24.1,283.0,80.87,175.46
61.28,23.489,2.588,960.03,4.52,24.03,283.2,80.87,175.46
61.34,23.546,2.597,962.13,4.53,23.92,283.4,80.86,175.46
61.4,23.603,2.606,964.23,4.53,23.81,282.2,80.85,175.46
61.44,23.641,2.612,965.64,4.54,23.74,282.9,80.85,175.47
61.5,23.699,2.621,967.75,4.55,23.63,282.7,80.85,175.47
61.54,23.737,2.627,969.16,4.56,23.56,282.3,80.84,175.47
61.6,23.794,2.637,971.29,4.57,23.45,283.0,80.83,175.47
61.64,23.833,2.643,972.71,4.57,23.38,282.6,80.83,175.47
61.7,23.891,2.652,974.84,4.58,23.27,282.5,80.82,175.48
61.76,23.948,2.661,976.98,4.59,23.17,282.9,80.81,175.48
61.8,23.987,2.667,978.41,4.6,23.09,283.4,80.81,175.48
61.84,24.026,2.673,979.85,4.6,23.02,282.7,80.8,175.48
61.9,24.084,2.683,982.0,4.61,22.92,283.1,80.8,175.48
61.94,24.123,2.689,983.43,4.62,22.85,282.3,80.79,175.49
62.0,24.181,2.698,985.59,4.63,22.74,282.9,80.79,175.49
62.04,24.22,2.704,987.04,4.63,22.67,283.3,80.78,175.49
62.1,24.279,2.714,989.21,4.64,22.56,282.9,80.77,175.49
62.14,24.318,2.72,990.66,4.65,22.49,283.1,80.77,175.49
62.2,24.377,2.729,992.84,4.66,22.38,283.4,80.76,175.5
62.26,24.435,2.739,995.03,4.67,22.28,283.4,80.76,175.5
62.3,24.475,2.745,996.49,4.67,22.21,282.6,80.75,175.5
62.36,24.534,2.754,998.68,4.68,22.1,283.1,80.75,175.51
62.4,24.573,2.761,1000.15,4.69,22.03,282.7,80.74,175.51
62.46,24.633,2.77,1002.36,4.7,21.92,283.7,80.74,175.51
62.5,24.672,2.776,1003.83,4.71,21.85,283.2,80.73,175.51
62.56,24.732,2.786,1006.05,4.72,21.75,282.9,80.72,175.52
62.6,24.772,2.792,1007.53,4.73,21.68,283.6,80.72,175.52
62.66,24.831,2.802,1009.76,4.73,21.57,283.1,80.71,175.52
62.7,24.871,2.808,1011.24,4.74,21.5,283.2,80.71,175.52
62.76,24.931,2.818,1013.48,4.75,21.4,283.0,80.7,175.53
62.8,24.971,2.824,1014.97,4.76,21.33,283.6,80.7,175.53
62.86,25.032,2.834,1017.21,4.77,21.22,282.8,80.69,175.53
62.9,25.072,2.841,1018.71,4.77,21.15,283.4,80.69,175.54
62.96,25.132,2.85,1020.97,4.78,21.05,283.6,80.68,175.54
63.0,25.173,2.857,1022.47,4.79,20.98,283.2,80.67,175.54
63.06,25.233,2.867,1024.73,4.8,20.88,282.9,80.67,175.55
63.1,25.274,2.873,1026.24,4.8,20.81,282.5,80.66,175.55
63.16,25.335,2.883,1028.51,4.82,20.7,283.6,80.66,175.55
63.2,25.375,2.89,1030.03,4.82,20.63,283.6,80.65,175.55
63.26,25.436,2.899,1032.31,4.83,20.53,283.2,80.64,175.56
63.32,25.498,2.909,1034.6,4.84,20.42,283.2,80.64,175.56
63.36,25.539,2.916,1036.13,4.84,20.36,283.1,80.63,175.56
63.4,25.58,2.923,1037.66,4.85,20.29,282.7,80.63,175.56
63.46,25.641,2.933,1039.96,4.86,20.18,283.3,80.62,175.57
63.52,25.703,2.943,1042.27,4.87,20.08,283.3,80.61,175.57
63.56,25.744,2.949,1043.81,4.88,20.01,283.7,80.61,175.57
63.62,25.806,2.959,1046.13,4.89,19.91,282.7,80.6,175.57
63.66,25.847,2.966,1047.67,4.89,19.84,282.6,80.6,175.57
63.7,25.889,2.973,1049.22,4.9,19.77,283.6,80.59,175.58
63.76,25.951,2.983,1051.56,4.92,19.67,283.6,80.58,175.58
63.82,26.013,2.993,1053.9,4.92,19.57,283.5,80.58,175.58
63.86,26.055,3.0,1055.45,4.93,19.5,283.2,80.57,175.58
63.92,26.117,3.01,1057.8,4.94,19.4,283.5,80.57,175.58
63.96,26.159,3.017,1059.36,4.94,19.33,282.8,80.56,175.59
64.02,26.222,3.027,1061.72,4.96,19.23,283.5,80.56,175.59
64.06,26.264,3.034,1063.3,4.97,19.16,283.0,80.55,175.59
64.12,26.327,3.044,1065.66,4.97,19.06,283.0,80.54,175.59
64.16,26.369,3.051,1067.25,4.98,18.99,283.7,80.54,175.59
64.2,26.411,3.058,1068.83,4.99,18.92,283.3,80.53,175.59
64.26,26.475,3.068,1071.21,5.0,18.82,283.0,80.53,175.59
64.32,26.538,3.079,1073.59,5.01,18.72,282.8,80.52,175.6
64.36,26.581,3.085,1075.19,5.01,18.65,283.6,80.51,175.6
64.42,26.644,3.096,1077.59,5.02,18.55,283.5,80.51,175.6
64.46,26.687,3.099,1079.19,5.03,18.48,283.0,80.51,175.6
64.52,26.751,3.113,1081.6,5.04,18.38,283.0,80.5,175.6
64.56,26.794,3.12,1083.2,5.05,18.32,282.8,80.49,175.6
64.62,26.858,3.131,1085.62,5.06,18.22,283.4,80.49,175.6
64.66,26.901,3.138,1087.23,5.07,18.12,283.9,80.48,175.61
64.72,26.965,3.148,1089.66,5.07,18.05,283.3,80.48,175.61
64.76,27.008,3.156,1091.29,5.08,17.98,283.4,80.47,175.61
64.82,27.073,3.166,1093.72,5.09,17.88,282.9,80.46,175.61
64.88,27.138,3.177,1096.16,5.1,17.78,283.2,80.46,175.61
64.92,27.181,3.184,1097.8,5.11,17.72,283.5,80.46,175.61
64.96,27.225,3.191,1099.43,5.12,17.65,283.1,80.45,175.62
65.02,27.29,3.202,1101.89,5.13,17.55,282.9,80.44,175.62
65.08,27.355,3.213,1104.35,5.14,17.45,283.3,80.44,175.62
65.12,27.399,3.22,1106.0,5.14,17.39,283.5,80.43,175.62
65.16,27.442,3.227,1107.65,5.15,17.32,283.0,80.43,175.62
65.22,27.508,3.238,1110.13,5.16,17.22,284.0,80.42,175.62
65.28,27.574,3.249,1112.62,5.18,17.13,282.9,80.41,175.63
65.32,27.618,3.256,1114.28,5.18,17.06,283.1,80.41,175.63
65.38,27.684,3.267,1116.77,5.19,16.96,283.1,80.4,175.63
65.42,27.728,3.274,1118.44,5.2,16.9,283.4,80.4,175.63
65.48,27.794,3.285,1120.94,5.21,16.8,283.3,80.39,175.63
65.52,27.839,3.292,1122.61,5.21,16.74,283.8,80.39,175.64
65.58,27.905,3.304,1125.13,5.22,16.64,283.6,80.38,175.64
65.62,27.95,3.311,1126.81,5.23,16.57,283.3,80.38,175.64
65.68,28.016,3.322,1129.34,5.24,16.48,284.0,80.37,175.64
65.72,28.061,3.329,1131.03,5.25,16.41,283.6,80.37,175.64
65.78,28.128,3.34,1133.57,5.26,16.32,283.0,80.36,175.65
65.84,28.195,3.352,1136.11,5.27,16.22,283.3,80.36,175.65
65.88,28.24,3.359,1137.81,5.28,16.16,283.6,80.35,175.65
65.92,28.285,3.367,1139.52,5.29,16.09,284.0,80.35,175.65
65.98,28.353,3.378,1142.08,5.3,16.0,283.7,80.34,175.65
66.02,28.398,3.385,1143.8,5.31,15.93,283.7,80.34,175.65
66.08,28.466,3.397,1146.36,5.32,15.84,283.2,80.33,175.66
66.14,28.533,3.408,1148.94,5.33,15.74,283.5,80.32,175.66
66.18,28.579,3.415,1150.66,5.34,15.68,283.6,80.32,175.66
66.22,28.624,3.423,1152.39,5.35,15.62,283.3,80.31,175.66
66.28,28.693,3.438,1155.85,5.36,15.49,283.7,80.3,175.66
66.34,28.761,3.446,1157.58,5.36,15.43,283.7,80.3,175.66
66.38,28.807,3.453,1159.32,5.37,15.37,283.6,80.3,175.66
66.44,28.875,3.465,1161.93,5.38,15.27,283.6,80.29,175.67
66.48,28.921,3.473,1163.67,5.39,15.21,284.0,80.28,175.67
66.54,28.99,3.484,1166.29,5.4,15.12,283.9,80.28,175.67
66.58,29.036,3.492,1168.05,5.41,15.05,284.0,80.27,175.67
66.64,29.106,3.503,1170.68,5.42,14.96,283.9,80.26,175.67
66.68,29.152,3.511,1172.44,5.43,14.9,283.2,80.26,175.67
66.74,29.221,3.523,1175.08,5.44,14.81,283.5,80.26,175.67
66.78,29.268,3.531,1176.85,5.45,14.75,283.5,80.25,175.67
66.84,29.337,3.542,1179.51,5.46,14.65,284.1,80.24,175.67
66.88,29.384,3.55,1181.28,5.47,14.59,284.0,80.24,175.67
66.94,29.454,3.562,1183.95,5.48,14.5,283.7,80.23,175.68
67.0,29.524,3.574,1186.62,5.49,14.41,283.8,80.22,175.68
67.04,29.571,3.582,1188.41,5.5,14.35,284.2,80.22,175.68
67.08,29.618,3.589,1190.2,5.51,14.29,284.2,80.22,175.68
67.14,29.688,3.601,1192.89,5.52,14.2,284.2,80.21,175.68
67.18,29.736,3.609,1194.69,5.53,14.14,283.7,80.2,175.68
67.24,29.806,3.621,1197.4,5.54,14.05,283.9,80.2,175.68
67.28,29.854,3.629,1199.21,5.55,13.98,284.0,80.19,175.68
67.34,29.925,3.641,1201.92,5.56,13.89,283.7,80.19,175.68
67.38,29.972,3.649,1203.73,5.56,13.84,283.2,80.18,175.68
67.44,30.043,3.661,1206.45,5.57,13.75,283.3,80.17,175.68
67.5,30.115,3.673,1209.18,5.59,13.66,284.1,80.17,175.68
67.54,30.163,3.681,1211.0,5.6,13.6,283.6,80.16,175.68
67.6,30.234,3.693,1213.74,5.6,13.51,284.0,80.16,175.68
67.64,30.282,3.701,1215.57,5.61,13.45,284.3,80.15,175.68
67.7,30.354,3.714,1218.33,5.62,13.36,284.0,80.15,175.68
67.74,30.402,3.722,1220.17,5.63,13.3,284.2,80.14,175.68
67.8,30.475,3.734,1222.93,5.64,13.21,284.4,80.14,175.68
67.86,30.547,3.746,1225.7,5.66,13.12,283.7,80.13,175.68
67.9,30.596,3.755,1227.55,5.66,13.07,283.2,80.12,175.68
67.94,30.644,3.763,1229.4,5.67,13.01,283.5,80.12,175.68
68.0,30.717,3.775,1232.19,5.68,12.92,283.9,80.11,175.68
68.04,30.765,3.783,1234.05,5.69,12.86,283.8,80.11,175.68
68.1,30.839,3.796,1236.85,5.7,12.78,283.6,80.1,175.68
68.16,30.912,3.808,1239.65,5.71,12.69,283.4,80.1,175.68
68.2,30.961,3.817,1241.53,5.72,12.63,283.5,80.09,175.68
68.24,31.01,3.825,1243.4,5.72,12.57,283.2,80.09,175.68
68.3,31.083,3.837,1246.22,5.74,12.49,283.7,80.08,175.68
68.36,31.157,3.85,1249.05,5.75,12.4,284.0,80.08,175.68
68.4,31.207,3.858,1250.94,5.76,12.35,283.6,80.07,175.68
68.46,31.281,3.871,1253.78,5.77,12.26,283.4,80.07,175.68
68.5,31.33,3.879,1255.68,5.77,12.2,283.7,80.06,175.68
68.54,31.38,3.888,1257.57,5.79,12.15,283.3,80.05,175.68
68.6,31.454,3.901,1260.43,5.79,12.06,283.3,80.05,175.68
68.66,31.529,3.913,1263.29,5.81,11.98,283.5,80.04,175.68
68.7,31.579,3.922,1265.2,5.81,11.92,283.3,80.04,175.68
68.74,31.629,3.93,1267.12,5.82,11.87,283.9,80.04,175.67
68.8,31.704,3.943,1270.0,5.83,11.79,283.9,80.03,175.67
68.86,31.779,3.956,1272.88,5.85,11.7,283.8,80.02,175.67
68.9,31.829,3.965,1274.81,5.86,11.65,283.9,80.02,175.67
68.96,31.905,3.978,1277.71,5.87,11.57,283.7,80.01,175.67
69.0,31.955,3.986,1279.65,5.88,11.51,283.5,80.01,175.67
69.06,32.031,3.999,1282.56,5.89,11.43,284.6,80.0,175.67
69.1,32.081,4.008,1284.51,5.9,11.38,284.2,79.99,175.67
69.16,32.157,4.021,1287.43,5.91,11.3,284.4,79.99,175.67
69.22,32.234,4.034,1290.36,5.92,11.22,283.8,79.98,175.67
69.26,32.285,4.043,1292.32,5.93,11.16,284.1,79.98,175.67
69.3,32.336,4.051,1294.28,5.94,11.11,283.8,79.97,175.67
69.36,32.412,4.065,1297.23,5.96,11.03,283.9,79.97,175.67
69.42,32.489,4.078,1300.18,5.97,10.95,284.4,79.96,175.67
69.46,32.54,4.087,1302.16,5.97,10.9,284.2,79.96,175.67
69.52,32.618,4.1,1305.12,5.99,10.82,284.3,79.95,175.67
69.56,32.669,4.109,1307.11,5.99,10.77,284.1,79.95,175.67
69.6,32.721,4.118,1309.09,6.0,10.71,283.8,79.94,175.67
69.66,32.798,4.131,1312.07,6.01,10.64,284.4,79.93,175.66
69.72,32.876,4.144,1315.07,6.02,10.56,283.7,79.93,175.66
69.76,32.928,4.153,1317.07,6.03,10.51,284.1,79.93,175.66
69.8,32.98,4.162,1319.07,6.05,10.46,284.3,79.92,175.66
69.86,33.058,4.176,1322.08,6.05,10.38,284.5,79.91,175.66
69.92,33.136,4.189,1325.1,6.07,10.3,283.6,79.91,175.66
69.96,33.188,4.198,1327.11,6.08,10.25,283.9,79.9,175.66
70.02,33.267,4.212,1330.15,6.09,10.18,284.6,79.9,175.66
70.06,33.319,4.221,1332.17,6.1,10.13,283.9,79.89,175.65
70.12,33.398,4.235,1335.21,6.11,10.05,283.7,79.88,175.65
70.16,33.451,4.244,1337.24,6.12,10.0,284.1,79.88,175.65
70.22,33.53,4.257,1340.29,6.13,9.93,284.0,79.87,175.65
70.26,33.583,4.267,1342.33,6.14,9.88,283.6,79.87,175.65
70.32,33.662,4.28,1345.39,6.15,9.81,284.3,79.86,175.65
70.36,33.716,4.29,1347.44,6.16,9.76,284.4,79.86,175.65
70.42,33.795,4.303,1350.52,6.17,9.69,284.5,79.85,175.64
70.46,33.849,4.313,1352.57,6.17,9.64,283.8,79.85,175.64
70.52,33.929,4.327,1355.65,6.19,9.57,283.9,79.84,175.64
70.58,34.009,4.34,1358.75,6.2,9.49,283.6,79.84,175.63
70.62,34.062,4.35,1360.81,6.21,9.45,284.0,79.83,175.63
70.66,34.116,4.359,1362.88,6.21,9.4,283.8,79.82,175.63
70.72,34.197,4.373,1365.99,6.23,9.33,283.6,79.82,175.63
70.78,34.278,4.387,1369.11,6.24,9.26,283.3,79.81,175.62
70.82,34.332,4.397,1371.19,6.25,9.21,283.3,79.81,175.62
70.88,34.413,4.411,1374.33,6.26,9.14,284.0,79.8,175.62
70.92,34.467,4.42,1376.42,6.27,9.09,283.4,79.8,175.62
70.96,34.521,4.43,1378.51,6.28,9.05,283.4,79.79,175.61
71.02,34.603,4.444,1381.65,6.29,8.98,284.1,79.78,175.61
71.08,34.685,4.458,1384.8,6.3,8.91,283.4,79.78,175.61
71.12,34.739,4.468,1386.91,6.31,8.86,283.6,79.77,175.6
71.18,34.821,4.482,1390.08,6.32,8.8,283.3,79.77,175.6
71.22,34.876,4.492,1392.19,6.33,8.75,283.5,79.76,175.6
71.28,34.959,4.506,1395.37,6.34,8.68,283.5,79.76,175.59
71.32,35.014,4.516,1397.49,6.35,8.64,283.7,79.75,175.59
71.38,35.096,4.53,1400.68,6.36,8.57,284.1,79.75,175.59
71.44,35.179,4.54,1403.88,6.37,8.5,284.1,79.74,175.58
71.48,35.235,4.554,1406.02,6.38,8.46,284.5,79.74,175.58
71.52,35.29,4.564,1408.16,6.4,8.41,283.9,79.73,175.57
71.58,35.373,4.579,1411.38,6.4,8.35,283.4,79.72,175.57
71.62,35.429,4.588,1413.53,6.41,8.3,284.2,79.72,175.57
71.68,35.513,4.603,1416.76,6.43,8.24,283.8,79.71,175.56
71.72,35.569,4.613,1420.0,6.44,8.17,283.5,79.71,175.56
71.78,35.653,4.627,1422.16,6.45,8.13,284.5,79.7,175.55
71.82,35.709,4.637,1424.33,6.46,8.09,284.5,79.7,175.55
71.88,35.793,4.652,1427.59,6.48,8.02,283.5,79.69,175.54
71.94,35.877,4.667,1430.85,6.48,7.96,283.4,79.68,175.54
71.98,35.934,4.677,1433.03,6.5,7.91,284.1,79.68,175.53
72.02,35.99,4.687,1435.21,6.5,7.87,283.5,79.67,175.53
72.08,36.075,4.702,1438.5,6.52,7.81,284.2,79.67,175.52
72.14,36.16,4.717,1441.79,6.53,7.74,284.4,79.66,175.51
72.18,36.217,4.727,1443.99,6.54,7.7,284.1,79.66,175.51
72.24,36.303,4.742,1447.29,6.55,7.64,283.4,79.65,175.5
72.28,36.36,4.752,1449.49,6.56,7.6,283.7,79.65,175.5
72.32,36.417,4.762,1451.7,6.57,7.56,283.6,79.64,175.5
72.38,36.503,4.777,1455.02,6.58,7.5,283.7,79.64,175.49
72.44,36.589,4.792,1458.35,6.6,7.43,284.2,79.63,175.48
72.48,36.646,4.802,1460.58,6.61,7.37,284.8,79.62,175.47
72.54,36.733,4.818,1463.92,6.62,7.33,284.1,79.62,175.47
72.58,36.791,4.828,1466.16,6.63,7.29,284.6,79.62,175.46
72.64,36.877,4.843,1469.52,6.64,7.23,284.3,79.61,175.45
72.68,36.935,4.853,1471.76,6.65,7.19,284.2,79.6,175.45
72.74,37.022,4.869,1475.13,6.66,7.13,284.1,79.6,175.44
72.78,37.081,4.879,1477.38,6.67,7.09,284.3,79.59,175.44
72.84,37.168,4.895,1480.76,6.69,7.03,284.1,79.59,175.43
72.88,37.226,4.905,1483.02,6.7,7.0,284.5,79.58,175.42
72.94,37.314,4.92,1486.42,6.71,6.94,284.1,79.58,175.41
73.0,37.402,4.936,1489.82,6.72,6.88,284.1,79.57,175.4
73.04,37.461,4.946,1492.1,6.73,6.84,283.9,79.57,175.4
73.08,37.52,4.957,1494.37,6.74,6.8,284.1,79.56,175.39
73.14,37.608,4.978,1498.94,6.76,6.73,284.4,79.55,175.38
73.2,37.697,4.988,1501.23,6.77,6.69,284.9,79.55,175.37
73.24,37.756,4.999,1503.53,6.78,6.65,284.4,79.54,175.37
73.28,37.815,5.009,1505.82,6.79,6.62,284.2,79.54,175.36
73.34,37.904,5.025,1509.28,6.81,6.56,284.2,79.53,175.35
73.4,37.993,5.036,1512.74,6.82,6.5,284.2,79.53,175.35
73.44,38.053,5.046,1515.05,6.83,6.47,284.4,79.52,175.34
73.5,38.143,5.062,1518.54,6.84,6.41,284.5,79.52,175.33
73.54,38.203,5.073,1520.86,6.85,6.38,284.6,79.51,175.32
73.6,38.292,5.089,1524.35,6.87,6.32,283.9,79.51,175.31
73.64,38.353,5.1,1526.68,6.88,6.29,283.8,79.5,175.3
73.68,38.413,5.11,1529.01,6.88,6.25,284.0,79.5,175.3
73.74,38.503,5.127,1532.52,6.9,6.2,283.7,79.49,175.29
73.8,38.594,5.143,1536.03,6.91,6.15,283.9,79.48,175.27
73.84,38.654,5.153,1538.38,6.92,6.11,284.0,79.48,175.27
73.9,38.745,5.17,1541.9,6.93,6.06,284.1,79.47,175.26
73.94,38.806,5.181,1544.25,6.94,6.02,283.6,79.47,175.25
74.0,38.897,5.197,1547.79,6.95,5.97,284.3,79.46,175.24
74.04,38.958,5.208,1550.15,6.96,5.94,283.6,79.46,175.23
74.1,39.05,5.224,1553.71,6.97,5.89,284.6,79.45,175.22
74.16,39.142,5.241,1557.28,6.99,5.84,284.1,79.45,175.2
74.2,39.203,5.252,1559.66,7.0,5.8,283.9,79.44,175.19
74.24,39.265,5.263,1562.05,7.01,5.77,284.2,79.44,175.19
74.3,39.357,5.279,1565.64,7.02,5.72,284.2,79.43,175.17
74.34,39.419,5.29,1568.03,7.03,5.69,284.2,79.43,175.16
74.38,39.512,5.307,1571.63,7.05,5.64,284.4,79.42,175.15
74.46,39.605,5.323,1575.24,7.06,5.59,284.3,79.41,175.14
74.5,39.667,5.334,1577.65,7.07,5.55,284.0,79.41,175.13
74.54,39.729,5.346,1580.06,7.08,5.52,284.0,79.4,175.12
74.6,39.822,5.362,1583.69,7.1,5.47,283.7,79.4,175.1
74.66,39.916,5.379,1587.32,7.11,5.42,283.5,79.39,175.09
74.7,39.979,5.39,1589.75,7.12,5.39,284.3,79.39,175.08
74.74,40.041,5.402,1592.18,7.13,5.36,284.2,79.38,175.07
74.8,40.135,5.419,1595.83,7.14,5.31,283.4,79.38,175.05
74.86,40.23,5.436,1599.5,7.16,5.27,284.3,79.37,175.04
74.9,40.293,5.447,1600.5,6.8,5.23,0.0,79.37,175.03
74.96,40.387,5.464,1599.82,5.7,5.19,0.0,79.36,175.01
75.0,40.45,5.475,1599.37,4.97,5.15,0.0,79.35,175.01
75.04,40.513,5.486,1598.92,4.24,5.11,0.0,79.35,175.0
75.12,40.639,5.509,1598.02,2.77,5.02,0.0,79.34,174.99
75.12,40.67,5.52,1597.57,2.04,4.97,0.0,79.34,174.99
75.2,40.765,5.532,1597.12,1.3,4.92,0.0,79.33,174.99
75.24,40.827,5.543,1596.68,0.56,4.87,0.0,79.33,174.99
75.3,40.922,5.56,1596.01,0.17,4.8,0.0,79.32,174.99
75.34,40.985,5.571,1595.56,0.17,4.76,0.0,79.32,174.99
75.4,41.079,5.588,1594.89,0.17,4.69,0.0,79.31,174.99
75.44,41.141,5.6,1594.45,0.17,4.65,0.0,79.3,175.0
75.5,41.236,5.617,1593.78,0.17,4.58,0.0,79.3,175.01
75.54,41.298,5.628,1593.34,0.17,4.54,0.0,79.29,175.01
75.6,41.392,5.645,1592.68,0.16,4.47,0.0,79.28,175.02
75.66,41.486,5.662,1592.01,0.16,4.41,0.0,79.28,175.04
75.7,41.549,5.673,1591.57,0.16,4.37,0.0,79.27,175.05
75.76,41.643,5.69,1590.91,0.16,4.31,0.0,79.27,175.07
75.8,41.705,5.702,1590.47,0.16,4.27,0.0,79.26,175.08
75.84,41.768,5.713,1590.04,0.15,4.23,0.0,79.26,175.09
75.9,41.862,5.73,1589.38,0.15,4.17,0.0,79.25,175.12
75.96,41.956,5.747,1588.72,0.15,4.11,0.0,79.24,175.14
76.0,42.018,5.758,1588.29,0.15,4.07,0.0,79.24,175.16
76.04,42.081,5.769,1587.85,0.15,4.03,0.0,79.23,175.17
76.1,42.174,5.786,1587.2,0.15,3.98,0.0,79.23,175.2
76.16,42.268,5.803,1586.55,0.14,3.92,0.0,79.22,175.23
76.2,42.33,5.815,1586.11,0.14,3.88,0.0,79.21,175.25
76.24,42.393,5.826,1585.68,0.14,3.85,0.0,79.21,175.28
76.3,42.486,5.843,1585.03,0.14,3.79,0.0,79.2,175.31
76.36,42.58,5.86,1584.38,0.14,3.74,0.0,79.2,175.34
76.4,42.642,5.871,1583.95,0.14,3.71,0.0,79.19,175.37
76.46,42.736,5.888,1583.3,0.13,3.65,0.0,79.19,175.4
76.5,42.798,5.899,1582.87,0.13,3.62,0.0,79.18,175.43
76.56,42.891,5.916,1582.23,0.13,3.57,0.0,79.18,175.47
76.6,42.954,5.928,1581.8,0.13,3.54,0.0,79.17,175.5
76.66,43.047,5.945,1581.16,0.13,3.49,0.0,79.17,175.54
76.7,43.109,5.956,1580.73,0.13,3.46,0.0,79.16,175.56
76.76,43.202,5.973,1580.09,0.12,3.41,0.0,79.16,175.61
76.8,43.265,5.984,1579.66,0.12,3.38,0.0,79.15,175.64
76.86,43.358,6.001,1579.02,0.12,3.33,0.0,79.15,175.68
76.92,43.451,6.018,1578.38,0.12,3.29,0.0,79.14,175.72
76.96,43.513,6.029,1577.96,0.12,3.26,0.0,79.14,175.75
77.0,43.575,6.041,1577.53,0.12,3.23,0.0,79.13,175.78
77.06,43.668,6.058,1576.9,0.12,3.18,0.0,79.13,175.83
77.12,43.761,6.075,1576.26,0.11,3.14,0.0,79.12,175.88
77.16,43.823,6.086,1575.84,0.11,3.11,0.0,79.12,175.91
77.2,43.885,6.097,1575.42,0.11,3.08,0.0,79.11,175.94
77.26,43.978,6.114,1574.78,0.11,3.04,0.0,79.11,175.99
77.3,44.04,6.126,1574.36,0.11,3.01,0.0,79.11,176.02
77.36,44.133,6.142,1573.73,0.11,2.97,0.0,79.1,176.07
77.4,44.195,6.154,1573.31,0.11,2.95,0.0,79.1,176.1
77.46,44.288,6.171,1572.68,0.11,2.91,0.0,79.09,176.15
77.5,44.35,6.182,1572.26,0.1,2.88,0.0,79.09,176.18
77.56,44.442,6.199,1571.63,0.1,2.84,0.0,79.09,176.23
77.6,44.504,6.21,1571.21,0.1,2.82,0.0,79.08,176.26
77.66,44.597,6.227,1570.58,0.1,2.78,0.0,79.08,176.31
77.72,44.689,6.244,1569.96,0.1,2.74,0.0,79.07,176.36
77.76,44.751,6.255,1569.54,0.1,2.72,0.0,79.07,176.39
77.82,44.844,6.272,1568.91,0.1,2.68,0.0,79.07,176.44
77.86,44.906,6.284,1568.5,0.1,2.66,0.0,79.07,176.47
77.92,44.998,6.301,1567.87,0.1,2.62,0.0,79.06,176.52
77.96,45.06,6.312,1567.46,0.09,2.6,0.0,79.06,176.55
78.0,45.121,6.323,1567.04,0.09,2.57,0.0,79.06,176.59
78.06,45.214,6.346,1566.42,0.09,2.54,0.0,79.05,176.63
78.12,45.306,6.363,1565.8,0.09,2.51,0.0,79.05,176.7
78.16,45.368,6.374,1565.38,0.09,2.48,0.0,79.05,176.73
78.22,45.46,6.391,1564.76,0.09,2.45,0.0,79.04,176.77
78.26,45.522,6.402,1564.35,0.09,2.43,0.0,79.04,176.8
78.32,45.614,6.419,1563.73,0.09,2.4,0.0,79.04,176.85
78.36,45.675,6.43,1563.32,0.09,2.37,0.0,79.04,176.88
78.42,45.768,6.447,1562.7,0.08,2.34,0.0,79.03,176.92
78.46,45.829,6.459,1562.29,0.08,2.32,0.0,79.03,176.95
78.52,45.921,6.476,1561.67,0.08,2.29,0.0,79.03,176.99
78.58,46.013,6.493,1561.05,0.08,2.26,0.0,79.03,177.04
78.62,46.075,6.504,1560.64,0.08,2.24,0.0,79.03,177.06
78.66,46.136,6.515,1560.23,0.08,2.21,0.0,79.02,177.09
78.72,46.228,6.532,1559.62,0.08,2.19,0.0,79.02,177.13
78.76,46.289,6.543,1559.21,0.08,2.17,0.0,79.02,177.14
78.82,46.381,6.56,1558.6,0.08,2.15,0.0,79.02,177.2
78.86,46.443,6.572,1558.19,0.08,2.13,0.0,79.02,177.22
78.92,46.535,6.588,1557.57,0.08,2.1,0.0,79.02,177.26
78.98,46.626,6.605,1556.96,0.07,2.07,0.0,79.01,177.3
79.02,46.688,6.617,1556.55,0.07,2.05,0.0,79.01,177.32
79.08,46.779,6.634,1555.94,0.07,2.03,0.0,79.01,177.36
79.12,46.841,6.645,1555.54,0.07,2.01,0.0,79.01,177.38
79.18,46.932,6.662,1554.93,0.07,1.98,0.0,79.01,177.41
79.22,46.994,6.667,1554.52,0.07,1.97,0.0,79.01,177.42
79.28,47.085,6.69,1553.91,0.07,1.94,0.0,79.01,177.47
79.32,47.146,6.701,1553.5,0.07,1.92,0.0,79.01,177.49
79.38,47.238,6.718,1552.9,0.07,1.9,0.0,79.01,177.52
79.42,47.299,6.729,1552.49,0.07,1.88,0.0,79.01,177.54
79.48,47.39,6.746,1551.88,0.07,1.86,0.0,79.0,177.56
79.54,47.482,6.763,1551.28,0.07,1.84,0.0,79.0,177.59
79.58,47.543,6.775,1550.87,0.06,1.82,0.0,79.0,177.61
79.62,47.604,6.786,1550.47,0.06,1.8,0.0,79.0,177.63
79.68,47.695,6.803,1549.86,0.06,1.78,0.0,79.0,177.65
79.72,47.787,6.814,1549.26,0.06,1.76,0.0,79.0,177.67
79.78,47.848,6.831,1548.86,0.06,1.74,0.0,79.0,177.69
79.84,47.939,6.848,1548.25,0.06,1.72,0.0,79.0,177.71
79.88,48.0,6.859,1547.85,0.06,1.71,0.0,79.0,177.73
79.94,48.091,6.876,1547.25,0.06,1.69,0.0,79.0,177.75
79.98,48.152,6.887,1546.84,0.06,1.67,0.0,79.0,177.76
80.04,48.243,6.904,1546.24,0.06,1.65,0.0,79.0,177.78
80.08,48.304,6.916,1545.84,0.06,1.64,0.0,79.0,177.79
80.14,48.395,6.932,1545.24,0.06,1.62,0.0,79.0,177.8
80.18,48.456,6.944,1544.84,0.06,1.6,0.0,79.0,177.81
80.24,48.547,6.961,1544.24,0.06,1.58,0.0,79.0,177.83
80.3,48.638,6.978,1543.64,0.05,1.56,0.0,79.0,177.84
80.34,48.699,6.989,1543.24,0.05,1.55,0.0,79.0,177.85
80.38,48.759,7.0,1542.84,0.05,1.54,0.0,79.0,177.85
80.44,48.85,7.017,1542.24,0.05,1.52,0.0,79.0,177.87
80.48,48.911,7.028,1541.84,0.05,1.5,0.0,79.0,177.88
80.54,49.002,7.045,1541.24,0.05,1.49,0.0,79.0,177.88
80.58,49.062,7.056,1540.84,0.05,1.47,0.0,79.0,177.89
80.64,49.153,7.073,1540.24,0.05,1.46,0.0,79.0,177.9
80.7,49.244,7.09,1539.64,0.05,1.44,0.0,79.0,177.9
80.74,49.305,7.102,1539.25,0.05,1.43,0.0,79.0,177.91
80.8,49.395,7.118,1538.65,0.05,1.41,0.0,79.0,177.91
80.84,49.456,7.13,1538.25,0.05,1.4,0.0,79.0,177.91
80.88,49.516,7.141,1537.85,0.05,1.38,0.0,79.0,177.91
80.94,49.607,7.158,1537.26,0.05,1.37,0.0,79.0,177.92
81.0,49.698,7.175,1536.66,0.05,1.35,0.0,79.0,177.92
81.04,49.758,7.186,1536.27,0.05,1.34,0.0,79.0,177.92
81.1,49.849,7.203,1535.67,0.05,1.32,0.0,79.0,177.91
81.14,49.909,7.214,1535.27,0.05,1.31,0.0,79.0,177.91
81.2,49.999,7.231,1534.68,0.04,1.3,0.0,79.0,177.91
81.24,50.06,7.242,1534.28,0.04,1.29,0.0,79.0,177.91
81.28,50.12,7.254,1533.89,0.04,1.28,0.0,79.0,177.91
81.34,50.21,7.271,1533.29,0.04,1.26,0.0,79.0,177.9
81.4,50.301,7.287,1532.7,0.04,1.24,0.0,79.0,177.89
81.44,50.361,7.299,1532.3,0.04,1.23,0.0,79.0,177.89
81.5,50.451,7.316,1531.71,0.04,1.22,0.0,79.0,177.88
81.56,50.542,7.333,1531.12,0.04,1.2,0.0,79.0,177.87
81.6,50.602,7.344,1530.72,0.04,1.2,0.0,79.0,177.87
81.64,50.662,7.355,1530.13,0.04,1.18,0.0,79.0,177.86
81.7,50.752,7.372,1529.73,0.04,1.17,0.0,79.0,177.85
81.74,50.812,7.383,1529.34,0.04,1.16,0.0,79.0,177.84
81.8,50.902,7.4,1528.75,0.04,1.15,0.0,79.0,177.83
81.86,50.993,7.417,1528.15,0.04,1.13,0.0,79.0,177.82
81.9,51.053,7.428,1527.76,0.04,1.12,0.0,79.0,177.81
81.96,51.143,7.445,1527.17,0.04,1.11,0.0,79.0,177.79
82.0,51.203,7.456,1526.77,0.04,1.1,0.0,79.0,177.79
82.06,51.293,7.473,1526.18,0.04,1.09,0.0,79.0,177.77
82.12,51.383,7.49,1525.59,0.04,1.08,0.0,79.0,177.75
82.16,51.443,7.501,1525.2,0.04,1.07,0.0,79.0,177.74
82.2,51.502,7.513,1524.8,0.04,1.06,0.0,79.0,177.73
82.26,51.592,7.53,1524.21,0.04,1.05,0.0,79.0,177.71
82.3,51.652,7.541,1523.82,0.04,1.04,0.0,79.0,177.7
82.36,51.742,7.558,1523.23,0.04,1.03,0.0,79.0,177.68
82.4,51.802,7.569,1522.84,0.04,1.02,0.0,79.0,177.67
82.46,51.892,7.586,1522.25,0.04,1.01,0.0,79.0,177.65
82.52,51.981,7.603,1521.66,0.04,0.99,0.0,79.0,177.63
82.56,52.041,7.614,1521.27,0.04,0.99,0.0,79.0,177.61
82.62,52.131,7.631,1520.68,0.04,0.97,0.0,79.0,177.59
82.66,52.19,7.642,1520.28,0.04,0.97,0.0,79.0,177.58
82.72,52.28,7.659,1519.7,0.04,0.95,0.0,79.0,177.55
82.76,52.34,7.67,1519.3,0.03,0.95,0.0,79.0,177.54
82.82,52.429,7.687,1518.71,0.03,0.94,0.0,79.0,177.51
82.86,52.489,7.698,1518.32,0.03,0.93,0.0,79.0,177.5
82.92,52.578,7.715,1517.73,0.03,0.92,0.0,79.0,177.47
82.96,52.638,7.727,1517.34,0.03,0.91,0.0,79.0,177.45
83.02,52.727,7.744,1516.76,0.03,0.9,0.0,79.0,177.43
83.06,52.787,7.755,1516.36,0.03,0.89,0.0,79.0,177.41
83.12,52.876,7.772,1515.78,0.03,0.88,0.0,79.0,177.39
83.16,52.936,7.783,1515.38,0.03,0.87,0.0,79.0,177.37
83.22,53.025,7.8,1514.8,0.03,0.86,0.0,79.0,177.34
83.26,53.085,7.811,1514.41,0.03,0.86,0.0,79.0,177.32
83.32,53.174,7.828,1513.82,0.03,0.85,0.0,79.0,177.29
83.36,53.233,7.839,1513.43,0.03,0.84,0.0,79.0,177.28
83.42,53.323,7.856,1512.84,0.03,0.83,0.0,79.0,177.25
83.48,53.412,7.873,1512.26,0.03,0.82,0.0,79.0,177.22
83.52,53.471,7.884,1511.87,0.03,0.81,0.0,79.0,177.2
83.58,53.56,7.901,1511.28,0.03,0.8,0.0,79.0,177.17
83.62,53.62,7.912,1510.89,0.03,0.8,0.0,79.0,177.15
83.68,53.709,7.929,1510.3,0.03,0.79,0.0,78.99,177.12
83.72,53.768,7.94,1509.91,0.03,0.78,0.0,78.99,177.1
83.78,53.857,7.957,1509.33,0.03,0.77,0.0,78.99,177.07
83.82,53.916,7.969,1508.94,0.03,0.77,0.0,78.99,177.05
83.88,54.005,7.985,1508.35,0.03,0.76,0.0,78.99,177.02
83.92,54.064,7.997,1507.96,0.03,0.75,0.0,78.99,177.0
83.98,54.153,8.014,1507.38,0.03,0.74,0.0,78.99,176.97
84.04,54.242,8.03,1506.79,0.03,0.74,0.0,78.99,176.93
84.08,54.301,8.042,1506.41,0.03,0.73,0.0,78.99,176.91
84.12,54.36,8.053,1506.02,0.03,0.72,0.0,78.99,176.89
84.18,54.449,8.07,1505.43,0.03,0.72,0.0,78.98,176.86
84.22,54.508,8.081,1505.04,0.03,0.71,0.0,78.98,176.84
84.28,54.597,8.098,1504.46,0.03,0.7,0.0,78.98,176.81
84.32,54.656,8.109,1504.07,0.03,0.7,0.0,78.98,176.79
84.38,54.745,8.126,1503.49,0.03,0.69,0.0,78.98,176.75
84.44,54.833,8.143,1502.9,0.03,0.68,0.0,78.98,176.72
84.48,54.892,8.154,1502.51,0.03,0.68,0.0,78.98,176.7
84.54,54.981,8.171,1501.93,0.03,0.67,0.0,78.97,176.67
84.58,55.04,8.182,1501.54,0.03,0.66,0.0,78.97,176.64
84.64,55.128,8.199,1500.96,0.03,0.66,0.0,78.97,176.61
84.68,55.187,8.21,1500.57,0.03,0.65,0.0,78.97,176.59
84.74,55.275,8.227,1499.99,0.03,0.64,0.0,78.97,176.56
84.78,55.334,8.238,1499.6,0.03,0.64,0.0,78.97,176.54
84.84,55.423,8.255,1499.02,0.03,0.63,0.0,78.96,176.51
84.88,55.482,8.267,1498.63,0.03,0.63,0.0,78.96,176.48
84.94,55.57,8.283,1498.05,0.02,0.62,0.0,78.96,176.45
84.98,55.629,8.295,1497.66,0.02,0.61,0.0,78.96,176.43
85.04,55.717,8.311,1497.08,0.02,0.61,0.0,78.96,176.39
85.08,55.776,8.323,1496.69,0.02,0.6,0.0,78.95,176.37
85.14,55.864,8.34,1496.11,0.02,0.6,0.0,78.95,176.34
85.2,55.952,8.356,1495.53,0.02,0.59,0.0,78.95,176.31
85.24,56.011,8.368,1495.14,0.02,0.58,0.0,78.95,176.28
85.3,56.099,8.385,1494.56,0.02,0.58,0.0,78.95,176.25
85.34,56.157,8.396,1494.17,0.02,0.57,0.0,78.94,176.23
85.4,56.245,8.413,1493.59,0.02,0.57,0.0,78.94,176.2
85.44,56.304,8.424,1493.2,0.02,0.56,0.0,78.94,176.18
85.48,56.363,8.435,1492.82,0.02,0.56,0.0,78.94,176.15
85.54,56.451,8.452,1492.23,0.02,0.55,0.0,78.94,176.12
85.6,56.538,8.469,1491.65,0.02,0.55,0.0,78.93,176.09
85.64,56.597,8.48,1491.27,0.02,0.54,0.0,78.93,176.07
85.7,56.685,8.497,1490.69,0.02,0.54,0.0,78.93,176.04
85.74,56.743,8.508,1490.3,0.02,0.53,0.0,78.92,176.02
85.8,56.831,8.525,1489.72,0.02,0.53,0.0,78.92,175.98
85.84,56.89,8.536,1489.33,0.02,0.52,0.0,78.92,175.97
85.9,56.977,8.553,1488.75,0.02,0.52,0.0,78.92,175.93
85.94,57.036,8.564,1488.37,0.02,0.51,0.0,78.91,175.91
86.0,57.123,8.581,1487.79,0.02,0.51,0.0,78.91,175.88
86.04,57.182,8.592,1487.4,0.02,0.5,0.0,78.91,175.86
86.1,57.269,8.609,1486.82,0.02,0.5,0.0,78.91,175.83
86.14,57.328,8.621,1486.44,0.02,0.49,0.0,78.9,175.81
86.2,57.415,8.637,1485.86,0.02,0.49,0.0,78.9,175.78
86.24,57.474,8.649,1485.47,0.02,0.48,0.0,78.9,175.76
86.3,57.561,8.665,1484.89,0.02,0.48,0.0,78.89,175.73
86.36,57.649,8.682,1484.31,0.02,0.47,0.0,78.89,175.7
86.4,57.707,8.694,1483.93,0.02,0.47,0.0,78.89,175.68
86.46,57.794,8.71,1483.35,0.02,0.46,0.0,78.88,175.65
86.5,57.852,8.722,1482.96,0.02,0.46,0.0,78.88,175.63
86.54,57.911,8.733,1482.58,0.02,0.46,0.0,78.88,175.61
86.6,57.998,8.75,1482.0,0.02,0.45,0.0,78.88,175.58
86.64,58.056,8.761,1481.61,0.02,0.45,0.0,78.87,175.56
86.7,58.143,8.778,1481.03,0.02,0.44,0.0,78.87,175.53
86.76,58.23,8.795,1480.46,0.02,0.44,0.0,78.87,175.5
86.8,58.289,8.806,1480.07,0.02,0.43,0.0,78.86,175.49
86.86,58.376,8.823,1479.49,0.02,0.43,0.0,78.86,175.46
86.9,58.434,8.834,1479.11,0.02,0.43,0.0,78.86,175.44
86.94,58.492,8.845,1478.72,0.02,0.42,0.0,78.85,175.42
87.0,58.579,8.862,1478.15,0.02,0.42,0.0,78.85,175.39
87.06,58.666,8.879,1477.57,0.02,0.41,0.0,78.85,175.37
87.1,58.724,8.89,1477.18,0.02,0.41,0.0,78.84,175.35
87.16,58.811,8.907,1476.61,0.02,0.41,0.0,78.84,175.32
87.2,58.869,8.918,1476.22,0.02,0.4,0.0,78.83,175.3
87.26,58.956,8.935,1475.64,0.02,0.4,0.0,78.83,175.28
87.3,59.014,8.946,1475.26,0.02,0.39,0.0,78.83,175.26
87.36,59.101,8.963,1474.68,0.02,0.39,0.0,78.82,175.24
87.4,59.158,8.974,1474.3,0.02,0.39,0.0,78.82,175.22
87.46,59.245,8.991,1473.72,0.02,0.38,0.0,78.82,175.19
87.5,59.303,9.002,1473.34,0.02,0.38,0.0,78.81,175.18
87.56,59.39,9.019,1472.76,0.02,0.38,0.0,78.81,175.15
87.62,59.476,9.036,1472.18,0.02,0.37,0.0,78.8,175.13
87.66,59.534,9.047,1471.8,0.02,0.37,0.0,78.8,175.11
87.7,59.592,9.058,1471.41,0.02,0.37,0.0,78.8,175.1
87.76,59.679,9.075,1470.84,0.02,0.36,0.0,78.79,175.07
87.8,59.736,9.087,1470.45,0.02,0.36,0.0,78.79,175.06
87.86,59.823,9.103,1469.88,0.02,0.35,0.0,78.79,175.03
87.9,59.881,9.115,1469.49,0.02,0.35,0.0,78.78,175.02
87.96,59.967,9.131,1468.92,0.02,0.35,0.0,78.78,175.0
88.02,60.053,9.148,1468.34,0.02,0.34,0.0,78.77,174.97
88.06,60.111,9.159,1467.96,0.02,0.34,0.0,78.77,174.96
88.12,60.198,9.176,1467.38,0.02,0.34,0.0,78.76,174.94
88.16,60.255,9.188,1467.0,0.02,0.33,0.0,78.76,174.92
88.22,60.341,9.204,1466.42,0.02,0.33,0.0,78.76,174.9
88.26,60.399,9.216,1466.04,0.02,0.33,0.0,78.75,174.89
88.32,60.485,9.232,1465.46,0.02,0.32,0.0,78.75,174.87
88.36,60.543,9.244,1465.08,0.02,0.32,0.0,78.74,174.85
88.42,60.629,9.26,1464.51,0.02,0.32,0.0,78.74,174.83
88.46,60.686,9.272,1464.12,0.02,0.32,0.0,78.74,174.82
88.52,60.773,9.288,1463.55,0.02,0.31,0.0,78.73,174.8
88.58,60.859,9.305,1462.97,0.02,0.31,0.0,78.73,174.78
88.62,60.916,9.317,1462.59,0.02,0.31,0.0,78.72,174.77
88.68,61.002,9.333,1462.01,0.02,0.3,0.0,78.72,174.75
88.72,61.06,9.345,1461.63,0.01,0.3,0.0,78.71,174.74
88.78,61.146,9.361,1461.06,0.01,0.3,0.0,78.71,174.72
88.82,61.203,9.373,1460.67,0.01,0.29,0.0,78.7,174.71
88.86,61.26,9.384,1460.29,0.01,0.29,0.0,78.7,174.69
88.92,61.346,9.401,1459.71,0.01,0.29,0.0,78.7,174.68
88.98,61.432,9.418,1459.14,0.01,0.28,0.0,78.69,174.66
89.02,61.489,9.429,1458.76,0.01,0.28,0.0,78.69,174.65
89.08,61.575,9.446,1458.18,0.01,0.28,0.0,78.68,174.63
89.12,61.632,9.457,1457.8,0.01,0.28,0.0,78.68,174.62
89.18,61.718,9.474,1457.23,0.01,0.27,0.0,78.67,174.6
89.24,61.804,9.49,1456.65,0.01,0.27,0.0,78.67,174.59
89.28,61.861,9.502,1456.27,0.01,0.27,0.0,78.66,174.58
89.34,61.947,9.518,1455.7,0.01,0.27,0.0,78.66,174.56
89.38,62.004,9.53,1455.31,0.01,0.26,0.0,78.66,174.55
89.44,62.089,9.546,1454.74,0.01,0.26,0.0,78.65,174.54
89.5,62.175,9.563,1454.17,0.01,0.26,0.0,78.64,174.52
89.54,62.232,9.575,1453.78,0.01,0.26,0.0,78.64,174.51
89.6,62.318,9.591,1453.21,0.01,0.25,0.0,78.63,174.5
89.64,62.375,9.603,1452.83,0.01,0.25,0.0,78.63,174.49
89.68,62.432,9.614,1452.44,0.01,0.25,0.0,78.63,174.48
89.74,62.517,9.631,1451.87,0.01,0.25,0.0,78.62,174.47
89.78,62.574,9.642,1451.49,0.01,0.24,0.0,78.62,174.46
89.84,62.659,9.659,1450.92,0.01,0.24,0.0,78.61,174.45
89.9,62.745,9.675,1450.34,0.01,0.24,0.0,78.61,174.43
89.94,62.802,9.687,1449.96,0.01,0.24,0.0,78.6,174.42
90.0,62.887,9.703,1449.39,0.01,0.23,0.0,78.6,174.41
90.04,62.944,9.715,1449.01,0.01,0.23,0.0,78.59,174.4
90.1,63.029,9.731,1448.43,0.01,0.23,0.0,78.59,174.39
90.14,63.086,9.743,1448.05,0.01,0.23,0.0,78.58,174.39
90.2,63.171,9.76,1447.48,0.01,0.22,0.0,78.58,174.37
90.24,63.228,9.771,1447.1,0.01,0.22,0.0,78.57,174.37
90.3,63.313,9.788,1446.52,0.01,0.22,0.0,78.57,174.36
90.34,63.37,9.799,1446.14,0.01,0.22,0.0,78.56,174.35
90.4,63.455,9.816,1445.57,0.01,0.22,0.0,78.56,174.34
90.44,63.511,9.827,1445.19,0.01,0.21,0.0,78.56,174.33
90.5,63.596,9.844,1444.62,0.01,0.21,0.0,78.55,174.32
90.54,63.653,9.855,1444.23,0.01,0.21,0.0,78.55,174.32
90.6,63.738,9.872,1443.66,0.01,0.21,0.0,78.54,174.31
90.64,63.795,9.883,1443.28,0.01,0.21,0.0,78.53,174.3
90.7,63.879,9.9,1442.71,0.01,0.2,0.0,78.53,174.29
90.76,63.964,9.916,1442.14,0.01,0.2,0.0,78.52,174.28
90.8,64.021,9.928,1441.75,0.01,0.2,0.0,78.52,174.28
90.86,64.106,9.944,1441.18,0.01,0.2,0.0,78.51,174.27
90.9,64.162,9.956,1440.8,0.01,0.19,0.0,78.51,174.26
90.96,64.247,9.972,1440.23,0.01,0.19,0.0,78.5,174.26
91.0,64.303,9.984,1439.85,0.01,0.19,0.0,78.5,174.25
91.06,64.388,10.0,1439.28,0.01,0.19,0.0,78.49,174.24
91.1,64.445,10.012,1438.9,0.01,0.19,0.0,78.49,174.24
91.16,64.529,10.029,1438.32,0.01,0.19,0.0,78.48,174.23
91.2,64.586,10.04,1437.94,0.01,0.18,0.0,78.48,174.23
91.26,64.67,10.057,1437.37,0.01,0.18,0.0,78.47,174.22
91.3,64.726,10.068,1436.99,0.01,0.18,0.0,78.47,174.22
91.36,64.811,10.085,1436.42,0.01,0.18,0.0,78.46,174.21
91.4,64.867,10.096,1436.04,0.01,0.18,0.0,78.46,174.21
91.46,64.952,10.113,1435.47,0.01,0.17,0.0,78.45,174.2
91.5,65.008,10.124,1435.09,0.01,0.17,0.0,78.45,174.2
91.56,65.092,10.141,1434.52,0.01,0.17,0.0,78.44,174.19
91.62,65.177,10.157,1433.94,0.01,0.17,0.0,78.44,174.19
91.66,65.233,10.169,1433.56,0.01,0.17,0.0,78.43,174.19
91.72,65.317,10.185,1432.99,0.01,0.17,0.0,78.42,174.18
91.76,65.373,10.197,1432.61,0.01,0.16,0.0,78.42,174.18
91.82,65.458,10.213,1432.04,0.01,0.16,0.0,78.42,174.17
91.86,65.514,10.225,1431.66,0.01,0.16,0.0,78.41,174.17
91.92,65.598,10.241,1431.09,0.01,0.16,0.0,78.41,174.17
91.96,65.654,10.253,1430.71,0.01,0.16,0.0,78.4,174.16
92.0,65.71,10.264,1430.33,0.01,0.16,0.0,78.4,174.16
92.06,65.794,10.281,1429.76,0.01,0.15,0.0,78.39,174.16
92.12,65.878,10.297,1429.19,0.01,0.15,0.0,78.39,174.16
92.16,65.934,10.309,1428.81,0.01,0.15,0.0,78.38,174.15
92.22,66.018,10.325,1428.24,0.01,0.15,0.0,78.37,174.15
92.26,66.074,10.337,1427.86,0.01,0.15,0.0,78.37,174.15
92.32,66.158,10.353,1427.29,0.01,0.15,0.0,78.37,174.15
92.36,66.214,10.365,1426.91,0.01,0.14,0.0,78.36,174.15
92.42,66.298,10.381,1426.34,0.01,0.14,0.0,78.35,174.14
92.48,66.382,10.398,1425.77,0.01,0.14,0.0,78.35,174.14
92.52,66.438,10.409,1425.39,0.01,0.14,0.0,78.34,174.14
92.58,66.522,10.426,1424.82,0.01,0.14,0.0,78.34,174.14
92.62,66.578,10.437,1424.44,0.01,0.14,0.0,78.33,174.14
92.68,66.661,10.454,1423.87,0.01,0.14,0.0,78.33,174.14
92.72,66.717,10.465,1423.49,0.01,0.13,0.0,78.32,174.14
92.78,66.801,10.482,1422.92,0.01,0.13,0.0,78.32,174.14
92.82,66.857,10.493,1422.54,0.01,0.13,0.0,78.31,174.13
92.88,66.94,10.51,1421.97,0.01,0.13,0.0,78.31,174.13
92.92,66.996,10.521,1421.59,0.01,0.13,0.0,78.3,174.13
92.98,67.079,10.538,1421.02,0.01,0.13,0.0,78.3,174.13
93.02,67.135,10.549,1420.64,0.01,0.13,0.0,78.29,174.13
93.08,67.219,10.566,1420.07,0.01,0.12,0.0,78.29,174.13
93.12,67.274,10.577,1419.69,0.01,0.12,0.0,78.28,174.13
93.18,67.358,10.594,1419.12,0.01,0.12,0.0,78.27,174.13
93.22,67.413,10.605,1418.74,0.01,0.12,0.0,78.27,174.13
93.28,67.497,10.622,1418.17,0.01,0.12,0.0,78.27,174.13
93.34,67.58,10.639,1417.6,0.01,0.12,0.0,78.26,174.14
93.38,67.636,10.65,1417.22,0.01,0.12,0.0,78.25,174.14
93.44,67.719,10.667,1416.65,0.01,0.12,0.0,78.25,174.14
93.48,67.775,10.678,1416.28,0.01,0.11,0.0,78.24,174.14
93.54,67.858,10.695,1415.71,0.01,0.11,0.0,78.24,174.14
93.58,67.913,10.706,1415.33,0.01,0.11,0.0,78.23,174.14
93.64,67.996,10.723,1414.76,0.01,0.11,0.0,78.23,174.14
93.68,68.052,10.734,1414.38,0.01,0.11,0.0,78.22,174.14
93.74,68.135,10.751,1413.81,0.01,0.11,0.0,78.22,174.14
93.78,68.19,10.756,1413.43,0.01,0.11,0.0,78.21,174.15
93.82,68.246,10.768,1413.05,0.01,0.11,0.0,78.21,174.15
93.88,68.329,10.784,1412.48,0.01,0.11,0.0,78.2,174.15
93.94,68.412,10.801,1411.91,0.01,0.1,0.0,78.2,174.15
93.98,68.467,10.812,1411.54,0.01,0.1,0.0,78.19,174.15
94.04,68.55,10.829,1410.97,0.01,0.1,0.0,78.19,174.16
94.08,68.605,10.84,1410.59,0.01,0.1,0.0,78.18,174.16
94.14,68.688,10.857,1410.02,0.01,0.1,0.0,78.18,174.16
94.18,68.744,10.868,1409.64,0.01,0.1,0.0,78.17,174.16
94.24,68.826,10.885,1409.07,0.01,0.1,0.0,78.17,174.17
94.28,68.882,10.896,1408.69,0.01,0.1,0.0,78.16,174.17
94.34,68.964,10.913,1408.13,0.01,0.1,0.0,78.15,174.17
94.38,69.02,10.924,1407.75,0.01,0.09,0.0,78.15,174.17
94.44,69.102,10.941,1407.18,0.01,0.09,0.0,78.14,174.18
94.5,69.185,10.958,1406.61,0.01,0.09,0.0,78.14,174.18
94.54,69.24,10.969,1406.23,0.01,0.09,0.0,78.13,174.18
94.58,69.295,10.98,1405.85,0.01,0.09,0.0,78.13,174.18
94.64,69.378,10.997,1405.29,0.01,0.09,0.0,78.12,174.19
94.68,69.433,11.008,1404.91,0.01,0.09,0.0,78.12,174.19
94.74,69.515,11.025,1404.34,0.01,0.09,0.0,78.11,174.2
94.8,69.598,11.042,1403.77,0.01,0.09,0.0,78.11,174.2
94.84,69.653,11.053,1403.39,0.01,0.09,0.0,78.1,174.2
94.88,69.708,11.064,1403.01,0.01,0.08,0.0,78.1,174.21
94.94,69.79,11.081,1402.45,0.01,0.08,0.0,78.09,174.21
95.0,69.873,11.098,1401.88,0.01,0.08,0.0,78.09,174.22
95.04,69.928,11.109,1401.5,0.01,0.08,0.0,78.08,174.22
95.1,70.01,11.126,1400.93,0.01,0.08,0.0,78.08,174.22
95.14,70.065,11.137,1400.56,0.01,0.08,0.0,78.07,174.23
95.18,70.12,11.148,1400.18,0.01,0.08,0.0,78.07,174.23
95.24,70.202,11.165,1399.61,0.01,0.08,0.0,78.06,174.23
95.3,70.284,11.182,1399.04,0.01,0.08,0.0,78.05,174.24
95.34,70.339,11.193,1398.66,0.01,0.08,0.0,78.05,174.24
95.38,70.394,11.204,1398.29,0.01,0.08,0.0,78.05,174.25
95.44,70.476,11.221,1397.72,0.01,0.08,0.0,78.04,174.25
95.5,70.558,11.237,1397.15,0.01,0.07,0.0,78.03,174.26
95.54,70.613,11.249,1396.77,0.01,0.07,0.0,78.03,174.26
95.6,70.695,11.271,1396.21,0.01,0.07,0.0,78.02,174.27
95.64,70.749,11.282,1395.83,0.01,0.07,0.0,78.02,174.27
95.7,70.831,11.299,1395.26,0.01,0.07,0.0,78.01,174.28
95.74,70.886,11.31,1394.88,0.01,0.07,0.0,78.01,174.28
95.8,70.968,11.327,1394.32,0.01,0.07,0.0,78.0,174.29
95.84,71.022,11.338,1393.94,0.01,0.07,0.0,78.0,174.29
95.9,71.104,11.355,1393.37,0.01,0.07,0.0,77.99,174.3
95.94,71.159,11.366,1392.99,0.01,0.07,0.0,77.99,174.3
96.0,71.241,11.383,1392.43,0.01,0.07,0.0,77.98,174.31
96.06,71.323,11.4,1391.86,0.01,0.07,0.0,77.97,174.32
96.12,71.404,11.416,1391.29,0.01,0.06,0.0,77.97,174.32
96.16,71.459,11.428,1390.92,0.01,0.06,0.0,77.96,174.33
96.2,71.513,11.439,1390.54,0.01,0.06,0.0,77.96,174.33
96.26,71.595,11.455,1389.97,0.01,0.06,0.0,77.95,174.34
96.3,71.649,11.467,1389.6,0.01,0.06,0.0,77.95,174.34
96.36,71.731,11.483,1389.03,0.01,0.06,0.0,77.94,174.35
96.42,71.813,11.5,1388.46,0.01,0.06,0.0,77.94,174.36
96.48,71.894,11.517,1387.9,0.01,0.06,0.0,77.93,174.37
96.52,71.948,11.523,1387.52,0.01,0.06,0.0,77.93,174.37
96.56,72.003,11.534,1387.14,0.01,0.06,0.0,77.92,174.37
96.62,72.084,11.551,1386.57,0.01,0.06,0.0,77.92,174.38
96.66,72.138,11.562,1386.2,0.01,0.06,0.0,77.91,174.38
96.72,72.22,11.578,1385.63,0.01,0.06,0.0,77.91,174.39
96.78,72.301,11.595,1385.07,0.01,0.06,0.0,77.9,174.4
96.82,72.355,11.606,1384.69,0.01,0.06,0.0,77.9,174.4
96.86,72.41,11.618,1384.31,0.01,0.06,0.0,77.89,174.41
96.92,72.491,11.634,1383.74,0.01,0.05,0.0,77.89,174.42
96.96,72.545,11.646,1383.37,0.01,0.05,0.0,77.88,174.42
97.02,72.626,11.662,1382.8,0.01,0.05,0.0,77.88,174.43
97.08,72.708,11.679,1382.24,0.01,0.05,0.0,77.87,174.44
97.12,72.762,11.69,1381.86,0.01,0.05,0.0,77.87,174.44
97.16,72.816,11.701,1381.48,0.01,0.05,0.0,77.86,174.45
97.22,72.897,11.718,1380.92,0.01,0.05,0.0,77.85,174.46
97.28,72.978,11.735,1380.35,0.01,0.05,0.0,77.85,174.46
97.32,73.032,11.746,1379.97,0.0,0.05,0.0,77.84,174.47
97.38,73.113,11.763,1379.41,0.0,0.05,0.0,77.84,174.48
97.42,73.167,11.774,1379.03,0.0,0.05,0.0,77.83,174.48
97.46,73.221,11.785,1378.65,0.0,0.05,0.0,77.83,174.49
97.52,73.302,11.802,1378.09,0.0,0.05,0.0,77.82,174.5
97.58,73.383,11.819,1377.52,0.0,0.05,0.0,77.82,174.51
97.62,73.437,11.83,1377.14,0.0,0.05,0.0,77.81,174.51
97.68,73.518,11.847,1376.58,0.0,0.05,0.0,77.81,174.52
97.72,73.571,11.858,1376.2,0.0,0.05,0.0,77.8,174.53
97.76,73.625,11.869,1375.83,0.0,0.05,0.0,77.8,174.53
97.82,73.706,11.886,1375.26,0.0,0.04,0.0,77.79,174.54
97.88,73.787,11.903,1374.69,0.0,0.04,0.0,77.79,174.55
97.92,73.841,11.914,1374.32,0.0,0.04,0.0,77.78,174.55
97.98,73.921,11.93,1373.75,0.0,0.04,0.0,77.78,174.56
98.02,73.975,11.942,1373.38,0.0,0.04,0.0,77.77,174.57
98.08,74.056,11.958,1372.81,0.0,0.04,0.0,77.77,174.58
98.12,74.109,11.97,1372.43,0.0,0.04,0.0,77.76,174.58
98.18,74.19,11.986,1371.87,0.0,0.04,0.0,77.76,174.59
98.22,74.244,11.997,1371.49,0.0,0.04,0.0,77.75,174.6
98.28,74.324,12.014,1370.93,0.0,0.04,0.0,77.75,174.61
98.32,74.378,12.025,1370.55,0.0,0.04,0.0,77.74,174.61
98.38,74.458,12.042,1369.99,0.0,0.04,0.0,77.74,174.62
98.42,74.512,12.053,1369.61,0.0,0.04,0.0,77.73,174.63
98.48,74.592,12.07,1369.04,0.0,0.04,0.0,77.73,174.64
98.54,74.673,12.087,1368.48,0.0,0.04,0.0,77.72,174.65
98.58,74.726,12.098,1368.1,0.0,0.04,0.0,77.71,174.65
98.64,74.806,12.115,1367.54,0.0,0.04,0.0,77.71,174.66
98.68,74.86,12.126,1367.16,0.0,0.04,0.0,77.7,174.67
98.72,74.913,12.137,1366.78,0.0,0.04,0.0,77.7,174.67
98.78,74.994,12.154,1366.22,0.0,0.04,0.0,77.69,174.68
98.84,75.074,12.171,1365.65,0.0,0.04,0.0,77.69,174.69
98.88,75.127,12.182,1365.28,0.0,0.04,0.0,77.68,174.7
98.94,75.207,12.199,1364.71,0.0,0.04,0.0,77.68,174.71
98.98,75.261,12.21,1364.34,0.0,0.03,0.0,77.67,174.71
99.02,75.314,12.221,1363.96,0.0,0.03,0.0,77.67,174.72
99.08,75.394,12.238,1363.4,0.0,0.03,0.0,77.66,174.73
99.14,75.474,12.254,1362.83,0.0,0.03,0.0,77.66,174.74
99.18,75.528,12.266,1362.46,0.0,0.03,0.0,77.65,174.75
99.24,75.607,12.282,1361.89,0.0,0.03,0.0,77.65,174.76
99.28,75.661,12.293,1361.51,0.0,0.03,0.0,77.64,174.76
99.32,75.714,12.305,1361.14,0.0,0.03,0.0,77.64,174.77
99.38,75.794,12.321,1360.57,0.0,0.03,0.0,77.63,174.78
99.44,75.874,12.338,1360.01,0.0,0.03,0.0,77.63,174.79
99.48,75.927,12.349,1359.63,0.0,0.03,0.0,77.62,174.79
99.54,76.007,12.366,1359.07,0.0,0.03,0.0,77.62,174.8
99.58,76.06,12.377,1358.69,0.0,0.03,0.0,77.61,174.81
99.64,76.14,12.394,1358.13,0.0,0.03,0.0,77.61,174.82
99.68,76.193,12.405,1357.75,0.0,0.03,0.0,77.6,174.83
99.74,76.272,12.422,1357.19,0.0,0.03,0.0,77.6,174.84
99.8,76.352,12.439,1356.62,0.0,0.03,0.0,77.59,174.85
99.84,76.405,12.45,1356.25,0.0,0.03,0.0,77.59,174.85
99.88,76.458,12.461,1355.87,0.0,0.03,0.0,77.58,174.86
99.94,76.538,12.478,1355.31,0.0,0.03,0.0,77.58,174.87
99.98,76.591,12.489,1354.93,0.0,0.03,0.0,77.57,174.88
100.04,76.67,12.506,1354.37,0.0,0.03,0.0,77.57,174.89
100.08,76.723,12.522,1353.99,0.0,0.03,0.0,77.56,174.9
100.14,76.803,12.539,1353.43,0.0,0.03,0.0,77.55,174.91
100.2,76.882,12.556,1352.86,0.0,0.03,0.0,77.55,174.92
100.24,76.935,12.567,1352.49,0.0,0.03,0.0,77.55,174.92
100.3,77.014,12.584,1351.93,0.0,0.03,0.0,77.54,174.93
100.34,77.067,12.595,1351.55,0.0,0.03,0.0,77.53,174.94
100.4,77.146,12.612,1350.99,0.0,0.03,0.0,77.53,174.95
100.44,77.199,12.623,1350.61,0.0,0.03,0.0,77.53,174.96
100.5,77.278,12.639,1350.05,0.0,0.03,0.0,77.52,174.97
100.54,77.331,12.651,1349.67,0.0,0.02,0.0,77.51,174.97
100.6,77.41,12.667,1349.11,0.0,0.02,0.0,77.51,174.98
100.64,77.463,12.673,1348.73,0.0,0.02,0.0,77.51,174.99
100.7,77.542,12.69,1348.17,0.0,0.02,0.0,77.5,175.0
100.74,77.595,12.701,1347.79,0.0,0.02,0.0,77.5,175.01
100.8,77.674,12.718,1347.23,0.0,0.02,0.0,77.49,175.02
100.84,77.727,12.729,1346.85,0.0,0.02,0.0,77.49,175.02
100.9,77.806,12.745,1346.29,0.0,0.02,0.0,77.48,175.03
100.94,77.858,12.757,1345.91,0.0,0.02,0.0,77.48,175.04
101.0,77.937,12.773,1345.35,0.0,0.02,0.0,77.47,175.05
101.06,78.016,12.79,1344.79,0.0,0.02,0.0,77.46,175.06
101.1,78.069,12.801,1344.41,0.0,0.02,0.0,77.46,175.07
101.14,78.121,12.812,1344.04,0.0,0.02,0.0,77.46,175.07
101.2,78.2,12.829,1343.47,0.0,0.02,0.0,77.45,175.08
101.26,78.279,12.846,1342.91,0.0,0.02,0.0,77.44,175.09
101.3,78.331,12.857,1342.53,0.0,0.02,0.0,77.44,175.1
101.34,78.384,12.868,1342.16,0.0,0.02,0.0,77.44,175.11
101.4,78.463,12.885,1341.6,0.0,0.02,0.0,77.43,175.12
101.46,78.541,12.902,1341.03,0.0,0.02,0.0,77.42,175.13
101.5,78.594,12.913,1340.66,0.0,0.02,0.0,77.42,175.14
101.56,78.672,12.93,1340.09,0.0,0.02,0.0,77.41,175.15
101.6,78.725,12.941,1339.72,0.0,0.02,0.0,77.41,175.15
101.64,78.777,12.952,1339.34,0.0,0.02,0.0,77.41,175.16
101.7,78.856,12.969,1338.78,0.0,0.02,0.0,77.4,175.17
101.76,78.934,12.985,1338.22,0.0,0.02,0.0,77.39,175.18
101.8,78.986,12.996,1337.84,0.0,0.02,0.0,77.39,175.19
101.86,79.065,13.013,1337.28,0.0,0.02,0.0,77.38,175.2
101.9,79.117,13.024,1336.9,0.0,0.02,0.0,77.38,175.21
101.96,79.195,13.041,1336.34,0.0,0.02,0.0,77.37,175.22
102.0,79.248,13.052,1335.97,0.0,0.02,0.0,77.37,175.22
102.06,79.326,13.069,1335.4,0.0,0.02,0.0,77.36,175.23
102.1,79.378,13.08,1335.03,0.0,0.02,0.0,77.36,175.24
102.16,79.456,13.097,1334.47,0.0,0.02,0.0,77.35,175.25
102.2,79.509,13.108,1334.09,0.0,0.02,0.0,77.35,175.26
102.26,79.587,13.125,1333.53,0.0,0.02,0.0,77.34,175.27
102.3,79.639,13.136,1333.15,0.0,0.02,0.0,77.34,175.28
102.36,79.717,13.153,1332.59,0.0,0.02,0.0,77.33,175.29
102.4,79.769,13.164,1332.21,0.0,0.02,0.0,77.33,175.29
102.46,79.847,13.186,1331.65,0.0,0.02,0.0,77.32,175.31
102.5,79.899,13.197,1331.28,0.0,0.02,0.0,77.32,175.32
102.56,79.977,13.214,1330.72,0.0,0.02,0.0,77.31,175.33
102.62,80.055,13.231,1330.15,0.0,0.02,0.0,77.31,175.34
102.66,80.107,13.236,1329.78,0.0,0.02,0.0,77.3,175.34
102.7,80.159,13.247,1329.4,0.0,0.02,0.0,77.3,175.35
102.76,80.237,13.264,1328.84,0.0,0.02,0.0,77.29,175.36
102.8,80.289,13.275,1328.47,0.0,0.02,0.0,77.29,175.37
102.86,80.367,13.292,1327.9,0.0,0.02,0.0,77.28,175.38
102.92,80.445,13.309,1327.34,0.0,0.01,0.0,77.28,175.39
102.96,80.497,13.32,1326.97,0.0,0.01,0.0,77.27,175.39
103.02,80.575,13.337,1326.4,0.0,0.01,0.0,77.27,175.4
103.06,80.626,13.348,1326.03,0.0,0.01,0.0,77.26,175.41
103.12,80.704,13.364,1325.47,0.0,0.01,0.0,77.26,175.42
103.16,80.756,13.376,1325.09,0.0,0.01,0.0,77.25,175.43
103.22,80.834,13.392,1324.53,0.0,0.01,0.0,77.25,175.44
103.26,80.885,13.404,1324.16,0.0,0.01,0.0,77.24,175.45
103.32,80.963,13.42,1323.59,0.0,0.01,0.0,77.24,175.46
103.36,81.015,13.431,1323.22,0.0,0.01,0.0,77.23,175.47
103.4,81.066,13.443,1322.84,0.0,0.01,0.0,77.23,175.47
103.46,81.144,13.459,1322.28,0.0,0.01,0.0,77.22,175.48
103.52,81.221,13.476,1321.72,0.0,0.01,0.0,77.22,175.49
103.56,81.273,13.487,1321.35,0.0,0.01,0.0,77.21,175.5
103.62,81.35,13.504,1320.78,0.0,0.01,0.0,77.21,175.51
103.66,81.402,13.515,1320.41,0.0,0.01,0.0,77.2,175.52
103.72,81.479,13.532,1319.85,0.0,0.01,0.0,77.2,175.53
103.76,81.531,13.543,1319.47,0.0,0.01,0.0,77.19,175.54
103.82,81.608,13.56,1318.91,0.0,0.01,0.0,77.19,175.55
103.86,81.66,13.571,1318.54,0.0,0.01,0.0,77.18,175.55
103.92,81.737,13.587,1317.98,0.0,0.01,0.0,77.18,175.57
103.98,81.814,13.604,1317.41,0.0,0.01,0.0,77.17,175.58
104.02,81.866,13.615,1317.04,0.0,0.01,0.0,77.17,175.58
104.08,81.943,13.632,1316.48,0.0,0.01,0.0,77.16,175.59
104.12,81.994,13.643,1316.1,0.0,0.01,0.0,77.16,175.6
104.16,82.046,13.654,1315.73,0.0,0.01,0.0,77.15,175.61
104.22,82.123,13.671,1315.17,0.0,0.01,0.0,77.15,175.62
104.28,82.2,13.688,1314.61,0.0,0.01,0.0,77.14,175.63
104.32,82.251,13.699,1314.23,0.0,0.01,0.0,77.14,175.64
104.32,82.277,13.71,1313.86,0.0,0.01,0.0,77.13,175.64
