met,altitude_km,velocity_ms,dynamic_pressure_kpa,thrust_kn,pitch_deg,booster_active,booster_alt_km,booster_vel_ms,booster_thrust_kn
0.0,0.24,0.0,0.0,0.0,90.0,0,0.0,0.0,0.0
0.0,0.24,0.0,0.0,0.0,90.0,0,0.0,0.0,0.0
0.0,0.24,0.0,0.0,0.0,90.0,0,0.0,0.0,0.0
0.0,0.24,0.0,0.0,0.0,90.0,0,0.0,0.0,0.0
0.0,0.24,0.0,0.0,0.0,90.0,0,0.0,0.0,0.0
0.0,0.24,0.0,0.0,0.0,90.0,0,0.0,0.0,0.0
0.0,0.24,0.0,0.0,0.0,90.0,0,0.0,0.0,0.0
0.0,0.24,0.0,0.0,0.0,90.0,0,0.0,0.0,0.0
0.0,0.24,0.0,0.0,0.0,90.0,0,0.0,0.0,0.0
0.0,0.24,0.0,0.0,0.0,90.0,0,0.0,0.0,0.0
0.0,0.24,0.0,0.0,0.0,90.0,0,0.0,0.0,0.0
0.0,0.24,0.0,0.0,0.0,90.0,0,0.0,0.0,0.0
0.0,0.24,0.0,0.0,0.1,90.0,0,0.0,0.0,0.0
0.0,0.24,0.0,0.0,0.1,90.0,0,0.0,0.0,0.0
0.0,0.24,0.0,0.0,0.1,90.0,0,0.0,0.0,0.0
0.0,0.24,0.0,0.0,0.1,90.0,0,0.0,0.0,0.0
0.0,0.24,0.0,0.0,0.1,90.0,0,0.0,0.0,0.0
0.0,0.24,0.0,0.0,0.1,90.0,0,0.0,0.0,0.0
0.0,0.24,0.0,0.0,0.1,90.0,0,0.0,0.0,0.0
0.0,0.24,0.0,0.0,0.1,90.0,0,0.0,0.0,0.0
0.0,0.24,0.0,0.0,0.1,90.0,0,0.0,0.0,0.0
0.0,0.24,0.0,0.0,0.2,90.0,0,0.0,0.0,0.0
0.0,0.24,0.0,0.0,0.2,90.0,0,0.0,0.0,0.0
0.0,0.24,0.0,0.0,0.2,90.0,0,0.0,0.0,0.0
0.0,0.24,0.0,0.0,0.2,90.0,0,0.0,0.0,0.0
0.0,0.24,0.0,0.0,0.2,90.0,0,0.0,0.0,0.0
0.0,0.24,0.0,0.0,0.3,90.0,0,0.0,0.0,0.0
0.0,0.24,0.0,0.0,0.3,90.0,0,0.0,0.0,0.0
0.0,0.24,0.0,0.0,0.4,90.0,0,0.0,0.0,0.0
0.0,0.24,0.0,0.0,0.4,90.0,0,0.0,0.0,0.0
0.0,0.24,0.0,0.0,0.4,90.0,0,0.0,0.0,0.0
0.0,0.24,0.0,0.0,0.5,90.0,0,0.0,0.0,0.0
0.0,0.24,0.0,0.0,0.5,90.0,0,0.0,0.0,0.0
0.0,0.24,0.0,0.0,0.6,90.0,0,0.0,0.0,0.0
0.0,0.24,0.0,0.0,0.7,90.0,0,0.0,0.0,0.0
0.0,0.24,0.0,0.0,0.7,90.0,0,0.0,0.0,0.0
0.0,0.24,0.0,0.0,0.8,90.0,0,0.0,0.0,0.0
0.0,0.24,0.0,0.0,1.0,90.0,0,0.0,0.0,0.0
0.0,0.24,0.0,0.0,1.1,90.0,0,0.0,0.0,0.0
0.0,0.24,0.0,0.0,1.2,90.0,0,0.0,0.0,0.0
0.0,0.24,0.0,0.0,1.3,90.0,0,0.0,0.0,0.0
0.0,0.24,0.0,0.0,1.5,90.0,0,0.0,0.0,0.0
0.0,0.24,0.0,0.0,16.7,90.0,0,0.0,0.0,0.0
0.0,0.24,0.0,0.0,38.8,90.0,0,0.0,0.0,0.0
0.0,0.24,0.0,0.0,57.6,90.0,0,0.0,0.0,0.0
0.0,0.24,0.0,0.0,91.9,90.0,0,0.0,0.0,0.0
0.0,0.24,0.0,0.0,125.2,90.0,0,0.0,0.0,0.0
0.0,0.24,0.0,0.0,144.6,89.98,0,0.0,0.0,0.0
0.0,0.24,0.0,0.0,161.8,90.0,0,0.0,0.0,0.0
0.0,0.24,0.0,0.0,183.1,90.0,0,0.0,0.0,0.0
0.0,0.24,0.0,0.0,194.3,90.0,0,0.0,0.0,0.0
0.0,0.24,0.0,0.0,206.8,90.0,0,0.0,0.0,0.0
0.0,0.24,0.0,0.0,213.5,90.0,0,0.0,0.0,0.0
0.0,0.24,0.0,0.0,221.6,90.0,0,0.0,0.0,0.0
0.0,0.24,0.0,0.0,226.9,90.0,0,0.0,0.0,0.0
0.0,0.24,0.0,0.0,229.2,90.0,0,0.0,0.0,0.0
0.0,0.24,0.0,0.0,232.8,90.0,0,0.0,0.0,0.0
0.0,0.24,0.0,0.0,234.3,90.0,0,0.0,0.0,0.0
0.0,0.24,0.0,0.0,235.8,90.0,0,0.0,0.0,0.0
0.0,0.24,0.0,0.0,236.0,90.0,0,0.0,0.0,0.0
0.0,0.24,0.0,0.0,236.9,90.0,0,0.0,0.0,0.0
0.0,0.24,0.0,0.0,237.7,90.0,0,0.0,0.0,0.0
0.0,0.24,0.0,0.0,238.6,90.0,0,0.0,0.0,0.0
0.0,0.24,0.0,0.0,239.8,90.0,0,0.0,0.0,0.0
0.0,0.24,0.0,0.0,240.0,90.0,0,0.0,0.0,0.0
0.0,0.24,0.0,0.0,239.6,90.0,0,0.0,0.0,0.0
0.0,0.24,0.0,0.0,239.6,90.0,0,0.0,0.0,0.0
0.0,0.24,0.0,0.0,239.8,90.0,0,0.0,0.0,0.0
0.0,0.24,0.0,0.0,240.0,90.0,0,0.0,0.0,0.0
0.0,0.24,0.0,0.0,240.4,90.0,0,0.0,0.0,0.0
0.0,0.24,0.0,0.0,239.6,90.0,0,0.0,0.0,0.0
0.0,0.241,0.34,0.0,240.0,90.0,0,0.0,0.0,0.0
0.0,0.241,0.86,0.0,239.7,89.98,0,0.0,0.0,0.0
0.0,0.241,1.2,0.0,240.3,90.0,0,0.0,0.0,0.0
0.0,0.241,1.55,0.0,240.0,90.0,0,0.0,0.0,0.0
0.0,0.241,2.06,0.0,239.9,90.0,0,0.0,0.0,0.0
0.0,0.241,2.4,0.0,239.8,90.0,0,0.0,0.0,0.0
0.04,0.241,2.92,0.0,240.1,90.0,0,0.0,0.0,0.0
0.08,0.242,3.27,0.0,239.4,90.0,0,0.0,0.0,0.0
0.14,0.242,3.79,0.0,240.4,90.0,0,0.0,0.0,0.0
0.2,0.242,4.31,0.01,240.1,90.0,0,0.0,0.0,0.0
0.24,0.242,4.65,0.01,239.8,90.0,0,0.0,0.0,0.0
0.3,0.243,5.17,0.01,239.6,90.0,0,0.0,0.0,0.0
0.34,0.243,5.52,0.01,239.9,90.0,0,0.0,0.0,0.0
0.4,0.243,6.04,0.02,239.5,90.0,0,0.0,0.0,0.0
0.44,0.243,6.39,0.02,239.8,90.0,0,0.0,0.0,0.0
0.5,0.244,6.91,0.02,240.2,90.0,0,0.0,0.0,0.0
0.54,0.244,7.26,0.02,240.3,90.0,0,0.0,0.0,0.0
0.6,0.245,7.79,0.03,240.1,90.0,0,0.0,0.0,0.0
0.64,0.245,8.14,0.03,240.0,90.0,0,0.0,0.0,0.0
0.7,0.245,8.66,0.04,239.6,90.0,0,0.0,0.0,0.0
0.74,0.246,9.01,0.04,240.2,90.0,0,0.0,0.0,0.0
0.8,0.246,9.53,0.05,239.9,90.0,0,0.0,0.0,0.0
0.84,0.247,9.88,0.05,239.7,89.97,0,0.0,0.0,0.0
0.9,0.247,10.41,0.06,240.2,90.0,0,0.0,0.0,0.0
0.9,0.247,10.41,0.06,240.2,90.0,0,0.0,0.0,0.0
0.96,0.248,10.94,0.06,240.6,90.0,0,0.0,0.0,0.0
1.02,0.249,11.47,0.07,240.1,90.0,0,0.0,0.0,0.0
1.08,0.249,11.99,0.08,240.3,90.0,0,0.0,0.0,0.0
1.12,0.25,12.35,0.08,240.5,89.97,0,0.0,0.0,0.0
1.16,0.25,12.7,0.09,240.4,90.0,0,0.0,0.0,0.0
1.22,0.251,13.23,0.1,239.9,89.98,0,0.0,0.0,0.0
1.28,0.252,13.76,0.11,239.7,90.0,0,0.0,0.0,0.0
1.32,0.252,14.11,0.11,239.7,90.0,0,0.0,0.0,0.0
1.38,0.253,14.65,0.12,239.5,89.98,0,0.0,0.0,0.0
1.42,0.254,15.0,0.13,240.5,89.96,0,0.0,0.0,0.0
1.48,0.255,15.53,0.14,240.4,89.97,0,0.0,0.0,0.0
1.54,0.256,16.07,0.15,240.1,89.97,0,0.0,0.0,0.0
1.58,0.256,16.42,0.15,240.5,89.96,0,0.0,0.0,0.0
1.62,0.257,16.78,0.16,240.2,89.96,0,0.0,0.0,0.0
1.68,0.258,17.32,0.17,239.8,89.96,0,0.0,0.0,0.0
1.74,0.259,17.85,0.18,240.6,89.96,0,0.0,0.0,0.0
1.78,0.26,18.21,0.19,240.1,89.96,0,0.0,0.0,0.0
1.82,0.261,18.57,0.2,240.0,89.95,0,0.0,0.0,0.0
1.88,0.262,19.1,0.21,239.7,89.96,0,0.0,0.0,0.0
1.92,0.263,19.46,0.22,240.5,89.95,0,0.0,0.0,0.0
1.98,0.264,20.0,0.23,240.4,89.95,0,0.0,0.0,0.0
2.04,0.265,20.54,0.25,240.4,89.94,0,0.0,0.0,0.0
2.08,0.266,20.9,0.26,240.7,89.94,0,0.0,0.0,0.0
2.12,0.267,21.26,0.27,240.2,89.94,0,0.0,0.0,0.0
2.18,0.268,21.8,0.28,239.8,89.94,0,0.0,0.0,0.0
2.24,0.269,22.34,0.3,240.2,89.94,0,0.0,0.0,0.0
2.28,0.27,22.7,0.31,240.0,89.94,0,0.0,0.0,0.0
2.32,0.271,23.06,0.32,239.9,89.93,0,0.0,0.0,0.0
2.38,0.273,23.61,0.33,240.4,89.93,0,0.0,0.0,0.0
2.44,0.274,24.15,0.35,240.3,89.93,0,0.0,0.0,0.0
2.48,0.275,24.51,0.36,240.4,89.93,0,0.0,0.0,0.0
2.52,0.276,24.87,0.37,239.9,89.93,0,0.0,0.0,0.0
2.58,0.277,25.42,0.39,240.2,89.92,0,0.0,0.0,0.0
2.64,0.279,25.97,0.41,240.4,89.91,0,0.0,0.0,0.0
2.68,0.28,26.33,0.42,240.7,89.92,0,0.0,0.0,0.0
2.72,0.281,26.7,0.43,240.4,89.91,0,0.0,0.0,0.0
2.78,0.283,27.24,0.45,240.2,89.91,0,0.0,0.0,0.0
2.84,0.284,27.79,0.47,240.0,89.91,0,0.0,0.0,0.0
2.88,0.286,28.16,0.48,240.6,89.9,0,0.0,0.0,0.0
2.94,0.287,28.71,0.5,240.7,89.9,0,0.0,0.0,0.0
2.98,0.288,29.07,0.51,240.1,89.9,0,0.0,0.0,0.0
3.04,0.29,29.62,0.53,239.9,89.89,0,0.0,0.0,0.0
3.08,0.291,29.99,0.55,239.8,89.89,0,0.0,0.0,0.0
3.14,0.293,30.54,0.57,240.0,89.89,0,0.0,0.0,0.0
3.18,0.294,30.91,0.58,240.3,89.88,0,0.0,0.0,0.0
3.24,0.296,31.46,0.6,240.3,89.88,0,0.0,0.0,0.0
3.28,0.298,31.83,0.62,240.5,89.88,0,0.0,0.0,0.0
3.34,0.299,32.39,0.64,240.8,89.87,0,0.0,0.0,0.0
3.38,0.301,32.76,0.66,240.6,89.87,0,0.0,0.0,0.0
3.44,0.303,33.31,0.68,240.4,89.87,0,0.0,0.0,0.0
3.48,0.304,33.68,0.69,239.8,89.86,0,0.0,0.0,0.0
3.54,0.306,34.24,0.72,240.7,89.86,0,0.0,0.0,0.0
3.6,0.308,34.8,0.74,240.6,89.85,0,0.0,0.0,0.0
3.64,0.31,35.17,0.76,240.1,89.85,0,0.0,0.0,0.0
3.68,0.311,35.54,0.78,240.5,89.85,0,0.0,0.0,0.0
3.74,0.313,36.1,0.8,240.3,89.85,0,0.0,0.0,0.0
3.8,0.315,36.66,0.83,240.6,89.84,0,0.0,0.0,0.0
3.84,0.317,37.03,0.84,240.3,89.84,0,0.0,0.0,0.0
3.9,0.319,37.59,0.87,240.9,89.83,0,0.0,0.0,0.0
3.94,0.321,37.97,0.89,240.3,89.83,0,0.0,0.0,0.0
4.0,0.323,38.53,0.91,240.3,89.83,0,0.0,0.0,0.0
4.04,0.324,38.9,0.93,240.4,89.82,0,0.0,0.0,0.0
4.08,0.326,39.28,0.95,240.9,89.81,0,0.0,0.0,0.0
4.14,0.328,39.84,0.98,240.3,89.81,0,0.0,0.0,0.0
4.2,0.331,40.41,1.01,240.1,89.81,0,0.0,0.0,0.0
4.24,0.332,40.78,1.03,240.3,89.8,0,0.0,0.0,0.0
4.28,0.334,41.16,1.05,240.9,89.8,0,0.0,0.0,0.0
4.34,0.337,41.72,1.08,240.4,89.79,0,0.0,0.0,0.0
4.4,0.339,42.29,1.11,241.2,89.79,0,0.0,0.0,0.0
4.44,0.341,42.67,1.13,240.8,89.78,0,0.0,0.0,0.0
4.5,0.343,43.24,1.16,240.8,89.77,0,0.0,0.0,0.0
4.54,0.345,43.62,1.18,241.1,89.77,0,0.0,0.0,0.0
4.6,0.348,44.19,1.21,240.4,89.77,0,0.0,0.0,0.0
4.64,0.35,44.57,1.23,240.2,89.76,0,0.0,0.0,0.0
4.7,0.352,45.14,1.26,241.2,89.75,0,0.0,0.0,0.0
4.74,0.354,45.52,1.28,241.2,89.75,0,0.0,0.0,0.0
4.8,0.357,46.09,1.32,240.7,89.74,0,0.0,0.0,0.0
4.84,0.359,46.47,1.34,241.0,89.74,0,0.0,0.0,0.0
4.9,0.362,47.04,1.37,241.3,89.73,0,0.0,0.0,0.0
4.96,0.364,47.62,1.41,240.9,89.72,0,0.0,0.0,0.0
5.0,0.366,48.0,1.43,240.1,89.72,0,0.0,0.0,0.0
5.04,0.368,48.38,1.45,240.7,89.71,0,0.0,0.0,0.0
5.1,0.371,48.96,1.49,240.9,89.71,0,0.0,0.0,0.0
5.16,0.374,49.53,1.52,241.0,89.69,0,0.0,0.0,0.0
5.2,0.376,49.92,1.55,241.2,89.69,0,0.0,0.0,0.0
5.24,0.378,50.3,1.57,240.7,89.68,0,0.0,0.0,0.0
5.3,0.381,50.88,1.61,240.7,89.68,0,0.0,0.0,0.0
5.36,0.384,51.46,1.64,240.3,89.67,0,0.0,0.0,0.0
5.4,0.386,51.84,1.67,240.4,89.66,0,0.0,0.0,0.0
5.44,0.388,52.23,1.69,240.7,89.66,0,0.0,0.0,0.0
5.5,0.392,52.81,1.73,240.8,89.64,0,0.0,0.0,0.0
5.56,0.395,53.39,1.77,240.3,89.63,0,0.0,0.0,0.0
5.6,0.397,53.77,1.79,240.8,89.63,0,0.0,0.0,0.0
5.64,0.399,54.16,1.82,240.6,89.62,0,0.0,0.0,0.0
5.7,0.402,54.74,1.86,240.6,89.61,0,0.0,0.0,0.0
5.76,0.406,55.33,1.9,240.4,89.6,0,0.0,0.0,0.0
5.8,0.408,55.72,1.93,241.2,89.59,0,0.0,0.0,0.0
5.84,0.41,56.1,1.95,240.5,89.59,0,0.0,0.0,0.0
5.9,0.413,56.69,1.99,240.7,89.58,0,0.0,0.0,0.0
5.96,0.417,57.27,2.04,240.4,89.56,0,0.0,0.0,0.0
6.0,0.419,57.66,2.06,241.1,89.56,0,0.0,0.0,0.0
6.06,0.423,58.25,2.11,240.7,89.54,0,0.0,0.0,0.0
6.1,0.425,58.64,2.13,241.0,89.54,0,0.0,0.0,0.0
6.16,0.429,59.23,2.18,241.1,89.53,0,0.0,0.0,0.0
6.2,0.431,59.62,2.21,240.4,89.52,0,0.0,0.0,0.0
6.26,0.435,60.2,2.25,240.6,89.51,0,0.0,0.0,0.0
6.3,0.437,60.6,2.28,240.8,89.5,0,0.0,0.0,0.0
6.36,0.441,61.19,2.32,241.0,89.48,0,0.0,0.0,0.0
6.4,0.443,61.58,2.35,241.4,89.48,0,0.0,0.0,0.0
6.46,0.447,62.17,2.4,240.9,89.46,0,0.0,0.0,0.0
6.5,0.449,62.56,2.43,240.2,89.45,0,0.0,0.0,0.0
6.56,0.453,63.15,2.47,240.7,89.44,0,0.0,0.0,0.0
6.6,0.456,63.55,2.5,241.1,89.43,0,0.0,0.0,0.0
6.66,0.459,64.14,2.55,241.1,89.42,0,0.0,0.0,0.0
6.7,0.462,64.54,2.58,241.4,89.41,0,0.0,0.0,0.0
6.76,0.466,65.13,2.63,240.7,89.4,0,0.0,0.0,0.0
6.8,0.469,65.53,2.66,241.0,89.39,0,0.0,0.0,0.0
6.86,0.472,66.13,2.71,241.6,89.37,0,0.0,0.0,0.0
6.92,0.476,66.72,2.76,241.2,89.36,0,0.0,0.0,0.0
6.96,0.479,67.12,2.79,241.1,89.35,0,0.0,0.0,0.0
7.0,0.482,67.52,2.82,241.0,89.34,0,0.0,0.0,0.0
7.06,0.486,68.12,2.87,240.9,89.33,0,0.0,0.0,0.0
7.12,0.49,68.72,2.92,241.5,89.31,0,0.0,0.0,0.0
7.16,0.493,69.12,2.96,241.4,89.3,0,0.0,0.0,0.0
7.2,0.496,69.52,2.99,241.5,89.3,0,0.0,0.0,0.0
7.26,0.5,70.13,3.04,240.9,89.28,0,0.0,0.0,0.0
7.32,0.504,70.73,3.09,241.0,89.27,0,0.0,0.0,0.0
7.36,0.507,71.13,3.13,241.6,89.26,0,0.0,0.0,0.0
7.4,0.51,71.53,3.16,241.9,89.25,0,0.0,0.0,0.0
7.46,0.514,72.14,3.22,241.8,89.23,0,0.0,0.0,0.0
7.52,0.518,72.75,3.27,241.1,89.22,0,0.0,0.0,0.0
7.56,0.521,73.15,3.31,241.5,89.21,0,0.0,0.0,0.0
7.6,0.524,73.55,3.34,241.1,89.2,0,0.0,0.0,0.0
7.66,0.529,74.16,3.4,241.3,89.18,0,0.0,0.0,0.0
7.72,0.533,74.77,3.45,241.1,89.17,0,0.0,0.0,0.0
7.76,0.536,75.17,3.49,241.9,89.16,0,0.0,0.0,0.0
7.8,0.539,75.58,3.52,241.5,89.15,0,0.0,0.0,0.0
7.86,0.544,76.19,3.58,241.4,89.14,0,0.0,0.0,0.0
7.92,0.548,76.8,3.64,241.5,89.12,0,0.0,0.0,0.0
7.96,0.551,77.21,3.67,241.5,89.11,0,0.0,0.0,0.0
8.02,0.556,77.82,3.73,241.5,89.1,0,0.0,0.0,0.0
8.06,0.559,78.23,3.77,241.6,89.09,0,0.0,0.0,0.0
8.12,0.564,78.84,3.83,241.2,89.08,0,0.0,0.0,0.0
8.16,0.567,79.25,3.87,242.1,89.07,0,0.0,0.0,0.0
8.22,0.572,79.87,3.93,241.3,89.05,0,0.0,0.0,0.0
8.26,0.575,80.28,3.96,241.9,89.05,0,0.0,0.0,0.0
8.32,0.58,80.9,4.02,242.1,89.03,0,0.0,0.0,0.0
8.36,0.583,81.31,4.06,241.3,89.02,0,0.0,0.0,0.0
8.42,0.588,81.92,4.12,241.4,89.01,0,0.0,0.0,0.0
8.46,0.591,82.34,4.17,241.5,89.0,0,0.0,0.0,0.0
8.52,0.596,82.96,4.23,241.7,88.99,0,0.0,0.0,0.0
8.58,0.601,83.58,4.29,241.6,88.98,0,0.0,0.0,0.0
8.62,0.605,83.99,4.33,241.4,88.97,0,0.0,0.0,0.0
8.66,0.608,84.4,4.37,242.1,88.96,0,0.0,0.0,0.0
8.72,0.613,85.03,4.43,241.5,88.95,0,0.0,0.0,0.0
8.78,0.618,85.65,4.5,242.1,88.94,0,0.0,0.0,0.0
8.82,0.622,86.06,4.54,241.7,88.93,0,0.0,0.0,0.0
8.86,0.625,86.48,4.58,242.3,88.92,0,0.0,0.0,0.0
8.92,0.63,87.1,4.65,242.3,88.91,0,0.0,0.0,0.0
8.98,0.636,87.73,4.71,242.2,88.9,0,0.0,0.0,0.0
9.02,0.639,88.15,4.75,241.6,88.89,0,0.0,0.0,0.0
9.08,0.644,88.77,4.82,242.0,88.88,0,0.0,0.0,0.0
9.12,0.648,89.19,4.86,241.5,88.87,0,0.0,0.0,0.0
9.16,0.652,89.61,4.91,242.2,88.86,0,0.0,0.0,0.0
9.22,0.657,90.24,4.97,241.8,88.85,0,0.0,0.0,0.0
9.28,0.662,90.87,5.04,241.8,88.84,0,0.0,0.0,0.0
9.32,0.666,91.29,5.09,242.1,88.84,0,0.0,0.0,0.0
9.38,0.672,91.92,5.15,241.8,88.83,0,0.0,0.0,0.0
9.42,0.675,92.34,5.2,242.6,88.82,0,0.0,0.0,0.0
9.48,0.681,92.97,5.27,242.3,88.81,0,0.0,0.0,0.0
9.52,0.685,93.39,5.31,242.0,88.8,0,0.0,0.0,0.0
9.58,0.69,94.03,5.38,242.2,88.79,0,0.0,0.0,0.0
9.62,0.694,94.45,5.43,241.8,88.79,0,0.0,0.0,0.0
9.68,0.7,95.09,5.5,241.9,88.78,0,0.0,0.0,0.0
9.74,0.705,95.72,5.57,242.7,88.77,0,0.0,0.0,0.0
9.78,0.709,96.15,5.62,242.7,88.76,0,0.0,0.0,0.0
9.82,0.713,96.57,5.67,242.0,88.76,0,0.0,0.0,0.0
9.88,0.719,97.21,5.74,242.9,88.75,0,0.0,0.0,0.0
9.92,0.723,97.64,5.79,243.0,88.74,0,0.0,0.0,0.0
9.98,0.729,98.28,5.86,242.3,88.73,0,0.0,0.0,0.0
10.02,0.733,98.71,5.91,242.8,88.73,0,0.0,0.0,0.0
10.08,0.739,99.35,5.98,242.4,88.72,0,0.0,0.0,0.0
10.12,0.743,99.78,6.03,242.9,88.71,0,0.0,0.0,0.0
10.18,0.749,100.42,6.1,243.0,88.7,0,0.0,0.0,0.0
10.24,0.755,101.06,6.18,242.4,88.69,0,0.0,0.0,0.0
10.28,0.759,101.5,6.23,243.0,88.69,0,0.0,0.0,0.0
10.32,0.763,101.92,6.28,242.8,88.68,0,0.0,0.0,0.0
10.38,0.769,102.57,6.35,242.7,88.67,0,0.0,0.0,0.0
10.44,0.775,103.22,6.43,242.4,88.67,0,0.0,0.0,0.0
10.48,0.779,103.65,6.48,242.7,88.66,0,0.0,0.0,0.0
10.52,0.783,104.08,6.53,242.8,88.65,0,0.0,0.0,0.0
10.58,0.79,104.73,6.61,242.4,88.65,0,0.0,0.0,0.0
10.64,0.796,105.38,6.69,243.2,88.64,0,0.0,0.0,0.0
10.68,0.8,105.81,6.74,242.6,88.63,0,0.0,0.0,0.0
10.72,0.804,106.25,6.79,243.0,88.63,0,0.0,0.0,0.0
10.78,0.811,106.9,6.87,243.1,88.62,0,0.0,0.0,0.0
10.84,0.817,107.55,6.95,243.1,88.61,0,0.0,0.0,0.0
10.88,0.822,107.98,7.0,243.0,88.6,0,0.0,0.0,0.0
10.94,0.828,108.64,7.08,243.0,88.59,0,0.0,0.0,0.0
10.98,0.832,109.07,7.14,242.8,88.59,0,0.0,0.0,0.0
11.04,0.839,109.73,7.22,243.5,88.58,0,0.0,0.0,0.0
11.08,0.843,110.16,7.27,243.3,88.57,0,0.0,0.0,0.0
11.14,0.85,110.82,7.35,243.4,88.56,0,0.0,0.0,0.0
11.18,0.854,111.26,7.41,243.2,88.55,0,0.0,0.0,0.0
11.24,0.861,111.92,7.49,243.5,88.54,0,0.0,0.0,0.0
11.28,0.866,112.36,7.55,243.7,88.54,0,0.0,0.0,0.0
11.34,0.872,113.02,7.63,242.9,88.53,0,0.0,0.0,0.0
11.4,0.879,113.68,7.71,242.9,88.52,0,0.0,0.0,0.0
11.44,0.884,114.12,7.77,242.9,88.51,0,0.0,0.0,0.0
11.48,0.888,114.56,7.83,243.9,88.5,0,0.0,0.0,0.0
11.54,0.895,115.22,7.91,243.4,88.49,0,0.0,0.0,0.0
11.6,0.902,115.89,8.0,243.4,88.48,0,0.0,0.0,0.0
11.64,0.907,116.33,8.05,242.9,88.47,0,0.0,0.0,0.0
11.7,0.914,117.0,8.14,243.2,88.46,0,0.0,0.0,0.0
11.74,0.919,117.44,8.2,243.4,88.45,0,0.0,0.0,0.0
11.78,0.923,117.89,8.26,243.7,88.44,0,0.0,0.0,0.0
11.84,0.93,118.55,8.34,243.2,88.43,0,0.0,0.0,0.0
11.9,0.938,119.22,8.43,244.0,88.42,0,0.0,0.0,0.0
11.94,0.942,119.67,8.49,243.3,88.41,0,0.0,0.0,0.0
11.98,0.947,120.11,8.55,243.7,88.4,0,0.0,0.0,0.0
12.04,0.954,120.78,8.64,243.3,88.39,0,0.0,0.0,0.0
12.08,0.959,121.23,8.7,243.5,88.38,0,0.0,0.0,0.0
12.14,0.966,121.9,8.79,243.8,88.37,0,0.0,0.0,0.0
12.2,0.974,122.57,8.88,243.2,88.36,0,0.0,0.0,0.0
12.24,0.979,123.02,8.94,243.5,88.36,0,0.0,0.0,0.0
12.3,0.986,123.69,9.03,243.3,88.36,0,0.0,0.0,0.0
12.34,0.991,124.14,9.09,244.1,88.36,0,0.0,0.0,0.0
12.38,0.996,124.59,9.15,243.9,88.36,0,0.0,0.0,0.0
12.44,1.004,125.27,9.24,244.1,88.36,0,0.0,0.0,0.0
12.5,1.011,125.94,9.33,243.6,88.36,0,0.0,0.0,0.0
12.54,1.016,126.4,9.39,244.2,88.37,0,0.0,0.0,0.0
12.58,1.021,126.85,9.46,243.9,88.37,0,0.0,0.0,0.0
12.64,1.029,127.53,9.55,243.9,88.38,0,0.0,0.0,0.0
12.68,1.034,127.98,9.61,244.3,88.39,0,0.0,0.0,0.0
12.74,1.042,128.66,9.71,243.6,88.4,0,0.0,0.0,0.0
12.8,1.049,129.35,9.8,243.8,88.42,0,0.0,0.0,0.0
12.84,1.055,129.8,9.86,243.4,88.43,0,0.0,0.0,0.0
12.9,1.062,130.48,9.96,244.4,88.44,0,0.0,0.0,0.0
12.94,1.068,130.94,10.02,243.5,88.45,0,0.0,0.0,0.0
13.0,1.076,131.62,10.12,244.5,88.47,0,0.0,0.0,0.0
13.04,1.081,132.08,10.18,244.5,88.48,0,0.0,0.0,0.0
13.1,1.089,132.77,10.28,244.4,88.5,0,0.0,0.0,0.0
13.16,1.097,133.46,10.38,244.5,88.52,0,0.0,0.0,0.0
13.2,1.102,133.92,10.44,244.7,88.53,0,0.0,0.0,0.0
13.24,1.107,134.38,10.51,244.4,88.54,0,0.0,0.0,0.0
13.28,1.113,134.84,10.58,244.4,88.55,0,0.0,0.0,0.0
13.28,1.113,134.84,10.58,243.8,88.56,0,0.0,0.0,0.0
13.34,1.121,135.53,10.67,244.2,88.57,0,0.0,0.0,0.0
13.4,1.129,136.22,10.77,244.1,88.59,0,0.0,0.0,0.0
13.46,1.137,136.91,10.87,244.1,88.6,0,0.0,0.0,0.0
13.5,1.143,137.37,10.94,244.7,88.61,0,0.0,0.0,0.0
13.56,1.151,138.07,11.04,244.9,88.63,0,0.0,0.0,0.0
13.6,1.157,138.53,11.11,244.3,88.64,0,0.0,0.0,0.0
13.66,1.165,139.23,11.21,244.5,88.65,0,0.0,0.0,0.0
13.7,1.171,139.69,11.28,244.3,88.66,0,0.0,0.0,0.0
13.76,1.179,140.39,11.38,244.4,88.66,0,0.0,0.0,0.0
13.82,1.187,141.09,11.48,245.0,88.67,0,0.0,0.0,0.0
13.86,1.193,141.56,11.55,245.2,88.67,0,0.0,0.0,0.0
13.9,1.199,142.03,11.62,245.4,88.68,0,0.0,0.0,0.0
13.96,1.207,142.73,11.72,245.4,88.68,0,0.0,0.0,0.0
14.0,1.213,143.2,11.79,245.0,88.68,0,0.0,0.0,0.0
14.06,1.222,143.9,11.9,244.7,88.68,0,0.0,0.0,0.0
14.12,1.23,144.61,12.0,245.3,88.67,0,0.0,0.0,0.0
14.16,1.236,145.08,12.07,245.0,88.67,0,0.0,0.0,0.0
14.2,1.242,145.55,12.14,245.5,88.66,0,0.0,0.0,0.0
14.26,1.251,146.26,12.25,245.4,88.65,0,0.0,0.0,0.0
14.3,1.256,146.73,12.32,244.9,88.65,0,0.0,0.0,0.0
14.36,1.265,147.43,12.43,245.3,88.63,0,0.0,0.0,0.0
14.42,1.274,148.14,12.53,245.7,88.62,0,0.0,0.0,0.0
14.46,1.28,148.62,12.61,245.5,88.61,0,0.0,0.0,0.0
14.5,1.286,149.09,12.68,246.1,88.59,0,0.0,0.0,0.0
14.56,1.295,149.81,12.79,245.4,88.57,0,0.0,0.0,0.0
14.6,1.301,150.28,12.86,245.5,88.56,0,0.0,0.0,0.0
14.66,1.31,151.0,12.97,245.6,88.54,0,0.0,0.0,0.0
14.72,1.319,151.71,13.08,245.3,88.51,0,0.0,0.0,0.0
14.76,1.325,152.19,13.15,245.4,88.49,0,0.0,0.0,0.0
14.82,1.334,152.91,13.26,245.6,88.47,0,0.0,0.0,0.0
14.86,1.341,153.38,13.34,244.9,88.45,0,0.0,0.0,0.0
14.9,1.347,153.86,13.41,245.6,88.43,0,0.0,0.0,0.0
14.96,1.356,154.58,13.52,245.1,88.4,0,0.0,0.0,0.0
15.02,1.365,155.3,13.63,245.5,88.37,0,0.0,0.0,0.0
15.06,1.371,155.78,13.71,245.7,88.35,0,0.0,0.0,0.0
15.12,1.381,156.5,13.82,246.1,88.32,0,0.0,0.0,0.0
15.16,1.387,156.98,13.9,245.9,88.3,0,0.0,0.0,0.0
15.22,1.397,157.7,14.01,245.7,88.27,0,0.0,0.0,0.0
15.26,1.403,158.18,14.08,245.6,88.25,0,0.0,0.0,0.0
15.32,1.412,158.91,14.2,245.7,88.22,0,0.0,0.0,0.0
15.36,1.419,159.39,14.27,245.2,88.2,0,0.0,0.0,0.0
15.42,1.428,160.11,14.39,245.4,88.18,0,0.0,0.0,0.0
15.46,1.435,160.6,14.47,245.9,88.16,0,0.0,0.0,0.0
15.52,1.444,161.32,14.58,245.7,88.13,0,0.0,0.0,0.0
15.56,1.451,161.81,14.66,245.4,88.12,0,0.0,0.0,0.0
15.62,1.461,162.54,14.77,245.5,88.09,0,0.0,0.0,0.0
15.66,1.467,163.02,14.85,246.5,88.08,0,0.0,0.0,0.0
15.72,1.477,163.75,14.97,245.7,88.06,0,0.0,0.0,0.0
15.78,1.487,164.48,15.09,246.0,88.04,0,0.0,0.0,0.0
15.82,1.493,164.97,15.16,245.6,88.03,0,0.0,0.0,0.0
15.86,1.5,165.46,15.24,245.8,88.02,0,0.0,0.0,0.0
15.92,1.51,166.19,15.36,245.9,88.0,0,0.0,0.0,0.0
15.96,1.517,166.68,15.44,246.3,87.99,0,0.0,0.0,0.0
16.02,1.527,167.42,15.56,245.8,87.98,0,0.0,0.0,0.0
16.08,1.537,168.15,15.68,246.5,87.97,0,0.0,0.0,0.0
16.12,1.543,168.65,15.76,246.0,87.97,0,0.0,0.0,0.0
16.18,1.554,169.38,15.88,246.2,87.96,0,0.0,0.0,0.0
16.22,1.56,169.88,15.96,246.0,87.96,0,0.0,0.0,0.0
16.28,1.571,170.62,16.08,247.0,87.95,0,0.0,0.0,0.0
16.32,1.577,171.11,16.16,246.3,87.95,0,0.0,0.0,0.0
16.36,1.584,171.61,16.24,246.4,87.95,0,0.0,0.0,0.0
16.42,1.595,172.35,16.36,246.6,87.95,0,0.0,0.0,0.0
16.48,1.605,173.09,16.49,247.0,87.95,0,0.0,0.0,0.0
16.52,1.612,173.59,16.57,246.8,87.95,0,0.0,0.0,0.0
16.58,1.622,174.34,16.69,246.9,87.95,0,0.0,0.0,0.0
16.62,1.629,174.84,16.77,246.5,87.96,0,0.0,0.0,0.0
16.68,1.64,175.59,16.9,247.3,87.96,0,0.0,0.0,0.0
16.72,1.647,176.08,16.98,246.7,87.96,0,0.0,0.0,0.0
16.78,1.657,176.83,17.11,246.9,87.97,0,0.0,0.0,0.0
16.82,1.665,177.33,17.19,246.9,87.97,0,0.0,0.0,0.0
16.86,1.672,177.83,17.27,246.6,87.97,0,0.0,0.0,0.0
16.92,1.682,178.58,17.4,246.7,87.98,0,0.0,0.0,0.0
16.98,1.693,179.34,17.52,247.4,87.98,0,0.0,0.0,0.0
17.02,1.7,179.84,17.61,247.0,87.98,0,0.0,0.0,0.0
17.08,1.711,180.6,17.74,247.1,87.99,0,0.0,0.0,0.0
17.12,1.718,181.1,17.82,247.0,87.99,0,0.0,0.0,0.0
17.18,1.729,181.85,17.95,247.2,87.99,0,0.0,0.0,0.0
17.24,1.74,182.61,18.08,247.0,87.99,0,0.0,0.0,0.0
17.28,1.747,183.12,18.16,247.8,87.99,0,0.0,0.0,0.0
17.32,1.755,183.62,18.25,247.7,87.99,0,0.0,0.0,0.0
17.38,1.766,184.39,18.38,247.8,87.99,0,0.0,0.0,0.0
17.42,1.773,184.89,18.46,247.8,87.98,0,0.0,0.0,0.0
17.48,1.784,185.66,18.59,247.6,87.98,0,0.0,0.0,0.0
17.54,1.795,186.42,18.72,247.1,87.97,0,0.0,0.0,0.0
17.58,1.803,186.93,18.81,247.5,87.97,0,0.0,0.0,0.0
17.64,1.814,187.7,18.94,248.2,87.96,0,0.0,0.0,0.0
17.68,1.822,188.21,19.03,247.6,87.95,0,0.0,0.0,0.0
17.72,1.829,188.72,19.12,247.0,87.94,0,0.0,0.0,0.0
17.78,1.841,189.48,19.25,247.7,87.93,0,0.0,0.0,0.0
17.84,1.852,190.25,19.38,247.7,87.92,0,0.0,0.0,0.0
17.88,1.86,190.76,19.47,247.5,87.91,0,0.0,0.0,0.0
17.92,1.867,191.28,19.56,247.7,87.89,0,0.0,0.0,0.0
17.98,1.879,192.05,19.69,247.8,87.88,0,0.0,0.0,0.0
18.04,1.89,192.82,19.83,248.0,87.86,0,0.0,0.0,0.0
18.08,1.898,193.33,19.92,248.0,87.85,0,0.0,0.0,0.0
18.14,1.91,194.11,20.05,248.2,87.82,0,0.0,0.0,0.0
18.18,1.917,194.63,20.14,248.4,87.81,0,0.0,0.0,0.0
18.24,1.929,195.4,20.28,248.0,87.78,0,0.0,0.0,0.0
18.28,1.937,195.92,20.37,248.5,87.76,0,0.0,0.0,0.0
18.34,1.949,196.7,20.5,248.8,87.73,0,0.0,0.0,0.0
18.38,1.957,197.22,20.59,248.7,87.71,0,0.0,0.0,0.0
18.42,1.964,197.74,20.68,248.0,87.68,0,0.0,0.0,0.0
18.48,1.976,198.52,20.82,248.0,87.65,0,0.0,0.0,0.0
18.54,1.988,199.3,20.96,248.3,87.61,0,0.0,0.0,0.0
18.58,1.996,199.83,21.05,248.5,87.58,0,0.0,0.0,0.0
18.64,2.008,200.61,21.19,248.5,87.54,0,0.0,0.0,0.0
18.68,2.016,201.13,21.28,248.2,87.51,0,0.0,0.0,0.0
18.74,2.028,201.92,21.42,248.8,87.47,0,0.0,0.0,0.0
18.8,2.041,202.7,21.56,248.9,87.43,0,0.0,0.0,0.0
18.84,2.049,203.23,21.65,249.1,87.41,0,0.0,0.0,0.0
18.88,2.057,203.76,21.75,248.9,87.38,0,0.0,0.0,0.0
18.94,2.069,204.55,21.89,248.6,87.34,0,0.0,0.0,0.0
18.98,2.077,205.07,21.98,248.4,87.32,0,0.0,0.0,0.0
19.04,2.09,205.86,22.12,248.5,87.29,0,0.0,0.0,0.0
19.1,2.102,206.66,22.27,249.4,87.26,0,0.0,0.0,0.0
19.14,2.11,207.19,22.36,248.8,87.24,0,0.0,0.0,0.0
19.18,2.119,207.71,22.46,248.7,87.22,0,0.0,0.0,0.0
19.24,2.131,208.51,22.6,249.4,87.2,0,0.0,0.0,0.0
19.3,2.144,209.31,22.74,249.7,87.17,0,0.0,0.0,0.0
19.34,2.152,209.84,22.84,249.1,87.16,0,0.0,0.0,0.0
19.4,2.165,210.64,22.98,249.2,87.15,0,0.0,0.0,0.0
19.44,2.173,211.17,23.08,248.6,87.14,0,0.0,0.0,0.0
19.48,2.181,211.7,23.18,249.2,87.13,0,0.0,0.0,0.0
19.54,2.194,212.5,23.32,249.6,87.13,0,0.0,0.0,0.0
19.6,2.207,213.3,23.47,249.5,87.12,0,0.0,0.0,0.0
19.64,2.215,213.84,23.56,249.8,87.12,0,0.0,0.0,0.0
19.7,2.228,214.64,23.71,249.3,87.12,0,0.0,0.0,0.0
19.74,2.237,215.18,23.81,249.2,87.13,0,0.0,0.0,0.0
19.8,2.25,215.98,23.95,249.3,87.13,0,0.0,0.0,0.0
19.84,2.258,216.52,24.05,249.4,87.13,0,0.0,0.0,0.0
19.9,2.271,217.32,24.2,249.7,87.14,0,0.0,0.0,0.0
19.94,2.28,217.86,24.3,249.9,87.15,0,0.0,0.0,0.0
19.98,2.289,218.4,24.4,249.2,87.15,0,0.0,0.0,0.0
20.04,2.302,219.21,24.55,249.9,87.16,0,0.0,0.0,0.0
20.1,2.315,220.01,24.69,249.1,87.17,0,0.0,0.0,0.0
20.14,2.324,220.55,24.79,249.4,87.18,0,0.0,0.0,0.0
20.2,2.337,221.36,24.94,249.9,87.18,0,0.0,0.0,0.0
20.24,2.346,221.9,25.04,250.3,87.19,0,0.0,0.0,0.0
20.3,2.359,222.71,25.19,249.9,87.2,0,0.0,0.0,0.0
20.36,2.373,223.52,25.34,249.8,87.2,0,0.0,0.0,0.0
20.4,2.382,224.06,25.44,250.5,87.2,0,0.0,0.0,0.0
20.44,2.391,224.6,25.54,250.5,87.2,0,0.0,0.0,0.0
20.5,2.404,225.41,25.69,249.9,87.2,0,0.0,0.0,0.0
20.54,2.413,225.95,25.79,250.4,87.2,0,0.0,0.0,0.0
20.6,2.427,226.76,25.94,250.0,87.19,0,0.0,0.0,0.0
20.64,2.436,227.31,26.04,250.5,87.19,0,0.0,0.0,0.0
20.7,2.45,228.12,26.19,250.6,87.18,0,0.0,0.0,0.0
20.76,2.463,228.93,26.34,250.0,87.17,0,0.0,0.0,0.0
20.8,2.472,229.47,26.44,250.4,87.16,0,0.0,0.0,0.0
20.84,2.482,230.01,26.54,250.0,87.15,0,0.0,0.0,0.0
20.9,2.495,230.82,26.69,250.5,87.13,0,0.0,0.0,0.0
20.94,2.505,231.36,26.79,250.2,87.12,0,0.0,0.0,0.0
21.0,2.519,232.17,26.94,250.3,87.1,0,0.0,0.0,0.0
21.06,2.533,232.98,27.09,250.5,87.07,0,0.0,0.0,0.0
21.1,2.542,233.53,27.2,250.7,87.06,0,0.0,0.0,0.0
21.14,2.551,234.07,27.3,251.3,87.04,0,0.0,0.0,0.0
21.2,2.565,234.88,27.45,251.3,87.02,0,0.0,0.0,0.0
21.24,2.575,235.42,27.55,250.6,87.0,0,0.0,0.0,0.0
21.3,2.589,236.23,27.7,251.2,86.97,0,0.0,0.0,0.0
21.36,2.603,237.04,27.85,251.1,86.94,0,0.0,0.0,0.0
21.4,2.612,237.58,27.95,250.5,86.93,0,0.0,0.0,0.0
21.44,2.622,238.12,28.05,251.1,86.91,0,0.0,0.0,0.0
21.5,2.636,238.93,28.2,251.1,86.88,0,0.0,0.0,0.0
21.56,2.651,239.74,28.35,250.8,86.86,0,0.0,0.0,0.0
21.6,2.66,240.28,28.45,251.6,86.84,0,0.0,0.0,0.0
21.64,2.67,240.82,28.55,251.8,86.83,0,0.0,0.0,0.0
21.7,2.684,241.63,28.7,251.2,86.81,0,0.0,0.0,0.0
21.74,2.694,242.17,28.8,251.5,86.79,0,0.0,0.0,0.0
21.8,2.709,242.97,28.95,251.6,86.78,0,0.0,0.0,0.0
21.86,2.723,243.78,29.1,251.7,86.76,0,0.0,0.0,0.0
21.9,2.733,244.32,29.2,251.4,86.75,0,0.0,0.0,0.0
21.96,2.748,245.12,29.35,251.8,86.74,0,0.0,0.0,0.0
22.02,2.762,245.93,29.5,252.0,86.73,0,0.0,0.0,0.0
22.06,2.772,246.46,29.6,252.1,86.73,0,0.0,0.0,0.0
22.1,2.782,247.0,29.7,252.3,86.72,0,0.0,0.0,0.0
22.16,2.797,247.8,29.85,251.6,86.72,0,0.0,0.0,0.0
22.2,2.807,248.33,29.95,251.9,86.71,0,0.0,0.0,0.0
22.26,2.822,249.13,30.1,251.8,86.71,0,0.0,0.0,0.0
22.3,2.832,249.66,30.2,252.3,86.71,0,0.0,0.0,0.0
22.36,2.847,250.46,30.35,252.4,86.71,0,0.0,0.0,0.0
22.4,2.857,250.99,30.45,252.7,86.71,0,0.0,0.0,0.0
22.46,2.872,251.79,30.59,252.7,86.71,0,0.0,0.0,0.0
22.52,2.887,252.59,30.74,252.0,86.71,0,0.0,0.0,0.0
22.56,2.897,253.12,30.84,251.8,86.72,0,0.0,0.0,0.0
22.6,2.907,253.64,30.94,251.8,86.72,0,0.0,0.0,0.0
22.66,2.922,254.44,31.08,252.1,86.72,0,0.0,0.0,0.0
22.72,2.938,255.23,31.23,252.1,86.72,0,0.0,0.0,0.0
22.76,2.948,255.75,31.33,252.8,86.72,0,0.0,0.0,0.0
22.82,2.963,256.54,31.47,252.6,86.72,0,0.0,0.0,0.0
22.86,2.973,257.07,31.57,252.4,86.71,0,0.0,0.0,0.0
22.92,2.989,257.85,31.71,253.1,86.71,0,0.0,0.0,0.0
22.96,2.999,258.38,31.81,253.1,86.71,0,0.0,0.0,0.0
23.0,3.009,258.9,31.91,252.2,86.7,0,0.0,0.0,0.0
23.06,3.025,259.68,32.05,252.5,86.7,0,0.0,0.0,0.0
23.12,3.041,260.46,32.19,252.5,86.69,0,0.0,0.0,0.0
23.16,3.051,260.98,32.29,252.6,86.68,0,0.0,0.0,0.0
23.22,3.067,261.76,32.43,252.4,86.67,0,0.0,0.0,0.0
23.26,3.077,262.28,32.53,252.5,86.66,0,0.0,0.0,0.0
23.32,3.093,263.06,32.67,253.5,86.64,0,0.0,0.0,0.0
23.36,3.103,263.57,32.76,252.5,86.63,0,0.0,0.0,0.0
23.42,3.119,264.35,32.9,253.0,86.62,0,0.0,0.0,0.0
23.46,3.13,264.86,33.0,253.0,86.61,0,0.0,0.0,0.0
23.52,3.146,265.63,33.14,252.9,86.59,0,0.0,0.0,0.0
23.56,3.156,266.15,33.23,253.6,86.58,0,0.0,0.0,0.0
23.62,3.172,266.91,33.37,253.6,86.56,0,0.0,0.0,0.0
23.68,3.188,267.68,33.55,252.8,86.53,0,0.0,0.0,0.0
23.72,3.199,268.19,33.6,253.3,86.53,0,0.0,0.0,0.0
23.76,3.21,268.7,33.69,253.5,86.51,0,0.0,0.0,0.0
23.82,3.226,269.46,33.83,253.3,86.5,0,0.0,0.0,0.0
23.86,3.237,269.97,33.92,253.7,86.49,0,0.0,0.0,0.0
23.92,3.253,270.73,34.05,253.3,86.46,0,0.0,0.0,0.0
23.98,3.269,271.48,34.19,253.2,86.45,0,0.0,0.0,0.0
24.02,3.28,271.99,34.28,253.9,86.44,0,0.0,0.0,0.0
24.08,3.296,272.74,34.41,253.8,86.43,0,0.0,0.0,0.0
24.12,3.307,273.24,34.55,253.5,86.42,0,0.0,0.0,0.0
24.16,3.318,273.74,34.59,253.8,86.41,0,0.0,0.0,0.0
24.22,3.334,274.49,34.72,253.3,86.4,0,0.0,0.0,0.0
24.28,3.351,275.24,34.86,254.3,86.4,0,0.0,0.0,0.0
24.32,3.362,275.74,34.94,254.1,86.39,0,0.0,0.0,0.0
24.38,3.379,276.49,35.08,254.3,86.39,0,0.0,0.0,0.0
24.42,3.39,276.99,35.16,253.7,86.38,0,0.0,0.0,0.0
24.46,3.401,277.48,35.25,253.4,86.38,0,0.0,0.0,0.0
24.52,3.417,278.22,35.38,254.4,86.38,0,0.0,0.0,0.0
24.58,3.434,278.96,35.51,253.9,86.37,0,0.0,0.0,0.0
24.62,3.445,279.46,35.6,254.4,86.37,0,0.0,0.0,0.0
24.68,3.462,280.19,35.72,253.8,86.37,0,0.0,0.0,0.0
24.72,3.473,280.68,35.81,254.8,86.37,0,0.0,0.0,0.0
24.78,3.49,281.42,35.94,254.7,86.36,0,0.0,0.0,0.0
24.82,3.501,281.91,36.02,254.6,86.36,0,0.0,0.0,0.0
24.88,3.518,282.64,36.15,254.5,86.36,0,0.0,0.0,0.0
24.92,3.529,283.13,36.23,255.1,86.36,0,0.0,0.0,0.0
24.98,3.546,283.86,36.36,254.2,86.35,0,0.0,0.0,0.0
25.02,3.558,284.34,36.44,254.8,86.35,0,0.0,0.0,0.0
25.08,3.575,285.07,36.56,254.1,86.35,0,0.0,0.0,0.0
25.14,3.592,285.79,36.69,254.8,86.34,0,0.0,0.0,0.0
25.18,3.603,286.28,36.77,254.7,86.33,0,0.0,0.0,0.0
25.22,3.615,286.76,36.85,255.6,86.33,0,0.0,0.0,0.0
25.28,3.632,287.48,36.97,255.0,86.32,0,0.0,0.0,0.0
25.34,3.649,288.21,37.09,255.6,86.31,0,0.0,0.0,0.0
25.38,3.661,288.68,37.17,255.1,86.3,0,0.0,0.0,0.0
25.44,3.678,289.4,37.29,254.8,86.29,0,0.0,0.0,0.0
25.48,3.69,289.88,37.37,255.4,86.28,0,0.0,0.0,0.0
25.52,3.701,290.36,37.45,254.8,86.27,0,0.0,0.0,0.0
25.58,3.719,291.07,37.57,255.1,86.26,0,0.0,0.0,0.0
25.64,3.736,291.79,37.69,255.5,86.24,0,0.0,0.0,0.0
25.68,3.748,292.26,37.77,255.6,86.23,0,0.0,0.0,0.0
25.74,3.765,292.98,37.88,256.0,86.22,0,0.0,0.0,0.0
25.78,3.777,293.45,37.96,256.0,86.21,0,0.0,0.0,0.0
25.82,3.789,293.93,38.04,255.6,86.2,0,0.0,0.0,0.0
25.88,3.806,294.63,38.16,255.5,86.19,0,0.0,0.0,0.0
25.92,3.818,295.11,38.23,256.0,86.18,0,0.0,0.0,0.0
25.98,3.836,295.81,38.35,255.2,86.16,0,0.0,0.0,0.0
26.04,3.854,296.52,38.46,256.5,86.16,0,0.0,0.0,0.0
26.08,3.865,296.99,38.54,255.6,86.15,0,0.0,0.0,0.0
26.14,3.883,297.69,38.65,256.4,86.14,0,0.0,0.0,0.0
26.18,3.895,298.16,38.73,255.9,86.13,0,0.0,0.0,0.0
26.24,3.913,298.87,38.84,256.0,86.12,0,0.0,0.0,0.0
26.28,3.925,299.33,38.91,255.9,86.12,0,0.0,0.0,0.0
26.34,3.943,300.04,39.03,256.1,86.11,0,0.0,0.0,0.0
26.4,3.961,300.73,39.14,256.4,86.1,0,0.0,0.0,0.0
26.42,3.967,300.97,39.17,256.5,86.1,0,0.0,0.0,0.0
26.48,3.985,301.67,39.28,256.5,86.1,0,0.0,0.0,0.0
26.54,4.003,302.36,39.39,256.6,86.09,0,0.0,0.0,0.0
26.58,4.015,302.83,39.47,255.8,86.09,0,0.0,0.0,0.0
26.64,4.033,303.52,39.57,256.7,86.08,0,0.0,0.0,0.0
26.68,4.045,303.99,39.65,256.7,86.08,0,0.0,0.0,0.0
26.74,4.064,304.68,39.75,256.4,86.07,0,0.0,0.0,0.0
26.8,4.082,305.38,39.86,256.5,86.07,0,0.0,0.0,0.0
26.84,4.094,305.84,39.93,256.5,86.07,0,0.0,0.0,0.0
26.88,4.106,306.3,40.0,256.9,86.06,0,0.0,0.0,0.0
26.94,4.125,306.99,40.11,257.3,86.05,0,0.0,0.0,0.0
27.0,4.143,307.69,40.22,256.9,86.05,0,0.0,0.0,0.0
27.04,4.155,308.15,40.32,257.3,86.04,0,0.0,0.0,0.0
27.1,4.174,308.85,40.39,257.4,86.04,0,0.0,0.0,0.0
27.14,4.186,309.31,40.46,256.6,86.03,0,0.0,0.0,0.0
27.18,4.199,309.77,40.53,257.7,86.02,0,0.0,0.0,0.0
27.24,4.217,310.46,40.64,257.7,86.01,0,0.0,0.0,0.0
27.3,4.236,311.15,40.74,257.2,86.0,0,0.0,0.0,0.0
27.34,4.248,311.61,40.81,256.9,85.99,0,0.0,0.0,0.0
27.4,4.267,312.31,40.91,257.8,85.98,0,0.0,0.0,0.0
27.44,4.279,312.77,40.98,257.3,85.97,0,0.0,0.0,0.0
27.5,4.298,313.46,41.08,258.1,85.96,0,0.0,0.0,0.0
27.54,4.311,313.92,41.15,257.4,85.95,0,0.0,0.0,0.0
27.6,4.329,314.62,41.25,258.1,85.94,0,0.0,0.0,0.0
27.64,4.342,315.08,41.32,258.1,85.93,0,0.0,0.0,0.0
27.7,4.361,315.78,41.42,257.8,85.92,0,0.0,0.0,0.0
27.74,4.373,316.24,41.49,258.4,85.92,0,0.0,0.0,0.0
27.8,4.392,316.94,41.59,258.5,85.9,0,0.0,0.0,0.0
27.84,4.405,317.4,41.69,258.1,85.89,0,0.0,0.0,0.0
27.9,4.424,318.1,41.76,258.7,85.88,0,0.0,0.0,0.0
27.96,4.443,318.8,41.86,258.6,85.87,0,0.0,0.0,0.0
28.0,4.456,319.27,41.93,258.6,85.87,0,0.0,0.0,0.0
28.04,4.469,319.73,42.0,258.4,85.86,0,0.0,0.0,0.0
28.1,4.488,320.43,42.1,258.6,85.85,0,0.0,0.0,0.0
28.14,4.501,321.13,42.2,258.3,85.85,0,0.0,0.0,0.0
28.2,4.52,321.6,42.27,258.9,85.84,0,0.0,0.0,0.0
28.26,4.539,322.3,42.37,258.0,85.83,0,0.0,0.0,0.0
28.3,4.552,322.77,42.43,258.9,85.83,0,0.0,0.0,0.0
28.34,4.565,323.24,42.5,259.2,85.83,0,0.0,0.0,0.0
28.4,4.584,323.94,42.6,258.8,85.82,0,0.0,0.0,0.0
28.46,4.604,324.64,42.7,258.8,85.81,0,0.0,0.0,0.0
28.5,4.617,325.11,42.77,258.9,85.8,0,0.0,0.0,0.0
28.56,4.636,325.82,42.86,258.6,85.8,0,0.0,0.0,0.0
28.6,4.649,326.29,42.93,258.5,85.79,0,0.0,0.0,0.0
28.64,4.662,326.76,43.0,259.4,85.79,0,0.0,0.0,0.0
28.7,4.682,327.47,43.1,259.2,85.78,0,0.0,0.0,0.0
28.76,4.701,328.17,43.19,259.4,85.77,0,0.0,0.0,0.0
28.8,4.714,328.64,43.26,258.7,85.77,0,0.0,0.0,0.0
28.86,4.734,329.35,43.36,259.1,85.76,0,0.0,0.0,0.0
28.9,4.747,329.82,43.42,258.5,85.75,0,0.0,0.0,0.0
28.96,4.767,330.53,43.52,259.4,85.74,0,0.0,0.0,0.0
29.0,4.78,331.0,43.59,258.9,85.73,0,0.0,0.0,0.0
29.06,4.8,331.71,43.68,259.5,85.72,0,0.0,0.0,0.0
29.1,4.813,332.18,43.75,258.9,85.72,0,0.0,0.0,0.0
29.16,4.833,332.89,43.84,258.9,85.7,0,0.0,0.0,0.0
29.2,4.847,333.36,43.91,259.0,85.69,0,0.0,0.0,0.0
29.26,4.867,334.07,44.0,259.7,85.69,0,0.0,0.0,0.0
29.3,4.88,334.54,44.07,258.9,85.68,0,0.0,0.0,0.0
29.36,4.9,335.25,44.16,259.2,85.66,0,0.0,0.0,0.0
29.42,4.92,335.96,44.26,260.0,85.65,0,0.0,0.0,0.0
29.46,4.933,336.44,44.32,259.7,85.65,0,0.0,0.0,0.0
29.5,4.947,336.92,44.38,259.9,85.64,0,0.0,0.0,0.0
29.56,4.967,337.63,44.48,259.4,85.63,0,0.0,0.0,0.0
29.62,4.987,338.34,44.58,259.5,85.63,0,0.0,0.0,0.0
29.66,5.001,338.82,44.64,259.9,85.62,0,0.0,0.0,0.0
29.72,5.021,339.53,44.73,259.7,85.61,0,0.0,0.0,0.0
29.76,5.035,340.01,44.79,259.3,85.61,0,0.0,0.0,0.0
29.82,5.055,340.73,44.89,259.4,85.6,0,0.0,0.0,0.0
29.86,5.069,341.2,44.95,259.9,85.59,0,0.0,0.0,0.0
29.92,5.089,341.92,45.04,260.1,85.59,0,0.0,0.0,0.0
29.96,5.103,342.4,45.11,259.9,85.58,0,0.0,0.0,0.0
30.02,5.123,343.11,45.2,259.7,85.57,0,0.0,0.0,0.0
30.06,5.137,343.59,45.26,259.6,85.57,0,0.0,0.0,0.0
30.12,5.157,344.31,45.35,259.6,85.56,0,0.0,0.0,0.0
30.16,5.171,344.79,45.41,260.0,85.55,0,0.0,0.0,0.0
30.22,5.192,345.51,45.51,260.4,85.54,0,0.0,0.0,0.0
30.26,5.206,345.99,45.57,260.1,85.54,0,0.0,0.0,0.0
30.32,5.226,346.72,45.66,260.3,85.53,0,0.0,0.0,0.0
30.38,5.247,347.44,45.75,260.2,85.52,0,0.0,0.0,0.0
30.42,5.261,347.92,45.81,260.4,85.51,0,0.0,0.0,0.0
30.46,5.275,348.4,45.87,261.1,85.51,0,0.0,0.0,0.0
30.52,5.296,349.13,45.96,260.7,85.49,0,0.0,0.0,0.0
30.56,5.31,349.61,46.02,261.0,85.49,0,0.0,0.0,0.0
30.62,5.331,350.34,46.11,260.3,85.47,0,0.0,0.0,0.0
30.66,5.345,350.82,46.17,260.8,85.47,0,0.0,0.0,0.0
30.72,5.366,351.55,46.29,261.1,85.46,0,0.0,0.0,0.0
30.76,5.38,352.03,46.32,261.5,85.45,0,0.0,0.0,0.0
30.82,5.401,352.76,46.41,260.8,85.44,0,0.0,0.0,0.0
30.86,5.415,353.25,46.47,261.3,85.44,0,0.0,0.0,0.0
30.92,5.436,353.97,46.56,261.0,85.43,0,0.0,0.0,0.0
30.98,5.457,354.7,46.65,261.0,85.42,0,0.0,0.0,0.0
31.02,5.471,355.19,46.71,260.7,85.42,0,0.0,0.0,0.0
31.06,5.486,355.68,46.77,261.2,85.41,0,0.0,0.0,0.0
31.12,5.507,356.41,46.86,261.9,85.4,0,0.0,0.0,0.0
31.18,5.528,357.14,46.94,261.8,85.39,0,0.0,0.0,0.0
31.22,5.542,357.63,47.0,262.0,85.39,0,0.0,0.0,0.0
31.26,5.557,358.12,47.06,261.3,85.38,0,0.0,0.0,0.0
31.32,5.578,358.86,47.15,261.2,85.37,0,0.0,0.0,0.0
31.38,5.6,359.59,47.24,261.9,85.36,0,0.0,0.0,0.0
31.42,5.614,360.08,47.29,261.5,85.36,0,0.0,0.0,0.0
31.48,5.636,360.82,47.38,261.4,85.35,0,0.0,0.0,0.0
31.52,5.65,361.31,47.44,261.4,85.34,0,0.0,0.0,0.0
31.58,5.672,362.05,47.52,262.3,85.33,0,0.0,0.0,0.0
31.62,5.686,362.55,47.58,262.0,85.32,0,0.0,0.0,0.0
31.68,5.708,363.29,47.67,261.6,85.32,0,0.0,0.0,0.0
31.72,5.722,363.78,47.72,261.9,85.31,0,0.0,0.0,0.0
31.78,5.744,364.53,47.81,262.7,85.3,0,0.0,0.0,0.0
31.82,5.759,365.02,47.87,262.1,85.29,0,0.0,0.0,0.0
31.88,5.781,365.76,47.95,262.0,85.28,0,0.0,0.0,0.0
31.92,5.795,366.26,48.01,262.2,85.27,0,0.0,0.0,0.0
31.98,5.817,367.01,48.09,262.5,85.26,0,0.0,0.0,0.0
32.02,5.832,367.5,48.15,262.4,85.26,0,0.0,0.0,0.0
32.08,5.854,368.25,48.23,262.5,85.25,0,0.0,0.0,0.0
32.14,5.876,369.0,48.31,262.8,85.24,0,0.0,0.0,0.0
32.18,5.89,369.5,48.37,262.8,85.24,0,0.0,0.0,0.0
32.22,5.905,369.99,48.43,262.8,85.23,0,0.0,0.0,0.0
32.28,5.927,370.74,48.51,263.3,85.22,0,0.0,0.0,0.0
32.32,5.942,371.24,48.56,262.8,85.21,0,0.0,0.0,0.0
32.38,5.964,371.99,48.65,262.8,85.21,0,0.0,0.0,0.0
32.42,5.987,372.75,48.73,263.0,85.2,0,0.0,0.0,0.0
32.48,6.002,373.25,48.81,263.5,85.19,0,0.0,0.0,0.0
32.52,6.016,374.0,48.86,263.6,85.19,0,0.0,0.0,0.0
32.58,6.039,374.5,48.94,262.8,85.18,0,0.0,0.0,0.0
32.62,6.054,375.0,48.97,263.3,85.17,0,0.0,0.0,0.0
32.68,6.076,375.76,49.05,263.0,85.16,0,0.0,0.0,0.0
32.72,6.091,376.26,49.11,263.4,85.15,0,0.0,0.0,0.0
32.78,6.114,377.27,49.21,263.3,85.14,0,0.0,0.0,0.0
32.82,6.129,377.52,49.24,263.7,85.13,0,0.0,0.0,0.0
32.88,6.151,378.28,49.32,263.1,85.12,0,0.0,0.0,0.0
32.94,6.174,379.03,49.4,263.3,85.11,0,0.0,0.0,0.0
32.98,6.189,379.53,49.45,263.2,85.11,0,0.0,0.0,0.0
33.04,6.212,380.29,49.55,263.1,85.1,0,0.0,0.0,0.0
33.08,6.227,380.79,49.58,263.5,85.09,0,0.0,0.0,0.0
33.14,6.25,381.55,49.66,263.2,85.08,0,0.0,0.0,0.0
33.18,6.265,382.05,49.71,263.9,85.07,0,0.0,0.0,0.0
33.24,6.288,382.81,49.78,263.4,85.06,0,0.0,0.0,0.0
33.3,6.311,383.57,49.86,263.4,85.05,0,0.0,0.0,0.0
33.34,6.326,384.07,49.91,263.3,85.05,0,0.0,0.0,0.0
33.38,6.341,384.58,49.96,264.0,85.04,0,0.0,0.0,0.0
33.44,6.364,385.34,50.03,264.3,85.03,0,0.0,0.0,0.0
33.5,6.388,386.1,50.11,264.3,85.03,0,0.0,0.0,0.0
33.54,6.403,386.6,50.16,263.4,85.02,0,0.0,0.0,0.0
33.58,6.418,387.11,50.21,264.1,85.01,0,0.0,0.0,0.0
33.64,6.442,387.87,50.28,264.3,85.01,0,0.0,0.0,0.0
33.7,6.465,388.63,50.35,264.0,85.0,0,0.0,0.0,0.0
33.74,6.48,389.14,50.4,264.4,84.99,0,0.0,0.0,0.0
33.8,6.504,389.9,50.47,264.7,84.98,0,0.0,0.0,0.0
33.84,6.519,390.41,50.52,264.1,84.98,0,0.0,0.0,0.0
33.9,6.542,391.17,50.59,264.1,84.96,0,0.0,0.0,0.0
33.96,6.566,391.94,50.66,264.8,84.96,0,0.0,0.0,0.0
34.0,6.582,392.44,50.71,264.3,84.95,0,0.0,0.0,0.0
34.04,6.597,392.95,50.78,264.5,84.94,0,0.0,0.0,0.0
34.1,6.621,393.72,50.82,264.6,84.93,0,0.0,0.0,0.0
34.16,6.644,394.48,50.89,264.6,84.92,0,0.0,0.0,0.0
34.2,6.66,394.99,50.94,264.8,84.92,0,0.0,0.0,0.0
34.24,6.676,395.5,50.98,264.5,84.91,0,0.0,0.0,0.0
34.3,6.699,396.26,51.05,264.3,84.9,0,0.0,0.0,0.0
34.36,6.723,397.03,51.12,265.2,84.89,0,0.0,0.0,0.0
34.4,6.739,397.54,51.16,264.3,84.88,0,0.0,0.0,0.0
34.44,6.755,398.05,51.21,264.7,84.87,0,0.0,0.0,0.0
34.5,6.779,398.82,51.27,264.6,84.87,0,0.0,0.0,0.0
34.56,6.802,399.59,51.34,265.3,84.86,0,0.0,0.0,0.0
34.6,6.818,400.1,51.38,265.0,84.85,0,0.0,0.0,0.0
34.66,6.842,400.87,51.45,265.1,84.84,0,0.0,0.0,0.0
34.7,6.858,401.38,51.49,265.0,84.83,0,0.0,0.0,0.0
34.76,6.882,402.15,51.55,265.5,84.83,0,0.0,0.0,0.0
34.8,6.898,402.67,51.6,265.3,84.82,0,0.0,0.0,0.0
34.86,6.923,403.44,51.66,264.9,84.81,0,0.0,0.0,0.0
34.9,6.939,403.95,51.7,265.5,84.81,0,0.0,0.0,0.0
34.96,6.963,404.73,51.76,265.7,84.8,0,0.0,0.0,0.0
35.0,6.979,405.24,51.8,265.9,84.79,0,0.0,0.0,0.0
35.06,7.003,406.02,51.87,265.5,84.78,0,0.0,0.0,0.0
35.1,7.019,406.53,51.91,265.0,84.78,0,0.0,0.0,0.0
35.16,7.044,407.31,51.97,265.8,84.77,0,0.0,0.0,0.0
35.2,7.06,407.83,52.01,265.9,84.76,0,0.0,0.0,0.0
35.26,7.084,408.6,52.07,265.8,84.75,0,0.0,0.0,0.0
35.3,7.101,409.38,52.13,265.5,84.74,0,0.0,0.0,0.0
35.36,7.125,409.9,52.17,265.3,84.73,0,0.0,0.0,0.0
35.42,7.15,410.67,52.22,265.9,84.72,0,0.0,0.0,0.0
35.46,7.166,411.19,52.26,265.4,84.72,0,0.0,0.0,0.0
35.5,7.182,411.71,52.3,266.7,84.71,0,0.0,0.0,0.0
35.56,7.207,412.49,52.35,266.5,84.7,0,0.0,0.0,0.0
35.6,7.223,413.01,52.39,266.1,84.69,0,0.0,0.0,0.0
35.66,7.248,413.79,52.44,265.8,84.68,0,0.0,0.0,0.0
35.72,7.273,414.57,52.5,266.1,84.67,0,0.0,0.0,0.0
35.76,7.289,415.09,52.53,266.1,84.67,0,0.0,0.0,0.0
35.8,7.306,415.61,52.57,266.4,84.67,0,0.0,0.0,0.0
35.86,7.339,416.66,52.64,266.6,84.65,0,0.0,0.0,0.0
35.92,7.356,417.18,52.67,266.6,84.65,0,0.0,0.0,0.0
35.96,7.372,417.71,52.7,266.8,84.64,0,0.0,0.0,0.0
36.02,7.397,418.49,52.75,266.4,84.63,0,0.0,0.0,0.0
36.06,7.414,419.02,52.79,266.2,84.63,0,0.0,0.0,0.0
36.1,7.431,419.54,52.82,266.2,84.62,0,0.0,0.0,0.0
36.16,7.456,420.33,52.87,266.8,84.61,0,0.0,0.0,0.0
36.2,7.473,420.85,52.9,266.7,84.6,0,0.0,0.0,0.0
36.26,7.498,421.64,52.94,266.5,84.59,0,0.0,0.0,0.0
36.32,7.523,422.43,52.99,266.7,84.59,0,0.0,0.0,0.0
36.36,7.54,422.96,53.02,266.2,84.58,0,0.0,0.0,0.0
36.4,7.557,423.48,53.05,266.6,84.57,0,0.0,0.0,0.0
36.46,7.582,424.27,53.09,267.5,84.56,0,0.0,0.0,0.0
36.52,7.607,425.07,53.13,266.8,84.55,0,0.0,0.0,0.0
36.56,7.624,425.6,53.16,266.9,84.55,0,0.0,0.0,0.0
36.62,7.65,426.39,53.2,266.8,84.54,0,0.0,0.0,0.0
36.66,7.667,426.92,53.23,267.4,84.53,0,0.0,0.0,0.0
36.72,7.692,427.71,53.27,266.8,84.52,0,0.0,0.0,0.0
36.76,7.709,428.25,53.3,267.4,84.52,0,0.0,0.0,0.0
36.82,7.735,429.04,53.34,267.6,84.51,0,0.0,0.0,0.0
36.88,7.761,429.85,53.39,267.2,84.5,0,0.0,0.0,0.0
36.92,7.778,430.38,53.4,267.5,84.49,0,0.0,0.0,0.0
36.96,7.795,430.91,53.43,267.5,84.48,0,0.0,0.0,0.0
37.02,7.821,431.72,53.46,267.4,84.47,0,0.0,0.0,0.0
37.06,7.838,432.26,53.49,267.5,84.47,0,0.0,0.0,0.0
37.12,7.864,433.06,53.52,267.2,84.46,0,0.0,0.0,0.0
37.16,7.881,433.6,53.55,267.3,84.45,0,0.0,0.0,0.0
37.22,7.907,434.4,53.58,267.8,84.44,0,0.0,0.0,0.0
37.26,7.924,435.21,53.61,267.6,84.44,0,0.0,0.0,0.0
37.32,7.959,436.02,53.66,267.6,84.42,0,0.0,0.0,0.0
37.38,7.976,436.56,53.67,267.5,84.42,0,0.0,0.0,0.0
37.42,7.994,437.37,53.7,268.3,84.41,0,0.0,0.0,0.0
37.48,8.02,437.92,53.72,267.9,84.4,0,0.0,0.0,0.0
37.52,8.037,438.46,53.74,268.0,84.4,0,0.0,0.0,0.0
37.58,8.064,439.28,53.77,268.0,84.39,0,0.0,0.0,0.0
37.62,8.081,439.82,53.79,268.3,84.38,0,0.0,0.0,0.0
37.68,8.107,440.64,53.82,268.4,84.37,0,0.0,0.0,0.0
37.74,8.134,441.46,53.85,268.1,84.36,0,0.0,0.0,0.0
37.78,8.151,442.01,53.87,268.2,84.36,0,0.0,0.0,0.0
37.84,8.178,442.83,53.89,268.7,84.34,0,0.0,0.0,0.0
37.88,8.195,443.38,53.91,268.7,84.34,0,0.0,0.0,0.0
37.94,8.222,444.21,53.93,268.8,84.33,0,0.0,0.0,0.0
37.98,8.24,444.76,53.95,268.7,84.32,0,0.0,0.0,0.0
38.04,8.266,445.59,53.98,268.5,84.31,0,0.0,0.0,0.0
38.08,8.284,446.14,53.99,268.4,84.31,0,0.0,0.0,0.0
38.14,8.311,446.97,54.01,268.5,84.3,0,0.0,0.0,0.0
38.18,8.328,447.53,54.03,269.0,84.3,0,0.0,0.0,0.0
38.24,8.355,448.36,54.05,268.5,84.28,0,0.0,0.0,0.0
38.28,8.373,448.91,54.06,269.0,84.28,0,0.0,0.0,0.0
38.34,8.4,449.75,54.08,269.0,84.27,0,0.0,0.0,0.0
38.38,8.418,450.31,54.1,269.0,84.26,0,0.0,0.0,0.0
38.44,8.445,451.15,54.12,268.8,84.25,0,0.0,0.0,0.0
38.48,8.463,451.71,54.13,269.5,84.25,0,0.0,0.0,0.0
38.54,8.49,452.55,54.15,269.1,84.24,0,0.0,0.0,0.0
38.58,8.508,453.11,54.16,268.9,84.23,0,0.0,0.0,0.0
38.64,8.535,453.95,54.17,269.2,84.22,0,0.0,0.0,0.0
38.68,8.553,454.51,54.18,268.9,84.22,0,0.0,0.0,0.0
38.74,8.58,455.36,54.2,269.1,84.2,0,0.0,0.0,0.0
38.78,8.598,455.92,54.21,269.7,84.2,0,0.0,0.0,0.0
38.84,8.625,456.77,54.22,269.2,84.19,0,0.0,0.0,0.0
38.9,8.653,457.62,54.23,269.8,84.18,0,0.0,0.0,0.0
38.94,8.671,458.19,54.24,269.7,84.18,0,0.0,0.0,0.0
38.98,8.689,458.76,54.25,269.2,84.17,0,0.0,0.0,0.0
39.04,8.717,459.61,54.26,269.2,84.16,0,0.0,0.0,0.0
39.1,8.744,460.47,54.27,269.8,84.15,0,0.0,0.0,0.0
39.14,8.762,461.04,54.28,269.6,84.14,0,0.0,0.0,0.0
39.2,8.79,461.89,54.28,270.3,84.13,0,0.0,0.0,0.0
39.24,8.808,462.47,54.29,269.8,84.13,0,0.0,0.0,0.0
39.3,8.836,463.33,54.3,269.5,84.12,0,0.0,0.0,0.0
39.34,8.854,463.9,54.3,269.7,84.11,0,0.0,0.0,0.0
39.4,8.882,464.76,54.31,269.7,84.1,0,0.0,0.0,0.0
39.44,8.901,465.34,54.31,269.8,84.1,0,0.0,0.0,0.0
39.5,8.928,466.2,54.31,270.0,84.09,0,0.0,0.0,0.0
39.54,8.947,466.78,54.32,269.3,84.08,0,0.0,0.0,0.0
39.6,8.975,467.65,54.32,270.3,84.07,0,0.0,0.0,0.0
39.64,8.994,468.23,54.32,270.2,84.07,0,0.0,0.0,0.0
39.7,9.022,469.1,54.32,270.2,84.06,0,0.0,0.0,0.0
39.74,9.04,469.68,54.32,270.2,84.05,0,0.0,0.0,0.0
39.8,9.068,470.84,54.32,270.0,84.04,0,0.0,0.0,0.0
39.84,9.087,471.14,54.32,270.7,84.04,0,0.0,0.0,0.0
39.9,9.115,472.01,54.32,270.5,84.03,0,0.0,0.0,0.0
39.94,9.134,472.88,54.32,269.7,84.02,0,0.0,0.0,0.0
40.0,9.162,473.47,54.32,270.3,84.01,0,0.0,0.0,0.0
40.04,9.181,474.05,54.31,269.8,84.0,0,0.0,0.0,0.0
40.1,9.209,474.93,54.31,269.8,84.0,0,0.0,0.0,0.0
40.16,9.238,475.81,54.3,270.3,83.99,0,0.0,0.0,0.0
40.2,9.257,476.4,54.3,270.3,83.98,0,0.0,0.0,0.0
40.24,9.276,476.99,54.3,270.6,83.97,0,0.0,0.0,0.0
40.3,9.304,477.88,54.29,270.6,83.96,0,0.0,0.0,0.0
40.36,9.333,478.77,54.28,270.6,83.96,0,0.0,0.0,0.0
40.4,9.352,479.36,54.27,270.4,83.95,0,0.0,0.0,0.0
40.46,9.38,480.25,54.27,271.1,83.94,0,0.0,0.0,0.0
40.5,9.4,480.85,54.26,271.1,83.93,0,0.0,0.0,0.0
40.54,9.419,481.44,54.25,270.5,83.92,0,0.0,0.0,0.0
40.6,9.447,482.34,54.24,271.6,83.92,0,0.0,0.0,0.0
40.64,9.467,482.94,54.23,271.1,83.91,0,0.0,0.0,0.0
40.7,9.496,483.84,54.22,270.7,83.9,0,0.0,0.0,0.0
40.76,9.524,484.74,54.21,270.9,83.89,0,0.0,0.0,0.0
40.8,9.544,485.34,54.2,271.2,83.88,0,0.0,0.0,0.0
40.84,9.563,486.25,54.19,271.4,83.88,0,0.0,0.0,0.0
40.9,9.592,486.85,54.18,271.8,83.87,0,0.0,0.0,0.0
40.96,9.621,487.76,54.16,271.5,83.86,0,0.0,0.0,0.0
41.0,9.641,488.37,54.15,271.2,83.85,0,0.0,0.0,0.0
41.06,9.67,489.28,54.13,271.4,83.85,0,0.0,0.0,0.0
41.1,9.689,489.89,54.12,271.9,83.84,0,0.0,0.0,0.0
41.16,9.719,490.8,54.11,271.1,83.83,0,0.0,0.0,0.0
41.2,9.738,491.41,54.09,271.2,83.83,0,0.0,0.0,0.0
41.26,9.767,492.33,54.07,271.6,83.82,0,0.0,0.0,0.0
41.3,9.787,492.94,54.06,271.4,83.81,0,0.0,0.0,0.0
41.36,9.816,493.86,54.04,271.6,83.8,0,0.0,0.0,0.0
41.4,9.836,494.48,54.03,271.5,83.8,0,0.0,0.0,0.0
41.46,9.866,495.4,54.01,271.5,83.79,0,0.0,0.0,0.0
41.5,9.895,496.33,53.98,272.2,83.78,0,0.0,0.0,0.0
41.56,9.915,496.95,53.97,271.5,83.77,0,0.0,0.0,0.0
41.6,9.935,497.57,53.95,271.6,83.77,0,0.0,0.0,0.0
41.66,9.964,498.5,53.93,271.4,83.76,0,0.0,0.0,0.0
41.7,9.984,499.12,53.91,272.6,83.75,0,0.0,0.0,0.0
41.76,10.014,500.05,53.89,272.1,83.74,0,0.0,0.0,0.0
41.82,10.044,500.99,53.86,272.9,83.73,0,0.0,0.0,0.0
41.86,10.064,501.61,53.84,272.4,83.73,0,0.0,0.0,0.0
41.92,10.094,502.55,53.81,272.9,83.72,0,0.0,0.0,0.0
41.96,10.114,503.18,53.79,272.8,83.71,0,0.0,0.0,0.0
42.02,10.144,504.12,53.77,272.6,83.7,0,0.0,0.0,0.0
42.06,10.164,504.75,53.75,272.4,83.7,0,0.0,0.0,0.0
42.12,10.194,505.7,53.72,272.7,83.68,0,0.0,0.0,0.0
42.16,10.214,506.33,53.7,273.0,83.68,0,0.0,0.0,0.0
42.22,10.245,507.28,53.67,272.6,83.67,0,0.0,0.0,0.0
42.26,10.265,507.92,53.64,272.9,83.66,0,0.0,0.0,0.0
42.32,10.295,508.87,53.61,272.7,83.65,0,0.0,0.0,0.0
42.36,10.315,509.51,53.59,272.7,83.65,0,0.0,0.0,0.0
42.42,10.346,510.47,53.56,273.1,83.64,0,0.0,0.0,0.0
42.46,10.366,511.11,53.53,272.8,83.63,0,0.0,0.0,0.0
42.52,10.397,512.06,53.5,272.6,83.63,0,0.0,0.0,0.0
42.56,10.417,512.71,53.48,273.3,83.62,0,0.0,0.0,0.0
42.6,10.437,513.35,53.45,273.0,83.61,0,0.0,0.0,0.0
42.66,10.468,514.31,53.42,273.6,83.61,0,0.0,0.0,0.0
42.72,10.499,515.28,53.38,273.6,83.59,0,0.0,0.0,0.0
42.76,10.519,515.93,53.35,272.8,83.59,0,0.0,0.0,0.0
42.82,10.55,516.9,53.31,273.6,83.58,0,0.0,0.0,0.0
42.86,10.571,517.55,53.29,273.2,83.58,0,0.0,0.0,0.0
42.92,10.601,518.52,53.25,273.0,83.56,0,0.0,0.0,0.0
42.96,10.622,519.18,53.22,273.1,83.56,0,0.0,0.0,0.0
43.02,10.653,520.15,53.18,273.8,83.55,0,0.0,0.0,0.0
43.06,10.674,520.81,53.16,273.8,83.54,0,0.0,0.0,0.0
43.12,10.705,521.79,53.11,273.0,83.53,0,0.0,0.0,0.0
43.16,10.726,522.44,53.09,273.4,83.53,0,0.0,0.0,0.0
43.22,10.757,523.43,53.04,273.0,83.52,0,0.0,0.0,0.0
43.26,10.778,524.09,53.01,273.9,83.51,0,0.0,0.0,0.0
43.32,10.809,525.08,52.97,274.0,83.5,0,0.0,0.0,0.0
43.36,10.83,525.74,52.94,273.7,83.5,0,0.0,0.0,0.0
43.42,10.861,526.73,52.89,273.0,83.49,0,0.0,0.0,0.0
43.48,10.893,527.72,52.85,274.0,83.48,0,0.0,0.0,0.0
43.52,10.914,528.39,52.82,273.8,83.48,0,0.0,0.0,0.0
43.56,10.935,529.05,52.79,273.6,83.47,0,0.0,0.0,0.0
43.62,10.966,530.05,52.74,273.7,83.46,0,0.0,0.0,0.0
43.68,10.998,531.05,52.69,274.1,83.45,0,0.0,0.0,0.0
43.72,11.019,531.72,52.66,273.5,83.45,0,0.0,0.0,0.0
43.78,11.051,532.72,52.61,273.7,83.44,0,0.0,0.0,0.0
43.82,11.072,533.4,52.57,274.4,83.43,0,0.0,0.0,0.0
43.88,11.104,534.41,52.52,274.2,83.42,0,0.0,0.0,0.0
43.92,11.125,535.08,52.49,273.5,83.42,0,0.0,0.0,0.0
43.98,11.157,536.09,52.44,273.5,83.4,0,0.0,0.0,0.0
44.02,11.178,536.76,52.4,274.0,83.4,0,0.0,0.0,0.0
44.08,11.21,537.78,52.35,274.3,83.39,0,0.0,0.0,0.0
44.12,11.232,538.46,52.31,273.6,83.39,0,0.0,0.0,0.0
44.18,11.264,539.47,52.26,273.6,83.38,0,0.0,0.0,0.0
44.22,11.285,540.15,52.22,273.7,83.37,0,0.0,0.0,0.0
44.28,11.318,541.17,52.17,273.7,83.36,0,0.0,0.0,0.0
44.32,11.339,541.86,52.13,274.7,83.35,0,0.0,0.0,0.0
44.38,11.371,542.88,52.08,273.8,83.34,0,0.0,0.0,0.0
44.44,11.404,543.91,52.02,273.8,83.34,0,0.0,0.0,0.0
44.48,11.425,544.59,51.98,273.7,83.33,0,0.0,0.0,0.0
44.52,11.447,545.28,51.94,273.8,83.33,0,0.0,0.0,0.0
44.58,11.48,546.31,51.88,274.6,83.32,0,0.0,0.0,0.0
44.64,11.512,547.35,51.82,274.2,83.31,0,0.0,0.0,0.0
44.68,11.534,548.04,51.78,274.7,83.3,0,0.0,0.0,0.0
44.72,11.556,548.74,51.75,274.7,83.29,0,0.0,0.0,0.0
44.78,11.589,549.78,51.69,275.2,83.29,0,0.0,0.0,0.0
44.84,11.621,550.83,51.63,274.3,83.28,0,0.0,0.0,0.0
44.88,11.643,551.53,51.58,275.3,83.27,0,0.0,0.0,0.0
44.92,11.665,552.23,51.52,275.1,83.27,0,0.0,0.0,0.0
44.98,11.698,553.28,51.48,275.0,83.26,0,0.0,0.0,0.0
45.04,11.731,554.33,51.42,274.5,83.25,0,0.0,0.0,0.0
45.08,11.753,555.04,51.38,275.5,83.24,0,0.0,0.0,0.0
45.12,11.775,555.75,51.34,275.6,83.24,0,0.0,0.0,0.0
45.18,11.808,556.81,51.27,274.8,83.23,0,0.0,0.0,0.0
45.24,11.842,557.87,51.21,275.3,83.22,0,0.0,0.0,0.0
45.28,11.864,558.58,51.17,275.5,83.21,0,0.0,0.0,0.0
45.34,11.897,559.64,51.1,274.8,83.21,0,0.0,0.0,0.0
45.38,11.919,560.35,51.06,274.9,83.2,0,0.0,0.0,0.0
45.44,11.953,561.43,50.99,274.8,83.19,0,0.0,0.0,0.0
45.48,11.975,562.14,50.95,275.7,83.18,0,0.0,0.0,0.0
45.54,12.009,563.22,50.88,275.6,83.18,0,0.0,0.0,0.0
45.58,12.031,563.93,50.84,275.1,83.17,0,0.0,0.0,0.0
45.64,12.065,565.01,50.77,275.6,83.16,0,0.0,0.0,0.0
45.7,12.098,566.1,50.7,276.2,83.15,0,0.0,0.0,0.0
45.74,12.121,566.82,50.66,276.1,83.15,0,0.0,0.0,0.0
45.78,12.143,567.55,50.61,275.7,83.14,0,0.0,0.0,0.0
45.84,12.177,568.64,50.54,276.1,83.13,0,0.0,0.0,0.0
45.9,12.211,569.73,50.47,275.6,83.13,0,0.0,0.0,0.0
45.94,12.234,570.45,50.43,275.7,83.12,0,0.0,0.0,0.0
45.98,12.257,571.19,50.36,275.2,83.11,0,0.0,0.0,0.0
46.04,12.291,572.28,50.31,276.4,83.1,0,0.0,0.0,0.0
46.1,12.325,573.38,50.24,276.0,83.09,0,0.0,0.0,0.0
46.14,12.348,574.12,50.19,276.2,83.09,0,0.0,0.0,0.0
46.2,12.382,575.22,50.12,275.8,83.08,0,0.0,0.0,0.0
46.24,12.405,575.96,50.07,276.4,83.07,0,0.0,0.0,0.0
46.28,12.428,576.69,50.0,276.1,83.07,0,0.0,0.0,0.0
46.34,12.462,577.8,49.95,275.7,83.06,0,0.0,0.0,0.0
46.4,12.496,578.91,49.88,276.5,83.05,0,0.0,0.0,0.0
46.44,12.519,579.66,49.83,276.2,83.04,0,0.0,0.0,0.0
46.5,12.554,580.77,49.76,276.5,83.03,0,0.0,0.0,0.0
46.54,12.577,581.52,49.71,275.8,83.03,0,0.0,0.0,0.0
46.6,12.612,582.63,49.63,275.6,83.02,0,0.0,0.0,0.0
46.66,12.647,583.75,49.56,275.8,83.02,0,0.0,0.0,0.0
46.7,12.67,584.5,49.51,275.8,83.01,0,0.0,0.0,0.0
46.74,12.693,585.25,49.45,276.4,83.0,0,0.0,0.0,0.0
46.8,12.728,586.38,49.38,276.2,83.0,0,0.0,0.0,0.0
46.84,12.751,587.13,49.33,276.5,82.99,0,0.0,0.0,0.0
46.9,12.786,588.26,49.25,276.8,82.98,0,0.0,0.0,0.0
46.94,12.81,589.02,49.2,276.4,82.98,0,0.0,0.0,0.0
47.0,12.845,590.16,49.12,276.5,82.97,0,0.0,0.0,0.0
47.06,12.88,591.29,49.04,276.7,82.96,0,0.0,0.0,0.0
47.1,12.903,592.06,48.99,277.0,82.95,0,0.0,0.0,0.0
47.14,12.927,592.82,48.93,276.7,82.95,0,0.0,0.0,0.0
47.2,12.962,593.97,48.85,276.4,82.94,0,0.0,0.0,0.0
47.24,12.986,594.73,48.8,277.3,82.93,0,0.0,0.0,0.0
47.3,13.021,595.88,48.72,276.9,82.92,0,0.0,0.0,0.0
47.36,13.057,597.03,48.64,277.0,82.92,0,0.0,0.0,0.0
47.4,13.081,597.8,48.58,276.8,82.91,0,0.0,0.0,0.0
47.44,13.104,598.57,48.53,276.3,82.9,0,0.0,0.0,0.0
47.5,13.14,599.73,48.44,276.8,82.89,0,0.0,0.0,0.0
47.56,13.176,600.9,48.36,277.1,82.89,0,0.0,0.0,0.0
47.6,13.2,601.67,48.3,276.5,82.88,0,0.0,0.0,0.0
47.66,13.236,602.84,48.22,276.7,82.87,0,0.0,0.0,0.0
47.7,13.259,603.62,48.16,277.0,82.86,0,0.0,0.0,0.0
47.76,13.295,604.78,48.08,276.6,82.86,0,0.0,0.0,0.0
47.8,13.32,605.57,48.02,277.5,82.85,0,0.0,0.0,0.0
47.86,13.356,606.74,47.94,277.7,82.84,0,0.0,0.0,0.0
47.9,13.38,607.53,47.88,276.9,82.84,0,0.0,0.0,0.0
47.96,13.416,608.71,47.79,276.9,82.83,0,0.0,0.0,0.0
48.0,13.44,609.5,47.73,277.7,82.82,0,0.0,0.0,0.0
48.06,13.476,610.68,47.65,277.9,82.82,0,0.0,0.0,0.0
48.1,13.501,611.87,47.56,277.3,82.81,0,0.0,0.0,0.0
48.16,13.537,612.67,47.5,277.4,82.8,0,0.0,0.0,0.0
48.2,13.562,613.46,47.44,276.8,82.8,0,0.0,0.0,0.0
48.26,13.598,614.66,47.35,277.6,82.79,0,0.0,0.0,0.0
48.32,13.635,615.86,47.27,277.6,82.78,0,0.0,0.0,0.0
48.36,13.659,616.65,47.21,277.0,82.78,0,0.0,0.0,0.0
48.4,13.684,617.45,47.15,277.1,82.77,0,0.0,0.0,0.0
48.46,13.72,618.66,47.06,277.9,82.76,0,0.0,0.0,0.0
48.52,13.757,619.86,46.97,276.9,82.75,0,0.0,0.0,0.0
48.56,13.782,620.67,46.91,277.7,82.75,0,0.0,0.0,0.0
48.6,13.807,621.48,46.85,278.0,82.74,0,0.0,0.0,0.0
48.66,13.844,622.69,46.75,277.1,82.73,0,0.0,0.0,0.0
48.72,13.881,623.9,46.66,277.8,82.72,0,0.0,0.0,0.0
48.76,13.906,624.72,46.6,277.1,82.72,0,0.0,0.0,0.0
48.82,13.943,625.94,46.51,277.9,82.71,0,0.0,0.0,0.0
48.86,13.968,626.75,46.45,277.0,82.71,0,0.0,0.0,0.0
48.9,13.993,627.57,46.39,277.6,82.7,0,0.0,0.0,0.0
48.96,14.03,628.8,46.29,278.0,82.69,0,0.0,0.0,0.0
49.02,14.067,630.03,46.2,277.8,82.69,0,0.0,0.0,0.0
49.06,14.092,630.85,46.14,278.2,82.68,0,0.0,0.0,0.0
49.1,14.118,631.67,46.07,278.1,82.68,0,0.0,0.0,0.0
49.16,14.155,632.91,45.98,277.6,82.67,0,0.0,0.0,0.0
49.22,14.193,634.15,45.89,277.8,82.65,0,0.0,0.0,0.0
49.28,14.231,635.4,45.79,277.8,82.65,0,0.0,0.0,0.0
49.32,14.256,636.23,45.7,278.6,82.64,0,0.0,0.0,0.0
49.36,14.281,637.06,45.66,278.7,82.63,0,0.0,0.0,0.0
49.42,14.319,638.32,45.57,277.8,82.63,0,0.0,0.0,0.0
49.46,14.345,639.15,45.47,278.2,82.62,0,0.0,0.0,0.0
49.5,14.37,639.99,45.41,277.7,82.62,0,0.0,0.0,0.0
49.54,14.421,641.67,45.31,277.9,82.61,0,0.0,0.0,0.0
49.62,14.446,642.51,45.25,277.8,82.6,0,0.0,0.0,0.0
49.66,14.472,643.36,45.19,278.4,82.6,0,0.0,0.0,0.0
49.72,14.51,644.62,45.09,278.8,82.59,0,0.0,0.0,0.0
49.76,14.536,645.47,45.02,278.0,82.58,0,0.0,0.0,0.0
49.82,14.574,646.74,44.93,279.0,82.58,0,0.0,0.0,0.0
49.86,14.6,647.59,44.86,279.0,82.57,0,0.0,0.0,0.0
49.9,14.626,648.45,44.8,278.9,82.57,0,0.0,0.0,0.0
49.98,14.677,650.16,44.67,278.3,82.56,0,0.0,0.0,0.0
50.02,14.703,651.01,44.6,278.5,82.55,0,0.0,0.0,0.0
50.06,14.729,651.87,44.54,278.7,82.55,0,0.0,0.0,0.0
50.12,14.768,653.16,44.44,278.5,82.54,0,0.0,0.0,0.0
50.14,14.793,654.02,44.37,279.1,82.53,0,0.0,0.0,0.0
50.22,14.832,655.32,44.27,278.9,82.52,0,0.0,0.0,0.0
50.26,14.858,656.18,44.21,278.4,82.52,0,0.0,0.0,0.0
50.32,14.898,657.48,44.11,278.4,82.51,0,0.0,0.0,0.0
50.36,14.924,658.34,44.04,278.2,82.5,0,0.0,0.0,0.0
50.42,14.963,659.65,43.94,279.2,82.5,0,0.0,0.0,0.0
50.46,14.989,660.52,43.88,278.2,82.49,0,0.0,0.0,0.0
50.52,15.028,661.83,43.78,279.4,82.48,0,0.0,0.0,0.0
50.58,15.068,663.14,43.68,278.4,82.47,0,0.0,0.0,0.0
50.62,15.094,664.02,43.61,279.0,82.47,0,0.0,0.0,0.0
50.66,15.121,664.9,43.54,278.6,82.46,0,0.0,0.0,0.0
50.72,15.16,666.21,43.44,278.5,82.45,0,0.0,0.0,0.0
50.78,15.2,667.54,43.34,278.7,82.44,0,0.0,0.0,0.0
50.82,15.226,668.42,43.27,279.3,82.44,0,0.0,0.0,0.0
50.86,15.253,669.3,43.2,278.5,82.43,0,0.0,0.0,0.0
50.92,15.293,670.64,43.1,279.0,82.43,0,0.0,0.0,0.0
50.98,15.333,671.97,43.0,279.0,82.42,0,0.0,0.0,0.0
51.02,15.359,672.86,42.93,278.9,82.42,0,0.0,0.0,0.0
51.08,15.399,674.2,42.82,278.5,82.41,0,0.0,0.0,0.0
51.12,15.426,675.1,42.75,279.1,82.4,0,0.0,0.0,0.0
51.16,15.453,675.99,42.68,278.6,82.4,0,0.0,0.0,0.0
51.16,15.453,675.99,42.68,278.6,82.4,0,0.0,0.0,0.0
51.24,15.507,677.8,42.54,278.9,82.39,0,0.0,0.0,0.0
51.3,15.547,679.15,42.44,279.9,82.38,0,0.0,0.0,0.0
51.34,15.574,680.06,42.37,279.5,82.37,0,0.0,0.0,0.0
51.4,15.615,681.42,42.26,278.9,82.36,0,0.0,0.0,0.0
51.44,15.642,682.33,42.19,279.2,82.36,0,0.0,0.0,0.0
51.5,15.682,683.69,42.09,280.1,82.35,0,0.0,0.0,0.0
51.56,15.723,685.06,41.98,280.1,82.34,0,0.0,0.0,0.0
51.6,15.75,685.98,41.91,279.7,82.34,0,0.0,0.0,0.0
51.66,15.791,687.36,41.8,279.6,82.33,0,0.0,0.0,0.0
51.7,15.818,688.28,41.73,280.0,82.32,0,0.0,0.0,0.0
51.76,15.859,689.67,41.62,279.9,82.31,0,0.0,0.0,0.0
51.8,15.887,690.59,41.55,279.1,82.31,0,0.0,0.0,0.0
51.86,15.928,691.98,41.44,279.6,82.3,0,0.0,0.0,0.0
51.9,15.955,692.91,41.37,280.2,82.3,0,0.0,0.0,0.0
51.96,15.996,694.3,41.26,279.5,82.29,0,0.0,0.0,0.0
52.0,16.024,695.23,41.19,279.6,82.28,0,0.0,0.0,0.0
52.04,16.052,696.17,41.12,279.5,82.28,0,0.0,0.0,0.0
52.1,16.093,697.58,41.01,280.4,82.27,0,0.0,0.0,0.0
52.16,16.135,698.98,40.9,280.0,82.26,0,0.0,0.0,0.0
52.2,16.162,699.92,40.83,280.3,82.26,0,0.0,0.0,0.0
52.26,16.204,701.34,40.72,279.9,82.25,0,0.0,0.0,0.0
52.3,16.232,702.28,40.64,280.1,82.25,0,0.0,0.0,0.0
52.36,16.274,703.7,40.53,279.4,82.24,0,0.0,0.0,0.0
52.4,16.302,704.65,40.46,280.3,82.23,0,0.0,0.0,0.0
52.46,16.344,706.08,40.35,280.8,82.22,0,0.0,0.0,0.0
52.5,16.372,707.04,40.28,279.7,82.22,0,0.0,0.0,0.0
52.56,16.414,708.47,40.17,280.4,82.21,0,0.0,0.0,0.0
52.62,16.456,709.91,40.06,280.6,82.2,0,0.0,0.0,0.0
52.66,16.484,710.87,39.98,280.0,82.2,0,0.0,0.0,0.0
52.7,16.512,711.83,39.91,280.5,82.19,0,0.0,0.0,0.0
52.76,16.555,713.28,39.8,280.5,82.18,0,0.0,0.0,0.0
52.8,16.583,714.24,39.73,280.1,82.18,0,0.0,0.0,0.0
52.86,16.625,715.7,39.62,280.4,82.17,0,0.0,0.0,0.0
52.9,16.654,716.66,39.54,280.0,82.16,0,0.0,0.0,0.0
52.96,16.696,718.12,39.43,279.6,82.16,0,0.0,0.0,0.0
53.0,16.725,719.1,39.36,280.5,82.15,0,0.0,0.0,0.0
53.06,16.768,720.56,39.25,280.4,82.14,0,0.0,0.0,0.0
53.12,16.811,722.03,39.14,280.3,82.14,0,0.0,0.0,0.0
53.16,16.839,723.01,39.06,280.9,82.13,0,0.0,0.0,0.0
53.2,16.868,723.99,38.99,280.5,82.13,0,0.0,0.0,0.0
53.26,16.911,725.47,38.88,280.5,82.12,0,0.0,0.0,0.0
53.32,16.954,726.96,38.76,280.3,82.11,0,0.0,0.0,0.0
53.36,16.983,727.94,38.69,280.0,82.11,0,0.0,0.0,0.0
53.4,17.012,728.94,38.61,280.9,82.1,0,0.0,0.0,0.0
53.46,17.055,730.43,38.5,280.5,82.09,0,0.0,0.0,0.0
53.52,17.099,731.92,38.39,280.5,82.09,0,0.0,0.0,0.0
53.56,17.128,732.92,38.32,280.5,82.08,0,0.0,0.0,0.0
53.62,17.171,734.42,38.17,280.4,82.07,0,0.0,0.0,0.0
53.66,17.201,735.42,38.13,280.2,82.07,0,0.0,0.0,0.0
53.72,17.244,736.93,38.02,280.8,82.06,0,0.0,0.0,0.0
53.76,17.274,737.93,37.94,280.0,82.06,0,0.0,0.0,0.0
53.82,17.317,739.45,37.83,280.4,82.05,0,0.0,0.0,0.0
53.86,17.347,740.46,37.75,280.8,82.04,0,0.0,0.0,0.0
53.9,17.376,741.47,37.68,280.6,82.04,0,0.0,0.0,0.0
53.96,17.42,743.0,37.56,280.0,82.03,0,0.0,0.0,0.0
54.02,17.465,744.52,37.45,280.1,82.02,0,0.0,0.0,0.0
54.08,17.509,746.05,37.34,280.8,82.01,0,0.0,0.0,0.0
54.12,17.538,747.08,37.26,280.8,82.0,0,0.0,0.0,0.0
54.16,17.568,748.1,37.19,280.4,82.0,0,0.0,0.0,0.0
54.22,17.613,749.65,37.07,281.1,81.99,0,0.0,0.0,0.0
54.28,17.657,751.19,36.96,281.3,81.98,0,0.0,0.0,0.0
54.32,17.687,752.22,36.88,280.3,81.97,0,0.0,0.0,0.0
54.36,17.717,753.26,36.81,280.9,81.97,0,0.0,0.0,0.0
54.42,17.762,754.81,36.69,280.5,81.96,0,0.0,0.0,0.0
54.46,17.792,755.85,36.62,281.5,81.96,0,0.0,0.0,0.0
54.52,17.837,757.42,36.5,281.3,81.95,0,0.0,0.0,0.0
54.58,17.882,758.98,36.39,280.7,81.94,0,0.0,0.0,0.0
54.62,17.912,760.03,36.31,281.0,81.94,0,0.0,0.0,0.0
54.66,17.942,761.07,36.24,280.5,81.94,0,0.0,0.0,0.0
54.72,17.987,762.65,36.13,281.0,81.93,0,0.0,0.0,0.0
54.78,18.032,764.23,36.01,280.7,81.92,0,0.0,0.0,0.0
54.82,18.063,765.29,35.94,280.9,81.92,0,0.0,0.0,0.0
54.88,18.108,766.87,35.82,281.1,81.91,0,0.0,0.0,0.0
54.92,18.139,767.93,35.75,280.9,81.91,0,0.0,0.0,0.0
54.98,18.184,769.53,35.63,280.9,81.9,0,0.0,0.0,0.0
55.02,18.215,770.59,35.56,281.6,81.89,0,0.0,0.0,0.0
55.08,18.261,772.2,35.44,281.3,81.89,0,0.0,0.0,0.0
55.12,18.291,773.27,35.37,281.0,81.88,0,0.0,0.0,0.0
55.16,18.322,774.34,35.29,281.6,81.87,0,0.0,0.0,0.0
55.22,18.368,775.95,35.18,280.8,81.86,0,0.0,0.0,0.0
55.28,18.414,777.57,35.06,281.3,81.86,0,0.0,0.0,0.0
55.34,18.461,779.19,34.95,281.2,81.85,0,0.0,0.0,0.0
55.38,18.491,780.27,34.87,281.5,81.84,0,0.0,0.0,0.0
55.42,18.522,781.35,34.8,281.2,81.84,0,0.0,0.0,0.0
55.48,18.569,782.98,34.68,280.9,81.83,0,0.0,0.0,0.0
55.52,18.6,784.07,34.61,281.9,81.82,0,0.0,0.0,0.0
55.58,18.647,785.71,34.49,281.7,81.82,0,0.0,0.0,0.0
55.64,18.693,787.35,34.38,281.6,81.81,0,0.0,0.0,0.0
55.68,18.724,788.45,34.3,281.8,81.81,0,0.0,0.0,0.0
55.72,18.756,789.55,34.23,281.0,81.8,0,0.0,0.0,0.0
55.78,18.803,791.2,34.11,281.1,81.79,0,0.0,0.0,0.0
55.82,18.834,792.31,34.04,281.0,81.79,0,0.0,0.0,0.0
55.88,18.881,793.97,33.92,281.7,81.78,0,0.0,0.0,0.0
55.94,18.928,795.63,33.81,281.6,81.78,0,0.0,0.0,0.0
55.98,18.96,796.74,33.73,281.2,81.77,0,0.0,0.0,0.0
56.02,18.992,797.86,33.66,281.9,81.76,0,0.0,0.0,0.0
56.08,19.039,799.53,33.54,282.2,81.76,0,0.0,0.0,0.0
56.14,19.087,801.21,33.39,282.1,81.75,0,0.0,0.0,0.0
56.18,19.118,802.33,33.35,282.1,81.75,0,0.0,0.0,0.0
56.24,19.166,804.02,33.24,281.6,81.74,0,0.0,0.0,0.0
56.28,19.198,805.15,33.16,281.9,81.73,0,0.0,0.0,0.0
56.32,19.23,806.28,33.09,282.2,81.73,0,0.0,0.0,0.0
56.38,19.278,807.98,32.97,282.3,81.72,0,0.0,0.0,0.0
56.44,19.326,809.68,32.86,281.1,81.71,0,0.0,0.0,0.0
56.48,19.358,810.82,32.79,282.1,81.71,0,0.0,0.0,0.0
56.52,19.39,811.96,32.71,281.3,81.71,0,0.0,0.0,0.0
56.58,19.438,813.67,32.6,281.7,81.7,0,0.0,0.0,0.0
56.64,19.487,815.38,32.48,282.0,81.69,0,0.0,0.0,0.0
56.68,19.519,816.53,32.41,282.1,81.68,0,0.0,0.0,0.0
56.72,19.551,817.68,32.33,281.5,81.68,0,0.0,0.0,0.0
56.78,19.6,819.4,32.22,281.8,81.67,0,0.0,0.0,0.0
56.84,19.649,821.14,32.11,281.9,81.66,0,0.0,0.0,0.0
56.88,19.681,822.29,32.03,281.6,81.66,0,0.0,0.0,0.0
56.94,19.73,824.03,31.92,282.1,81.65,0,0.0,0.0,0.0
56.98,19.763,825.19,31.84,282.4,81.65,0,0.0,0.0,0.0
57.04,19.812,826.94,31.73,281.4,81.64,0,0.0,0.0,0.0
57.08,19.845,828.1,31.62,281.7,81.63,0,0.0,0.0,0.0
57.14,19.894,829.85,31.54,281.7,81.63,0,0.0,0.0,0.0
57.18,19.927,831.03,31.46,282.2,81.62,0,0.0,0.0,0.0
57.24,19.976,832.79,31.35,281.5,81.61,0,0.0,0.0,0.0
57.3,20.026,834.56,31.24,282.5,81.61,0,0.0,0.0,0.0
57.34,20.059,835.74,31.16,282.2,81.6,0,0.0,0.0,0.0
57.38,20.092,836.92,31.09,282.7,81.59,0,0.0,0.0,0.0
57.44,20.142,838.7,30.98,282.2,81.59,0,0.0,0.0,0.0
57.5,20.191,840.48,30.86,282.2,81.58,0,0.0,0.0,0.0
57.54,20.225,841.67,30.79,282.2,81.58,0,0.0,0.0,0.0
57.6,20.275,843.46,30.68,282.4,81.57,0,0.0,0.0,0.0
57.64,20.308,844.66,30.6,282.0,81.57,0,0.0,0.0,0.0
57.7,20.358,846.46,30.49,282.2,81.56,0,0.0,0.0,0.0
57.74,20.392,847.66,30.41,281.9,81.56,0,0.0,0.0,0.0
57.8,20.442,849.46,30.3,281.9,81.55,0,0.0,0.0,0.0
57.84,20.476,850.67,30.23,282.2,81.54,0,0.0,0.0,0.0
57.9,20.527,852.48,30.12,281.6,81.54,0,0.0,0.0,0.0
57.94,20.56,853.69,30.04,282.2,81.53,0,0.0,0.0,0.0
57.98,20.594,854.91,29.97,282.7,81.53,0,0.0,0.0,0.0
58.04,20.645,856.73,29.85,282.7,81.52,0,0.0,0.0,0.0
58.1,20.696,858.56,29.74,282.2,81.51,0,0.0,0.0,0.0
58.14,20.73,859.78,29.67,281.7,81.51,0,0.0,0.0,0.0
58.2,20.781,861.62,29.56,282.5,81.5,0,0.0,0.0,0.0
58.24,20.815,862.85,29.48,281.6,81.5,0,0.0,0.0,0.0
58.3,20.866,864.7,29.37,282.1,81.49,0,0.0,0.0,0.0
58.34,20.901,865.93,29.3,282.1,81.48,0,0.0,0.0,0.0
58.4,20.952,867.78,29.19,282.2,81.47,0,0.0,0.0,0.0
58.44,20.987,869.02,29.11,282.3,81.47,0,0.0,0.0,0.0
58.5,21.038,870.88,29.0,281.7,81.46,0,0.0,0.0,0.0
58.54,21.073,872.12,28.93,281.8,81.46,0,0.0,0.0,0.0
58.6,21.125,873.99,28.82,282.5,81.45,0,0.0,0.0,0.0
58.64,21.159,875.24,28.74,282.2,81.44,0,0.0,0.0,0.0
58.7,21.211,877.12,28.63,282.0,81.43,0,0.0,0.0,0.0
58.76,21.263,879.0,28.52,282.2,81.43,0,0.0,0.0,0.0
58.8,21.298,880.25,28.45,282.4,81.42,0,0.0,0.0,0.0
58.86,21.35,882.14,28.34,282.0,81.41,0,0.0,0.0,0.0
58.9,21.385,883.41,28.26,283.1,81.41,0,0.0,0.0,0.0
58.96,21.438,885.31,28.15,282.9,81.41,0,0.0,0.0,0.0
59.0,21.473,886.58,28.08,282.4,81.4,0,0.0,0.0,0.0
59.06,21.526,888.49,27.97,282.5,81.39,0,0.0,0.0,0.0
59.1,21.561,889.76,27.89,282.0,81.39,0,0.0,0.0,0.0
59.16,21.614,891.67,27.78,282.7,81.38,0,0.0,0.0,0.0
59.2,21.649,892.95,27.71,282.6,81.38,0,0.0,0.0,0.0
59.24,21.684,894.24,27.63,282.6,81.37,0,0.0,0.0,0.0
59.3,21.737,896.17,27.52,282.7,81.37,0,0.0,0.0,0.0
59.34,21.773,897.46,27.45,282.1,81.36,0,0.0,0.0,0.0
59.4,21.826,899.4,27.34,282.6,81.35,0,0.0,0.0,0.0
59.44,21.862,900.7,27.27,283.3,81.35,0,0.0,0.0,0.0
59.5,21.915,902.64,27.16,282.5,81.34,0,0.0,0.0,0.0
59.56,21.969,904.59,27.01,283.3,81.33,0,0.0,0.0,0.0
59.6,22.005,905.9,26.97,282.6,81.33,0,0.0,0.0,0.0
59.66,22.059,907.86,26.86,282.9,81.32,0,0.0,0.0,0.0
59.7,22.095,909.17,26.79,283.2,81.32,0,0.0,0.0,0.0
59.76,22.149,911.14,26.68,282.4,81.31,0,0.0,0.0,0.0
59.8,22.185,912.46,26.6,283.2,81.31,0,0.0,0.0,0.0
59.86,22.239,914.43,26.49,282.8,81.3,0,0.0,0.0,0.0
59.9,22.275,915.75,26.42,283.2,81.3,0,0.0,0.0,0.0
59.96,22.33,917.74,26.31,283.7,81.29,0,0.0,0.0,0.0
60.0,22.366,919.07,26.24,283.4,81.29,0,0.0,0.0,0.0
60.06,22.421,921.07,26.13,282.9,81.28,0,0.0,0.0,0.0
60.12,22.475,923.07,26.02,283.1,81.27,0,0.0,0.0,0.0
60.16,22.512,924.41,25.94,282.7,81.26,0,0.0,0.0,0.0
60.22,22.567,926.41,25.83,282.4,81.26,0,0.0,0.0,0.0
60.26,22.603,927.76,25.76,282.8,81.25,0,0.0,0.0,0.0
60.32,22.659,929.78,25.65,283.0,81.25,0,0.0,0.0,0.0
60.36,22.695,931.13,25.58,283.6,81.24,0,0.0,0.0,0.0
60.42,22.751,933.15,25.47,282.7,81.24,0,0.0,0.0,0.0
60.46,22.788,934.51,25.4,282.9,81.23,0,0.0,0.0,0.0
60.52,22.843,936.54,25.29,283.0,81.22,0,0.0,0.0,0.0
60.56,22.88,937.9,25.21,282.8,81.22,0,0.0,0.0,0.0
60.6,22.917,939.27,25.14,283.5,81.21,0,0.0,0.0,0.0
60.66,22.973,941.31,25.03,282.5,81.21,0,0.0,0.0,0.0
60.7,23.01,942.68,24.96,283.4,81.2,0,0.0,0.0,0.0
60.76,23.066,944.74,24.85,282.5,81.2,0,0.0,0.0,0.0
60.8,23.104,946.11,24.78,283.1,81.19,0,0.0,0.0,0.0
60.86,23.16,948.18,24.67,282.8,81.18,0,0.0,0.0,0.0
60.92,23.216,950.25,24.56,283.5,81.18,0,0.0,0.0,0.0
60.96,23.254,951.63,24.49,283.5,81.17,0,0.0,0.0,0.0
61.02,23.31,953.72,24.38,283.2,81.17,0,0.0,0.0,0.0
61.06,23.348,955.1,24.31,282.5,81.16,0,0.0,0.0,0.0
61.12,23.405,957.19,24.2,283.3,81.15,0,0.0,0.0,0.0
61.16,23.443,958.59,24.13,283.2,81.15,0,0.0,0.0,0.0
61.22,23.5,960.68,24.02,282.5,81.14,0,0.0,0.0,0.0
61.26,23.538,962.08,23.95,282.8,81.14,0,0.0,0.0,0.0
61.32,23.595,964.19,23.84,283.3,81.13,0,0.0,0.0,0.0
61.36,23.633,965.6,23.77,283.4,81.12,0,0.0,0.0,0.0
61.42,23.69,967.71,23.66,283.3,81.12,0,0.0,0.0,0.0
61.46,23.729,969.12,23.59,282.7,81.11,0,0.0,0.0,0.0
61.52,23.786,971.25,23.48,283.4,81.11,0,0.0,0.0,0.0
61.58,23.844,973.38,23.37,283.7,81.1,0,0.0,0.0,0.0
61.62,23.882,974.8,23.3,282.9,81.1,0,0.0,0.0,0.0
61.68,23.94,976.94,23.19,283.3,81.09,0,0.0,0.0,0.0
61.72,23.979,978.37,23.12,283.5,81.08,0,0.0,0.0,0.0
61.76,24.018,979.8,23.05,283.2,81.08,0,0.0,0.0,0.0
61.82,24.076,981.96,22.94,282.7,81.07,0,0.0,0.0,0.0
61.86,24.115,983.39,22.87,282.9,81.07,0,0.0,0.0,0.0
61.92,24.173,985.55,22.77,284.0,81.06,0,0.0,0.0,0.0
61.96,24.212,987.0,22.69,283.2,81.06,0,0.0,0.0,0.0
62.02,24.271,989.17,22.59,283.7,81.05,0,0.0,0.0,0.0
62.06,24.31,990.63,22.52,283.6,81.05,0,0.0,0.0,0.0
62.12,24.369,992.8,22.41,283.0,81.04,0,0.0,0.0,0.0
62.16,24.408,994.26,22.34,283.1,81.04,0,0.0,0.0,0.0
62.22,24.467,996.46,22.23,283.9,81.03,0,0.0,0.0,0.0
62.28,24.526,998.66,22.13,283.1,81.02,0,0.0,0.0,0.0
62.32,24.566,1000.12,22.06,283.8,81.02,0,0.0,0.0,0.0
62.38,24.625,1002.34,21.95,283.7,81.01,0,0.0,0.0,0.0
62.42,24.665,1003.81,21.88,283.2,81.01,0,0.0,0.0,0.0
62.48,24.724,1006.02,21.77,283.7,81.0,0,0.0,0.0,0.0
62.52,24.764,1007.5,21.7,283.0,80.99,0,0.0,0.0,0.0
62.58,24.824,1009.73,21.6,283.4,80.99,0,0.0,0.0,0.0
62.62,24.864,1011.22,21.53,283.5,80.98,0,0.0,0.0,0.0
62.68,24.924,1013.46,21.42,283.1,80.98,0,0.0,0.0,0.0
62.72,24.964,1014.95,21.35,283.9,80.97,0,0.0,0.0,0.0
62.78,25.024,1017.2,21.25,283.2,80.97,0,0.0,0.0,0.0
62.82,25.065,1018.7,21.18,283.6,80.96,0,0.0,0.0,0.0
62.88,25.125,1020.95,21.07,283.3,80.95,0,0.0,0.0,0.0
62.92,25.165,1022.46,21.0,283.1,80.95,0,0.0,0.0,0.0
62.98,25.226,1024.71,20.9,283.0,80.94,0,0.0,0.0,0.0
63.02,25.267,1026.23,20.83,283.2,80.94,0,0.0,0.0,0.0
63.08,25.328,1028.49,20.72,283.2,80.93,0,0.0,0.0,0.0
63.12,25.368,1030.02,20.65,283.3,80.93,0,0.0,0.0,0.0
63.18,25.429,1032.3,20.55,283.9,80.92,0,0.0,0.0,0.0
63.22,25.47,1033.83,20.48,283.4,80.92,0,0.0,0.0,0.0
63.28,25.532,1036.12,20.38,283.6,80.91,0,0.0,0.0,0.0
63.32,25.573,1037.65,20.31,283.3,80.91,0,0.0,0.0,0.0
63.38,25.634,1039.96,20.2,283.8,80.9,0,0.0,0.0,0.0
63.42,25.675,1041.49,20.14,283.7,80.89,0,0.0,0.0,0.0
63.48,25.737,1043.8,20.03,283.1,80.89,0,0.0,0.0,0.0
63.52,25.778,1045.34,19.96,283.6,80.88,0,0.0,0.0,0.0
63.58,25.84,1047.67,19.86,283.0,80.88,0,0.0,0.0,0.0
63.62,25.882,1049.22,19.79,283.7,80.87,0,0.0,0.0,0.0
63.68,25.944,1051.55,19.69,284.0,80.86,0,0.0,0.0,0.0
63.72,25.986,1053.1,19.62,283.0,80.86,0,0.0,0.0,0.0
63.78,26.048,1055.45,19.52,283.2,80.85,0,0.0,0.0,0.0
63.82,26.09,1057.01,19.45,283.4,80.85,0,0.0,0.0,0.0
63.88,26.153,1059.36,19.35,283.2,80.84,0,0.0,0.0,0.0
63.92,26.195,1060.93,19.28,283.6,80.84,0,0.0,0.0,0.0
63.98,26.258,1063.29,19.18,283.2,80.83,0,0.0,0.0,0.0
64.02,26.3,1064.86,19.11,283.2,80.83,0,0.0,0.0,0.0
64.08,26.363,1067.23,19.01,283.6,80.82,0,0.0,0.0,0.0
64.14,26.426,1069.61,18.91,283.0,80.81,0,0.0,0.0,0.0
64.18,26.468,1071.2,18.84,283.0,80.81,0,0.0,0.0,0.0
64.24,26.532,1073.59,18.74,283.5,80.8,0,0.0,0.0,0.0
64.28,26.574,1075.19,18.67,284.1,80.8,0,0.0,0.0,0.0
64.34,26.638,1077.59,18.57,284.3,80.79,0,0.0,0.0,0.0
64.38,26.681,1079.19,18.5,283.5,80.79,0,0.0,0.0,0.0
64.44,26.745,1081.6,18.4,283.0,80.78,0,0.0,0.0,0.0
64.48,26.788,1083.21,18.33,283.7,80.78,0,0.0,0.0,0.0
64.54,26.852,1085.62,18.23,283.5,80.77,0,0.0,0.0,0.0
64.58,26.895,1087.24,18.17,283.7,80.76,0,0.0,0.0,0.0
64.64,26.959,1089.67,18.07,283.4,80.76,0,0.0,0.0,0.0
64.68,27.003,1091.29,18.0,283.8,80.76,0,0.0,0.0,0.0
64.74,27.067,1093.73,17.9,283.6,80.75,0,0.0,0.0,0.0
64.78,27.111,1095.36,17.83,283.7,80.74,0,0.0,0.0,0.0
64.84,27.176,1097.81,17.73,283.5,80.74,0,0.0,0.0,0.0
64.88,27.219,1099.45,17.67,283.6,80.73,0,0.0,0.0,0.0
64.94,27.284,1101.91,17.57,283.7,80.73,0,0.0,0.0,0.0
64.98,27.328,1103.55,17.5,283.3,80.72,0,0.0,0.0,0.0
65.04,27.393,1106.02,17.4,283.3,80.72,0,0.0,0.0,0.0
65.08,27.437,1107.67,17.34,283.9,80.71,0,0.0,0.0,0.0
65.14,27.503,1110.15,17.24,283.8,80.71,0,0.0,0.0,0.0
65.18,27.547,1111.82,17.17,284.3,80.7,0,0.0,0.0,0.0
65.24,27.613,1114.31,17.08,283.8,80.69,0,0.0,0.0,0.0
65.28,27.657,1115.97,17.01,283.6,80.69,0,0.0,0.0,0.0
65.34,27.723,1118.47,16.91,283.9,80.68,0,0.0,0.0,0.0
65.38,27.767,1120.14,16.85,283.5,80.68,0,0.0,0.0,0.0
65.44,27.833,1122.66,16.75,283.5,80.67,0,0.0,0.0,0.0
65.5,27.9,1125.17,16.65,283.1,80.66,0,0.0,0.0,0.0
65.54,27.945,1126.86,16.59,284.0,80.66,0,0.0,0.0,0.0
65.6,28.011,1129.38,16.49,284.2,80.66,0,0.0,0.0,0.0
65.64,28.056,1131.08,16.43,284.2,80.65,0,0.0,0.0,0.0
65.7,28.123,1133.62,16.33,283.4,80.64,0,0.0,0.0,0.0
65.74,28.168,1135.31,16.27,284.0,80.64,0,0.0,0.0,0.0
65.8,28.235,1137.86,16.17,283.2,80.63,0,0.0,0.0,0.0
65.84,28.28,1139.57,16.11,283.7,80.63,0,0.0,0.0,0.0
65.9,28.348,1142.13,16.01,283.2,80.62,0,0.0,0.0,0.0
65.94,28.393,1143.84,15.95,283.5,80.62,0,0.0,0.0,0.0
66.0,28.461,1146.41,15.85,283.9,80.61,0,0.0,0.0,0.0
66.04,28.506,1148.13,15.79,283.9,80.61,0,0.0,0.0,0.0
66.1,28.574,1150.71,15.69,284.1,80.6,0,0.0,0.0,0.0
66.14,28.62,1152.44,15.63,284.1,80.6,0,0.0,0.0,0.0
66.2,28.688,1155.03,15.54,283.6,80.59,0,0.0,0.0,0.0
66.24,28.734,1156.76,15.47,283.3,80.58,0,0.0,0.0,0.0
66.3,28.802,1159.37,15.38,284.4,80.58,0,0.0,0.0,0.0
66.34,28.848,1161.11,15.32,283.9,80.57,0,0.0,0.0,0.0
66.4,28.917,1163.72,15.22,283.5,80.57,0,0.0,0.0,0.0
66.44,28.963,1165.47,15.16,283.7,80.56,0,0.0,0.0,0.0
66.5,29.032,1168.1,15.07,284.5,80.56,0,0.0,0.0,0.0
66.54,29.078,1169.85,15.0,283.8,80.55,0,0.0,0.0,0.0
66.6,29.148,1172.49,14.91,284.0,80.54,0,0.0,0.0,0.0
66.66,29.217,1175.14,14.82,284.7,80.54,0,0.0,0.0,0.0
66.7,29.264,1176.9,14.76,283.5,80.53,0,0.0,0.0,0.0
66.76,29.334,1179.56,14.66,283.8,80.53,0,0.0,0.0,0.0
66.8,29.38,1181.33,14.6,283.7,80.52,0,0.0,0.0,0.0
66.86,29.45,1184.0,14.51,284.2,80.52,0,0.0,0.0,0.0
66.9,29.497,1185.78,14.45,284.0,80.51,0,0.0,0.0,0.0
66.96,29.567,1188.47,14.36,284.5,80.51,0,0.0,0.0,0.0
67.0,29.614,1190.25,14.3,283.4,80.5,0,0.0,0.0,0.0
67.06,29.685,1192.95,14.21,284.2,80.5,0,0.0,0.0,0.0
67.1,29.732,1194.75,14.14,284.3,80.49,0,0.0,0.0,0.0
67.16,29.803,1197.45,14.05,284.2,80.49,0,0.0,0.0,0.0
67.2,29.85,1199.26,13.99,283.8,80.48,0,0.0,0.0,0.0
67.26,29.921,1201.97,13.9,283.7,80.47,0,0.0,0.0,0.0
67.3,29.969,1203.78,13.84,284.6,80.47,0,0.0,0.0,0.0
67.34,30.016,1206.5,13.75,284.2,80.46,0,0.0,0.0,0.0
67.4,30.088,1208.32,13.69,284.4,80.46,0,0.0,0.0,0.0
67.44,30.136,1210.14,13.63,283.4,80.46,0,0.0,0.0,0.0
67.5,30.207,1212.87,13.54,283.5,80.45,0,0.0,0.0,0.0
67.54,30.255,1214.7,13.49,283.2,80.44,0,0.0,0.0,0.0
67.6,30.327,1217.45,13.4,284.3,80.44,0,0.0,0.0,0.0
67.64,30.375,1219.28,13.34,284.4,80.43,0,0.0,0.0,0.0
67.7,30.448,1222.05,13.25,284.3,80.43,0,0.0,0.0,0.0
67.76,30.52,1224.82,13.16,283.9,80.42,0,0.0,0.0,0.0
67.8,30.569,1226.67,13.1,283.3,80.42,0,0.0,0.0,0.0
67.86,30.641,1229.45,13.01,283.5,80.41,0,0.0,0.0,0.0
67.9,30.69,1231.3,12.96,283.9,80.41,0,0.0,0.0,0.0
67.96,30.763,1234.09,12.87,283.8,80.4,0,0.0,0.0,0.0
68.0,30.812,1235.95,12.81,284.3,80.39,0,0.0,0.0,0.0
68.06,30.885,1238.76,12.72,283.4,80.39,0,0.0,0.0,0.0
68.1,30.934,1240.62,12.67,283.8,80.39,0,0.0,0.0,0.0
68.16,31.007,1243.44,12.58,284.3,80.38,0,0.0,0.0,0.0
68.22,31.081,1246.26,12.49,284.1,80.37,0,0.0,0.0,0.0
68.26,31.13,1248.14,12.44,283.5,80.37,0,0.0,0.0,0.0
68.32,31.204,1250.97,12.35,283.6,80.36,0,0.0,0.0,0.0
68.36,31.254,1252.86,12.29,284.3,80.36,0,0.0,0.0,0.0
68.42,31.328,1255.7,12.21,284.7,80.35,0,0.0,0.0,0.0
68.46,31.378,1257.6,12.15,283.6,80.35,0,0.0,0.0,0.0
68.5,31.452,1260.45,12.07,284.4,80.34,0,0.0,0.0,0.0
68.56,31.502,1262.36,12.01,283.9,80.34,0,0.0,0.0,0.0
68.6,31.552,1264.27,11.96,284.0,80.33,0,0.0,0.0,0.0
68.66,31.627,1267.14,11.87,283.9,80.32,0,0.0,0.0,0.0
68.7,31.677,1269.06,11.82,283.4,80.32,0,0.0,0.0,0.0
68.76,31.752,1271.94,11.73,284.6,80.32,0,0.0,0.0,0.0
68.8,31.802,1273.87,11.68,284.0,80.31,0,0.0,0.0,0.0
68.86,31.878,1276.76,11.6,284.2,80.3,0,0.0,0.0,0.0
68.9,31.928,1278.7,11.54,284.0,80.3,0,0.0,0.0,0.0
68.96,32.004,1281.61,11.46,284.0,80.29,0,0.0,0.0,0.0
69.02,32.08,1284.52,11.38,284.6,80.29,0,0.0,0.0,0.0
69.06,32.131,1286.47,11.33,284.4,80.28,0,0.0,0.0,0.0
69.12,32.207,1289.4,11.24,284.1,80.28,0,0.0,0.0,0.0
69.16,32.258,1291.35,11.19,283.7,80.27,0,0.0,0.0,0.0
69.22,32.334,1294.29,11.11,284.2,80.27,0,0.0,0.0,0.0
69.26,32.385,1296.26,11.03,284.7,80.26,0,0.0,0.0,0.0
69.32,32.462,1299.21,10.98,284.1,80.25,0,0.0,0.0,0.0
69.36,32.514,1301.18,10.93,284.1,80.25,0,0.0,0.0,0.0
69.42,32.591,1304.15,10.85,283.7,80.24,0,0.0,0.0,0.0
69.48,32.668,1307.12,10.77,284.5,80.24,0,0.0,0.0,0.0
69.52,32.72,1309.11,10.72,284.9,80.23,0,0.0,0.0,0.0
69.58,32.797,1312.09,10.64,284.6,80.23,0,0.0,0.0,0.0
69.62,32.849,1314.08,10.59,284.3,80.22,0,0.0,0.0,0.0
69.68,32.927,1317.08,10.51,284.3,80.22,0,0.0,0.0,0.0
69.72,32.979,1319.08,10.46,284.1,80.21,0,0.0,0.0,0.0
69.78,33.057,1322.09,10.38,284.0,80.21,0,0.0,0.0,0.0
69.82,33.109,1324.1,10.33,284.1,80.2,0,0.0,0.0,0.0
69.88,33.188,1327.12,10.25,284.1,80.2,0,0.0,0.0,0.0
69.92,33.24,1329.14,10.2,284.1,80.19,0,0.0,0.0,0.0
69.98,33.319,1332.18,10.13,284.9,80.18,0,0.0,0.0,0.0
70.02,33.372,1334.21,10.08,284.3,80.18,0,0.0,0.0,0.0
70.08,33.451,1337.25,10.0,284.1,80.17,0,0.0,0.0,0.0
70.12,33.503,1339.28,9.96,283.6,80.17,0,0.0,0.0,0.0
70.18,33.583,1342.34,9.88,284.6,80.16,0,0.0,0.0,0.0
70.22,33.636,1344.39,9.83,284.3,80.16,0,0.0,0.0,0.0
70.28,33.715,1347.45,9.76,284.0,80.15,0,0.0,0.0,0.0
70.32,33.769,1349.51,9.71,284.8,80.15,0,0.0,0.0,0.0
70.38,33.849,1352.59,9.64,283.8,80.14,0,0.0,0.0,0.0
70.42,33.902,1354.65,9.59,284.0,80.14,0,0.0,0.0,0.0
70.48,33.982,1357.74,9.52,284.7,80.13,0,0.0,0.0,0.0
70.52,34.036,1359.81,9.47,284.5,80.13,0,0.0,0.0,0.0
70.58,34.116,1362.92,9.38,284.7,80.12,0,0.0,0.0,0.0
70.62,34.17,1365.0,9.35,284.0,80.11,0,0.0,0.0,0.0
70.68,34.251,1368.12,9.28,285.1,80.11,0,0.0,0.0,0.0
70.72,34.305,1370.21,9.23,284.9,80.11,0,0.0,0.0,0.0
70.78,34.386,1373.34,9.16,284.3,80.1,0,0.0,0.0,0.0
70.82,34.441,1375.43,9.12,284.1,80.09,0,0.0,0.0,0.0
70.88,34.522,1378.57,9.05,284.8,80.09,0,0.0,0.0,0.0
70.94,34.604,1381.72,8.98,283.7,80.08,0,0.0,0.0,0.0
70.98,34.658,1383.82,8.93,284.4,80.08,0,0.0,0.0,0.0
71.04,34.74,1386.98,8.86,284.5,80.07,0,0.0,0.0,0.0
71.08,34.795,1389.1,8.82,284.4,80.06,0,0.0,0.0,0.0
71.14,34.877,1392.27,8.75,284.2,80.06,0,0.0,0.0,0.0
71.18,34.932,1394.39,8.7,283.7,80.06,0,0.0,0.0,0.0
71.24,35.015,1397.58,8.64,284.8,80.05,0,0.0,0.0,0.0
71.28,35.07,1399.71,8.59,284.8,80.05,0,0.0,0.0,0.0
71.34,35.153,1402.91,8.52,284.7,80.04,0,0.0,0.0,0.0
71.38,35.208,1405.05,8.48,284.6,80.03,0,0.0,0.0,0.0
71.44,35.292,1408.26,8.41,284.8,80.03,0,0.0,0.0,0.0
71.48,35.347,1410.41,8.37,284.5,80.02,0,0.0,0.0,0.0
71.54,35.431,1413.64,8.3,284.5,80.02,0,0.0,0.0,0.0
71.58,35.486,1415.79,8.26,283.9,80.01,0,0.0,0.0,0.0
71.64,35.57,1419.02,8.19,283.7,80.01,0,0.0,0.0,0.0
71.68,35.626,1421.18,8.15,283.6,80.0,0,0.0,0.0,0.0
71.74,35.711,1424.42,8.08,283.9,80.0,0,0.0,0.0,0.0
71.78,35.767,1426.6,8.04,284.4,79.99,0,0.0,0.0,0.0
71.82,35.823,1428.77,8.0,283.7,79.99,0,0.0,0.0,0.0
71.88,35.908,1432.03,7.93,283.7,79.98,0,0.0,0.0,0.0
71.94,35.992,1435.31,7.87,284.1,79.98,0,0.0,0.0,0.0
71.98,36.049,1437.49,7.83,284.4,79.97,0,0.0,0.0,0.0
72.04,36.134,1440.78,7.76,283.8,79.97,0,0.0,0.0,0.0
72.1,36.22,1444.07,7.7,284.1,79.96,0,0.0,0.0,0.0
72.14,36.277,1446.27,7.66,284.0,79.95,0,0.0,0.0,0.0
72.2,36.362,1449.57,7.6,283.9,79.95,0,0.0,0.0,0.0
72.24,36.419,1451.78,7.56,283.5,79.94,0,0.0,0.0,0.0
72.28,36.477,1453.99,7.51,284.0,79.94,0,0.0,0.0,0.0
72.34,36.563,1457.31,7.45,284.6,79.93,0,0.0,0.0,0.0
72.38,36.62,1459.53,7.41,283.8,79.93,0,0.0,0.0,0.0
72.44,36.707,1462.87,7.35,284.4,79.92,0,0.0,0.0,0.0
72.48,36.765,1465.1,7.31,284.0,79.92,0,0.0,0.0,0.0
72.54,36.851,1468.44,7.25,283.6,79.91,0,0.0,0.0,0.0
72.58,36.909,1470.68,7.21,284.0,79.91,0,0.0,0.0,0.0
72.64,36.996,1474.04,7.15,284.6,79.9,0,0.0,0.0,0.0
72.68,37.055,1476.29,7.11,284.2,79.9,0,0.0,0.0,0.0
72.74,37.142,1479.67,7.05,283.9,79.89,0,0.0,0.0,0.0
72.78,37.2,1481.93,7.01,283.9,79.89,0,0.0,0.0,0.0
72.84,37.288,1485.32,6.95,284.4,79.88,0,0.0,0.0,0.0
72.88,37.347,1487.59,6.92,284.7,79.88,0,0.0,0.0,0.0
72.94,37.435,1491.0,6.86,284.0,79.87,0,0.0,0.0,0.0
73.0,37.523,1494.41,6.8,284.4,79.86,0,0.0,0.0,0.0
73.04,37.582,1496.69,6.76,283.7,79.86,0,0.0,0.0,0.0
73.1,37.671,1500.11,6.71,284.2,79.85,0,0.0,0.0,0.0
73.14,37.73,1502.4,6.67,284.5,79.85,0,0.0,0.0,0.0
73.2,37.819,1505.85,6.61,285.0,79.84,0,0.0,0.0,0.0
73.24,37.878,1508.16,6.57,284.9,79.84,0,0.0,0.0,0.0
73.3,37.968,1511.61,6.52,284.4,79.83,0,0.0,0.0,0.0
73.34,38.027,1513.92,6.46,284.5,79.83,0,0.0,0.0,0.0
73.4,38.117,1517.39,6.43,283.8,79.82,0,0.0,0.0,0.0
73.44,38.177,1519.71,6.39,284.4,79.82,0,0.0,0.0,0.0
73.5,38.267,1523.2,6.34,284.4,79.81,0,0.0,0.0,0.0
73.54,38.327,1525.52,6.3,284.2,79.81,0,0.0,0.0,0.0
73.6,38.417,1529.03,6.25,285.1,79.8,0,0.0,0.0,0.0
73.64,38.477,1531.36,6.21,284.1,79.8,0,0.0,0.0,0.0
73.7,38.568,1534.88,6.16,284.6,79.79,0,0.0,0.0,0.0
73.74,38.629,1537.23,6.12,284.2,79.79,0,0.0,0.0,0.0
73.8,38.72,1540.76,6.07,284.9,79.78,0,0.0,0.0,0.0
73.84,38.78,1543.11,6.04,284.8,79.78,0,0.0,0.0,0.0
73.9,38.872,1546.66,5.99,284.6,79.77,0,0.0,0.0,0.0
73.94,38.933,1549.02,5.95,284.3,79.77,0,0.0,0.0,0.0
74.0,39.024,1552.58,5.9,284.3,79.76,0,0.0,0.0,0.0
74.04,39.086,1554.95,5.87,283.9,79.76,0,0.0,0.0,0.0
74.1,39.178,1558.52,5.81,285.0,79.75,0,0.0,0.0,0.0
74.16,39.27,1562.09,5.76,284.2,79.74,0,0.0,0.0,0.0
74.2,39.332,1564.49,5.73,284.7,79.74,0,0.0,0.0,0.0
74.26,39.424,1568.08,5.68,284.9,79.73,0,0.0,0.0,0.0
74.3,39.486,1570.48,5.65,284.4,79.73,0,0.0,0.0,0.0
74.36,39.579,1574.08,5.6,284.0,79.72,0,0.0,0.0,0.0
74.4,39.641,1576.49,5.57,284.1,79.72,0,0.0,0.0,0.0
74.46,39.734,1580.11,5.52,284.4,79.71,0,0.0,0.0,0.0
74.5,39.797,1582.53,5.49,284.6,79.71,0,0.0,0.0,0.0
74.54,39.859,1584.95,5.45,284.7,79.7,0,0.0,0.0,0.0
74.6,39.953,1588.59,5.4,284.8,79.7,0,0.0,0.0,0.0
74.64,40.016,1591.03,5.37,284.9,79.69,0,0.0,0.0,0.0
74.7,40.11,1594.68,5.33,283.7,79.69,0,0.0,0.0,0.0
74.76,40.204,1598.34,5.28,284.2,79.68,0,0.0,0.0,0.0
74.8,40.267,1600.79,5.25,284.5,79.68,0,0.0,0.0,0.0
74.86,40.362,1600.11,5.2,0.0,79.67,0,0.0,0.0,0.0
74.9,40.425,1599.66,5.16,0.0,79.67,0,0.0,0.0,0.0
74.96,40.519,1598.98,5.1,0.0,79.66,0,0.0,0.0,0.0
75.0,40.582,1598.53,5.06,0.0,79.65,0,0.0,0.0,0.0
75.06,40.677,1597.86,4.99,0.0,79.65,0,0.0,0.0,0.0
75.1,40.74,1597.41,4.94,0.0,79.64,0,0.0,0.0,0.0
75.16,40.834,1596.73,4.87,0.0,79.64,0,0.0,0.0,0.0
75.2,40.897,1596.29,4.82,0.0,79.63,0,0.0,0.0,0.0
75.26,40.991,1595.62,4.75,0.0,79.62,0,0.0,0.0,0.0
75.3,41.054,1595.17,4.71,0.0,79.62,0,0.0,0.0,0.0
75.36,41.148,1594.51,4.64,0.0,79.61,0,0.0,0.0,0.0
75.4,41.211,1594.06,4.6,0.0,79.61,0,0.0,0.0,0.0
75.46,41.305,1593.4,4.53,0.0,79.6,0,0.0,0.0,0.0
75.5,41.368,1592.95,4.49,0.0,79.6,0,0.0,0.0,0.0
75.56,41.462,1592.29,4.43,0.0,79.59,0,0.0,0.0,0.0
75.6,41.525,1591.85,4.38,0.0,79.58,0,0.0,0.0,0.0
75.66,41.619,1591.19,4.32,0.0,79.57,0,0.0,0.0,0.0
75.7,41.682,1590.75,4.28,0.0,79.57,0,0.0,0.0,0.0
75.76,41.776,1590.09,4.22,0.0,79.56,0,0.0,0.0,0.0
75.8,41.838,1589.65,4.18,0.0,79.56,0,0.0,0.0,0.0
75.86,41.932,1589.0,4.12,0.0,79.55,0,0.0,0.0,0.0
75.9,41.995,1588.56,4.08,0.0,79.55,0,0.0,0.0,0.0
75.96,42.089,1587.9,4.03,0.0,79.54,0,0.0,0.0,0.0
76.0,42.151,1587.47,3.99,0.0,79.54,0,0.0,0.0,0.0
76.06,42.245,1586.82,3.93,0.0,79.53,0,0.0,0.0,0.0
76.12,42.339,1586.16,3.88,0.0,79.52,0,0.0,0.0,0.0
76.16,42.401,1585.73,3.84,0.0,79.52,0,0.0,0.0,0.0
76.2,42.463,1585.3,3.81,0.0,79.51,0,0.0,0.0,0.0
76.26,42.557,1584.65,3.75,0.0,79.51,0,0.0,0.0,0.0
76.32,42.651,1584.0,3.7,0.0,79.5,0,0.0,0.0,0.0
76.36,42.713,1583.57,3.67,0.0,79.49,0,0.0,0.0,0.0
76.42,42.807,1582.92,3.62,0.0,79.49,0,0.0,0.0,0.0
76.46,42.869,1582.49,3.58,0.0,79.48,0,0.0,0.0,0.0
76.52,42.962,1581.85,3.53,0.0,79.48,0,0.0,0.0,0.0
76.56,43.025,1581.42,3.5,0.0,79.47,0,0.0,0.0,0.0
76.62,43.118,1580.78,3.45,0.0,79.47,0,0.0,0.0,0.0
76.66,43.18,1580.35,3.42,0.0,79.46,0,0.0,0.0,0.0
76.7,43.243,1579.92,3.39,0.0,79.46,0,0.0,0.0,0.0
76.76,43.336,1579.28,3.34,0.0,79.45,0,0.0,0.0,0.0
76.82,43.429,1578.64,3.3,0.0,79.45,0,0.0,0.0,0.0
76.86,43.491,1578.22,3.27,0.0,79.44,0,0.0,0.0,0.0
76.92,43.584,1577.58,3.22,0.0,79.44,0,0.0,0.0,0.0
76.96,43.647,1577.15,3.19,0.0,79.43,0,0.0,0.0,0.0
77.02,43.74,1576.52,3.15,0.0,79.43,0,0.0,0.0,0.0
77.06,43.802,1576.09,3.12,0.0,79.42,0,0.0,0.0,0.0
77.12,43.895,1575.46,3.08,0.0,79.42,0,0.0,0.0,0.0
77.18,43.988,1574.83,3.04,0.0,79.41,0,0.0,0.0,0.0
77.22,44.05,1574.4,3.01,0.0,79.41,0,0.0,0.0,0.0
77.26,44.112,1573.98,2.98,0.0,79.4,0,0.0,0.0,0.0
77.32,44.205,1573.35,2.94,0.0,79.4,0,0.0,0.0,0.0
77.36,44.267,1572.93,2.92,0.0,79.4,0,0.0,0.0,0.0
77.42,44.36,1572.3,2.88,0.0,79.39,0,0.0,0.0,0.0
77.46,44.422,1571.88,2.85,0.0,79.39,0,0.0,0.0,0.0
77.52,44.514,1571.25,2.81,0.0,79.38,0,0.0,0.0,0.0
77.56,44.576,1570.83,2.79,0.0,79.38,0,0.0,0.0,0.0
77.62,44.669,1570.21,2.75,0.0,79.38,0,0.0,0.0,0.0
77.68,44.762,1569.58,2.71,0.0,79.37,0,0.0,0.0,0.0
77.72,44.824,1569.16,2.69,0.0,79.37,0,0.0,0.0,0.0
77.78,44.916,1568.54,2.65,0.0,79.36,0,0.0,0.0,0.0
77.82,44.978,1568.12,2.63,0.0,79.36,0,0.0,0.0,0.0
77.86,45.04,1567.7,2.6,0.0,79.36,0,0.0,0.0,0.0
77.92,45.132,1567.08,2.57,0.0,79.35,0,0.0,0.0,0.0
77.96,45.194,1566.66,2.55,0.0,79.35,0,0.0,0.0,0.0
78.02,45.286,1566.04,2.51,0.0,79.35,0,0.0,0.0,0.0
78.08,45.379,1565.42,2.48,0.0,79.35,0,0.0,0.0,0.0
78.12,45.441,1565.01,2.46,0.0,79.34,0,0.0,0.0,0.0
78.18,45.533,1564.39,2.42,0.0,79.34,0,0.0,0.0,0.0
78.22,45.595,1563.97,2.4,0.0,79.34,0,0.0,0.0,0.0
78.28,45.687,1563.35,2.37,0.0,79.33,0,0.0,0.0,0.0
78.32,45.748,1562.94,2.35,0.0,79.33,0,0.0,0.0,0.0
78.38,45.841,1562.32,2.32,0.0,79.33,0,0.0,0.0,0.0
78.42,45.902,1561.91,2.3,0.0,79.33,0,0.0,0.0,0.0
78.46,45.964,1561.5,2.28,0.0,79.33,0,0.0,0.0,0.0
78.52,46.056,1560.88,2.25,0.0,79.32,0,0.0,0.0,0.0
78.58,46.148,1560.27,2.22,0.0,79.32,0,0.0,0.0,0.0
78.62,46.209,1559.86,2.2,0.0,79.32,0,0.0,0.0,0.0
78.68,46.301,1559.24,2.17,0.0,79.32,0,0.0,0.0,0.0
78.72,46.363,1558.83,2.15,0.0,79.31,0,0.0,0.0,0.0
78.78,46.455,1558.22,2.12,0.0,79.31,0,0.0,0.0,0.0
78.82,46.516,1557.81,2.1,0.0,79.31,0,0.0,0.0,0.0
78.88,46.608,1557.2,2.08,0.0,79.31,0,0.0,0.0,0.0
78.94,46.7,1556.59,2.05,0.0,79.31,0,0.0,0.0,0.0
78.98,46.761,1556.18,2.03,0.0,79.31,0,0.0,0.0,0.0
79.04,46.853,1555.57,2.01,0.0,79.3,0,0.0,0.0,0.0
79.08,46.914,1555.16,1.99,0.0,79.3,0,0.0,0.0,0.0
79.14,47.006,1554.55,1.96,0.0,79.3,0,0.0,0.0,0.0
79.18,47.067,1554.14,1.95,0.0,79.3,0,0.0,0.0,0.0
79.22,47.129,1553.74,1.93,0.0,79.3,0,0.0,0.0,0.0
79.28,47.22,1553.13,1.9,0.0,79.3,0,0.0,0.0,0.0
79.32,47.281,1552.72,1.89,0.0,79.3,0,0.0,0.0,0.0
79.38,47.373,1552.11,1.86,0.0,79.3,0,0.0,0.0,0.0
79.42,47.465,1551.51,1.84,0.0,79.3,0,0.0,0.0,0.0
79.48,47.526,1551.1,1.82,0.0,79.3,0,0.0,0.0,0.0
79.54,47.617,1550.5,1.8,0.0,79.29,0,0.0,0.0,0.0
79.58,47.678,1550.09,1.79,0.0,79.29,0,0.0,0.0,0.0
79.64,47.77,1549.49,1.76,0.0,79.29,0,0.0,0.0,0.0
79.68,47.831,1549.08,1.75,0.0,79.29,0,0.0,0.0,0.0
79.74,47.922,1548.48,1.73,0.0,79.29,0,0.0,0.0,0.0
79.78,47.983,1548.08,1.71,0.0,79.29,0,0.0,0.0,0.0
79.84,48.075,1547.47,1.69,0.0,79.29,0,0.0,0.0,0.0
79.88,48.135,1547.07,1.67,0.0,79.29,0,0.0,0.0,0.0
79.94,48.227,1546.47,1.65,0.0,79.29,0,0.0,0.0,0.0
79.98,48.288,1546.06,1.64,0.0,79.29,0,0.0,0.0,0.0
80.04,48.379,1545.46,1.62,0.0,79.29,0,0.0,0.0,0.0
80.08,48.44,1545.06,1.61,0.0,79.29,0,0.0,0.0,0.0
80.14,48.531,1544.46,1.59,0.0,79.29,0,0.0,0.0,0.0
80.18,48.592,1544.06,1.57,0.0,79.29,0,0.0,0.0,0.0
80.24,48.683,1543.46,1.55,0.0,79.29,0,0.0,0.0,0.0
80.28,48.744,1543.06,1.54,0.0,79.29,0,0.0,0.0,0.0
80.34,48.835,1542.46,1.52,0.0,79.29,0,0.0,0.0,0.0
80.38,48.895,1542.06,1.51,0.0,79.29,0,0.0,0.0,0.0
80.44,48.986,1541.46,1.49,0.0,79.29,0,0.0,0.0,0.0
80.5,49.077,1540.86,1.47,0.0,79.29,0,0.0,0.0,0.0
80.54,49.138,1540.46,1.46,0.0,79.29,0,0.0,0.0,0.0
80.6,49.229,1539.86,1.44,0.0,79.29,0,0.0,0.0,0.0
80.64,49.289,1539.46,1.43,0.0,79.29,0,0.0,0.0,0.0
80.68,49.35,1539.07,1.42,0.0,79.29,0,0.0,0.0,0.0
80.74,49.441,1538.47,1.4,0.0,79.29,0,0.0,0.0,0.0
80.8,49.532,1537.87,1.38,0.0,79.29,0,0.0,0.0,0.0
80.84,49.592,1537.47,1.37,0.0,79.29,0,0.0,0.0,0.0
80.9,49.683,1536.88,1.35,0.0,79.29,0,0.0,0.0,0.0
80.94,49.743,1536.48,1.34,0.0,79.29,0,0.0,0.0,0.0
81.0,49.834,1535.88,1.33,0.0,79.29,0,0.0,0.0,0.0
81.04,49.894,1535.49,1.32,0.0,79.29,0,0.0,0.0,0.0
81.08,49.955,1535.09,1.3,0.0,79.29,0,0.0,0.0,0.0
81.14,50.045,1534.49,1.29,0.0,79.29,0,0.0,0.0,0.0
81.18,50.106,1534.1,1.28,0.0,79.29,0,0.0,0.0,0.0
81.24,50.196,1533.5,1.26,0.0,79.3,0,0.0,0.0,0.0
81.3,50.287,1532.91,1.25,0.0,79.3,0,0.0,0.0,0.0
81.34,50.347,1532.51,1.24,0.0,79.3,0,0.0,0.0,0.0
81.4,50.437,1531.92,1.22,0.0,79.3,0,0.0,0.0,0.0
81.44,50.498,1531.52,1.21,0.0,79.3,0,0.0,0.0,0.0
81.5,50.588,1530.93,1.2,0.0,79.3,0,0.0,0.0,0.0
81.54,50.648,1530.53,1.19,0.0,79.3,0,0.0,0.0,0.0
81.6,50.739,1529.94,1.17,0.0,79.3,0,0.0,0.0,0.0
81.64,50.799,1529.55,1.16,0.0,79.3,0,0.0,0.0,0.0
81.7,50.889,1528.95,1.15,0.0,79.3,0,0.0,0.0,0.0
81.74,50.949,1528.56,1.14,0.0,79.3,0,0.0,0.0,0.0
81.8,51.039,1527.97,1.13,0.0,79.3,0,0.0,0.0,0.0
81.84,51.099,1527.57,1.12,0.0,79.3,0,0.0,0.0,0.0
81.9,51.19,1526.98,1.1,0.0,79.3,0,0.0,0.0,0.0
81.94,51.25,1526.58,1.1,0.0,79.3,0,0.0,0.0,0.0
82.0,51.34,1525.99,1.08,0.0,79.3,0,0.0,0.0,0.0
82.06,51.43,1525.4,1.07,0.0,79.3,0,0.0,0.0,0.0
82.1,51.49,1525.01,1.06,0.0,79.3,0,0.0,0.0,0.0
82.16,51.58,1524.42,1.05,0.0,79.3,0,0.0,0.0,0.0
82.2,51.64,1524.02,1.04,0.0,79.3,0,0.0,0.0,0.0
82.24,51.7,1523.63,1.03,0.0,79.3,0,0.0,0.0,0.0
82.3,51.79,1523.04,1.02,0.0,79.3,0,0.0,0.0,0.0
82.36,51.879,1522.45,1.01,0.0,79.3,0,0.0,0.0,0.0
82.4,51.939,1522.05,1.0,0.0,79.3,0,0.0,0.0,0.0
82.46,52.029,1521.46,0.99,0.0,79.3,0,0.0,0.0,0.0
82.5,52.089,1521.07,0.98,0.0,79.3,0,0.0,0.0,0.0
82.56,52.179,1520.48,0.97,0.0,79.3,0,0.0,0.0,0.0
82.6,52.238,1520.09,0.96,0.0,79.3,0,0.0,0.0,0.0
82.64,52.298,1519.7,0.95,0.0,79.3,0,0.0,0.0,0.0
82.7,52.388,1519.11,0.94,0.0,79.3,0,0.0,0.0,0.0
82.74,52.448,1518.71,0.93,0.0,79.3,0,0.0,0.0,0.0
82.8,52.537,1518.13,0.92,0.0,79.3,0,0.0,0.0,0.0
82.86,52.627,1517.54,0.91,0.0,79.3,0,0.0,0.0,0.0
82.9,52.686,1517.15,0.9,0.0,79.3,0,0.0,0.0,0.0
82.96,52.776,1516.56,0.89,0.0,79.3,0,0.0,0.0,0.0
83.0,52.836,1516.17,0.89,0.0,79.3,0,0.0,0.0,0.0
83.06,52.925,1515.58,0.88,0.0,79.3,0,0.0,0.0,0.0
83.1,52.985,1515.19,0.87,0.0,79.3,0,0.0,0.0,0.0
83.16,53.074,1514.6,0.86,0.0,79.3,0,0.0,0.0,0.0
83.2,53.133,1514.21,0.85,0.0,79.3,0,0.0,0.0,0.0
83.26,53.223,1513.62,0.84,0.0,79.3,0,0.0,0.0,0.0
83.3,53.282,1513.23,0.84,0.0,79.3,0,0.0,0.0,0.0
83.36,53.372,1512.64,0.83,0.0,79.3,0,0.0,0.0,0.0
83.4,53.431,1512.25,0.82,0.0,79.3,0,0.0,0.0,0.0
83.46,53.52,1511.66,0.81,0.0,79.3,0,0.0,0.0,0.0
83.5,53.58,1511.27,0.8,0.0,79.3,0,0.0,0.0,0.0
83.56,53.669,1510.69,0.79,0.0,79.3,0,0.0,0.0,0.0
83.6,53.728,1510.3,0.79,0.0,79.3,0,0.0,0.0,0.0
83.66,53.817,1509.71,0.78,0.0,79.3,0,0.0,0.0,0.0
83.72,53.906,1509.12,0.77,0.0,79.3,0,0.0,0.0,0.0
83.76,53.966,1508.73,0.76,0.0,79.3,0,0.0,0.0,0.0
83.82,54.055,1508.15,0.75,0.0,79.3,0,0.0,0.0,0.0
83.86,54.114,1507.76,0.75,0.0,79.3,0,0.0,0.0,0.0
83.92,54.203,1507.17,0.74,0.0,79.3,0,0.0,0.0,0.0
83.96,54.262,1506.78,0.73,0.0,79.3,0,0.0,0.0,0.0
84.02,54.351,1506.2,0.73,0.0,79.3,0,0.0,0.0,0.0
84.06,54.41,1505.81,0.72,0.0,79.3,0,0.0,0.0,0.0
84.1,54.469,1505.42,0.71,0.0,79.29,0,0.0,0.0,0.0
84.16,54.558,1504.84,0.71,0.0,79.29,0,0.0,0.0,0.0
84.2,54.617,1504.45,0.7,0.0,79.29,0,0.0,0.0,0.0
84.26,54.706,1503.86,0.69,0.0,79.29,0,0.0,0.0,0.0
84.3,54.765,1503.47,0.69,0.0,79.29,0,0.0,0.0,0.0
84.36,54.854,1502.89,0.68,0.0,79.29,0,0.0,0.0,0.0
84.4,54.913,1502.5,0.67,0.0,79.29,0,0.0,0.0,0.0
84.46,55.002,1501.92,0.67,0.0,79.29,0,0.0,0.0,0.0
84.52,55.09,1501.33,0.66,0.0,79.29,0,0.0,0.0,0.0
84.56,55.149,1500.94,0.65,0.0,79.28,0,0.0,0.0,0.0
84.62,55.238,1500.36,0.65,0.0,79.28,0,0.0,0.0,0.0
84.66,55.297,1499.97,0.64,0.0,79.28,0,0.0,0.0,0.0
84.72,55.385,1499.39,0.63,0.0,79.28,0,0.0,0.0,0.0
84.76,55.444,1499.0,0.63,0.0,79.28,0,0.0,0.0,0.0
84.82,55.532,1498.42,0.62,0.0,79.28,0,0.0,0.0,0.0
84.88,55.621,1497.83,0.62,0.0,79.28,0,0.0,0.0,0.0
84.92,55.68,1497.45,0.61,0.0,79.27,0,0.0,0.0,0.0
84.96,55.738,1497.06,0.61,0.0,79.27,0,0.0,0.0,0.0
85.02,55.827,1496.48,0.6,0.0,79.27,0,0.0,0.0,0.0
85.06,55.886,1496.09,0.59,0.0,79.27,0,0.0,0.0,0.0
85.12,55.974,1495.51,0.59,0.0,79.27,0,0.0,0.0,0.0
85.16,56.033,1495.12,0.58,0.0,79.27,0,0.0,0.0,0.0
85.22,56.121,1494.54,0.58,0.0,79.26,0,0.0,0.0,0.0
85.26,56.179,1494.15,0.57,0.0,79.26,0,0.0,0.0,0.0
85.32,56.268,1493.57,0.57,0.0,79.26,0,0.0,0.0,0.0
85.36,56.326,1493.18,0.56,0.0,79.26,0,0.0,0.0,0.0
85.42,56.414,1492.6,0.55,0.0,79.26,0,0.0,0.0,0.0
85.48,56.502,1492.02,0.55,0.0,79.25,0,0.0,0.0,0.0
85.52,56.561,1491.63,0.54,0.0,79.25,0,0.0,0.0,0.0
85.58,56.649,1491.05,0.54,0.0,79.25,0,0.0,0.0,0.0
85.62,56.707,1490.66,0.53,0.0,79.25,0,0.0,0.0,0.0
85.68,56.795,1490.08,0.53,0.0,79.25,0,0.0,0.0,0.0
85.72,56.854,1489.69,0.52,0.0,79.24,0,0.0,0.0,0.0
85.78,56.942,1489.11,0.52,0.0,79.24,0,0.0,0.0,0.0
85.82,57.0,1488.73,0.51,0.0,79.24,0,0.0,0.0,0.0
85.86,57.059,1488.34,0.51,0.0,79.24,0,0.0,0.0,0.0
85.92,57.147,1487.76,0.5,0.0,79.24,0,0.0,0.0,0.0
85.96,57.205,1487.37,0.5,0.0,79.23,0,0.0,0.0,0.0
86.02,57.293,1486.79,0.49,0.0,79.23,0,0.0,0.0,0.0
86.08,57.38,1486.21,0.49,0.0,79.23,0,0.0,0.0,0.0
86.12,57.439,1485.83,0.49,0.0,79.23,0,0.0,0.0,0.0
86.18,57.526,1485.25,0.48,0.0,79.22,0,0.0,0.0,0.0
86.22,57.585,1484.86,0.48,0.0,79.22,0,0.0,0.0,0.0
86.28,57.672,1484.28,0.47,0.0,79.22,0,0.0,0.0,0.0
86.32,57.731,1483.89,0.47,0.0,79.21,0,0.0,0.0,0.0
86.38,57.818,1483.32,0.46,0.0,79.21,0,0.0,0.0,0.0
86.42,57.876,1482.93,0.46,0.0,79.21,0,0.0,0.0,0.0
86.48,57.964,1482.35,0.45,0.0,79.21,0,0.0,0.0,0.0
86.52,58.022,1481.96,0.45,0.0,79.2,0,0.0,0.0,0.0
86.58,58.109,1481.39,0.44,0.0,79.2,0,0.0,0.0,0.0
86.62,58.167,1481.0,0.44,0.0,79.2,0,0.0,0.0,0.0
86.68,58.255,1480.42,0.44,0.0,79.19,0,0.0,0.0,0.0
86.72,58.313,1480.04,0.43,0.0,79.19,0,0.0,0.0,0.0
86.78,58.4,1479.46,0.43,0.0,79.19,0,0.0,0.0,0.0
86.82,58.458,1479.07,0.42,0.0,79.19,0,0.0,0.0,0.0
86.88,58.545,1478.49,0.42,0.0,79.18,0,0.0,0.0,0.0
86.92,58.604,1478.11,0.42,0.0,79.18,0,0.0,0.0,0.0
86.98,58.691,1477.53,0.41,0.0,79.18,0,0.0,0.0,0.0
87.02,58.749,1477.14,0.41,0.0,79.17,0,0.0,0.0,0.0
87.08,58.836,1476.57,0.4,0.0,79.17,0,0.0,0.0,0.0
87.12,58.894,1476.18,0.4,0.0,79.17,0,0.0,0.0,0.0
87.18,58.981,1475.6,0.4,0.0,79.16,0,0.0,0.0,0.0
87.22,59.039,1475.22,0.39,0.0,79.16,0,0.0,0.0,0.0
87.28,59.126,1474.64,0.39,0.0,79.16,0,0.0,0.0,0.0
87.32,59.184,1474.26,0.39,0.0,79.15,0,0.0,0.0,0.0
87.38,59.271,1473.68,0.38,0.0,79.15,0,0.0,0.0,0.0
87.42,59.328,1473.29,0.38,0.0,79.15,0,0.0,0.0,0.0
87.48,59.415,1472.72,0.37,0.0,79.14,0,0.0,0.0,0.0
87.52,59.473,1472.33,0.37,0.0,79.14,0,0.0,0.0,0.0
87.58,59.56,1471.75,0.37,0.0,79.14,0,0.0,0.0,0.0
87.62,59.618,1471.37,0.36,0.0,79.13,0,0.0,0.0,0.0
87.68,59.704,1470.79,0.36,0.0,79.13,0,0.0,0.0,0.0
87.74,59.791,1470.22,0.36,0.0,79.12,0,0.0,0.0,0.0
87.78,59.849,1469.83,0.35,0.0,79.12,0,0.0,0.0,0.0
87.82,59.907,1469.45,0.35,0.0,79.12,0,0.0,0.0,0.0
87.88,59.993,1468.87,0.35,0.0,79.11,0,0.0,0.0,0.0
87.92,60.051,1468.49,0.34,0.0,79.11,0,0.0,0.0,0.0
87.98,60.137,1467.91,0.34,0.0,79.11,0,0.0,0.0,0.0
88.02,60.195,1467.53,0.34,0.0,79.1,0,0.0,0.0,0.0
88.08,60.281,1466.95,0.33,0.0,79.1,0,0.0,0.0,0.0
88.1,60.31,1466.76,0.33,0.0,79.1,0,0.0,0.0,0.0
88.1,60.31,1466.76,0.33,0.0,79.1,0,0.0,0.0,0.0
88.18,60.426,1465.99,0.33,0.0,79.09,0,0.0,0.0,0.0
88.24,60.512,1465.41,0.32,0.0,79.09,0,0.0,0.0,0.0
88.28,60.569,1465.03,0.32,0.0,79.08,0,0.0,0.0,0.0
88.34,60.656,1464.45,0.32,0.0,79.08,0,0.0,0.0,0.0
88.38,60.713,1464.07,0.31,0.0,79.08,0,0.0,0.0,0.0
88.44,60.8,1463.49,0.31,0.0,79.07,0,0.0,0.0,0.0
88.48,60.857,1463.11,0.31,0.0,79.07,0,0.0,0.0,0.0
88.52,60.915,1462.73,0.31,0.0,79.06,0,0.0,0.0,0.0
88.58,61.001,1462.15,0.3,0.0,79.06,0,0.0,0.0,0.0
88.62,61.058,1461.77,0.3,0.0,79.06,0,0.0,0.0,0.0
88.68,61.144,1461.19,0.3,0.0,79.05,0,0.0,0.0,0.0
88.72,61.202,1460.81,0.29,0.0,79.05,0,0.0,0.0,0.0
88.78,61.288,1460.23,0.29,0.0,79.04,0,0.0,0.0,0.0
88.82,61.345,1459.85,0.29,0.0,79.04,0,0.0,0.0,0.0
88.88,61.431,1459.27,0.29,0.0,79.03,0,0.0,0.0,0.0
88.92,61.488,1458.89,0.28,0.0,79.03,0,0.0,0.0,0.0
88.98,61.574,1458.32,0.28,0.0,79.03,0,0.0,0.0,0.0
89.04,61.66,1457.74,0.28,0.0,79.02,0,0.0,0.0,0.0
89.08,61.717,1457.36,0.27,0.0,79.02,0,0.0,0.0,0.0
89.14,61.803,1456.78,0.27,0.0,79.01,0,0.0,0.0,0.0
89.18,61.86,1456.4,0.27,0.0,79.01,0,0.0,0.0,0.0
89.24,61.946,1455.83,0.27,0.0,79.0,0,0.0,0.0,0.0
89.28,62.003,1455.44,0.26,0.0,79.0,0,0.0,0.0,0.0
89.34,62.089,1454.87,0.26,0.0,78.99,0,0.0,0.0,0.0
89.38,62.146,1454.49,0.26,0.0,78.99,0,0.0,0.0,0.0
89.44,62.232,1453.91,0.26,0.0,78.99,0,0.0,0.0,0.0
89.48,62.289,1453.53,0.25,0.0,78.98,0,0.0,0.0,0.0
89.54,62.375,1452.95,0.25,0.0,78.98,0,0.0,0.0,0.0
89.58,62.432,1452.57,0.25,0.0,78.97,0,0.0,0.0,0.0
89.64,62.517,1452.0,0.25,0.0,78.97,0,0.0,0.0,0.0
89.68,62.574,1451.61,0.24,0.0,78.96,0,0.0,0.0,0.0
89.74,62.66,1451.04,0.24,0.0,78.96,0,0.0,0.0,0.0
89.78,62.717,1450.66,0.24,0.0,78.96,0,0.0,0.0,0.0
89.84,62.802,1450.08,0.24,0.0,78.95,0,0.0,0.0,0.0
89.88,62.859,1449.7,0.23,0.0,78.95,0,0.0,0.0,0.0
89.94,62.945,1449.13,0.23,0.0,78.94,0,0.0,0.0,0.0
89.98,63.001,1448.75,0.23,0.0,78.94,0,0.0,0.0,0.0
90.04,63.087,1448.17,0.23,0.0,78.93,0,0.0,0.0,0.0
90.08,63.144,1447.79,0.22,0.0,78.93,0,0.0,0.0,0.0
90.14,63.229,1447.22,0.22,0.0,78.92,0,0.0,0.0,0.0
90.18,63.286,1446.83,0.22,0.0,78.92,0,0.0,0.0,0.0
90.24,63.371,1446.26,0.22,0.0,78.91,0,0.0,0.0,0.0
90.28,63.428,1445.88,0.22,0.0,78.91,0,0.0,0.0,0.0
90.34,63.513,1445.31,0.21,0.0,78.9,0,0.0,0.0,0.0
90.38,63.57,1444.92,0.21,0.0,78.9,0,0.0,0.0,0.0
90.44,63.655,1444.35,0.21,0.0,78.89,0,0.0,0.0,0.0
90.5,63.74,1443.78,0.21,0.0,78.89,0,0.0,0.0,0.0
90.54,63.796,1443.4,0.21,0.0,78.88,0,0.0,0.0,0.0
90.6,63.881,1442.82,0.2,0.0,78.88,0,0.0,0.0,0.0
90.64,63.938,1442.44,0.2,0.0,78.88,0,0.0,0.0,0.0
90.68,63.995,1442.06,0.2,0.0,78.87,0,0.0,0.0,0.0
90.74,64.08,1441.49,0.2,0.0,78.87,0,0.0,0.0,0.0
90.78,64.136,1441.11,0.2,0.0,78.86,0,0.0,0.0,0.0
90.84,64.221,1440.53,0.19,0.0,78.86,0,0.0,0.0,0.0
90.9,64.306,1439.96,0.19,0.0,78.85,0,0.0,0.0,0.0
90.94,64.362,1439.58,0.19,0.0,78.85,0,0.0,0.0,0.0
91.0,64.447,1439.01,0.19,0.0,78.84,0,0.0,0.0,0.0
91.04,64.504,1438.63,0.19,0.0,78.84,0,0.0,0.0,0.0
91.1,64.588,1438.05,0.18,0.0,78.83,0,0.0,0.0,0.0
91.14,64.645,1437.67,0.18,0.0,78.83,0,0.0,0.0,0.0
91.2,64.729,1437.1,0.18,0.0,78.82,0,0.0,0.0,0.0
91.24,64.786,1436.72,0.18,0.0,78.82,0,0.0,0.0,0.0
91.3,64.87,1436.15,0.18,0.0,78.81,0,0.0,0.0,0.0
91.34,64.927,1435.77,0.17,0.0,78.81,0,0.0,0.0,0.0
91.4,65.011,1435.19,0.17,0.0,78.8,0,0.0,0.0,0.0
91.44,65.068,1434.81,0.17,0.0,78.8,0,0.0,0.0,0.0
91.5,65.152,1434.24,0.17,0.0,78.79,0,0.0,0.0,0.0
91.56,65.237,1433.67,0.17,0.0,78.79,0,0.0,0.0,0.0
91.6,65.293,1433.29,0.17,0.0,78.78,0,0.0,0.0,0.0
91.64,65.349,1432.91,0.16,0.0,78.78,0,0.0,0.0,0.0
91.7,65.433,1432.34,0.16,0.0,78.77,0,0.0,0.0,0.0
91.74,65.49,1431.95,0.16,0.0,78.77,0,0.0,0.0,0.0
91.8,65.574,1431.38,0.16,0.0,78.76,0,0.0,0.0,0.0
91.84,65.63,1430.81,0.16,0.0,78.76,0,0.0,0.0,0.0
91.9,65.714,1430.43,0.16,0.0,78.75,0,0.0,0.0,0.0
91.94,65.771,1430.05,0.15,0.0,78.75,0,0.0,0.0,0.0
92.0,65.855,1429.48,0.15,0.0,78.74,0,0.0,0.0,0.0
92.06,65.939,1428.91,0.15,0.0,78.73,0,0.0,0.0,0.0
92.1,65.995,1428.53,0.15,0.0,78.73,0,0.0,0.0,0.0
92.14,66.051,1428.15,0.15,0.0,78.73,0,0.0,0.0,0.0
92.2,66.135,1427.58,0.15,0.0,78.72,0,0.0,0.0,0.0
92.24,66.191,1427.2,0.14,0.0,78.72,0,0.0,0.0,0.0
92.3,66.275,1426.62,0.14,0.0,78.71,0,0.0,0.0,0.0
92.36,66.359,1426.05,0.14,0.0,78.71,0,0.0,0.0,0.0
92.4,66.415,1425.67,0.14,0.0,78.7,0,0.0,0.0,0.0
92.46,66.499,1425.1,0.14,0.0,78.7,0,0.0,0.0,0.0
92.5,66.555,1424.72,0.14,0.0,78.69,0,0.0,0.0,0.0
92.56,66.639,1424.15,0.14,0.0,78.69,0,0.0,0.0,0.0
92.6,66.695,1423.77,0.13,0.0,78.68,0,0.0,0.0,0.0
92.66,66.778,1423.2,0.13,0.0,78.68,0,0.0,0.0,0.0
92.7,66.834,1422.82,0.13,0.0,78.67,0,0.0,0.0,0.0
92.72,66.862,1422.63,0.13,0.0,78.67,0,0.0,0.0,0.0
92.72,66.918,1422.06,0.13,0.0,78.66,0,0.0,0.0,0.0
92.8,66.974,1421.87,0.13,0.0,78.66,0,0.0,0.0,0.0
92.86,67.057,1421.3,0.13,0.0,78.65,0,0.0,0.0,0.0
92.9,67.113,1420.92,0.13,0.0,78.65,0,0.0,0.0,0.0
92.96,67.197,1420.35,0.12,0.0,78.64,0,0.0,0.0,0.0
93.0,67.253,1419.97,0.12,0.0,78.64,0,0.0,0.0,0.0
93.06,67.336,1419.4,0.12,0.0,78.63,0,0.0,0.0,0.0
93.12,67.42,1418.83,0.12,0.0,78.63,0,0.0,0.0,0.0
93.16,67.475,1418.45,0.12,0.0,78.62,0,0.0,0.0,0.0
93.22,67.559,1417.88,0.12,0.0,78.62,0,0.0,0.0,0.0
93.26,67.614,1417.5,0.12,0.0,78.61,0,0.0,0.0,0.0
93.32,67.698,1416.93,0.12,0.0,78.61,0,0.0,0.0,0.0
93.36,67.753,1416.55,0.11,0.0,78.6,0,0.0,0.0,0.0
93.4,67.809,1416.17,0.11,0.0,78.6,0,0.0,0.0,0.0
93.46,67.892,1415.6,0.11,0.0,78.59,0,0.0,0.0,0.0
93.52,67.976,1415.03,0.11,0.0,78.59,0,0.0,0.0,0.0
93.56,68.031,1414.65,0.11,0.0,78.58,0,0.0,0.0,0.0
93.62,68.114,1414.08,0.11,0.0,78.58,0,0.0,0.0,0.0
93.66,68.17,1413.7,0.11,0.0,78.57,0,0.0,0.0,0.0
93.72,68.253,1413.13,0.11,0.0,78.57,0,0.0,0.0,0.0
93.76,68.308,1412.75,0.11,0.0,78.56,0,0.0,0.0,0.0
93.82,68.392,1412.19,0.1,0.0,78.56,0,0.0,0.0,0.0
93.86,68.447,1411.81,0.1,0.0,78.55,0,0.0,0.0,0.0
93.92,68.53,1411.24,0.1,0.0,78.55,0,0.0,0.0,0.0
93.98,68.613,1410.67,0.1,0.0,78.54,0,0.0,0.0,0.0
94.02,68.668,1410.29,0.1,0.0,78.54,0,0.0,0.0,0.0
94.08,68.751,1409.72,0.1,0.0,78.53,0,0.0,0.0,0.0
94.12,68.807,1409.34,0.1,0.0,78.53,0,0.0,0.0,0.0
94.18,68.89,1408.77,0.1,0.0,78.52,0,0.0,0.0,0.0
94.22,68.945,1408.39,0.1,0.0,78.51,0,0.0,0.0,0.0
94.28,69.028,1407.82,0.09,0.0,78.51,0,0.0,0.0,0.0
94.32,69.083,1407.44,0.09,0.0,78.5,0,0.0,0.0,0.0
94.38,69.166,1406.87,0.09,0.0,78.5,0,0.0,0.0,0.0
94.44,69.248,1406.31,0.09,0.0,78.49,0,0.0,0.0,0.0
94.48,69.304,1405.93,0.09,0.0,78.49,0,0.0,0.0,0.0
94.52,69.359,1405.55,0.09,0.0,78.48,0,0.0,0.0,0.0
94.58,69.441,1404.98,0.09,0.0,78.48,0,0.0,0.0,0.0
94.62,69.497,1404.6,0.09,0.0,78.47,0,0.0,0.0,0.0
94.68,69.579,1404.03,0.09,0.0,78.47,0,0.0,0.0,0.0
94.72,69.634,1403.65,0.09,0.0,78.46,0,0.0,0.0,0.0
94.78,69.717,1403.08,0.08,0.0,78.46,0,0.0,0.0,0.0
94.82,69.772,1402.71,0.08,0.0,78.45,0,0.0,0.0,0.0
94.88,69.854,1402.14,0.08,0.0,78.45,0,0.0,0.0,0.0
94.92,69.909,1401.76,0.08,0.0,78.44,0,0.0,0.0,0.0
94.98,69.992,1401.19,0.08,0.0,78.44,0,0.0,0.0,0.0
95.02,70.047,1400.81,0.08,0.0,78.43,0,0.0,0.0,0.0
95.08,70.129,1400.24,0.08,0.0,78.43,0,0.0,0.0,0.0
95.14,70.212,1399.68,0.08,0.0,78.42,0,0.0,0.0,0.0
95.18,70.266,1399.3,0.08,0.0,78.42,0,0.0,0.0,0.0
95.24,70.349,1398.73,0.08,0.0,78.41,0,0.0,0.0,0.0
95.28,70.404,1398.35,0.08,0.0,78.41,0,0.0,0.0,0.0
95.34,70.486,1397.78,0.07,0.0,78.4,0,0.0,0.0,0.0
95.38,70.541,1397.4,0.07,0.0,78.39,0,0.0,0.0,0.0
95.44,70.623,1396.84,0.07,0.0,78.39,0,0.0,0.0,0.0
95.48,70.678,1396.46,0.07,0.0,78.38,0,0.0,0.0,0.0
95.54,70.76,1395.89,0.07,0.0,78.38,0,0.0,0.0,0.0
95.6,70.842,1395.32,0.07,0.0,78.37,0,0.0,0.0,0.0
95.64,70.896,1394.94,0.07,0.0,78.37,0,0.0,0.0,0.0
95.68,70.951,1394.57,0.07,0.0,78.36,0,0.0,0.0,0.0
95.74,71.033,1394.0,0.07,0.0,78.36,0,0.0,0.0,0.0
95.8,71.115,1393.43,0.07,0.0,78.35,0,0.0,0.0,0.0
95.84,71.17,1393.05,0.07,0.0,78.35,0,0.0,0.0,0.0
95.9,71.252,1392.49,0.07,0.0,78.34,0,0.0,0.0,0.0
95.94,71.306,1392.11,0.07,0.0,78.34,0,0.0,0.0,0.0
96.0,71.388,1391.54,0.06,0.0,78.33,0,0.0,0.0,0.0
96.06,71.47,1390.97,0.06,0.0,78.32,0,0.0,0.0,0.0
96.1,71.525,1390.59,0.06,0.0,78.32,0,0.0,0.0,0.0
96.14,71.579,1390.22,0.06,0.0,78.32,0,0.0,0.0,0.0
96.2,71.661,1389.65,0.06,0.0,78.31,0,0.0,0.0,0.0
96.24,71.715,1389.27,0.06,0.0,78.31,0,0.0,0.0,0.0
96.3,71.797,1388.7,0.06,0.0,78.3,0,0.0,0.0,0.0
96.34,71.851,1388.33,0.06,0.0,78.3,0,0.0,0.0,0.0
96.4,71.933,1387.76,0.06,0.0,78.29,0,0.0,0.0,0.0
96.44,71.987,1387.38,0.06,0.0,78.29,0,0.0,0.0,0.0
96.5,72.069,1386.81,0.06,0.0,78.28,0,0.0,0.0,0.0
96.56,72.151,1386.25,0.06,0.0,78.27,0,0.0,0.0,0.0
96.6,72.205,1385.87,0.06,0.0,78.27,0,0.0,0.0,0.0
96.66,72.286,1385.3,0.06,0.0,78.26,0,0.0,0.0,0.0
96.7,72.341,1384.93,0.06,0.0,78.26,0,0.0,0.0,0.0
96.76,72.422,1384.36,0.06,0.0,78.25,0,0.0,0.0,0.0
96.8,72.476,1383.98,0.05,0.0,78.25,0,0.0,0.0,0.0
96.86,72.558,1383.41,0.05,0.0,78.24,0,0.0,0.0,0.0
96.9,72.612,1383.04,0.05,0.0,78.24,0,0.0,0.0,0.0
96.96,72.693,1382.47,0.05,0.0,78.23,0,0.0,0.0,0.0
97.0,72.747,1382.09,0.05,0.0,78.23,0,0.0,0.0,0.0
97.06,72.829,1381.53,0.05,0.0,78.22,0,0.0,0.0,0.0
97.1,72.883,1381.15,0.05,0.0,78.22,0,0.0,0.0,0.0
97.16,72.964,1380.58,0.05,0.0,78.21,0,0.0,0.0,0.0
97.2,73.018,1380.2,0.05,0.0,78.21,0,0.0,0.0,0.0
97.26,73.099,1379.64,0.05,0.0,78.2,0,0.0,0.0,0.0
97.3,73.153,1379.26,0.05,0.0,78.2,0,0.0,0.0,0.0
97.36,73.234,1378.69,0.05,0.0,78.19,0,0.0,0.0,0.0
97.42,73.315,1378.13,0.05,0.0,78.18,0,0.0,0.0,0.0
97.46,73.369,1377.75,0.05,0.0,78.18,0,0.0,0.0,0.0
97.5,73.423,1377.37,0.05,0.0,78.18,0,0.0,0.0,0.0
97.56,73.504,1376.81,0.05,0.0,78.17,0,0.0,0.0,0.0
97.62,73.585,1376.24,0.05,0.0,78.16,0,0.0,0.0,0.0
97.66,73.639,1375.86,0.05,0.0,78.16,0,0.0,0.0,0.0
97.7,73.693,1375.49,0.04,0.0,78.16,0,0.0,0.0,0.0
97.76,73.774,1374.92,0.04,0.0,78.15,0,0.0,0.0,0.0
97.82,73.855,1374.35,0.04,0.0,78.14,0,0.0,0.0,0.0
97.86,73.909,1373.98,0.04,0.0,78.14,0,0.0,0.0,0.0
97.9,73.963,1373.6,0.04,0.0,78.14,0,0.0,0.0,0.0
97.96,74.043,1373.03,0.04,0.0,78.13,0,0.0,0.0,0.0
98.02,74.124,1372.47,0.04,0.0,78.12,0,0.0,0.0,0.0
98.06,74.178,1372.09,0.04,0.0,78.12,0,0.0,0.0,0.0
98.12,74.258,1371.52,0.04,0.0,78.11,0,0.0,0.0,0.0
98.16,74.312,1371.15,0.04,0.0,78.11,0,0.0,0.0,0.0
98.2,74.366,1370.77,0.04,0.0,78.1,0,0.0,0.0,0.0
98.26,74.446,1370.2,0.04,0.0,78.1,0,0.0,0.0,0.0
98.32,74.527,1369.64,0.04,0.0,78.09,0,0.0,0.0,0.0
98.36,74.581,1369.26,0.04,0.0,78.09,0,0.0,0.0,0.0
98.42,74.661,1368.7,0.04,0.0,78.08,0,0.0,0.0,0.0
98.46,74.715,1368.32,0.04,0.0,78.08,0,0.0,0.0,0.0
98.52,74.795,1367.75,0.04,0.0,78.07,0,0.0,0.0,0.0
98.56,74.849,1367.38,0.04,0.0,78.07,0,0.0,0.0,0.0
98.62,74.929,1366.81,0.04,0.0,78.06,0,0.0,0.0,0.0
98.66,74.983,1366.43,0.04,0.0,78.06,0,0.0,0.0,0.0
98.72,75.063,1365.87,0.04,0.0,78.05,0,0.0,0.0,0.0
98.76,75.116,1365.49,0.04,0.0,78.05,0,0.0,0.0,0.0
98.82,75.197,1364.93,0.04,0.0,78.04,0,0.0,0.0,0.0
98.86,75.25,1364.55,0.03,0.0,78.04,0,0.0,0.0,0.0
98.92,75.33,1363.98,0.03,0.0,78.03,0,0.0,0.0,0.0
98.98,75.41,1363.42,0.03,0.0,78.03,0,0.0,0.0,0.0
99.02,75.464,1363.04,0.03,0.0,78.02,0,0.0,0.0,0.0
99.06,75.517,1362.67,0.03,0.0,78.02,0,0.0,0.0,0.0
99.12,75.597,1362.1,0.03,0.0,78.01,0,0.0,0.0,0.0
99.16,75.651,1361.72,0.03,0.0,78.01,0,0.0,0.0,0.0
99.22,75.731,1361.16,0.03,0.0,78.0,0,0.0,0.0,0.0
99.28,75.811,1360.59,0.03,0.0,77.99,0,0.0,0.0,0.0
99.32,75.864,1360.22,0.03,0.0,77.99,0,0.0,0.0,0.0
99.36,75.917,1359.84,0.03,0.0,77.99,0,0.0,0.0,0.0
99.42,75.997,1359.27,0.03,0.0,77.98,0,0.0,0.0,0.0
99.48,76.077,1358.71,0.03,0.0,77.97,0,0.0,0.0,0.0
99.52,76.13,1358.33,0.03,0.0,77.97,0,0.0,0.0,0.0
99.56,76.183,1357.96,0.03,0.0,77.97,0,0.0,0.0,0.0
99.62,76.263,1357.39,0.03,0.0,77.96,0,0.0,0.0,0.0
99.66,76.316,1357.02,0.03,0.0,77.96,0,0.0,0.0,0.0
99.72,76.396,1356.45,0.03,0.0,77.95,0,0.0,0.0,0.0
99.78,76.476,1355.89,0.03,0.0,77.94,0,0.0,0.0,0.0
99.82,76.529,1355.51,0.03,0.0,77.94,0,0.0,0.0,0.0
99.88,76.608,1354.94,0.03,0.0,77.93,0,0.0,0.0,0.0
99.92,76.661,1354.57,0.03,0.0,77.93,0,0.0,0.0,0.0
99.98,76.741,1354.0,0.03,0.0,77.92,0,0.0,0.0,0.0
100.02,76.794,1353.63,0.03,0.0,77.92,0,0.0,0.0,0.0
100.08,76.874,1353.06,0.03,0.0,77.91,0,0.0,0.0,0.0
100.12,76.926,1352.69,0.03,0.0,77.91,0,0.0,0.0,0.0
100.16,76.979,1352.31,0.03,0.0,77.91,0,0.0,0.0,0.0
100.22,77.059,1351.74,0.03,0.0,77.9,0,0.0,0.0,0.0
100.28,77.138,1351.18,0.03,0.0,77.89,0,0.0,0.0,0.0
100.32,77.191,1350.8,0.03,0.0,77.89,0,0.0,0.0,0.0
100.38,77.271,1350.24,0.03,0.0,77.88,0,0.0,0.0,0.0
100.42,77.323,1349.86,0.02,0.0,77.88,0,0.0,0.0,0.0
100.48,77.403,1349.3,0.02,0.0,77.87,0,0.0,0.0,0.0
100.52,77.456,1348.92,0.02,0.0,77.87,0,0.0,0.0,0.0
100.58,77.535,1348.36,0.02,0.0,77.86,0,0.0,0.0,0.0
100.64,77.614,1347.79,0.02,0.0,77.86,0,0.0,0.0,0.0
100.68,77.667,1347.42,0.02,0.0,77.85,0,0.0,0.0,0.0
100.72,77.719,1347.04,0.02,0.0,77.85,0,0.0,0.0,0.0
100.76,77.772,1346.67,0.02,0.0,77.85,0,0.0,0.0,0.0
100.82,77.851,1346.1,0.02,0.0,77.84,0,0.0,0.0,0.0
100.88,77.93,1345.54,0.02,0.0,77.83,0,0.0,0.0,0.0
100.92,77.983,1345.16,0.02,0.0,77.83,0,0.0,0.0,0.0
100.98,78.062,1344.6,0.02,0.0,77.82,0,0.0,0.0,0.0
101.04,78.141,1344.03,0.02,0.0,77.82,0,0.0,0.0,0.0
101.08,78.194,1343.66,0.02,0.0,77.81,0,0.0,0.0,0.0
101.14,78.272,1343.09,0.02,0.0,77.81,0,0.0,0.0,0.0
101.18,78.325,1342.72,0.02,0.0,77.8,0,0.0,0.0,0.0
101.24,78.404,1342.15,0.02,0.0,77.8,0,0.0,0.0,0.0
101.28,78.456,1341.78,0.02,0.0,77.79,0,0.0,0.0,0.0
101.34,78.535,1341.21,0.02,0.0,77.79,0,0.0,0.0,0.0
101.38,78.588,1340.84,0.02,0.0,77.78,0,0.0,0.0,0.0
101.44,78.666,1340.27,0.02,0.0,77.78,0,0.0,0.0,0.0
101.48,78.719,1339.9,0.02,0.0,77.77,0,0.0,0.0,0.0
101.54,78.798,1339.33,0.02,0.0,77.77,0,0.0,0.0,0.0
101.58,78.85,1338.96,0.02,0.0,77.76,0,0.0,0.0,0.0
101.64,78.929,1338.4,0.02,0.0,77.76,0,0.0,0.0,0.0
101.68,78.981,1338.02,0.02,0.0,77.75,0,0.0,0.0,0.0
101.74,79.06,1337.46,0.02,0.0,77.75,0,0.0,0.0,0.0
101.78,79.112,1337.08,0.02,0.0,77.74,0,0.0,0.0,0.0
101.84,79.19,1336.52,0.02,0.0,77.74,0,0.0,0.0,0.0
101.88,79.243,1336.14,0.02,0.0,77.73,0,0.0,0.0,0.0
101.94,79.321,1335.58,0.02,0.0,77.73,0,0.0,0.0,0.0
101.98,79.373,1335.2,0.02,0.0,77.72,0,0.0,0.0,0.0
102.04,79.452,1334.64,0.02,0.0,77.72,0,0.0,0.0,0.0
102.1,79.53,1334.08,0.02,0.0,77.71,0,0.0,0.0,0.0
102.14,79.582,1333.7,0.02,0.0,77.71,0,0.0,0.0,0.0
102.18,79.635,1333.32,0.02,0.0,77.7,0,0.0,0.0,0.0
102.24,79.713,1332.76,0.02,0.0,77.7,0,0.0,0.0,0.0
102.3,79.791,1332.2,0.02,0.0,77.69,0,0.0,0.0,0.0
102.34,79.843,1331.82,0.02,0.0,77.69,0,0.0,0.0,0.0
102.4,79.921,1331.26,0.02,0.0,77.68,0,0.0,0.0,0.0
102.44,79.973,1330.88,0.02,0.0,77.68,0,0.0,0.0,0.0
102.48,80.025,1330.51,0.02,0.0,77.67,0,0.0,0.0,0.0
102.54,80.104,1329.94,0.02,0.0,77.67,0,0.0,0.0,0.0
102.6,80.182,1329.38,0.02,0.0,77.66,0,0.0,0.0,0.0
102.64,80.234,1329.01,0.02,0.0,77.66,0,0.0,0.0,0.0
102.68,80.286,1328.63,0.02,0.0,77.65,0,0.0,0.0,0.0
102.74,80.364,1328.07,0.02,0.0,77.65,0,0.0,0.0,0.0
102.8,80.442,1327.5,0.01,0.0,77.64,0,0.0,0.0,0.0
102.84,80.494,1327.13,0.01,0.0,77.64,0,0.0,0.0,0.0
102.9,80.571,1326.57,0.01,0.0,77.63,0,0.0,0.0,0.0
102.94,80.623,1326.19,0.01,0.0,77.63,0,0.0,0.0,0.0
103.0,80.701,1325.63,0.01,0.0,77.62,0,0.0,0.0,0.0
103.04,80.753,1325.25,0.01,0.0,77.62,0,0.0,0.0,0.0
103.1,80.831,1324.69,0.01,0.0,77.61,0,0.0,0.0,0.0
103.14,80.883,1324.32,0.01,0.0,77.61,0,0.0,0.0,0.0
103.2,80.96,1323.75,0.01,0.0,77.6,0,0.0,0.0,0.0
103.24,81.012,1323.38,0.01,0.0,77.6,0,0.0,0.0,0.0
103.28,81.064,1323.0,0.01,0.0,77.59,0,0.0,0.0,0.0
103.34,81.142,1322.44,0.01,0.0,77.59,0,0.0,0.0,0.0
103.4,81.219,1321.88,0.01,0.0,77.58,0,0.0,0.0,0.0
103.44,81.271,1321.5,0.01,0.0,77.58,0,0.0,0.0,0.0
103.5,81.348,1320.94,0.01,0.0,77.57,0,0.0,0.0,0.0
103.54,81.4,1320.56,0.01,0.0,77.57,0,0.0,0.0,0.0
103.6,81.478,1320.0,0.01,0.0,77.56,0,0.0,0.0,0.0
103.64,81.529,1319.63,0.01,0.0,77.56,0,0.0,0.0,0.0
103.7,81.607,1319.06,0.01,0.0,77.55,0,0.0,0.0,0.0
103.76,81.684,1318.5,0.01,0.0,77.55,0,0.0,0.0,0.0
103.8,81.736,1318.13,0.01,0.0,77.54,0,0.0,0.0,0.0
103.84,81.787,1317.75,0.01,0.0,77.54,0,0.0,0.0,0.0
103.9,81.864,1317.19,0.01,0.0,77.53,0,0.0,0.0,0.0
103.96,81.942,1316.63,0.01,0.0,77.53,0,0.0,0.0,0.0
104.0,81.993,1316.25,0.01,0.0,77.52,0,0.0,0.0,0.0
104.04,82.045,1315.88,0.01,0.0,77.52,0,0.0,0.0,0.0
104.1,82.122,1315.31,0.01,0.0,77.51,0,0.0,0.0,0.0
104.14,82.173,1314.94,0.01,0.0,77.51,0,0.0,0.0,0.0
104.2,82.25,1314.38,0.01,0.0,77.5,0,0.0,0.0,0.0
104.26,82.328,1313.82,0.01,0.0,77.5,0,0.0,0.0,0.0
104.3,82.379,1313.44,0.01,0.0,77.49,0,0.0,0.0,0.0
104.34,82.43,1313.07,0.01,0.0,77.49,0,0.0,0.0,0.0
104.4,82.507,1312.5,0.01,0.0,77.48,0,0.0,0.0,0.0
104.46,82.584,1311.94,0.01,0.0,77.48,0,0.0,0.0,0.0
104.5,82.636,1311.57,0.01,0.0,77.47,0,0.0,0.0,0.0
104.56,82.713,1311.01,0.01,0.0,77.47,0,0.0,0.0,0.0
104.6,82.764,1310.63,0.01,0.0,77.46,0,0.0,0.0,0.0
104.64,82.815,1310.26,0.01,0.0,77.46,0,0.0,0.0,0.0
104.7,82.892,1309.69,0.01,0.0,77.45,0,0.0,0.0,0.0
104.76,82.969,1309.13,0.01,0.0,77.45,0,0.0,0.0,0.0
104.8,83.02,1308.76,0.01,0.0,77.44,0,0.0,0.0,0.0
104.84,83.071,1308.38,0.01,0.0,77.44,0,0.0,0.0,0.0
104.9,83.148,1307.82,0.01,0.0,77.43,0,0.0,0.0,0.0
104.96,83.225,1307.26,0.01,0.0,77.43,0,0.0,0.0,0.0
105.0,83.276,1306.89,0.01,0.0,77.42,0,0.0,0.0,0.0
105.06,83.352,1306.32,0.01,0.0,77.42,0,0.0,0.0,0.0
105.1,83.403,1305.95,0.01,0.0,77.41,0,0.0,0.0,0.0
105.16,83.48,1305.39,0.01,0.0,77.41,0,0.0,0.0,0.0
105.2,83.531,1305.01,0.01,0.0,77.4,0,0.0,0.0,0.0
105.26,83.608,1304.45,0.01,0.0,77.4,0,0.0,0.0,0.0
105.3,83.659,1304.08,0.01,0.0,77.39,0,0.0,0.0,0.0
105.36,83.735,1303.52,0.01,0.0,77.39,0,0.0,0.0,0.0
105.42,83.811,1302.95,0.01,0.0,77.38,0,0.0,0.0,0.0
105.46,83.862,1302.58,0.01,0.0,77.38,0,0.0,0.0,0.0
105.5,83.913,1302.2,0.01,0.0,77.37,0,0.0,0.0,0.0
105.56,83.99,1301.64,0.01,0.0,77.37,0,0.0,0.0,0.0
105.62,84.066,1301.08,0.01,0.0,77.36,0,0.0,0.0,0.0
105.66,84.117,1300.71,0.01,0.0,77.36,0,0.0,0.0,0.0
105.7,84.168,1300.33,0.01,0.0,77.36,0,0.0,0.0,0.0
105.76,84.244,1299.77,0.01,0.0,77.35,0,0.0,0.0,0.0
105.82,84.32,1299.21,0.01,0.0,77.34,0,0.0,0.0,0.0
105.86,84.371,1298.84,0.01,0.0,77.34,0,0.0,0.0,0.0
105.9,84.422,1298.46,0.01,0.0,77.34,0,0.0,0.0,0.0
105.96,84.498,1297.9,0.01,0.0,77.33,0,0.0,0.0,0.0
106.02,84.574,1297.34,0.01,0.0,77.32,0,0.0,0.0,0.0
106.06,84.625,1296.97,0.01,0.0,77.32,0,0.0,0.0,0.0
106.12,84.701,1296.4,0.01,0.0,77.31,0,0.0,0.0,0.0
106.16,84.751,1296.03,0.01,0.0,77.31,0,0.0,0.0,0.0
106.22,84.827,1295.47,0.01,0.0,77.3,0,0.0,0.0,0.0
106.26,84.878,1295.1,0.01,0.0,77.3,0,0.0,0.0,0.0
106.32,84.954,1294.53,0.01,0.0,77.29,0,0.0,0.0,0.0
106.38,85.03,1293.97,0.01,0.0,77.29,0,0.0,0.0,0.0
106.42,85.08,1293.6,0.01,0.0,77.28,0,0.0,0.0,0.0
106.46,85.131,1293.23,0.01,0.0,77.28,0,0.0,0.0,0.0
106.52,85.207,1292.66,0.01,0.0,77.28,0,0.0,0.0,0.0
106.58,85.283,1292.1,0.01,0.0,77.27,0,0.0,0.0,0.0
106.62,85.333,1291.73,0.01,0.0,77.27,0,0.0,0.0,0.0
106.66,85.383,1291.36,0.01,0.0,77.26,0,0.0,0.0,0.0
106.72,85.459,1290.8,0.01,0.0,77.26,0,0.0,0.0,0.0
106.78,85.535,1290.23,0.01,0.0,77.25,0,0.0,0.0,0.0
106.82,85.585,1289.86,0.01,0.0,77.25,0,0.0,0.0,0.0
106.86,85.636,1289.49,0.01,0.0,77.24,0,0.0,0.0,0.0
106.92,85.711,1288.93,0.01,0.0,77.24,0,0.0,0.0,0.0
106.96,85.762,1288.55,0.01,0.0,77.23,0,0.0,0.0,0.0
107.02,85.837,1287.99,0.01,0.0,77.23,0,0.0,0.0,0.0
107.06,85.887,1287.62,0.01,0.0,77.22,0,0.0,0.0,0.0
107.12,85.963,1287.06,0.01,0.0,77.22,0,0.0,0.0,0.0
107.18,86.038,1286.5,0.01,0.0,77.21,0,0.0,0.0,0.0
107.22,86.089,1286.12,0.01,0.0,77.21,0,0.0,0.0,0.0
107.26,86.139,1285.75,0.01,0.0,77.2,0,0.0,0.0,0.0
107.32,86.214,1285.19,0.01,0.0,77.2,0,0.0,0.0,0.0
107.38,86.29,1284.63,0.01,0.0,77.19,0,0.0,0.0,0.0
107.42,86.34,1284.25,0.01,0.0,77.19,0,0.0,0.0,0.0
107.46,86.39,1283.88,0.01,0.0,77.18,0,0.0,0.0,0.0
107.52,86.465,1283.32,0.01,0.0,77.18,0,0.0,0.0,0.0
107.58,86.54,1282.76,0.01,0.0,77.17,0,0.0,0.0,0.0
107.62,86.59,1282.39,0.01,0.0,77.17,0,0.0,0.0,0.0
107.68,86.666,1281.83,0.01,0.0,77.16,0,0.0,0.0,0.0
107.72,86.716,1281.45,0.01,0.0,77.16,0,0.0,0.0,0.0
107.78,86.791,1280.89,0.0,0.0,77.15,0,0.0,0.0,0.0
107.82,86.841,1280.52,0.0,0.0,77.15,0,0.0,0.0,0.0
107.88,86.916,1279.96,0.0,0.0,77.14,0,0.0,0.0,0.0
107.92,86.966,1279.59,0.0,0.0,77.14,0,0.0,0.0,0.0
107.98,87.041,1279.03,0.0,0.0,77.13,0,0.0,0.0,0.0
108.02,87.091,1278.65,0.0,0.0,77.13,0,0.0,0.0,0.0
108.08,87.166,1278.09,0.0,0.0,77.12,0,0.0,0.0,0.0
108.14,87.241,1277.53,0.0,0.0,77.12,0,0.0,0.0,0.0
108.18,87.29,1277.16,0.0,0.0,77.11,0,0.0,0.0,0.0
108.22,87.34,1276.78,0.0,0.0,77.11,0,0.0,0.0,0.0
108.28,87.415,1276.22,0.0,0.0,77.1,0,0.0,0.0,0.0
108.34,87.49,1275.66,0.0,0.0,77.1,0,0.0,0.0,0.0
108.38,87.54,1275.29,0.0,0.0,77.09,0,0.0,0.0,0.0
108.42,87.589,1274.92,0.0,0.0,77.09,0,0.0,0.0,0.0
108.48,87.664,1274.36,0.0,0.0,77.08,0,0.0,0.0,0.0
108.54,87.739,1273.8,0.0,0.0,77.08,0,0.0,0.0,0.0
108.58,87.789,1273.43,0.0,0.0,77.07,0,0.0,0.0,0.0
108.62,87.838,1273.05,0.0,0.0,77.07,0,0.0,0.0,0.0
108.68,87.913,1272.49,0.0,0.0,77.07,0,0.0,0.0,0.0
108.74,87.987,1271.93,0.0,0.0,77.06,0,0.0,0.0,0.0
108.78,88.037,1271.56,0.0,0.0,77.06,0,0.0,0.0,0.0
108.82,88.087,1271.19,0.0,0.0,77.05,0,0.0,0.0,0.0
108.88,88.161,1270.63,0.0,0.0,77.05,0,0.0,0.0,0.0
108.94,88.236,1270.07,0.0,0.0,77.04,0,0.0,0.0,0.0
108.98,88.285,1269.69,0.0,0.0,77.04,0,0.0,0.0,0.0
109.02,88.335,1269.32,0.0,0.0,77.03,0,0.0,0.0,0.0
109.08,88.409,1268.76,0.0,0.0,77.03,0,0.0,0.0,0.0
109.14,88.483,1268.2,0.0,0.0,77.02,0,0.0,0.0,0.0
109.18,88.533,1267.83,0.0,0.0,77.02,0,0.0,0.0,0.0
109.24,88.607,1267.27,0.0,0.0,77.01,0,0.0,0.0,0.0
109.28,88.657,1266.9,0.0,0.0,77.01,0,0.0,0.0,0.0
109.34,88.731,1266.34,0.0,0.0,77.0,0,0.0,0.0,0.0
109.38,88.78,1265.96,0.0,0.0,77.0,0,0.0,0.0,0.0
109.44,88.854,1265.4,0.0,0.0,76.99,0,0.0,0.0,0.0
109.48,88.904,1265.03,0.0,0.0,76.99,0,0.0,0.0,0.0
109.54,88.978,1264.47,0.0,0.0,76.98,0,0.0,0.0,0.0
109.58,89.027,1264.1,0.0,0.0,76.98,0,0.0,0.0,0.0
109.64,89.101,1263.54,0.0,0.0,76.97,0,0.0,0.0,0.0
109.7,89.175,1262.98,0.0,0.0,76.97,0,0.0,0.0,0.0
109.74,89.225,1262.61,0.0,0.0,76.96,0,0.0,0.0,0.0
109.78,89.274,1262.23,0.0,0.0,76.96,0,0.0,0.0,0.0
109.84,89.348,1261.67,0.0,0.0,76.95,0,0.0,0.0,0.0
109.9,89.422,1261.12,0.0,0.0,76.95,0,0.0,0.0,0.0
109.94,89.471,1260.74,0.0,0.0,76.94,0,0.0,0.0,0.0
109.98,89.52,1260.37,0.0,0.0,76.94,0,0.0,0.0,0.0
110.04,89.594,1259.81,0.0,0.0,76.93,0,0.0,0.0,0.0
110.08,89.643,1259.44,0.0,0.0,76.93,0,0.0,0.0,0.0
110.14,89.717,1258.88,0.0,0.0,76.92,0,0.0,0.0,0.0
110.2,89.791,1258.32,0.0,0.0,76.92,0,0.0,0.0,0.0
110.24,89.84,1257.95,0.0,0.0,76.91,0,0.0,0.0,0.0
110.28,89.889,1257.57,0.0,0.0,76.91,0,0.0,0.0,0.0
110.34,89.962,1257.02,0.0,0.0,76.9,0,0.0,0.0,0.0
110.4,90.036,1256.46,0.0,0.0,76.9,0,0.0,0.0,0.0
110.44,90.085,1256.08,0.0,0.0,76.9,0,0.0,0.0,0.0
110.48,90.134,1255.71,0.0,0.0,76.89,0,0.0,0.0,0.0
110.54,90.207,1255.15,0.0,0.0,76.89,0,0.0,0.0,0.0
110.6,90.281,1254.59,0.0,0.0,76.88,0,0.0,0.0,0.0
110.64,90.33,1254.22,0.0,0.0,76.88,0,0.0,0.0,0.0
110.7,90.403,1253.66,0.0,0.0,76.87,0,0.0,0.0,0.0
110.74,90.452,1253.29,0.0,0.0,76.87,0,0.0,0.0,0.0
110.8,90.526,1252.73,0.0,0.0,76.86,0,0.0,0.0,0.0
110.84,90.574,1252.36,0.0,0.0,76.86,0,0.0,0.0,0.0
110.88,90.623,1251.99,0.0,0.0,76.85,0,0.0,0.0,0.0
110.94,90.697,1251.43,0.0,0.0,76.85,0,0.0,0.0,0.0
111.0,90.77,1250.87,0.0,0.0,76.84,0,0.0,0.0,0.0
111.04,90.819,1250.5,0.0,0.0,76.84,0,0.0,0.0,0.0
111.1,90.892,1249.94,0.0,0.0,76.83,0,0.0,0.0,0.0
111.14,90.941,1249.57,0.0,0.0,76.83,0,0.0,0.0,0.0
111.2,91.014,1249.01,0.0,0.0,76.82,0,0.0,0.0,0.0
111.24,91.062,1248.63,0.0,0.0,76.82,0,0.0,0.0,0.0
111.3,91.136,1248.08,0.0,0.0,76.81,0,0.0,0.0,0.0
111.36,91.209,1247.52,0.0,0.0,76.81,0,0.0,0.0,0.0
111.4,91.257,1247.15,0.0,0.0,76.8,0,0.0,0.0,0.0
111.44,91.306,1246.77,0.0,0.0,76.8,0,0.0,0.0,0.0
111.5,91.379,1246.21,0.0,0.0,76.79,0,0.0,0.0,0.0
111.56,91.452,1245.66,0.0,0.0,76.79,0,0.0,0.0,0.0
111.6,91.5,1245.28,0.0,0.0,76.78,0,0.0,0.0,0.0
111.64,91.549,1244.91,0.0,0.0,76.78,0,0.0,0.0,0.0
111.7,91.622,1244.35,0.0,0.0,76.77,0,0.0,0.0,0.0
111.76,91.695,1243.8,0.0,0.0,76.77,0,0.0,0.0,0.0
111.8,91.743,1243.42,0.0,0.0,76.76,0,0.0,0.0,0.0
111.84,91.792,1243.05,0.0,0.0,76.76,0,0.0,0.0,0.0
111.9,91.864,1242.49,0.0,0.0,76.75,0,0.0,0.0,0.0
111.94,91.913,1242.12,0.0,0.0,76.75,0,0.0,0.0,0.0
112.0,91.986,1241.56,0.0,0.0,76.74,0,0.0,0.0,0.0
112.06,92.058,1241.0,0.0,0.0,76.74,0,0.0,0.0,0.0
112.1,92.107,1240.63,0.0,0.0,76.74,0,0.0,0.0,0.0
112.16,92.179,1240.07,0.0,0.0,76.73,0,0.0,0.0,0.0
112.2,92.227,1239.7,0.0,0.0,76.73,0,0.0,0.0,0.0
112.26,92.3,1239.14,0.0,0.0,76.72,0,0.0,0.0,0.0
112.3,92.348,1238.77,0.0,0.0,76.72,0,0.0,0.0,0.0
112.36,92.421,1238.21,0.0,0.0,76.71,0,0.0,0.0,0.0
112.42,92.493,1237.66,0.0,0.0,76.7,0,0.0,0.0,0.0
112.46,92.541,1237.28,0.0,0.0,76.7,0,0.0,0.0,0.0
112.5,92.59,1236.91,0.0,0.0,76.7,0,0.0,0.0,0.0
112.56,92.662,1236.35,0.0,0.0,76.69,0,0.0,0.0,0.0
112.62,92.734,1235.8,0.0,0.0,76.69,0,0.0,0.0,0.0
112.66,92.783,1235.42,0.0,0.0,76.68,0,0.0,0.0,0.0
112.7,92.831,1235.05,0.0,0.0,76.68,0,0.0,0.0,0.0
112.76,92.903,1234.49,0.0,0.0,76.67,0,0.0,0.0,0.0
112.82,92.975,1233.94,0.0,0.0,76.67,0,0.0,0.0,0.0
112.86,93.023,1233.56,0.0,0.0,76.66,0,0.0,0.0,0.0
112.9,93.071,1233.19,0.0,0.0,76.66,0,0.0,0.0,0.0
112.96,93.144,1232.64,0.0,0.0,76.65,0,0.0,0.0,0.0
113.02,93.216,1232.08,0.0,0.0,76.65,0,0.0,0.0,0.0
113.06,93.264,1231.71,0.0,0.0,76.64,0,0.0,0.0,0.0
113.1,93.312,1231.33,0.0,0.0,76.64,0,0.0,0.0,0.0
113.16,93.384,1230.78,0.0,0.0,76.63,0,0.0,0.0,0.0
113.22,93.456,1230.22,0.0,0.0,76.63,0,0.0,0.0,0.0
113.26,93.504,1229.85,0.0,0.0,76.62,0,0.0,0.0,0.0
113.3,93.552,1229.48,0.0,0.0,76.62,0,0.0,0.0,0.0
113.36,93.623,1228.92,0.0,0.0,76.61,0,0.0,0.0,0.0
113.42,93.695,1228.36,0.0,0.0,76.61,0,0.0,0.0,0.0
113.46,93.743,1227.99,0.0,0.0,76.6,0,0.0,0.0,0.0
113.5,93.791,1227.62,0.0,0.0,76.6,0,0.0,0.0,0.0
113.56,93.863,1227.06,0.0,0.0,76.6,0,0.0,0.0,0.0
113.62,93.935,1226.5,0.0,0.0,76.59,0,0.0,0.0,0.0
113.66,93.982,1226.13,0.0,0.0,76.59,0,0.0,0.0,0.0
113.72,94.054,1225.57,0.0,0.0,76.58,0,0.0,0.0,0.0
113.76,94.102,1225.2,0.0,0.0,76.58,0,0.0,0.0,0.0
113.82,94.174,1224.64,0.0,0.0,76.57,0,0.0,0.0,0.0
113.88,94.245,1224.09,0.0,0.0,76.56,0,0.0,0.0,0.0
113.92,94.293,1223.72,0.0,0.0,76.56,0,0.0,0.0,0.0
113.96,94.341,1223.34,0.0,0.0,76.56,0,0.0,0.0,0.0
114.02,94.412,1222.79,0.0,0.0,76.55,0,0.0,0.0,0.0
114.06,94.46,1222.42,0.0,0.0,76.55,0,0.0,0.0,0.0
114.12,94.531,1221.86,0.0,0.0,76.54,0,0.0,0.0,0.0
114.16,94.579,1221.49,0.0,0.0,76.54,0,0.0,0.0,0.0
114.22,94.65,1220.93,0.0,0.0,76.53,0,0.0,0.0,0.0
114.28,94.722,1220.37,0.0,0.0,76.53,0,0.0,0.0,0.0
114.32,94.769,1220.0,0.0,0.0,76.52,0,0.0,0.0,0.0
114.36,94.817,1219.63,0.0,0.0,76.52,0,0.0,0.0,0.0
114.42,94.888,1219.07,0.0,0.0,76.51,0,0.0,0.0,0.0
114.46,94.935,1218.7,0.0,0.0,76.51,0,0.0,0.0,0.0
114.52,95.007,1218.14,0.0,0.0,76.5,0,0.0,0.0,0.0
114.58,95.078,1217.59,0.0,0.0,76.5,0,0.0,0.0,0.0
114.62,95.125,1217.22,0.0,0.0,76.49,0,0.0,0.0,0.0
114.66,95.173,1216.85,0.0,0.0,76.49,0,0.0,0.0,0.0
114.72,95.244,1216.29,0.0,0.0,76.48,0,0.0,0.0,0.0
114.78,95.315,1215.73,0.0,0.0,76.48,0,0.0,0.0,0.0
114.82,95.362,1215.36,0.0,0.0,76.47,0,0.0,0.0,0.0
114.86,95.41,1214.99,0.0,0.0,76.47,0,0.0,0.0,0.0
114.92,95.481,1214.43,0.0,0.0,76.47,0,0.0,0.0,0.0
114.98,95.552,1213.88,0.0,0.0,76.46,0,0.0,0.0,0.0
115.02,95.599,1213.5,0.0,0.0,76.46,0,0.0,0.0,0.0
115.08,95.67,1212.95,0.0,0.0,76.45,0,0.0,0.0,0.0
115.12,95.717,1212.58,0.0,0.0,76.45,0,0.0,0.0,0.0
115.18,95.788,1212.02,0.0,0.0,76.44,0,0.0,0.0,0.0
115.22,95.835,1211.65,0.0,0.0,76.44,0,0.0,0.0,0.0
115.28,95.906,1211.09,0.0,0.0,76.43,0,0.0,0.0,0.0
115.32,95.953,1210.72,0.0,0.0,76.43,0,0.0,0.0,0.0
115.36,96.0,1210.35,0.0,0.0,76.42,0,0.0,0.0,0.0
115.42,96.071,1209.79,0.0,0.0,76.42,0,0.0,0.0,0.0
115.48,96.142,1209.24,0.0,0.0,76.41,0,0.0,0.0,0.0
115.52,96.189,1208.87,0.0,0.0,76.41,0,0.0,0.0,0.0
115.56,96.236,1208.5,0.0,0.0,76.4,0,0.0,0.0,0.0
115.62,96.306,1207.94,0.0,0.0,76.4,0,0.0,0.0,0.0
115.68,96.377,1207.38,0.0,0.0,76.39,0,0.0,0.0,0.0
115.72,96.424,1207.01,0.0,0.0,76.39,0,0.0,0.0,0.0
115.78,96.495,1206.46,0.0,0.0,76.38,0,0.0,0.0,0.0
115.82,96.542,1206.08,0.0,0.0,76.38,0,0.0,0.0,0.0
115.88,96.612,1205.53,0.0,0.0,76.37,0,0.0,0.0,0.0
115.94,96.682,1204.97,0.0,0.0,76.37,0,0.0,0.0,0.0
115.98,96.729,1204.6,0.0,0.0,76.36,0,0.0,0.0,0.0
116.02,96.776,1204.23,0.0,0.0,76.36,0,0.0,0.0,0.0
116.08,96.847,1203.67,0.0,0.0,76.35,0,0.0,0.0,0.0
116.14,96.917,1203.12,0.0,0.0,76.35,0,0.0,0.0,0.0
116.18,96.964,1202.75,0.0,0.0,76.34,0,0.0,0.0,0.0
116.22,97.011,1202.38,0.0,0.0,76.34,0,0.0,0.0,0.0
116.28,97.081,1201.82,0.0,0.0,76.34,0,0.0,0.0,0.0
116.34,97.151,1201.26,0.0,0.0,76.33,0,0.0,0.0,0.0
116.38,97.198,1200.89,0.0,0.0,76.33,0,0.0,0.0,0.0
116.42,97.245,1200.52,0.0,0.0,76.32,0,0.0,0.0,0.0
116.48,97.315,1199.97,0.0,0.0,76.32,0,0.0,0.0,0.0
116.52,97.361,1199.6,0.0,0.0,76.31,0,0.0,0.0,0.0
116.58,97.431,1199.04,0.0,0.0,76.3,0,0.0,0.0,0.0
116.64,97.501,1198.48,0.0,0.0,76.3,0,0.0,0.0,0.0
116.68,97.548,1198.11,0.0,0.0,76.3,0,0.0,0.0,0.0
116.74,97.618,1197.56,0.0,0.0,76.29,0,0.0,0.0,0.0
116.78,97.665,1197.19,0.0,0.0,76.29,0,0.0,0.0,0.0
116.84,97.735,1196.63,0.0,0.0,76.28,0,0.0,0.0,0.0
116.88,97.781,1196.26,0.0,0.0,76.28,0,0.0,0.0,0.0
116.94,97.851,1195.7,0.0,0.0,76.27,0,0.0,0.0,0.0
116.98,97.898,1195.33,0.0,0.0,76.27,0,0.0,0.0,0.0
117.04,97.967,1194.78,0.0,0.0,76.26,0,0.0,0.0,0.0
117.1,98.037,1194.22,0.0,0.0,76.26,0,0.0,0.0,0.0
117.14,98.084,1193.85,0.0,0.0,76.25,0,0.0,0.0,0.0
117.18,98.13,1193.48,0.0,0.0,76.25,0,0.0,0.0,0.0
117.24,98.2,1192.93,0.0,0.0,76.24,0,0.0,0.0,0.0
117.3,98.269,1192.37,0.0,0.0,76.24,0,0.0,0.0,0.0
117.34,98.316,1192.0,0.0,0.0,76.23,0,0.0,0.0,0.0
117.38,98.362,1191.63,0.0,0.0,76.23,0,0.0,0.0,0.0
117.44,98.432,1191.07,0.0,0.0,76.22,0,0.0,0.0,0.0
117.5,98.501,1190.52,0.0,0.0,76.22,0,0.0,0.0,0.0
117.54,98.548,1190.15,0.0,0.0,76.22,0,0.0,0.0,0.0
117.58,98.594,1189.78,0.0,0.0,76.21,0,0.0,0.0,0.0
117.64,98.663,1189.22,0.0,0.0,76.21,0,0.0,0.0,0.0
117.7,98.733,1188.67,0.0,0.0,76.2,0,0.0,0.0,0.0
117.74,98.779,1188.3,0.0,0.0,76.2,0,0.0,0.0,0.0
117.78,98.825,1187.93,0.0,0.0,76.19,0,0.0,0.0,0.0
117.84,98.895,1187.37,0.0,0.0,76.19,0,0.0,0.0,0.0
117.9,98.964,1186.82,0.0,0.0,76.18,0,0.0,0.0,0.0
117.94,99.01,1186.45,0.0,0.0,76.18,0,0.0,0.0,0.0
117.98,99.056,1186.08,0.0,0.0,76.17,0,0.0,0.0,0.0
118.04,99.125,1185.52,0.0,0.0,76.17,0,0.0,0.0,0.0
118.1,99.195,1184.96,0.0,0.0,76.16,0,0.0,0.0,0.0
118.14,99.241,1184.59,0.0,0.0,76.16,0,0.0,0.0,0.0
118.2,99.31,1184.04,0.0,0.0,76.15,0,0.0,0.0,0.0
118.24,99.356,1183.67,0.0,0.0,76.15,0,0.0,0.0,0.0
118.28,99.402,1183.3,0.0,0.0,76.14,0,0.0,0.0,0.0
118.34,99.471,1182.74,0.0,0.0,76.14,0,0.0,0.0,0.0
118.4,99.54,1182.19,0.0,0.0,76.13,0,0.0,0.0,0.0
118.44,99.586,1181.82,0.0,0.0,76.13,0,0.0,0.0,0.0
118.5,99.655,1181.26,0.0,0.0,76.12,0,0.0,0.0,0.0
118.54,99.701,1180.89,0.0,0.0,76.12,0,0.0,0.0,0.0
118.6,99.77,1180.34,0.0,0.0,76.11,0,0.0,0.0,0.0
118.66,99.839,1179.78,0.0,0.0,76.11,0,0.0,0.0,0.0
118.7,99.885,1179.41,0.0,0.0,76.1,0,0.0,0.0,0.0
118.74,99.931,1179.04,0.0,0.0,76.1,0,0.0,0.0,0.0
118.8,99.999,1178.49,0.0,0.0,76.1,0,0.0,0.0,0.0
118.84,100.045,1178.12,0.0,0.0,76.09,0,0.0,0.0,0.0
118.9,100.114,1177.56,0.0,0.0,76.09,0,0.0,0.0,0.0
118.94,100.16,1177.19,0.0,0.0,76.08,0,0.0,0.0,0.0
119.0,100.228,1176.64,0.0,0.0,76.08,0,0.0,0.0,0.0
119.06,100.297,1176.08,0.0,0.0,76.07,0,0.0,0.0,0.0
119.1,100.343,1175.71,0.0,0.0,76.07,0,0.0,0.0,0.0
119.14,100.388,1175.35,0.0,0.0,76.06,0,0.0,0.0,0.0
119.2,100.457,1174.79,0.0,0.0,76.06,0,0.0,0.0,0.0
119.26,100.526,1174.24,0.0,0.0,76.05,0,0.0,0.0,0.0
119.3,100.571,1173.87,0.0,0.0,76.05,0,0.0,0.0,0.0
119.34,100.617,1173.5,0.0,0.0,76.04,0,0.0,0.0,0.0
119.4,100.685,1172.94,0.0,0.0,76.04,0,0.0,0.0,0.0
119.46,100.754,1172.39,0.0,0.0,76.03,0,0.0,0.0,0.0
119.5,100.799,1172.02,0.0,0.0,76.03,0,0.0,0.0,0.0
119.56,100.868,1171.46,0.0,0.0,76.02,0,0.0,0.0,0.0
119.6,100.913,1171.09,0.0,0.0,76.02,0,0.0,0.0,0.0
119.64,100.959,1170.72,0.0,0.0,76.02,0,0.0,0.0,0.0
119.7,101.027,1170.17,0.0,0.0,76.01,0,0.0,0.0,0.0
119.76,101.095,1169.61,0.0,0.0,76.0,0,0.0,0.0,0.0
119.8,101.141,1169.24,0.0,0.0,76.0,0,0.0,0.0,0.0
119.84,101.186,1168.88,0.0,0.0,76.0,0,0.0,0.0,0.0
119.9,101.254,1168.32,0.0,0.0,75.99,0,0.0,0.0,0.0
119.96,101.322,1167.77,0.0,0.0,75.98,0,0.0,0.0,0.0
120.0,101.368,1167.4,0.0,0.0,75.98,0,0.0,0.0,0.0
120.06,101.436,1166.84,0.0,0.0,75.98,0,0.0,0.0,0.0
120.1,101.481,1166.47,0.0,0.0,75.97,0,0.0,0.0,0.0
120.16,101.549,1165.92,0.0,0.0,75.97,0,0.0,0.0,0.0
120.2,101.595,1165.55,0.0,0.0,75.96,0,0.0,0.0,0.0
120.26,101.663,1164.99,0.0,0.0,75.96,0,0.0,0.0,0.0
120.3,101.708,1164.63,0.0,0.0,75.95,0,0.0,0.0,0.0
120.36,101.776,1164.07,0.0,0.0,75.95,0,0.0,0.0,0.0
120.4,101.821,1163.7,0.0,0.0,75.94,0,0.0,0.0,0.0
120.46,101.889,1163.15,0.0,0.0,75.94,0,0.0,0.0,0.0
120.5,101.934,1162.78,0.0,0.0,75.93,0,0.0,0.0,0.0
120.56,102.002,1162.22,0.0,0.0,75.93,0,0.0,0.0,0.0
120.62,102.07,1161.67,0.0,0.0,75.92,0,0.0,0.0,0.0
120.66,102.115,1161.3,0.0,0.0,75.92,0,0.0,0.0,0.0
120.7,102.16,1160.93,0.0,0.0,75.91,0,0.0,0.0,0.0
120.76,102.228,1160.38,0.0,0.0,75.91,0,0.0,0.0,0.0
120.82,102.295,1159.82,0.0,0.0,75.9,0,0.0,0.0,0.0
120.86,102.34,1159.45,0.0,0.0,75.9,0,0.0,0.0,0.0
120.92,102.408,1158.9,0.0,0.0,75.89,0,0.0,0.0,0.0
120.96,102.453,1158.53,0.0,0.0,75.89,0,0.0,0.0,0.0
121.02,102.52,1157.98,0.0,0.0,75.88,0,0.0,0.0,0.0
121.06,102.565,1157.61,0.0,0.0,75.88,0,0.0,0.0,0.0
121.1,102.61,1157.24,0.0,0.0,75.88,0,0.0,0.0,0.0
121.16,102.678,1156.68,0.0,0.0,75.87,0,0.0,0.0,0.0
121.22,102.745,1156.13,0.0,0.0,75.86,0,0.0,0.0,0.0
121.26,102.79,1155.76,0.0,0.0,75.86,0,0.0,0.0,0.0
121.32,102.858,1155.21,0.0,0.0,75.86,0,0.0,0.0,0.0
121.36,102.902,1154.84,0.0,0.0,75.85,0,0.0,0.0,0.0
121.42,102.97,1154.29,0.0,0.0,75.85,0,0.0,0.0,0.0
121.46,103.015,1153.92,0.0,0.0,75.84,0,0.0,0.0,0.0
121.52,103.082,1153.36,0.0,0.0,75.84,0,0.0,0.0,0.0
121.58,103.149,1152.81,0.0,0.0,75.83,0,0.0,0.0,0.0
121.62,103.194,1152.44,0.0,0.0,75.83,0,0.0,0.0,0.0
121.66,103.239,1152.07,0.0,0.0,75.82,0,0.0,0.0,0.0
121.72,103.306,1151.52,0.0,0.0,75.82,0,0.0,0.0,0.0
121.78,103.373,1150.96,0.0,0.0,75.81,0,0.0,0.0,0.0
121.82,103.417,1150.6,0.0,0.0,75.81,0,0.0,0.0,0.0
121.86,103.462,1150.23,0.0,0.0,75.8,0,0.0,0.0,0.0
121.92,103.529,1149.67,0.0,0.0,75.8,0,0.0,0.0,0.0
121.98,103.596,1149.12,0.0,0.0,75.79,0,0.0,0.0,0.0
122.02,103.641,1148.75,0.0,0.0,75.79,0,0.0,0.0,0.0
122.08,103.708,1148.2,0.0,0.0,75.78,0,0.0,0.0,0.0
122.12,103.752,1147.83,0.0,0.0,75.78,0,0.0,0.0,0.0
122.16,103.797,1147.46,0.0,0.0,75.78,0,0.0,0.0,0.0
122.22,103.864,1146.91,0.0,0.0,75.77,0,0.0,0.0,0.0
122.28,103.93,1146.35,0.0,0.0,75.76,0,0.0,0.0,0.0
122.32,103.975,1145.98,0.0,0.0,75.76,0,0.0,0.0,0.0
122.38,104.042,1145.43,0.0,0.0,75.75,0,0.0,0.0,0.0
122.42,104.086,1145.06,0.0,0.0,75.75,0,0.0,0.0,0.0
122.48,104.153,1144.51,0.0,0.0,75.74,0,0.0,0.0,0.0
122.52,104.197,1144.14,0.0,0.0,75.74,0,0.0,0.0,0.0
122.58,104.264,1143.59,0.0,0.0,75.74,0,0.0,0.0,0.0
122.62,104.308,1143.22,0.0,0.0,75.73,0,0.0,0.0,0.0
122.68,104.375,1142.67,0.0,0.0,75.73,0,0.0,0.0,0.0
122.72,104.419,1142.3,0.0,0.0,75.72,0,0.0,0.0,0.0
122.78,104.486,1141.74,0.0,0.0,75.72,0,0.0,0.0,0.0
122.82,104.53,1141.37,0.0,0.0,75.71,0,0.0,0.0,0.0
122.88,104.597,1140.82,0.0,0.0,75.71,0,0.0,0.0,0.0
122.94,104.663,1140.27,0.0,0.0,75.7,0,0.0,0.0,0.0
122.98,104.707,1139.9,0.0,0.0,75.7,0,0.0,0.0,0.0
123.02,104.752,1139.53,0.0,0.0,75.69,0,0.0,0.0,0.0
123.08,104.818,1138.98,0.0,0.0,75.69,0,0.0,0.0,0.0
123.14,104.884,1138.43,0.0,0.0,75.68,0,0.0,0.0,0.0
123.18,104.928,1138.06,0.0,0.0,75.68,0,0.0,0.0,0.0
123.24,104.995,1137.5,0.0,0.0,75.67,0,0.0,0.0,0.0
123.28,105.039,1137.14,0.0,0.0,75.67,0,0.0,0.0,0.0
123.32,105.083,1136.77,0.0,0.0,75.66,0,0.0,0.0,0.0
123.38,105.149,1136.21,0.0,0.0,75.66,0,0.0,0.0,0.0
123.44,105.215,1135.66,0.0,0.0,75.65,0,0.0,0.0,0.0
123.48,105.259,1135.29,0.0,0.0,75.65,0,0.0,0.0,0.0
123.54,105.326,1134.74,0.0,0.0,75.64,0,0.0,0.0,0.0
123.58,105.37,1134.37,0.0,0.0,75.64,0,0.0,0.0,0.0
123.64,105.436,1133.82,0.0,0.0,75.63,0,0.0,0.0,0.0
123.68,105.48,1133.45,0.0,0.0,75.63,0,0.0,0.0,0.0
123.74,105.546,1132.9,0.0,0.0,75.62,0,0.0,0.0,0.0
123.78,105.59,1132.53,0.0,0.0,75.62,0,0.0,0.0,0.0
123.84,105.655,1131.98,0.0,0.0,75.62,0,0.0,0.0,0.0
123.88,105.699,1131.61,0.0,0.0,75.61,0,0.0,0.0,0.0
123.94,105.765,1131.06,0.0,0.0,75.61,0,0.0,0.0,0.0
123.98,105.809,1130.69,0.0,0.0,75.6,0,0.0,0.0,0.0
124.04,105.875,1130.14,0.0,0.0,75.6,0,0.0,0.0,0.0
124.08,105.919,1129.77,0.0,0.0,75.59,0,0.0,0.0,0.0
124.14,105.985,1129.22,0.0,0.0,75.59,0,0.0,0.0,0.0
124.18,106.028,1128.85,0.0,0.0,75.58,0,0.0,0.0,0.0
124.24,106.094,1128.3,0.0,0.0,75.58,0,0.0,0.0,0.0
124.28,106.138,1127.93,0.0,0.0,75.57,0,0.0,0.0,0.0
124.34,106.203,1127.38,0.0,0.0,75.57,0,0.0,0.0,0.0
124.38,106.247,1127.01,0.0,0.0,75.56,0,0.0,0.0,0.0
124.44,106.313,1126.45,0.0,0.0,75.56,0,0.0,0.0,0.0
124.5,106.378,1125.9,0.0,0.0,75.55,0,0.0,0.0,0.0
124.54,106.422,1125.53,0.0,0.0,75.55,0,0.0,0.0,0.0
124.58,106.466,1125.17,0.0,0.0,75.54,0,0.0,0.0,0.0
124.64,106.531,1124.61,0.0,0.0,75.54,0,0.0,0.0,0.0
124.68,106.575,1124.25,0.0,0.0,75.54,0,0.0,0.0,0.0
124.74,106.64,1123.69,0.0,0.0,75.53,0,0.0,0.0,0.0
124.8,106.705,1123.14,0.0,0.0,75.52,0,0.0,0.0,0.0
124.84,106.749,1122.77,0.0,0.0,75.52,0,0.0,0.0,0.0
124.88,106.793,1122.41,0.0,0.0,75.52,0,0.0,0.0,0.0
124.94,106.858,1121.85,0.0,0.0,75.51,0,0.0,0.0,0.0
125.0,106.923,1121.3,0.0,0.0,75.5,0,0.0,0.0,0.0
125.04,106.967,1120.93,0.0,0.0,75.5,0,0.0,0.0,0.0
125.1,107.032,1120.38,0.0,0.0,75.49,0,0.0,0.0,0.0
125.14,107.075,1120.01,0.0,0.0,75.49,0,0.0,0.0,0.0
125.2,107.14,1119.46,0.0,0.0,75.49,0,0.0,0.0,0.0
125.24,107.184,1119.09,0.0,0.0,75.48,0,0.0,0.0,0.0
125.3,107.249,1118.54,0.0,0.0,75.48,0,0.0,0.0,0.0
125.34,107.292,1118.17,0.0,0.0,75.47,0,0.0,0.0,0.0
125.38,107.336,1117.81,0.0,0.0,75.47,0,0.0,0.0,0.0
125.44,107.401,1117.26,0.0,0.0,75.46,0,0.0,0.0,0.0
125.5,107.466,1116.7,0.0,0.0,75.46,0,0.0,0.0,0.0
125.54,107.509,1116.34,0.0,0.0,75.45,0,0.0,0.0,0.0
125.6,107.574,1115.78,0.0,0.0,75.45,0,0.0,0.0,0.0
125.64,107.617,1115.42,0.0,0.0,75.44,0,0.0,0.0,0.0
125.7,107.682,1114.86,0.0,0.0,75.44,0,0.0,0.0,0.0
125.74,107.725,1114.5,0.0,0.0,75.43,0,0.0,0.0,0.0
125.8,107.79,1113.95,0.0,0.0,75.43,0,0.0,0.0,0.0
125.84,107.833,1113.58,0.0,0.0,75.42,0,0.0,0.0,0.0
125.88,107.876,1113.21,0.0,0.0,75.42,0,0.0,0.0,0.0
125.94,107.941,1112.66,0.0,0.0,75.41,0,0.0,0.0,0.0
126.82,108.886,1104.57,0.0,0.0,75.33,0,0.0,0.0,0.0
126.86,108.929,1104.21,0.0,0.0,75.33,0,0.0,0.0,0.0
126.92,108.993,1103.66,0.0,0.0,75.32,0,0.0,0.0,0.0
126.98,109.057,1103.1,0.0,0.0,75.32,0,0.0,0.0,0.0
127.02,109.1,1102.74,0.0,0.0,75.31,0,0.0,0.0,0.0
127.08,109.164,1102.19,0.0,0.0,75.31,0,0.0,0.0,0.0
127.12,109.207,1101.82,0.0,0.0,75.3,0,0.0,0.0,0.0
127.18,109.271,1101.27,0.0,0.0,75.3,0,0.0,0.0,0.0
127.22,109.314,1100.9,0.0,0.0,75.29,0,0.0,0.0,0.0
127.28,109.378,1100.35,0.0,0.0,75.29,0,0.0,0.0,0.0
127.32,109.42,1099.98,0.0,0.0,75.28,0,0.0,0.0,0.0
127.38,109.484,1099.43,0.0,0.0,75.28,0,0.0,0.0,0.0
127.42,109.527,1099.06,0.0,0.0,75.27,0,0.0,0.0,0.0
127.48,109.591,1098.51,0.0,0.0,75.27,0,0.0,0.0,0.0
127.52,109.633,1098.15,0.0,0.0,75.26,0,0.0,0.0,0.0
127.58,109.697,1097.6,0.0,0.0,75.26,0,0.0,0.0,0.0
127.64,109.761,1097.05,0.0,0.0,75.25,0,0.0,0.0,0.0
127.68,109.803,1096.68,0.0,0.0,75.25,0,0.0,0.0,0.0
127.68,109.846,1096.31,0.0,0.0,75.25,0,0.0,0.0,0.0
127.76,109.888,1095.94,0.0,0.0,75.24,0,0.0,0.0,0.0
127.8,109.931,1095.58,0.0,0.0,75.24,0,0.0,0.0,0.0
127.86,109.994,1095.03,0.0,0.0,75.23,0,0.0,0.0,0.0
127.9,110.037,1094.66,0.0,0.0,75.23,0,0.0,0.0,0.0
127.96,110.1,1094.11,0.0,0.0,75.22,0,0.0,0.0,0.0
128.02,110.164,1093.56,0.0,0.0,75.22,0,0.0,0.0,0.0
128.06,110.206,1093.19,0.0,0.0,75.21,0,0.0,0.0,0.0
128.12,110.27,1092.64,0.0,0.0,75.21,0,0.0,0.0,0.0
128.16,110.312,1092.27,0.0,0.0,75.2,0,0.0,0.0,0.0
128.22,110.375,1091.72,0.0,0.0,75.2,0,0.0,0.0,0.0
128.26,110.418,1091.36,0.0,0.0,75.19,0,0.0,0.0,0.0
128.32,110.481,1090.81,0.0,0.0,75.19,0,0.0,0.0,0.0
128.36,110.523,1090.44,0.0,0.0,75.18,0,0.0,0.0,0.0
128.42,110.586,1089.89,0.0,0.0,75.18,0,0.0,0.0,0.0
128.46,110.629,1089.52,0.0,0.0,75.17,0,0.0,0.0,0.0
128.52,110.692,1088.97,0.0,0.0,75.17,0,0.0,0.0,0.0
128.58,110.755,1088.42,0.0,0.0,75.16,0,0.0,0.0,0.0
128.62,110.797,1088.06,0.0,0.0,75.16,0,0.0,0.0,0.0
128.66,110.839,1087.69,0.0,0.0,75.16,0,0.0,0.0,0.0
128.72,110.902,1087.14,0.0,0.0,75.15,0,0.0,0.0,0.0
128.78,110.966,1086.59,0.0,0.0,75.14,0,0.0,0.0,0.0
128.82,111.008,1086.22,0.0,0.0,75.14,0,0.0,0.0,0.0
128.86,111.05,1085.86,0.0,0.0,75.14,0,0.0,0.0,0.0
128.92,111.113,1085.31,0.0,0.0,75.13,0,0.0,0.0,0.0
128.96,111.155,1084.94,0.0,0.0,75.13,0,0.0,0.0,0.0
129.02,111.218,1084.39,0.0,0.0,75.12,0,0.0,0.0,0.0
129.08,111.281,1083.84,0.0,0.0,75.12,0,0.0,0.0,0.0
129.12,111.323,1083.47,0.0,0.0,75.11,0,0.0,0.0,0.0
129.18,111.385,1082.92,0.0,0.0,75.11,0,0.0,0.0,0.0
129.22,111.427,1082.56,0.0,0.0,75.1,0,0.0,0.0,0.0
129.26,111.469,1082.19,0.0,0.0,75.1,0,0.0,0.0,0.0
129.32,111.532,1081.64,0.0,0.0,75.09,0,0.0,0.0,0.0
129.38,111.595,1081.09,0.0,0.0,75.09,0,0.0,0.0,0.0
129.42,111.637,1080.72,0.0,0.0,75.08,0,0.0,0.0,0.0
129.46,111.678,1080.36,0.0,0.0,75.08,0,0.0,0.0,0.0
129.52,111.741,1079.81,0.0,0.0,75.07,0,0.0,0.0,0.0
129.58,111.804,1079.26,0.0,0.0,75.07,0,0.0,0.0,0.0
129.64,111.866,1078.71,0.0,0.0,75.06,0,0.0,0.0,0.0
129.68,111.908,1078.34,0.0,0.0,75.06,0,0.0,0.0,0.0
129.72,111.95,1077.97,0.0,0.0,75.05,0,0.0,0.0,0.0
129.78,112.012,1077.43,0.0,0.0,75.05,0,0.0,0.0,0.0
129.84,112.075,1076.88,0.0,0.0,75.04,0,0.0,0.0,0.0
129.88,112.117,1076.51,0.0,0.0,75.04,0,0.0,0.0,0.0
129.94,112.179,1075.96,0.0,0.0,75.03,0,0.0,0.0,0.0
129.98,112.221,1075.59,0.0,0.0,75.03,0,0.0,0.0,0.0
130.04,112.283,1075.04,0.0,0.0,75.02,0,0.0,0.0,0.0
130.08,112.325,1074.68,0.0,0.0,75.02,0,0.0,0.0,0.0
130.14,112.387,1074.13,0.0,0.0,75.01,0,0.0,0.0,0.0
130.18,112.428,1073.76,0.0,0.0,75.01,0,0.0,0.0,0.0
130.22,112.47,1073.4,0.0,0.0,75.01,0,0.0,0.0,0.0
130.28,112.532,1072.85,0.0,0.0,75.0,0,0.0,0.0,0.0
130.34,112.594,1072.3,0.0,0.0,74.99,0,0.0,0.0,0.0
130.38,112.636,1071.93,0.0,0.0,74.99,0,0.0,0.0,0.0
130.44,112.698,1071.38,0.0,0.0,74.99,0,0.0,0.0,0.0
130.48,112.74,1071.02,0.0,0.0,74.98,0,0.0,0.0,0.0
130.52,112.781,1070.65,0.0,0.0,74.98,0,0.0,0.0,0.0
130.58,112.843,1070.1,0.0,0.0,74.97,0,0.0,0.0,0.0
130.64,112.905,1069.55,0.0,0.0,74.97,0,0.0,0.0,0.0
130.68,112.946,1069.19,0.0,0.0,74.96,0,0.0,0.0,0.0
130.74,113.008,1068.64,0.0,0.0,74.96,0,0.0,0.0,0.0
130.78,113.05,1068.27,0.0,0.0,74.95,0,0.0,0.0,0.0
130.84,113.112,1067.72,0.0,0.0,74.95,0,0.0,0.0,0.0
130.88,113.153,1067.36,0.0,0.0,74.94,0,0.0,0.0,0.0
130.92,113.194,1066.99,0.0,0.0,74.94,0,0.0,0.0,0.0
130.98,113.256,1066.44,0.0,0.0,74.93,0,0.0,0.0,0.0
131.04,113.318,1065.89,0.0,0.0,74.93,0,0.0,0.0,0.0
131.08,113.359,1065.53,0.0,0.0,74.92,0,0.0,0.0,0.0
131.14,113.421,1064.98,0.0,0.0,74.92,0,0.0,0.0,0.0
131.18,113.462,1064.61,0.0,0.0,74.91,0,0.0,0.0,0.0
131.24,113.524,1064.06,0.0,0.0,74.91,0,0.0,0.0,0.0
131.28,113.565,1063.7,0.0,0.0,74.91,0,0.0,0.0,0.0
131.34,113.627,1063.15,0.0,0.0,74.9,0,0.0,0.0,0.0
131.38,113.668,1062.78,0.0,0.0,74.89,0,0.0,0.0,0.0
131.44,113.729,1062.23,0.0,0.0,74.89,0,0.0,0.0,0.0
131.48,113.77,1061.87,0.0,0.0,74.89,0,0.0,0.0,0.0
131.54,113.832,1061.32,0.0,0.0,74.88,0,0.0,0.0,0.0
131.6,113.893,1060.77,0.0,0.0,74.87,0,0.0,0.0,0.0
131.64,113.934,1060.4,0.0,0.0,74.87,0,0.0,0.0,0.0
131.68,113.975,1060.04,0.0,0.0,74.86,0,0.0,0.0,0.0
131.74,114.037,1059.49,0.0,0.0,74.86,0,0.0,0.0,0.0
131.8,114.098,1058.94,0.0,0.0,74.86,0,0.0,0.0,0.0
131.84,114.139,1058.58,0.0,0.0,74.85,0,0.0,0.0,0.0
131.9,114.2,1058.03,0.0,0.0,74.85,0,0.0,0.0,0.0
131.94,114.241,1057.66,0.0,0.0,74.84,0,0.0,0.0,0.0
131.98,114.282,1057.3,0.0,0.0,74.84,0,0.0,0.0,0.0
132.04,114.343,1056.75,0.0,0.0,74.83,0,0.0,0.0,0.0
132.08,114.384,1056.38,0.0,0.0,74.83,0,0.0,0.0,0.0
132.14,114.445,1055.83,0.0,0.0,74.82,0,0.0,0.0,0.0
132.18,114.486,1055.47,0.0,0.0,74.82,0,0.0,0.0,0.0
132.24,114.547,1054.92,0.0,0.0,74.81,0,0.0,0.0,0.0
132.3,114.608,1054.37,0.0,0.0,74.81,0,0.0,0.0,0.0
132.34,114.649,1054.01,0.0,0.0,74.8,0,0.0,0.0,0.0
132.4,114.71,1053.46,0.0,0.0,74.8,0,0.0,0.0,0.0
132.44,114.751,1053.09,0.0,0.0,74.79,0,0.0,0.0,0.0
132.5,114.812,1052.54,0.0,0.0,74.79,0,0.0,0.0,0.0
132.54,114.852,1052.18,0.0,0.0,74.78,0,0.0,0.0,0.0
132.6,114.913,1051.63,0.0,0.0,74.78,0,0.0,0.0,0.0
132.64,114.954,1051.26,0.0,0.0,74.78,0,0.0,0.0,0.0
132.7,115.015,1050.72,0.0,0.0,74.77,0,0.0,0.0,0.0
132.74,115.055,1050.35,0.0,0.0,74.77,0,0.0,0.0,0.0
132.8,115.116,1049.8,0.0,0.0,74.76,0,0.0,0.0,0.0
132.84,115.157,1049.44,0.0,0.0,74.76,0,0.0,0.0,0.0
132.9,115.218,1048.89,0.0,0.0,74.75,0,0.0,0.0,0.0
132.96,115.278,1048.34,0.0,0.0,74.74,0,0.0,0.0,0.0
133.0,115.319,1047.98,0.0,0.0,74.74,0,0.0,0.0,0.0
133.06,115.38,1047.43,0.0,0.0,74.73,0,0.0,0.0,0.0
133.1,115.42,1047.06,0.0,0.0,74.73,0,0.0,0.0,0.0
133.16,115.481,1046.52,0.0,0.0,74.73,0,0.0,0.0,0.0
133.2,115.521,1046.15,0.0,0.0,74.72,0,0.0,0.0,0.0
133.24,115.561,1045.78,0.0,0.0,74.72,0,0.0,0.0,0.0
133.3,115.622,1045.24,0.0,0.0,74.71,0,0.0,0.0,0.0
133.36,115.682,1044.69,0.0,0.0,74.71,0,0.0,0.0,0.0
133.4,115.723,1044.32,0.0,0.0,74.7,0,0.0,0.0,0.0
133.46,115.783,1043.78,0.0,0.0,74.7,0,0.0,0.0,0.0
133.5,115.823,1043.41,0.0,0.0,74.69,0,0.0,0.0,0.0
133.56,115.884,1042.86,0.0,0.0,74.69,0,0.0,0.0,0.0
133.6,115.924,1042.5,0.0,0.0,74.68,0,0.0,0.0,0.0
133.66,115.984,1041.95,0.0,0.0,74.68,0,0.0,0.0,0.0
133.7,116.025,1041.59,0.0,0.0,74.67,0,0.0,0.0,0.0
133.76,116.085,1041.04,0.0,0.0,74.67,0,0.0,0.0,0.0
133.82,116.145,1040.49,0.0,0.0,74.66,0,0.0,0.0,0.0
133.86,116.185,1040.13,0.0,0.0,74.66,0,0.0,0.0,0.0
133.9,116.225,1039.76,0.0,0.0,74.65,0,0.0,0.0,0.0
133.96,116.286,1039.21,0.0,0.0,74.65,0,0.0,0.0,0.0
134.02,116.346,1038.67,0.0,0.0,74.64,0,0.0,0.0,0.0
134.08,116.406,1038.12,0.0,0.0,74.64,0,0.0,0.0,0.0
134.12,116.446,1037.75,0.0,0.0,74.63,0,0.0,0.0,0.0
134.18,116.506,1037.21,0.0,0.0,74.63,0,0.0,0.0,0.0
134.22,116.546,1036.84,0.0,0.0,74.62,0,0.0,0.0,0.0
134.28,116.606,1036.29,0.0,0.0,74.62,0,0.0,0.0,0.0
134.32,116.646,1035.93,0.0,0.0,74.61,0,0.0,0.0,0.0
134.38,116.706,1035.38,0.0,0.0,74.61,0,0.0,0.0,0.0
134.42,116.746,1035.02,0.0,0.0,74.6,0,0.0,0.0,0.0
134.48,116.806,1034.47,0.0,0.0,74.6,0,0.0,0.0,0.0
134.52,116.846,1034.11,0.0,0.0,74.6,0,0.0,0.0,0.0
134.58,116.905,1033.56,0.0,0.0,74.59,0,0.0,0.0,0.0
134.62,116.945,1033.19,0.0,0.0,74.59,0,0.0,0.0,0.0
134.68,117.005,1032.65,0.0,0.0,74.58,0,0.0,0.0,0.0
134.72,117.045,1032.28,0.0,0.0,74.58,0,0.0,0.0,0.0
134.78,117.105,1031.74,0.0,0.0,74.57,0,0.0,0.0,0.0
134.84,117.164,1031.19,0.0,0.0,74.56,0,0.0,0.0,0.0
134.88,117.204,1030.82,0.0,0.0,74.56,0,0.0,0.0,0.0
134.92,117.244,1030.46,0.0,0.0,74.56,0,0.0,0.0,0.0
134.98,117.303,1029.91,0.0,0.0,74.55,0,0.0,0.0,0.0
135.04,117.363,1029.37,0.0,0.0,74.55,0,0.0,0.0,0.0
135.08,117.403,1029.0,0.0,0.0,74.54,0,0.0,0.0,0.0
135.14,117.462,1028.45,0.0,0.0,74.54,0,0.0,0.0,0.0
135.18,117.502,1028.09,0.0,0.0,74.53,0,0.0,0.0,0.0
135.22,117.541,1027.73,0.0,0.0,74.53,0,0.0,0.0,0.0
135.28,117.601,1027.18,0.0,0.0,74.52,0,0.0,0.0,0.0
135.34,117.66,1026.63,0.0,0.0,74.52,0,0.0,0.0,0.0
135.38,117.7,1026.27,0.0,0.0,74.51,0,0.0,0.0,0.0
135.42,117.739,1025.9,0.0,0.0,74.51,0,0.0,0.0,0.0
135.48,117.799,1025.36,0.0,0.0,74.5,0,0.0,0.0,0.0
135.52,117.838,1024.99,0.0,0.0,74.5,0,0.0,0.0,0.0
135.58,117.897,1024.45,0.0,0.0,74.49,0,0.0,0.0,0.0
135.62,117.937,1024.08,0.0,0.0,74.49,0,0.0,0.0,0.0
135.68,117.996,1023.53,0.0,0.0,74.48,0,0.0,0.0,0.0
135.74,118.055,1022.99,0.0,0.0,74.48,0,0.0,0.0,0.0
135.78,118.095,1022.62,0.0,0.0,74.47,0,0.0,0.0,0.0
135.84,118.154,1022.08,0.0,0.0,74.47,0,0.0,0.0,0.0
135.88,118.193,1021.71,0.0,0.0,74.46,0,0.0,0.0,0.0
135.94,118.252,1021.17,0.0,0.0,74.46,0,0.0,0.0,0.0
135.98,118.291,1020.8,0.0,0.0,74.46,0,0.0,0.0,0.0
136.04,118.35,1020.26,0.0,0.0,74.45,0,0.0,0.0,0.0
136.08,118.39,1019.89,0.0,0.0,74.45,0,0.0,0.0,0.0
136.14,118.449,1019.35,0.0,0.0,74.44,0,0.0,0.0,0.0
136.2,118.508,1018.8,0.0,0.0,74.43,0,0.0,0.0,0.0
136.24,118.547,1018.44,0.0,0.0,74.43,0,0.0,0.0,0.0
136.28,118.586,1018.07,0.0,0.0,74.43,0,0.0,0.0,0.0
136.32,118.625,1017.71,0.0,0.0,74.42,0,0.0,0.0,0.0
136.38,118.684,1017.16,0.0,0.0,74.42,0,0.0,0.0,0.0
136.44,118.743,1016.62,0.0,0.0,74.41,0,0.0,0.0,0.0
136.48,118.782,1016.25,0.0,0.0,74.41,0,0.0,0.0,0.0
136.54,118.841,1015.71,0.0,0.0,74.4,0,0.0,0.0,0.0
136.58,118.88,1015.34,0.0,0.0,74.4,0,0.0,0.0,0.0
136.64,118.939,1014.8,0.0,0.0,74.39,0,0.0,0.0,0.0
136.7,118.997,1014.25,0.0,0.0,74.39,0,0.0,0.0,0.0
136.74,119.036,1013.89,0.0,0.0,74.38,0,0.0,0.0,0.0
136.8,119.095,1013.34,0.0,0.0,74.38,0,0.0,0.0,0.0
136.84,119.134,1012.98,0.0,0.0,74.37,0,0.0,0.0,0.0
136.88,119.173,1012.61,0.0,0.0,74.37,0,0.0,0.0,0.0
136.94,119.231,1012.07,0.0,0.0,74.36,0,0.0,0.0,0.0
137.0,119.29,1011.52,0.0,0.0,74.36,0,0.0,0.0,0.0
137.04,119.329,1011.16,0.0,0.0,74.35,0,0.0,0.0,0.0
137.1,119.387,1010.61,0.0,0.0,74.35,0,0.0,0.0,0.0
137.14,119.426,1010.25,0.0,0.0,74.34,0,0.0,0.0,0.0
137.18,119.465,1009.88,0.0,0.0,74.34,0,0.0,0.0,0.0
137.24,119.523,1009.34,0.0,0.0,74.33,0,0.0,0.0,0.0
137.3,119.581,1008.79,0.0,0.0,74.33,0,0.0,0.0,0.0
137.34,119.62,1008.43,0.0,0.0,74.32,0,0.0,0.0,0.0
137.4,119.679,1007.88,0.0,0.0,74.32,0,0.0,0.0,0.0
137.44,119.717,1007.52,0.0,0.0,74.31,0,0.0,0.0,0.0
137.5,119.775,1006.97,0.0,0.0,74.31,0,0.0,0.0,0.0
137.54,119.814,1006.61,0.0,0.0,74.31,0,0.0,0.0,0.0
137.6,119.872,1006.06,0.0,0.0,74.3,0,0.0,0.0,0.0
137.64,119.911,1005.7,0.0,0.0,74.3,0,0.0,0.0,0.0
137.7,119.969,1005.16,0.0,0.0,74.29,0,0.0,0.0,0.0
137.74,120.008,1004.79,0.0,0.0,74.29,0,0.0,0.0,0.0
137.8,120.066,1004.25,0.0,0.0,74.28,0,0.0,0.0,0.0
137.86,120.124,1003.7,0.0,0.0,74.27,0,0.0,0.0,0.0
137.9,120.162,1003.34,0.0,0.0,74.27,0,0.0,0.0,0.0
137.94,120.201,1002.97,0.0,0.0,74.27,0,0.0,0.0,0.0
138.0,120.259,1002.43,0.0,0.0,74.26,0,0.0,0.0,0.0
138.06,120.317,1001.88,0.0,0.0,74.26,0,0.0,0.0,0.0
138.1,120.355,1001.52,0.0,0.0,74.25,0,0.0,0.0,0.0
138.16,120.413,1000.98,0.0,0.0,74.25,0,0.0,0.0,0.0
138.2,120.452,1000.61,0.0,0.0,74.24,0,0.0,0.0,0.0
138.26,120.509,1000.07,0.0,0.0,74.24,0,0.0,0.0,0.0
138.3,120.548,999.7,0.0,0.0,74.23,0,0.0,0.0,0.0
138.36,120.605,999.16,0.0,0.0,74.23,0,0.0,0.0,0.0
138.4,120.644,998.79,0.0,0.0,74.22,0,0.0,0.0,0.0
138.46,120.701,998.25,0.0,0.0,74.22,0,0.0,0.0,0.0
138.5,120.74,997.89,0.0,0.0,74.21,0,0.0,0.0,0.0
138.56,120.797,997.34,0.0,0.0,74.21,0,0.0,0.0,0.0
138.62,120.855,996.8,0.0,0.0,74.2,0,0.0,0.0,0.0
138.66,120.893,996.43,0.0,0.0,74.2,0,0.0,0.0,0.0
138.72,120.951,995.89,0.0,0.0,74.19,0,0.0,0.0,0.0
138.78,121.008,995.34,0.0,0.0,74.19,0,0.0,0.0,0.0
138.82,121.046,994.98,0.0,0.0,74.18,0,0.0,0.0,0.0
138.88,121.104,994.44,0.0,0.0,74.17,0,0.0,0.0,0.0
138.94,121.161,993.89,0.0,0.0,74.17,0,0.0,0.0,0.0
138.98,121.199,993.53,0.0,0.0,74.17,0,0.0,0.0,0.0
139.04,121.257,992.98,0.0,0.0,74.16,0,0.0,0.0,0.0
139.1,121.314,992.44,0.0,0.0,74.16,0,0.0,0.0,0.0
139.14,121.352,992.08,0.0,0.0,74.15,0,0.0,0.0,0.0
139.18,121.39,991.71,0.0,0.0,74.15,0,0.0,0.0,0.0
139.24,121.447,991.17,0.0,0.0,74.14,0,0.0,0.0,0.0
139.3,121.505,990.62,0.0,0.0,74.14,0,0.0,0.0,0.0
139.34,121.543,990.26,0.0,0.0,74.13,0,0.0,0.0,0.0
139.4,121.6,989.72,0.0,0.0,74.13,0,0.0,0.0,0.0
139.44,121.638,989.35,0.0,0.0,74.12,0,0.0,0.0,0.0
139.48,121.676,988.99,0.0,0.0,74.12,0,0.0,0.0,0.0
139.54,121.733,988.45,0.0,0.0,74.11,0,0.0,0.0,0.0
139.6,121.79,987.9,0.0,0.0,74.11,0,0.0,0.0,0.0
139.64,121.828,987.54,0.0,0.0,74.1,0,0.0,0.0,0.0
139.7,121.885,987.0,0.0,0.0,74.1,0,0.0,0.0,0.0
139.74,121.923,986.63,0.0,0.0,74.09,0,0.0,0.0,0.0
139.8,121.979,986.09,0.0,0.0,74.09,0,0.0,0.0,0.0
139.84,122.017,985.73,0.0,0.0,74.08,0,0.0,0.0,0.0
139.9,122.074,985.18,0.0,0.0,74.08,0,0.0,0.0,0.0
139.94,122.112,984.82,0.0,0.0,74.07,0,0.0,0.0,0.0
140.0,122.169,984.27,0.0,0.0,74.07,0,0.0,0.0,0.0
140.04,122.207,983.91,0.0,0.0,74.07,0,0.0,0.0,0.0
140.1,122.263,983.37,0.0,0.0,74.06,0,0.0,0.0,0.0
140.16,122.32,982.82,0.0,0.0,74.05,0,0.0,0.0,0.0
140.2,122.358,982.46,0.0,0.0,74.05,0,0.0,0.0,0.0
140.24,122.395,982.1,0.0,0.0,74.05,0,0.0,0.0,0.0
140.3,122.452,981.55,0.0,0.0,74.04,0,0.0,0.0,0.0
140.34,122.49,981.19,0.0,0.0,74.04,0,0.0,0.0,0.0
140.4,122.546,980.65,0.0,0.0,74.03,0,0.0,0.0,0.0
140.46,122.603,980.1,0.0,0.0,74.02,0,0.0,0.0,0.0
140.5,122.64,979.74,0.0,0.0,74.02,0,0.0,0.0,0.0
140.54,122.678,979.38,0.0,0.0,74.02,0,0.0,0.0,0.0
140.6,122.734,978.84,0.0,0.0,74.01,0,0.0,0.0,0.0
140.64,122.772,978.47,0.0,0.0,74.01,0,0.0,0.0,0.0
140.7,122.828,977.93,0.0,0.0,74.0,0,0.0,0.0,0.0
140.76,122.885,977.39,0.0,0.0,74.0,0,0.0,0.0,0.0
140.8,122.922,977.02,0.0,0.0,73.99,0,0.0,0.0,0.0
140.86,122.978,976.48,0.0,0.0,73.99,0,0.0,0.0,0.0
140.9,123.016,976.12,0.0,0.0,73.98,0,0.0,0.0,0.0
140.96,123.072,975.57,0.0,0.0,73.98,0,0.0,0.0,0.0
141.0,123.11,975.21,0.0,0.0,73.97,0,0.0,0.0,0.0
141.04,123.147,974.85,0.0,0.0,73.97,0,0.0,0.0,0.0
141.1,123.203,974.31,0.0,0.0,73.96,0,0.0,0.0,0.0
141.16,123.259,973.76,0.0,0.0,73.96,0,0.0,0.0,0.0
141.2,123.297,973.4,0.0,0.0,73.95,0,0.0,0.0,0.0
141.26,123.353,972.86,0.0,0.0,73.95,0,0.0,0.0,0.0
141.3,123.39,972.49,0.0,0.0,73.94,0,0.0,0.0,0.0
141.36,123.446,971.95,0.0,0.0,73.94,0,0.0,0.0,0.0
141.42,123.502,971.41,0.0,0.0,73.93,0,0.0,0.0,0.0
141.46,123.539,971.05,0.0,0.0,73.93,0,0.0,0.0,0.0
141.5,123.576,970.68,0.0,0.0,73.92,0,0.0,0.0,0.0
141.56,123.632,970.14,0.0,0.0,73.92,0,0.0,0.0,0.0
141.6,123.67,969.78,0.0,0.0,73.91,0,0.0,0.0,0.0
141.66,123.725,969.24,0.0,0.0,73.91,0,0.0,0.0,0.0
141.7,123.763,968.87,0.0,0.0,73.91,0,0.0,0.0,0.0
141.76,123.818,968.33,0.0,0.0,73.9,0,0.0,0.0,0.0
141.82,123.874,967.79,0.0,0.0,73.89,0,0.0,0.0,0.0
141.86,123.911,967.43,0.0,0.0,73.89,0,0.0,0.0,0.0
141.92,123.967,966.88,0.0,0.0,73.88,0,0.0,0.0,0.0
141.96,124.004,966.52,0.0,0.0,73.88,0,0.0,0.0,0.0
142.02,124.059,965.98,0.0,0.0,73.87,0,0.0,0.0,0.0
142.06,124.097,965.62,0.0,0.0,73.87,0,0.0,0.0,0.0
142.1,124.134,965.25,0.0,0.0,73.87,0,0.0,0.0,0.0
142.16,124.189,964.71,0.0,0.0,73.86,0,0.0,0.0,0.0
142.2,124.226,964.35,0.0,0.0,73.86,0,0.0,0.0,0.0
142.26,124.282,963.81,0.0,0.0,73.85,0,0.0,0.0,0.0
142.3,124.319,963.44,0.0,0.0,73.85,0,0.0,0.0,0.0
142.36,124.374,962.9,0.0,0.0,73.84,0,0.0,0.0,0.0
142.42,124.429,962.36,0.0,0.0,73.84,0,0.0,0.0,0.0
142.46,124.466,962.0,0.0,0.0,73.83,0,0.0,0.0,0.0
142.52,124.522,961.45,0.0,0.0,73.83,0,0.0,0.0,0.0
142.56,124.558,961.09,0.0,0.0,73.82,0,0.0,0.0,0.0
142.62,124.614,960.55,0.0,0.0,73.82,0,0.0,0.0,0.0
142.66,124.651,960.19,0.0,0.0,73.81,0,0.0,0.0,0.0
142.72,124.706,959.65,0.0,0.0,73.81,0,0.0,0.0,0.0
142.76,124.743,959.28,0.0,0.0,73.8,0,0.0,0.0,0.0
142.82,124.798,958.74,0.0,0.0,73.8,0,0.0,0.0,0.0
142.86,124.834,958.38,0.0,0.0,73.79,0,0.0,0.0,0.0
142.92,124.89,957.84,0.0,0.0,73.79,0,0.0,0.0,0.0
142.98,124.945,957.3,0.0,0.0,73.78,0,0.0,0.0,0.0
143.04,125.0,956.75,0.0,0.0,73.77,0,0.0,0.0,0.0
143.1,125.055,956.21,0.0,0.0,73.77,0,0.0,0.0,0.0
143.14,125.091,955.85,0.0,0.0,73.77,0,0.0,0.0,0.0
143.18,125.128,955.49,0.0,0.0,73.76,0,0.0,0.0,0.0
143.24,125.183,954.95,0.0,0.0,73.76,0,0.0,0.0,0.0
143.3,125.238,954.4,0.0,0.0,73.75,0,0.0,0.0,0.0
143.34,125.274,954.04,0.0,0.0,73.75,0,0.0,0.0,0.0
143.38,125.311,953.68,0.0,0.0,73.74,0,0.0,0.0,0.0
143.44,125.366,953.14,0.0,0.0,73.74,0,0.0,0.0,0.0
143.48,125.402,952.78,0.0,0.0,73.73,0,0.0,0.0,0.0
143.54,125.457,952.24,0.0,0.0,73.73,0,0.0,0.0,0.0
143.6,125.512,951.69,0.0,0.0,73.72,0,0.0,0.0,0.0
143.64,125.548,951.33,0.0,0.0,73.72,0,0.0,0.0,0.0
143.7,125.603,950.79,0.0,0.0,73.71,0,0.0,0.0,0.0
143.76,125.657,950.25,0.0,0.0,73.71,0,0.0,0.0,0.0
143.8,125.694,949.89,0.0,0.0,73.7,0,0.0,0.0,0.0
143.84,125.73,949.53,0.0,0.0,73.7,0,0.0,0.0,0.0
143.9,125.785,948.99,0.0,0.0,73.69,0,0.0,0.0,0.0
143.94,125.821,948.62,0.0,0.0,73.69,0,0.0,0.0,0.0
144.0,125.875,948.08,0.0,0.0,73.68,0,0.0,0.0,0.0
144.06,125.93,947.54,0.0,0.0,73.68,0,0.0,0.0,0.0
144.1,125.966,947.18,0.0,0.0,73.67,0,0.0,0.0,0.0
144.14,126.002,946.82,0.0,0.0,73.67,0,0.0,0.0,0.0
144.2,126.057,946.28,0.0,0.0,73.66,0,0.0,0.0,0.0
144.24,126.093,945.92,0.0,0.0,73.66,0,0.0,0.0,0.0
144.3,126.147,945.37,0.0,0.0,73.65,0,0.0,0.0,0.0
144.36,126.202,944.83,0.0,0.0,73.65,0,0.0,0.0,0.0
144.4,126.238,944.47,0.0,0.0,73.64,0,0.0,0.0,0.0
144.46,126.292,943.93,0.0,0.0,73.64,0,0.0,0.0,0.0
144.5,126.328,943.57,0.0,0.0,73.64,0,0.0,0.0,0.0
144.54,126.364,943.21,0.0,0.0,73.63,0,0.0,0.0,0.0
144.6,126.418,942.67,0.0,0.0,73.63,0,0.0,0.0,0.0
144.66,126.473,942.13,0.0,0.0,73.62,0,0.0,0.0,0.0
144.7,126.509,941.77,0.0,0.0,73.62,0,0.0,0.0,0.0
144.76,126.563,941.22,0.0,0.0,73.61,0,0.0,0.0,0.0
144.8,126.599,940.86,0.0,0.0,73.61,0,0.0,0.0,0.0
144.86,126.653,940.32,0.0,0.0,73.6,0,0.0,0.0,0.0
144.9,126.689,939.96,0.0,0.0,73.6,0,0.0,0.0,0.0
144.96,126.743,939.42,0.0,0.0,73.59,0,0.0,0.0,0.0
145.0,126.779,939.06,0.0,0.0,73.59,0,0.0,0.0,0.0
145.06,126.832,938.52,0.0,0.0,73.58,0,0.0,0.0,0.0
145.12,126.886,937.98,0.0,0.0,73.57,0,0.0,0.0,0.0
145.18,126.94,937.44,0.0,0.0,73.57,0,0.0,0.0,0.0
145.22,126.976,937.08,0.0,0.0,73.57,0,0.0,0.0,0.0
145.24,127.012,936.72,0.0,0.0,73.56,0,0.0,0.0,0.0
145.32,127.066,936.18,0.0,0.0,73.56,0,0.0,0.0,0.0
145.36,127.101,935.81,0.0,0.0,73.55,0,0.0,0.0,0.0
145.42,127.155,935.27,0.0,0.0,73.55,0,0.0,0.0,0.0
145.46,127.191,934.91,0.0,0.0,73.54,0,0.0,0.0,0.0
145.52,127.245,934.37,0.0,0.0,73.54,0,0.0,0.0,0.0
145.56,127.28,934.01,0.0,0.0,73.53,0,0.0,0.0,0.0
145.62,127.334,933.47,0.0,0.0,73.53,0,0.0,0.0,0.0
145.68,127.387,932.93,0.0,0.0,73.52,0,0.0,0.0,0.0
145.72,127.423,932.57,0.0,0.0,73.52,0,0.0,0.0,0.0
145.78,127.477,932.03,0.0,0.0,73.51,0,0.0,0.0,0.0
145.82,127.512,931.67,0.0,0.0,73.51,0,0.0,0.0,0.0
145.88,127.566,931.13,0.0,0.0,73.5,0,0.0,0.0,0.0
145.92,127.601,930.77,0.0,0.0,73.5,0,0.0,0.0,0.0
145.96,127.637,930.41,0.0,0.0,73.49,0,0.0,0.0,0.0
146.04,127.708,929.69,0.0,0.0,73.49,0,0.0,0.0,0.0
146.08,127.744,929.33,0.0,0.0,73.48,0,0.0,0.0,0.0
146.14,127.797,928.79,0.0,0.0,73.48,0,0.0,0.0,0.0
146.18,127.832,928.43,0.0,0.0,73.47,0,0.0,0.0,0.0
146.22,127.868,928.07,0.0,0.0,73.47,0,0.0,0.0,0.0
146.28,127.921,927.53,0.0,0.0,73.46,0,0.0,0.0,0.0
146.32,127.956,927.17,0.0,0.0,73.46,0,0.0,0.0,0.0
146.38,128.01,926.63,0.0,0.0,73.45,0,0.0,0.0,0.0
146.44,128.063,926.09,0.0,0.0,73.45,0,0.0,0.0,0.0
146.48,128.098,925.73,0.0,0.0,73.44,0,0.0,0.0,0.0
146.52,128.133,925.37,0.0,0.0,73.44,0,0.0,0.0,0.0
146.58,128.186,924.83,0.0,0.0,73.43,0,0.0,0.0,0.0
146.64,128.239,924.29,0.0,0.0,73.43,0,0.0,0.0,0.0
146.68,128.275,923.93,0.0,0.0,73.42,0,0.0,0.0,0.0
146.74,128.328,923.39,0.0,0.0,73.42,0,0.0,0.0,0.0
146.78,128.363,923.03,0.0,0.0,73.41,0,0.0,0.0,0.0
146.82,128.398,922.67,0.0,0.0,73.41,0,0.0,0.0,0.0
146.88,128.451,922.13,0.0,0.0,73.41,0,0.0,0.0,0.0
146.92,128.486,921.77,0.0,0.0,73.4,0,0.0,0.0,0.0
146.98,128.539,921.23,0.0,0.0,73.4,0,0.0,0.0,0.0
147.04,128.592,920.69,0.0,0.0,73.39,0,0.0,0.0,0.0
147.08,128.627,920.33,0.0,0.0,73.39,0,0.0,0.0,0.0
147.14,128.68,919.79,0.0,0.0,73.38,0,0.0,0.0,0.0
147.18,128.715,919.43,0.0,0.0,73.38,0,0.0,0.0,0.0
147.24,128.768,918.89,0.0,0.0,73.37,0,0.0,0.0,0.0
147.3,128.82,918.35,0.0,0.0,73.36,0,0.0,0.0,0.0
147.34,128.855,917.99,0.0,0.0,73.36,0,0.0,0.0,0.0
147.38,128.89,917.63,0.0,0.0,73.36,0,0.0,0.0,0.0
147.44,128.943,917.09,0.0,0.0,73.35,0,0.0,0.0,0.0
147.48,128.978,916.73,0.0,0.0,73.35,0,0.0,0.0,0.0
147.54,129.03,916.19,0.0,0.0,73.34,0,0.0,0.0,0.0
147.58,129.065,915.83,0.0,0.0,73.34,0,0.0,0.0,0.0
147.64,129.118,915.29,0.0,0.0,73.33,0,0.0,0.0,0.0
147.68,129.153,914.93,0.0,0.0,73.33,0,0.0,0.0,0.0
147.74,129.205,914.39,0.0,0.0,73.32,0,0.0,0.0,0.0
147.8,129.257,913.85,0.0,0.0,73.32,0,0.0,0.0,0.0
147.84,129.292,913.49,0.0,0.0,73.31,0,0.0,0.0,0.0
147.88,129.327,913.13,0.0,0.0,73.31,0,0.0,0.0,0.0
147.94,129.379,912.6,0.0,0.0,73.3,0,0.0,0.0,0.0
148.0,129.432,912.06,0.0,0.0,73.3,0,0.0,0.0,0.0
148.04,129.466,911.7,0.0,0.0,73.29,0,0.0,0.0,0.0
148.08,129.501,911.34,0.0,0.0,73.29,0,0.0,0.0,0.0
148.14,129.553,910.8,0.0,0.0,73.28,0,0.0,0.0,0.0
148.18,129.588,910.44,0.0,0.0,73.28,0,0.0,0.0,0.0
148.24,129.64,909.9,0.0,0.0,73.27,0,0.0,0.0,0.0
148.3,129.692,909.36,0.0,0.0,73.27,0,0.0,0.0,0.0
148.34,129.727,909.0,0.0,0.0,73.26,0,0.0,0.0,0.0
148.4,129.779,908.46,0.0,0.0,73.26,0,0.0,0.0,0.0
148.44,129.814,908.1,0.0,0.0,73.25,0,0.0,0.0,0.0
148.5,129.866,907.57,0.0,0.0,73.25,0,0.0,0.0,0.0
148.54,129.9,907.21,0.0,0.0,73.24,0,0.0,0.0,0.0
148.6,129.952,906.67,0.0,0.0,73.24,0,0.0,0.0,0.0
148.64,129.987,906.31,0.0,0.0,73.23,0,0.0,0.0,0.0
148.7,130.038,905.77,0.0,0.0,73.23,0,0.0,0.0,0.0
148.74,130.073,905.41,0.0,0.0,73.23,0,0.0,0.0,0.0
148.8,130.125,904.87,0.0,0.0,73.22,0,0.0,0.0,0.0
148.86,130.176,904.33,0.0,0.0,73.21,0,0.0,0.0,0.0
148.9,130.211,903.97,0.0,0.0,73.21,0,0.0,0.0,0.0
148.94,130.245,903.62,0.0,0.0,73.21,0,0.0,0.0,0.0
149.0,130.297,903.08,0.0,0.0,73.2,0,0.0,0.0,0.0
149.06,130.349,902.54,0.0,0.0,73.19,0,0.0,0.0,0.0
149.1,130.383,902.18,0.0,0.0,73.19,0,0.0,0.0,0.0
149.14,130.417,901.82,0.0,0.0,73.19,0,0.0,0.0,0.0
149.2,130.469,901.28,0.0,0.0,73.18,0,0.0,0.0,0.0
149.26,130.521,900.74,0.0,0.0,73.17,0,0.0,0.0,0.0
149.3,130.555,900.39,0.0,0.0,73.17,0,0.0,0.0,0.0
149.34,130.589,900.03,0.0,0.0,73.17,0,0.0,0.0,0.0
149.4,130.641,899.49,0.0,0.0,73.16,0,0.0,0.0,0.0
149.46,130.692,898.95,0.0,0.0,73.16,0,0.0,0.0,0.0
149.5,130.726,898.59,0.0,0.0,73.15,0,0.0,0.0,0.0
149.56,130.778,898.05,0.0,0.0,73.15,0,0.0,0.0,0.0
149.6,130.812,897.7,0.0,0.0,73.14,0,0.0,0.0,0.0
149.66,130.863,897.16,0.0,0.0,73.14,0,0.0,0.0,0.0
149.7,130.897,896.8,0.0,0.0,73.13,0,0.0,0.0,0.0
149.76,130.949,896.26,0.0,0.0,73.13,0,0.0,0.0,0.0
149.8,130.983,895.9,0.0,0.0,73.12,0,0.0,0.0,0.0
149.86,131.034,895.36,0.0,0.0,73.12,0,0.0,0.0,0.0
149.9,131.068,895.01,0.0,0.0,73.11,0,0.0,0.0,0.0
149.96,131.119,894.47,0.0,0.0,73.11,0,0.0,0.0,0.0
150.02,131.17,893.93,0.0,0.0,73.1,0,0.0,0.0,0.0
150.06,131.204,893.57,0.0,0.0,73.1,0,0.0,0.0,0.0
150.1,131.238,893.21,0.0,0.0,73.09,0,0.0,0.0,0.0
150.16,131.289,892.68,0.0,0.0,73.09,0,0.0,0.0,0.0
150.22,131.34,892.14,0.0,0.0,73.08,0,0.0,0.0,0.0
150.26,131.374,891.78,0.0,0.0,73.08,0,0.0,0.0,0.0
150.3,131.408,891.42,0.0,0.0,73.07,0,0.0,0.0,0.0
150.36,131.459,890.88,0.0,0.0,73.07,0,0.0,0.0,0.0
150.42,131.51,890.35,0.0,0.0,73.06,0,0.0,0.0,0.0
150.46,131.544,889.99,0.0,0.0,73.06,0,0.0,0.0,0.0
150.5,131.578,889.63,0.0,0.0,73.05,0,0.0,0.0,0.0
150.56,131.628,889.09,0.0,0.0,73.05,0,0.0,0.0,0.0
150.62,131.679,888.56,0.0,0.0,73.04,0,0.0,0.0,0.0
150.66,131.713,888.2,0.0,0.0,73.04,0,0.0,0.0,0.0
150.72,131.764,887.66,0.0,0.0,73.03,0,0.0,0.0,0.0
150.76,131.797,887.3,0.0,0.0,73.03,0,0.0,0.0,0.0
150.82,131.848,886.76,0.0,0.0,73.02,0,0.0,0.0,0.0
150.86,131.882,886.41,0.0,0.0,73.02,0,0.0,0.0,0.0
150.92,131.932,885.87,0.0,0.0,73.01,0,0.0,0.0,0.0
150.96,131.966,885.51,0.0,0.0,73.01,0,0.0,0.0,0.0
151.02,132.017,884.97,0.0,0.0,73.0,0,0.0,0.0,0.0
151.06,132.05,884.62,0.0,0.0,73.0,0,0.0,0.0,0.0
151.1,132.084,884.26,0.0,0.0,73.0,0,0.0,0.0,0.0
151.16,132.134,883.72,0.0,0.0,72.99,0,0.0,0.0,0.0
151.22,132.185,883.18,0.0,0.0,72.98,0,0.0,0.0,0.0
151.26,132.218,882.83,0.0,0.0,72.98,0,0.0,0.0,0.0
151.32,132.269,882.29,0.0,0.0,72.98,0,0.0,0.0,0.0
151.36,132.302,881.93,0.0,0.0,72.97,0,0.0,0.0,0.0
151.42,132.353,881.4,0.0,0.0,72.97,0,0.0,0.0,0.0
151.46,132.386,881.04,0.0,0.0,72.96,0,0.0,0.0,0.0
151.52,132.436,880.5,0.0,0.0,72.96,0,0.0,0.0,0.0
151.56,132.47,880.14,0.0,0.0,72.95,0,0.0,0.0,0.0
151.62,132.52,879.61,0.0,0.0,72.95,0,0.0,0.0,0.0
151.66,132.553,879.25,0.0,0.0,72.94,0,0.0,0.0,0.0
151.72,132.604,878.71,0.0,0.0,72.94,0,0.0,0.0,0.0
151.76,132.637,878.35,0.0,0.0,72.93,0,0.0,0.0,0.0
151.82,132.687,877.82,0.0,0.0,72.93,0,0.0,0.0,0.0
151.88,132.737,877.28,0.0,0.0,72.92,0,0.0,0.0,0.0
151.92,132.77,876.92,0.0,0.0,72.92,0,0.0,0.0,0.0
151.96,132.804,876.57,0.0,0.0,72.91,0,0.0,0.0,0.0
152.02,132.854,876.03,0.0,0.0,72.91,0,0.0,0.0,0.0
152.08,132.904,875.49,0.0,0.0,72.9,0,0.0,0.0,0.0
152.12,132.937,875.14,0.0,0.0,72.9,0,0.0,0.0,0.0
152.16,132.97,874.78,0.0,0.0,72.89,0,0.0,0.0,0.0
152.22,133.02,874.24,0.0,0.0,72.89,0,0.0,0.0,0.0
152.28,133.07,873.71,0.0,0.0,72.88,0,0.0,0.0,0.0
152.32,133.103,873.35,0.0,0.0,72.88,0,0.0,0.0,0.0
152.38,133.153,872.81,0.0,0.0,72.87,0,0.0,0.0,0.0
152.42,133.186,872.46,0.0,0.0,72.87,0,0.0,0.0,0.0
152.48,133.236,871.92,0.0,0.0,72.86,0,0.0,0.0,0.0
152.52,133.269,871.56,0.0,0.0,72.86,0,0.0,0.0,0.0
152.58,133.318,871.03,0.0,0.0,72.85,0,0.0,0.0,0.0
152.62,133.351,870.67,0.0,0.0,72.85,0,0.0,0.0,0.0
152.68,133.401,870.13,0.0,0.0,72.84,0,0.0,0.0,0.0
152.72,133.434,869.78,0.0,0.0,72.84,0,0.0,0.0,0.0
152.76,133.467,869.42,0.0,0.0,72.84,0,0.0,0.0,0.0
152.82,133.517,868.88,0.0,0.0,72.83,0,0.0,0.0,0.0
152.88,133.566,868.35,0.0,0.0,72.82,0,0.0,0.0,0.0
152.92,133.599,867.99,0.0,0.0,72.82,0,0.0,0.0,0.0
152.98,133.648,867.46,0.0,0.0,72.81,0,0.0,0.0,0.0
153.02,133.681,867.1,0.0,0.0,72.81,0,0.0,0.0,0.0
153.08,133.731,866.56,0.0,0.0,72.8,0,0.0,0.0,0.0
153.12,133.764,866.21,0.0,0.0,72.8,0,0.0,0.0,0.0
153.18,133.813,865.67,0.0,0.0,72.79,0,0.0,0.0,0.0
153.24,133.862,865.14,0.0,0.0,72.79,0,0.0,0.0,0.0
153.28,133.895,864.78,0.0,0.0,72.78,0,0.0,0.0,0.0
153.32,133.928,864.42,0.0,0.0,72.78,0,0.0,0.0,0.0
153.38,133.977,863.89,0.0,0.0,72.78,0,0.0,0.0,0.0
153.42,134.01,863.53,0.0,0.0,72.77,0,0.0,0.0,0.0
153.48,134.059,862.99,0.0,0.0,72.77,0,0.0,0.0,0.0
153.54,134.108,862.46,0.0,0.0,72.76,0,0.0,0.0,0.0
153.58,134.141,862.1,0.0,0.0,72.76,0,0.0,0.0,0.0
153.62,134.173,861.75,0.0,0.0,72.75,0,0.0,0.0,0.0
153.68,134.222,861.21,0.0,0.0,72.75,0,0.0,0.0,0.0
153.74,134.271,860.68,0.0,0.0,72.74,0,0.0,0.0,0.0
153.78,134.304,860.32,0.0,0.0,72.74,0,0.0,0.0,0.0
153.82,134.337,859.96,0.0,0.0,72.73,0,0.0,0.0,0.0
153.88,134.386,859.43,0.0,0.0,72.73,0,0.0,0.0,0.0
153.94,134.434,858.89,0.0,0.0,72.72,0,0.0,0.0,0.0
153.98,134.467,858.54,0.0,0.0,72.72,0,0.0,0.0,0.0
154.04,134.516,858.0,0.0,0.0,72.71,0,0.0,0.0,0.0
154.08,134.548,857.64,0.0,0.0,72.71,0,0.0,0.0,0.0
154.14,134.597,857.11,0.0,0.0,72.7,0,0.0,0.0,0.0
154.18,134.63,856.75,0.0,0.0,72.7,0,0.0,0.0,0.0
154.24,134.678,856.22,0.0,0.0,72.69,0,0.0,0.0,0.0
154.28,134.711,855.86,0.0,0.0,72.69,0,0.0,0.0,0.0
154.32,134.743,855.51,0.0,0.0,72.68,0,0.0,0.0,0.0
154.38,134.792,854.97,0.0,0.0,72.68,0,0.0,0.0,0.0
154.44,134.84,854.44,0.0,0.0,72.67,0,0.0,0.0,0.0
154.5,134.889,853.9,0.0,0.0,72.67,0,0.0,0.0,0.0
154.54,134.921,853.55,0.0,0.0,72.66,0,0.0,0.0,0.0
154.58,134.954,853.19,0.0,0.0,72.66,0,0.0,0.0,0.0
154.64,135.002,852.66,0.0,0.0,72.65,0,0.0,0.0,0.0
154.68,135.034,852.3,0.0,0.0,72.65,0,0.0,0.0,0.0
154.74,135.083,851.76,0.0,0.0,72.64,0,0.0,0.0,0.0
154.8,135.131,851.23,0.0,0.0,72.64,0,0.0,0.0,0.0
154.84,135.164,850.87,0.0,0.0,72.63,0,0.0,0.0,0.0
154.9,135.212,850.34,0.0,0.0,72.63,0,0.0,0.0,0.0
154.94,135.244,849.98,0.0,0.0,72.62,0,0.0,0.0,0.0
155.0,135.292,849.45,0.0,0.0,72.62,0,0.0,0.0,0.0
155.04,135.325,849.09,0.0,0.0,72.61,0,0.0,0.0,0.0
155.1,135.373,848.56,0.0,0.0,72.61,0,0.0,0.0,0.0
155.14,135.405,848.2,0.0,0.0,72.6,0,0.0,0.0,0.0
155.2,135.453,847.67,0.0,0.0,72.6,0,0.0,0.0,0.0
155.24,135.485,847.31,0.0,0.0,72.59,0,0.0,0.0,0.0
155.3,135.533,846.78,0.0,0.0,72.59,0,0.0,0.0,0.0
155.34,135.565,846.42,0.0,0.0,72.58,0,0.0,0.0,0.0
155.4,135.613,845.89,0.0,0.0,72.58,0,0.0,0.0,0.0
155.44,135.645,845.54,0.0,0.0,72.58,0,0.0,0.0,0.0
155.5,135.693,845.0,0.0,0.0,72.57,0,0.0,0.0,0.0
155.54,135.725,844.65,0.0,0.0,72.57,0,0.0,0.0,0.0
155.6,135.773,844.11,0.0,0.0,72.56,0,0.0,0.0,0.0
155.64,135.805,843.76,0.0,0.0,72.56,0,0.0,0.0,0.0
155.7,135.853,843.22,0.0,0.0,72.55,0,0.0,0.0,0.0
155.74,135.885,842.87,0.0,0.0,72.55,0,0.0,0.0,0.0
155.8,135.933,842.33,0.0,0.0,72.54,0,0.0,0.0,0.0
155.84,135.965,841.98,0.0,0.0,72.54,0,0.0,0.0,0.0
155.9,136.012,841.44,0.0,0.0,72.53,0,0.0,0.0,0.0
155.94,136.044,841.09,0.0,0.0,72.53,0,0.0,0.0,0.0
156.0,136.092,840.56,0.0,0.0,72.52,0,0.0,0.0,0.0
156.06,136.14,840.02,0.0,0.0,72.51,0,0.0,0.0,0.0
156.1,136.171,839.67,0.0,0.0,72.51,0,0.0,0.0,0.0
156.14,136.203,839.31,0.0,0.0,72.51,0,0.0,0.0,0.0
156.2,136.251,838.78,0.0,0.0,72.5,0,0.0,0.0,0.0
156.24,136.283,838.42,0.0,0.0,72.5,0,0.0,0.0,0.0
156.3,136.33,837.89,0.0,0.0,72.49,0,0.0,0.0,0.0
156.34,136.362,837.53,0.0,0.0,72.49,0,0.0,0.0,0.0
156.4,136.409,837.0,0.0,0.0,72.48,0,0.0,0.0,0.0
156.46,136.457,836.47,0.0,0.0,72.48,0,0.0,0.0,0.0
156.5,136.488,836.11,0.0,0.0,72.47,0,0.0,0.0,0.0
156.54,136.52,835.76,0.0,0.0,72.47,0,0.0,0.0,0.0
156.6,136.567,835.23,0.0,0.0,72.46,0,0.0,0.0,0.0
156.66,136.615,834.69,0.0,0.0,72.46,0,0.0,0.0,0.0
156.7,136.646,834.34,0.0,0.0,72.45,0,0.0,0.0,0.0
156.76,136.693,833.81,0.0,0.0,72.45,0,0.0,0.0,0.0
156.8,136.725,833.45,0.0,0.0,72.44,0,0.0,0.0,0.0
156.86,136.772,832.92,0.0,0.0,72.44,0,0.0,0.0,0.0
156.9,136.804,832.56,0.0,0.0,72.43,0,0.0,0.0,0.0
156.96,136.851,832.03,0.0,0.0,72.43,0,0.0,0.0,0.0
157.0,136.882,831.67,0.0,0.0,72.42,0,0.0,0.0,0.0
157.04,136.914,831.32,0.0,0.0,72.42,0,0.0,0.0,0.0
157.1,136.961,830.79,0.0,0.0,72.41,0,0.0,0.0,0.0
157.16,137.008,830.26,0.0,0.0,72.41,0,0.0,0.0,0.0
157.2,137.039,829.9,0.0,0.0,72.4,0,0.0,0.0,0.0
157.26,137.086,829.37,0.0,0.0,72.4,0,0.0,0.0,0.0
157.3,137.118,829.01,0.0,0.0,72.39,0,0.0,0.0,0.0
157.36,137.164,828.48,0.0,0.0,72.39,0,0.0,0.0,0.0
157.4,137.196,828.13,0.0,0.0,72.38,0,0.0,0.0,0.0
157.46,137.243,827.59,0.0,0.0,72.38,0,0.0,0.0,0.0
157.5,137.274,827.24,0.0,0.0,72.37,0,0.0,0.0,0.0
157.56,137.321,826.71,0.0,0.0,72.37,0,0.0,0.0,0.0
157.6,137.352,826.35,0.0,0.0,72.36,0,0.0,0.0,0.0
157.66,137.399,825.82,0.0,0.0,72.36,0,0.0,0.0,0.0
157.7,137.43,825.47,0.0,0.0,72.36,0,0.0,0.0,0.0
157.76,137.477,824.93,0.0,0.0,72.35,0,0.0,0.0,0.0
157.8,137.508,824.58,0.0,0.0,72.35,0,0.0,0.0,0.0
157.86,137.554,824.05,0.0,0.0,72.34,0,0.0,0.0,0.0
157.9,137.585,823.69,0.0,0.0,72.34,0,0.0,0.0,0.0
157.96,137.632,823.16,0.0,0.0,72.33,0,0.0,0.0,0.0
158.0,137.663,822.81,0.0,0.0,72.33,0,0.0,0.0,0.0
158.06,137.71,822.28,0.0,0.0,72.32,0,0.0,0.0,0.0
158.1,137.741,821.92,0.0,0.0,72.32,0,0.0,0.0,0.0
158.16,137.787,821.39,0.0,0.0,72.31,0,0.0,0.0,0.0
158.22,137.834,820.86,0.0,0.0,72.3,0,0.0,0.0,0.0
158.26,137.865,820.5,0.0,0.0,72.3,0,0.0,0.0,0.0
158.32,137.911,819.97,0.0,0.0,72.29,0,0.0,0.0,0.0
158.36,137.942,819.62,0.0,0.0,72.29,0,0.0,0.0,0.0
158.4,137.973,819.26,0.0,0.0,72.29,0,0.0,0.0,0.0
158.46,138.019,818.73,0.0,0.0,72.28,0,0.0,0.0,0.0
158.52,138.065,818.2,0.0,0.0,72.28,0,0.0,0.0,0.0
158.56,138.096,817.85,0.0,0.0,72.27,0,0.0,0.0,0.0
158.62,138.143,817.32,0.0,0.0,72.27,0,0.0,0.0,0.0
158.66,138.173,816.96,0.0,0.0,72.26,0,0.0,0.0,0.0
158.72,138.22,816.43,0.0,0.0,72.26,0,0.0,0.0,0.0
158.76,138.25,816.08,0.0,0.0,72.25,0,0.0,0.0,0.0
158.82,138.296,815.55,0.0,0.0,72.25,0,0.0,0.0,0.0
158.86,138.327,815.19,0.0,0.0,72.24,0,0.0,0.0,0.0
158.92,138.373,814.66,0.0,0.0,72.24,0,0.0,0.0,0.0
158.96,138.404,814.31,0.0,0.0,72.23,0,0.0,0.0,0.0
159.02,138.45,813.78,0.0,0.0,72.23,0,0.0,0.0,0.0
159.06,138.481,813.42,0.0,0.0,72.22,0,0.0,0.0,0.0
159.12,138.527,812.89,0.0,0.0,72.22,0,0.0,0.0,0.0
159.16,138.557,812.54,0.0,0.0,72.21,0,0.0,0.0,0.0
159.22,138.603,812.01,0.0,0.0,72.21,0,0.0,0.0,0.0
159.26,138.634,811.65,0.0,0.0,72.2,0,0.0,0.0,0.0
159.32,138.68,811.12,0.0,0.0,72.2,0,0.0,0.0,0.0
159.36,138.71,810.77,0.0,0.0,72.19,0,0.0,0.0,0.0
159.42,138.756,810.24,0.0,0.0,72.19,0,0.0,0.0,0.0
159.48,138.802,809.71,0.0,0.0,72.18,0,0.0,0.0,0.0
159.52,138.832,809.36,0.0,0.0,72.18,0,0.0,0.0,0.0
159.56,138.863,809.0,0.0,0.0,72.17,0,0.0,0.0,0.0
159.62,138.908,808.47,0.0,0.0,72.17,0,0.0,0.0,0.0
159.68,138.954,807.94,0.0,0.0,72.16,0,0.0,0.0,0.0
159.72,138.984,807.59,0.0,0.0,72.16,0,0.0,0.0,0.0
159.76,139.015,807.23,0.0,0.0,72.15,0,0.0,0.0,0.0
159.82,139.06,806.7,0.0,0.0,72.15,0,0.0,0.0,0.0
159.88,139.106,806.17,0.0,0.0,72.14,0,0.0,0.0,0.0
159.92,139.136,805.82,0.0,0.0,72.14,0,0.0,0.0,0.0
159.98,139.182,805.29,0.0,0.0,72.13,0,0.0,0.0,0.0
160.02,139.212,804.94,0.0,0.0,72.13,0,0.0,0.0,0.0
160.08,139.257,804.41,0.0,0.0,72.12,0,0.0,0.0,0.0
160.12,139.288,804.06,0.0,0.0,72.12,0,0.0,0.0,0.0
160.18,139.333,803.53,0.0,0.0,72.11,0,0.0,0.0,0.0
160.22,139.363,803.17,0.0,0.0,72.11,0,0.0,0.0,0.0
160.28,139.408,802.64,0.0,0.0,72.1,0,0.0,0.0,0.0
160.32,139.439,802.29,0.0,0.0,72.1,0,0.0,0.0,0.0
160.38,139.484,801.76,0.0,0.0,72.09,0,0.0,0.0,0.0
160.42,139.514,801.41,0.0,0.0,72.09,0,0.0,0.0,0.0
160.48,139.559,800.88,0.0,0.0,72.08,0,0.0,0.0,0.0
160.52,139.589,800.52,0.0,0.0,72.08,0,0.0,0.0,0.0
160.58,139.634,799.99,0.0,0.0,72.07,0,0.0,0.0,0.0
160.62,139.665,799.64,0.0,0.0,72.07,0,0.0,0.0,0.0
160.68,139.71,799.11,0.0,0.0,72.07,0,0.0,0.0,0.0
160.72,139.74,798.76,0.0,0.0,72.06,0,0.0,0.0,0.0
160.78,139.785,798.23,0.0,0.0,72.06,0,0.0,0.0,0.0
160.82,139.815,797.88,0.0,0.0,72.05,0,0.0,0.0,0.0
160.88,139.86,797.35,0.0,0.0,72.05,0,0.0,0.0,0.0
160.92,139.89,797.0,0.0,0.0,72.04,0,0.0,0.0,0.0
160.98,139.934,796.47,0.0,0.0,72.04,0,0.0,0.0,0.0
161.02,139.964,796.11,0.0,0.0,72.03,0,0.0,0.0,0.0
161.08,140.009,795.58,0.0,0.0,72.03,0,0.0,0.0,0.0
161.12,140.039,795.23,0.0,0.0,72.02,0,0.0,0.0,0.0
161.18,140.084,794.7,0.0,0.0,72.02,0,0.0,0.0,0.0
161.22,140.114,794.35,0.0,0.0,72.01,0,0.0,0.0,0.0
161.28,140.159,793.82,0.0,0.0,72.01,0,0.0,0.0,0.0
161.32,140.188,793.47,0.0,0.0,72.0,0,0.0,0.0,0.0
161.38,140.233,792.94,0.0,0.0,72.0,0,0.0,0.0,0.0
161.44,140.278,792.41,0.0,0.0,71.99,0,0.0,0.0,0.0
161.48,140.307,792.06,0.0,0.0,71.99,0,0.0,0.0,0.0
161.54,140.352,791.53,0.0,0.0,71.98,0,0.0,0.0,0.0
161.58,140.382,791.18,0.0,0.0,71.98,0,0.0,0.0,0.0
161.62,140.411,790.83,0.0,0.0,71.97,0,0.0,0.0,0.0
161.68,140.456,790.3,0.0,0.0,71.97,0,0.0,0.0,0.0
161.74,140.5,789.77,0.0,0.0,71.96,0,0.0,0.0,0.0
161.78,140.53,789.42,0.0,0.0,71.96,0,0.0,0.0,0.0
161.84,140.575,788.89,0.0,0.0,71.95,0,0.0,0.0,0.0
161.88,140.604,788.54,0.0,0.0,71.95,0,0.0,0.0,0.0
161.94,140.649,788.01,0.0,0.0,71.94,0,0.0,0.0,0.0
161.98,140.678,787.66,0.0,0.0,71.94,0,0.0,0.0,0.0
162.04,140.722,787.13,0.0,0.0,71.93,0,0.0,0.0,0.0
162.08,140.752,786.78,0.0,0.0,71.93,0,0.0,0.0,0.0
162.14,140.796,786.25,0.0,0.0,71.92,0,0.0,0.0,0.0
162.18,140.826,785.9,0.0,0.0,71.92,0,0.0,0.0,0.0
162.24,140.87,785.37,0.0,0.0,71.91,0,0.0,0.0,0.0
162.28,140.899,785.02,0.0,0.0,71.91,0,0.0,0.0,0.0
162.34,140.944,784.49,0.0,0.0,71.9,0,0.0,0.0,0.0
162.38,140.973,784.14,0.0,0.0,71.9,0,0.0,0.0,0.0
162.44,141.017,783.61,0.0,0.0,71.89,0,0.0,0.0,0.0
162.5,141.061,783.08,0.0,0.0,71.89,0,0.0,0.0,0.0
162.54,141.09,782.73,0.0,0.0,71.88,0,0.0,0.0,0.0
162.58,141.12,782.38,0.0,0.0,71.88,0,0.0,0.0,0.0
162.64,141.164,781.85,0.0,0.0,71.87,0,0.0,0.0,0.0
162.68,141.193,781.5,0.0,0.0,71.87,0,0.0,0.0,0.0
162.74,141.237,780.97,0.0,0.0,71.86,0,0.0,0.0,0.0
162.78,141.266,780.62,0.0,0.0,71.86,0,0.0,0.0,0.0
162.84,141.31,780.09,0.0,0.0,71.85,0,0.0,0.0,0.0
162.9,141.354,779.57,0.0,0.0,71.85,0,0.0,0.0,0.0
162.94,141.383,779.21,0.0,0.0,71.84,0,0.0,0.0,0.0
162.98,141.412,778.86,0.0,0.0,71.84,0,0.0,0.0,0.0
163.04,141.456,778.34,0.0,0.0,71.84,0,0.0,0.0,0.0
163.1,141.5,777.81,0.0,0.0,71.83,0,0.0,0.0,0.0
163.14,141.529,777.46,0.0,0.0,71.83,0,0.0,0.0,0.0
163.2,141.573,776.93,0.0,0.0,71.82,0,0.0,0.0,0.0
163.24,141.602,776.58,0.0,0.0,71.82,0,0.0,0.0,0.0
163.28,141.631,776.23,0.0,0.0,71.81,0,0.0,0.0,0.0
163.34,141.674,775.7,0.0,0.0,71.81,0,0.0,0.0,0.0
163.4,141.718,775.17,0.0,0.0,71.8,0,0.0,0.0,0.0
163.44,141.747,774.82,0.0,0.0,71.8,0,0.0,0.0,0.0
163.5,141.79,774.3,0.0,0.0,71.79,0,0.0,0.0,0.0
163.54,141.819,773.94,0.0,0.0,71.79,0,0.0,0.0,0.0
163.6,141.863,773.42,0.0,0.0,71.78,0,0.0,0.0,0.0
163.64,141.892,773.07,0.0,0.0,71.78,0,0.0,0.0,0.0
163.7,141.935,772.54,0.0,0.0,71.77,0,0.0,0.0,0.0
163.74,141.964,772.19,0.0,0.0,71.77,0,0.0,0.0,0.0
163.8,142.007,771.66,0.0,0.0,71.76,0,0.0,0.0,0.0
163.84,142.036,771.31,0.0,0.0,71.76,0,0.0,0.0,0.0
163.9,142.08,770.79,0.0,0.0,71.75,0,0.0,0.0,0.0
163.94,142.108,770.43,0.0,0.0,71.75,0,0.0,0.0,0.0
164.0,142.152,769.91,0.0,0.0,71.74,0,0.0,0.0,0.0
164.04,142.18,769.56,0.0,0.0,71.74,0,0.0,0.0,0.0
164.1,142.224,769.03,0.0,0.0,71.73,0,0.0,0.0,0.0
164.14,142.252,768.68,0.0,0.0,71.73,0,0.0,0.0,0.0
164.2,142.295,768.15,0.0,0.0,71.72,0,0.0,0.0,0.0
164.24,142.324,767.8,0.0,0.0,71.72,0,0.0,0.0,0.0
164.3,142.367,767.28,0.0,0.0,71.71,0,0.0,0.0,0.0
164.34,142.396,766.93,0.0,0.0,71.71,0,0.0,0.0,0.0
164.4,142.439,766.4,0.0,0.0,71.7,0,0.0,0.0,0.0
164.44,142.468,766.05,0.0,0.0,71.7,0,0.0,0.0,0.0
164.5,142.51,765.53,0.0,0.0,71.69,0,0.0,0.0,0.0
164.54,142.539,765.17,0.0,0.0,71.69,0,0.0,0.0,0.0
164.6,142.582,764.65,0.0,0.0,71.68,0,0.0,0.0,0.0
164.64,142.61,764.3,0.0,0.0,71.68,0,0.0,0.0,0.0
164.7,142.653,763.77,0.0,0.0,71.67,0,0.0,0.0,0.0
164.74,142.682,763.42,0.0,0.0,71.67,0,0.0,0.0,0.0
164.8,142.725,762.9,0.0,0.0,71.66,0,0.0,0.0,0.0
164.84,142.753,762.55,0.0,0.0,71.66,0,0.0,0.0,0.0
164.9,142.796,762.02,0.0,0.0,71.65,0,0.0,0.0,0.0
164.96,142.838,761.5,0.0,0.0,71.65,0,0.0,0.0,0.0
165.0,142.867,761.15,0.0,0.0,71.64,0,0.0,0.0,0.0
165.06,142.91,760.62,0.0,0.0,71.64,0,0.0,0.0,0.0
165.1,142.938,760.27,0.0,0.0,71.63,0,0.0,0.0,0.0
165.14,142.966,759.92,0.0,0.0,71.63,0,0.0,0.0,0.0
165.2,143.009,759.4,0.0,0.0,71.62,0,0.0,0.0,0.0
165.26,143.051,758.87,0.0,0.0,71.62,0,0.0,0.0,0.0
165.3,143.08,758.52,0.0,0.0,71.61,0,0.0,0.0,0.0
165.34,143.108,758.17,0.0,0.0,71.61,0,0.0,0.0,0.0
165.4,143.15,757.65,0.0,0.0,71.6,0,0.0,0.0,0.0
165.44,143.179,757.3,0.0,0.0,71.6,0,0.0,0.0,0.0
165.5,143.221,756.77,0.0,0.0,71.6,0,0.0,0.0,0.0
165.56,143.263,756.25,0.0,0.0,71.59,0,0.0,0.0,0.0
165.6,143.292,755.9,0.0,0.0,71.59,0,0.0,0.0,0.0
165.66,143.334,755.37,0.0,0.0,71.58,0,0.0,0.0,0.0
165.7,143.362,755.02,0.0,0.0,71.58,0,0.0,0.0,0.0
165.76,143.404,754.5,0.0,0.0,71.57,0,0.0,0.0,0.0
165.8,143.432,754.15,0.0,0.0,71.57,0,0.0,0.0,0.0
165.86,143.475,753.62,0.0,0.0,71.56,0,0.0,0.0,0.0
165.9,143.503,753.27,0.0,0.0,71.56,0,0.0,0.0,0.0
165.96,143.545,752.75,0.0,0.0,71.55,0,0.0,0.0,0.0
166.02,143.587,752.23,0.0,0.0,71.54,0,0.0,0.0,0.0
166.06,143.615,751.88,0.0,0.0,71.54,0,0.0,0.0,0.0
166.12,143.657,751.35,0.0,0.0,71.53,0,0.0,0.0,0.0
166.16,143.685,751.0,0.0,0.0,71.53,0,0.0,0.0,0.0
166.16,143.713,750.48,0.0,0.0,71.52,0,0.0,0.0,0.0
166.26,143.755,750.13,0.0,0.0,71.52,0,0.0,0.0,0.0
166.32,143.797,749.61,0.0,0.0,71.51,0,0.0,0.0,0.0
166.36,143.825,749.26,0.0,0.0,71.51,0,0.0,0.0,0.0
166.42,143.867,748.73,0.0,0.0,71.51,0,0.0,0.0,0.0
166.46,143.894,748.38,0.0,0.0,71.5,0,0.0,0.0,0.0
166.5,143.922,748.04,0.0,0.0,71.5,0,0.0,0.0,0.0
166.56,143.964,747.51,0.0,0.0,71.49,0,0.0,0.0,0.0
166.62,144.006,746.99,0.0,0.0,71.49,0,0.0,0.0,0.0
166.66,144.034,746.64,0.0,0.0,71.48,0,0.0,0.0,0.0
166.72,144.075,746.12,0.0,0.0,71.48,0,0.0,0.0,0.0
166.76,144.103,745.77,0.0,0.0,71.47,0,0.0,0.0,0.0
166.8,144.131,745.42,0.0,0.0,71.47,0,0.0,0.0,0.0
166.86,144.172,744.89,0.0,0.0,71.46,0,0.0,0.0,0.0
166.92,144.214,744.37,0.0,0.0,71.46,0,0.0,0.0,0.0
166.96,144.242,744.02,0.0,0.0,71.45,0,0.0,0.0,0.0
167.02,144.283,743.5,0.0,0.0,71.45,0,0.0,0.0,0.0
167.06,144.311,743.15,0.0,0.0,71.44,0,0.0,0.0,0.0
167.12,144.352,742.63,0.0,0.0,71.44,0,0.0,0.0,0.0
167.18,144.394,742.1,0.0,0.0,71.43,0,0.0,0.0,0.0
167.22,144.421,741.76,0.0,0.0,71.43,0,0.0,0.0,0.0
167.26,144.449,741.41,0.0,0.0,71.42,0,0.0,0.0,0.0
167.32,144.49,740.88,0.0,0.0,71.42,0,0.0,0.0,0.0
167.36,144.518,740.54,0.0,0.0,71.41,0,0.0,0.0,0.0
167.42,144.559,740.01,0.0,0.0,71.41,0,0.0,0.0,0.0
167.48,144.6,739.49,0.0,0.0,71.4,0,0.0,0.0,0.0
167.52,144.628,739.14,0.0,0.0,71.4,0,0.0,0.0,0.0
167.56,144.655,738.79,0.0,0.0,71.39,0,0.0,0.0,0.0
167.62,144.697,738.27,0.0,0.0,71.39,0,0.0,0.0,0.0
167.66,144.724,737.92,0.0,0.0,71.38,0,0.0,0.0,0.0
167.72,144.765,737.4,0.0,0.0,71.38,0,0.0,0.0,0.0
167.78,144.806,736.88,0.0,0.0,71.37,0,0.0,0.0,0.0
167.82,144.834,736.53,0.0,0.0,71.37,0,0.0,0.0,0.0
167.86,144.861,736.18,0.0,0.0,71.36,0,0.0,0.0,0.0
167.92,144.902,735.66,0.0,0.0,71.36,0,0.0,0.0,0.0
167.96,144.929,735.31,0.0,0.0,71.35,0,0.0,0.0,0.0
168.02,144.97,734.79,0.0,0.0,71.35,0,0.0,0.0,0.0
168.08,145.011,734.27,0.0,0.0,71.34,0,0.0,0.0,0.0
168.12,145.038,733.92,0.0,0.0,71.34,0,0.0,0.0,0.0
168.18,145.079,733.4,0.0,0.0,71.33,0,0.0,0.0,0.0
168.22,145.107,733.05,0.0,0.0,71.33,0,0.0,0.0,0.0
168.26,145.134,732.7,0.0,0.0,71.33,0,0.0,0.0,0.0
168.32,145.175,732.18,0.0,0.0,71.32,0,0.0,0.0,0.0
168.38,145.215,731.66,0.0,0.0,71.31,0,0.0,0.0,0.0
168.42,145.242,731.31,0.0,0.0,71.31,0,0.0,0.0,0.0
168.48,145.283,730.79,0.0,0.0,71.3,0,0.0,0.0,0.0
168.52,145.31,730.44,0.0,0.0,71.3,0,0.0,0.0,0.0
168.56,145.337,730.09,0.0,0.0,71.3,0,0.0,0.0,0.0
168.62,145.378,729.57,0.0,0.0,71.29,0,0.0,0.0,0.0
168.68,145.419,729.05,0.0,0.0,71.28,0,0.0,0.0,0.0
168.72,145.446,728.7,0.0,0.0,71.28,0,0.0,0.0,0.0
168.78,145.486,728.18,0.0,0.0,71.27,0,0.0,0.0,0.0
168.82,145.513,727.83,0.0,0.0,71.27,0,0.0,0.0,0.0
168.88,145.554,727.31,0.0,0.0,71.26,0,0.0,0.0,0.0
168.92,145.581,726.97,0.0,0.0,71.26,0,0.0,0.0,0.0
168.98,145.621,726.45,0.0,0.0,71.25,0,0.0,0.0,0.0
169.02,145.648,726.1,0.0,0.0,71.25,0,0.0,0.0,0.0
169.08,145.688,725.58,0.0,0.0,71.25,0,0.0,0.0,0.0
169.12,145.715,725.23,0.0,0.0,71.24,0,0.0,0.0,0.0
169.18,145.755,724.71,0.0,0.0,71.24,0,0.0,0.0,0.0
169.24,145.796,724.19,0.0,0.0,71.23,0,0.0,0.0,0.0
169.28,145.823,723.84,0.0,0.0,71.23,0,0.0,0.0,0.0
169.32,145.849,723.49,0.0,0.0,71.22,0,0.0,0.0,0.0
169.38,145.89,722.97,0.0,0.0,71.22,0,0.0,0.0,0.0
169.42,145.916,722.63,0.0,0.0,71.21,0,0.0,0.0,0.0
169.48,145.956,722.11,0.0,0.0,71.21,0,0.0,0.0,0.0
169.54,145.997,721.59,0.0,0.0,71.2,0,0.0,0.0,0.0
169.58,146.023,721.24,0.0,0.0,71.2,0,0.0,0.0,0.0
169.64,146.063,720.72,0.0,0.0,71.19,0,0.0,0.0,0.0
169.68,146.09,720.37,0.0,0.0,71.19,0,0.0,0.0,0.0
169.72,146.117,720.03,0.0,0.0,71.18,0,0.0,0.0,0.0
169.78,146.157,719.5,0.0,0.0,71.18,0,0.0,0.0,0.0
169.84,146.197,718.98,0.0,0.0,71.17,0,0.0,0.0,0.0
169.88,146.223,718.64,0.0,0.0,71.17,0,0.0,0.0,0.0
169.94,146.263,718.12,0.0,0.0,71.16,0,0.0,0.0,0.0
169.98,146.29,717.77,0.0,0.0,71.16,0,0.0,0.0,0.0
170.02,146.316,717.43,0.0,0.0,71.15,0,0.0,0.0,0.0
170.08,146.356,716.91,0.0,0.0,71.15,0,0.0,0.0,0.0
170.14,146.396,716.39,0.0,0.0,71.14,0,0.0,0.0,0.0
170.18,146.422,716.04,0.0,0.0,71.14,0,0.0,0.0,0.0
170.24,146.462,715.52,0.0,0.0,71.13,0,0.0,0.0,0.0
170.28,146.488,715.17,0.0,0.0,71.13,0,0.0,0.0,0.0
170.34,146.528,714.65,0.0,0.0,71.12,0,0.0,0.0,0.0
170.38,146.554,714.31,0.0,0.0,71.12,0,0.0,0.0,0.0
170.44,146.594,713.79,0.0,0.0,71.11,0,0.0,0.0,0.0
170.48,146.62,713.44,0.0,0.0,71.11,0,0.0,0.0,0.0
170.54,146.66,712.92,0.0,0.0,71.1,0,0.0,0.0,0.0
170.58,146.686,712.58,0.0,0.0,71.1,0,0.0,0.0,0.0
170.64,146.726,712.06,0.0,0.0,71.09,0,0.0,0.0,0.0
170.68,146.752,711.71,0.0,0.0,71.09,0,0.0,0.0,0.0
170.74,146.792,711.19,0.0,0.0,71.08,0,0.0,0.0,0.0
170.8,146.831,710.67,0.0,0.0,71.08,0,0.0,0.0,0.0
170.84,146.857,710.33,0.0,0.0,71.07,0,0.0,0.0,0.0
170.88,146.883,709.98,0.0,0.0,71.07,0,0.0,0.0,0.0
170.94,146.923,709.46,0.0,0.0,71.06,0,0.0,0.0,0.0
170.98,146.949,709.12,0.0,0.0,71.06,0,0.0,0.0,0.0
171.04,146.988,708.6,0.0,0.0,71.05,0,0.0,0.0,0.0
171.1,147.027,708.08,0.0,0.0,71.05,0,0.0,0.0,0.0
171.14,147.054,707.74,0.0,0.0,71.04,0,0.0,0.0,0.0
171.18,147.08,707.39,0.0,0.0,71.04,0,0.0,0.0,0.0
171.24,147.119,706.87,0.0,0.0,71.03,0,0.0,0.0,0.0
171.3,147.158,706.35,0.0,0.0,71.03,0,0.0,0.0,0.0
171.34,147.184,706.01,0.0,0.0,71.02,0,0.0,0.0,0.0
171.4,147.223,705.49,0.0,0.0,71.02,0,0.0,0.0,0.0
171.44,147.249,705.14,0.0,0.0,71.01,0,0.0,0.0,0.0
171.5,147.288,704.63,0.0,0.0,71.01,0,0.0,0.0,0.0
171.54,147.314,704.28,0.0,0.0,71.0,0,0.0,0.0,0.0
171.6,147.353,703.76,0.0,0.0,71.0,0,0.0,0.0,0.0
171.64,147.379,703.42,0.0,0.0,70.99,0,0.0,0.0,0.0
171.7,147.418,702.9,0.0,0.0,70.99,0,0.0,0.0,0.0
171.74,147.444,702.55,0.0,0.0,70.98,0,0.0,0.0,0.0
171.78,147.47,702.21,0.0,0.0,70.98,0,0.0,0.0,0.0
171.84,147.508,701.69,0.0,0.0,70.97,0,0.0,0.0,0.0
171.9,147.547,701.17,0.0,0.0,70.97,0,0.0,0.0,0.0
171.94,147.573,700.83,0.0,0.0,70.96,0,0.0,0.0,0.0
172.0,147.612,700.31,0.0,0.0,70.96,0,0.0,0.0,0.0
172.04,147.638,699.97,0.0,0.0,70.95,0,0.0,0.0,0.0
172.1,147.676,699.45,0.0,0.0,70.95,0,0.0,0.0,0.0
172.14,147.702,699.1,0.0,0.0,70.94,0,0.0,0.0,0.0
172.2,147.741,698.59,0.0,0.0,70.94,0,0.0,0.0,0.0
172.24,147.766,698.24,0.0,0.0,70.94,0,0.0,0.0,0.0
172.3,147.805,697.73,0.0,0.0,70.93,0,0.0,0.0,0.0
172.34,147.831,697.38,0.0,0.0,70.93,0,0.0,0.0,0.0
172.4,147.869,696.86,0.0,0.0,70.92,0,0.0,0.0,0.0
172.46,147.908,696.35,0.0,0.0,70.91,0,0.0,0.0,0.0
172.5,147.933,696.0,0.0,0.0,70.91,0,0.0,0.0,0.0
172.54,147.959,695.66,0.0,0.0,70.91,0,0.0,0.0,0.0
172.6,147.997,695.14,0.0,0.0,70.9,0,0.0,0.0,0.0
172.64,148.023,694.8,0.0,0.0,70.9,0,0.0,0.0,0.0
172.7,148.061,694.28,0.0,0.0,70.89,0,0.0,0.0,0.0
172.76,148.099,693.76,0.0,0.0,70.88,0,0.0,0.0,0.0
172.8,148.125,693.42,0.0,0.0,70.88,0,0.0,0.0,0.0
172.84,148.15,693.08,0.0,0.0,70.88,0,0.0,0.0,0.0
172.9,148.189,692.56,0.0,0.0,70.87,0,0.0,0.0,0.0
172.94,148.214,692.21,0.0,0.0,70.87,0,0.0,0.0,0.0
173.0,148.252,691.7,0.0,0.0,70.86,0,0.0,0.0,0.0
173.06,148.29,691.18,0.0,0.0,70.85,0,0.0,0.0,0.0
173.1,148.316,690.84,0.0,0.0,70.85,0,0.0,0.0,0.0
173.16,148.354,690.32,0.0,0.0,70.84,0,0.0,0.0,0.0
173.2,148.379,689.98,0.0,0.0,70.84,0,0.0,0.0,0.0
173.24,148.404,689.63,0.0,0.0,70.84,0,0.0,0.0,0.0
173.3,148.442,689.12,0.0,0.0,70.83,0,0.0,0.0,0.0
173.36,148.48,688.6,0.0,0.0,70.83,0,0.0,0.0,0.0
173.4,148.506,688.26,0.0,0.0,70.82,0,0.0,0.0,0.0
173.46,148.544,687.74,0.0,0.0,70.82,0,0.0,0.0,0.0
173.5,148.569,687.4,0.0,0.0,70.81,0,0.0,0.0,0.0
173.56,148.607,686.88,0.0,0.0,70.81,0,0.0,0.0,0.0
173.6,148.632,686.54,0.0,0.0,70.8,0,0.0,0.0,0.0
173.66,148.67,686.03,0.0,0.0,70.8,0,0.0,0.0,0.0
173.7,148.695,685.68,0.0,0.0,70.79,0,0.0,0.0,0.0
173.76,148.733,685.17,0.0,0.0,70.79,0,0.0,0.0,0.0
173.8,148.758,684.82,0.0,0.0,70.78,0,0.0,0.0,0.0
173.86,148.795,684.31,0.0,0.0,70.78,0,0.0,0.0,0.0
173.9,148.821,683.97,0.0,0.0,70.77,0,0.0,0.0,0.0
173.96,148.858,683.45,0.0,0.0,70.77,0,0.0,0.0,0.0
174.0,148.883,683.11,0.0,0.0,70.76,0,0.0,0.0,0.0
174.06,148.921,682.59,0.0,0.0,70.76,0,0.0,0.0,0.0
174.1,148.946,682.25,0.0,0.0,70.75,0,0.0,0.0,0.0
174.16,148.983,681.73,0.0,0.0,70.75,0,0.0,0.0,0.0
174.2,149.008,681.39,0.0,0.0,70.74,0,0.0,0.0,0.0
174.26,149.046,680.88,0.0,0.0,70.74,0,0.0,0.0,0.0
174.3,149.071,680.53,0.0,0.0,70.73,0,0.0,0.0,0.0
174.36,149.108,680.02,0.0,0.0,70.73,0,0.0,0.0,0.0
174.4,149.133,679.68,0.0,0.0,70.72,0,0.0,0.0,0.0
174.46,149.17,679.16,0.0,0.0,70.72,0,0.0,0.0,0.0
174.5,149.195,678.82,0.0,0.0,70.71,0,0.0,0.0,0.0
174.56,149.233,678.31,0.0,0.0,70.71,0,0.0,0.0,0.0
174.6,149.257,677.96,0.0,0.0,70.7,0,0.0,0.0,0.0
174.66,149.295,677.45,0.0,0.0,70.7,0,0.0,0.0,0.0
174.72,149.332,676.94,0.0,0.0,70.69,0,0.0,0.0,0.0
174.76,149.357,676.59,0.0,0.0,70.69,0,0.0,0.0,0.0
174.82,149.394,676.08,0.0,0.0,70.68,0,0.0,0.0,0.0
174.86,149.418,675.74,0.0,0.0,70.68,0,0.0,0.0,0.0
174.9,149.443,675.39,0.0,0.0,70.67,0,0.0,0.0,0.0
174.96,149.48,674.88,0.0,0.0,70.67,0,0.0,0.0,0.0
175.02,149.517,674.37,0.0,0.0,70.66,0,0.0,0.0,0.0
175.06,149.542,674.02,0.0,0.0,70.66,0,0.0,0.0,0.0
175.12,149.579,673.51,0.0,0.0,70.65,0,0.0,0.0,0.0
175.16,149.604,673.17,0.0,0.0,70.65,0,0.0,0.0,0.0
175.2,149.628,672.83,0.0,0.0,70.64,0,0.0,0.0,0.0
175.26,149.665,672.31,0.0,0.0,70.64,0,0.0,0.0,0.0
175.32,149.702,671.8,0.0,0.0,70.63,0,0.0,0.0,0.0
175.36,149.726,671.46,0.0,0.0,70.63,0,0.0,0.0,0.0
175.4,149.751,671.12,0.0,0.0,70.62,0,0.0,0.0,0.0
175.46,149.788,670.6,0.0,0.0,70.62,0,0.0,0.0,0.0
175.52,149.824,670.09,0.0,0.0,70.61,0,0.0,0.0,0.0
175.56,149.849,669.75,0.0,0.0,70.61,0,0.0,0.0,0.0
175.62,149.886,669.24,0.0,0.0,70.6,0,0.0,0.0,0.0
175.66,149.91,668.89,0.0,0.0,70.6,0,0.0,0.0,0.0
175.72,149.947,668.38,0.0,0.0,70.59,0,0.0,0.0,0.0
175.78,149.983,667.87,0.0,0.0,70.59,0,0.0,0.0,0.0
175.82,150.008,667.53,0.0,0.0,70.58,0,0.0,0.0,0.0
175.86,150.032,667.19,0.0,0.0,70.58,0,0.0,0.0,0.0
175.92,150.069,666.67,0.0,0.0,70.57,0,0.0,0.0,0.0
175.96,150.093,666.33,0.0,0.0,70.57,0,0.0,0.0,0.0
176.02,150.129,665.82,0.0,0.0,70.56,0,0.0,0.0,0.0
176.08,150.166,665.31,0.0,0.0,70.56,0,0.0,0.0,0.0
176.12,150.19,664.97,0.0,0.0,70.55,0,0.0,0.0,0.0
176.16,150.214,664.63,0.0,0.0,70.55,0,0.0,0.0,0.0
176.22,150.251,664.11,0.0,0.0,70.54,0,0.0,0.0,0.0
176.26,150.275,663.77,0.0,0.0,70.54,0,0.0,0.0,0.0
176.32,150.311,663.26,0.0,0.0,70.53,0,0.0,0.0,0.0
176.38,150.347,662.75,0.0,0.0,70.53,0,0.0,0.0,0.0
176.42,150.372,662.41,0.0,0.0,70.52,0,0.0,0.0,0.0
176.46,150.396,662.07,0.0,0.0,70.52,0,0.0,0.0,0.0
176.52,150.432,661.56,0.0,0.0,70.51,0,0.0,0.0,0.0
176.58,150.468,661.05,0.0,0.0,70.51,0,0.0,0.0,0.0
176.62,150.492,660.7,0.0,0.0,70.5,0,0.0,0.0,0.0
176.68,150.528,660.19,0.0,0.0,70.5,0,0.0,0.0,0.0
176.72,150.552,659.85,0.0,0.0,70.49,0,0.0,0.0,0.0
176.76,150.576,659.51,0.0,0.0,70.49,0,0.0,0.0,0.0
176.82,150.612,659.0,0.0,0.0,70.49,0,0.0,0.0,0.0
176.88,150.648,658.49,0.0,0.0,70.48,0,0.0,0.0,0.0
176.92,150.672,658.15,0.0,0.0,70.48,0,0.0,0.0,0.0
176.98,150.708,657.64,0.0,0.0,70.47,0,0.0,0.0,0.0
177.02,150.732,657.3,0.0,0.0,70.47,0,0.0,0.0,0.0
177.08,150.768,656.79,0.0,0.0,70.46,0,0.0,0.0,0.0
177.12,150.792,656.45,0.0,0.0,70.46,0,0.0,0.0,0.0
177.18,150.828,655.94,0.0,0.0,70.45,0,0.0,0.0,0.0
177.22,150.852,655.6,0.0,0.0,70.45,0,0.0,0.0,0.0
177.28,150.887,655.09,0.0,0.0,70.44,0,0.0,0.0,0.0
177.32,150.911,654.75,0.0,0.0,70.44,0,0.0,0.0,0.0
177.38,150.947,654.24,0.0,0.0,70.43,0,0.0,0.0,0.0
177.44,150.983,653.73,0.0,0.0,70.42,0,0.0,0.0,0.0
177.48,151.006,653.39,0.0,0.0,70.42,0,0.0,0.0,0.0
177.52,151.03,653.05,0.0,0.0,70.42,0,0.0,0.0,0.0
177.58,151.066,652.54,0.0,0.0,70.41,0,0.0,0.0,0.0
177.62,151.089,652.2,0.0,0.0,70.41,0,0.0,0.0,0.0
177.68,151.125,651.69,0.0,0.0,70.4,0,0.0,0.0,0.0
177.74,151.16,651.18,0.0,0.0,70.39,0,0.0,0.0,0.0
177.78,151.184,650.84,0.0,0.0,70.39,0,0.0,0.0,0.0
177.82,151.208,650.5,0.0,0.0,70.39,0,0.0,0.0,0.0
177.88,151.243,649.99,0.0,0.0,70.38,0,0.0,0.0,0.0
177.94,151.278,649.48,0.0,0.0,70.37,0,0.0,0.0,0.0
177.98,151.302,649.14,0.0,0.0,70.37,0,0.0,0.0,0.0
178.02,151.326,648.8,0.0,0.0,70.37,0,0.0,0.0,0.0
178.08,151.361,648.29,0.0,0.0,70.36,0,0.0,0.0,0.0
178.12,151.384,647.95,0.0,0.0,70.36,0,0.0,0.0,0.0
178.18,151.42,647.44,0.0,0.0,70.35,0,0.0,0.0,0.0
178.24,151.455,646.93,0.0,0.0,70.35,0,0.0,0.0,0.0
178.28,151.478,646.6,0.0,0.0,70.34,0,0.0,0.0,0.0
178.34,151.514,646.09,0.0,0.0,70.34,0,0.0,0.0,0.0
178.4,151.549,645.58,0.0,0.0,70.33,0,0.0,0.0,0.0
178.44,151.572,645.24,0.0,0.0,70.33,0,0.0,0.0,0.0
178.5,151.607,644.73,0.0,0.0,70.32,0,0.0,0.0,0.0
178.54,151.631,644.39,0.0,0.0,70.32,0,0.0,0.0,0.0
178.6,151.666,643.88,0.0,0.0,70.31,0,0.0,0.0,0.0
178.64,151.689,643.55,0.0,0.0,70.31,0,0.0,0.0,0.0
178.7,151.724,643.04,0.0,0.0,70.3,0,0.0,0.0,0.0
178.74,151.747,642.7,0.0,0.0,70.3,0,0.0,0.0,0.0
178.8,151.782,642.19,0.0,0.0,70.29,0,0.0,0.0,0.0
178.84,151.805,641.85,0.0,0.0,70.29,0,0.0,0.0,0.0
178.9,151.84,641.34,0.0,0.0,70.28,0,0.0,0.0,0.0
178.94,151.863,641.01,0.0,0.0,70.28,0,0.0,0.0,0.0
179.0,151.898,640.5,0.0,0.0,70.27,0,0.0,0.0,0.0
179.04,151.921,640.16,0.0,0.0,70.27,0,0.0,0.0,0.0
179.1,151.956,639.65,0.0,0.0,70.26,0,0.0,0.0,0.0
179.14,151.979,639.31,0.0,0.0,70.26,0,0.0,0.0,0.0
179.2,152.014,638.81,0.0,0.0,70.25,0,0.0,0.0,0.0
179.24,152.037,638.47,0.0,0.0,70.25,0,0.0,0.0,0.0
179.3,152.072,637.96,0.0,0.0,70.24,0,0.0,0.0,0.0
179.34,152.095,637.62,0.0,0.0,70.24,0,0.0,0.0,0.0
179.4,152.129,637.12,0.0,0.0,70.23,0,0.0,0.0,0.0
179.46,152.164,636.61,0.0,0.0,70.23,0,0.0,0.0,0.0
179.5,152.187,636.27,0.0,0.0,70.22,0,0.0,0.0,0.0
179.54,152.21,635.93,0.0,0.0,70.22,0,0.0,0.0,0.0
179.6,152.244,635.43,0.0,0.0,70.21,0,0.0,0.0,0.0
179.64,152.267,635.09,0.0,0.0,70.21,0,0.0,0.0,0.0
179.7,152.302,634.58,0.0,0.0,70.2,0,0.0,0.0,0.0
179.76,152.336,634.08,0.0,0.0,70.2,0,0.0,0.0,0.0
179.8,152.359,633.74,0.0,0.0,70.19,0,0.0,0.0,0.0
179.86,152.393,633.23,0.0,0.0,70.19,0,0.0,0.0,0.0
179.9,152.416,632.89,0.0,0.0,70.18,0,0.0,0.0,0.0
179.94,152.439,632.56,0.0,0.0,70.18,0,0.0,0.0,0.0
180.0,152.473,632.05,0.0,0.0,70.17,0,0.0,0.0,0.0
180.06,152.507,631.55,0.0,0.0,70.17,0,0.0,0.0,0.0
180.1,152.53,631.21,0.0,0.0,70.16,0,0.0,0.0,0.0
180.16,152.564,630.7,0.0,0.0,70.16,0,0.0,0.0,0.0
180.2,152.587,630.37,0.0,0.0,70.15,0,0.0,0.0,0.0
180.26,152.621,629.86,0.0,0.0,70.15,0,0.0,0.0,0.0
180.3,152.644,629.52,0.0,0.0,70.14,0,0.0,0.0,0.0
180.36,152.678,629.02,0.0,0.0,70.14,0,0.0,0.0,0.0
180.4,152.7,628.68,0.0,0.0,70.13,0,0.0,0.0,0.0
180.46,152.734,628.17,0.0,0.0,70.13,0,0.0,0.0,0.0
180.5,152.757,627.84,0.0,0.0,70.12,0,0.0,0.0,0.0
180.56,152.791,627.33,0.0,0.0,70.12,0,0.0,0.0,0.0
180.62,152.825,626.83,0.0,0.0,70.11,0,0.0,0.0,0.0
180.66,152.847,626.49,0.0,0.0,70.11,0,0.0,0.0,0.0
180.7,152.87,626.15,0.0,0.0,70.1,0,0.0,0.0,0.0
180.76,152.904,625.65,0.0,0.0,70.1,0,0.0,0.0,0.0
180.8,152.926,625.31,0.0,0.0,70.09,0,0.0,0.0,0.0
180.86,152.96,624.81,0.0,0.0,70.09,0,0.0,0.0,0.0
180.9,152.983,624.47,0.0,0.0,70.08,0,0.0,0.0,0.0
180.96,153.016,623.97,0.0,0.0,70.08,0,0.0,0.0,0.0
181.0,153.039,623.63,0.0,0.0,70.07,0,0.0,0.0,0.0
181.06,153.072,623.13,0.0,0.0,70.07,0,0.0,0.0,0.0
181.1,153.095,622.79,0.0,0.0,70.06,0,0.0,0.0,0.0
181.16,153.128,622.29,0.0,0.0,70.06,0,0.0,0.0,0.0
181.22,153.162,621.78,0.0,0.0,70.05,0,0.0,0.0,0.0
181.26,153.184,621.45,0.0,0.0,70.05,0,0.0,0.0,0.0
181.32,153.218,620.94,0.0,0.0,70.04,0,0.0,0.0,0.0
181.36,153.24,620.61,0.0,0.0,70.04,0,0.0,0.0,0.0
181.4,153.262,620.27,0.0,0.0,70.03,0,0.0,0.0,0.0
181.46,153.296,619.77,0.0,0.0,70.03,0,0.0,0.0,0.0
181.52,153.329,619.27,0.0,0.0,70.02,0,0.0,0.0,0.0
181.56,153.351,618.93,0.0,0.0,70.02,0,0.0,0.0,0.0
181.62,153.385,618.43,0.0,0.0,70.01,0,0.0,0.0,0.0
181.66,153.407,618.09,0.0,0.0,70.01,0,0.0,0.0,0.0
181.72,153.44,617.59,0.0,0.0,70.0,0,0.0,0.0,0.0
181.78,153.473,617.08,0.0,0.0,70.0,0,0.0,0.0,0.0
181.82,153.495,616.75,0.0,0.0,69.99,0,0.0,0.0,0.0
181.86,153.518,616.41,0.0,0.0,69.99,0,0.0,0.0,0.0
181.92,153.551,615.91,0.0,0.0,69.98,0,0.0,0.0,0.0
181.96,153.573,615.58,0.0,0.0,69.98,0,0.0,0.0,0.0
182.02,153.606,615.07,0.0,0.0,69.97,0,0.0,0.0,0.0
182.08,153.639,614.57,0.0,0.0,69.97,0,0.0,0.0,0.0
182.12,153.661,614.24,0.0,0.0,69.96,0,0.0,0.0,0.0
182.18,153.694,613.73,0.0,0.0,69.96,0,0.0,0.0,0.0
182.22,153.716,613.4,0.0,0.0,69.95,0,0.0,0.0,0.0
182.26,153.738,613.06,0.0,0.0,69.95,0,0.0,0.0,0.0
182.32,153.771,612.56,0.0,0.0,69.94,0,0.0,0.0,0.0
182.38,153.804,612.06,0.0,0.0,69.94,0,0.0,0.0,0.0
182.42,153.826,611.73,0.0,0.0,69.93,0,0.0,0.0,0.0
182.48,153.859,611.22,0.0,0.0,69.93,0,0.0,0.0,0.0
182.52,153.88,610.89,0.0,0.0,69.92,0,0.0,0.0,0.0
182.56,153.902,610.55,0.0,0.0,69.92,0,0.0,0.0,0.0
182.62,153.935,610.05,0.0,0.0,69.91,0,0.0,0.0,0.0
182.68,153.968,609.55,0.0,0.0,69.91,0,0.0,0.0,0.0
182.72,153.99,609.22,0.0,0.0,69.9,0,0.0,0.0,0.0
182.78,154.022,608.72,0.0,0.0,69.9,0,0.0,0.0,0.0
182.82,154.044,608.38,0.0,0.0,69.89,0,0.0,0.0,0.0
182.88,154.077,607.88,0.0,0.0,69.89,0,0.0,0.0,0.0
182.92,154.098,607.55,0.0,0.0,69.88,0,0.0,0.0,0.0
182.98,154.131,607.05,0.0,0.0,69.88,0,0.0,0.0,0.0
183.02,154.153,606.71,0.0,0.0,69.87,0,0.0,0.0,0.0
183.08,154.185,606.21,0.0,0.0,69.87,0,0.0,0.0,0.0
183.12,154.207,605.88,0.0,0.0,69.86,0,0.0,0.0,0.0
183.18,154.239,605.38,0.0,0.0,69.86,0,0.0,0.0,0.0
183.22,154.261,605.04,0.0,0.0,69.85,0,0.0,0.0,0.0
183.28,154.293,604.54,0.0,0.0,69.85,0,0.0,0.0,0.0
183.32,154.315,604.21,0.0,0.0,69.84,0,0.0,0.0,0.0
183.38,154.347,603.71,0.0,0.0,69.84,0,0.0,0.0,0.0
183.44,154.38,603.21,0.0,0.0,69.83,0,0.0,0.0,0.0
183.48,154.401,602.88,0.0,0.0,69.83,0,0.0,0.0,0.0
183.52,154.423,602.54,0.0,0.0,69.83,0,0.0,0.0,0.0
183.58,154.455,602.04,0.0,0.0,69.82,0,0.0,0.0,0.0
183.62,154.476,601.71,0.0,0.0,69.82,0,0.0,0.0,0.0
183.68,154.508,601.21,0.0,0.0,69.81,0,0.0,0.0,0.0
183.72,154.53,600.88,0.0,0.0,69.81,0,0.0,0.0,0.0
183.78,154.562,600.38,0.0,0.0,69.8,0,0.0,0.0,0.0
183.84,154.594,599.88,0.0,0.0,69.79,0,0.0,0.0,0.0
183.88,154.615,599.55,0.0,0.0,69.79,0,0.0,0.0,0.0
183.94,154.647,599.05,0.0,0.0,69.78,0,0.0,0.0,0.0
183.98,154.669,598.71,0.0,0.0,69.78,0,0.0,0.0,0.0
184.02,154.69,598.38,0.0,0.0,69.78,0,0.0,0.0,0.0
184.08,154.722,597.88,0.0,0.0,69.77,0,0.0,0.0,0.0
184.14,154.754,597.38,0.0,0.0,69.76,0,0.0,0.0,0.0
184.18,154.775,597.05,0.0,0.0,69.76,0,0.0,0.0,0.0
184.24,154.807,596.55,0.0,0.0,69.75,0,0.0,0.0,0.0
184.28,154.828,596.22,0.0,0.0,69.75,0,0.0,0.0,0.0
184.32,154.849,595.89,0.0,0.0,69.75,0,0.0,0.0,0.0
184.38,154.881,595.39,0.0,0.0,69.74,0,0.0,0.0,0.0
184.44,154.913,594.89,0.0,0.0,69.73,0,0.0,0.0,0.0
184.48,154.934,594.56,0.0,0.0,69.73,0,0.0,0.0,0.0
184.54,154.966,594.06,0.0,0.0,69.72,0,0.0,0.0,0.0
184.58,154.987,593.73,0.0,0.0,69.72,0,0.0,0.0,0.0
184.64,155.019,593.23,0.0,0.0,69.71,0,0.0,0.0,0.0
184.68,155.04,592.9,0.0,0.0,69.71,0,0.0,0.0,0.0
184.74,155.071,592.4,0.0,0.0,69.7,0,0.0,0.0,0.0
184.78,155.092,592.07,0.0,0.0,69.7,0,0.0,0.0,0.0
184.84,155.124,591.57,0.0,0.0,69.7,0,0.0,0.0,0.0
184.88,155.145,591.24,0.0,0.0,69.69,0,0.0,0.0,0.0
184.94,155.176,590.75,0.0,0.0,69.69,0,0.0,0.0,0.0
185.0,155.208,590.25,0.0,0.0,69.68,0,0.0,0.0,0.0
185.04,155.229,589.92,0.0,0.0,69.68,0,0.0,0.0,0.0
185.08,155.249,589.59,0.0,0.0,69.67,0,0.0,0.0,0.0
185.14,155.281,589.09,0.0,0.0,69.67,0,0.0,0.0,0.0
185.18,155.302,588.76,0.0,0.0,69.66,0,0.0,0.0,0.0
185.24,155.333,588.26,0.0,0.0,69.66,0,0.0,0.0,0.0
185.28,155.354,587.93,0.0,0.0,69.65,0,0.0,0.0,0.0
185.34,155.385,587.43,0.0,0.0,69.65,0,0.0,0.0,0.0
185.4,155.416,586.94,0.0,0.0,69.64,0,0.0,0.0,0.0
185.44,155.437,586.61,0.0,0.0,69.64,0,0.0,0.0,0.0
185.5,155.468,586.11,0.0,0.0,69.63,0,0.0,0.0,0.0
185.54,155.489,585.78,0.0,0.0,69.63,0,0.0,0.0,0.0
185.6,155.52,585.28,0.0,0.0,69.62,0,0.0,0.0,0.0
185.64,155.541,584.95,0.0,0.0,69.62,0,0.0,0.0,0.0
185.7,155.572,584.46,0.0,0.0,69.61,0,0.0,0.0,0.0
185.74,155.593,584.13,0.0,0.0,69.61,0,0.0,0.0,0.0
185.8,155.624,583.63,0.0,0.0,69.6,0,0.0,0.0,0.0
185.84,155.644,583.3,0.0,0.0,69.6,0,0.0,0.0,0.0
185.9,155.675,582.81,0.0,0.0,69.59,0,0.0,0.0,0.0
185.94,155.696,582.48,0.0,0.0,69.59,0,0.0,0.0,0.0
186.0,155.727,581.98,0.0,0.0,69.58,0,0.0,0.0,0.0
186.04,155.747,581.65,0.0,0.0,69.58,0,0.0,0.0,0.0
186.1,155.778,581.16,0.0,0.0,69.57,0,0.0,0.0,0.0
186.16,155.809,580.66,0.0,0.0,69.56,0,0.0,0.0,0.0
186.2,155.829,580.33,0.0,0.0,69.56,0,0.0,0.0,0.0
186.26,155.86,579.84,0.0,0.0,69.55,0,0.0,0.0,0.0
186.3,155.88,579.51,0.0,0.0,69.55,0,0.0,0.0,0.0
186.36,155.911,579.01,0.0,0.0,69.55,0,0.0,0.0,0.0
186.4,155.931,578.68,0.0,0.0,69.54,0,0.0,0.0,0.0
186.44,155.952,578.36,0.0,0.0,69.54,0,0.0,0.0,0.0
186.5,155.982,577.86,0.0,0.0,69.53,0,0.0,0.0,0.0
186.56,156.013,577.37,0.0,0.0,69.53,0,0.0,0.0,0.0
186.6,156.033,577.04,0.0,0.0,69.52,0,0.0,0.0,0.0
186.66,156.064,576.54,0.0,0.0,69.52,0,0.0,0.0,0.0
186.7,156.084,576.22,0.0,0.0,69.51,0,0.0,0.0,0.0
186.76,156.115,575.72,0.0,0.0,69.51,0,0.0,0.0,0.0
186.8,156.135,575.39,0.0,0.0,69.5,0,0.0,0.0,0.0
186.86,156.165,574.9,0.0,0.0,69.5,0,0.0,0.0,0.0
186.9,156.186,574.57,0.0,0.0,69.49,0,0.0,0.0,0.0
186.96,156.216,574.08,0.0,0.0,69.49,0,0.0,0.0,0.0
187.0,156.236,573.75,0.0,0.0,69.48,0,0.0,0.0,0.0
187.06,156.266,573.26,0.0,0.0,69.48,0,0.0,0.0,0.0
187.1,156.287,572.93,0.0,0.0,69.47,0,0.0,0.0,0.0
187.16,156.317,572.44,0.0,0.0,69.47,0,0.0,0.0,0.0
187.22,156.347,571.94,0.0,0.0,69.46,0,0.0,0.0,0.0
187.26,156.367,571.62,0.0,0.0,69.46,0,0.0,0.0,0.0
187.3,156.387,571.29,0.0,0.0,69.45,0,0.0,0.0,0.0
187.36,156.417,570.79,0.0,0.0,69.45,0,0.0,0.0,0.0
187.4,156.437,570.47,0.0,0.0,69.44,0,0.0,0.0,0.0
187.46,156.467,569.97,0.0,0.0,69.44,0,0.0,0.0,0.0
187.52,156.497,569.48,0.0,0.0,69.43,0,0.0,0.0,0.0
187.56,156.517,569.16,0.0,0.0,69.43,0,0.0,0.0,0.0
187.6,156.537,568.83,0.0,0.0,69.42,0,0.0,0.0,0.0
187.66,156.567,568.34,0.0,0.0,69.42,0,0.0,0.0,0.0
187.7,156.587,568.01,0.0,0.0,69.41,0,0.0,0.0,0.0
187.76,156.617,567.52,0.0,0.0,69.41,0,0.0,0.0,0.0
187.82,156.647,567.03,0.0,0.0,69.4,0,0.0,0.0,0.0
187.86,156.667,566.7,0.0,0.0,69.4,0,0.0,0.0,0.0
187.92,156.697,566.21,0.0,0.0,69.39,0,0.0,0.0,0.0
187.96,156.717,565.88,0.0,0.0,69.39,0,0.0,0.0,0.0
188.02,156.746,565.39,0.0,0.0,69.38,0,0.0,0.0,0.0
188.06,156.766,565.06,0.0,0.0,69.38,0,0.0,0.0,0.0
188.1,156.786,564.74,0.0,0.0,69.37,0,0.0,0.0,0.0
188.16,156.816,564.24,0.0,0.0,69.37,0,0.0,0.0,0.0
188.2,156.835,563.92,0.0,0.0,69.36,0,0.0,0.0,0.0
188.26,156.865,563.43,0.0,0.0,69.36,0,0.0,0.0,0.0
188.32,156.894,562.94,0.0,0.0,69.35,0,0.0,0.0,0.0
188.36,156.914,562.61,0.0,0.0,69.35,0,0.0,0.0,0.0
188.42,156.944,562.12,0.0,0.0,69.34,0,0.0,0.0,0.0
188.46,156.963,561.79,0.0,0.0,69.34,0,0.0,0.0,0.0
188.52,156.993,561.31,0.0,0.0,69.33,0,0.0,0.0,0.0
188.56,157.012,560.98,0.0,0.0,69.33,0,0.0,0.0,0.0
188.62,157.042,560.49,0.0,0.0,69.32,0,0.0,0.0,0.0
188.66,157.061,560.16,0.0,0.0,69.32,0,0.0,0.0,0.0
188.72,157.091,559.67,0.0,0.0,69.31,0,0.0,0.0,0.0
188.76,157.11,559.35,0.0,0.0,69.31,0,0.0,0.0,0.0
188.82,157.14,558.86,0.0,0.0,69.3,0,0.0,0.0,0.0
188.86,157.159,558.53,0.0,0.0,69.3,0,0.0,0.0,0.0
188.92,157.188,558.04,0.0,0.0,69.29,0,0.0,0.0,0.0
188.96,157.208,557.72,0.0,0.0,69.29,0,0.0,0.0,0.0
189.02,157.237,557.23,0.0,0.0,69.28,0,0.0,0.0,0.0
189.08,157.266,556.74,0.0,0.0,69.28,0,0.0,0.0,0.0
189.12,157.286,556.42,0.0,0.0,69.27,0,0.0,0.0,0.0
189.16,157.305,556.09,0.0,0.0,69.27,0,0.0,0.0,0.0
189.22,157.334,555.6,0.0,0.0,69.26,0,0.0,0.0,0.0
189.26,157.353,555.28,0.0,0.0,69.26,0,0.0,0.0,0.0
189.32,157.382,554.79,0.0,0.0,69.25,0,0.0,0.0,0.0
189.38,157.411,554.3,0.0,0.0,69.25,0,0.0,0.0,0.0
189.42,157.431,553.98,0.0,0.0,69.24,0,0.0,0.0,0.0
189.48,157.46,553.49,0.0,0.0,69.24,0,0.0,0.0,0.0
189.52,157.479,553.17,0.0,0.0,69.23,0,0.0,0.0,0.0
189.56,157.498,552.84,0.0,0.0,69.23,0,0.0,0.0,0.0
189.62,157.527,552.35,0.0,0.0,69.22,0,0.0,0.0,0.0
189.68,157.556,551.87,0.0,0.0,69.22,0,0.0,0.0,0.0
189.72,157.575,551.54,0.0,0.0,69.21,0,0.0,0.0,0.0
189.78,157.604,551.06,0.0,0.0,69.21,0,0.0,0.0,0.0
189.82,157.623,550.73,0.0,0.0,69.2,0,0.0,0.0,0.0
189.86,157.642,550.41,0.0,0.0,69.2,0,0.0,0.0,0.0
189.92,157.671,549.92,0.0,0.0,69.19,0,0.0,0.0,0.0
189.98,157.699,549.43,0.0,0.0,69.19,0,0.0,0.0,0.0
190.02,157.718,549.11,0.0,0.0,69.18,0,0.0,0.0,0.0
190.08,157.747,548.62,0.0,0.0,69.18,0,0.0,0.0,0.0
190.12,157.766,548.3,0.0,0.0,69.17,0,0.0,0.0,0.0
190.18,157.795,547.82,0.0,0.0,69.17,0,0.0,0.0,0.0
190.22,157.814,547.49,0.0,0.0,69.16,0,0.0,0.0,0.0
190.28,157.842,547.01,0.0,0.0,69.16,0,0.0,0.0,0.0
190.34,157.87,546.52,0.0,0.0,69.15,0,0.0,0.0,0.0
190.38,157.889,546.2,0.0,0.0,69.15,0,0.0,0.0,0.0
190.42,157.908,545.87,0.0,0.0,69.14,0,0.0,0.0,0.0
190.48,157.937,545.39,0.0,0.0,69.14,0,0.0,0.0,0.0
190.52,157.956,545.07,0.0,0.0,69.13,0,0.0,0.0,0.0
190.58,157.984,544.58,0.0,0.0,69.13,0,0.0,0.0,0.0
190.64,158.012,544.1,0.0,0.0,69.12,0,0.0,0.0,0.0
190.68,158.031,543.77,0.0,0.0,69.12,0,0.0,0.0,0.0
190.72,158.05,543.45,0.0,0.0,69.11,0,0.0,0.0,0.0
190.78,158.078,542.97,0.0,0.0,69.11,0,0.0,0.0,0.0
190.84,158.106,542.48,0.0,0.0,69.1,0,0.0,0.0,0.0
190.88,158.125,542.16,0.0,0.0,69.1,0,0.0,0.0,0.0
190.94,158.153,541.68,0.0,0.0,69.09,0,0.0,0.0,0.0
190.98,158.172,541.35,0.0,0.0,69.09,0,0.0,0.0,0.0
191.02,158.19,541.03,0.0,0.0,69.08,0,0.0,0.0,0.0
191.08,158.218,540.55,0.0,0.0,69.08,0,0.0,0.0,0.0
191.14,158.246,540.06,0.0,0.0,69.07,0,0.0,0.0,0.0
191.18,158.265,539.74,0.0,0.0,69.07,0,0.0,0.0,0.0
191.24,158.293,539.26,0.0,0.0,69.06,0,0.0,0.0,0.0
191.28,158.312,538.94,0.0,0.0,69.06,0,0.0,0.0,0.0
191.34,158.339,538.45,0.0,0.0,69.05,0,0.0,0.0,0.0
191.38,158.358,538.13,0.0,0.0,69.05,0,0.0,0.0,0.0
191.44,158.386,537.65,0.0,0.0,69.04,0,0.0,0.0,0.0
191.48,158.404,537.33,0.0,0.0,69.04,0,0.0,0.0,0.0
191.54,158.432,536.85,0.0,0.0,69.03,0,0.0,0.0,0.0
191.58,158.451,536.52,0.0,0.0,69.03,0,0.0,0.0,0.0
191.64,158.478,536.04,0.0,0.0,69.02,0,0.0,0.0,0.0
191.68,158.497,535.72,0.0,0.0,69.02,0,0.0,0.0,0.0
191.74,158.525,535.24,0.0,0.0,69.01,0,0.0,0.0,0.0
191.78,158.543,534.92,0.0,0.0,69.01,0,0.0,0.0,0.0
191.84,158.571,534.44,0.0,0.0,69.0,0,0.0,0.0,0.0
191.88,158.589,534.12,0.0,0.0,69.0,0,0.0,0.0,0.0
191.94,158.616,533.64,0.0,0.0,68.99,0,0.0,0.0,0.0
192.0,158.644,533.15,0.0,0.0,68.99,0,0.0,0.0,0.0
192.04,158.662,532.83,0.0,0.0,68.98,0,0.0,0.0,0.0
192.08,158.681,532.51,0.0,0.0,68.98,0,0.0,0.0,0.0
192.14,158.708,532.03,0.0,0.0,68.97,0,0.0,0.0,0.0
192.18,158.726,531.71,0.0,0.0,68.97,0,0.0,0.0,0.0
192.24,158.754,531.23,0.0,0.0,68.96,0,0.0,0.0,0.0
192.3,158.781,530.75,0.0,0.0,68.96,0,0.0,0.0,0.0
192.34,158.799,530.43,0.0,0.0,68.95,0,0.0,0.0,0.0
192.38,158.817,530.11,0.0,0.0,68.95,0,0.0,0.0,0.0
192.44,158.845,529.63,0.0,0.0,68.94,0,0.0,0.0,0.0
192.5,158.872,529.15,0.0,0.0,68.94,0,0.0,0.0,0.0
192.54,158.89,528.83,0.0,0.0,68.93,0,0.0,0.0,0.0
192.58,158.908,528.51,0.0,0.0,68.93,0,0.0,0.0,0.0
192.64,158.935,528.03,0.0,0.0,68.92,0,0.0,0.0,0.0
192.7,158.962,527.55,0.0,0.0,68.92,0,0.0,0.0,0.0
192.74,158.981,527.23,0.0,0.0,68.91,0,0.0,0.0,0.0
192.8,159.008,526.75,0.0,0.0,68.91,0,0.0,0.0,0.0
192.84,159.026,526.44,0.0,0.0,68.9,0,0.0,0.0,0.0
192.9,159.053,525.96,0.0,0.0,68.9,0,0.0,0.0,0.0
192.94,159.071,525.64,0.0,0.0,68.89,0,0.0,0.0,0.0
193.0,159.098,525.16,0.0,0.0,68.89,0,0.0,0.0,0.0
193.04,159.116,524.84,0.0,0.0,68.88,0,0.0,0.0,0.0
193.1,159.142,524.36,0.0,0.0,68.88,0,0.0,0.0,0.0
193.14,159.16,524.04,0.0,0.0,68.88,0,0.0,0.0,0.0
193.2,159.187,523.57,0.0,0.0,68.87,0,0.0,0.0,0.0
193.24,159.205,523.25,0.0,0.0,68.87,0,0.0,0.0,0.0
193.3,159.232,522.77,0.0,0.0,68.86,0,0.0,0.0,0.0
193.34,159.25,522.45,0.0,0.0,68.86,0,0.0,0.0,0.0
193.4,159.276,521.97,0.0,0.0,68.85,0,0.0,0.0,0.0
193.44,159.294,521.66,0.0,0.0,68.85,0,0.0,0.0,0.0
193.5,159.321,521.18,0.0,0.0,68.84,0,0.0,0.0,0.0
193.54,159.339,520.86,0.0,0.0,68.84,0,0.0,0.0,0.0
193.6,159.365,520.38,0.0,0.0,68.83,0,0.0,0.0,0.0
193.66,159.392,519.91,0.0,0.0,68.82,0,0.0,0.0,0.0
193.7,159.41,519.59,0.0,0.0,68.82,0,0.0,0.0,0.0
193.74,159.427,519.27,0.0,0.0,68.82,0,0.0,0.0,0.0
193.8,159.454,518.8,0.0,0.0,68.81,0,0.0,0.0,0.0
193.84,159.471,518.48,0.0,0.0,68.81,0,0.0,0.0,0.0
193.9,159.498,518.0,0.0,0.0,68.8,0,0.0,0.0,0.0
193.96,159.524,517.53,0.0,0.0,68.79,0,0.0,0.0,0.0
194.0,159.542,517.21,0.0,0.0,68.79,0,0.0,0.0,0.0
194.06,159.568,516.74,0.0,0.0,68.78,0,0.0,0.0,0.0
194.1,159.586,516.42,0.0,0.0,68.78,0,0.0,0.0,0.0
194.14,159.603,516.1,0.0,0.0,68.78,0,0.0,0.0,0.0
194.2,159.63,515.63,0.0,0.0,68.77,0,0.0,0.0,0.0
194.24,159.647,515.31,0.0,0.0,68.77,0,0.0,0.0,0.0
194.3,159.673,514.84,0.0,0.0,68.76,0,0.0,0.0,0.0
194.36,159.699,514.36,0.0,0.0,68.75,0,0.0,0.0,0.0
194.4,159.717,514.04,0.0,0.0,68.75,0,0.0,0.0,0.0
194.46,159.743,513.57,0.0,0.0,68.74,0,0.0,0.0,0.0
194.5,159.76,513.25,0.0,0.0,68.74,0,0.0,0.0,0.0
194.56,159.787,512.78,0.0,0.0,68.73,0,0.0,0.0,0.0
194.6,159.804,512.46,0.0,0.0,68.73,0,0.0,0.0,0.0
194.66,159.83,511.99,0.0,0.0,68.72,0,0.0,0.0,0.0
194.72,159.856,511.52,0.0,0.0,68.72,0,0.0,0.0,0.0
194.76,159.873,511.2,0.0,0.0,68.71,0,0.0,0.0,0.0
194.8,159.891,510.89,0.0,0.0,68.71,0,0.0,0.0,0.0
194.86,159.916,510.41,0.0,0.0,68.7,0,0.0,0.0,0.0
194.9,159.934,510.1,0.0,0.0,68.7,0,0.0,0.0,0.0
194.96,159.96,509.63,0.0,0.0,68.69,0,0.0,0.0,0.0
195.02,159.985,509.15,0.0,0.0,68.69,0,0.0,0.0,0.0
195.06,160.003,508.84,0.0,0.0,68.69,0,0.0,0.0,0.0
195.12,160.028,508.37,0.0,0.0,68.68,0,0.0,0.0,0.0
195.16,160.045,508.05,0.0,0.0,68.68,0,0.0,0.0,0.0
195.2,160.063,507.74,0.0,0.0,68.67,0,0.0,0.0,0.0
195.26,160.088,507.26,0.0,0.0,68.67,0,0.0,0.0,0.0
195.32,160.114,506.79,0.0,0.0,68.66,0,0.0,0.0,0.0
195.36,160.131,506.48,0.0,0.0,68.66,0,0.0,0.0,0.0
195.42,160.157,506.01,0.0,0.0,68.65,0,0.0,0.0,0.0
195.46,160.174,505.69,0.0,0.0,68.65,0,0.0,0.0,0.0
195.52,160.199,505.22,0.0,0.0,68.64,0,0.0,0.0,0.0
195.56,160.216,504.91,0.0,0.0,68.64,0,0.0,0.0,0.0
195.62,160.242,504.44,0.0,0.0,68.63,0,0.0,0.0,0.0
195.66,160.259,504.12,0.0,0.0,68.63,0,0.0,0.0,0.0
195.7,160.276,503.81,0.0,0.0,68.62,0,0.0,0.0,0.0
195.76,160.301,503.34,0.0,0.0,68.62,0,0.0,0.0,0.0
195.82,160.326,502.87,0.0,0.0,68.61,0,0.0,0.0,0.0
195.86,160.343,502.56,0.0,0.0,68.61,0,0.0,0.0,0.0
195.92,160.369,502.09,0.0,0.0,68.6,0,0.0,0.0,0.0
195.96,160.386,501.77,0.0,0.0,68.6,0,0.0,0.0,0.0
196.02,160.411,501.3,0.0,0.0,68.59,0,0.0,0.0,0.0
196.08,160.436,500.83,0.0,0.0,68.58,0,0.0,0.0,0.0
196.12,160.453,500.52,0.0,0.0,68.58,0,0.0,0.0,0.0
196.16,160.47,500.21,0.0,0.0,68.58,0,0.0,0.0,0.0
196.22,160.495,499.74,0.0,0.0,68.57,0,0.0,0.0,0.0
196.26,160.512,499.43,0.0,0.0,68.57,0,0.0,0.0,0.0
196.32,160.537,498.96,0.0,0.0,68.56,0,0.0,0.0,0.0
196.38,160.562,498.49,0.0,0.0,68.55,0,0.0,0.0,0.0
196.42,160.578,498.18,0.0,0.0,68.55,0,0.0,0.0,0.0
196.46,160.595,497.87,0.0,0.0,68.55,0,0.0,0.0,0.0
196.52,160.62,497.4,0.0,0.0,68.54,0,0.0,0.0,0.0
196.58,160.645,496.93,0.0,0.0,68.53,0,0.0,0.0,0.0
196.62,160.662,496.62,0.0,0.0,68.53,0,0.0,0.0,0.0
196.68,160.686,496.15,0.0,0.0,68.52,0,0.0,0.0,0.0
196.72,160.703,495.84,0.0,0.0,68.52,0,0.0,0.0,0.0
196.78,160.728,495.37,0.0,0.0,68.51,0,0.0,0.0,0.0
196.82,160.744,495.06,0.0,0.0,68.51,0,0.0,0.0,0.0
196.88,160.769,494.59,0.0,0.0,68.5,0,0.0,0.0,0.0
196.92,160.786,494.28,0.0,0.0,68.5,0,0.0,0.0,0.0
196.98,160.81,493.82,0.0,0.0,68.49,0,0.0,0.0,0.0
197.02,160.827,493.51,0.0,0.0,68.49,0,0.0,0.0,0.0
197.08,160.852,493.04,0.0,0.0,68.49,0,0.0,0.0,0.0
197.12,160.868,492.73,0.0,0.0,68.48,0,0.0,0.0,0.0
197.18,160.893,492.26,0.0,0.0,68.48,0,0.0,0.0,0.0
197.22,160.909,491.95,0.0,0.0,68.47,0,0.0,0.0,0.0
197.28,160.934,491.49,0.0,0.0,68.47,0,0.0,0.0,0.0
197.32,160.95,491.18,0.0,0.0,68.46,0,0.0,0.0,0.0
197.38,160.974,490.71,0.0,0.0,68.46,0,0.0,0.0,0.0
197.42,160.991,490.4,0.0,0.0,68.45,0,0.0,0.0,0.0
197.48,161.015,489.94,0.0,0.0,68.45,0,0.0,0.0,0.0
197.54,161.04,489.47,0.0,0.0,68.44,0,0.0,0.0,0.0
197.58,161.056,489.16,0.0,0.0,68.44,0,0.0,0.0,0.0
197.62,161.072,488.85,0.0,0.0,68.43,0,0.0,0.0,0.0
197.68,161.096,488.39,0.0,0.0,68.43,0,0.0,0.0,0.0
197.72,161.113,488.08,0.0,0.0,68.42,0,0.0,0.0,0.0
197.78,161.137,487.62,0.0,0.0,68.42,0,0.0,0.0,0.0
197.84,161.161,487.15,0.0,0.0,68.41,0,0.0,0.0,0.0
197.88,161.177,486.84,0.0,0.0,68.41,0,0.0,0.0,0.0
197.94,161.201,486.38,0.0,0.0,68.4,0,0.0,0.0,0.0
197.98,161.218,486.07,0.0,0.0,68.4,0,0.0,0.0,0.0
198.02,161.234,485.76,0.0,0.0,68.39,0,0.0,0.0,0.0
198.08,161.258,485.3,0.0,0.0,68.39,0,0.0,0.0,0.0
198.14,161.282,484.84,0.0,0.0,68.38,0,0.0,0.0,0.0
198.18,161.298,484.53,0.0,0.0,68.38,0,0.0,0.0,0.0
198.24,161.322,484.07,0.0,0.0,68.37,0,0.0,0.0,0.0
198.28,161.338,483.76,0.0,0.0,68.37,0,0.0,0.0,0.0
198.34,161.362,483.3,0.0,0.0,68.36,0,0.0,0.0,0.0
198.38,161.378,482.99,0.0,0.0,68.36,0,0.0,0.0,0.0
198.44,161.402,482.53,0.0,0.0,68.35,0,0.0,0.0,0.0
198.48,161.418,482.22,0.0,0.0,68.35,0,0.0,0.0,0.0
198.54,161.442,481.76,0.0,0.0,68.34,0,0.0,0.0,0.0
198.58,161.457,481.45,0.0,0.0,68.34,0,0.0,0.0,0.0
198.64,161.481,480.99,0.0,0.0,68.33,0,0.0,0.0,0.0
198.68,161.497,480.69,0.0,0.0,68.33,0,0.0,0.0,0.0
198.74,161.521,480.22,0.0,0.0,68.32,0,0.0,0.0,0.0
198.78,161.537,479.92,0.0,0.0,68.32,0,0.0,0.0,0.0
198.84,161.56,479.46,0.0,0.0,68.31,0,0.0,0.0,0.0
198.88,161.576,479.15,0.0,0.0,68.31,0,0.0,0.0,0.0
198.94,161.6,478.69,0.0,0.0,68.3,0,0.0,0.0,0.0
199.0,161.623,478.23,0.0,0.0,68.29,0,0.0,0.0,0.0
199.04,161.639,477.93,0.0,0.0,68.29,0,0.0,0.0,0.0
199.08,161.655,477.62,0.0,0.0,68.29,0,0.0,0.0,0.0
199.14,161.678,477.16,0.0,0.0,68.28,0,0.0,0.0,0.0
199.18,161.694,476.85,0.0,0.0,68.28,0,0.0,0.0,0.0
199.24,161.717,476.4,0.0,0.0,68.27,0,0.0,0.0,0.0
199.3,161.741,475.94,0.0,0.0,68.27,0,0.0,0.0,0.0
199.34,161.756,475.63,0.0,0.0,68.26,0,0.0,0.0,0.0
199.4,161.78,475.17,0.0,0.0,68.26,0,0.0,0.0,0.0
199.44,161.795,474.87,0.0,0.0,68.25,0,0.0,0.0,0.0
199.5,161.819,474.41,0.0,0.0,68.25,0,0.0,0.0,0.0
199.54,161.834,474.11,0.0,0.0,68.24,0,0.0,0.0,0.0
199.6,161.857,473.65,0.0,0.0,68.24,0,0.0,0.0,0.0
199.64,161.873,473.34,0.0,0.0,68.23,0,0.0,0.0,0.0
199.7,161.896,472.89,0.0,0.0,68.23,0,0.0,0.0,0.0
199.74,161.912,472.58,0.0,0.0,68.22,0,0.0,0.0,0.0
199.78,161.927,472.28,0.0,0.0,68.22,0,0.0,0.0,0.0
199.84,161.95,471.82,0.0,0.0,68.21,0,0.0,0.0,0.0
199.9,161.973,471.37,0.0,0.0,68.21,0,0.0,0.0,0.0
199.94,161.989,471.06,0.0,0.0,68.2,0,0.0,0.0,0.0
200.0,162.012,470.61,0.0,0.0,68.2,0,0.0,0.0,0.0
200.04,162.027,470.3,0.0,0.0,68.19,0,0.0,0.0,0.0
200.1,162.05,469.85,0.0,0.0,68.19,0,0.0,0.0,0.0
200.14,162.065,469.54,0.0,0.0,68.18,0,0.0,0.0,0.0
200.2,162.088,469.09,0.0,0.0,68.18,0,0.0,0.0,0.0
200.24,162.103,468.79,0.0,0.0,68.17,0,0.0,0.0,0.0
200.3,162.126,468.33,0.0,0.0,68.17,0,0.0,0.0,0.0
200.34,162.142,468.03,0.0,0.0,68.16,0,0.0,0.0,0.0
200.4,162.164,467.57,0.0,0.0,68.16,0,0.0,0.0,0.0
200.44,162.18,467.27,0.0,0.0,68.15,0,0.0,0.0,0.0
200.5,162.202,466.82,0.0,0.0,68.15,0,0.0,0.0,0.0
200.54,162.217,466.51,0.0,0.0,68.14,0,0.0,0.0,0.0
200.6,162.24,466.06,0.0,0.0,68.14,0,0.0,0.0,0.0
200.64,162.255,465.76,0.0,0.0,68.13,0,0.0,0.0,0.0
200.7,162.278,465.31,0.0,0.0,68.13,0,0.0,0.0,0.0
200.74,162.293,465.0,0.0,0.0,68.12,0,0.0,0.0,0.0
200.8,162.316,464.55,0.0,0.0,68.12,0,0.0,0.0,0.0
200.86,162.338,464.1,0.0,0.0,68.11,0,0.0,0.0,0.0
200.9,162.353,463.8,0.0,0.0,68.11,0,0.0,0.0,0.0
200.94,162.368,463.5,0.0,0.0,68.1,0,0.0,0.0,0.0
201.0,162.391,463.04,0.0,0.0,68.1,0,0.0,0.0,0.0
201.06,162.413,462.59,0.0,0.0,68.09,0,0.0,0.0,0.0
201.1,162.428,462.29,0.0,0.0,68.09,0,0.0,0.0,0.0
201.16,162.45,461.84,0.0,0.0,68.08,0,0.0,0.0,0.0
201.2,162.465,461.54,0.0,0.0,68.08,0,0.0,0.0,0.0
201.24,162.48,461.24,0.0,0.0,68.07,0,0.0,0.0,0.0
201.3,162.503,460.79,0.0,0.0,68.07,0,0.0,0.0,0.0
201.36,162.525,460.34,0.0,0.0,68.06,0,0.0,0.0,0.0
201.4,162.54,460.04,0.0,0.0,68.06,0,0.0,0.0,0.0
201.46,162.562,459.59,0.0,0.0,68.05,0,0.0,0.0,0.0
201.5,162.577,459.29,0.0,0.0,68.05,0,0.0,0.0,0.0
201.56,162.599,458.84,0.0,0.0,68.04,0,0.0,0.0,0.0
201.6,162.614,458.54,0.0,0.0,68.04,0,0.0,0.0,0.0
201.66,162.636,458.09,0.0,0.0,68.03,0,0.0,0.0,0.0
201.7,162.65,457.79,0.0,0.0,68.03,0,0.0,0.0,0.0
201.76,162.672,457.34,0.0,0.0,68.02,0,0.0,0.0,0.0
201.8,162.687,457.04,0.0,0.0,68.02,0,0.0,0.0,0.0
201.86,162.709,456.59,0.0,0.0,68.01,0,0.0,0.0,0.0
201.9,162.724,456.29,0.0,0.0,68.01,0,0.0,0.0,0.0
201.96,162.746,455.85,0.0,0.0,68.0,0,0.0,0.0,0.0
202.0,162.76,455.55,0.0,0.0,68.0,0,0.0,0.0,0.0
202.06,162.782,455.1,0.0,0.0,67.99,0,0.0,0.0,0.0
202.1,162.797,454.8,0.0,0.0,67.99,0,0.0,0.0,0.0
202.16,162.819,454.35,0.0,0.0,67.98,0,0.0,0.0,0.0
202.2,162.833,454.06,0.0,0.0,67.98,0,0.0,0.0,0.0
202.26,162.855,453.61,0.0,0.0,67.97,0,0.0,0.0,0.0
202.32,162.877,453.16,0.0,0.0,67.97,0,0.0,0.0,0.0
202.36,162.891,452.86,0.0,0.0,67.96,0,0.0,0.0,0.0
202.4,162.906,452.57,0.0,0.0,67.96,0,0.0,0.0,0.0
202.46,162.927,452.12,0.0,0.0,67.95,0,0.0,0.0,0.0
202.5,162.942,451.82,0.0,0.0,67.95,0,0.0,0.0,0.0
202.56,162.963,451.38,0.0,0.0,67.94,0,0.0,0.0,0.0
202.6,162.978,451.08,0.0,0.0,67.94,0,0.0,0.0,0.0
202.66,162.999,450.64,0.0,0.0,67.93,0,0.0,0.0,0.0
202.7,163.014,450.34,0.0,0.0,67.93,0,0.0,0.0,0.0
202.76,163.035,449.9,0.0,0.0,67.92,0,0.0,0.0,0.0
202.82,163.057,449.45,0.0,0.0,67.92,0,0.0,0.0,0.0
202.86,163.071,449.15,0.0,0.0,67.91,0,0.0,0.0,0.0
202.92,163.092,448.71,0.0,0.0,67.91,0,0.0,0.0,0.0
202.96,163.107,448.41,0.0,0.0,67.9,0,0.0,0.0,0.0
203.02,163.128,447.97,0.0,0.0,67.9,0,0.0,0.0,0.0
203.06,163.142,447.68,0.0,0.0,67.89,0,0.0,0.0,0.0
203.12,163.163,447.23,0.0,0.0,67.89,0,0.0,0.0,0.0
203.16,163.178,446.94,0.0,0.0,67.88,0,0.0,0.0,0.0
203.2,163.192,446.64,0.0,0.0,67.88,0,0.0,0.0,0.0
203.26,163.213,446.2,0.0,0.0,67.87,0,0.0,0.0,0.0
203.3,163.227,445.9,0.0,0.0,67.87,0,0.0,0.0,0.0
203.36,163.248,445.46,0.0,0.0,67.86,0,0.0,0.0,0.0
203.4,163.262,445.17,0.0,0.0,67.86,0,0.0,0.0,0.0
203.46,163.283,444.73,0.0,0.0,67.85,0,0.0,0.0,0.0
203.5,163.297,444.43,0.0,0.0,67.85,0,0.0,0.0,0.0
203.56,163.319,443.99,0.0,0.0,67.84,0,0.0,0.0,0.0
203.62,163.34,443.55,0.0,0.0,67.84,0,0.0,0.0,0.0
203.66,163.354,443.26,0.0,0.0,67.83,0,0.0,0.0,0.0
203.72,163.374,442.82,0.0,0.0,67.83,0,0.0,0.0,0.0
203.76,163.388,442.52,0.0,0.0,67.82,0,0.0,0.0,0.0
203.82,163.409,442.08,0.0,0.0,67.82,0,0.0,0.0,0.0
203.88,163.43,441.64,0.0,0.0,67.81,0,0.0,0.0,0.0
203.92,163.444,441.35,0.0,0.0,67.81,0,0.0,0.0,0.0
203.96,163.458,441.06,0.0,0.0,67.8,0,0.0,0.0,0.0
204.02,163.479,440.62,0.0,0.0,67.8,0,0.0,0.0,0.0
204.08,163.5,440.18,0.0,0.0,67.79,0,0.0,0.0,0.0
204.12,163.513,439.89,0.0,0.0,67.79,0,0.0,0.0,0.0
204.18,163.534,439.45,0.0,0.0,67.78,0,0.0,0.0,0.0
204.2,163.541,439.3,0.0,0.0,67.78,0,0.0,0.0,0.0
204.2,163.541,439.3,0.0,0.0,67.78,0,0.0,0.0,0.0
204.26,163.562,438.86,0.0,0.0,67.77,0,0.0,0.0,0.0
204.32,163.582,438.43,0.0,0.0,67.77,0,0.0,0.0,0.0
204.38,163.603,437.99,0.0,0.0,67.76,0,0.0,0.0,0.0
204.42,163.617,437.7,0.0,0.0,67.76,0,0.0,0.0,0.0
204.48,163.637,437.26,0.0,0.0,67.75,0,0.0,0.0,0.0
204.54,163.658,436.82,0.0,0.0,67.75,0,0.0,0.0,0.0
204.58,163.671,436.53,0.0,0.0,67.74,0,0.0,0.0,0.0
204.62,163.685,436.24,0.0,0.0,67.74,0,0.0,0.0,0.0
204.68,163.705,435.81,0.0,0.0,67.73,0,0.0,0.0,0.0
204.74,163.726,435.37,0.0,0.0,67.73,0,0.0,0.0,0.0
204.78,163.739,435.08,0.0,0.0,67.72,0,0.0,0.0,0.0
204.84,163.76,434.64,0.0,0.0,67.72,0,0.0,0.0,0.0
204.88,163.773,434.35,0.0,0.0,67.71,0,0.0,0.0,0.0
204.94,163.793,433.92,0.0,0.0,67.71,0,0.0,0.0,0.0
204.98,163.807,433.63,0.0,0.0,67.7,0,0.0,0.0,0.0
205.04,163.827,433.2,0.0,0.0,67.7,0,0.0,0.0,0.0
205.08,163.841,432.91,0.0,0.0,67.69,0,0.0,0.0,0.0
205.14,163.861,432.47,0.0,0.0,67.69,0,0.0,0.0,0.0
205.18,163.874,432.18,0.0,0.0,67.68,0,0.0,0.0,0.0
205.22,163.888,431.89,0.0,0.0,67.68,0,0.0,0.0,0.0
205.28,163.908,431.46,0.0,0.0,67.67,0,0.0,0.0,0.0
205.34,163.928,431.03,0.0,0.0,67.67,0,0.0,0.0,0.0
205.38,163.941,430.74,0.0,0.0,67.66,0,0.0,0.0,0.0
205.44,163.961,430.31,0.0,0.0,67.66,0,0.0,0.0,0.0
205.48,163.974,430.02,0.0,0.0,67.65,0,0.0,0.0,0.0
205.54,163.994,429.59,0.0,0.0,67.65,0,0.0,0.0,0.0
205.6,164.014,429.16,0.0,0.0,67.64,0,0.0,0.0,0.0
205.64,164.027,428.87,0.0,0.0,67.64,0,0.0,0.0,0.0
205.68,164.041,428.58,0.0,0.0,67.63,0,0.0,0.0,0.0
205.74,164.061,428.15,0.0,0.0,67.63,0,0.0,0.0,0.0
205.78,164.074,427.86,0.0,0.0,67.62,0,0.0,0.0,0.0
205.84,164.093,427.43,0.0,0.0,67.62,0,0.0,0.0,0.0
205.9,164.113,427.0,0.0,0.0,67.61,0,0.0,0.0,0.0
205.94,164.126,426.72,0.0,0.0,67.61,0,0.0,0.0,0.0
205.98,164.139,426.43,0.0,0.0,67.6,0,0.0,0.0,0.0
206.04,164.159,426.0,0.0,0.0,67.6,0,0.0,0.0,0.0
206.08,164.172,425.71,0.0,0.0,67.59,0,0.0,0.0,0.0
206.14,164.192,425.29,0.0,0.0,67.59,0,0.0,0.0,0.0
206.2,164.211,424.86,0.0,0.0,67.58,0,0.0,0.0,0.0
206.24,164.224,424.57,0.0,0.0,67.58,0,0.0,0.0,0.0
206.3,164.244,424.14,0.0,0.0,67.57,0,0.0,0.0,0.0
206.34,164.257,423.86,0.0,0.0,67.57,0,0.0,0.0,0.0
206.38,164.27,423.57,0.0,0.0,67.56,0,0.0,0.0,0.0
206.44,164.289,423.15,0.0,0.0,67.56,0,0.0,0.0,0.0
206.5,164.309,422.72,0.0,0.0,67.55,0,0.0,0.0,0.0
206.54,164.322,422.43,0.0,0.0,67.55,0,0.0,0.0,0.0
206.6,164.341,422.01,0.0,0.0,67.54,0,0.0,0.0,0.0
206.64,164.354,421.72,0.0,0.0,67.54,0,0.0,0.0,0.0
206.7,164.373,421.3,0.0,0.0,67.53,0,0.0,0.0,0.0
206.74,164.386,421.01,0.0,0.0,67.53,0,0.0,0.0,0.0
206.8,164.405,420.59,0.0,0.0,67.52,0,0.0,0.0,0.0
206.84,164.418,420.31,0.0,0.0,67.52,0,0.0,0.0,0.0
206.9,164.437,419.88,0.0,0.0,67.51,0,0.0,0.0,0.0
206.94,164.45,419.6,0.0,0.0,67.51,0,0.0,0.0,0.0
207.0,164.469,419.17,0.0,0.0,67.5,0,0.0,0.0,0.0
207.04,164.482,418.89,0.0,0.0,67.5,0,0.0,0.0,0.0
207.1,164.501,418.47,0.0,0.0,67.49,0,0.0,0.0,0.0
207.14,164.514,418.18,0.0,0.0,67.49,0,0.0,0.0,0.0
207.2,164.533,417.76,0.0,0.0,67.48,0,0.0,0.0,0.0
207.26,164.552,417.34,0.0,0.0,67.48,0,0.0,0.0,0.0
207.3,164.564,417.06,0.0,0.0,67.47,0,0.0,0.0,0.0
207.34,164.577,416.77,0.0,0.0,67.47,0,0.0,0.0,0.0
207.4,164.596,416.35,0.0,0.0,67.46,0,0.0,0.0,0.0
207.44,164.608,416.07,0.0,0.0,67.46,0,0.0,0.0,0.0
207.5,164.627,415.65,0.0,0.0,67.45,0,0.0,0.0,0.0
207.56,164.646,415.23,0.0,0.0,67.45,0,0.0,0.0,0.0
207.6,164.659,414.95,0.0,0.0,67.44,0,0.0,0.0,0.0
207.66,164.677,414.53,0.0,0.0,67.44,0,0.0,0.0,0.0
207.7,164.69,414.25,0.0,0.0,67.43,0,0.0,0.0,0.0
207.74,164.702,413.96,0.0,0.0,67.43,0,0.0,0.0,0.0
207.8,164.721,413.54,0.0,0.0,67.42,0,0.0,0.0,0.0
207.86,164.74,413.13,0.0,0.0,67.42,0,0.0,0.0,0.0
207.9,164.752,412.85,0.0,0.0,67.41,0,0.0,0.0,0.0
207.96,164.771,412.43,0.0,0.0,67.41,0,0.0,0.0,0.0
208.0,164.783,412.15,0.0,0.0,67.4,0,0.0,0.0,0.0
208.06,164.802,411.73,0.0,0.0,67.4,0,0.0,0.0,0.0
208.1,164.814,411.45,0.0,0.0,67.39,0,0.0,0.0,0.0
208.16,164.832,411.03,0.0,0.0,67.39,0,0.0,0.0,0.0
208.2,164.845,410.75,0.0,0.0,67.38,0,0.0,0.0,0.0
208.26,164.863,410.34,0.0,0.0,67.38,0,0.0,0.0,0.0
208.3,164.875,410.06,0.0,0.0,67.37,0,0.0,0.0,0.0
208.36,164.894,409.64,0.0,0.0,67.37,0,0.0,0.0,0.0
208.4,164.906,409.36,0.0,0.0,67.36,0,0.0,0.0,0.0
208.46,164.924,408.95,0.0,0.0,67.36,0,0.0,0.0,0.0
208.5,164.936,408.67,0.0,0.0,67.35,0,0.0,0.0,0.0
208.56,164.955,408.25,0.0,0.0,67.35,0,0.0,0.0,0.0
208.6,164.967,407.98,0.0,0.0,67.34,0,0.0,0.0,0.0
208.66,164.985,407.56,0.0,0.0,67.34,0,0.0,0.0,0.0
208.7,164.997,407.28,0.0,0.0,67.33,0,0.0,0.0,0.0
208.76,165.015,406.87,0.0,0.0,67.33,0,0.0,0.0,0.0
208.82,165.033,406.45,0.0,0.0,67.32,0,0.0,0.0,0.0
208.86,165.045,406.18,0.0,0.0,67.32,0,0.0,0.0,0.0
208.9,165.058,405.9,0.0,0.0,67.31,0,0.0,0.0,0.0
208.96,165.076,405.49,0.0,0.0,67.31,0,0.0,0.0,0.0
209.02,165.094,405.08,0.0,0.0,67.3,0,0.0,0.0,0.0
209.06,165.106,404.8,0.0,0.0,67.3,0,0.0,0.0,0.0
209.12,165.123,404.39,0.0,0.0,67.29,0,0.0,0.0,0.0
209.16,165.135,404.11,0.0,0.0,67.29,0,0.0,0.0,0.0
209.22,165.153,403.7,0.0,0.0,67.28,0,0.0,0.0,0.0
209.26,165.165,403.43,0.0,0.0,67.28,0,0.0,0.0,0.0
209.3,165.177,403.15,0.0,0.0,67.27,0,0.0,0.0,0.0
209.36,165.195,402.74,0.0,0.0,67.27,0,0.0,0.0,0.0
209.42,165.213,402.33,0.0,0.0,67.26,0,0.0,0.0,0.0
209.46,165.225,402.06,0.0,0.0,67.26,0,0.0,0.0,0.0
209.52,165.242,401.65,0.0,0.0,67.25,0,0.0,0.0,0.0
209.56,165.254,401.37,0.0,0.0,67.25,0,0.0,0.0,0.0
209.62,165.272,400.96,0.0,0.0,67.24,0,0.0,0.0,0.0
209.66,165.283,400.69,0.0,0.0,67.24,0,0.0,0.0,0.0
209.72,165.301,400.28,0.0,0.0,67.23,0,0.0,0.0,0.0
209.76,165.313,400.01,0.0,0.0,67.23,0,0.0,0.0,0.0
209.82,165.33,399.6,0.0,0.0,67.22,0,0.0,0.0,0.0
209.86,165.342,399.33,0.0,0.0,67.22,0,0.0,0.0,0.0
209.92,165.359,398.92,0.0,0.0,67.21,0,0.0,0.0,0.0
209.96,165.371,398.65,0.0,0.0,67.21,0,0.0,0.0,0.0
210.02,165.389,398.24,0.0,0.0,67.2,0,0.0,0.0,0.0
210.06,165.4,397.97,0.0,0.0,67.2,0,0.0,0.0,0.0
210.12,165.418,397.57,0.0,0.0,67.19,0,0.0,0.0,0.0
210.16,165.429,397.29,0.0,0.0,67.19,0,0.0,0.0,0.0
210.22,165.446,396.89,0.0,0.0,67.18,0,0.0,0.0,0.0
210.26,165.458,396.62,0.0,0.0,67.18,0,0.0,0.0,0.0
210.32,165.475,396.21,0.0,0.0,67.17,0,0.0,0.0,0.0
210.36,165.487,395.94,0.0,0.0,67.17,0,0.0,0.0,0.0
210.42,165.504,395.54,0.0,0.0,67.16,0,0.0,0.0,0.0
210.46,165.515,395.27,0.0,0.0,67.16,0,0.0,0.0,0.0
210.52,165.533,394.86,0.0,0.0,67.15,0,0.0,0.0,0.0
210.58,165.55,394.46,0.0,0.0,67.15,0,0.0,0.0,0.0
210.62,165.561,394.19,0.0,0.0,67.14,0,0.0,0.0,0.0
210.68,165.578,393.79,0.0,0.0,67.14,0,0.0,0.0,0.0
210.72,165.59,393.52,0.0,0.0,67.13,0,0.0,0.0,0.0
210.76,165.601,393.25,0.0,0.0,67.13,0,0.0,0.0,0.0
210.82,165.618,392.85,0.0,0.0,67.12,0,0.0,0.0,0.0
210.88,165.635,392.45,0.0,0.0,67.12,0,0.0,0.0,0.0
210.92,165.646,392.18,0.0,0.0,67.11,0,0.0,0.0,0.0
210.98,165.663,391.78,0.0,0.0,67.11,0,0.0,0.0,0.0
211.02,165.674,391.51,0.0,0.0,67.1,0,0.0,0.0,0.0
211.08,165.691,391.11,0.0,0.0,67.1,0,0.0,0.0,0.0
211.12,165.702,390.85,0.0,0.0,67.09,0,0.0,0.0,0.0
211.18,165.719,390.45,0.0,0.0,67.09,0,0.0,0.0,0.0
211.22,165.73,390.18,0.0,0.0,67.08,0,0.0,0.0,0.0
211.28,165.747,389.78,0.0,0.0,67.08,0,0.0,0.0,0.0
211.32,165.758,389.51,0.0,0.0,67.07,0,0.0,0.0,0.0
211.38,165.775,389.12,0.0,0.0,67.07,0,0.0,0.0,0.0
211.44,165.792,388.72,0.0,0.0,67.06,0,0.0,0.0,0.0
211.48,165.803,388.45,0.0,0.0,67.06,0,0.0,0.0,0.0
211.52,165.814,388.19,0.0,0.0,67.05,0,0.0,0.0,0.0
211.58,165.83,387.79,0.0,0.0,67.05,0,0.0,0.0,0.0
211.62,165.841,387.53,0.0,0.0,67.04,0,0.0,0.0,0.0
211.68,165.858,387.13,0.0,0.0,67.04,0,0.0,0.0,0.0
211.74,165.874,386.73,0.0,0.0,67.03,0,0.0,0.0,0.0
211.78,165.885,386.47,0.0,0.0,67.03,0,0.0,0.0,0.0
211.84,165.902,386.07,0.0,0.0,67.02,0,0.0,0.0,0.0
211.88,165.913,385.81,0.0,0.0,67.02,0,0.0,0.0,0.0
211.92,165.923,385.55,0.0,0.0,67.01,0,0.0,0.0,0.0
211.98,165.94,385.15,0.0,0.0,67.01,0,0.0,0.0,0.0
212.04,165.956,384.76,0.0,0.0,67.0,0,0.0,0.0,0.0
212.08,165.967,384.5,0.0,0.0,67.0,0,0.0,0.0,0.0
212.14,165.983,384.1,0.0,0.0,66.99,0,0.0,0.0,0.0
212.18,165.994,383.84,0.0,0.0,66.99,0,0.0,0.0,0.0
212.24,166.01,383.45,0.0,0.0,66.98,0,0.0,0.0,0.0
212.28,166.021,383.19,0.0,0.0,66.98,0,0.0,0.0,0.0
212.34,166.037,382.8,0.0,0.0,66.97,0,0.0,0.0,0.0
212.4,166.053,382.4,0.0,0.0,66.96,0,0.0,0.0,0.0
212.44,166.064,382.14,0.0,0.0,66.96,0,0.0,0.0,0.0
212.48,166.075,381.88,0.0,0.0,66.96,0,0.0,0.0,0.0
212.54,166.091,381.49,0.0,0.0,66.95,0,0.0,0.0,0.0
212.58,166.101,381.23,0.0,0.0,66.95,0,0.0,0.0,0.0
212.64,166.117,380.84,0.0,0.0,66.94,0,0.0,0.0,0.0
212.7,166.133,380.45,0.0,0.0,66.93,0,0.0,0.0,0.0
212.74,166.144,380.19,0.0,0.0,66.93,0,0.0,0.0,0.0
212.78,166.155,379.93,0.0,0.0,66.93,0,0.0,0.0,0.0
212.84,166.17,379.55,0.0,0.0,66.92,0,0.0,0.0,0.0
212.9,166.186,379.16,0.0,0.0,66.91,0,0.0,0.0,0.0
212.94,166.197,378.9,0.0,0.0,66.91,0,0.0,0.0,0.0
213.0,166.213,378.51,0.0,0.0,66.9,0,0.0,0.0,0.0
213.04,166.223,378.25,0.0,0.0,66.9,0,0.0,0.0,0.0
213.08,166.234,378.0,0.0,0.0,66.9,0,0.0,0.0,0.0
213.14,166.249,377.61,0.0,0.0,66.89,0,0.0,0.0,0.0
213.2,166.265,377.22,0.0,0.0,66.88,0,0.0,0.0,0.0
213.24,166.275,376.97,0.0,0.0,66.88,0,0.0,0.0,0.0
213.3,166.291,376.58,0.0,0.0,66.87,0,0.0,0.0,0.0
213.34,166.301,376.32,0.0,0.0,66.87,0,0.0,0.0,0.0
213.38,166.312,376.07,0.0,0.0,66.87,0,0.0,0.0,0.0
213.44,166.327,375.68,0.0,0.0,66.86,0,0.0,0.0,0.0
213.5,166.343,375.3,0.0,0.0,66.86,0,0.0,0.0,0.0
213.54,166.353,375.05,0.0,0.0,66.85,0,0.0,0.0,0.0
213.6,166.368,374.66,0.0,0.0,66.85,0,0.0,0.0,0.0
213.64,166.379,374.41,0.0,0.0,66.84,0,0.0,0.0,0.0
213.7,166.394,374.02,0.0,0.0,66.84,0,0.0,0.0,0.0
213.74,166.404,373.77,0.0,0.0,66.83,0,0.0,0.0,0.0
213.8,166.42,373.39,0.0,0.0,66.83,0,0.0,0.0,0.0
213.84,166.43,373.13,0.0,0.0,66.82,0,0.0,0.0,0.0
213.9,166.445,372.75,0.0,0.0,66.82,0,0.0,0.0,0.0
213.94,166.455,372.5,0.0,0.0,66.81,0,0.0,0.0,0.0
214.0,166.471,372.12,0.0,0.0,66.81,0,0.0,0.0,0.0
214.04,166.481,371.87,0.0,0.0,66.8,0,0.0,0.0,0.0
214.1,166.496,371.49,0.0,0.0,66.8,0,0.0,0.0,0.0
214.14,166.506,371.24,0.0,0.0,66.79,0,0.0,0.0,0.0
214.2,166.521,370.86,0.0,0.0,66.79,0,0.0,0.0,0.0
214.26,166.536,370.48,0.0,0.0,66.78,0,0.0,0.0,0.0
214.3,166.546,370.23,0.0,0.0,66.78,0,0.0,0.0,0.0
214.34,166.556,369.98,0.0,0.0,66.77,0,0.0,0.0,0.0
214.4,166.571,369.6,0.0,0.0,66.77,0,0.0,0.0,0.0
214.44,166.581,369.35,0.0,0.0,66.76,0,0.0,0.0,0.0
214.5,166.596,368.97,0.0,0.0,66.76,0,0.0,0.0,0.0
214.56,166.611,368.6,0.0,0.0,66.75,0,0.0,0.0,0.0
214.6,166.621,368.35,0.0,0.0,66.75,0,0.0,0.0,0.0
214.64,166.631,368.1,0.0,0.0,66.74,0,0.0,0.0,0.0
214.7,166.646,367.72,0.0,0.0,66.74,0,0.0,0.0,0.0
214.76,166.66,367.35,0.0,0.0,66.73,0,0.0,0.0,0.0
214.8,166.67,367.1,0.0,0.0,66.73,0,0.0,0.0,0.0
214.86,166.685,366.72,0.0,0.0,66.72,0,0.0,0.0,0.0
214.9,166.695,366.48,0.0,0.0,66.72,0,0.0,0.0,0.0
214.96,166.709,366.1,0.0,0.0,66.71,0,0.0,0.0,0.0
215.0,166.719,365.86,0.0,0.0,66.71,0,0.0,0.0,0.0
215.06,166.734,365.48,0.0,0.0,66.7,0,0.0,0.0,0.0
215.1,166.744,365.24,0.0,0.0,66.7,0,0.0,0.0,0.0
215.16,166.758,364.86,0.0,0.0,66.69,0,0.0,0.0,0.0
215.2,166.768,364.62,0.0,0.0,66.69,0,0.0,0.0,0.0
215.26,166.782,364.25,0.0,0.0,66.68,0,0.0,0.0,0.0
215.3,166.792,364.0,0.0,0.0,66.68,0,0.0,0.0,0.0
215.36,166.807,363.63,0.0,0.0,66.67,0,0.0,0.0,0.0
215.4,166.816,363.39,0.0,0.0,66.67,0,0.0,0.0,0.0
215.46,166.831,363.02,0.0,0.0,66.66,0,0.0,0.0,0.0
215.5,166.84,362.77,0.0,0.0,66.66,0,0.0,0.0,0.0
215.56,166.854,362.4,0.0,0.0,66.65,0,0.0,0.0,0.0
215.6,166.864,362.16,0.0,0.0,66.65,0,0.0,0.0,0.0
215.66,166.878,361.79,0.0,0.0,66.64,0,0.0,0.0,0.0
215.7,166.888,361.55,0.0,0.0,66.64,0,0.0,0.0,0.0
215.76,166.902,361.18,0.0,0.0,66.63,0,0.0,0.0,0.0
215.82,166.916,360.82,0.0,0.0,66.62,0,0.0,0.0,0.0
215.86,166.926,360.57,0.0,0.0,66.62,0,0.0,0.0,0.0
215.9,166.935,360.33,0.0,0.0,66.62,0,0.0,0.0,0.0
215.96,166.949,359.96,0.0,0.0,66.61,0,0.0,0.0,0.0
216.0,166.959,359.72,0.0,0.0,66.61,0,0.0,0.0,0.0
216.06,166.973,359.36,0.0,0.0,66.6,0,0.0,0.0,0.0
216.12,166.987,359.0,0.0,0.0,66.59,0,0.0,0.0,0.0
216.16,166.996,358.75,0.0,0.0,66.59,0,0.0,0.0,0.0
216.2,167.005,358.51,0.0,0.0,66.59,0,0.0,0.0,0.0
216.26,167.019,358.15,0.0,0.0,66.58,0,0.0,0.0,0.0
216.3,167.029,357.91,0.0,0.0,66.58,0,0.0,0.0,0.0
216.36,167.043,357.55,0.0,0.0,66.57,0,0.0,0.0,0.0
216.42,167.056,357.19,0.0,0.0,66.56,0,0.0,0.0,0.0
216.46,167.066,356.95,0.0,0.0,66.56,0,0.0,0.0,0.0
216.5,167.075,356.71,0.0,0.0,66.56,0,0.0,0.0,0.0
216.56,167.089,356.35,0.0,0.0,66.55,0,0.0,0.0,0.0
216.62,167.102,355.99,0.0,0.0,66.54,0,0.0,0.0,0.0
216.66,167.112,355.75,0.0,0.0,66.54,0,0.0,0.0,0.0
216.72,167.125,355.39,0.0,0.0,66.53,0,0.0,0.0,0.0
216.76,167.134,355.15,0.0,0.0,66.53,0,0.0,0.0,0.0
216.82,167.148,354.8,0.0,0.0,66.52,0,0.0,0.0,0.0
216.86,167.157,354.56,0.0,0.0,66.52,0,0.0,0.0,0.0
216.92,167.171,354.2,0.0,0.0,66.51,0,0.0,0.0,0.0
216.96,167.18,353.97,0.0,0.0,66.51,0,0.0,0.0,0.0
217.02,167.193,353.61,0.0,0.0,66.5,0,0.0,0.0,0.0
217.06,167.202,353.37,0.0,0.0,66.5,0,0.0,0.0,0.0
217.12,167.216,353.02,0.0,0.0,66.49,0,0.0,0.0,0.0
217.16,167.225,352.78,0.0,0.0,66.49,0,0.0,0.0,0.0
217.22,167.238,352.43,0.0,0.0,66.48,0,0.0,0.0,0.0
217.26,167.247,352.19,0.0,0.0,66.48,0,0.0,0.0,0.0
217.32,167.26,351.84,0.0,0.0,66.47,0,0.0,0.0,0.0
217.38,167.274,351.49,0.0,0.0,66.47,0,0.0,0.0,0.0
217.42,167.283,351.25,0.0,0.0,66.46,0,0.0,0.0,0.0
217.46,167.291,351.02,0.0,0.0,66.46,0,0.0,0.0,0.0
217.52,167.305,350.67,0.0,0.0,66.46,0,0.0,0.0,0.0
217.56,167.314,350.43,0.0,0.0,66.45,0,0.0,0.0,0.0
217.62,167.327,350.08,0.0,0.0,66.45,0,0.0,0.0,0.0
217.68,167.34,349.74,0.0,0.0,66.44,0,0.0,0.0,0.0
217.72,167.349,349.5,0.0,0.0,66.44,0,0.0,0.0,0.0
217.78,167.362,349.15,0.0,0.0,66.43,0,0.0,0.0,0.0
217.82,167.37,348.92,0.0,0.0,66.43,0,0.0,0.0,0.0
217.86,167.379,348.69,0.0,0.0,66.42,0,0.0,0.0,0.0
217.92,167.392,348.34,0.0,0.0,66.42,0,0.0,0.0,0.0
217.98,167.405,348.0,0.0,0.0,66.41,0,0.0,0.0,0.0
218.02,167.414,347.76,0.0,0.0,66.41,0,0.0,0.0,0.0
218.08,167.427,347.42,0.0,0.0,66.4,0,0.0,0.0,0.0
218.12,167.435,347.19,0.0,0.0,66.4,0,0.0,0.0,0.0
218.18,167.448,346.84,0.0,0.0,66.39,0,0.0,0.0,0.0
218.22,167.457,346.61,0.0,0.0,66.39,0,0.0,0.0,0.0
218.28,167.47,346.27,0.0,0.0,66.38,0,0.0,0.0,0.0
218.32,167.478,346.04,0.0,0.0,66.38,0,0.0,0.0,0.0
218.38,167.491,345.7,0.0,0.0,66.37,0,0.0,0.0,0.0
218.42,167.499,345.47,0.0,0.0,66.37,0,0.0,0.0,0.0
218.48,167.512,345.13,0.0,0.0,66.36,0,0.0,0.0,0.0
218.54,167.525,344.79,0.0,0.0,66.35,0,0.0,0.0,0.0
218.58,167.533,344.56,0.0,0.0,66.35,0,0.0,0.0,0.0
218.62,167.542,344.33,0.0,0.0,66.35,0,0.0,0.0,0.0
218.68,167.554,343.99,0.0,0.0,66.34,0,0.0,0.0,0.0
218.74,167.567,343.65,0.0,0.0,66.33,0,0.0,0.0,0.0
218.78,167.575,343.43,0.0,0.0,66.33,0,0.0,0.0,0.0
218.84,167.588,343.09,0.0,0.0,66.32,0,0.0,0.0,0.0
218.88,167.596,342.86,0.0,0.0,66.32,0,0.0,0.0,0.0
218.92,167.604,342.64,0.0,0.0,66.32,0,0.0,0.0,0.0
218.98,167.617,342.3,0.0,0.0,66.31,0,0.0,0.0,0.0
219.04,167.629,341.96,0.0,0.0,66.3,0,0.0,0.0,0.0
219.08,167.638,341.74,0.0,0.0,66.3,0,0.0,0.0,0.0
219.14,167.65,341.4,0.0,0.0,66.29,0,0.0,0.0,0.0
219.18,167.658,341.18,0.0,0.0,66.29,0,0.0,0.0,0.0
219.24,167.67,340.84,0.0,0.0,66.28,0,0.0,0.0,0.0
219.28,167.679,340.62,0.0,0.0,66.28,0,0.0,0.0,0.0
219.34,167.691,340.29,0.0,0.0,66.27,0,0.0,0.0,0.0
219.38,167.699,340.06,0.0,0.0,66.27,0,0.0,0.0,0.0
219.44,167.711,339.73,0.0,0.0,66.26,0,0.0,0.0,0.0
219.48,167.719,339.51,0.0,0.0,66.26,0,0.0,0.0,0.0
219.54,167.731,339.18,0.0,0.0,66.25,0,0.0,0.0,0.0
219.58,167.739,338.96,0.0,0.0,66.25,0,0.0,0.0,0.0
219.64,167.751,338.63,0.0,0.0,66.24,0,0.0,0.0,0.0
219.68,167.759,338.41,0.0,0.0,66.24,0,0.0,0.0,0.0
219.74,167.772,338.08,0.0,0.0,66.23,0,0.0,0.0,0.0
219.78,167.779,337.86,0.0,0.0,66.23,0,0.0,0.0,0.0
219.84,167.791,337.53,0.0,0.0,66.22,0,0.0,0.0,0.0
219.9,167.803,337.2,0.0,0.0,66.22,0,0.0,0.0,0.0
219.94,167.811,336.98,0.0,0.0,66.21,0,0.0,0.0,0.0
219.98,167.819,336.76,0.0,0.0,66.21,0,0.0,0.0,0.0
220.04,167.831,336.44,0.0,0.0,66.2,0,0.0,0.0,0.0
220.08,167.839,336.22,0.0,0.0,66.2,0,0.0,0.0,0.0
220.14,167.851,335.89,0.0,0.0,66.19,0,0.0,0.0,0.0
220.2,167.862,335.57,0.0,0.0,66.19,0,0.0,0.0,0.0
220.24,167.87,335.35,0.0,0.0,66.18,0,0.0,0.0,0.0
220.28,167.878,335.13,0.0,0.0,66.18,0,0.0,0.0,0.0
220.34,167.89,334.81,0.0,0.0,66.17,0,0.0,0.0,0.0
220.38,167.898,334.59,0.0,0.0,66.17,0,0.0,0.0,0.0
220.44,167.909,334.27,0.0,0.0,66.16,0,0.0,0.0,0.0
220.5,167.921,333.95,0.0,0.0,66.16,0,0.0,0.0,0.0
220.54,167.928,333.74,0.0,0.0,66.15,0,0.0,0.0,0.0
220.6,167.94,333.41,0.0,0.0,66.15,0,0.0,0.0,0.0
220.64,167.948,333.2,0.0,0.0,66.14,0,0.0,0.0,0.0
220.7,167.959,332.88,0.0,0.0,66.14,0,0.0,0.0,0.0
220.74,167.967,332.67,0.0,0.0,66.13,0,0.0,0.0,0.0
220.8,167.978,332.35,0.0,0.0,66.13,0,0.0,0.0,0.0
220.84,167.986,332.14,0.0,0.0,66.12,0,0.0,0.0,0.0
220.9,167.997,331.82,0.0,0.0,66.12,0,0.0,0.0,0.0
220.94,168.005,331.61,0.0,0.0,66.11,0,0.0,0.0,0.0
221.0,168.016,331.29,0.0,0.0,66.11,0,0.0,0.0,0.0
221.04,168.024,331.08,0.0,0.0,66.1,0,0.0,0.0,0.0
221.1,168.035,330.76,0.0,0.0,66.1,0,0.0,0.0,0.0
221.14,168.042,330.55,0.0,0.0,66.09,0,0.0,0.0,0.0
221.2,168.054,330.24,0.0,0.0,66.09,0,0.0,0.0,0.0
221.26,168.065,329.92,0.0,0.0,66.08,0,0.0,0.0,0.0
221.3,168.072,329.71,0.0,0.0,66.08,0,0.0,0.0,0.0
221.34,168.08,329.51,0.0,0.0,66.07,0,0.0,0.0,0.0
221.4,168.091,329.19,0.0,0.0,66.07,0,0.0,0.0,0.0
221.46,168.102,328.88,0.0,0.0,66.06,0,0.0,0.0,0.0
221.5,168.109,328.67,0.0,0.0,66.06,0,0.0,0.0,0.0
221.56,168.12,328.36,0.0,0.0,66.05,0,0.0,0.0,0.0
221.6,168.127,328.16,0.0,0.0,66.05,0,0.0,0.0,0.0
221.64,168.135,327.95,0.0,0.0,66.04,0,0.0,0.0,0.0
221.7,168.146,327.64,0.0,0.0,66.04,0,0.0,0.0,0.0
221.76,168.156,327.33,0.0,0.0,66.03,0,0.0,0.0,0.0
221.8,168.164,327.13,0.0,0.0,66.03,0,0.0,0.0,0.0
221.86,168.174,326.82,0.0,0.0,66.02,0,0.0,0.0,0.0
221.9,168.182,326.61,0.0,0.0,66.02,0,0.0,0.0,0.0
221.96,168.192,326.31,0.0,0.0,66.01,0,0.0,0.0,0.0
222.0,168.2,326.1,0.0,0.0,66.01,0,0.0,0.0,0.0
222.06,168.21,325.8,0.0,0.0,66.0,0,0.0,0.0,0.0
222.1,168.217,325.6,0.0,0.0,66.0,0,0.0,0.0,0.0
222.16,168.228,325.29,0.0,0.0,65.99,0,0.0,0.0,0.0
222.2,168.235,325.09,0.0,0.0,65.99,0,0.0,0.0,0.0
222.26,168.246,324.79,0.0,0.0,65.98,0,0.0,0.0,0.0
222.32,168.256,324.48,0.0,0.0,65.98,0,0.0,0.0,0.0
222.36,168.263,324.28,0.0,0.0,65.97,0,0.0,0.0,0.0
222.4,168.27,324.08,0.0,0.0,65.97,0,0.0,0.0,0.0
222.46,168.281,323.78,0.0,0.0,65.96,0,0.0,0.0,0.0
222.5,168.288,323.58,0.0,0.0,65.96,0,0.0,0.0,0.0
222.56,168.298,323.28,0.0,0.0,65.95,0,0.0,0.0,0.0
222.62,168.309,322.98,0.0,0.0,65.95,0,0.0,0.0,0.0
222.66,168.316,322.78,0.0,0.0,65.94,0,0.0,0.0,0.0
222.7,168.323,322.58,0.0,0.0,65.94,0,0.0,0.0,0.0
222.76,168.333,322.29,0.0,0.0,65.93,0,0.0,0.0,0.0
222.82,168.343,321.99,0.0,0.0,65.93,0,0.0,0.0,0.0
222.86,168.35,321.79,0.0,0.0,65.92,0,0.0,0.0,0.0
222.92,168.36,321.5,0.0,0.0,65.92,0,0.0,0.0,0.0
222.96,168.367,321.3,0.0,0.0,65.91,0,0.0,0.0,0.0
223.0,168.374,321.1,0.0,0.0,65.91,0,0.0,0.0,0.0
223.06,168.384,320.81,0.0,0.0,65.9,0,0.0,0.0,0.0
223.12,168.394,320.52,0.0,0.0,65.9,0,0.0,0.0,0.0
223.16,168.401,320.32,0.0,0.0,65.89,0,0.0,0.0,0.0
223.22,168.411,320.03,0.0,0.0,65.89,0,0.0,0.0,0.0
223.26,168.418,319.84,0.0,0.0,65.88,0,0.0,0.0,0.0
223.32,168.428,319.54,0.0,0.0,65.88,0,0.0,0.0,0.0
223.36,168.434,319.35,0.0,0.0,65.87,0,0.0,0.0,0.0
223.42,168.444,319.06,0.0,0.0,65.87,0,0.0,0.0,0.0
223.46,168.451,318.87,0.0,0.0,65.86,0,0.0,0.0,0.0
223.52,168.461,318.58,0.0,0.0,65.86,0,0.0,0.0,0.0
223.56,168.467,318.39,0.0,0.0,65.85,0,0.0,0.0,0.0
223.62,168.477,318.1,0.0,0.0,65.85,0,0.0,0.0,0.0
223.68,168.487,317.81,0.0,0.0,65.84,0,0.0,0.0,0.0
223.72,168.494,317.62,0.0,0.0,65.84,0,0.0,0.0,0.0
223.76,168.5,317.43,0.0,0.0,65.83,0,0.0,0.0,0.0
223.82,168.51,317.15,0.0,0.0,65.83,0,0.0,0.0,0.0
223.88,168.52,316.86,0.0,0.0,65.82,0,0.0,0.0,0.0
223.92,168.526,316.68,0.0,0.0,65.82,0,0.0,0.0,0.0
223.96,168.532,316.49,0.0,0.0,65.81,0,0.0,0.0,0.0
224.02,168.542,316.2,0.0,0.0,65.81,0,0.0,0.0,0.0
224.08,168.552,315.92,0.0,0.0,65.8,0,0.0,0.0,0.0
224.12,168.558,315.74,0.0,0.0,65.8,0,0.0,0.0,0.0
224.18,168.568,315.46,0.0,0.0,65.79,0,0.0,0.0,0.0
224.22,168.574,315.27,0.0,0.0,65.79,0,0.0,0.0,0.0
224.28,168.583,314.99,0.0,0.0,65.78,0,0.0,0.0,0.0
224.32,168.59,314.8,0.0,0.0,65.78,0,0.0,0.0,0.0
224.38,168.599,314.53,0.0,0.0,65.77,0,0.0,0.0,0.0
224.42,168.605,314.34,0.0,0.0,65.77,0,0.0,0.0,0.0
224.48,168.615,314.06,0.0,0.0,65.76,0,0.0,0.0,0.0
224.52,168.621,313.88,0.0,0.0,65.76,0,0.0,0.0,0.0
224.56,168.627,313.7,0.0,0.0,65.75,0,0.0,0.0,0.0
224.62,168.637,313.42,0.0,0.0,65.75,0,0.0,0.0,0.0
224.68,168.646,313.15,0.0,0.0,65.74,0,0.0,0.0,0.0
224.72,168.652,312.97,0.0,0.0,65.74,0,0.0,0.0,0.0
224.78,168.661,312.69,0.0,0.0,65.73,0,0.0,0.0,0.0
224.82,168.667,312.51,0.0,0.0,65.73,0,0.0,0.0,0.0
224.88,168.676,312.24,0.0,0.0,65.72,0,0.0,0.0,0.0
224.94,168.686,311.97,0.0,0.0,65.72,0,0.0,0.0,0.0
224.98,168.692,311.79,0.0,0.0,65.71,0,0.0,0.0,0.0
225.02,168.698,311.61,0.0,0.0,65.71,0,0.0,0.0,0.0
225.08,168.707,311.34,0.0,0.0,65.7,0,0.0,0.0,0.0
225.14,168.716,311.07,0.0,0.0,65.7,0,0.0,0.0,0.0
225.18,168.722,310.89,0.0,0.0,65.69,0,0.0,0.0,0.0
225.24,168.731,310.63,0.0,0.0,65.69,0,0.0,0.0,0.0
225.28,168.737,310.45,0.0,0.0,65.68,0,0.0,0.0,0.0
225.34,168.745,310.18,0.0,0.0,65.68,0,0.0,0.0,0.0
225.38,168.751,310.01,0.0,0.0,65.67,0,0.0,0.0,0.0
225.44,168.76,309.74,0.0,0.0,65.67,0,0.0,0.0,0.0
225.48,168.766,309.56,0.0,0.0,65.66,0,0.0,0.0,0.0
225.54,168.775,309.3,0.0,0.0,65.66,0,0.0,0.0,0.0
225.58,168.781,309.13,0.0,0.0,65.65,0,0.0,0.0,0.0
225.64,168.789,308.86,0.0,0.0,65.65,0,0.0,0.0,0.0
225.7,168.798,308.6,0.0,0.0,65.64,0,0.0,0.0,0.0
225.74,168.804,308.43,0.0,0.0,65.64,0,0.0,0.0,0.0
225.78,168.81,308.26,0.0,0.0,65.63,0,0.0,0.0,0.0
225.84,168.818,308.0,0.0,0.0,65.63,0,0.0,0.0,0.0
225.88,168.824,307.83,0.0,0.0,65.62,0,0.0,0.0,0.0
225.94,168.832,307.57,0.0,0.0,65.62,0,0.0,0.0,0.0
226.0,168.841,307.31,0.0,0.0,65.61,0,0.0,0.0,0.0
226.04,168.847,307.14,0.0,0.0,65.61,0,0.0,0.0,0.0
226.1,168.855,306.88,0.0,0.0,65.6,0,0.0,0.0,0.0
226.14,168.861,306.71,0.0,0.0,65.6,0,0.0,0.0,0.0
226.2,168.869,306.46,0.0,0.0,65.59,0,0.0,0.0,0.0
226.24,168.875,306.29,0.0,0.0,65.59,0,0.0,0.0,0.0
226.3,168.883,306.04,0.0,0.0,65.58,0,0.0,0.0,0.0
226.34,168.889,305.87,0.0,0.0,65.58,0,0.0,0.0,0.0
226.4,168.897,305.62,0.0,0.0,65.57,0,0.0,0.0,0.0
226.44,168.902,305.45,0.0,0.0,65.57,0,0.0,0.0,0.0
226.5,168.911,305.2,0.0,0.0,65.56,0,0.0,0.0,0.0
226.54,168.916,305.03,0.0,0.0,65.56,0,0.0,0.0,0.0
226.6,168.924,304.78,0.0,0.0,65.55,0,0.0,0.0,0.0
226.64,168.93,304.62,0.0,0.0,65.55,0,0.0,0.0,0.0
226.7,168.938,304.37,0.0,0.0,65.54,0,0.0,0.0,0.0
226.74,168.943,304.21,0.0,0.0,65.54,0,0.0,0.0,0.0
226.8,168.951,303.96,0.0,0.0,65.53,0,0.0,0.0,0.0
226.84,168.957,303.8,0.0,0.0,65.53,0,0.0,0.0,0.0
226.9,168.965,303.55,0.0,0.0,65.52,0,0.0,0.0,0.0
226.94,168.97,303.39,0.0,0.0,65.52,0,0.0,0.0,0.0
227.0,168.978,303.14,0.0,0.0,65.51,0,0.0,0.0,0.0
227.04,168.983,302.98,0.0,0.0,65.51,0,0.0,0.0,0.0
227.1,168.991,302.74,0.0,0.0,65.5,0,0.0,0.0,0.0
227.14,168.997,302.58,0.0,0.0,65.5,0,0.0,0.0,0.0
227.2,169.004,302.34,0.0,0.0,65.49,0,0.0,0.0,0.0
227.26,169.012,302.1,0.0,0.0,65.48,0,0.0,0.0,0.0
227.3,169.017,301.94,0.0,0.0,65.48,0,0.0,0.0,0.0
227.34,169.023,301.78,0.0,0.0,65.48,0,0.0,0.0,0.0
227.4,169.03,301.54,0.0,0.0,65.47,0,0.0,0.0,0.0
227.44,169.035,301.38,0.0,0.0,65.47,0,0.0,0.0,0.0
227.5,169.043,301.15,0.0,0.0,65.46,0,0.0,0.0,0.0
227.56,169.051,300.91,0.0,0.0,65.45,0,0.0,0.0,0.0
227.6,169.056,300.76,0.0,0.0,65.45,0,0.0,0.0,0.0
227.66,169.063,300.52,0.0,0.0,65.44,0,0.0,0.0,0.0
227.7,169.068,300.37,0.0,0.0,65.44,0,0.0,0.0,0.0
227.76,169.076,300.13,0.0,0.0,65.43,0,0.0,0.0,0.0
227.8,169.081,299.98,0.0,0.0,65.43,0,0.0,0.0,0.0
227.86,169.089,299.75,0.0,0.0,65.42,0,0.0,0.0,0.0
227.9,169.093,299.59,0.0,0.0,65.42,0,0.0,0.0,0.0
227.96,169.101,299.36,0.0,0.0,65.41,0,0.0,0.0,0.0
228.0,169.106,299.21,0.0,0.0,65.41,0,0.0,0.0,0.0
228.06,169.113,298.98,0.0,0.0,65.4,0,0.0,0.0,0.0
228.1,169.118,298.83,0.0,0.0,65.4,0,0.0,0.0,0.0
228.16,169.125,298.6,0.0,0.0,65.39,0,0.0,0.0,0.0
228.2,169.13,298.45,0.0,0.0,65.39,0,0.0,0.0,0.0
228.26,169.138,298.23,0.0,0.0,65.38,0,0.0,0.0,0.0
228.3,169.142,298.08,0.0,0.0,65.38,0,0.0,0.0,0.0
228.36,169.15,297.85,0.0,0.0,65.37,0,0.0,0.0,0.0
228.42,169.157,297.63,0.0,0.0,65.37,0,0.0,0.0,0.0
228.46,169.162,297.48,0.0,0.0,65.36,0,0.0,0.0,0.0
228.5,169.166,297.33,0.0,0.0,65.36,0,0.0,0.0,0.0
228.56,169.173,297.11,0.0,0.0,65.35,0,0.0,0.0,0.0
228.6,169.178,296.96,0.0,0.0,65.35,0,0.0,0.0,0.0
228.66,169.185,296.75,0.0,0.0,65.34,0,0.0,0.0,0.0
228.72,169.192,296.53,0.0,0.0,65.34,0,0.0,0.0,0.0
228.76,169.197,296.38,0.0,0.0,65.33,0,0.0,0.0,0.0
228.8,169.201,296.24,0.0,0.0,65.33,0,0.0,0.0,0.0
228.86,169.208,296.02,0.0,0.0,65.32,0,0.0,0.0,0.0
228.92,169.215,295.8,0.0,0.0,65.32,0,0.0,0.0,0.0
228.96,169.22,295.66,0.0,0.0,65.31,0,0.0,0.0,0.0
229.0,169.224,295.52,0.0,0.0,65.31,0,0.0,0.0,0.0
229.06,169.231,295.3,0.0,0.0,65.3,0,0.0,0.0,0.0
229.12,169.238,295.09,0.0,0.0,65.3,0,0.0,0.0,0.0
229.16,169.242,294.95,0.0,0.0,65.29,0,0.0,0.0,0.0
229.22,169.249,294.74,0.0,0.0,65.29,0,0.0,0.0,0.0
229.26,169.254,294.6,0.0,0.0,65.28,0,0.0,0.0,0.0
229.32,169.26,294.39,0.0,0.0,65.28,0,0.0,0.0,0.0
229.36,169.265,294.25,0.0,0.0,65.27,0,0.0,0.0,0.0
229.42,169.271,294.04,0.0,0.0,65.27,0,0.0,0.0,0.0
229.46,169.276,293.9,0.0,0.0,65.26,0,0.0,0.0,0.0
229.52,169.282,293.69,0.0,0.0,65.26,0,0.0,0.0,0.0
229.58,169.289,293.49,0.0,0.0,65.25,0,0.0,0.0,0.0
229.62,169.293,293.35,0.0,0.0,65.25,0,0.0,0.0,0.0
229.66,169.297,293.22,0.0,0.0,65.24,0,0.0,0.0,0.0
229.72,169.304,293.01,0.0,0.0,65.24,0,0.0,0.0,0.0
229.78,169.31,292.81,0.0,0.0,65.23,0,0.0,0.0,0.0
229.82,169.315,292.67,0.0,0.0,65.23,0,0.0,0.0,0.0
229.86,169.319,292.54,0.0,0.0,65.22,0,0.0,0.0,0.0
229.92,169.325,292.34,0.0,0.0,65.22,0,0.0,0.0,0.0
229.96,169.329,292.21,0.0,0.0,65.21,0,0.0,0.0,0.0
230.02,169.336,292.01,0.0,0.0,65.21,0,0.0,0.0,0.0
230.08,169.342,291.81,0.0,0.0,65.2,0,0.0,0.0,0.0
230.12,169.346,291.68,0.0,0.0,65.2,0,0.0,0.0,0.0
230.18,169.352,291.48,0.0,0.0,65.19,0,0.0,0.0,0.0
230.22,169.356,291.35,0.0,0.0,65.19,0,0.0,0.0,0.0
230.28,169.362,291.15,0.0,0.0,65.18,0,0.0,0.0,0.0
230.32,169.367,291.03,0.0,0.0,65.18,0,0.0,0.0,0.0
230.38,169.373,290.83,0.0,0.0,65.17,0,0.0,0.0,0.0
230.42,169.377,290.7,0.0,0.0,65.17,0,0.0,0.0,0.0
230.46,169.381,290.58,0.0,0.0,65.16,0,0.0,0.0,0.0
230.52,169.387,290.38,0.0,0.0,65.16,0,0.0,0.0,0.0
230.58,169.393,290.19,0.0,0.0,65.15,0,0.0,0.0,0.0
230.62,169.397,290.07,0.0,0.0,65.15,0,0.0,0.0,0.0
230.68,169.403,289.88,0.0,0.0,65.14,0,0.0,0.0,0.0
230.72,169.406,289.75,0.0,0.0,65.14,0,0.0,0.0,0.0
230.78,169.412,289.57,0.0,0.0,65.13,0,0.0,0.0,0.0
230.84,169.418,289.38,0.0,0.0,65.13,0,0.0,0.0,0.0
230.88,169.422,289.26,0.0,0.0,65.12,0,0.0,0.0,0.0
230.92,169.426,289.13,0.0,0.0,65.12,0,0.0,0.0,0.0
230.98,169.432,288.95,0.0,0.0,65.11,0,0.0,0.0,0.0
231.04,169.437,288.77,0.0,0.0,65.11,0,0.0,0.0,0.0
231.08,169.441,288.64,0.0,0.0,65.1,0,0.0,0.0,0.0
231.12,169.445,288.52,0.0,0.0,65.1,0,0.0,0.0,0.0
231.18,169.45,288.34,0.0,0.0,65.09,0,0.0,0.0,0.0
231.24,169.456,288.16,0.0,0.0,65.09,0,0.0,0.0,0.0
231.28,169.46,288.04,0.0,0.0,65.08,0,0.0,0.0,0.0
231.34,169.465,287.87,0.0,0.0,65.08,0,0.0,0.0,0.0
231.38,169.469,287.75,0.0,0.0,65.07,0,0.0,0.0,0.0
231.44,169.474,287.57,0.0,0.0,65.07,0,0.0,0.0,0.0
231.48,169.478,287.45,0.0,0.0,65.06,0,0.0,0.0,0.0
231.54,169.484,287.28,0.0,0.0,65.06,0,0.0,0.0,0.0
231.58,169.487,287.16,0.0,0.0,65.05,0,0.0,0.0,0.0
231.64,169.493,286.99,0.0,0.0,65.05,0,0.0,0.0,0.0
231.68,169.496,286.87,0.0,0.0,65.04,0,0.0,0.0,0.0
231.74,169.501,286.7,0.0,0.0,65.04,0,0.0,0.0,0.0
231.78,169.505,286.59,0.0,0.0,65.03,0,0.0,0.0,0.0
231.84,169.51,286.42,0.0,0.0,65.03,0,0.0,0.0,0.0
231.88,169.514,286.31,0.0,0.0,65.02,0,0.0,0.0,0.0
231.94,169.519,286.14,0.0,0.0,65.02,0,0.0,0.0,0.0
231.98,169.522,286.03,0.0,0.0,65.01,0,0.0,0.0,0.0
232.04,169.527,285.86,0.0,0.0,65.01,0,0.0,0.0,0.0
232.1,169.533,285.69,0.0,0.0,65.0,0,0.0,0.0,0.0
232.14,169.536,285.58,0.0,0.0,65.0,0,0.0,0.0,0.0
232.18,169.539,285.47,0.0,0.0,64.99,0,0.0,0.0,0.0
232.24,169.544,285.31,0.0,0.0,64.99,0,0.0,0.0,0.0
232.3,169.549,285.15,0.0,0.0,64.98,0,0.0,0.0,0.0
232.34,169.553,285.04,0.0,0.0,64.98,0,0.0,0.0,0.0
232.38,169.556,284.93,0.0,0.0,64.97,0,0.0,0.0,0.0
232.44,169.561,284.77,0.0,0.0,64.97,0,0.0,0.0,0.0
232.5,169.566,284.61,0.0,0.0,64.96,0,0.0,0.0,0.0
232.54,169.569,284.51,0.0,0.0,64.96,0,0.0,0.0,0.0
232.6,169.574,284.35,0.0,0.0,64.95,0,0.0,0.0,0.0
232.64,169.577,284.25,0.0,0.0,64.95,0,0.0,0.0,0.0
232.7,169.582,284.09,0.0,0.0,64.94,0,0.0,0.0,0.0
232.74,169.585,283.99,0.0,0.0,64.94,0,0.0,0.0,0.0
232.8,169.59,283.83,0.0,0.0,64.93,0,0.0,0.0,0.0
232.84,169.593,283.73,0.0,0.0,64.93,0,0.0,0.0,0.0
232.9,169.598,283.58,0.0,0.0,64.92,0,0.0,0.0,0.0
232.94,169.601,283.48,0.0,0.0,64.92,0,0.0,0.0,0.0
233.0,169.605,283.33,0.0,0.0,64.91,0,0.0,0.0,0.0
233.04,169.608,283.23,0.0,0.0,64.91,0,0.0,0.0,0.0
233.1,169.613,283.08,0.0,0.0,64.9,0,0.0,0.0,0.0
233.14,169.616,282.98,0.0,0.0,64.9,0,0.0,0.0,0.0
233.2,169.621,282.83,0.0,0.0,64.89,0,0.0,0.0,0.0
233.24,169.624,282.74,0.0,0.0,64.89,0,0.0,0.0,0.0
233.3,169.628,282.59,0.0,0.0,64.88,0,0.0,0.0,0.0
233.34,169.631,282.49,0.0,0.0,64.88,0,0.0,0.0,0.0
233.4,169.635,282.35,0.0,0.0,64.87,0,0.0,0.0,0.0
233.44,169.638,282.25,0.0,0.0,64.87,0,0.0,0.0,0.0
233.5,169.643,282.11,0.0,0.0,64.86,0,0.0,0.0,0.0
233.54,169.645,282.02,0.0,0.0,64.86,0,0.0,0.0,0.0
233.6,169.65,281.88,0.0,0.0,64.85,0,0.0,0.0,0.0
233.66,169.654,281.74,0.0,0.0,64.85,0,0.0,0.0,0.0
233.7,169.657,281.65,0.0,0.0,64.84,0,0.0,0.0,0.0
233.74,169.66,281.55,0.0,0.0,64.84,0,0.0,0.0,0.0
233.8,169.664,281.42,0.0,0.0,64.83,0,0.0,0.0,0.0
233.86,169.668,281.28,0.0,0.0,64.83,0,0.0,0.0,0.0
233.9,169.671,281.19,0.0,0.0,64.82,0,0.0,0.0,0.0
233.94,169.673,281.1,0.0,0.0,64.82,0,0.0,0.0,0.0
234.0,169.677,280.97,0.0,0.0,64.81,0,0.0,0.0,0.0
234.06,169.681,280.84,0.0,0.0,64.81,0,0.0,0.0,0.0
234.1,169.684,280.75,0.0,0.0,64.8,0,0.0,0.0,0.0
234.16,169.688,280.62,0.0,0.0,64.8,0,0.0,0.0,0.0
234.2,169.691,280.53,0.0,0.0,64.79,0,0.0,0.0,0.0
234.24,169.693,280.45,0.0,0.0,64.79,0,0.0,0.0,0.0
234.3,169.697,280.32,0.0,0.0,64.78,0,0.0,0.0,0.0
234.36,169.701,280.19,0.0,0.0,64.78,0,0.0,0.0,0.0
234.4,169.704,280.11,0.0,0.0,64.77,0,0.0,0.0,0.0
234.46,169.707,279.98,0.0,0.0,64.77,0,0.0,0.0,0.0
234.5,169.71,279.9,0.0,0.0,64.76,0,0.0,0.0,0.0
234.56,169.714,279.77,0.0,0.0,64.76,0,0.0,0.0,0.0
234.6,169.716,279.69,0.0,0.0,64.75,0,0.0,0.0,0.0
234.66,169.72,279.57,0.0,0.0,64.75,0,0.0,0.0,0.0
234.7,169.722,279.49,0.0,0.0,64.74,0,0.0,0.0,0.0
234.76,169.726,279.37,0.0,0.0,64.74,0,0.0,0.0,0.0
234.8,169.728,279.29,0.0,0.0,64.73,0,0.0,0.0,0.0
234.86,169.732,279.17,0.0,0.0,64.73,0,0.0,0.0,0.0
234.9,169.734,279.09,0.0,0.0,64.72,0,0.0,0.0,0.0
234.96,169.738,278.98,0.0,0.0,64.72,0,0.0,0.0,0.0
235.02,169.741,278.86,0.0,0.0,64.71,0,0.0,0.0,0.0
235.06,169.744,278.78,0.0,0.0,64.71,0,0.0,0.0,0.0
235.1,169.746,278.71,0.0,0.0,64.7,0,0.0,0.0,0.0
235.16,169.749,278.6,0.0,0.0,64.7,0,0.0,0.0,0.0
235.22,169.753,278.48,0.0,0.0,64.69,0,0.0,0.0,0.0
235.26,169.755,278.41,0.0,0.0,64.69,0,0.0,0.0,0.0
235.32,169.758,278.3,0.0,0.0,64.68,0,0.0,0.0,0.0
235.36,169.76,278.23,0.0,0.0,64.68,0,0.0,0.0,0.0
235.42,169.764,278.12,0.0,0.0,64.67,0,0.0,0.0,0.0
235.46,169.766,278.05,0.0,0.0,64.67,0,0.0,0.0,0.0
235.52,169.769,277.94,0.0,0.0,64.66,0,0.0,0.0,0.0
235.56,169.771,277.87,0.0,0.0,64.66,0,0.0,0.0,0.0
235.62,169.774,277.77,0.0,0.0,64.65,0,0.0,0.0,0.0
235.66,169.776,277.7,0.0,0.0,64.65,0,0.0,0.0,0.0
235.72,169.78,277.59,0.0,0.0,64.64,0,0.0,0.0,0.0
235.76,169.782,277.53,0.0,0.0,64.64,0,0.0,0.0,0.0
235.82,169.785,277.42,0.0,0.0,64.63,0,0.0,0.0,0.0
235.88,169.788,277.32,0.0,0.0,64.62,0,0.0,0.0,0.0
235.92,169.79,277.26,0.0,0.0,64.62,0,0.0,0.0,0.0
235.96,169.792,277.19,0.0,0.0,64.62,0,0.0,0.0,0.0
236.02,169.795,277.1,0.0,0.0,64.61,0,0.0,0.0,0.0
236.08,169.797,277.0,0.0,0.0,64.6,0,0.0,0.0,0.0
236.12,169.799,276.94,0.0,0.0,64.6,0,0.0,0.0,0.0
236.18,169.802,276.84,0.0,0.0,64.59,0,0.0,0.0,0.0
236.22,169.804,276.78,0.0,0.0,64.59,0,0.0,0.0,0.0
236.28,169.807,276.69,0.0,0.0,64.58,0,0.0,0.0,0.0
236.32,169.809,276.62,0.0,0.0,64.58,0,0.0,0.0,0.0
236.36,169.811,276.56,0.0,0.0,64.58,0,0.0,0.0,0.0
236.42,169.813,276.47,0.0,0.0,64.57,0,0.0,0.0,0.0
236.48,169.816,276.38,0.0,0.0,64.56,0,0.0,0.0,0.0
236.52,169.818,276.33,0.0,0.0,64.56,0,0.0,0.0,0.0
236.58,169.82,276.24,0.0,0.0,64.55,0,0.0,0.0,0.0
236.62,169.822,276.18,0.0,0.0,64.55,0,0.0,0.0,0.0
236.66,169.824,276.12,0.0,0.0,64.55,0,0.0,0.0,0.0
236.72,169.826,276.04,0.0,0.0,64.54,0,0.0,0.0,0.0
236.78,169.829,275.96,0.0,0.0,64.53,0,0.0,0.0,0.0
236.82,169.83,275.9,0.0,0.0,64.53,0,0.0,0.0,0.0
236.88,169.833,275.82,0.0,0.0,64.52,0,0.0,0.0,0.0
236.92,169.835,275.76,0.0,0.0,64.52,0,0.0,0.0,0.0
236.98,169.837,275.68,0.0,0.0,64.51,0,0.0,0.0,0.0
237.02,169.838,275.63,0.0,0.0,64.51,0,0.0,0.0,0.0
237.08,169.841,275.55,0.0,0.0,64.5,0,0.0,0.0,0.0
237.12,169.842,275.5,0.0,0.0,64.5,0,0.0,0.0,0.0
237.18,169.845,275.43,0.0,0.0,64.49,0,0.0,0.0,0.0
237.22,169.846,275.38,0.0,0.0,64.49,0,0.0,0.0,0.0
237.28,169.848,275.3,0.0,0.0,64.48,0,0.0,0.0,0.0
237.32,169.85,275.25,0.0,0.0,64.48,0,0.0,0.0,0.0
237.38,169.852,275.18,0.0,0.0,64.47,0,0.0,0.0,0.0
237.44,169.854,275.11,0.0,0.0,64.47,0,0.0,0.0,0.0
237.48,169.856,275.06,0.0,0.0,64.46,0,0.0,0.0,0.0
237.52,169.857,275.02,0.0,0.0,64.46,0,0.0,0.0,0.0
237.58,169.859,274.95,0.0,0.0,64.45,0,0.0,0.0,0.0
237.62,169.86,274.9,0.0,0.0,64.45,0,0.0,0.0,0.0
237.68,169.862,274.83,0.0,0.0,64.44,0,0.0,0.0,0.0
237.74,169.864,274.77,0.0,0.0,64.44,0,0.0,0.0,0.0
237.78,169.866,274.72,0.0,0.0,64.43,0,0.0,0.0,0.0
237.82,169.867,274.68,0.0,0.0,64.43,0,0.0,0.0,0.0
237.88,169.869,274.62,0.0,0.0,64.42,0,0.0,0.0,0.0
237.94,169.871,274.56,0.0,0.0,64.42,0,0.0,0.0,0.0
237.98,169.872,274.52,0.0,0.0,64.41,0,0.0,0.0,0.0
238.04,169.874,274.46,0.0,0.0,64.41,0,0.0,0.0,0.0
238.08,169.875,274.42,0.0,0.0,64.4,0,0.0,0.0,0.0
238.14,169.877,274.36,0.0,0.0,64.4,0,0.0,0.0,0.0
238.18,169.878,274.32,0.0,0.0,64.39,0,0.0,0.0,0.0
238.24,169.88,274.26,0.0,0.0,64.39,0,0.0,0.0,0.0
238.28,169.881,274.23,0.0,0.0,64.38,0,0.0,0.0,0.0
238.34,169.882,274.17,0.0,0.0,64.38,0,0.0,0.0,0.0
238.38,169.883,274.14,0.0,0.0,64.37,0,0.0,0.0,0.0
238.44,169.885,274.08,0.0,0.0,64.37,0,0.0,0.0,0.0
238.48,169.886,274.05,0.0,0.0,64.36,0,0.0,0.0,0.0
238.54,169.887,274.0,0.0,0.0,64.36,0,0.0,0.0,0.0
238.54,169.887,274.0,0.0,0.0,64.36,0,0.0,0.0,0.0
238.6,169.889,273.95,0.0,0.0,64.35,0,0.0,0.0,0.0
238.66,169.89,273.9,0.0,0.0,64.35,0,0.0,0.0,0.0
238.72,169.892,273.85,0.0,0.0,64.34,0,0.0,0.0,0.0
238.76,169.893,273.82,0.0,0.0,64.34,0,0.0,0.0,0.0
238.82,169.894,273.78,0.0,0.0,64.33,0,0.0,0.0,0.0
238.86,169.895,273.75,0.0,0.0,64.33,0,0.0,0.0,0.0
238.92,169.896,273.7,0.0,0.0,64.32,0,0.0,0.0,0.0
238.98,169.898,273.66,0.0,0.0,64.31,0,0.0,0.0,0.0
239.02,169.898,273.63,0.0,0.0,64.31,0,0.0,0.0,0.0
239.06,169.899,273.6,0.0,0.0,64.31,0,0.0,0.0,0.0
239.12,169.901,273.56,0.0,0.0,64.3,0,0.0,0.0,0.0
239.16,169.901,273.54,0.0,0.0,64.3,0,0.0,0.0,0.0
239.22,169.902,273.5,0.0,0.0,64.29,0,0.0,0.0,0.0
239.28,169.904,273.46,0.0,0.0,64.28,0,0.0,0.0,0.0
239.32,169.904,273.44,0.0,0.0,64.28,0,0.0,0.0,0.0
239.38,169.905,273.4,0.0,0.0,64.27,0,0.0,0.0,0.0
239.42,169.906,273.38,0.0,0.0,64.27,0,0.0,0.0,0.0
239.48,169.907,273.35,0.0,0.0,64.26,0,0.0,0.0,0.0
239.52,169.908,273.33,0.0,0.0,64.26,0,0.0,0.0,0.0
239.58,169.909,273.3,0.0,0.0,64.25,0,0.0,0.0,0.0
239.62,169.909,273.28,0.0,0.0,64.25,0,0.0,0.0,0.0
239.68,169.91,273.25,0.0,0.0,64.24,0,0.0,0.0,0.0
239.72,169.911,273.23,0.0,0.0,64.24,0,0.0,0.0,0.0
239.78,169.912,273.2,0.0,0.0,64.23,0,0.0,0.0,0.0
239.82,169.912,273.18,0.0,0.0,64.23,0,0.0,0.0,0.0
239.86,169.913,273.16,0.0,0.0,64.23,0,0.0,0.0,0.0
239.92,169.913,273.14,0.0,0.0,64.22,0,0.0,0.0,0.0
239.98,169.914,273.12,0.0,0.0,64.21,0,0.0,0.0,0.0
240.02,169.915,273.1,0.0,0.0,64.21,0,0.0,0.0,0.0
240.08,169.915,273.08,0.0,0.0,64.2,0,0.0,0.0,0.0
240.12,169.916,273.07,0.0,0.0,64.2,0,0.0,0.0,0.0
240.18,169.916,273.05,0.0,0.0,64.19,0,0.0,0.0,0.0
240.22,169.917,273.03,0.0,0.0,64.19,0,0.0,0.0,0.0
240.28,169.917,273.01,0.0,0.0,64.18,0,0.0,0.0,0.0
240.32,169.918,273.0,0.0,0.0,64.18,0,0.0,0.0,0.0
240.38,169.918,272.99,0.0,0.0,64.17,0,0.0,0.0,0.0
240.42,169.918,272.98,0.0,0.0,64.17,0,0.0,0.0,0.0
240.46,169.919,272.97,0.0,0.0,64.17,0,0.0,0.0,0.0
240.52,169.919,272.95,0.0,0.0,64.16,0,0.0,0.0,0.0
240.58,169.919,272.94,0.0,0.0,64.15,0,0.0,0.0,0.0
240.62,169.92,272.93,0.0,0.0,64.15,0,0.0,0.0,0.0
240.68,169.92,272.92,0.0,0.0,64.14,0,0.0,0.0,0.0
240.72,169.92,272.92,0.0,0.0,64.14,0,0.0,0.0,0.0
240.78,169.921,272.91,0.0,0.0,64.13,0,0.0,0.0,0.0
240.82,169.921,272.9,0.0,0.0,64.13,0,0.0,0.0,0.0
240.88,169.921,272.9,0.0,0.0,64.12,0,0.0,0.0,0.0
240.92,169.921,272.89,0.0,0.0,64.12,0,0.0,0.0,0.0
240.98,169.921,272.89,0.0,0.0,64.11,0,0.0,0.0,0.0
241.02,169.921,272.89,0.0,0.0,64.11,0,0.0,0.0,0.0
241.08,169.921,272.88,0.0,0.0,64.1,0,0.0,0.0,0.0
241.14,169.922,272.88,0.0,0.0,64.1,0,0.0,0.0,0.0
241.18,169.922,272.88,0.0,0.0,64.09,0,0.0,0.0,0.0
241.22,169.922,272.88,0.0,0.0,64.09,0,0.0,0.0,0.0
241.28,169.922,272.88,0.0,0.0,64.08,0,0.0,0.0,0.0
241.34,169.922,272.88,0.0,0.0,64.08,0,0.0,0.0,0.0
241.4,169.921,272.89,0.0,0.0,64.07,0,0.0,0.0,0.0
241.46,169.921,272.89,0.0,0.0,64.06,0,0.0,0.0,0.0
241.48,169.921,272.9,0.0,0.0,64.06,0,0.0,0.0,0.0
241.58,169.921,272.9,0.0,0.0,64.05,0,0.0,0.0,0.0
241.64,169.921,272.91,0.0,0.0,64.05,0,0.0,0.0,0.0
241.68,169.921,272.92,0.0,0.0,64.04,0,0.0,0.0,0.0
241.74,169.92,272.93,0.0,0.0,64.04,0,0.0,0.0,0.0
241.78,169.92,272.94,0.0,0.0,64.03,0,0.0,0.0,0.0
241.84,169.92,272.95,0.0,0.0,64.03,0,0.0,0.0,0.0
241.88,169.92,272.96,0.0,0.0,64.02,0,0.0,0.0,0.0
241.94,169.919,272.97,0.0,0.0,64.02,0,0.0,0.0,0.0
241.98,169.919,272.98,0.0,0.0,64.01,0,0.0,0.0,0.0
242.04,169.919,272.99,0.0,0.0,64.01,0,0.0,0.0,0.0
242.1,169.918,273.01,0.0,0.0,64.0,0,0.0,0.0,0.0
242.14,169.918,273.02,0.0,0.0,64.0,0,0.0,0.0,0.0
242.18,169.918,273.03,0.0,0.0,63.99,0,0.0,0.0,0.0
242.24,169.917,273.05,0.0,0.0,63.99,0,0.0,0.0,0.0
242.3,169.916,273.07,0.0,0.0,63.98,0,0.0,0.0,0.0
242.34,169.916,273.09,0.0,0.0,63.98,0,0.0,0.0,0.0
242.38,169.916,273.1,0.0,0.0,63.97,0,0.0,0.0,0.0
242.44,169.915,273.13,0.0,0.0,63.97,0,0.0,0.0,0.0
242.5,169.914,273.15,0.0,0.0,63.96,0,0.0,0.0,0.0
242.54,169.914,273.17,0.0,0.0,63.96,0,0.0,0.0,0.0
242.6,169.913,273.19,0.0,0.0,63.95,0,0.0,0.0,0.0
242.64,169.913,273.21,0.0,0.0,63.95,0,0.0,0.0,0.0
242.7,169.912,273.24,0.0,0.0,63.94,0,0.0,0.0,0.0
242.74,169.911,273.26,0.0,0.0,63.94,0,0.0,0.0,0.0
242.8,169.91,273.29,0.0,0.0,63.93,0,0.0,0.0,0.0
242.84,169.91,273.31,0.0,0.0,63.93,0,0.0,0.0,0.0
242.9,169.909,273.34,0.0,0.0,63.92,0,0.0,0.0,0.0
242.94,169.908,273.36,0.0,0.0,63.92,0,0.0,0.0,0.0
243.0,169.907,273.4,0.0,0.0,63.91,0,0.0,0.0,0.0
243.04,169.907,273.42,0.0,0.0,63.91,0,0.0,0.0,0.0
243.1,169.906,273.46,0.0,0.0,63.9,0,0.0,0.0,0.0
243.14,169.905,273.48,0.0,0.0,63.9,0,0.0,0.0,0.0
243.2,169.904,273.52,0.0,0.0,63.89,0,0.0,0.0,0.0
243.24,169.903,273.54,0.0,0.0,63.89,0,0.0,0.0,0.0
243.3,169.902,273.58,0.0,0.0,63.88,0,0.0,0.0,0.0
243.34,169.901,273.61,0.0,0.0,63.88,0,0.0,0.0,0.0
243.4,169.9,273.65,0.0,0.0,63.87,0,0.0,0.0,0.0
243.44,169.899,273.68,0.0,0.0,63.87,0,0.0,0.0,0.0
243.5,169.898,273.72,0.0,0.0,63.86,0,0.0,0.0,0.0
243.54,169.897,273.75,0.0,0.0,63.86,0,0.0,0.0,0.0
243.6,169.896,273.8,0.0,0.0,63.85,0,0.0,0.0,0.0
243.66,169.895,273.84,0.0,0.0,63.85,0,0.0,0.0,0.0
243.7,169.894,273.87,0.0,0.0,63.84,0,0.0,0.0,0.0
243.74,169.893,273.9,0.0,0.0,63.84,0,0.0,0.0,0.0
243.8,169.891,273.95,0.0,0.0,63.83,0,0.0,0.0,0.0
243.86,169.89,274.0,0.0,0.0,63.83,0,0.0,0.0,0.0
243.9,169.889,274.04,0.0,0.0,63.82,0,0.0,0.0,0.0
243.94,169.888,274.07,0.0,0.0,63.82,0,0.0,0.0,0.0
244.0,169.886,274.12,0.0,0.0,63.81,0,0.0,0.0,0.0
244.06,169.885,274.18,0.0,0.0,63.81,0,0.0,0.0,0.0
244.1,169.884,274.21,0.0,0.0,63.8,0,0.0,0.0,0.0
244.16,169.882,274.27,0.0,0.0,63.8,0,0.0,0.0,0.0
244.2,169.881,274.31,0.0,0.0,63.79,0,0.0,0.0,0.0
244.26,169.879,274.36,0.0,0.0,63.79,0,0.0,0.0,0.0
244.3,169.878,274.4,0.0,0.0,63.78,0,0.0,0.0,0.0
244.36,169.877,274.46,0.0,0.0,63.78,0,0.0,0.0,0.0
244.4,169.875,274.5,0.0,0.0,63.77,0,0.0,0.0,0.0
244.46,169.874,274.56,0.0,0.0,63.77,0,0.0,0.0,0.0
244.5,169.872,274.61,0.0,0.0,63.76,0,0.0,0.0,0.0
244.56,169.871,274.67,0.0,0.0,63.76,0,0.0,0.0,0.0
244.6,169.869,274.71,0.0,0.0,63.75,0,0.0,0.0,0.0
244.66,169.867,274.78,0.0,0.0,63.75,0,0.0,0.0,0.0
244.72,169.866,274.84,0.0,0.0,63.74,0,0.0,0.0,0.0
244.76,169.864,274.89,0.0,0.0,63.74,0,0.0,0.0,0.0
244.8,169.863,274.93,0.0,0.0,63.73,0,0.0,0.0,0.0
244.86,169.861,275.0,0.0,0.0,63.73,0,0.0,0.0,0.0
244.92,169.859,275.07,0.0,0.0,63.72,0,0.0,0.0,0.0
244.96,169.858,275.12,0.0,0.0,63.72,0,0.0,0.0,0.0
245.0,169.856,275.16,0.0,0.0,63.71,0,0.0,0.0,0.0
245.06,169.854,275.24,0.0,0.0,63.71,0,0.0,0.0,0.0
245.12,169.852,275.31,0.0,0.0,63.7,0,0.0,0.0,0.0
245.16,169.85,275.36,0.0,0.0,63.7,0,0.0,0.0,0.0
245.22,169.848,275.43,0.0,0.0,63.69,0,0.0,0.0,0.0
245.26,169.847,275.49,0.0,0.0,63.69,0,0.0,0.0,0.0
245.32,169.845,275.56,0.0,0.0,63.68,0,0.0,0.0,0.0
245.36,169.843,275.61,0.0,0.0,63.68,0,0.0,0.0,0.0
245.42,169.841,275.69,0.0,0.0,63.67,0,0.0,0.0,0.0
245.46,169.839,275.75,0.0,0.0,63.67,0,0.0,0.0,0.0
245.52,169.837,275.83,0.0,0.0,63.66,0,0.0,0.0,0.0
245.56,169.835,275.88,0.0,0.0,63.66,0,0.0,0.0,0.0
245.62,169.833,275.96,0.0,0.0,63.65,0,0.0,0.0,0.0
245.68,169.83,276.05,0.0,0.0,63.64,0,0.0,0.0,0.0
245.72,169.829,276.11,0.0,0.0,63.64,0,0.0,0.0,0.0
245.76,169.827,276.16,0.0,0.0,63.64,0,0.0,0.0,0.0
245.82,169.824,276.25,0.0,0.0,63.63,0,0.0,0.0,0.0
245.88,169.822,276.34,0.0,0.0,63.62,0,0.0,0.0,0.0
245.92,169.82,276.39,0.0,0.0,63.62,0,0.0,0.0,0.0
245.96,169.818,276.45,0.0,0.0,63.62,0,0.0,0.0,0.0
246.02,169.816,276.54,0.0,0.0,63.61,0,0.0,0.0,0.0
246.08,169.813,276.63,0.0,0.0,63.6,0,0.0,0.0,0.0
246.12,169.811,276.7,0.0,0.0,63.6,0,0.0,0.0,0.0
246.16,169.809,276.76,0.0,0.0,63.6,0,0.0,0.0,0.0
246.22,169.807,276.85,0.0,0.0,63.59,0,0.0,0.0,0.0
246.28,169.804,276.95,0.0,0.0,63.58,0,0.0,0.0,0.0
246.32,169.802,277.01,0.0,0.0,63.58,0,0.0,0.0,0.0
246.38,169.799,277.11,0.0,0.0,63.57,0,0.0,0.0,0.0
246.42,169.797,277.17,0.0,0.0,63.57,0,0.0,0.0,0.0
246.48,169.794,277.27,0.0,0.0,63.56,0,0.0,0.0,0.0
246.52,169.792,277.34,0.0,0.0,63.56,0,0.0,0.0,0.0
246.58,169.789,277.44,0.0,0.0,63.55,0,0.0,0.0,0.0
246.62,169.787,277.5,0.0,0.0,63.55,0,0.0,0.0,0.0
246.68,169.784,277.61,0.0,0.0,63.54,0,0.0,0.0,0.0
246.72,169.782,277.67,0.0,0.0,63.54,0,0.0,0.0,0.0
246.78,169.779,277.78,0.0,0.0,63.53,0,0.0,0.0,0.0
246.82,169.777,277.85,0.0,0.0,63.53,0,0.0,0.0,0.0
246.88,169.774,277.95,0.0,0.0,63.52,0,0.0,0.0,0.0
246.94,169.771,278.06,0.0,0.0,63.52,0,0.0,0.0,0.0
246.98,169.769,278.13,0.0,0.0,63.51,0,0.0,0.0,0.0
247.02,169.767,278.2,0.0,0.0,63.51,0,0.0,0.0,0.0
247.08,169.764,278.31,0.0,0.0,63.5,0,0.0,0.0,0.0
247.14,169.76,278.42,0.0,0.0,63.5,0,0.0,0.0,0.0
247.18,169.758,278.5,0.0,0.0,63.49,0,0.0,0.0,0.0
247.22,169.756,278.57,0.0,0.0,63.49,0,0.0,0.0,0.0
247.28,169.753,278.68,0.0,0.0,63.48,0,0.0,0.0,0.0
247.34,169.749,278.8,0.0,0.0,63.48,0,0.0,0.0,0.0
247.38,169.747,278.87,0.0,0.0,63.47,0,0.0,0.0,0.0
247.44,169.743,278.99,0.0,0.0,63.47,0,0.0,0.0,0.0
247.48,169.741,279.07,0.0,0.0,63.46,0,0.0,0.0,0.0
247.54,169.738,279.19,0.0,0.0,63.46,0,0.0,0.0,0.0
247.58,169.735,279.26,0.0,0.0,63.45,0,0.0,0.0,0.0
247.64,169.732,279.38,0.0,0.0,63.45,0,0.0,0.0,0.0
247.68,169.729,279.46,0.0,0.0,63.44,0,0.0,0.0,0.0
247.74,169.726,279.58,0.0,0.0,63.44,0,0.0,0.0,0.0
247.78,169.723,279.67,0.0,0.0,63.43,0,0.0,0.0,0.0
247.84,169.72,279.79,0.0,0.0,63.43,0,0.0,0.0,0.0
247.88,169.717,279.87,0.0,0.0,63.42,0,0.0,0.0,0.0
247.94,169.714,279.99,0.0,0.0,63.42,0,0.0,0.0,0.0
247.98,169.711,280.08,0.0,0.0,63.41,0,0.0,0.0,0.0
248.04,169.707,280.2,0.0,0.0,63.41,0,0.0,0.0,0.0
248.1,169.703,280.33,0.0,0.0,63.4,0,0.0,0.0,0.0
248.14,169.701,280.42,0.0,0.0,63.4,0,0.0,0.0,0.0
248.18,169.698,280.5,0.0,0.0,63.39,0,0.0,0.0,0.0
248.24,169.694,280.63,0.0,0.0,63.39,0,0.0,0.0,0.0
248.3,169.691,280.76,0.0,0.0,63.38,0,0.0,0.0,0.0
248.34,169.688,280.85,0.0,0.0,63.38,0,0.0,0.0,0.0
248.38,169.685,280.94,0.0,0.0,63.37,0,0.0,0.0,0.0
248.44,169.681,281.07,0.0,0.0,63.37,0,0.0,0.0,0.0
248.5,169.677,281.21,0.0,0.0,63.36,0,0.0,0.0,0.0
248.54,169.675,281.3,0.0,0.0,63.36,0,0.0,0.0,0.0
248.6,169.67,281.43,0.0,0.0,63.35,0,0.0,0.0,0.0
248.64,169.668,281.52,0.0,0.0,63.35,0,0.0,0.0,0.0
248.68,169.665,281.62,0.0,0.0,63.34,0,0.0,0.0,0.0
248.74,169.661,281.75,0.0,0.0,63.34,0,0.0,0.0,0.0
248.8,169.657,281.89,0.0,0.0,63.33,0,0.0,0.0,0.0
248.84,169.654,281.99,0.0,0.0,63.33,0,0.0,0.0,0.0
248.9,169.65,282.13,0.0,0.0,63.32,0,0.0,0.0,0.0
248.94,169.647,282.22,0.0,0.0,63.32,0,0.0,0.0,0.0
249.0,169.642,282.37,0.0,0.0,63.31,0,0.0,0.0,0.0
249.04,169.639,282.46,0.0,0.0,63.31,0,0.0,0.0,0.0
249.1,169.635,282.61,0.0,0.0,63.3,0,0.0,0.0,0.0
249.14,169.632,282.7,0.0,0.0,63.3,0,0.0,0.0,0.0
249.2,169.628,282.85,0.0,0.0,63.29,0,0.0,0.0,0.0
249.24,169.625,282.95,0.0,0.0,63.29,0,0.0,0.0,0.0
249.3,169.62,283.1,0.0,0.0,63.28,0,0.0,0.0,0.0
249.34,169.617,283.2,0.0,0.0,63.28,0,0.0,0.0,0.0
249.4,169.613,283.35,0.0,0.0,63.27,0,0.0,0.0,0.0
249.46,169.608,283.5,0.0,0.0,63.27,0,0.0,0.0,0.0
249.5,169.605,283.6,0.0,0.0,63.26,0,0.0,0.0,0.0
249.54,169.602,283.7,0.0,0.0,63.26,0,0.0,0.0,0.0
249.6,169.597,283.85,0.0,0.0,63.25,0,0.0,0.0,0.0
249.66,169.593,284.01,0.0,0.0,63.25,0,0.0,0.0,0.0
250.56,169.519,286.44,0.0,0.0,63.16,0,0.0,0.0,0.0
250.6,169.515,286.55,0.0,0.0,63.15,0,0.0,0.0,0.0
250.64,169.512,286.67,0.0,0.0,63.15,0,0.0,0.0,0.0
250.7,169.506,286.84,0.0,0.0,63.14,0,0.0,0.0,0.0
250.76,169.501,287.01,0.0,0.0,63.14,0,0.0,0.0,0.0
250.8,169.498,287.13,0.0,0.0,63.13,0,0.0,0.0,0.0
250.86,169.492,287.3,0.0,0.0,63.13,0,0.0,0.0,0.0
250.9,169.489,287.42,0.0,0.0,63.12,0,0.0,0.0,0.0
250.96,169.483,287.59,0.0,0.0,63.12,0,0.0,0.0,0.0
251.0,169.48,287.71,0.0,0.0,63.11,0,0.0,0.0,0.0
251.06,169.474,287.89,0.0,0.0,63.11,0,0.0,0.0,0.0
251.1,169.471,288.01,0.0,0.0,63.1,0,0.0,0.0,0.0
251.16,169.465,288.18,0.0,0.0,63.1,0,0.0,0.0,0.0
251.2,169.461,288.3,0.0,0.0,63.09,0,0.0,0.0,0.0
251.26,169.456,288.48,0.0,0.0,63.09,0,0.0,0.0,0.0
251.3,169.452,288.61,0.0,0.0,63.08,0,0.0,0.0,0.0
251.36,169.446,288.79,0.0,0.0,63.08,0,0.0,0.0,0.0
251.4,169.443,288.91,0.0,0.0,63.07,0,0.0,0.0,0.0
251.46,169.437,289.09,0.0,0.0,63.07,0,0.0,0.0,0.0
251.5,169.433,289.22,0.0,0.0,63.06,0,0.0,0.0,0.0
251.56,169.427,289.4,0.0,0.0,63.06,0,0.0,0.0,0.0
251.6,169.424,289.53,0.0,0.0,63.05,0,0.0,0.0,0.0
251.66,169.418,289.71,0.0,0.0,63.05,0,0.0,0.0,0.0
251.7,169.414,289.84,0.0,0.0,63.04,0,0.0,0.0,0.0
251.76,169.408,290.03,0.0,0.0,63.04,0,0.0,0.0,0.0
251.8,169.404,290.15,0.0,0.0,63.03,0,0.0,0.0,0.0
251.86,169.398,290.34,0.0,0.0,63.03,0,0.0,0.0,0.0
251.92,169.392,290.53,0.0,0.0,63.02,0,0.0,0.0,0.0
251.96,169.388,290.66,0.0,0.0,63.02,0,0.0,0.0,0.0
252.0,169.384,290.79,0.0,0.0,63.01,0,0.0,0.0,0.0
252.06,169.378,290.98,0.0,0.0,63.01,0,0.0,0.0,0.0
252.12,169.372,291.18,0.0,0.0,63.0,0,0.0,0.0,0.0
252.16,169.368,291.31,0.0,0.0,62.99,0,0.0,0.0,0.0
252.22,169.362,291.5,0.0,0.0,62.99,0,0.0,0.0,0.0
252.26,169.358,291.63,0.0,0.0,62.98,0,0.0,0.0,0.0
252.32,169.352,291.83,0.0,0.0,62.98,0,0.0,0.0,0.0
252.36,169.348,291.96,0.0,0.0,62.97,0,0.0,0.0,0.0
252.42,169.342,292.16,0.0,0.0,62.97,0,0.0,0.0,0.0
252.46,169.337,292.3,0.0,0.0,62.96,0,0.0,0.0,0.0
252.52,169.331,292.5,0.0,0.0,62.96,0,0.0,0.0,0.0
252.56,169.327,292.63,0.0,0.0,62.95,0,0.0,0.0,0.0
252.62,169.321,292.83,0.0,0.0,62.95,0,0.0,0.0,0.0
252.68,169.314,293.04,0.0,0.0,62.94,0,0.0,0.0,0.0
252.72,169.31,293.17,0.0,0.0,62.94,0,0.0,0.0,0.0
252.78,169.304,293.38,0.0,0.0,62.93,0,0.0,0.0,0.0
252.82,169.299,293.51,0.0,0.0,62.93,0,0.0,0.0,0.0
252.88,169.293,293.72,0.0,0.0,62.92,0,0.0,0.0,0.0
252.92,169.289,293.86,0.0,0.0,62.92,0,0.0,0.0,0.0
252.98,169.282,294.06,0.0,0.0,62.91,0,0.0,0.0,0.0
253.02,169.278,294.2,0.0,0.0,62.91,0,0.0,0.0,0.0
253.06,169.273,294.34,0.0,0.0,62.9,0,0.0,0.0,0.0
253.12,169.267,294.55,0.0,0.0,62.9,0,0.0,0.0,0.0
253.18,169.26,294.76,0.0,0.0,62.89,0,0.0,0.0,0.0
253.22,169.256,294.9,0.0,0.0,62.89,0,0.0,0.0,0.0
253.28,169.249,295.12,0.0,0.0,62.88,0,0.0,0.0,0.0
253.32,169.244,295.26,0.0,0.0,62.88,0,0.0,0.0,0.0
253.38,169.238,295.47,0.0,0.0,62.87,0,0.0,0.0,0.0
253.42,169.233,295.61,0.0,0.0,62.87,0,0.0,0.0,0.0
253.48,169.226,295.83,0.0,0.0,62.86,0,0.0,0.0,0.0
253.52,169.222,295.97,0.0,0.0,62.86,0,0.0,0.0,0.0
253.58,169.215,296.19,0.0,0.0,62.85,0,0.0,0.0,0.0
253.64,169.208,296.41,0.0,0.0,62.85,0,0.0,0.0,0.0
253.68,169.203,296.55,0.0,0.0,62.84,0,0.0,0.0,0.0
253.72,169.199,296.7,0.0,0.0,62.84,0,0.0,0.0,0.0
253.78,169.192,296.92,0.0,0.0,62.83,0,0.0,0.0,0.0
253.84,169.185,297.14,0.0,0.0,62.83,0,0.0,0.0,0.0
253.88,169.18,297.29,0.0,0.0,62.82,0,0.0,0.0,0.0
253.94,169.173,297.51,0.0,0.0,62.82,0,0.0,0.0,0.0
253.98,169.168,297.66,0.0,0.0,62.81,0,0.0,0.0,0.0
254.04,169.161,297.88,0.0,0.0,62.81,0,0.0,0.0,0.0
254.08,169.156,298.03,0.0,0.0,62.8,0,0.0,0.0,0.0
254.14,169.149,298.25,0.0,0.0,62.8,0,0.0,0.0,0.0
254.18,169.144,298.4,0.0,0.0,62.79,0,0.0,0.0,0.0
254.24,169.137,298.63,0.0,0.0,62.79,0,0.0,0.0,0.0
254.28,169.132,298.78,0.0,0.0,62.78,0,0.0,0.0,0.0
254.34,169.125,299.01,0.0,0.0,62.78,0,0.0,0.0,0.0
254.38,169.12,299.16,0.0,0.0,62.77,0,0.0,0.0,0.0
254.44,169.113,299.39,0.0,0.0,62.77,0,0.0,0.0,0.0
254.5,169.106,299.62,0.0,0.0,62.76,0,0.0,0.0,0.0
254.54,169.101,299.77,0.0,0.0,62.76,0,0.0,0.0,0.0
254.58,169.096,299.93,0.0,0.0,62.75,0,0.0,0.0,0.0
254.64,169.088,300.16,0.0,0.0,62.75,0,0.0,0.0,0.0
254.7,169.081,300.39,0.0,0.0,62.74,0,0.0,0.0,0.0
254.74,169.076,300.55,0.0,0.0,62.74,0,0.0,0.0,0.0
254.78,169.071,300.71,0.0,0.0,62.73,0,0.0,0.0,0.0
254.84,169.063,300.94,0.0,0.0,62.73,0,0.0,0.0,0.0
254.9,169.056,301.18,0.0,0.0,62.72,0,0.0,0.0,0.0
254.94,169.05,301.33,0.0,0.0,62.72,0,0.0,0.0,0.0
255.0,169.043,301.57,0.0,0.0,62.71,0,0.0,0.0,0.0
255.04,169.038,301.73,0.0,0.0,62.71,0,0.0,0.0,0.0
255.1,169.03,301.97,0.0,0.0,62.7,0,0.0,0.0,0.0
255.14,169.025,302.13,0.0,0.0,62.7,0,0.0,0.0,0.0
255.2,169.017,302.37,0.0,0.0,62.69,0,0.0,0.0,0.0
255.24,169.012,302.53,0.0,0.0,62.69,0,0.0,0.0,0.0
255.3,169.004,302.77,0.0,0.0,62.68,0,0.0,0.0,0.0
255.34,168.999,302.93,0.0,0.0,62.68,0,0.0,0.0,0.0
255.4,168.991,303.17,0.0,0.0,62.67,0,0.0,0.0,0.0
255.44,168.986,303.34,0.0,0.0,62.67,0,0.0,0.0,0.0
255.5,168.978,303.58,0.0,0.0,62.66,0,0.0,0.0,0.0
255.54,168.972,303.74,0.0,0.0,62.66,0,0.0,0.0,0.0
255.6,168.964,303.99,0.0,0.0,62.65,0,0.0,0.0,0.0
255.66,168.956,304.23,0.0,0.0,62.64,0,0.0,0.0,0.0
255.7,168.951,304.4,0.0,0.0,62.64,0,0.0,0.0,0.0
255.74,168.946,304.56,0.0,0.0,62.64,0,0.0,0.0,0.0
255.8,168.938,304.81,0.0,0.0,62.63,0,0.0,0.0,0.0
255.86,168.929,305.06,0.0,0.0,62.62,0,0.0,0.0,0.0
255.9,168.924,305.23,0.0,0.0,62.62,0,0.0,0.0,0.0
255.94,168.919,305.4,0.0,0.0,62.62,0,0.0,0.0,0.0
256.0,168.91,305.65,0.0,0.0,62.61,0,0.0,0.0,0.0
256.06,168.902,305.9,0.0,0.0,62.6,0,0.0,0.0,0.0
256.1,168.897,306.07,0.0,0.0,62.6,0,0.0,0.0,0.0
256.16,168.888,306.32,0.0,0.0,62.59,0,0.0,0.0,0.0
256.2,168.883,306.49,0.0,0.0,62.59,0,0.0,0.0,0.0
256.26,168.874,306.74,0.0,0.0,62.58,0,0.0,0.0,0.0
256.3,168.869,306.91,0.0,0.0,62.58,0,0.0,0.0,0.0
256.36,168.86,307.17,0.0,0.0,62.57,0,0.0,0.0,0.0
256.4,168.855,307.34,0.0,0.0,62.57,0,0.0,0.0,0.0
256.46,168.846,307.6,0.0,0.0,62.56,0,0.0,0.0,0.0
256.5,168.841,307.77,0.0,0.0,62.56,0,0.0,0.0,0.0
256.56,168.832,308.03,0.0,0.0,62.55,0,0.0,0.0,0.0
256.6,168.826,308.2,0.0,0.0,62.55,0,0.0,0.0,0.0
256.66,168.818,308.46,0.0,0.0,62.54,0,0.0,0.0,0.0
256.7,168.812,308.63,0.0,0.0,62.54,0,0.0,0.0,0.0
256.76,168.803,308.9,0.0,0.0,62.53,0,0.0,0.0,0.0
256.8,168.798,309.07,0.0,0.0,62.53,0,0.0,0.0,0.0
256.86,168.789,309.33,0.0,0.0,62.52,0,0.0,0.0,0.0
256.9,168.783,309.51,0.0,0.0,62.52,0,0.0,0.0,0.0
256.96,168.774,309.77,0.0,0.0,62.51,0,0.0,0.0,0.0
257.0,168.769,309.95,0.0,0.0,62.51,0,0.0,0.0,0.0
257.06,168.76,310.21,0.0,0.0,62.5,0,0.0,0.0,0.0
257.12,168.751,310.48,0.0,0.0,62.5,0,0.0,0.0,0.0
257.16,168.745,310.66,0.0,0.0,62.49,0,0.0,0.0,0.0
257.2,168.739,310.83,0.0,0.0,62.49,0,0.0,0.0,0.0
257.26,168.73,311.1,0.0,0.0,62.48,0,0.0,0.0,0.0
257.32,168.721,311.37,0.0,0.0,62.48,0,0.0,0.0,0.0
257.36,168.715,311.55,0.0,0.0,62.47,0,0.0,0.0,0.0
257.4,168.709,311.73,0.0,0.0,62.47,0,0.0,0.0,0.0
257.46,168.7,312.0,0.0,0.0,62.46,0,0.0,0.0,0.0
257.52,168.691,312.27,0.0,0.0,62.46,0,0.0,0.0,0.0
257.56,168.685,312.45,0.0,0.0,62.45,0,0.0,0.0,0.0
257.6,168.679,312.63,0.0,0.0,62.45,0,0.0,0.0,0.0
257.66,168.67,312.91,0.0,0.0,62.44,0,0.0,0.0,0.0
257.72,168.661,313.18,0.0,0.0,62.44,0,0.0,0.0,0.0
257.76,168.655,313.36,0.0,0.0,62.43,0,0.0,0.0,0.0
257.82,168.645,313.64,0.0,0.0,62.43,0,0.0,0.0,0.0
257.86,168.639,313.82,0.0,0.0,62.42,0,0.0,0.0,0.0
257.92,168.63,314.1,0.0,0.0,62.42,0,0.0,0.0,0.0
257.96,168.624,314.28,0.0,0.0,62.41,0,0.0,0.0,0.0
258.02,168.614,314.56,0.0,0.0,62.41,0,0.0,0.0,0.0
258.06,168.608,314.74,0.0,0.0,62.4,0,0.0,0.0,0.0
258.12,168.599,315.02,0.0,0.0,62.4,0,0.0,0.0,0.0
258.16,168.592,315.21,0.0,0.0,62.39,0,0.0,0.0,0.0
258.22,168.583,315.49,0.0,0.0,62.39,0,0.0,0.0,0.0
258.26,168.577,315.68,0.0,0.0,62.38,0,0.0,0.0,0.0
258.32,168.567,315.96,0.0,0.0,62.38,0,0.0,0.0,0.0
258.36,168.561,316.14,0.0,0.0,62.37,0,0.0,0.0,0.0
258.42,168.551,316.43,0.0,0.0,62.37,0,0.0,0.0,0.0
258.46,168.545,316.61,0.0,0.0,62.36,0,0.0,0.0,0.0
258.52,168.535,316.9,0.0,0.0,62.36,0,0.0,0.0,0.0
258.58,168.526,317.18,0.0,0.0,62.35,0,0.0,0.0,0.0
258.62,168.519,317.37,0.0,0.0,62.35,0,0.0,0.0,0.0
258.66,168.513,317.56,0.0,0.0,62.34,0,0.0,0.0,0.0
258.72,168.503,317.85,0.0,0.0,62.34,0,0.0,0.0,0.0
258.78,168.493,318.13,0.0,0.0,62.33,0,0.0,0.0,0.0
258.82,168.487,318.33,0.0,0.0,62.33,0,0.0,0.0,0.0
258.86,168.48,318.52,0.0,0.0,62.32,0,0.0,0.0,0.0
258.92,168.47,318.81,0.0,0.0,62.32,0,0.0,0.0,0.0
258.98,168.46,319.1,0.0,0.0,62.31,0,0.0,0.0,0.0
259.02,168.454,319.29,0.0,0.0,62.31,0,0.0,0.0,0.0
259.06,168.447,319.48,0.0,0.0,62.3,0,0.0,0.0,0.0
259.12,168.437,319.77,0.0,0.0,62.3,0,0.0,0.0,0.0
259.18,168.427,320.06,0.0,0.0,62.29,0,0.0,0.0,0.0
259.22,168.421,320.26,0.0,0.0,62.29,0,0.0,0.0,0.0
259.26,168.414,320.45,0.0,0.0,62.28,0,0.0,0.0,0.0
259.32,168.404,320.75,0.0,0.0,62.28,0,0.0,0.0,0.0
259.38,168.394,321.04,0.0,0.0,62.27,0,0.0,0.0,0.0
259.42,168.387,321.24,0.0,0.0,62.27,0,0.0,0.0,0.0
259.48,168.377,321.53,0.0,0.0,62.26,0,0.0,0.0,0.0
259.54,168.367,321.83,0.0,0.0,62.26,0,0.0,0.0,0.0
259.58,168.36,322.02,0.0,0.0,62.25,0,0.0,0.0,0.0
259.62,168.353,322.22,0.0,0.0,62.25,0,0.0,0.0,0.0
259.68,168.343,322.52,0.0,0.0,62.24,0,0.0,0.0,0.0
259.74,168.332,322.82,0.0,0.0,62.24,0,0.0,0.0,0.0
259.78,168.326,323.02,0.0,0.0,62.23,0,0.0,0.0,0.0
259.82,168.319,323.22,0.0,0.0,62.23,0,0.0,0.0,0.0
259.88,168.308,323.51,0.0,0.0,62.22,0,0.0,0.0,0.0
259.94,168.298,323.81,0.0,0.0,62.22,0,0.0,0.0,0.0
259.98,168.291,324.02,0.0,0.0,62.21,0,0.0,0.0,0.0
260.02,168.284,324.22,0.0,0.0,62.21,0,0.0,0.0,0.0
260.08,168.273,324.52,0.0,0.0,62.2,0,0.0,0.0,0.0
260.14,168.263,324.82,0.0,0.0,62.2,0,0.0,0.0,0.0
260.18,168.256,325.02,0.0,0.0,62.19,0,0.0,0.0,0.0
260.24,168.245,325.33,0.0,0.0,62.19,0,0.0,0.0,0.0
260.28,168.238,325.53,0.0,0.0,62.18,0,0.0,0.0,0.0
260.34,168.228,325.83,0.0,0.0,62.18,0,0.0,0.0,0.0
260.38,168.221,326.04,0.0,0.0,62.17,0,0.0,0.0,0.0
260.44,168.21,326.34,0.0,0.0,62.17,0,0.0,0.0,0.0
260.48,168.203,326.55,0.0,0.0,62.16,0,0.0,0.0,0.0
260.54,168.192,326.85,0.0,0.0,62.16,0,0.0,0.0,0.0
260.58,168.185,327.06,0.0,0.0,62.15,0,0.0,0.0,0.0
260.64,168.174,327.37,0.0,0.0,62.15,0,0.0,0.0,0.0
260.68,168.167,327.57,0.0,0.0,62.14,0,0.0,0.0,0.0
260.74,168.156,327.88,0.0,0.0,62.14,0,0.0,0.0,0.0
260.8,168.145,328.19,0.0,0.0,62.13,0,0.0,0.0,0.0
260.84,168.138,328.4,0.0,0.0,62.13,0,0.0,0.0,0.0
260.88,168.13,328.61,0.0,0.0,62.12,0,0.0,0.0,0.0
260.94,168.12,328.92,0.0,0.0,62.12,0,0.0,0.0,0.0
261.0,168.109,329.23,0.0,0.0,62.11,0,0.0,0.0,0.0
261.04,168.101,329.44,0.0,0.0,62.11,0,0.0,0.0,0.0
261.08,168.094,329.65,0.0,0.0,62.1,0,0.0,0.0,0.0
261.14,168.083,329.96,0.0,0.0,62.09,0,0.0,0.0,0.0
261.2,168.072,330.27,0.0,0.0,62.09,0,0.0,0.0,0.0
261.24,168.064,330.48,0.0,0.0,62.08,0,0.0,0.0,0.0
261.28,168.057,330.69,0.0,0.0,62.08,0,0.0,0.0,0.0
261.34,168.046,331.01,0.0,0.0,62.07,0,0.0,0.0,0.0
261.4,168.034,331.33,0.0,0.0,62.07,0,0.0,0.0,0.0
261.44,168.027,331.54,0.0,0.0,62.06,0,0.0,0.0,0.0
261.5,168.016,331.85,0.0,0.0,62.06,0,0.0,0.0,0.0
261.54,168.008,332.07,0.0,0.0,62.05,0,0.0,0.0,0.0
261.6,167.997,332.39,0.0,0.0,62.05,0,0.0,0.0,0.0
261.64,167.989,332.6,0.0,0.0,62.04,0,0.0,0.0,0.0
261.7,167.978,332.92,0.0,0.0,62.04,0,0.0,0.0,0.0
261.74,167.97,333.13,0.0,0.0,62.03,0,0.0,0.0,0.0
261.8,167.959,333.45,0.0,0.0,62.03,0,0.0,0.0,0.0
261.84,167.951,333.67,0.0,0.0,62.02,0,0.0,0.0,0.0
261.9,167.939,333.99,0.0,0.0,62.02,0,0.0,0.0,0.0
261.94,167.932,334.2,0.0,0.0,62.01,0,0.0,0.0,0.0
262.0,167.92,334.52,0.0,0.0,62.01,0,0.0,0.0,0.0
262.04,167.913,334.74,0.0,0.0,62.0,0,0.0,0.0,0.0
262.1,167.901,335.06,0.0,0.0,62.0,0,0.0,0.0,0.0
262.14,167.893,335.28,0.0,0.0,61.99,0,0.0,0.0,0.0
262.2,167.881,335.6,0.0,0.0,61.99,0,0.0,0.0,0.0
262.24,167.874,335.82,0.0,0.0,61.98,0,0.0,0.0,0.0
262.3,167.862,336.15,0.0,0.0,61.98,0,0.0,0.0,0.0
262.36,167.85,336.47,0.0,0.0,61.97,0,0.0,0.0,0.0
262.4,167.842,336.69,0.0,0.0,61.97,0,0.0,0.0,0.0
262.44,167.834,336.91,0.0,0.0,61.96,0,0.0,0.0,0.0
262.5,167.823,337.24,0.0,0.0,61.96,0,0.0,0.0,0.0
262.56,167.811,337.57,0.0,0.0,61.95,0,0.0,0.0,0.0
262.6,167.803,337.78,0.0,0.0,61.95,0,0.0,0.0,0.0
262.66,167.791,338.11,0.0,0.0,61.94,0,0.0,0.0,0.0
262.7,167.783,338.33,0.0,0.0,61.94,0,0.0,0.0,0.0
262.76,167.771,338.66,0.0,0.0,61.93,0,0.0,0.0,0.0
262.8,167.763,338.88,0.0,0.0,61.93,0,0.0,0.0,0.0
262.86,167.751,339.22,0.0,0.0,61.92,0,0.0,0.0,0.0
262.9,167.743,339.44,0.0,0.0,61.92,0,0.0,0.0,0.0
262.96,167.731,339.77,0.0,0.0,61.91,0,0.0,0.0,0.0
263.0,167.723,339.99,0.0,0.0,61.91,0,0.0,0.0,0.0
263.06,167.711,340.32,0.0,0.0,61.9,0,0.0,0.0,0.0
263.1,167.702,340.55,0.0,0.0,61.9,0,0.0,0.0,0.0
263.16,167.69,340.88,0.0,0.0,61.89,0,0.0,0.0,0.0
263.2,167.682,341.1,0.0,0.0,61.89,0,0.0,0.0,0.0
263.26,167.67,341.44,0.0,0.0,61.88,0,0.0,0.0,0.0
263.32,167.658,341.78,0.0,0.0,61.88,0,0.0,0.0,0.0
263.36,167.649,342.0,0.0,0.0,61.87,0,0.0,0.0,0.0
263.4,167.641,342.22,0.0,0.0,61.87,0,0.0,0.0,0.0
263.46,167.629,342.56,0.0,0.0,61.86,0,0.0,0.0,0.0
263.52,167.616,342.9,0.0,0.0,61.86,0,0.0,0.0,0.0
263.56,167.608,343.13,0.0,0.0,61.85,0,0.0,0.0,0.0
263.62,167.596,343.46,0.0,0.0,61.85,0,0.0,0.0,0.0
263.66,167.587,343.69,0.0,0.0,61.84,0,0.0,0.0,0.0
263.72,167.575,344.03,0.0,0.0,61.84,0,0.0,0.0,0.0
263.76,167.566,344.26,0.0,0.0,61.83,0,0.0,0.0,0.0
263.82,167.554,344.6,0.0,0.0,61.83,0,0.0,0.0,0.0
263.86,167.545,344.83,0.0,0.0,61.82,0,0.0,0.0,0.0
263.92,167.533,345.17,0.0,0.0,61.82,0,0.0,0.0,0.0
263.96,167.524,345.39,0.0,0.0,61.81,0,0.0,0.0,0.0
264.02,167.512,345.74,0.0,0.0,61.81,0,0.0,0.0,0.0
264.06,167.503,345.97,0.0,0.0,61.8,0,0.0,0.0,0.0
264.12,167.49,346.31,0.0,0.0,61.8,0,0.0,0.0,0.0
264.16,167.482,346.54,0.0,0.0,61.79,0,0.0,0.0,0.0
264.22,167.469,346.88,0.0,0.0,61.79,0,0.0,0.0,0.0
264.28,167.456,347.23,0.0,0.0,61.78,0,0.0,0.0,0.0
264.32,167.448,347.46,0.0,0.0,61.78,0,0.0,0.0,0.0
264.36,167.439,347.69,0.0,0.0,61.77,0,0.0,0.0,0.0
264.42,167.426,348.04,0.0,0.0,61.77,0,0.0,0.0,0.0
264.48,167.413,348.38,0.0,0.0,61.76,0,0.0,0.0,0.0
264.52,167.405,348.61,0.0,0.0,61.76,0,0.0,0.0,0.0
264.56,167.396,348.85,0.0,0.0,61.75,0,0.0,0.0,0.0
264.62,167.383,349.19,0.0,0.0,61.75,0,0.0,0.0,0.0
264.68,167.37,349.54,0.0,0.0,61.74,0,0.0,0.0,0.0
264.72,167.361,349.78,0.0,0.0,61.74,0,0.0,0.0,0.0
264.78,167.348,350.12,0.0,0.0,61.73,0,0.0,0.0,0.0
264.82,167.339,350.36,0.0,0.0,61.73,0,0.0,0.0,0.0
264.88,167.326,350.71,0.0,0.0,61.72,0,0.0,0.0,0.0
264.92,167.317,350.94,0.0,0.0,61.72,0,0.0,0.0,0.0
264.98,167.304,351.29,0.0,0.0,61.71,0,0.0,0.0,0.0
265.02,167.295,351.53,0.0,0.0,61.71,0,0.0,0.0,0.0
265.08,167.282,351.88,0.0,0.0,61.7,0,0.0,0.0,0.0
265.12,167.273,352.12,0.0,0.0,61.7,0,0.0,0.0,0.0
265.18,167.26,352.47,0.0,0.0,61.69,0,0.0,0.0,0.0
265.22,167.251,352.71,0.0,0.0,61.69,0,0.0,0.0,0.0
265.28,167.237,353.06,0.0,0.0,61.68,0,0.0,0.0,0.0
265.34,167.224,353.41,0.0,0.0,61.67,0,0.0,0.0,0.0
265.38,167.215,353.65,0.0,0.0,61.67,0,0.0,0.0,0.0
265.42,167.206,353.89,0.0,0.0,61.67,0,0.0,0.0,0.0
265.48,167.193,354.24,0.0,0.0,61.66,0,0.0,0.0,0.0
265.54,167.179,354.6,0.0,0.0,61.65,0,0.0,0.0,0.0
265.58,167.17,354.84,0.0,0.0,61.65,0,0.0,0.0,0.0
265.64,167.156,355.19,0.0,0.0,61.64,0,0.0,0.0,0.0
265.68,167.147,355.43,0.0,0.0,61.64,0,0.0,0.0,0.0
265.74,167.134,355.79,0.0,0.0,61.63,0,0.0,0.0,0.0
265.78,167.125,356.03,0.0,0.0,61.63,0,0.0,0.0,0.0
265.84,167.111,356.39,0.0,0.0,61.62,0,0.0,0.0,0.0
265.88,167.102,356.63,0.0,0.0,61.62,0,0.0,0.0,0.0
265.94,167.088,356.99,0.0,0.0,61.61,0,0.0,0.0,0.0
265.98,167.079,357.23,0.0,0.0,61.61,0,0.0,0.0,0.0
266.04,167.065,357.59,0.0,0.0,61.6,0,0.0,0.0,0.0
266.08,167.056,357.83,0.0,0.0,61.6,0,0.0,0.0,0.0
266.14,167.042,358.19,0.0,0.0,61.59,0,0.0,0.0,0.0
266.18,167.033,358.43,0.0,0.0,61.59,0,0.0,0.0,0.0
266.24,167.019,358.8,0.0,0.0,61.58,0,0.0,0.0,0.0
266.3,167.005,359.16,0.0,0.0,61.58,0,0.0,0.0,0.0
266.34,166.995,359.4,0.0,0.0,61.57,0,0.0,0.0,0.0
266.38,166.986,359.64,0.0,0.0,61.57,0,0.0,0.0,0.0
266.44,166.972,360.01,0.0,0.0,61.56,0,0.0,0.0,0.0
266.5,166.958,360.37,0.0,0.0,61.56,0,0.0,0.0,0.0
266.54,166.949,360.61,0.0,0.0,61.55,0,0.0,0.0,0.0
266.6,166.934,360.98,0.0,0.0,61.55,0,0.0,0.0,0.0
266.64,166.925,361.22,0.0,0.0,61.54,0,0.0,0.0,0.0
266.7,166.911,361.59,0.0,0.0,61.54,0,0.0,0.0,0.0
266.74,166.901,361.83,0.0,0.0,61.53,0,0.0,0.0,0.0
266.8,166.887,362.2,0.0,0.0,61.53,0,0.0,0.0,0.0
266.84,166.878,362.45,0.0,0.0,61.52,0,0.0,0.0,0.0
266.9,166.863,362.81,0.0,0.0,61.52,0,0.0,0.0,0.0
266.94,166.854,363.06,0.0,0.0,61.51,0,0.0,0.0,0.0
267.0,166.839,363.43,0.0,0.0,61.51,0,0.0,0.0,0.0
267.04,166.83,363.67,0.0,0.0,61.5,0,0.0,0.0,0.0
267.1,166.815,364.04,0.0,0.0,61.5,0,0.0,0.0,0.0
267.14,166.806,364.29,0.0,0.0,61.49,0,0.0,0.0,0.0
267.2,166.791,364.66,0.0,0.0,61.49,0,0.0,0.0,0.0
267.24,166.782,364.91,0.0,0.0,61.48,0,0.0,0.0,0.0
267.3,166.767,365.28,0.0,0.0,61.48,0,0.0,0.0,0.0
267.34,166.758,365.53,0.0,0.0,61.47,0,0.0,0.0,0.0
267.4,166.743,365.9,0.0,0.0,61.47,0,0.0,0.0,0.0
267.46,166.728,366.27,0.0,0.0,61.46,0,0.0,0.0,0.0
267.5,166.719,366.52,0.0,0.0,61.46,0,0.0,0.0,0.0
267.54,166.709,366.77,0.0,0.0,61.45,0,0.0,0.0,0.0
267.6,166.694,367.14,0.0,0.0,61.45,0,0.0,0.0,0.0
267.66,166.679,367.51,0.0,0.0,61.44,0,0.0,0.0,0.0
267.7,166.67,367.76,0.0,0.0,61.44,0,0.0,0.0,0.0
267.76,166.655,368.14,0.0,0.0,61.43,0,0.0,0.0,0.0
267.8,166.645,368.39,0.0,0.0,61.43,0,0.0,0.0,0.0
267.84,166.635,368.64,0.0,0.0,61.42,0,0.0,0.0,0.0
267.9,166.62,369.01,0.0,0.0,61.42,0,0.0,0.0,0.0
267.96,166.605,369.39,0.0,0.0,61.41,0,0.0,0.0,0.0
268.0,166.595,369.64,0.0,0.0,61.41,0,0.0,0.0,0.0
268.06,166.58,370.02,0.0,0.0,61.4,0,0.0,0.0,0.0
268.1,166.57,370.27,0.0,0.0,61.4,0,0.0,0.0,0.0
268.16,166.555,370.65,0.0,0.0,61.39,0,0.0,0.0,0.0
268.2,166.545,370.9,0.0,0.0,61.39,0,0.0,0.0,0.0
268.26,166.53,371.28,0.0,0.0,61.38,0,0.0,0.0,0.0
268.3,166.52,371.53,0.0,0.0,61.38,0,0.0,0.0,0.0
268.36,166.505,371.91,0.0,0.0,61.37,0,0.0,0.0,0.0
268.4,166.495,372.16,0.0,0.0,61.37,0,0.0,0.0,0.0
268.46,166.48,372.54,0.0,0.0,61.36,0,0.0,0.0,0.0
268.5,166.47,372.8,0.0,0.0,61.36,0,0.0,0.0,0.0
268.56,166.455,373.18,0.0,0.0,61.35,0,0.0,0.0,0.0
268.6,166.444,373.43,0.0,0.0,61.35,0,0.0,0.0,0.0
268.66,166.429,373.81,0.0,0.0,61.34,0,0.0,0.0,0.0
268.72,166.414,374.2,0.0,0.0,61.33,0,0.0,0.0,0.0
268.76,166.404,374.45,0.0,0.0,61.33,0,0.0,0.0,0.0
268.8,166.393,374.71,0.0,0.0,61.33,0,0.0,0.0,0.0
268.86,166.378,375.09,0.0,0.0,61.32,0,0.0,0.0,0.0
268.92,166.363,375.47,0.0,0.0,61.31,0,0.0,0.0,0.0
268.96,166.352,375.73,0.0,0.0,61.31,0,0.0,0.0,0.0
269.02,166.337,376.11,0.0,0.0,61.3,0,0.0,0.0,0.0
269.06,166.327,376.37,0.0,0.0,61.3,0,0.0,0.0,0.0
269.12,166.311,376.75,0.0,0.0,61.29,0,0.0,0.0,0.0
269.16,166.301,377.01,0.0,0.0,61.29,0,0.0,0.0,0.0
269.22,166.285,377.4,0.0,0.0,61.28,0,0.0,0.0,0.0
269.26,166.275,377.65,0.0,0.0,61.28,0,0.0,0.0,0.0
269.32,166.259,378.04,0.0,0.0,61.27,0,0.0,0.0,0.0
269.36,166.249,378.3,0.0,0.0,61.27,0,0.0,0.0,0.0
269.42,166.233,378.68,0.0,0.0,61.26,0,0.0,0.0,0.0
269.46,166.222,378.94,0.0,0.0,61.26,0,0.0,0.0,0.0
269.52,166.207,379.33,0.0,0.0,61.25,0,0.0,0.0,0.0
269.56,166.196,379.59,0.0,0.0,61.25,0,0.0,0.0,0.0
269.62,166.18,379.98,0.0,0.0,61.24,0,0.0,0.0,0.0
269.66,166.17,380.24,0.0,0.0,61.24,0,0.0,0.0,0.0
269.72,166.154,380.63,0.0,0.0,61.23,0,0.0,0.0,0.0
269.76,166.143,380.89,0.0,0.0,61.23,0,0.0,0.0,0.0
269.82,166.127,381.28,0.0,0.0,61.22,0,0.0,0.0,0.0
269.88,166.111,381.67,0.0,0.0,61.22,0,0.0,0.0,0.0
269.92,166.101,381.93,0.0,0.0,61.21,0,0.0,0.0,0.0
269.96,166.09,382.19,0.0,0.0,61.21,0,0.0,0.0,0.0
270.02,166.074,382.58,0.0,0.0,61.2,0,0.0,0.0,0.0
270.08,166.058,382.97,0.0,0.0,61.2,0,0.0,0.0,0.0
270.12,166.047,383.23,0.0,0.0,61.19,0,0.0,0.0,0.0
270.16,166.036,383.49,0.0,0.0,61.19,0,0.0,0.0,0.0
270.22,166.02,383.89,0.0,0.0,61.18,0,0.0,0.0,0.0
270.28,166.004,384.28,0.0,0.0,61.18,0,0.0,0.0,0.0
270.32,165.993,384.54,0.0,0.0,61.17,0,0.0,0.0,0.0
270.38,165.977,384.94,0.0,0.0,61.17,0,0.0,0.0,0.0
270.42,165.966,385.2,0.0,0.0,61.16,0,0.0,0.0,0.0
270.48,165.95,385.59,0.0,0.0,61.16,0,0.0,0.0,0.0
270.52,165.939,385.86,0.0,0.0,61.15,0,0.0,0.0,0.0
270.58,165.923,386.25,0.0,0.0,61.15,0,0.0,0.0,0.0
270.62,165.912,386.51,0.0,0.0,61.14,0,0.0,0.0,0.0
270.68,165.895,386.91,0.0,0.0,61.14,0,0.0,0.0,0.0
270.72,165.884,387.17,0.0,0.0,61.13,0,0.0,0.0,0.0
270.78,165.868,387.57,0.0,0.0,61.13,0,0.0,0.0,0.0
270.84,165.852,387.97,0.0,0.0,61.12,0,0.0,0.0,0.0
270.88,165.841,388.23,0.0,0.0,61.12,0,0.0,0.0,0.0
270.92,165.829,388.5,0.0,0.0,61.11,0,0.0,0.0,0.0
270.98,165.813,388.9,0.0,0.0,61.11,0,0.0,0.0,0.0
271.04,165.796,389.29,0.0,0.0,61.1,0,0.0,0.0,0.0
271.08,165.785,389.56,0.0,0.0,61.1,0,0.0,0.0,0.0
271.14,165.769,389.96,0.0,0.0,61.09,0,0.0,0.0,0.0
271.18,165.757,390.23,0.0,0.0,61.09,0,0.0,0.0,0.0
271.22,165.746,390.49,0.0,0.0,61.08,0,0.0,0.0,0.0
271.28,165.73,390.89,0.0,0.0,61.08,0,0.0,0.0,0.0
271.34,165.713,391.29,0.0,0.0,61.07,0,0.0,0.0,0.0
271.38,165.702,391.56,0.0,0.0,61.07,0,0.0,0.0,0.0
271.44,165.685,391.96,0.0,0.0,61.06,0,0.0,0.0,0.0
271.48,165.674,392.23,0.0,0.0,61.06,0,0.0,0.0,0.0
271.54,165.657,392.63,0.0,0.0,61.05,0,0.0,0.0,0.0
271.58,165.645,392.9,0.0,0.0,61.05,0,0.0,0.0,0.0
271.64,165.628,393.3,0.0,0.0,61.04,0,0.0,0.0,0.0
271.68,165.617,393.57,0.0,0.0,61.04,0,0.0,0.0,0.0
271.74,165.6,393.97,0.0,0.0,61.03,0,0.0,0.0,0.0
271.78,165.589,394.24,0.0,0.0,61.03,0,0.0,0.0,0.0
271.84,165.572,394.64,0.0,0.0,61.02,0,0.0,0.0,0.0
271.88,165.56,394.91,0.0,0.0,61.02,0,0.0,0.0,0.0
271.94,165.543,395.31,0.0,0.0,61.01,0,0.0,0.0,0.0
271.98,165.532,395.58,0.0,0.0,61.01,0,0.0,0.0,0.0
272.04,165.515,395.99,0.0,0.0,61.0,0,0.0,0.0,0.0
272.1,165.497,396.39,0.0,0.0,61.0,0,0.0,0.0,0.0
272.14,165.486,396.66,0.0,0.0,60.99,0,0.0,0.0,0.0
272.18,165.474,396.93,0.0,0.0,60.99,0,0.0,0.0,0.0
272.24,165.457,397.34,0.0,0.0,60.98,0,0.0,0.0,0.0
272.3,165.44,397.75,0.0,0.0,60.98,0,0.0,0.0,0.0
272.34,165.428,398.02,0.0,0.0,60.97,0,0.0,0.0,0.0
272.38,165.417,398.29,0.0,0.0,60.97,0,0.0,0.0,0.0
272.44,165.399,398.7,0.0,0.0,60.96,0,0.0,0.0,0.0
272.5,165.382,399.1,0.0,0.0,60.96,0,0.0,0.0,0.0
272.54,165.37,399.38,0.0,0.0,60.95,0,0.0,0.0,0.0
272.6,165.353,399.78,0.0,0.0,60.94,0,0.0,0.0,0.0
272.64,165.341,400.06,0.0,0.0,60.94,0,0.0,0.0,0.0
272.7,165.324,400.47,0.0,0.0,60.93,0,0.0,0.0,0.0
272.74,165.312,400.74,0.0,0.0,60.93,0,0.0,0.0,0.0
272.8,165.294,401.15,0.0,0.0,60.92,0,0.0,0.0,0.0
272.84,165.283,401.42,0.0,0.0,60.92,0,0.0,0.0,0.0
272.9,165.265,401.83,0.0,0.0,60.91,0,0.0,0.0,0.0
272.94,165.253,402.1,0.0,0.0,60.91,0,0.0,0.0,0.0
273.0,165.236,402.51,0.0,0.0,60.9,0,0.0,0.0,0.0
273.04,165.224,402.79,0.0,0.0,60.9,0,0.0,0.0,0.0
273.1,165.206,403.2,0.0,0.0,60.89,0,0.0,0.0,0.0
273.14,165.194,403.47,0.0,0.0,60.89,0,0.0,0.0,0.0
273.2,165.176,403.89,0.0,0.0,60.88,0,0.0,0.0,0.0
273.26,165.158,404.3,0.0,0.0,60.88,0,0.0,0.0,0.0
273.3,165.147,404.57,0.0,0.0,60.87,0,0.0,0.0,0.0
273.34,165.135,404.85,0.0,0.0,60.87,0,0.0,0.0,0.0
273.4,165.117,405.26,0.0,0.0,60.86,0,0.0,0.0,0.0
273.46,165.099,405.67,0.0,0.0,60.86,0,0.0,0.0,0.0
273.5,165.087,405.95,0.0,0.0,60.85,0,0.0,0.0,0.0
273.56,165.069,406.36,0.0,0.0,60.85,0,0.0,0.0,0.0
273.6,165.057,406.64,0.0,0.0,60.84,0,0.0,0.0,0.0
273.66,165.039,407.05,0.0,0.0,60.84,0,0.0,0.0,0.0
273.7,165.027,407.33,0.0,0.0,60.83,0,0.0,0.0,0.0
273.76,165.008,407.75,0.0,0.0,60.83,0,0.0,0.0,0.0
273.8,164.996,408.02,0.0,0.0,60.82,0,0.0,0.0,0.0
273.86,164.978,408.44,0.0,0.0,60.82,0,0.0,0.0,0.0
273.9,164.966,408.72,0.0,0.0,60.81,0,0.0,0.0,0.0
273.96,164.948,409.13,0.0,0.0,60.81,0,0.0,0.0,0.0
274.0,164.936,409.41,0.0,0.0,60.8,0,0.0,0.0,0.0
274.06,164.917,409.83,0.0,0.0,60.8,0,0.0,0.0,0.0
274.1,164.905,410.1,0.0,0.0,60.79,0,0.0,0.0,0.0
274.16,164.887,410.52,0.0,0.0,60.79,0,0.0,0.0,0.0
274.2,164.875,410.8,0.0,0.0,60.78,0,0.0,0.0,0.0
274.26,164.856,411.22,0.0,0.0,60.78,0,0.0,0.0,0.0
274.3,164.844,411.5,0.0,0.0,60.77,0,0.0,0.0,0.0
274.36,164.825,411.91,0.0,0.0,60.77,0,0.0,0.0,0.0
274.42,164.807,412.33,0.0,0.0,60.76,0,0.0,0.0,0.0
274.46,164.795,412.61,0.0,0.0,60.76,0,0.0,0.0,0.0
274.5,164.782,412.89,0.0,0.0,60.75,0,0.0,0.0,0.0
274.56,164.764,413.31,0.0,0.0,60.75,0,0.0,0.0,0.0
274.62,164.745,413.73,0.0,0.0,60.74,0,0.0,0.0,0.0
274.66,164.733,414.01,0.0,0.0,60.74,0,0.0,0.0,0.0
274.72,164.714,414.43,0.0,0.0,60.73,0,0.0,0.0,0.0
274.76,164.701,414.71,0.0,0.0,60.73,0,0.0,0.0,0.0
274.8,164.689,414.99,0.0,0.0,60.72,0,0.0,0.0,0.0
274.86,164.67,415.41,0.0,0.0,60.72,0,0.0,0.0,0.0
274.92,164.651,415.84,0.0,0.0,60.71,0,0.0,0.0,0.0
274.96,164.639,416.12,0.0,0.0,60.71,0,0.0,0.0,0.0
275.02,164.62,416.54,0.0,0.0,60.7,0,0.0,0.0,0.0
275.06,164.608,416.82,0.0,0.0,60.7,0,0.0,0.0,0.0
275.12,164.589,417.24,0.0,0.0,60.69,0,0.0,0.0,0.0
275.16,164.576,417.53,0.0,0.0,60.69,0,0.0,0.0,0.0
275.22,164.557,417.95,0.0,0.0,60.68,0,0.0,0.0,0.0
275.26,164.544,418.23,0.0,0.0,60.68,0,0.0,0.0,0.0
275.32,164.526,418.65,0.0,0.0,60.67,0,0.0,0.0,0.0
275.36,164.513,418.94,0.0,0.0,60.67,0,0.0,0.0,0.0
275.42,164.494,419.36,0.0,0.0,60.66,0,0.0,0.0,0.0
275.46,164.481,419.64,0.0,0.0,60.66,0,0.0,0.0,0.0
275.52,164.462,420.07,0.0,0.0,60.65,0,0.0,0.0,0.0
275.56,164.449,420.35,0.0,0.0,60.65,0,0.0,0.0,0.0
275.62,164.43,420.78,0.0,0.0,60.64,0,0.0,0.0,0.0
275.66,164.417,421.06,0.0,0.0,60.64,0,0.0,0.0,0.0
275.72,164.398,421.49,0.0,0.0,60.63,0,0.0,0.0,0.0
275.78,164.379,421.91,0.0,0.0,60.63,0,0.0,0.0,0.0
275.82,164.366,422.2,0.0,0.0,60.62,0,0.0,0.0,0.0
275.88,164.347,422.62,0.0,0.0,60.62,0,0.0,0.0,0.0
275.92,164.334,422.91,0.0,0.0,60.61,0,0.0,0.0,0.0
275.98,164.314,423.34,0.0,0.0,60.61,0,0.0,0.0,0.0
276.02,164.301,423.62,0.0,0.0,60.6,0,0.0,0.0,0.0
276.08,164.282,424.05,0.0,0.0,60.6,0,0.0,0.0,0.0
276.12,164.269,424.33,0.0,0.0,60.59,0,0.0,0.0,0.0
276.18,164.25,424.76,0.0,0.0,60.59,0,0.0,0.0,0.0
276.22,164.237,425.05,0.0,0.0,60.58,0,0.0,0.0,0.0
276.28,164.217,425.48,0.0,0.0,60.58,0,0.0,0.0,0.0
276.32,164.204,425.76,0.0,0.0,60.57,0,0.0,0.0,0.0
276.38,164.184,426.19,0.0,0.0,60.57,0,0.0,0.0,0.0
276.42,164.171,426.48,0.0,0.0,60.56,0,0.0,0.0,0.0
276.48,164.152,426.91,0.0,0.0,60.56,0,0.0,0.0,0.0
276.54,164.132,427.34,0.0,0.0,60.55,0,0.0,0.0,0.0
276.58,164.119,427.62,0.0,0.0,60.55,0,0.0,0.0,0.0
276.64,164.099,428.06,0.0,0.0,60.54,0,0.0,0.0,0.0
276.68,164.086,428.34,0.0,0.0,60.54,0,0.0,0.0,0.0
276.74,164.066,428.77,0.0,0.0,60.53,0,0.0,0.0,0.0
276.78,164.053,429.06,0.0,0.0,60.53,0,0.0,0.0,0.0
276.84,164.033,429.49,0.0,0.0,60.52,0,0.0,0.0,0.0
276.88,164.02,429.78,0.0,0.0,60.52,0,0.0,0.0,0.0
276.92,164.007,430.07,0.0,0.0,60.51,0,0.0,0.0,0.0
276.98,163.987,430.5,0.0,0.0,60.51,0,0.0,0.0,0.0
277.04,163.967,430.93,0.0,0.0,60.5,0,0.0,0.0,0.0
277.08,163.953,431.22,0.0,0.0,60.49,0,0.0,0.0,0.0
277.14,163.933,431.65,0.0,0.0,60.49,0,0.0,0.0,0.0
277.18,163.92,431.94,0.0,0.0,60.48,0,0.0,0.0,0.0
277.24,163.9,432.38,0.0,0.0,60.48,0,0.0,0.0,0.0
277.28,163.887,432.67,0.0,0.0,60.47,0,0.0,0.0,0.0
277.34,163.866,433.1,0.0,0.0,60.47,0,0.0,0.0,0.0
277.38,163.853,433.39,0.0,0.0,60.46,0,0.0,0.0,0.0
277.42,163.84,433.68,0.0,0.0,60.46,0,0.0,0.0,0.0
277.48,163.819,434.11,0.0,0.0,60.45,0,0.0,0.0,0.0
277.52,163.806,434.4,0.0,0.0,60.45,0,0.0,0.0,0.0
277.58,163.786,434.84,0.0,0.0,60.44,0,0.0,0.0,0.0
277.62,163.772,435.13,0.0,0.0,60.44,0,0.0,0.0,0.0
277.68,163.752,435.56,0.0,0.0,60.43,0,0.0,0.0,0.0
277.72,163.738,435.85,0.0,0.0,60.43,0,0.0,0.0,0.0
277.78,163.718,436.29,0.0,0.0,60.42,0,0.0,0.0,0.0
277.84,163.698,436.73,0.0,0.0,60.42,0,0.0,0.0,0.0
277.9,163.677,437.16,0.0,0.0,60.41,0,0.0,0.0,0.0
277.94,163.663,437.45,0.0,0.0,60.41,0,0.0,0.0,0.0
278.0,163.643,437.89,0.0,0.0,60.4,0,0.0,0.0,0.0
278.04,163.629,438.18,0.0,0.0,60.4,0,0.0,0.0,0.0
278.1,163.609,438.62,0.0,0.0,60.39,0,0.0,0.0,0.0
278.14,163.595,438.91,0.0,0.0,60.39,0,0.0,0.0,0.0
278.2,163.574,439.35,0.0,0.0,60.38,0,0.0,0.0,0.0
278.24,163.561,439.64,0.0,0.0,60.38,0,0.0,0.0,0.0
278.3,163.54,440.08,0.0,0.0,60.37,0,0.0,0.0,0.0
278.34,163.526,440.37,0.0,0.0,60.37,0,0.0,0.0,0.0
278.4,163.505,440.81,0.0,0.0,60.36,0,0.0,0.0,0.0
278.44,163.492,441.11,0.0,0.0,60.36,0,0.0,0.0,0.0
278.5,163.471,441.55,0.0,0.0,60.35,0,0.0,0.0,0.0
278.54,163.457,441.84,0.0,0.0,60.35,0,0.0,0.0,0.0
278.58,163.443,442.13,0.0,0.0,60.34,0,0.0,0.0,0.0
278.64,163.422,442.57,0.0,0.0,60.34,0,0.0,0.0,0.0
278.68,163.408,442.86,0.0,0.0,60.33,0,0.0,0.0,0.0
278.74,163.387,443.31,0.0,0.0,60.33,0,0.0,0.0,0.0
278.78,163.374,443.6,0.0,0.0,60.32,0,0.0,0.0,0.0
278.84,163.353,444.04,0.0,0.0,60.32,0,0.0,0.0,0.0
278.9,163.332,444.48,0.0,0.0,60.31,0,0.0,0.0,0.0
278.94,163.318,444.78,0.0,0.0,60.31,0,0.0,0.0,0.0
279.0,163.296,445.22,0.0,0.0,60.3,0,0.0,0.0,0.0
279.04,163.282,445.51,0.0,0.0,60.3,0,0.0,0.0,0.0
279.1,163.261,445.95,0.0,0.0,60.29,0,0.0,0.0,0.0
279.16,163.24,446.4,0.0,0.0,60.28,0,0.0,0.0,0.0
279.22,163.219,446.84,0.0,0.0,60.28,0,0.0,0.0,0.0
279.28,163.198,447.28,0.0,0.0,60.27,0,0.0,0.0,0.0
279.3,163.191,447.43,0.0,0.0,60.27,0,0.0,0.0,0.0
279.34,163.169,447.87,0.0,0.0,60.27,0,0.0,0.0,0.0
279.4,163.155,448.17,0.0,0.0,60.26,0,0.0,0.0,0.0
279.46,163.134,448.61,0.0,0.0,60.26,0,0.0,0.0,0.0
279.5,163.12,448.91,0.0,0.0,60.25,0,0.0,0.0,0.0
279.56,163.098,449.35,0.0,0.0,60.25,0,0.0,0.0,0.0
279.6,163.084,449.65,0.0,0.0,60.24,0,0.0,0.0,0.0
279.66,163.063,450.09,0.0,0.0,60.24,0,0.0,0.0,0.0
279.7,163.048,450.39,0.0,0.0,60.23,0,0.0,0.0,0.0
279.76,163.027,450.83,0.0,0.0,60.23,0,0.0,0.0,0.0
279.8,163.013,451.13,0.0,0.0,60.22,0,0.0,0.0,0.0
279.86,162.991,451.58,0.0,0.0,60.22,0,0.0,0.0,0.0
279.9,162.977,451.87,0.0,0.0,60.21,0,0.0,0.0,0.0
279.96,162.955,452.32,0.0,0.0,60.21,0,0.0,0.0,0.0
280.0,162.941,452.62,0.0,0.0,60.2,0,0.0,0.0,0.0
280.06,162.919,453.06,0.0,0.0,60.2,0,0.0,0.0,0.0
280.12,162.897,453.51,0.0,0.0,60.19,0,0.0,0.0,0.0
280.16,162.883,453.81,0.0,0.0,60.19,0,0.0,0.0,0.0
280.22,162.861,454.25,0.0,0.0,60.18,0,0.0,0.0,0.0
280.26,162.847,454.55,0.0,0.0,60.18,0,0.0,0.0,0.0
280.32,162.825,455.0,0.0,0.0,60.17,0,0.0,0.0,0.0
280.36,162.81,455.3,0.0,0.0,60.17,0,0.0,0.0,0.0
280.42,162.789,455.75,0.0,0.0,60.16,0,0.0,0.0,0.0
280.46,162.774,456.04,0.0,0.0,60.16,0,0.0,0.0,0.0
280.52,162.752,456.49,0.0,0.0,60.15,0,0.0,0.0,0.0
280.56,162.737,456.79,0.0,0.0,60.15,0,0.0,0.0,0.0
280.62,162.715,457.24,0.0,0.0,60.14,0,0.0,0.0,0.0
280.66,162.701,457.54,0.0,0.0,60.14,0,0.0,0.0,0.0
280.72,162.679,457.99,0.0,0.0,60.13,0,0.0,0.0,0.0
280.76,162.664,458.29,0.0,0.0,60.13,0,0.0,0.0,0.0
280.82,162.642,458.74,0.0,0.0,60.12,0,0.0,0.0,0.0
280.86,162.627,459.04,0.0,0.0,60.12,0,0.0,0.0,0.0
280.92,162.605,459.49,0.0,0.0,60.11,0,0.0,0.0,0.0
280.96,162.59,459.79,0.0,0.0,60.11,0,0.0,0.0,0.0
281.02,162.568,460.24,0.0,0.0,60.1,0,0.0,0.0,0.0
281.08,162.546,460.69,0.0,0.0,60.09,0,0.0,0.0,0.0
281.12,162.531,460.99,0.0,0.0,60.09,0,0.0,0.0,0.0
281.16,162.516,461.29,0.0,0.0,60.09,0,0.0,0.0,0.0
281.22,162.494,461.74,0.0,0.0,60.08,0,0.0,0.0,0.0
281.28,162.472,462.19,0.0,0.0,60.07,0,0.0,0.0,0.0
281.32,162.457,462.49,0.0,0.0,60.07,0,0.0,0.0,0.0
281.38,162.434,462.94,0.0,0.0,60.06,0,0.0,0.0,0.0
281.42,162.42,463.24,0.0,0.0,60.06,0,0.0,0.0,0.0
281.48,162.397,463.7,0.0,0.0,60.05,0,0.0,0.0,0.0
281.52,162.382,464.0,0.0,0.0,60.05,0,0.0,0.0,0.0
281.56,162.367,464.3,0.0,0.0,60.04,0,0.0,0.0,0.0
281.62,162.345,464.75,0.0,0.0,60.04,0,0.0,0.0,0.0
281.68,162.322,465.2,0.0,0.0,60.03,0,0.0,0.0,0.0
281.72,162.307,465.51,0.0,0.0,60.03,0,0.0,0.0,0.0
281.78,162.284,465.96,0.0,0.0,60.02,0,0.0,0.0,0.0
281.82,162.269,466.26,0.0,0.0,60.02,0,0.0,0.0,0.0
281.88,162.247,466.72,0.0,0.0,60.01,0,0.0,0.0,0.0
281.92,162.232,467.02,0.0,0.0,60.01,0,0.0,0.0,0.0
281.98,162.209,467.47,0.0,0.0,60.0,0,0.0,0.0,0.0
282.02,162.194,467.77,0.0,0.0,60.0,0,0.0,0.0,0.0
282.08,162.171,468.23,0.0,0.0,59.99,0,0.0,0.0,0.0
282.12,162.156,468.53,0.0,0.0,59.99,0,0.0,0.0,0.0
282.18,162.133,468.99,0.0,0.0,59.98,0,0.0,0.0,0.0
282.22,162.118,469.29,0.0,0.0,59.98,0,0.0,0.0,0.0
282.28,162.095,469.75,0.0,0.0,59.97,0,0.0,0.0,0.0
282.32,162.079,470.05,0.0,0.0,59.97,0,0.0,0.0,0.0
282.38,162.057,470.5,0.0,0.0,59.96,0,0.0,0.0,0.0
282.42,162.041,470.81,0.0,0.0,59.96,0,0.0,0.0,0.0
282.48,162.018,471.26,0.0,0.0,59.95,0,0.0,0.0,0.0
282.54,161.995,471.72,0.0,0.0,59.95,0,0.0,0.0,0.0
282.58,161.98,472.02,0.0,0.0,59.94,0,0.0,0.0,0.0
282.62,161.964,472.33,0.0,0.0,59.94,0,0.0,0.0,0.0
282.68,161.941,472.79,0.0,0.0,59.93,0,0.0,0.0,0.0
282.74,161.918,473.24,0.0,0.0,59.93,0,0.0,0.0,0.0
282.78,161.903,473.55,0.0,0.0,59.92,0,0.0,0.0,0.0
282.82,161.887,473.85,0.0,0.0,59.92,0,0.0,0.0,0.0
282.88,161.864,474.31,0.0,0.0,59.91,0,0.0,0.0,0.0
282.94,161.841,474.77,0.0,0.0,59.91,0,0.0,0.0,0.0
282.98,161.825,475.07,0.0,0.0,59.9,0,0.0,0.0,0.0
283.04,161.802,475.53,0.0,0.0,59.9,0,0.0,0.0,0.0
283.08,161.786,475.84,0.0,0.0,59.89,0,0.0,0.0,0.0
283.14,161.763,476.29,0.0,0.0,59.89,0,0.0,0.0,0.0
283.18,161.748,476.6,0.0,0.0,59.88,0,0.0,0.0,0.0
283.24,161.724,477.06,0.0,0.0,59.88,0,0.0,0.0,0.0
283.28,161.708,477.36,0.0,0.0,59.87,0,0.0,0.0,0.0
283.34,161.685,477.82,0.0,0.0,59.87,0,0.0,0.0,0.0
283.38,161.669,478.13,0.0,0.0,59.86,0,0.0,0.0,0.0
283.44,161.646,478.59,0.0,0.0,59.86,0,0.0,0.0,0.0
283.48,161.63,478.89,0.0,0.0,59.85,0,0.0,0.0,0.0
283.54,161.606,479.35,0.0,0.0,59.85,0,0.0,0.0,0.0
283.58,161.591,479.66,0.0,0.0,59.84,0,0.0,0.0,0.0
283.64,161.567,480.12,0.0,0.0,59.84,0,0.0,0.0,0.0
283.7,161.543,480.58,0.0,0.0,59.83,0,0.0,0.0,0.0
283.74,161.528,480.89,0.0,0.0,59.83,0,0.0,0.0,0.0
283.8,161.504,481.35,0.0,0.0,59.82,0,0.0,0.0,0.0
283.84,161.488,481.66,0.0,0.0,59.82,0,0.0,0.0,0.0
283.88,161.472,481.96,0.0,0.0,59.81,0,0.0,0.0,0.0
283.94,161.448,482.43,0.0,0.0,59.81,0,0.0,0.0,0.0
284.0,161.425,482.89,0.0,0.0,59.8,0,0.0,0.0,0.0
284.04,161.409,483.19,0.0,0.0,59.8,0,0.0,0.0,0.0
284.1,161.385,483.66,0.0,0.0,59.79,0,0.0,0.0,0.0
284.14,161.369,483.96,0.0,0.0,59.79,0,0.0,0.0,0.0
284.2,161.345,484.43,0.0,0.0,59.78,0,0.0,0.0,0.0
284.24,161.329,484.73,0.0,0.0,59.78,0,0.0,0.0,0.0
284.3,161.305,485.2,0.0,0.0,59.77,0,0.0,0.0,0.0
284.36,161.281,485.66,0.0,0.0,59.76,0,0.0,0.0,0.0
284.4,161.265,485.97,0.0,0.0,59.76,0,0.0,0.0,0.0
284.44,161.249,486.28,0.0,0.0,59.76,0,0.0,0.0,0.0
284.5,161.225,486.74,0.0,0.0,59.75,0,0.0,0.0,0.0
284.56,161.2,487.2,0.0,0.0,59.74,0,0.0,0.0,0.0
284.6,161.184,487.51,0.0,0.0,59.74,0,0.0,0.0,0.0
284.66,161.16,487.98,0.0,0.0,59.73,0,0.0,0.0,0.0
284.7,161.144,488.29,0.0,0.0,59.73,0,0.0,0.0,0.0
284.76,161.12,488.75,0.0,0.0,59.72,0,0.0,0.0,0.0
284.8,161.103,489.06,0.0,0.0,59.72,0,0.0,0.0,0.0
284.86,161.079,489.52,0.0,0.0,59.71,0,0.0,0.0,0.0
284.92,161.055,489.99,0.0,0.0,59.71,0,0.0,0.0,0.0
284.96,161.038,490.3,0.0,0.0,59.7,0,0.0,0.0,0.0
285.0,161.022,490.61,0.0,0.0,59.7,0,0.0,0.0,0.0
285.06,160.998,491.07,0.0,0.0,59.69,0,0.0,0.0,0.0
285.12,160.973,491.54,0.0,0.0,59.69,0,0.0,0.0,0.0
285.16,160.957,491.85,0.0,0.0,59.68,0,0.0,0.0,0.0
285.22,160.932,492.31,0.0,0.0,59.68,0,0.0,0.0,0.0
285.26,160.916,492.62,0.0,0.0,59.67,0,0.0,0.0,0.0
285.3,160.9,492.94,0.0,0.0,59.67,0,0.0,0.0,0.0
285.36,160.875,493.4,0.0,0.0,59.66,0,0.0,0.0,0.0
285.42,160.85,493.87,0.0,0.0,59.66,0,0.0,0.0,0.0
285.46,160.834,494.18,0.0,0.0,59.65,0,0.0,0.0,0.0
285.52,160.809,494.64,0.0,0.0,59.65,0,0.0,0.0,0.0
285.56,160.793,494.96,0.0,0.0,59.64,0,0.0,0.0,0.0
285.62,160.768,495.42,0.0,0.0,59.64,0,0.0,0.0,0.0
285.66,160.752,495.73,0.0,0.0,59.63,0,0.0,0.0,0.0
285.72,160.727,496.2,0.0,0.0,59.63,0,0.0,0.0,0.0
285.76,160.71,496.51,0.0,0.0,59.62,0,0.0,0.0,0.0
285.82,160.685,496.98,0.0,0.0,59.62,0,0.0,0.0,0.0
285.86,160.669,497.29,0.0,0.0,59.61,0,0.0,0.0,0.0
285.92,160.644,497.76,0.0,0.0,59.61,0,0.0,0.0,0.0
285.98,160.619,498.23,0.0,0.0,59.6,0,0.0,0.0,0.0
286.02,160.602,498.54,0.0,0.0,59.6,0,0.0,0.0,0.0
286.06,160.586,498.85,0.0,0.0,59.59,0,0.0,0.0,0.0
286.12,160.561,499.32,0.0,0.0,59.59,0,0.0,0.0,0.0
286.18,160.535,499.79,0.0,0.0,59.58,0,0.0,0.0,0.0
286.22,160.519,500.1,0.0,0.0,59.58,0,0.0,0.0,0.0
286.28,160.494,500.57,0.0,0.0,59.57,0,0.0,0.0,0.0
286.32,160.477,500.88,0.0,0.0,59.57,0,0.0,0.0,0.0
286.38,160.452,501.35,0.0,0.0,59.56,0,0.0,0.0,0.0
286.42,160.435,501.67,0.0,0.0,59.56,0,0.0,0.0,0.0
286.48,160.41,502.14,0.0,0.0,59.55,0,0.0,0.0,0.0
286.52,160.393,502.45,0.0,0.0,59.55,0,0.0,0.0,0.0
286.58,160.368,502.92,0.0,0.0,59.54,0,0.0,0.0,0.0
286.64,160.342,503.39,0.0,0.0,59.53,0,0.0,0.0,0.0
286.68,160.325,503.7,0.0,0.0,59.53,0,0.0,0.0,0.0
286.72,160.308,504.02,0.0,0.0,59.53,0,0.0,0.0,0.0
286.78,160.283,504.49,0.0,0.0,59.52,0,0.0,0.0,0.0
286.84,160.258,504.96,0.0,0.0,59.51,0,0.0,0.0,0.0
286.88,160.241,505.27,0.0,0.0,59.51,0,0.0,0.0,0.0
286.94,160.215,505.74,0.0,0.0,59.5,0,0.0,0.0,0.0
286.98,160.198,506.06,0.0,0.0,59.5,0,0.0,0.0,0.0
287.04,160.173,506.53,0.0,0.0,59.49,0,0.0,0.0,0.0
287.08,160.155,506.84,0.0,0.0,59.49,0,0.0,0.0,0.0
287.14,160.13,507.31,0.0,0.0,59.48,0,0.0,0.0,0.0
287.2,160.104,507.79,0.0,0.0,59.48,0,0.0,0.0,0.0
287.24,160.087,508.1,0.0,0.0,59.47,0,0.0,0.0,0.0
287.28,160.07,508.42,0.0,0.0,59.47,0,0.0,0.0,0.0
287.34,160.044,508.89,0.0,0.0,59.46,0,0.0,0.0,0.0
287.4,160.019,509.36,0.0,0.0,59.46,0,0.0,0.0,0.0
287.44,160.001,509.68,0.0,0.0,59.45,0,0.0,0.0,0.0
287.5,159.976,510.15,0.0,0.0,59.45,0,0.0,0.0,0.0
287.54,159.958,510.46,0.0,0.0,59.44,0,0.0,0.0,0.0
287.58,159.941,510.78,0.0,0.0,59.44,0,0.0,0.0,0.0
287.64,159.915,511.25,0.0,0.0,59.43,0,0.0,0.0,0.0
287.7,159.889,511.73,0.0,0.0,59.43,0,0.0,0.0,0.0
287.74,159.872,512.04,0.0,0.0,59.42,0,0.0,0.0,0.0
287.8,159.846,512.52,0.0,0.0,59.42,0,0.0,0.0,0.0
287.84,159.829,512.83,0.0,0.0,59.41,0,0.0,0.0,0.0
287.9,159.803,513.31,0.0,0.0,59.41,0,0.0,0.0,0.0
287.94,159.785,513.62,0.0,0.0,59.4,0,0.0,0.0,0.0
288.0,159.759,514.1,0.0,0.0,59.4,0,0.0,0.0,0.0
288.04,159.742,514.41,0.0,0.0,59.39,0,0.0,0.0,0.0
288.1,159.716,514.89,0.0,0.0,59.39,0,0.0,0.0,0.0
288.16,159.69,515.36,0.0,0.0,59.38,0,0.0,0.0,0.0
288.2,159.672,515.68,0.0,0.0,59.38,0,0.0,0.0,0.0
288.24,159.655,515.99,0.0,0.0,59.37,0,0.0,0.0,0.0
288.3,159.628,516.47,0.0,0.0,59.37,0,0.0,0.0,0.0
288.36,159.602,516.94,0.0,0.0,59.36,0,0.0,0.0,0.0
288.4,159.585,517.26,0.0,0.0,59.36,0,0.0,0.0,0.0
288.44,159.567,517.58,0.0,0.0,59.35,0,0.0,0.0,0.0
288.5,159.541,518.05,0.0,0.0,59.35,0,0.0,0.0,0.0
288.56,159.514,518.53,0.0,0.0,59.34,0,0.0,0.0,0.0
288.6,159.497,518.85,0.0,0.0,59.34,0,0.0,0.0,0.0
288.66,159.47,519.32,0.0,0.0,59.33,0,0.0,0.0,0.0
288.7,159.452,519.64,0.0,0.0,59.33,0,0.0,0.0,0.0
288.76,159.426,520.12,0.0,0.0,59.32,0,0.0,0.0,0.0
288.8,159.408,520.44,0.0,0.0,59.32,0,0.0,0.0,0.0
288.86,159.382,520.91,0.0,0.0,59.31,0,0.0,0.0,0.0
288.92,159.355,521.39,0.0,0.0,59.3,0,0.0,0.0,0.0
288.96,159.337,521.71,0.0,0.0,59.3,0,0.0,0.0,0.0
289.0,159.32,522.03,0.0,0.0,59.3,0,0.0,0.0,0.0
289.06,159.293,522.5,0.0,0.0,59.29,0,0.0,0.0,0.0
289.12,159.266,522.98,0.0,0.0,59.28,0,0.0,0.0,0.0
289.16,159.248,523.3,0.0,0.0,59.28,0,0.0,0.0,0.0
289.22,159.222,523.78,0.0,0.0,59.27,0,0.0,0.0,0.0
289.26,159.204,524.09,0.0,0.0,59.27,0,0.0,0.0,0.0
289.32,159.177,524.57,0.0,0.0,59.26,0,0.0,0.0,0.0
289.36,159.159,524.89,0.0,0.0,59.26,0,0.0,0.0,0.0
289.42,159.132,525.37,0.0,0.0,59.25,0,0.0,0.0,0.0
289.46,159.114,525.69,0.0,0.0,59.25,0,0.0,0.0,0.0
289.52,159.087,526.17,0.0,0.0,59.24,0,0.0,0.0,0.0
289.56,159.069,526.49,0.0,0.0,59.24,0,0.0,0.0,0.0
289.62,159.042,526.97,0.0,0.0,59.23,0,0.0,0.0,0.0
289.66,159.024,527.28,0.0,0.0,59.23,0,0.0,0.0,0.0
289.72,158.997,527.76,0.0,0.0,59.22,0,0.0,0.0,0.0
289.76,158.979,528.08,0.0,0.0,59.22,0,0.0,0.0,0.0
289.82,158.952,528.56,0.0,0.0,59.21,0,0.0,0.0,0.0
289.86,158.934,528.88,0.0,0.0,59.21,0,0.0,0.0,0.0
289.92,158.907,529.36,0.0,0.0,59.2,0,0.0,0.0,0.0
289.96,158.889,529.68,0.0,0.0,59.2,0,0.0,0.0,0.0
290.02,158.862,530.16,0.0,0.0,59.19,0,0.0,0.0,0.0
290.06,158.843,530.48,0.0,0.0,59.19,0,0.0,0.0,0.0
290.12,158.816,530.96,0.0,0.0,59.18,0,0.0,0.0,0.0
290.18,158.789,531.44,0.0,0.0,59.18,0,0.0,0.0,0.0
290.22,158.771,531.76,0.0,0.0,59.17,0,0.0,0.0,0.0
290.26,158.752,532.08,0.0,0.0,59.17,0,0.0,0.0,0.0
290.32,158.725,532.56,0.0,0.0,59.16,0,0.0,0.0,0.0
290.38,158.698,533.04,0.0,0.0,59.16,0,0.0,0.0,0.0
290.42,158.679,533.37,0.0,0.0,59.15,0,0.0,0.0,0.0
290.48,158.652,533.85,0.0,0.0,59.15,0,0.0,0.0,0.0
290.52,158.634,534.17,0.0,0.0,59.14,0,0.0,0.0,0.0
290.56,158.615,534.49,0.0,0.0,59.14,0,0.0,0.0,0.0
290.62,158.588,534.97,0.0,0.0,59.13,0,0.0,0.0,0.0
290.68,158.56,535.45,0.0,0.0,59.13,0,0.0,0.0,0.0
290.72,158.542,535.77,0.0,0.0,59.12,0,0.0,0.0,0.0
290.78,158.514,536.25,0.0,0.0,59.12,0,0.0,0.0,0.0
290.82,158.496,536.58,0.0,0.0,59.11,0,0.0,0.0,0.0
290.88,158.468,537.06,0.0,0.0,59.11,0,0.0,0.0,0.0
290.92,158.449,537.38,0.0,0.0,59.1,0,0.0,0.0,0.0
290.98,158.422,537.86,0.0,0.0,59.1,0,0.0,0.0,0.0
291.02,158.403,538.18,0.0,0.0,59.09,0,0.0,0.0,0.0
291.08,158.375,538.67,0.0,0.0,59.09,0,0.0,0.0,0.0
291.12,158.357,538.99,0.0,0.0,59.08,0,0.0,0.0,0.0
291.18,158.329,539.47,0.0,0.0,59.08,0,0.0,0.0,0.0
291.24,158.301,539.95,0.0,0.0,59.07,0,0.0,0.0,0.0
291.28,158.282,540.28,0.0,0.0,59.07,0,0.0,0.0,0.0
291.32,158.264,540.6,0.0,0.0,59.06,0,0.0,0.0,0.0
291.38,158.236,541.08,0.0,0.0,59.06,0,0.0,0.0,0.0
291.44,158.208,541.57,0.0,0.0,59.05,0,0.0,0.0,0.0
291.48,158.189,541.89,0.0,0.0,59.05,0,0.0,0.0,0.0
291.54,158.161,542.37,0.0,0.0,59.04,0,0.0,0.0,0.0
291.58,158.142,542.69,0.0,0.0,59.04,0,0.0,0.0,0.0
291.64,158.114,543.18,0.0,0.0,59.03,0,0.0,0.0,0.0
291.68,158.095,543.5,0.0,0.0,59.03,0,0.0,0.0,0.0
291.74,158.067,543.99,0.0,0.0,59.02,0,0.0,0.0,0.0
291.78,158.048,544.31,0.0,0.0,59.02,0,0.0,0.0,0.0
291.84,158.02,544.79,0.0,0.0,59.01,0,0.0,0.0,0.0
291.88,158.001,545.12,0.0,0.0,59.01,0,0.0,0.0,0.0
291.94,157.973,545.6,0.0,0.0,59.0,0,0.0,0.0,0.0
291.98,157.954,545.92,0.0,0.0,59.0,0,0.0,0.0,0.0
292.04,157.926,546.41,0.0,0.0,58.99,0,0.0,0.0,0.0
292.1,157.898,546.9,0.0,0.0,58.99,0,0.0,0.0,0.0
292.14,157.879,547.22,0.0,0.0,58.98,0,0.0,0.0,0.0
292.18,157.86,547.54,0.0,0.0,58.98,0,0.0,0.0,0.0
292.24,157.831,548.03,0.0,0.0,58.97,0,0.0,0.0,0.0
292.3,157.803,548.51,0.0,0.0,58.96,0,0.0,0.0,0.0
292.34,157.784,548.84,0.0,0.0,58.96,0,0.0,0.0,0.0
292.4,157.755,549.32,0.0,0.0,58.95,0,0.0,0.0,0.0
292.44,157.736,549.65,0.0,0.0,58.95,0,0.0,0.0,0.0
292.5,157.708,550.13,0.0,0.0,58.94,0,0.0,0.0,0.0
292.54,157.688,550.46,0.0,0.0,58.94,0,0.0,0.0,0.0
292.6,157.66,550.94,0.0,0.0,58.93,0,0.0,0.0,0.0
292.64,157.641,551.27,0.0,0.0,58.93,0,0.0,0.0,0.0
292.7,157.612,551.76,0.0,0.0,58.92,0,0.0,0.0,0.0
292.74,157.593,552.08,0.0,0.0,58.92,0,0.0,0.0,0.0
292.8,157.564,552.57,0.0,0.0,58.91,0,0.0,0.0,0.0
292.84,157.545,552.89,0.0,0.0,58.91,0,0.0,0.0,0.0
292.9,157.516,553.38,0.0,0.0,58.9,0,0.0,0.0,0.0
292.94,157.497,553.7,0.0,0.0,58.9,0,0.0,0.0,0.0
293.0,157.468,554.19,0.0,0.0,58.89,0,0.0,0.0,0.0
293.04,157.449,554.52,0.0,0.0,58.89,0,0.0,0.0,0.0
293.1,157.42,555.0,0.0,0.0,58.88,0,0.0,0.0,0.0
293.16,157.391,555.49,0.0,0.0,58.88,0,0.0,0.0,0.0
293.2,157.371,555.82,0.0,0.0,58.87,0,0.0,0.0,0.0
293.24,157.352,556.14,0.0,0.0,58.87,0,0.0,0.0,0.0
293.3,157.323,556.63,0.0,0.0,58.86,0,0.0,0.0,0.0
293.36,157.294,557.12,0.0,0.0,58.86,0,0.0,0.0,0.0
293.4,157.274,557.44,0.0,0.0,58.85,0,0.0,0.0,0.0
293.46,157.245,557.93,0.0,0.0,58.85,0,0.0,0.0,0.0
293.5,157.226,558.26,0.0,0.0,58.84,0,0.0,0.0,0.0
293.54,157.206,558.58,0.0,0.0,58.84,0,0.0,0.0,0.0
293.6,157.177,559.07,0.0,0.0,58.83,0,0.0,0.0,0.0
293.66,157.148,559.56,0.0,0.0,58.83,0,0.0,0.0,0.0
293.7,157.128,559.89,0.0,0.0,58.82,0,0.0,0.0,0.0
293.76,157.099,560.38,0.0,0.0,58.82,0,0.0,0.0,0.0
293.8,157.08,560.7,0.0,0.0,58.81,0,0.0,0.0,0.0
293.84,157.06,561.03,0.0,0.0,58.81,0,0.0,0.0,0.0
293.9,157.031,561.52,0.0,0.0,58.8,0,0.0,0.0,0.0
293.96,157.001,562.01,0.0,0.0,58.8,0,0.0,0.0,0.0
294.0,156.982,562.34,0.0,0.0,58.79,0,0.0,0.0,0.0
294.06,156.952,562.83,0.0,0.0,58.79,0,0.0,0.0,0.0
294.1,156.932,563.15,0.0,0.0,58.78,0,0.0,0.0,0.0
294.16,156.903,563.64,0.0,0.0,58.78,0,0.0,0.0,0.0
294.2,156.883,563.97,0.0,0.0,58.77,0,0.0,0.0,0.0
294.26,156.854,564.46,0.0,0.0,58.77,0,0.0,0.0,0.0
294.32,156.824,564.95,0.0,0.0,58.76,0,0.0,0.0,0.0
294.36,156.804,565.28,0.0,0.0,58.76,0,0.0,0.0,0.0
294.4,156.784,565.6,0.0,0.0,58.75,0,0.0,0.0,0.0
294.46,156.755,566.09,0.0,0.0,58.75,0,0.0,0.0,0.0
294.52,156.725,566.59,0.0,0.0,58.74,0,0.0,0.0,0.0
294.56,156.705,566.91,0.0,0.0,58.74,0,0.0,0.0,0.0
294.62,156.675,567.4,0.0,0.0,58.73,0,0.0,0.0,0.0
294.66,156.656,567.73,0.0,0.0,58.73,0,0.0,0.0,0.0
294.72,156.626,568.22,0.0,0.0,58.72,0,0.0,0.0,0.0
294.76,156.606,568.55,0.0,0.0,58.72,0,0.0,0.0,0.0
294.82,156.576,569.04,0.0,0.0,58.71,0,0.0,0.0,0.0
294.86,156.556,569.37,0.0,0.0,58.71,0,0.0,0.0,0.0
294.92,156.526,569.86,0.0,0.0,58.7,0,0.0,0.0,0.0
294.96,156.506,570.19,0.0,0.0,58.7,0,0.0,0.0,0.0
295.02,156.476,570.68,0.0,0.0,58.69,0,0.0,0.0,0.0
295.06,156.456,571.01,0.0,0.0,58.69,0,0.0,0.0,0.0
295.12,156.426,571.5,0.0,0.0,58.68,0,0.0,0.0,0.0
295.16,156.406,571.83,0.0,0.0,58.68,0,0.0,0.0,0.0
295.22,156.376,572.32,0.0,0.0,58.67,0,0.0,0.0,0.0
295.26,156.356,572.65,0.0,0.0,58.67,0,0.0,0.0,0.0
295.32,156.325,573.14,0.0,0.0,58.66,0,0.0,0.0,0.0
295.36,156.305,573.47,0.0,0.0,58.66,0,0.0,0.0,0.0
295.42,156.275,573.96,0.0,0.0,58.65,0,0.0,0.0,0.0
295.46,156.255,574.29,0.0,0.0,58.65,0,0.0,0.0,0.0
295.52,156.225,574.79,0.0,0.0,58.64,0,0.0,0.0,0.0
295.58,156.194,575.28,0.0,0.0,58.64,0,0.0,0.0,0.0
295.62,156.174,575.61,0.0,0.0,58.63,0,0.0,0.0,0.0
295.66,156.154,575.94,0.0,0.0,58.63,0,0.0,0.0,0.0
295.72,156.123,576.43,0.0,0.0,58.62,0,0.0,0.0,0.0
295.78,156.093,576.92,0.0,0.0,58.61,0,0.0,0.0,0.0
295.82,156.073,577.25,0.0,0.0,58.61,0,0.0,0.0,0.0
295.88,156.042,577.75,0.0,0.0,58.6,0,0.0,0.0,0.0
295.92,156.022,578.08,0.0,0.0,58.6,0,0.0,0.0,0.0
295.98,155.991,578.57,0.0,0.0,58.59,0,0.0,0.0,0.0
296.02,155.971,578.9,0.0,0.0,58.59,0,0.0,0.0,0.0
296.08,155.94,579.39,0.0,0.0,58.58,0,0.0,0.0,0.0
296.12,155.92,579.72,0.0,0.0,58.58,0,0.0,0.0,0.0
296.18,155.889,580.22,0.0,0.0,58.57,0,0.0,0.0,0.0
296.22,155.869,580.55,0.0,0.0,58.57,0,0.0,0.0,0.0
296.28,155.838,581.04,0.0,0.0,58.56,0,0.0,0.0,0.0
296.32,155.818,581.37,0.0,0.0,58.56,0,0.0,0.0,0.0
296.38,155.787,581.87,0.0,0.0,58.55,0,0.0,0.0,0.0
296.42,155.766,582.2,0.0,0.0,58.55,0,0.0,0.0,0.0
296.48,155.735,582.69,0.0,0.0,58.54,0,0.0,0.0,0.0
296.54,155.705,583.19,0.0,0.0,58.54,0,0.0,0.0,0.0
296.58,155.684,583.52,0.0,0.0,58.53,0,0.0,0.0,0.0
296.62,155.663,583.85,0.0,0.0,58.53,0,0.0,0.0,0.0
296.68,155.632,584.34,0.0,0.0,58.52,0,0.0,0.0,0.0
296.74,155.601,584.84,0.0,0.0,58.52,0,0.0,0.0,0.0
296.78,155.581,585.17,0.0,0.0,58.51,0,0.0,0.0,0.0
296.84,155.55,585.67,0.0,0.0,58.51,0,0.0,0.0,0.0
296.88,155.529,586.0,0.0,0.0,58.5,0,0.0,0.0,0.0
296.94,155.498,586.49,0.0,0.0,58.5,0,0.0,0.0,0.0
296.98,155.477,586.82,0.0,0.0,58.49,0,0.0,0.0,0.0
297.04,155.446,587.32,0.0,0.0,58.49,0,0.0,0.0,0.0
297.08,155.425,587.65,0.0,0.0,58.48,0,0.0,0.0,0.0
297.14,155.394,588.15,0.0,0.0,58.48,0,0.0,0.0,0.0
297.18,155.373,588.48,0.0,0.0,58.47,0,0.0,0.0,0.0
297.24,155.342,588.97,0.0,0.0,58.47,0,0.0,0.0,0.0
297.28,155.321,589.31,0.0,0.0,58.46,0,0.0,0.0,0.0
297.34,155.29,589.8,0.0,0.0,58.46,0,0.0,0.0,0.0
297.38,155.269,590.13,0.0,0.0,58.45,0,0.0,0.0,0.0
297.44,155.238,590.63,0.0,0.0,58.45,0,0.0,0.0,0.0
297.48,155.217,590.96,0.0,0.0,58.44,0,0.0,0.0,0.0
297.54,155.185,591.46,0.0,0.0,58.44,0,0.0,0.0,0.0
297.58,155.164,591.79,0.0,0.0,58.43,0,0.0,0.0,0.0
297.64,155.133,592.29,0.0,0.0,58.43,0,0.0,0.0,0.0
297.7,155.101,592.79,0.0,0.0,58.42,0,0.0,0.0,0.0
297.74,155.08,593.12,0.0,0.0,58.42,0,0.0,0.0,0.0
297.78,155.059,593.45,0.0,0.0,58.41,0,0.0,0.0,0.0
297.84,155.028,593.95,0.0,0.0,58.41,0,0.0,0.0,0.0
297.9,154.996,594.45,0.0,0.0,58.4,0,0.0,0.0,0.0
297.94,154.975,594.78,0.0,0.0,58.4,0,0.0,0.0,0.0
298.0,154.943,595.28,0.0,0.0,58.39,0,0.0,0.0,0.0
298.04,154.922,595.61,0.0,0.0,58.39,0,0.0,0.0,0.0
298.08,154.901,595.94,0.0,0.0,58.38,0,0.0,0.0,0.0
298.14,154.869,596.44,0.0,0.0,58.38,0,0.0,0.0,0.0
298.2,154.837,596.94,0.0,0.0,58.37,0,0.0,0.0,0.0
298.24,154.816,597.27,0.0,0.0,58.37,0,0.0,0.0,0.0
298.3,154.784,597.77,0.0,0.0,58.36,0,0.0,0.0,0.0
298.34,154.763,598.1,0.0,0.0,58.36,0,0.0,0.0,0.0
298.4,154.731,598.6,0.0,0.0,58.35,0,0.0,0.0,0.0
298.44,154.71,598.93,0.0,0.0,58.35,0,0.0,0.0,0.0
298.5,154.678,599.43,0.0,0.0,58.34,0,0.0,0.0,0.0
298.54,154.657,599.76,0.0,0.0,58.34,0,0.0,0.0,0.0
298.6,154.625,600.26,0.0,0.0,58.33,0,0.0,0.0,0.0
298.64,154.603,600.6,0.0,0.0,58.33,0,0.0,0.0,0.0
298.7,154.571,601.09,0.0,0.0,58.32,0,0.0,0.0,0.0
298.74,154.55,601.43,0.0,0.0,58.32,0,0.0,0.0,0.0
298.8,154.518,601.93,0.0,0.0,58.31,0,0.0,0.0,0.0
298.86,154.485,602.43,0.0,0.0,58.3,0,0.0,0.0,0.0
298.9,154.464,602.76,0.0,0.0,58.3,0,0.0,0.0,0.0
298.94,154.443,603.09,0.0,0.0,58.3,0,0.0,0.0,0.0
299.0,154.41,603.59,0.0,0.0,58.29,0,0.0,0.0,0.0
299.06,154.378,604.09,0.0,0.0,58.28,0,0.0,0.0,0.0
299.1,154.357,604.43,0.0,0.0,58.28,0,0.0,0.0,0.0
299.16,154.324,604.93,0.0,0.0,58.27,0,0.0,0.0,0.0
299.2,154.303,605.26,0.0,0.0,58.27,0,0.0,0.0,0.0
299.26,154.27,605.76,0.0,0.0,58.26,0,0.0,0.0,0.0
299.3,154.249,606.1,0.0,0.0,58.26,0,0.0,0.0,0.0
299.36,154.216,606.6,0.0,0.0,58.25,0,0.0,0.0,0.0
299.4,154.195,606.93,0.0,0.0,58.25,0,0.0,0.0,0.0
299.44,154.173,607.26,0.0,0.0,58.25,0,0.0,0.0,0.0
299.48,154.151,607.6,0.0,0.0,58.24,0,0.0,0.0,0.0
299.52,154.119,608.1,0.0,0.0,58.24,0,0.0,0.0,0.0
299.6,154.086,608.6,0.0,0.0,58.23,0,0.0,0.0,0.0
299.66,154.053,609.1,0.0,0.0,58.22,0,0.0,0.0,0.0
299.7,154.032,609.44,0.0,0.0,58.22,0,0.0,0.0,0.0
299.76,153.999,609.94,0.0,0.0,58.21,0,0.0,0.0,0.0
299.8,153.977,610.27,0.0,0.0,58.21,0,0.0,0.0,0.0
299.86,153.945,610.77,0.0,0.0,58.2,0,0.0,0.0,0.0
299.92,153.912,611.27,0.0,0.0,58.2,0,0.0,0.0,0.0
299.96,153.89,611.61,0.0,0.0,58.19,0,0.0,0.0,0.0
300.02,153.857,612.11,0.0,0.0,58.19,0,0.0,0.0,0.0
300.06,153.835,612.45,0.0,0.0,58.18,0,0.0,0.0,0.0
300.12,153.802,612.95,0.0,0.0,58.18,0,0.0,0.0,0.0
300.16,153.78,613.28,0.0,0.0,58.17,0,0.0,0.0,0.0
300.22,153.747,613.78,0.0,0.0,58.17,0,0.0,0.0,0.0
300.26,153.726,614.12,0.0,0.0,58.16,0,0.0,0.0,0.0
300.32,153.693,614.62,0.0,0.0,58.16,0,0.0,0.0,0.0
300.36,153.671,614.96,0.0,0.0,58.15,0,0.0,0.0,0.0
300.42,153.638,615.46,0.0,0.0,58.15,0,0.0,0.0,0.0
300.48,153.604,615.96,0.0,0.0,58.14,0,0.0,0.0,0.0
300.52,153.582,616.3,0.0,0.0,58.14,0,0.0,0.0,0.0
300.58,153.549,616.8,0.0,0.0,58.13,0,0.0,0.0,0.0
300.62,153.527,617.14,0.0,0.0,58.13,0,0.0,0.0,0.0
300.68,153.494,617.64,0.0,0.0,58.12,0,0.0,0.0,0.0
300.72,153.472,617.97,0.0,0.0,58.12,0,0.0,0.0,0.0
300.78,153.439,618.48,0.0,0.0,58.11,0,0.0,0.0,0.0
300.84,153.405,618.98,0.0,0.0,58.11,0,0.0,0.0,0.0
300.88,153.383,619.32,0.0,0.0,58.1,0,0.0,0.0,0.0
300.92,153.361,619.65,0.0,0.0,58.1,0,0.0,0.0,0.0
300.98,153.328,620.15,0.0,0.0,58.09,0,0.0,0.0,0.0
301.02,153.305,620.49,0.0,0.0,58.09,0,0.0,0.0,0.0
301.08,153.272,620.99,0.0,0.0,58.08,0,0.0,0.0,0.0
301.14,153.238,621.5,0.0,0.0,58.08,0,0.0,0.0,0.0
301.18,153.216,621.83,0.0,0.0,58.07,0,0.0,0.0,0.0
301.24,153.183,622.34,0.0,0.0,58.07,0,0.0,0.0,0.0
301.28,153.16,622.67,0.0,0.0,58.06,0,0.0,0.0,0.0
301.34,153.127,623.18,0.0,0.0,58.06,0,0.0,0.0,0.0
301.38,153.104,623.51,0.0,0.0,58.05,0,0.0,0.0,0.0
301.44,153.071,624.02,0.0,0.0,58.05,0,0.0,0.0,0.0
301.48,153.048,624.35,0.0,0.0,58.04,0,0.0,0.0,0.0
301.54,153.015,624.86,0.0,0.0,58.04,0,0.0,0.0,0.0
301.58,152.992,625.2,0.0,0.0,58.03,0,0.0,0.0,0.0
301.64,152.959,625.7,0.0,0.0,58.03,0,0.0,0.0,0.0
301.68,152.936,626.04,0.0,0.0,58.02,0,0.0,0.0,0.0
301.74,152.902,626.54,0.0,0.0,58.02,0,0.0,0.0,0.0
301.78,152.88,626.88,0.0,0.0,58.01,0,0.0,0.0,0.0
301.84,152.846,627.38,0.0,0.0,58.01,0,0.0,0.0,0.0
301.88,152.823,627.72,0.0,0.0,58.0,0,0.0,0.0,0.0
301.94,152.789,628.23,0.0,0.0,57.99,0,0.0,0.0,0.0
301.98,152.767,628.56,0.0,0.0,57.99,0,0.0,0.0,0.0
302.04,152.733,629.07,0.0,0.0,57.98,0,0.0,0.0,0.0
302.08,152.71,629.4,0.0,0.0,57.98,0,0.0,0.0,0.0
302.14,152.676,629.91,0.0,0.0,57.97,0,0.0,0.0,0.0
302.2,152.642,630.42,0.0,0.0,57.97,0,0.0,0.0,0.0
302.24,152.619,630.75,0.0,0.0,57.96,0,0.0,0.0,0.0
302.3,152.585,631.26,0.0,0.0,57.96,0,0.0,0.0,0.0
302.34,152.563,631.6,0.0,0.0,57.95,0,0.0,0.0,0.0
302.4,152.528,632.1,0.0,0.0,57.95,0,0.0,0.0,0.0
302.44,152.506,632.44,0.0,0.0,57.94,0,0.0,0.0,0.0
302.5,152.472,632.95,0.0,0.0,57.94,0,0.0,0.0,0.0
302.54,152.449,633.28,0.0,0.0,57.93,0,0.0,0.0,0.0
302.6,152.414,633.79,0.0,0.0,57.93,0,0.0,0.0,0.0
302.64,152.392,634.13,0.0,0.0,57.92,0,0.0,0.0,0.0
302.7,152.357,634.63,0.0,0.0,57.92,0,0.0,0.0,0.0
302.74,152.334,634.97,0.0,0.0,57.91,0,0.0,0.0,0.0
302.8,152.3,635.48,0.0,0.0,57.91,0,0.0,0.0,0.0
302.86,152.266,635.98,0.0,0.0,57.9,0,0.0,0.0,0.0
302.9,152.243,636.32,0.0,0.0,57.9,0,0.0,0.0,0.0
302.96,152.208,636.83,0.0,0.0,57.89,0,0.0,0.0,0.0
303.0,152.185,637.17,0.0,0.0,57.89,0,0.0,0.0,0.0
303.06,152.151,637.67,0.0,0.0,57.88,0,0.0,0.0,0.0
303.1,152.128,638.01,0.0,0.0,57.88,0,0.0,0.0,0.0
303.16,152.093,638.52,0.0,0.0,57.87,0,0.0,0.0,0.0
303.2,152.07,638.86,0.0,0.0,57.87,0,0.0,0.0,0.0
303.26,152.035,639.36,0.0,0.0,57.86,0,0.0,0.0,0.0
303.3,152.012,639.7,0.0,0.0,57.86,0,0.0,0.0,0.0
303.36,151.978,640.21,0.0,0.0,57.85,0,0.0,0.0,0.0
303.4,151.954,640.55,0.0,0.0,57.85,0,0.0,0.0,0.0
303.46,151.92,641.06,0.0,0.0,57.84,0,0.0,0.0,0.0
303.5,151.897,641.39,0.0,0.0,57.84,0,0.0,0.0,0.0
303.56,151.862,641.9,0.0,0.0,57.83,0,0.0,0.0,0.0
303.62,151.827,642.41,0.0,0.0,57.83,0,0.0,0.0,0.0
303.66,151.804,642.75,0.0,0.0,57.82,0,0.0,0.0,0.0
303.7,151.78,643.09,0.0,0.0,57.82,0,0.0,0.0,0.0
303.76,151.746,643.6,0.0,0.0,57.81,0,0.0,0.0,0.0
303.82,151.711,644.1,0.0,0.0,57.81,0,0.0,0.0,0.0
303.86,151.687,644.44,0.0,0.0,57.8,0,0.0,0.0,0.0
303.92,151.652,644.95,0.0,0.0,57.8,0,0.0,0.0,0.0
303.96,151.629,645.29,0.0,0.0,57.79,0,0.0,0.0,0.0
304.02,151.594,645.8,0.0,0.0,57.79,0,0.0,0.0,0.0
304.06,151.57,646.14,0.0,0.0,57.78,0,0.0,0.0,0.0
304.12,151.535,646.65,0.0,0.0,57.78,0,0.0,0.0,0.0
304.16,151.512,646.98,0.0,0.0,57.77,0,0.0,0.0,0.0
304.22,151.477,647.49,0.0,0.0,57.77,0,0.0,0.0,0.0
304.26,151.453,647.83,0.0,0.0,57.76,0,0.0,0.0,0.0
304.32,151.418,648.34,0.0,0.0,57.76,0,0.0,0.0,0.0
304.36,151.395,648.68,0.0,0.0,57.75,0,0.0,0.0,0.0
304.42,151.359,649.19,0.0,0.0,57.75,0,0.0,0.0,0.0
304.48,151.324,649.7,0.0,0.0,57.74,0,0.0,0.0,0.0
304.52,151.3,650.04,0.0,0.0,57.74,0,0.0,0.0,0.0
304.56,151.277,650.38,0.0,0.0,57.73,0,0.0,0.0,0.0
304.62,151.241,650.89,0.0,0.0,57.73,0,0.0,0.0,0.0
304.68,151.206,651.4,0.0,0.0,57.72,0,0.0,0.0,0.0
304.72,151.182,651.74,0.0,0.0,57.72,0,0.0,0.0,0.0
304.78,151.147,652.25,0.0,0.0,57.71,0,0.0,0.0,0.0
304.82,151.123,652.59,0.0,0.0,57.71,0,0.0,0.0,0.0
304.88,151.088,653.1,0.0,0.0,57.7,0,0.0,0.0,0.0
304.92,151.064,653.44,0.0,0.0,57.69,0,0.0,0.0,0.0
304.98,151.028,653.95,0.0,0.0,57.69,0,0.0,0.0,0.0
305.04,150.993,654.46,0.0,0.0,57.68,0,0.0,0.0,0.0
305.08,150.969,654.8,0.0,0.0,57.68,0,0.0,0.0,0.0
305.12,150.945,655.14,0.0,0.0,57.67,0,0.0,0.0,0.0
305.18,150.91,655.65,0.0,0.0,57.67,0,0.0,0.0,0.0
305.24,150.874,656.16,0.0,0.0,57.66,0,0.0,0.0,0.0
305.28,150.85,656.5,0.0,0.0,57.66,0,0.0,0.0,0.0
305.34,150.814,657.01,0.0,0.0,57.65,0,0.0,0.0,0.0
305.38,150.79,657.35,0.0,0.0,57.65,0,0.0,0.0,0.0
305.42,150.766,657.69,0.0,0.0,57.64,0,0.0,0.0,0.0
305.48,150.731,658.2,0.0,0.0,57.64,0,0.0,0.0,0.0
305.54,150.695,658.71,0.0,0.0,57.63,0,0.0,0.0,0.0
305.58,150.671,659.05,0.0,0.0,57.63,0,0.0,0.0,0.0
305.64,150.635,659.56,0.0,0.0,57.62,0,0.0,0.0,0.0
305.68,150.611,659.9,0.0,0.0,57.62,0,0.0,0.0,0.0
305.74,150.575,660.41,0.0,0.0,57.61,0,0.0,0.0,0.0
305.78,150.551,660.75,0.0,0.0,57.61,0,0.0,0.0,0.0
305.84,150.515,661.27,0.0,0.0,57.6,0,0.0,0.0,0.0
305.88,150.491,661.61,0.0,0.0,57.6,0,0.0,0.0,0.0
305.94,150.454,662.12,0.0,0.0,57.59,0,0.0,0.0,0.0
305.98,150.43,662.46,0.0,0.0,57.59,0,0.0,0.0,0.0
306.04,150.394,662.97,0.0,0.0,57.58,0,0.0,0.0,0.0
306.08,150.37,663.31,0.0,0.0,57.58,0,0.0,0.0,0.0
306.14,150.334,663.82,0.0,0.0,57.57,0,0.0,0.0,0.0
306.18,150.31,664.16,0.0,0.0,57.57,0,0.0,0.0,0.0
306.24,150.273,664.68,0.0,0.0,57.56,0,0.0,0.0,0.0
306.3,150.237,665.19,0.0,0.0,57.56,0,0.0,0.0,0.0
306.34,150.213,665.53,0.0,0.0,57.55,0,0.0,0.0,0.0
306.38,150.188,665.87,0.0,0.0,57.55,0,0.0,0.0,0.0
306.44,150.152,666.38,0.0,0.0,57.54,0,0.0,0.0,0.0
306.5,150.116,666.89,0.0,0.0,57.54,0,0.0,0.0,0.0
306.54,150.091,667.24,0.0,0.0,57.53,0,0.0,0.0,0.0
306.6,150.055,667.75,0.0,0.0,57.53,0,0.0,0.0,0.0
306.64,150.03,668.09,0.0,0.0,57.52,0,0.0,0.0,0.0
306.7,149.994,668.6,0.0,0.0,57.52,0,0.0,0.0,0.0
306.76,149.957,669.12,0.0,0.0,57.51,0,0.0,0.0,0.0
306.8,149.933,669.46,0.0,0.0,57.51,0,0.0,0.0,0.0
306.84,149.908,669.8,0.0,0.0,57.5,0,0.0,0.0,0.0
306.9,149.872,670.31,0.0,0.0,57.5,0,0.0,0.0,0.0
306.96,149.835,670.82,0.0,0.0,57.49,0,0.0,0.0,0.0
307.0,149.811,671.17,0.0,0.0,57.49,0,0.0,0.0,0.0
307.04,149.786,671.51,0.0,0.0,57.48,0,0.0,0.0,0.0
307.1,149.749,672.02,0.0,0.0,57.48,0,0.0,0.0,0.0
307.16,149.712,672.53,0.0,0.0,57.47,0,0.0,0.0,0.0
307.2,149.688,672.88,0.0,0.0,57.47,0,0.0,0.0,0.0
307.26,149.651,673.39,0.0,0.0,57.46,0,0.0,0.0,0.0
307.3,149.626,673.73,0.0,0.0,57.46,0,0.0,0.0,0.0
307.36,149.59,674.25,0.0,0.0,57.45,0,0.0,0.0,0.0
307.42,149.553,674.76,0.0,0.0,57.44,0,0.0,0.0,0.0
307.46,149.528,675.1,0.0,0.0,57.44,0,0.0,0.0,0.0
307.5,149.503,675.44,0.0,0.0,57.44,0,0.0,0.0,0.0
307.56,149.466,675.96,0.0,0.0,57.43,0,0.0,0.0,0.0
307.62,149.429,676.47,0.0,0.0,57.42,0,0.0,0.0,0.0
307.66,149.404,676.81,0.0,0.0,57.42,0,0.0,0.0,0.0
307.72,149.367,677.33,0.0,0.0,57.41,0,0.0,0.0,0.0
307.76,149.342,677.67,0.0,0.0,57.41,0,0.0,0.0,0.0
307.82,149.305,678.18,0.0,0.0,57.4,0,0.0,0.0,0.0
307.86,149.28,678.53,0.0,0.0,57.4,0,0.0,0.0,0.0
307.92,149.243,679.04,0.0,0.0,57.39,0,0.0,0.0,0.0
307.96,149.218,679.38,0.0,0.0,57.39,0,0.0,0.0,0.0
308.02,149.181,679.9,0.0,0.0,57.38,0,0.0,0.0,0.0
308.08,149.144,680.41,0.0,0.0,57.38,0,0.0,0.0,0.0
308.12,149.119,680.75,0.0,0.0,57.37,0,0.0,0.0,0.0
308.18,149.081,681.27,0.0,0.0,57.37,0,0.0,0.0,0.0
308.22,149.057,681.61,0.0,0.0,57.36,0,0.0,0.0,0.0
308.28,149.019,682.13,0.0,0.0,57.36,0,0.0,0.0,0.0
308.32,148.994,682.47,0.0,0.0,57.35,0,0.0,0.0,0.0
308.38,148.957,682.98,0.0,0.0,57.35,0,0.0,0.0,0.0
308.42,148.932,683.33,0.0,0.0,57.34,0,0.0,0.0,0.0
308.48,148.894,683.84,0.0,0.0,57.34,0,0.0,0.0,0.0
308.52,148.869,684.19,0.0,0.0,57.33,0,0.0,0.0,0.0
308.58,148.831,684.7,0.0,0.0,57.33,0,0.0,0.0,0.0
308.62,148.806,685.04,0.0,0.0,57.32,0,0.0,0.0,0.0
308.68,148.769,685.56,0.0,0.0,57.32,0,0.0,0.0,0.0
308.72,148.743,685.9,0.0,0.0,57.31,0,0.0,0.0,0.0
308.78,148.706,686.42,0.0,0.0,57.31,0,0.0,0.0,0.0
308.82,148.681,686.76,0.0,0.0,57.3,0,0.0,0.0,0.0
308.88,148.643,687.28,0.0,0.0,57.3,0,0.0,0.0,0.0
308.94,148.605,687.79,0.0,0.0,57.29,0,0.0,0.0,0.0
308.98,148.58,688.14,0.0,0.0,57.29,0,0.0,0.0,0.0
309.02,148.555,688.48,0.0,0.0,57.28,0,0.0,0.0,0.0
309.08,148.517,689.0,0.0,0.0,57.28,0,0.0,0.0,0.0
309.14,148.479,689.51,0.0,0.0,57.27,0,0.0,0.0,0.0
309.18,148.453,689.86,0.0,0.0,57.27,0,0.0,0.0,0.0
309.24,148.415,690.37,0.0,0.0,57.26,0,0.0,0.0,0.0
309.28,148.39,690.72,0.0,0.0,57.26,0,0.0,0.0,0.0
309.34,148.352,691.23,0.0,0.0,57.25,0,0.0,0.0,0.0
309.4,148.314,691.75,0.0,0.0,57.24,0,0.0,0.0,0.0
309.44,148.289,692.09,0.0,0.0,57.24,0,0.0,0.0,0.0
309.5,148.25,692.61,0.0,0.0,57.23,0,0.0,0.0,0.0
309.54,148.225,692.95,0.0,0.0,57.23,0,0.0,0.0,0.0
309.6,148.187,693.47,0.0,0.0,57.22,0,0.0,0.0,0.0
309.64,148.161,693.81,0.0,0.0,57.22,0,0.0,0.0,0.0
309.7,148.123,694.33,0.0,0.0,57.21,0,0.0,0.0,0.0
309.74,148.098,694.67,0.0,0.0,57.21,0,0.0,0.0,0.0
309.78,148.072,695.02,0.0,0.0,57.21,0,0.0,0.0,0.0
309.84,148.034,695.53,0.0,0.0,57.2,0,0.0,0.0,0.0
309.9,147.995,696.05,0.0,0.0,57.19,0,0.0,0.0,0.0
309.94,147.97,696.4,0.0,0.0,57.19,0,0.0,0.0,0.0
310.0,147.931,696.91,0.0,0.0,57.18,0,0.0,0.0,0.0
310.04,147.906,697.26,0.0,0.0,57.18,0,0.0,0.0,0.0
310.1,147.867,697.77,0.0,0.0,57.17,0,0.0,0.0,0.0
310.16,147.829,698.29,0.0,0.0,57.17,0,0.0,0.0,0.0
310.2,147.803,698.64,0.0,0.0,57.16,0,0.0,0.0,0.0
310.24,147.777,698.98,0.0,0.0,57.16,0,0.0,0.0,0.0
310.3,147.739,699.5,0.0,0.0,57.15,0,0.0,0.0,0.0
310.36,147.7,700.02,0.0,0.0,57.15,0,0.0,0.0,0.0
310.4,147.674,700.36,0.0,0.0,57.14,0,0.0,0.0,0.0
310.44,147.649,700.71,0.0,0.0,57.14,0,0.0,0.0,0.0
310.5,147.61,701.22,0.0,0.0,57.13,0,0.0,0.0,0.0
310.56,147.571,701.74,0.0,0.0,57.13,0,0.0,0.0,0.0
310.6,147.545,702.09,0.0,0.0,57.12,0,0.0,0.0,0.0
310.66,147.507,702.6,0.0,0.0,57.12,0,0.0,0.0,0.0
310.7,147.481,702.95,0.0,0.0,57.11,0,0.0,0.0,0.0
310.74,147.455,703.29,0.0,0.0,57.11,0,0.0,0.0,0.0
310.8,147.416,703.81,0.0,0.0,57.1,0,0.0,0.0,0.0
310.86,147.377,704.33,0.0,0.0,57.1,0,0.0,0.0,0.0
310.9,147.351,704.67,0.0,0.0,57.09,0,0.0,0.0,0.0
310.96,147.312,705.19,0.0,0.0,57.09,0,0.0,0.0,0.0
311.0,147.286,705.54,0.0,0.0,57.08,0,0.0,0.0,0.0
311.06,147.247,706.06,0.0,0.0,57.08,0,0.0,0.0,0.0
311.1,147.221,706.4,0.0,0.0,57.07,0,0.0,0.0,0.0
311.16,147.182,706.92,0.0,0.0,57.07,0,0.0,0.0,0.0
311.2,147.156,707.27,0.0,0.0,57.06,0,0.0,0.0,0.0
311.26,147.117,707.78,0.0,0.0,57.06,0,0.0,0.0,0.0
311.3,147.091,708.13,0.0,0.0,57.05,0,0.0,0.0,0.0
311.36,147.052,708.65,0.0,0.0,57.05,0,0.0,0.0,0.0
311.42,147.013,709.17,0.0,0.0,57.04,0,0.0,0.0,0.0
311.46,146.986,709.51,0.0,0.0,57.04,0,0.0,0.0,0.0
311.5,146.96,709.86,0.0,0.0,57.03,0,0.0,0.0,0.0
311.56,146.921,710.38,0.0,0.0,57.03,0,0.0,0.0,0.0
311.62,146.882,710.9,0.0,0.0,57.02,0,0.0,0.0,0.0
311.66,146.855,711.24,0.0,0.0,57.02,0,0.0,0.0,0.0
311.72,146.816,711.76,0.0,0.0,57.01,0,0.0,0.0,0.0
311.76,146.79,712.11,0.0,0.0,57.01,0,0.0,0.0,0.0
311.82,146.75,712.63,0.0,0.0,57.0,0,0.0,0.0,0.0
311.86,146.724,712.97,0.0,0.0,57.0,0,0.0,0.0,0.0
311.92,146.685,713.49,0.0,0.0,56.99,0,0.0,0.0,0.0
311.96,146.658,713.84,0.0,0.0,56.99,0,0.0,0.0,0.0
312.02,146.619,714.36,0.0,0.0,56.98,0,0.0,0.0,0.0
312.08,146.579,714.88,0.0,0.0,56.97,0,0.0,0.0,0.0
312.12,146.553,715.22,0.0,0.0,56.97,0,0.0,0.0,0.0
312.18,146.513,715.74,0.0,0.0,56.96,0,0.0,0.0,0.0
312.22,146.487,716.09,0.0,0.0,56.96,0,0.0,0.0,0.0
312.28,146.447,716.61,0.0,0.0,56.95,0,0.0,0.0,0.0
312.32,146.42,716.95,0.0,0.0,56.95,0,0.0,0.0,0.0
312.38,146.381,717.47,0.0,0.0,56.94,0,0.0,0.0,0.0
312.42,146.354,717.82,0.0,0.0,56.94,0,0.0,0.0,0.0
312.46,146.328,718.17,0.0,0.0,56.94,0,0.0,0.0,0.0
312.52,146.288,718.69,0.0,0.0,56.93,0,0.0,0.0,0.0
312.58,146.248,719.21,0.0,0.0,56.92,0,0.0,0.0,0.0
312.62,146.221,719.55,0.0,0.0,56.92,0,0.0,0.0,0.0
312.68,146.181,720.07,0.0,0.0,56.91,0,0.0,0.0,0.0
312.74,146.142,720.59,0.0,0.0,56.91,0,0.0,0.0,0.0
312.78,146.115,720.94,0.0,0.0,56.9,0,0.0,0.0,0.0
312.82,146.088,721.29,0.0,0.0,56.9,0,0.0,0.0,0.0
312.88,146.048,721.81,0.0,0.0,56.89,0,0.0,0.0,0.0
312.94,146.008,722.33,0.0,0.0,56.89,0,0.0,0.0,0.0
312.98,145.981,722.67,0.0,0.0,56.88,0,0.0,0.0,0.0
313.02,145.955,723.02,0.0,0.0,56.88,0,0.0,0.0,0.0
313.08,145.915,723.54,0.0,0.0,56.87,0,0.0,0.0,0.0
313.14,145.874,724.06,0.0,0.0,56.87,0,0.0,0.0,0.0
313.18,145.848,724.41,0.0,0.0,56.86,0,0.0,0.0,0.0
313.24,145.807,724.93,0.0,0.0,56.86,0,0.0,0.0,0.0
313.28,145.78,725.28,0.0,0.0,56.85,0,0.0,0.0,0.0
313.34,145.74,725.8,0.0,0.0,56.85,0,0.0,0.0,0.0
313.38,145.713,726.15,0.0,0.0,56.84,0,0.0,0.0,0.0
313.44,145.673,726.67,0.0,0.0,56.84,0,0.0,0.0,0.0
313.48,145.646,727.01,0.0,0.0,56.83,0,0.0,0.0,0.0
313.54,145.606,727.54,0.0,0.0,56.83,0,0.0,0.0,0.0
313.58,145.579,727.88,0.0,0.0,56.82,0,0.0,0.0,0.0
313.64,145.538,728.4,0.0,0.0,56.82,0,0.0,0.0,0.0
313.68,145.511,728.75,0.0,0.0,56.81,0,0.0,0.0,0.0
313.74,145.471,729.27,0.0,0.0,56.81,0,0.0,0.0,0.0
313.78,145.444,729.62,0.0,0.0,56.8,0,0.0,0.0,0.0
313.84,145.403,730.14,0.0,0.0,56.8,0,0.0,0.0,0.0
313.88,145.376,730.49,0.0,0.0,56.79,0,0.0,0.0,0.0
313.94,145.336,731.01,0.0,0.0,56.79,0,0.0,0.0,0.0
314.0,145.295,731.53,0.0,0.0,56.78,0,0.0,0.0,0.0
314.04,145.268,731.88,0.0,0.0,56.78,0,0.0,0.0,0.0
314.1,145.227,732.4,0.0,0.0,56.77,0,0.0,0.0,0.0
314.14,145.2,732.75,0.0,0.0,56.77,0,0.0,0.0,0.0
314.2,145.159,733.27,0.0,0.0,56.76,0,0.0,0.0,0.0
314.26,145.118,733.79,0.0,0.0,56.75,0,0.0,0.0,0.0
314.3,145.091,734.14,0.0,0.0,56.75,0,0.0,0.0,0.0
314.36,145.05,734.66,0.0,0.0,56.74,0,0.0,0.0,0.0
314.4,145.023,735.01,0.0,0.0,56.74,0,0.0,0.0,0.0
314.46,144.982,735.53,0.0,0.0,56.73,0,0.0,0.0,0.0
314.5,144.955,735.88,0.0,0.0,56.73,0,0.0,0.0,0.0
314.56,144.914,736.4,0.0,0.0,56.72,0,0.0,0.0,0.0
314.6,144.886,736.75,0.0,0.0,56.72,0,0.0,0.0,0.0
314.66,144.845,737.27,0.0,0.0,56.71,0,0.0,0.0,0.0
314.72,144.804,737.8,0.0,0.0,56.71,0,0.0,0.0,0.0
314.76,144.777,738.14,0.0,0.0,56.7,0,0.0,0.0,0.0
314.82,144.736,738.67,0.0,0.0,56.7,0,0.0,0.0,0.0
314.86,144.708,739.02,0.0,0.0,56.69,0,0.0,0.0,0.0
314.92,144.667,739.54,0.0,0.0,56.69,0,0.0,0.0,0.0
314.96,144.64,739.89,0.0,0.0,56.68,0,0.0,0.0,0.0
315.02,144.599,740.41,0.0,0.0,56.68,0,0.0,0.0,0.0
315.08,144.557,740.93,0.0,0.0,56.67,0,0.0,0.0,0.0
315.12,144.53,741.28,0.0,0.0,56.67,0,0.0,0.0,0.0
315.18,144.488,741.8,0.0,0.0,56.66,0,0.0,0.0,0.0
315.22,144.461,742.15,0.0,0.0,56.66,0,0.0,0.0,0.0
315.26,144.433,742.5,0.0,0.0,56.65,0,0.0,0.0,0.0
315.32,144.392,743.02,0.0,0.0,56.65,0,0.0,0.0,0.0
315.38,144.35,743.55,0.0,0.0,56.64,0,0.0,0.0,0.0
315.42,144.323,743.9,0.0,0.0,56.64,0,0.0,0.0,0.0
315.48,144.281,744.42,0.0,0.0,56.63,0,0.0,0.0,0.0
315.52,144.254,744.77,0.0,0.0,56.63,0,0.0,0.0,0.0
315.58,144.212,745.29,0.0,0.0,56.62,0,0.0,0.0,0.0
315.62,144.184,745.64,0.0,0.0,56.62,0,0.0,0.0,0.0
315.68,144.143,746.16,0.0,0.0,56.61,0,0.0,0.0,0.0
315.72,144.115,746.51,0.0,0.0,56.61,0,0.0,0.0,0.0
315.78,144.073,747.04,0.0,0.0,56.6,0,0.0,0.0,0.0
315.84,144.032,747.56,0.0,0.0,56.6,0,0.0,0.0,0.0
315.88,144.004,747.91,0.0,0.0,56.59,0,0.0,0.0,0.0
315.94,143.962,748.43,0.0,0.0,56.59,0,0.0,0.0,0.0
315.98,143.934,748.78,0.0,0.0,56.58,0,0.0,0.0,0.0
316.04,143.893,749.3,0.0,0.0,56.58,0,0.0,0.0,0.0
316.08,143.865,749.65,0.0,0.0,56.57,0,0.0,0.0,0.0
316.12,143.837,750.0,0.0,0.0,56.57,0,0.0,0.0,0.0
316.18,143.795,750.53,0.0,0.0,56.56,0,0.0,0.0,0.0
316.24,143.753,751.05,0.0,0.0,56.56,0,0.0,0.0,0.0
316.28,143.725,751.4,0.0,0.0,56.55,0,0.0,0.0,0.0
316.34,143.683,751.92,0.0,0.0,56.55,0,0.0,0.0,0.0
316.38,143.655,752.27,0.0,0.0,56.54,0,0.0,0.0,0.0
316.42,143.627,752.62,0.0,0.0,56.54,0,0.0,0.0,0.0
316.48,143.585,753.15,0.0,0.0,56.53,0,0.0,0.0,0.0
316.52,143.557,753.5,0.0,0.0,56.53,0,0.0,0.0,0.0
316.58,143.515,754.02,0.0,0.0,56.52,0,0.0,0.0,0.0
316.64,143.473,754.55,0.0,0.0,56.52,0,0.0,0.0,0.0
316.68,143.445,754.9,0.0,0.0,56.51,0,0.0,0.0,0.0
316.74,143.402,755.42,0.0,0.0,56.51,0,0.0,0.0,0.0
316.78,143.374,755.77,0.0,0.0,56.5,0,0.0,0.0,0.0
316.84,143.332,756.29,0.0,0.0,56.5,0,0.0,0.0,0.0
316.88,143.304,756.64,0.0,0.0,56.49,0,0.0,0.0,0.0
316.94,143.261,757.17,0.0,0.0,56.49,0,0.0,0.0,0.0
316.98,143.233,757.52,0.0,0.0,56.48,0,0.0,0.0,0.0
317.04,143.191,758.04,0.0,0.0,56.48,0,0.0,0.0,0.0
317.1,143.148,758.57,0.0,0.0,56.47,0,0.0,0.0,0.0
317.14,143.12,758.92,0.0,0.0,56.47,0,0.0,0.0,0.0
317.2,143.078,759.44,0.0,0.0,56.46,0,0.0,0.0,0.0
317.24,143.049,759.79,0.0,0.0,56.46,0,0.0,0.0,0.0
317.3,143.007,760.32,0.0,0.0,56.45,0,0.0,0.0,0.0
317.36,142.964,760.84,0.0,0.0,56.44,0,0.0,0.0,0.0
317.38,142.95,761.02,0.0,0.0,56.44,0,0.0,0.0,0.0
317.38,142.936,761.54,0.0,0.0,56.44,0,0.0,0.0,0.0
317.48,142.879,761.89,0.0,0.0,56.43,0,0.0,0.0,0.0
317.54,142.837,762.42,0.0,0.0,56.43,0,0.0,0.0,0.0
317.58,142.808,762.77,0.0,0.0,56.42,0,0.0,0.0,0.0
317.64,142.765,763.3,0.0,0.0,56.42,0,0.0,0.0,0.0
317.68,142.737,763.65,0.0,0.0,56.41,0,0.0,0.0,0.0
317.74,142.694,764.17,0.0,0.0,56.41,0,0.0,0.0,0.0
317.78,142.666,764.52,0.0,0.0,56.4,0,0.0,0.0,0.0
317.84,142.623,765.05,0.0,0.0,56.4,0,0.0,0.0,0.0
317.88,142.594,765.4,0.0,0.0,56.39,0,0.0,0.0,0.0
317.94,142.551,765.92,0.0,0.0,56.39,0,0.0,0.0,0.0
317.98,142.523,766.27,0.0,0.0,56.38,0,0.0,0.0,0.0
318.04,142.48,766.8,0.0,0.0,56.38,0,0.0,0.0,0.0
318.1,142.437,767.33,0.0,0.0,56.37,0,0.0,0.0,0.0
318.14,142.408,767.68,0.0,0.0,56.37,0,0.0,0.0,0.0
318.2,142.365,768.2,0.0,0.0,56.36,0,0.0,0.0,0.0
318.24,142.337,768.55,0.0,0.0,56.36,0,0.0,0.0,0.0
318.3,142.293,769.08,0.0,0.0,56.35,0,0.0,0.0,0.0
318.34,142.265,769.43,0.0,0.0,56.35,0,0.0,0.0,0.0
318.4,142.222,769.96,0.0,0.0,56.34,0,0.0,0.0,0.0
318.44,142.193,770.31,0.0,0.0,56.34,0,0.0,0.0,0.0
318.5,142.15,770.83,0.0,0.0,56.33,0,0.0,0.0,0.0
318.54,142.121,771.18,0.0,0.0,56.33,0,0.0,0.0,0.0
318.58,142.092,771.53,0.0,0.0,56.32,0,0.0,0.0,0.0
318.64,142.049,772.06,0.0,0.0,56.32,0,0.0,0.0,0.0
318.7,142.005,772.59,0.0,0.0,56.31,0,0.0,0.0,0.0
318.74,141.977,772.94,0.0,0.0,56.31,0,0.0,0.0,0.0
318.8,141.933,773.46,0.0,0.0,56.3,0,0.0,0.0,0.0
318.84,141.904,773.82,0.0,0.0,56.3,0,0.0,0.0,0.0
318.9,141.861,774.34,0.0,0.0,56.29,0,0.0,0.0,0.0
318.94,141.832,774.69,0.0,0.0,56.29,0,0.0,0.0,0.0
319.0,141.788,775.22,0.0,0.0,56.28,0,0.0,0.0,0.0
319.04,141.759,775.57,0.0,0.0,56.28,0,0.0,0.0,0.0
319.1,141.716,776.1,0.0,0.0,56.27,0,0.0,0.0,0.0
319.14,141.687,776.45,0.0,0.0,56.27,0,0.0,0.0,0.0
319.2,141.643,776.98,0.0,0.0,56.26,0,0.0,0.0,0.0
319.26,141.6,777.5,0.0,0.0,56.25,0,0.0,0.0,0.0
319.3,141.571,777.85,0.0,0.0,56.25,0,0.0,0.0,0.0
319.36,141.527,778.38,0.0,0.0,56.24,0,0.0,0.0,0.0
319.4,141.498,778.73,0.0,0.0,56.24,0,0.0,0.0,0.0
319.46,141.454,779.26,0.0,0.0,56.23,0,0.0,0.0,0.0
319.5,141.425,779.61,0.0,0.0,56.23,0,0.0,0.0,0.0
319.56,141.381,780.14,0.0,0.0,56.22,0,0.0,0.0,0.0
319.6,141.352,780.49,0.0,0.0,56.22,0,0.0,0.0,0.0
319.66,141.308,781.02,0.0,0.0,56.21,0,0.0,0.0,0.0
319.7,141.279,781.37,0.0,0.0,56.21,0,0.0,0.0,0.0
319.76,141.235,781.9,0.0,0.0,56.2,0,0.0,0.0,0.0
319.8,141.206,782.25,0.0,0.0,56.2,0,0.0,0.0,0.0
319.86,141.162,782.78,0.0,0.0,56.19,0,0.0,0.0,0.0
319.92,141.118,783.3,0.0,0.0,56.19,0,0.0,0.0,0.0
319.96,141.088,783.66,0.0,0.0,56.18,0,0.0,0.0,0.0
320.02,141.044,784.18,0.0,0.0,56.18,0,0.0,0.0,0.0
320.06,141.015,784.54,0.0,0.0,56.17,0,0.0,0.0,0.0
320.1,140.986,784.89,0.0,0.0,56.17,0,0.0,0.0,0.0
320.16,140.941,785.42,0.0,0.0,56.16,0,0.0,0.0,0.0
320.22,140.897,785.94,0.0,0.0,56.16,0,0.0,0.0,0.0
320.26,140.868,786.3,0.0,0.0,56.15,0,0.0,0.0,0.0
320.32,140.824,786.82,0.0,0.0,56.15,0,0.0,0.0,0.0
320.36,140.794,787.18,0.0,0.0,56.14,0,0.0,0.0,0.0
320.42,140.75,787.7,0.0,0.0,56.14,0,0.0,0.0,0.0
320.48,140.706,788.23,0.0,0.0,56.13,0,0.0,0.0,0.0
320.52,140.676,788.58,0.0,0.0,56.13,0,0.0,0.0,0.0
320.58,140.632,789.11,0.0,0.0,56.12,0,0.0,0.0,0.0
320.62,140.602,789.46,0.0,0.0,56.12,0,0.0,0.0,0.0
320.68,140.558,789.99,0.0,0.0,56.11,0,0.0,0.0,0.0
320.72,140.528,790.34,0.0,0.0,56.11,0,0.0,0.0,0.0
320.78,140.484,790.87,0.0,0.0,56.1,0,0.0,0.0,0.0
320.82,140.454,791.23,0.0,0.0,56.1,0,0.0,0.0,0.0
320.88,140.409,791.75,0.0,0.0,56.09,0,0.0,0.0,0.0
320.92,140.38,792.11,0.0,0.0,56.09,0,0.0,0.0,0.0
320.98,140.335,792.63,0.0,0.0,56.08,0,0.0,0.0,0.0
321.02,140.305,792.99,0.0,0.0,56.08,0,0.0,0.0,0.0
321.08,140.261,793.52,0.0,0.0,56.07,0,0.0,0.0,0.0
321.14,140.216,794.04,0.0,0.0,56.06,0,0.0,0.0,0.0
321.18,140.186,794.4,0.0,0.0,56.06,0,0.0,0.0,0.0
321.24,140.142,794.93,0.0,0.0,56.05,0,0.0,0.0,0.0
321.28,140.112,795.28,0.0,0.0,56.05,0,0.0,0.0,0.0
321.34,140.067,795.81,0.0,0.0,56.04,0,0.0,0.0,0.0
321.38,140.037,796.16,0.0,0.0,56.04,0,0.0,0.0,0.0
321.44,139.992,796.69,0.0,0.0,56.03,0,0.0,0.0,0.0
321.44,139.992,796.69,0.0,0.0,56.03,0,0.0,0.0,0.0
321.48,139.962,797.04,0.0,0.0,56.03,0,0.0,0.0,0.0
321.48,139.947,797.39,0.0,0.0,56.02,0,0.0,0.0,0.0
321.58,139.887,797.92,0.0,0.0,56.02,0,0.0,0.0,0.0
321.62,139.858,798.28,0.0,0.0,56.02,0,0.0,0.0,0.0
321.68,139.813,798.81,0.0,0.0,56.01,0,0.0,0.0,0.0
321.74,139.768,799.33,0.0,0.0,56.0,0,0.0,0.0,0.0
321.78,139.737,799.69,0.0,0.0,56.0,0,0.0,0.0,0.0
321.84,139.692,800.22,0.0,0.0,55.99,0,0.0,0.0,0.0
321.88,139.662,800.57,0.0,0.0,55.99,0,0.0,0.0,0.0
321.94,139.617,801.1,0.0,0.0,55.98,0,0.0,0.0,0.0
321.98,139.587,801.45,0.0,0.0,55.98,0,0.0,0.0,0.0
322.04,139.542,801.98,0.0,0.0,55.97,0,0.0,0.0,0.0
322.08,139.512,802.34,0.0,0.0,55.97,0,0.0,0.0,0.0
322.14,139.467,802.86,0.0,0.0,55.96,0,0.0,0.0,0.0
322.18,139.436,803.22,0.0,0.0,55.96,0,0.0,0.0,0.0
322.24,139.391,803.75,0.0,0.0,55.95,0,0.0,0.0,0.0
322.3,139.346,804.28,0.0,0.0,55.95,0,0.0,0.0,0.0
322.34,139.316,804.63,0.0,0.0,55.94,0,0.0,0.0,0.0
322.4,139.27,805.16,0.0,0.0,55.94,0,0.0,0.0,0.0
322.44,139.24,805.51,0.0,0.0,55.93,0,0.0,0.0,0.0
322.5,139.194,806.04,0.0,0.0,55.93,0,0.0,0.0,0.0
322.54,139.164,806.4,0.0,0.0,55.92,0,0.0,0.0,0.0
322.6,139.119,806.93,0.0,0.0,55.92,0,0.0,0.0,0.0
322.66,139.073,807.46,0.0,0.0,55.91,0,0.0,0.0,0.0
322.7,139.043,807.81,0.0,0.0,55.91,0,0.0,0.0,0.0
322.76,138.997,808.34,0.0,0.0,55.9,0,0.0,0.0,0.0
322.8,138.967,808.69,0.0,0.0,55.9,0,0.0,0.0,0.0
322.86,138.921,809.22,0.0,0.0,55.89,0,0.0,0.0,0.0
322.9,138.891,809.58,0.0,0.0,55.89,0,0.0,0.0,0.0
322.96,138.845,810.11,0.0,0.0,55.88,0,0.0,0.0,0.0
323.0,138.814,810.46,0.0,0.0,55.88,0,0.0,0.0,0.0
323.06,138.769,810.99,0.0,0.0,55.87,0,0.0,0.0,0.0
323.1,138.738,811.35,0.0,0.0,55.87,0,0.0,0.0,0.0
323.16,138.692,811.88,0.0,0.0,55.86,0,0.0,0.0,0.0
323.2,138.662,812.23,0.0,0.0,55.86,0,0.0,0.0,0.0
323.26,138.616,812.76,0.0,0.0,55.85,0,0.0,0.0,0.0
323.3,138.585,813.11,0.0,0.0,55.85,0,0.0,0.0,0.0
323.36,138.539,813.65,0.0,0.0,55.84,0,0.0,0.0,0.0
323.4,138.509,814.0,0.0,0.0,55.84,0,0.0,0.0,0.0
323.46,138.463,814.53,0.0,0.0,55.83,0,0.0,0.0,0.0
323.5,138.432,814.88,0.0,0.0,55.83,0,0.0,0.0,0.0
323.56,138.386,815.41,0.0,0.0,55.82,0,0.0,0.0,0.0
323.6,138.355,815.77,0.0,0.0,55.82,0,0.0,0.0,0.0
323.66,138.309,816.3,0.0,0.0,55.81,0,0.0,0.0,0.0
323.7,138.279,816.65,0.0,0.0,55.81,0,0.0,0.0,0.0
323.76,138.232,817.18,0.0,0.0,55.8,0,0.0,0.0,0.0
323.82,138.186,817.72,0.0,0.0,55.8,0,0.0,0.0,0.0
323.86,138.155,818.07,0.0,0.0,55.79,0,0.0,0.0,0.0
323.92,138.109,818.6,0.0,0.0,55.79,0,0.0,0.0,0.0
323.96,138.078,818.96,0.0,0.0,55.78,0,0.0,0.0,0.0
324.02,138.032,819.49,0.0,0.0,55.78,0,0.0,0.0,0.0
324.06,138.001,819.84,0.0,0.0,55.77,0,0.0,0.0,0.0
324.12,137.955,820.37,0.0,0.0,55.77,0,0.0,0.0,0.0
324.16,137.924,820.73,0.0,0.0,55.76,0,0.0,0.0,0.0
324.22,137.877,821.26,0.0,0.0,55.76,0,0.0,0.0,0.0
324.28,137.831,821.79,0.0,0.0,55.75,0,0.0,0.0,0.0
324.32,137.8,822.14,0.0,0.0,55.75,0,0.0,0.0,0.0
324.38,137.754,822.68,0.0,0.0,55.74,0,0.0,0.0,0.0
324.42,137.722,823.03,0.0,0.0,55.74,0,0.0,0.0,0.0
324.48,137.676,823.56,0.0,0.0,55.73,0,0.0,0.0,0.0
324.52,137.645,823.92,0.0,0.0,55.73,0,0.0,0.0,0.0
324.58,137.598,824.45,0.0,0.0,55.72,0,0.0,0.0,0.0
324.62,137.567,824.8,0.0,0.0,55.72,0,0.0,0.0,0.0
324.68,137.521,825.33,0.0,0.0,55.71,0,0.0,0.0,0.0
324.72,137.489,825.69,0.0,0.0,55.71,0,0.0,0.0,0.0
324.78,137.443,826.22,0.0,0.0,55.7,0,0.0,0.0,0.0
324.82,137.411,826.57,0.0,0.0,55.7,0,0.0,0.0,0.0
324.88,137.365,827.11,0.0,0.0,55.69,0,0.0,0.0,0.0
324.94,137.318,827.64,0.0,0.0,55.68,0,0.0,0.0,0.0
324.98,137.287,827.99,0.0,0.0,55.68,0,0.0,0.0,0.0
325.04,137.24,828.53,0.0,0.0,55.67,0,0.0,0.0,0.0
325.08,137.209,828.88,0.0,0.0,55.67,0,0.0,0.0,0.0
325.14,137.162,829.41,0.0,0.0,55.66,0,0.0,0.0,0.0
325.18,137.13,829.77,0.0,0.0,55.66,0,0.0,0.0,0.0
325.24,137.083,830.3,0.0,0.0,55.65,0,0.0,0.0,0.0
325.3,137.036,830.83,0.0,0.0,55.65,0,0.0,0.0,0.0
325.34,137.005,831.19,0.0,0.0,55.64,0,0.0,0.0,0.0
325.4,136.958,831.72,0.0,0.0,55.64,0,0.0,0.0,0.0
325.44,136.926,832.07,0.0,0.0,55.63,0,0.0,0.0,0.0
325.5,136.879,832.61,0.0,0.0,55.63,0,0.0,0.0,0.0
325.54,136.848,832.96,0.0,0.0,55.62,0,0.0,0.0,0.0
325.6,136.801,833.49,0.0,0.0,55.62,0,0.0,0.0,0.0
325.64,136.769,833.85,0.0,0.0,55.61,0,0.0,0.0,0.0
325.7,136.722,834.38,0.0,0.0,55.61,0,0.0,0.0,0.0
325.74,136.69,834.74,0.0,0.0,55.6,0,0.0,0.0,0.0
325.8,136.643,835.27,0.0,0.0,55.6,0,0.0,0.0,0.0
325.84,136.612,835.63,0.0,0.0,55.59,0,0.0,0.0,0.0
325.9,136.564,836.16,0.0,0.0,55.59,0,0.0,0.0,0.0
325.94,136.533,836.51,0.0,0.0,55.58,0,0.0,0.0,0.0
325.98,136.501,836.87,0.0,0.0,55.58,0,0.0,0.0,0.0
326.04,136.454,837.4,0.0,0.0,55.57,0,0.0,0.0,0.0
326.1,136.406,837.93,0.0,0.0,55.57,0,0.0,0.0,0.0
326.14,136.374,838.29,0.0,0.0,55.56,0,0.0,0.0,0.0
326.2,136.327,838.82,0.0,0.0,55.56,0,0.0,0.0,0.0
326.26,136.279,839.36,0.0,0.0,55.55,0,0.0,0.0,0.0
326.3,136.248,839.71,0.0,0.0,55.55,0,0.0,0.0,0.0
326.36,136.2,840.24,0.0,0.0,55.54,0,0.0,0.0,0.0
326.4,136.168,840.6,0.0,0.0,55.54,0,0.0,0.0,0.0
326.46,136.121,841.13,0.0,0.0,55.53,0,0.0,0.0,0.0
326.5,136.089,841.49,0.0,0.0,55.53,0,0.0,0.0,0.0
326.56,136.041,842.02,0.0,0.0,55.52,0,0.0,0.0,0.0
326.6,136.009,842.38,0.0,0.0,55.52,0,0.0,0.0,0.0
326.66,135.961,842.91,0.0,0.0,55.51,0,0.0,0.0,0.0
326.7,135.93,843.27,0.0,0.0,55.51,0,0.0,0.0,0.0
326.76,135.882,843.8,0.0,0.0,55.5,0,0.0,0.0,0.0
326.8,135.85,844.16,0.0,0.0,55.5,0,0.0,0.0,0.0
326.86,135.802,844.69,0.0,0.0,55.49,0,0.0,0.0,0.0
326.92,135.754,845.22,0.0,0.0,55.49,0,0.0,0.0,0.0
326.96,135.722,845.58,0.0,0.0,55.48,0,0.0,0.0,0.0
327.02,135.674,846.11,0.0,0.0,55.48,0,0.0,0.0,0.0
327.06,135.642,846.47,0.0,0.0,55.47,0,0.0,0.0,0.0
327.12,135.594,847.0,0.0,0.0,55.47,0,0.0,0.0,0.0
327.16,135.562,847.36,0.0,0.0,55.46,0,0.0,0.0,0.0
327.22,135.514,847.89,0.0,0.0,55.46,0,0.0,0.0,0.0
327.26,135.482,848.25,0.0,0.0,55.45,0,0.0,0.0,0.0
327.32,135.434,848.78,0.0,0.0,55.45,0,0.0,0.0,0.0
327.36,135.402,849.14,0.0,0.0,55.44,0,0.0,0.0,0.0
327.42,135.353,849.67,0.0,0.0,55.44,0,0.0,0.0,0.0
327.48,135.305,850.21,0.0,0.0,55.43,0,0.0,0.0,0.0
327.52,135.273,850.56,0.0,0.0,55.43,0,0.0,0.0,0.0
327.58,135.225,851.1,0.0,0.0,55.42,0,0.0,0.0,0.0
327.62,135.192,851.45,0.0,0.0,55.42,0,0.0,0.0,0.0
327.68,135.144,851.99,0.0,0.0,55.41,0,0.0,0.0,0.0
327.72,135.112,852.34,0.0,0.0,55.4,0,0.0,0.0,0.0
327.78,135.063,852.88,0.0,0.0,55.4,0,0.0,0.0,0.0
327.82,135.031,853.23,0.0,0.0,55.39,0,0.0,0.0,0.0
327.88,134.983,853.77,0.0,0.0,55.39,0,0.0,0.0,0.0
327.94,134.934,854.3,0.0,0.0,55.38,0,0.0,0.0,0.0
327.98,134.902,854.66,0.0,0.0,55.38,0,0.0,0.0,0.0
328.04,134.853,855.19,0.0,0.0,55.37,0,0.0,0.0,0.0
328.08,134.821,855.55,0.0,0.0,55.37,0,0.0,0.0,0.0
328.14,134.772,856.08,0.0,0.0,55.36,0,0.0,0.0,0.0
328.18,134.74,856.44,0.0,0.0,55.36,0,0.0,0.0,0.0
328.24,134.691,856.97,0.0,0.0,55.35,0,0.0,0.0,0.0
328.28,134.659,857.33,0.0,0.0,55.35,0,0.0,0.0,0.0
328.34,134.61,857.87,0.0,0.0,55.34,0,0.0,0.0,0.0
328.38,134.577,858.22,0.0,0.0,55.34,0,0.0,0.0,0.0
328.44,134.529,858.76,0.0,0.0,55.33,0,0.0,0.0,0.0
328.5,134.48,859.29,0.0,0.0,55.33,0,0.0,0.0,0.0
328.54,134.447,859.65,0.0,0.0,55.32,0,0.0,0.0,0.0
328.6,134.398,860.18,0.0,0.0,55.32,0,0.0,0.0,0.0
328.64,134.366,860.54,0.0,0.0,55.31,0,0.0,0.0,0.0
328.7,134.317,861.07,0.0,0.0,55.31,0,0.0,0.0,0.0
328.74,134.284,861.43,0.0,0.0,55.3,0,0.0,0.0,0.0
328.8,134.235,861.97,0.0,0.0,55.3,0,0.0,0.0,0.0
328.84,134.202,862.32,0.0,0.0,55.29,0,0.0,0.0,0.0
328.9,134.153,862.86,0.0,0.0,55.29,0,0.0,0.0,0.0
328.96,134.104,863.39,0.0,0.0,55.28,0,0.0,0.0,0.0
329.0,134.072,863.75,0.0,0.0,55.28,0,0.0,0.0,0.0
329.06,134.022,864.29,0.0,0.0,55.27,0,0.0,0.0,0.0
329.1,133.99,864.64,0.0,0.0,55.27,0,0.0,0.0,0.0
329.16,133.94,865.18,0.0,0.0,55.26,0,0.0,0.0,0.0
329.2,133.908,865.53,0.0,0.0,55.25,0,0.0,0.0,0.0
329.26,133.858,866.07,0.0,0.0,55.25,0,0.0,0.0,0.0
329.3,133.826,866.43,0.0,0.0,55.25,0,0.0,0.0,0.0
329.36,133.776,866.96,0.0,0.0,55.24,0,0.0,0.0,0.0
329.4,133.743,867.32,0.0,0.0,55.24,0,0.0,0.0,0.0
329.46,133.694,867.86,0.0,0.0,55.23,0,0.0,0.0,0.0
329.5,133.661,868.21,0.0,0.0,55.23,0,0.0,0.0,0.0
329.56,133.612,868.75,0.0,0.0,55.22,0,0.0,0.0,0.0
329.6,133.579,869.11,0.0,0.0,55.22,0,0.0,0.0,0.0
329.66,133.529,869.64,0.0,0.0,55.21,0,0.0,0.0,0.0
329.7,133.496,870.0,0.0,0.0,55.21,0,0.0,0.0,0.0
329.76,133.447,870.53,0.0,0.0,55.2,0,0.0,0.0,0.0
329.8,133.414,870.89,0.0,0.0,55.2,0,0.0,0.0,0.0
329.86,133.364,871.43,0.0,0.0,55.19,0,0.0,0.0,0.0
329.9,133.331,871.78,0.0,0.0,55.19,0,0.0,0.0,0.0
329.96,133.281,872.32,0.0,0.0,55.18,0,0.0,0.0,0.0
330.0,133.248,872.68,0.0,0.0,55.18,0,0.0,0.0,0.0
330.06,133.199,873.21,0.0,0.0,55.17,0,0.0,0.0,0.0
330.1,133.165,873.57,0.0,0.0,55.17,0,0.0,0.0,0.0
330.16,133.116,874.11,0.0,0.0,55.16,0,0.0,0.0,0.0
330.22,133.066,874.64,0.0,0.0,55.15,0,0.0,0.0,0.0
330.26,133.033,875.0,0.0,0.0,55.15,0,0.0,0.0,0.0
330.3,132.999,875.36,0.0,0.0,55.15,0,0.0,0.0,0.0
330.36,132.949,875.89,0.0,0.0,55.14,0,0.0,0.0,0.0
330.4,132.916,876.25,0.0,0.0,55.14,0,0.0,0.0,0.0
330.46,132.866,876.79,0.0,0.0,55.13,0,0.0,0.0,0.0
330.52,132.816,877.32,0.0,0.0,55.12,0,0.0,0.0,0.0
330.56,132.783,877.68,0.0,0.0,55.12,0,0.0,0.0,0.0
330.62,132.733,878.22,0.0,0.0,55.11,0,0.0,0.0,0.0
330.66,132.7,878.58,0.0,0.0,55.11,0,0.0,0.0,0.0
330.72,132.65,879.11,0.0,0.0,55.1,0,0.0,0.0,0.0
330.76,132.616,879.47,0.0,0.0,55.1,0,0.0,0.0,0.0
330.82,132.566,880.01,0.0,0.0,55.09,0,0.0,0.0,0.0
330.86,132.533,880.36,0.0,0.0,55.09,0,0.0,0.0,0.0
330.92,132.482,880.9,0.0,0.0,55.08,0,0.0,0.0,0.0
330.96,132.449,881.26,0.0,0.0,55.08,0,0.0,0.0,0.0
331.02,132.399,881.8,0.0,0.0,55.07,0,0.0,0.0,0.0
331.06,132.365,882.15,0.0,0.0,55.07,0,0.0,0.0,0.0
331.12,132.315,882.69,0.0,0.0,55.06,0,0.0,0.0,0.0
331.18,132.265,883.23,0.0,0.0,55.06,0,0.0,0.0,0.0
331.22,132.231,883.58,0.0,0.0,55.05,0,0.0,0.0,0.0
331.28,132.181,884.12,0.0,0.0,55.05,0,0.0,0.0,0.0
331.32,132.147,884.48,0.0,0.0,55.04,0,0.0,0.0,0.0
331.38,132.097,885.02,0.0,0.0,55.04,0,0.0,0.0,0.0
331.42,132.063,885.37,0.0,0.0,55.03,0,0.0,0.0,0.0
331.48,132.012,885.91,0.0,0.0,55.03,0,0.0,0.0,0.0
331.52,131.979,886.27,0.0,0.0,55.02,0,0.0,0.0,0.0
331.58,131.928,886.81,0.0,0.0,55.02,0,0.0,0.0,0.0
331.64,131.878,887.34,0.0,0.0,55.01,0,0.0,0.0,0.0
331.68,131.844,887.7,0.0,0.0,55.01,0,0.0,0.0,0.0
331.74,131.793,888.24,0.0,0.0,55.0,0,0.0,0.0,0.0
331.78,131.759,888.6,0.0,0.0,55.0,0,0.0,0.0,0.0
331.84,131.709,889.13,0.0,0.0,54.99,0,0.0,0.0,0.0
331.88,131.675,889.49,0.0,0.0,54.99,0,0.0,0.0,0.0
331.94,131.624,890.03,0.0,0.0,54.98,0,0.0,0.0,0.0
331.98,131.59,890.39,0.0,0.0,54.98,0,0.0,0.0,0.0
332.04,131.539,890.93,0.0,0.0,54.97,0,0.0,0.0,0.0
332.08,131.506,891.28,0.0,0.0,54.97,0,0.0,0.0,0.0
332.14,131.455,891.82,0.0,0.0,54.96,0,0.0,0.0,0.0
332.18,131.421,892.18,0.0,0.0,54.96,0,0.0,0.0,0.0
332.24,131.37,892.72,0.0,0.0,54.95,0,0.0,0.0,0.0
332.28,131.336,893.08,0.0,0.0,54.95,0,0.0,0.0,0.0
332.34,131.285,893.61,0.0,0.0,54.94,0,0.0,0.0,0.0
332.38,131.251,893.97,0.0,0.0,54.94,0,0.0,0.0,0.0
332.44,131.2,894.51,0.0,0.0,54.93,0,0.0,0.0,0.0
332.5,131.149,895.05,0.0,0.0,54.93,0,0.0,0.0,0.0
332.54,131.115,895.41,0.0,0.0,54.92,0,0.0,0.0,0.0
332.6,131.063,895.94,0.0,0.0,54.92,0,0.0,0.0,0.0
332.64,131.029,896.3,0.0,0.0,54.91,0,0.0,0.0,0.0
332.7,130.978,896.84,0.0,0.0,54.91,0,0.0,0.0,0.0
332.74,130.944,897.2,0.0,0.0,54.9,0,0.0,0.0,0.0
332.78,130.91,897.56,0.0,0.0,54.9,0,0.0,0.0,0.0
332.84,130.859,898.09,0.0,0.0,54.89,0,0.0,0.0,0.0
332.9,130.807,898.63,0.0,0.0,54.89,0,0.0,0.0,0.0
332.96,130.756,899.17,0.0,0.0,54.88,0,0.0,0.0,0.0
333.0,130.722,899.53,0.0,0.0,54.88,0,0.0,0.0,0.0
333.06,130.67,900.07,0.0,0.0,54.87,0,0.0,0.0,0.0
333.1,130.636,900.43,0.0,0.0,54.87,0,0.0,0.0,0.0
333.16,130.585,900.96,0.0,0.0,54.86,0,0.0,0.0,0.0
333.22,130.533,901.5,0.0,0.0,54.85,0,0.0,0.0,0.0
333.26,130.499,901.86,0.0,0.0,54.85,0,0.0,0.0,0.0
333.32,130.447,902.4,0.0,0.0,54.84,0,0.0,0.0,0.0
333.36,130.413,902.76,0.0,0.0,54.84,0,0.0,0.0,0.0
333.42,130.361,903.3,0.0,0.0,54.83,0,0.0,0.0,0.0
333.46,130.327,903.66,0.0,0.0,54.83,0,0.0,0.0,0.0
333.52,130.275,904.19,0.0,0.0,54.82,0,0.0,0.0,0.0
333.56,130.241,904.55,0.0,0.0,54.82,0,0.0,0.0,0.0
333.62,130.189,905.09,0.0,0.0,54.81,0,0.0,0.0,0.0
333.66,130.155,905.45,0.0,0.0,54.81,0,0.0,0.0,0.0
333.72,130.103,905.99,0.0,0.0,54.8,0,0.0,0.0,0.0
333.76,130.068,906.35,0.0,0.0,54.8,0,0.0,0.0,0.0
333.82,130.016,906.89,0.0,0.0,54.79,0,0.0,0.0,0.0
333.86,129.982,907.25,0.0,0.0,54.79,0,0.0,0.0,0.0
333.92,129.93,907.79,0.0,0.0,54.78,0,0.0,0.0,0.0
333.98,129.878,908.32,0.0,0.0,54.78,0,0.0,0.0,0.0
334.02,129.843,908.68,0.0,0.0,54.77,0,0.0,0.0,0.0
334.08,129.791,909.22,0.0,0.0,54.77,0,0.0,0.0,0.0
334.12,129.757,909.58,0.0,0.0,54.76,0,0.0,0.0,0.0
334.18,129.705,910.12,0.0,0.0,54.76,0,0.0,0.0,0.0
334.22,129.67,910.48,0.0,0.0,54.75,0,0.0,0.0,0.0
334.28,129.618,911.02,0.0,0.0,54.75,0,0.0,0.0,0.0
334.32,129.583,911.38,0.0,0.0,54.74,0,0.0,0.0,0.0
334.38,129.531,911.92,0.0,0.0,54.74,0,0.0,0.0,0.0
334.42,129.496,912.28,0.0,0.0,54.73,0,0.0,0.0,0.0
334.48,129.444,912.82,0.0,0.0,54.73,0,0.0,0.0,0.0
334.54,129.392,913.35,0.0,0.0,54.72,0,0.0,0.0,0.0
334.6,129.34,913.89,0.0,0.0,54.71,0,0.0,0.0,0.0
334.64,129.305,914.25,0.0,0.0,54.71,0,0.0,0.0,0.0
334.7,129.252,914.79,0.0,0.0,54.7,0,0.0,0.0,0.0
334.76,129.2,915.33,0.0,0.0,54.7,0,0.0,0.0,0.0
334.82,129.148,915.87,0.0,0.0,54.69,0,0.0,0.0,0.0
334.88,129.095,916.41,0.0,0.0,54.69,0,0.0,0.0,0.0
334.92,129.06,916.77,0.0,0.0,54.68,0,0.0,0.0,0.0
334.98,129.008,917.31,0.0,0.0,54.68,0,0.0,0.0,0.0
335.02,128.973,917.67,0.0,0.0,54.67,0,0.0,0.0,0.0
335.08,128.92,918.21,0.0,0.0,54.67,0,0.0,0.0,0.0
335.12,128.885,918.57,0.0,0.0,54.66,0,0.0,0.0,0.0
335.16,128.85,918.93,0.0,0.0,54.66,0,0.0,0.0,0.0
335.24,128.78,919.65,0.0,0.0,54.65,0,0.0,0.0,0.0
335.28,128.745,920.01,0.0,0.0,54.65,0,0.0,0.0,0.0
335.32,128.71,920.37,0.0,0.0,54.64,0,0.0,0.0,0.0
335.38,128.657,920.91,0.0,0.0,54.64,0,0.0,0.0,0.0
335.44,128.604,921.45,0.0,0.0,54.63,0,0.0,0.0,0.0
335.48,128.569,921.81,0.0,0.0,54.63,0,0.0,0.0,0.0
335.54,128.516,922.35,0.0,0.0,54.62,0,0.0,0.0,0.0
335.58,128.481,922.71,0.0,0.0,54.62,0,0.0,0.0,0.0
335.64,128.428,923.24,0.0,0.0,54.61,0,0.0,0.0,0.0
335.68,128.393,923.6,0.0,0.0,54.61,0,0.0,0.0,0.0
335.74,128.34,924.14,0.0,0.0,54.6,0,0.0,0.0,0.0
335.78,128.305,924.5,0.0,0.0,54.6,0,0.0,0.0,0.0
335.84,128.252,925.04,0.0,0.0,54.59,0,0.0,0.0,0.0
335.88,128.217,925.4,0.0,0.0,54.59,0,0.0,0.0,0.0
335.94,128.164,925.94,0.0,0.0,54.58,0,0.0,0.0,0.0
335.98,128.128,926.3,0.0,0.0,54.58,0,0.0,0.0,0.0
336.04,128.075,926.84,0.0,0.0,54.57,0,0.0,0.0,0.0
336.1,128.022,927.38,0.0,0.0,54.56,0,0.0,0.0,0.0
336.14,127.987,927.74,0.0,0.0,54.56,0,0.0,0.0,0.0
336.2,127.934,928.29,0.0,0.0,54.55,0,0.0,0.0,0.0
336.24,127.898,928.65,0.0,0.0,54.55,0,0.0,0.0,0.0
336.3,127.845,929.19,0.0,0.0,54.54,0,0.0,0.0,0.0
336.34,127.809,929.55,0.0,0.0,54.54,0,0.0,0.0,0.0
336.4,127.756,930.09,0.0,0.0,54.53,0,0.0,0.0,0.0
336.44,127.721,930.45,0.0,0.0,54.53,0,0.0,0.0,0.0
336.5,127.667,930.99,0.0,0.0,54.52,0,0.0,0.0,0.0
336.54,127.632,931.35,0.0,0.0,54.52,0,0.0,0.0,0.0
336.6,127.578,931.89,0.0,0.0,54.51,0,0.0,0.0,0.0
336.66,127.525,932.43,0.0,0.0,54.51,0,0.0,0.0,0.0
336.7,127.489,932.79,0.0,0.0,54.5,0,0.0,0.0,0.0
336.76,127.436,933.33,0.0,0.0,54.5,0,0.0,0.0,0.0
336.8,127.4,933.69,0.0,0.0,54.49,0,0.0,0.0,0.0
336.86,127.346,934.23,0.0,0.0,54.49,0,0.0,0.0,0.0
336.9,127.311,934.59,0.0,0.0,54.48,0,0.0,0.0,0.0
336.96,127.257,935.13,0.0,0.0,54.48,0,0.0,0.0,0.0
337.0,127.221,935.49,0.0,0.0,54.47,0,0.0,0.0,0.0
337.06,127.168,936.03,0.0,0.0,54.47,0,0.0,0.0,0.0
337.1,127.132,936.39,0.0,0.0,54.46,0,0.0,0.0,0.0
337.16,127.078,936.93,0.0,0.0,54.46,0,0.0,0.0,0.0
337.22,127.025,937.47,0.0,0.0,54.45,0,0.0,0.0,0.0
337.26,126.989,937.84,0.0,0.0,54.45,0,0.0,0.0,0.0
337.32,126.935,938.38,0.0,0.0,54.44,0,0.0,0.0,0.0
337.36,126.899,938.74,0.0,0.0,54.44,0,0.0,0.0,0.0
337.42,126.845,939.28,0.0,0.0,54.43,0,0.0,0.0,0.0
337.46,126.809,939.64,0.0,0.0,54.43,0,0.0,0.0,0.0
337.52,126.755,940.18,0.0,0.0,54.42,0,0.0,0.0,0.0
337.56,126.719,940.54,0.0,0.0,54.42,0,0.0,0.0,0.0
337.62,126.665,941.08,0.0,0.0,54.41,0,0.0,0.0,0.0
337.68,126.611,941.62,0.0,0.0,54.41,0,0.0,0.0,0.0
337.72,126.575,941.98,0.0,0.0,54.4,0,0.0,0.0,0.0
337.78,126.521,942.52,0.0,0.0,54.4,0,0.0,0.0,0.0
337.82,126.485,942.88,0.0,0.0,54.39,0,0.0,0.0,0.0
337.88,126.431,943.43,0.0,0.0,54.39,0,0.0,0.0,0.0
337.92,126.395,943.79,0.0,0.0,54.38,0,0.0,0.0,0.0
337.98,126.341,944.33,0.0,0.0,54.38,0,0.0,0.0,0.0
338.02,126.305,944.69,0.0,0.0,54.37,0,0.0,0.0,0.0
338.08,126.25,945.23,0.0,0.0,54.37,0,0.0,0.0,0.0
338.14,126.196,945.77,0.0,0.0,54.36,0,0.0,0.0,0.0
338.18,126.16,946.13,0.0,0.0,54.36,0,0.0,0.0,0.0
338.24,126.106,946.67,0.0,0.0,54.35,0,0.0,0.0,0.0
338.28,126.069,947.04,0.0,0.0,54.34,0,0.0,0.0,0.0
338.34,126.015,947.58,0.0,0.0,54.34,0,0.0,0.0,0.0
338.38,125.979,947.94,0.0,0.0,54.33,0,0.0,0.0,0.0
338.44,125.924,948.48,0.0,0.0,54.33,0,0.0,0.0,0.0
338.5,125.87,949.02,0.0,0.0,54.32,0,0.0,0.0,0.0
338.54,125.834,949.38,0.0,0.0,54.32,0,0.0,0.0,0.0
338.6,125.779,949.92,0.0,0.0,54.31,0,0.0,0.0,0.0
338.64,125.743,950.29,0.0,0.0,54.31,0,0.0,0.0,0.0
338.68,125.706,950.65,0.0,0.0,54.3,0,0.0,0.0,0.0
338.74,125.652,951.19,0.0,0.0,54.3,0,0.0,0.0,0.0
338.8,125.597,951.73,0.0,0.0,54.29,0,0.0,0.0,0.0
338.84,125.561,952.09,0.0,0.0,54.29,0,0.0,0.0,0.0
338.9,125.506,952.63,0.0,0.0,54.28,0,0.0,0.0,0.0
338.94,125.47,952.99,0.0,0.0,54.28,0,0.0,0.0,0.0
339.0,125.415,953.54,0.0,0.0,54.27,0,0.0,0.0,0.0
339.06,125.36,954.08,0.0,0.0,54.27,0,0.0,0.0,0.0
339.1,125.323,954.44,0.0,0.0,54.26,0,0.0,0.0,0.0
339.16,125.269,954.98,0.0,0.0,54.26,0,0.0,0.0,0.0
339.2,125.232,955.34,0.0,0.0,54.25,0,0.0,0.0,0.0
339.26,125.177,955.89,0.0,0.0,54.25,0,0.0,0.0,0.0
339.3,125.141,956.25,0.0,0.0,54.24,0,0.0,0.0,0.0
339.36,125.086,956.79,0.0,0.0,54.24,0,0.0,0.0,0.0
339.4,125.049,957.15,0.0,0.0,54.23,0,0.0,0.0,0.0
339.46,124.994,957.69,0.0,0.0,54.23,0,0.0,0.0,0.0
339.5,124.957,958.05,0.0,0.0,54.22,0,0.0,0.0,0.0
339.56,124.902,958.6,0.0,0.0,54.22,0,0.0,0.0,0.0
339.62,124.847,959.14,0.0,0.0,54.21,0,0.0,0.0,0.0
339.66,124.81,959.5,0.0,0.0,54.21,0,0.0,0.0,0.0
339.72,124.755,960.04,0.0,0.0,54.2,0,0.0,0.0,0.0
339.76,124.718,960.4,0.0,0.0,54.2,0,0.0,0.0,0.0
339.82,124.663,960.95,0.0,0.0,54.19,0,0.0,0.0,0.0
339.86,124.626,961.31,0.0,0.0,54.19,0,0.0,0.0,0.0
339.92,124.571,961.85,0.0,0.0,54.18,0,0.0,0.0,0.0
339.96,124.534,962.21,0.0,0.0,54.18,0,0.0,0.0,0.0
340.02,124.479,962.76,0.0,0.0,54.17,0,0.0,0.0,0.0
340.06,124.442,963.12,0.0,0.0,54.17,0,0.0,0.0,0.0
340.12,124.387,963.66,0.0,0.0,54.16,0,0.0,0.0,0.0
340.18,124.331,964.2,0.0,0.0,54.15,0,0.0,0.0,0.0
340.22,124.294,964.56,0.0,0.0,54.15,0,0.0,0.0,0.0
340.28,124.239,965.11,0.0,0.0,54.14,0,0.0,0.0,0.0
340.32,124.202,965.47,0.0,0.0,54.14,0,0.0,0.0,0.0
340.38,124.146,966.01,0.0,0.0,54.13,0,0.0,0.0,0.0
340.42,124.109,966.37,0.0,0.0,54.13,0,0.0,0.0,0.0
340.46,124.072,966.74,0.0,0.0,54.13,0,0.0,0.0,0.0
340.52,124.016,967.28,0.0,0.0,54.12,0,0.0,0.0,0.0
340.58,123.961,967.82,0.0,0.0,54.11,0,0.0,0.0,0.0
340.62,123.924,968.18,0.0,0.0,54.11,0,0.0,0.0,0.0
340.68,123.868,968.73,0.0,0.0,54.1,0,0.0,0.0,0.0
340.72,123.831,969.09,0.0,0.0,54.1,0,0.0,0.0,0.0
340.78,123.775,969.63,0.0,0.0,54.09,0,0.0,0.0,0.0
340.82,123.738,969.99,0.0,0.0,54.09,0,0.0,0.0,0.0
340.88,123.682,970.54,0.0,0.0,54.08,0,0.0,0.0,0.0
340.92,123.645,970.9,0.0,0.0,54.08,0,0.0,0.0,0.0
340.98,123.589,971.44,0.0,0.0,54.07,0,0.0,0.0,0.0
341.02,123.552,971.8,0.0,0.0,54.07,0,0.0,0.0,0.0
341.08,123.496,972.35,0.0,0.0,54.06,0,0.0,0.0,0.0
341.14,123.44,972.89,0.0,0.0,54.06,0,0.0,0.0,0.0
341.18,123.403,973.25,0.0,0.0,54.05,0,0.0,0.0,0.0
341.24,123.347,973.8,0.0,0.0,54.05,0,0.0,0.0,0.0
341.28,123.309,974.16,0.0,0.0,54.04,0,0.0,0.0,0.0
341.34,123.253,974.7,0.0,0.0,54.04,0,0.0,0.0,0.0
341.38,123.216,975.06,0.0,0.0,54.03,0,0.0,0.0,0.0
341.44,123.16,975.61,0.0,0.0,54.03,0,0.0,0.0,0.0
341.5,123.103,976.15,0.0,0.0,54.02,0,0.0,0.0,0.0
341.54,123.066,976.51,0.0,0.0,54.02,0,0.0,0.0,0.0
341.6,123.01,977.06,0.0,0.0,54.01,0,0.0,0.0,0.0
341.64,122.972,977.42,0.0,0.0,54.01,0,0.0,0.0,0.0
341.7,122.916,977.96,0.0,0.0,54.0,0,0.0,0.0,0.0
341.74,122.878,978.32,0.0,0.0,54.0,0,0.0,0.0,0.0
341.8,122.822,978.87,0.0,0.0,53.99,0,0.0,0.0,0.0
341.84,122.785,979.23,0.0,0.0,53.99,0,0.0,0.0,0.0
341.9,122.728,979.77,0.0,0.0,53.98,0,0.0,0.0,0.0
341.94,122.691,980.14,0.0,0.0,53.98,0,0.0,0.0,0.0
342.0,122.634,980.68,0.0,0.0,53.97,0,0.0,0.0,0.0
342.04,122.596,981.04,0.0,0.0,53.97,0,0.0,0.0,0.0
342.1,122.54,981.59,0.0,0.0,53.96,0,0.0,0.0,0.0
342.14,122.502,981.95,0.0,0.0,53.96,0,0.0,0.0,0.0
342.2,122.446,982.49,0.0,0.0,53.95,0,0.0,0.0,0.0
342.24,122.408,982.86,0.0,0.0,53.95,0,0.0,0.0,0.0
342.3,122.351,983.4,0.0,0.0,53.94,0,0.0,0.0,0.0
342.36,122.295,983.94,0.0,0.0,53.93,0,0.0,0.0,0.0
342.4,122.257,984.31,0.0,0.0,53.93,0,0.0,0.0,0.0
342.46,122.2,984.85,0.0,0.0,53.92,0,0.0,0.0,0.0
342.5,122.162,985.21,0.0,0.0,53.92,0,0.0,0.0,0.0
342.56,122.106,985.76,0.0,0.0,53.91,0,0.0,0.0,0.0
342.6,122.068,986.12,0.0,0.0,53.91,0,0.0,0.0,0.0
342.66,122.011,986.66,0.0,0.0,53.9,0,0.0,0.0,0.0
342.7,121.973,987.03,0.0,0.0,53.9,0,0.0,0.0,0.0
342.76,121.916,987.57,0.0,0.0,53.89,0,0.0,0.0,0.0
342.8,121.878,987.93,0.0,0.0,53.89,0,0.0,0.0,0.0
342.86,121.821,988.48,0.0,0.0,53.88,0,0.0,0.0,0.0
342.9,121.783,988.84,0.0,0.0,53.88,0,0.0,0.0,0.0
342.96,121.726,989.38,0.0,0.0,53.87,0,0.0,0.0,0.0
343.0,121.688,989.75,0.0,0.0,53.87,0,0.0,0.0,0.0
343.06,121.631,990.29,0.0,0.0,53.86,0,0.0,0.0,0.0
343.12,121.574,990.84,0.0,0.0,53.86,0,0.0,0.0,0.0
343.16,121.536,991.2,0.0,0.0,53.85,0,0.0,0.0,0.0
343.22,121.479,991.74,0.0,0.0,53.85,0,0.0,0.0,0.0
343.26,121.441,992.11,0.0,0.0,53.84,0,0.0,0.0,0.0
343.32,121.384,992.65,0.0,0.0,53.84,0,0.0,0.0,0.0
343.36,121.346,993.01,0.0,0.0,53.83,0,0.0,0.0,0.0
343.42,121.288,993.56,0.0,0.0,53.83,0,0.0,0.0,0.0
343.46,121.25,993.92,0.0,0.0,53.82,0,0.0,0.0,0.0
343.52,121.193,994.47,0.0,0.0,53.82,0,0.0,0.0,0.0
343.56,121.155,994.83,0.0,0.0,53.81,0,0.0,0.0,0.0
343.62,121.097,995.37,0.0,0.0,53.81,0,0.0,0.0,0.0
343.68,121.04,995.92,0.0,0.0,53.8,0,0.0,0.0,0.0
343.72,121.002,996.28,0.0,0.0,53.8,0,0.0,0.0,0.0
343.78,120.944,996.83,0.0,0.0,53.79,0,0.0,0.0,0.0
343.82,120.906,997.19,0.0,0.0,53.79,0,0.0,0.0,0.0
343.88,120.848,997.73,0.0,0.0,53.78,0,0.0,0.0,0.0
343.92,120.81,998.1,0.0,0.0,53.78,0,0.0,0.0,0.0
343.98,120.752,998.64,0.0,0.0,53.77,0,0.0,0.0,0.0
344.02,120.714,999.01,0.0,0.0,53.77,0,0.0,0.0,0.0
344.08,120.656,999.55,0.0,0.0,53.76,0,0.0,0.0,0.0
344.12,120.618,999.91,0.0,0.0,53.76,0,0.0,0.0,0.0
344.18,120.56,1000.46,0.0,0.0,53.75,0,0.0,0.0,0.0
344.24,120.503,1001.0,0.0,0.0,53.74,0,0.0,0.0,0.0
344.28,120.464,1001.37,0.0,0.0,53.74,0,0.0,0.0,0.0
344.32,120.426,1001.73,0.0,0.0,53.74,0,0.0,0.0,0.0
344.38,120.368,1002.28,0.0,0.0,53.73,0,0.0,0.0,0.0
344.44,120.31,1002.82,0.0,0.0,53.72,0,0.0,0.0,0.0
344.48,120.271,1003.18,0.0,0.0,53.72,0,0.0,0.0,0.0
344.54,120.213,1003.73,0.0,0.0,53.71,0,0.0,0.0,0.0
344.6,120.156,1004.27,0.0,0.0,53.71,0,0.0,0.0,0.0
344.64,120.117,1004.64,0.0,0.0,53.7,0,0.0,0.0,0.0
344.7,120.059,1005.18,0.0,0.0,53.7,0,0.0,0.0,0.0
344.74,120.02,1005.55,0.0,0.0,53.69,0,0.0,0.0,0.0
344.8,119.962,1006.09,0.0,0.0,53.69,0,0.0,0.0,0.0
344.84,119.924,1006.46,0.0,0.0,53.68,0,0.0,0.0,0.0
344.9,119.865,1007.0,0.0,0.0,53.68,0,0.0,0.0,0.0
344.96,119.807,1007.55,0.0,0.0,53.67,0,0.0,0.0,0.0
345.0,119.769,1007.91,0.0,0.0,53.67,0,0.0,0.0,0.0
345.06,119.71,1008.46,0.0,0.0,53.66,0,0.0,0.0,0.0
345.1,119.672,1008.82,0.0,0.0,53.66,0,0.0,0.0,0.0
345.16,119.613,1009.36,0.0,0.0,53.65,0,0.0,0.0,0.0
345.22,119.555,1009.91,0.0,0.0,53.64,0,0.0,0.0,0.0
345.26,119.516,1010.27,0.0,0.0,53.64,0,0.0,0.0,0.0
345.32,119.458,1010.82,0.0,0.0,53.63,0,0.0,0.0,0.0
345.36,119.419,1011.18,0.0,0.0,53.63,0,0.0,0.0,0.0
345.42,119.361,1011.73,0.0,0.0,53.62,0,0.0,0.0,0.0
345.46,119.322,1012.09,0.0,0.0,53.62,0,0.0,0.0,0.0
345.52,119.263,1012.64,0.0,0.0,53.61,0,0.0,0.0,0.0
345.56,119.224,1013.0,0.0,0.0,53.61,0,0.0,0.0,0.0
345.62,119.166,1013.55,0.0,0.0,53.6,0,0.0,0.0,0.0
345.66,119.127,1013.91,0.0,0.0,53.6,0,0.0,0.0,0.0
345.72,119.068,1014.46,0.0,0.0,53.59,0,0.0,0.0,0.0
345.76,119.029,1014.82,0.0,0.0,53.59,0,0.0,0.0,0.0
345.82,118.971,1015.37,0.0,0.0,53.58,0,0.0,0.0,0.0
345.86,118.931,1015.73,0.0,0.0,53.58,0,0.0,0.0,0.0
345.92,118.873,1016.28,0.0,0.0,53.57,0,0.0,0.0,0.0
345.96,118.834,1016.64,0.0,0.0,53.57,0,0.0,0.0,0.0
346.02,118.775,1017.19,0.0,0.0,53.56,0,0.0,0.0,0.0
346.06,118.736,1017.55,0.0,0.0,53.56,0,0.0,0.0,0.0
346.12,118.677,1018.1,0.0,0.0,53.55,0,0.0,0.0,0.0
346.18,118.618,1018.64,0.0,0.0,53.55,0,0.0,0.0,0.0
346.22,118.579,1019.01,0.0,0.0,53.54,0,0.0,0.0,0.0
346.28,118.52,1019.55,0.0,0.0,53.54,0,0.0,0.0,0.0
346.32,118.481,1019.92,0.0,0.0,53.53,0,0.0,0.0,0.0
346.38,118.422,1020.46,0.0,0.0,53.53,0,0.0,0.0,0.0
346.42,118.383,1020.83,0.0,0.0,53.52,0,0.0,0.0,0.0
346.48,118.324,1021.37,0.0,0.0,53.52,0,0.0,0.0,0.0
346.52,118.284,1021.74,0.0,0.0,53.51,0,0.0,0.0,0.0
346.58,118.225,1022.28,0.0,0.0,53.51,0,0.0,0.0,0.0
346.62,118.186,1022.65,0.0,0.0,53.5,0,0.0,0.0,0.0
346.68,118.127,1023.19,0.0,0.0,53.5,0,0.0,0.0,0.0
346.74,118.068,1023.74,0.0,0.0,53.49,0,0.0,0.0,0.0
346.78,118.028,1024.11,0.0,0.0,53.49,0,0.0,0.0,0.0
346.84,117.969,1024.65,0.0,0.0,53.48,0,0.0,0.0,0.0
346.88,117.93,1025.02,0.0,0.0,53.48,0,0.0,0.0,0.0
346.94,117.87,1025.56,0.0,0.0,53.47,0,0.0,0.0,0.0
346.98,117.831,1025.93,0.0,0.0,53.47,0,0.0,0.0,0.0
347.04,117.772,1026.47,0.0,0.0,53.46,0,0.0,0.0,0.0
347.08,117.732,1026.84,0.0,0.0,53.46,0,0.0,0.0,0.0
347.14,117.673,1027.38,0.0,0.0,53.45,0,0.0,0.0,0.0
347.18,117.633,1027.75,0.0,0.0,53.45,0,0.0,0.0,0.0
347.24,117.574,1028.3,0.0,0.0,53.44,0,0.0,0.0,0.0
347.3,117.514,1028.84,0.0,0.0,53.43,0,0.0,0.0,0.0
347.34,117.475,1029.21,0.0,0.0,53.43,0,0.0,0.0,0.0
347.4,117.415,1029.75,0.0,0.0,53.42,0,0.0,0.0,0.0
347.44,117.375,1030.12,0.0,0.0,53.42,0,0.0,0.0,0.0
347.5,117.316,1030.66,0.0,0.0,53.41,0,0.0,0.0,0.0
347.54,117.276,1031.03,0.0,0.0,53.41,0,0.0,0.0,0.0
347.6,117.216,1031.58,0.0,0.0,53.4,0,0.0,0.0,0.0
347.66,117.157,1032.12,0.0,0.0,53.4,0,0.0,0.0,0.0
347.7,117.117,1032.49,0.0,0.0,53.39,0,0.0,0.0,0.0
347.76,117.057,1033.03,0.0,0.0,53.39,0,0.0,0.0,0.0
347.8,117.017,1033.4,0.0,0.0,53.38,0,0.0,0.0,0.0
347.86,116.958,1033.95,0.0,0.0,53.38,0,0.0,0.0,0.0
347.9,116.918,1034.31,0.0,0.0,53.37,0,0.0,0.0,0.0
347.96,116.858,1034.86,0.0,0.0,53.37,0,0.0,0.0,0.0
348.0,116.818,1035.22,0.0,0.0,53.36,0,0.0,0.0,0.0
348.06,116.758,1035.77,0.0,0.0,53.36,0,0.0,0.0,0.0
348.1,116.718,1036.13,0.0,0.0,53.35,0,0.0,0.0,0.0
348.16,116.658,1036.68,0.0,0.0,53.35,0,0.0,0.0,0.0
348.2,116.618,1037.05,0.0,0.0,53.34,0,0.0,0.0,0.0
348.26,116.558,1037.59,0.0,0.0,53.34,0,0.0,0.0,0.0
348.3,116.518,1037.96,0.0,0.0,53.33,0,0.0,0.0,0.0
348.36,116.458,1038.51,0.0,0.0,53.33,0,0.0,0.0,0.0
348.4,116.418,1038.87,0.0,0.0,53.32,0,0.0,0.0,0.0
348.46,116.358,1039.42,0.0,0.0,53.32,0,0.0,0.0,0.0
348.5,116.318,1039.78,0.0,0.0,53.31,0,0.0,0.0,0.0
348.56,116.258,1040.33,0.0,0.0,53.31,0,0.0,0.0,0.0
348.62,116.198,1040.88,0.0,0.0,53.3,0,0.0,0.0,0.0
348.66,116.158,1041.24,0.0,0.0,53.29,0,0.0,0.0,0.0
348.72,116.097,1041.79,0.0,0.0,53.29,0,0.0,0.0,0.0
348.76,116.057,1042.15,0.0,0.0,53.28,0,0.0,0.0,0.0
348.82,115.997,1042.7,0.0,0.0,53.28,0,0.0,0.0,0.0
348.86,115.957,1043.07,0.0,0.0,53.27,0,0.0,0.0,0.0
348.92,115.896,1043.61,0.0,0.0,53.27,0,0.0,0.0,0.0
348.96,115.856,1043.98,0.0,0.0,53.26,0,0.0,0.0,0.0
349.02,115.796,1044.53,0.0,0.0,53.26,0,0.0,0.0,0.0
349.06,115.755,1044.89,0.0,0.0,53.25,0,0.0,0.0,0.0
349.12,115.695,1045.44,0.0,0.0,53.25,0,0.0,0.0,0.0
349.18,115.634,1045.99,0.0,0.0,53.24,0,0.0,0.0,0.0
349.22,115.594,1046.35,0.0,0.0,53.24,0,0.0,0.0,0.0
349.28,115.533,1046.9,0.0,0.0,53.23,0,0.0,0.0,0.0
349.32,115.493,1047.27,0.0,0.0,53.23,0,0.0,0.0,0.0
349.38,115.432,1047.81,0.0,0.0,53.22,0,0.0,0.0,0.0
349.42,115.392,1048.18,0.0,0.0,53.22,0,0.0,0.0,0.0
349.48,115.331,1048.73,0.0,0.0,53.21,0,0.0,0.0,0.0
349.54,115.271,1049.27,0.0,0.0,53.21,0,0.0,0.0,0.0
349.58,115.23,1049.64,0.0,0.0,53.2,0,0.0,0.0,0.0
349.64,115.169,1050.19,0.0,0.0,53.19,0,0.0,0.0,0.0
349.68,115.129,1050.55,0.0,0.0,53.19,0,0.0,0.0,0.0
349.74,115.068,1051.1,0.0,0.0,53.18,0,0.0,0.0,0.0
349.78,115.027,1051.47,0.0,0.0,53.18,0,0.0,0.0,0.0
349.84,114.966,1052.01,0.0,0.0,53.17,0,0.0,0.0,0.0
349.88,114.926,1052.38,0.0,0.0,53.17,0,0.0,0.0,0.0
349.94,114.865,1052.93,0.0,0.0,53.16,0,0.0,0.0,0.0
349.98,114.824,1053.29,0.0,0.0,53.16,0,0.0,0.0,0.0
350.02,114.784,1053.66,0.0,0.0,53.16,0,0.0,0.0,0.0
350.08,114.723,1054.21,0.0,0.0,53.15,0,0.0,0.0,0.0
350.12,114.682,1054.57,0.0,0.0,53.15,0,0.0,0.0,0.0
350.18,114.621,1055.12,0.0,0.0,53.14,0,0.0,0.0,0.0
350.22,114.58,1055.48,0.0,0.0,53.14,0,0.0,0.0,0.0
350.28,114.519,1056.03,0.0,0.0,53.13,0,0.0,0.0,0.0
350.34,114.458,1056.58,0.0,0.0,53.12,0,0.0,0.0,0.0
350.38,114.417,1056.95,0.0,0.0,53.12,0,0.0,0.0,0.0
350.44,114.356,1057.49,0.0,0.0,53.11,0,0.0,0.0,0.0
350.48,114.315,1057.86,0.0,0.0,53.11,0,0.0,0.0,0.0
350.54,114.254,1058.41,0.0,0.0,53.1,0,0.0,0.0,0.0
350.58,114.213,1058.77,0.0,0.0,53.1,0,0.0,0.0,0.0
350.62,114.172,1059.14,0.0,0.0,53.09,0,0.0,0.0,0.0
350.68,114.111,1059.69,0.0,0.0,53.09,0,0.0,0.0,0.0
350.74,114.049,1060.24,0.0,0.0,53.08,0,0.0,0.0,0.0
350.78,114.008,1060.6,0.0,0.0,53.08,0,0.0,0.0,0.0
350.84,113.947,1061.15,0.0,0.0,53.07,0,0.0,0.0,0.0
350.88,113.906,1061.52,0.0,0.0,53.07,0,0.0,0.0,0.0
350.94,113.844,1062.07,0.0,0.0,53.06,0,0.0,0.0,0.0
350.98,113.803,1062.43,0.0,0.0,53.06,0,0.0,0.0,0.0
351.04,113.742,1062.98,0.0,0.0,53.05,0,0.0,0.0,0.0
351.08,113.701,1063.35,0.0,0.0,53.05,0,0.0,0.0,0.0
351.14,113.639,1063.89,0.0,0.0,53.04,0,0.0,0.0,0.0
351.18,113.598,1064.26,0.0,0.0,53.04,0,0.0,0.0,0.0
351.24,113.536,1064.81,0.0,0.0,53.03,0,0.0,0.0,0.0
351.28,113.495,1065.17,0.0,0.0,53.03,0,0.0,0.0,0.0
351.34,113.433,1065.72,0.0,0.0,53.02,0,0.0,0.0,0.0
351.4,113.372,1066.27,0.0,0.0,53.01,0,0.0,0.0,0.0
351.44,113.33,1066.64,0.0,0.0,53.01,0,0.0,0.0,0.0
351.48,113.289,1067.0,0.0,0.0,53.01,0,0.0,0.0,0.0
351.54,113.227,1067.55,0.0,0.0,53.0,0,0.0,0.0,0.0
351.58,113.186,1067.92,0.0,0.0,53.0,0,0.0,0.0,0.0
351.64,113.124,1068.47,0.0,0.0,52.99,0,0.0,0.0,0.0
351.68,113.083,1068.83,0.0,0.0,52.99,0,0.0,0.0,0.0
351.74,113.021,1069.38,0.0,0.0,52.98,0,0.0,0.0,0.0
351.78,112.98,1069.75,0.0,0.0,52.98,0,0.0,0.0,0.0
351.82,112.938,1070.11,0.0,0.0,52.97,0,0.0,0.0,0.0
351.82,112.917,1070.66,0.0,0.0,52.96,0,0.0,0.0,0.0
351.92,112.835,1071.03,0.0,0.0,52.96,0,0.0,0.0,0.0
351.96,112.793,1071.4,0.0,0.0,52.96,0,0.0,0.0,0.0
352.02,112.731,1071.94,0.0,0.0,52.95,0,0.0,0.0,0.0
352.06,112.69,1072.31,0.0,0.0,52.95,0,0.0,0.0,0.0
352.12,112.628,1072.86,0.0,0.0,52.94,0,0.0,0.0,0.0
352.16,112.586,1073.23,0.0,0.0,52.94,0,0.0,0.0,0.0
352.22,112.524,1073.77,0.0,0.0,52.93,0,0.0,0.0,0.0
352.26,112.482,1074.14,0.0,0.0,52.93,0,0.0,0.0,0.0
352.32,112.42,1074.69,0.0,0.0,52.92,0,0.0,0.0,0.0
352.38,112.358,1075.24,0.0,0.0,52.91,0,0.0,0.0,0.0
352.42,112.316,1075.61,0.0,0.0,52.91,0,0.0,0.0,0.0
352.48,112.254,1076.16,0.0,0.0,52.9,0,0.0,0.0,0.0
352.52,112.212,1076.52,0.0,0.0,52.9,0,0.0,0.0,0.0
352.58,112.15,1077.07,0.0,0.0,52.89,0,0.0,0.0,0.0
352.62,112.108,1077.44,0.0,0.0,52.89,0,0.0,0.0,0.0
352.68,112.046,1077.99,0.0,0.0,52.88,0,0.0,0.0,0.0
352.74,111.983,1078.54,0.0,0.0,52.88,0,0.0,0.0,0.0
352.78,111.941,1078.9,0.0,0.0,52.87,0,0.0,0.0,0.0
352.84,111.879,1079.45,0.0,0.0,52.87,0,0.0,0.0,0.0
352.88,111.837,1079.82,0.0,0.0,52.86,0,0.0,0.0,0.0
352.94,111.774,1080.37,0.0,0.0,52.86,0,0.0,0.0,0.0
352.98,111.733,1080.73,0.0,0.0,52.85,0,0.0,0.0,0.0
353.04,111.67,1081.28,0.0,0.0,52.84,0,0.0,0.0,0.0
353.08,111.628,1081.65,0.0,0.0,52.84,0,0.0,0.0,0.0
353.14,111.565,1082.2,0.0,0.0,52.83,0,0.0,0.0,0.0
353.2,111.503,1082.75,0.0,0.0,52.83,0,0.0,0.0,0.0
353.24,111.461,1083.12,0.0,0.0,52.82,0,0.0,0.0,0.0
353.3,111.398,1083.67,0.0,0.0,52.82,0,0.0,0.0,0.0
353.34,111.356,1084.03,0.0,0.0,52.81,0,0.0,0.0,0.0
353.4,111.293,1084.58,0.0,0.0,52.81,0,0.0,0.0,0.0
353.44,111.251,1084.95,0.0,0.0,52.8,0,0.0,0.0,0.0
353.5,111.188,1085.5,0.0,0.0,52.8,0,0.0,0.0,0.0
353.54,111.146,1085.86,0.0,0.0,52.79,0,0.0,0.0,0.0
353.6,111.083,1086.41,0.0,0.0,52.79,0,0.0,0.0,0.0
353.64,111.041,1086.78,0.0,0.0,52.78,0,0.0,0.0,0.0
353.7,110.978,1087.33,0.0,0.0,52.78,0,0.0,0.0,0.0
353.74,110.936,1087.7,0.0,0.0,52.77,0,0.0,0.0,0.0
353.8,110.873,1088.25,0.0,0.0,52.77,0,0.0,0.0,0.0
353.84,110.831,1088.61,0.0,0.0,52.76,0,0.0,0.0,0.0
353.9,110.767,1089.16,0.0,0.0,52.76,0,0.0,0.0,0.0
353.96,110.704,1089.71,0.0,0.0,52.75,0,0.0,0.0,0.0
354.0,110.662,1090.08,0.0,0.0,52.75,0,0.0,0.0,0.0
354.06,110.599,1090.63,0.0,0.0,52.74,0,0.0,0.0,0.0
354.1,110.557,1091.0,0.0,0.0,52.73,0,0.0,0.0,0.0
354.16,110.493,1091.55,0.0,0.0,52.73,0,0.0,0.0,0.0
354.2,110.451,1091.91,0.0,0.0,52.72,0,0.0,0.0,0.0
354.26,110.388,1092.46,0.0,0.0,52.72,0,0.0,0.0,0.0
354.3,110.345,1092.83,0.0,0.0,52.71,0,0.0,0.0,0.0
354.36,110.282,1093.38,0.0,0.0,52.71,0,0.0,0.0,0.0
354.42,110.218,1093.93,0.0,0.0,52.7,0,0.0,0.0,0.0
354.46,110.176,1094.3,0.0,0.0,52.7,0,0.0,0.0,0.0
354.52,110.113,1094.85,0.0,0.0,52.69,0,0.0,0.0,0.0
354.56,110.07,1095.22,0.0,0.0,52.69,0,0.0,0.0,0.0
354.62,110.007,1095.77,0.0,0.0,52.68,0,0.0,0.0,0.0
354.66,109.964,1096.13,0.0,0.0,52.68,0,0.0,0.0,0.0
354.72,109.901,1096.68,0.0,0.0,52.67,0,0.0,0.0,0.0
354.76,109.858,1097.05,0.0,0.0,52.67,0,0.0,0.0,0.0
354.82,109.794,1097.6,0.0,0.0,52.66,0,0.0,0.0,0.0
354.86,109.752,1097.97,0.0,0.0,52.66,0,0.0,0.0,0.0
354.92,109.688,1098.52,0.0,0.0,52.65,0,0.0,0.0,0.0
354.96,109.646,1098.89,0.0,0.0,52.64,0,0.0,0.0,0.0
355.02,109.582,1099.44,0.0,0.0,52.64,0,0.0,0.0,0.0
355.08,109.518,1099.99,0.0,0.0,52.63,0,0.0,0.0,0.0
355.12,109.475,1100.35,0.0,0.0,52.63,0,0.0,0.0,0.0
355.18,109.411,1100.9,0.0,0.0,52.62,0,0.0,0.0,0.0
355.22,109.369,1101.27,0.0,0.0,52.62,0,0.0,0.0,0.0
355.28,109.305,1101.82,0.0,0.0,52.61,0,0.0,0.0,0.0
355.32,109.262,1102.19,0.0,0.0,52.61,0,0.0,0.0,0.0
355.38,109.198,1102.74,0.0,0.0,52.6,0,0.0,0.0,0.0
355.44,109.134,1103.29,0.0,0.0,52.59,0,0.0,0.0,0.0
355.48,109.091,1103.66,0.0,0.0,52.59,0,0.0,0.0,0.0
355.54,109.027,1104.21,0.0,0.0,52.58,0,0.0,0.0,0.0
355.58,108.984,1104.58,0.0,0.0,52.58,0,0.0,0.0,0.0
355.62,108.942,1104.94,0.0,0.0,52.58,0,0.0,0.0,0.0
355.68,108.877,1105.49,0.0,0.0,52.57,0,0.0,0.0,0.0
355.74,108.813,1106.04,0.0,0.0,52.56,0,0.0,0.0,0.0
355.78,108.77,1106.41,0.0,0.0,52.56,0,0.0,0.0,0.0
355.84,108.706,1106.96,0.0,0.0,52.55,0,0.0,0.0,0.0
355.88,108.663,1107.33,0.0,0.0,52.55,0,0.0,0.0,0.0
355.94,108.599,1107.88,0.0,0.0,52.54,0,0.0,0.0,0.0
355.98,108.556,1108.25,0.0,0.0,52.54,0,0.0,0.0,0.0
356.04,108.491,1108.8,0.0,0.0,52.53,0,0.0,0.0,0.0
356.1,108.427,1109.35,0.0,0.0,52.52,0,0.0,0.0,0.0
356.14,108.384,1109.72,0.0,0.0,52.52,0,0.0,0.0,0.0
356.2,108.32,1110.27,0.0,0.0,52.51,0,0.0,0.0,0.0
356.24,108.277,1110.64,0.0,0.0,52.51,0,0.0,0.0,0.0
356.3,108.212,1111.19,0.0,0.0,52.5,0,0.0,0.0,0.0
356.34,108.169,1111.56,0.0,0.0,52.5,0,0.0,0.0,0.0
356.4,108.104,1112.11,0.0,0.0,52.49,0,0.0,0.0,0.0
356.46,108.04,1112.66,0.0,0.0,52.49,0,0.0,0.0,0.0
356.5,107.997,1113.03,0.0,0.0,52.48,0,0.0,0.0,0.0
356.54,107.953,1113.39,0.0,0.0,52.48,0,0.0,0.0,0.0
356.6,107.889,1113.94,0.0,0.0,52.47,0,0.0,0.0,0.0
356.66,107.824,1114.5,0.0,0.0,52.47,0,0.0,0.0,0.0
356.7,107.781,1114.86,0.0,0.0,52.46,0,0.0,0.0,0.0
356.76,107.716,1115.41,0.0,0.0,52.45,0,0.0,0.0,0.0
356.8,107.673,1115.78,0.0,0.0,52.45,0,0.0,0.0,0.0
356.86,107.608,1116.33,0.0,0.0,52.44,0,0.0,0.0,0.0
356.9,107.565,1116.7,0.0,0.0,52.44,0,0.0,0.0,0.0
356.96,107.5,1117.25,0.0,0.0,52.43,0,0.0,0.0,0.0
357.02,107.435,1117.8,0.0,0.0,52.43,0,0.0,0.0,0.0
357.06,107.391,1118.17,0.0,0.0,52.42,0,0.0,0.0,0.0
357.12,107.326,1118.72,0.0,0.0,52.42,0,0.0,0.0,0.0
357.16,107.283,1119.09,0.0,0.0,52.41,0,0.0,0.0,0.0
357.22,107.218,1119.64,0.0,0.0,52.41,0,0.0,0.0,0.0
357.26,107.175,1120.01,0.0,0.0,52.4,0,0.0,0.0,0.0
357.32,107.109,1120.56,0.0,0.0,52.39,0,0.0,0.0,0.0
357.38,107.044,1121.11,0.0,0.0,52.39,0,0.0,0.0,0.0
357.42,107.001,1121.48,0.0,0.0,52.38,0,0.0,0.0,0.0
357.48,106.936,1122.03,0.0,0.0,52.38,0,0.0,0.0,0.0
357.52,106.892,1122.4,0.0,0.0,52.37,0,0.0,0.0,0.0
357.58,106.827,1122.95,0.0,0.0,52.37,0,0.0,0.0,0.0
357.62,106.783,1123.32,0.0,0.0,52.36,0,0.0,0.0,0.0
357.68,106.718,1123.87,0.0,0.0,52.36,0,0.0,0.0,0.0
357.72,106.674,1124.24,0.0,0.0,52.35,0,0.0,0.0,0.0
357.78,106.609,1124.79,0.0,0.0,52.35,0,0.0,0.0,0.0
357.82,106.565,1125.16,0.0,0.0,52.34,0,0.0,0.0,0.0
357.88,106.5,1125.71,0.0,0.0,52.33,0,0.0,0.0,0.0
357.92,106.456,1126.08,0.0,0.0,52.33,0,0.0,0.0,0.0
357.98,106.391,1126.63,0.0,0.0,52.32,0,0.0,0.0,0.0
358.02,106.347,1127.0,0.0,0.0,52.32,0,0.0,0.0,0.0
358.08,106.281,1127.55,0.0,0.0,52.31,0,0.0,0.0,0.0
358.12,106.238,1127.92,0.0,0.0,52.31,0,0.0,0.0,0.0
358.18,106.172,1128.47,0.0,0.0,52.3,0,0.0,0.0,0.0
358.22,106.128,1128.84,0.0,0.0,52.3,0,0.0,0.0,0.0
358.28,106.063,1129.39,0.0,0.0,52.29,0,0.0,0.0,0.0
358.34,105.997,1129.94,0.0,0.0,52.28,0,0.0,0.0,0.0
358.38,105.953,1130.31,0.0,0.0,52.28,0,0.0,0.0,0.0
358.44,105.887,1130.86,0.0,0.0,52.27,0,0.0,0.0,0.0
358.48,105.843,1131.23,0.0,0.0,52.27,0,0.0,0.0,0.0
358.54,105.778,1131.78,0.0,0.0,52.26,0,0.0,0.0,0.0
358.58,105.734,1132.15,0.0,0.0,52.26,0,0.0,0.0,0.0
358.64,105.668,1132.7,0.0,0.0,52.25,0,0.0,0.0,0.0
358.68,105.624,1133.07,0.0,0.0,52.25,0,0.0,0.0,0.0
358.74,105.558,1133.62,0.0,0.0,52.24,0,0.0,0.0,0.0
358.78,105.514,1133.99,0.0,0.0,52.24,0,0.0,0.0,0.0
358.84,105.448,1134.54,0.0,0.0,52.23,0,0.0,0.0,0.0
358.88,105.404,1134.91,0.0,0.0,52.23,0,0.0,0.0,0.0
358.94,105.338,1135.47,0.0,0.0,52.22,0,0.0,0.0,0.0
358.98,105.294,1135.83,0.0,0.0,52.21,0,0.0,0.0,0.0
359.04,105.228,1136.39,0.0,0.0,52.21,0,0.0,0.0,0.0
359.08,105.184,1136.75,0.0,0.0,52.2,0,0.0,0.0,0.0
359.14,105.118,1137.31,0.0,0.0,52.2,0,0.0,0.0,0.0
359.18,105.073,1137.68,0.0,0.0,52.19,0,0.0,0.0,0.0
359.24,105.007,1138.23,0.0,0.0,52.19,0,0.0,0.0,0.0
359.28,104.963,1138.6,0.0,0.0,52.18,0,0.0,0.0,0.0
359.34,104.897,1139.15,0.0,0.0,52.18,0,0.0,0.0,0.0
359.38,104.853,1139.52,0.0,0.0,52.17,0,0.0,0.0,0.0
359.44,104.786,1140.07,0.0,0.0,52.16,0,0.0,0.0,0.0
359.5,104.72,1140.62,0.0,0.0,52.16,0,0.0,0.0,0.0
359.54,104.676,1140.99,0.0,0.0,52.15,0,0.0,0.0,0.0
359.6,104.609,1141.54,0.0,0.0,52.15,0,0.0,0.0,0.0
359.64,104.565,1141.91,0.0,0.0,52.14,0,0.0,0.0,0.0
359.7,104.498,1142.46,0.0,0.0,52.14,0,0.0,0.0,0.0
359.74,104.454,1142.83,0.0,0.0,52.13,0,0.0,0.0,0.0
359.8,104.387,1143.39,0.0,0.0,52.12,0,0.0,0.0,0.0
359.84,104.343,1143.75,0.0,0.0,52.12,0,0.0,0.0,0.0
359.9,104.276,1144.31,0.0,0.0,52.11,0,0.0,0.0,0.0
359.94,104.232,1144.67,0.0,0.0,52.11,0,0.0,0.0,0.0
360.0,104.165,1145.23,0.0,0.0,52.1,0,0.0,0.0,0.0
360.06,104.099,1145.78,0.0,0.0,52.1,0,0.0,0.0,0.0
360.1,104.054,1146.15,0.0,0.0,52.09,0,0.0,0.0,0.0
360.16,103.987,1146.7,0.0,0.0,52.08,0,0.0,0.0,0.0
360.2,103.943,1147.07,0.0,0.0,52.08,0,0.0,0.0,0.0
360.26,103.876,1147.62,0.0,0.0,52.07,0,0.0,0.0,0.0
360.3,103.832,1147.99,0.0,0.0,52.07,0,0.0,0.0,0.0
360.36,103.765,1148.55,0.0,0.0,52.06,0,0.0,0.0,0.0
360.42,103.698,1149.1,0.0,0.0,52.06,0,0.0,0.0,0.0
360.46,103.653,1149.47,0.0,0.0,52.05,0,0.0,0.0,0.0
360.52,103.586,1150.02,0.0,0.0,52.04,0,0.0,0.0,0.0
360.56,103.542,1150.39,0.0,0.0,52.04,0,0.0,0.0,0.0
360.62,103.475,1150.94,0.0,0.0,52.03,0,0.0,0.0,0.0
360.66,103.43,1151.31,0.0,0.0,52.03,0,0.0,0.0,0.0
360.72,103.363,1151.86,0.0,0.0,52.02,0,0.0,0.0,0.0
360.78,103.296,1152.42,0.0,0.0,52.01,0,0.0,0.0,0.0
360.82,103.251,1152.79,0.0,0.0,52.01,0,0.0,0.0,0.0
360.88,103.184,1153.34,0.0,0.0,52.0,0,0.0,0.0,0.0
360.92,103.139,1153.71,0.0,0.0,52.0,0,0.0,0.0,0.0
360.98,103.072,1154.26,0.0,0.0,51.99,0,0.0,0.0,0.0
361.02,103.027,1154.63,0.0,0.0,51.99,0,0.0,0.0,0.0
361.08,102.96,1155.18,0.0,0.0,51.98,0,0.0,0.0,0.0
361.12,102.915,1155.55,0.0,0.0,51.98,0,0.0,0.0,0.0
361.18,102.848,1156.1,0.0,0.0,51.97,0,0.0,0.0,0.0
361.24,102.78,1156.66,0.0,0.0,51.96,0,0.0,0.0,0.0
361.28,102.735,1157.03,0.0,0.0,51.96,0,0.0,0.0,0.0
361.34,102.668,1157.58,0.0,0.0,51.95,0,0.0,0.0,0.0
361.38,102.623,1157.95,0.0,0.0,51.95,0,0.0,0.0,0.0
361.44,102.555,1158.5,0.0,0.0,51.94,0,0.0,0.0,0.0
361.48,102.51,1158.87,0.0,0.0,51.93,0,0.0,0.0,0.0
361.54,102.443,1159.43,0.0,0.0,51.93,0,0.0,0.0,0.0
361.58,102.398,1159.79,0.0,0.0,51.92,0,0.0,0.0,0.0
361.64,102.33,1160.35,0.0,0.0,51.92,0,0.0,0.0,0.0
361.68,102.285,1160.72,0.0,0.0,51.91,0,0.0,0.0,0.0
361.74,102.218,1161.27,0.0,0.0,51.9,0,0.0,0.0,0.0
361.78,102.172,1161.64,0.0,0.0,51.9,0,0.0,0.0,0.0
361.84,102.105,1162.19,0.0,0.0,51.89,0,0.0,0.0,0.0
361.88,102.06,1162.56,0.0,0.0,51.89,0,0.0,0.0,0.0
361.94,101.992,1163.12,0.0,0.0,51.88,0,0.0,0.0,0.0
361.98,101.947,1163.48,0.0,0.0,51.88,0,0.0,0.0,0.0
362.04,101.879,1164.04,0.0,0.0,51.87,0,0.0,0.0,0.0
362.1,101.811,1164.59,0.0,0.0,51.86,0,0.0,0.0,0.0
362.14,101.766,1164.96,0.0,0.0,51.86,0,0.0,0.0,0.0
362.18,101.72,1165.33,0.0,0.0,51.85,0,0.0,0.0,0.0
362.24,101.652,1165.88,0.0,0.0,51.85,0,0.0,0.0,0.0
362.3,101.584,1166.44,0.0,0.0,51.84,0,0.0,0.0,0.0
362.34,101.539,1166.81,0.0,0.0,51.83,0,0.0,0.0,0.0
362.4,101.471,1167.36,0.0,0.0,51.83,0,0.0,0.0,0.0
362.44,101.426,1167.73,0.0,0.0,51.82,0,0.0,0.0,0.0
362.5,101.358,1168.28,0.0,0.0,51.82,0,0.0,0.0,0.0
362.54,101.312,1168.65,0.0,0.0,51.81,0,0.0,0.0,0.0
362.6,101.244,1169.21,0.0,0.0,51.8,0,0.0,0.0,0.0
362.64,101.199,1169.58,0.0,0.0,51.8,0,0.0,0.0,0.0
362.7,101.131,1170.13,0.0,0.0,51.79,0,0.0,0.0,0.0
362.74,101.085,1170.5,0.0,0.0,51.79,0,0.0,0.0,0.0
362.8,101.017,1171.05,0.0,0.0,51.78,0,0.0,0.0,0.0
362.84,100.971,1171.42,0.0,0.0,51.78,0,0.0,0.0,0.0
362.9,100.903,1171.98,0.0,0.0,51.77,0,0.0,0.0,0.0
362.94,100.857,1172.35,0.0,0.0,51.76,0,0.0,0.0,0.0
363.0,100.789,1172.9,0.0,0.0,51.76,0,0.0,0.0,0.0
363.04,100.743,1173.27,0.0,0.0,51.75,0,0.0,0.0,0.0
363.1,100.675,1173.82,0.0,0.0,51.74,0,0.0,0.0,0.0
363.16,100.607,1174.38,0.0,0.0,51.74,0,0.0,0.0,0.0
363.2,100.561,1174.75,0.0,0.0,51.73,0,0.0,0.0,0.0
363.26,100.492,1175.3,0.0,0.0,51.72,0,0.0,0.0,0.0
363.3,100.447,1175.67,0.0,0.0,51.72,0,0.0,0.0,0.0
363.36,100.378,1176.23,0.0,0.0,51.71,0,0.0,0.0,0.0
363.4,100.332,1176.59,0.0,0.0,51.71,0,0.0,0.0,0.0
363.46,100.264,1177.15,0.0,0.0,51.7,0,0.0,0.0,0.0
363.52,100.195,1177.7,0.0,0.0,51.69,0,0.0,0.0,0.0
363.56,100.149,1178.07,0.0,0.0,51.69,0,0.0,0.0,0.0
363.62,100.081,1178.63,0.0,0.0,51.68,0,0.0,0.0,0.0
363.66,100.035,1179.0,0.0,0.0,51.68,0,0.0,0.0,0.0
363.72,99.966,1179.55,0.0,0.0,51.67,0,0.0,0.0,0.0
363.76,99.92,1179.92,0.0,0.0,51.66,0,0.0,0.0,0.0
363.82,99.851,1180.48,0.0,0.0,51.66,0,0.0,0.0,0.0
363.88,99.782,1181.03,0.0,0.0,51.65,0,0.0,0.0,0.0
363.92,99.737,1181.4,0.0,0.0,51.64,0,0.0,0.0,0.0
363.98,99.668,1181.95,0.0,0.0,51.64,0,0.0,0.0,0.0
364.02,99.622,1182.32,0.0,0.0,51.63,0,0.0,0.0,0.0
364.08,99.553,1182.88,0.0,0.0,51.62,0,0.0,0.0,0.0
364.12,99.507,1183.25,0.0,0.0,51.62,0,0.0,0.0,0.0
364.18,99.438,1183.8,0.0,0.0,51.61,0,0.0,0.0,0.0
364.22,99.392,1184.17,0.0,0.0,51.61,0,0.0,0.0,0.0
364.28,99.322,1184.73,0.0,0.0,51.6,0,0.0,0.0,0.0
364.32,99.276,1185.1,0.0,0.0,51.59,0,0.0,0.0,0.0
364.38,99.207,1185.65,0.0,0.0,51.59,0,0.0,0.0,0.0
364.42,99.161,1186.02,0.0,0.0,51.58,0,0.0,0.0,0.0
364.48,99.092,1186.57,0.0,0.0,51.57,0,0.0,0.0,0.0
364.52,99.046,1186.94,0.0,0.0,51.57,0,0.0,0.0,0.0
364.56,99.0,1187.31,0.0,0.0,51.56,0,0.0,0.0,0.0
364.62,98.93,1187.87,0.0,0.0,51.56,0,0.0,0.0,0.0
364.68,98.861,1188.42,0.0,0.0,51.55,0,0.0,0.0,0.0
364.72,98.815,1188.79,0.0,0.0,51.54,0,0.0,0.0,0.0
364.78,98.745,1189.35,0.0,0.0,51.54,0,0.0,0.0,0.0
364.84,98.676,1189.9,0.0,0.0,51.53,0,0.0,0.0,0.0
364.88,98.63,1190.27,0.0,0.0,51.52,0,0.0,0.0,0.0
364.94,98.56,1190.83,0.0,0.0,51.51,0,0.0,0.0,0.0
365.0,98.491,1191.38,0.0,0.0,51.51,0,0.0,0.0,0.0
365.04,98.444,1191.75,0.0,0.0,51.5,0,0.0,0.0,0.0
365.1,98.375,1192.31,0.0,0.0,51.49,0,0.0,0.0,0.0
365.14,98.328,1192.68,0.0,0.0,51.49,0,0.0,0.0,0.0
365.2,98.259,1193.23,0.0,0.0,51.48,0,0.0,0.0,0.0
365.24,98.212,1193.6,0.0,0.0,51.48,0,0.0,0.0,0.0
365.3,98.143,1194.16,0.0,0.0,51.47,0,0.0,0.0,0.0
365.34,98.096,1194.53,0.0,0.0,51.46,0,0.0,0.0,0.0
365.4,98.026,1195.08,0.0,0.0,51.45,0,0.0,0.0,0.0
365.44,97.98,1195.45,0.0,0.0,51.45,0,0.0,0.0,0.0
365.5,97.91,1196.01,0.0,0.0,51.44,0,0.0,0.0,0.0
365.54,97.864,1196.38,0.0,0.0,51.44,0,0.0,0.0,0.0
365.6,97.794,1196.93,0.0,0.0,51.43,0,0.0,0.0,0.0
365.64,97.747,1197.3,0.0,0.0,51.42,0,0.0,0.0,0.0
365.7,97.677,1197.86,0.0,0.0,51.41,0,0.0,0.0,0.0
365.74,97.631,1198.23,0.0,0.0,51.41,0,0.0,0.0,0.0
365.8,97.561,1198.78,0.0,0.0,51.4,0,0.0,0.0,0.0
365.84,97.514,1199.15,0.0,0.0,51.4,0,0.0,0.0,0.0
365.9,97.444,1199.71,0.0,0.0,51.39,0,0.0,0.0,0.0
365.96,97.374,1200.26,0.0,0.0,51.38,0,0.0,0.0,0.0
366.0,97.327,1200.63,0.0,0.0,51.37,0,0.0,0.0,0.0
366.04,97.281,1201.0,0.0,0.0,51.37,0,0.0,0.0,0.0
366.1,97.21,1201.56,0.0,0.0,51.36,0,0.0,0.0,0.0
366.16,97.14,1202.11,0.0,0.0,51.35,0,0.0,0.0,0.0
366.2,97.093,1202.48,0.0,0.0,51.35,0,0.0,0.0,0.0
366.26,97.023,1203.04,0.0,0.0,51.34,0,0.0,0.0,0.0
366.3,96.976,1203.41,0.0,0.0,51.33,0,0.0,0.0,0.0
366.36,96.906,1203.97,0.0,0.0,51.32,0,0.0,0.0,0.0
366.4,96.859,1204.34,0.0,0.0,51.32,0,0.0,0.0,0.0
366.46,96.789,1204.89,0.0,0.0,51.31,0,0.0,0.0,0.0
366.5,96.742,1205.26,0.0,0.0,51.3,0,0.0,0.0,0.0
366.56,96.672,1205.82,0.0,0.0,51.3,0,0.0,0.0,0.0
366.62,96.601,1206.37,0.0,0.0,51.29,0,0.0,0.0,0.0
366.66,96.554,1206.74,0.0,0.0,51.28,0,0.0,0.0,0.0
366.72,96.484,1207.3,0.0,0.0,51.27,0,0.0,0.0,0.0
366.76,96.437,1207.67,0.0,0.0,51.27,0,0.0,0.0,0.0
366.82,96.366,1208.22,0.0,0.0,51.26,0,0.0,0.0,0.0
366.86,96.319,1208.59,0.0,0.0,51.25,0,0.0,0.0,0.0
366.92,96.249,1209.15,0.0,0.0,51.24,0,0.0,0.0,0.0
366.96,96.202,1209.52,0.0,0.0,51.24,0,0.0,0.0,0.0
367.02,96.131,1210.08,0.0,0.0,51.23,0,0.0,0.0,0.0
367.06,96.084,1210.45,0.0,0.0,51.22,0,0.0,0.0,0.0
367.12,96.013,1211.0,0.0,0.0,51.22,0,0.0,0.0,0.0
367.16,95.966,1211.37,0.0,0.0,51.21,0,0.0,0.0,0.0
367.22,95.895,1211.93,0.0,0.0,51.2,0,0.0,0.0,0.0
367.28,95.824,1212.48,0.0,0.0,51.19,0,0.0,0.0,0.0
367.32,95.777,1212.85,0.0,0.0,51.19,0,0.0,0.0,0.0
367.36,95.73,1213.22,0.0,0.0,51.18,0,0.0,0.0,0.0
367.42,95.659,1213.78,0.0,0.0,51.17,0,0.0,0.0,0.0
367.48,95.588,1214.33,0.0,0.0,51.16,0,0.0,0.0,0.0
367.52,95.541,1214.71,0.0,0.0,51.16,0,0.0,0.0,0.0
367.58,95.47,1215.26,0.0,0.0,51.15,0,0.0,0.0,0.0
367.62,95.422,1215.63,0.0,0.0,51.14,0,0.0,0.0,0.0
367.68,95.351,1216.19,0.0,0.0,51.13,0,0.0,0.0,0.0
367.72,95.304,1216.56,0.0,0.0,51.13,0,0.0,0.0,0.0
367.78,95.233,1217.11,0.0,0.0,51.12,0,0.0,0.0,0.0
367.82,95.186,1217.48,0.0,0.0,51.11,0,0.0,0.0,0.0
367.88,95.114,1218.04,0.0,0.0,51.1,0,0.0,0.0,0.0
367.92,95.067,1218.41,0.0,0.0,51.1,0,0.0,0.0,0.0
367.98,94.996,1218.97,0.0,0.0,51.09,0,0.0,0.0,0.0
368.02,94.948,1219.34,0.0,0.0,51.08,0,0.0,0.0,0.0
368.08,94.877,1219.89,0.0,0.0,51.07,0,0.0,0.0,0.0
368.12,94.829,1220.26,0.0,0.0,51.07,0,0.0,0.0,0.0
368.18,94.758,1220.82,0.0,0.0,51.06,0,0.0,0.0,0.0
368.22,94.711,1221.19,0.0,0.0,51.05,0,0.0,0.0,0.0
368.28,94.639,1221.75,0.0,0.0,51.04,0,0.0,0.0,0.0
368.32,94.592,1222.12,0.0,0.0,51.03,0,0.0,0.0,0.0
368.38,94.52,1222.67,0.0,0.0,51.02,0,0.0,0.0,0.0
368.42,94.473,1223.04,0.0,0.0,51.02,0,0.0,0.0,0.0
368.48,94.401,1223.6,0.0,0.0,51.01,0,0.0,0.0,0.0
368.52,94.353,1223.97,0.0,0.0,51.0,0,0.0,0.0,0.0
368.58,94.282,1224.53,0.0,0.0,50.99,0,0.0,0.0,0.0
368.64,94.21,1225.08,0.0,0.0,50.98,0,0.0,0.0,0.0
368.68,94.163,1225.45,0.0,0.0,50.98,0,0.0,0.0,0.0
368.74,94.091,1226.01,0.0,0.0,50.97,0,0.0,0.0,0.0
368.8,94.019,1226.57,0.0,0.0,50.96,0,0.0,0.0,0.0
368.84,93.971,1226.94,0.0,0.0,50.95,0,0.0,0.0,0.0
368.9,93.9,1227.49,0.0,0.0,50.94,0,0.0,0.0,0.0
368.94,93.852,1227.86,0.0,0.0,50.93,0,0.0,0.0,0.0
368.98,93.804,1228.23,0.0,0.0,50.93,0,0.0,0.0,0.0
369.04,93.732,1228.79,0.0,0.0,50.92,0,0.0,0.0,0.0
369.1,93.66,1229.35,0.0,0.0,50.91,0,0.0,0.0,0.0
369.14,93.612,1229.72,0.0,0.0,50.9,0,0.0,0.0,0.0
369.2,93.541,1230.27,0.0,0.0,50.89,0,0.0,0.0,0.0
369.24,93.493,1230.64,0.0,0.0,50.88,0,0.0,0.0,0.0
369.3,93.421,1231.2,0.0,0.0,50.87,0,0.0,0.0,0.0
369.34,93.373,1231.57,0.0,0.0,50.87,0,0.0,0.0,0.0
369.4,93.301,1232.13,0.0,0.0,50.86,0,0.0,0.0,0.0
369.46,93.229,1232.68,0.0,0.0,50.85,0,0.0,0.0,0.0
369.5,93.181,1233.05,0.0,0.0,50.84,0,0.0,0.0,0.0
369.56,93.108,1233.61,0.0,0.0,50.83,0,0.0,0.0,0.0
369.6,93.06,1233.98,0.0,0.0,50.82,0,0.0,0.0,0.0
369.66,92.988,1234.54,0.0,0.0,50.81,0,0.0,0.0,0.0
369.7,92.94,1234.91,0.0,0.0,50.8,0,0.0,0.0,0.0
369.76,92.868,1235.47,0.0,0.0,50.79,0,0.0,0.0,0.0
369.82,92.796,1236.02,0.0,0.0,50.78,0,0.0,0.0,0.0
369.86,92.747,1236.39,0.0,0.0,50.78,0,0.0,0.0,0.0
369.9,92.699,1236.76,0.0,0.0,50.77,0,0.0,0.0,0.0
369.96,92.627,1237.32,0.0,0.0,50.76,0,0.0,0.0,0.0
370.02,92.555,1237.88,0.0,0.0,50.75,0,0.0,0.0,0.0
370.08,92.482,1238.43,0.0,0.0,50.74,0,0.0,0.0,0.0
370.12,92.434,1238.8,0.0,0.0,50.73,0,0.0,0.0,0.0
370.18,92.361,1239.36,0.0,0.0,50.72,0,0.0,0.0,0.0
370.22,92.313,1239.73,0.0,0.0,50.71,0,0.0,0.0,0.0
370.28,92.241,1240.29,0.0,0.0,50.7,0,0.0,0.0,0.0
370.32,92.192,1240.66,0.0,0.0,50.69,0,0.0,0.0,0.0
370.38,92.12,1241.22,0.0,0.0,50.68,0,0.0,0.0,0.0
370.42,92.071,1241.59,0.0,0.0,50.67,0,0.0,0.0,0.0
370.48,91.999,1242.14,0.0,0.0,50.66,0,0.0,0.0,0.0
370.54,91.926,1242.7,0.0,0.0,50.65,0,0.0,0.0,0.0
370.58,91.878,1243.07,0.0,0.0,50.64,0,0.0,0.0,0.0
370.64,91.805,1243.63,0.0,0.0,50.63,0,0.0,0.0,0.0
370.68,91.756,1244.0,0.0,0.0,50.62,0,0.0,0.0,0.0
370.74,91.684,1244.55,0.0,0.0,50.61,0,0.0,0.0,0.0
370.78,91.635,1244.93,0.0,0.0,50.6,0,0.0,0.0,0.0
370.84,91.562,1245.48,0.0,0.0,50.59,0,0.0,0.0,0.0
370.88,91.514,1245.85,0.0,0.0,50.58,0,0.0,0.0,0.0
370.94,91.441,1246.41,0.0,0.0,50.57,0,0.0,0.0,0.0
371.0,91.368,1246.97,0.0,0.0,50.56,0,0.0,0.0,0.0
371.04,91.319,1247.34,0.0,0.0,50.55,0,0.0,0.0,0.0
371.1,91.246,1247.89,0.0,0.0,50.54,0,0.0,0.0,0.0
371.16,91.173,1248.45,0.0,0.0,50.53,0,0.0,0.0,0.0
371.2,91.124,1248.82,0.0,0.0,50.52,0,0.0,0.0,0.0
371.26,91.051,1249.38,0.0,0.0,50.51,0,0.0,0.0,0.0
371.3,91.003,1249.75,0.0,0.0,50.5,0,0.0,0.0,0.0
371.36,90.93,1250.31,0.0,0.0,50.49,0,0.0,0.0,0.0
371.4,90.881,1250.68,0.0,0.0,50.48,0,0.0,0.0,0.0
371.46,90.808,1251.24,0.0,0.0,50.47,0,0.0,0.0,0.0
371.5,90.759,1251.61,0.0,0.0,50.46,0,0.0,0.0,0.0
371.56,90.686,1252.16,0.0,0.0,50.45,0,0.0,0.0,0.0
371.6,90.637,1252.53,0.0,0.0,50.44,0,0.0,0.0,0.0
371.66,90.563,1253.09,0.0,0.0,50.42,0,0.0,0.0,0.0
371.72,90.49,1253.65,0.0,0.0,50.41,0,0.0,0.0,0.0
371.76,90.441,1254.02,0.0,0.0,50.4,0,0.0,0.0,0.0
371.82,90.368,1254.58,0.0,0.0,50.39,0,0.0,0.0,0.0
371.86,90.319,1254.95,0.0,0.0,50.38,0,0.0,0.0,0.0
371.92,90.245,1255.5,0.0,0.0,50.37,0,0.0,0.0,0.0
371.96,90.196,1255.88,0.0,0.0,50.36,0,0.0,0.0,0.0
372.02,90.123,1256.43,0.0,0.0,50.35,0,0.0,0.0,0.0
372.08,90.049,1256.99,0.0,0.0,50.33,0,0.0,0.0,0.0
372.12,90.0,1257.36,0.0,0.0,50.32,0,0.0,0.0,0.0
372.16,89.951,1257.73,0.0,0.0,50.32,0,0.0,0.0,0.0
372.22,89.878,1258.29,0.0,0.0,50.3,0,0.0,0.0,0.0
372.28,89.804,1258.85,0.0,0.0,50.29,0,0.0,0.0,0.0
372.32,89.755,1259.22,0.0,0.0,50.28,0,0.0,0.0,0.0
372.38,89.681,1259.77,0.0,0.0,50.27,0,0.0,0.0,0.0
372.42,89.632,1260.15,0.0,0.0,50.26,0,0.0,0.0,0.0
372.48,89.558,1260.7,0.0,0.0,50.24,0,0.0,0.0,0.0
372.52,89.509,1261.07,0.0,0.0,50.23,0,0.0,0.0,0.0
372.58,89.435,1261.63,0.0,0.0,50.22,0,0.0,0.0,0.0
372.62,89.386,1262.0,0.0,0.0,50.21,0,0.0,0.0,0.0
372.68,89.312,1262.56,0.0,0.0,50.2,0,0.0,0.0,0.0
372.72,89.263,1262.93,0.0,0.0,50.19,0,0.0,0.0,0.0
372.78,89.189,1263.49,0.0,0.0,50.17,0,0.0,0.0,0.0
372.84,89.115,1264.04,0.0,0.0,50.16,0,0.0,0.0,0.0
372.88,89.066,1264.42,0.0,0.0,50.15,0,0.0,0.0,0.0
372.94,88.992,1264.97,0.0,0.0,50.13,0,0.0,0.0,0.0
372.98,88.942,1265.34,0.0,0.0,50.12,0,0.0,0.0,0.0
373.02,88.893,1265.71,0.0,0.0,50.11,0,0.0,0.0,0.0
373.08,88.819,1266.27,0.0,0.0,50.1,0,0.0,0.0,0.0
373.12,88.769,1266.64,0.0,0.0,50.09,0,0.0,0.0,0.0
373.18,88.695,1267.2,0.0,0.0,50.07,0,0.0,0.0,0.0
373.22,88.646,1267.57,0.0,0.0,50.06,0,0.0,0.0,0.0
373.28,88.571,1268.13,0.0,0.0,50.05,0,0.0,0.0,0.0
373.34,88.497,1268.69,0.0,0.0,50.03,0,0.0,0.0,0.0
373.38,88.448,1269.06,0.0,0.0,50.02,0,0.0,0.0,0.0
373.44,88.373,1269.61,0.0,0.0,50.01,0,0.0,0.0,0.0
373.48,88.324,1269.99,0.0,0.0,50.0,0,0.0,0.0,0.0
373.54,88.249,1270.54,0.0,0.0,49.98,0,0.0,0.0,0.0
373.58,88.2,1270.91,0.0,0.0,49.97,0,0.0,0.0,0.0
373.64,88.125,1271.47,0.0,0.0,49.96,0,0.0,0.0,0.0
373.68,88.076,1271.84,0.0,0.0,49.95,0,0.0,0.0,0.0
373.74,88.001,1272.4,0.0,0.0,49.93,0,0.0,0.0,0.0
373.78,87.952,1272.77,0.0,0.0,49.92,0,0.0,0.0,0.0
374.68,86.805,1281.31,0.0,0.0,49.66,0,0.0,0.0,0.0
374.74,86.755,1281.69,0.0,0.0,49.65,0,0.0,0.0,0.0
374.78,86.705,1282.06,0.0,0.0,49.64,0,0.0,0.0,0.0
374.82,86.655,1282.43,0.01,0.0,49.62,0,0.0,0.0,0.0
374.88,86.579,1282.99,0.01,0.0,49.61,0,0.0,0.0,0.0
374.92,86.529,1283.36,0.01,0.0,49.59,0,0.0,0.0,0.0
374.98,86.454,1283.91,0.01,0.0,49.57,0,0.0,0.0,0.0
375.02,86.404,1284.29,0.01,0.0,49.56,0,0.0,0.0,0.0
375.08,86.329,1284.84,0.01,0.0,49.54,0,0.0,0.0,0.0
375.14,86.253,1285.4,0.01,0.0,49.53,0,0.0,0.0,0.0
375.18,86.203,1285.77,0.01,0.0,49.51,0,0.0,0.0,0.0
375.22,86.153,1286.14,0.01,0.0,49.5,0,0.0,0.0,0.0
375.28,86.078,1286.7,0.01,0.0,49.48,0,0.0,0.0,0.0
375.34,86.002,1287.26,0.01,0.0,49.46,0,0.0,0.0,0.0
375.38,85.952,1287.63,0.01,0.0,49.45,0,0.0,0.0,0.0
375.44,85.877,1288.19,0.01,0.0,49.43,0,0.0,0.0,0.0
375.48,85.826,1288.56,0.01,0.0,49.42,0,0.0,0.0,0.0
375.54,85.751,1289.11,0.01,0.0,49.4,0,0.0,0.0,0.0
375.58,85.7,1289.49,0.01,0.0,49.38,0,0.0,0.0,0.0
375.64,85.625,1290.04,0.01,0.0,49.36,0,0.0,0.0,0.0
375.68,85.574,1290.41,0.01,0.0,49.35,0,0.0,0.0,0.0
375.74,85.499,1290.97,0.01,0.0,49.33,0,0.0,0.0,0.0
375.8,85.423,1291.53,0.01,0.0,49.31,0,0.0,0.0,0.0
375.84,85.373,1291.9,0.01,0.0,49.29,0,0.0,0.0,0.0
375.9,85.297,1292.46,0.01,0.0,49.27,0,0.0,0.0,0.0
375.94,85.246,1292.83,0.01,0.0,49.26,0,0.0,0.0,0.0
376.0,85.171,1293.38,0.01,0.0,49.24,0,0.0,0.0,0.0
376.04,85.12,1293.76,0.01,0.0,49.22,0,0.0,0.0,0.0
376.1,85.044,1294.31,0.01,0.0,49.2,0,0.0,0.0,0.0
376.14,84.994,1294.68,0.01,0.0,49.19,0,0.0,0.0,0.0
376.2,84.918,1295.24,0.01,0.0,49.17,0,0.0,0.0,0.0
376.26,84.842,1295.8,0.01,0.0,49.15,0,0.0,0.0,0.0
376.3,84.791,1296.17,0.01,0.0,49.13,0,0.0,0.0,0.0
376.36,84.715,1296.73,0.01,0.0,49.11,0,0.0,0.0,0.0
376.4,84.665,1297.1,0.01,0.0,49.09,0,0.0,0.0,0.0
376.46,84.589,1297.65,0.01,0.0,49.07,0,0.0,0.0,0.0
376.5,84.538,1298.03,0.01,0.0,49.06,0,0.0,0.0,0.0
376.56,84.462,1298.58,0.01,0.0,49.03,0,0.0,0.0,0.0
376.6,84.411,1298.95,0.01,0.0,49.02,0,0.0,0.0,0.0
376.66,84.335,1299.51,0.01,0.0,49.0,0,0.0,0.0,0.0
376.72,84.259,1300.07,0.01,0.0,48.97,0,0.0,0.0,0.0
376.76,84.208,1300.44,0.01,0.0,48.96,0,0.0,0.0,0.0
376.8,84.157,1300.81,0.01,0.0,48.94,0,0.0,0.0,0.0
376.86,84.081,1301.37,0.01,0.0,48.92,0,0.0,0.0,0.0
376.92,84.005,1301.92,0.01,0.0,48.89,0,0.0,0.0,0.0
376.96,83.954,1302.3,0.01,0.0,48.88,0,0.0,0.0,0.0
377.02,83.877,1302.85,0.01,0.0,48.85,0,0.0,0.0,0.0
377.06,83.826,1303.22,0.01,0.0,48.84,0,0.0,0.0,0.0
377.12,83.75,1303.78,0.01,0.0,48.81,0,0.0,0.0,0.0
377.16,83.699,1304.15,0.01,0.0,48.8,0,0.0,0.0,0.0
377.22,83.623,1304.71,0.01,0.0,48.77,0,0.0,0.0,0.0
377.26,83.572,1305.08,0.01,0.0,48.76,0,0.0,0.0,0.0
377.32,83.495,1305.64,0.01,0.0,48.73,0,0.0,0.0,0.0
377.36,83.444,1306.01,0.01,0.0,48.71,0,0.0,0.0,0.0
377.42,83.367,1306.56,0.01,0.0,48.69,0,0.0,0.0,0.0
377.46,83.316,1306.93,0.01,0.0,48.67,0,0.0,0.0,0.0
377.52,83.24,1307.49,0.01,0.0,48.65,0,0.0,0.0,0.0
377.56,83.189,1307.86,0.01,0.0,48.63,0,0.0,0.0,0.0
377.62,83.112,1308.42,0.01,0.0,48.6,0,0.0,0.0,0.0
377.68,83.035,1308.98,0.01,0.0,48.58,0,0.0,0.0,0.0
377.72,82.984,1309.35,0.01,0.0,48.56,0,0.0,0.0,0.0
377.78,82.907,1309.9,0.01,0.0,48.53,0,0.0,0.0,0.0
377.82,82.856,1310.27,0.01,0.0,48.51,0,0.0,0.0,0.0
377.88,82.779,1310.83,0.01,0.0,48.49,0,0.0,0.0,0.0
377.92,82.728,1311.2,0.01,0.0,48.47,0,0.0,0.0,0.0
377.98,82.651,1311.76,0.01,0.0,48.44,0,0.0,0.0,0.0
378.02,82.6,1312.13,0.01,0.0,48.42,0,0.0,0.0,0.0
378.08,82.523,1312.69,0.01,0.0,48.4,0,0.0,0.0,0.0
378.12,82.471,1313.06,0.01,0.0,48.38,0,0.0,0.0,0.0
378.18,82.394,1313.61,0.01,0.0,48.35,0,0.0,0.0,0.0
378.22,82.343,1313.98,0.01,0.0,48.33,0,0.0,0.0,0.0
378.28,82.266,1314.54,0.01,0.0,48.3,0,0.0,0.0,0.0
378.32,82.215,1314.91,0.01,0.0,48.28,0,0.0,0.0,0.0
378.38,82.137,1315.47,0.01,0.0,48.25,0,0.0,0.0,0.0
378.42,82.086,1315.84,0.01,0.0,48.23,0,0.0,0.0,0.0
378.48,82.009,1316.39,0.01,0.0,48.2,0,0.0,0.0,0.0
378.52,81.957,1316.77,0.01,0.0,48.18,0,0.0,0.0,0.0
378.58,81.88,1317.32,0.01,0.0,48.15,0,0.0,0.0,0.0
378.64,81.803,1317.88,0.01,0.0,48.12,0,0.0,0.0,0.0
378.68,81.751,1318.25,0.01,0.0,48.1,0,0.0,0.0,0.0
378.74,81.674,1318.8,0.01,0.0,48.07,0,0.0,0.0,0.0
378.78,81.622,1319.18,0.01,0.0,48.05,0,0.0,0.0,0.0
378.84,81.545,1319.73,0.01,0.0,48.02,0,0.0,0.0,0.0
378.88,81.493,1320.1,0.01,0.0,48.0,0,0.0,0.0,0.0
378.94,81.416,1320.66,0.01,0.0,47.97,0,0.0,0.0,0.0
378.98,81.364,1321.03,0.01,0.0,47.95,0,0.0,0.0,0.0
379.04,81.287,1321.58,0.01,0.0,47.92,0,0.0,0.0,0.0
379.08,81.235,1321.96,0.01,0.0,47.89,0,0.0,0.0,0.0
379.14,81.158,1322.51,0.01,0.0,47.86,0,0.0,0.0,0.0
379.18,81.106,1322.88,0.01,0.0,47.84,0,0.0,0.0,0.0
379.24,81.028,1323.44,0.01,0.0,47.81,0,0.0,0.0,0.0
379.28,80.976,1323.81,0.01,0.0,47.79,0,0.0,0.0,0.0
379.34,80.899,1324.36,0.01,0.0,47.75,0,0.0,0.0,0.0
379.38,80.847,1324.73,0.01,0.0,47.73,0,0.0,0.0,0.0
379.44,80.769,1325.29,0.01,0.0,47.7,0,0.0,0.0,0.0
379.48,80.717,1325.66,0.01,0.0,47.67,0,0.0,0.0,0.0
379.54,80.64,1326.22,0.01,0.0,47.64,0,0.0,0.0,0.0
379.58,80.588,1326.59,0.01,0.0,47.62,0,0.0,0.0,0.0
379.64,80.51,1327.14,0.01,0.0,47.58,0,0.0,0.0,0.0
379.68,80.458,1327.51,0.01,0.0,47.56,0,0.0,0.0,0.0
379.74,80.38,1328.07,0.01,0.0,47.52,0,0.0,0.0,0.0
379.78,80.328,1328.44,0.01,0.0,47.5,0,0.0,0.0,0.0
379.84,80.25,1328.99,0.02,0.0,47.46,0,0.0,0.0,0.0
379.88,80.198,1329.36,0.02,0.0,47.44,0,0.0,0.0,0.0
379.94,80.12,1329.92,0.02,0.0,47.4,0,0.0,0.0,0.0
379.98,80.068,1330.29,0.02,0.0,47.38,0,0.0,0.0,0.0
380.04,79.99,1330.84,0.02,0.0,47.34,0,0.0,0.0,0.0
380.1,79.912,1331.4,0.02,0.0,47.31,0,0.0,0.0,0.0
380.14,79.86,1331.77,0.02,0.0,47.28,0,0.0,0.0,0.0
380.2,79.782,1332.33,0.02,0.0,47.25,0,0.0,0.0,0.0
380.24,79.73,1332.7,0.02,0.0,47.22,0,0.0,0.0,0.0
380.3,79.651,1333.25,0.02,0.0,47.18,0,0.0,0.0,0.0
380.34,79.599,1333.62,0.02,0.0,47.16,0,0.0,0.0,0.0
380.4,79.521,1334.18,0.02,0.0,47.12,0,0.0,0.0,0.0
380.44,79.469,1334.55,0.02,0.0,47.09,0,0.0,0.0,0.0
380.5,79.39,1335.1,0.02,0.0,47.05,0,0.0,0.0,0.0
380.56,79.312,1335.66,0.02,0.0,47.01,0,0.0,0.0,0.0
380.6,79.26,1336.03,0.02,0.0,46.99,0,0.0,0.0,0.0
380.66,79.181,1336.58,0.02,0.0,46.95,0,0.0,0.0,0.0
380.7,79.129,1336.95,0.02,0.0,46.92,0,0.0,0.0,0.0
380.76,79.05,1337.51,0.02,0.0,46.88,0,0.0,0.0,0.0
380.8,78.998,1337.87,0.02,0.0,46.85,0,0.0,0.0,0.0
380.86,78.92,1338.43,0.02,0.0,46.81,0,0.0,0.0,0.0
380.9,78.867,1338.8,0.02,0.0,46.79,0,0.0,0.0,0.0
380.96,78.789,1339.35,0.02,0.0,46.74,0,0.0,0.0,0.0
381.02,78.71,1339.91,0.02,0.0,46.7,0,0.0,0.0,0.0
381.06,78.658,1340.28,0.02,0.0,46.67,0,0.0,0.0,0.0
381.12,78.579,1340.83,0.02,0.0,46.63,0,0.0,0.0,0.0
381.16,78.526,1341.2,0.02,0.0,46.6,0,0.0,0.0,0.0
381.22,78.448,1341.76,0.02,0.0,46.56,0,0.0,0.0,0.0
381.26,78.395,1342.13,0.02,0.0,46.53,0,0.0,0.0,0.0
381.32,78.316,1342.68,0.02,0.0,46.49,0,0.0,0.0,0.0
381.36,78.264,1343.05,0.02,0.0,46.46,0,0.0,0.0,0.0
381.42,78.185,1343.6,0.02,0.0,46.41,0,0.0,0.0,0.0
381.46,78.132,1343.97,0.02,0.0,46.39,0,0.0,0.0,0.0
381.52,78.053,1344.53,0.02,0.0,46.34,0,0.0,0.0,0.0
381.56,78.001,1344.9,0.02,0.0,46.31,0,0.0,0.0,0.0
381.62,77.922,1345.45,0.02,0.0,46.27,0,0.0,0.0,0.0
381.66,77.869,1345.82,0.02,0.0,46.24,0,0.0,0.0,0.0
381.72,77.79,1346.37,0.02,0.0,46.19,0,0.0,0.0,0.0
381.76,77.737,1346.74,0.02,0.0,46.16,0,0.0,0.0,0.0
381.82,77.658,1347.3,0.02,0.0,46.11,0,0.0,0.0,0.0
381.86,77.606,1347.67,0.02,0.0,46.08,0,0.0,0.0,0.0
381.92,77.527,1348.22,0.02,0.0,46.03,0,0.0,0.0,0.0
381.96,77.474,1348.59,0.02,0.0,46.0,0,0.0,0.0,0.0
382.02,77.395,1349.14,0.02,0.0,45.95,0,0.0,0.0,0.0
382.06,77.342,1349.51,0.02,0.0,45.92,0,0.0,0.0,0.0
382.12,77.262,1350.06,0.02,0.0,45.87,0,0.0,0.0,0.0
382.16,77.21,1350.43,0.02,0.0,45.84,0,0.0,0.0,0.0
382.22,77.13,1350.99,0.03,0.0,45.79,0,0.0,0.0,0.0
382.28,77.051,1351.54,0.03,0.0,45.74,0,0.0,0.0,0.0
382.32,76.998,1351.91,0.03,0.0,45.71,0,0.0,0.0,0.0
382.38,76.919,1352.46,0.03,0.0,45.66,0,0.0,0.0,0.0
382.42,76.866,1352.83,0.03,0.0,45.63,0,0.0,0.0,0.0
382.48,76.786,1353.38,0.03,0.0,45.58,0,0.0,0.0,0.0
382.52,76.733,1353.75,0.03,0.0,45.54,0,0.0,0.0,0.0
382.58,76.654,1354.3,0.03,0.0,45.49,0,0.0,0.0,0.0
382.62,76.601,1354.67,0.03,0.0,45.46,0,0.0,0.0,0.0
382.68,76.521,1355.23,0.03,0.0,45.41,0,0.0,0.0,0.0
382.74,76.442,1355.78,0.03,0.0,45.36,0,0.0,0.0,0.0
382.78,76.388,1356.15,0.03,0.0,45.32,0,0.0,0.0,0.0
382.84,76.309,1356.7,0.03,0.0,45.27,0,0.0,0.0,0.0
382.88,76.256,1357.07,0.03,0.0,45.23,0,0.0,0.0,0.0
382.94,76.176,1357.62,0.03,0.0,45.18,0,0.0,0.0,0.0
382.98,76.123,1357.99,0.03,0.0,45.14,0,0.0,0.0,0.0
383.04,76.043,1358.54,0.03,0.0,45.09,0,0.0,0.0,0.0
383.1,75.963,1359.09,0.03,0.0,45.04,0,0.0,0.0,0.0
383.14,75.91,1359.46,0.03,0.0,45.0,0,0.0,0.0,0.0
383.2,75.83,1360.01,0.03,0.0,44.94,0,0.0,0.0,0.0
383.24,75.777,1360.38,0.03,0.0,44.91,0,0.0,0.0,0.0
383.3,75.697,1360.93,0.03,0.0,44.85,0,0.0,0.0,0.0
383.34,75.644,1361.3,0.03,0.0,44.82,0,0.0,0.0,0.0
383.4,75.564,1361.85,0.03,0.0,44.76,0,0.0,0.0,0.0
383.46,75.484,1362.4,0.03,0.0,44.7,0,0.0,0.0,0.0
383.5,75.43,1362.77,0.03,0.0,44.66,0,0.0,0.0,0.0
383.54,75.377,1363.14,0.03,0.0,44.63,0,0.0,0.0,0.0
383.6,75.297,1363.69,0.03,0.0,44.57,0,0.0,0.0,0.0
383.66,75.217,1364.24,0.03,0.0,44.51,0,0.0,0.0,0.0
383.7,75.163,1364.61,0.03,0.0,44.47,0,0.0,0.0,0.0
383.76,75.083,1365.16,0.04,0.0,44.41,0,0.0,0.0,0.0
383.8,75.03,1365.53,0.04,0.0,44.38,0,0.0,0.0,0.0
383.86,74.949,1366.08,0.04,0.0,44.32,0,0.0,0.0,0.0
383.92,74.869,1366.63,0.04,0.0,44.26,0,0.0,0.0,0.0
383.96,74.816,1367.0,0.04,0.0,44.22,0,0.0,0.0,0.0
384.02,74.735,1367.55,0.04,0.0,44.16,0,0.0,0.0,0.0
384.06,74.682,1367.91,0.04,0.0,44.12,0,0.0,0.0,0.0
384.12,74.601,1368.46,0.04,0.0,44.06,0,0.0,0.0,0.0
384.16,74.548,1368.83,0.04,0.0,44.02,0,0.0,0.0,0.0
384.22,74.467,1369.38,0.04,0.0,43.95,0,0.0,0.0,0.0
384.26,74.414,1369.75,0.04,0.0,43.91,0,0.0,0.0,0.0
384.32,74.333,1370.3,0.04,0.0,43.85,0,0.0,0.0,0.0
384.36,74.28,1370.66,0.04,0.0,43.81,0,0.0,0.0,0.0
384.42,74.199,1371.21,0.04,0.0,43.75,0,0.0,0.0,0.0
384.46,74.145,1371.58,0.04,0.0,43.71,0,0.0,0.0,0.0
384.52,74.065,1372.13,0.04,0.0,43.64,0,0.0,0.0,0.0
384.56,74.011,1372.5,0.04,0.0,43.6,0,0.0,0.0,0.0
384.62,73.93,1373.05,0.04,0.0,43.54,0,0.0,0.0,0.0
384.66,73.876,1373.41,0.04,0.0,43.49,0,0.0,0.0,0.0
384.72,73.796,1373.96,0.04,0.0,43.43,0,0.0,0.0,0.0
384.76,73.742,1374.33,0.04,0.0,43.39,0,0.0,0.0,0.0
384.82,73.661,1374.88,0.04,0.0,43.32,0,0.0,0.0,0.0
384.88,73.58,1375.43,0.04,0.0,43.26,0,0.0,0.0,0.0
384.92,73.526,1375.79,0.05,0.0,43.21,0,0.0,0.0,0.0
384.98,73.446,1376.34,0.05,0.0,43.15,0,0.0,0.0,0.0
385.02,73.392,1376.71,0.05,0.0,43.1,0,0.0,0.0,0.0
385.08,73.311,1377.26,0.05,0.0,43.03,0,0.0,0.0,0.0
385.12,73.257,1377.62,0.05,0.0,42.99,0,0.0,0.0,0.0
385.18,73.176,1378.17,0.05,0.0,42.92,0,0.0,0.0,0.0
385.22,73.122,1378.54,0.05,0.0,42.88,0,0.0,0.0,0.0
385.28,73.041,1379.08,0.05,0.0,42.81,0,0.0,0.0,0.0
385.32,72.987,1379.45,0.05,0.0,42.76,0,0.0,0.0,0.0
385.38,72.906,1380.0,0.05,0.0,42.7,0,0.0,0.0,0.0
385.42,72.852,1380.36,0.05,0.0,42.65,0,0.0,0.0,0.0
385.48,72.77,1380.91,0.05,0.0,42.58,0,0.0,0.0,0.0
385.54,72.689,1381.46,0.05,0.0,42.51,0,0.0,0.0,0.0
385.56,72.662,1381.64,0.05,0.0,42.49,0,0.0,0.0,0.0
385.64,72.554,1382.37,0.05,0.0,42.4,0,0.0,0.0,0.0
385.68,72.5,1382.73,0.05,0.0,42.35,0,0.0,0.0,0.0
385.74,72.418,1383.28,0.05,0.0,42.28,0,0.0,0.0,0.0
385.78,72.364,1383.65,0.05,0.0,42.23,0,0.0,0.0,0.0
385.84,72.283,1384.19,0.06,0.0,42.16,0,0.0,0.0,0.0
385.88,72.229,1384.56,0.06,0.0,42.11,0,0.0,0.0,0.0
385.94,72.147,1385.1,0.06,0.0,42.04,0,0.0,0.0,0.0
385.98,72.093,1385.47,0.06,0.0,41.99,0,0.0,0.0,0.0
386.04,72.011,1386.01,0.06,0.0,41.92,0,0.0,0.0,0.0
386.1,71.93,1386.56,0.06,0.0,41.85,0,0.0,0.0,0.0
386.14,71.876,1386.92,0.06,0.0,41.8,0,0.0,0.0,0.0
386.2,71.794,1387.47,0.06,0.0,41.73,0,0.0,0.0,0.0
386.24,71.74,1387.83,0.06,0.0,41.68,0,0.0,0.0,0.0
386.3,71.658,1388.38,0.06,0.0,41.6,0,0.0,0.0,0.0
386.34,71.604,1388.74,0.06,0.0,41.55,0,0.0,0.0,0.0
386.4,71.522,1389.29,0.06,0.0,41.48,0,0.0,0.0,0.0
386.44,71.468,1389.65,0.06,0.0,41.43,0,0.0,0.0,0.0
386.5,71.386,1390.19,0.06,0.0,41.36,0,0.0,0.0,0.0
386.56,71.304,1390.74,0.06,0.0,41.28,0,0.0,0.0,0.0
386.6,71.25,1391.1,0.07,0.0,41.23,0,0.0,0.0,0.0
386.66,71.168,1391.64,0.07,0.0,41.16,0,0.0,0.0,0.0
386.7,71.113,1392.01,0.07,0.0,41.1,0,0.0,0.0,0.0
386.76,71.031,1392.55,0.07,0.0,41.03,0,0.0,0.0,0.0
386.8,70.977,1392.91,0.07,0.0,40.98,0,0.0,0.0,0.0
386.86,70.895,1393.45,0.07,0.0,40.9,0,0.0,0.0,0.0
386.9,70.84,1393.82,0.07,0.0,40.85,0,0.0,0.0,0.0
386.96,70.758,1394.36,0.07,0.0,40.77,0,0.0,0.0,0.0
387.02,70.676,1394.9,0.07,0.0,40.7,0,0.0,0.0,0.0
387.06,70.622,1395.26,0.07,0.0,40.64,0,0.0,0.0,0.0
387.12,70.539,1395.8,0.07,0.0,40.57,0,0.0,0.0,0.0
387.16,70.485,1396.17,0.07,0.0,40.51,0,0.0,0.0,0.0
387.22,70.403,1396.71,0.07,0.0,40.43,0,0.0,0.0,0.0
387.26,70.348,1397.07,0.08,0.0,40.38,0,0.0,0.0,0.0
387.3,70.293,1397.43,0.08,0.0,40.33,0,0.0,0.0,0.0
387.36,70.211,1397.97,0.08,0.0,40.25,0,0.0,0.0,0.0
387.4,70.156,1398.33,0.08,0.0,40.2,0,0.0,0.0,0.0
387.46,70.074,1398.87,0.08,0.0,40.12,0,0.0,0.0,0.0
387.52,69.992,1399.41,0.08,0.0,40.04,0,0.0,0.0,0.0
387.56,69.937,1399.77,0.08,0.0,39.98,0,0.0,0.0,0.0
387.62,69.854,1400.31,0.08,0.0,39.9,0,0.0,0.0,0.0
387.66,69.799,1400.67,0.08,0.0,39.85,0,0.0,0.0,0.0
387.72,69.717,1401.21,0.08,0.0,39.77,0,0.0,0.0,0.0
387.78,69.635,1401.74,0.08,0.0,39.69,0,0.0,0.0,0.0
387.82,69.58,1402.1,0.08,0.0,39.63,0,0.0,0.0,0.0
387.88,69.497,1402.64,0.09,0.0,39.55,0,0.0,0.0,0.0
387.92,69.442,1403.0,0.09,0.0,39.5,0,0.0,0.0,0.0
387.98,69.36,1403.54,0.09,0.0,39.42,0,0.0,0.0,0.0
388.02,69.305,1403.89,0.09,0.0,39.36,0,0.0,0.0,0.0
388.08,69.222,1404.43,0.09,0.0,39.28,0,0.0,0.0,0.0
388.12,69.167,1404.79,0.09,0.0,39.22,0,0.0,0.0,0.0
388.16,69.112,1405.15,0.09,0.0,39.17,0,0.0,0.0,0.0
388.24,69.002,1405.86,0.09,0.0,39.06,0,0.0,0.0,0.0
388.28,68.946,1406.22,0.09,0.0,39.0,0,0.0,0.0,0.0
388.34,68.864,1406.75,0.09,0.0,38.92,0,0.0,0.0,0.0
388.38,68.809,1407.11,0.1,0.0,38.86,0,0.0,0.0,0.0
388.42,68.753,1407.47,0.1,0.0,38.81,0,0.0,0.0,0.0
388.48,68.671,1408.0,0.1,0.0,38.73,0,0.0,0.0,0.0
388.54,68.588,1408.53,0.1,0.0,38.64,0,0.0,0.0,0.0
388.58,68.532,1408.89,0.1,0.0,38.59,0,0.0,0.0,0.0
388.62,68.477,1409.24,0.1,0.0,38.53,0,0.0,0.0,0.0
388.66,68.422,1409.6,0.1,0.0,38.47,0,0.0,0.0,0.0
388.72,68.339,1410.13,0.1,0.0,38.39,0,0.0,0.0,0.0
388.78,68.256,1410.66,0.1,0.0,38.3,0,0.0,0.0,0.0
388.82,68.201,1411.02,0.1,0.0,38.25,0,0.0,0.0,0.0
388.88,68.118,1411.55,0.11,0.0,38.16,0,0.0,0.0,0.0
388.94,68.035,1412.08,0.11,0.0,38.08,0,0.0,0.0,0.0
388.98,67.979,1412.43,0.11,0.0,38.02,0,0.0,0.0,0.0
389.04,67.896,1412.97,0.11,0.0,37.94,0,0.0,0.0,0.0
389.04,67.841,1413.5,0.11,0.0,37.85,0,0.0,0.0,0.0
389.14,67.758,1413.85,0.11,0.0,37.79,0,0.0,0.0,0.0
389.18,67.702,1414.2,0.11,0.0,37.74,0,0.0,0.0,0.0
389.24,67.619,1414.73,0.11,0.0,37.65,0,0.0,0.0,0.0
389.28,67.563,1415.08,0.12,0.0,37.59,0,0.0,0.0,0.0
389.34,67.48,1415.61,0.12,0.0,37.51,0,0.0,0.0,0.0
389.38,67.425,1415.96,0.12,0.0,37.45,0,0.0,0.0,0.0
389.44,67.341,1416.49,0.12,0.0,37.36,0,0.0,0.0,0.0
389.5,67.258,1417.02,0.12,0.0,37.28,0,0.0,0.0,0.0
389.54,67.202,1417.37,0.12,0.0,37.22,0,0.0,0.0,0.0
389.6,67.119,1417.89,0.12,0.0,37.14,0,0.0,0.0,0.0
389.64,67.063,1418.24,0.12,0.0,37.08,0,0.0,0.0,0.0
389.7,66.98,1418.77,0.13,0.0,36.99,0,0.0,0.0,0.0
389.74,66.924,1419.12,0.13,0.0,36.93,0,0.0,0.0,0.0
389.8,66.841,1419.64,0.13,0.0,36.85,0,0.0,0.0,0.0
389.84,66.785,1419.99,0.13,0.0,36.79,0,0.0,0.0,0.0
389.9,66.701,1420.52,0.13,0.0,36.71,0,0.0,0.0,0.0
389.94,66.645,1420.86,0.13,0.0,36.65,0,0.0,0.0,0.0
390.0,66.562,1421.39,0.13,0.0,36.56,0,0.0,0.0,0.0
390.06,66.478,1421.91,0.14,0.0,36.48,0,0.0,0.0,0.0
390.1,66.422,1422.26,0.14,0.0,36.42,0,0.0,0.0,0.0
390.16,66.339,1422.78,0.14,0.0,36.33,0,0.0,0.0,0.0
390.2,66.283,1423.12,0.14,0.0,36.28,0,0.0,0.0,0.0
390.26,66.199,1423.64,0.14,0.0,36.19,0,0.0,0.0,0.0
390.3,66.143,1423.99,0.14,0.0,36.13,0,0.0,0.0,0.0
390.36,66.059,1424.51,0.14,0.0,36.05,0,0.0,0.0,0.0
390.4,66.003,1424.86,0.15,0.0,35.99,0,0.0,0.0,0.0
390.46,65.92,1425.37,0.15,0.0,35.91,0,0.0,0.0,0.0
390.52,65.836,1425.89,0.15,0.0,35.82,0,0.0,0.0,0.0
390.56,65.78,1426.24,0.15,0.0,35.77,0,0.0,0.0,0.0
390.6,65.724,1426.58,0.15,0.0,35.71,0,0.0,0.0,0.0
390.66,65.64,1427.1,0.15,0.0,35.62,0,0.0,0.0,0.0
390.72,65.556,1427.61,0.16,0.0,35.54,0,0.0,0.0,0.0
390.78,65.472,1428.13,0.16,0.0,35.46,0,0.0,0.0,0.0
390.82,65.416,1428.47,0.16,0.0,35.4,0,0.0,0.0,0.0
390.88,65.332,1428.99,0.16,0.0,35.32,0,0.0,0.0,0.0
390.92,65.275,1429.33,0.16,0.0,35.26,0,0.0,0.0,0.0
390.98,65.191,1429.84,0.16,0.0,35.18,0,0.0,0.0,0.0
391.02,65.135,1430.18,0.17,0.0,35.12,0,0.0,0.0,0.0
391.08,65.051,1430.7,0.17,0.0,35.04,0,0.0,0.0,0.0
391.12,64.995,1431.04,0.17,0.0,34.99,0,0.0,0.0,0.0
391.18,64.911,1431.55,0.17,0.0,34.9,0,0.0,0.0,0.0
391.22,64.854,1431.89,0.17,0.0,34.85,0,0.0,0.0,0.0
391.28,64.77,1432.4,0.17,0.0,34.77,0,0.0,0.0,0.0
391.32,64.714,1432.74,0.18,0.0,34.71,0,0.0,0.0,0.0
391.38,64.629,1433.25,0.18,0.0,34.63,0,0.0,0.0,0.0
391.44,64.545,1433.76,0.18,0.0,34.53,0,0.0,0.0,0.0
391.5,64.461,1434.26,0.18,0.0,34.47,0,0.0,0.0,0.0
391.54,64.404,1434.6,0.18,0.0,34.4,0,0.0,0.0,0.0
391.6,64.32,1435.11,0.19,0.0,34.34,0,0.0,0.0,0.0
391.64,64.264,1435.44,0.19,0.0,34.29,0,0.0,0.0,0.0
391.7,64.179,1435.95,0.19,0.0,34.21,0,0.0,0.0,0.0
391.76,64.094,1436.45,0.19,0.0,34.14,0,0.0,0.0,0.0
391.8,64.038,1436.79,0.19,0.0,34.08,0,0.0,0.0,0.0
391.84,63.982,1437.13,0.2,0.0,34.03,0,0.0,0.0,0.0
391.9,63.897,1437.63,0.2,0.0,33.96,0,0.0,0.0,0.0
391.94,63.841,1437.96,0.2,0.0,33.91,0,0.0,0.0,0.0
392.0,63.756,1438.47,0.2,0.0,33.83,0,0.0,0.0,0.0
392.06,63.671,1438.97,0.2,0.0,33.76,0,0.0,0.0,0.0
392.1,63.615,1439.3,0.21,0.0,33.71,0,0.0,0.0,0.0
392.16,63.53,1439.8,0.21,0.0,33.64,0,0.0,0.0,0.0
392.2,63.473,1440.13,0.21,0.0,33.59,0,0.0,0.0,0.0
392.24,63.417,1440.47,0.21,0.0,33.54,0,0.0,0.0,0.0
392.3,63.332,1440.96,0.21,0.0,33.47,0,0.0,0.0,0.0
392.36,63.247,1441.46,0.22,0.0,33.4,0,0.0,0.0,0.0
392.4,63.19,1441.79,0.22,0.0,33.35,0,0.0,0.0,0.0
392.46,63.106,1442.29,0.22,0.0,33.28,0,0.0,0.0,0.0
392.52,63.021,1442.78,0.22,0.0,33.22,0,0.0,0.0,0.0
392.56,62.964,1443.11,0.22,0.0,33.17,0,0.0,0.0,0.0
392.6,62.907,1443.44,0.23,0.0,33.13,0,0.0,0.0,0.0
392.66,62.822,1443.93,0.23,0.0,33.06,0,0.0,0.0,0.0
392.72,62.737,1444.43,0.23,0.0,33.0,0,0.0,0.0,0.0
392.76,62.68,1444.75,0.23,0.0,32.95,0,0.0,0.0,0.0
392.82,62.595,1445.25,0.24,0.0,32.89,0,0.0,0.0,0.0
392.86,62.539,1445.57,0.24,0.0,32.85,0,0.0,0.0,0.0
392.92,62.453,1446.06,0.24,0.0,32.79,0,0.0,0.0,0.0
392.96,62.397,1446.39,0.24,0.0,32.74,0,0.0,0.0,0.0
393.02,62.311,1446.88,0.25,0.0,32.69,0,0.0,0.0,0.0
393.08,62.226,1447.36,0.25,0.0,32.63,0,0.0,0.0,0.0
393.1,62.198,1447.53,0.25,0.0,32.61,0,0.0,0.0,0.0
393.16,62.112,1448.01,0.25,0.0,32.55,0,0.0,0.0,0.0
393.2,62.056,1448.34,0.25,0.0,32.51,0,0.0,0.0,0.0
393.26,61.97,1448.82,0.26,0.0,32.46,0,0.0,0.0,0.0
393.32,61.885,1449.3,0.26,0.0,32.4,0,0.0,0.0,0.0
393.36,61.828,1449.63,0.26,0.0,32.37,0,0.0,0.0,0.0
393.42,61.743,1450.11,0.27,0.0,32.32,0,0.0,0.0,0.0
393.46,61.686,1450.43,0.27,0.0,32.28,0,0.0,0.0,0.0
393.52,61.6,1450.91,0.27,0.0,32.23,0,0.0,0.0,0.0
393.58,61.515,1451.39,0.27,0.0,32.18,0,0.0,0.0,0.0
393.6,61.486,1451.55,0.28,0.0,32.17,0,0.0,0.0,0.0
393.66,61.401,1452.03,0.28,0.0,32.12,0,0.0,0.0,0.0
393.72,61.315,1452.51,0.28,0.0,32.07,0,0.0,0.0,0.0
393.78,61.23,1452.98,0.28,0.0,32.03,0,0.0,0.0,0.0
393.82,61.172,1453.3,0.29,0.0,32.0,0,0.0,0.0,0.0
393.88,61.087,1453.77,0.29,0.0,31.96,0,0.0,0.0,0.0
393.92,61.03,1454.09,0.29,0.0,31.93,0,0.0,0.0,0.0
393.98,60.944,1454.56,0.3,0.0,31.89,0,0.0,0.0,0.0
394.04,60.858,1455.04,0.3,0.0,31.86,0,0.0,0.0,0.0
394.08,60.801,1455.35,0.3,0.0,31.83,0,0.0,0.0,0.0
394.12,60.744,1455.67,0.3,0.0,31.81,0,0.0,0.0,0.0
394.18,60.658,1456.14,0.31,0.0,31.78,0,0.0,0.0,0.0
394.24,60.572,1456.6,0.31,0.0,31.74,0,0.0,0.0,0.0
394.28,60.515,1456.92,0.31,0.0,31.72,0,0.0,0.0,0.0
394.34,60.429,1457.38,0.32,0.0,31.69,0,0.0,0.0,0.0
394.38,60.372,1457.69,0.32,0.0,31.68,0,0.0,0.0,0.0
394.44,60.286,1458.16,0.32,0.0,31.65,0,0.0,0.0,0.0
394.48,60.229,1458.47,0.33,0.0,31.63,0,0.0,0.0,0.0
394.54,60.143,1458.93,0.33,0.0,31.61,0,0.0,0.0,0.0
394.58,60.086,1459.24,0.33,0.0,31.59,0,0.0,0.0,0.0
394.64,59.999,1459.7,0.34,0.0,31.57,0,0.0,0.0,0.0
394.68,59.942,1460.01,0.34,0.0,31.56,0,0.0,0.0,0.0
394.74,59.856,1460.47,0.34,0.0,31.54,0,0.0,0.0,0.0
394.8,59.77,1460.93,0.35,0.0,31.53,0,0.0,0.0,0.0
394.84,59.713,1461.24,0.35,0.0,31.52,0,0.0,0.0,0.0
394.9,59.626,1461.69,0.35,0.0,31.51,0,0.0,0.0,0.0
394.94,59.569,1462.0,0.36,0.0,31.5,0,0.0,0.0,0.0
395.0,59.483,1462.45,0.36,0.0,31.49,0,0.0,0.0,0.0
395.06,59.397,1462.91,0.36,0.0,31.48,0,0.0,0.0,0.0
395.1,59.339,1463.21,0.37,0.0,31.48,0,0.0,0.0,0.0
395.14,59.282,1463.51,0.37,0.0,31.48,0,0.0,0.0,0.0
395.2,59.195,1463.96,0.37,0.0,31.47,0,0.0,0.0,0.0
395.26,59.109,1464.41,0.38,0.0,31.47,0,0.0,0.0,0.0
395.3,59.052,1464.71,0.38,0.0,31.47,0,0.0,0.0,0.0
395.36,58.965,1465.16,0.38,0.0,31.48,0,0.0,0.0,0.0
395.4,58.908,1465.46,0.39,0.0,31.48,0,0.0,0.0,0.0
395.46,58.821,1465.91,0.39,0.0,31.49,0,0.0,0.0,0.0
395.52,58.735,1466.35,0.4,0.0,31.49,0,0.0,0.0,0.0
395.56,58.677,1466.65,0.4,0.0,31.5,0,0.0,0.0,0.0
395.62,58.591,1467.09,0.4,0.0,31.51,0,0.0,0.0,0.0
395.68,58.504,1467.53,0.41,0.0,31.53,0,0.0,0.0,0.0
395.72,58.446,1467.83,0.41,0.0,31.54,0,0.0,0.0,0.0
395.78,58.36,1468.27,0.42,0.0,31.56,0,0.0,0.0,0.0
395.82,58.302,1468.56,0.42,0.0,31.57,0,0.0,0.0,0.0
395.88,58.216,1469.0,0.42,0.0,31.59,0,0.0,0.0,0.0
395.92,58.158,1469.29,0.43,0.0,31.61,0,0.0,0.0,0.0
395.98,58.071,1469.72,0.43,0.0,31.63,0,0.0,0.0,0.0
396.04,57.985,1470.16,0.44,0.0,31.66,0,0.0,0.0,0.0
396.08,57.927,1470.45,0.44,0.0,31.68,0,0.0,0.0,0.0
396.14,57.84,1470.88,0.45,0.0,31.71,0,0.0,0.0,0.0
396.18,57.782,1471.16,0.45,0.0,31.74,0,0.0,0.0,0.0
396.24,57.696,1471.59,0.45,0.0,31.77,0,0.0,0.0,0.0
396.3,57.609,1472.02,0.46,0.0,31.81,0,0.0,0.0,0.0
396.34,57.551,1472.31,0.46,0.0,31.84,0,0.0,0.0,0.0
396.4,57.464,1472.73,0.47,0.0,31.88,0,0.0,0.0,0.0
396.46,57.377,1473.16,0.47,0.0,31.92,0,0.0,0.0,0.0
396.5,57.319,1473.44,0.48,0.0,31.95,0,0.0,0.0,0.0
396.56,57.232,1473.86,0.48,0.0,32.0,0,0.0,0.0,0.0
396.6,57.174,1474.14,0.48,0.0,32.03,0,0.0,0.0,0.0
396.66,57.087,1474.56,0.49,0.0,32.08,0,0.0,0.0,0.0
396.7,57.03,1474.84,0.49,0.0,32.12,0,0.0,0.0,0.0
396.76,56.943,1475.26,0.5,0.0,32.18,0,0.0,0.0,0.0
396.82,56.856,1475.68,0.51,0.0,32.23,0,0.0,0.0,0.0
396.86,56.797,1475.95,0.51,0.0,32.27,0,0.0,0.0,0.0
396.9,56.739,1476.23,0.51,0.0,32.32,0,0.0,0.0,0.0
396.96,56.652,1476.64,0.52,0.0,32.38,0,0.0,0.0,0.0
397.02,56.565,1477.05,0.52,0.0,32.44,0,0.0,0.0,0.0
397.08,56.478,1477.46,0.53,0.0,32.51,0,0.0,0.0,0.0
397.12,56.42,1477.74,0.53,0.0,32.56,0,0.0,0.0,0.0
397.16,56.362,1478.01,0.54,0.0,32.61,0,0.0,0.0,0.0
397.22,56.275,1478.41,0.54,0.0,32.68,0,0.0,0.0,0.0
397.28,56.188,1478.82,0.55,0.0,32.76,0,0.0,0.0,0.0
397.32,56.129,1479.09,0.55,0.0,32.81,0,0.0,0.0,0.0
397.36,56.071,1479.35,0.56,0.0,32.86,0,0.0,0.0,0.0
397.42,55.984,1479.76,0.56,0.0,32.94,0,0.0,0.0,0.0
397.48,55.897,1480.15,0.57,0.0,33.02,0,0.0,0.0,0.0
397.52,55.838,1480.42,0.58,0.0,33.08,0,0.0,0.0,0.0
397.56,55.78,1480.68,0.58,0.0,33.14,0,0.0,0.0,0.0
397.62,55.693,1481.08,0.59,0.0,33.23,0,0.0,0.0,0.0
397.66,55.635,1481.34,0.59,0.0,33.29,0,0.0,0.0,0.0
397.72,55.547,1481.74,0.6,0.0,33.38,0,0.0,0.0,0.0
397.78,55.46,1482.13,0.6,0.0,33.47,0,0.0,0.0,0.0
397.82,55.402,1482.39,0.61,0.0,33.54,0,0.0,0.0,0.0
397.86,55.343,1482.65,0.61,0.0,33.6,0,0.0,0.0,0.0
397.92,55.256,1483.03,0.62,0.0,33.7,0,0.0,0.0,0.0
397.98,55.168,1483.42,0.63,0.0,33.8,0,0.0,0.0,0.0
398.02,55.11,1483.67,0.63,0.0,33.87,0,0.0,0.0,0.0
398.08,55.022,1484.06,0.64,0.0,33.97,0,0.0,0.0,0.0
398.12,54.964,1484.31,0.64,0.0,34.04,0,0.0,0.0,0.0
398.18,54.876,1484.69,0.65,0.0,34.15,0,0.0,0.0,0.0
398.22,54.818,1484.94,0.66,0.0,34.22,0,0.0,0.0,0.0
398.28,54.73,1485.32,0.66,0.0,34.33,0,0.0,0.0,0.0
398.32,54.672,1485.57,0.67,0.0,34.4,0,0.0,0.0,0.0
398.38,54.584,1485.95,0.67,0.0,34.52,0,0.0,0.0,0.0
398.42,54.526,1486.2,0.68,0.0,34.59,0,0.0,0.0,0.0
398.48,54.438,1486.57,0.69,0.0,34.71,0,0.0,0.0,0.0
398.54,54.35,1486.94,0.7,0.0,34.82,0,0.0,0.0,0.0
398.58,54.292,1487.18,0.7,0.0,34.9,0,0.0,0.0,0.0
398.62,54.233,1487.43,0.71,0.0,34.98,0,0.0,0.0,0.0
398.68,54.146,1487.79,0.71,0.0,35.1,0,0.0,0.0,0.0
398.74,54.058,1488.16,0.72,0.0,35.22,0,0.0,0.0,0.0
398.78,53.999,1488.4,0.73,0.0,35.3,0,0.0,0.0,0.0
398.84,53.911,1488.76,0.74,0.0,35.42,0,0.0,0.0,0.0
398.88,53.853,1489.0,0.74,0.0,35.51,0,0.0,0.0,0.0
398.94,53.765,1489.36,0.75,0.0,35.63,0,0.0,0.0,0.0
398.98,53.706,1489.6,0.75,0.0,35.71,0,0.0,0.0,0.0
399.02,53.648,1489.84,0.76,0.0,35.84,0,0.0,0.0,0.0
399.08,53.56,1490.19,0.77,0.0,35.97,0,0.0,0.0,0.0
399.14,53.472,1490.54,0.78,0.0,36.09,0,0.0,0.0,0.0
399.2,53.384,1490.89,0.79,0.0,36.18,0,0.0,0.0,0.0
399.24,53.325,1491.13,0.79,0.0,36.26,0,0.0,0.0,0.0
399.3,53.237,1491.47,0.8,0.0,36.39,0,0.0,0.0,0.0
399.36,53.149,1491.82,0.81,0.0,36.52,0,0.0,0.0,0.0
399.4,53.09,1492.05,0.82,0.0,36.61,0,0.0,0.0,0.0
399.46,53.002,1492.39,0.83,0.0,36.74,0,0.0,0.0,0.0
399.5,52.943,1492.62,0.83,0.0,36.82,0,0.0,0.0,0.0
399.56,52.855,1492.96,0.84,0.0,36.95,0,0.0,0.0,0.0
399.6,52.797,1493.18,0.85,0.0,37.04,0,0.0,0.0,0.0
399.66,52.708,1493.52,0.86,0.0,37.17,0,0.0,0.0,0.0
399.7,52.65,1493.74,0.87,0.0,37.26,0,0.0,0.0,0.0
399.76,52.561,1494.08,0.88,0.0,37.39,0,0.0,0.0,0.0
399.82,52.473,1494.41,0.89,0.0,37.51,0,0.0,0.0,0.0
399.86,52.414,1494.63,0.89,0.0,37.6,0,0.0,0.0,0.0
399.92,52.326,1494.95,0.9,0.0,37.73,0,0.0,0.0,0.0
399.96,52.267,1495.17,0.91,0.0,37.81,0,0.0,0.0,0.0
400.02,52.179,1495.5,0.92,0.0,37.94,0,0.0,0.0,0.0
400.06,52.12,1495.71,0.93,0.0,38.02,0,0.0,0.0,0.0
400.12,52.032,1496.03,0.94,0.0,38.15,0,0.0,0.0,0.0
400.18,51.943,1496.35,0.95,0.0,38.27,0,0.0,0.0,0.0
400.22,51.885,1496.56,0.96,0.0,38.35,0,0.0,0.0,0.0
400.28,51.796,1496.88,0.97,0.0,38.48,0,0.0,0.0,0.0
400.34,51.708,1497.19,0.98,0.0,38.6,0,0.0,0.0,0.0
400.38,51.649,1497.4,0.98,0.0,38.68,0,0.0,0.0,0.0
400.44,51.56,1497.71,1.0,0.0,38.79,0,0.0,0.0,0.0
400.48,51.501,1497.92,1.0,0.0,38.87,0,0.0,0.0,0.0
400.54,51.413,1498.22,1.02,0.0,38.99,0,0.0,0.0,0.0
400.58,51.354,1498.42,1.02,0.0,39.06,0,0.0,0.0,0.0
400.64,51.265,1498.73,1.04,0.0,39.17,0,0.0,0.0,0.0
400.68,51.206,1498.93,1.04,0.0,39.25,0,0.0,0.0,0.0
400.74,51.118,1499.23,1.06,0.0,39.36,0,0.0,0.0,0.0
400.8,51.029,1499.52,1.07,0.0,39.46,0,0.0,0.0,0.0
400.84,50.97,1499.72,1.08,0.0,39.53,0,0.0,0.0,0.0
400.9,50.882,1500.01,1.09,0.0,39.63,0,0.0,0.0,0.0
400.94,50.823,1500.21,1.1,0.0,39.7,0,0.0,0.0,0.0
401.0,50.734,1500.49,1.11,0.0,39.82,0,0.0,0.0,0.0
401.06,50.645,1500.78,1.12,0.0,39.89,0,0.0,0.0,0.0
401.12,50.557,1501.06,1.14,0.0,39.98,0,0.0,0.0,0.0
401.16,50.497,1501.25,1.14,0.0,40.04,0,0.0,0.0,0.0
401.22,50.409,1501.53,1.16,0.0,40.12,0,0.0,0.0,0.0
401.26,50.35,1501.71,1.17,0.0,40.17,0,0.0,0.0,0.0
401.32,50.261,1501.99,1.18,0.0,40.25,0,0.0,0.0,0.0
401.36,50.202,1502.17,1.19,0.0,40.3,0,0.0,0.0,0.0
401.4,50.143,1502.35,1.2,0.0,40.35,0,0.0,0.0,0.0
401.46,50.054,1502.62,1.21,0.0,40.42,0,0.0,0.0,0.0
401.52,49.965,1502.88,1.23,0.0,40.49,0,0.0,0.0,0.0
401.58,49.876,1503.15,1.24,0.0,40.55,0,0.0,0.0,0.0
401.62,49.817,1503.32,1.25,0.0,40.59,0,0.0,0.0,0.0
401.68,49.728,1503.58,1.27,0.0,40.64,0,0.0,0.0,0.0
401.72,49.669,1503.75,1.28,0.0,40.68,0,0.0,0.0,0.0
401.78,49.58,1504.0,1.29,0.0,40.73,0,0.0,0.0,0.0
401.84,49.491,1504.25,1.31,0.0,40.77,0,0.0,0.0,0.0
401.88,49.432,1504.41,1.32,0.0,40.79,0,0.0,0.0,0.0
401.92,49.373,1504.57,1.33,0.0,40.82,0,0.0,0.0,0.0
401.98,49.284,1504.82,1.34,0.0,40.85,0,0.0,0.0,0.0
402.04,49.195,1505.05,1.36,0.0,40.88,0,0.0,0.0,0.0
402.08,49.135,1505.21,1.37,0.0,40.89,0,0.0,0.0,0.0
402.14,49.046,1505.44,1.38,0.0,40.91,0,0.0,0.0,0.0
402.18,48.987,1505.59,1.39,0.0,40.92,0,0.0,0.0,0.0
402.24,48.898,1505.82,1.41,0.0,40.93,0,0.0,0.0,0.0
402.3,48.809,1506.04,1.43,0.0,40.93,0,0.0,0.0,0.0
402.34,48.75,1506.19,1.44,0.0,40.93,0,0.0,0.0,0.0
402.4,48.661,1506.4,1.46,0.0,40.93,0,0.0,0.0,0.0
402.44,48.601,1506.54,1.47,0.0,40.92,0,0.0,0.0,0.0
402.5,48.512,1506.75,1.49,0.0,40.91,0,0.0,0.0,0.0
402.56,48.423,1506.95,1.5,0.0,40.89,0,0.0,0.0,0.0
402.62,48.334,1507.15,1.52,0.0,40.86,0,0.0,0.0,0.0
402.66,48.275,1507.28,1.53,0.0,40.84,0,0.0,0.0,0.0
402.72,48.185,1507.47,1.55,0.0,40.8,0,0.0,0.0,0.0
402.76,48.126,1507.6,1.56,0.0,40.78,0,0.0,0.0,0.0
402.82,48.037,1507.78,1.58,0.0,40.73,0,0.0,0.0,0.0
402.86,47.977,1507.9,1.59,0.0,40.7,0,0.0,0.0,0.0
402.92,47.888,1508.08,1.61,0.0,40.62,0,0.0,0.0,0.0
402.98,47.799,1508.25,1.63,0.0,40.56,0,0.0,0.0,0.0
403.04,47.71,1508.41,1.65,0.0,40.52,0,0.0,0.0,0.0
403.1,47.621,1508.57,1.67,0.0,40.44,0,0.0,0.0,0.0
403.14,47.561,1508.67,1.69,0.0,40.39,0,0.0,0.0,0.0
403.2,47.472,1508.82,1.71,0.0,40.31,0,0.0,0.0,0.0
403.26,47.383,1508.97,1.73,0.0,40.22,0,0.0,0.0,0.0
403.3,47.323,1509.06,1.74,0.0,40.16,0,0.0,0.0,0.0
403.34,47.264,1509.15,1.75,0.0,40.1,0,0.0,0.0,0.0
403.4,47.174,1509.28,1.78,0.0,39.99,0,0.0,0.0,0.0
403.46,47.085,1509.4,1.8,0.0,39.89,0,0.0,0.0,0.0
403.5,47.026,1509.48,1.81,0.0,39.81,0,0.0,0.0,0.0
403.54,46.966,1509.56,1.83,0.0,39.74,0,0.0,0.0,0.0
403.6,46.877,1509.67,1.85,0.0,39.62,0,0.0,0.0,0.0
403.66,46.787,1509.77,1.87,0.0,39.49,0,0.0,0.0,0.0
403.7,46.728,1509.83,1.89,0.0,39.41,0,0.0,0.0,0.0
403.74,46.668,1509.89,1.9,0.0,39.32,0,0.0,0.0,0.0
403.8,46.579,1509.98,1.92,0.0,39.18,0,0.0,0.0,0.0
403.86,46.49,1510.06,1.95,0.0,39.04,0,0.0,0.0,0.0
403.9,46.43,1510.1,1.96,0.0,38.94,0,0.0,0.0,0.0
403.96,46.341,1510.17,1.99,0.0,38.79,0,0.0,0.0,0.0
404.0,46.281,1510.21,2.0,0.0,38.69,0,0.0,0.0,0.0
404.04,46.222,1510.24,2.02,0.0,38.59,0,0.0,0.0,0.0
404.1,46.132,1510.29,2.04,0.0,38.43,0,0.0,0.0,0.0
404.16,46.043,1510.33,2.07,0.0,38.26,0,0.0,0.0,0.0
404.2,45.983,1510.35,2.09,0.0,38.15,0,0.0,0.0,0.0
404.26,45.894,1510.37,2.11,0.0,37.99,0,0.0,0.0,0.0
404.3,45.834,1510.38,2.13,0.0,37.87,0,0.0,0.0,0.0
404.36,45.745,1510.39,2.15,0.0,37.7,0,0.0,0.0,0.0
404.4,45.685,1510.39,2.17,0.0,37.58,0,0.0,0.0,0.0
404.46,45.596,1510.39,2.2,0.0,37.4,0,0.0,0.0,0.0
404.5,45.536,1510.38,2.22,0.0,37.28,0,0.0,0.0,0.0
404.56,45.447,1510.36,2.24,0.0,37.1,0,0.0,0.0,0.0
404.62,45.357,1510.33,2.27,0.0,36.91,0,0.0,0.0,0.0
404.66,45.298,1510.3,2.29,0.0,36.79,0,0.0,0.0,0.0
404.72,45.208,1510.25,2.32,0.0,36.6,0,0.0,0.0,0.0
404.76,45.149,1510.22,2.34,0.0,36.48,0,0.0,0.0,0.0
404.8,45.089,1510.17,2.36,0.0,36.29,0,0.0,0.0,0.0
404.86,45.0,1510.1,2.38,0.0,36.17,0,0.0,0.0,0.0
404.92,44.91,1510.02,2.41,0.0,35.98,0,0.0,0.0,0.0
404.96,44.851,1509.96,2.43,0.0,35.85,0,0.0,0.0,0.0
405.02,44.761,1509.87,2.46,0.0,35.67,0,0.0,0.0,0.0
405.06,44.702,1509.8,2.48,0.0,35.54,0,0.0,0.0,0.0
405.12,44.612,1509.68,2.51,0.0,35.36,0,0.0,0.0,0.0
405.16,44.553,1509.6,2.53,0.0,35.24,0,0.0,0.0,0.0
405.22,44.463,1509.46,2.56,0.0,35.05,0,0.0,0.0,0.0
405.26,44.404,1509.37,2.59,0.0,34.93,0,0.0,0.0,0.0
405.32,44.314,1509.22,2.62,0.0,34.76,0,0.0,0.0,0.0
405.36,44.255,1509.11,2.64,0.0,34.64,0,0.0,0.0,0.0
405.42,44.165,1508.94,2.67,0.0,34.47,0,0.0,0.0,0.0
405.48,44.076,1508.76,2.7,0.0,34.3,0,0.0,0.0,0.0
405.52,44.016,1508.63,2.72,0.0,34.19,0,0.0,0.0,0.0
405.56,43.957,1508.5,2.75,0.0,34.08,0,0.0,0.0,0.0
405.62,43.867,1508.29,2.78,0.0,33.92,0,0.0,0.0,0.0
405.68,43.778,1508.07,2.81,0.0,33.77,0,0.0,0.0,0.0
405.72,43.719,1507.91,2.84,0.0,33.67,0,0.0,0.0,0.0
405.78,43.629,1507.67,2.87,0.0,33.53,0,0.0,0.0,0.0
405.82,43.57,1507.51,2.89,0.0,33.43,0,0.0,0.0,0.0
405.88,43.48,1507.25,2.93,0.0,33.3,0,0.0,0.0,0.0
405.92,43.421,1507.07,2.95,0.0,33.22,0,0.0,0.0,0.0
405.98,43.331,1506.79,2.99,0.0,33.09,0,0.0,0.0,0.0
406.02,43.272,1506.59,3.01,0.0,33.02,0,0.0,0.0,0.0
406.08,43.183,1506.29,3.05,0.0,32.91,0,0.0,0.0,0.0
406.12,43.123,1506.09,3.07,0.0,32.84,0,0.0,0.0,0.0
406.18,43.034,1505.77,3.11,0.0,32.75,0,0.0,0.0,0.0
406.24,42.945,1505.43,3.15,0.0,32.66,0,0.0,0.0,0.0
406.28,42.885,1505.21,3.17,0.0,32.61,0,0.0,0.0,0.0
406.32,42.826,1504.97,3.2,0.0,32.56,0,0.0,0.0,0.0
406.38,42.737,1504.61,3.24,0.0,32.5,0,0.0,0.0,0.0
406.44,42.647,1504.24,3.28,0.0,32.44,0,0.0,0.0,0.0
406.48,42.588,1503.99,3.3,0.0,32.41,0,0.0,0.0,0.0
406.54,42.499,1503.6,3.34,0.0,32.37,0,0.0,0.0,0.0
406.58,42.439,1503.33,3.37,0.0,32.35,0,0.0,0.0,0.0
406.64,42.35,1502.92,3.41,0.0,32.33,0,0.0,0.0,0.0
406.68,42.291,1502.63,3.44,0.0,32.32,0,0.0,0.0,0.0
406.74,42.202,1502.2,3.48,0.0,32.32,0,0.0,0.0,0.0
406.78,42.142,1501.91,3.51,0.0,32.32,0,0.0,0.0,0.0
406.84,42.053,1501.46,3.55,0.0,32.34,0,0.0,0.0,0.0
406.9,41.964,1501.0,3.59,0.0,32.36,0,0.0,0.0,0.0
406.94,41.905,1500.68,3.62,0.0,32.38,0,0.0,0.0,0.0
406.98,41.846,1500.36,3.65,0.0,32.41,0,0.0,0.0,0.0
407.04,41.757,1499.87,3.7,0.0,32.46,0,0.0,0.0,0.0
407.1,41.668,1499.37,3.74,0.0,32.51,0,0.0,0.0,0.0
407.14,41.608,1499.03,3.77,0.0,32.56,0,0.0,0.0,0.0
407.18,41.549,1498.69,3.8,0.0,32.61,0,0.0,0.0,0.0
407.24,41.46,1498.16,3.85,0.0,32.69,0,0.0,0.0,0.0
407.28,41.401,1497.81,3.88,0.0,32.75,0,0.0,0.0,0.0
407.34,41.312,1497.26,3.93,0.0,32.85,0,0.0,0.0,0.0
407.4,41.223,1496.71,3.97,0.0,32.95,0,0.0,0.0,0.0
407.44,41.164,1496.33,4.0,0.0,33.03,0,0.0,0.0,0.0
407.48,41.105,1495.95,4.04,0.0,33.11,0,0.0,0.0,0.0
407.54,41.016,1495.37,4.08,0.0,33.23,0,0.0,0.0,0.0
407.58,40.957,1494.98,4.12,0.0,33.32,0,0.0,0.0,0.0
407.62,40.898,1494.58,4.15,0.0,33.41,0,0.0,0.0,0.0
407.68,40.809,1493.98,4.2,0.0,33.55,0,0.0,0.0,0.0
407.74,40.721,1493.37,4.25,0.0,33.7,0,0.0,0.0,0.0
407.8,40.632,1492.74,4.3,0.0,33.86,0,0.0,0.0,0.0
407.84,40.573,1492.32,4.33,0.0,33.96,0,0.0,0.0,0.0
407.88,40.514,1491.9,4.37,0.0,34.07,0,0.0,0.0,0.0
407.94,40.425,1491.25,4.42,0.0,34.23,0,0.0,0.0,0.0
407.98,40.366,1490.82,4.46,0.0,34.35,0,0.0,0.0,0.0
408.04,40.278,1490.16,4.51,0.0,34.52,0,0.0,0.0,0.0
408.08,40.219,1489.71,4.55,0.0,34.63,0,0.0,0.0,0.0
408.14,40.13,1489.03,4.6,0.0,34.8,0,0.0,0.0,0.0
408.18,40.071,1488.58,4.64,0.0,34.92,0,0.0,0.0,0.0
408.24,39.983,1487.88,4.69,0.0,35.09,0,0.0,0.0,0.0
408.3,39.895,1487.18,4.75,0.0,35.26,0,0.0,0.0,0.0
408.34,39.836,1486.71,4.78,0.0,35.38,0,0.0,0.0,0.0
408.4,39.748,1485.99,4.84,0.0,35.54,0,0.0,0.0,0.0
408.44,39.689,1485.51,4.88,0.0,35.65,0,0.0,0.0,0.0
408.5,39.601,1484.77,4.94,0.0,35.82,0,0.0,0.0,0.0
408.56,39.512,1484.03,4.99,0.0,35.97,0,0.0,0.0,0.0
408.6,39.454,1483.53,5.03,0.0,36.08,0,0.0,0.0,0.0
408.64,39.395,1483.03,5.07,0.0,36.17,0,0.0,0.0,0.0
408.7,39.307,1482.26,5.13,0.0,36.32,0,0.0,0.0,0.0
408.76,39.219,1481.48,5.19,0.0,36.45,0,0.0,0.0,0.0
408.82,39.131,1480.7,5.25,0.0,36.58,0,0.0,0.0,0.0
408.86,39.072,1480.16,5.29,0.0,36.65,0,0.0,0.0,0.0
408.9,39.013,1479.63,5.33,0.0,36.73,0,0.0,0.0,0.0
408.96,38.926,1478.81,5.4,0.0,36.83,0,0.0,0.0,0.0
409.02,38.838,1477.99,5.46,0.0,36.92,0,0.0,0.0,0.0
409.06,38.779,1477.43,5.5,0.0,36.97,0,0.0,0.0,0.0
409.1,38.721,1476.87,5.55,0.0,37.02,0,0.0,0.0,0.0
409.16,38.633,1476.02,5.61,0.0,37.08,0,0.0,0.0,0.0
409.22,38.545,1475.15,5.68,0.0,37.12,0,0.0,0.0,0.0
409.26,38.487,1474.56,5.72,0.0,37.15,0,0.0,0.0,0.0
409.32,38.399,1473.67,5.79,0.0,37.17,0,0.0,0.0,0.0
409.36,38.341,1473.06,5.83,0.0,37.17,0,0.0,0.0,0.0
409.42,38.253,1472.15,5.9,0.0,37.17,0,0.0,0.0,0.0
409.46,38.195,1471.52,5.94,0.0,37.16,0,0.0,0.0,0.0
409.52,38.107,1470.58,6.01,0.0,37.12,0,0.0,0.0,0.0
409.56,38.049,1469.94,6.06,0.0,37.09,0,0.0,0.0,0.0
409.62,37.961,1468.96,6.13,0.0,37.03,0,0.0,0.0,0.0
409.66,37.903,1468.3,6.18,0.0,36.98,0,0.0,0.0,0.0
409.72,37.816,1467.29,6.25,0.0,36.89,0,0.0,0.0,0.0
409.78,37.729,1466.26,6.32,0.0,36.79,0,0.0,0.0,0.0
409.82,37.67,1465.57,6.37,0.0,36.71,0,0.0,0.0,0.0
409.88,37.583,1464.5,6.44,0.0,36.57,0,0.0,0.0,0.0
409.94,37.496,1463.41,6.51,0.0,36.42,0,0.0,0.0,0.0
409.98,37.438,1462.67,6.56,0.0,36.31,0,0.0,0.0,0.0
410.02,37.38,1461.92,6.61,0.0,36.2,0,0.0,0.0,0.0
410.08,37.293,1460.78,6.69,0.0,36.01,0,0.0,0.0,0.0
410.14,37.206,1459.61,6.76,0.0,35.81,0,0.0,0.0,0.0
410.18,37.148,1458.81,6.82,0.0,35.66,0,0.0,0.0,0.0
410.24,37.061,1457.59,6.89,0.0,35.44,0,0.0,0.0,0.0
410.28,37.004,1456.77,6.94,0.0,35.28,0,0.0,0.0,0.0
410.34,36.917,1455.5,7.02,0.0,35.03,0,0.0,0.0,0.0
410.4,36.83,1454.21,7.1,0.0,34.78,0,0.0,0.0,0.0
410.44,36.773,1453.33,7.15,0.0,34.6,0,0.0,0.0,0.0
410.48,36.715,1452.43,7.21,0.0,34.42,0,0.0,0.0,0.0
410.54,36.628,1451.07,7.29,0.0,34.05,0,0.0,0.0,0.0
410.6,36.542,1449.67,7.37,0.0,33.85,0,0.0,0.0,0.0
410.64,36.485,1448.72,7.42,0.0,33.66,0,0.0,0.0,0.0
410.7,36.398,1447.26,7.5,0.0,33.37,0,0.0,0.0,0.0
410.76,36.312,1445.78,7.58,0.0,33.07,0,0.0,0.0,0.0
410.8,36.255,1444.77,7.64,0.0,32.87,0,0.0,0.0,0.0
410.84,36.197,1443.74,7.69,0.0,32.67,0,0.0,0.0,0.0
410.9,36.111,1442.17,7.78,0.0,32.38,0,0.0,0.0,0.0
410.96,36.025,1440.57,7.86,0.0,32.08,0,0.0,0.0,0.0
411.0,35.968,1439.49,7.92,0.0,31.89,0,0.0,0.0,0.0
411.04,35.911,1438.38,7.97,0.0,31.7,0,0.0,0.0,0.0
411.1,35.825,1436.7,8.06,0.0,31.42,0,0.0,0.0,0.0
411.16,35.74,1434.98,8.14,0.0,31.15,0,0.0,0.0,0.0
411.2,35.683,1433.82,8.2,0.0,30.97,0,0.0,0.0,0.0
411.26,35.597,1432.04,8.29,0.0,30.71,0,0.0,0.0,0.0
411.3,35.541,1430.84,8.34,0.0,30.55,0,0.0,0.0,0.0
411.36,35.455,1429.01,8.43,0.0,30.32,0,0.0,0.0,0.0
411.42,35.37,1427.14,8.52,0.0,30.1,0,0.0,0.0,0.0
411.46,35.313,1425.88,8.58,0.0,29.97,0,0.0,0.0,0.0
411.5,35.257,1424.6,8.64,0.0,29.84,0,0.0,0.0,0.0
411.56,35.172,1422.66,8.72,0.0,29.67,0,0.0,0.0,0.0
411.62,35.087,1420.69,8.81,0.0,29.51,0,0.0,0.0,0.0
411.66,35.031,1419.36,8.87,0.0,29.42,0,0.0,0.0,0.0
411.72,34.946,1417.33,8.96,0.0,29.3,0,0.0,0.0,0.0
411.78,34.861,1415.28,9.05,0.0,29.2,0,0.0,0.0,0.0
411.82,34.805,1413.9,9.11,0.0,29.15,0,0.0,0.0,0.0
411.88,34.721,1411.8,9.2,0.0,29.09,0,0.0,0.0,0.0
411.92,34.665,1410.38,9.26,0.0,29.07,0,0.0,0.0,0.0
411.98,34.581,1408.24,9.35,0.0,29.05,0,0.0,0.0,0.0
412.02,34.525,1406.8,9.41,0.0,29.05,0,0.0,0.0,0.0
412.08,34.441,1404.62,9.5,0.0,29.07,0,0.0,0.0,0.0
412.12,34.385,1403.15,9.56,0.0,29.09,0,0.0,0.0,0.0
412.18,34.301,1400.93,9.65,0.0,29.15,0,0.0,0.0,0.0
412.22,34.246,1399.44,9.71,0.0,29.2,0,0.0,0.0,0.0
412.28,34.162,1397.19,9.8,0.0,29.3,0,0.0,0.0,0.0
412.34,34.079,1394.92,9.9,0.0,29.45,0,0.0,0.0,0.0
412.4,33.996,1392.63,9.99,0.0,29.55,0,0.0,0.0,0.0
412.46,33.912,1390.33,10.08,0.0,29.7,0,0.0,0.0,0.0
412.52,33.829,1388.01,10.18,0.0,29.86,0,0.0,0.0,0.0
412.56,33.774,1386.46,10.24,0.0,29.98,0,0.0,0.0,0.0
412.6,33.719,1384.9,10.3,0.0,30.11,0,0.0,0.0,0.0
412.66,33.636,1382.55,10.4,0.0,30.3,0,0.0,0.0,0.0
412.72,33.554,1380.19,10.49,0.0,30.51,0,0.0,0.0,0.0
412.76,33.499,1378.61,10.55,0.0,30.65,0,0.0,0.0,0.0
412.82,33.417,1376.24,10.65,0.0,30.87,0,0.0,0.0,0.0
412.86,33.362,1374.65,10.72,0.0,31.01,0,0.0,0.0,0.0
412.92,33.28,1372.25,10.81,0.0,31.23,0,0.0,0.0,0.0
412.96,33.225,1370.65,10.88,0.0,31.38,0,0.0,0.0,0.0
413.02,33.143,1368.25,10.98,0.0,31.59,0,0.0,0.0,0.0
413.06,33.089,1366.64,11.04,0.0,31.73,0,0.0,0.0,0.0
413.12,33.007,1364.21,11.14,0.0,31.94,0,0.0,0.0,0.0
413.16,32.953,1362.6,11.21,0.0,32.07,0,0.0,0.0,0.0
413.22,32.872,1360.16,11.31,0.0,32.26,0,0.0,0.0,0.0
413.28,32.79,1357.71,11.41,0.0,32.43,0,0.0,0.0,0.0
413.32,32.736,1356.08,11.47,0.0,32.54,0,0.0,0.0,0.0
413.38,32.655,1353.61,11.58,0.0,32.69,0,0.0,0.0,0.0
413.44,32.574,1351.14,11.68,0.0,32.82,0,0.0,0.0,0.0
413.48,32.521,1349.48,11.75,0.0,32.89,0,0.0,0.0,0.0
413.54,32.44,1346.99,11.85,0.0,32.98,0,0.0,0.0,0.0
413.58,32.386,1345.31,11.92,0.0,33.03,0,0.0,0.0,0.0
413.62,32.333,1343.63,11.99,0.0,33.07,0,0.0,0.0,0.0
413.68,32.252,1341.1,12.09,0.0,33.1,0,0.0,0.0,0.0
413.72,32.199,1339.4,12.16,0.0,33.11,0,0.0,0.0,0.0
413.78,32.119,1336.83,12.26,0.0,33.09,0,0.0,0.0,0.0
413.84,32.039,1334.24,12.37,0.0,33.06,0,0.0,0.0,0.0
413.88,31.986,1332.49,12.44,0.0,33.01,0,0.0,0.0,0.0
413.94,31.906,1329.86,12.54,0.0,32.93,0,0.0,0.0,0.0
413.98,31.853,1328.09,12.61,0.0,32.86,0,0.0,0.0,0.0
414.04,31.774,1325.41,12.72,0.0,32.72,0,0.0,0.0,0.0
414.08,31.721,1323.6,12.79,0.0,32.62,0,0.0,0.0,0.0
414.14,31.642,1320.86,12.89,0.0,32.44,0,0.0,0.0,0.0
414.2,31.563,1318.09,13.0,0.0,32.24,0,0.0,0.0,0.0
414.24,31.51,1316.22,13.07,0.0,32.1,0,0.0,0.0,0.0
414.3,31.431,1313.39,13.17,0.0,31.86,0,0.0,0.0,0.0
414.34,31.379,1311.48,13.24,0.0,31.69,0,0.0,0.0,0.0
414.4,31.301,1308.57,13.35,0.0,31.42,0,0.0,0.0,0.0
414.44,31.248,1306.61,13.42,0.0,31.23,0,0.0,0.0,0.0
414.5,31.17,1303.63,13.52,0.0,30.93,0,0.0,0.0,0.0
414.54,31.118,1301.62,13.59,0.0,30.72,0,0.0,0.0,0.0
414.6,31.04,1298.57,13.69,0.0,30.41,0,0.0,0.0,0.0
414.66,30.963,1295.47,13.8,0.0,30.08,0,0.0,0.0,0.0
414.7,30.911,1293.38,13.86,0.0,29.87,0,0.0,0.0,0.0
414.74,30.859,1291.26,13.93,0.0,29.65,0,0.0,0.0,0.0
414.8,30.782,1288.05,14.03,0.0,29.32,0,0.0,0.0,0.0
414.84,30.731,1285.89,14.1,0.0,29.1,0,0.0,0.0,0.0
414.9,30.654,1282.6,14.2,0.0,28.78,0,0.0,0.0,0.0
414.96,30.577,1279.26,14.29,0.0,28.47,0,0.0,0.0,0.0
414.98,30.526,1277.01,14.36,0.0,28.26,0,0.0,0.0,0.0
415.06,30.45,1273.6,14.46,0.0,27.97,0,0.0,0.0,0.0
415.1,30.399,1271.3,14.52,0.0,27.79,0,0.0,0.0,0.0
415.16,30.323,1267.82,14.61,0.0,27.53,0,0.0,0.0,0.0
415.2,30.272,1265.47,14.68,0.0,27.36,0,0.0,0.0,0.0
415.26,30.197,1261.92,14.77,0.0,27.14,0,0.0,0.0,0.0
415.32,30.121,1258.34,14.86,0.0,26.93,0,0.0,0.0,0.0
415.36,30.071,1255.93,14.92,0.0,26.81,0,0.0,0.0,0.0
415.42,29.996,1252.28,15.01,0.0,26.66,0,0.0,0.0,0.0
415.46,29.946,1249.84,15.07,0.0,26.57,0,0.0,0.0,0.0
415.52,29.871,1246.15,15.16,0.0,26.45,0,0.0,0.0,0.0
415.58,29.796,1242.43,15.25,0.0,26.37,0,0.0,0.0,0.0
415.62,29.747,1239.93,15.3,0.0,26.33,0,0.0,0.0,0.0
415.68,29.673,1236.18,15.39,0.0,26.3,0,0.0,0.0,0.0
415.74,29.599,1232.4,15.47,0.0,26.3,0,0.0,0.0,0.0
415.78,29.549,1229.88,15.53,0.0,26.31,0,0.0,0.0,0.0
415.84,29.476,1226.08,15.61,0.0,26.35,0,0.0,0.0,0.0
415.88,29.427,1223.54,15.67,0.0,26.39,0,0.0,0.0,0.0
415.94,29.354,1219.73,15.75,0.0,26.46,0,0.0,0.0,0.0
415.98,29.305,1217.18,15.8,0.0,26.53,0,0.0,0.0,0.0
416.04,29.232,1213.35,15.88,0.0,26.64,0,0.0,0.0,0.0
416.08,29.184,1210.8,15.94,0.0,26.72,0,0.0,0.0,0.0
416.12,29.135,1208.25,15.99,0.0,26.81,0,0.0,0.0,0.0
416.18,29.063,1204.42,16.07,0.0,26.95,0,0.0,0.0,0.0
416.22,29.015,1201.87,16.12,0.0,27.05,0,0.0,0.0,0.0
416.28,28.943,1198.04,16.2,0.0,27.21,0,0.0,0.0,0.0
416.32,28.895,1195.49,16.25,0.0,27.31,0,0.0,0.0,0.0
416.36,28.848,1192.95,16.3,0.0,27.41,0,0.0,0.0,0.0
416.44,28.752,1187.86,16.4,0.0,27.62,0,0.0,0.0,0.0
416.48,28.705,1185.31,16.45,0.0,27.71,0,0.0,0.0,0.0
416.52,28.658,1182.77,16.5,0.0,27.8,0,0.0,0.0,0.0
416.58,28.587,1178.97,16.58,0.0,27.93,0,0.0,0.0,0.0
416.64,28.516,1175.16,16.66,0.0,28.04,0,0.0,0.0,0.0
416.68,28.469,1172.62,16.7,0.0,28.1,0,0.0,0.0,0.0
416.74,28.399,1168.82,16.78,0.0,28.18,0,0.0,0.0,0.0
416.78,28.353,1166.29,16.83,0.0,28.22,0,0.0,0.0,0.0
416.84,28.283,1162.48,16.9,0.0,28.25,0,0.0,0.0,0.0
416.88,28.237,1159.94,16.95,0.0,28.26,0,0.0,0.0,0.0
416.94,28.167,1156.12,17.02,0.0,28.25,0,0.0,0.0,0.0
416.98,28.121,1153.57,17.07,0.0,28.22,0,0.0,0.0,0.0
417.04,28.052,1149.74,17.14,0.0,28.16,0,0.0,0.0,0.0
417.1,27.983,1145.89,17.21,0.0,28.06,0,0.0,0.0,0.0
417.12,27.938,1143.32,17.26,0.0,27.98,0,0.0,0.0,0.0
417.2,27.869,1139.44,17.32,0.0,27.83,0,0.0,0.0,0.0
417.26,27.801,1135.54,17.39,0.0,27.64,0,0.0,0.0,0.0
417.3,27.756,1132.92,17.44,0.0,27.51,0,0.0,0.0,0.0
417.36,27.688,1128.98,17.5,0.0,27.27,0,0.0,0.0,0.0
417.4,27.643,1126.33,17.54,0.0,27.1,0,0.0,0.0,0.0
417.46,27.576,1122.33,17.6,0.0,26.82,0,0.0,0.0,0.0
417.5,27.531,1119.64,17.64,0.0,26.62,0,0.0,0.0,0.0
417.56,27.464,1115.59,17.7,0.0,26.3,0,0.0,0.0,0.0
417.6,27.42,1112.86,17.74,0.0,26.07,0,0.0,0.0,0.0
417.66,27.353,1108.73,17.8,0.0,25.72,0,0.0,0.0,0.0
417.7,27.309,1105.96,17.83,0.0,25.48,0,0.0,0.0,0.0
417.76,27.243,1101.77,17.88,0.0,25.11,0,0.0,0.0,0.0
417.8,27.199,1098.95,17.92,0.0,24.85,0,0.0,0.0,0.0
417.86,27.133,1094.69,17.96,0.0,24.47,0,0.0,0.0,0.0
417.9,27.09,1091.83,17.99,0.0,24.21,0,0.0,0.0,0.0
417.96,27.024,1087.5,18.04,0.0,23.83,0,0.0,0.0,0.0
418.0,26.981,1084.59,18.07,0.0,23.57,0,0.0,0.0,0.0
418.04,26.938,1081.66,18.09,0.0,23.32,0,0.0,0.0,0.0
418.1,26.873,1077.23,18.13,0.0,22.96,0,0.0,0.0,0.0
418.16,26.809,1072.77,18.16,0.0,22.61,0,0.0,0.0,0.0
418.2,26.766,1069.78,18.19,0.0,22.39,0,0.0,0.0,0.0
418.26,26.703,1065.26,18.22,0.0,22.07,0,0.0,0.0,0.0
418.3,26.66,1062.24,18.24,0.0,21.87,0,0.0,0.0,0.0
418.36,26.597,1057.67,18.26,0.0,21.59,0,0.0,0.0,0.0
418.4,26.555,1054.62,18.28,0.0,21.42,0,0.0,0.0,0.0
418.46,26.492,1050.02,18.3,0.0,21.19,0,0.0,0.0,0.0
418.52,26.429,1045.4,18.32,0.0,20.99,0,0.0,0.0,0.0
418.56,26.388,1042.31,18.33,0.0,20.87,0,0.0,0.0,0.0
418.62,26.326,1037.67,18.35,0.0,20.72,0,0.0,0.0,0.0
418.68,26.264,1033.02,18.36,0.0,20.6,0,0.0,0.0,0.0
418.72,26.223,1029.92,18.37,0.0,20.54,0,0.0,0.0,0.0
418.78,26.162,1025.27,18.38,0.0,20.47,0,0.0,0.0,0.0
418.84,26.1,1020.62,18.39,0.0,20.43,0,0.0,0.0,0.0
418.88,26.06,1017.53,18.4,0.0,20.42,0,0.0,0.0,0.0
418.92,26.02,1014.43,18.4,0.0,20.42,0,0.0,0.0,0.0
418.98,25.959,1009.8,18.41,0.0,20.45,0,0.0,0.0,0.0
419.04,25.899,1005.19,18.41,0.0,20.49,0,0.0,0.0,0.0
419.1,25.839,999.06,18.42,0.0,20.55,0,0.0,0.0,0.0
419.16,25.78,996.0,18.42,0.0,20.63,0,0.0,0.0,0.0
419.22,25.721,991.44,18.42,0.0,20.68,0,0.0,0.0,0.0
419.28,25.662,986.9,18.42,0.0,20.79,0,0.0,0.0,0.0
419.34,25.603,982.38,18.42,0.0,20.88,0,0.0,0.0,0.0
419.38,25.545,977.89,18.41,0.0,20.93,0,0.0,0.0,0.0
419.44,25.506,974.9,18.41,0.0,21.01,0,0.0,0.0,0.0
419.48,25.448,970.45,18.41,0.0,21.08,0,0.0,0.0,0.0
419.54,25.391,966.01,18.41,0.0,21.11,0,0.0,0.0,0.0
419.6,25.352,963.07,18.4,0.0,21.14,0,0.0,0.0,0.0
419.64,25.314,960.13,18.4,0.0,21.16,0,0.0,0.0,0.0
419.7,25.257,955.74,18.4,0.0,21.17,0,0.0,0.0,0.0
419.74,25.22,952.83,18.39,0.0,21.17,0,0.0,0.0,0.0
419.8,25.163,948.46,18.38,0.0,21.14,0,0.0,0.0,0.0
419.84,25.126,945.56,18.38,0.0,21.11,0,0.0,0.0,0.0
419.9,25.07,941.22,18.37,0.0,21.03,0,0.0,0.0,0.0
419.94,25.033,938.33,18.37,0.0,20.96,0,0.0,0.0,0.0
420.0,24.977,933.99,18.36,0.0,20.83,0,0.0,0.0,0.0
420.06,24.922,929.66,18.34,0.0,20.67,0,0.0,0.0,0.0
420.1,24.885,926.78,18.34,0.0,20.55,0,0.0,0.0,0.0
420.14,24.849,923.89,18.33,0.0,20.41,0,0.0,0.0,0.0
420.2,24.794,919.55,18.31,0.0,20.18,0,0.0,0.0,0.0
420.26,24.74,915.2,18.3,0.0,19.91,0,0.0,0.0,0.0
420.3,24.704,912.29,18.29,0.0,19.72,0,0.0,0.0,0.0
420.36,24.65,907.92,18.27,0.0,19.41,0,0.0,0.0,0.0
420.42,24.596,903.54,18.25,0.0,19.08,0,0.0,0.0,0.0
420.46,24.561,900.61,18.23,0.0,18.84,0,0.0,0.0,0.0
420.52,24.508,896.19,18.21,0.0,18.47,0,0.0,0.0,0.0
420.58,24.455,891.76,18.18,0.0,18.09,0,0.0,0.0,0.0
420.62,24.42,888.79,18.16,0.0,17.83,0,0.0,0.0,0.0
420.68,24.367,884.32,18.13,0.0,17.43,0,0.0,0.0,0.0
420.72,24.333,881.33,18.11,0.0,17.15,0,0.0,0.0,0.0
420.78,24.281,876.82,18.07,0.0,16.75,0,0.0,0.0,0.0
420.82,24.247,873.81,18.05,0.0,16.47,0,0.0,0.0,0.0
420.88,24.195,869.27,18.01,0.0,16.07,0,0.0,0.0,0.0
420.92,24.161,866.23,17.98,0.0,15.8,0,0.0,0.0,0.0
420.98,24.11,861.67,17.94,0.0,15.42,0,0.0,0.0,0.0
421.02,24.077,858.61,17.91,0.0,15.17,0,0.0,0.0,0.0
421.08,24.026,854.02,17.86,0.0,14.8,0,0.0,0.0,0.0
421.14,23.976,849.42,17.81,0.0,14.46,0,0.0,0.0,0.0
421.18,23.943,846.35,17.77,0.0,14.25,0,0.0,0.0,0.0
421.24,23.893,841.74,17.72,0.0,13.95,0,0.0,0.0,0.0
421.3,23.844,837.13,17.67,0.0,13.6,0,0.0,0.0,0.0
421.36,23.795,832.52,17.59,0.0,13.37,0,0.0,0.0,0.0
421.42,23.746,827.92,17.55,0.0,13.23,0,0.0,0.0,0.0
421.46,23.714,824.86,17.51,0.0,13.06,0,0.0,0.0,0.0
421.52,23.666,820.28,17.45,0.0,12.96,0,0.0,0.0,0.0
421.56,23.634,817.23,17.41,0.0,12.87,0,0.0,0.0,0.0
421.62,23.586,812.68,17.34,0.0,12.78,0,0.0,0.0,0.0
421.66,23.555,809.65,17.3,0.0,12.73,0,0.0,0.0,0.0
421.72,23.508,805.14,17.23,0.0,12.68,0,0.0,0.0,0.0
421.78,23.461,800.65,17.17,0.0,12.67,0,0.0,0.0,0.0
421.82,23.43,797.68,17.12,0.0,12.67,0,0.0,0.0,0.0
421.88,23.383,793.25,17.06,0.0,12.7,0,0.0,0.0,0.0
421.92,23.353,790.32,17.01,0.0,12.73,0,0.0,0.0,0.0
421.98,23.307,785.95,16.95,0.0,12.8,0,0.0,0.0,0.0
422.04,23.261,781.62,16.88,0.0,12.88,0,0.0,0.0,0.0
422.08,23.231,778.75,16.83,0.0,12.95,0,0.0,0.0,0.0
422.14,23.186,774.5,16.77,0.0,13.05,0,0.0,0.0,0.0
422.18,23.156,771.68,16.72,0.0,13.13,0,0.0,0.0,0.0
422.24,23.111,767.5,16.66,0.0,13.25,0,0.0,0.0,0.0
422.3,23.066,763.36,16.59,0.0,13.37,0,0.0,0.0,0.0
422.34,23.037,760.62,16.55,0.0,13.45,0,0.0,0.0,0.0
422.4,22.993,756.56,16.48,0.0,13.56,0,0.0,0.0,0.0
422.44,22.964,753.87,16.44,0.0,13.64,0,0.0,0.0,0.0
422.5,22.92,749.88,16.37,0.0,13.74,0,0.0,0.0,0.0
422.54,22.891,747.25,16.33,0.0,13.79,0,0.0,0.0,0.0
422.6,22.848,743.33,16.27,0.0,13.87,0,0.0,0.0,0.0
422.64,22.82,740.74,16.23,0.0,13.91,0,0.0,0.0,0.0
422.68,22.791,738.16,16.19,0.0,13.94,0,0.0,0.0,0.0
422.72,22.749,734.33,16.12,0.0,13.97,0,0.0,0.0,0.0
422.8,22.707,730.53,16.06,0.0,13.97,0,0.0,0.0,0.0
422.86,22.665,726.76,16.0,0.0,13.94,0,0.0,0.0,0.0
422.9,22.637,724.27,15.96,0.0,13.91,0,0.0,0.0,0.0
422.96,22.595,720.55,15.9,0.0,13.83,0,0.0,0.0,0.0
423.0,22.568,718.08,15.86,0.0,13.77,0,0.0,0.0,0.0
423.06,22.527,714.4,15.8,0.0,13.64,0,0.0,0.0,0.0
423.12,22.486,710.73,15.74,0.0,13.49,0,0.0,0.0,0.0
423.16,22.459,708.3,15.7,0.0,13.37,0,0.0,0.0,0.0
423.22,22.418,704.65,15.63,0.0,13.17,0,0.0,0.0,0.0
423.26,22.391,702.23,15.59,0.0,13.01,0,0.0,0.0,0.0
423.32,22.351,698.6,15.53,0.0,12.76,0,0.0,0.0,0.0
423.36,22.325,696.18,15.49,0.0,12.58,0,0.0,0.0,0.0
423.42,22.285,692.56,15.42,0.0,12.29,0,0.0,0.0,0.0
423.46,22.259,690.15,15.38,0.0,12.08,0,0.0,0.0,0.0
423.52,22.219,686.53,15.32,0.0,11.75,0,0.0,0.0,0.0
423.58,22.18,682.91,15.25,0.0,11.39,0,0.0,0.0,0.0
423.62,22.155,680.49,15.21,0.0,11.15,0,0.0,0.0,0.0
423.68,22.116,676.87,15.14,0.0,10.77,0,0.0,0.0,0.0
423.72,22.09,674.45,15.09,0.0,10.52,0,0.0,0.0,0.0
423.78,22.052,670.81,15.02,0.0,10.12,0,0.0,0.0,0.0
423.82,22.027,668.39,14.98,0.0,9.86,0,0.0,0.0,0.0
423.88,21.989,664.74,14.9,0.0,9.46,0,0.0,0.0,0.0
423.92,21.964,662.31,14.85,0.0,9.19,0,0.0,0.0,0.0
423.96,21.939,659.88,14.81,0.0,8.92,0,0.0,0.0,0.0
424.02,21.902,656.23,14.73,0.0,8.52,0,0.0,0.0,0.0
424.08,21.865,652.57,14.65,0.0,8.13,0,0.0,0.0,0.0
424.12,21.841,650.13,14.6,0.0,7.88,0,0.0,0.0,0.0
424.18,21.804,646.47,14.52,0.0,7.51,0,0.0,0.0,0.0
424.22,21.78,644.04,14.47,0.0,7.27,0,0.0,0.0,0.0
424.28,21.744,640.38,14.39,0.0,6.92,0,0.0,0.0,0.0
424.34,21.708,636.73,14.31,0.0,6.59,0,0.0,0.0,0.0
424.38,21.684,634.3,14.25,0.0,6.39,0,0.0,0.0,0.0
424.44,21.649,630.66,14.17,0.0,6.1,0,0.0,0.0,0.0
424.5,21.614,627.03,14.09,0.0,5.83,0,0.0,0.0,0.0
424.54,21.59,624.62,14.03,0.0,5.66,0,0.0,0.0,0.0
424.6,21.555,621.01,13.95,0.0,5.44,0,0.0,0.0,0.0
424.64,21.532,618.61,13.89,0.0,5.31,0,0.0,0.0,0.0
424.7,21.498,615.03,13.81,0.0,5.13,0,0.0,0.0,0.0
424.74,21.475,612.66,13.75,0.0,5.02,0,0.0,0.0,0.0
424.8,21.441,609.11,13.66,0.0,4.88,0,0.0,0.0,0.0
424.84,21.419,606.76,13.61,0.0,4.81,0,0.0,0.0,0.0
424.9,21.385,603.26,13.52,0.0,4.72,0,0.0,0.0,0.0
424.94,21.363,600.94,13.46,0.0,4.67,0,0.0,0.0,0.0
425.0,21.329,597.48,13.38,0.0,4.62,0,0.0,0.0,0.0
425.06,21.296,594.05,13.29,0.0,4.59,0,0.0,0.0,0.0
425.1,21.275,591.78,13.24,0.0,4.58,0,0.0,0.0,0.0
425.16,21.242,588.41,13.15,0.0,4.59,0,0.0,0.0,0.0
425.2,21.22,586.18,13.1,0.0,4.6,0,0.0,0.0,0.0
425.26,21.188,582.86,13.01,0.0,4.64,0,0.0,0.0,0.0
425.3,21.167,580.67,12.96,0.0,4.67,0,0.0,0.0,0.0
425.36,21.135,577.41,12.88,0.0,4.73,0,0.0,0.0,0.0
425.4,21.114,575.26,12.82,0.0,4.77,0,0.0,0.0,0.0
425.46,21.082,572.06,12.74,0.0,4.84,0,0.0,0.0,0.0
425.52,21.051,568.9,12.66,0.0,4.92,0,0.0,0.0,0.0
425.56,21.03,566.81,12.61,0.0,5.0,0,0.0,0.0,0.0
425.62,20.999,563.71,12.53,0.0,5.05,0,0.0,0.0,0.0
425.68,20.968,560.65,12.45,0.0,5.13,0,0.0,0.0,0.0
425.72,20.948,558.63,12.4,0.0,5.19,0,0.0,0.0,0.0
425.78,20.918,555.62,12.33,0.0,5.26,0,0.0,0.0,0.0
425.82,20.898,553.64,12.28,0.0,5.3,0,0.0,0.0,0.0
425.88,20.867,550.7,12.2,0.0,5.36,0,0.0,0.0,0.0
425.94,20.838,547.78,12.13,0.0,5.41,0,0.0,0.0,0.0
425.98,20.818,545.86,12.08,0.0,5.44,0,0.0,0.0,0.0
426.02,20.798,543.95,12.03,0.0,5.46,0,0.0,0.0,0.0
426.08,20.769,541.11,11.96,0.0,5.47,0,0.0,0.0,0.0
426.14,20.74,538.3,11.89,0.0,5.47,0,0.0,0.0,0.0
426.18,20.72,536.44,11.85,0.0,5.46,0,0.0,0.0,0.0
426.22,20.701,534.59,11.8,0.0,5.44,0,0.0,0.0,0.0
426.28,20.672,531.84,11.73,0.0,5.39,0,0.0,0.0,0.0
426.32,20.653,530.01,11.68,0.0,5.35,0,0.0,0.0,0.0
426.38,20.625,527.3,11.62,0.0,5.26,0,0.0,0.0,0.0
426.42,20.606,525.5,11.57,0.0,5.2,0,0.0,0.0,0.0
426.5,20.569,521.92,11.48,0.0,5.03,0,0.0,0.0,0.0
426.54,20.55,520.15,11.44,0.0,4.94,0,0.0,0.0,0.0
426.58,20.531,518.38,11.39,0.0,4.83,0,0.0,0.0,0.0
426.64,20.504,515.73,11.33,0.0,4.66,0,0.0,0.0,0.0
426.68,20.486,513.97,11.28,0.0,4.53,0,0.0,0.0,0.0
426.74,20.458,511.35,11.21,0.0,4.31,0,0.0,0.0,0.0
426.78,20.44,509.6,11.17,0.0,4.16,0,0.0,0.0,0.0
426.82,20.413,506.99,11.1,0.0,3.91,0,0.0,0.0,0.0
426.9,20.386,504.39,11.04,0.0,3.65,0,0.0,0.0,0.0
426.94,20.369,502.65,10.99,0.0,3.46,0,0.0,0.0,0.0
427.0,20.342,500.06,10.93,0.0,3.17,0,0.0,0.0,0.0
427.04,20.325,498.33,10.88,0.0,2.97,0,0.0,0.0,0.0
427.08,20.307,496.6,10.84,0.0,2.76,0,0.0,0.0,0.0
427.14,20.281,494.01,10.77,0.0,2.44,0,0.0,0.0,0.0
427.18,20.264,492.28,10.73,0.0,2.21,0,0.0,0.0,0.0
427.24,20.238,489.7,10.66,0.0,1.87,0,0.0,0.0,0.0
427.3,20.212,487.11,10.59,0.0,1.52,0,0.0,0.0,0.0
427.34,20.195,485.39,10.54,0.0,1.29,0,0.0,0.0,0.0
427.38,20.179,483.66,10.5,0.0,1.05,0,0.0,0.0,0.0
427.42,20.153,481.08,10.43,0.0,0.69,0,0.0,0.0,0.0
427.48,20.137,479.36,10.38,0.0,0.45,0,0.0,0.0,0.0
427.54,20.112,476.77,10.31,0.0,0.09,0,0.0,0.0,0.0
427.6,20.087,474.19,10.24,0.0,-0.27,0,0.0,0.0,0.0
427.64,20.071,472.47,10.2,0.0,-0.5,0,0.0,0.0,0.0
427.7,20.046,469.89,10.13,0.0,-0.85,0,0.0,0.0,0.0
427.74,20.03,468.17,10.08,0.0,-1.08,0,0.0,0.0,0.0
427.8,20.006,465.6,10.01,0.0,-1.41,0,0.0,0.0,0.0
427.84,19.99,463.88,9.96,0.0,-1.63,0,0.0,0.0,0.0
427.9,19.966,461.32,9.89,0.0,-1.95,0,0.0,0.0,0.0
427.94,19.951,459.61,9.84,0.0,-2.15,0,0.0,0.0,0.0
427.98,19.935,457.9,9.79,0.0,-2.34,0,0.0,0.0,0.0
427.98,19.935,457.05,9.72,0.0,-2.63,0,0.0,0.0,0.0
428.08,19.896,453.65,9.67,0.0,-2.8,0,0.0,0.0,0.0
428.12,19.88,451.96,9.63,0.0,-2.97,0,0.0,0.0,0.0
428.18,19.857,449.43,9.55,0.0,-3.21,0,0.0,0.0,0.0
428.22,19.842,447.75,9.51,0.0,-3.36,0,0.0,0.0,0.0
428.28,19.819,445.24,9.43,0.0,-3.57,0,0.0,0.0,0.0
428.32,19.804,443.57,9.39,0.0,-3.7,0,0.0,0.0,0.0
428.38,19.782,441.08,9.31,0.0,-3.87,0,0.0,0.0,0.0
428.42,19.767,439.43,9.27,0.0,-3.97,0,0.0,0.0,0.0
428.48,19.745,436.96,9.2,0.0,-4.11,0,0.0,0.0,0.0
428.54,19.723,434.52,9.12,0.0,-4.23,0,0.0,0.0,0.0
428.58,19.708,432.9,9.08,0.0,-4.29,0,0.0,0.0,0.0
428.64,19.687,430.49,9.01,0.0,-4.37,0,0.0,0.0,0.0
428.68,19.672,428.89,8.96,0.0,-4.41,0,0.0,0.0,0.0
428.74,19.651,426.51,8.89,0.0,-4.46,0,0.0,0.0,0.0
428.78,19.636,424.94,8.85,0.0,-4.47,0,0.0,0.0,0.0
428.82,19.622,423.37,8.8,0.0,-4.48,0,0.0,0.0,0.0
428.88,19.601,421.04,8.73,0.0,-4.48,0,0.0,0.0,0.0
428.94,19.58,418.74,8.67,0.0,-4.46,0,0.0,0.0,0.0
428.98,19.566,417.21,8.62,0.0,-4.43,0,0.0,0.0,0.0
429.04,19.546,414.94,8.55,0.0,-4.38,0,0.0,0.0,0.0
429.08,19.532,413.44,8.51,0.0,-4.34,0,0.0,0.0,0.0
429.14,19.511,411.21,8.45,0.0,-4.26,0,0.0,0.0,0.0
429.18,19.498,409.74,8.4,0.0,-4.2,0,0.0,0.0,0.0
429.24,19.478,407.55,8.34,0.0,-4.09,0,0.0,0.0,0.0
429.3,19.458,405.38,8.28,0.0,-3.97,0,0.0,0.0,0.0
429.34,19.444,403.94,8.24,0.0,-3.89,0,0.0,0.0,0.0
429.4,19.424,401.81,8.17,0.0,-3.75,0,0.0,0.0,0.0
429.44,19.411,400.4,8.13,0.0,-3.65,0,0.0,0.0,0.0
429.5,19.392,398.31,8.07,0.0,-3.49,0,0.0,0.0,0.0
429.56,19.372,396.24,8.01,0.0,-3.33,0,0.0,0.0,0.0
429.6,19.359,394.88,7.97,0.0,-3.21,0,0.0,0.0,0.0
429.66,19.34,392.85,7.91,0.0,-3.04,0,0.0,0.0,0.0
429.7,19.328,391.51,7.88,0.0,-2.91,0,0.0,0.0,0.0
429.76,19.309,389.52,7.82,0.0,-2.73,0,0.0,0.0,0.0
429.82,19.29,387.55,7.76,0.0,-2.47,0,0.0,0.0,0.0
429.88,19.271,385.61,7.71,0.0,-2.34,0,0.0,0.0,0.0
429.92,19.259,384.32,7.67,0.0,-2.14,0,0.0,0.0,0.0
429.98,19.24,382.42,7.61,0.0,-2.01,0,0.0,0.0,0.0
430.04,19.222,380.54,7.56,0.0,-1.74,0,0.0,0.0,0.0
430.1,19.204,378.68,7.51,0.0,-1.54,0,0.0,0.0,0.0
430.16,19.186,376.85,7.46,0.0,-1.34,0,0.0,0.0,0.0
430.22,19.168,375.04,7.4,0.0,-1.14,0,0.0,0.0,0.0
430.26,19.15,373.25,7.35,0.0,-0.95,0,0.0,0.0,0.0
430.32,19.132,371.49,7.3,0.0,-0.76,0,0.0,0.0,0.0
430.38,19.115,369.75,7.26,0.0,-0.57,0,0.0,0.0,0.0
430.44,19.097,368.03,7.21,0.0,-0.39,0,0.0,0.0,0.0
430.5,19.08,366.33,7.16,0.0,-0.27,0,0.0,0.0,0.0
430.56,19.069,365.21,7.13,0.0,-0.16,0,0.0,0.0,0.0
430.6,19.057,364.1,7.1,0.0,0.01,0,0.0,0.0,0.0
430.66,19.04,362.44,7.05,0.0,0.17,0,0.0,0.0,0.0
430.72,19.023,360.81,7.01,0.0,0.32,0,0.0,0.0,0.0
430.78,19.007,359.21,6.96,0.0,0.42,0,0.0,0.0,0.0
430.82,18.996,358.16,6.93,0.0,0.52,0,0.0,0.0,0.0
430.88,18.979,356.64,6.89,0.0,0.65,0,0.0,0.0,0.0
430.92,18.968,355.67,6.86,0.0,0.73,0,0.0,0.0,0.0
430.98,18.952,354.27,6.82,0.0,0.85,0,0.0,0.0,0.0
431.04,18.935,352.95,6.78,0.0,0.93,0,0.0,0.0,0.0
431.08,18.925,352.12,6.76,0.0,0.98,0,0.0,0.0,0.0
431.14,18.908,350.93,6.72,0.0,1.02,0,0.0,0.0,0.0
431.18,18.898,350.17,6.7,0.0,1.02,0,0.0,0.0,0.0
431.24,18.882,349.08,6.67,0.0,0.99,0,0.0,0.0,0.0
431.28,18.871,348.38,6.65,0.0,0.95,0,0.0,0.0,0.0
431.34,18.855,347.36,6.63,0.0,0.85,0,0.0,0.0,0.0
431.42,18.834,346.04,6.6,0.0,0.63,0,0.0,0.0,0.0
431.46,18.824,345.39,6.57,0.0,0.33,0,0.0,0.0,0.0
431.52,18.803,343.45,6.54,0.0,-0.06,0,0.0,0.0,0.0
431.58,18.788,342.8,6.52,0.0,-0.54,0,0.0,0.0,0.0
431.68,18.762,341.47,6.5,0.0,-0.81,0,0.0,0.0,0.0
431.76,18.742,339.41,6.45,0.0,-1.74,0,0.0,0.0,0.0
431.84,18.721,338.69,6.44,0.0,-2.09,0,0.0,0.0,0.0
431.9,18.711,337.58,6.41,0.0,-3.21,0,0.0,0.0,0.0
432.0,18.681,335.64,6.37,0.0,-3.61,0,0.0,0.0,0.0
432.08,18.662,333.14,6.32,0.0,-4.86,0,0.0,0.0,0.0
432.16,18.642,332.26,6.3,0.0,-5.29,0,0.0,0.0,0.0
432.24,18.623,329.51,6.23,0.0,-6.6,0,0.0,0.0,0.0
432.32,18.603,327.58,6.18,0.0,-7.47,0,0.0,0.0,0.0
432.4,18.584,325.07,6.12,0.0,-8.53,0,0.0,0.0,0.0
432.48,18.565,324.05,6.06,0.0,-9.36,0,0.0,0.0,0.0
432.58,18.542,321.96,6.03,0.0,-9.76,0,0.0,0.0,0.0
432.66,18.523,318.77,5.95,0.0,-10.9,0,0.0,0.0,0.0
432.74,18.505,317.7,5.92,0.0,-11.26,0,0.0,0.0,0.0
432.82,18.487,314.48,5.82,0.0,-12.26,0,0.0,0.0,0.0
432.9,18.469,313.41,5.79,0.0,-12.57,0,0.0,0.0,0.0
432.98,18.451,310.23,5.7,0.0,-13.42,0,0.0,0.0,0.0
433.06,18.434,309.18,5.67,0.0,-13.68,0,0.0,0.0,0.0
433.14,18.416,306.61,5.59,0.0,-14.26,0,0.0,0.0,0.0
433.2,18.403,305.61,5.56,0.0,-14.47,0,0.0,0.0,0.0
433.28,18.386,302.68,5.48,0.0,-15.04,0,0.0,0.0,0.0
433.34,18.373,302.2,5.45,0.0,-15.36,0,0.0,0.0,0.0
433.44,18.352,299.89,5.37,0.0,-15.65,0,0.0,0.0,0.0
433.52,18.336,298.11,5.34,0.0,-15.9,0,0.0,0.0,0.0
433.6,18.319,296.39,5.29,0.0,-16.02,0,0.0,0.0,0.0
433.68,18.303,293.94,5.22,0.0,-16.33,0,0.0,0.0,0.0
433.76,18.286,293.15,5.2,0.0,-16.51,0,0.0,0.0,0.0
433.82,18.274,291.61,5.13,0.0,-16.68,0,0.0,0.0,0.0
433.92,18.254,290.11,5.11,0.0,-16.77,0,0.0,0.0,0.0
434.0,18.238,288.3,5.05,0.0,-16.99,0,0.0,0.0,0.0
434.08,18.222,287.24,5.03,0.0,-17.07,0,0.0,0.0,0.0
434.16,18.206,285.16,4.98,0.0,-17.28,0,0.0,0.0,0.0
434.22,18.195,284.48,4.96,0.0,-17.35,0,0.0,0.0,0.0
434.32,18.175,282.45,4.91,0.0,-17.54,0,0.0,0.0,0.0
434.4,18.16,281.78,4.89,0.0,-17.61,0,0.0,0.0,0.0
434.5,18.137,279.77,4.84,0.0,-17.79,0,0.0,0.0,0.0
434.54,18.133,279.11,4.82,0.0,-17.85,0,0.0,0.0,0.0
434.64,18.114,277.14,4.77,0.0,-18.02,0,0.0,0.0,0.0
434.72,18.099,275.83,4.74,0.0,-18.12,0,0.0,0.0,0.0
434.8,18.084,275.18,4.72,0.0,-18.17,0,0.0,0.0,0.0
434.86,18.076,274.21,4.69,0.0,-18.3,0,0.0,0.0,0.0
434.96,18.054,272.6,4.65,0.0,-18.34,0,0.0,0.0,0.0
435.04,18.039,270.69,4.61,0.0,-18.45,0,0.0,0.0,0.0
435.12,18.025,269.43,4.57,0.0,-18.51,0,0.0,0.0,0.0
435.18,18.014,268.8,4.54,0.0,-18.56,0,0.0,0.0,0.0
435.26,18.003,267.86,4.53,0.0,-18.58,0,0.0,0.0,0.0
435.36,17.981,265.69,4.48,0.0,-18.63,0,0.0,0.0,0.0
435.42,17.971,265.07,4.46,0.0,-18.66,0,0.0,0.0,0.0
435.52,17.953,263.85,4.43,0.0,-18.66,0,0.0,0.0,0.0
435.6,17.939,262.03,4.39,0.0,-18.67,0,0.0,0.0,0.0
435.68,17.925,261.43,4.37,0.0,-18.67,0,0.0,0.0,0.0
435.74,17.918,260.53,4.34,0.0,-18.65,0,0.0,0.0,0.0
435.84,17.897,259.04,4.31,0.0,-18.63,0,0.0,0.0,0.0
435.92,17.883,257.28,4.26,0.0,-18.58,0,0.0,0.0,0.0
436.02,17.869,256.7,4.25,0.0,-18.54,0,0.0,0.0,0.0
436.08,17.852,254.97,4.21,0.0,-18.48,0,0.0,0.0,0.0
436.2,17.835,253.83,4.18,0.0,-18.42,0,0.0,0.0,0.0
436.24,17.829,252.98,4.15,0.0,-18.35,0,0.0,0.0,0.0
436.32,17.812,251.58,4.12,0.0,-18.27,0,0.0,0.0,0.0
436.42,17.792,250.21,4.09,0.0,-18.16,0,0.0,0.0,0.0
436.5,17.785,249.12,4.06,0.0,-18.07,0,0.0,0.0,0.0
436.58,17.772,248.58,4.05,0.0,-18.02,0,0.0,0.0,0.0
436.66,17.759,246.97,4.01,0.0,-17.86,0,0.0,0.0,0.0
436.74,17.746,246.45,3.99,0.0,-17.81,0,0.0,0.0,0.0
436.8,17.736,245.4,3.95,0.0,-17.64,0,0.0,0.0,0.0
436.9,17.72,244.37,3.94,0.0,-17.58,0,0.0,0.0,0.0
436.98,17.707,242.85,3.9,0.0,-17.4,0,0.0,0.0,0.0
437.06,17.691,241.85,3.88,0.0,-17.28,0,0.0,0.0,0.0
437.14,17.682,241.36,3.87,0.0,-17.22,0,0.0,0.0,0.0
437.22,17.669,240.14,3.84,0.0,-17.07,0,0.0,0.0,0.0
437.28,17.66,239.66,3.83,0.0,-16.95,0,0.0,0.0,0.0
437.36,17.647,238.71,3.8,0.0,-16.83,0,0.0,0.0,0.0
437.44,17.635,237.77,3.78,0.0,-16.77,0,0.0,0.0,0.0
437.52,17.623,236.39,3.75,0.0,-16.6,0,0.0,0.0,0.0
437.58,17.616,236.16,3.74,0.0,-16.5,0,0.0,0.0,0.0
437.68,17.598,235.04,3.71,0.0,-16.39,0,0.0,0.0,0.0
437.76,17.583,233.72,3.68,0.0,-16.3,0,0.0,0.0,0.0
437.84,17.574,233.29,3.67,0.0,-16.21,0,0.0,0.0,0.0
437.92,17.561,232.43,3.64,0.0,-16.13,0,0.0,0.0,0.0
438.0,17.549,231.59,3.63,0.0,-16.09,0,0.0,0.0,0.0
438.08,17.54,230.96,3.62,0.0,-16.03,0,0.0,0.0,0.0
438.18,17.523,229.72,3.59,0.0,-15.94,0,0.0,0.0,0.0
438.2,17.52,229.32,3.58,0.0,-15.92,0,0.0,0.0,0.0
438.28,17.505,228.31,3.55,0.0,-15.85,0,0.0,0.0,0.0
438.38,17.493,227.71,3.54,0.0,-15.82,0,0.0,0.0,0.0
438.46,17.481,226.93,3.52,0.0,-15.81,0,0.0,0.0,0.0
438.56,17.467,225.95,3.5,0.0,-15.8,0,0.0,0.0,0.0
438.58,17.464,225.57,3.49,0.0,-15.79,0,0.0,0.0,0.0
438.68,17.449,224.42,3.47,0.0,-15.8,0,0.0,0.0,0.0
438.74,17.441,224.04,3.46,0.0,-15.81,0,0.0,0.0,0.0
438.84,17.429,223.48,3.44,0.0,-15.86,0,0.0,0.0,0.0
438.92,17.415,222.17,3.42,0.0,-15.9,0,0.0,0.0,0.0
439.0,17.403,221.44,3.4,0.0,-15.95,0,0.0,0.0,0.0
439.06,17.395,221.07,3.39,0.0,-15.98,0,0.0,0.0,0.0
439.14,17.386,220.52,3.38,0.0,-16.08,0,0.0,0.0,0.0
439.24,17.367,219.25,3.35,0.0,-16.16,0,0.0,0.0,0.0
439.32,17.358,218.88,3.34,0.0,-16.21,0,0.0,0.0,0.0
439.4,17.347,217.8,3.32,0.0,-16.35,0,0.0,0.0,0.0
439.46,17.339,217.44,3.31,0.0,-16.4,0,0.0,0.0,0.0
439.54,17.33,216.91,3.3,0.0,-16.57,0,0.0,0.0,0.0
439.62,17.316,216.01,3.28,0.0,-16.69,0,0.0,0.0,0.0
439.72,17.303,215.3,3.26,0.0,-16.75,0,0.0,0.0,0.0
439.8,17.292,214.24,3.24,0.0,-16.95,0,0.0,0.0,0.0
439.88,17.281,213.88,3.23,0.0,-17.09,0,0.0,0.0,0.0
439.96,17.27,213.17,3.21,0.0,-17.23,0,0.0,0.0,0.0
440.04,17.259,212.47,3.2,0.0,-17.3,0,0.0,0.0,0.0
440.12,17.248,211.41,3.18,0.0,-17.53,0,0.0,0.0,0.0
440.18,17.24,211.06,3.17,0.0,-17.6,0,0.0,0.0,0.0
440.3,17.224,209.82,3.14,0.0,-17.87,0,0.0,0.0,0.0
440.38,17.213,209.47,3.13,0.0,-17.94,0,0.0,0.0,0.0
440.46,17.203,208.59,3.12,0.0,-18.13,0,0.0,0.0,0.0
440.52,17.195,208.24,3.11,0.0,-18.28,0,0.0,0.0,0.0
440.58,17.184,207.37,3.08,0.0,-18.47,0,0.0,0.0,0.0
440.68,17.173,206.67,3.07,0.0,-18.62,0,0.0,0.0,0.0
440.78,17.16,205.97,3.06,0.0,-18.76,0,0.0,0.0,0.0
440.86,17.15,205.27,3.04,0.0,-18.9,0,0.0,0.0,0.0
440.94,17.139,204.57,3.03,0.0,-18.96,0,0.0,0.0,0.0
441.02,17.129,203.53,3.0,0.0,-19.16,0,0.0,0.0,0.0
441.1,17.119,203.19,3.0,0.0,-19.22,0,0.0,0.0,0.0
441.18,17.108,202.15,2.97,0.0,-19.4,0,0.0,0.0,0.0
441.26,17.098,201.81,2.96,0.0,-19.45,0,0.0,0.0,0.0
441.34,17.088,200.78,2.94,0.0,-19.61,0,0.0,0.0,0.0
441.42,17.077,199.93,2.92,0.0,-19.73,0,0.0,0.0,0.0
441.52,17.065,199.59,2.92,0.0,-19.77,0,0.0,0.0,0.0
441.6,17.055,198.58,2.89,0.0,-19.89,0,0.0,0.0,0.0
441.66,17.047,198.25,2.89,0.0,-19.92,0,0.0,0.0,0.0
441.76,17.034,197.25,2.86,0.0,-20.01,0,0.0,0.0,0.0
441.84,17.024,196.59,2.85,0.0,-20.06,0,0.0,0.0,0.0
441.92,17.014,195.93,2.83,0.0,-20.1,0,0.0,0.0,0.0
442.0,17.004,195.6,2.83,0.0,-20.11,0,0.0,0.0,0.0
442.06,16.992,194.63,2.81,0.0,-20.14,0,0.0,0.0,0.0
442.16,16.984,194.31,2.8,0.0,-20.15,0,0.0,0.0,0.0
442.24,16.974,193.36,2.78,0.0,-20.15,0,0.0,0.0,0.0
442.32,16.965,193.04,2.77,0.0,-20.15,0,0.0,0.0,0.0
442.4,16.955,192.1,2.75,0.0,-20.12,0,0.0,0.0,0.0
442.46,16.947,191.79,2.74,0.0,-20.09,0,0.0,0.0,0.0
442.56,16.935,191.18,2.73,0.0,-20.07,0,0.0,0.0,0.0
442.64,16.925,190.27,2.71,0.0,-20.01,0,0.0,0.0,0.0
442.7,16.918,189.97,2.69,0.0,-19.94,0,0.0,0.0,0.0
442.82,16.903,189.23,2.68,0.0,-19.87,0,0.0,0.0,0.0
442.9,16.894,188.64,2.67,0.0,-19.8,0,0.0,0.0,0.0
442.98,16.884,188.06,2.66,0.0,-19.72,0,0.0,0.0,0.0
443.06,16.874,187.49,2.65,0.0,-19.67,0,0.0,0.0,0.0
443.12,16.867,186.93,2.63,0.0,-19.53,0,0.0,0.0,0.0
443.22,16.855,186.1,2.62,0.0,-19.43,0,0.0,0.0,0.0
443.3,16.845,185.82,2.61,0.0,-19.38,0,0.0,0.0,0.0
443.38,16.836,185.02,2.6,0.0,-19.21,0,0.0,0.0,0.0
443.46,16.826,184.49,2.59,0.0,-19.09,0,0.0,0.0,0.0
443.54,16.817,184.22,2.58,0.0,-19.03,0,0.0,0.0,0.0
443.62,16.807,183.45,2.56,0.0,-18.85,0,0.0,0.0,0.0
443.68,16.8,183.19,2.56,0.0,-18.78,0,0.0,0.0,0.0
443.78,16.788,182.44,2.54,0.0,-18.59,0,0.0,0.0,0.0
443.86,16.779,182.2,2.54,0.0,-18.52,0,0.0,0.0,0.0
443.92,16.774,181.83,2.53,0.0,-18.32,0,0.0,0.0,0.0
444.02,16.76,181.23,2.52,0.0,-18.25,0,0.0,0.0,0.0
444.08,16.753,180.75,2.5,0.0,-18.04,0,0.0,0.0,0.0
444.16,16.743,180.29,2.5,0.0,-17.91,0,0.0,0.0,0.0
444.24,16.734,179.83,2.49,0.0,-17.73,0,0.0,0.0,0.0
444.36,16.72,179.26,2.48,0.0,-17.6,0,0.0,0.0,0.0
444.44,16.711,178.82,2.47,0.0,-17.53,0,0.0,0.0,0.0
444.52,16.701,178.16,2.46,0.0,-17.33,0,0.0,0.0,0.0
444.6,16.692,177.73,2.45,0.0,-17.19,0,0.0,0.0,0.0
444.66,16.685,177.52,2.45,0.0,-17.13,0,0.0,0.0,0.0
444.76,16.674,176.9,2.43,0.0,-16.94,0,0.0,0.0,0.0
444.84,16.664,176.69,2.43,0.0,-16.87,0,0.0,0.0,0.0
444.92,16.655,176.08,2.42,0.0,-16.69,0,0.0,0.0,0.0
444.98,16.65,176.08,2.42,0.0,-16.63,0,0.0,0.0,0.0
445.08,16.637,175.29,2.4,0.0,-16.46,0,0.0,0.0,0.0
445.14,16.63,175.1,2.4,0.0,-16.35,0,0.0,0.0,0.0
445.24,16.618,174.52,2.39,0.0,-16.25,0,0.0,0.0,0.0
445.32,16.609,174.33,2.38,0.0,-16.15,0,0.0,0.0,0.0
445.4,16.6,173.96,2.38,0.0,-16.1,0,0.0,0.0,0.0
445.46,16.595,173.77,2.37,0.0,-15.97,0,0.0,0.0,0.0
445.56,16.581,173.22,2.36,0.0,-15.92,0,0.0,0.0,0.0
445.64,16.572,172.67,2.35,0.0,-15.8,0,0.0,0.0,0.0
445.72,16.563,172.32,2.35,0.0,-15.73,0,0.0,0.0,0.0
445.8,16.554,172.14,2.34,0.0,-15.66,0,0.0,0.0,0.0
445.88,16.545,171.79,2.34,0.0,-15.58,0,0.0,0.0,0.0
445.98,16.533,171.35,2.33,0.0,-15.55,0,0.0,0.0,0.0
446.08,16.52,170.83,2.32,0.0,-15.46,0,0.0,0.0,0.0
446.12,16.517,170.66,2.32,0.0,-15.44,0,0.0,0.0,0.0
446.22,16.506,170.16,2.31,0.0,-15.37,0,0.0,0.0,0.0
446.3,16.497,169.82,2.3,0.0,-15.33,0,0.0,0.0,0.0
446.38,16.488,169.65,2.3,0.0,-15.31,0,0.0,0.0,0.0
446.44,16.483,169.4,2.3,0.0,-15.27,0,0.0,0.0,0.0
446.54,16.47,168.99,2.29,0.0,-15.25,0,0.0,0.0,0.0
446.62,16.461,168.5,2.28,0.0,-15.22,0,0.0,0.0,0.0
446.68,16.456,168.42,2.28,0.0,-15.2,0,0.0,0.0,0.0
446.78,16.443,168.01,2.27,0.0,-15.19,0,0.0,0.0,0.0
446.86,16.434,167.53,2.26,0.0,-15.17,0,0.0,0.0,0.0
446.94,16.425,167.37,2.26,0.0,-15.16,0,0.0,0.0,0.0
447.02,16.416,167.05,2.26,0.0,-15.15,0,0.0,0.0,0.0
447.08,16.404,166.57,2.25,0.0,-15.15,0,0.0,0.0,0.0
447.18,16.397,166.41,2.24,0.0,-15.14,0,0.0,0.0,0.0
447.26,16.388,166.1,2.24,0.0,-15.14,0,0.0,0.0,0.0
447.34,16.379,165.79,2.24,0.0,-15.14,0,0.0,0.0,0.0
447.4,16.373,165.48,2.23,0.0,-15.14,0,0.0,0.0,0.0
447.5,16.361,165.18,2.23,0.0,-15.14,0,0.0,0.0,0.0
447.56,16.353,164.8,2.22,0.0,-15.14,0,0.0,0.0,0.0
447.66,16.344,164.58,2.22,0.0,-15.14,0,0.0,0.0,0.0
447.74,16.335,164.14,2.21,0.0,-15.15,0,0.0,0.0,0.0
447.82,16.326,163.85,2.2,0.0,-15.16,0,0.0,0.0,0.0
447.88,16.319,163.71,2.2,0.0,-15.16,0,0.0,0.0,0.0
447.98,16.308,163.28,2.19,0.0,-15.17,0,0.0,0.0,0.0
448.04,16.303,163.21,2.19,0.0,-15.18,0,0.0,0.0,0.0
448.12,16.292,162.86,2.19,0.0,-15.18,0,0.0,0.0,0.0
448.22,16.281,162.44,2.18,0.0,-15.19,0,0.0,0.0,0.0
448.3,16.272,162.3,2.18,0.0,-15.19,0,0.0,0.0,0.0
448.38,16.263,161.9,2.17,0.0,-15.2,0,0.0,0.0,0.0
448.44,16.256,161.76,2.17,0.0,-15.2,0,0.0,0.0,0.0
448.52,16.249,161.56,2.17,0.0,-15.2,0,0.0,0.0,0.0
448.62,16.236,161.23,2.16,0.0,-15.21,0,0.0,0.0,0.0
448.7,16.227,160.96,2.16,0.0,-15.2,0,0.0,0.0,0.0
448.76,16.22,160.64,2.15,0.0,-15.2,0,0.0,0.0,0.0
448.88,16.207,160.38,2.15,0.0,-15.2,0,0.0,0.0,0.0
448.96,16.198,160.12,2.15,0.0,-15.19,0,0.0,0.0,0.0
449.04,16.189,159.75,2.14,0.0,-15.18,0,0.0,0.0,0.0
449.1,16.182,159.62,2.14,0.0,-15.16,0,0.0,0.0,0.0
449.2,16.171,159.37,2.13,0.0,-15.16,0,0.0,0.0,0.0
449.26,16.165,159.13,2.13,0.0,-15.13,0,0.0,0.0,0.0
449.36,16.153,158.89,2.13,0.0,-15.12,0,0.0,0.0,0.0
449.44,16.144,158.53,2.12,0.0,-15.08,0,0.0,0.0,0.0
449.5,16.138,158.41,2.12,0.0,-15.05,0,0.0,0.0,0.0
449.6,16.127,158.18,2.12,0.0,-15.04,0,0.0,0.0,0.0
449.68,16.118,157.83,2.11,0.0,-14.99,0,0.0,0.0,0.0
449.76,16.106,157.61,2.11,0.0,-14.95,0,0.0,0.0,0.0
449.84,16.1,157.49,2.11,0.0,-14.92,0,0.0,0.0,0.0
449.9,16.095,157.33,2.1,0.0,-14.86,0,0.0,0.0,0.0
450.0,16.082,156.95,2.1,0.0,-14.81,0,0.0,0.0,0.0
450.08,16.073,156.84,2.1,0.0,-14.78,0,0.0,0.0,0.0
450.14,16.062,156.52,2.09,0.0,-14.69,0,0.0,0.0,0.0
450.22,16.057,156.42,2.09,0.0,-14.63,0,0.0,0.0,0.0
450.32,16.046,156.22,2.09,0.0,-14.6,0,0.0,0.0,0.0
450.4,16.037,155.92,2.09,0.0,-14.5,0,0.0,0.0,0.0
450.46,16.03,155.82,2.08,0.0,-14.42,0,0.0,0.0,0.0
450.54,16.021,155.63,2.08,0.0,-14.39,0,0.0,0.0,0.0
450.62,16.012,155.43,2.08,0.0,-14.27,0,0.0,0.0,0.0
450.7,16.003,155.25,2.08,0.0,-14.19,0,0.0,0.0,0.0
450.78,15.995,155.07,2.08,0.0,-14.1,0,0.0,0.0,0.0
450.88,15.983,154.89,2.08,0.0,-14.06,0,0.0,0.0,0.0
450.94,15.977,154.71,2.07,0.0,-13.92,0,0.0,0.0,0.0
451.04,15.965,154.54,2.07,0.0,-13.87,0,0.0,0.0,0.0
451.1,15.961,154.41,2.07,0.0,-13.73,0,0.0,0.0,0.0
451.18,15.95,154.21,2.07,0.0,-13.6,0,0.0,0.0,0.0
451.28,15.938,154.01,2.07,0.0,-13.5,0,0.0,0.0,0.0
451.38,15.927,153.85,2.07,0.0,-13.45,0,0.0,0.0,0.0
451.44,15.92,153.7,2.06,0.0,-13.29,0,0.0,0.0,0.0
451.54,15.909,153.55,2.06,0.0,-13.23,0,0.0,0.0,0.0
451.62,15.9,153.37,2.06,0.0,-13.04,0,0.0,0.0,0.0
451.72,15.889,153.23,2.06,0.0,-12.98,0,0.0,0.0,0.0
451.78,15.884,153.12,2.06,0.0,-12.79,0,0.0,0.0,0.0
451.88,15.873,152.95,2.06,0.0,-12.73,0,0.0,0.0,0.0
451.96,15.864,152.86,2.06,0.0,-12.67,0,0.0,0.0,0.0
452.04,15.853,152.66,2.06,0.0,-12.47,0,0.0,0.0,0.0
452.1,15.848,152.63,2.06,0.0,-12.42,0,0.0,0.0,0.0
452.2,15.834,152.42,2.06,0.0,-12.24,0,0.0,0.0,0.0
452.26,15.83,152.39,2.06,0.0,-12.18,0,0.0,0.0,0.0
452.36,15.816,152.19,2.06,0.0,-12.01,0,0.0,0.0,0.0
452.42,15.81,152.1,2.06,0.0,-11.95,0,0.0,0.0,0.0
452.52,15.798,151.94,2.06,0.0,-11.78,0,0.0,0.0,0.0
452.6,15.789,151.84,2.06,0.0,-11.67,0,0.0,0.0,0.0
452.68,15.78,151.78,2.06,0.0,-11.53,0,0.0,0.0,0.0
452.76,15.771,151.66,2.06,0.0,-11.47,0,0.0,0.0,0.0
452.86,15.759,151.51,2.06,0.0,-11.3,0,0.0,0.0,0.0
452.94,15.75,151.46,2.06,0.0,-11.25,0,0.0,0.0,0.0
453.0,15.743,151.37,2.06,0.0,-11.09,0,0.0,0.0,0.0
453.1,15.732,151.28,2.06,0.0,-11.03,0,0.0,0.0,0.0
453.18,15.723,151.14,2.06,0.0,-10.88,0,0.0,0.0,0.0
453.26,15.714,151.1,2.06,0.0,-10.82,0,0.0,0.0,0.0
453.32,15.707,151.01,2.06,0.0,-10.67,0,0.0,0.0,0.0
453.42,15.695,150.93,2.06,0.0,-10.57,0,0.0,0.0,0.0
453.5,15.686,150.85,2.06,0.0,-10.45,0,0.0,0.0,0.0
453.6,15.675,150.71,2.06,0.0,-10.36,0,0.0,0.0,0.0
453.68,15.665,150.67,2.06,0.0,-10.31,0,0.0,0.0,0.0
453.74,15.658,150.59,2.06,0.0,-10.17,0,0.0,0.0,0.0
453.84,15.645,150.45,2.06,0.0,-10.06,0,0.0,0.0,0.0
453.92,15.638,150.42,2.07,0.0,-10.02,0,0.0,0.0,0.0
454.02,15.626,150.3,2.07,0.0,-9.89,0,0.0,0.0,0.0
454.08,15.619,150.27,2.07,0.0,-9.81,0,0.0,0.0,0.0
454.16,15.61,150.2,2.07,0.0,-9.73,0,0.0,0.0,0.0
454.26,15.598,150.12,2.07,0.0,-9.69,0,0.0,0.0,0.0
454.34,15.589,150.02,2.07,0.0,-9.57,0,0.0,0.0,0.0
454.42,15.582,149.98,2.07,0.0,-9.52,0,0.0,0.0,0.0
454.48,15.573,149.93,2.07,0.0,-9.48,0,0.0,0.0,0.0
454.54,15.568,149.89,2.07,0.0,-9.45,0,0.0,0.0,0.0
454.58,15.563,149.86,2.07,0.0,-9.41,0,0.0,0.0,0.0
454.64,15.556,149.81,2.07,0.0,-9.36,0,0.0,0.0,0.0
454.68,15.552,149.77,2.07,0.0,-9.32,0,0.0,0.0,0.0
454.74,15.545,149.72,2.08,0.0,-9.27,0,0.0,0.0,0.0
454.78,15.54,149.69,2.08,0.0,-9.24,0,0.0,0.0,0.0
454.84,15.533,149.63,2.08,0.0,-9.19,0,0.0,0.0,0.0
454.9,15.526,149.58,2.08,0.0,-9.14,0,0.0,0.0,0.0
454.94,15.521,149.55,2.08,0.0,-9.1,0,0.0,0.0,0.0
455.0,15.514,149.5,2.08,0.0,-9.06,0,0.0,0.0,0.0
455.04,15.51,149.46,2.08,0.0,-9.03,0,0.0,0.0,0.0
455.1,15.503,149.41,2.08,0.0,-8.98,0,0.0,0.0,0.0
455.14,15.498,149.38,2.08,0.0,-8.95,0,0.0,0.0,0.0
455.2,15.491,149.33,2.08,0.0,-8.9,0,0.0,0.0,0.0
455.24,15.486,149.29,2.08,0.0,-8.87,0,0.0,0.0,0.0
455.3,15.479,149.24,2.08,0.0,-8.83,0,0.0,0.0,0.0
455.34,15.475,149.21,2.08,0.0,-8.8,0,0.0,0.0,0.0
455.4,15.468,149.16,2.09,0.0,-8.71,0,0.0,0.0,0.0
455.48,15.456,149.07,2.09,0.0,-8.68,0,0.0,0.0,0.0
455.54,15.451,149.04,2.09,0.0,-8.65,0,0.0,0.0,0.0
455.58,15.446,149.01,2.09,0.0,-8.62,0,0.0,0.0,0.0
455.64,15.439,148.96,2.09,0.0,-8.58,0,0.0,0.0,0.0
455.68,15.435,148.92,2.09,0.0,-8.55,0,0.0,0.0,0.0
455.74,15.428,148.87,2.09,0.0,-8.5,0,0.0,0.0,0.0
455.78,15.423,148.84,2.09,0.0,-8.48,0,0.0,0.0,0.0
455.84,15.416,148.79,2.09,0.0,-8.43,0,0.0,0.0,0.0
455.88,15.411,148.74,2.09,0.0,-8.39,0,0.0,0.0,0.0
455.94,15.404,148.7,2.09,0.0,-8.36,0,0.0,0.0,0.0
456.0,15.397,148.65,2.1,0.0,-8.32,0,0.0,0.0,0.0
456.04,15.392,148.62,2.1,0.0,-8.29,0,0.0,0.0,0.0
456.1,15.385,148.57,2.1,0.0,-8.24,0,0.0,0.0,0.0
456.14,15.38,148.54,2.1,0.0,-8.21,0,0.0,0.0,0.0
456.2,15.373,148.48,2.1,0.0,-8.17,0,0.0,0.0,0.0
456.24,15.368,148.45,2.1,0.0,-8.12,0,0.0,0.0,0.0
456.3,15.361,148.4,2.1,0.0,-8.08,0,0.0,0.0,0.0
456.36,15.354,148.35,2.1,0.0,-8.02,0,0.0,0.0,0.0
456.42,15.345,148.28,2.1,0.0,-7.99,0,0.0,0.0,0.0
456.48,15.34,148.25,2.1,0.0,-7.94,0,0.0,0.0,0.0
456.54,15.333,148.2,2.1,0.0,-7.9,0,0.0,0.0,0.0
456.6,15.326,148.15,2.1,0.0,-7.85,0,0.0,0.0,0.0
456.66,15.319,148.1,2.11,0.0,-7.8,0,0.0,0.0,0.0
456.72,15.311,148.05,2.11,0.0,-7.75,0,0.0,0.0,0.0
456.78,15.304,148.0,2.11,0.0,-7.7,0,0.0,0.0,0.0
456.84,15.297,147.96,2.11,0.0,-7.65,0,0.0,0.0,0.0
456.9,15.29,147.91,2.11,0.0,-7.6,0,0.0,0.0,0.0
456.96,15.283,147.86,2.11,0.0,-7.55,0,0.0,0.0,0.0
457.02,15.276,147.81,2.11,0.0,-7.51,0,0.0,0.0,0.0
457.08,15.268,147.76,2.11,0.0,-7.46,0,0.0,0.0,0.0
457.14,15.259,147.68,2.11,0.0,-7.37,0,0.0,0.0,0.0
457.2,15.252,147.65,2.12,0.0,-7.33,0,0.0,0.0,0.0
457.26,15.247,147.62,2.12,0.0,-7.3,0,0.0,0.0,0.0
457.32,15.24,147.58,2.12,0.0,-7.24,0,0.0,0.0,0.0
457.36,15.235,147.54,2.12,0.0,-7.2,0,0.0,0.0,0.0
457.42,15.228,147.5,2.12,0.0,-7.15,0,0.0,0.0,0.0
457.46,15.223,147.47,2.12,0.0,-7.11,0,0.0,0.0,0.0
457.54,15.211,147.39,2.12,0.0,-7.01,0,0.0,0.0,0.0
457.6,15.206,147.36,2.12,0.0,-6.97,0,0.0,0.0,0.0
457.64,15.201,147.33,2.12,0.0,-6.93,0,0.0,0.0,0.0
457.68,15.197,147.3,2.12,0.0,-6.89,0,0.0,0.0,0.0
457.72,15.192,147.28,2.12,0.0,-6.85,0,0.0,0.0,0.0
457.78,15.185,147.23,2.13,0.0,-6.78,0,0.0,0.0,0.0
457.84,15.177,147.19,2.13,0.0,-6.72,0,0.0,0.0,0.0
457.88,15.173,147.16,2.13,0.0,-6.68,0,0.0,0.0,0.0
457.94,15.165,147.12,2.13,0.0,-6.61,0,0.0,0.0,0.0
457.98,15.161,147.09,2.13,0.0,-6.57,0,0.0,0.0,0.0
458.04,15.153,147.05,2.13,0.0,-6.51,0,0.0,0.0,0.0
458.1,15.146,147.01,2.13,0.0,-6.44,0,0.0,0.0,0.0
458.14,15.141,146.97,2.13,0.0,-6.33,0,0.0,0.0,0.0
458.22,15.129,146.92,2.14,0.0,-6.28,0,0.0,0.0,0.0
458.28,15.124,146.89,2.14,0.0,-6.24,0,0.0,0.0,0.0
458.32,15.12,146.87,2.14,0.0,-6.19,0,0.0,0.0,0.0
458.38,15.112,146.83,2.14,0.0,-6.12,0,0.0,0.0,0.0
458.42,15.108,146.8,2.14,0.0,-6.08,0,0.0,0.0,0.0
458.46,15.103,146.78,2.14,0.0,-6.03,0,0.0,0.0,0.0
458.52,15.095,146.74,2.14,0.0,-5.94,0,0.0,0.0,0.0
458.58,15.088,146.7,2.14,0.0,-5.89,0,0.0,0.0,0.0
458.62,15.083,146.68,2.14,0.0,-5.82,0,0.0,0.0,0.0
458.68,15.076,146.65,2.15,0.0,-5.75,0,0.0,0.0,0.0
458.74,15.069,146.61,2.15,0.0,-5.68,0,0.0,0.0,0.0
458.8,15.061,146.58,2.15,0.0,-5.6,0,0.0,0.0,0.0
458.86,15.054,146.54,2.15,0.0,-5.53,0,0.0,0.0,0.0
458.92,15.047,146.51,2.15,0.0,-5.46,0,0.0,0.0,0.0
458.98,15.04,146.48,2.15,0.0,-5.39,0,0.0,0.0,0.0
459.04,15.032,146.45,2.15,0.0,-5.34,0,0.0,0.0,0.0
459.1,15.025,146.42,2.16,0.0,-5.24,0,0.0,0.0,0.0
459.16,15.018,146.39,2.16,0.0,-5.17,0,0.0,0.0,0.0
459.22,15.01,146.36,2.16,0.0,-5.1,0,0.0,0.0,0.0
459.28,15.003,146.33,2.16,0.0,-5.03,0,0.0,0.0,0.0
459.34,14.996,146.3,2.16,0.0,-4.98,0,0.0,0.0,0.0
459.38,14.991,146.28,2.16,0.0,-4.88,0,0.0,0.0,0.0
459.46,14.981,146.23,2.17,0.0,-4.81,0,0.0,0.0,0.0
459.52,14.974,146.21,2.17,0.0,-4.74,0,0.0,0.0,0.0
459.58,14.967,146.19,2.17,0.0,-4.69,0,0.0,0.0,0.0
459.62,14.962,146.17,2.17,0.0,-4.65,0,0.0,0.0,0.0
459.66,14.957,146.15,2.17,0.0,-4.6,0,0.0,0.0,0.0
459.72,14.949,146.13,2.17,0.0,-4.53,0,0.0,0.0,0.0
459.76,14.945,146.11,2.17,0.0,-4.48,0,0.0,0.0,0.0
459.82,14.937,146.08,2.18,0.0,-4.41,0,0.0,0.0,0.0
459.86,14.932,146.07,2.18,0.0,-4.37,0,0.0,0.0,0.0
459.9,14.927,146.05,2.18,0.0,-4.32,0,0.0,0.0,0.0
459.96,14.92,146.03,2.18,0.0,-4.25,0,0.0,0.0,0.0
460.02,14.913,146.0,2.18,0.0,-4.19,0,0.0,0.0,0.0
460.06,14.908,145.99,2.18,0.0,-4.14,0,0.0,0.0,0.0
460.14,14.896,145.94,2.19,0.0,-4.01,0,0.0,0.0,0.0
460.2,14.888,145.93,2.19,0.0,-3.97,0,0.0,0.0,0.0
460.26,14.883,145.91,2.19,0.0,-3.93,0,0.0,0.0,0.0
460.3,14.878,145.9,2.19,0.0,-3.88,0,0.0,0.0,0.0
460.34,14.873,145.88,2.19,0.0,-3.84,0,0.0,0.0,0.0
460.4,14.866,145.86,2.19,0.0,-3.78,0,0.0,0.0,0.0
460.46,14.859,145.84,2.19,0.0,-3.72,0,0.0,0.0,0.0
460.5,14.854,145.82,2.2,0.0,-3.68,0,0.0,0.0,0.0
460.58,14.841,145.78,2.2,0.0,-3.52,0,0.0,0.0,0.0
460.68,14.829,145.75,2.2,0.0,-3.48,0,0.0,0.0,0.0
460.74,14.824,145.74,2.2,0.0,-3.44,0,0.0,0.0,0.0
460.78,14.819,145.72,2.21,0.0,-3.4,0,0.0,0.0,0.0
460.82,14.814,145.71,2.21,0.0,-3.36,0,0.0,0.0,0.0
460.88,14.807,145.69,2.21,0.0,-3.31,0,0.0,0.0,0.0
460.94,14.799,145.67,2.21,0.0,-3.26,0,0.0,0.0,0.0
460.98,14.795,145.66,2.21,0.0,-3.22,0,0.0,0.0,0.0
461.04,14.787,145.63,2.21,0.0,-3.17,0,0.0,0.0,0.0
461.08,14.782,145.62,2.22,0.0,-3.13,0,0.0,0.0,0.0
461.14,14.775,145.6,2.22,0.0,-3.08,0,0.0,0.0,0.0
461.18,14.77,145.59,2.22,0.0,-3.05,0,0.0,0.0,0.0
461.24,14.762,145.57,2.22,0.0,-3.0,0,0.0,0.0,0.0
461.28,14.757,145.55,2.22,0.0,-2.97,0,0.0,0.0,0.0
461.34,14.75,145.53,2.22,0.0,-2.9,0,0.0,0.0,0.0
461.4,14.743,145.51,2.23,0.0,-2.87,0,0.0,0.0,0.0
461.44,14.738,145.5,2.23,0.0,-2.84,0,0.0,0.0,0.0
461.48,14.733,145.48,2.23,0.0,-2.81,0,0.0,0.0,0.0
461.54,14.725,145.46,2.23,0.0,-2.77,0,0.0,0.0,0.0
461.6,14.718,145.44,2.23,0.0,-2.72,0,0.0,0.0,0.0
461.64,14.713,145.43,2.23,0.0,-2.69,0,0.0,0.0,0.0
461.72,14.703,145.4,2.24,0.0,-2.64,0,0.0,0.0,0.0
461.76,14.698,145.38,2.24,0.0,-2.61,0,0.0,0.0,0.0
461.8,14.693,145.37,2.24,0.0,-2.58,0,0.0,0.0,0.0
461.86,14.685,145.35,2.24,0.0,-2.54,0,0.0,0.0,0.0
461.9,14.68,145.33,2.24,0.0,-2.52,0,0.0,0.0,0.0
461.96,14.673,145.31,2.24,0.0,-2.48,0,0.0,0.0,0.0
462.02,14.665,145.29,2.25,0.0,-2.44,0,0.0,0.0,0.0
462.06,14.66,145.27,2.25,0.0,-2.41,0,0.0,0.0,0.0
462.1,14.655,145.26,2.25,0.0,-2.39,0,0.0,0.0,0.0
462.16,14.648,145.23,2.25,0.0,-2.35,0,0.0,0.0,0.0
462.22,14.638,145.2,2.25,0.0,-2.31,0,0.0,0.0,0.0
462.28,14.633,145.19,2.25,0.0,-2.28,0,0.0,0.0,0.0
462.32,14.628,145.17,2.26,0.0,-2.26,0,0.0,0.0,0.0
462.36,14.623,145.15,2.26,0.0,-2.24,0,0.0,0.0,0.0
462.42,14.616,145.13,2.26,0.0,-2.2,0,0.0,0.0,0.0
462.46,14.611,145.11,2.26,0.0,-2.18,0,0.0,0.0,0.0
462.52,14.603,145.09,2.26,0.0,-2.15,0,0.0,0.0,0.0
462.56,14.598,145.07,2.26,0.0,-2.13,0,0.0,0.0,0.0
462.62,14.591,145.04,2.27,0.0,-2.09,0,0.0,0.0,0.0
462.66,14.586,145.03,2.27,0.0,-2.07,0,0.0,0.0,0.0
462.72,14.578,145.0,2.27,0.0,-2.04,0,0.0,0.0,0.0
462.76,14.573,144.98,2.27,0.0,-2.02,0,0.0,0.0,0.0
462.82,14.565,144.96,2.27,0.0,-1.99,0,0.0,0.0,0.0
462.88,14.558,144.93,2.27,0.0,-1.96,0,0.0,0.0,0.0
462.92,14.553,144.91,2.28,0.0,-1.94,0,0.0,0.0,0.0
462.96,14.548,144.9,2.28,0.0,-1.92,0,0.0,0.0,0.0
463.02,14.54,144.87,2.28,0.0,-1.89,0,0.0,0.0,0.0
463.06,14.535,144.85,2.28,0.0,-1.87,0,0.0,0.0,0.0
463.12,14.528,144.82,2.28,0.0,-1.84,0,0.0,0.0,0.0
463.18,14.52,144.79,2.28,0.0,-1.81,0,0.0,0.0,0.0
463.22,14.515,144.77,2.28,0.0,-1.78,0,0.0,0.0,0.0
463.28,14.508,144.75,2.29,0.0,-1.75,0,0.0,0.0,0.0
463.34,14.5,144.72,2.29,0.0,-1.72,0,0.0,0.0,0.0
463.4,14.493,144.69,2.29,0.0,-1.7,0,0.0,0.0,0.0
463.44,14.488,144.67,2.29,0.0,-1.68,0,0.0,0.0,0.0
463.48,14.483,144.65,2.29,0.0,-1.66,0,0.0,0.0,0.0
463.54,14.475,144.62,2.29,0.0,-1.63,0,0.0,0.0,0.0
463.58,14.47,144.6,2.3,0.0,-1.61,0,0.0,0.0,0.0
463.64,14.463,144.57,2.3,0.0,-1.58,0,0.0,0.0,0.0
463.7,14.455,144.54,2.3,0.0,-1.55,0,0.0,0.0,0.0
463.74,14.45,144.52,2.3,0.0,-1.53,0,0.0,0.0,0.0
463.8,14.442,144.49,2.3,0.0,-1.49,0,0.0,0.0,0.0
463.84,14.437,144.47,2.3,0.0,-1.47,0,0.0,0.0,0.0
463.88,14.432,144.45,2.3,0.0,-1.45,0,0.0,0.0,0.0
463.94,14.425,144.42,2.31,0.0,-1.42,0,0.0,0.0,0.0
464.0,14.417,144.39,2.31,0.0,-1.39,0,0.0,0.0,0.0
464.04,14.412,144.37,2.31,0.0,-1.37,0,0.0,0.0,0.0
464.08,14.407,144.35,2.31,0.0,-1.35,0,0.0,0.0,0.0
464.14,14.4,144.32,2.31,0.0,-1.31,0,0.0,0.0,0.0
464.18,14.395,144.3,2.31,0.0,-1.29,0,0.0,0.0,0.0
464.24,14.387,144.26,2.32,0.0,-1.26,0,0.0,0.0,0.0
464.28,14.382,144.24,2.32,0.0,-1.24,0,0.0,0.0,0.0
464.34,14.374,144.21,2.32,0.0,-1.2,0,0.0,0.0,0.0
464.4,14.367,144.18,2.32,0.0,-1.17,0,0.0,0.0,0.0
464.46,14.359,144.15,2.32,0.0,-1.13,0,0.0,0.0,0.0
464.5,14.354,144.13,2.32,0.0,-1.11,0,0.0,0.0,0.0
464.54,14.349,144.11,2.32,0.0,-1.09,0,0.0,0.0,0.0
464.62,14.336,144.04,2.33,0.0,-1.02,0,0.0,0.0,0.0
464.68,14.329,144.02,2.33,0.0,-0.99,0,0.0,0.0,0.0
464.74,14.324,144.0,2.33,0.0,-0.97,0,0.0,0.0,0.0
464.78,14.319,143.98,2.33,0.0,-0.94,0,0.0,0.0,0.0
464.84,14.311,143.95,2.33,0.0,-0.91,0,0.0,0.0,0.0
464.88,14.306,143.93,2.33,0.0,-0.88,0,0.0,0.0,0.0
464.94,14.299,143.9,2.34,0.0,-0.84,0,0.0,0.0,0.0
465.0,14.291,143.87,2.34,0.0,-0.81,0,0.0,0.0,0.0
465.04,14.286,143.85,2.34,0.0,-0.78,0,0.0,0.0,0.0
465.08,14.281,143.83,2.34,0.0,-0.76,0,0.0,0.0,0.0
465.14,14.273,143.8,2.34,0.0,-0.72,0,0.0,0.0,0.0
465.18,14.268,143.77,2.34,0.0,-0.65,0,0.0,0.0,0.0
465.26,14.255,143.72,2.35,0.0,-0.63,0,0.0,0.0,0.0
465.32,14.25,143.7,2.35,0.0,-0.59,0,0.0,0.0,0.0
465.36,14.243,143.67,2.35,0.0,-0.56,0,0.0,0.0,0.0
465.44,14.235,143.64,2.35,0.0,-0.51,0,0.0,0.0,0.0
465.48,14.228,143.61,2.35,0.0,-0.47,0,0.0,0.0,0.0
465.54,14.223,143.58,2.35,0.0,-0.44,0,0.0,0.0,0.0
465.6,14.215,143.56,2.36,0.0,-0.41,0,0.0,0.0,0.0
465.64,14.21,143.54,2.36,0.0,-0.39,0,0.0,0.0,0.0
465.68,14.205,143.52,2.36,0.0,-0.35,0,0.0,0.0,0.0
465.74,14.197,143.49,2.36,0.0,-0.32,0,0.0,0.0,0.0
465.78,14.192,143.47,2.36,0.0,-0.28,0,0.0,0.0,0.0
465.84,14.184,143.44,2.36,0.0,-0.24,0,0.0,0.0,0.0
465.9,14.177,143.4,2.37,0.0,-0.2,0,0.0,0.0,0.0
465.96,14.169,143.38,2.37,0.0,-0.16,0,0.0,0.0,0.0
466.02,14.162,143.36,2.37,0.0,-0.12,0,0.0,0.0,0.0
466.08,14.154,143.33,2.37,0.0,-0.08,0,0.0,0.0,0.0
466.12,14.146,143.3,2.37,0.0,-0.05,0,0.0,0.0,0.0
466.16,14.144,143.29,2.37,0.0,-0.02,0,0.0,0.0,0.0
466.2,14.139,143.27,2.37,0.0,-0.01,0,0.0,0.0,0.0
466.26,14.131,143.24,2.38,0.0,0.03,0,0.0,0.0,0.0
466.3,14.126,143.22,2.38,0.0,0.06,0,0.0,0.0,0.0
466.36,14.118,143.19,2.38,0.0,0.1,0,0.0,0.0,0.0
466.42,14.111,143.17,2.38,0.0,0.13,0,0.0,0.0,0.0
466.46,14.106,143.15,2.38,0.0,0.16,0,0.0,0.0,0.0
466.52,14.098,143.12,2.38,0.0,0.2,0,0.0,0.0,0.0
466.56,14.093,143.1,2.39,0.0,0.22,0,0.0,0.0,0.0
466.62,14.085,143.07,2.39,0.0,0.26,0,0.0,0.0,0.0
466.66,14.08,143.05,2.39,0.0,0.29,0,0.0,0.0,0.0
466.72,14.073,143.03,2.39,0.0,0.33,0,0.0,0.0,0.0
466.76,14.068,143.01,2.39,0.0,0.35,0,0.0,0.0,0.0
466.82,14.06,142.98,2.39,0.0,0.39,0,0.0,0.0,0.0
466.86,14.055,142.96,2.4,0.0,0.41,0,0.0,0.0,0.0
466.92,14.047,142.93,2.4,0.0,0.45,0,0.0,0.0,0.0
466.96,14.042,142.92,2.4,0.0,0.47,0,0.0,0.0,0.0
467.02,14.034,142.89,2.4,0.0,0.5,0,0.0,0.0,0.0
467.06,14.029,142.87,2.4,0.0,0.53,0,0.0,0.0,0.0
467.12,14.022,142.84,2.4,0.0,0.56,0,0.0,0.0,0.0
467.16,14.017,142.82,2.41,0.0,0.58,0,0.0,0.0,0.0
467.22,14.009,142.8,2.41,0.0,0.61,0,0.0,0.0,0.0
467.26,14.004,142.78,2.41,0.0,0.64,0,0.0,0.0,0.0
467.32,13.996,142.75,2.41,0.0,0.67,0,0.0,0.0,0.0
467.36,13.991,142.73,2.41,0.0,0.69,0,0.0,0.0,0.0
467.42,13.983,142.7,2.41,0.0,0.72,0,0.0,0.0,0.0
467.48,13.976,142.68,2.42,0.0,0.75,0,0.0,0.0,0.0
467.52,13.971,142.66,2.42,0.0,0.77,0,0.0,0.0,0.0
467.56,13.966,142.64,2.42,0.0,0.79,0,0.0,0.0,0.0
467.62,13.958,142.61,2.42,0.0,0.81,0,0.0,0.0,0.0
467.66,13.953,142.59,2.42,0.0,0.83,0,0.0,0.0,0.0
467.72,13.945,142.57,2.42,0.0,0.86,0,0.0,0.0,0.0
467.76,13.94,142.55,2.43,0.0,0.88,0,0.0,0.0,0.0
467.82,13.932,142.52,2.43,0.0,0.9,0,0.0,0.0,0.0
467.86,13.927,142.5,2.43,0.0,0.92,0,0.0,0.0,0.0
467.92,13.92,142.47,2.43,0.0,0.94,0,0.0,0.0,0.0
467.96,13.914,142.45,2.43,0.0,0.96,0,0.0,0.0,0.0
468.02,13.907,142.42,2.43,0.0,0.98,0,0.0,0.0,0.0
468.08,13.899,142.39,2.44,0.0,1.0,0,0.0,0.0,0.0
468.12,13.894,142.37,2.44,0.0,1.01,0,0.0,0.0,0.0
468.16,13.889,142.35,2.44,0.0,1.03,0,0.0,0.0,0.0
468.22,13.881,142.32,2.44,0.0,1.05,0,0.0,0.0,0.0
468.26,13.876,142.3,2.44,0.0,1.06,0,0.0,0.0,0.0
468.32,13.868,142.27,2.44,0.0,1.08,0,0.0,0.0,0.0
468.36,13.863,142.25,2.45,0.0,1.09,0,0.0,0.0,0.0
468.46,13.851,142.2,2.45,0.0,1.12,0,0.0,0.0,0.0
468.5,13.845,142.18,2.45,0.0,1.14,0,0.0,0.0,0.0
468.54,13.838,142.15,2.45,0.0,1.15,0,0.0,0.0,0.0
468.62,13.83,142.12,2.45,0.0,1.16,0,0.0,0.0,0.0
468.66,13.825,142.1,2.45,0.0,1.17,0,0.0,0.0,0.0
468.7,13.82,142.07,2.46,0.0,1.18,0,0.0,0.0,0.0
468.76,13.812,142.04,2.46,0.0,1.19,0,0.0,0.0,0.0
468.8,13.807,142.02,2.46,0.0,1.2,0,0.0,0.0,0.0
468.86,13.799,141.99,2.46,0.0,1.21,0,0.0,0.0,0.0
468.92,13.787,141.92,2.47,0.0,1.25,0,0.0,0.0,0.0
469.04,13.776,141.89,2.47,0.0,1.25,0,0.0,0.0,0.0
469.12,13.766,141.84,2.47,0.0,1.26,0,0.0,0.0,0.0
469.14,13.764,141.83,2.47,0.0,1.26,0,0.0,0.0,0.0
469.22,13.753,141.78,2.47,0.0,1.27,0,0.0,0.0,0.0
469.26,13.748,141.76,2.47,0.0,1.28,0,0.0,0.0,0.0
469.3,13.743,141.73,2.47,0.0,1.29,0,0.0,0.0,0.0
469.36,13.735,141.7,2.48,0.0,1.29,0,0.0,0.0,0.0
469.4,13.73,141.67,2.48,0.0,1.3,0,0.0,0.0,0.0
469.46,13.723,141.64,2.48,0.0,1.31,0,0.0,0.0,0.0
469.5,13.717,141.61,2.48,0.0,1.31,0,0.0,0.0,0.0
469.56,13.71,141.58,2.48,0.0,1.32,0,0.0,0.0,0.0
469.6,13.705,141.55,2.48,0.0,1.32,0,0.0,0.0,0.0
469.66,13.697,141.51,2.48,0.0,1.33,0,0.0,0.0,0.0
469.72,13.689,141.48,2.49,0.0,1.33,0,0.0,0.0,0.0
469.74,13.687,141.46,2.49,0.0,1.34,0,0.0,0.0,0.0
469.74,13.684,141.45,2.49,0.0,1.34,0,0.0,0.0,0.0
469.82,13.676,141.41,2.49,0.0,1.34,0,0.0,0.0,0.0
469.86,13.671,141.39,2.49,0.0,1.35,0,0.0,0.0,0.0
469.92,13.664,141.35,2.49,0.0,1.35,0,0.0,0.0,0.0
469.98,13.656,141.31,2.49,0.0,1.36,0,0.0,0.0,0.0
470.02,13.651,141.28,2.49,0.0,1.36,0,0.0,0.0,0.0
470.06,13.646,141.25,2.5,0.0,1.37,0,0.0,0.0,0.0
470.12,13.638,141.21,2.5,0.0,1.37,0,0.0,0.0,0.0
470.16,13.633,141.19,2.5,0.0,1.38,0,0.0,0.0,0.0
470.22,13.625,141.15,2.5,0.0,1.38,0,0.0,0.0,0.0
470.26,13.62,141.12,2.5,0.0,1.39,0,0.0,0.0,0.0
470.32,13.612,141.06,2.5,0.0,1.4,0,0.0,0.0,0.0
470.4,13.6,141.01,2.51,0.0,1.41,0,0.0,0.0,0.0
470.42,13.597,140.98,2.51,0.0,1.42,0,0.0,0.0,0.0
470.54,13.582,140.91,2.51,0.0,1.42,0,0.0,0.0,0.0
470.6,13.577,140.88,2.51,0.0,1.43,0,0.0,0.0,0.0
470.64,13.571,140.86,2.51,0.0,1.43,0,0.0,0.0,0.0
470.68,13.566,140.83,2.51,0.0,1.44,0,0.0,0.0,0.0
470.74,13.559,140.78,2.51,0.0,1.45,0,0.0,0.0,0.0
470.78,13.553,140.76,2.51,0.0,1.45,0,0.0,0.0,0.0
470.84,13.546,140.71,2.52,0.0,1.46,0,0.0,0.0,0.0
470.88,13.541,140.68,2.52,0.0,1.47,0,0.0,0.0,0.0
470.94,13.533,140.64,2.52,0.0,1.48,0,0.0,0.0,0.0
471.02,13.52,140.57,2.52,0.0,1.49,0,0.0,0.0,0.0
471.08,13.515,140.54,2.52,0.0,1.5,0,0.0,0.0,0.0
471.12,13.507,140.5,2.52,0.0,1.51,0,0.0,0.0,0.0
471.16,13.502,140.47,2.52,0.0,1.52,0,0.0,0.0,0.0
471.22,13.497,140.44,2.53,0.0,1.53,0,0.0,0.0,0.0
471.26,13.492,140.41,2.53,0.0,1.54,0,0.0,0.0,0.0
471.32,13.484,140.37,2.53,0.0,1.55,0,0.0,0.0,0.0
471.38,13.477,140.33,2.53,0.0,1.57,0,0.0,0.0,0.0
471.42,13.472,140.3,2.53,0.0,1.57,0,0.0,0.0,0.0
471.48,13.464,140.25,2.53,0.0,1.59,0,0.0,0.0,0.0
471.52,13.459,140.22,2.53,0.0,1.6,0,0.0,0.0,0.0
471.58,13.451,140.18,2.53,0.0,1.62,0,0.0,0.0,0.0
471.62,13.443,140.14,2.54,0.0,1.63,0,0.0,0.0,0.0
471.68,13.438,140.11,2.54,0.0,1.65,0,0.0,0.0,0.0
471.74,13.431,140.07,2.54,0.0,1.67,0,0.0,0.0,0.0
471.8,13.423,140.01,2.54,0.0,1.69,0,0.0,0.0,0.0
471.88,13.413,139.97,2.54,0.0,1.71,0,0.0,0.0,0.0
471.92,13.407,139.94,2.54,0.0,1.72,0,0.0,0.0,0.0
471.96,13.402,139.91,2.54,0.0,1.74,0,0.0,0.0,0.0
472.02,13.395,139.87,2.55,0.0,1.76,0,0.0,0.0,0.0
472.08,13.387,139.83,2.55,0.0,1.78,0,0.0,0.0,0.0
472.14,13.379,139.78,2.55,0.0,1.8,0,0.0,0.0,0.0
472.2,13.372,139.74,2.55,0.0,1.82,0,0.0,0.0,0.0
472.22,13.369,139.73,2.55,0.0,1.83,0,0.0,0.0,0.0
472.28,13.361,139.69,2.55,0.0,1.86,0,0.0,0.0,0.0
472.34,13.354,139.65,2.55,0.0,1.87,0,0.0,0.0,0.0
472.38,13.349,139.62,2.56,0.0,1.9,0,0.0,0.0,0.0
472.44,13.341,139.58,2.56,0.0,1.92,0,0.0,0.0,0.0
472.5,13.333,139.54,2.56,0.0,1.95,0,0.0,0.0,0.0
472.56,13.326,139.5,2.56,0.0,1.98,0,0.0,0.0,0.0
472.6,13.318,139.46,2.56,0.0,1.99,0,0.0,0.0,0.0
472.66,13.313,139.43,2.56,0.0,2.01,0,0.0,0.0,0.0
472.7,13.308,139.4,2.56,0.0,2.04,0,0.0,0.0,0.0
472.76,13.3,139.37,2.57,0.0,2.07,0,0.0,0.0,0.0
472.82,13.292,139.33,2.57,0.0,2.09,0,0.0,0.0,0.0
472.86,13.287,139.3,2.57,0.0,2.11,0,0.0,0.0,0.0
472.92,13.28,139.26,2.57,0.0,2.14,0,0.0,0.0,0.0
472.96,13.274,139.24,2.57,0.0,2.16,0,0.0,0.0,0.0
473.0,13.269,139.21,2.57,0.0,2.18,0,0.0,0.0,0.0
473.06,13.262,139.17,2.57,0.0,2.21,0,0.0,0.0,0.0
473.12,13.254,139.14,2.57,0.0,2.24,0,0.0,0.0,0.0
473.18,13.246,139.1,2.58,0.0,2.27,0,0.0,0.0,0.0
473.22,13.241,139.08,2.58,0.0,2.29,0,0.0,0.0,0.0
473.26,13.236,139.05,2.58,0.0,2.31,0,0.0,0.0,0.0
473.32,13.228,139.02,2.58,0.0,2.34,0,0.0,0.0,0.0
473.36,13.223,138.99,2.58,0.0,2.37,0,0.0,0.0,0.0
473.42,13.216,138.96,2.58,0.0,2.4,0,0.0,0.0,0.0
473.48,13.208,138.92,2.59,0.0,2.43,0,0.0,0.0,0.0
473.52,13.203,138.9,2.59,0.0,2.45,0,0.0,0.0,0.0
473.56,13.198,138.87,2.59,0.0,2.47,0,0.0,0.0,0.0
473.62,13.19,138.84,2.59,0.0,2.51,0,0.0,0.0,0.0
473.68,13.182,138.81,2.59,0.0,2.54,0,0.0,0.0,0.0
473.72,13.177,138.77,2.59,0.0,2.58,0,0.0,0.0,0.0
473.8,13.164,138.73,2.6,0.0,2.62,0,0.0,0.0,0.0
473.86,13.157,138.69,2.6,0.0,2.69,0,0.0,0.0,0.0
474.0,13.141,138.63,2.6,0.0,2.74,0,0.0,0.0,0.0
474.08,13.129,138.57,2.61,0.0,2.82,0,0.0,0.0,0.0
474.18,13.113,138.5,2.61,0.0,2.87,0,0.0,0.0,0.0
474.28,13.106,138.48,2.61,0.0,2.87,0,0.0,0.0,0.0
474.38,13.09,138.42,2.61,0.0,2.94,0,0.0,0.0,0.0
474.4,13.085,138.39,2.62,0.0,2.97,0,0.0,0.0,0.0
474.48,13.077,138.37,2.62,0.0,2.99,0,0.0,0.0,0.0
474.56,13.07,138.34,2.62,0.0,3.03,0,0.0,0.0,0.0
474.58,13.067,138.33,2.62,0.0,3.07,0,0.0,0.0,0.0
474.68,13.052,138.27,2.63,0.0,3.13,0,0.0,0.0,0.0
474.76,13.044,138.25,2.63,0.0,3.13,0,0.0,0.0,0.0
474.84,13.034,138.2,2.63,0.0,3.2,0,0.0,0.0,0.0
474.92,13.019,138.14,2.63,0.0,3.27,0,0.0,0.0,0.0
475.08,13.001,138.09,2.64,0.0,3.33,0,0.0,0.0,0.0
475.18,12.988,138.03,2.64,0.0,3.37,0,0.0,0.0,0.0
475.26,12.98,138.01,2.64,0.0,3.37,0,0.0,0.0,0.0
475.32,12.973,137.99,2.65,0.0,3.4,0,0.0,0.0,0.0
475.38,12.965,137.96,2.65,0.0,3.42,0,0.0,0.0,0.0
475.42,12.96,137.94,2.65,0.0,3.44,0,0.0,0.0,0.0
475.48,12.952,137.91,2.65,0.0,3.47,0,0.0,0.0,0.0
475.52,12.947,137.89,2.65,0.0,3.48,0,0.0,0.0,0.0
475.58,12.939,137.87,2.65,0.0,3.51,0,0.0,0.0,0.0
475.64,12.932,137.84,2.66,0.0,3.53,0,0.0,0.0,0.0
475.68,12.927,137.82,2.66,0.0,3.55,0,0.0,0.0,0.0
475.72,12.921,137.81,2.66,0.0,3.56,0,0.0,0.0,0.0
475.78,12.914,137.78,2.66,0.0,3.59,0,0.0,0.0,0.0
475.82,12.909,137.76,2.66,0.0,3.6,0,0.0,0.0,0.0
475.88,12.901,137.73,2.67,0.0,3.62,0,0.0,0.0,0.0
475.92,12.896,137.72,2.67,0.0,3.64,0,0.0,0.0,0.0
475.98,12.888,137.69,2.67,0.0,3.66,0,0.0,0.0,0.0
476.02,12.883,137.67,2.67,0.0,3.67,0,0.0,0.0,0.0
476.08,12.875,137.64,2.67,0.0,3.69,0,0.0,0.0,0.0
476.12,12.87,137.63,2.67,0.0,3.7,0,0.0,0.0,0.0
476.18,12.863,137.6,2.68,0.0,3.72,0,0.0,0.0,0.0
476.22,12.858,137.58,2.68,0.0,3.73,0,0.0,0.0,0.0
476.28,12.85,137.55,2.68,0.0,3.75,0,0.0,0.0,0.0
476.32,12.845,137.53,2.68,0.0,3.76,0,0.0,0.0,0.0
476.38,12.837,137.51,2.68,0.0,3.78,0,0.0,0.0,0.0
476.44,12.829,137.48,2.69,0.0,3.8,0,0.0,0.0,0.0
476.48,12.824,137.46,2.69,0.0,3.81,0,0.0,0.0,0.0
476.54,12.817,137.43,2.69,0.0,3.82,0,0.0,0.0,0.0
476.58,12.811,137.42,2.69,0.0,3.83,0,0.0,0.0,0.0
476.62,12.806,137.4,2.69,0.0,3.85,0,0.0,0.0,0.0
476.68,12.799,137.37,2.69,0.0,3.86,0,0.0,0.0,0.0
476.74,12.791,137.34,2.7,0.0,3.87,0,0.0,0.0,0.0
476.78,12.786,137.32,2.7,0.0,3.88,0,0.0,0.0,0.0
476.84,12.778,137.29,2.7,0.0,3.89,0,0.0,0.0,0.0
476.9,12.771,137.27,2.7,0.0,3.9,0,0.0,0.0,0.0
476.94,12.765,137.25,2.7,0.0,3.91,0,0.0,0.0,0.0
477.0,12.758,137.21,2.71,0.0,3.93,0,0.0,0.0,0.0
477.06,12.75,137.19,2.71,0.0,3.94,0,0.0,0.0,0.0
477.12,12.742,137.16,2.71,0.0,3.95,0,0.0,0.0,0.0
477.16,12.735,137.13,2.71,0.0,3.95,0,0.0,0.0,0.0
477.22,12.73,137.11,2.71,0.0,3.96,0,0.0,0.0,0.0
477.26,12.725,137.09,2.71,0.0,3.97,0,0.0,0.0,0.0
477.32,12.717,137.06,2.72,0.0,3.98,0,0.0,0.0,0.0
477.38,12.709,137.03,2.72,0.0,3.99,0,0.0,0.0,0.0
477.42,12.704,137.01,2.72,0.0,3.99,0,0.0,0.0,0.0
477.48,12.696,136.97,2.72,0.0,4.0,0,0.0,0.0,0.0
477.54,12.689,136.95,2.72,0.0,4.01,0,0.0,0.0,0.0
477.6,12.681,136.92,2.73,0.0,4.02,0,0.0,0.0,0.0
477.64,12.676,136.9,2.73,0.0,4.02,0,0.0,0.0,0.0
477.68,12.671,136.88,2.73,0.0,4.03,0,0.0,0.0,0.0
477.74,12.663,136.85,2.73,0.0,4.03,0,0.0,0.0,0.0
477.78,12.658,136.83,2.73,0.0,4.04,0,0.0,0.0,0.0
477.84,12.65,136.8,2.73,0.0,4.04,0,0.0,0.0,0.0
477.88,12.645,136.77,2.73,0.0,4.05,0,0.0,0.0,0.0
477.94,12.638,136.74,2.74,0.0,4.05,0,0.0,0.0,0.0
477.98,12.633,136.72,2.74,0.0,4.06,0,0.0,0.0,0.0
478.04,12.625,136.69,2.74,0.0,4.06,0,0.0,0.0,0.0
478.08,12.62,136.67,2.74,0.0,4.07,0,0.0,0.0,0.0
478.14,12.612,136.64,2.74,0.0,4.07,0,0.0,0.0,0.0
478.18,12.607,136.61,2.74,0.0,4.08,0,0.0,0.0,0.0
478.24,12.599,136.58,2.75,0.0,4.08,0,0.0,0.0,0.0
478.28,12.594,136.56,2.75,0.0,4.09,0,0.0,0.0,0.0
478.34,12.587,136.53,2.75,0.0,4.09,0,0.0,0.0,0.0
478.38,12.581,136.5,2.75,0.0,4.1,0,0.0,0.0,0.0
478.44,12.574,136.47,2.75,0.0,4.1,0,0.0,0.0,0.0
478.48,12.569,136.45,2.75,0.0,4.1,0,0.0,0.0,0.0
478.54,12.561,136.41,2.76,0.0,4.11,0,0.0,0.0,0.0
478.58,12.556,136.39,2.76,0.0,4.11,0,0.0,0.0,0.0
478.64,12.548,136.36,2.76,0.0,4.12,0,0.0,0.0,0.0
478.7,12.541,136.32,2.76,0.0,4.12,0,0.0,0.0,0.0
478.74,12.536,136.3,2.76,0.0,4.13,0,0.0,0.0,0.0
478.78,12.53,136.28,2.76,0.0,4.13,0,0.0,0.0,0.0
478.84,12.523,136.24,2.77,0.0,4.13,0,0.0,0.0,0.0
478.88,12.518,136.22,2.77,0.0,4.14,0,0.0,0.0,0.0
478.94,12.51,136.19,2.77,0.0,4.14,0,0.0,0.0,0.0
479.0,12.502,136.15,2.77,0.0,4.15,0,0.0,0.0,0.0
479.04,12.497,136.13,2.77,0.0,4.15,0,0.0,0.0,0.0
479.08,12.492,136.1,2.77,0.0,4.15,0,0.0,0.0,0.0
479.14,12.485,136.07,2.77,0.0,4.16,0,0.0,0.0,0.0
479.2,12.477,136.03,2.78,0.0,4.16,0,0.0,0.0,0.0
479.24,12.472,136.01,2.78,0.0,4.16,0,0.0,0.0,0.0
479.28,12.467,135.99,2.78,0.0,4.17,0,0.0,0.0,0.0
479.34,12.459,135.95,2.78,0.0,4.17,0,0.0,0.0,0.0
479.4,12.451,135.92,2.78,0.0,4.18,0,0.0,0.0,0.0
479.46,12.444,135.88,2.78,0.0,4.18,0,0.0,0.0,0.0
479.52,12.436,135.84,2.79,0.0,4.19,0,0.0,0.0,0.0
479.56,12.431,135.82,2.79,0.0,4.19,0,0.0,0.0,0.0
479.62,12.423,135.78,2.79,0.0,4.2,0,0.0,0.0,0.0
479.68,12.413,135.74,2.79,0.0,4.2,0,0.0,0.0,0.0
479.74,12.408,135.71,2.79,0.0,4.21,0,0.0,0.0,0.0
479.8,12.4,135.68,2.79,0.0,4.21,0,0.0,0.0,0.0
479.84,12.393,135.64,2.8,0.0,4.22,0,0.0,0.0,0.0
479.9,12.388,135.61,2.8,0.0,4.22,0,0.0,0.0,0.0
479.94,12.383,135.59,2.8,0.0,4.22,0,0.0,0.0,0.0
480.0,12.375,135.55,2.8,0.0,4.23,0,0.0,0.0,0.0
480.06,12.367,135.52,2.8,0.0,4.23,0,0.0,0.0,0.0
480.1,12.362,135.49,2.8,0.0,4.24,0,0.0,0.0,0.0
480.16,12.355,135.46,2.81,0.0,4.24,0,0.0,0.0,0.0
480.2,12.35,135.43,2.81,0.0,4.25,0,0.0,0.0,0.0
480.26,12.342,135.39,2.81,0.0,4.25,0,0.0,0.0,0.0
480.32,12.334,135.35,2.81,0.0,4.26,0,0.0,0.0,0.0
480.38,12.327,135.32,2.81,0.0,4.26,0,0.0,0.0,0.0
480.42,12.322,135.3,2.81,0.0,4.27,0,0.0,0.0,0.0
480.46,12.316,135.27,2.81,0.0,4.27,0,0.0,0.0,0.0
480.52,12.309,135.23,2.82,0.0,4.27,0,0.0,0.0,0.0
480.58,12.301,135.2,2.82,0.0,4.28,0,0.0,0.0,0.0
480.64,12.294,135.16,2.82,0.0,4.28,0,0.0,0.0,0.0
480.68,12.289,135.14,2.82,0.0,4.29,0,0.0,0.0,0.0
480.74,12.281,135.09,2.82,0.0,4.29,0,0.0,0.0,0.0
480.8,12.273,135.06,2.82,0.0,4.3,0,0.0,0.0,0.0
480.84,12.268,135.04,2.83,0.0,4.3,0,0.0,0.0,0.0
480.9,12.261,135.0,2.83,0.0,4.31,0,0.0,0.0,0.0
480.94,12.255,134.97,2.83,0.0,4.31,0,0.0,0.0,0.0
481.0,12.248,134.94,2.83,0.0,4.32,0,0.0,0.0,0.0
481.06,12.24,134.9,2.83,0.0,4.32,0,0.0,0.0,0.0
481.1,12.235,134.88,2.83,0.0,4.32,0,0.0,0.0,0.0
481.16,12.228,134.84,2.83,0.0,4.33,0,0.0,0.0,0.0
481.22,12.22,134.8,2.84,0.0,4.33,0,0.0,0.0,0.0
481.26,12.215,134.78,2.84,0.0,4.33,0,0.0,0.0,0.0
481.32,12.207,134.74,2.84,0.0,4.34,0,0.0,0.0,0.0
481.36,12.202,134.71,2.84,0.0,4.34,0,0.0,0.0,0.0
481.4,12.197,134.69,2.84,0.0,4.34,0,0.0,0.0,0.0
481.46,12.19,134.65,2.84,0.0,4.35,0,0.0,0.0,0.0
481.52,12.182,134.61,2.85,0.0,4.35,0,0.0,0.0,0.0
481.56,12.177,134.59,2.85,0.0,4.35,0,0.0,0.0,0.0
481.62,12.169,134.55,2.85,0.0,4.36,0,0.0,0.0,0.0
481.66,12.164,134.52,2.85,0.0,4.36,0,0.0,0.0,0.0
481.72,12.157,134.49,2.85,0.0,4.36,0,0.0,0.0,0.0
481.76,12.151,134.46,2.85,0.0,4.37,0,0.0,0.0,0.0
481.82,12.144,134.42,2.85,0.0,4.37,0,0.0,0.0,0.0
481.86,12.139,134.4,2.85,0.0,4.37,0,0.0,0.0,0.0
481.9,12.134,134.37,2.86,0.0,4.37,0,0.0,0.0,0.0
481.96,12.126,134.34,2.86,0.0,4.38,0,0.0,0.0,0.0
482.02,12.119,134.3,2.86,0.0,4.38,0,0.0,0.0,0.0
482.06,12.113,134.27,2.86,0.0,4.38,0,0.0,0.0,0.0
482.1,12.108,134.25,2.86,0.0,4.38,0,0.0,0.0,0.0
482.16,12.101,134.21,2.86,0.0,4.38,0,0.0,0.0,0.0
482.22,12.093,134.17,2.87,0.0,4.39,0,0.0,0.0,0.0
482.26,12.088,134.15,2.87,0.0,4.39,0,0.0,0.0,0.0
482.32,12.081,134.11,2.87,0.0,4.39,0,0.0,0.0,0.0
482.36,12.075,134.08,2.87,0.0,4.39,0,0.0,0.0,0.0
482.42,12.068,134.04,2.87,0.0,4.39,0,0.0,0.0,0.0
482.48,12.06,134.01,2.87,0.0,4.39,0,0.0,0.0,0.0
482.52,12.055,133.98,2.87,0.0,4.39,0,0.0,0.0,0.0
482.56,12.05,133.96,2.87,0.0,4.4,0,0.0,0.0,0.0
482.62,12.043,133.92,2.88,0.0,4.4,0,0.0,0.0,0.0
482.68,12.035,133.88,2.88,0.0,4.4,0,0.0,0.0,0.0
482.72,12.03,133.85,2.88,0.0,4.4,0,0.0,0.0,0.0
482.76,12.025,133.83,2.88,0.0,4.4,0,0.0,0.0,0.0
482.82,12.017,133.79,2.88,0.0,4.4,0,0.0,0.0,0.0
482.88,12.01,133.75,2.88,0.0,4.4,0,0.0,0.0,0.0
482.92,12.005,133.72,2.88,0.0,4.4,0,0.0,0.0,0.0
482.98,11.997,133.69,2.89,0.0,4.4,0,0.0,0.0,0.0
483.02,11.992,133.66,2.89,0.0,4.4,0,0.0,0.0,0.0
483.08,11.984,133.61,2.89,0.0,4.4,0,0.0,0.0,0.0
483.14,11.977,133.58,2.89,0.0,4.4,0,0.0,0.0,0.0
483.18,11.972,133.56,2.89,0.0,4.4,0,0.0,0.0,0.0
483.24,11.964,133.52,2.89,0.0,4.4,0,0.0,0.0,0.0
483.3,11.957,133.47,2.9,0.0,4.4,0,0.0,0.0,0.0
483.36,11.949,133.44,2.9,0.0,4.4,0,0.0,0.0,0.0
483.4,11.944,133.41,2.9,0.0,4.4,0,0.0,0.0,0.0
483.46,11.937,133.37,2.9,0.0,4.4,0,0.0,0.0,0.0
483.5,11.931,133.35,2.9,0.0,4.39,0,0.0,0.0,0.0
483.56,11.924,133.31,2.9,0.0,4.39,0,0.0,0.0,0.0
483.62,11.916,133.27,2.9,0.0,4.39,0,0.0,0.0,0.0
483.68,11.909,133.23,2.91,0.0,4.39,0,0.0,0.0,0.0
483.72,11.901,133.19,2.91,0.0,4.39,0,0.0,0.0,0.0
483.78,11.896,133.16,2.91,0.0,4.39,0,0.0,0.0,0.0
483.84,11.889,133.12,2.91,0.0,4.39,0,0.0,0.0,0.0
483.9,11.881,133.09,2.91,0.0,4.39,0,0.0,0.0,0.0
483.96,11.874,133.05,2.91,0.0,4.38,0,0.0,0.0,0.0
484.0,11.866,133.01,2.92,0.0,4.38,0,0.0,0.0,0.0
484.04,11.861,132.97,2.92,0.0,4.38,0,0.0,0.0,0.0
484.08,11.856,132.94,2.92,0.0,4.38,0,0.0,0.0,0.0
484.16,11.846,132.9,2.92,0.0,4.38,0,0.0,0.0,0.0
484.22,11.841,132.87,2.92,0.0,4.38,0,0.0,0.0,0.0
484.28,11.833,132.83,2.92,0.0,4.38,0,0.0,0.0,0.0
484.32,11.828,132.81,2.92,0.0,4.38,0,0.0,0.0,0.0
484.38,11.821,132.77,2.92,0.0,4.37,0,0.0,0.0,0.0
484.44,11.813,132.73,2.93,0.0,4.37,0,0.0,0.0,0.0
484.5,11.806,132.69,2.93,0.0,4.37,0,0.0,0.0,0.0
484.54,11.801,132.66,2.93,0.0,4.37,0,0.0,0.0,0.0
484.6,11.793,132.62,2.93,0.0,4.37,0,0.0,0.0,0.0
484.64,11.788,132.6,2.93,0.0,4.37,0,0.0,0.0,0.0
484.7,11.78,132.56,2.93,0.0,4.37,0,0.0,0.0,0.0
484.76,11.773,132.52,2.93,0.0,4.37,0,0.0,0.0,0.0
484.8,11.768,132.49,2.94,0.0,4.37,0,0.0,0.0,0.0
484.86,11.76,132.45,2.94,0.0,4.37,0,0.0,0.0,0.0
484.92,11.753,132.41,2.94,0.0,4.36,0,0.0,0.0,0.0
484.96,11.748,132.38,2.94,0.0,4.36,0,0.0,0.0,0.0
485.02,11.74,132.34,2.94,0.0,4.36,0,0.0,0.0,0.0
485.08,11.733,132.3,2.94,0.0,4.36,0,0.0,0.0,0.0
485.14,11.725,132.26,2.94,0.0,4.36,0,0.0,0.0,0.0
485.18,11.72,132.24,2.95,0.0,4.36,0,0.0,0.0,0.0
485.24,11.713,132.2,2.95,0.0,4.36,0,0.0,0.0,0.0
485.28,11.708,132.17,2.95,0.0,4.36,0,0.0,0.0,0.0
485.34,11.7,132.13,2.95,0.0,4.36,0,0.0,0.0,0.0
485.38,11.695,132.1,2.95,0.0,4.36,0,0.0,0.0,0.0
485.44,11.688,132.06,2.95,0.0,4.36,0,0.0,0.0,0.0
485.5,11.68,132.02,2.95,0.0,4.36,0,0.0,0.0,0.0
485.56,11.673,131.99,2.96,0.0,4.36,0,0.0,0.0,0.0
485.62,11.665,131.95,2.96,0.0,4.37,0,0.0,0.0,0.0
485.66,11.658,131.91,2.96,0.0,4.37,0,0.0,0.0,0.0
485.72,11.653,131.88,2.96,0.0,4.37,0,0.0,0.0,0.0
485.78,11.645,131.84,2.96,0.0,4.37,0,0.0,0.0,0.0
485.84,11.637,131.8,2.96,0.0,4.37,0,0.0,0.0,0.0
485.9,11.63,131.76,2.97,0.0,4.37,0,0.0,0.0,0.0
485.92,11.625,131.72,2.97,0.0,4.37,0,0.0,0.0,0.0
486.0,11.617,131.7,2.97,0.0,4.37,0,0.0,0.0,0.0
486.06,11.61,131.66,2.97,0.0,4.37,0,0.0,0.0,0.0
486.1,11.605,131.63,2.97,0.0,4.38,0,0.0,0.0,0.0
486.16,11.597,131.59,2.97,0.0,4.38,0,0.0,0.0,0.0
486.22,11.59,131.55,2.97,0.0,4.38,0,0.0,0.0,0.0
486.26,11.585,131.53,2.97,0.0,4.38,0,0.0,0.0,0.0
486.32,11.577,131.49,2.98,0.0,4.38,0,0.0,0.0,0.0
486.38,11.57,131.45,2.98,0.0,4.39,0,0.0,0.0,0.0
486.44,11.562,131.41,2.98,0.0,4.39,0,0.0,0.0,0.0
486.48,11.557,131.39,2.98,0.0,4.39,0,0.0,0.0,0.0
486.52,11.552,131.36,2.98,0.0,4.39,0,0.0,0.0,0.0
486.58,11.545,131.32,2.98,0.0,4.4,0,0.0,0.0,0.0
486.62,11.54,131.3,2.98,0.0,4.4,0,0.0,0.0,0.0
486.68,11.532,131.26,2.99,0.0,4.4,0,0.0,0.0,0.0
486.74,11.525,131.22,2.99,0.0,4.41,0,0.0,0.0,0.0
486.8,11.517,131.18,2.99,0.0,4.41,0,0.0,0.0,0.0
486.86,11.51,131.14,2.99,0.0,4.41,0,0.0,0.0,0.0
486.9,11.503,131.1,2.99,0.0,4.41,0,0.0,0.0,0.0
486.96,11.498,131.08,2.99,0.0,4.42,0,0.0,0.0,0.0
487.02,11.49,131.04,3.0,0.0,4.42,0,0.0,0.0,0.0
487.06,11.485,131.02,3.0,0.0,4.42,0,0.0,0.0,0.0
487.12,11.478,130.98,3.0,0.0,4.43,0,0.0,0.0,0.0
487.16,11.473,130.95,3.0,0.0,4.43,0,0.0,0.0,0.0
487.22,11.465,130.92,3.0,0.0,4.43,0,0.0,0.0,0.0
487.26,11.46,130.89,3.0,0.0,4.44,0,0.0,0.0,0.0
487.32,11.453,130.85,3.0,0.0,4.44,0,0.0,0.0,0.0
487.36,11.448,130.83,3.0,0.0,4.44,0,0.0,0.0,0.0
487.42,11.44,130.79,3.01,0.0,4.45,0,0.0,0.0,0.0
487.46,11.435,130.77,3.01,0.0,4.45,0,0.0,0.0,0.0
487.52,11.428,130.73,3.01,0.0,4.45,0,0.0,0.0,0.0
487.56,11.423,130.71,3.01,0.0,4.46,0,0.0,0.0,0.0
487.62,11.415,130.67,3.01,0.0,4.46,0,0.0,0.0,0.0
487.66,11.41,130.64,3.01,0.0,4.46,0,0.0,0.0,0.0
487.72,11.403,130.61,3.01,0.0,4.47,0,0.0,0.0,0.0
487.78,11.395,130.57,3.02,0.0,4.47,0,0.0,0.0,0.0
487.82,11.39,130.55,3.02,0.0,4.47,0,0.0,0.0,0.0
487.86,11.385,130.52,3.02,0.0,4.48,0,0.0,0.0,0.0
487.92,11.378,130.49,3.02,0.0,4.48,0,0.0,0.0,0.0
487.98,11.371,130.45,3.02,0.0,4.48,0,0.0,0.0,0.0
488.02,11.366,130.43,3.02,0.0,4.49,0,0.0,0.0,0.0
488.06,11.361,130.4,3.02,0.0,4.49,0,0.0,0.0,0.0
488.12,11.353,130.37,3.03,0.0,4.49,0,0.0,0.0,0.0
488.16,11.348,130.34,3.03,0.0,4.5,0,0.0,0.0,0.0
488.22,11.341,130.31,3.03,0.0,4.5,0,0.0,0.0,0.0
488.28,11.333,130.27,3.03,0.0,4.5,0,0.0,0.0,0.0
488.32,11.328,130.25,3.03,0.0,4.5,0,0.0,0.0,0.0
488.36,11.323,130.22,3.03,0.0,4.51,0,0.0,0.0,0.0
488.42,11.316,130.19,3.03,0.0,4.51,0,0.0,0.0,0.0
488.48,11.308,130.15,3.04,0.0,4.51,0,0.0,0.0,0.0
488.52,11.303,130.13,3.04,0.0,4.52,0,0.0,0.0,0.0
488.58,11.296,130.09,3.04,0.0,4.52,0,0.0,0.0,0.0
488.62,11.291,130.07,3.04,0.0,4.52,0,0.0,0.0,0.0
488.68,11.284,130.03,3.04,0.0,4.52,0,0.0,0.0,0.0
488.72,11.279,130.01,3.04,0.0,4.53,0,0.0,0.0,0.0
488.78,11.271,129.97,3.04,0.0,4.53,0,0.0,0.0,0.0
488.84,11.264,129.94,3.05,0.0,4.53,0,0.0,0.0,0.0
488.88,11.259,129.92,3.05,0.0,4.53,0,0.0,0.0,0.0
488.94,11.251,129.88,3.05,0.0,4.54,0,0.0,0.0,0.0
489.0,11.244,129.85,3.05,0.0,4.54,0,0.0,0.0,0.0
489.04,11.239,129.82,3.05,0.0,4.54,0,0.0,0.0,0.0
489.1,11.232,129.79,3.05,0.0,4.54,0,0.0,0.0,0.0
489.16,11.224,129.75,3.06,0.0,4.55,0,0.0,0.0,0.0
489.2,11.219,129.73,3.06,0.0,4.55,0,0.0,0.0,0.0
489.26,11.212,129.69,3.06,0.0,4.55,0,0.0,0.0,0.0
489.3,11.207,129.67,3.06,0.0,4.55,0,0.0,0.0,0.0
489.36,11.199,129.64,3.06,0.0,4.55,0,0.0,0.0,0.0
489.4,11.194,129.61,3.06,0.0,4.55,0,0.0,0.0,0.0
489.46,11.187,129.58,3.06,0.0,4.55,0,0.0,0.0,0.0
489.52,11.18,129.54,3.07,0.0,4.56,0,0.0,0.0,0.0
489.58,11.172,129.51,3.07,0.0,4.56,0,0.0,0.0,0.0
489.62,11.165,129.47,3.07,0.0,4.56,0,0.0,0.0,0.0
489.68,11.16,129.45,3.07,0.0,4.56,0,0.0,0.0,0.0
489.74,11.152,129.42,3.07,0.0,4.56,0,0.0,0.0,0.0
489.78,11.147,129.39,3.07,0.0,4.56,0,0.0,0.0,0.0
489.84,11.14,129.36,3.08,0.0,4.56,0,0.0,0.0,0.0
489.88,11.135,129.34,3.08,0.0,4.56,0,0.0,0.0,0.0
489.94,11.128,129.3,3.08,0.0,4.56,0,0.0,0.0,0.0
489.98,11.123,129.28,3.08,0.0,4.56,0,0.0,0.0,0.0
490.02,11.118,129.26,3.08,0.0,4.56,0,0.0,0.0,0.0
490.08,11.11,129.22,3.08,0.0,4.57,0,0.0,0.0,0.0
490.12,11.105,129.2,3.08,0.0,4.57,0,0.0,0.0,0.0
490.18,11.098,129.16,3.09,0.0,4.57,0,0.0,0.0,0.0
490.24,11.091,129.13,3.09,0.0,4.57,0,0.0,0.0,0.0
490.28,11.086,129.11,3.09,0.0,4.57,0,0.0,0.0,0.0
490.32,11.081,129.08,3.09,0.0,4.57,0,0.0,0.0,0.0
490.38,11.073,129.05,3.09,0.0,4.57,0,0.0,0.0,0.0
490.44,11.066,129.01,3.09,0.0,4.57,0,0.0,0.0,0.0
490.48,11.061,128.99,3.09,0.0,4.57,0,0.0,0.0,0.0
490.52,11.056,128.97,3.1,0.0,4.57,0,0.0,0.0,0.0
490.58,11.049,128.93,3.1,0.0,4.57,0,0.0,0.0,0.0
490.64,11.041,128.9,3.1,0.0,4.57,0,0.0,0.0,0.0
490.68,11.036,128.88,3.1,0.0,4.57,0,0.0,0.0,0.0
490.74,11.029,128.84,3.1,0.0,4.57,0,0.0,0.0,0.0
490.78,11.024,128.82,3.1,0.0,4.57,0,0.0,0.0,0.0
490.84,11.017,128.79,3.1,0.0,4.57,0,0.0,0.0,0.0
490.88,11.012,128.76,3.11,0.0,4.57,0,0.0,0.0,0.0
490.94,11.004,128.73,3.11,0.0,4.57,0,0.0,0.0,0.0
490.98,10.999,128.71,3.11,0.0,4.57,0,0.0,0.0,0.0
491.04,10.992,128.67,3.11,0.0,4.57,0,0.0,0.0,0.0
491.08,10.987,128.65,3.11,0.0,4.57,0,0.0,0.0,0.0
491.14,10.98,128.62,3.11,0.0,4.57,0,0.0,0.0,0.0
491.2,10.972,128.58,3.12,0.0,4.57,0,0.0,0.0,0.0
491.24,10.967,128.56,3.12,0.0,4.57,0,0.0,0.0,0.0
491.3,10.96,128.53,3.12,0.0,4.57,0,0.0,0.0,0.0
491.34,10.955,128.5,3.12,0.0,4.57,0,0.0,0.0,0.0
491.38,10.95,128.48,3.12,0.0,4.57,0,0.0,0.0,0.0
491.44,10.943,128.45,3.12,0.0,4.57,0,0.0,0.0,0.0
491.5,10.935,128.41,3.12,0.0,4.57,0,0.0,0.0,0.0
491.54,10.93,128.39,3.13,0.0,4.57,0,0.0,0.0,0.0
491.6,10.923,128.36,3.13,0.0,4.57,0,0.0,0.0,0.0
491.66,10.916,128.32,3.13,0.0,4.57,0,0.0,0.0,0.0
491.72,10.908,128.29,3.13,0.0,4.57,0,0.0,0.0,0.0
491.78,10.901,128.26,3.13,0.0,4.57,0,0.0,0.0,0.0
491.82,10.896,128.23,3.13,0.0,4.57,0,0.0,0.0,0.0
491.86,10.891,128.21,3.13,0.0,4.57,0,0.0,0.0,0.0
491.92,10.884,128.18,3.14,0.0,4.57,0,0.0,0.0,0.0
491.98,10.876,128.14,3.14,0.0,4.57,0,0.0,0.0,0.0
492.02,10.871,128.12,3.14,0.0,4.57,0,0.0,0.0,0.0
492.08,10.864,128.09,3.14,0.0,4.57,0,0.0,0.0,0.0
492.14,10.857,128.05,3.14,0.0,4.57,0,0.0,0.0,0.0
492.2,10.849,128.02,3.14,0.0,4.57,0,0.0,0.0,0.0
492.24,10.844,128.0,3.15,0.0,4.57,0,0.0,0.0,0.0
492.3,10.837,127.96,3.15,0.0,4.57,0,0.0,0.0,0.0
492.36,10.83,127.93,3.15,0.0,4.57,0,0.0,0.0,0.0
492.42,10.822,127.9,3.15,0.0,4.58,0,0.0,0.0,0.0
492.46,10.815,127.86,3.15,0.0,4.58,0,0.0,0.0,0.0
492.52,10.81,127.84,3.15,0.0,4.58,0,0.0,0.0,0.0
492.58,10.803,127.81,3.16,0.0,4.58,0,0.0,0.0,0.0
492.62,10.798,127.79,3.16,0.0,4.58,0,0.0,0.0,0.0
492.68,10.79,127.75,3.16,0.0,4.58,0,0.0,0.0,0.0
492.72,10.786,127.73,3.16,0.0,4.58,0,0.0,0.0,0.0
492.78,10.778,127.7,3.16,0.0,4.58,0,0.0,0.0,0.0
492.84,10.771,127.67,3.16,0.0,4.58,0,0.0,0.0,0.0
492.88,10.766,127.64,3.16,0.0,4.58,0,0.0,0.0,0.0
492.94,10.759,127.61,3.17,0.0,4.58,0,0.0,0.0,0.0
492.98,10.754,127.59,3.17,0.0,4.58,0,0.0,0.0,0.0
493.02,10.749,127.57,3.17,0.0,4.58,0,0.0,0.0,0.0
493.08,10.741,127.53,3.17,0.0,4.58,0,0.0,0.0,0.0
493.14,10.734,127.5,3.17,0.0,4.58,0,0.0,0.0,0.0
493.18,10.729,127.48,3.17,0.0,4.58,0,0.0,0.0,0.0
493.22,10.724,127.46,3.17,0.0,4.58,0,0.0,0.0,0.0
493.28,10.717,127.43,3.18,0.0,4.58,0,0.0,0.0,0.0
493.34,10.71,127.39,3.18,0.0,4.58,0,0.0,0.0,0.0
493.38,10.705,127.37,3.18,0.0,4.58,0,0.0,0.0,0.0
493.42,10.7,127.35,3.18,0.0,4.58,0,0.0,0.0,0.0
493.48,10.693,127.32,3.18,0.0,4.58,0,0.0,0.0,0.0
493.52,10.688,127.3,3.18,0.0,4.58,0,0.0,0.0,0.0
493.58,10.68,127.26,3.19,0.0,4.58,0,0.0,0.0,0.0
493.64,10.673,127.23,3.19,0.0,4.58,0,0.0,0.0,0.0
493.68,10.668,127.21,3.19,0.0,4.58,0,0.0,0.0,0.0
493.74,10.661,127.18,3.19,0.0,4.58,0,0.0,0.0,0.0
493.78,10.656,127.15,3.19,0.0,4.58,0,0.0,0.0,0.0
493.84,10.649,127.12,3.19,0.0,4.58,0,0.0,0.0,0.0
493.88,10.644,127.1,3.19,0.0,4.58,0,0.0,0.0,0.0
493.94,10.636,127.07,3.2,0.0,4.58,0,0.0,0.0,0.0
493.98,10.631,127.05,3.2,0.0,4.58,0,0.0,0.0,0.0
494.04,10.624,127.01,3.2,0.0,4.58,0,0.0,0.0,0.0
494.08,10.619,126.99,3.2,0.0,4.58,0,0.0,0.0,0.0
494.14,10.612,126.96,3.2,0.0,4.58,0,0.0,0.0,0.0
494.18,10.607,126.94,3.2,0.0,4.58,0,0.0,0.0,0.0
494.24,10.6,126.91,3.21,0.0,4.57,0,0.0,0.0,0.0
494.3,10.592,126.87,3.21,0.0,4.57,0,0.0,0.0,0.0
494.34,10.588,126.85,3.21,0.0,4.57,0,0.0,0.0,0.0
494.38,10.583,126.83,3.21,0.0,4.57,0,0.0,0.0,0.0
494.44,10.575,126.8,3.21,0.0,4.57,0,0.0,0.0,0.0
494.48,10.57,126.78,3.21,0.0,4.57,0,0.0,0.0,0.0
494.54,10.563,126.74,3.21,0.0,4.56,0,0.0,0.0,0.0
494.6,10.556,126.71,3.22,0.0,4.56,0,0.0,0.0,0.0
494.66,10.549,126.68,3.22,0.0,4.56,0,0.0,0.0,0.0
494.7,10.544,126.66,3.22,0.0,4.55,0,0.0,0.0,0.0
494.76,10.536,126.63,3.22,0.0,4.55,0,0.0,0.0,0.0
494.82,10.529,126.59,3.22,0.0,4.55,0,0.0,0.0,0.0
494.88,10.522,126.56,3.22,0.0,4.54,0,0.0,0.0,0.0
494.92,10.514,126.53,3.23,0.0,4.54,0,0.0,0.0,0.0
494.98,10.51,126.51,3.23,0.0,4.53,0,0.0,0.0,0.0
495.04,10.502,126.47,3.23,0.0,4.53,0,0.0,0.0,0.0
495.08,10.497,126.45,3.23,0.0,4.53,0,0.0,0.0,0.0
495.14,10.49,126.42,3.23,0.0,4.52,0,0.0,0.0,0.0
495.18,10.485,126.4,3.23,0.0,4.52,0,0.0,0.0,0.0
495.24,10.478,126.37,3.23,0.0,4.51,0,0.0,0.0,0.0
495.3,10.471,126.33,3.24,0.0,4.51,0,0.0,0.0,0.0
495.34,10.466,126.31,3.24,0.0,4.5,0,0.0,0.0,0.0
495.38,10.461,126.29,3.24,0.0,4.5,0,0.0,0.0,0.0
495.44,10.454,126.26,3.24,0.0,4.49,0,0.0,0.0,0.0
495.5,10.446,126.22,3.24,0.0,4.48,0,0.0,0.0,0.0
495.56,10.439,126.19,3.24,0.0,4.48,0,0.0,0.0,0.0
495.6,10.434,126.17,3.24,0.0,4.47,0,0.0,0.0,0.0
495.66,10.427,126.14,3.25,0.0,4.46,0,0.0,0.0,0.0
495.7,10.422,126.11,3.25,0.0,4.46,0,0.0,0.0,0.0
495.74,10.417,126.09,3.25,0.0,4.45,0,0.0,0.0,0.0
495.8,10.41,126.06,3.25,0.0,4.44,0,0.0,0.0,0.0
495.86,10.403,126.02,3.25,0.0,4.44,0,0.0,0.0,0.0
495.9,10.398,126.0,3.25,0.0,4.43,0,0.0,0.0,0.0
495.94,10.393,125.98,3.25,0.0,4.42,0,0.0,0.0,0.0
496.0,10.386,125.95,3.26,0.0,4.41,0,0.0,0.0,0.0
496.06,10.378,125.91,3.26,0.0,4.4,0,0.0,0.0,0.0
496.1,10.374,125.89,3.26,0.0,4.4,0,0.0,0.0,0.0
496.14,10.369,125.87,3.26,0.0,4.39,0,0.0,0.0,0.0
496.2,10.362,125.83,3.26,0.0,4.38,0,0.0,0.0,0.0
496.26,10.354,125.8,3.26,0.0,4.37,0,0.0,0.0,0.0
496.3,10.349,125.78,3.26,0.0,4.36,0,0.0,0.0,0.0
496.36,10.342,125.74,3.27,0.0,4.35,0,0.0,0.0,0.0
496.4,10.337,125.72,3.27,0.0,4.34,0,0.0,0.0,0.0
496.46,10.33,125.69,3.27,0.0,4.33,0,0.0,0.0,0.0
496.5,10.325,125.66,3.27,0.0,4.33,0,0.0,0.0,0.0
496.56,10.318,125.63,3.27,0.0,4.31,0,0.0,0.0,0.0
496.6,10.313,125.61,3.27,0.0,4.31,0,0.0,0.0,0.0
496.66,10.306,125.57,3.27,0.0,4.29,0,0.0,0.0,0.0
496.7,10.301,125.55,3.28,0.0,4.29,0,0.0,0.0,0.0
496.76,10.294,125.51,3.28,0.0,4.27,0,0.0,0.0,0.0
496.82,10.286,125.48,3.28,0.0,4.26,0,0.0,0.0,0.0
496.86,10.282,125.45,3.28,0.0,4.25,0,0.0,0.0,0.0
496.92,10.274,125.42,3.28,0.0,4.24,0,0.0,0.0,0.0
496.96,10.27,125.4,3.28,0.0,4.23,0,0.0,0.0,0.0
497.02,10.262,125.36,3.28,0.0,4.22,0,0.0,0.0,0.0
497.08,10.255,125.33,3.29,0.0,4.21,0,0.0,0.0,0.0
497.14,10.248,125.29,3.29,0.0,4.19,0,0.0,0.0,0.0
497.18,10.243,125.27,3.29,0.0,4.19,0,0.0,0.0,0.0
497.24,10.236,125.23,3.29,0.0,4.17,0,0.0,0.0,0.0
497.28,10.231,125.21,3.29,0.0,4.16,0,0.0,0.0,0.0
497.34,10.224,125.17,3.29,0.0,4.15,0,0.0,0.0,0.0
497.38,10.219,125.15,3.29,0.0,4.14,0,0.0,0.0,0.0
497.44,10.212,125.11,3.29,0.0,4.13,0,0.0,0.0,0.0
497.48,10.207,125.09,3.3,0.0,4.12,0,0.0,0.0,0.0
497.54,10.2,125.05,3.3,0.0,4.11,0,0.0,0.0,0.0
497.58,10.195,125.03,3.3,0.0,4.1,0,0.0,0.0,0.0
497.64,10.188,124.99,3.3,0.0,4.09,0,0.0,0.0,0.0
497.68,10.183,124.97,3.3,0.0,4.08,0,0.0,0.0,0.0
497.74,10.175,124.93,3.3,0.0,4.06,0,0.0,0.0,0.0
497.78,10.171,124.91,3.3,0.0,4.05,0,0.0,0.0,0.0
497.84,10.163,124.87,3.31,0.0,4.04,0,0.0,0.0,0.0
497.88,10.159,124.85,3.31,0.0,4.03,0,0.0,0.0,0.0
497.94,10.151,124.81,3.31,0.0,4.02,0,0.0,0.0,0.0
497.98,10.147,124.79,3.31,0.0,4.01,0,0.0,0.0,0.0
498.04,10.139,124.75,3.31,0.0,4.0,0,0.0,0.0,0.0
498.1,10.132,124.72,3.31,0.0,3.99,0,0.0,0.0,0.0
498.14,10.127,124.69,3.31,0.0,3.98,0,0.0,0.0,0.0
498.18,10.123,124.67,3.31,0.0,3.97,0,0.0,0.0,0.0
498.24,10.115,124.63,3.32,0.0,3.96,0,0.0,0.0,0.0
498.3,10.108,124.6,3.32,0.0,3.95,0,0.0,0.0,0.0
498.34,10.103,124.57,3.32,0.0,3.94,0,0.0,0.0,0.0
498.4,10.096,124.54,3.32,0.0,3.93,0,0.0,0.0,0.0
498.44,10.091,124.51,3.32,0.0,3.92,0,0.0,0.0,0.0
498.5,10.084,124.48,3.32,0.0,3.91,0,0.0,0.0,0.0
498.54,10.079,124.45,3.32,0.0,3.9,0,0.0,0.0,0.0
498.6,10.072,124.42,3.32,0.0,3.89,0,0.0,0.0,0.0
498.64,10.067,124.39,3.32,0.0,3.88,0,0.0,0.0,0.0
498.7,10.06,124.36,3.33,0.0,3.87,0,0.0,0.0,0.0
498.74,10.055,124.33,3.33,0.0,3.87,0,0.0,0.0,0.0
498.8,10.048,124.3,3.33,0.0,3.86,0,0.0,0.0,0.0
498.84,10.043,124.27,3.33,0.0,3.85,0,0.0,0.0,0.0
498.9,10.036,124.24,3.33,0.0,3.84,0,0.0,0.0,0.0
498.96,10.029,124.2,3.33,0.0,3.83,0,0.0,0.0,0.0
499.02,10.022,124.16,3.33,0.0,3.82,0,0.0,0.0,0.0
499.08,10.015,124.13,3.34,0.0,3.82,0,0.0,0.0,0.0
499.1,10.012,124.12,3.34,0.0,3.81,0,0.0,0.0,0.0
499.16,10.005,124.08,3.34,0.0,3.8,0,0.0,0.0,0.0
499.22,9.998,124.05,3.34,0.0,3.8,0,0.0,0.0,0.0
499.26,9.993,124.02,3.34,0.0,3.79,0,0.0,0.0,0.0
499.3,9.988,124.0,3.34,0.0,3.79,0,0.0,0.0,0.0
499.36,9.981,123.96,3.34,0.0,3.78,0,0.0,0.0,0.0
499.42,9.974,123.93,3.34,0.0,3.78,0,0.0,0.0,0.0
499.46,9.969,123.9,3.34,0.0,3.77,0,0.0,0.0,0.0
499.52,9.962,123.87,3.35,0.0,3.77,0,0.0,0.0,0.0
499.56,9.957,123.84,3.35,0.0,3.76,0,0.0,0.0,0.0
499.62,9.95,123.81,3.35,0.0,3.76,0,0.0,0.0,0.0
499.66,9.945,123.79,3.35,0.0,3.75,0,0.0,0.0,0.0
499.72,9.938,123.75,3.35,0.0,3.75,0,0.0,0.0,0.0
499.78,9.931,123.72,3.35,0.0,3.75,0,0.0,0.0,0.0
499.82,9.926,123.69,3.35,0.0,3.74,0,0.0,0.0,0.0
499.88,9.919,123.66,3.36,0.0,3.74,0,0.0,0.0,0.0
499.92,9.914,123.64,3.36,0.0,3.74,0,0.0,0.0,0.0
499.98,9.907,123.6,3.36,0.0,3.74,0,0.0,0.0,0.0
500.02,9.902,123.58,3.36,0.0,3.73,0,0.0,0.0,0.0
500.08,9.895,123.55,3.36,0.0,3.73,0,0.0,0.0,0.0
500.12,9.89,123.52,3.36,0.0,3.73,0,0.0,0.0,0.0
500.18,9.883,123.49,3.36,0.0,3.73,0,0.0,0.0,0.0
500.22,9.878,123.47,3.36,0.0,3.73,0,0.0,0.0,0.0
500.26,9.873,123.45,3.36,0.0,3.73,0,0.0,0.0,0.0
500.32,9.866,123.41,3.37,0.0,3.73,0,0.0,0.0,0.0
500.36,9.861,123.39,3.37,0.0,3.73,0,0.0,0.0,0.0
500.42,9.854,123.36,3.37,0.0,3.73,0,0.0,0.0,0.0
500.48,9.847,123.32,3.37,0.0,3.73,0,0.0,0.0,0.0
500.54,9.84,123.29,3.37,0.0,3.73,0,0.0,0.0,0.0
500.58,9.835,123.27,3.37,0.0,3.73,0,0.0,0.0,0.0
500.62,9.831,123.24,3.37,0.0,3.73,0,0.0,0.0,0.0
500.68,9.823,123.21,3.38,0.0,3.73,0,0.0,0.0,0.0
500.74,9.816,123.18,3.38,0.0,3.74,0,0.0,0.0,0.0
500.78,9.811,123.15,3.38,0.0,3.74,0,0.0,0.0,0.0
500.84,9.804,123.12,3.38,0.0,3.74,0,0.0,0.0,0.0
500.88,9.8,123.09,3.38,0.0,3.74,0,0.0,0.0,0.0
500.92,9.795,123.07,3.38,0.0,3.75,0,0.0,0.0,0.0
500.98,9.788,123.03,3.38,0.0,3.75,0,0.0,0.0,0.0
501.04,9.78,123.0,3.38,0.0,3.76,0,0.0,0.0,0.0
501.1,9.773,122.96,3.39,0.0,3.76,0,0.0,0.0,0.0
501.14,9.769,122.94,3.39,0.0,3.77,0,0.0,0.0,0.0
501.2,9.761,122.9,3.39,0.0,3.78,0,0.0,0.0,0.0
501.26,9.754,122.86,3.39,0.0,3.79,0,0.0,0.0,0.0
501.32,9.747,122.81,3.39,0.0,3.8,0,0.0,0.0,0.0
501.36,9.742,122.8,3.39,0.0,3.8,0,0.0,0.0,0.0
501.4,9.738,122.78,3.39,0.0,3.81,0,0.0,0.0,0.0
501.46,9.731,122.74,3.39,0.0,3.82,0,0.0,0.0,0.0
501.52,9.723,122.7,3.39,0.0,3.83,0,0.0,0.0,0.0
501.58,9.716,122.66,3.4,0.0,3.84,0,0.0,0.0,0.0
501.64,9.709,122.62,3.4,0.0,3.85,0,0.0,0.0,0.0
501.68,9.704,122.6,3.4,0.0,3.86,0,0.0,0.0,0.0
501.74,9.697,122.56,3.4,0.0,3.87,0,0.0,0.0,0.0
501.78,9.693,122.53,3.4,0.0,3.89,0,0.0,0.0,0.0
501.84,9.685,122.49,3.4,0.0,3.9,0,0.0,0.0,0.0
501.9,9.678,122.46,3.4,0.0,3.91,0,0.0,0.0,0.0
501.94,9.674,122.43,3.4,0.0,3.93,0,0.0,0.0,0.0
502.0,9.667,122.39,3.4,0.0,3.94,0,0.0,0.0,0.0
502.06,9.659,122.35,3.41,0.0,3.96,0,0.0,0.0,0.0
502.12,9.652,122.31,3.41,0.0,3.98,0,0.0,0.0,0.0
502.16,9.648,122.29,3.41,0.0,3.99,0,0.0,0.0,0.0
502.2,9.643,122.26,3.41,0.0,4.0,0,0.0,0.0,0.0
502.26,9.636,122.22,3.41,0.0,4.02,0,0.0,0.0,0.0
502.32,9.629,122.18,3.41,0.0,4.04,0,0.0,0.0,0.0
502.36,9.624,122.15,3.41,0.0,4.06,0,0.0,0.0,0.0
502.42,9.617,122.12,3.41,0.0,4.08,0,0.0,0.0,0.0
502.48,9.61,122.08,3.41,0.0,4.1,0,0.0,0.0,0.0
502.54,9.603,122.04,3.42,0.0,4.11,0,0.0,0.0,0.0
502.58,9.598,122.01,3.42,0.0,4.13,0,0.0,0.0,0.0
502.64,9.591,121.97,3.42,0.0,4.15,0,0.0,0.0,0.0
502.68,9.586,121.94,3.42,0.0,4.16,0,0.0,0.0,0.0
502.74,9.579,121.9,3.42,0.0,4.19,0,0.0,0.0,0.0
502.8,9.572,121.86,3.42,0.0,4.21,0,0.0,0.0,0.0
502.84,9.567,121.84,3.42,0.0,4.23,0,0.0,0.0,0.0
502.9,9.56,121.8,3.42,0.0,4.25,0,0.0,0.0,0.0
502.96,9.553,121.76,3.42,0.0,4.27,0,0.0,0.0,0.0
503.02,9.546,121.72,3.42,0.0,4.29,0,0.0,0.0,0.0
503.06,9.541,121.69,3.42,0.0,4.3,0,0.0,0.0,0.0
503.12,9.534,121.65,3.43,0.0,4.34,0,0.0,0.0,0.0
503.18,9.527,121.61,3.43,0.0,4.36,0,0.0,0.0,0.0
503.24,9.52,121.57,3.43,0.0,4.37,0,0.0,0.0,0.0
503.28,9.515,121.54,3.43,0.0,4.4,0,0.0,0.0,0.0
503.34,9.508,121.5,3.43,0.0,4.41,0,0.0,0.0,0.0
503.38,9.504,121.48,3.43,0.0,4.43,0,0.0,0.0,0.0
503.44,9.497,121.44,3.43,0.0,4.46,0,0.0,0.0,0.0
503.5,9.489,121.39,3.43,0.0,4.48,0,0.0,0.0,0.0
503.56,9.482,121.35,3.43,0.0,4.5,0,0.0,0.0,0.0
503.6,9.475,121.31,3.43,0.0,4.52,0,0.0,0.0,0.0
503.66,9.468,121.27,3.44,0.0,4.54,0,0.0,0.0,0.0
503.72,9.464,121.25,3.44,0.0,4.55,0,0.0,0.0,0.0
503.76,9.459,121.22,3.44,0.0,4.57,0,0.0,0.0,0.0
503.82,9.452,121.18,3.44,0.0,4.59,0,0.0,0.0,0.0
503.88,9.445,121.14,3.44,0.0,4.61,0,0.0,0.0,0.0
503.94,9.438,121.1,3.44,0.0,4.63,0,0.0,0.0,0.0
504.0,9.431,121.06,3.44,0.0,4.65,0,0.0,0.0,0.0
504.04,9.424,121.02,3.44,0.0,4.66,0,0.0,0.0,0.0
504.1,9.419,120.99,3.44,0.0,4.68,0,0.0,0.0,0.0
504.16,9.412,120.95,3.44,0.0,4.7,0,0.0,0.0,0.0
504.22,9.405,120.91,3.44,0.0,4.71,0,0.0,0.0,0.0
504.28,9.398,120.87,3.45,0.0,4.73,0,0.0,0.0,0.0
504.32,9.391,120.83,3.45,0.0,4.74,0,0.0,0.0,0.0
504.38,9.386,120.8,3.45,0.0,4.75,0,0.0,0.0,0.0
504.42,9.382,120.78,3.45,0.0,4.76,0,0.0,0.0,0.0
504.48,9.375,120.73,3.45,0.0,4.77,0,0.0,0.0,0.0
504.54,9.367,120.69,3.45,0.0,4.78,0,0.0,0.0,0.0
504.6,9.36,120.65,3.45,0.0,4.8,0,0.0,0.0,0.0
504.66,9.353,120.61,3.45,0.0,4.8,0,0.0,0.0,0.0
504.7,9.349,120.58,3.45,0.0,4.81,0,0.0,0.0,0.0
504.76,9.342,120.54,3.45,0.0,4.82,0,0.0,0.0,0.0
504.8,9.337,120.52,3.45,0.0,4.83,0,0.0,0.0,0.0
504.86,9.33,120.48,3.45,0.0,4.83,0,0.0,0.0,0.0
504.92,9.323,120.43,3.46,0.0,4.84,0,0.0,0.0,0.0
504.98,9.316,120.39,3.46,0.0,4.84,0,0.0,0.0,0.0
505.02,9.311,120.36,3.46,0.0,4.85,0,0.0,0.0,0.0
505.08,9.304,120.32,3.46,0.0,4.85,0,0.0,0.0,0.0
505.14,9.297,120.28,3.46,0.0,4.85,0,0.0,0.0,0.0
505.2,9.29,120.24,3.46,0.0,4.86,0,0.0,0.0,0.0
505.26,9.283,120.2,3.46,0.0,4.86,0,0.0,0.0,0.0
505.3,9.279,120.17,3.46,0.0,4.86,0,0.0,0.0,0.0
505.34,9.274,120.14,3.46,0.0,4.86,0,0.0,0.0,0.0
505.4,9.267,120.1,3.46,0.0,4.86,0,0.0,0.0,0.0
505.46,9.26,120.06,3.46,0.0,4.85,0,0.0,0.0,0.0
505.5,9.255,120.03,3.46,0.0,4.85,0,0.0,0.0,0.0
505.56,9.249,119.99,3.46,0.0,4.85,0,0.0,0.0,0.0
505.6,9.244,119.96,3.47,0.0,4.85,0,0.0,0.0,0.0
505.66,9.237,119.92,3.47,0.0,4.84,0,0.0,0.0,0.0
505.72,9.228,119.86,3.47,0.0,4.84,0,0.0,0.0,0.0
505.78,9.223,119.83,3.47,0.0,4.83,0,0.0,0.0,0.0
505.82,9.218,119.8,3.47,0.0,4.82,0,0.0,0.0,0.0
505.88,9.211,119.76,3.47,0.0,4.82,0,0.0,0.0,0.0
505.94,9.204,119.71,3.47,0.0,4.81,0,0.0,0.0,0.0
506.0,9.197,119.67,3.47,0.0,4.8,0,0.0,0.0,0.0
506.04,9.193,119.64,3.47,0.0,4.79,0,0.0,0.0,0.0
506.1,9.186,119.6,3.47,0.0,4.79,0,0.0,0.0,0.0
506.14,9.181,119.57,3.47,0.0,4.78,0,0.0,0.0,0.0
506.2,9.174,119.52,3.47,0.0,4.77,0,0.0,0.0,0.0
506.26,9.167,119.48,3.47,0.0,4.75,0,0.0,0.0,0.0
506.32,9.16,119.43,3.47,0.0,4.75,0,0.0,0.0,0.0
506.36,9.156,119.4,3.47,0.0,4.74,0,0.0,0.0,0.0
506.42,9.149,119.36,3.47,0.0,4.73,0,0.0,0.0,0.0
506.46,9.144,119.33,3.48,0.0,4.72,0,0.0,0.0,0.0
506.5,9.139,119.3,3.48,0.0,4.71,0,0.0,0.0,0.0
506.56,9.133,119.25,3.48,0.0,4.7,0,0.0,0.0,0.0
506.62,9.126,119.21,3.48,0.0,4.68,0,0.0,0.0,0.0
506.66,9.121,119.18,3.48,0.0,4.67,0,0.0,0.0,0.0
506.72,9.114,119.13,3.48,0.0,4.66,0,0.0,0.0,0.0
506.76,9.109,119.1,3.48,0.0,4.65,0,0.0,0.0,0.0
506.82,9.102,119.05,3.48,0.0,4.64,0,0.0,0.0,0.0
506.86,9.098,119.02,3.48,0.0,4.63,0,0.0,0.0,0.0
506.9,9.093,118.99,3.48,0.0,4.62,0,0.0,0.0,0.0
506.96,9.086,118.95,3.48,0.0,4.61,0,0.0,0.0,0.0
507.02,9.079,118.9,3.48,0.0,4.59,0,0.0,0.0,0.0
507.06,9.075,118.87,3.48,0.0,4.58,0,0.0,0.0,0.0
507.12,9.068,118.82,3.48,0.0,4.57,0,0.0,0.0,0.0
507.16,9.063,118.79,3.48,0.0,4.56,0,0.0,0.0,0.0
507.22,9.056,118.74,3.48,0.0,4.55,0,0.0,0.0,0.0
507.26,9.052,118.71,3.48,0.0,4.54,0,0.0,0.0,0.0
507.3,9.047,118.68,3.48,0.0,4.53,0,0.0,0.0,0.0
507.36,9.04,118.63,3.48,0.0,4.52,0,0.0,0.0,0.0
507.42,9.033,118.58,3.48,0.0,4.51,0,0.0,0.0,0.0
507.46,9.029,118.55,3.48,0.0,4.5,0,0.0,0.0,0.0
507.52,9.022,118.5,3.48,0.0,4.49,0,0.0,0.0,0.0
507.56,9.017,118.47,3.48,0.0,4.48,0,0.0,0.0,0.0
507.6,9.013,118.44,3.48,0.0,4.47,0,0.0,0.0,0.0
507.66,9.006,118.39,3.48,0.0,4.46,0,0.0,0.0,0.0
507.7,9.001,118.36,3.49,0.0,4.46,0,0.0,0.0,0.0
507.76,8.994,118.31,3.49,0.0,4.45,0,0.0,0.0,0.0
507.8,8.99,118.28,3.49,0.0,4.44,0,0.0,0.0,0.0
507.88,8.981,118.22,3.49,0.0,4.43,0,0.0,0.0,0.0
507.92,8.976,118.18,3.49,0.0,4.42,0,0.0,0.0,0.0
507.96,8.971,118.15,3.49,0.0,4.42,0,0.0,0.0,0.0
508.02,8.964,118.1,3.49,0.0,4.41,0,0.0,0.0,0.0
508.06,8.96,118.07,3.49,0.0,4.41,0,0.0,0.0,0.0
508.12,8.953,118.02,3.49,0.0,4.4,0,0.0,0.0,0.0
508.16,8.948,117.99,3.49,0.0,4.4,0,0.0,0.0,0.0
508.2,8.944,117.95,3.49,0.0,4.4,0,0.0,0.0,0.0
508.26,8.937,117.91,3.49,0.0,4.39,0,0.0,0.0,0.0
508.32,8.93,117.86,3.49,0.0,4.39,0,0.0,0.0,0.0
508.36,8.926,117.82,3.49,0.0,4.39,0,0.0,0.0,0.0
508.42,8.919,117.78,3.49,0.0,4.39,0,0.0,0.0,0.0
508.46,8.914,117.74,3.49,0.0,4.39,0,0.0,0.0,0.0
508.52,8.907,117.69,3.49,0.0,4.38,0,0.0,0.0,0.0
508.56,8.903,117.66,3.49,0.0,4.38,0,0.0,0.0,0.0
508.62,8.896,117.61,3.49,0.0,4.39,0,0.0,0.0,0.0
508.64,8.891,117.58,3.49,0.0,4.39,0,0.0,0.0,0.0
508.72,8.884,117.53,3.49,0.0,4.39,0,0.0,0.0,0.0
508.76,8.88,117.5,3.49,0.0,4.39,0,0.0,0.0,0.0
508.8,8.873,117.45,3.49,0.0,4.39,0,0.0,0.0,0.0
508.88,8.866,117.4,3.49,0.0,4.4,0,0.0,0.0,0.0
508.92,8.862,117.37,3.49,0.0,4.4,0,0.0,0.0,0.0
508.96,8.857,117.33,3.49,0.0,4.4,0,0.0,0.0,0.0
509.02,8.85,117.28,3.49,0.0,4.41,0,0.0,0.0,0.0
509.06,8.846,117.25,3.49,0.0,4.41,0,0.0,0.0,0.0
509.12,8.839,117.2,3.49,0.0,4.42,0,0.0,0.0,0.0
509.18,8.832,117.15,3.49,0.0,4.43,0,0.0,0.0,0.0
509.22,8.828,117.12,3.49,0.0,4.43,0,0.0,0.0,0.0
509.26,8.823,117.09,3.49,0.0,4.44,0,0.0,0.0,0.0
509.26,8.818,117.06,3.49,0.0,4.44,0,0.0,0.0,0.0
509.34,8.814,117.02,3.49,0.0,4.45,0,0.0,0.0,0.0
509.4,8.807,116.97,3.49,0.0,4.46,0,0.0,0.0,0.0
509.44,8.803,116.94,3.49,0.0,4.46,0,0.0,0.0,0.0
509.5,8.796,116.89,3.49,0.0,4.47,0,0.0,0.0,0.0
510.4,8.692,116.16,3.49,0.0,4.66,0,0.0,0.0,0.0
510.44,8.69,116.14,3.49,0.0,4.66,0,0.0,0.0,0.0
510.48,8.685,116.11,3.49,0.0,4.67,0,0.0,0.0,0.0
510.54,8.678,116.06,3.49,0.0,4.68,0,0.0,0.0,0.0
510.58,8.674,116.03,3.49,0.0,4.69,0,0.0,0.0,0.0
510.64,8.667,115.99,3.5,0.0,4.7,0,0.0,0.0,0.0
510.7,8.66,115.94,3.5,0.0,4.71,0,0.0,0.0,0.0
510.74,8.656,115.91,3.5,0.0,4.72,0,0.0,0.0,0.0
510.8,8.649,115.86,3.5,0.0,4.73,0,0.0,0.0,0.0
510.84,8.644,115.83,3.5,0.0,4.74,0,0.0,0.0,0.0
510.9,8.638,115.78,3.5,0.0,4.75,0,0.0,0.0,0.0
510.94,8.633,115.75,3.5,0.0,4.75,0,0.0,0.0,0.0
511.0,8.627,115.71,3.5,0.0,4.76,0,0.0,0.0,0.0
511.04,8.622,115.67,3.5,0.0,4.77,0,0.0,0.0,0.0
511.08,8.618,115.64,3.5,0.0,4.77,0,0.0,0.0,0.0
511.14,8.611,115.6,3.5,0.0,4.78,0,0.0,0.0,0.0
511.2,8.604,115.55,3.5,0.0,4.79,0,0.0,0.0,0.0
511.24,8.6,115.52,3.5,0.0,4.79,0,0.0,0.0,0.0
511.28,8.595,115.49,3.5,0.0,4.79,0,0.0,0.0,0.0
511.34,8.588,115.44,3.5,0.0,4.8,0,0.0,0.0,0.0
511.38,8.584,115.41,3.5,0.0,4.8,0,0.0,0.0,0.0
511.44,8.577,115.37,3.5,0.0,4.8,0,0.0,0.0,0.0
511.5,8.57,115.32,3.5,0.0,4.81,0,0.0,0.0,0.0
511.54,8.566,115.29,3.5,0.0,4.81,0,0.0,0.0,0.0
511.6,8.559,115.24,3.5,0.0,4.81,0,0.0,0.0,0.0
511.64,8.555,115.21,3.5,0.0,4.81,0,0.0,0.0,0.0
511.7,8.548,115.17,3.5,0.0,4.81,0,0.0,0.0,0.0
511.74,8.544,115.14,3.5,0.0,4.81,0,0.0,0.0,0.0
511.8,8.537,115.09,3.5,0.0,4.81,0,0.0,0.0,0.0
511.86,8.53,115.04,3.5,0.0,4.81,0,0.0,0.0,0.0
511.9,8.526,115.01,3.5,0.0,4.81,0,0.0,0.0,0.0
511.94,8.521,114.98,3.5,0.0,4.8,0,0.0,0.0,0.0
512.0,8.515,114.94,3.5,0.0,4.8,0,0.0,0.0,0.0
512.04,8.51,114.9,3.5,0.0,4.8,0,0.0,0.0,0.0
512.1,8.503,114.86,3.5,0.0,4.79,0,0.0,0.0,0.0
512.16,8.497,114.81,3.5,0.0,4.78,0,0.0,0.0,0.0
512.22,8.49,114.77,3.5,0.0,4.78,0,0.0,0.0,0.0
512.26,8.486,114.74,3.5,0.0,4.77,0,0.0,0.0,0.0
512.32,8.479,114.69,3.5,0.0,4.76,0,0.0,0.0,0.0
512.38,8.472,114.64,3.5,0.0,4.75,0,0.0,0.0,0.0
512.44,8.466,114.6,3.5,0.0,4.74,0,0.0,0.0,0.0
512.5,8.459,114.55,3.5,0.0,4.73,0,0.0,0.0,0.0
512.54,8.452,114.5,3.5,0.0,4.73,0,0.0,0.0,0.0
512.6,8.448,114.47,3.5,0.0,4.71,0,0.0,0.0,0.0
512.66,8.441,114.43,3.5,0.0,4.7,0,0.0,0.0,0.0
512.72,8.435,114.38,3.5,0.0,4.69,0,0.0,0.0,0.0
512.78,8.428,114.33,3.5,0.0,4.68,0,0.0,0.0,0.0
512.82,8.423,114.3,3.5,0.0,4.67,0,0.0,0.0,0.0
512.88,8.417,114.25,3.5,0.0,4.65,0,0.0,0.0,0.0
512.94,8.41,114.21,3.5,0.0,4.64,0,0.0,0.0,0.0
513.0,8.403,114.16,3.5,0.0,4.63,0,0.0,0.0,0.0
513.04,8.399,114.13,3.5,0.0,4.61,0,0.0,0.0,0.0
513.1,8.392,114.08,3.5,0.0,4.6,0,0.0,0.0,0.0
513.16,8.386,114.03,3.5,0.0,4.58,0,0.0,0.0,0.0
513.22,8.379,113.99,3.5,0.0,4.57,0,0.0,0.0,0.0
513.26,8.375,113.95,3.5,0.0,4.55,0,0.0,0.0,0.0
513.32,8.368,113.91,3.5,0.0,4.54,0,0.0,0.0,0.0
513.38,8.361,113.86,3.5,0.0,4.52,0,0.0,0.0,0.0
513.42,8.357,113.83,3.5,0.0,4.51,0,0.0,0.0,0.0
513.48,8.35,113.78,3.5,0.0,4.49,0,0.0,0.0,0.0
513.54,8.344,113.73,3.5,0.0,4.47,0,0.0,0.0,0.0
513.58,8.337,113.68,3.5,0.0,4.46,0,0.0,0.0,0.0
513.64,8.331,113.64,3.5,0.0,4.44,0,0.0,0.0,0.0
513.7,8.326,113.6,3.5,0.0,4.44,0,0.0,0.0,0.0
513.74,8.322,113.57,3.5,0.0,4.42,0,0.0,0.0,0.0
513.8,8.315,113.52,3.5,0.0,4.4,0,0.0,0.0,0.0
513.86,8.309,113.47,3.5,0.0,4.39,0,0.0,0.0,0.0
513.9,8.304,113.44,3.5,0.0,4.38,0,0.0,0.0,0.0
513.96,8.298,113.39,3.5,0.0,4.36,0,0.0,0.0,0.0
514.02,8.291,113.35,3.5,0.0,4.35,0,0.0,0.0,0.0
514.08,8.284,113.3,3.5,0.0,4.33,0,0.0,0.0,0.0
514.12,8.28,113.26,3.5,0.0,4.32,0,0.0,0.0,0.0
514.18,8.273,113.22,3.5,0.0,4.31,0,0.0,0.0,0.0
514.24,8.267,113.17,3.5,0.0,4.29,0,0.0,0.0,0.0
514.3,8.26,113.12,3.5,0.0,4.28,0,0.0,0.0,0.0
514.36,8.254,113.07,3.5,0.0,4.27,0,0.0,0.0,0.0
514.4,8.247,113.02,3.5,0.0,4.26,0,0.0,0.0,0.0
514.46,8.243,112.99,3.5,0.0,4.25,0,0.0,0.0,0.0
514.52,8.236,112.94,3.5,0.0,4.24,0,0.0,0.0,0.0
514.56,8.232,112.91,3.5,0.0,4.23,0,0.0,0.0,0.0
514.62,8.225,112.86,3.5,0.0,4.22,0,0.0,0.0,0.0
514.68,8.219,112.81,3.5,0.0,4.21,0,0.0,0.0,0.0
514.72,8.214,112.78,3.5,0.0,4.21,0,0.0,0.0,0.0
514.78,8.208,112.73,3.5,0.0,4.2,0,0.0,0.0,0.0
514.84,8.201,112.68,3.5,0.0,4.19,0,0.0,0.0,0.0
514.88,8.197,112.65,3.5,0.0,4.19,0,0.0,0.0,0.0
514.94,8.19,112.6,3.5,0.0,4.18,0,0.0,0.0,0.0
514.98,8.186,112.57,3.5,0.0,4.18,0,0.0,0.0,0.0
515.04,8.179,112.52,3.5,0.0,4.17,0,0.0,0.0,0.0
515.1,8.173,112.47,3.5,0.0,4.17,0,0.0,0.0,0.0
515.16,8.166,112.42,3.5,0.0,4.17,0,0.0,0.0,0.0
515.22,8.16,112.37,3.5,0.0,4.17,0,0.0,0.0,0.0
515.26,8.155,112.34,3.5,0.0,4.17,0,0.0,0.0,0.0
515.32,8.149,112.29,3.5,0.0,4.17,0,0.0,0.0,0.0
515.38,8.142,112.24,3.5,0.0,4.17,0,0.0,0.0,0.0
515.44,8.136,112.19,3.5,0.0,4.17,0,0.0,0.0,0.0
515.48,8.131,112.16,3.5,0.0,4.17,0,0.0,0.0,0.0
515.54,8.125,112.11,3.5,0.0,4.17,0,0.0,0.0,0.0
515.58,8.12,112.08,3.49,0.0,4.18,0,0.0,0.0,0.0
515.64,8.114,112.03,3.49,0.0,4.18,0,0.0,0.0,0.0
515.7,8.107,111.98,3.49,0.0,4.19,0,0.0,0.0,0.0
515.74,8.103,111.95,3.49,0.0,4.19,0,0.0,0.0,0.0
515.8,8.096,111.9,3.49,0.0,4.2,0,0.0,0.0,0.0
515.84,8.092,111.87,3.49,0.0,4.2,0,0.0,0.0,0.0
515.9,8.086,111.82,3.49,0.0,4.21,0,0.0,0.0,0.0
515.96,8.079,111.78,3.49,0.0,4.22,0,0.0,0.0,0.0
516.0,8.075,111.75,3.49,0.0,4.22,0,0.0,0.0,0.0
516.06,8.068,111.7,3.49,0.0,4.23,0,0.0,0.0,0.0
516.12,8.062,111.65,3.49,0.0,4.24,0,0.0,0.0,0.0
516.18,8.055,111.6,3.49,0.0,4.26,0,0.0,0.0,0.0
516.24,8.049,111.56,3.49,0.0,4.27,0,0.0,0.0,0.0
516.28,8.044,111.53,3.49,0.0,4.27,0,0.0,0.0,0.0
516.32,8.04,111.49,3.49,0.0,4.28,0,0.0,0.0,0.0
516.38,8.034,111.45,3.49,0.0,4.3,0,0.0,0.0,0.0
516.44,8.027,111.4,3.49,0.0,4.31,0,0.0,0.0,0.0
516.5,8.021,111.36,3.49,0.0,4.32,0,0.0,0.0,0.0
516.56,8.014,111.31,3.49,0.0,4.33,0,0.0,0.0,0.0
516.6,8.008,111.26,3.49,0.0,4.34,0,0.0,0.0,0.0
516.66,8.003,111.23,3.49,0.0,4.36,0,0.0,0.0,0.0
516.72,7.997,111.19,3.49,0.0,4.37,0,0.0,0.0,0.0
516.78,7.99,111.14,3.49,0.0,4.39,0,0.0,0.0,0.0
516.84,7.984,111.1,3.49,0.0,4.4,0,0.0,0.0,0.0
516.88,7.98,111.07,3.49,0.0,4.4,0,0.0,0.0,0.0
516.94,7.973,111.02,3.49,0.0,4.42,0,0.0,0.0,0.0
516.98,7.969,110.99,3.49,0.0,4.43,0,0.0,0.0,0.0
517.02,7.965,110.96,3.49,0.0,4.44,0,0.0,0.0,0.0
517.08,7.958,110.92,3.49,0.0,4.46,0,0.0,0.0,0.0
517.14,7.952,110.87,3.49,0.0,4.47,0,0.0,0.0,0.0
517.2,7.945,110.83,3.49,0.0,4.48,0,0.0,0.0,0.0
517.26,7.939,110.78,3.49,0.0,4.49,0,0.0,0.0,0.0
517.28,7.937,110.77,3.49,0.0,4.5,0,0.0,0.0,0.0
517.34,7.93,110.72,3.49,0.0,4.51,0,0.0,0.0,0.0
517.4,7.924,110.68,3.49,0.0,4.53,0,0.0,0.0,0.0
517.44,7.919,110.65,3.49,0.0,4.53,0,0.0,0.0,0.0
517.5,7.913,110.6,3.49,0.0,4.55,0,0.0,0.0,0.0
517.56,7.906,110.56,3.49,0.0,4.56,0,0.0,0.0,0.0
517.6,7.902,110.53,3.49,0.0,4.57,0,0.0,0.0,0.0
517.66,7.896,110.49,3.49,0.0,4.58,0,0.0,0.0,0.0
517.72,7.889,110.44,3.49,0.0,4.59,0,0.0,0.0,0.0
517.78,7.883,110.4,3.49,0.0,4.59,0,0.0,0.0,0.0
517.82,7.879,110.37,3.49,0.0,4.6,0,0.0,0.0,0.0
517.88,7.872,110.33,3.49,0.0,4.61,0,0.0,0.0,0.0
517.94,7.866,110.29,3.49,0.0,4.62,0,0.0,0.0,0.0
518.0,7.859,110.24,3.49,0.0,4.62,0,0.0,0.0,0.0
518.04,7.855,110.21,3.49,0.0,4.63,0,0.0,0.0,0.0
518.1,7.849,110.17,3.49,0.0,4.63,0,0.0,0.0,0.0
518.16,7.842,110.13,3.49,0.0,4.63,0,0.0,0.0,0.0
518.2,7.838,110.1,3.49,0.0,4.64,0,0.0,0.0,0.0
518.26,7.832,110.06,3.49,0.0,4.64,0,0.0,0.0,0.0
518.3,7.827,110.03,3.49,0.0,4.64,0,0.0,0.0,0.0
518.34,7.823,110.0,3.49,0.0,4.64,0,0.0,0.0,0.0
518.4,7.817,109.96,3.49,0.0,4.64,0,0.0,0.0,0.0
518.46,7.81,109.91,3.49,0.0,4.64,0,0.0,0.0,0.0
518.52,7.804,109.87,3.49,0.0,4.64,0,0.0,0.0,0.0
518.56,7.8,109.84,3.49,0.0,4.64,0,0.0,0.0,0.0
518.62,7.793,109.8,3.49,0.0,4.64,0,0.0,0.0,0.0
518.66,7.789,109.77,3.49,0.0,4.63,0,0.0,0.0,0.0
518.72,7.783,109.73,3.49,0.0,4.63,0,0.0,0.0,0.0
518.78,7.776,109.69,3.49,0.0,4.63,0,0.0,0.0,0.0
518.82,7.772,109.66,3.49,0.0,4.62,0,0.0,0.0,0.0
518.88,7.766,109.62,3.49,0.0,4.61,0,0.0,0.0,0.0
518.94,7.759,109.57,3.49,0.0,4.6,0,0.0,0.0,0.0
519.0,7.753,109.53,3.49,0.0,4.6,0,0.0,0.0,0.0
519.06,7.746,109.49,3.49,0.0,4.59,0,0.0,0.0,0.0
519.1,7.74,109.45,3.49,0.0,4.58,0,0.0,0.0,0.0
519.16,7.736,109.42,3.49,0.0,4.57,0,0.0,0.0,0.0
519.22,7.729,109.37,3.49,0.0,4.56,0,0.0,0.0,0.0
519.26,7.723,109.33,3.49,0.0,4.55,0,0.0,0.0,0.0
519.32,7.719,109.3,3.49,0.0,4.53,0,0.0,0.0,0.0
519.38,7.712,109.26,3.49,0.0,4.52,0,0.0,0.0,0.0
519.42,7.708,109.23,3.49,0.0,4.51,0,0.0,0.0,0.0
519.48,7.702,109.19,3.49,0.0,4.49,0,0.0,0.0,0.0
519.54,7.695,109.14,3.49,0.0,4.48,0,0.0,0.0,0.0
519.58,7.691,109.1,3.49,0.0,4.47,0,0.0,0.0,0.0
519.64,7.685,109.07,3.49,0.0,4.45,0,0.0,0.0,0.0
519.68,7.681,109.04,3.49,0.0,4.44,0,0.0,0.0,0.0
519.74,7.674,109.0,3.49,0.0,4.42,0,0.0,0.0,0.0
519.8,7.668,108.95,3.49,0.0,4.4,0,0.0,0.0,0.0
519.86,7.662,108.91,3.48,0.0,4.38,0,0.0,0.0,0.0
519.92,7.655,108.87,3.48,0.0,4.37,0,0.0,0.0,0.0
519.96,7.651,108.84,3.48,0.0,4.35,0,0.0,0.0,0.0
520.02,7.645,108.79,3.48,0.0,4.33,0,0.0,0.0,0.0
520.06,7.641,108.76,3.48,0.0,4.31,0,0.0,0.0,0.0
520.12,7.634,108.72,3.48,0.0,4.29,0,0.0,0.0,0.0
520.18,7.628,108.68,3.48,0.0,4.27,0,0.0,0.0,0.0
520.24,7.622,108.63,3.48,0.0,4.25,0,0.0,0.0,0.0
520.28,7.617,108.6,3.48,0.0,4.24,0,0.0,0.0,0.0
520.32,7.613,108.57,3.48,0.0,4.22,0,0.0,0.0,0.0
520.38,7.607,108.53,3.48,0.0,4.2,0,0.0,0.0,0.0
520.44,7.6,108.48,3.48,0.0,4.18,0,0.0,0.0,0.0
520.48,7.596,108.45,3.48,0.0,4.16,0,0.0,0.0,0.0
520.54,7.59,108.41,3.48,0.0,4.13,0,0.0,0.0,0.0
520.6,7.584,108.36,3.48,0.0,4.12,0,0.0,0.0,0.0
520.66,7.577,108.32,3.48,0.0,4.1,0,0.0,0.0,0.0
520.72,7.571,108.27,3.48,0.0,4.09,0,0.0,0.0,0.0
520.78,7.565,108.23,3.48,0.0,4.07,0,0.0,0.0,0.0
520.82,7.561,108.18,3.48,0.0,4.05,0,0.0,0.0,0.0
520.88,7.554,108.15,3.48,0.0,4.03,0,0.0,0.0,0.0
520.92,7.55,108.12,3.48,0.0,4.01,0,0.0,0.0,0.0
520.98,7.544,108.07,3.48,0.0,4.0,0,0.0,0.0,0.0
521.04,7.537,108.01,3.48,0.0,3.98,0,0.0,0.0,0.0
521.1,7.531,107.98,3.48,0.0,3.96,0,0.0,0.0,0.0
521.16,7.525,107.94,3.48,0.0,3.94,0,0.0,0.0,0.0
521.2,7.521,107.91,3.48,0.0,3.93,0,0.0,0.0,0.0
521.26,7.514,107.86,3.48,0.0,3.91,0,0.0,0.0,0.0
521.32,7.508,107.81,3.48,0.0,3.9,0,0.0,0.0,0.0
521.38,7.502,107.77,3.48,0.0,3.89,0,0.0,0.0,0.0
521.42,7.498,107.72,3.48,0.0,3.87,0,0.0,0.0,0.0
521.48,7.491,107.69,3.48,0.0,3.86,0,0.0,0.0,0.0
521.54,7.485,107.64,3.47,0.0,3.85,0,0.0,0.0,0.0
521.58,7.481,107.61,3.47,0.0,3.84,0,0.0,0.0,0.0
521.62,7.477,107.58,3.47,0.0,3.83,0,0.0,0.0,0.0
521.68,7.471,107.54,3.47,0.0,3.82,0,0.0,0.0,0.0
521.74,7.464,107.49,3.47,0.0,3.82,0,0.0,0.0,0.0
521.8,7.458,107.44,3.47,0.0,3.81,0,0.0,0.0,0.0
521.86,7.452,107.4,3.47,0.0,3.8,0,0.0,0.0,0.0
521.92,7.446,107.35,3.47,0.0,3.8,0,0.0,0.0,0.0
521.96,7.441,107.32,3.47,0.0,3.79,0,0.0,0.0,0.0
522.0,7.437,107.29,3.47,0.0,3.79,0,0.0,0.0,0.0
522.06,7.431,107.24,3.47,0.0,3.78,0,0.0,0.0,0.0
522.12,7.425,107.2,3.47,0.0,3.78,0,0.0,0.0,0.0
522.18,7.419,107.15,3.47,0.0,3.78,0,0.0,0.0,0.0
522.24,7.412,107.11,3.47,0.0,3.78,0,0.0,0.0,0.0
522.26,7.41,107.09,3.47,0.0,3.78,0,0.0,0.0,0.0
522.32,7.404,107.05,3.47,0.0,3.78,0,0.0,0.0,0.0
522.38,7.398,107.0,3.47,0.0,3.78,0,0.0,0.0,0.0
522.42,7.394,106.97,3.47,0.0,3.78,0,0.0,0.0,0.0
522.48,7.387,106.92,3.47,0.0,3.79,0,0.0,0.0,0.0
522.54,7.381,106.88,3.47,0.0,3.79,0,0.0,0.0,0.0
522.6,7.375,106.83,3.47,0.0,3.8,0,0.0,0.0,0.0
522.66,7.369,106.79,3.47,0.0,3.8,0,0.0,0.0,0.0
522.7,7.365,106.76,3.46,0.0,3.8,0,0.0,0.0,0.0
522.74,7.36,106.73,3.46,0.0,3.81,0,0.0,0.0,0.0
522.8,7.354,106.68,3.46,0.0,3.82,0,0.0,0.0,0.0
522.86,7.348,106.64,3.46,0.0,3.83,0,0.0,0.0,0.0
522.92,7.342,106.59,3.46,0.0,3.84,0,0.0,0.0,0.0
522.98,7.336,106.55,3.46,0.0,3.85,0,0.0,0.0,0.0
523.02,7.331,106.52,3.46,0.0,3.86,0,0.0,0.0,0.0
523.08,7.325,106.47,3.46,0.0,3.87,0,0.0,0.0,0.0
523.14,7.319,106.43,3.46,0.0,3.88,0,0.0,0.0,0.0
523.18,7.315,106.4,3.46,0.0,3.89,0,0.0,0.0,0.0
523.24,7.309,106.36,3.46,0.0,3.91,0,0.0,0.0,0.0
523.3,7.303,106.31,3.46,0.0,3.92,0,0.0,0.0,0.0
523.34,7.298,106.28,3.46,0.0,3.93,0,0.0,0.0,0.0
523.4,7.292,106.24,3.46,0.0,3.95,0,0.0,0.0,0.0
523.46,7.286,106.2,3.46,0.0,3.97,0,0.0,0.0,0.0
523.52,7.28,106.15,3.46,0.0,3.98,0,0.0,0.0,0.0
523.56,7.274,106.11,3.46,0.0,4.0,0,0.0,0.0,0.0
523.62,7.268,106.07,3.46,0.0,4.02,0,0.0,0.0,0.0
523.68,7.263,106.04,3.46,0.0,4.02,0,0.0,0.0,0.0
523.72,7.259,106.01,3.46,0.0,4.04,0,0.0,0.0,0.0
523.78,7.253,105.97,3.46,0.0,4.06,0,0.0,0.0,0.0
523.84,7.247,105.93,3.46,0.0,4.08,0,0.0,0.0,0.0
523.9,7.241,105.89,3.46,0.0,4.09,0,0.0,0.0,0.0
523.94,7.237,105.86,3.46,0.0,4.11,0,0.0,0.0,0.0
524.0,7.23,105.82,3.46,0.0,4.13,0,0.0,0.0,0.0
524.06,7.224,105.77,3.45,0.0,4.14,0,0.0,0.0,0.0
524.1,7.22,105.75,3.45,0.0,4.16,0,0.0,0.0,0.0
524.16,7.214,105.69,3.45,0.0,4.18,0,0.0,0.0,0.0
524.22,7.208,105.66,3.45,0.0,4.19,0,0.0,0.0,0.0
524.26,7.204,105.64,3.45,0.0,4.21,0,0.0,0.0,0.0
524.32,7.198,105.6,3.45,0.0,4.23,0,0.0,0.0,0.0
524.36,7.194,105.57,3.45,0.0,4.24,0,0.0,0.0,0.0
524.42,7.187,105.53,3.45,0.0,4.26,0,0.0,0.0,0.0
524.48,7.181,105.49,3.45,0.0,4.28,0,0.0,0.0,0.0
524.54,7.175,105.45,3.45,0.0,4.3,0,0.0,0.0,0.0
524.6,7.169,105.41,3.45,0.0,4.32,0,0.0,0.0,0.0
524.66,7.163,105.37,3.45,0.0,4.33,0,0.0,0.0,0.0
524.7,7.159,105.34,3.45,0.0,4.34,0,0.0,0.0,0.0
524.76,7.153,105.3,3.45,0.0,4.36,0,0.0,0.0,0.0
524.8,7.149,105.28,3.45,0.0,4.37,0,0.0,0.0,0.0
524.86,7.142,105.24,3.45,0.0,4.38,0,0.0,0.0,0.0
524.9,7.138,105.21,3.45,0.0,4.39,0,0.0,0.0,0.0
524.96,7.132,105.17,3.45,0.0,4.41,0,0.0,0.0,0.0
525.0,7.128,105.15,3.45,0.0,4.42,0,0.0,0.0,0.0
525.06,7.122,105.11,3.45,0.0,4.43,0,0.0,0.0,0.0
525.1,7.118,105.08,3.45,0.0,4.44,0,0.0,0.0,0.0
525.16,7.112,105.04,3.45,0.0,4.45,0,0.0,0.0,0.0
525.2,7.108,105.02,3.45,0.0,4.46,0,0.0,0.0,0.0
525.26,7.102,104.98,3.45,0.0,4.47,0,0.0,0.0,0.0
525.3,7.098,104.96,3.45,0.0,4.48,0,0.0,0.0,0.0
525.36,7.091,104.92,3.45,0.0,4.49,0,0.0,0.0,0.0
525.4,7.087,104.89,3.45,0.0,4.5,0,0.0,0.0,0.0
525.46,7.081,104.85,3.45,0.0,4.51,0,0.0,0.0,0.0
525.5,7.077,104.83,3.45,0.0,4.51,0,0.0,0.0,0.0
525.56,7.071,104.79,3.45,0.0,4.52,0,0.0,0.0,0.0
525.6,7.067,104.77,3.45,0.0,4.53,0,0.0,0.0,0.0
525.66,7.061,104.73,3.45,0.0,4.54,0,0.0,0.0,0.0
525.72,7.055,104.69,3.45,0.0,4.54,0,0.0,0.0,0.0
525.76,7.051,104.67,3.45,0.0,4.55,0,0.0,0.0,0.0
525.82,7.045,104.63,3.45,0.0,4.55,0,0.0,0.0,0.0
525.86,7.041,104.6,3.45,0.0,4.55,0,0.0,0.0,0.0
525.92,7.035,104.57,3.45,0.0,4.56,0,0.0,0.0,0.0
525.96,7.03,104.54,3.45,0.0,4.56,0,0.0,0.0,0.0
526.02,7.024,104.51,3.45,0.0,4.56,0,0.0,0.0,0.0
526.06,7.02,104.48,3.45,0.0,4.57,0,0.0,0.0,0.0
526.12,7.014,104.44,3.45,0.0,4.57,0,0.0,0.0,0.0
526.16,7.01,104.42,3.45,0.0,4.57,0,0.0,0.0,0.0
526.22,7.004,104.38,3.45,0.0,4.57,0,0.0,0.0,0.0
526.26,7.0,104.36,3.45,0.0,4.57,0,0.0,0.0,0.0
526.32,6.994,104.32,3.45,0.0,4.57,0,0.0,0.0,0.0
526.38,6.988,104.28,3.45,0.0,4.57,0,0.0,0.0,0.0
526.42,6.984,104.26,3.45,0.0,4.57,0,0.0,0.0,0.0
526.46,6.98,104.24,3.45,0.0,4.57,0,0.0,0.0,0.0
526.52,6.974,104.19,3.45,0.0,4.57,0,0.0,0.0,0.0
526.58,6.968,104.16,3.45,0.0,4.57,0,0.0,0.0,0.0
526.62,6.964,104.14,3.45,0.0,4.56,0,0.0,0.0,0.0
526.68,6.958,104.1,3.45,0.0,4.56,0,0.0,0.0,0.0
526.72,6.954,104.08,3.45,0.0,4.56,0,0.0,0.0,0.0
526.78,6.947,104.04,3.45,0.0,4.55,0,0.0,0.0,0.0
526.84,6.941,104.0,3.45,0.0,4.55,0,0.0,0.0,0.0
526.9,6.935,103.97,3.44,0.0,4.55,0,0.0,0.0,0.0
526.96,6.929,103.93,3.44,0.0,4.54,0,0.0,0.0,0.0
527.0,6.925,103.91,3.44,0.0,4.54,0,0.0,0.0,0.0
527.06,6.919,103.87,3.44,0.0,4.54,0,0.0,0.0,0.0
527.12,6.913,103.83,3.44,0.0,4.53,0,0.0,0.0,0.0
527.16,6.909,103.8,3.44,0.0,4.53,0,0.0,0.0,0.0
527.22,6.903,103.77,3.44,0.0,4.52,0,0.0,0.0,0.0
527.28,6.897,103.73,3.44,0.0,4.52,0,0.0,0.0,0.0
527.32,6.893,103.71,3.44,0.0,4.52,0,0.0,0.0,0.0
527.38,6.887,103.67,3.44,0.0,4.51,0,0.0,0.0,0.0
527.44,6.881,103.64,3.44,0.0,4.51,0,0.0,0.0,0.0
527.5,6.875,103.6,3.44,0.0,4.5,0,0.0,0.0,0.0
527.54,6.871,103.58,3.44,0.0,4.5,0,0.0,0.0,0.0
527.6,6.865,103.54,3.44,0.0,4.5,0,0.0,0.0,0.0
527.64,6.861,103.51,3.44,0.0,4.49,0,0.0,0.0,0.0
527.7,6.855,103.48,3.44,0.0,4.49,0,0.0,0.0,0.0
527.76,6.849,103.44,3.44,0.0,4.49,0,0.0,0.0,0.0
527.82,6.843,103.41,3.44,0.0,4.48,0,0.0,0.0,0.0
527.86,6.839,103.38,3.44,0.0,4.48,0,0.0,0.0,0.0
527.92,6.833,103.34,3.44,0.0,4.48,0,0.0,0.0,0.0
527.98,6.827,103.31,3.44,0.0,4.48,0,0.0,0.0,0.0
528.04,6.821,103.27,3.44,0.0,4.48,0,0.0,0.0,0.0
528.1,6.815,103.23,3.44,0.0,4.47,0,0.0,0.0,0.0
528.16,6.809,103.2,3.44,0.0,4.47,0,0.0,0.0,0.0
528.22,6.803,103.16,3.44,0.0,4.47,0,0.0,0.0,0.0
528.28,6.797,103.13,3.44,0.0,4.47,0,0.0,0.0,0.0
528.32,6.793,103.1,3.44,0.0,4.47,0,0.0,0.0,0.0
528.38,6.787,103.06,3.44,0.0,4.47,0,0.0,0.0,0.0
528.44,6.781,103.03,3.44,0.0,4.48,0,0.0,0.0,0.0
528.5,6.775,102.99,3.44,0.0,4.48,0,0.0,0.0,0.0
528.56,6.769,102.96,3.44,0.0,4.48,0,0.0,0.0,0.0
528.62,6.763,102.92,3.44,0.0,4.48,0,0.0,0.0,0.0
528.66,6.759,102.9,3.44,0.0,4.49,0,0.0,0.0,0.0
528.72,6.753,102.86,3.44,0.0,4.49,0,0.0,0.0,0.0
528.78,6.747,102.82,3.44,0.0,4.5,0,0.0,0.0,0.0
528.82,6.743,102.8,3.44,0.0,4.5,0,0.0,0.0,0.0
528.88,6.737,102.76,3.44,0.0,4.51,0,0.0,0.0,0.0
528.92,6.733,102.74,3.44,0.0,4.51,0,0.0,0.0,0.0
528.98,6.727,102.7,3.44,0.0,4.52,0,0.0,0.0,0.0
529.04,6.721,102.67,3.44,0.0,4.53,0,0.0,0.0,0.0
529.1,6.715,102.63,3.44,0.0,4.54,0,0.0,0.0,0.0
529.16,6.709,102.6,3.44,0.0,4.55,0,0.0,0.0,0.0
529.22,6.703,102.56,3.44,0.0,4.56,0,0.0,0.0,0.0
529.26,6.699,102.54,3.44,0.0,4.56,0,0.0,0.0,0.0
529.32,6.693,102.5,3.44,0.0,4.57,0,0.0,0.0,0.0
529.38,6.687,102.47,3.44,0.0,4.59,0,0.0,0.0,0.0
529.42,6.683,102.44,3.44,0.0,4.59,0,0.0,0.0,0.0
529.48,6.677,102.4,3.44,0.0,4.61,0,0.0,0.0,0.0
529.54,6.671,102.37,3.44,0.0,4.62,0,0.0,0.0,0.0
529.58,6.667,102.35,3.44,0.0,4.62,0,0.0,0.0,0.0
529.64,6.661,102.32,3.44,0.0,4.64,0,0.0,0.0,0.0
529.7,6.655,102.28,3.44,0.0,4.65,0,0.0,0.0,0.0
529.74,6.651,102.26,3.44,0.0,4.66,0,0.0,0.0,0.0
529.8,6.645,102.22,3.44,0.0,4.68,0,0.0,0.0,0.0
529.86,6.639,102.19,3.44,0.0,4.69,0,0.0,0.0,0.0
529.9,6.635,102.16,3.44,0.0,4.7,0,0.0,0.0,0.0
529.96,6.629,102.13,3.44,0.0,4.72,0,0.0,0.0,0.0
530.02,6.623,102.1,3.44,0.0,4.73,0,0.0,0.0,0.0
530.08,6.617,102.06,3.44,0.0,4.74,0,0.0,0.0,0.0
530.12,6.613,102.04,3.44,0.0,4.76,0,0.0,0.0,0.0
530.18,6.608,102.01,3.44,0.0,4.77,0,0.0,0.0,0.0
530.24,6.602,101.97,3.44,0.0,4.79,0,0.0,0.0,0.0
530.3,6.596,101.94,3.44,0.0,4.8,0,0.0,0.0,0.0
530.34,6.592,101.9,3.44,0.0,4.81,0,0.0,0.0,0.0
530.38,6.588,101.89,3.44,0.0,4.83,0,0.0,0.0,0.0
530.44,6.582,101.86,3.44,0.0,4.84,0,0.0,0.0,0.0
530.5,6.576,101.83,3.44,0.0,4.86,0,0.0,0.0,0.0
530.56,6.57,101.79,3.44,0.0,4.87,0,0.0,0.0,0.0
530.62,6.564,101.76,3.44,0.0,4.89,0,0.0,0.0,0.0
530.68,6.558,101.73,3.44,0.0,4.9,0,0.0,0.0,0.0
530.72,6.554,101.7,3.44,0.0,4.91,0,0.0,0.0,0.0
530.78,6.548,101.67,3.44,0.0,4.93,0,0.0,0.0,0.0
530.84,6.542,101.64,3.44,0.0,4.94,0,0.0,0.0,0.0
530.9,6.536,101.61,3.43,0.0,4.95,0,0.0,0.0,0.0
530.94,6.532,101.58,3.43,0.0,4.96,0,0.0,0.0,0.0
531.0,6.526,101.55,3.43,0.0,4.98,0,0.0,0.0,0.0
531.06,6.521,101.52,3.43,0.0,4.99,0,0.0,0.0,0.0
531.1,6.517,101.5,3.43,0.0,5.0,0,0.0,0.0,0.0
531.16,6.511,101.46,3.43,0.0,5.01,0,0.0,0.0,0.0
531.22,6.505,101.43,3.43,0.0,5.02,0,0.0,0.0,0.0
531.28,6.499,101.4,3.43,0.0,5.03,0,0.0,0.0,0.0
531.32,6.493,101.37,3.43,0.0,5.04,0,0.0,0.0,0.0
531.38,6.489,101.34,3.43,0.0,5.05,0,0.0,0.0,0.0
531.44,6.483,101.31,3.43,0.0,5.06,0,0.0,0.0,0.0
531.5,6.477,101.28,3.43,0.0,5.06,0,0.0,0.0,0.0
531.56,6.471,101.25,3.43,0.0,5.07,0,0.0,0.0,0.0
531.62,6.465,101.22,3.43,0.0,5.08,0,0.0,0.0,0.0
531.68,6.46,101.18,3.43,0.0,5.08,0,0.0,0.0,0.0
531.72,6.456,101.16,3.43,0.0,5.08,0,0.0,0.0,0.0
531.76,6.452,101.14,3.43,0.0,5.09,0,0.0,0.0,0.0
531.82,6.446,101.11,3.43,0.0,5.09,0,0.0,0.0,0.0
531.88,6.44,101.08,3.43,0.0,5.1,0,0.0,0.0,0.0
531.94,6.434,101.04,3.43,0.0,5.1,0,0.0,0.0,0.0
532.0,6.428,101.01,3.43,0.0,5.1,0,0.0,0.0,0.0
532.06,6.422,100.98,3.43,0.0,5.1,0,0.0,0.0,0.0
532.12,6.416,100.95,3.43,0.0,5.1,0,0.0,0.0,0.0
532.18,6.411,100.92,3.43,0.0,5.1,0,0.0,0.0,0.0
532.22,6.407,100.89,3.43,0.0,5.1,0,0.0,0.0,0.0
532.26,6.403,100.87,3.43,0.0,5.1,0,0.0,0.0,0.0
532.32,6.397,100.84,3.43,0.0,5.09,0,0.0,0.0,0.0
532.38,6.391,100.81,3.43,0.0,5.09,0,0.0,0.0,0.0
532.44,6.385,100.78,3.43,0.0,5.09,0,0.0,0.0,0.0
532.48,6.381,100.75,3.43,0.0,5.08,0,0.0,0.0,0.0
532.54,6.375,100.72,3.43,0.0,5.08,0,0.0,0.0,0.0
532.6,6.369,100.69,3.43,0.0,5.07,0,0.0,0.0,0.0
532.66,6.364,100.66,3.43,0.0,5.06,0,0.0,0.0,0.0
532.7,6.36,100.63,3.43,0.0,5.06,0,0.0,0.0,0.0
532.74,6.356,100.61,3.43,0.0,5.05,0,0.0,0.0,0.0
532.8,6.35,100.58,3.43,0.0,5.04,0,0.0,0.0,0.0
532.86,6.344,100.55,3.43,0.0,5.03,0,0.0,0.0,0.0
532.9,6.34,100.52,3.43,0.0,5.03,0,0.0,0.0,0.0
532.96,6.334,100.49,3.43,0.0,5.01,0,0.0,0.0,0.0
533.02,6.328,100.46,3.43,0.0,5.0,0,0.0,0.0,0.0
533.08,6.323,100.43,3.43,0.0,4.99,0,0.0,0.0,0.0
533.14,6.317,100.39,3.43,0.0,4.98,0,0.0,0.0,0.0
533.2,6.311,100.36,3.43,0.0,4.97,0,0.0,0.0,0.0
533.24,6.307,100.34,3.43,0.0,4.96,0,0.0,0.0,0.0
533.3,6.301,100.3,3.43,0.0,4.94,0,0.0,0.0,0.0
533.36,6.295,100.27,3.43,0.0,4.93,0,0.0,0.0,0.0
533.42,6.289,100.24,3.43,0.0,4.91,0,0.0,0.0,0.0
533.46,6.286,100.21,3.43,0.0,4.9,0,0.0,0.0,0.0
533.52,6.28,100.18,3.43,0.0,4.89,0,0.0,0.0,0.0
533.58,6.274,100.14,3.43,0.0,4.87,0,0.0,0.0,0.0
533.64,6.268,100.11,3.43,0.0,4.86,0,0.0,0.0,0.0
533.68,6.264,100.09,3.43,0.0,4.85,0,0.0,0.0,0.0
533.74,6.258,100.05,3.43,0.0,4.83,0,0.0,0.0,0.0
533.78,6.254,100.03,3.43,0.0,4.83,0,0.0,0.0,0.0
533.84,6.247,99.98,3.43,0.0,4.81,0,0.0,0.0,0.0
533.9,6.243,99.96,3.43,0.0,4.8,0,0.0,0.0,0.0
533.96,6.237,99.93,3.43,0.0,4.78,0,0.0,0.0,0.0
534.02,6.231,99.89,3.43,0.0,4.76,0,0.0,0.0,0.0
534.08,6.225,99.86,3.43,0.0,4.75,0,0.0,0.0,0.0
534.12,6.221,99.83,3.43,0.0,4.74,0,0.0,0.0,0.0
534.16,6.218,99.81,3.43,0.0,4.73,0,0.0,0.0,0.0
534.22,6.212,99.77,3.43,0.0,4.71,0,0.0,0.0,0.0
534.28,6.206,99.74,3.43,0.0,4.7,0,0.0,0.0,0.0
534.34,6.2,99.7,3.43,0.0,4.68,0,0.0,0.0,0.0
534.4,6.194,99.67,3.43,0.0,4.67,0,0.0,0.0,0.0
534.46,6.189,99.63,3.43,0.0,4.66,0,0.0,0.0,0.0
534.5,6.185,99.61,3.43,0.0,4.65,0,0.0,0.0,0.0
534.56,6.179,99.57,3.43,0.0,4.64,0,0.0,0.0,0.0
534.6,6.175,99.55,3.43,0.0,4.63,0,0.0,0.0,0.0
534.66,6.169,99.51,3.43,0.0,4.62,0,0.0,0.0,0.0
534.72,6.163,99.48,3.43,0.0,4.61,0,0.0,0.0,0.0
534.78,6.158,99.44,3.43,0.0,4.6,0,0.0,0.0,0.0
534.82,6.154,99.42,3.43,0.0,4.59,0,0.0,0.0,0.0
534.88,6.148,99.38,3.43,0.0,4.58,0,0.0,0.0,0.0
534.94,6.142,99.35,3.43,0.0,4.57,0,0.0,0.0,0.0
535.0,6.136,99.31,3.43,0.0,4.57,0,0.0,0.0,0.0
535.06,6.131,99.28,3.43,0.0,4.56,0,0.0,0.0,0.0
535.1,6.125,99.24,3.43,0.0,4.56,0,0.0,0.0,0.0
535.16,6.121,99.22,3.42,0.0,4.55,0,0.0,0.0,0.0
535.2,6.117,99.18,3.42,0.0,4.55,0,0.0,0.0,0.0
535.26,6.111,99.16,3.42,0.0,4.55,0,0.0,0.0,0.0
535.32,6.106,99.12,3.42,0.0,4.54,0,0.0,0.0,0.0
535.38,6.1,99.08,3.42,0.0,4.54,0,0.0,0.0,0.0
535.44,6.094,99.05,3.42,0.0,4.54,0,0.0,0.0,0.0
535.48,6.09,99.02,3.42,0.0,4.54,0,0.0,0.0,0.0
535.52,6.086,98.99,3.42,0.0,4.54,0,0.0,0.0,0.0
535.58,6.081,98.96,3.42,0.0,4.54,0,0.0,0.0,0.0
535.64,6.075,98.93,3.42,0.0,4.55,0,0.0,0.0,0.0
535.7,6.069,98.89,3.42,0.0,4.55,0,0.0,0.0,0.0
535.74,6.065,98.87,3.42,0.0,4.55,0,0.0,0.0,0.0
535.8,6.059,98.83,3.42,0.0,4.56,0,0.0,0.0,0.0
535.86,6.054,98.8,3.42,0.0,4.56,0,0.0,0.0,0.0
535.92,6.048,98.76,3.42,0.0,4.57,0,0.0,0.0,0.0
535.98,6.042,98.73,3.42,0.0,4.58,0,0.0,0.0,0.0
536.02,6.036,98.69,3.42,0.0,4.59,0,0.0,0.0,0.0
536.08,6.031,98.66,3.42,0.0,4.59,0,0.0,0.0,0.0
536.14,6.027,98.63,3.42,0.0,4.6,0,0.0,0.0,0.0
536.2,6.021,98.6,3.42,0.0,4.61,0,0.0,0.0,0.0
536.24,6.015,98.56,3.42,0.0,4.62,0,0.0,0.0,0.0
536.28,6.013,98.55,3.42,0.0,4.63,0,0.0,0.0,0.0
536.34,6.008,98.52,3.42,0.0,4.64,0,0.0,0.0,0.0
536.4,6.002,98.48,3.42,0.0,4.65,0,0.0,0.0,0.0
536.46,5.996,98.45,3.42,0.0,4.66,0,0.0,0.0,0.0
536.5,5.992,98.42,3.42,0.0,4.67,0,0.0,0.0,0.0
536.56,5.987,98.39,3.42,0.0,4.69,0,0.0,0.0,0.0
536.6,5.983,98.36,3.42,0.0,4.7,0,0.0,0.0,0.0
536.64,5.979,98.34,3.42,0.0,4.71,0,0.0,0.0,0.0
536.7,5.973,98.31,3.42,0.0,4.72,0,0.0,0.0,0.0
536.76,5.967,98.27,3.42,0.0,4.74,0,0.0,0.0,0.0
536.8,5.964,98.25,3.42,0.0,4.75,0,0.0,0.0,0.0
536.86,5.958,98.22,3.41,0.0,4.77,0,0.0,0.0,0.0
536.9,5.954,98.19,3.41,0.0,4.78,0,0.0,0.0,0.0
536.96,5.948,98.16,3.41,0.0,4.8,0,0.0,0.0,0.0
537.0,5.945,98.14,3.41,0.0,4.81,0,0.0,0.0,0.0
537.06,5.939,98.1,3.41,0.0,4.83,0,0.0,0.0,0.0
537.1,5.935,98.08,3.41,0.0,4.84,0,0.0,0.0,0.0
537.16,5.929,98.05,3.41,0.0,4.86,0,0.0,0.0,0.0
537.2,5.925,98.03,3.41,0.0,4.88,0,0.0,0.0,0.0
537.26,5.92,97.99,3.41,0.0,4.9,0,0.0,0.0,0.0
537.3,5.916,97.97,3.41,0.0,4.91,0,0.0,0.0,0.0
537.36,5.91,97.94,3.41,0.0,4.93,0,0.0,0.0,0.0
537.4,5.906,97.92,3.41,0.0,4.94,0,0.0,0.0,0.0
537.44,5.903,97.9,3.41,0.0,4.95,0,0.0,0.0,0.0
537.5,5.897,97.86,3.41,0.0,4.97,0,0.0,0.0,0.0
537.56,5.891,97.83,3.41,0.0,4.99,0,0.0,0.0,0.0
537.6,5.887,97.81,3.41,0.0,5.0,0,0.0,0.0,0.0
537.66,5.882,97.78,3.41,0.0,5.02,0,0.0,0.0,0.0
537.7,5.878,97.76,3.41,0.0,5.04,0,0.0,0.0,0.0
537.76,5.872,97.72,3.41,0.0,5.05,0,0.0,0.0,0.0
537.8,5.868,97.7,3.41,0.0,5.07,0,0.0,0.0,0.0
537.86,5.863,97.67,3.41,0.0,5.08,0,0.0,0.0,0.0
537.92,5.857,97.64,3.41,0.0,5.1,0,0.0,0.0,0.0
537.96,5.853,97.62,3.41,0.0,5.11,0,0.0,0.0,0.0
538.02,5.848,97.59,3.41,0.0,5.13,0,0.0,0.0,0.0
538.06,5.844,97.57,3.41,0.0,5.14,0,0.0,0.0,0.0
538.1,5.84,97.54,3.41,0.0,5.15,0,0.0,0.0,0.0
538.16,5.834,97.51,3.41,0.0,5.17,0,0.0,0.0,0.0
538.22,5.829,97.48,3.41,0.0,5.18,0,0.0,0.0,0.0
538.28,5.823,97.45,3.41,0.0,5.2,0,0.0,0.0,0.0
538.34,5.817,97.42,3.41,0.0,5.21,0,0.0,0.0,0.0
538.38,5.812,97.39,3.41,0.0,5.23,0,0.0,0.0,0.0
538.44,5.806,97.36,3.41,0.0,5.24,0,0.0,0.0,0.0
538.5,5.8,97.33,3.41,0.0,5.24,0,0.0,0.0,0.0
538.56,5.796,97.31,3.41,0.0,5.26,0,0.0,0.0,0.0
538.62,5.791,97.28,3.41,0.0,5.26,0,0.0,0.0,0.0
538.68,5.785,97.25,3.41,0.0,5.27,0,0.0,0.0,0.0
538.72,5.779,97.22,3.41,0.0,5.28,0,0.0,0.0,0.0
538.8,5.774,97.18,3.41,0.0,5.29,0,0.0,0.0,0.0
538.84,5.77,97.16,3.41,0.0,5.29,0,0.0,0.0,0.0
538.9,5.764,97.13,3.41,0.0,5.3,0,0.0,0.0,0.0
538.96,5.759,97.1,3.41,0.0,5.3,0,0.0,0.0,0.0
539.0,5.755,97.08,3.41,0.0,5.3,0,0.0,0.0,0.0
539.06,5.749,97.05,3.41,0.0,5.31,0,0.0,0.0,0.0
539.12,5.744,97.02,3.41,0.0,5.31,0,0.0,0.0,0.0
539.18,5.738,96.99,3.41,0.0,5.31,0,0.0,0.0,0.0
539.22,5.732,96.96,3.41,0.0,5.31,0,0.0,0.0,0.0
539.28,5.728,96.94,3.41,0.0,5.31,0,0.0,0.0,0.0
539.32,5.725,96.92,3.41,0.0,5.31,0,0.0,0.0,0.0
539.38,5.719,96.89,3.41,0.0,5.31,0,0.0,0.0,0.0
539.42,5.715,96.87,3.41,0.0,5.31,0,0.0,0.0,0.0
539.48,5.71,96.84,3.41,0.0,5.3,0,0.0,0.0,0.0
539.54,5.704,96.81,3.41,0.0,5.3,0,0.0,0.0,0.0
539.6,5.698,96.78,3.41,0.0,5.3,0,0.0,0.0,0.0
539.64,5.695,96.76,3.41,0.0,5.29,0,0.0,0.0,0.0
539.7,5.689,96.73,3.41,0.0,5.28,0,0.0,0.0,0.0
539.74,5.685,96.71,3.41,0.0,5.28,0,0.0,0.0,0.0
539.8,5.679,96.68,3.41,0.0,5.27,0,0.0,0.0,0.0
539.86,5.674,96.65,3.41,0.0,5.26,0,0.0,0.0,0.0
539.92,5.668,96.62,3.41,0.0,5.25,0,0.0,0.0,0.0
539.98,5.663,96.58,3.41,0.0,5.25,0,0.0,0.0,0.0
540.04,5.657,96.55,3.41,0.0,5.24,0,0.0,0.0,0.0
540.08,5.653,96.53,3.41,0.0,5.23,0,0.0,0.0,0.0
540.14,5.648,96.5,3.41,0.0,5.22,0,0.0,0.0,0.0
540.2,5.642,96.46,3.41,0.0,5.21,0,0.0,0.0,0.0
540.26,5.636,96.44,3.41,0.0,5.19,0,0.0,0.0,0.0
540.32,5.631,96.41,3.41,0.0,5.19,0,0.0,0.0,0.0
540.36,5.627,96.39,3.41,0.0,5.17,0,0.0,0.0,0.0
540.4,5.623,96.37,3.41,0.0,5.16,0,0.0,0.0,0.0
540.46,5.618,96.34,3.41,0.0,5.15,0,0.0,0.0,0.0
540.52,5.612,96.3,3.41,0.0,5.14,0,0.0,0.0,0.0
540.56,5.608,96.28,3.41,0.0,5.13,0,0.0,0.0,0.0
540.62,5.603,96.25,3.4,0.0,5.12,0,0.0,0.0,0.0
540.68,5.597,96.22,3.4,0.0,5.1,0,0.0,0.0,0.0
540.74,5.591,96.19,3.4,0.0,5.09,0,0.0,0.0,0.0
540.8,5.586,96.16,3.4,0.0,5.07,0,0.0,0.0,0.0
540.86,5.58,96.12,3.4,0.0,5.06,0,0.0,0.0,0.0
540.9,5.575,96.09,3.4,0.0,5.05,0,0.0,0.0,0.0
540.96,5.569,96.06,3.4,0.0,5.03,0,0.0,0.0,0.0
541.02,5.563,96.03,3.4,0.0,5.02,0,0.0,0.0,0.0
541.08,5.56,96.01,3.4,0.0,5.01,0,0.0,0.0,0.0
541.12,5.556,95.99,3.4,0.0,5.0,0,0.0,0.0,0.0
541.18,5.55,95.95,3.4,0.0,4.99,0,0.0,0.0,0.0
541.24,5.545,95.92,3.4,0.0,4.98,0,0.0,0.0,0.0
541.28,5.541,95.9,3.4,0.0,4.97,0,0.0,0.0,0.0
541.34,5.535,95.87,3.4,0.0,4.96,0,0.0,0.0,0.0
541.4,5.53,95.83,3.4,0.0,4.95,0,0.0,0.0,0.0
541.46,5.524,95.8,3.4,0.0,4.94,0,0.0,0.0,0.0
541.5,5.52,95.78,3.4,0.0,4.93,0,0.0,0.0,0.0
541.54,5.517,95.76,3.4,0.0,4.93,0,0.0,0.0,0.0
541.6,5.511,95.73,3.4,0.0,4.91,0,0.0,0.0,0.0
541.66,5.506,95.69,3.4,0.0,4.9,0,0.0,0.0,0.0
541.7,5.502,95.67,3.4,0.0,4.9,0,0.0,0.0,0.0
541.76,5.496,95.64,3.4,0.0,4.89,0,0.0,0.0,0.0
541.82,5.491,95.61,3.4,0.0,4.89,0,0.0,0.0,0.0
541.88,5.485,95.57,3.4,0.0,4.88,0,0.0,0.0,0.0
541.94,5.48,95.54,3.4,0.0,4.88,0,0.0,0.0,0.0
542.0,5.474,95.51,3.4,0.0,4.87,0,0.0,0.0,0.0
542.06,5.468,95.47,3.4,0.0,4.87,0,0.0,0.0,0.0
542.1,5.463,95.44,3.4,0.0,4.87,0,0.0,0.0,0.0
542.14,5.459,95.42,3.4,0.0,4.87,0,0.0,0.0,0.0
542.2,5.455,95.4,3.4,0.0,4.87,0,0.0,0.0,0.0
542.24,5.45,95.37,3.4,0.0,4.87,0,0.0,0.0,0.0
542.3,5.446,95.34,3.4,0.0,4.87,0,0.0,0.0,0.0
542.34,5.442,95.32,3.4,0.0,4.87,0,0.0,0.0,0.0
542.4,5.437,95.29,3.4,0.0,4.87,0,0.0,0.0,0.0
542.46,5.431,95.26,3.4,0.0,4.87,0,0.0,0.0,0.0
542.5,5.428,95.24,3.4,0.0,4.88,0,0.0,0.0,0.0
542.56,5.422,95.2,3.4,0.0,4.88,0,0.0,0.0,0.0
542.6,5.418,95.18,3.4,0.0,4.88,0,0.0,0.0,0.0
542.66,5.413,95.15,3.39,0.0,4.89,0,0.0,0.0,0.0
542.72,5.407,95.12,3.39,0.0,4.9,0,0.0,0.0,0.0
542.78,5.402,95.08,3.39,0.0,4.91,0,0.0,0.0,0.0
542.84,5.396,95.05,3.39,0.0,4.92,0,0.0,0.0,0.0
542.9,5.391,95.02,3.39,0.0,4.93,0,0.0,0.0,0.0
542.94,5.385,94.99,3.39,0.0,4.93,0,0.0,0.0,0.0
543.0,5.381,94.97,3.39,0.0,4.95,0,0.0,0.0,0.0
543.06,5.376,94.94,3.39,0.0,4.96,0,0.0,0.0,0.0
543.12,5.37,94.9,3.39,0.0,4.97,0,0.0,0.0,0.0
543.18,5.365,94.87,3.39,0.0,4.98,0,0.0,0.0,0.0
543.22,5.361,94.85,3.39,0.0,4.99,0,0.0,0.0,0.0
543.26,5.357,94.83,3.39,0.0,5.0,0,0.0,0.0,0.0
543.32,5.352,94.8,3.39,0.0,5.02,0,0.0,0.0,0.0
543.36,5.348,94.78,3.39,0.0,5.03,0,0.0,0.0,0.0
543.42,5.343,94.75,3.39,0.0,5.05,0,0.0,0.0,0.0
543.48,5.337,94.72,3.39,0.0,5.07,0,0.0,0.0,0.0
543.54,5.331,94.69,3.39,0.0,5.08,0,0.0,0.0,0.0
543.58,5.328,94.67,3.39,0.0,5.09,0,0.0,0.0,0.0
543.64,5.322,94.64,3.39,0.0,5.12,0,0.0,0.0,0.0
543.7,5.317,94.61,3.39,0.0,5.13,0,0.0,0.0,0.0
543.74,5.313,94.59,3.39,0.0,5.14,0,0.0,0.0,0.0
543.8,5.308,94.56,3.39,0.0,5.17,0,0.0,0.0,0.0
543.86,5.302,94.53,3.39,0.0,5.19,0,0.0,0.0,0.0
543.92,5.297,94.5,3.39,0.0,5.21,0,0.0,0.0,0.0
543.98,5.291,94.47,3.39,0.0,5.23,0,0.0,0.0,0.0
544.04,5.285,94.44,3.39,0.0,5.26,0,0.0,0.0,0.0
544.08,5.28,94.41,3.39,0.0,5.27,0,0.0,0.0,0.0
544.14,5.276,94.39,3.39,0.0,5.29,0,0.0,0.0,0.0
544.2,5.271,94.36,3.39,0.0,5.31,0,0.0,0.0,0.0
544.22,5.269,94.35,3.39,0.0,5.32,0,0.0,0.0,0.0
544.28,5.263,94.32,3.39,0.0,5.34,0,0.0,0.0,0.0
544.34,5.258,94.29,3.39,0.0,5.36,0,0.0,0.0,0.0
544.38,5.254,94.27,3.39,0.0,5.37,0,0.0,0.0,0.0
544.44,5.249,94.24,3.39,0.0,5.39,0,0.0,0.0,0.0
544.5,5.243,94.21,3.39,0.0,5.42,0,0.0,0.0,0.0
544.56,5.238,94.19,3.39,0.0,5.44,0,0.0,0.0,0.0
544.62,5.232,94.16,3.39,0.0,5.46,0,0.0,0.0,0.0
544.68,5.227,94.13,3.39,0.0,5.48,0,0.0,0.0,0.0
544.7,5.223,94.1,3.39,0.0,5.49,0,0.0,0.0,0.0
544.78,5.218,94.08,3.39,0.0,5.51,0,0.0,0.0,0.0
544.84,5.212,94.06,3.39,0.0,5.52,0,0.0,0.0,0.0
544.88,5.208,94.04,3.39,0.0,5.54,0,0.0,0.0,0.0
544.94,5.203,94.01,3.39,0.0,5.55,0,0.0,0.0,0.0
544.98,5.199,93.99,3.39,0.0,5.57,0,0.0,0.0,0.0
545.04,5.194,93.96,3.39,0.0,5.58,0,0.0,0.0,0.0
545.1,5.188,93.94,3.39,0.0,5.59,0,0.0,0.0,0.0
545.14,5.185,93.92,3.39,0.0,5.61,0,0.0,0.0,0.0
545.2,5.179,93.89,3.39,0.0,5.62,0,0.0,0.0,0.0
545.26,5.174,93.87,3.39,0.0,5.63,0,0.0,0.0,0.0
545.3,5.17,93.85,3.39,0.0,5.64,0,0.0,0.0,0.0
545.36,5.165,93.82,3.39,0.0,5.65,0,0.0,0.0,0.0
545.42,5.159,93.79,3.39,0.0,5.66,0,0.0,0.0,0.0
545.46,5.155,93.78,3.39,0.0,5.67,0,0.0,0.0,0.0
545.52,5.15,93.75,3.39,0.0,5.67,0,0.0,0.0,0.0
545.58,5.144,93.72,3.39,0.0,5.68,0,0.0,0.0,0.0
545.64,5.139,93.69,3.39,0.0,5.69,0,0.0,0.0,0.0
545.7,5.134,93.67,3.39,0.0,5.69,0,0.0,0.0,0.0
545.76,5.128,93.64,3.39,0.0,5.7,0,0.0,0.0,0.0
545.82,5.123,93.61,3.39,0.0,5.7,0,0.0,0.0,0.0
545.86,5.119,93.6,3.39,0.0,5.7,0,0.0,0.0,0.0
545.92,5.114,93.57,3.39,0.0,5.7,0,0.0,0.0,0.0
545.98,5.108,93.54,3.39,0.0,5.7,0,0.0,0.0,0.0
546.02,5.104,93.53,3.39,0.0,5.7,0,0.0,0.0,0.0
546.08,5.099,93.5,3.39,0.0,5.7,0,0.0,0.0,0.0
546.14,5.093,93.47,3.39,0.0,5.7,0,0.0,0.0,0.0
546.18,5.09,93.45,3.39,0.0,5.69,0,0.0,0.0,0.0
546.24,5.084,93.43,3.39,0.0,5.69,0,0.0,0.0,0.0
546.3,5.079,93.39,3.39,0.0,5.68,0,0.0,0.0,0.0
546.36,5.073,93.37,3.39,0.0,5.67,0,0.0,0.0,0.0
546.42,5.068,93.35,3.39,0.0,5.66,0,0.0,0.0,0.0
546.48,5.063,93.32,3.39,0.0,5.65,0,0.0,0.0,0.0
546.52,5.059,93.3,3.39,0.0,5.64,0,0.0,0.0,0.0
546.58,5.053,93.27,3.39,0.0,5.63,0,0.0,0.0,0.0
546.64,5.048,93.25,3.39,0.0,5.62,0,0.0,0.0,0.0
546.7,5.043,93.22,3.39,0.0,5.6,0,0.0,0.0,0.0
546.76,5.037,93.19,3.39,0.0,5.59,0,0.0,0.0,0.0
546.8,5.034,93.17,3.39,0.0,5.58,0,0.0,0.0,0.0
546.86,5.028,93.14,3.39,0.0,5.56,0,0.0,0.0,0.0
546.92,5.023,93.12,3.39,0.0,5.55,0,0.0,0.0,0.0
546.98,5.017,93.09,3.39,0.0,5.53,0,0.0,0.0,0.0
547.02,5.014,93.07,3.39,0.0,5.52,0,0.0,0.0,0.0
547.08,5.008,93.04,3.39,0.0,5.5,0,0.0,0.0,0.0
547.12,5.005,93.02,3.39,0.0,5.49,0,0.0,0.0,0.0
547.16,4.999,92.99,3.39,0.0,5.47,0,0.0,0.0,0.0
547.24,4.994,92.96,3.39,0.0,5.44,0,0.0,0.0,0.0
547.28,4.99,92.95,3.39,0.0,5.43,0,0.0,0.0,0.0
547.32,4.986,92.93,3.39,0.0,5.42,0,0.0,0.0,0.0
547.38,4.981,92.9,3.39,0.0,5.39,0,0.0,0.0,0.0
547.42,4.977,92.88,3.39,0.0,5.38,0,0.0,0.0,0.0
547.48,4.972,92.85,3.38,0.0,5.35,0,0.0,0.0,0.0
547.54,4.967,92.82,3.38,0.0,5.33,0,0.0,0.0,0.0
547.58,4.963,92.8,3.38,0.0,5.31,0,0.0,0.0,0.0
547.64,4.958,92.77,3.38,0.0,5.29,0,0.0,0.0,0.0
547.66,4.954,92.75,3.38,0.0,5.27,0,0.0,0.0,0.0
547.74,4.949,92.72,3.38,0.0,5.25,0,0.0,0.0,0.0
547.78,4.945,92.7,3.38,0.0,5.23,0,0.0,0.0,0.0
547.82,4.941,92.68,3.38,0.0,5.21,0,0.0,0.0,0.0
547.9,4.934,92.64,3.38,0.0,5.18,0,0.0,0.0,0.0
547.94,4.93,92.62,3.38,0.0,5.16,0,0.0,0.0,0.0
548.0,4.925,92.59,3.38,0.0,5.14,0,0.0,0.0,0.0
548.04,4.921,92.57,3.38,0.0,5.12,0,0.0,0.0,0.0
548.08,4.918,92.55,3.38,0.0,5.11,0,0.0,0.0,0.0
548.14,4.912,92.52,3.38,0.0,5.08,0,0.0,0.0,0.0
548.18,4.909,92.49,3.38,0.0,5.07,0,0.0,0.0,0.0
548.24,4.903,92.46,3.38,0.0,5.04,0,0.0,0.0,0.0
548.3,4.898,92.43,3.38,0.0,5.02,0,0.0,0.0,0.0
548.34,4.894,92.41,3.38,0.0,5.0,0,0.0,0.0,0.0
548.4,4.889,92.38,3.38,0.0,4.98,0,0.0,0.0,0.0
548.44,4.885,92.36,3.38,0.0,4.97,0,0.0,0.0,0.0
548.48,4.882,92.34,3.38,0.0,4.95,0,0.0,0.0,0.0
548.54,4.876,92.31,3.38,0.0,4.93,0,0.0,0.0,0.0
548.58,4.873,92.28,3.38,0.0,4.91,0,0.0,0.0,0.0
548.64,4.867,92.25,3.38,0.0,4.89,0,0.0,0.0,0.0
548.72,4.86,92.21,3.38,0.0,4.87,0,0.0,0.0,0.0
548.72,4.859,92.19,3.38,0.0,4.85,0,0.0,0.0,0.0
548.82,4.851,92.16,3.38,0.0,4.84,0,0.0,0.0,0.0
548.86,4.848,92.13,3.38,0.0,4.83,0,0.0,0.0,0.0
548.92,4.842,92.1,3.38,0.0,4.81,0,0.0,0.0,0.0
548.96,4.839,92.08,3.38,0.0,4.8,0,0.0,0.0,0.0
549.0,4.835,92.06,3.38,0.0,4.79,0,0.0,0.0,0.0
549.06,4.83,92.03,3.38,0.0,4.77,0,0.0,0.0,0.0
549.12,4.824,91.99,3.38,0.0,4.76,0,0.0,0.0,0.0
549.16,4.821,91.97,3.37,0.0,4.75,0,0.0,0.0,0.0
549.22,4.815,91.94,3.37,0.0,4.74,0,0.0,0.0,0.0
549.26,4.812,91.92,3.37,0.0,4.73,0,0.0,0.0,0.0
549.32,4.807,91.88,3.37,0.0,4.72,0,0.0,0.0,0.0
549.36,4.803,91.86,3.37,0.0,4.72,0,0.0,0.0,0.0
549.42,4.798,91.83,3.37,0.0,4.71,0,0.0,0.0,0.0
549.46,4.794,91.81,3.37,0.0,4.7,0,0.0,0.0,0.0
549.52,4.789,91.78,3.37,0.0,4.7,0,0.0,0.0,0.0
549.58,4.783,91.74,3.37,0.0,4.69,0,0.0,0.0,0.0
549.62,4.78,91.72,3.37,0.0,4.69,0,0.0,0.0,0.0
549.68,4.774,91.69,3.37,0.0,4.69,0,0.0,0.0,0.0
549.72,4.771,91.67,3.37,0.0,4.68,0,0.0,0.0,0.0
549.76,4.767,91.64,3.37,0.0,4.68,0,0.0,0.0,0.0
549.82,4.762,91.61,3.37,0.0,4.68,0,0.0,0.0,0.0
549.88,4.757,91.58,3.37,0.0,4.68,0,0.0,0.0,0.0
549.92,4.753,91.56,3.37,0.0,4.68,0,0.0,0.0,0.0
549.98,4.748,91.53,3.37,0.0,4.69,0,0.0,0.0,0.0
550.02,4.744,91.5,3.37,0.0,4.69,0,0.0,0.0,0.0
550.08,4.739,91.47,3.37,0.0,4.69,0,0.0,0.0,0.0
550.12,4.735,91.45,3.37,0.0,4.7,0,0.0,0.0,0.0
550.18,4.73,91.42,3.37,0.0,4.7,0,0.0,0.0,0.0
550.24,4.724,91.39,3.37,0.0,4.71,0,0.0,0.0,0.0
550.28,4.721,91.36,3.37,0.0,4.71,0,0.0,0.0,0.0
550.32,4.717,91.34,3.36,0.0,4.72,0,0.0,0.0,0.0
550.38,4.712,91.31,3.36,0.0,4.73,0,0.0,0.0,0.0
550.44,4.707,91.28,3.36,0.0,4.74,0,0.0,0.0,0.0
550.48,4.703,91.26,3.36,0.0,4.75,0,0.0,0.0,0.0
550.52,4.7,91.24,3.36,0.0,4.75,0,0.0,0.0,0.0
550.58,4.694,91.21,3.36,0.0,4.76,0,0.0,0.0,0.0
550.64,4.689,91.17,3.36,0.0,4.78,0,0.0,0.0,0.0
550.7,4.684,91.14,3.36,0.0,4.79,0,0.0,0.0,0.0
550.74,4.68,91.12,3.36,0.0,4.81,0,0.0,0.0,0.0
550.78,4.676,91.1,3.36,0.0,4.81,0,0.0,0.0,0.0
550.84,4.671,91.07,3.36,0.0,4.83,0,0.0,0.0,0.0
550.9,4.666,91.04,3.36,0.0,4.85,0,0.0,0.0,0.0
550.96,4.66,91.01,3.36,0.0,4.86,0,0.0,0.0,0.0
551.02,4.655,90.98,3.36,0.0,4.88,0,0.0,0.0,0.0
551.08,4.65,90.95,3.36,0.0,4.9,0,0.0,0.0,0.0
551.14,4.645,90.92,3.36,0.0,4.92,0,0.0,0.0,0.0
551.2,4.639,90.89,3.36,0.0,4.93,0,0.0,0.0,0.0
551.26,4.634,90.86,3.36,0.0,4.95,0,0.0,0.0,0.0
551.3,4.63,90.84,3.36,0.0,4.97,0,0.0,0.0,0.0
551.36,4.625,90.81,3.36,0.0,4.98,0,0.0,0.0,0.0
551.42,4.62,90.78,3.36,0.0,5.0,0,0.0,0.0,0.0
551.48,4.614,90.75,3.36,0.0,5.02,0,0.0,0.0,0.0
551.54,4.609,90.72,3.36,0.0,5.04,0,0.0,0.0,0.0
551.58,4.604,90.69,3.36,0.0,5.06,0,0.0,0.0,0.0
551.64,4.599,90.66,3.36,0.0,5.07,0,0.0,0.0,0.0
551.7,4.595,90.64,3.36,0.0,5.09,0,0.0,0.0,0.0
551.76,4.59,90.61,3.36,0.0,5.11,0,0.0,0.0,0.0
551.8,4.584,90.59,3.35,0.0,5.12,0,0.0,0.0,0.0
551.86,4.581,90.57,3.35,0.0,5.14,0,0.0,0.0,0.0
551.92,4.576,90.54,3.35,0.0,5.16,0,0.0,0.0,0.0
551.98,4.57,90.51,3.35,0.0,5.18,0,0.0,0.0,0.0
552.04,4.565,90.48,3.35,0.0,5.19,0,0.0,0.0,0.0
552.08,4.56,90.45,3.35,0.0,5.21,0,0.0,0.0,0.0
552.14,4.554,90.43,3.35,0.0,5.22,0,0.0,0.0,0.0
552.2,4.551,90.41,3.35,0.0,5.23,0,0.0,0.0,0.0
552.24,4.547,90.39,3.35,0.0,5.25,0,0.0,0.0,0.0
552.3,4.542,90.36,3.35,0.0,5.26,0,0.0,0.0,0.0
552.34,4.539,90.34,3.35,0.0,5.27,0,0.0,0.0,0.0
552.4,4.533,90.32,3.35,0.0,5.29,0,0.0,0.0,0.0
552.46,4.528,90.29,3.35,0.0,5.3,0,0.0,0.0,0.0
552.52,4.523,90.26,3.35,0.0,5.31,0,0.0,0.0,0.0
552.56,4.519,90.24,3.35,0.0,5.32,0,0.0,0.0,0.0
552.62,4.514,90.22,3.35,0.0,5.33,0,0.0,0.0,0.0
552.68,4.509,90.19,3.35,0.0,5.34,0,0.0,0.0,0.0
552.74,4.503,90.16,3.35,0.0,5.35,0,0.0,0.0,0.0
552.78,4.5,90.15,3.35,0.0,5.36,0,0.0,0.0,0.0
552.84,4.495,90.12,3.35,0.0,5.37,0,0.0,0.0,0.0
552.88,4.491,90.1,3.35,0.0,5.37,0,0.0,0.0,0.0
552.94,4.486,90.08,3.35,0.0,5.38,0,0.0,0.0,0.0
553.0,4.481,90.05,3.35,0.0,5.39,0,0.0,0.0,0.0
553.06,4.475,90.02,3.35,0.0,5.39,0,0.0,0.0,0.0
553.12,4.47,90.0,3.35,0.0,5.4,0,0.0,0.0,0.0
553.18,4.465,89.97,3.35,0.0,5.4,0,0.0,0.0,0.0
553.24,4.46,89.94,3.35,0.0,5.4,0,0.0,0.0,0.0
553.26,4.456,89.92,3.35,0.0,5.4,0,0.0,0.0,0.0
553.32,4.451,89.9,3.35,0.0,5.41,0,0.0,0.0,0.0
553.38,4.447,89.87,3.35,0.0,5.41,0,0.0,0.0,0.0
553.44,4.442,89.86,3.35,0.0,5.41,0,0.0,0.0,0.0
553.5,4.437,89.83,3.35,0.0,5.41,0,0.0,0.0,0.0
553.56,4.432,89.8,3.35,0.0,5.41,0,0.0,0.0,0.0
553.62,4.426,89.78,3.35,0.0,5.4,0,0.0,0.0,0.0
553.68,4.421,89.75,3.35,0.0,5.4,0,0.0,0.0,0.0
553.72,4.416,89.73,3.35,0.0,5.4,0,0.0,0.0,0.0
553.78,4.412,89.71,3.35,0.0,5.4,0,0.0,0.0,0.0
553.84,4.407,89.68,3.35,0.0,5.39,0,0.0,0.0,0.0
553.88,4.404,89.67,3.35,0.0,5.39,0,0.0,0.0,0.0
553.94,4.398,89.64,3.35,0.0,5.38,0,0.0,0.0,0.0
554.0,4.393,89.61,3.35,0.0,5.38,0,0.0,0.0,0.0
554.06,4.388,89.59,3.35,0.0,5.37,0,0.0,0.0,0.0
554.12,4.383,89.56,3.35,0.0,5.36,0,0.0,0.0,0.0
554.18,4.377,89.54,3.35,0.0,5.36,0,0.0,0.0,0.0
554.22,4.374,89.52,3.35,0.0,5.35,0,0.0,0.0,0.0
554.28,4.369,89.49,3.35,0.0,5.34,0,0.0,0.0,0.0
554.34,4.363,89.47,3.35,0.0,5.34,0,0.0,0.0,0.0
554.38,4.36,89.45,3.35,0.0,5.33,0,0.0,0.0,0.0
554.44,4.355,89.42,3.35,0.0,5.32,0,0.0,0.0,0.0
554.5,4.349,89.39,3.35,0.0,5.31,0,0.0,0.0,0.0
554.54,4.346,89.38,3.35,0.0,5.31,0,0.0,0.0,0.0
554.6,4.341,89.35,3.35,0.0,5.3,0,0.0,0.0,0.0
554.66,4.335,89.33,3.35,0.0,5.29,0,0.0,0.0,0.0
554.7,4.332,89.31,3.35,0.0,5.28,0,0.0,0.0,0.0
554.76,4.327,89.28,3.35,0.0,5.27,0,0.0,0.0,0.0
554.82,4.322,89.26,3.35,0.0,5.26,0,0.0,0.0,0.0
554.88,4.316,89.23,3.35,0.0,5.26,0,0.0,0.0,0.0
554.92,4.313,89.21,3.35,0.0,5.25,0,0.0,0.0,0.0
554.98,4.308,89.18,3.35,0.0,5.24,0,0.0,0.0,0.0
555.04,4.302,89.16,3.35,0.0,5.23,0,0.0,0.0,0.0
555.1,4.297,89.13,3.35,0.0,5.23,0,0.0,0.0,0.0
555.14,4.294,89.12,3.35,0.0,5.22,0,0.0,0.0,0.0
555.2,4.289,89.09,3.35,0.0,5.21,0,0.0,0.0,0.0
555.26,4.283,89.06,3.35,0.0,5.21,0,0.0,0.0,0.0
555.3,4.28,89.04,3.35,0.0,5.2,0,0.0,0.0,0.0
555.36,4.275,89.02,3.35,0.0,5.19,0,0.0,0.0,0.0
555.42,4.269,88.99,3.35,0.0,5.19,0,0.0,0.0,0.0
555.48,4.264,88.97,3.35,0.0,5.18,0,0.0,0.0,0.0
555.54,4.259,88.94,3.34,0.0,5.18,0,0.0,0.0,0.0
555.58,4.254,88.91,3.34,0.0,5.17,0,0.0,0.0,0.0
555.64,4.25,88.89,3.34,0.0,5.17,0,0.0,0.0,0.0
555.68,4.247,88.88,3.34,0.0,5.17,0,0.0,0.0,0.0
555.74,4.242,88.85,3.34,0.0,5.17,0,0.0,0.0,0.0
555.78,4.238,88.83,3.34,0.0,5.17,0,0.0,0.0,0.0
555.84,4.233,88.81,3.34,0.0,5.16,0,0.0,0.0,0.0
555.9,4.228,88.78,3.34,0.0,5.16,0,0.0,0.0,0.0
555.96,4.223,88.75,3.34,0.0,5.16,0,0.0,0.0,0.0
556.0,4.219,88.74,3.34,0.0,5.16,0,0.0,0.0,0.0
556.06,4.214,88.71,3.34,0.0,5.17,0,0.0,0.0,0.0
556.12,4.209,88.68,3.34,0.0,5.17,0,0.0,0.0,0.0
556.18,4.204,88.66,3.34,0.0,5.17,0,0.0,0.0,0.0
556.24,4.198,88.63,3.34,0.0,5.18,0,0.0,0.0,0.0
556.28,4.195,88.61,3.34,0.0,5.18,0,0.0,0.0,0.0
556.34,4.19,88.59,3.34,0.0,5.18,0,0.0,0.0,0.0
556.4,4.185,88.56,3.34,0.0,5.19,0,0.0,0.0,0.0
556.44,4.181,88.54,3.34,0.0,5.2,0,0.0,0.0,0.0
556.5,4.176,88.52,3.34,0.0,5.2,0,0.0,0.0,0.0
556.56,4.171,88.49,3.34,0.0,5.21,0,0.0,0.0,0.0
556.62,4.166,88.47,3.34,0.0,5.22,0,0.0,0.0,0.0
556.66,4.162,88.45,3.34,0.0,5.23,0,0.0,0.0,0.0
556.72,4.157,88.42,3.34,0.0,5.24,0,0.0,0.0,0.0
556.76,4.154,88.41,3.34,0.0,5.25,0,0.0,0.0,0.0
556.82,4.148,88.38,3.34,0.0,5.26,0,0.0,0.0,0.0
556.88,4.143,88.36,3.34,0.0,5.27,0,0.0,0.0,0.0
556.92,4.14,88.34,3.34,0.0,5.28,0,0.0,0.0,0.0
556.98,4.135,88.31,3.34,0.0,5.3,0,0.0,0.0,0.0
557.04,4.129,88.29,3.34,0.0,5.31,0,0.0,0.0,0.0
557.1,4.124,88.26,3.34,0.0,5.32,0,0.0,0.0,0.0
557.14,4.121,88.25,3.34,0.0,5.34,0,0.0,0.0,0.0
557.2,4.116,88.22,3.34,0.0,5.35,0,0.0,0.0,0.0
557.26,4.111,88.2,3.34,0.0,5.37,0,0.0,0.0,0.0
557.32,4.105,88.17,3.34,0.0,5.38,0,0.0,0.0,0.0
557.36,4.102,88.16,3.34,0.0,5.4,0,0.0,0.0,0.0
557.42,4.097,88.13,3.34,0.0,5.42,0,0.0,0.0,0.0
557.48,4.092,88.11,3.34,0.0,5.44,0,0.0,0.0,0.0
557.54,4.086,88.09,3.34,0.0,5.46,0,0.0,0.0,0.0
557.58,4.083,88.07,3.34,0.0,5.47,0,0.0,0.0,0.0
557.62,4.08,88.05,3.34,0.0,5.49,0,0.0,0.0,0.0
557.68,4.074,88.03,3.34,0.0,5.51,0,0.0,0.0,0.0
557.74,4.069,88.01,3.34,0.0,5.53,0,0.0,0.0,0.0
557.8,4.064,87.98,3.34,0.0,5.54,0,0.0,0.0,0.0
557.84,4.061,87.97,3.34,0.0,5.56,0,0.0,0.0,0.0
557.9,4.056,87.94,3.34,0.0,5.58,0,0.0,0.0,0.0
557.96,4.05,87.92,3.34,0.0,5.6,0,0.0,0.0,0.0
558.02,4.045,87.9,3.34,0.0,5.62,0,0.0,0.0,0.0
558.06,4.042,87.88,3.34,0.0,5.64,0,0.0,0.0,0.0
558.12,4.037,87.86,3.34,0.0,5.66,0,0.0,0.0,0.0
558.18,4.032,87.84,3.34,0.0,5.67,0,0.0,0.0,0.0
558.22,4.028,87.82,3.34,0.0,5.69,0,0.0,0.0,0.0
558.28,4.023,87.8,3.34,0.0,5.71,0,0.0,0.0,0.0
558.34,4.018,87.78,3.34,0.0,5.73,0,0.0,0.0,0.0
558.4,4.013,87.76,3.34,0.0,5.75,0,0.0,0.0,0.0
558.44,4.009,87.74,3.34,0.0,5.76,0,0.0,0.0,0.0
558.48,4.006,87.73,3.34,0.0,5.78,0,0.0,0.0,0.0
558.54,4.001,87.7,3.34,0.0,5.8,0,0.0,0.0,0.0
558.6,3.996,87.68,3.34,0.0,5.81,0,0.0,0.0,0.0
558.66,3.991,87.66,3.34,0.0,5.83,0,0.0,0.0,0.0
558.7,3.987,87.65,3.34,0.0,5.84,0,0.0,0.0,0.0
558.76,3.982,87.62,3.34,0.0,5.85,0,0.0,0.0,0.0
558.8,3.979,87.61,3.34,0.0,5.87,0,0.0,0.0,0.0
558.86,3.973,87.59,3.34,0.0,5.89,0,0.0,0.0,0.0
558.92,3.968,87.57,3.34,0.0,5.9,0,0.0,0.0,0.0
558.98,3.963,87.55,3.34,0.0,5.91,0,0.0,0.0,0.0
559.02,3.96,87.53,3.34,0.0,5.92,0,0.0,0.0,0.0
559.08,3.955,87.51,3.34,0.0,5.93,0,0.0,0.0,0.0
559.14,3.95,87.49,3.34,0.0,5.95,0,0.0,0.0,0.0
559.2,3.944,87.47,3.34,0.0,5.96,0,0.0,0.0,0.0
559.26,3.939,87.45,3.34,0.0,5.97,0,0.0,0.0,0.0
559.32,3.934,87.43,3.34,0.0,5.98,0,0.0,0.0,0.0
559.36,3.931,87.41,3.34,0.0,5.98,0,0.0,0.0,0.0
559.4,3.927,87.4,3.34,0.0,5.99,0,0.0,0.0,0.0
559.46,3.922,87.38,3.34,0.0,5.99,0,0.0,0.0,0.0
559.52,3.917,87.36,3.34,0.0,6.0,0,0.0,0.0,0.0
559.58,3.912,87.34,3.34,0.0,6.0,0,0.0,0.0,0.0
559.64,3.907,87.32,3.34,0.0,6.0,0,0.0,0.0,0.0
559.68,3.904,87.3,3.34,0.0,6.01,0,0.0,0.0,0.0
559.72,3.9,87.29,3.34,0.0,6.01,0,0.0,0.0,0.0
559.78,3.893,87.26,3.34,0.0,6.01,0,0.0,0.0,0.0
559.86,3.888,87.24,3.34,0.0,6.01,0,0.0,0.0,0.0
559.9,3.883,87.22,3.34,0.0,6.01,0,0.0,0.0,0.0
559.96,3.88,87.2,3.34,0.0,6.0,0,0.0,0.0,0.0
560.02,3.875,87.18,3.34,0.0,6.0,0,0.0,0.0,0.0
560.06,3.871,87.17,3.34,0.0,6.0,0,0.0,0.0,0.0
560.12,3.866,87.15,3.34,0.0,5.99,0,0.0,0.0,0.0
560.18,3.861,87.13,3.34,0.0,5.98,0,0.0,0.0,0.0
560.22,3.856,87.11,3.34,0.0,5.98,0,0.0,0.0,0.0
560.28,3.853,87.09,3.34,0.0,5.97,0,0.0,0.0,0.0
560.34,3.848,87.07,3.34,0.0,5.96,0,0.0,0.0,0.0
560.4,3.842,87.05,3.35,0.0,5.96,0,0.0,0.0,0.0
560.44,3.839,87.03,3.35,0.0,5.94,0,0.0,0.0,0.0
560.5,3.834,87.01,3.35,0.0,5.93,0,0.0,0.0,0.0
560.56,3.829,86.99,3.35,0.0,5.92,0,0.0,0.0,0.0
560.6,3.824,86.97,3.35,0.0,5.91,0,0.0,0.0,0.0
560.66,3.82,86.95,3.35,0.0,5.9,0,0.0,0.0,0.0
560.72,3.815,86.93,3.35,0.0,5.89,0,0.0,0.0,0.0
560.76,3.812,86.92,3.35,0.0,5.87,0,0.0,0.0,0.0
560.82,3.807,86.9,3.35,0.0,5.86,0,0.0,0.0,0.0
560.88,3.802,86.87,3.35,0.0,5.84,0,0.0,0.0,0.0
560.94,3.797,86.85,3.35,0.0,5.82,0,0.0,0.0,0.0
560.98,3.792,86.83,3.35,0.0,5.81,0,0.0,0.0,0.0
561.04,3.788,86.81,3.35,0.0,5.8,0,0.0,0.0,0.0
561.1,3.783,86.79,3.35,0.0,5.78,0,0.0,0.0,0.0
561.14,3.778,86.77,3.35,0.0,5.76,0,0.0,0.0,0.0
561.2,3.775,86.75,3.35,0.0,5.75,0,0.0,0.0,0.0
561.24,3.771,86.74,3.35,0.0,5.73,0,0.0,0.0,0.0
561.3,3.766,86.71,3.35,0.0,5.71,0,0.0,0.0,0.0
561.36,3.761,86.69,3.35,0.0,5.69,0,0.0,0.0,0.0
561.42,3.756,86.67,3.35,0.0,5.67,0,0.0,0.0,0.0
561.48,3.751,86.64,3.35,0.0,5.65,0,0.0,0.0,0.0
561.52,3.746,86.62,3.35,0.0,5.64,0,0.0,0.0,0.0
561.58,3.743,86.6,3.35,0.0,5.62,0,0.0,0.0,0.0
561.64,3.738,86.58,3.35,0.0,5.6,0,0.0,0.0,0.0
561.68,3.732,86.56,3.35,0.0,5.58,0,0.0,0.0,0.0
561.74,3.727,86.53,3.35,0.0,5.56,0,0.0,0.0,0.0
561.8,3.724,86.51,3.35,0.0,5.55,0,0.0,0.0,0.0
561.84,3.721,86.5,3.35,0.0,5.54,0,0.0,0.0,0.0
561.9,3.716,86.47,3.35,0.0,5.52,0,0.0,0.0,0.0
561.94,3.712,86.46,3.35,0.0,5.5,0,0.0,0.0,0.0
561.98,3.707,86.43,3.34,0.0,5.49,0,0.0,0.0,0.0
562.04,3.704,86.42,3.34,0.0,5.47,0,0.0,0.0,0.0
562.1,3.699,86.39,3.34,0.0,5.46,0,0.0,0.0,0.0
562.16,3.694,86.37,3.34,0.0,5.44,0,0.0,0.0,0.0
562.22,3.689,86.34,3.34,0.0,5.42,0,0.0,0.0,0.0
562.28,3.684,86.32,3.34,0.0,5.41,0,0.0,0.0,0.0
562.34,3.679,86.29,3.34,0.0,5.39,0,0.0,0.0,0.0
562.38,3.675,86.27,3.34,0.0,5.39,0,0.0,0.0,0.0
562.42,3.672,86.26,3.34,0.0,5.37,0,0.0,0.0,0.0
562.48,3.667,86.23,3.34,0.0,5.36,0,0.0,0.0,0.0
562.54,3.662,86.21,3.34,0.0,5.35,0,0.0,0.0,0.0
562.6,3.657,86.18,3.34,0.0,5.34,0,0.0,0.0,0.0
562.64,3.653,86.16,3.34,0.0,5.33,0,0.0,0.0,0.0
562.7,3.648,86.14,3.34,0.0,5.32,0,0.0,0.0,0.0
562.76,3.643,86.11,3.34,0.0,5.31,0,0.0,0.0,0.0
562.82,3.638,86.09,3.34,0.0,5.3,0,0.0,0.0,0.0
562.88,3.633,86.06,3.34,0.0,5.3,0,0.0,0.0,0.0
562.94,3.628,86.04,3.34,0.0,5.29,0,0.0,0.0,0.0
563.0,3.623,86.01,3.34,0.0,5.29,0,0.0,0.0,0.0
563.02,3.622,86.0,3.34,0.0,5.28,0,0.0,0.0,0.0
563.08,3.616,85.98,3.34,0.0,5.28,0,0.0,0.0,0.0
563.14,3.611,85.95,3.34,0.0,5.28,0,0.0,0.0,0.0
563.2,3.606,85.93,3.34,0.0,5.28,0,0.0,0.0,0.0
563.26,3.601,85.9,3.34,0.0,5.28,0,0.0,0.0,0.0
563.32,3.596,85.87,3.34,0.0,5.28,0,0.0,0.0,0.0
563.38,3.591,85.85,3.34,0.0,5.28,0,0.0,0.0,0.0
563.44,3.586,85.82,3.34,0.0,5.29,0,0.0,0.0,0.0
563.48,3.583,85.81,3.34,0.0,5.29,0,0.0,0.0,0.0
563.52,3.58,85.79,3.34,0.0,5.29,0,0.0,0.0,0.0
563.58,3.575,85.76,3.34,0.0,5.3,0,0.0,0.0,0.0
563.64,3.57,85.74,3.34,0.0,5.3,0,0.0,0.0,0.0
563.7,3.565,85.71,3.34,0.0,5.31,0,0.0,0.0,0.0
563.74,3.561,85.7,3.34,0.0,5.32,0,0.0,0.0,0.0
563.8,3.556,85.67,3.34,0.0,5.33,0,0.0,0.0,0.0
563.86,3.551,85.65,3.34,0.0,5.34,0,0.0,0.0,0.0
563.9,3.548,85.63,3.34,0.0,5.35,0,0.0,0.0,0.0
563.96,3.543,85.6,3.34,0.0,5.36,0,0.0,0.0,0.0
564.02,3.538,85.58,3.34,0.0,5.38,0,0.0,0.0,0.0
564.08,3.533,85.56,3.34,0.0,5.39,0,0.0,0.0,0.0
564.14,3.528,85.53,3.34,0.0,5.41,0,0.0,0.0,0.0
564.2,3.523,85.51,3.34,0.0,5.42,0,0.0,0.0,0.0
564.24,3.52,85.49,3.34,0.0,5.43,0,0.0,0.0,0.0
564.28,3.516,85.47,3.34,0.0,5.45,0,0.0,0.0,0.0
564.34,3.511,85.45,3.34,0.0,5.47,0,0.0,0.0,0.0
564.4,3.506,85.43,3.34,0.0,5.49,0,0.0,0.0,0.0
564.46,3.501,85.4,3.34,0.0,5.51,0,0.0,0.0,0.0
564.52,3.496,85.38,3.34,0.0,5.53,0,0.0,0.0,0.0
564.56,3.493,85.36,3.34,0.0,5.54,0,0.0,0.0,0.0
564.62,3.488,85.34,3.34,0.0,5.56,0,0.0,0.0,0.0
564.68,3.483,85.32,3.34,0.0,5.58,0,0.0,0.0,0.0
564.74,3.478,85.29,3.34,0.0,5.6,0,0.0,0.0,0.0
564.8,3.473,85.27,3.34,0.0,5.63,0,0.0,0.0,0.0
564.86,3.468,85.25,3.34,0.0,5.65,0,0.0,0.0,0.0
564.9,3.465,85.23,3.34,0.0,5.66,0,0.0,0.0,0.0
564.96,3.46,85.21,3.34,0.0,5.69,0,0.0,0.0,0.0
565.02,3.455,85.19,3.34,0.0,5.71,0,0.0,0.0,0.0
565.08,3.45,85.16,3.34,0.0,5.73,0,0.0,0.0,0.0
565.12,3.445,85.14,3.33,0.0,5.75,0,0.0,0.0,0.0
565.18,3.44,85.12,3.33,0.0,5.77,0,0.0,0.0,0.0
565.24,3.437,85.11,3.33,0.0,5.79,0,0.0,0.0,0.0
565.3,3.432,85.08,3.33,0.0,5.81,0,0.0,0.0,0.0
565.34,3.428,85.07,3.33,0.0,5.82,0,0.0,0.0,0.0
565.38,3.425,85.06,3.33,0.0,5.84,0,0.0,0.0,0.0
565.44,3.42,85.03,3.33,0.0,5.86,0,0.0,0.0,0.0
565.5,3.415,85.01,3.33,0.0,5.88,0,0.0,0.0,0.0
565.56,3.41,84.99,3.33,0.0,5.9,0,0.0,0.0,0.0
565.62,3.405,84.97,3.34,0.0,5.92,0,0.0,0.0,0.0
565.68,3.4,84.95,3.34,0.0,5.94,0,0.0,0.0,0.0
565.74,3.395,84.93,3.34,0.0,5.96,0,0.0,0.0,0.0
565.78,3.39,84.91,3.34,0.0,5.98,0,0.0,0.0,0.0
565.84,3.387,84.89,3.34,0.0,5.99,0,0.0,0.0,0.0
565.88,3.384,84.88,3.34,0.0,6.0,0,0.0,0.0,0.0
565.94,3.379,84.86,3.34,0.0,6.02,0,0.0,0.0,0.0
566.0,3.374,84.84,3.34,0.0,6.04,0,0.0,0.0,0.0
566.06,3.369,84.82,3.34,0.0,6.05,0,0.0,0.0,0.0
566.12,3.364,84.8,3.34,0.0,6.06,0,0.0,0.0,0.0
566.16,3.36,84.78,3.34,0.0,6.07,0,0.0,0.0,0.0
566.22,3.355,84.76,3.34,0.0,6.08,0,0.0,0.0,0.0
566.26,3.352,84.75,3.34,0.0,6.09,0,0.0,0.0,0.0
566.3,3.349,84.74,3.34,0.0,6.09,0,0.0,0.0,0.0
566.36,3.344,84.72,3.34,0.0,6.1,0,0.0,0.0,0.0
566.42,3.339,84.7,3.34,0.0,6.11,0,0.0,0.0,0.0
566.46,3.336,84.68,3.34,0.0,6.12,0,0.0,0.0,0.0
566.52,3.331,84.66,3.34,0.0,6.13,0,0.0,0.0,0.0
566.56,3.327,84.65,3.34,0.0,6.13,0,0.0,0.0,0.0
566.62,3.322,84.63,3.34,0.0,6.13,0,0.0,0.0,0.0
566.66,3.319,84.62,3.34,0.0,6.14,0,0.0,0.0,0.0
566.72,3.314,84.6,3.34,0.0,6.14,0,0.0,0.0,0.0
566.76,3.311,84.58,3.34,0.0,6.14,0,0.0,0.0,0.0
566.82,3.306,84.56,3.34,0.0,6.14,0,0.0,0.0,0.0
566.88,3.301,84.54,3.34,0.0,6.14,0,0.0,0.0,0.0
566.92,3.298,84.53,3.34,0.0,6.14,0,0.0,0.0,0.0
566.98,3.293,84.51,3.34,0.0,6.14,0,0.0,0.0,0.0
567.02,3.29,84.5,3.34,0.0,6.14,0,0.0,0.0,0.0
567.08,3.285,84.48,3.34,0.0,6.13,0,0.0,0.0,0.0
567.14,3.28,84.46,3.34,0.0,6.13,0,0.0,0.0,0.0
567.18,3.276,84.44,3.34,0.0,6.12,0,0.0,0.0,0.0
567.24,3.271,84.42,3.34,0.0,6.12,0,0.0,0.0,0.0
567.28,3.268,84.41,3.34,0.0,6.11,0,0.0,0.0,0.0
567.34,3.263,84.39,3.34,0.0,6.1,0,0.0,0.0,0.0
567.38,3.26,84.38,3.34,0.0,6.1,0,0.0,0.0,0.0
567.44,3.255,84.35,3.34,0.0,6.09,0,0.0,0.0,0.0
567.48,3.252,84.34,3.34,0.0,6.08,0,0.0,0.0,0.0
567.54,3.247,84.32,3.34,0.0,6.07,0,0.0,0.0,0.0
567.58,3.243,84.31,3.34,0.0,6.06,0,0.0,0.0,0.0
567.64,3.239,84.29,3.34,0.0,6.05,0,0.0,0.0,0.0
567.7,3.234,84.26,3.34,0.0,6.03,0,0.0,0.0,0.0
567.74,3.23,84.25,3.34,0.0,6.02,0,0.0,0.0,0.0
567.8,3.225,84.23,3.34,0.0,6.01,0,0.0,0.0,0.0
567.84,3.222,84.21,3.34,0.0,5.99,0,0.0,0.0,0.0
567.9,3.217,84.19,3.34,0.0,5.98,0,0.0,0.0,0.0
567.94,3.214,84.18,3.34,0.0,5.97,0,0.0,0.0,0.0
568.0,3.209,84.16,3.34,0.0,5.94,0,0.0,0.0,0.0
568.06,3.204,84.13,3.34,0.0,5.92,0,0.0,0.0,0.0
568.12,3.199,84.11,3.34,0.0,5.9,0,0.0,0.0,0.0
568.18,3.194,84.09,3.34,0.0,5.88,0,0.0,0.0,0.0
568.24,3.189,84.07,3.34,0.0,5.87,0,0.0,0.0,0.0
568.28,3.186,84.05,3.34,0.0,5.85,0,0.0,0.0,0.0
568.34,3.181,84.03,3.34,0.0,5.83,0,0.0,0.0,0.0
568.4,3.176,84.01,3.34,0.0,5.81,0,0.0,0.0,0.0
568.46,3.171,83.99,3.34,0.0,5.79,0,0.0,0.0,0.0
568.52,3.166,83.96,3.34,0.0,5.78,0,0.0,0.0,0.0
568.56,3.163,83.95,3.34,0.0,5.76,0,0.0,0.0,0.0
568.6,3.16,83.93,3.34,0.0,5.74,0,0.0,0.0,0.0
568.66,3.155,83.91,3.34,0.0,5.72,0,0.0,0.0,0.0
568.72,3.15,83.89,3.34,0.0,5.7,0,0.0,0.0,0.0
568.78,3.145,83.86,3.34,0.0,5.69,0,0.0,0.0,0.0
568.82,3.142,83.85,3.34,0.0,5.67,0,0.0,0.0,0.0
568.88,3.137,83.82,3.34,0.0,5.65,0,0.0,0.0,0.0
568.92,3.134,83.81,3.34,0.0,5.64,0,0.0,0.0,0.0
568.98,3.129,83.78,3.34,0.0,5.62,0,0.0,0.0,0.0
569.04,3.124,83.76,3.34,0.0,5.6,0,0.0,0.0,0.0
569.1,3.119,83.73,3.34,0.0,5.58,0,0.0,0.0,0.0
569.16,3.114,83.71,3.34,0.0,5.57,0,0.0,0.0,0.0
569.22,3.109,83.69,3.34,0.0,5.55,0,0.0,0.0,0.0
569.28,3.104,83.66,3.34,0.0,5.54,0,0.0,0.0,0.0
569.34,3.1,83.64,3.34,0.0,5.52,0,0.0,0.0,0.0
569.38,3.095,83.61,3.34,0.0,5.51,0,0.0,0.0,0.0
569.44,3.091,83.6,3.34,0.0,5.5,0,0.0,0.0,0.0
569.5,3.087,83.57,3.34,0.0,5.49,0,0.0,0.0,0.0
569.54,3.082,83.55,3.33,0.0,5.48,0,0.0,0.0,0.0
569.6,3.078,83.53,3.33,0.0,5.47,0,0.0,0.0,0.0
569.66,3.074,83.5,3.33,0.0,5.46,0,0.0,0.0,0.0
569.7,3.07,83.49,3.33,0.0,5.45,0,0.0,0.0,0.0
569.76,3.065,83.46,3.33,0.0,5.45,0,0.0,0.0,0.0
569.82,3.061,83.44,3.33,0.0,5.44,0,0.0,0.0,0.0
569.86,3.057,83.42,3.33,0.0,5.44,0,0.0,0.0,0.0
569.92,3.052,83.4,3.33,0.0,5.43,0,0.0,0.0,0.0
569.98,3.048,83.37,3.33,0.0,5.43,0,0.0,0.0,0.0
570.04,3.043,83.35,3.33,0.0,5.43,0,0.0,0.0,0.0
570.1,3.038,83.32,3.33,0.0,5.43,0,0.0,0.0,0.0
570.14,3.035,83.31,3.33,0.0,5.43,0,0.0,0.0,0.0
570.2,3.03,83.28,3.33,0.0,5.43,0,0.0,0.0,0.0
570.26,3.025,83.26,3.33,0.0,5.43,0,0.0,0.0,0.0
570.32,3.02,83.23,3.33,0.0,5.43,0,0.0,0.0,0.0
570.36,3.015,83.21,3.33,0.0,5.44,0,0.0,0.0,0.0
570.42,3.01,83.18,3.33,0.0,5.44,0,0.0,0.0,0.0
570.48,3.007,83.16,3.33,0.0,5.45,0,0.0,0.0,0.0
570.52,3.002,83.14,3.33,0.0,5.45,0,0.0,0.0,0.0
570.58,2.999,83.12,3.33,0.0,5.46,0,0.0,0.0,0.0
570.64,2.994,83.1,3.33,0.0,5.47,0,0.0,0.0,0.0
570.7,2.989,83.07,3.33,0.0,5.48,0,0.0,0.0,0.0
570.74,2.986,83.06,3.33,0.0,5.49,0,0.0,0.0,0.0
570.8,2.981,83.03,3.33,0.0,5.5,0,0.0,0.0,0.0
570.84,2.978,83.02,3.33,0.0,5.51,0,0.0,0.0,0.0
570.9,2.973,82.99,3.33,0.0,5.53,0,0.0,0.0,0.0
570.96,2.968,82.97,3.33,0.0,5.54,0,0.0,0.0,0.0
571.02,2.963,82.94,3.33,0.0,5.55,0,0.0,0.0,0.0
571.06,2.96,82.93,3.33,0.0,5.57,0,0.0,0.0,0.0
571.12,2.955,82.9,3.33,0.0,5.59,0,0.0,0.0,0.0
571.18,2.95,82.88,3.33,0.0,5.6,0,0.0,0.0,0.0
571.22,2.947,82.86,3.33,0.0,5.62,0,0.0,0.0,0.0
571.28,2.942,82.84,3.33,0.0,5.64,0,0.0,0.0,0.0
571.32,2.939,82.83,3.33,0.0,5.66,0,0.0,0.0,0.0
571.38,2.934,82.8,3.33,0.0,5.68,0,0.0,0.0,0.0
571.44,2.93,82.78,3.33,0.0,5.7,0,0.0,0.0,0.0
571.5,2.925,82.76,3.33,0.0,5.72,0,0.0,0.0,0.0
571.56,2.92,82.73,3.33,0.0,5.75,0,0.0,0.0,0.0
571.62,2.915,82.71,3.33,0.0,5.76,0,0.0,0.0,0.0
571.66,2.912,82.7,3.33,0.0,5.79,0,0.0,0.0,0.0
571.72,2.907,82.67,3.32,0.0,5.81,0,0.0,0.0,0.0
571.78,2.902,82.65,3.32,0.0,5.83,0,0.0,0.0,0.0
571.82,2.899,82.64,3.32,0.0,5.85,0,0.0,0.0,0.0
571.88,2.894,82.61,3.32,0.0,5.87,0,0.0,0.0,0.0
571.94,2.889,82.59,3.32,0.0,5.89,0,0.0,0.0,0.0
571.98,2.886,82.58,3.32,0.0,5.92,0,0.0,0.0,0.0
572.02,2.883,82.56,3.32,0.0,5.93,0,0.0,0.0,0.0
572.08,2.878,82.54,3.32,0.0,5.96,0,0.0,0.0,0.0
572.14,2.873,82.52,3.32,0.0,5.98,0,0.0,0.0,0.0
572.2,2.868,82.5,3.32,0.0,6.0,0,0.0,0.0,0.0
572.26,2.864,82.48,3.32,0.0,6.03,0,0.0,0.0,0.0
572.32,2.859,82.46,3.32,0.0,6.05,0,0.0,0.0,0.0
572.38,2.854,82.43,3.32,0.0,6.07,0,0.0,0.0,0.0
572.44,2.849,82.41,3.32,0.0,6.1,0,0.0,0.0,0.0
572.48,2.844,82.39,3.32,0.0,6.11,0,0.0,0.0,0.0
572.54,2.841,82.38,3.32,0.0,6.13,0,0.0,0.0,0.0
572.6,2.836,82.36,3.32,0.0,6.15,0,0.0,0.0,0.0
572.66,2.831,82.34,3.32,0.0,6.17,0,0.0,0.0,0.0
572.72,2.827,82.32,3.32,0.0,6.19,0,0.0,0.0,0.0
572.78,2.822,82.3,3.32,0.0,6.2,0,0.0,0.0,0.0
572.8,2.82,82.29,3.32,0.0,6.21,0,0.0,0.0,0.0
572.86,2.815,82.27,3.32,0.0,6.23,0,0.0,0.0,0.0
572.92,2.811,82.25,3.32,0.0,6.25,0,0.0,0.0,0.0
572.98,2.806,82.23,3.32,0.0,6.26,0,0.0,0.0,0.0
573.02,2.803,82.22,3.32,0.0,6.27,0,0.0,0.0,0.0
573.08,2.798,82.2,3.32,0.0,6.28,0,0.0,0.0,0.0
573.14,2.793,82.18,3.32,0.0,6.29,0,0.0,0.0,0.0
573.2,2.788,82.16,3.32,0.0,6.3,0,0.0,0.0,0.0
573.26,2.783,82.14,3.32,0.0,6.31,0,0.0,0.0,0.0
573.32,2.779,82.12,3.32,0.0,6.32,0,0.0,0.0,0.0
573.38,2.774,82.1,3.32,0.0,6.33,0,0.0,0.0,0.0
573.42,2.771,82.08,3.32,0.0,6.33,0,0.0,0.0,0.0
573.48,2.766,82.06,3.32,0.0,6.34,0,0.0,0.0,0.0
573.54,2.761,82.04,3.32,0.0,6.34,0,0.0,0.0,0.0
573.6,2.756,82.02,3.32,0.0,6.34,0,0.0,0.0,0.0
573.66,2.751,82.0,3.32,0.0,6.34,0,0.0,0.0,0.0
573.7,2.748,81.99,3.32,0.0,6.34,0,0.0,0.0,0.0
573.76,2.743,81.97,3.32,0.0,6.34,0,0.0,0.0,0.0
573.82,2.739,81.95,3.32,0.0,6.33,0,0.0,0.0,0.0
573.88,2.734,81.93,3.32,0.0,6.33,0,0.0,0.0,0.0
573.92,2.731,81.92,3.32,0.0,6.33,0,0.0,0.0,0.0
573.98,2.726,81.89,3.32,0.0,6.32,0,0.0,0.0,0.0
574.04,2.721,81.87,3.32,0.0,6.31,0,0.0,0.0,0.0
574.1,2.716,81.85,3.32,0.0,6.3,0,0.0,0.0,0.0
574.16,2.712,81.83,3.32,0.0,6.29,0,0.0,0.0,0.0
574.22,2.707,81.81,3.32,0.0,6.28,0,0.0,0.0,0.0
574.28,2.702,81.79,3.32,0.0,6.27,0,0.0,0.0,0.0
574.32,2.699,81.78,3.32,0.0,6.26,0,0.0,0.0,0.0
574.36,2.696,81.76,3.32,0.0,6.25,0,0.0,0.0,0.0
574.42,2.691,81.74,3.32,0.0,6.23,0,0.0,0.0,0.0
574.48,2.686,81.72,3.32,0.0,6.22,0,0.0,0.0,0.0
574.54,2.681,81.7,3.32,0.0,6.21,0,0.0,0.0,0.0
574.58,2.678,81.68,3.32,0.0,6.19,0,0.0,0.0,0.0
574.64,2.673,81.66,3.32,0.0,6.17,0,0.0,0.0,0.0
574.7,2.669,81.64,3.32,0.0,6.15,0,0.0,0.0,0.0
574.76,2.664,81.62,3.32,0.0,6.13,0,0.0,0.0,0.0
574.82,2.659,81.6,3.32,0.0,6.11,0,0.0,0.0,0.0
574.88,2.654,81.57,3.32,0.0,6.09,0,0.0,0.0,0.0
574.92,2.651,81.56,3.32,0.0,6.07,0,0.0,0.0,0.0
574.98,2.646,81.54,3.32,0.0,6.05,0,0.0,0.0,0.0
575.04,2.642,81.51,3.32,0.0,6.03,0,0.0,0.0,0.0
575.08,2.638,81.5,3.32,0.0,6.01,0,0.0,0.0,0.0
575.14,2.634,81.47,3.32,0.0,5.99,0,0.0,0.0,0.0
575.2,2.629,81.45,3.32,0.0,5.96,0,0.0,0.0,0.0
575.26,2.624,81.43,3.32,0.0,5.95,0,0.0,0.0,0.0
575.3,2.621,81.41,3.32,0.0,5.92,0,0.0,0.0,0.0
575.36,2.616,81.39,3.32,0.0,5.9,0,0.0,0.0,0.0
575.42,2.612,81.36,3.32,0.0,5.88,0,0.0,0.0,0.0
575.48,2.607,81.34,3.32,0.0,5.86,0,0.0,0.0,0.0
575.52,2.604,81.32,3.32,0.0,5.84,0,0.0,0.0,0.0
575.58,2.599,81.3,3.32,0.0,5.82,0,0.0,0.0,0.0
575.62,2.596,81.28,3.32,0.0,5.81,0,0.0,0.0,0.0
575.68,2.591,81.26,3.32,0.0,5.79,0,0.0,0.0,0.0
575.74,2.586,81.23,3.32,0.0,5.76,0,0.0,0.0,0.0
575.8,2.581,81.21,3.32,0.0,5.74,0,0.0,0.0,0.0
575.86,2.577,81.18,3.32,0.0,5.72,0,0.0,0.0,0.0
575.92,2.572,81.16,3.32,0.0,5.7,0,0.0,0.0,0.0
575.98,2.567,81.13,3.32,0.0,5.68,0,0.0,0.0,0.0
576.0,2.566,81.12,3.32,0.0,5.68,0,0.0,0.0,0.0
576.06,2.561,81.1,3.32,0.0,5.66,0,0.0,0.0,0.0
576.12,2.556,81.07,3.32,0.0,5.64,0,0.0,0.0,0.0
576.16,2.553,81.06,3.32,0.0,5.63,0,0.0,0.0,0.0
576.2,2.55,81.04,3.32,0.0,5.62,0,0.0,0.0,0.0
576.26,2.545,81.01,3.32,0.0,5.61,0,0.0,0.0,0.0
576.32,2.54,80.99,3.32,0.0,5.59,0,0.0,0.0,0.0
576.38,2.536,80.96,3.31,0.0,5.58,0,0.0,0.0,0.0
576.44,2.531,80.94,3.31,0.0,5.57,0,0.0,0.0,0.0
576.5,2.526,80.91,3.31,0.0,5.57,0,0.0,0.0,0.0
576.56,2.521,80.88,3.31,0.0,5.56,0,0.0,0.0,0.0
576.6,2.518,80.87,3.31,0.0,5.56,0,0.0,0.0,0.0
576.66,2.514,80.84,3.31,0.0,5.55,0,0.0,0.0,0.0
576.72,2.509,80.82,3.31,0.0,5.55,0,0.0,0.0,0.0
576.76,2.506,80.8,3.31,0.0,5.55,0,0.0,0.0,0.0
576.82,2.501,80.77,3.31,0.0,5.55,0,0.0,0.0,0.0
576.88,2.496,80.75,3.31,0.0,5.55,0,0.0,0.0,0.0
576.94,2.492,80.72,3.31,0.0,5.56,0,0.0,0.0,0.0
576.98,2.488,80.7,3.31,0.0,5.56,0,0.0,0.0,0.0
577.04,2.484,80.68,3.31,0.0,5.57,0,0.0,0.0,0.0
577.1,2.479,80.65,3.31,0.0,5.58,0,0.0,0.0,0.0
577.16,2.474,80.63,3.31,0.0,5.59,0,0.0,0.0,0.0
577.22,2.47,80.6,3.31,0.0,5.6,0,0.0,0.0,0.0
577.26,2.465,80.58,3.31,0.0,5.61,0,0.0,0.0,0.0
577.32,2.46,80.55,3.31,0.0,5.63,0,0.0,0.0,0.0
577.38,2.455,80.53,3.31,0.0,5.64,0,0.0,0.0,0.0
577.44,2.452,80.51,3.31,0.0,5.66,0,0.0,0.0,0.0
577.48,2.448,80.49,3.31,0.0,5.68,0,0.0,0.0,0.0
577.54,2.443,80.46,3.31,0.0,5.7,0,0.0,0.0,0.0
577.6,2.44,80.45,3.31,0.0,5.72,0,0.0,0.0,0.0
577.64,2.435,80.42,3.3,0.0,5.74,0,0.0,0.0,0.0
577.7,2.432,80.4,3.3,0.0,5.76,0,0.0,0.0,0.0
577.76,2.427,80.38,3.3,0.0,5.78,0,0.0,0.0,0.0
577.8,2.424,80.37,3.3,0.0,5.81,0,0.0,0.0,0.0
577.86,2.419,80.34,3.3,0.0,5.84,0,0.0,0.0,0.0
577.92,2.415,80.32,3.3,0.0,5.87,0,0.0,0.0,0.0
577.96,2.412,80.3,3.3,0.0,5.88,0,0.0,0.0,0.0
578.02,2.407,80.28,3.3,0.0,5.93,0,0.0,0.0,0.0
578.08,2.402,80.26,3.3,0.0,5.96,0,0.0,0.0,0.0
578.14,2.398,80.23,3.3,0.0,6.0,0,0.0,0.0,0.0
578.2,2.393,80.21,3.3,0.0,6.02,0,0.0,0.0,0.0
578.24,2.39,80.2,3.3,0.0,6.06,0,0.0,0.0,0.0
578.3,2.385,80.18,3.3,0.0,6.1,0,0.0,0.0,0.0
578.36,2.38,80.15,3.3,0.0,6.14,0,0.0,0.0,0.0
578.42,2.376,80.13,3.3,0.0,6.18,0,0.0,0.0,0.0
578.48,2.371,80.11,3.3,0.0,6.23,0,0.0,0.0,0.0
578.52,2.366,80.09,3.3,0.0,6.25,0,0.0,0.0,0.0
578.58,2.363,80.08,3.3,0.0,6.28,0,0.0,0.0,0.0
578.62,2.36,80.06,3.3,0.0,6.33,0,0.0,0.0,0.0
578.68,2.355,80.04,3.3,0.0,6.36,0,0.0,0.0,0.0
578.72,2.352,80.03,3.3,0.0,6.4,0,0.0,0.0,0.0
578.78,2.348,80.01,3.3,0.0,6.43,0,0.0,0.0,0.0
578.84,2.343,79.99,3.3,0.0,6.49,0,0.0,0.0,0.0
578.9,2.338,79.97,3.3,0.0,6.54,0,0.0,0.0,0.0
578.96,2.334,79.95,3.3,0.0,6.57,0,0.0,0.0,0.0
579.0,2.33,79.94,3.3,0.0,6.61,0,0.0,0.0,0.0
579.06,2.326,79.92,3.3,0.0,6.64,0,0.0,0.0,0.0
579.1,2.323,79.91,3.3,0.0,6.67,0,0.0,0.0,0.0
579.16,2.318,79.88,3.3,0.0,6.73,0,0.0,0.0,0.0
579.22,2.313,79.87,3.3,0.0,6.78,0,0.0,0.0,0.0
579.28,2.309,79.85,3.3,0.0,6.82,0,0.0,0.0,0.0
579.34,2.304,79.84,3.3,0.0,6.85,0,0.0,0.0,0.0
579.38,2.301,79.83,3.3,0.0,6.88,0,0.0,0.0,0.0
579.44,2.296,79.81,3.3,0.0,6.94,0,0.0,0.0,0.0
579.5,2.292,79.79,3.3,0.0,6.98,0,0.0,0.0,0.0
579.54,2.287,79.78,3.3,0.0,7.01,0,0.0,0.0,0.0
579.6,2.284,79.76,3.3,0.0,7.05,0,0.0,0.0,0.0
579.64,2.281,79.75,3.3,0.0,7.06,0,0.0,0.0,0.0
579.68,2.278,79.74,3.3,0.0,7.09,0,0.0,0.0,0.0
579.74,2.273,79.73,3.3,0.0,7.14,0,0.0,0.0,0.0
579.8,2.268,79.71,3.3,0.0,7.17,0,0.0,0.0,0.0
579.86,2.264,79.7,3.3,0.0,7.21,0,0.0,0.0,0.0
579.92,2.259,79.68,3.3,0.0,7.24,0,0.0,0.0,0.0
579.98,2.254,79.67,3.3,0.0,7.26,0,0.0,0.0,0.0
580.02,2.251,79.66,3.3,0.0,7.3,0,0.0,0.0,0.0
580.06,2.248,79.65,3.3,0.0,7.31,0,0.0,0.0,0.0
580.12,2.243,79.63,3.3,0.0,7.34,0,0.0,0.0,0.0
580.18,2.239,79.62,3.3,0.0,7.37,0,0.0,0.0,0.0
580.24,2.234,79.6,3.3,0.0,7.4,0,0.0,0.0,0.0
580.3,2.229,79.59,3.31,0.0,7.42,0,0.0,0.0,0.0
580.36,2.225,79.57,3.31,0.0,7.44,0,0.0,0.0,0.0
580.42,2.22,79.56,3.31,0.0,7.46,0,0.0,0.0,0.0
580.46,2.215,79.54,3.31,0.0,7.48,0,0.0,0.0,0.0
580.52,2.212,79.53,3.31,0.0,7.49,0,0.0,0.0,0.0
580.58,2.208,79.52,3.31,0.0,7.51,0,0.0,0.0,0.0
580.62,2.205,79.51,3.31,0.0,7.52,0,0.0,0.0,0.0
580.66,2.201,79.5,3.31,0.0,7.53,0,0.0,0.0,0.0
580.72,2.197,79.49,3.31,0.0,7.54,0,0.0,0.0,0.0
580.78,2.192,79.47,3.31,0.0,7.55,0,0.0,0.0,0.0
580.84,2.188,79.46,3.31,0.0,7.55,0,0.0,0.0,0.0
580.88,2.184,79.45,3.31,0.0,7.56,0,0.0,0.0,0.0
580.94,2.18,79.43,3.31,0.0,7.56,0,0.0,0.0,0.0
581.0,2.175,79.42,3.31,0.0,7.57,0,0.0,0.0,0.0
581.06,2.171,79.41,3.31,0.0,7.57,0,0.0,0.0,0.0
581.12,2.166,79.39,3.31,0.0,7.57,0,0.0,0.0,0.0
581.18,2.161,79.38,3.31,0.0,7.56,0,0.0,0.0,0.0
581.22,2.158,79.37,3.31,0.0,7.56,0,0.0,0.0,0.0
581.28,2.153,79.35,3.31,0.0,7.55,0,0.0,0.0,0.0
581.34,2.149,79.34,3.31,0.0,7.54,0,0.0,0.0,0.0
581.4,2.144,79.32,3.31,0.0,7.53,0,0.0,0.0,0.0
581.46,2.14,79.31,3.31,0.0,7.52,0,0.0,0.0,0.0
581.52,2.135,79.29,3.31,0.0,7.51,0,0.0,0.0,0.0
581.56,2.132,79.28,3.31,0.0,7.5,0,0.0,0.0,0.0
581.62,2.127,79.26,3.31,0.0,7.49,0,0.0,0.0,0.0
581.68,2.123,79.25,3.31,0.0,7.47,0,0.0,0.0,0.0
581.74,2.118,79.23,3.31,0.0,7.45,0,0.0,0.0,0.0
581.8,2.113,79.22,3.32,0.0,7.44,0,0.0,0.0,0.0
581.84,2.11,79.2,3.32,0.0,7.42,0,0.0,0.0,0.0
581.9,2.106,79.19,3.32,0.0,7.4,0,0.0,0.0,0.0
581.96,2.101,79.17,3.32,0.0,7.38,0,0.0,0.0,0.0
582.0,2.098,79.16,3.32,0.0,7.36,0,0.0,0.0,0.0
582.04,2.095,79.15,3.32,0.0,7.34,0,0.0,0.0,0.0
582.1,2.09,79.13,3.32,0.0,7.32,0,0.0,0.0,0.0
582.16,2.086,79.11,3.32,0.0,7.29,0,0.0,0.0,0.0
582.22,2.081,79.09,3.32,0.0,7.27,0,0.0,0.0,0.0
582.28,2.076,79.08,3.32,0.0,7.24,0,0.0,0.0,0.0
582.34,2.072,79.06,3.32,0.0,7.22,0,0.0,0.0,0.0
582.38,2.069,79.04,3.32,0.0,7.19,0,0.0,0.0,0.0
582.44,2.064,79.02,3.32,0.0,7.17,0,0.0,0.0,0.0
582.5,2.059,79.01,3.32,0.0,7.15,0,0.0,0.0,0.0
582.54,2.056,78.99,3.32,0.0,7.12,0,0.0,0.0,0.0
582.6,2.052,78.97,3.32,0.0,7.09,0,0.0,0.0,0.0
582.66,2.047,78.95,3.32,0.0,7.06,0,0.0,0.0,0.0
582.72,2.042,78.93,3.32,0.0,7.03,0,0.0,0.0,0.0
582.78,2.038,78.91,3.32,0.0,7.01,0,0.0,0.0,0.0
582.84,2.033,78.89,3.32,0.0,6.99,0,0.0,0.0,0.0
582.88,2.03,78.88,3.32,0.0,6.97,0,0.0,0.0,0.0
582.94,2.026,78.86,3.32,0.0,6.94,0,0.0,0.0,0.0
582.98,2.022,78.84,3.32,0.0,6.92,0,0.0,0.0,0.0
583.04,2.018,78.82,3.32,0.0,6.89,0,0.0,0.0,0.0
583.1,2.013,78.8,3.32,0.0,6.87,0,0.0,0.0,0.0
583.16,2.009,78.78,3.32,0.0,6.84,0,0.0,0.0,0.0
583.22,2.004,78.76,3.32,0.0,6.83,0,0.0,0.0,0.0
583.26,2.001,78.74,3.32,0.0,6.8,0,0.0,0.0,0.0
583.32,1.996,78.72,3.32,0.0,6.78,0,0.0,0.0,0.0
583.38,1.992,78.7,3.32,0.0,6.76,0,0.0,0.0,0.0
583.44,1.987,78.67,3.32,0.0,6.74,0,0.0,0.0,0.0
583.5,1.983,78.65,3.32,0.0,6.73,0,0.0,0.0,0.0
583.54,1.979,78.63,3.32,0.0,6.71,0,0.0,0.0,0.0
583.6,1.975,78.61,3.32,0.0,6.7,0,0.0,0.0,0.0
583.66,1.97,78.59,3.32,0.0,6.68,0,0.0,0.0,0.0
583.72,1.966,78.56,3.32,0.0,6.67,0,0.0,0.0,0.0
583.76,1.961,78.54,3.31,0.0,6.66,0,0.0,0.0,0.0
583.82,1.958,78.53,3.31,0.0,6.65,0,0.0,0.0,0.0
583.88,1.953,78.5,3.31,0.0,6.65,0,0.0,0.0,0.0
583.92,1.95,78.49,3.31,0.0,6.64,0,0.0,0.0,0.0
583.98,1.946,78.46,3.31,0.0,6.64,0,0.0,0.0,0.0
584.04,1.941,78.44,3.31,0.0,6.63,0,0.0,0.0,0.0
584.1,1.937,78.42,3.31,0.0,6.63,0,0.0,0.0,0.0
584.16,1.932,78.39,3.31,0.0,6.63,0,0.0,0.0,0.0
584.2,1.927,78.37,3.31,0.0,6.63,0,0.0,0.0,0.0
584.26,1.924,78.35,3.31,0.0,6.64,0,0.0,0.0,0.0
584.32,1.92,78.33,3.31,0.0,6.64,0,0.0,0.0,0.0
584.36,1.917,78.31,3.31,0.0,6.64,0,0.0,0.0,0.0
584.42,1.912,78.29,3.31,0.0,6.65,0,0.0,0.0,0.0
584.48,1.908,78.26,3.31,0.0,6.66,0,0.0,0.0,0.0
584.54,1.903,78.24,3.31,0.0,6.67,0,0.0,0.0,0.0
584.6,1.898,78.22,3.31,0.0,6.68,0,0.0,0.0,0.0
584.64,1.895,78.2,3.31,0.0,6.7,0,0.0,0.0,0.0
584.7,1.891,78.18,3.31,0.0,6.71,0,0.0,0.0,0.0
584.76,1.886,78.15,3.31,0.0,6.73,0,0.0,0.0,0.0
584.82,1.882,78.13,3.31,0.0,6.74,0,0.0,0.0,0.0
584.86,1.879,78.12,3.31,0.0,6.76,0,0.0,0.0,0.0
584.92,1.874,78.09,3.31,0.0,6.79,0,0.0,0.0,0.0
584.98,1.869,78.07,3.31,0.0,6.8,0,0.0,0.0,0.0
585.02,1.866,78.05,3.31,0.0,6.83,0,0.0,0.0,0.0
585.06,1.863,78.04,3.31,0.0,6.84,0,0.0,0.0,0.0
585.14,1.857,78.01,3.31,0.0,6.87,0,0.0,0.0,0.0
585.18,1.854,77.99,3.31,0.0,6.89,0,0.0,0.0,0.0
585.24,1.85,77.97,3.31,0.0,6.92,0,0.0,0.0,0.0
585.28,1.847,77.96,3.31,0.0,6.94,0,0.0,0.0,0.0
585.34,1.842,77.93,3.31,0.0,6.97,0,0.0,0.0,0.0
585.38,1.839,77.92,3.31,0.0,6.99,0,0.0,0.0,0.0
585.44,1.834,77.9,3.31,0.0,7.03,0,0.0,0.0,0.0
585.48,1.831,77.88,3.31,0.0,7.05,0,0.0,0.0,0.0
585.54,1.827,77.86,3.31,0.0,7.08,0,0.0,0.0,0.0
585.6,1.822,77.84,3.31,0.0,7.12,0,0.0,0.0,0.0
585.64,1.819,77.83,3.31,0.0,7.14,0,0.0,0.0,0.0
585.68,1.816,77.81,3.31,0.0,7.17,0,0.0,0.0,0.0
585.74,1.812,77.79,3.31,0.0,7.21,0,0.0,0.0,0.0
585.8,1.807,77.77,3.31,0.0,7.24,0,0.0,0.0,0.0
585.84,1.804,77.76,3.31,0.0,7.27,0,0.0,0.0,0.0
585.9,1.8,77.74,3.31,0.0,7.31,0,0.0,0.0,0.0
585.94,1.796,77.72,3.31,0.0,7.33,0,0.0,0.0,0.0
586.0,1.792,77.7,3.31,0.0,7.37,0,0.0,0.0,0.0
586.04,1.789,77.69,3.31,0.0,7.4,0,0.0,0.0,0.0
586.1,1.784,77.67,3.31,0.0,7.44,0,0.0,0.0,0.0
586.14,1.781,77.66,3.31,0.0,7.46,0,0.0,0.0,0.0
586.2,1.777,77.64,3.31,0.0,7.5,0,0.0,0.0,0.0
586.24,1.774,77.63,3.31,0.0,7.53,0,0.0,0.0,0.0
586.3,1.769,77.61,3.31,0.0,7.56,0,0.0,0.0,0.0
586.34,1.766,77.59,3.31,0.0,7.59,0,0.0,0.0,0.0
586.4,1.762,77.57,3.31,0.0,7.63,0,0.0,0.0,0.0
586.44,1.759,77.56,3.31,0.0,7.65,0,0.0,0.0,0.0
586.5,1.754,77.54,3.31,0.0,7.69,0,0.0,0.0,0.0
586.54,1.751,77.53,3.31,0.0,7.71,0,0.0,0.0,0.0
586.6,1.746,77.51,3.31,0.0,7.75,0,0.0,0.0,0.0
586.64,1.743,77.5,3.31,0.0,7.77,0,0.0,0.0,0.0
586.7,1.739,77.48,3.31,0.0,7.8,0,0.0,0.0,0.0
586.72,1.736,77.47,3.31,0.0,7.82,0,0.0,0.0,0.0
586.8,1.731,77.45,3.31,0.0,7.85,0,0.0,0.0,0.0
586.84,1.728,77.44,3.31,0.0,7.87,0,0.0,0.0,0.0
586.9,1.724,77.42,3.31,0.0,7.9,0,0.0,0.0,0.0
586.94,1.721,77.41,3.31,0.0,7.92,0,0.0,0.0,0.0
586.98,1.718,77.4,3.31,0.0,7.94,0,0.0,0.0,0.0
587.04,1.713,77.38,3.31,0.0,7.97,0,0.0,0.0,0.0
587.1,1.709,77.37,3.31,0.0,7.99,0,0.0,0.0,0.0
587.16,1.704,77.35,3.31,0.0,8.02,0,0.0,0.0,0.0
587.2,1.701,77.34,3.31,0.0,8.03,0,0.0,0.0,0.0
587.24,1.698,77.33,3.31,0.0,8.04,0,0.0,0.0,0.0
587.3,1.694,77.31,3.31,0.0,8.06,0,0.0,0.0,0.0
587.34,1.691,77.3,3.31,0.0,8.07,0,0.0,0.0,0.0
587.4,1.686,77.28,3.31,0.0,8.09,0,0.0,0.0,0.0
587.42,1.683,77.27,3.31,0.0,8.1,0,0.0,0.0,0.0
587.5,1.679,77.25,3.31,0.0,8.11,0,0.0,0.0,0.0
587.56,1.674,77.24,3.31,0.0,8.12,0,0.0,0.0,0.0
587.6,1.671,77.22,3.31,0.0,8.13,0,0.0,0.0,0.0
587.64,1.668,77.21,3.31,0.0,8.14,0,0.0,0.0,0.0
587.7,1.663,77.2,3.31,0.0,8.14,0,0.0,0.0,0.0
587.74,1.66,77.19,3.31,0.0,8.15,0,0.0,0.0,0.0
587.8,1.656,77.17,3.31,0.0,8.15,0,0.0,0.0,0.0
587.86,1.651,77.15,3.31,0.0,8.15,0,0.0,0.0,0.0
587.9,1.648,77.14,3.31,0.0,8.15,0,0.0,0.0,0.0
587.96,1.644,77.12,3.31,0.0,8.15,0,0.0,0.0,0.0
588.0,1.641,77.11,3.31,0.0,8.15,0,0.0,0.0,0.0
588.06,1.636,77.09,3.31,0.0,8.14,0,0.0,0.0,0.0
588.1,1.633,77.08,3.31,0.0,8.14,0,0.0,0.0,0.0
588.14,1.63,77.07,3.31,0.0,8.14,0,0.0,0.0,0.0
588.2,1.626,77.05,3.31,0.0,8.13,0,0.0,0.0,0.0
588.26,1.621,77.03,3.31,0.0,8.12,0,0.0,0.0,0.0
588.32,1.617,77.01,3.31,0.0,8.1,0,0.0,0.0,0.0
588.36,1.614,77.0,3.31,0.0,8.09,0,0.0,0.0,0.0
588.4,1.611,76.99,3.31,0.0,8.08,0,0.0,0.0,0.0
588.44,1.606,76.97,3.31,0.0,8.07,0,0.0,0.0,0.0
588.52,1.602,76.95,3.31,0.0,8.05,0,0.0,0.0,0.0
588.52,1.599,76.94,3.31,0.0,8.04,0,0.0,0.0,0.0
588.6,1.596,76.93,3.31,0.0,8.02,0,0.0,0.0,0.0
588.66,1.591,76.91,3.31,0.0,8.0,0,0.0,0.0,0.0
588.7,1.588,76.9,3.31,0.0,7.99,0,0.0,0.0,0.0
588.76,1.584,76.88,3.31,0.0,7.96,0,0.0,0.0,0.0
588.8,1.581,76.86,3.31,0.0,7.95,0,0.0,0.0,0.0
588.86,1.576,76.84,3.31,0.0,7.92,0,0.0,0.0,0.0
588.92,1.572,76.82,3.31,0.0,7.89,0,0.0,0.0,0.0
588.96,1.569,76.81,3.31,0.0,7.87,0,0.0,0.0,0.0
589.0,1.566,76.79,3.31,0.0,7.86,0,0.0,0.0,0.0
589.06,1.561,76.77,3.31,0.0,7.83,0,0.0,0.0,0.0
589.1,1.558,76.76,3.31,0.0,7.81,0,0.0,0.0,0.0
589.16,1.554,76.74,3.31,0.0,7.78,0,0.0,0.0,0.0
589.22,1.549,76.72,3.31,0.0,7.75,0,0.0,0.0,0.0
589.26,1.546,76.7,3.31,0.0,7.73,0,0.0,0.0,0.0
589.32,1.542,76.68,3.31,0.0,7.69,0,0.0,0.0,0.0
589.36,1.539,76.67,3.31,0.0,7.67,0,0.0,0.0,0.0
589.4,1.536,76.65,3.31,0.0,7.65,0,0.0,0.0,0.0
589.46,1.531,76.63,3.31,0.0,7.62,0,0.0,0.0,0.0
589.52,1.527,76.61,3.31,0.0,7.59,0,0.0,0.0,0.0
589.56,1.524,76.59,3.31,0.0,7.57,0,0.0,0.0,0.0
589.62,1.519,76.57,3.31,0.0,7.53,0,0.0,0.0,0.0
589.66,1.516,76.55,3.31,0.0,7.51,0,0.0,0.0,0.0
589.72,1.512,76.53,3.31,0.0,7.48,0,0.0,0.0,0.0
589.76,1.509,76.51,3.31,0.0,7.46,0,0.0,0.0,0.0
589.82,1.504,76.49,3.31,0.0,7.43,0,0.0,0.0,0.0
589.86,1.501,76.47,3.31,0.0,7.41,0,0.0,0.0,0.0
589.92,1.497,76.45,3.31,0.0,7.38,0,0.0,0.0,0.0
589.96,1.494,76.43,3.31,0.0,7.36,0,0.0,0.0,0.0
590.02,1.489,76.41,3.31,0.0,7.33,0,0.0,0.0,0.0
590.08,1.485,76.38,3.31,0.0,7.3,0,0.0,0.0,0.0
590.12,1.482,76.37,3.31,0.0,7.29,0,0.0,0.0,0.0
590.18,1.477,76.34,3.31,0.0,7.26,0,0.0,0.0,0.0
590.22,1.474,76.33,3.31,0.0,7.24,0,0.0,0.0,0.0
590.28,1.47,76.3,3.31,0.0,7.22,0,0.0,0.0,0.0
590.32,1.467,76.28,3.31,0.0,7.2,0,0.0,0.0,0.0
590.38,1.463,76.26,3.31,0.0,7.18,0,0.0,0.0,0.0
590.44,1.458,76.23,3.31,0.0,7.16,0,0.0,0.0,0.0
590.48,1.455,76.21,3.31,0.0,7.14,0,0.0,0.0,0.0
590.54,1.451,76.19,3.31,0.0,7.13,0,0.0,0.0,0.0
590.6,1.446,76.16,3.31,0.0,7.11,0,0.0,0.0,0.0
590.66,1.442,76.14,3.31,0.0,7.1,0,0.0,0.0,0.0
590.72,1.437,76.11,3.31,0.0,7.09,0,0.0,0.0,0.0
590.78,1.433,76.09,3.31,0.0,7.08,0,0.0,0.0,0.0
590.82,1.428,76.06,3.31,0.0,7.07,0,0.0,0.0,0.0
590.88,1.425,76.04,3.31,0.0,7.07,0,0.0,0.0,0.0
590.92,1.422,76.03,3.31,0.0,7.06,0,0.0,0.0,0.0
590.98,1.418,76.0,3.3,0.0,7.06,0,0.0,0.0,0.0
591.04,1.413,75.97,3.3,0.0,7.06,0,0.0,0.0,0.0
591.1,1.409,75.95,3.3,0.0,7.06,0,0.0,0.0,0.0
591.16,1.405,75.92,3.3,0.0,7.07,0,0.0,0.0,0.0
591.22,1.4,75.9,3.3,0.0,7.07,0,0.0,0.0,0.0
591.28,1.396,75.87,3.3,0.0,7.08,0,0.0,0.0,0.0
591.32,1.393,75.85,3.3,0.0,7.08,0,0.0,0.0,0.0
591.36,1.39,75.83,3.3,0.0,7.09,0,0.0,0.0,0.0
591.42,1.385,75.81,3.3,0.0,7.1,0,0.0,0.0,0.0
591.48,1.381,75.78,3.3,0.0,7.12,0,0.0,0.0,0.0
591.54,1.376,75.76,3.3,0.0,7.13,0,0.0,0.0,0.0
591.6,1.372,75.73,3.3,0.0,7.15,0,0.0,0.0,0.0
591.64,1.369,75.72,3.3,0.0,7.17,0,0.0,0.0,0.0
591.7,1.365,75.69,3.3,0.0,7.18,0,0.0,0.0,0.0
591.76,1.36,75.67,3.3,0.0,7.21,0,0.0,0.0,0.0
591.8,1.357,75.65,3.3,0.0,7.23,0,0.0,0.0,0.0
591.86,1.353,75.63,3.3,0.0,7.26,0,0.0,0.0,0.0
591.92,1.348,75.6,3.3,0.0,7.27,0,0.0,0.0,0.0
591.98,1.344,75.58,3.3,0.0,7.31,0,0.0,0.0,0.0
592.04,1.339,75.55,3.3,0.0,7.35,0,0.0,0.0,0.0
592.1,1.335,75.53,3.3,0.0,7.37,0,0.0,0.0,0.0
592.14,1.332,75.51,3.3,0.0,7.4,0,0.0,0.0,0.0
592.2,1.328,75.49,3.3,0.0,7.44,0,0.0,0.0,0.0
592.26,1.323,75.47,3.3,0.0,7.46,0,0.0,0.0,0.0
592.32,1.319,75.44,3.3,0.0,7.5,0,0.0,0.0,0.0
592.36,1.316,75.43,3.3,0.0,7.54,0,0.0,0.0,0.0
592.42,1.311,75.41,3.29,0.0,7.58,0,0.0,0.0,0.0
592.48,1.307,75.38,3.29,0.0,7.62,0,0.0,0.0,0.0
592.54,1.302,75.36,3.29,0.0,7.67,0,0.0,0.0,0.0
592.6,1.298,75.34,3.29,0.0,7.69,0,0.0,0.0,0.0
592.64,1.295,75.33,3.29,0.0,7.74,0,0.0,0.0,0.0
592.7,1.291,75.3,3.29,0.0,7.78,0,0.0,0.0,0.0
592.76,1.286,75.28,3.29,0.0,7.81,0,0.0,0.0,0.0
592.8,1.283,75.27,3.29,0.0,7.86,0,0.0,0.0,0.0
592.86,1.279,75.25,3.29,0.0,7.89,0,0.0,0.0,0.0
592.9,1.276,75.23,3.29,0.0,7.93,0,0.0,0.0,0.0
592.96,1.272,75.21,3.29,0.0,7.98,0,0.0,0.0,0.0
593.02,1.267,75.19,3.29,0.0,8.02,0,0.0,0.0,0.0
593.08,1.263,75.17,3.29,0.0,8.05,0,0.0,0.0,0.0
593.12,1.26,75.16,3.29,0.0,8.1,0,0.0,0.0,0.0
593.18,1.255,75.14,3.29,0.0,8.14,0,0.0,0.0,0.0
593.24,1.251,75.12,3.29,0.0,8.19,0,0.0,0.0,0.0
593.28,1.248,75.11,3.29,0.0,8.22,0,0.0,0.0,0.0
593.34,1.244,75.09,3.29,0.0,8.25,0,0.0,0.0,0.0
593.4,1.239,75.07,3.29,0.0,8.3,0,0.0,0.0,0.0
593.46,1.235,75.06,3.29,0.0,8.34,0,0.0,0.0,0.0
593.52,1.23,75.04,3.29,0.0,8.38,0,0.0,0.0,0.0
593.58,1.226,75.02,3.29,0.0,8.42,0,0.0,0.0,0.0
593.64,1.222,75.0,3.29,0.0,8.45,0,0.0,0.0,0.0
593.68,1.219,74.99,3.29,0.0,8.49,0,0.0,0.0,0.0
593.74,1.214,74.97,3.29,0.0,8.52,0,0.0,0.0,0.0
593.8,1.21,74.96,3.29,0.0,8.56,0,0.0,0.0,0.0
593.86,1.205,74.94,3.3,0.0,8.59,0,0.0,0.0,0.0
593.9,1.203,74.93,3.3,0.0,8.61,0,0.0,0.0,0.0
593.96,1.198,74.91,3.3,0.0,8.64,0,0.0,0.0,0.0
594.02,1.194,74.9,3.3,0.0,8.67,0,0.0,0.0,0.0
594.06,1.189,74.88,3.3,0.0,8.7,0,0.0,0.0,0.0
594.12,1.185,74.86,3.3,0.0,8.72,0,0.0,0.0,0.0
594.18,1.181,74.85,3.3,0.0,8.74,0,0.0,0.0,0.0
594.24,1.178,74.84,3.3,0.0,8.76,0,0.0,0.0,0.0
594.28,1.173,74.82,3.3,0.0,8.77,0,0.0,0.0,0.0
594.34,1.17,74.81,3.3,0.0,8.79,0,0.0,0.0,0.0
594.4,1.166,74.79,3.3,0.0,8.81,0,0.0,0.0,0.0
594.46,1.161,74.78,3.3,0.0,8.82,0,0.0,0.0,0.0
594.5,1.157,74.76,3.3,0.0,8.83,0,0.0,0.0,0.0
594.56,1.153,74.75,3.3,0.0,8.84,0,0.0,0.0,0.0
594.62,1.148,74.73,3.3,0.0,8.85,0,0.0,0.0,0.0
594.68,1.145,74.72,3.3,0.0,8.85,0,0.0,0.0,0.0
594.72,1.141,74.7,3.3,0.0,8.86,0,0.0,0.0,0.0
594.78,1.137,74.69,3.3,0.0,8.86,0,0.0,0.0,0.0
594.84,1.134,74.68,3.3,0.0,8.86,0,0.0,0.0,0.0
594.9,1.129,74.66,3.3,0.0,8.85,0,0.0,0.0,0.0
594.92,1.128,74.66,3.3,0.0,8.85,0,0.0,0.0,0.0
594.98,1.123,74.64,3.3,0.0,8.85,0,0.0,0.0,0.0
595.04,1.119,74.62,3.3,0.0,8.84,0,0.0,0.0,0.0
595.1,1.115,74.61,3.3,0.0,8.83,0,0.0,0.0,0.0
595.16,1.11,74.59,3.3,0.0,8.81,0,0.0,0.0,0.0
595.22,1.106,74.57,3.3,0.0,8.8,0,0.0,0.0,0.0
595.26,1.102,74.56,3.3,0.0,8.79,0,0.0,0.0,0.0
595.32,1.099,74.54,3.3,0.0,8.77,0,0.0,0.0,0.0
595.36,1.096,74.53,3.3,0.0,8.76,0,0.0,0.0,0.0
595.4,1.093,74.52,3.3,0.0,8.74,0,0.0,0.0,0.0
595.46,1.088,74.5,3.3,0.0,8.72,0,0.0,0.0,0.0
595.52,1.084,74.49,3.3,0.0,8.69,0,0.0,0.0,0.0
595.58,1.08,74.47,3.3,0.0,8.67,0,0.0,0.0,0.0
595.62,1.077,74.46,3.3,0.0,8.66,0,0.0,0.0,0.0
595.68,1.072,74.44,3.3,0.0,8.62,0,0.0,0.0,0.0
595.74,1.068,74.42,3.31,0.0,8.59,0,0.0,0.0,0.0
595.8,1.064,74.4,3.31,0.0,8.56,0,0.0,0.0,0.0
595.86,1.059,74.38,3.31,0.0,8.52,0,0.0,0.0,0.0
595.92,1.055,74.36,3.31,0.0,8.49,0,0.0,0.0,0.0
595.98,1.051,74.34,3.31,0.0,8.45,0,0.0,0.0,0.0
596.02,1.046,74.32,3.31,0.0,8.43,0,0.0,0.0,0.0
596.08,1.043,74.31,3.31,0.0,8.41,0,0.0,0.0,0.0
596.12,1.04,74.29,3.31,0.0,8.37,0,0.0,0.0,0.0
596.18,1.036,74.27,3.31,0.0,8.33,0,0.0,0.0,0.0
596.24,1.032,74.25,3.31,0.0,8.29,0,0.0,0.0,0.0
596.3,1.027,74.23,3.31,0.0,8.26,0,0.0,0.0,0.0
596.34,1.024,74.22,3.31,0.0,8.22,0,0.0,0.0,0.0
596.4,1.02,74.2,3.31,0.0,8.18,0,0.0,0.0,0.0
596.46,1.016,74.17,3.31,0.0,8.14,0,0.0,0.0,0.0
596.52,1.011,74.15,3.31,0.0,8.1,0,0.0,0.0,0.0
596.58,1.007,74.13,3.31,0.0,8.08,0,0.0,0.0,0.0
596.6,1.005,74.12,3.31,0.0,8.05,0,0.0,0.0,0.0
596.66,1.001,74.1,3.3,0.0,8.01,0,0.0,0.0,0.0
596.72,0.997,74.08,3.3,0.0,7.97,0,0.0,0.0,0.0
596.78,0.992,74.05,3.3,0.0,7.93,0,0.0,0.0,0.0
596.84,0.988,74.03,3.3,0.0,7.89,0,0.0,0.0,0.0
596.9,0.984,74.01,3.3,0.0,7.85,0,0.0,0.0,0.0
596.96,0.979,73.98,3.3,0.0,7.82,0,0.0,0.0,0.0
597.02,0.975,73.96,3.3,0.0,7.78,0,0.0,0.0,0.0
597.08,0.971,73.93,3.3,0.0,7.75,0,0.0,0.0,0.0
597.14,0.966,73.91,3.3,0.0,7.71,0,0.0,0.0,0.0
597.2,0.962,73.89,3.3,0.0,7.68,0,0.0,0.0,0.0
597.26,0.958,73.86,3.3,0.0,7.66,0,0.0,0.0,0.0
597.3,0.955,73.84,3.3,0.0,7.63,0,0.0,0.0,0.0
597.36,0.95,73.82,3.3,0.0,7.6,0,0.0,0.0,0.0
597.42,0.946,73.79,3.3,0.0,7.58,0,0.0,0.0,0.0
597.44,0.945,73.78,3.3,0.0,7.57,0,0.0,0.0,0.0
597.5,0.94,73.75,3.3,0.0,7.54,0,0.0,0.0,0.0
597.56,0.936,73.73,3.3,0.0,7.52,0,0.0,0.0,0.0
597.62,0.932,73.71,3.3,0.0,7.5,0,0.0,0.0,0.0
597.66,0.929,73.69,3.3,0.0,7.48,0,0.0,0.0,0.0
597.72,0.924,73.67,3.3,0.0,7.47,0,0.0,0.0,0.0
597.78,0.92,73.64,3.3,0.0,7.45,0,0.0,0.0,0.0
597.84,0.916,73.61,3.3,0.0,7.44,0,0.0,0.0,0.0
597.9,0.911,73.59,3.3,0.0,7.43,0,0.0,0.0,0.0
597.94,0.909,73.57,3.3,0.0,7.42,0,0.0,0.0,0.0
598.0,0.904,73.54,3.3,0.0,7.41,0,0.0,0.0,0.0
598.06,0.9,73.52,3.3,0.0,7.41,0,0.0,0.0,0.0
598.12,0.896,73.49,3.29,0.0,7.41,0,0.0,0.0,0.0
598.16,0.893,73.48,3.29,0.0,7.4,0,0.0,0.0,0.0
598.22,0.888,73.45,3.29,0.0,7.41,0,0.0,0.0,0.0
598.28,0.884,73.42,3.29,0.0,7.41,0,0.0,0.0,0.0
598.34,0.88,73.4,3.29,0.0,7.41,0,0.0,0.0,0.0
598.38,0.877,73.38,3.29,0.0,7.42,0,0.0,0.0,0.0
598.44,0.873,73.36,3.29,0.0,7.43,0,0.0,0.0,0.0
598.5,0.868,73.33,3.29,0.0,7.43,0,0.0,0.0,0.0
598.54,0.865,73.31,3.29,0.0,7.45,0,0.0,0.0,0.0
598.6,0.861,73.29,3.29,0.0,7.46,0,0.0,0.0,0.0
598.64,0.858,73.27,3.29,0.0,7.47,0,0.0,0.0,0.0
598.7,0.854,73.25,3.29,0.0,7.49,0,0.0,0.0,0.0
598.76,0.85,73.22,3.29,0.0,7.51,0,0.0,0.0,0.0
598.82,0.845,73.2,3.29,0.0,7.53,0,0.0,0.0,0.0
598.88,0.841,73.17,3.29,0.0,7.56,0,0.0,0.0,0.0
598.94,0.837,73.15,3.29,0.0,7.58,0,0.0,0.0,0.0
599.0,0.832,73.12,3.29,0.0,7.61,0,0.0,0.0,0.0
599.04,0.828,73.1,3.29,0.0,7.64,0,0.0,0.0,0.0
599.1,0.824,73.08,3.29,0.0,7.67,0,0.0,0.0,0.0
599.16,0.819,73.05,3.29,0.0,7.69,0,0.0,0.0,0.0
599.22,0.817,73.04,3.29,0.0,7.72,0,0.0,0.0,0.0
599.24,0.815,73.03,3.29,0.0,7.73,0,0.0,0.0,0.0
599.3,0.811,73.01,3.29,0.0,7.77,0,0.0,0.0,0.0
599.36,0.807,72.98,3.28,0.0,7.81,0,0.0,0.0,0.0
599.42,0.802,72.96,3.28,0.0,7.85,0,0.0,0.0,0.0
599.46,0.799,72.95,3.28,0.0,7.86,0,0.0,0.0,0.0
599.52,0.795,72.92,3.28,0.0,7.91,0,0.0,0.0,0.0
599.58,0.791,72.9,3.28,0.0,7.95,0,0.0,0.0,0.0
599.64,0.787,72.88,3.28,0.0,7.99,0,0.0,0.0,0.0
599.7,0.782,72.86,3.28,0.0,8.03,0,0.0,0.0,0.0
599.76,0.778,72.84,3.28,0.0,8.06,0,0.0,0.0,0.0
599.8,0.775,72.82,3.28,0.0,8.08,0,0.0,0.0,0.0
599.86,0.771,72.8,3.28,0.0,8.14,0,0.0,0.0,0.0
599.9,0.768,72.79,3.28,0.0,8.16,0,0.0,0.0,0.0
599.96,0.764,72.76,3.28,0.0,8.2,0,0.0,0.0,0.0
600.02,0.759,72.75,3.28,0.0,8.24,0,0.0,0.0,0.0
600.08,0.755,72.73,3.28,0.0,8.28,0,0.0,0.0,0.0
600.14,0.751,72.71,3.28,0.0,8.32,0,0.0,0.0,0.0
600.2,0.747,72.69,3.28,0.0,8.36,0,0.0,0.0,0.0
600.26,0.742,72.67,3.28,0.0,8.4,0,0.0,0.0,0.0
600.3,0.738,72.65,3.28,0.0,8.44,0,0.0,0.0,0.0
600.36,0.734,72.63,3.28,0.0,8.46,0,0.0,0.0,0.0
600.42,0.731,72.62,3.28,0.0,8.49,0,0.0,0.0,0.0
600.46,0.728,72.61,3.28,0.0,8.52,0,0.0,0.0,0.0
600.52,0.724,72.59,3.28,0.0,8.55,0,0.0,0.0,0.0
600.58,0.72,72.57,3.28,0.0,8.58,0,0.0,0.0,0.0
600.64,0.715,72.55,3.28,0.0,8.61,0,0.0,0.0,0.0
600.7,0.711,72.54,3.28,0.0,8.64,0,0.0,0.0,0.0
600.74,0.707,72.52,3.28,0.0,8.66,0,0.0,0.0,0.0
600.8,0.704,72.51,3.28,0.0,8.69,0,0.0,0.0,0.0
600.86,0.7,72.49,3.28,0.0,8.7,0,0.0,0.0,0.0
600.9,0.697,72.48,3.28,0.0,8.72,0,0.0,0.0,0.0
600.96,0.693,72.46,3.28,0.0,8.74,0,0.0,0.0,0.0
601.02,0.688,72.44,3.28,0.0,8.76,0,0.0,0.0,0.0
601.08,0.684,72.42,3.28,0.0,8.78,0,0.0,0.0,0.0
601.14,0.68,72.41,3.28,0.0,8.79,0,0.0,0.0,0.0
601.2,0.675,72.39,3.28,0.0,8.8,0,0.0,0.0,0.0
601.26,0.671,72.37,3.28,0.0,8.81,0,0.0,0.0,0.0
601.32,0.667,72.36,3.28,0.0,8.81,0,0.0,0.0,0.0
601.36,0.664,72.34,3.28,0.0,8.82,0,0.0,0.0,0.0
601.42,0.66,72.33,3.29,0.0,8.82,0,0.0,0.0,0.0
601.48,0.656,72.31,3.29,0.0,8.82,0,0.0,0.0,0.0
601.52,0.653,72.3,3.29,0.0,8.82,0,0.0,0.0,0.0
601.58,0.649,72.28,3.29,0.0,8.82,0,0.0,0.0,0.0
601.64,0.644,72.26,3.29,0.0,8.81,0,0.0,0.0,0.0
601.7,0.64,72.25,3.29,0.0,8.8,0,0.0,0.0,0.0
601.76,0.636,72.23,3.29,0.0,8.78,0,0.0,0.0,0.0
601.8,0.633,72.22,3.29,0.0,8.77,0,0.0,0.0,0.0
601.86,0.629,72.2,3.29,0.0,8.76,0,0.0,0.0,0.0
601.9,0.626,72.19,3.29,0.0,8.74,0,0.0,0.0,0.0
601.96,0.622,72.17,3.29,0.0,8.72,0,0.0,0.0,0.0
602.02,0.617,72.15,3.29,0.0,8.7,0,0.0,0.0,0.0
602.08,0.613,72.13,3.29,0.0,8.67,0,0.0,0.0,0.0
602.14,0.609,72.11,3.29,0.0,8.64,0,0.0,0.0,0.0
602.2,0.605,72.09,3.29,0.0,8.61,0,0.0,0.0,0.0
602.26,0.6,72.07,3.29,0.0,8.58,0,0.0,0.0,0.0
602.3,0.598,72.06,3.29,0.0,8.57,0,0.0,0.0,0.0
602.34,0.595,72.05,3.29,0.0,8.53,0,0.0,0.0,0.0
602.4,0.591,72.03,3.29,0.0,8.5,0,0.0,0.0,0.0
602.46,0.586,72.01,3.29,0.0,8.46,0,0.0,0.0,0.0
602.52,0.582,71.99,3.29,0.0,8.41,0,0.0,0.0,0.0
602.56,0.579,71.97,3.29,0.0,8.4,0,0.0,0.0,0.0
602.62,0.575,71.95,3.29,0.0,8.34,0,0.0,0.0,0.0
602.68,0.571,71.93,3.29,0.0,8.3,0,0.0,0.0,0.0
602.74,0.567,71.91,3.29,0.0,8.25,0,0.0,0.0,0.0
602.78,0.564,71.9,3.29,0.0,8.22,0,0.0,0.0,0.0
602.84,0.559,71.87,3.29,0.0,8.17,0,0.0,0.0,0.0
602.9,0.555,71.85,3.29,0.0,8.12,0,0.0,0.0,0.0
602.96,0.551,71.83,3.29,0.0,8.07,0,0.0,0.0,0.0
603.02,0.547,71.81,3.29,0.0,8.03,0,0.0,0.0,0.0
603.06,0.544,71.79,3.29,0.0,7.98,0,0.0,0.0,0.0
603.12,0.54,71.77,3.29,0.0,7.93,0,0.0,0.0,0.0
603.18,0.536,71.74,3.28,0.0,7.88,0,0.0,0.0,0.0
603.24,0.531,71.72,3.28,0.0,7.82,0,0.0,0.0,0.0
603.3,0.527,71.7,3.28,0.0,7.77,0,0.0,0.0,0.0
603.34,0.524,71.68,3.28,0.0,7.74,0,0.0,0.0,0.0
603.4,0.52,71.65,3.28,0.0,7.68,0,0.0,0.0,0.0
603.46,0.516,71.63,3.28,0.0,7.63,0,0.0,0.0,0.0
603.52,0.512,71.6,3.28,0.0,7.58,0,0.0,0.0,0.0
603.58,0.507,71.58,3.28,0.0,7.53,0,0.0,0.0,0.0
603.64,0.503,71.55,3.28,0.0,7.49,0,0.0,0.0,0.0
603.68,0.5,71.54,3.28,0.0,7.45,0,0.0,0.0,0.0
603.74,0.496,71.51,3.28,0.0,7.4,0,0.0,0.0,0.0
603.8,0.492,71.48,3.28,0.0,7.35,0,0.0,0.0,0.0
603.86,0.488,71.46,3.28,0.0,7.3,0,0.0,0.0,0.0
603.92,0.484,71.43,3.28,0.0,7.26,0,0.0,0.0,0.0
603.98,0.479,71.4,3.28,0.0,7.22,0,0.0,0.0,0.0
604.04,0.475,71.38,3.28,0.0,7.19,0,0.0,0.0,0.0
604.08,0.472,71.36,3.28,0.0,7.17,0,0.0,0.0,0.0
604.12,0.47,71.34,3.28,0.0,7.13,0,0.0,0.0,0.0
604.18,0.465,71.31,3.28,0.0,7.1,0,0.0,0.0,0.0
604.24,0.461,71.29,3.27,0.0,7.06,0,0.0,0.0,0.0
604.28,0.458,71.27,3.27,0.0,7.05,0,0.0,0.0,0.0
604.34,0.454,71.24,3.27,0.0,7.01,0,0.0,0.0,0.0
604.4,0.45,71.21,3.27,0.0,6.98,0,0.0,0.0,0.0
604.46,0.446,71.19,3.27,0.0,6.97,0,0.0,0.0,0.0
604.52,0.442,71.16,3.27,0.0,6.94,0,0.0,0.0,0.0
604.58,0.437,71.13,3.27,0.0,6.92,0,0.0,0.0,0.0
604.62,0.435,71.11,3.27,0.0,6.91,0,0.0,0.0,0.0
604.68,0.43,71.08,3.27,0.0,6.9,0,0.0,0.0,0.0
604.74,0.426,71.06,3.27,0.0,6.89,0,0.0,0.0,0.0
604.78,0.423,71.04,3.27,0.0,6.88,0,0.0,0.0,0.0
604.84,0.419,71.01,3.27,0.0,6.87,0,0.0,0.0,0.0
604.9,0.415,70.98,3.27,0.0,6.87,0,0.0,0.0,0.0
604.96,0.411,70.96,3.27,0.0,6.87,0,0.0,0.0,0.0
605.02,0.407,70.93,3.26,0.0,6.87,0,0.0,0.0,0.0
605.08,0.403,70.9,3.26,0.0,6.88,0,0.0,0.0,0.0
605.12,0.398,70.88,3.26,0.0,6.89,0,0.0,0.0,0.0
605.18,0.396,70.86,3.26,0.0,6.9,0,0.0,0.0,0.0
605.22,0.393,70.84,3.26,0.0,6.91,0,0.0,0.0,0.0
605.26,0.39,70.82,3.26,0.0,6.91,0,0.0,0.0,0.0
605.32,0.386,70.8,3.26,0.0,6.94,0,0.0,0.0,0.0
605.38,0.382,70.77,3.26,0.0,6.96,0,0.0,0.0,0.0
605.44,0.378,70.75,3.26,0.0,6.99,0,0.0,0.0,0.0
605.5,0.373,70.72,3.26,0.0,7.02,0,0.0,0.0,0.0
605.56,0.369,70.69,3.26,0.0,7.04,0,0.0,0.0,0.0
605.6,0.366,70.68,3.26,0.0,7.07,0,0.0,0.0,0.0
605.66,0.362,70.65,3.26,0.0,7.11,0,0.0,0.0,0.0
605.7,0.36,70.64,3.26,0.0,7.13,0,0.0,0.0,0.0
605.76,0.355,70.61,3.26,0.0,7.17,0,0.0,0.0,0.0
605.82,0.351,70.59,3.26,0.0,7.22,0,0.0,0.0,0.0
605.88,0.347,70.57,3.25,0.0,7.26,0,0.0,0.0,0.0
605.94,0.343,70.54,3.25,0.0,7.31,0,0.0,0.0,0.0
606.0,0.339,70.52,3.25,0.0,7.36,0,0.0,0.0,0.0
606.06,0.335,70.5,3.25,0.0,7.41,0,0.0,0.0,0.0
606.1,0.332,70.48,3.25,0.0,7.43,0,0.0,0.0,0.0
606.14,0.329,70.47,3.25,0.0,7.48,0,0.0,0.0,0.0
606.2,0.325,70.44,3.25,0.0,7.54,0,0.0,0.0,0.0
606.26,0.321,70.42,3.25,0.0,7.6,0,0.0,0.0,0.0
606.32,0.317,70.4,3.25,0.0,7.64,0,0.0,0.0,0.0
606.36,0.314,70.39,3.25,0.0,7.7,0,0.0,0.0,0.0
606.42,0.31,70.37,3.25,0.0,7.76,0,0.0,0.0,0.0
606.48,0.306,70.35,3.25,0.0,7.82,0,0.0,0.0,0.0
606.54,0.301,70.33,3.25,0.0,7.89,0,0.0,0.0,0.0
606.6,0.297,70.31,3.25,0.0,7.93,0,0.0,0.0,0.0
606.64,0.294,70.3,3.25,0.0,8.0,0,0.0,0.0,0.0
606.7,0.29,70.28,3.25,0.0,8.06,0,0.0,0.0,0.0
606.76,0.286,70.26,3.25,0.0,8.13,0,0.0,0.0,0.0
606.82,0.282,70.24,3.25,0.0,8.19,0,0.0,0.0,0.0
606.88,0.278,70.23,3.25,0.0,8.26,0,0.0,0.0,0.0
606.92,0.274,70.21,3.25,0.0,8.32,0,0.0,0.0,0.0
606.98,0.27,70.19,3.25,0.0,8.37,0,0.0,0.0,0.0
607.04,0.267,70.18,3.25,0.0,8.43,0,0.0,0.0,0.0
607.1,0.263,70.17,3.25,0.0,8.5,0,0.0,0.0,0.0
607.14,0.259,70.15,3.25,0.0,8.54,0,0.0,0.0,0.0
607.2,0.256,70.14,3.25,0.0,8.6,0,0.0,0.0,0.0
607.26,0.252,70.13,3.25,0.0,8.66,0,0.0,0.0,0.0
607.32,0.248,70.11,3.25,0.0,8.7,0,0.0,0.0,0.0
607.36,0.245,70.1,3.25,0.0,8.74,0,0.0,0.0,0.0
607.4,0.242,70.1,3.25,0.0,8.8,0,0.0,0.0,0.0
607.46,0.238,70.08,3.25,0.0,8.85,0,0.0,0.0,0.0
607.52,0.234,70.07,3.25,0.0,8.91,0,0.0,0.0,0.0
607.56,0.231,70.06,3.25,0.0,8.94,0,0.0,0.0,0.0
607.62,0.227,70.05,3.25,0.0,8.99,0,0.0,0.0,0.0
607.68,0.223,70.04,3.25,0.0,9.04,0,0.0,0.0,0.0
607.74,0.219,70.02,3.26,0.0,9.09,0,0.0,0.0,0.0
607.8,0.215,70.01,3.26,0.0,9.13,0,0.0,0.0,0.0
607.86,0.21,70.0,3.26,0.0,9.16,0,0.0,0.0,0.0
607.9,0.208,69.99,3.26,0.0,9.2,0,0.0,0.0,0.0
607.96,0.204,69.98,3.26,0.0,9.24,0,0.0,0.0,0.0
608.02,0.199,69.97,3.26,0.0,9.27,0,0.0,0.0,0.0
608.08,0.195,69.96,3.26,0.0,9.29,0,0.0,0.0,0.0
608.12,0.193,69.95,3.26,0.0,9.32,0,0.0,0.0,0.0
608.18,0.188,69.94,3.26,0.0,9.34,0,0.0,0.0,0.0
608.24,0.184,69.93,3.26,0.0,9.37,0,0.0,0.0,0.0
608.3,0.18,69.92,3.26,0.0,9.38,0,0.0,0.0,0.0
608.34,0.176,69.91,3.26,0.0,9.4,0,0.0,0.0,0.0
608.4,0.173,69.9,3.26,0.0,9.4,0,0.0,0.0,0.0
608.44,0.171,69.9,3.26,0.0,9.41,0,0.0,0.0,0.0
608.48,0.168,69.89,3.26,0.0,9.42,0,0.0,0.0,0.0
608.54,0.164,69.88,3.26,0.0,9.43,0,0.0,0.0,0.0
608.58,0.161,69.87,3.26,0.0,9.43,0,0.0,0.0,0.0
608.64,0.157,69.86,3.27,0.0,9.43,0,0.0,0.0,0.0
608.7,0.153,69.85,3.27,0.0,9.43,0,0.0,0.0,0.0
608.74,0.15,69.84,3.27,0.0,9.42,0,0.0,0.0,0.0
608.8,0.146,69.83,3.27,0.0,9.41,0,0.0,0.0,0.0
608.84,0.143,69.82,3.27,0.0,9.41,0,0.0,0.0,0.0
608.9,0.139,69.81,3.27,0.0,9.39,0,0.0,0.0,0.0
608.94,0.136,69.81,3.27,0.0,9.38,0,0.0,0.0,0.0
609.0,0.132,69.79,3.27,0.0,9.36,0,0.0,0.0,0.0
609.04,0.129,69.79,3.27,0.0,9.35,0,0.0,0.0,0.0
609.1,0.125,69.78,3.27,0.0,9.32,0,0.0,0.0,0.0
609.14,0.123,69.77,3.27,0.0,9.31,0,0.0,0.0,0.0
609.2,0.119,69.76,3.27,0.0,9.28,0,0.0,0.0,0.0
609.24,0.116,69.75,3.27,0.0,9.25,0,0.0,0.0,0.0
609.3,0.112,69.73,3.27,0.0,9.22,0,0.0,0.0,0.0
609.34,0.109,69.73,3.27,0.0,9.2,0,0.0,0.0,0.0
609.4,0.105,69.71,3.27,0.0,9.16,0,0.0,0.0,0.0
609.46,0.101,69.7,3.27,0.0,9.12,0,0.0,0.0,0.0
609.5,0.098,69.69,3.27,0.0,9.09,0,0.0,0.0,0.0
609.56,0.094,69.68,3.28,0.0,9.04,0,0.0,0.0,0.0
609.6,0.091,69.67,3.28,0.0,9.01,0,0.0,0.0,0.0
609.66,0.087,69.65,3.28,0.0,8.96,0,0.0,0.0,0.0
609.7,0.084,69.64,3.28,0.0,8.93,0,0.0,0.0,0.0
609.76,0.08,69.63,3.28,0.0,8.87,0,0.0,0.0,0.0
609.8,0.078,69.62,3.28,0.0,8.84,0,0.0,0.0,0.0
609.86,0.073,69.6,3.28,0.0,8.78,0,0.0,0.0,0.0
609.9,0.071,69.59,3.28,0.0,8.75,0,0.0,0.0,0.0
609.96,0.067,69.57,3.28,0.0,8.69,0,0.0,0.0,0.0
610.0,0.064,69.56,3.28,0.0,8.65,0,0.0,0.0,0.0
610.06,0.06,69.54,3.28,0.0,8.59,0,0.0,0.0,0.0
610.1,0.057,69.53,3.28,0.0,8.55,0,0.0,0.0,0.0
610.16,0.053,69.51,3.28,0.0,8.49,0,0.0,0.0,0.0
610.2,0.05,69.5,3.28,0.0,8.45,0,0.0,0.0,0.0
610.26,0.046,69.48,3.28,0.0,8.39,0,0.0,0.0,0.0
610.3,0.043,69.47,3.28,0.0,8.35,0,0.0,0.0,0.0
610.36,0.039,69.45,3.28,0.0,8.29,0,0.0,0.0,0.0
610.42,0.035,69.43,3.28,0.0,8.22,0,0.0,0.0,0.0
610.46,0.032,69.42,3.28,0.0,8.18,0,0.0,0.0,0.0
610.52,0.028,69.4,3.28,0.0,8.12,0,0.0,0.0,0.0
610.56,0.026,69.39,3.28,0.0,8.08,0,0.0,0.0,0.0
610.62,0.022,69.37,3.28,0.0,8.02,0,0.0,0.0,0.0
610.66,0.021,6.66,3.28,0.0,-0.47,0,0.0,0.0,0.0
610.7,0.022,6.79,2.37,0.0,2.2,0,0.0,0.0,0.0
610.76,0.022,6.3,0.9,0.0,6.05,0,0.0,0.0,0.0
610.82,0.022,5.81,0.13,0.0,9.67,0,0.0,0.0,0.0
610.86,0.023,5.49,0.0,0.0,11.95,0,0.0,0.0,0.0
610.92,0.023,5.02,0.02,0.0,15.16,0,0.0,0.0,0.0
610.96,0.023,4.71,0.02,0.0,17.17,0,0.0,0.0,0.0
611.02,0.023,4.24,0.02,0.0,19.96,0,0.0,0.0,0.0
611.06,0.023,3.96,0.02,0.0,21.67,0,0.0,0.0,0.0
611.12,0.024,3.56,0.01,0.0,24.02,0,0.0,0.0,0.0
611.16,0.024,3.31,0.01,0.0,25.41,0,0.0,0.0,0.0
611.22,0.024,2.97,0.01,0.0,27.24,0,0.0,0.0,0.0
611.26,0.024,2.77,0.01,0.0,28.3,0,0.0,0.0,0.0
611.32,0.024,2.42,0.01,0.0,29.63,0,0.0,0.0,0.0
611.38,0.024,2.09,0.01,0.0,30.74,0,0.0,0.0,0.0
611.42,0.024,1.89,0.0,0.0,31.36,0,0.0,0.0,0.0
611.46,0.024,1.69,0.0,0.0,31.88,0,0.0,0.0,0.0
611.52,0.024,1.44,0.0,0.0,32.48,0,0.0,0.0,0.0
611.58,0.024,1.23,0.0,0.0,32.87,0,0.0,0.0,0.0
611.62,0.024,1.14,0.0,0.0,33.01,0,0.0,0.0,0.0
611.68,0.024,1.1,0.0,0.0,33.04,0,0.0,0.0,0.0
611.72,0.024,1.13,0.0,0.0,32.94,0,0.0,0.0,0.0
611.78,0.024,1.27,0.0,0.0,32.61,0,0.0,0.0,0.0
611.82,0.024,1.4,0.0,0.0,32.27,0,0.0,0.0,0.0
611.88,0.024,1.65,0.0,0.0,31.58,0,0.0,0.0,0.0
611.92,0.024,1.84,0.0,0.0,31.0,0,0.0,0.0,0.0
611.98,0.024,2.15,0.0,0.0,29.95,0,0.0,0.0,0.0
612.04,0.024,2.48,0.0,0.0,28.67,0,0.0,0.0,0.0
612.08,0.024,2.71,0.0,0.0,27.7,0,0.0,0.0,0.0
612.12,0.024,2.95,0.0,0.0,26.63,0,0.0,0.0,0.0
612.18,0.024,3.3,0.0,0.0,24.82,0,0.0,0.0,0.0
612.24,0.024,3.69,0.01,0.0,22.76,0,0.0,0.0,0.0
612.28,0.023,3.95,0.01,0.0,21.26,0,0.0,0.0,0.0
612.32,0.023,4.2,0.01,0.0,19.63,0,0.0,0.0,0.0
612.38,0.023,4.62,0.01,0.0,16.96,0,0.0,0.0,0.0
612.44,0.023,5.04,0.01,0.0,14.05,0,0.0,0.0,0.0
612.48,0.023,5.32,0.01,0.0,11.97,0,0.0,0.0,0.0
612.52,0.022,5.61,0.01,0.0,9.78,0,0.0,0.0,0.0
612.58,0.022,6.05,0.02,0.0,6.27,0,0.0,0.0,0.0
612.64,0.022,6.5,0.02,0.0,2.51,0,0.0,0.0,0.0
612.68,0.021,6.72,0.02,0.0,-0.2,0,0.0,0.0,0.0
612.74,0.022,1.37,0.02,0.0,0.91,0,0.0,0.0,0.0
612.78,0.022,1.04,0.01,0.0,1.23,0,0.0,0.0,0.0
612.84,0.022,0.66,0.0,0.0,1.66,0,0.0,0.0,0.0
612.88,0.022,0.55,0.0,0.0,1.7,0,0.0,0.0,0.0
612.94,0.022,0.65,0.0,0.0,1.51,0,0.0,0.0,0.0
612.98,0.022,0.86,0.0,0.0,1.25,0,0.0,0.0,0.0
613.04,0.021,0.66,0.0,0.0,0.75,0,0.0,0.0,0.0
613.1,0.021,0.37,0.0,0.0,0.72,0,0.0,0.0,0.0
613.14,0.021,0.35,0.0,0.0,0.72,0,0.0,0.0,0.0
613.2,0.021,0.33,0.0,0.0,0.72,0,0.0,0.0,0.0
613.24,0.021,0.32,0.0,0.0,0.72,0,0.0,0.0,0.0
613.28,0.021,0.31,0.0,0.0,0.72,0,0.0,0.0,0.0
613.34,0.021,0.31,0.0,0.0,0.72,0,0.0,0.0,0.0
613.4,0.021,0.32,0.0,0.0,0.72,0,0.0,0.0,0.0
613.44,0.021,0.33,0.0,0.0,0.72,0,0.0,0.0,0.0
613.5,0.021,0.36,0.0,0.0,0.72,0,0.0,0.0,0.0
613.54,0.021,0.38,0.0,0.0,0.72,0,0.0,0.0,0.0
613.6,0.021,0.36,0.0,0.0,0.74,0,0.0,0.0,0.0
613.64,0.021,0.35,0.0,0.0,0.77,0,0.0,0.0,0.0
613.7,0.021,0.34,0.0,0.0,0.81,0,0.0,0.0,0.0
613.74,0.021,0.33,0.0,0.0,0.83,0,0.0,0.0,0.0
613.8,0.021,0.34,0.0,0.0,0.87,0,0.0,0.0,0.0
613.84,0.021,0.35,0.0,0.0,0.89,0,0.0,0.0,0.0
613.9,0.021,0.3,0.0,0.0,0.88,0,0.0,0.0,0.0
613.94,0.021,0.28,0.0,0.0,0.86,0,0.0,0.0,0.0
614.0,0.021,0.26,0.0,0.0,0.83,0,0.0,0.0,0.0
614.04,0.021,0.24,0.0,0.0,0.81,0,0.0,0.0,0.0
614.1,0.021,0.23,0.0,0.0,0.78,0,0.0,0.0,0.0
614.14,0.021,0.23,0.0,0.0,0.76,0,0.0,0.0,0.0
614.2,0.021,0.23,0.0,0.0,0.74,0,0.0,0.0,0.0
614.24,0.021,0.23,0.0,0.0,0.72,0,0.0,0.0,0.0
614.3,0.021,0.21,0.0,0.0,0.69,0,0.0,0.0,0.0
614.34,0.021,0.17,0.0,0.0,0.69,0,0.0,0.0,0.0
614.4,0.021,0.12,0.0,0.0,0.69,0,0.0,0.0,0.0
614.46,0.021,0.07,0.0,0.0,0.69,0,0.0,0.0,0.0
614.5,0.021,0.03,0.0,0.0,0.69,0,0.0,0.0,0.0
614.56,0.021,0.01,0.0,0.0,0.69,0,0.0,0.0,0.0
614.6,0.021,0.04,0.0,0.0,0.69,0,0.0,0.0,0.0
614.64,0.021,0.08,0.0,0.0,0.69,0,0.0,0.0,0.0
614.7,0.021,0.13,0.0,0.0,0.69,0,0.0,0.0,0.0
614.76,0.021,0.18,0.0,0.0,0.7,0,0.0,0.0,0.0
614.8,0.021,0.18,0.0,0.0,0.7,0,0.0,0.0,0.0
614.86,0.021,0.16,0.0,0.0,0.72,0,0.0,0.0,0.0
614.9,0.021,0.16,0.0,0.0,0.73,0,0.0,0.0,0.0
614.94,0.021,0.16,0.0,0.0,0.75,0,0.0,0.0,0.0
615.0,0.021,0.16,0.0,0.0,0.77,0,0.0,0.0,0.0
615.06,0.021,0.16,0.0,0.0,0.79,0,0.0,0.0,0.0
615.1,0.021,0.17,0.0,0.0,0.8,0,0.0,0.0,0.0
615.16,0.021,0.18,0.0,0.0,0.82,0,0.0,0.0,0.0
615.2,0.021,0.19,0.0,0.0,0.84,0,0.0,0.0,0.0
615.26,0.021,0.22,0.0,0.0,0.86,0,0.0,0.0,0.0
615.32,0.021,0.24,0.0,0.0,0.89,0,0.0,0.0,0.0
615.36,0.021,0.24,0.0,0.0,0.9,0,0.0,0.0,0.0
615.42,0.021,0.22,0.0,0.0,0.88,0,0.0,0.0,0.0
615.46,0.021,0.22,0.0,0.0,0.87,0,0.0,0.0,0.0
615.52,0.021,0.21,0.0,0.0,0.84,0,0.0,0.0,0.0
615.56,0.021,0.21,0.0,0.0,0.83,0,0.0,0.0,0.0
615.62,0.021,0.21,0.0,0.0,0.8,0,0.0,0.0,0.0
615.66,0.021,0.22,0.0,0.0,0.79,0,0.0,0.0,0.0
615.72,0.021,0.23,0.0,0.0,0.76,0,0.0,0.0,0.0
615.76,0.021,0.24,0.0,0.0,0.75,0,0.0,0.0,0.0
615.82,0.021,0.24,0.0,0.0,0.72,0,0.0,0.0,0.0
615.86,0.021,0.21,0.0,0.0,0.72,0,0.0,0.0,0.0
615.92,0.021,0.17,0.0,0.0,0.72,0,0.0,0.0,0.0
615.98,0.021,0.14,0.0,0.0,0.72,0,0.0,0.0,0.0
616.02,0.021,0.12,0.0,0.0,0.72,0,0.0,0.0,0.0
616.08,0.021,0.1,0.0,0.0,0.72,0,0.0,0.0,0.0
616.12,0.021,0.08,0.0,0.0,0.72,0,0.0,0.0,0.0
616.18,0.021,0.06,0.0,0.0,0.72,0,0.0,0.0,0.0
616.22,0.021,0.05,0.0,0.0,0.72,0,0.0,0.0,0.0
616.28,0.021,0.03,0.0,0.0,0.72,0,0.0,0.0,0.0
616.32,0.021,0.02,0.0,0.0,0.72,0,0.0,0.0,0.0
616.38,0.021,0.0,0.0,0.0,0.72,0,0.0,0.0,0.0
616.44,0.021,0.01,0.0,0.0,0.72,0,0.0,0.0,0.0
616.48,0.021,0.03,0.0,0.0,0.72,0,0.0,0.0,0.0
616.54,0.021,0.04,0.0,0.0,0.72,0,0.0,0.0,0.0
616.58,0.021,0.06,0.0,0.0,0.72,0,0.0,0.0,0.0
616.64,0.021,0.08,0.0,0.0,0.72,0,0.0,0.0,0.0
616.68,0.021,0.09,0.0,0.0,0.72,0,0.0,0.0,0.0
616.74,0.021,0.12,0.0,0.0,0.72,0,0.0,0.0,0.0
616.78,0.021,0.14,0.0,0.0,0.72,0,0.0,0.0,0.0
616.84,0.021,0.17,0.0,0.0,0.72,0,0.0,0.0,0.0
616.88,0.021,0.19,0.0,0.0,0.72,0,0.0,0.0,0.0
616.94,0.021,0.22,0.0,0.0,0.72,0,0.0,0.0,0.0
616.98,0.021,0.2,0.0,0.0,0.73,0,0.0,0.0,0.0
617.04,0.021,0.17,0.0,0.0,0.76,0,0.0,0.0,0.0
617.08,0.021,0.16,0.0,0.0,0.77,0,0.0,0.0,0.0
617.14,0.021,0.14,0.0,0.0,0.78,0,0.0,0.0,0.0
617.2,0.021,0.13,0.0,0.0,0.8,0,0.0,0.0,0.0
617.24,0.021,0.13,0.0,0.0,0.81,0,0.0,0.0,0.0
617.3,0.021,0.12,0.0,0.0,0.82,0,0.0,0.0,0.0
617.34,0.021,0.12,0.0,0.0,0.83,0,0.0,0.0,0.0
617.4,0.021,0.12,0.0,0.0,0.84,0,0.0,0.0,0.0
617.44,0.021,0.13,0.0,0.0,0.85,0,0.0,0.0,0.0
617.5,0.021,0.13,0.0,0.0,0.87,0,0.0,0.0,0.0
617.56,0.021,0.15,0.0,0.0,0.88,0,0.0,0.0,0.0
617.6,0.021,0.15,0.0,0.0,0.89,0,0.0,0.0,0.0
617.66,0.021,0.16,0.0,0.0,0.91,0,0.0,0.0,0.0
617.7,0.021,0.13,0.0,0.0,0.9,0,0.0,0.0,0.0
617.76,0.021,0.09,0.0,0.0,0.88,0,0.0,0.0,0.0
617.8,0.021,0.07,0.0,0.0,0.88,0,0.0,0.0,0.0
617.86,0.021,0.04,0.0,0.0,0.87,0,0.0,0.0,0.0
617.9,0.021,0.02,0.0,0.0,0.87,0,0.0,0.0,0.0
617.96,0.021,0.0,0.0,0.0,0.87,0,0.0,0.0,0.0
618.0,0.021,0.02,0.0,0.0,0.87,0,0.0,0.0,0.0
618.06,0.021,0.05,0.0,0.0,0.87,0,0.0,0.0,0.0
618.1,0.021,0.07,0.0,0.0,0.88,0,0.0,0.0,0.0
618.16,0.021,0.1,0.0,0.0,0.89,0,0.0,0.0,0.0
618.2,0.021,0.12,0.0,0.0,0.9,0,0.0,0.0,0.0
618.26,0.021,0.12,0.0,0.0,0.9,0,0.0,0.0,0.0
618.3,0.021,0.1,0.0,0.0,0.9,0,0.0,0.0,0.0
618.36,0.021,0.09,0.0,0.0,0.88,0,0.0,0.0,0.0
618.42,0.021,0.07,0.0,0.0,0.88,0,0.0,0.0,0.0
618.46,0.021,0.07,0.0,0.0,0.87,0,0.0,0.0,0.0
618.52,0.021,0.05,0.0,0.0,0.86,0,0.0,0.0,0.0
618.56,0.021,0.05,0.0,0.0,0.86,0,0.0,0.0,0.0
618.6,0.021,0.04,0.0,0.0,0.86,0,0.0,0.0,0.0
618.66,0.021,0.04,0.0,0.0,0.85,0,0.0,0.0,0.0
618.72,0.021,0.03,0.0,0.0,0.85,0,0.0,0.0,0.0
618.76,0.021,0.03,0.0,0.0,0.85,0,0.0,0.0,0.0
618.82,0.021,0.02,0.0,0.0,0.84,0,0.0,0.0,0.0
618.86,0.021,0.02,0.0,0.0,0.84,0,0.0,0.0,0.0
618.9,0.021,0.01,0.0,0.0,0.84,0,0.0,0.0,0.0
618.96,0.021,0.01,0.0,0.0,0.84,0,0.0,0.0,0.0
619.02,0.021,0.01,0.0,0.0,0.84,0,0.0,0.0,0.0
619.06,0.021,0.01,0.0,0.0,0.84,0,0.0,0.0,0.0
619.12,0.021,0.0,0.0,0.0,0.84,0,0.0,0.0,0.0
619.16,0.021,0.0,0.0,0.0,0.84,0,0.0,0.0,0.0
619.22,0.021,0.0,0.0,0.0,0.84,0,0.0,0.0,0.0
619.28,0.021,0.01,0.0,0.0,0.84,0,0.0,0.0,0.0
619.32,0.021,0.01,0.0,0.0,0.84,0,0.0,0.0,0.0
619.38,0.021,0.01,0.0,0.0,0.84,0,0.0,0.0,0.0
619.42,0.021,0.01,0.0,0.0,0.84,0,0.0,0.0,0.0
619.48,0.021,0.02,0.0,0.0,0.85,0,0.0,0.0,0.0
619.52,0.021,0.02,0.0,0.0,0.85,0,0.0,0.0,0.0
619.56,0.021,0.02,0.0,0.0,0.85,0,0.0,0.0,0.0
619.62,0.021,0.03,0.0,0.0,0.85,0,0.0,0.0,0.0
619.68,0.021,0.04,0.0,0.0,0.86,0,0.0,0.0,0.0
619.72,0.021,0.04,0.0,0.0,0.86,0,0.0,0.0,0.0
619.78,0.021,0.05,0.0,0.0,0.87,0,0.0,0.0,0.0
619.82,0.021,0.06,0.0,0.0,0.87,0,0.0,0.0,0.0
619.88,0.021,0.07,0.0,0.0,0.88,0,0.0,0.0,0.0
619.92,0.021,0.08,0.0,0.0,0.88,0,0.0,0.0,0.0
619.98,0.021,0.09,0.0,0.0,0.89,0,0.0,0.0,0.0
620.04,0.021,0.11,0.0,0.0,0.9,0,0.0,0.0,0.0
620.08,0.021,0.1,0.0,0.0,0.91,0,0.0,0.0,0.0
620.14,0.021,0.06,0.0,0.0,0.9,0,0.0,0.0,0.0
620.18,0.021,0.04,0.0,0.0,0.9,0,0.0,0.0,0.0
620.22,0.021,0.02,0.0,0.0,0.89,0,0.0,0.0,0.0
620.28,0.021,0.02,0.0,0.0,0.89,0,0.0,0.0,0.0
620.34,0.021,0.05,0.0,0.0,0.9,0,0.0,0.0,0.0
620.38,0.021,0.08,0.0,0.0,0.91,0,0.0,0.0,0.0
620.44,0.021,0.06,0.0,0.0,0.91,0,0.0,0.0,0.0
620.48,0.021,0.05,0.0,0.0,0.9,0,0.0,0.0,0.0
620.54,0.021,0.03,0.0,0.0,0.9,0,0.0,0.0,0.0
620.58,0.021,0.02,0.0,0.0,0.9,0,0.0,0.0,0.0
620.64,0.021,0.0,0.0,0.0,0.9,0,0.0,0.0,0.0
620.7,0.021,0.02,0.0,0.0,0.9,0,0.0,0.0,0.0
620.74,0.021,0.03,0.0,0.0,0.9,0,0.0,0.0,0.0
620.8,0.021,0.05,0.0,0.0,0.9,0,0.0,0.0,0.0
620.84,0.021,0.06,0.0,0.0,0.91,0,0.0,0.0,0.0
620.88,0.021,0.04,0.0,0.0,0.91,0,0.0,0.0,0.0
620.94,0.021,0.0,0.0,0.0,0.91,0,0.0,0.0,0.0
621.0,0.021,0.03,0.0,0.0,0.91,0,0.0,0.0,0.0
621.04,0.021,0.02,0.0,0.0,0.91,0,0.0,0.0,0.0
621.1,0.021,0.01,0.0,0.0,0.91,0,0.0,0.0,0.0
621.14,0.021,0.01,0.0,0.0,0.91,0,0.0,0.0,0.0
621.2,0.021,0.0,0.0,0.0,0.91,0,0.0,0.0,0.0
621.24,0.021,0.0,0.0,0.0,0.91,0,0.0,0.0,0.0
621.3,0.021,0.0,0.0,0.0,0.91,0,0.0,0.0,0.0
621.34,0.021,0.0,0.0,0.0,0.91,0,0.0,0.0,0.0
621.4,0.021,0.0,0.0,0.0,0.91,0,0.0,0.0,0.0
621.44,0.021,0.0,0.0,0.0,0.91,0,0.0,0.0,0.0
621.5,0.021,0.0,0.0,0.0,0.91,0,0.0,0.0,0.0
621.56,0.021,0.0,0.0,0.0,0.91,0,0.0,0.0,0.0
621.6,0.021,0.0,0.0,0.0,0.91,0,0.0,0.0,0.0
621.66,0.021,0.0,0.0,0.0,0.91,0,0.0,0.0,0.0
621.7,0.021,0.0,0.0,0.0,0.91,0,0.0,0.0,0.0
621.76,0.021,0.0,0.0,0.0,0.91,0,0.0,0.0,0.0
621.8,0.021,0.0,0.0,0.0,0.91,0,0.0,0.0,0.0
621.86,0.021,0.0,0.0,0.0,0.91,0,0.0,0.0,0.0
621.9,0.021,0.0,0.0,0.0,0.91,0,0.0,0.0,0.0
621.96,0.021,0.0,0.0,0.0,0.91,0,0.0,0.0,0.0
622.0,0.021,0.0,0.0,0.0,0.91,0,0.0,0.0,0.0
622.06,0.021,0.0,0.0,0.0,0.91,0,0.0,0.0,0.0
622.1,0.021,0.0,0.0,0.0,0.91,0,0.0,0.0,0.0
622.16,0.021,0.0,0.0,0.0,0.91,0,0.0,0.0,0.0
622.2,0.021,0.0,0.0,0.0,0.91,0,0.0,0.0,0.0
622.26,0.021,0.0,0.0,0.0,0.91,0,0.0,0.0,0.0
622.3,0.021,0.0,0.0,0.0,0.91,0,0.0,0.0,0.0
622.36,0.021,0.0,0.0,0.0,0.91,0,0.0,0.0,0.0
622.42,0.021,0.0,0.0,0.0,0.91,0,0.0,0.0,0.0
622.46,0.021,0.0,0.0,0.0,0.91,0,0.0,0.0,0.0
622.52,0.021,0.0,0.0,0.0,0.91,0,0.0,0.0,0.0
622.56,0.021,0.0,0.0,0.0,0.91,0,0.0,0.0,0.0
622.62,0.021,0.0,0.0,0.0,0.91,0,0.0,0.0,0.0
622.66,0.021,0.0,0.0,0.0,0.91,0,0.0,0.0,0.0
622.72,0.021,0.0,0.0,0.0,0.91,0,0.0,0.0,0.0
622.76,0.021,0.0,0.0,0.0,0.91,0,0.0,0.0,0.0
622.82,0.021,0.0,0.0,0.0,0.91,0,0.0,0.0,0.0
622.86,0.021,0.0,0.0,0.0,0.91,0,0.0,0.0,0.0
622.92,0.021,0.0,0.0,0.0,0.91,0,0.0,0.0,0.0
622.96,0.021,0.0,0.0,0.0,0.91,0,0.0,0.0,0.0
623.02,0.021,0.0,0.0,0.0,0.91,0,0.0,0.0,0.0
623.08,0.021,0.0,0.0,0.0,0.91,0,0.0,0.0,0.0
623.12,0.021,0.0,0.0,0.0,0.91,0,0.0,0.0,0.0
623.18,0.021,0.0,0.0,0.0,0.91,0,0.0,0.0,0.0
623.22,0.021,0.0,0.0,0.0,0.91,0,0.0,0.0,0.0
623.28,0.021,0.0,0.0,0.0,0.91,0,0.0,0.0,0.0
623.32,0.021,0.0,0.0,0.0,0.91,0,0.0,0.0,0.0
623.38,0.021,0.0,0.0,0.0,0.91,0,0.0,0.0,0.0
623.42,0.021,0.0,0.0,0.0,0.91,0,0.0,0.0,0.0
623.48,0.021,0.0,0.0,0.0,0.91,0,0.0,0.0,0.0
623.52,0.021,0.0,0.0,0.0,0.91,0,0.0,0.0,0.0
623.58,0.021,0.0,0.0,0.0,0.91,0,0.0,0.0,0.0
623.62,0.021,0.0,0.0,0.0,0.91,0,0.0,0.0,0.0
623.68,0.021,0.0,0.0,0.0,0.91,0,0.0,0.0,0.0
623.72,0.021,0.0,0.0,0.0,0.91,0,0.0,0.0,0.0
623.78,0.021,0.0,0.0,0.0,0.91,0,0.0,0.0,0.0
623.84,0.021,0.0,0.0,0.0,0.91,0,0.0,0.0,0.0
623.88,0.021,0.0,0.0,0.0,0.91,0,0.0,0.0,0.0
623.94,0.021,0.0,0.0,0.0,0.91,0,0.0,0.0,0.0
623.98,0.021,0.0,0.0,0.0,0.91,0,0.0,0.0,0.0
624.04,0.021,0.0,0.0,0.0,0.91,0,0.0,0.0,0.0
624.08,0.021,0.0,0.0,0.0,0.91,0,0.0,0.0,0.0
624.14,0.021,0.0,0.0,0.0,0.91,0,0.0,0.0,0.0
624.18,0.021,0.0,0.0,0.0,0.91,0,0.0,0.0,0.0
624.24,0.021,0.0,0.0,0.0,0.91,0,0.0,0.0,0.0
624.3,0.021,0.0,0.0,0.0,0.91,0,0.0,0.0,0.0
624.34,0.021,0.0,0.0,0.0,0.91,0,0.0,0.0,0.0
624.4,0.021,0.0,0.0,0.0,0.91,0,0.0,0.0,0.0
624.44,0.021,0.0,0.0,0.0,0.91,0,0.0,0.0,0.0
624.5,0.021,0.0,0.0,0.0,0.91,0,0.0,0.0,0.0
624.54,0.021,0.0,0.0,0.0,0.91,0,0.0,0.0,0.0
624.58,0.021,0.0,0.0,0.0,0.91,0,0.0,0.0,0.0
624.64,0.021,0.0,0.0,0.0,0.91,0,0.0,0.0,0.0
624.68,0.021,0.0,0.0,0.0,0.91,0,0.0,0.0,0.0
624.74,0.021,0.0,0.0,0.0,0.91,0,0.0,0.0,0.0
624.8,0.021,0.0,0.0,0.0,0.91,0,0.0,0.0,0.0
624.84,0.021,0.0,0.0,0.0,0.91,0,0.0,0.0,0.0
624.9,0.021,0.0,0.0,0.0,0.91,0,0.0,0.0,0.0
624.94,0.021,0.0,0.0,0.0,0.91,0,0.0,0.0,0.0
625.0,0.021,0.0,0.0,0.0,0.91,0,0.0,0.0,0.0
625.04,0.021,0.0,0.0,0.0,0.91,0,0.0,0.0,0.0
625.1,0.021,0.0,0.0,0.0,0.91,0,0.0,0.0,0.0
625.14,0.021,0.0,0.0,0.0,0.91,0,0.0,0.0,0.0
625.2,0.021,0.0,0.0,0.0,0.91,0,0.0,0.0,0.0
625.24,0.021,0.0,0.0,0.0,0.91,0,0.0,0.0,0.0
625.3,0.021,0.0,0.0,0.0,0.91,0,0.0,0.0,0.0
625.34,0.021,0.0,0.0,0.0,0.91,0,0.0,0.0,0.0
625.4,0.021,0.0,0.0,0.0,0.91,0,0.0,0.0,0.0
625.44,0.021,0.0,0.0,0.0,0.91,0,0.0,0.0,0.0
625.5,0.021,0.0,0.0,0.0,0.91,0,0.0,0.0,0.0
625.54,0.021,0.0,0.0,0.0,0.91,0,0.0,0.0,0.0
625.6,0.021,0.0,0.0,0.0,0.91,0,0.0,0.0,0.0
625.64,0.021,0.0,0.0,0.0,0.91,0,0.0,0.0,0.0
625.7,0.021,0.0,0.0,0.0,0.91,0,0.0,0.0,0.0
625.76,0.021,0.0,0.0,0.0,0.91,0,0.0,0.0,0.0
625.8,0.021,0.0,0.0,0.0,0.91,0,0.0,0.0,0.0
625.84,0.021,0.0,0.0,0.0,0.91,0,0.0,0.0,0.0
625.9,0.021,0.0,0.0,0.0,0.91,0,0.0,0.0,0.0
625.94,0.021,0.0,0.0,0.0,0.91,0,0.0,0.0,0.0
625.94,0.021,0.0,0.0,0.0,0.91,0,0.0,0.0,0.0
626.04,0.021,0.0,0.0,0.0,0.91,0,0.0,0.0,0.0
626.08,0.021,0.0,0.0,0.0,0.91,0,0.0,0.0,0.0
626.14,0.021,0.0,0.0,0.0,0.91,0,0.0,0.0,0.0
626.18,0.021,0.0,0.0,0.0,0.91,0,0.0,0.0,0.0
626.24,0.021,0.0,0.0,0.0,0.91,0,0.0,0.0,0.0
626.3,0.021,0.0,0.0,0.0,0.91,0,0.0,0.0,0.0
626.34,0.021,0.0,0.0,0.0,0.91,0,0.0,0.0,0.0
626.4,0.021,0.0,0.0,0.0,0.91,0,0.0,0.0,0.0
626.44,0.021,0.0,0.0,0.0,0.91,0,0.0,0.0,0.0
626.5,0.021,0.0,0.0,0.0,0.91,0,0.0,0.0,0.0
626.54,0.021,0.0,0.0,0.0,0.91,0,0.0,0.0,0.0
626.6,0.021,0.0,0.0,0.0,0.91,0,0.0,0.0,0.0
626.66,0.021,0.0,0.0,0.0,0.91,0,0.0,0.0,0.0
626.7,0.021,0.0,0.0,0.0,0.91,0,0.0,0.0,0.0
626.76,0.021,0.0,0.0,0.0,0.91,0,0.0,0.0,0.0
626.8,0.021,0.0,0.0,0.0,0.91,0,0.0,0.0,0.0
626.86,0.021,0.0,0.0,0.0,0.91,0,0.0,0.0,0.0
626.9,0.021,0.0,0.0,0.0,0.91,0,0.0,0.0,0.0
626.96,0.021,0.0,0.0,0.0,0.91,0,0.0,0.0,0.0
627.02,0.021,0.0,0.0,0.0,0.91,0,0.0,0.0,0.0
627.06,0.021,0.0,0.0,0.0,0.91,0,0.0,0.0,0.0
627.12,0.021,0.0,0.0,0.0,0.91,0,0.0,0.0,0.0
627.16,0.021,0.0,0.0,0.0,0.91,0,0.0,0.0,0.0
627.22,0.021,0.0,0.0,0.0,0.91,0,0.0,0.0,0.0
627.26,0.021,0.0,0.0,0.0,0.91,0,0.0,0.0,0.0
627.32,0.021,0.0,0.0,0.0,0.91,0,0.0,0.0,0.0
627.36,0.021,0.0,0.0,0.0,0.91,0,0.0,0.0,0.0
627.42,0.021,0.0,0.0,0.0,0.91,0,0.0,0.0,0.0
627.46,0.021,0.0,0.0,0.0,0.91,0,0.0,0.0,0.0
627.52,0.021,0.0,0.0,0.0,0.91,0,0.0,0.0,0.0
627.56,0.021,0.0,0.0,0.0,0.91,0,0.0,0.0,0.0
627.62,0.021,0.0,0.0,0.0,0.91,0,0.0,0.0,0.0
627.68,0.021,0.0,0.0,0.0,0.91,0,0.0,0.0,0.0
627.72,0.021,0.0,0.0,0.0,0.91,0,0.0,0.0,0.0
627.78,0.021,0.0,0.0,0.0,0.91,0,0.0,0.0,0.0
627.82,0.021,0.0,0.0,0.0,0.91,0,0.0,0.0,0.0
627.86,0.021,0.0,0.0,0.0,0.91,0,0.0,0.0,0.0
627.92,0.021,0.0,0.0,0.0,0.91,0,0.0,0.0,0.0
627.98,0.021,0.0,0.0,0.0,0.91,0,0.0,0.0,0.0
628.02,0.021,0.0,0.0,0.0,0.91,0,0.0,0.0,0.0
628.08,0.021,0.0,0.0,0.0,0.91,0,0.0,0.0,0.0
628.12,0.021,0.0,0.0,0.0,0.91,0,0.0,0.0,0.0
628.18,0.021,0.0,0.0,0.0,0.91,0,0.0,0.0,0.0
628.22,0.021,0.0,0.0,0.0,0.91,0,0.0,0.0,0.0
628.28,0.021,0.0,0.0,0.0,0.91,0,0.0,0.0,0.0
628.32,0.021,0.0,0.0,0.0,0.91,0,0.0,0.0,0.0
628.38,0.021,0.0,0.0,0.0,0.91,0,0.0,0.0,0.0
628.42,0.021,0.0,0.0,0.0,0.91,0,0.0,0.0,0.0
628.48,0.021,0.0,0.0,0.0,0.91,0,0.0,0.0,0.0
628.52,0.021,0.0,0.0,0.0,0.91,0,0.0,0.0,0.0
628.56,0.021,0.0,0.0,0.0,0.91,0,0.0,0.0,0.0
628.56,0.021,0.0,0.0,0.0,0.91,0,0.0,0.0,0.0
628.64,0.021,0.0,0.0,0.0,0.91,0,0.0,0.0,0.0
628.7,0.021,0.0,0.0,0.0,0.91,0,0.0,0.0,0.0
628.74,0.021,0.0,0.0,0.0,0.91,0,0.0,0.0,0.0
628.8,0.021,0.0,0.0,0.0,0.91,0,0.0,0.0,0.0
628.86,0.021,0.0,0.0,0.0,0.91,0,0.0,0.0,0.0
628.9,0.021,0.0,0.0,0.0,0.91,0,0.0,0.0,0.0
628.96,0.021,0.0,0.0,0.0,0.91,0,0.0,0.0,0.0
629.0,0.021,0.0,0.0,0.0,0.91,0,0.0,0.0,0.0
629.06,0.021,0.0,0.0,0.0,0.91,0,0.0,0.0,0.0
629.1,0.021,0.0,0.0,0.0,0.91,0,0.0,0.0,0.0
629.16,0.021,0.0,0.0,0.0,0.91,0,0.0,0.0,0.0
629.2,0.021,0.0,0.0,0.0,0.91,0,0.0,0.0,0.0
629.26,0.021,0.0,0.0,0.0,0.91,0,0.0,0.0,0.0
629.3,0.021,0.0,0.0,0.0,0.91,0,0.0,0.0,0.0
629.36,0.021,0.0,0.0,0.0,0.91,0,0.0,0.0,0.0
629.42,0.021,0.0,0.0,0.0,0.91,0,0.0,0.0,0.0
629.46,0.021,0.0,0.0,0.0,0.91,0,0.0,0.0,0.0
629.52,0.021,0.0,0.0,0.0,0.91,0,0.0,0.0,0.0
629.56,0.021,0.0,0.0,0.0,0.91,0,0.0,0.0,0.0
629.62,0.021,0.0,0.0,0.0,0.91,0,0.0,0.0,0.0
629.66,0.021,0.0,0.0,0.0,0.91,0,0.0,0.0,0.0
629.72,0.021,0.0,0.0,0.0,0.91,0,0.0,0.0,0.0
629.76,0.021,0.0,0.0,0.0,0.91,0,0.0,0.0,0.0
629.82,0.021,0.0,0.0,0.0,0.91,0,0.0,0.0,0.0
629.86,0.021,0.0,0.0,0.0,0.91,0,0.0,0.0,0.0
629.92,0.021,0.0,0.0,0.0,0.91,0,0.0,0.0,0.0
629.96,0.021,0.0,0.0,0.0,0.91,0,0.0,0.0,0.0
630.02,0.021,0.0,0.0,0.0,0.91,0,0.0,0.0,0.0
630.08,0.021,0.0,0.0,0.0,0.91,0,0.0,0.0,0.0
630.12,0.021,0.0,0.0,0.0,0.91,0,0.0,0.0,0.0
630.18,0.021,0.0,0.0,0.0,0.91,0,0.0,0.0,0.0
630.22,0.021,0.0,0.0,0.0,0.91,0,0.0,0.0,0.0
630.28,0.021,0.0,0.0,0.0,0.91,0,0.0,0.0,0.0
630.34,0.021,0.0,0.0,0.0,0.91,0,0.0,0.0,0.0
630.38,0.021,0.0,0.0,0.0,0.91,0,0.0,0.0,0.0
630.44,0.021,0.0,0.0,0.0,0.91,0,0.0,0.0,0.0
630.48,0.021,0.0,0.0,0.0,0.91,0,0.0,0.0,0.0
630.54,0.021,0.0,0.0,0.0,0.91,0,0.0,0.0,0.0
630.58,0.021,0.0,0.0,0.0,0.91,0,0.0,0.0,0.0
630.64,0.021,0.0,0.0,0.0,0.91,0,0.0,0.0,0.0
630.7,0.021,0.0,0.0,0.0,0.91,0,0.0,0.0,0.0
630.74,0.021,0.0,0.0,0.0,0.91,0,0.0,0.0,0.0
630.8,0.021,0.0,0.0,0.0,0.91,0,0.0,0.0,0.0
630.84,0.021,0.0,0.0,0.0,0.91,0,0.0,0.0,0.0
630.9,0.021,0.0,0.0,0.0,0.91,0,0.0,0.0,0.0
630.94,0.021,0.0,0.0,0.0,0.91,0,0.0,0.0,0.0
631.0,0.021,0.0,0.0,0.0,0.91,0,0.0,0.0,0.0
631.06,0.021,0.0,0.0,0.0,0.91,0,0.0,0.0,0.0
631.1,0.021,0.0,0.0,0.0,0.91,0,0.0,0.0,0.0
631.16,0.021,0.0,0.0,0.0,0.91,0,0.0,0.0,0.0
631.2,0.021,0.0,0.0,0.0,0.91,0,0.0,0.0,0.0
631.24,0.021,0.0,0.0,0.0,0.91,0,0.0,0.0,0.0
631.3,0.021,0.0,0.0,0.0,0.91,0,0.0,0.0,0.0
631.36,0.021,0.0,0.0,0.0,0.91,0,0.0,0.0,0.0
631.4,0.021,0.0,0.0,0.0,0.91,0,0.0,0.0,0.0
631.46,0.021,0.0,0.0,0.0,0.91,0,0.0,0.0,0.0
631.5,0.021,0.0,0.0,0.0,0.91,0,0.0,0.0,0.0
631.56,0.021,0.0,0.0,0.0,0.91,0,0.0,0.0,0.0
631.62,0.021,0.0,0.0,0.0,0.91,0,0.0,0.0,0.0
631.66,0.021,0.0,0.0,0.0,0.91,0,0.0,0.0,0.0
631.72,0.021,0.0,0.0,0.0,0.91,0,0.0,0.0,0.0
631.76,0.021,0.0,0.0,0.0,0.91,0,0.0,0.0,0.0
631.8,0.021,0.0,0.0,0.0,0.91,0,0.0,0.0,0.0
631.86,0.021,0.0,0.0,0.0,0.91,0,0.0,0.0,0.0
631.92,0.021,0.0,0.0,0.0,0.91,0,0.0,0.0,0.0
631.96,0.021,0.0,0.0,0.0,0.91,0,0.0,0.0,0.0
632.02,0.021,0.0,0.0,0.0,0.91,0,0.0,0.0,0.0
632.06,0.021,0.0,0.0,0.0,0.91,0,0.0,0.0,0.0
632.12,0.021,0.0,0.0,0.0,0.91,0,0.0,0.0,0.0
632.16,0.021,0.0,0.0,0.0,0.91,0,0.0,0.0,0.0
632.22,0.021,0.0,0.0,0.0,0.91,0,0.0,0.0,0.0
632.28,0.021,0.0,0.0,0.0,0.91,0,0.0,0.0,0.0
632.32,0.021,0.0,0.0,0.0,0.91,0,0.0,0.0,0.0
632.38,0.021,0.0,0.0,0.0,0.91,0,0.0,0.0,0.0
632.42,0.021,0.0,0.0,0.0,0.91,0,0.0,0.0,0.0
632.48,0.021,0.0,0.0,0.0,0.91,0,0.0,0.0,0.0
632.52,0.021,0.0,0.0,0.0,0.91,0,0.0,0.0,0.0
632.58,0.021,0.0,0.0,0.0,0.91,0,0.0,0.0,0.0
632.62,0.021,0.0,0.0,0.0,0.91,0,0.0,0.0,0.0
632.68,0.021,0.0,0.0,0.0,0.91,0,0.0,0.0,0.0
632.72,0.021,0.0,0.0,0.0,0.91,0,0.0,0.0,0.0
632.78,0.021,0.0,0.0,0.0,0.91,0,0.0,0.0,0.0
632.82,0.021,0.0,0.0,0.0,0.91,0,0.0,0.0,0.0
632.88,0.021,0.0,0.0,0.0,0.91,0,0.0,0.0,0.0
632.94,0.021,0.0,0.0,0.0,0.91,0,0.0,0.0,0.0
632.98,0.021,0.0,0.0,0.0,0.91,0,0.0,0.0,0.0
633.04,0.021,0.0,0.0,0.0,0.91,0,0.0,0.0,0.0
633.08,0.021,0.0,0.0,0.0,0.91,0,0.0,0.0,0.0
633.12,0.021,0.0,0.0,0.0,0.91,0,0.0,0.0,0.0
633.18,0.021,0.0,0.0,0.0,0.91,0,0.0,0.0,0.0
633.24,0.021,0.0,0.0,0.0,0.91,0,0.0,0.0,0.0
633.28,0.021,0.0,0.0,0.0,0.91,0,0.0,0.0,0.0
633.34,0.021,0.0,0.0,0.0,0.91,0,0.0,0.0,0.0
633.38,0.021,0.0,0.0,0.0,0.91,0,0.0,0.0,0.0
633.44,0.021,0.0,0.0,0.0,0.91,0,0.0,0.0,0.0
633.48,0.021,0.0,0.0,0.0,0.91,0,0.0,0.0,0.0
633.54,0.021,0.0,0.0,0.0,0.91,0,0.0,0.0,0.0
633.58,0.021,0.0,0.0,0.0,0.91,0,0.0,0.0,0.0
633.64,0.021,0.0,0.0,0.0,0.91,0,0.0,0.0,0.0
633.7,0.021,0.0,0.0,0.0,0.91,0,0.0,0.0,0.0
633.74,0.021,0.0,0.0,0.0,0.91,0,0.0,0.0,0.0
633.8,0.021,0.0,0.0,0.0,0.91,0,0.0,0.0,0.0
633.84,0.021,0.0,0.0,0.0,0.91,0,0.0,0.0,0.0
633.88,0.021,0.0,0.0,0.0,0.91,0,0.0,0.0,0.0
633.94,0.021,0.0,0.0,0.0,0.91,0,0.0,0.0,0.0
634.0,0.021,0.0,0.0,0.0,0.91,0,0.0,0.0,0.0
634.04,0.021,0.0,0.0,0.0,0.91,0,0.0,0.0,0.0
634.1,0.021,0.0,0.0,0.0,0.91,0,0.0,0.0,0.0
634.14,0.021,0.0,0.0,0.0,0.91,0,0.0,0.0,0.0
634.2,0.021,0.0,0.0,0.0,0.91,0,0.0,0.0,0.0
634.24,0.021,0.0,0.0,0.0,0.91,0,0.0,0.0,0.0
634.3,0.021,0.0,0.0,0.0,0.91,0,0.0,0.0,0.0
634.34,0.021,0.0,0.0,0.0,0.91,0,0.0,0.0,0.0
634.4,0.021,0.0,0.0,0.0,0.91,0,0.0,0.0,0.0
634.44,0.021,0.0,0.0,0.0,0.91,0,0.0,0.0,0.0
634.5,0.021,0.0,0.0,0.0,0.91,0,0.0,0.0,0.0
634.56,0.021,0.0,0.0,0.0,0.91,0,0.0,0.0,0.0
634.6,0.021,0.0,0.0,0.0,0.91,0,0.0,0.0,0.0
634.66,0.021,0.0,0.0,0.0,0.91,0,0.0,0.0,0.0
634.7,0.021,0.0,0.0,0.0,0.91,0,0.0,0.0,0.0
634.76,0.021,0.0,0.0,0.0,0.91,0,0.0,0.0,0.0
634.8,0.021,0.0,0.0,0.0,0.91,0,0.0,0.0,0.0
634.86,0.021,0.0,0.0,0.0,0.91,0,0.0,0.0,0.0
634.9,0.021,0.0,0.0,0.0,0.91,0,0.0,0.0,0.0
634.96,0.021,0.0,0.0,0.0,0.91,0,0.0,0.0,0.0
635.0,0.021,0.0,0.0,0.0,0.91,0,0.0,0.0,0.0
635.06,0.021,0.0,0.0,0.0,0.91,0,0.0,0.0,0.0
635.1,0.021,0.0,0.0,0.0,0.91,0,0.0,0.0,0.0
635.16,0.021,0.0,0.0,0.0,0.91,0,0.0,0.0,0.0
635.2,0.021,0.0,0.0,0.0,0.91,0,0.0,0.0,0.0
635.26,0.021,0.0,0.0,0.0,0.91,0,0.0,0.0,0.0
635.3,0.021,0.0,0.0,0.0,0.91,0,0.0,0.0,0.0
635.36,0.021,0.0,0.0,0.0,0.91,0,0.0,0.0,0.0
635.4,0.021,0.0,0.0,0.0,0.91,0,0.0,0.0,0.0
635.46,0.021,0.0,0.0,0.0,0.91,0,0.0,0.0,0.0
635.52,0.021,0.0,0.0,0.0,0.91,0,0.0,0.0,0.0
635.56,0.021,0.0,0.0,0.0,0.91,0,0.0,0.0,0.0
635.62,0.021,0.0,0.0,0.0,0.91,0,0.0,0.0,0.0
635.66,0.021,0.0,0.0,0.0,0.91,0,0.0,0.0,0.0
635.72,0.021,0.0,0.0,0.0,0.91,0,0.0,0.0,0.0
635.76,0.021,0.0,0.0,0.0,0.91,0,0.0,0.0,0.0
635.82,0.021,0.0,0.0,0.0,0.91,0,0.0,0.0,0.0
635.86,0.021,0.0,0.0,0.0,0.91,0,0.0,0.0,0.0
635.92,0.021,0.0,0.0,0.0,0.91,0,0.0,0.0,0.0
635.96,0.021,0.0,0.0,0.0,0.91,0,0.0,0.0,0.0
636.02,0.021,0.0,0.0,0.0,0.91,0,0.0,0.0,0.0
636.06,0.021,0.0,0.0,0.0,0.91,0,0.0,0.0,0.0
636.12,0.021,0.0,0.0,0.0,0.91,0,0.0,0.0,0.0
636.16,0.021,0.0,0.0,0.0,0.91,0,0.0,0.0,0.0
636.22,0.021,0.0,0.0,0.0,0.91,0,0.0,0.0,0.0
636.28,0.021,0.0,0.0,0.0,0.91,0,0.0,0.0,0.0
636.32,0.021,0.0,0.0,0.0,0.91,0,0.0,0.0,0.0
636.38,0.021,0.0,0.0,0.0,0.91,0,0.0,0.0,0.0
636.42,0.021,0.0,0.0,0.0,0.91,0,0.0,0.0,0.0
636.46,0.021,0.0,0.0,0.0,0.91,0,0.0,0.0,0.0
636.52,0.021,0.0,0.0,0.0,0.91,0,0.0,0.0,0.0
636.58,0.021,0.0,0.0,0.0,0.91,0,0.0,0.0,0.0
636.62,0.021,0.0,0.0,0.0,0.91,0,0.0,0.0,0.0
636.68,0.021,0.0,0.0,0.0,0.91,0,0.0,0.0,0.0
636.72,0.021,0.0,0.0,0.0,0.91,0,0.0,0.0,0.0
636.78,0.021,0.0,0.0,0.0,0.91,0,0.0,0.0,0.0
636.82,0.021,0.0,0.0,0.0,0.91,0,0.0,0.0,0.0
636.88,0.021,0.0,0.0,0.0,0.91,0,0.0,0.0,0.0
636.92,0.021,0.0,0.0,0.0,0.91,0,0.0,0.0,0.0
636.98,0.021,0.0,0.0,0.0,0.91,0,0.0,0.0,0.0
637.02,0.021,0.0,0.0,0.0,0.91,0,0.0,0.0,0.0
637.08,0.021,0.0,0.0,0.0,0.91,0,0.0,0.0,0.0
637.12,0.021,0.0,0.0,0.0,0.91,0,0.0,0.0,0.0
637.18,0.021,0.0,0.0,0.0,0.91,0,0.0,0.0,0.0
637.24,0.021,0.0,0.0,0.0,0.91,0,0.0,0.0,0.0
637.28,0.021,0.0,0.0,0.0,0.91,0,0.0,0.0,0.0
637.34,0.021,0.0,0.0,0.0,0.91,0,0.0,0.0,0.0
637.38,0.021,0.0,0.0,0.0,0.91,0,0.0,0.0,0.0
637.44,0.021,0.0,0.0,0.0,0.91,0,0.0,0.0,0.0
637.48,0.021,0.0,0.0,0.0,0.91,0,0.0,0.0,0.0
637.54,0.021,0.0,0.0,0.0,0.91,0,0.0,0.0,0.0
637.58,0.021,0.0,0.0,0.0,0.91,0,0.0,0.0,0.0
637.64,0.021,0.0,0.0,0.0,0.91,0,0.0,0.0,0.0
637.68,0.021,0.0,0.0,0.0,0.91,0,0.0,0.0,0.0
637.74,0.021,0.0,0.0,0.0,0.91,0,0.0,0.0,0.0
637.78,0.021,0.0,0.0,0.0,0.91,0,0.0,0.0,0.0
637.84,0.021,0.0,0.0,0.0,0.91,0,0.0,0.0,0.0
637.9,0.021,0.0,0.0,0.0,0.91,0,0.0,0.0,0.0
637.94,0.021,0.0,0.0,0.0,0.91,0,0.0,0.0,0.0
638.0,0.021,0.0,0.0,0.0,0.91,0,0.0,0.0,0.0
638.04,0.021,0.0,0.0,0.0,0.91,0,0.0,0.0,0.0
638.1,0.021,0.0,0.0,0.0,0.91,0,0.0,0.0,0.0
638.14,0.021,0.0,0.0,0.0,0.91,0,0.0,0.0,0.0
638.2,0.021,0.0,0.0,0.0,0.91,0,0.0,0.0,0.0
638.24,0.021,0.0,0.0,0.0,0.91,0,0.0,0.0,0.0
638.3,0.021,0.0,0.0,0.0,0.91,0,0.0,0.0,0.0
638.34,0.021,0.0,0.0,0.0,0.91,0,0.0,0.0,0.0
638.4,0.021,0.0,0.0,0.0,0.91,0,0.0,0.0,0.0
638.44,0.021,0.0,0.0,0.0,0.91,0,0.0,0.0,0.0
638.5,0.021,0.0,0.0,0.0,0.91,0,0.0,0.0,0.0
638.54,0.021,0.0,0.0,0.0,0.91,0,0.0,0.0,0.0
638.6,0.021,0.0,0.0,0.0,0.91,0,0.0,0.0,0.0
638.66,0.021,0.0,0.0,0.0,0.91,0,0.0,0.0,0.0
638.7,0.021,0.0,0.0,0.0,0.91,0,0.0,0.0,0.0
638.76,0.021,0.0,0.0,0.0,0.91,0,0.0,0.0,0.0
638.8,0.021,0.0,0.0,0.0,0.91,0,0.0,0.0,0.0
638.84,0.021,0.0,0.0,0.0,0.91,0,0.0,0.0,0.0
638.9,0.021,0.0,0.0,0.0,0.91,0,0.0,0.0,0.0
638.96,0.021,0.0,0.0,0.0,0.91,0,0.0,0.0,0.0
639.0,0.021,0.0,0.0,0.0,0.91,0,0.0,0.0,0.0
639.06,0.021,0.0,0.0,0.0,0.91,0,0.0,0.0,0.0
639.1,0.021,0.0,0.0,0.0,0.91,0,0.0,0.0,0.0
639.14,0.021,0.0,0.0,0.0,0.91,0,0.0,0.0,0.0
639.22,0.021,0.0,0.0,0.0,0.91,0,0.0,0.0,0.0
639.26,0.021,0.0,0.0,0.0,0.91,0,0.0,0.0,0.0
639.32,0.021,0.0,0.0,0.0,0.91,0,0.0,0.0,0.0
639.36,0.021,0.0,0.0,0.0,0.91,0,0.0,0.0,0.0
639.42,0.021,0.0,0.0,0.0,0.91,0,0.0,0.0,0.0
639.46,0.021,0.0,0.0,0.0,0.91,0,0.0,0.0,0.0
639.52,0.021,0.0,0.0,0.0,0.91,0,0.0,0.0,0.0
639.58,0.021,0.0,0.0,0.0,0.91,0,0.0,0.0,0.0
639.62,0.021,0.0,0.0,0.0,0.91,0,0.0,0.0,0.0
639.68,0.021,0.0,0.0,0.0,0.91,0,0.0,0.0,0.0
639.72,0.021,0.0,0.0,0.0,0.91,0,0.0,0.0,0.0
639.76,0.021,0.0,0.0,0.0,0.91,0,0.0,0.0,0.0
639.82,0.021,0.0,0.0,0.0,0.91,0,0.0,0.0,0.0
639.88,0.021,0.0,0.0,0.0,0.91,0,0.0,0.0,0.0
639.92,0.021,0.0,0.0,0.0,0.91,0,0.0,0.0,0.0
639.98,0.021,0.0,0.0,0.0,0.91,0,0.0,0.0,0.0
640.02,0.021,0.0,0.0,0.0,0.91,0,0.0,0.0,0.0
640.08,0.021,0.0,0.0,0.0,0.91,0,0.0,0.0,0.0
640.12,0.021,0.0,0.0,0.0,0.91,0,0.0,0.0,0.0
640.18,0.021,0.0,0.0,0.0,0.91,0,0.0,0.0,0.0
640.24,0.021,0.0,0.0,0.0,0.91,0,0.0,0.0,0.0
640.28,0.021,0.0,0.0,0.0,0.91,0,0.0,0.0,0.0
640.34,0.021,0.0,0.0,0.0,0.91,0,0.0,0.0,0.0
640.38,0.021,0.0,0.0,0.0,0.91,0,0.0,0.0,0.0
640.42,0.021,0.0,0.0,0.0,0.91,0,0.0,0.0,0.0
640.48,0.021,0.0,0.0,0.0,0.91,0,0.0,0.0,0.0
640.54,0.021,0.0,0.0,0.0,0.91,0,0.0,0.0,0.0
640.58,0.021,0.0,0.0,0.0,0.91,0,0.0,0.0,0.0
640.64,0.021,0.0,0.0,0.0,0.91,0,0.0,0.0,0.0
640.68,0.021,0.0,0.0,0.0,0.91,0,0.0,0.0,0.0
640.74,0.021,0.0,0.0,0.0,0.91,0,0.0,0.0,0.0
640.8,0.021,0.0,0.0,0.0,0.91,0,0.0,0.0,0.0
640.84,0.021,0.0,0.0,0.0,0.91,0,0.0,0.0,0.0
640.9,0.021,0.0,0.0,0.0,0.91,0,0.0,0.0,0.0
640.94,0.021,0.0,0.0,0.0,0.91,0,0.0,0.0,0.0
641.0,0.021,0.0,0.0,0.0,0.91,0,0.0,0.0,0.0
641.04,0.021,0.0,0.0,0.0,0.91,0,0.0,0.0,0.0
641.08,0.021,0.0,0.0,0.0,0.91,0,0.0,0.0,0.0
641.14,0.021,0.0,0.0,0.0,0.91,0,0.0,0.0,0.0
641.2,0.021,0.0,0.0,0.0,0.91,0,0.0,0.0,0.0
641.24,0.021,0.0,0.0,0.0,0.91,0,0.0,0.0,0.0
641.3,0.021,0.0,0.0,0.0,0.91,0,0.0,0.0,0.0
641.34,0.021,0.0,0.0,0.0,0.91,0,0.0,0.0,0.0
641.4,0.021,0.0,0.0,0.0,0.91,0,0.0,0.0,0.0
641.44,0.021,0.0,0.0,0.0,0.91,0,0.0,0.0,0.0
641.5,0.021,0.0,0.0,0.0,0.91,0,0.0,0.0,0.0
641.56,0.021,0.0,0.0,0.0,0.91,0,0.0,0.0,0.0
641.6,0.021,0.0,0.0,0.0,0.91,0,0.0,0.0,0.0
641.66,0.021,0.0,0.0,0.0,0.91,0,0.0,0.0,0.0
641.7,0.021,0.0,0.0,0.0,0.91,0,0.0,0.0,0.0
641.76,0.021,0.0,0.0,0.0,0.91,0,0.0,0.0,0.0
641.8,0.021,0.0,0.0,0.0,0.91,0,0.0,0.0,0.0
641.86,0.021,0.0,0.0,0.0,0.91,0,0.0,0.0,0.0
641.9,0.021,0.0,0.0,0.0,0.91,0,0.0,0.0,0.0
641.96,0.021,0.0,0.0,0.0,0.91,0,0.0,0.0,0.0
642.0,0.021,0.0,0.0,0.0,0.91,0,0.0,0.0,0.0
642.06,0.021,0.0,0.0,0.0,0.91,0,0.0,0.0,0.0
642.1,0.021,0.0,0.0,0.0,0.91,0,0.0,0.0,0.0
642.16,0.021,0.0,0.0,0.0,0.91,0,0.0,0.0,0.0
642.2,0.021,0.0,0.0,0.0,0.91,0,0.0,0.0,0.0
642.26,0.021,0.0,0.0,0.0,0.91,0,0.0,0.0,0.0
642.3,0.021,0.0,0.0,0.0,0.91,0,0.0,0.0,0.0
642.36,0.021,0.0,0.0,0.0,0.91,0,0.0,0.0,0.0
642.4,0.021,0.0,0.0,0.0,0.91,0,0.0,0.0,0.0
642.46,0.021,0.0,0.0,0.0,0.91,0,0.0,0.0,0.0
642.5,0.021,0.0,0.0,0.0,0.91,0,0.0,0.0,0.0
642.56,0.021,0.0,0.0,0.0,0.91,0,0.0,0.0,0.0
642.62,0.021,0.0,0.0,0.0,0.91,0,0.0,0.0,0.0
642.66,0.021,0.0,0.0,0.0,0.91,0,0.0,0.0,0.0
642.72,0.021,0.0,0.0,0.0,0.91,0,0.0,0.0,0.0
642.76,0.021,0.0,0.0,0.0,0.91,0,0.0,0.0,0.0
642.82,0.021,0.0,0.0,0.0,0.91,0,0.0,0.0,0.0
642.86,0.021,0.0,0.0,0.0,0.91,0,0.0,0.0,0.0
642.9,0.021,0.0,0.0,0.0,0.91,0,0.0,0.0,0.0
642.98,0.021,0.0,0.0,0.0,0.91,0,0.0,0.0,0.0
643.02,0.021,0.0,0.0,0.0,0.91,0,0.0,0.0,0.0
643.08,0.021,0.0,0.0,0.0,0.91,0,0.0,0.0,0.0
643.12,0.021,0.0,0.0,0.0,0.91,0,0.0,0.0,0.0
643.18,0.021,0.0,0.0,0.0,0.91,0,0.0,0.0,0.0
643.22,0.021,0.0,0.0,0.0,0.91,0,0.0,0.0,0.0
643.28,0.021,0.0,0.0,0.0,0.91,0,0.0,0.0,0.0
643.34,0.021,0.0,0.0,0.0,0.91,0,0.0,0.0,0.0
643.38,0.021,0.0,0.0,0.0,0.91,0,0.0,0.0,0.0
643.44,0.021,0.0,0.0,0.0,0.91,0,0.0,0.0,0.0
643.48,0.021,0.0,0.0,0.0,0.91,0,0.0,0.0,0.0
643.54,0.021,0.0,0.0,0.0,0.91,0,0.0,0.0,0.0
643.6,0.021,0.0,0.0,0.0,0.91,0,0.0,0.0,0.0
643.64,0.021,0.0,0.0,0.0,0.91,0,0.0,0.0,0.0
643.7,0.021,0.0,0.0,0.0,0.91,0,0.0,0.0,0.0
643.74,0.021,0.0,0.0,0.0,0.91,0,0.0,0.0,0.0
643.78,0.021,0.0,0.0,0.0,0.91,0,0.0,0.0,0.0
643.84,0.021,0.0,0.0,0.0,0.91,0,0.0,0.0,0.0
643.9,0.021,0.0,0.0,0.0,0.91,0,0.0,0.0,0.0
643.94,0.021,0.0,0.0,0.0,0.91,0,0.0,0.0,0.0
644.0,0.021,0.0,0.0,0.0,0.91,0,0.0,0.0,0.0
644.04,0.021,0.0,0.0,0.0,0.91,0,0.0,0.0,0.0
644.1,0.021,0.0,0.0,0.0,0.91,0,0.0,0.0,0.0
644.14,0.021,0.0,0.0,0.0,0.91,0,0.0,0.0,0.0
644.2,0.021,0.0,0.0,0.0,0.91,0,0.0,0.0,0.0
644.24,0.021,0.0,0.0,0.0,0.91,0,0.0,0.0,0.0
644.3,0.021,0.0,0.0,0.0,0.91,0,0.0,0.0,0.0
644.34,0.021,0.0,0.0,0.0,0.91,0,0.0,0.0,0.0
644.4,0.021,0.0,0.0,0.0,0.91,0,0.0,0.0,0.0
644.44,0.021,0.0,0.0,0.0,0.91,0,0.0,0.0,0.0
644.5,0.021,0.0,0.0,0.0,0.91,0,0.0,0.0,0.0
644.56,0.021,0.0,0.0,0.0,0.91,0,0.0,0.0,0.0
644.6,0.021,0.0,0.0,0.0,0.91,0,0.0,0.0,0.0
644.66,0.021,0.0,0.0,0.0,0.91,0,0.0,0.0,0.0
644.7,0.021,0.0,0.0,0.0,0.91,0,0.0,0.0,0.0
644.76,0.021,0.0,0.0,0.0,0.91,0,0.0,0.0,0.0
644.8,0.021,0.0,0.0,0.0,0.91,0,0.0,0.0,0.0
644.86,0.021,0.0,0.0,0.0,0.91,0,0.0,0.0,0.0
644.9,0.021,0.0,0.0,0.0,0.91,0,0.0,0.0,0.0
644.96,0.021,0.0,0.0,0.0,0.91,0,0.0,0.0,0.0
645.0,0.021,0.0,0.0,0.0,0.91,0,0.0,0.0,0.0
645.06,0.021,0.0,0.0,0.0,0.91,0,0.0,0.0,0.0
645.1,0.021,0.0,0.0,0.0,0.91,0,0.0,0.0,0.0
645.16,0.021,0.0,0.0,0.0,0.91,0,0.0,0.0,0.0
645.2,0.021,0.0,0.0,0.0,0.91,0,0.0,0.0,0.0
645.26,0.021,0.0,0.0,0.0,0.91,0,0.0,0.0,0.0
645.3,0.021,0.0,0.0,0.0,0.91,0,0.0,0.0,0.0
645.36,0.021,0.0,0.0,0.0,0.91,0,0.0,0.0,0.0
645.42,0.021,0.0,0.0,0.0,0.91,0,0.0,0.0,0.0
645.46,0.021,0.0,0.0,0.0,0.91,0,0.0,0.0,0.0
645.52,0.021,0.0,0.0,0.0,0.91,0,0.0,0.0,0.0
645.56,0.021,0.0,0.0,0.0,0.91,0,0.0,0.0,0.0
645.62,0.021,0.0,0.0,0.0,0.91,0,0.0,0.0,0.0
645.66,0.021,0.0,0.0,0.0,0.91,0,0.0,0.0,0.0
645.72,0.021,0.0,0.0,0.0,0.91,0,0.0,0.0,0.0
645.78,0.021,0.0,0.0,0.0,0.91,0,0.0,0.0,0.0
645.82,0.021,0.0,0.0,0.0,0.91,0,0.0,0.0,0.0
645.88,0.021,0.0,0.0,0.0,0.91,0,0.0,0.0,0.0
645.92,0.021,0.0,0.0,0.0,0.91,0,0.0,0.0,0.0
645.98,0.021,0.0,0.0,0.0,0.91,0,0.0,0.0,0.0
646.02,0.021,0.0,0.0,0.0,0.91,0,0.0,0.0,0.0
646.06,0.021,0.0,0.0,0.0,0.91,0,0.0,0.0,0.0
646.12,0.021,0.0,0.0,0.0,0.91,0,0.0,0.0,0.0
646.18,0.021,0.0,0.0,0.0,0.91,0,0.0,0.0,0.0
646.22,0.021,0.0,0.0,0.0,0.91,0,0.0,0.0,0.0
646.28,0.021,0.0,0.0,0.0,0.91,0,0.0,0.0,0.0
646.32,0.021,0.0,0.0,0.0,0.91,0,0.0,0.0,0.0
646.38,0.021,0.0,0.0,0.0,0.91,0,0.0,0.0,0.0
646.42,0.021,0.0,0.0,0.0,0.91,0,0.0,0.0,0.0
646.48,0.021,0.0,0.0,0.0,0.91,0,0.0,0.0,0.0
646.54,0.021,0.0,0.0,0.0,0.91,0,0.0,0.0,0.0
646.58,0.021,0.0,0.0,0.0,0.91,0,0.0,0.0,0.0
646.64,0.021,0.0,0.0,0.0,0.91,0,0.0,0.0,0.0
646.68,0.021,0.0,0.0,0.0,0.91,0,0.0,0.0,0.0
646.74,0.021,0.0,0.0,0.0,0.91,0,0.0,0.0,0.0
646.78,0.021,0.0,0.0,0.0,0.91,0,0.0,0.0,0.0
646.84,0.021,0.0,0.0,0.0,0.91,0,0.0,0.0,0.0
646.9,0.021,0.0,0.0,0.0,0.91,0,0.0,0.0,0.0
646.94,0.021,0.0,0.0,0.0,0.91,0,0.0,0.0,0.0
647.0,0.021,0.0,0.0,0.0,0.91,0,0.0,0.0,0.0
647.04,0.021,0.0,0.0,0.0,0.91,0,0.0,0.0,0.0
647.1,0.021,0.0,0.0,0.0,0.91,0,0.0,0.0,0.0
647.14,0.021,0.0,0.0,0.0,0.91,0,0.0,0.0,0.0
647.2,0.021,0.0,0.0,0.0,0.91,0,0.0,0.0,0.0
647.24,0.021,0.0,0.0,0.0,0.91,0,0.0,0.0,0.0
647.3,0.021,0.0,0.0,0.0,0.91,0,0.0,0.0,0.0
647.34,0.021,0.0,0.0,0.0,0.91,0,0.0,0.0,0.0
647.4,0.021,0.0,0.0,0.0,0.91,0,0.0,0.0,0.0
647.46,0.021,0.0,0.0,0.0,0.91,0,0.0,0.0,0.0
647.5,0.021,0.0,0.0,0.0,0.91,0,0.0,0.0,0.0
647.56,0.021,0.0,0.0,0.0,0.91,0,0.0,0.0,0.0
647.6,0.021,0.0,0.0,0.0,0.91,0,0.0,0.0,0.0
647.64,0.021,0.0,0.0,0.0,0.91,0,0.0,0.0,0.0
647.7,0.021,0.0,0.0,0.0,0.91,0,0.0,0.0,0.0
647.76,0.021,0.0,0.0,0.0,0.91,0,0.0,0.0,0.0
647.8,0.021,0.0,0.0,0.0,0.91,0,0.0,0.0,0.0
647.86,0.021,0.0,0.0,0.0,0.91,0,0.0,0.0,0.0
647.9,0.021,0.0,0.0,0.0,0.91,0,0.0,0.0,0.0
647.96,0.021,0.0,0.0,0.0,0.91,0,0.0,0.0,0.0
648.0,0.021,0.0,0.0,0.0,0.91,0,0.0,0.0,0.0
648.06,0.021,0.0,0.0,0.0,0.91,0,0.0,0.0,0.0
648.1,0.021,0.0,0.0,0.0,0.91,0,0.0,0.0,0.0
648.16,0.021,0.0,0.0,0.0,0.91,0,0.0,0.0,0.0
648.2,0.021,0.0,0.0,0.0,0.91,0,0.0,0.0,0.0
648.26,0.021,0.0,0.0,0.0,0.91,0,0.0,0.0,0.0
648.3,0.021,0.0,0.0,0.0,0.91,0,0.0,0.0,0.0
648.36,0.021,0.0,0.0,0.0,0.91,0,0.0,0.0,0.0
648.42,0.021,0.0,0.0,0.0,0.91,0,0.0,0.0,0.0
648.46,0.021,0.0,0.0,0.0,0.91,0,0.0,0.0,0.0
648.52,0.021,0.0,0.0,0.0,0.91,0,0.0,0.0,0.0
648.56,0.021,0.0,0.0,0.0,0.91,0,0.0,0.0,0.0
648.6,0.021,0.0,0.0,0.0,0.91,0,0.0,0.0,0.0
648.66,0.021,0.0,0.0,0.0,0.91,0,0.0,0.0,0.0
648.72,0.021,0.0,0.0,0.0,0.91,0,0.0,0.0,0.0
648.76,0.021,0.0,0.0,0.0,0.91,0,0.0,0.0,0.0
648.82,0.021,0.0,0.0,0.0,0.91,0,0.0,0.0,0.0
648.86,0.021,0.0,0.0,0.0,0.91,0,0.0,0.0,0.0
648.92,0.021,0.0,0.0,0.0,0.91,0,0.0,0.0,0.0
648.96,0.021,0.0,0.0,0.0,0.91,0,0.0,0.0,0.0
649.02,0.021,0.0,0.0,0.0,0.91,0,0.0,0.0,0.0
649.06,0.021,0.0,0.0,0.0,0.91,0,0.0,0.0,0.0
649.12,0.021,0.0,0.0,0.0,0.91,0,0.0,0.0,0.0
649.16,0.021,0.0,0.0,0.0,0.91,0,0.0,0.0,0.0
649.22,0.021,0.0,0.0,0.0,0.91,0,0.0,0.0,0.0
649.26,0.021,0.0,0.0,0.0,0.91,0,0.0,0.0,0.0
649.32,0.021,0.0,0.0,0.0,0.91,0,0.0,0.0,0.0
649.38,0.021,0.0,0.0,0.0,0.91,0,0.0,0.0,0.0
649.42,0.021,0.0,0.0,0.0,0.91,0,0.0,0.0,0.0
650.32,0.021,0.0,0.0,0.0,0.91,0,0.0,0.0,0.0
650.38,0.021,0.0,0.0,0.0,0.91,0,0.0,0.0,0.0
650.42,0.021,0.0,0.0,0.0,0.91,0,0.0,0.0,0.0
650.46,0.021,0.0,0.0,0.0,0.91,0,0.0,0.0,0.0
650.52,0.021,0.0,0.0,0.0,0.91,0,0.0,0.0,0.0
650.56,0.021,0.0,0.0,0.0,0.91,0,0.0,0.0,0.0
650.62,0.021,0.0,0.0,0.0,0.91,0,0.0,0.0,0.0
650.68,0.021,0.0,0.0,0.0,0.91,0,0.0,0.0,0.0
650.72,0.021,0.0,0.0,0.0,0.91,0,0.0,0.0,0.0
650.78,0.021,0.0,0.0,0.0,0.91,0,0.0,0.0,0.0
650.82,0.021,0.0,0.0,0.0,0.91,0,0.0,0.0,0.0
650.86,0.021,0.0,0.0,0.0,0.91,0,0.0,0.0,0.0
650.92,0.021,0.0,0.0,0.0,0.91,0,0.0,0.0,0.0
650.98,0.021,0.0,0.0,0.0,0.91,0,0.0,0.0,0.0
651.02,0.021,0.0,0.0,0.0,0.91,0,0.0,0.0,0.0
651.08,0.021,0.0,0.0,0.0,0.91,0,0.0,0.0,0.0
651.12,0.021,0.0,0.0,0.0,0.91,0,0.0,0.0,0.0
651.18,0.021,0.0,0.0,0.0,0.91,0,0.0,0.0,0.0
651.22,0.021,0.0,0.0,0.0,0.91,0,0.0,0.0,0.0
651.28,0.021,0.0,0.0,0.0,0.91,0,0.0,0.0,0.0
651.32,0.021,0.0,0.0,0.0,0.91,0,0.0,0.0,0.0
651.38,0.021,0.0,0.0,0.0,0.91,0,0.0,0.0,0.0
651.42,0.021,0.0,0.0,0.0,0.91,0,0.0,0.0,0.0
651.48,0.021,0.0,0.0,0.0,0.91,0,0.0,0.0,0.0
651.54,0.021,0.0,0.0,0.0,0.91,0,0.0,0.0,0.0
651.58,0.021,0.0,0.0,0.0,0.91,0,0.0,0.0,0.0
651.64,0.021,0.0,0.0,0.0,0.91,0,0.0,0.0,0.0
651.68,0.021,0.0,0.0,0.0,0.91,0,0.0,0.0,0.0
651.74,0.021,0.0,0.0,0.0,0.91,0,0.0,0.0,0.0
651.78,0.021,0.0,0.0,0.0,0.91,0,0.0,0.0,0.0
651.82,0.021,0.0,0.0,0.0,0.91,0,0.0,0.0,0.0
651.9,0.021,0.0,0.0,0.0,0.91,0,0.0,0.0,0.0
651.94,0.021,0.0,0.0,0.0,0.91,0,0.0,0.0,0.0
652.0,0.021,0.0,0.0,0.0,0.91,0,0.0,0.0,0.0
652.04,0.021,0.0,0.0,0.0,0.91,0,0.0,0.0,0.0
652.1,0.021,0.0,0.0,0.0,0.91,0,0.0,0.0,0.0
652.14,0.021,0.0,0.0,0.0,0.91,0,0.0,0.0,0.0
652.2,0.021,0.0,0.0,0.0,0.91,0,0.0,0.0,0.0
652.24,0.021,0.0,0.0,0.0,0.91,0,0.0,0.0,0.0
652.3,0.021,0.0,0.0,0.0,0.91,0,0.0,0.0,0.0
652.36,0.021,0.0,0.0,0.0,0.91,0,0.0,0.0,0.0
652.4,0.021,0.0,0.0,0.0,0.91,0,0.0,0.0,0.0
652.44,0.021,0.0,0.0,0.0,0.91,0,0.0,0.0,0.0
652.5,0.021,0.0,0.0,0.0,0.91,0,0.0,0.0,0.0
652.56,0.021,0.0,0.0,0.0,0.91,0,0.0,0.0,0.0
652.6,0.021,0.0,0.0,0.0,0.91,0,0.0,0.0,0.0
652.66,0.021,0.0,0.0,0.0,0.91,0,0.0,0.0,0.0
652.7,0.021,0.0,0.0,0.0,0.91,0,0.0,0.0,0.0
652.76,0.021,0.0,0.0,0.0,0.91,0,0.0,0.0,0.0
652.8,0.021,0.0,0.0,0.0,0.91,0,0.0,0.0,0.0
652.86,0.021,0.0,0.0,0.0,0.91,0,0.0,0.0,0.0
652.9,0.021,0.0,0.0,0.0,0.91,0,0.0,0.0,0.0
652.96,0.021,0.0,0.0,0.0,0.91,0,0.0,0.0,0.0
653.02,0.021,0.0,0.0,0.0,0.91,0,0.0,0.0,0.0
653.06,0.021,0.0,0.0,0.0,0.91,0,0.0,0.0,0.0
653.12,0.021,0.0,0.0,0.0,0.91,0,0.0,0.0,0.0
653.16,0.021,0.0,0.0,0.0,0.91,0,0.0,0.0,0.0
653.22,0.021,0.0,0.0,0.0,0.91,0,0.0,0.0,0.0
653.26,0.021,0.0,0.0,0.0,0.91,0,0.0,0.0,0.0
653.32,0.021,0.0,0.0,0.0,0.91,0,0.0,0.0,0.0
653.36,0.021,0.0,0.0,0.0,0.91,0,0.0,0.0,0.0
653.42,0.021,0.0,0.0,0.0,0.91,0,0.0,0.0,0.0
653.46,0.021,0.0,0.0,0.0,0.91,0,0.0,0.0,0.0
653.52,0.021,0.0,0.0,0.0,0.91,0,0.0,0.0,0.0
653.56,0.021,0.0,0.0,0.0,0.91,0,0.0,0.0,0.0
653.62,0.021,0.0,0.0,0.0,0.91,0,0.0,0.0,0.0
653.68,0.021,0.0,0.0,0.0,0.91,0,0.0,0.0,0.0
653.72,0.021,0.0,0.0,0.0,0.91,0,0.0,0.0,0.0
653.78,0.021,0.0,0.0,0.0,0.91,0,0.0,0.0,0.0
653.82,0.021,0.0,0.0,0.0,0.91,0,0.0,0.0,0.0
653.88,0.021,0.0,0.0,0.0,0.91,0,0.0,0.0,0.0
653.94,0.021,0.0,0.0,0.0,0.91,0,0.0,0.0,0.0
653.98,0.021,0.0,0.0,0.0,0.91,0,0.0,0.0,0.0
654.04,0.021,0.0,0.0,0.0,0.91,0,0.0,0.0,0.0
654.08,0.021,0.0,0.0,0.0,0.91,0,0.0,0.0,0.0
654.14,0.021,0.0,0.0,0.0,0.91,0,0.0,0.0,0.0
654.18,0.021,0.0,0.0,0.0,0.91,0,0.0,0.0,0.0
654.24,0.021,0.0,0.0,0.0,0.91,0,0.0,0.0,0.0
654.28,0.021,0.0,0.0,0.0,0.91,0,0.0,0.0,0.0
654.34,0.021,0.0,0.0,0.0,0.91,0,0.0,0.0,0.0
654.38,0.021,0.0,0.0,0.0,0.91,0,0.0,0.0,0.0
654.44,0.021,0.0,0.0,0.0,0.91,0,0.0,0.0,0.0
654.48,0.021,0.0,0.0,0.0,0.91,0,0.0,0.0,0.0
654.54,0.021,0.0,0.0,0.0,0.91,0,0.0,0.0,0.0
654.6,0.021,0.0,0.0,0.0,0.91,0,0.0,0.0,0.0
654.64,0.021,0.0,0.0,0.0,0.91,0,0.0,0.0,0.0
654.7,0.021,0.0,0.0,0.0,0.91,0,0.0,0.0,0.0
654.74,0.021,0.0,0.0,0.0,0.91,0,0.0,0.0,0.0
654.8,0.021,0.0,0.0,0.0,0.91,0,0.0,0.0,0.0
654.84,0.021,0.0,0.0,0.0,0.91,0,0.0,0.0,0.0
654.9,0.021,0.0,0.0,0.0,0.91,0,0.0,0.0,0.0
654.96,0.021,0.0,0.0,0.0,0.91,0,0.0,0.0,0.0
655.0,0.021,0.0,0.0,0.0,0.91,0,0.0,0.0,0.0
655.06,0.021,0.0,0.0,0.0,0.91,0,0.0,0.0,0.0
655.1,0.021,0.0,0.0,0.0,0.91,0,0.0,0.0,0.0
655.16,0.021,0.0,0.0,0.0,0.91,0,0.0,0.0,0.0
655.2,0.021,0.0,0.0,0.0,0.91,0,0.0,0.0,0.0
655.26,0.021,0.0,0.0,0.0,0.91,0,0.0,0.0,0.0
655.3,0.021,0.0,0.0,0.0,0.91,0,0.0,0.0,0.0
655.36,0.021,0.0,0.0,0.0,0.91,0,0.0,0.0,0.0
655.4,0.021,0.0,0.0,0.0,0.91,0,0.0,0.0,0.0
655.46,0.021,0.0,0.0,0.0,0.91,0,0.0,0.0,0.0
655.52,0.021,0.0,0.0,0.0,0.91,0,0.0,0.0,0.0
655.56,0.021,0.0,0.0,0.0,0.91,0,0.0,0.0,0.0
655.62,0.021,0.0,0.0,0.0,0.91,0,0.0,0.0,0.0
655.66,0.021,0.0,0.0,0.0,0.91,0,0.0,0.0,0.0
655.7,0.021,0.0,0.0,0.0,0.91,0,0.0,0.0,0.0
655.76,0.021,0.0,0.0,0.0,0.91,0,0.0,0.0,0.0
655.82,0.021,0.0,0.0,0.0,0.91,0,0.0,0.0,0.0
655.86,0.021,0.0,0.0,0.0,0.91,0,0.0,0.0,0.0
655.92,0.021,0.0,0.0,0.0,0.91,0,0.0,0.0,0.0
655.96,0.021,0.0,0.0,0.0,0.91,0,0.0,0.0,0.0
656.02,0.021,0.0,0.0,0.0,0.91,0,0.0,0.0,0.0
656.06,0.021,0.0,0.0,0.0,0.91,0,0.0,0.0,0.0
656.12,0.021,0.0,0.0,0.0,0.91,0,0.0,0.0,0.0
656.16,0.021,0.0,0.0,0.0,0.91,0,0.0,0.0,0.0
656.22,0.021,0.0,0.0,0.0,0.91,0,0.0,0.0,0.0
656.26,0.021,0.0,0.0,0.0,0.91,0,0.0,0.0,0.0
656.32,0.021,0.0,0.0,0.0,0.91,0,0.0,0.0,0.0
656.36,0.021,0.0,0.0,0.0,0.91,0,0.0,0.0,0.0
656.42,0.021,0.0,0.0,0.0,0.91,0,0.0,0.0,0.0
656.46,0.021,0.0,0.0,0.0,0.91,0,0.0,0.0,0.0
656.52,0.021,0.0,0.0,0.0,0.91,0,0.0,0.0,0.0
656.56,0.021,0.0,0.0,0.0,0.91,0,0.0,0.0,0.0
656.62,0.021,0.0,0.0,0.0,0.91,0,0.0,0.0,0.0
656.68,0.021,0.0,0.0,0.0,0.91,0,0.0,0.0,0.0
656.72,0.021,0.0,0.0,0.0,0.91,0,0.0,0.0,0.0
656.76,0.021,0.0,0.0,0.0,0.91,0,0.0,0.0,0.0
656.82,0.021,0.0,0.0,0.0,0.91,0,0.0,0.0,0.0
656.88,0.021,0.0,0.0,0.0,0.91,0,0.0,0.0,0.0
656.92,0.021,0.0,0.0,0.0,0.91,0,0.0,0.0,0.0
656.98,0.021,0.0,0.0,0.0,0.91,0,0.0,0.0,0.0
657.04,0.021,0.0,0.0,0.0,0.91,0,0.0,0.0,0.0
657.08,0.021,0.0,0.0,0.0,0.91,0,0.0,0.0,0.0
657.14,0.021,0.0,0.0,0.0,0.91,0,0.0,0.0,0.0
657.18,0.021,0.0,0.0,0.0,0.91,0,0.0,0.0,0.0
657.24,0.021,0.0,0.0,0.0,0.91,0,0.0,0.0,0.0
657.28,0.021,0.0,0.0,0.0,0.91,0,0.0,0.0,0.0
657.34,0.021,0.0,0.0,0.0,0.91,0,0.0,0.0,0.0
657.38,0.021,0.0,0.0,0.0,0.91,0,0.0,0.0,0.0
657.44,0.021,0.0,0.0,0.0,0.91,0,0.0,0.0,0.0
657.48,0.021,0.0,0.0,0.0,0.91,0,0.0,0.0,0.0
657.54,0.021,0.0,0.0,0.0,0.91,0,0.0,0.0,0.0
657.58,0.021,0.0,0.0,0.0,0.91,0,0.0,0.0,0.0
657.64,0.021,0.0,0.0,0.0,0.91,0,0.0,0.0,0.0
657.7,0.021,0.0,0.0,0.0,0.91,0,0.0,0.0,0.0
657.74,0.021,0.0,0.0,0.0,0.91,0,0.0,0.0,0.0
657.8,0.021,0.0,0.0,0.0,0.91,0,0.0,0.0,0.0
657.84,0.021,0.0,0.0,0.0,0.91,0,0.0,0.0,0.0
657.9,0.021,0.0,0.0,0.0,0.91,0,0.0,0.0,0.0
657.94,0.021,0.0,0.0,0.0,0.91,0,0.0,0.0,0.0
658.0,0.021,0.0,0.0,0.0,0.91,0,0.0,0.0,0.0
658.04,0.021,0.0,0.0,0.0,0.91,0,0.0,0.0,0.0
658.1,0.021,0.0,0.0,0.0,0.91,0,0.0,0.0,0.0
658.14,0.021,0.0,0.0,0.0,0.91,0,0.0,0.0,0.0
658.2,0.021,0.0,0.0,0.0,0.91,0,0.0,0.0,0.0
658.24,0.021,0.0,0.0,0.0,0.91,0,0.0,0.0,0.0
658.3,0.021,0.0,0.0,0.0,0.91,0,0.0,0.0,0.0
658.34,0.021,0.0,0.0,0.0,0.91,0,0.0,0.0,0.0
658.4,0.021,0.0,0.0,0.0,0.91,0,0.0,0.0,0.0
658.44,0.021,0.0,0.0,0.0,0.91,0,0.0,0.0,0.0
658.5,0.021,0.0,0.0,0.0,0.91,0,0.0,0.0,0.0
658.56,0.021,0.0,0.0,0.0,0.91,0,0.0,0.0,0.0
658.6,0.021,0.0,0.0,0.0,0.91,0,0.0,0.0,0.0
658.66,0.021,0.0,0.0,0.0,0.91,0,0.0,0.0,0.0
658.7,0.021,0.0,0.0,0.0,0.91,0,0.0,0.0,0.0
658.76,0.021,0.0,0.0,0.0,0.91,0,0.0,0.0,0.0
658.8,0.021,0.0,0.0,0.0,0.91,0,0.0,0.0,0.0
658.86,0.021,0.0,0.0,0.0,0.91,0,0.0,0.0,0.0
658.9,0.021,0.0,0.0,0.0,0.91,0,0.0,0.0,0.0
658.96,0.021,0.0,0.0,0.0,0.91,0,0.0,0.0,0.0
659.0,0.021,0.0,0.0,0.0,0.91,0,0.0,0.0,0.0
659.06,0.021,0.0,0.0,0.0,0.91,0,0.0,0.0,0.0
659.1,0.021,0.0,0.0,0.0,0.91,0,0.0,0.0,0.0
659.16,0.021,0.0,0.0,0.0,0.91,0,0.0,0.0,0.0
659.2,0.021,0.0,0.0,0.0,0.91,0,0.0,0.0,0.0
659.26,0.021,0.0,0.0,0.0,0.91,0,0.0,0.0,0.0
659.32,0.021,0.0,0.0,0.0,0.91,0,0.0,0.0,0.0
659.36,0.021,0.0,0.0,0.0,0.91,0,0.0,0.0,0.0
659.42,0.021,0.0,0.0,0.0,0.91,0,0.0,0.0,0.0
659.46,0.021,0.0,0.0,0.0,0.91,0,0.0,0.0,0.0
659.52,0.021,0.0,0.0,0.0,0.91,0,0.0,0.0,0.0
659.56,0.021,0.0,0.0,0.0,0.91,0,0.0,0.0,0.0
659.6,0.021,0.0,0.0,0.0,0.91,0,0.0,0.0,0.0
659.66,0.021,0.0,0.0,0.0,0.91,0,0.0,0.0,0.0
659.72,0.021,0.0,0.0,0.0,0.91,0,0.0,0.0,0.0
659.76,0.021,0.0,0.0,0.0,0.91,0,0.0,0.0,0.0
659.82,0.021,0.0,0.0,0.0,0.91,0,0.0,0.0,0.0
659.86,0.021,0.0,0.0,0.0,0.91,0,0.0,0.0,0.0
659.9,0.021,0.0,0.0,0.0,0.91,0,0.0,0.0,0.0
659.96,0.021,0.0,0.0,0.0,0.91,0,0.0,0.0,0.0
660.02,0.021,0.0,0.0,0.0,0.91,0,0.0,0.0,0.0
660.08,0.021,0.0,0.0,0.0,0.91,0,0.0,0.0,0.0
660.1,0.021,0.0,0.0,0.0,0.91,0,0.0,0.0,0.0
660.16,0.021,0.0,0.0,0.0,0.91,0,0.0,0.0,0.0
660.22,0.021,0.0,0.0,0.0,0.91,0,0.0,0.0,0.0
660.28,0.021,0.0,0.0,0.0,0.91,0,0.0,0.0,0.0
660.32,0.021,0.0,0.0,0.0,0.91,0,0.0,0.0,0.0
660.38,0.021,0.0,0.0,0.0,0.91,0,0.0,0.0,0.0
660.42,0.021,0.0,0.0,0.0,0.91,0,0.0,0.0,0.0
660.48,0.021,0.0,0.0,0.0,0.91,0,0.0,0.0,0.0
660.52,0.021,0.0,0.0,0.0,0.91,0,0.0,0.0,0.0
660.54,0.021,0.0,0.0,0.0,0.91,0,0.0,0.0,0.0
660.54,0.021,0.0,0.0,0.0,0.91,0,0.0,0.0,0.0
660.64,0.021,0.0,0.0,0.0,0.91,0,0.0,0.0,0.0
660.68,0.021,0.0,0.0,0.0,0.91,0,0.0,0.0,0.0
660.74,0.021,0.0,0.0,0.0,0.91,0,0.0,0.0,0.0
660.78,0.021,0.0,0.0,0.0,0.91,0,0.0,0.0,0.0
660.82,0.021,0.0,0.0,0.0,0.91,0,0.0,0.0,0.0
660.88,0.021,0.0,0.0,0.0,0.91,0,0.0,0.0,0.0
660.94,0.021,0.0,0.0,0.0,0.91,0,0.0,0.0,0.0
660.98,0.021,0.0,0.0,0.0,0.91,0,0.0,0.0,0.0
661.04,0.021,0.0,0.0,0.0,0.91,0,0.0,0.0,0.0
661.08,0.021,0.0,0.0,0.0,0.91,0,0.0,0.0,0.0
661.14,0.021,0.0,0.0,0.0,0.91,0,0.0,0.0,0.0
661.18,0.021,0.0,0.0,0.0,0.91,0,0.0,0.0,0.0
661.24,0.021,0.0,0.0,0.0,0.91,0,0.0,0.0,0.0
661.28,0.021,0.0,0.0,0.0,0.91,0,0.0,0.0,0.0
661.34,0.021,0.0,0.0,0.0,0.91,0,0.0,0.0,0.0
661.38,0.021,0.0,0.0,0.0,0.91,0,0.0,0.0,0.0
661.44,0.021,0.0,0.0,0.0,0.91,0,0.0,0.0,0.0
661.48,0.021,0.0,0.0,0.0,0.91,0,0.0,0.0,0.0
661.54,0.021,0.0,0.0,0.0,0.91,0,0.0,0.0,0.0
661.6,0.021,0.0,0.0,0.0,0.91,0,0.0,0.0,0.0
661.64,0.021,0.0,0.0,0.0,0.91,0,0.0,0.0,0.0
661.7,0.021,0.0,0.0,0.0,0.91,0,0.0,0.0,0.0
661.74,0.021,0.0,0.0,0.0,0.91,0,0.0,0.0,0.0
661.78,0.021,0.0,0.0,0.0,0.91,0,0.0,0.0,0.0
661.84,0.021,0.0,0.0,0.0,0.91,0,0.0,0.0,0.0
661.9,0.021,0.0,0.0,0.0,0.91,0,0.0,0.0,0.0
661.94,0.021,0.0,0.0,0.0,0.91,0,0.0,0.0,0.0
662.0,0.021,0.0,0.0,0.0,0.91,0,0.0,0.0,0.0
662.04,0.021,0.0,0.0,0.0,0.91,0,0.0,0.0,0.0
662.1,0.021,0.0,0.0,0.0,0.91,0,0.0,0.0,0.0
662.14,0.021,0.0,0.0,0.0,0.91,0,0.0,0.0,0.0
662.2,0.021,0.0,0.0,0.0,0.91,0,0.0,0.0,0.0
662.26,0.021,0.0,0.0,0.0,0.91,0,0.0,0.0,0.0
662.3,0.021,0.0,0.0,0.0,0.91,0,0.0,0.0,0.0
662.36,0.021,0.0,0.0,0.0,0.91,0,0.0,0.0,0.0
662.4,0.021,0.0,0.0,0.0,0.91,0,0.0,0.0,0.0
662.46,0.021,0.0,0.0,0.0,0.91,0,0.0,0.0,0.0
662.5,0.021,0.0,0.0,0.0,0.91,0,0.0,0.0,0.0
662.56,0.021,0.0,0.0,0.0,0.91,0,0.0,0.0,0.0
662.6,0.021,0.0,0.0,0.0,0.91,0,0.0,0.0,0.0
662.66,0.021,0.0,0.0,0.0,0.91,0,0.0,0.0,0.0
662.7,0.021,0.0,0.0,0.0,0.91,0,0.0,0.0,0.0
662.76,0.021,0.0,0.0,0.0,0.91,0,0.0,0.0,0.0
662.82,0.021,0.0,0.0,0.0,0.91,0,0.0,0.0,0.0
662.86,0.021,0.0,0.0,0.0,0.91,0,0.0,0.0,0.0
662.92,0.021,0.0,0.0,0.0,0.91,0,0.0,0.0,0.0
662.96,0.021,0.0,0.0,0.0,0.91,0,0.0,0.0,0.0
663.02,0.021,0.0,0.0,0.0,0.91,0,0.0,0.0,0.0
663.06,0.021,0.0,0.0,0.0,0.91,0,0.0,0.0,0.0
663.12,0.021,0.0,0.0,0.0,0.91,0,0.0,0.0,0.0
663.16,0.021,0.0,0.0,0.0,0.91,0,0.0,0.0,0.0
663.22,0.021,0.0,0.0,0.0,0.91,0,0.0,0.0,0.0
663.26,0.021,0.0,0.0,0.0,0.91,0,0.0,0.0,0.0
663.32,0.021,0.0,0.0,0.0,0.91,0,0.0,0.0,0.0
663.36,0.021,0.0,0.0,0.0,0.91,0,0.0,0.0,0.0
663.42,0.021,0.0,0.0,0.0,0.91,0,0.0,0.0,0.0
663.48,0.021,0.0,0.0,0.0,0.91,0,0.0,0.0,0.0
663.52,0.021,0.0,0.0,0.0,0.91,0,0.0,0.0,0.0
663.56,0.021,0.0,0.0,0.0,0.91,0,0.0,0.0,0.0
663.62,0.021,0.0,0.0,0.0,0.91,0,0.0,0.0,0.0
663.68,0.021,0.0,0.0,0.0,0.91,0,0.0,0.0,0.0
663.72,0.021,0.0,0.0,0.0,0.91,0,0.0,0.0,0.0
663.78,0.021,0.0,0.0,0.0,0.91,0,0.0,0.0,0.0
663.82,0.021,0.0,0.0,0.0,0.91,0,0.0,0.0,0.0
663.88,0.021,0.0,0.0,0.0,0.91,0,0.0,0.0,0.0
663.94,0.021,0.0,0.0,0.0,0.91,0,0.0,0.0,0.0
663.98,0.021,0.0,0.0,0.0,0.91,0,0.0,0.0,0.0
664.04,0.021,0.0,0.0,0.0,0.91,0,0.0,0.0,0.0
664.08,0.021,0.0,0.0,0.0,0.91,0,0.0,0.0,0.0
664.14,0.021,0.0,0.0,0.0,0.91,0,0.0,0.0,0.0
664.18,0.021,0.0,0.0,0.0,0.91,0,0.0,0.0,0.0
664.24,0.021,0.0,0.0,0.0,0.91,0,0.0,0.0,0.0
664.3,0.021,0.0,0.0,0.0,0.91,0,0.0,0.0,0.0
664.34,0.021,0.0,0.0,0.0,0.91,0,0.0,0.0,0.0
664.4,0.021,0.0,0.0,0.0,0.91,0,0.0,0.0,0.0
664.44,0.021,0.0,0.0,0.0,0.91,0,0.0,0.0,0.0
664.5,0.021,0.0,0.0,0.0,0.91,0,0.0,0.0,0.0
664.54,0.021,0.0,0.0,0.0,0.91,0,0.0,0.0,0.0
664.6,0.021,0.0,0.0,0.0,0.91,0,0.0,0.0,0.0
664.64,0.021,0.0,0.0,0.0,0.91,0,0.0,0.0,0.0
664.7,0.021,0.0,0.0,0.0,0.91,0,0.0,0.0,0.0
664.74,0.021,0.0,0.0,0.0,0.91,0,0.0,0.0,0.0
664.8,0.021,0.0,0.0,0.0,0.91,0,0.0,0.0,0.0
664.86,0.021,0.0,0.0,0.0,0.91,0,0.0,0.0,0.0
664.9,0.021,0.0,0.0,0.0,0.91,0,0.0,0.0,0.0
664.96,0.021,0.0,0.0,0.0,0.91,0,0.0,0.0,0.0
665.0,0.021,0.0,0.0,0.0,0.91,0,0.0,0.0,0.0
665.06,0.021,0.0,0.0,0.0,0.91,0,0.0,0.0,0.0
665.1,0.021,0.0,0.0,0.0,0.91,0,0.0,0.0,0.0
665.16,0.021,0.0,0.0,0.0,0.91,0,0.0,0.0,0.0
665.22,0.021,0.0,0.0,0.0,0.91,0,0.0,0.0,0.0
665.26,0.021,0.0,0.0,0.0,0.91,0,0.0,0.0,0.0
665.32,0.021,0.0,0.0,0.0,0.91,0,0.0,0.0,0.0
665.36,0.021,0.0,0.0,0.0,0.91,0,0.0,0.0,0.0
665.42,0.021,0.0,0.0,0.0,0.91,0,0.0,0.0,0.0
665.46,0.021,0.0,0.0,0.0,0.91,0,0.0,0.0,0.0
665.52,0.021,0.0,0.0,0.0,0.91,0,0.0,0.0,0.0
665.58,0.021,0.0,0.0,0.0,0.91,0,0.0,0.0,0.0
665.62,0.021,0.0,0.0,0.0,0.91,0,0.0,0.0,0.0
665.68,0.021,0.0,0.0,0.0,0.91,0,0.0,0.0,0.0
665.72,0.021,0.0,0.0,0.0,0.91,0,0.0,0.0,0.0
665.76,0.021,0.0,0.0,0.0,0.91,0,0.0,0.0,0.0
665.82,0.021,0.0,0.0,0.0,0.91,0,0.0,0.0,0.0
665.88,0.021,0.0,0.0,0.0,0.91,0,0.0,0.0,0.0
665.92,0.021,0.0,0.0,0.0,0.91,0,0.0,0.0,0.0
665.98,0.021,0.0,0.0,0.0,0.91,0,0.0,0.0,0.0
666.02,0.021,0.0,0.0,0.0,0.91,0,0.0,0.0,0.0
666.08,0.021,0.0,0.0,0.0,0.91,0,0.0,0.0,0.0
666.12,0.021,0.0,0.0,0.0,0.91,0,0.0,0.0,0.0
666.18,0.021,0.0,0.0,0.0,0.91,0,0.0,0.0,0.0
666.22,0.021,0.0,0.0,0.0,0.91,0,0.0,0.0,0.0
666.28,0.021,0.0,0.0,0.0,0.91,0,0.0,0.0,0.0
666.32,0.021,0.0,0.0,0.0,0.91,0,0.0,0.0,0.0
666.38,0.021,0.0,0.0,0.0,0.91,0,0.0,0.0,0.0
666.44,0.021,0.0,0.0,0.0,0.91,0,0.0,0.0,0.0
666.48,0.021,0.0,0.0,0.0,0.91,0,0.0,0.0,0.0
666.54,0.021,0.0,0.0,0.0,0.91,0,0.0,0.0,0.0
666.58,0.021,0.0,0.0,0.0,0.91,0,0.0,0.0,0.0
666.64,0.021,0.0,0.0,0.0,0.91,0,0.0,0.0,0.0
666.68,0.021,0.0,0.0,0.0,0.91,0,0.0,0.0,0.0
666.74,0.021,0.0,0.0,0.0,0.91,0,0.0,0.0,0.0
666.78,0.021,0.0,0.0,0.0,0.91,0,0.0,0.0,0.0
666.84,0.021,0.0,0.0,0.0,0.91,0,0.0,0.0,0.0
666.88,0.021,0.0,0.0,0.0,0.91,0,0.0,0.0,0.0
666.94,0.021,0.0,0.0,0.0,0.91,0,0.0,0.0,0.0
667.0,0.021,0.0,0.0,0.0,0.91,0,0.0,0.0,0.0
667.04,0.021,0.0,0.0,0.0,0.91,0,0.0,0.0,0.0
667.1,0.021,0.0,0.0,0.0,0.91,0,0.0,0.0,0.0
667.14,0.021,0.0,0.0,0.0,0.91,0,0.0,0.0,0.0
667.2,0.021,0.0,0.0,0.0,0.91,0,0.0,0.0,0.0
667.24,0.021,0.0,0.0,0.0,0.91,0,0.0,0.0,0.0
667.3,0.021,0.0,0.0,0.0,0.91,0,0.0,0.0,0.0
667.36,0.021,0.0,0.0,0.0,0.91,0,0.0,0.0,0.0
667.4,0.021,0.0,0.0,0.0,0.91,0,0.0,0.0,0.0
667.46,0.021,0.0,0.0,0.0,0.91,0,0.0,0.0,0.0
667.5,0.021,0.0,0.0,0.0,0.91,0,0.0,0.0,0.0
667.56,0.021,0.0,0.0,0.0,0.91,0,0.0,0.0,0.0
667.6,0.021,0.0,0.0,0.0,0.91,0,0.0,0.0,0.0
667.66,0.021,0.0,0.0,0.0,0.91,0,0.0,0.0,0.0
667.7,0.021,0.0,0.0,0.0,0.91,0,0.0,0.0,0.0
667.76,0.021,0.0,0.0,0.0,0.91,0,0.0,0.0,0.0
667.8,0.021,0.0,0.0,0.0,0.91,0,0.0,0.0,0.0
667.86,0.021,0.0,0.0,0.0,0.91,0,0.0,0.0,0.0
667.9,0.021,0.0,0.0,0.0,0.91,0,0.0,0.0,0.0
667.96,0.021,0.0,0.0,0.0,0.91,0,0.0,0.0,0.0
668.02,0.021,0.0,0.0,0.0,0.91,0,0.0,0.0,0.0
668.06,0.021,0.0,0.0,0.0,0.91,0,0.0,0.0,0.0
668.12,0.021,0.0,0.0,0.0,0.91,0,0.0,0.0,0.0
668.16,0.021,0.0,0.0,0.0,0.91,0,0.0,0.0,0.0
668.22,0.021,0.0,0.0,0.0,0.91,0,0.0,0.0,0.0
668.26,0.021,0.0,0.0,0.0,0.91,0,0.0,0.0,0.0
668.32,0.021,0.0,0.0,0.0,0.91,0,0.0,0.0,0.0
668.36,0.021,0.0,0.0,0.0,0.91,0,0.0,0.0,0.0
668.42,0.021,0.0,0.0,0.0,0.91,0,0.0,0.0,0.0
668.46,0.021,0.0,0.0,0.0,0.91,0,0.0,0.0,0.0
668.52,0.021,0.0,0.0,0.0,0.91,0,0.0,0.0,0.0
668.56,0.021,0.0,0.0,0.0,0.91,0,0.0,0.0,0.0
668.62,0.021,0.0,0.0,0.0,0.91,0,0.0,0.0,0.0
668.66,0.021,0.0,0.0,0.0,0.91,0,0.0,0.0,0.0
668.72,0.021,0.0,0.0,0.0,0.91,0,0.0,0.0,0.0
668.78,0.021,0.0,0.0,0.0,0.91,0,0.0,0.0,0.0
668.82,0.021,0.0,0.0,0.0,0.91,0,0.0,0.0,0.0
668.88,0.021,0.0,0.0,0.0,0.91,0,0.0,0.0,0.0
668.92,0.021,0.0,0.0,0.0,0.91,0,0.0,0.0,0.0
668.96,0.021,0.0,0.0,0.0,0.91,0,0.0,0.0,0.0
669.04,0.021,0.0,0.0,0.0,0.91,0,0.0,0.0,0.0
669.08,0.021,0.0,0.0,0.0,0.91,0,0.0,0.0,0.0
669.14,0.021,0.0,0.0,0.0,0.91,0,0.0,0.0,0.0
669.18,0.021,0.0,0.0,0.0,0.91,0,0.0,0.0,0.0
669.24,0.021,0.0,0.0,0.0,0.91,0,0.0,0.0,0.0
669.28,0.021,0.0,0.0,0.0,0.91,0,0.0,0.0,0.0
669.34,0.021,0.0,0.0,0.0,0.91,0,0.0,0.0,0.0
669.38,0.021,0.0,0.0,0.0,0.91,0,0.0,0.0,0.0
669.44,0.021,0.0,0.0,0.0,0.91,0,0.0,0.0,0.0
669.48,0.021,0.0,0.0,0.0,0.91,0,0.0,0.0,0.0
669.54,0.021,0.0,0.0,0.0,0.91,0,0.0,0.0,0.0
669.58,0.021,0.0,0.0,0.0,0.91,0,0.0,0.0,0.0
669.64,0.021,0.0,0.0,0.0,0.91,0,0.0,0.0,0.0
669.7,0.021,0.0,0.0,0.0,0.91,0,0.0,0.0,0.0
669.74,0.021,0.0,0.0,0.0,0.91,0,0.0,0.0,0.0
669.8,0.021,0.0,0.0,0.0,0.91,0,0.0,0.0,0.0
669.84,0.021,0.0,0.0,0.0,0.91,0,0.0,0.0,0.0
669.9,0.021,0.0,0.0,0.0,0.91,0,0.0,0.0,0.0
669.94,0.021,0.0,0.0,0.0,0.91,0,0.0,0.0,0.0
670.0,0.021,0.0,0.0,0.0,0.91,0,0.0,0.0,0.0
670.04,0.021,0.0,0.0,0.0,0.91,0,0.0,0.0,0.0
670.1,0.021,0.0,0.0,0.0,0.91,0,0.0,0.0,0.0
670.14,0.021,0.0,0.0,0.0,0.91,0,0.0,0.0,0.0
670.2,0.021,0.0,0.0,0.0,0.91,0,0.0,0.0,0.0
670.26,0.021,0.0,0.0,0.0,0.91,0,0.0,0.0,0.0
670.3,0.021,0.0,0.0,0.0,0.91,0,0.0,0.0,0.0
670.36,0.021,0.0,0.0,0.0,0.91,0,0.0,0.0,0.0
670.4,0.021,0.0,0.0,0.0,0.91,0,0.0,0.0,0.0
670.46,0.021,0.0,0.0,0.0,0.91,0,0.0,0.0,0.0
670.5,0.021,0.0,0.0,0.0,0.91,0,0.0,0.0,0.0
670.56,0.021,0.0,0.0,0.0,0.91,0,0.0,0.0,0.0
670.62,0.021,0.0,0.0,0.0,0.91,0,0.0,0.0,0.0
670.66,0.021,0.0,0.0,0.0,0.91,0,0.0,0.0,0.0
670.72,0.021,0.0,0.0,0.0,0.91,0,0.0,0.0,0.0
670.76,0.021,0.0,0.0,0.0,0.91,0,0.0,0.0,0.0
670.82,0.021,0.0,0.0,0.0,0.91,0,0.0,0.0,0.0
670.86,0.021,0.0,0.0,0.0,0.91,0,0.0,0.0,0.0
670.92,0.021,0.0,0.0,0.0,0.91,0,0.0,0.0,0.0
670.96,0.021,0.0,0.0,0.0,0.91,0,0.0,0.0,0.0
671.02,0.021,0.0,0.0,0.0,0.91,0,0.0,0.0,0.0
671.06,0.021,0.0,0.0,0.0,0.91,0,0.0,0.0,0.0
671.12,0.021,0.0,0.0,0.0,0.91,0,0.0,0.0,0.0
671.16,0.021,0.0,0.0,0.0,0.91,0,0.0,0.0,0.0
671.22,0.021,0.0,0.0,0.0,0.91,0,0.0,0.0,0.0
671.28,0.021,0.0,0.0,0.0,0.91,0,0.0,0.0,0.0
671.32,0.021,0.0,0.0,0.0,0.91,0,0.0,0.0,0.0
671.38,0.021,0.0,0.0,0.0,0.91,0,0.0,0.0,0.0
671.42,0.021,0.0,0.0,0.0,0.91,0,0.0,0.0,0.0
671.48,0.021,0.0,0.0,0.0,0.91,0,0.0,0.0,0.0
671.52,0.021,0.0,0.0,0.0,0.91,0,0.0,0.0,0.0
671.58,0.021,0.0,0.0,0.0,0.91,0,0.0,0.0,0.0
671.64,0.021,0.0,0.0,0.0,0.91,0,0.0,0.0,0.0
671.68,0.021,0.0,0.0,0.0,0.91,0,0.0,0.0,0.0
671.74,0.021,0.0,0.0,0.0,0.91,0,0.0,0.0,0.0
671.78,0.021,0.0,0.0,0.0,0.91,0,0.0,0.0,0.0
671.82,0.021,0.0,0.0,0.0,0.91,0,0.0,0.0,0.0
671.88,0.021,0.0,0.0,0.0,0.91,0,0.0,0.0,0.0
671.94,0.021,0.0,0.0,0.0,0.91,0,0.0,0.0,0.0
672.0,0.021,0.0,0.0,0.0,0.91,0,0.0,0.0,0.0
672.04,0.021,0.0,0.0,0.0,0.91,0,0.0,0.0,0.0
672.1,0.021,0.0,0.0,0.0,0.91,0,0.0,0.0,0.0
672.14,0.021,0.0,0.0,0.0,0.91,0,0.0,0.0,0.0
672.2,0.021,0.0,0.0,0.0,0.91,0,0.0,0.0,0.0
672.24,0.021,0.0,0.0,0.0,0.91,0,0.0,0.0,0.0
672.3,0.021,0.0,0.0,0.0,0.91,0,0.0,0.0,0.0
672.34,0.021,0.0,0.0,0.0,0.91,0,0.0,0.0,0.0
672.4,0.021,0.0,0.0,0.0,0.91,0,0.0,0.0,0.0
672.46,0.021,0.0,0.0,0.0,0.91,0,0.0,0.0,0.0
672.5,0.021,0.0,0.0,0.0,0.91,0,0.0,0.0,0.0
672.56,0.021,0.0,0.0,0.0,0.91,0,0.0,0.0,0.0
672.6,0.021,0.0,0.0,0.0,0.91,0,0.0,0.0,0.0
672.66,0.021,0.0,0.0,0.0,0.91,0,0.0,0.0,0.0
672.72,0.021,0.0,0.0,0.0,0.91,0,0.0,0.0,0.0
672.76,0.021,0.0,0.0,0.0,0.91,0,0.0,0.0,0.0
672.82,0.021,0.0,0.0,0.0,0.91,0,0.0,0.0,0.0
672.86,0.021,0.0,0.0,0.0,0.91,0,0.0,0.0,0.0
672.92,0.021,0.0,0.0,0.0,0.91,0,0.0,0.0,0.0
672.96,0.021,0.0,0.0,0.0,0.91,0,0.0,0.0,0.0
673.02,0.021,0.0,0.0,0.0,0.91,0,0.0,0.0,0.0
673.08,0.021,0.0,0.0,0.0,0.91,0,0.0,0.0,0.0
673.14,0.021,0.0,0.0,0.0,0.91,0,0.0,0.0,0.0
673.18,0.021,0.0,0.0,0.0,0.91,0,0.0,0.0,0.0
673.24,0.021,0.0,0.0,0.0,0.91,0,0.0,0.0,0.0
673.28,0.021,0.0,0.0,0.0,0.91,0,0.0,0.0,0.0
673.34,0.021,0.0,0.0,0.0,0.91,0,0.0,0.0,0.0
673.38,0.021,0.0,0.0,0.0,0.91,0,0.0,0.0,0.0
673.44,0.021,0.0,0.0,0.0,0.91,0,0.0,0.0,0.0
673.48,0.021,0.0,0.0,0.0,0.91,0,0.0,0.0,0.0
673.54,0.021,0.0,0.0,0.0,0.91,0,0.0,0.0,0.0
673.58,0.021,0.0,0.0,0.0,0.91,0,0.0,0.0,0.0
673.64,0.021,0.0,0.0,0.0,0.91,0,0.0,0.0,0.0
673.68,0.021,0.0,0.0,0.0,0.91,0,0.0,0.0,0.0
673.74,0.021,0.0,0.0,0.0,0.91,0,0.0,0.0,0.0
673.78,0.021,0.0,0.0,0.0,0.91,0,0.0,0.0,0.0
673.84,0.021,0.0,0.0,0.0,0.91,0,0.0,0.0,0.0
673.9,0.021,0.0,0.0,0.0,0.91,0,0.0,0.0,0.0
673.94,0.021,0.0,0.0,0.0,0.91,0,0.0,0.0,0.0
674.0,0.021,0.0,0.0,0.0,0.91,0,0.0,0.0,0.0
674.04,0.021,0.0,0.0,0.0,0.91,0,0.0,0.0,0.0
674.1,0.021,0.0,0.0,0.0,0.91,0,0.0,0.0,0.0
674.14,0.021,0.0,0.0,0.0,0.91,0,0.0,0.0,0.0
674.2,0.021,0.0,0.0,0.0,0.91,0,0.0,0.0,0.0
674.24,0.021,0.0,0.0,0.0,0.91,0,0.0,0.0,0.0
674.3,0.021,0.0,0.0,0.0,0.91,0,0.0,0.0,0.0
674.36,0.021,0.0,0.0,0.0,0.91,0,0.0,0.0,0.0
674.4,0.021,0.0,0.0,0.0,0.91,0,0.0,0.0,0.0
674.46,0.021,0.0,0.0,0.0,0.91,0,0.0,0.0,0.0
674.5,0.021,0.0,0.0,0.0,0.91,0,0.0,0.0,0.0
674.56,0.021,0.0,0.0,0.0,0.91,0,0.0,0.0,0.0
674.6,0.021,0.0,0.0,0.0,0.91,0,0.0,0.0,0.0
674.66,0.021,0.0,0.0,0.0,0.91,0,0.0,0.0,0.0
674.72,0.021,0.0,0.0,0.0,0.91,0,0.0,0.0,0.0
674.76,0.021,0.0,0.0,0.0,0.91,0,0.0,0.0,0.0
674.82,0.021,0.0,0.0,0.0,0.91,0,0.0,0.0,0.0
674.86,0.021,0.0,0.0,0.0,0.91,0,0.0,0.0,0.0
674.92,0.021,0.0,0.0,0.0,0.91,0,0.0,0.0,0.0
674.96,0.021,0.0,0.0,0.0,0.91,0,0.0,0.0,0.0
675.02,0.021,0.0,0.0,0.0,0.91,0,0.0,0.0,0.0
675.08,0.021,0.0,0.0,0.0,0.91,0,0.0,0.0,0.0
675.12,0.021,0.0,0.0,0.0,0.91,0,0.0,0.0,0.0
675.18,0.021,0.0,0.0,0.0,0.91,0,0.0,0.0,0.0
675.22,0.021,0.0,0.0,0.0,0.91,0,0.0,0.0,0.0
675.28,0.021,0.0,0.0,0.0,0.91,0,0.0,0.0,0.0
675.32,0.021,0.0,0.0,0.0,0.91,0,0.0,0.0,0.0
675.38,0.021,0.0,0.0,0.0,0.91,0,0.0,0.0,0.0
675.42,0.021,0.0,0.0,0.0,0.91,0,0.0,0.0,0.0
675.48,0.021,0.0,0.0,0.0,0.91,0,0.0,0.0,0.0
675.52,0.021,0.0,0.0,0.0,0.91,0,0.0,0.0,0.0
675.58,0.021,0.0,0.0,0.0,0.91,0,0.0,0.0,0.0
675.62,0.021,0.0,0.0,0.0,0.91,0,0.0,0.0,0.0
675.68,0.021,0.0,0.0,0.0,0.91,0,0.0,0.0,0.0
675.74,0.021,0.0,0.0,0.0,0.91,0,0.0,0.0,0.0
675.78,0.021,0.0,0.0,0.0,0.91,0,0.0,0.0,0.0
675.84,0.021,0.0,0.0,0.0,0.91,0,0.0,0.0,0.0
675.88,0.021,0.0,0.0,0.0,0.91,0,0.0,0.0,0.0
675.94,0.021,0.0,0.0,0.0,0.91,0,0.0,0.0,0.0
675.98,0.021,0.0,0.0,0.0,0.91,0,0.0,0.0,0.0
676.04,0.021,0.0,0.0,0.0,0.91,0,0.0,0.0,0.0
676.1,0.021,0.0,0.0,0.0,0.91,0,0.0,0.0,0.0
676.14,0.021,0.0,0.0,0.0,0.91,0,0.0,0.0,0.0
676.2,0.021,0.0,0.0,0.0,0.91,0,0.0,0.0,0.0
676.24,0.021,0.0,0.0,0.0,0.91,0,0.0,0.0,0.0
676.3,0.021,0.0,0.0,0.0,0.91,0,0.0,0.0,0.0
676.34,0.021,0.0,0.0,0.0,0.91,0,0.0,0.0,0.0
676.4,0.021,0.0,0.0,0.0,0.91,0,0.0,0.0,0.0
676.44,0.021,0.0,0.0,0.0,0.91,0,0.0,0.0,0.0
676.5,0.021,0.0,0.0,0.0,0.91,0,0.0,0.0,0.0
676.56,0.021,0.0,0.0,0.0,0.91,0,0.0,0.0,0.0
676.6,0.021,0.0,0.0,0.0,0.91,0,0.0,0.0,0.0
676.66,0.021,0.0,0.0,0.0,0.91,0,0.0,0.0,0.0
676.7,0.021,0.0,0.0,0.0,0.91,0,0.0,0.0,0.0
676.76,0.021,0.0,0.0,0.0,0.91,0,0.0,0.0,0.0
676.82,0.021,0.0,0.0,0.0,0.91,0,0.0,0.0,0.0
676.86,0.021,0.0,0.0,0.0,0.91,0,0.0,0.0,0.0
676.92,0.021,0.0,0.0,0.0,0.91,0,0.0,0.0,0.0
676.96,0.021,0.0,0.0,0.0,0.91,0,0.0,0.0,0.0
677.02,0.021,0.0,0.0,0.0,0.91,0,0.0,0.0,0.0
677.06,0.021,0.0,0.0,0.0,0.91,0,0.0,0.0,0.0
677.12,0.021,0.0,0.0,0.0,0.91,0,0.0,0.0,0.0
677.18,0.021,0.0,0.0,0.0,0.91,0,0.0,0.0,0.0
677.22,0.021,0.0,0.0,0.0,0.91,0,0.0,0.0,0.0
677.28,0.021,0.0,0.0,0.0,0.91,0,0.0,0.0,0.0
677.32,0.021,0.0,0.0,0.0,0.91,0,0.0,0.0,0.0
677.38,0.021,0.0,0.0,0.0,0.91,0,0.0,0.0,0.0
677.42,0.021,0.0,0.0,0.0,0.91,0,0.0,0.0,0.0
677.48,0.021,0.0,0.0,0.0,0.91,0,0.0,0.0,0.0
677.52,0.021,0.0,0.0,0.0,0.91,0,0.0,0.0,0.0
677.58,0.021,0.0,0.0,0.0,0.91,0,0.0,0.0,0.0
677.62,0.021,0.0,0.0,0.0,0.91,0,0.0,0.0,0.0
677.68,0.021,0.0,0.0,0.0,0.91,0,0.0,0.0,0.0
677.74,0.021,0.0,0.0,0.0,0.91,0,0.0,0.0,0.0
677.78,0.021,0.0,0.0,0.0,0.91,0,0.0,0.0,0.0
677.84,0.021,0.0,0.0,0.0,0.91,0,0.0,0.0,0.0
677.88,0.021,0.0,0.0,0.0,0.91,0,0.0,0.0,0.0
677.94,0.021,0.0,0.0,0.0,0.91,0,0.0,0.0,0.0
677.98,0.021,0.0,0.0,0.0,0.91,0,0.0,0.0,0.0
678.04,0.021,0.0,0.0,0.0,0.91,0,0.0,0.0,0.0
678.08,0.021,0.0,0.0,0.0,0.91,0,0.0,0.0,0.0
678.14,0.021,0.0,0.0,0.0,0.91,0,0.0,0.0,0.0
678.2,0.021,0.0,0.0,0.0,0.91,0,0.0,0.0,0.0
678.24,0.021,0.0,0.0,0.0,0.91,0,0.0,0.0,0.0
678.3,0.021,0.0,0.0,0.0,0.91,0,0.0,0.0,0.0
678.34,0.021,0.0,0.0,0.0,0.91,0,0.0,0.0,0.0
678.4,0.021,0.0,0.0,0.0,0.91,0,0.0,0.0,0.0
678.46,0.021,0.0,0.0,0.0,0.91,0,0.0,0.0,0.0
678.5,0.021,0.0,0.0,0.0,0.91,0,0.0,0.0,0.0
678.56,0.021,0.0,0.0,0.0,0.91,0,0.0,0.0,0.0
678.6,0.021,0.0,0.0,0.0,0.91,0,0.0,0.0,0.0
678.66,0.021,0.0,0.0,0.0,0.91,0,0.0,0.0,0.0
678.7,0.021,0.0,0.0,0.0,0.91,0,0.0,0.0,0.0
678.76,0.021,0.0,0.0,0.0,0.91,0,0.0,0.0,0.0
678.82,0.021,0.0,0.0,0.0,0.91,0,0.0,0.0,0.0
678.86,0.021,0.0,0.0,0.0,0.91,0,0.0,0.0,0.0
678.92,0.021,0.0,0.0,0.0,0.91,0,0.0,0.0,0.0
678.96,0.021,0.0,0.0,0.0,0.91,0,0.0,0.0,0.0
679.0,0.021,0.0,0.0,0.0,0.91,0,0.0,0.0,0.0
679.06,0.021,0.0,0.0,0.0,0.91,0,0.0,0.0,0.0
679.12,0.021,0.0,0.0,0.0,0.91,0,0.0,0.0,0.0
679.16,0.021,0.0,0.0,0.0,0.91,0,0.0,0.0,0.0
679.22,0.021,0.0,0.0,0.0,0.91,0,0.0,0.0,0.0
679.26,0.021,0.0,0.0,0.0,0.91,0,0.0,0.0,0.0
679.32,0.021,0.0,0.0,0.0,0.91,0,0.0,0.0,0.0
679.38,0.021,0.0,0.0,0.0,0.91,0,0.0,0.0,0.0
679.42,0.021,0.0,0.0,0.0,0.91,0,0.0,0.0,0.0
679.48,0.021,0.0,0.0,0.0,0.91,0,0.0,0.0,0.0
679.52,0.021,0.0,0.0,0.0,0.91,0,0.0,0.0,0.0
679.58,0.021,0.0,0.0,0.0,0.91,0,0.0,0.0,0.0
679.62,0.021,0.0,0.0,0.0,0.91,0,0.0,0.0,0.0
679.68,0.021,0.0,0.0,0.0,0.91,0,0.0,0.0,0.0
679.74,0.021,0.0,0.0,0.0,0.91,0,0.0,0.0,0.0
679.78,0.021,0.0,0.0,0.0,0.91,0,0.0,0.0,0.0
679.84,0.021,0.0,0.0,0.0,0.91,0,0.0,0.0,0.0
679.88,0.021,0.0,0.0,0.0,0.91,0,0.0,0.0,0.0
679.92,0.021,0.0,0.0,0.0,0.91,0,0.0,0.0,0.0
679.98,0.021,0.0,0.0,0.0,0.91,0,0.0,0.0,0.0
680.04,0.021,0.0,0.0,0.0,0.91,0,0.0,0.0,0.0
680.08,0.021,0.0,0.0,0.0,0.91,0,0.0,0.0,0.0
680.14,0.021,0.0,0.0,0.0,0.91,0,0.0,0.0,0.0
680.18,0.021,0.0,0.0,0.0,0.91,0,0.0,0.0,0.0
680.24,0.021,0.0,0.0,0.0,0.91,0,0.0,0.0,0.0
680.28,0.021,0.0,0.0,0.0,0.91,0,0.0,0.0,0.0
680.34,0.021,0.0,0.0,0.0,0.91,0,0.0,0.0,0.0
680.38,0.021,0.0,0.0,0.0,0.91,0,0.0,0.0,0.0
680.44,0.021,0.0,0.0,0.0,0.91,0,0.0,0.0,0.0
680.48,0.021,0.0,0.0,0.0,0.91,0,0.0,0.0,0.0
680.54,0.021,0.0,0.0,0.0,0.91,0,0.0,0.0,0.0
680.58,0.021,0.0,0.0,0.0,0.91,0,0.0,0.0,0.0
680.64,0.021,0.0,0.0,0.0,0.91,0,0.0,0.0,0.0
680.7,0.021,0.0,0.0,0.0,0.91,0,0.0,0.0,0.0
680.74,0.021,0.0,0.0,0.0,0.91,0,0.0,0.0,0.0
680.8,0.021,0.0,0.0,0.0,0.91,0,0.0,0.0,0.0
680.84,0.021,0.0,0.0,0.0,0.91,0,0.0,0.0,0.0
680.9,0.021,0.0,0.0,0.0,0.91,0,0.0,0.0,0.0
680.96,0.021,0.0,0.0,0.0,0.91,0,0.0,0.0,0.0
681.0,0.021,0.0,0.0,0.0,0.91,0,0.0,0.0,0.0
681.06,0.021,0.0,0.0,0.0,0.91,0,0.0,0.0,0.0
681.1,0.021,0.0,0.0,0.0,0.91,0,0.0,0.0,0.0
681.16,0.021,0.0,0.0,0.0,0.91,0,0.0,0.0,0.0
681.2,0.021,0.0,0.0,0.0,0.91,0,0.0,0.0,0.0
681.26,0.021,0.0,0.0,0.0,0.91,0,0.0,0.0,0.0
681.32,0.021,0.0,0.0,0.0,0.91,0,0.0,0.0,0.0
681.36,0.021,0.0,0.0,0.0,0.91,0,0.0,0.0,0.0
681.42,0.021,0.0,0.0,0.0,0.91,0,0.0,0.0,0.0
681.46,0.021,0.0,0.0,0.0,0.91,0,0.0,0.0,0.0
681.52,0.021,0.0,0.0,0.0,0.91,0,0.0,0.0,0.0
681.56,0.021,0.0,0.0,0.0,0.91,0,0.0,0.0,0.0
681.62,0.021,0.0,0.0,0.0,0.91,0,0.0,0.0,0.0
681.66,0.021,0.0,0.0,0.0,0.91,0,0.0,0.0,0.0
681.72,0.021,0.0,0.0,0.0,0.91,0,0.0,0.0,0.0
681.76,0.021,0.0,0.0,0.0,0.91,0,0.0,0.0,0.0
681.8,0.021,0.0,0.0,0.0,0.91,0,0.0,0.0,0.0
681.86,0.021,0.0,0.0,0.0,0.91,0,0.0,0.0,0.0
681.92,0.021,0.0,0.0,0.0,0.91,0,0.0,0.0,0.0
681.98,0.021,0.0,0.0,0.0,0.91,0,0.0,0.0,0.0
682.02,0.021,0.0,0.0,0.0,0.91,0,0.0,0.0,0.0
682.08,0.021,0.0,0.0,0.0,0.91,0,0.0,0.0,0.0
682.12,0.021,0.0,0.0,0.0,0.91,0,0.0,0.0,0.0
682.18,0.021,0.0,0.0,0.0,0.91,0,0.0,0.0,0.0
682.22,0.021,0.0,0.0,0.0,0.91,0,0.0,0.0,0.0
682.28,0.021,0.0,0.0,0.0,0.91,0,0.0,0.0,0.0
682.32,0.021,0.0,0.0,0.0,0.91,0,0.0,0.0,0.0
682.38,0.021,0.0,0.0,0.0,0.91,0,0.0,0.0,0.0
682.42,0.021,0.0,0.0,0.0,0.91,0,0.0,0.0,0.0
682.48,0.021,0.0,0.0,0.0,0.91,0,0.0,0.0,0.0
682.54,0.021,0.0,0.0,0.0,0.91,0,0.0,0.0,0.0
682.58,0.021,0.0,0.0,0.0,0.91,0,0.0,0.0,0.0
682.64,0.021,0.0,0.0,0.0,0.91,0,0.0,0.0,0.0
682.68,0.021,0.0,0.0,0.0,0.91,0,0.0,0.0,0.0
682.74,0.021,0.0,0.0,0.0,0.91,0,0.0,0.0,0.0
682.8,0.021,0.0,0.0,0.0,0.91,0,0.0,0.0,0.0
682.84,0.021,0.0,0.0,0.0,0.91,0,0.0,0.0,0.0
682.9,0.021,0.0,0.0,0.0,0.91,0,0.0,0.0,0.0
682.94,0.021,0.0,0.0,0.0,0.91,0,0.0,0.0,0.0
683.0,0.021,0.0,0.0,0.0,0.91,0,0.0,0.0,0.0
683.04,0.021,0.0,0.0,0.0,0.91,0,0.0,0.0,0.0
683.1,0.021,0.0,0.0,0.0,0.91,0,0.0,0.0,0.0
683.14,0.021,0.0,0.0,0.0,0.91,0,0.0,0.0,0.0
683.2,0.021,0.0,0.0,0.0,0.91,0,0.0,0.0,0.0
683.26,0.021,0.0,0.0,0.0,0.91,0,0.0,0.0,0.0
683.3,0.021,0.0,0.0,0.0,0.91,0,0.0,0.0,0.0
683.36,0.021,0.0,0.0,0.0,0.91,0,0.0,0.0,0.0
683.4,0.021,0.0,0.0,0.0,0.91,0,0.0,0.0,0.0
683.46,0.021,0.0,0.0,0.0,0.91,0,0.0,0.0,0.0
683.5,0.021,0.0,0.0,0.0,0.91,0,0.0,0.0,0.0
683.56,0.021,0.0,0.0,0.0,0.91,0,0.0,0.0,0.0
683.62,0.021,0.0,0.0,0.0,0.91,0,0.0,0.0,0.0
683.66,0.021,0.0,0.0,0.0,0.91,0,0.0,0.0,0.0
683.72,0.021,0.0,0.0,0.0,0.91,0,0.0,0.0,0.0
683.76,0.021,0.0,0.0,0.0,0.91,0,0.0,0.0,0.0
683.82,0.021,0.0,0.0,0.0,0.91,0,0.0,0.0,0.0
683.86,0.021,0.0,0.0,0.0,0.91,0,0.0,0.0,0.0
683.92,0.021,0.0,0.0,0.0,0.91,0,0.0,0.0,0.0
683.96,0.021,0.0,0.0,0.0,0.91,0,0.0,0.0,0.0
684.02,0.021,0.0,0.0,0.0,0.91,0,0.0,0.0,0.0
684.08,0.021,0.0,0.0,0.0,0.91,0,0.0,0.0,0.0
684.12,0.021,0.0,0.0,0.0,0.91,0,0.0,0.0,0.0
684.18,0.021,0.0,0.0,0.0,0.91,0,0.0,0.0,0.0
684.22,0.021,0.0,0.0,0.0,0.91,0,0.0,0.0,0.0
684.28,0.021,0.0,0.0,0.0,0.91,0,0.0,0.0,0.0
684.32,0.021,0.0,0.0,0.0,0.91,0,0.0,0.0,0.0
684.38,0.021,0.0,0.0,0.0,0.91,0,0.0,0.0,0.0
684.42,0.021,0.0,0.0,0.0,0.91,0,0.0,0.0,0.0
684.48,0.021,0.0,0.0,0.0,0.91,0,0.0,0.0,0.0
684.52,0.021,0.0,0.0,0.0,0.91,0,0.0,0.0,0.0
684.58,0.021,0.0,0.0,0.0,0.91,0,0.0,0.0,0.0
684.64,0.021,0.0,0.0,0.0,0.91,0,0.0,0.0,0.0
684.68,0.021,0.0,0.0,0.0,0.91,0,0.0,0.0,0.0
684.74,0.021,0.0,0.0,0.0,0.91,0,0.0,0.0,0.0
684.78,0.021,0.0,0.0,0.0,0.91,0,0.0,0.0,0.0
684.84,0.021,0.0,0.0,0.0,0.91,0,0.0,0.0,0.0
684.88,0.021,0.0,0.0,0.0,0.91,0,0.0,0.0,0.0
684.94,0.021,0.0,0.0,0.0,0.91,0,0.0,0.0,0.0
684.98,0.021,0.0,0.0,0.0,0.91,0,0.0,0.0,0.0
685.04,0.021,0.0,0.0,0.0,0.91,0,0.0,0.0,0.0
685.08,0.021,0.0,0.0,0.0,0.91,0,0.0,0.0,0.0
685.14,0.021,0.0,0.0,0.0,0.91,0,0.0,0.0,0.0
685.18,0.021,0.0,0.0,0.0,0.91,0,0.0,0.0,0.0
685.24,0.021,0.0,0.0,0.0,0.91,0,0.0,0.0,0.0
685.3,0.021,0.0,0.0,0.0,0.91,0,0.0,0.0,0.0
685.34,0.021,0.0,0.0,0.0,0.91,0,0.0,0.0,0.0
685.4,0.021,0.0,0.0,0.0,0.91,0,0.0,0.0,0.0
685.44,0.021,0.0,0.0,0.0,0.91,0,0.0,0.0,0.0
685.5,0.021,0.0,0.0,0.0,0.91,0,0.0,0.0,0.0
685.54,0.021,0.0,0.0,0.0,0.91,0,0.0,0.0,0.0
685.6,0.021,0.0,0.0,0.0,0.91,0,0.0,0.0,0.0
685.64,0.021,0.0,0.0,0.0,0.91,0,0.0,0.0,0.0
685.7,0.021,0.0,0.0,0.0,0.91,0,0.0,0.0,0.0
685.74,0.021,0.0,0.0,0.0,0.91,0,0.0,0.0,0.0
685.8,0.021,0.0,0.0,0.0,0.91,0,0.0,0.0,0.0
685.86,0.021,0.0,0.0,0.0,0.91,0,0.0,0.0,0.0
685.9,0.021,0.0,0.0,0.0,0.91,0,0.0,0.0,0.0
685.96,0.021,0.0,0.0,0.0,0.91,0,0.0,0.0,0.0
686.0,0.021,0.0,0.0,0.0,0.91,0,0.0,0.0,0.0
686.04,0.021,0.0,0.0,0.0,0.91,0,0.0,0.0,0.0
686.12,0.021,0.0,0.0,0.0,0.91,0,0.0,0.0,0.0
686.16,0.021,0.0,0.0,0.0,0.91,0,0.0,0.0,0.0
686.22,0.021,0.0,0.0,0.0,0.91,0,0.0,0.0,0.0
686.26,0.021,0.0,0.0,0.0,0.91,0,0.0,0.0,0.0
686.3,0.021,0.0,0.0,0.0,0.91,0,0.0,0.0,0.0
686.36,0.021,0.0,0.0,0.0,0.91,0,0.0,0.0,0.0
686.42,0.021,0.0,0.0,0.0,0.91,0,0.0,0.0,0.0
686.46,0.021,0.0,0.0,0.0,0.91,0,0.0,0.0,0.0
686.52,0.021,0.0,0.0,0.0,0.91,0,0.0,0.0,0.0
686.56,0.021,0.0,0.0,0.0,0.91,0,0.0,0.0,0.0
686.62,0.021,0.0,0.0,0.0,0.91,0,0.0,0.0,0.0
686.66,0.021,0.0,0.0,0.0,0.91,0,0.0,0.0,0.0
686.72,0.021,0.0,0.0,0.0,0.91,0,0.0,0.0,0.0
686.76,0.021,0.0,0.0,0.0,0.91,0,0.0,0.0,0.0
686.82,0.021,0.0,0.0,0.0,0.91,0,0.0,0.0,0.0
686.86,0.021,0.0,0.0,0.0,0.91,0,0.0,0.0,0.0
686.92,0.021,0.0,0.0,0.0,0.91,0,0.0,0.0,0.0
686.98,0.021,0.0,0.0,0.0,0.91,0,0.0,0.0,0.0
687.02,0.021,0.0,0.0,0.0,0.91,0,0.0,0.0,0.0
687.08,0.021,0.0,0.0,0.0,0.91,0,0.0,0.0,0.0
687.12,0.021,0.0,0.0,0.0,0.91,0,0.0,0.0,0.0
687.18,0.021,0.0,0.0,0.0,0.91,0,0.0,0.0,0.0
687.22,0.021,0.0,0.0,0.0,0.91,0,0.0,0.0,0.0
687.26,0.021,0.0,0.0,0.0,0.91,0,0.0,0.0,0.0
687.32,0.021,0.0,0.0,0.0,0.91,0,0.0,0.0,0.0
687.38,0.021,0.0,0.0,0.0,0.91,0,0.0,0.0,0.0
687.42,0.021,0.0,0.0,0.0,0.91,0,0.0,0.0,0.0
687.48,0.021,0.0,0.0,0.0,0.91,0,0.0,0.0,0.0
687.52,0.021,0.0,0.0,0.0,0.91,0,0.0,0.0,0.0
687.58,0.021,0.0,0.0,0.0,0.91,0,0.0,0.0,0.0
687.62,0.021,0.0,0.0,0.0,0.91,0,0.0,0.0,0.0
687.68,0.021,0.0,0.0,0.0,0.91,0,0.0,0.0,0.0
687.74,0.021,0.0,0.0,0.0,0.91,0,0.0,0.0,0.0
687.78,0.021,0.0,0.0,0.0,0.91,0,0.0,0.0,0.0
687.84,0.021,0.0,0.0,0.0,0.91,0,0.0,0.0,0.0
687.88,0.021,0.0,0.0,0.0,0.91,0,0.0,0.0,0.0
687.94,0.021,0.0,0.0,0.0,0.91,0,0.0,0.0,0.0
687.98,0.021,0.0,0.0,0.0,0.91,0,0.0,0.0,0.0
688.04,0.021,0.0,0.0,0.0,0.91,0,0.0,0.0,0.0
688.08,0.021,0.0,0.0,0.0,0.91,0,0.0,0.0,0.0
688.14,0.021,0.0,0.0,0.0,0.91,0,0.0,0.0,0.0
688.2,0.021,0.0,0.0,0.0,0.91,0,0.0,0.0,0.0
688.24,0.021,0.0,0.0,0.0,0.91,0,0.0,0.0,0.0
688.3,0.021,0.0,0.0,0.0,0.91,0,0.0,0.0,0.0
688.34,0.021,0.0,0.0,0.0,0.91,0,0.0,0.0,0.0
688.4,0.021,0.0,0.0,0.0,0.91,0,0.0,0.0,0.0
688.44,0.021,0.0,0.0,0.0,0.91,0,0.0,0.0,0.0
688.5,0.021,0.0,0.0,0.0,0.91,0,0.0,0.0,0.0
688.56,0.021,0.0,0.0,0.0,0.91,0,0.0,0.0,0.0
688.6,0.021,0.0,0.0,0.0,0.91,0,0.0,0.0,0.0
688.66,0.021,0.0,0.0,0.0,0.91,0,0.0,0.0,0.0
688.7,0.021,0.0,0.0,0.0,0.91,0,0.0,0.0,0.0
688.76,0.021,0.0,0.0,0.0,0.91,0,0.0,0.0,0.0
688.8,0.021,0.0,0.0,0.0,0.91,0,0.0,0.0,0.0
688.86,0.021,0.0,0.0,0.0,0.91,0,0.0,0.0,0.0
688.92,0.021,0.0,0.0,0.0,0.91,0,0.0,0.0,0.0
688.96,0.021,0.0,0.0,0.0,0.91,0,0.0,0.0,0.0
689.02,0.021,0.0,0.0,0.0,0.91,0,0.0,0.0,0.0
689.06,0.021,0.0,0.0,0.0,0.91,0,0.0,0.0,0.0
689.12,0.021,0.0,0.0,0.0,0.91,0,0.0,0.0,0.0
689.16,0.021,0.0,0.0,0.0,0.91,0,0.0,0.0,0.0
689.22,0.021,0.0,0.0,0.0,0.91,0,0.0,0.0,0.0
689.28,0.021,0.0,0.0,0.0,0.91,0,0.0,0.0,0.0
689.32,0.021,0.0,0.0,0.0,0.91,0,0.0,0.0,0.0
689.38,0.021,0.0,0.0,0.0,0.91,0,0.0,0.0,0.0
689.42,0.021,0.0,0.0,0.0,0.91,0,0.0,0.0,0.0
689.48,0.021,0.0,0.0,0.0,0.91,0,0.0,0.0,0.0
689.52,0.021,0.0,0.0,0.0,0.91,0,0.0,0.0,0.0
689.58,0.021,0.0,0.0,0.0,0.91,0,0.0,0.0,0.0
689.62,0.021,0.0,0.0,0.0,0.91,0,0.0,0.0,0.0
689.68,0.021,0.0,0.0,0.0,0.91,0,0.0,0.0,0.0
689.72,0.021,0.0,0.0,0.0,0.91,0,0.0,0.0,0.0
689.78,0.021,0.0,0.0,0.0,0.91,0,0.0,0.0,0.0
689.84,0.021,0.0,0.0,0.0,0.91,0,0.0,0.0,0.0
689.88,0.021,0.0,0.0,0.0,0.91,0,0.0,0.0,0.0
689.94,0.021,0.0,0.0,0.0,0.91,0,0.0,0.0,0.0
689.98,0.021,0.0,0.0,0.0,0.91,0,0.0,0.0,0.0
690.04,0.021,0.0,0.0,0.0,0.91,0,0.0,0.0,0.0
690.08,0.021,0.0,0.0,0.0,0.91,0,0.0,0.0,0.0
690.14,0.021,0.0,0.0,0.0,0.91,0,0.0,0.0,0.0
690.2,0.021,0.0,0.0,0.0,0.91,0,0.0,0.0,0.0
690.24,0.021,0.0,0.0,0.0,0.91,0,0.0,0.0,0.0
690.3,0.021,0.0,0.0,0.0,0.91,0,0.0,0.0,0.0
690.34,0.021,0.0,0.0,0.0,0.91,0,0.0,0.0,0.0
690.4,0.021,0.0,0.0,0.0,0.91,0,0.0,0.0,0.0
690.44,0.021,0.0,0.0,0.0,0.91,0,0.0,0.0,0.0
690.5,0.021,0.0,0.0,0.0,0.91,0,0.0,0.0,0.0
690.54,0.021,0.0,0.0,0.0,0.91,0,0.0,0.0,0.0
690.6,0.021,0.0,0.0,0.0,0.91,0,0.0,0.0,0.0
690.64,0.021,0.0,0.0,0.0,0.91,0,0.0,0.0,0.0
690.7,0.021,0.0,0.0,0.0,0.91,0,0.0,0.0,0.0
690.76,0.021,0.0,0.0,0.0,0.91,0,0.0,0.0,0.0
690.8,0.021,0.0,0.0,0.0,0.91,0,0.0,0.0,0.0
690.86,0.021,0.0,0.0,0.0,0.91,0,0.0,0.0,0.0
690.9,0.021,0.0,0.0,0.0,0.91,0,0.0,0.0,0.0
690.96,0.021,0.0,0.0,0.0,0.91,0,0.0,0.0,0.0
691.0,0.021,0.0,0.0,0.0,0.91,0,0.0,0.0,0.0
691.06,0.021,0.0,0.0,0.0,0.91,0,0.0,0.0,0.0
691.1,0.021,0.0,0.0,0.0,0.91,0,0.0,0.0,0.0
691.16,0.021,0.0,0.0,0.0,0.91,0,0.0,0.0,0.0
691.2,0.021,0.0,0.0,0.0,0.91,0,0.0,0.0,0.0
691.26,0.021,0.0,0.0,0.0,0.91,0,0.0,0.0,0.0
691.3,0.021,0.0,0.0,0.0,0.91,0,0.0,0.0,0.0
691.36,0.021,0.0,0.0,0.0,0.91,0,0.0,0.0,0.0
691.4,0.021,0.0,0.0,0.0,0.91,0,0.0,0.0,0.0
691.46,0.021,0.0,0.0,0.0,0.91,0,0.0,0.0,0.0
691.52,0.021,0.0,0.0,0.0,0.91,0,0.0,0.0,0.0
691.56,0.021,0.0,0.0,0.0,0.91,0,0.0,0.0,0.0
691.62,0.021,0.0,0.0,0.0,0.91,0,0.0,0.0,0.0
691.66,0.021,0.0,0.0,0.0,0.91,0,0.0,0.0,0.0
691.72,0.021,0.0,0.0,0.0,0.91,0,0.0,0.0,0.0
691.76,0.021,0.0,0.0,0.0,0.91,0,0.0,0.0,0.0
691.82,0.021,0.0,0.0,0.0,0.91,0,0.0,0.0,0.0
691.88,0.021,0.0,0.0,0.0,0.91,0,0.0,0.0,0.0
691.92,0.021,0.0,0.0,0.0,0.91,0,0.0,0.0,0.0
691.98,0.021,0.0,0.0,0.0,0.91,0,0.0,0.0,0.0
692.02,0.021,0.0,0.0,0.0,0.91,0,0.0,0.0,0.0
692.08,0.021,0.0,0.0,0.0,0.91,0,0.0,0.0,0.0
692.12,0.021,0.0,0.0,0.0,0.91,0,0.0,0.0,0.0
692.18,0.021,0.0,0.0,0.0,0.91,0,0.0,0.0,0.0
692.24,0.021,0.0,0.0,0.0,0.91,0,0.0,0.0,0.0
692.28,0.021,0.0,0.0,0.0,0.91,0,0.0,0.0,0.0
692.34,0.021,0.0,0.0,0.0,0.91,0,0.0,0.0,0.0
692.38,0.021,0.0,0.0,0.0,0.91,0,0.0,0.0,0.0
692.44,0.021,0.0,0.0,0.0,0.91,0,0.0,0.0,0.0
692.48,0.021,0.0,0.0,0.0,0.91,0,0.0,0.0,0.0
692.54,0.021,0.0,0.0,0.0,0.91,0,0.0,0.0,0.0
692.58,0.021,0.0,0.0,0.0,0.91,0,0.0,0.0,0.0
692.64,0.021,0.0,0.0,0.0,0.91,0,0.0,0.0,0.0
692.68,0.021,0.0,0.0,0.0,0.91,0,0.0,0.0,0.0
692.74,0.021,0.0,0.0,0.0,0.91,0,0.0,0.0,0.0
692.8,0.021,0.0,0.0,0.0,0.91,0,0.0,0.0,0.0
692.84,0.021,0.0,0.0,0.0,0.91,0,0.0,0.0,0.0
692.9,0.021,0.0,0.0,0.0,0.91,0,0.0,0.0,0.0
692.94,0.021,0.0,0.0,0.0,0.91,0,0.0,0.0,0.0
692.98,0.021,0.0,0.0,0.0,0.91,0,0.0,0.0,0.0
693.04,0.021,0.0,0.0,0.0,0.91,0,0.0,0.0,0.0
693.1,0.021,0.0,0.0,0.0,0.91,0,0.0,0.0,0.0
693.14,0.021,0.0,0.0,0.0,0.91,0,0.0,0.0,0.0
693.2,0.021,0.0,0.0,0.0,0.91,0,0.0,0.0,0.0
693.24,0.021,0.0,0.0,0.0,0.91,0,0.0,0.0,0.0
693.3,0.021,0.0,0.0,0.0,0.91,0,0.0,0.0,0.0
693.36,0.021,0.0,0.0,0.0,0.91,0,0.0,0.0,0.0
693.4,0.021,0.0,0.0,0.0,0.91,0,0.0,0.0,0.0
693.46,0.021,0.0,0.0,0.0,0.91,0,0.0,0.0,0.0
693.5,0.021,0.0,0.0,0.0,0.91,0,0.0,0.0,0.0
693.56,0.021,0.0,0.0,0.0,0.91,0,0.0,0.0,0.0
693.6,0.021,0.0,0.0,0.0,0.91,0,0.0,0.0,0.0
693.66,0.021,0.0,0.0,0.0,0.91,0,0.0,0.0,0.0
693.72,0.021,0.0,0.0,0.0,0.91,0,0.0,0.0,0.0
693.76,0.021,0.0,0.0,0.0,0.91,0,0.0,0.0,0.0
693.82,0.021,0.0,0.0,0.0,0.91,0,0.0,0.0,0.0
693.86,0.021,0.0,0.0,0.0,0.91,0,0.0,0.0,0.0
693.92,0.021,0.0,0.0,0.0,0.91,0,0.0,0.0,0.0
693.96,0.021,0.0,0.0,0.0,0.91,0,0.0,0.0,0.0
694.02,0.021,0.0,0.0,0.0,0.91,0,0.0,0.0,0.0
694.06,0.021,0.0,0.0,0.0,0.91,0,0.0,0.0,0.0
694.12,0.021,0.0,0.0,0.0,0.91,0,0.0,0.0,0.0
694.18,0.021,0.0,0.0,0.0,0.91,0,0.0,0.0,0.0
694.22,0.021,0.0,0.0,0.0,0.91,0,0.0,0.0,0.0
694.26,0.021,0.0,0.0,0.0,0.91,0,0.0,0.0,0.0
694.26,0.021,0.0,0.0,0.0,0.91,0,0.0,0.0,0.0
694.36,0.021,0.0,0.0,0.0,0.91,0,0.0,0.0,0.0
694.38,0.021,0.0,0.0,0.0,0.91,0,0.0,0.0,0.0
694.44,0.021,0.0,0.0,0.0,0.91,0,0.0,0.0,0.0
694.5,0.021,0.0,0.0,0.0,0.91,0,0.0,0.0,0.0
694.54,0.021,0.0,0.0,0.0,0.91,0,0.0,0.0,0.0
694.6,0.021,0.0,0.0,0.0,0.91,0,0.0,0.0,0.0
694.66,0.021,0.0,0.0,0.0,0.91,0,0.0,0.0,0.0
694.7,0.021,0.0,0.0,0.0,0.91,0,0.0,0.0,0.0
694.76,0.021,0.0,0.0,0.0,0.91,0,0.0,0.0,0.0
694.8,0.021,0.0,0.0,0.0,0.91,0,0.0,0.0,0.0
694.86,0.021,0.0,0.0,0.0,0.91,0,0.0,0.0,0.0
694.9,0.021,0.0,0.0,0.0,0.91,0,0.0,0.0,0.0
694.96,0.021,0.0,0.0,0.0,0.91,0,0.0,0.0,0.0
695.0,0.021,0.0,0.0,0.0,0.91,0,0.0,0.0,0.0
695.06,0.021,0.0,0.0,0.0,0.91,0,0.0,0.0,0.0
695.1,0.021,0.0,0.0,0.0,0.91,0,0.0,0.0,0.0
695.16,0.021,0.0,0.0,0.0,0.91,0,0.0,0.0,0.0
695.2,0.021,0.0,0.0,0.0,0.91,0,0.0,0.0,0.0
695.26,0.021,0.0,0.0,0.0,0.91,0,0.0,0.0,0.0
695.3,0.021,0.0,0.0,0.0,0.91,0,0.0,0.0,0.0
695.36,0.021,0.0,0.0,0.0,0.91,0,0.0,0.0,0.0
695.4,0.021,0.0,0.0,0.0,0.91,0,0.0,0.0,0.0
695.46,0.021,0.0,0.0,0.0,0.91,0,0.0,0.0,0.0
695.52,0.021,0.0,0.0,0.0,0.91,0,0.0,0.0,0.0
695.56,0.021,0.0,0.0,0.0,0.91,0,0.0,0.0,0.0
695.62,0.021,0.0,0.0,0.0,0.91,0,0.0,0.0,0.0
695.66,0.021,0.0,0.0,0.0,0.91,0,0.0,0.0,0.0
695.72,0.021,0.0,0.0,0.0,0.91,0,0.0,0.0,0.0
695.76,0.021,0.0,0.0,0.0,0.91,0,0.0,0.0,0.0
695.82,0.021,0.0,0.0,0.0,0.91,0,0.0,0.0,0.0
695.88,0.021,0.0,0.0,0.0,0.91,0,0.0,0.0,0.0
695.92,0.021,0.0,0.0,0.0,0.91,0,0.0,0.0,0.0
695.98,0.021,0.0,0.0,0.0,0.91,0,0.0,0.0,0.0
696.02,0.021,0.0,0.0,0.0,0.91,0,0.0,0.0,0.0
696.08,0.021,0.0,0.0,0.0,0.91,0,0.0,0.0,0.0
696.12,0.021,0.0,0.0,0.0,0.91,0,0.0,0.0,0.0
696.18,0.021,0.0,0.0,0.0,0.91,0,0.0,0.0,0.0
696.22,0.021,0.0,0.0,0.0,0.91,0,0.0,0.0,0.0
696.28,0.021,0.0,0.0,0.0,0.91,0,0.0,0.0,0.0
696.32,0.021,0.0,0.0,0.0,0.91,0,0.0,0.0,0.0
696.38,0.021,0.0,0.0,0.0,0.91,0,0.0,0.0,0.0
696.42,0.021,0.0,0.0,0.0,0.91,0,0.0,0.0,0.0
696.48,0.021,0.0,0.0,0.0,0.91,0,0.0,0.0,0.0
696.54,0.021,0.0,0.0,0.0,0.91,0,0.0,0.0,0.0
696.58,0.021,0.0,0.0,0.0,0.91,0,0.0,0.0,0.0
696.64,0.021,0.0,0.0,0.0,0.91,0,0.0,0.0,0.0
696.68,0.021,0.0,0.0,0.0,0.91,0,0.0,0.0,0.0
696.74,0.021,0.0,0.0,0.0,0.91,0,0.0,0.0,0.0
696.78,0.021,0.0,0.0,0.0,0.91,0,0.0,0.0,0.0
696.82,0.021,0.0,0.0,0.0,0.91,0,0.0,0.0,0.0
696.88,0.021,0.0,0.0,0.0,0.91,0,0.0,0.0,0.0
696.94,0.021,0.0,0.0,0.0,0.91,0,0.0,0.0,0.0
697.0,0.021,0.0,0.0,0.0,0.91,0,0.0,0.0,0.0
697.04,0.021,0.0,0.0,0.0,0.91,0,0.0,0.0,0.0
697.1,0.021,0.0,0.0,0.0,0.91,0,0.0,0.0,0.0
697.14,0.021,0.0,0.0,0.0,0.91,0,0.0,0.0,0.0
697.2,0.021,0.0,0.0,0.0,0.91,0,0.0,0.0,0.0
697.24,0.021,0.0,0.0,0.0,0.91,0,0.0,0.0,0.0
697.3,0.021,0.0,0.0,0.0,0.91,0,0.0,0.0,0.0
697.34,0.021,0.0,0.0,0.0,0.91,0,0.0,0.0,0.0
697.4,0.021,0.0,0.0,0.0,0.91,0,0.0,0.0,0.0
697.46,0.021,0.0,0.0,0.0,0.91,0,0.0,0.0,0.0
697.5,0.021,0.0,0.0,0.0,0.91,0,0.0,0.0,0.0
697.56,0.021,0.0,0.0,0.0,0.91,0,0.0,0.0,0.0
697.6,0.021,0.0,0.0,0.0,0.91,0,0.0,0.0,0.0
697.66,0.021,0.0,0.0,0.0,0.91,0,0.0,0.0,0.0
697.7,0.021,0.0,0.0,0.0,0.91,0,0.0,0.0,0.0
697.76,0.021,0.0,0.0,0.0,0.91,0,0.0,0.0,0.0
697.82,0.021,0.0,0.0,0.0,0.91,0,0.0,0.0,0.0
697.86,0.021,0.0,0.0,0.0,0.91,0,0.0,0.0,0.0
697.92,0.021,0.0,0.0,0.0,0.91,0,0.0,0.0,0.0
697.98,0.021,0.0,0.0,0.0,0.91,0,0.0,0.0,0.0
698.02,0.021,0.0,0.0,0.0,0.91,0,0.0,0.0,0.0
698.08,0.021,0.0,0.0,0.0,0.91,0,0.0,0.0,0.0
698.14,0.021,0.0,0.0,0.0,0.91,0,0.0,0.0,0.0
698.18,0.021,0.0,0.0,0.0,0.91,0,0.0,0.0,0.0
698.24,0.021,0.0,0.0,0.0,0.91,0,0.0,0.0,0.0
698.3,0.021,0.0,0.0,0.0,0.91,0,0.0,0.0,0.0
698.34,0.021,0.0,0.0,0.0,0.91,0,0.0,0.0,0.0
698.4,0.021,0.0,0.0,0.0,0.91,0,0.0,0.0,0.0
698.44,0.021,0.0,0.0,0.0,0.91,0,0.0,0.0,0.0
698.5,0.021,0.0,0.0,0.0,0.91,0,0.0,0.0,0.0
698.54,0.021,0.0,0.0,0.0,0.91,0,0.0,0.0,0.0
698.6,0.021,0.0,0.0,0.0,0.91,0,0.0,0.0,0.0
698.64,0.021,0.0,0.0,0.0,0.91,0,0.0,0.0,0.0
698.7,0.021,0.0,0.0,0.0,0.91,0,0.0,0.0,0.0
698.76,0.021,0.0,0.0,0.0,0.91,0,0.0,0.0,0.0
698.8,0.021,0.0,0.0,0.0,0.91,0,0.0,0.0,0.0
698.86,0.021,0.0,0.0,0.0,0.91,0,0.0,0.0,0.0
698.9,0.021,0.0,0.0,0.0,0.91,0,0.0,0.0,0.0
698.96,0.021,0.0,0.0,0.0,0.91,0,0.0,0.0,0.0
699.0,0.021,0.0,0.0,0.0,0.91,0,0.0,0.0,0.0
699.06,0.021,0.0,0.0,0.0,0.91,0,0.0,0.0,0.0
699.1,0.021,0.0,0.0,0.0,0.91,0,0.0,0.0,0.0
699.16,0.021,0.0,0.0,0.0,0.91,0,0.0,0.0,0.0
699.22,0.021,0.0,0.0,0.0,0.91,0,0.0,0.0,0.0
699.26,0.021,0.0,0.0,0.0,0.91,0,0.0,0.0,0.0
699.32,0.021,0.0,0.0,0.0,0.91,0,0.0,0.0,0.0
699.38,0.021,0.0,0.0,0.0,0.91,0,0.0,0.0,0.0
699.42,0.021,0.0,0.0,0.0,0.91,0,0.0,0.0,0.0
699.48,0.021,0.0,0.0,0.0,0.91,0,0.0,0.0,0.0
699.54,0.021,0.0,0.0,0.0,0.91,0,0.0,0.0,0.0
699.58,0.021,0.0,0.0,0.0,0.91,0,0.0,0.0,0.0
699.64,0.021,0.0,0.0,0.0,0.91,0,0.0,0.0,0.0
699.68,0.021,0.0,0.0,0.0,0.91,0,0.0,0.0,0.0
699.74,0.021,0.0,0.0,0.0,0.91,0,0.0,0.0,0.0
699.8,0.021,0.0,0.0,0.0,0.91,0,0.0,0.0,0.0
699.86,0.021,0.0,0.0,0.0,0.91,0,0.0,0.0,0.0
699.9,0.021,0.0,0.0,0.0,0.91,0,0.0,0.0,0.0
699.96,0.021,0.0,0.0,0.0,0.91,0,0.0,0.0,0.0
700.0,0.021,0.0,0.0,0.0,0.91,0,0.0,0.0,0.0
700.06,0.021,0.0,0.0,0.0,0.91,0,0.0,0.0,0.0
700.1,0.021,0.0,0.0,0.0,0.91,0,0.0,0.0,0.0
700.16,0.021,0.0,0.0,0.0,0.91,0,0.0,0.0,0.0
700.2,0.021,0.0,0.0,0.0,0.91,0,0.0,0.0,0.0
700.26,0.021,0.0,0.0,0.0,0.91,0,0.0,0.0,0.0
700.3,0.021,0.0,0.0,0.0,0.91,0,0.0,0.0,0.0
700.36,0.021,0.0,0.0,0.0,0.91,0,0.0,0.0,0.0
700.42,0.021,0.0,0.0,0.0,0.91,0,0.0,0.0,0.0
700.46,0.021,0.0,0.0,0.0,0.91,0,0.0,0.0,0.0
700.52,0.021,0.0,0.0,0.0,0.91,0,0.0,0.0,0.0
700.58,0.021,0.0,0.0,0.0,0.91,0,0.0,0.0,0.0
700.62,0.021,0.0,0.0,0.0,0.91,0,0.0,0.0,0.0
700.68,0.021,0.0,0.0,0.0,0.91,0,0.0,0.0,0.0
700.74,0.021,0.0,0.0,0.0,0.91,0,0.0,0.0,0.0
700.78,0.021,0.0,0.0,0.0,0.91,0,0.0,0.0,0.0
700.84,0.021,0.0,0.0,0.0,0.91,0,0.0,0.0,0.0
700.88,0.021,0.0,0.0,0.0,0.91,0,0.0,0.0,0.0
700.94,0.021,0.0,0.0,0.0,0.91,0,0.0,0.0,0.0
701.0,0.021,0.0,0.0,0.0,0.91,0,0.0,0.0,0.0
701.04,0.021,0.0,0.0,0.0,0.91,0,0.0,0.0,0.0
701.1,0.021,0.0,0.0,0.0,0.91,0,0.0,0.0,0.0
701.14,0.021,0.0,0.0,0.0,0.91,0,0.0,0.0,0.0
701.2,0.021,0.0,0.0,0.0,0.91,0,0.0,0.0,0.0
701.26,0.021,0.0,0.0,0.0,0.91,0,0.0,0.0,0.0
701.28,0.021,0.0,0.0,0.0,0.91,0,0.0,0.0,0.0
701.34,0.021,0.0,0.0,0.0,0.91,0,0.0,0.0,0.0
701.4,0.021,0.0,0.0,0.0,0.91,0,0.0,0.0,0.0
701.44,0.021,0.0,0.0,0.0,0.91,0,0.0,0.0,0.0
701.5,0.021,0.0,0.0,0.0,0.91,0,0.0,0.0,0.0
701.56,0.021,0.0,0.0,0.0,0.91,0,0.0,0.0,0.0
701.6,0.021,0.0,0.0,0.0,0.91,0,0.0,0.0,0.0
701.66,0.021,0.0,0.0,0.0,0.91,0,0.0,0.0,0.0
701.7,0.021,0.0,0.0,0.0,0.91,0,0.0,0.0,0.0
701.76,0.021,0.0,0.0,0.0,0.91,0,0.0,0.0,0.0
701.82,0.021,0.0,0.0,0.0,0.91,0,0.0,0.0,0.0
701.86,0.021,0.0,0.0,0.0,0.91,0,0.0,0.0,0.0
701.9,0.021,0.0,0.0,0.0,0.91,0,0.0,0.0,0.0
701.96,0.021,0.0,0.0,0.0,0.91,0,0.0,0.0,0.0
702.02,0.021,0.0,0.0,0.0,0.91,0,0.0,0.0,0.0
702.06,0.021,0.0,0.0,0.0,0.91,0,0.0,0.0,0.0
702.12,0.021,0.0,0.0,0.0,0.91,0,0.0,0.0,0.0
702.16,0.021,0.0,0.0,0.0,0.91,0,0.0,0.0,0.0
702.22,0.021,0.0,0.0,0.0,0.91,0,0.0,0.0,0.0
702.28,0.021,0.0,0.0,0.0,0.91,0,0.0,0.0,0.0
702.32,0.021,0.0,0.0,0.0,0.91,0,0.0,0.0,0.0
702.38,0.021,0.0,0.0,0.0,0.91,0,0.0,0.0,0.0
702.44,0.021,0.0,0.0,0.0,0.91,0,0.0,0.0,0.0
702.48,0.021,0.0,0.0,0.0,0.91,0,0.0,0.0,0.0
702.54,0.021,0.0,0.0,0.0,0.91,0,0.0,0.0,0.0
702.58,0.021,0.0,0.0,0.0,0.91,0,0.0,0.0,0.0
702.64,0.021,0.0,0.0,0.0,0.91,0,0.0,0.0,0.0
702.68,0.021,0.0,0.0,0.0,0.91,0,0.0,0.0,0.0
702.74,0.021,0.0,0.0,0.0,0.91,0,0.0,0.0,0.0
702.78,0.021,0.0,0.0,0.0,0.91,0,0.0,0.0,0.0
702.84,0.021,0.0,0.0,0.0,0.91,0,0.0,0.0,0.0
702.88,0.021,0.0,0.0,0.0,0.91,0,0.0,0.0,0.0
702.94,0.021,0.0,0.0,0.0,0.91,0,0.0,0.0,0.0
702.98,0.021,0.0,0.0,0.0,0.91,0,0.0,0.0,0.0
703.04,0.021,0.0,0.0,0.0,0.91,0,0.0,0.0,0.0
703.08,0.021,0.0,0.0,0.0,0.91,0,0.0,0.0,0.0
703.14,0.021,0.0,0.0,0.0,0.91,0,0.0,0.0,0.0
703.18,0.021,0.0,0.0,0.0,0.91,0,0.0,0.0,0.0
703.24,0.021,0.0,0.0,0.0,0.91,0,0.0,0.0,0.0
703.3,0.021,0.0,0.0,0.0,0.91,0,0.0,0.0,0.0
703.34,0.021,0.0,0.0,0.0,0.91,0,0.0,0.0,0.0
703.4,0.021,0.0,0.0,0.0,0.91,0,0.0,0.0,0.0
703.46,0.021,0.0,0.0,0.0,0.91,0,0.0,0.0,0.0
703.5,0.021,0.0,0.0,0.0,0.91,0,0.0,0.0,0.0
703.56,0.021,0.0,0.0,0.0,0.91,0,0.0,0.0,0.0
703.6,0.021,0.0,0.0,0.0,0.91,0,0.0,0.0,0.0
703.66,0.021,0.0,0.0,0.0,0.91,0,0.0,0.0,0.0
703.7,0.021,0.0,0.0,0.0,0.91,0,0.0,0.0,0.0
703.76,0.021,0.0,0.0,0.0,0.91,0,0.0,0.0,0.0
703.8,0.021,0.0,0.0,0.0,0.91,0,0.0,0.0,0.0
703.86,0.021,0.0,0.0,0.0,0.91,0,0.0,0.0,0.0
703.9,0.021,0.0,0.0,0.0,0.91,0,0.0,0.0,0.0
703.96,0.021,0.0,0.0,0.0,0.91,0,0.0,0.0,0.0
704.0,0.021,0.0,0.0,0.0,0.91,0,0.0,0.0,0.0
704.06,0.021,0.0,0.0,0.0,0.91,0,0.0,0.0,0.0
704.1,0.021,0.0,0.0,0.0,0.91,0,0.0,0.0,0.0
704.16,0.021,0.0,0.0,0.0,0.91,0,0.0,0.0,0.0
704.2,0.021,0.0,0.0,0.0,0.91,0,0.0,0.0,0.0
704.26,0.021,0.0,0.0,0.0,0.91,0,0.0,0.0,0.0
704.3,0.021,0.0,0.0,0.0,0.91,0,0.0,0.0,0.0
704.36,0.021,0.0,0.0,0.0,0.91,0,0.0,0.0,0.0
704.4,0.021,0.0,0.0,0.0,0.91,0,0.0,0.0,0.0
704.46,0.021,0.0,0.0,0.0,0.91,0,0.0,0.0,0.0
704.52,0.021,0.0,0.0,0.0,0.91,0,0.0,0.0,0.0
704.56,0.021,0.0,0.0,0.0,0.91,0,0.0,0.0,0.0
704.62,0.021,0.0,0.0,0.0,0.91,0,0.0,0.0,0.0
704.66,0.021,0.0,0.0,0.0,0.91,0,0.0,0.0,0.0
704.72,0.021,0.0,0.0,0.0,0.91,0,0.0,0.0,0.0
704.78,0.021,0.0,0.0,0.0,0.91,0,0.0,0.0,0.0
704.82,0.021,0.0,0.0,0.0,0.91,0,0.0,0.0,0.0
704.88,0.021,0.0,0.0,0.0,0.91,0,0.0,0.0,0.0
704.92,0.021,0.0,0.0,0.0,0.91,0,0.0,0.0,0.0
704.98,0.021,0.0,0.0,0.0,0.91,0,0.0,0.0,0.0
705.04,0.021,0.0,0.0,0.0,0.91,0,0.0,0.0,0.0
705.08,0.021,0.0,0.0,0.0,0.91,0,0.0,0.0,0.0
705.14,0.021,0.0,0.0,0.0,0.91,0,0.0,0.0,0.0
705.18,0.021,0.0,0.0,0.0,0.91,0,0.0,0.0,0.0
705.22,0.021,0.0,0.0,0.0,0.91,0,0.0,0.0,0.0
705.28,0.021,0.0,0.0,0.0,0.91,0,0.0,0.0,0.0
705.32,0.021,0.0,0.0,0.0,0.91,0,0.0,0.0,0.0
705.38,0.021,0.0,0.0,0.0,0.91,0,0.0,0.0,0.0
705.4,0.021,0.0,0.0,0.0,0.91,0,0.0,0.0,0.0
705.42,0.021,0.0,0.0,0.0,0.91,0,0.0,0.0,0.0
705.5,0.021,0.0,0.0,0.0,0.91,0,0.0,0.0,0.0
705.54,0.021,0.0,0.0,0.0,0.91,0,0.0,0.0,0.0
705.58,0.021,0.0,0.0,0.0,0.91,0,0.0,0.0,0.0
705.64,0.021,0.0,0.0,0.0,0.91,0,0.0,0.0,0.0
705.68,0.021,0.0,0.0,0.0,0.91,0,0.0,0.0,0.0
705.74,0.021,0.0,0.0,0.0,0.91,0,0.0,0.0,0.0
705.78,0.021,0.0,0.0,0.0,0.91,0,0.0,0.0,0.0
705.84,0.021,0.0,0.0,0.0,0.91,0,0.0,0.0,0.0
705.9,0.021,0.0,0.0,0.0,0.91,0,0.0,0.0,0.0
705.94,0.021,0.0,0.0,0.0,0.91,0,0.0,0.0,0.0
706.0,0.021,0.0,0.0,0.0,0.91,0,0.0,0.0,0.0
706.04,0.021,0.0,0.0,0.0,0.91,0,0.0,0.0,0.0
706.1,0.021,0.0,0.0,0.0,0.91,0,0.0,0.0,0.0
706.14,0.021,0.0,0.0,0.0,0.91,0,0.0,0.0,0.0
706.2,0.021,0.0,0.0,0.0,0.91,0,0.0,0.0,0.0
706.24,0.021,0.0,0.0,0.0,0.91,0,0.0,0.0,0.0
706.3,0.021,0.0,0.0,0.0,0.91,0,0.0,0.0,0.0
706.34,0.021,0.0,0.0,0.0,0.91,0,0.0,0.0,0.0
706.4,0.021,0.0,0.0,0.0,0.91,0,0.0,0.0,0.0
706.46,0.021,0.0,0.0,0.0,0.91,0,0.0,0.0,0.0
706.5,0.021,0.0,0.0,0.0,0.91,0,0.0,0.0,0.0
706.56,0.021,0.0,0.0,0.0,0.91,0,0.0,0.0,0.0
706.6,0.021,0.0,0.0,0.0,0.91,0,0.0,0.0,0.0
706.66,0.021,0.0,0.0,0.0,0.91,0,0.0,0.0,0.0
706.7,0.021,0.0,0.0,0.0,0.91,0,0.0,0.0,0.0
706.76,0.021,0.0,0.0,0.0,0.91,0,0.0,0.0,0.0
706.8,0.021,0.0,0.0,0.0,0.91,0,0.0,0.0,0.0
706.86,0.021,0.0,0.0,0.0,0.91,0,0.0,0.0,0.0
706.9,0.021,0.0,0.0,0.0,0.91,0,0.0,0.0,0.0
706.96,0.021,0.0,0.0,0.0,0.91,0,0.0,0.0,0.0
707.02,0.021,0.0,0.0,0.0,0.91,0,0.0,0.0,0.0
707.06,0.021,0.0,0.0,0.0,0.91,0,0.0,0.0,0.0
707.12,0.021,0.0,0.0,0.0,0.91,0,0.0,0.0,0.0
707.16,0.021,0.0,0.0,0.0,0.91,0,0.0,0.0,0.0
707.22,0.021,0.0,0.0,0.0,0.91,0,0.0,0.0,0.0
707.28,0.021,0.0,0.0,0.0,0.91,0,0.0,0.0,0.0
707.32,0.021,0.0,0.0,0.0,0.91,0,0.0,0.0,0.0
707.38,0.021,0.0,0.0,0.0,0.91,0,0.0,0.0,0.0
707.42,0.021,0.0,0.0,0.0,0.91,0,0.0,0.0,0.0
707.48,0.021,0.0,0.0,0.0,0.91,0,0.0,0.0,0.0
707.52,0.021,0.0,0.0,0.0,0.91,0,0.0,0.0,0.0
707.58,0.021,0.0,0.0,0.0,0.91,0,0.0,0.0,0.0
707.62,0.021,0.0,0.0,0.0,0.91,0,0.0,0.0,0.0
707.68,0.021,0.0,0.0,0.0,0.91,0,0.0,0.0,0.0
707.74,0.021,0.0,0.0,0.0,0.91,0,0.0,0.0,0.0
707.8,0.021,0.0,0.0,0.0,0.91,0,0.0,0.0,0.0
707.84,0.021,0.0,0.0,0.0,0.91,0,0.0,0.0,0.0
707.9,0.021,0.0,0.0,0.0,0.91,0,0.0,0.0,0.0
707.94,0.021,0.0,0.0,0.0,0.91,0,0.0,0.0,0.0
708.0,0.021,0.0,0.0,0.0,0.91,0,0.0,0.0,0.0
708.04,0.021,0.0,0.0,0.0,0.91,0,0.0,0.0,0.0
708.1,0.021,0.0,0.0,0.0,0.91,0,0.0,0.0,0.0
708.14,0.021,0.0,0.0,0.0,0.91,0,0.0,0.0,0.0
708.2,0.021,0.0,0.0,0.0,0.91,0,0.0,0.0,0.0
708.24,0.021,0.0,0.0,0.0,0.91,0,0.0,0.0,0.0
708.3,0.021,0.0,0.0,0.0,0.91,0,0.0,0.0,0.0
708.36,0.021,0.0,0.0,0.0,0.91,0,0.0,0.0,0.0
708.4,0.021,0.0,0.0,0.0,0.91,0,0.0,0.0,0.0
708.46,0.021,0.0,0.0,0.0,0.91,0,0.0,0.0,0.0
708.5,0.021,0.0,0.0,0.0,0.91,0,0.0,0.0,0.0
708.56,0.021,0.0,0.0,0.0,0.91,0,0.0,0.0,0.0
708.6,0.021,0.0,0.0,0.0,0.91,0,0.0,0.0,0.0
708.66,0.021,0.0,0.0,0.0,0.91,0,0.0,0.0,0.0
708.72,0.021,0.0,0.0,0.0,0.91,0,0.0,0.0,0.0
708.76,0.021,0.0,0.0,0.0,0.91,0,0.0,0.0,0.0
708.82,0.021,0.0,0.0,0.0,0.91,0,0.0,0.0,0.0
708.86,0.021,0.0,0.0,0.0,0.91,0,0.0,0.0,0.0
708.92,0.021,0.0,0.0,0.0,0.91,0,0.0,0.0,0.0
708.96,0.021,0.0,0.0,0.0,0.91,0,0.0,0.0,0.0
709.02,0.021,0.0,0.0,0.0,0.91,0,0.0,0.0,0.0
709.06,0.021,0.0,0.0,0.0,0.91,0,0.0,0.0,0.0
709.12,0.021,0.0,0.0,0.0,0.91,0,0.0,0.0,0.0
709.16,0.021,0.0,0.0,0.0,0.91,0,0.0,0.0,0.0
709.22,0.021,0.0,0.0,0.0,0.91,0,0.0,0.0,0.0
709.28,0.021,0.0,0.0,0.0,0.91,0,0.0,0.0,0.0
709.32,0.021,0.0,0.0,0.0,0.91,0,0.0,0.0,0.0
709.38,0.021,0.0,0.0,0.0,0.91,0,0.0,0.0,0.0
709.42,0.021,0.0,0.0,0.0,0.91,0,0.0,0.0,0.0
709.48,0.021,0.0,0.0,0.0,0.91,0,0.0,0.0,0.0
709.52,0.021,0.0,0.0,0.0,0.91,0,0.0,0.0,0.0
709.58,0.021,0.0,0.0,0.0,0.91,0,0.0,0.0,0.0
709.62,0.021,0.0,0.0,0.0,0.91,0,0.0,0.0,0.0
709.68,0.021,0.0,0.0,0.0,0.91,0,0.0,0.0,0.0
709.72,0.021,0.0,0.0,0.0,0.91,0,0.0,0.0,0.0
709.78,0.021,0.0,0.0,0.0,0.91,0,0.0,0.0,0.0
709.82,0.021,0.0,0.0,0.0,0.91,0,0.0,0.0,0.0
709.88,0.021,0.0,0.0,0.0,0.91,0,0.0,0.0,0.0
709.94,0.021,0.0,0.0,0.0,0.91,0,0.0,0.0,0.0
710.0,0.021,0.0,0.0,0.0,0.91,0,0.0,0.0,0.0
710.04,0.021,0.0,0.0,0.0,0.91,0,0.0,0.0,0.0
710.1,0.021,0.0,0.0,0.0,0.91,0,0.0,0.0,0.0
710.14,0.021,0.0,0.0,0.0,0.91,0,0.0,0.0,0.0
710.2,0.021,0.0,0.0,0.0,0.91,0,0.0,0.0,0.0
710.24,0.021,0.0,0.0,0.0,0.91,0,0.0,0.0,0.0
710.3,0.021,0.0,0.0,0.0,0.91,0,0.0,0.0,0.0
710.34,0.021,0.0,0.0,0.0,0.91,0,0.0,0.0,0.0
710.4,0.021,0.0,0.0,0.0,0.91,0,0.0,0.0,0.0
710.46,0.021,0.0,0.0,0.0,0.91,0,0.0,0.0,0.0
710.5,0.021,0.0,0.0,0.0,0.91,0,0.0,0.0,0.0
710.56,0.021,0.0,0.0,0.0,0.91,0,0.0,0.0,0.0
710.62,0.021,0.0,0.0,0.0,0.91,0,0.0,0.0,0.0
710.66,0.021,0.0,0.0,0.0,0.91,0,0.0,0.0,0.0
710.72,0.021,0.0,0.0,0.0,0.91,0,0.0,0.0,0.0
710.76,0.021,0.0,0.0,0.0,0.91,0,0.0,0.0,0.0
710.82,0.021,0.0,0.0,0.0,0.91,0,0.0,0.0,0.0
710.88,0.021,0.0,0.0,0.0,0.91,0,0.0,0.0,0.0
710.92,0.021,0.0,0.0,0.0,0.91,0,0.0,0.0,0.0
710.98,0.021,0.0,0.0,0.0,0.91,0,0.0,0.0,0.0
711.02,0.021,0.0,0.0,0.0,0.91,0,0.0,0.0,0.0
711.08,0.021,0.0,0.0,0.0,0.91,0,0.0,0.0,0.0
711.12,0.021,0.0,0.0,0.0,0.91,0,0.0,0.0,0.0
711.18,0.021,0.0,0.0,0.0,0.91,0,0.0,0.0,0.0
711.24,0.021,0.0,0.0,0.0,0.91,0,0.0,0.0,0.0
711.28,0.021,0.0,0.0,0.0,0.91,0,0.0,0.0,0.0
711.34,0.021,0.0,0.0,0.0,0.91,0,0.0,0.0,0.0
711.38,0.021,0.0,0.0,0.0,0.91,0,0.0,0.0,0.0
711.44,0.021,0.0,0.0,0.0,0.91,0,0.0,0.0,0.0
711.48,0.021,0.0,0.0,0.0,0.91,0,0.0,0.0,0.0
711.54,0.021,0.0,0.0,0.0,0.91,0,0.0,0.0,0.0
711.58,0.021,0.0,0.0,0.0,0.91,0,0.0,0.0,0.0
711.64,0.021,0.0,0.0,0.0,0.91,0,0.0,0.0,0.0
711.68,0.021,0.0,0.0,0.0,0.91,0,0.0,0.0,0.0
711.74,0.021,0.0,0.0,0.0,0.91,0,0.0,0.0,0.0
711.78,0.021,0.0,0.0,0.0,0.91,0,0.0,0.0,0.0
711.84,0.021,0.0,0.0,0.0,0.91,0,0.0,0.0,0.0
711.9,0.021,0.0,0.0,0.0,0.91,0,0.0,0.0,0.0
711.96,0.021,0.0,0.0,0.0,0.91,0,0.0,0.0,0.0
712.0,0.021,0.0,0.0,0.0,0.91,0,0.0,0.0,0.0
712.06,0.021,0.0,0.0,0.0,0.91,0,0.0,0.0,0.0
712.1,0.021,0.0,0.0,0.0,0.91,0,0.0,0.0,0.0
712.16,0.021,0.0,0.0,0.0,0.91,0,0.0,0.0,0.0
712.2,0.021,0.0,0.0,0.0,0.91,0,0.0,0.0,0.0
712.24,0.021,0.0,0.0,0.0,0.91,0,0.0,0.0,0.0
712.32,0.021,0.0,0.0,0.0,0.91,0,0.0,0.0,0.0
712.36,0.021,0.0,0.0,0.0,0.91,0,0.0,0.0,0.0
712.42,0.021,0.0,0.0,0.0,0.91,0,0.0,0.0,0.0
712.46,0.021,0.0,0.0,0.0,0.91,0,0.0,0.0,0.0
712.52,0.021,0.0,0.0,0.0,0.91,0,0.0,0.0,0.0
712.56,0.021,0.0,0.0,0.0,0.91,0,0.0,0.0,0.0
712.62,0.021,0.0,0.0,0.0,0.91,0,0.0,0.0,0.0
712.66,0.021,0.0,0.0,0.0,0.91,0,0.0,0.0,0.0
712.72,0.021,0.0,0.0,0.0,0.91,0,0.0,0.0,0.0
712.76,0.021,0.0,0.0,0.0,0.91,0,0.0,0.0,0.0
712.82,0.021,0.0,0.0,0.0,0.91,0,0.0,0.0,0.0
712.88,0.021,0.0,0.0,0.0,0.91,0,0.0,0.0,0.0
712.92,0.021,0.0,0.0,0.0,0.91,0,0.0,0.0,0.0
712.98,0.021,0.0,0.0,0.0,0.91,0,0.0,0.0,0.0
713.02,0.021,0.0,0.0,0.0,0.91,0,0.0,0.0,0.0
713.08,0.021,0.0,0.0,0.0,0.91,0,0.0,0.0,0.0
713.12,0.021,0.0,0.0,0.0,0.91,0,0.0,0.0,0.0
713.18,0.021,0.0,0.0,0.0,0.91,0,0.0,0.0,0.0
713.22,0.021,0.0,0.0,0.0,0.91,0,0.0,0.0,0.0
713.28,0.021,0.0,0.0,0.0,0.91,0,0.0,0.0,0.0
713.32,0.021,0.0,0.0,0.0,0.91,0,0.0,0.0,0.0
713.38,0.021,0.0,0.0,0.0,0.91,0,0.0,0.0,0.0
713.42,0.021,0.0,0.0,0.0,0.91,0,0.0,0.0,0.0
713.48,0.021,0.0,0.0,0.0,0.91,0,0.0,0.0,0.0
713.54,0.021,0.0,0.0,0.0,0.91,0,0.0,0.0,0.0
713.58,0.021,0.0,0.0,0.0,0.91,0,0.0,0.0,0.0
713.64,0.021,0.0,0.0,0.0,0.91,0,0.0,0.0,0.0
713.68,0.021,0.0,0.0,0.0,0.91,0,0.0,0.0,0.0
713.72,0.021,0.0,0.0,0.0,0.91,0,0.0,0.0,0.0
713.78,0.021,0.0,0.0,0.0,0.91,0,0.0,0.0,0.0
713.84,0.021,0.0,0.0,0.0,0.91,0,0.0,0.0,0.0
713.88,0.021,0.0,0.0,0.0,0.91,0,0.0,0.0,0.0
713.94,0.021,0.0,0.0,0.0,0.91,0,0.0,0.0,0.0
713.98,0.021,0.0,0.0,0.0,0.91,0,0.0,0.0,0.0
714.04,0.021,0.0,0.0,0.0,0.91,0,0.0,0.0,0.0
714.08,0.021,0.0,0.0,0.0,0.91,0,0.0,0.0,0.0
714.14,0.021,0.0,0.0,0.0,0.91,0,0.0,0.0,0.0
714.2,0.021,0.0,0.0,0.0,0.91,0,0.0,0.0,0.0
714.24,0.021,0.0,0.0,0.0,0.91,0,0.0,0.0,0.0
714.3,0.021,0.0,0.0,0.0,0.91,0,0.0,0.0,0.0
714.34,0.021,0.0,0.0,0.0,0.91,0,0.0,0.0,0.0
714.4,0.021,0.0,0.0,0.0,0.91,0,0.0,0.0,0.0
714.44,0.021,0.0,0.0,0.0,0.91,0,0.0,0.0,0.0
714.5,0.021,0.0,0.0,0.0,0.91,0,0.0,0.0,0.0
714.56,0.021,0.0,0.0,0.0,0.91,0,0.0,0.0,0.0
714.6,0.021,0.0,0.0,0.0,0.91,0,0.0,0.0,0.0
714.66,0.021,0.0,0.0,0.0,0.91,0,0.0,0.0,0.0
714.7,0.021,0.0,0.0,0.0,0.91,0,0.0,0.0,0.0
714.76,0.021,0.0,0.0,0.0,0.91,0,0.0,0.0,0.0
714.8,0.021,0.0,0.0,0.0,0.91,0,0.0,0.0,0.0
714.86,0.021,0.0,0.0,0.0,0.91,0,0.0,0.0,0.0
714.92,0.021,0.0,0.0,0.0,0.91,0,0.0,0.0,0.0
714.96,0.021,0.0,0.0,0.0,0.91,0,0.0,0.0,0.0
715.02,0.021,0.0,0.0,0.0,0.91,0,0.0,0.0,0.0
715.06,0.021,0.0,0.0,0.0,0.91,0,0.0,0.0,0.0
715.12,0.021,0.0,0.0,0.0,0.91,0,0.0,0.0,0.0
715.16,0.021,0.0,0.0,0.0,0.91,0,0.0,0.0,0.0
715.22,0.021,0.0,0.0,0.0,0.91,0,0.0,0.0,0.0
715.26,0.021,0.0,0.0,0.0,0.91,0,0.0,0.0,0.0
715.32,0.021,0.0,0.0,0.0,0.91,0,0.0,0.0,0.0
715.36,0.021,0.0,0.0,0.0,0.91,0,0.0,0.0,0.0
715.42,0.021,0.0,0.0,0.0,0.91,0,0.0,0.0,0.0
715.46,0.021,0.0,0.0,0.0,0.91,0,0.0,0.0,0.0
715.52,0.021,0.0,0.0,0.0,0.91,0,0.0,0.0,0.0
715.58,0.021,0.0,0.0,0.0,0.91,0,0.0,0.0,0.0
715.62,0.021,0.0,0.0,0.0,0.91,0,0.0,0.0,0.0
715.68,0.021,0.0,0.0,0.0,0.91,0,0.0,0.0,0.0
715.72,0.021,0.0,0.0,0.0,0.91,0,0.0,0.0,0.0
715.78,0.021,0.0,0.0,0.0,0.91,0,0.0,0.0,0.0
715.84,0.021,0.0,0.0,0.0,0.91,0,0.0,0.0,0.0
715.88,0.021,0.0,0.0,0.0,0.91,0,0.0,0.0,0.0
715.94,0.021,0.0,0.0,0.0,0.91,0,0.0,0.0,0.0
715.98,0.021,0.0,0.0,0.0,0.91,0,0.0,0.0,0.0
716.04,0.021,0.0,0.0,0.0,0.91,0,0.0,0.0,0.0
716.08,0.021,0.0,0.0,0.0,0.91,0,0.0,0.0,0.0
716.14,0.021,0.0,0.0,0.0,0.91,0,0.0,0.0,0.0
716.2,0.021,0.0,0.0,0.0,0.91,0,0.0,0.0,0.0
716.24,0.021,0.0,0.0,0.0,0.91,0,0.0,0.0,0.0
716.3,0.021,0.0,0.0,0.0,0.91,0,0.0,0.0,0.0
716.34,0.021,0.0,0.0,0.0,0.91,0,0.0,0.0,0.0
716.4,0.021,0.0,0.0,0.0,0.91,0,0.0,0.0,0.0
716.44,0.021,0.0,0.0,0.0,0.91,0,0.0,0.0,0.0
716.5,0.021,0.0,0.0,0.0,0.91,0,0.0,0.0,0.0
716.56,0.021,0.0,0.0,0.0,0.91,0,0.0,0.0,0.0
716.62,0.021,0.0,0.0,0.0,0.91,0,0.0,0.0,0.0
716.66,0.021,0.0,0.0,0.0,0.91,0,0.0,0.0,0.0
716.72,0.021,0.0,0.0,0.0,0.91,0,0.0,0.0,0.0
716.76,0.021,0.0,0.0,0.0,0.91,0,0.0,0.0,0.0
716.82,0.021,0.0,0.0,0.0,0.91,0,0.0,0.0,0.0
716.88,0.021,0.0,0.0,0.0,0.91,0,0.0,0.0,0.0
716.92,0.021,0.0,0.0,0.0,0.91,0,0.0,0.0,0.0
716.98,0.021,0.0,0.0,0.0,0.91,0,0.0,0.0,0.0
717.02,0.021,0.0,0.0,0.0,0.91,0,0.0,0.0,0.0
717.08,0.021,0.0,0.0,0.0,0.91,0,0.0,0.0,0.0
717.12,0.021,0.0,0.0,0.0,0.91,0,0.0,0.0,0.0
717.18,0.021,0.0,0.0,0.0,0.91,0,0.0,0.0,0.0
717.22,0.021,0.0,0.0,0.0,0.91,0,0.0,0.0,0.0
717.28,0.021,0.0,0.0,0.0,0.91,0,0.0,0.0,0.0
717.34,0.021,0.0,0.0,0.0,0.91,0,0.0,0.0,0.0
717.4,0.021,0.0,0.0,0.0,0.91,0,0.0,0.0,0.0
717.44,0.021,0.0,0.0,0.0,0.91,0,0.0,0.0,0.0
717.5,0.021,0.0,0.0,0.0,0.91,0,0.0,0.0,0.0
717.54,0.021,0.0,0.0,0.0,0.91,0,0.0,0.0,0.0
717.6,0.021,0.0,0.0,0.0,0.91,0,0.0,0.0,0.0
717.64,0.021,0.0,0.0,0.0,0.91,0,0.0,0.0,0.0
717.7,0.021,0.0,0.0,0.0,0.91,0,0.0,0.0,0.0
717.76,0.021,0.0,0.0,0.0,0.91,0,0.0,0.0,0.0
717.8,0.021,0.0,0.0,0.0,0.91,0,0.0,0.0,0.0
717.86,0.021,0.0,0.0,0.0,0.91,0,0.0,0.0,0.0
717.9,0.021,0.0,0.0,0.0,0.91,0,0.0,0.0,0.0
717.96,0.021,0.0,0.0,0.0,0.91,0,0.0,0.0,0.0
718.0,0.021,0.0,0.0,0.0,0.91,0,0.0,0.0,0.0
718.06,0.021,0.0,0.0,0.0,0.91,0,0.0,0.0,0.0
718.1,0.021,0.0,0.0,0.0,0.91,0,0.0,0.0,0.0
718.16,0.021,0.0,0.0,0.0,0.91,0,0.0,0.0,0.0
718.2,0.021,0.0,0.0,0.0,0.91,0,0.0,0.0,0.0
718.26,0.021,0.0,0.0,0.0,0.91,0,0.0,0.0,0.0
718.3,0.021,0.0,0.0,0.0,0.91,0,0.0,0.0,0.0
718.36,0.021,0.0,0.0,0.0,0.91,0,0.0,0.0,0.0
718.42,0.021,0.0,0.0,0.0,0.91,0,0.0,0.0,0.0
718.48,0.021,0.0,0.0,0.0,0.91,0,0.0,0.0,0.0
718.52,0.021,0.0,0.0,0.0,0.91,0,0.0,0.0,0.0
718.58,0.021,0.0,0.0,0.0,0.91,0,0.0,0.0,0.0
718.62,0.021,0.0,0.0,0.0,0.91,0,0.0,0.0,0.0
718.68,0.021,0.0,0.0,0.0,0.91,0,0.0,0.0,0.0
718.72,0.021,0.0,0.0,0.0,0.91,0,0.0,0.0,0.0
718.78,0.021,0.0,0.0,0.0,0.91,0,0.0,0.0,0.0
718.82,0.021,0.0,0.0,0.0,0.91,0,0.0,0.0,0.0
718.88,0.021,0.0,0.0,0.0,0.91,0,0.0,0.0,0.0
718.92,0.021,0.0,0.0,0.0,0.91,0,0.0,0.0,0.0
718.98,0.021,0.0,0.0,0.0,0.91,0,0.0,0.0,0.0
719.04,0.021,0.0,0.0,0.0,0.91,0,0.0,0.0,0.0
719.08,0.021,0.0,0.0,0.0,0.91,0,0.0,0.0,0.0
719.14,0.021,0.0,0.0,0.0,0.91,0,0.0,0.0,0.0
719.18,0.021,0.0,0.0,0.0,0.91,0,0.0,0.0,0.0
719.22,0.021,0.0,0.0,0.0,0.91,0,0.0,0.0,0.0
719.28,0.021,0.0,0.0,0.0,0.91,0,0.0,0.0,0.0
719.34,0.021,0.0,0.0,0.0,0.91,0,0.0,0.0,0.0
719.38,0.021,0.0,0.0,0.0,0.91,0,0.0,0.0,0.0
719.44,0.021,0.0,0.0,0.0,0.91,0,0.0,0.0,0.0
719.48,0.021,0.0,0.0,0.0,0.91,0,0.0,0.0,0.0
719.54,0.021,0.0,0.0,0.0,0.91,0,0.0,0.0,0.0
719.58,0.021,0.0,0.0,0.0,0.91,0,0.0,0.0,0.0
719.64,0.021,0.0,0.0,0.0,0.91,0,0.0,0.0,0.0
719.68,0.021,0.0,0.0,0.0,0.91,0,0.0,0.0,0.0
719.74,0.021,0.0,0.0,0.0,0.91,0,0.0,0.0,0.0
719.78,0.021,0.0,0.0,0.0,0.91,0,0.0,0.0,0.0
719.84,0.021,0.0,0.0,0.0,0.91,0,0.0,0.0,0.0
719.9,0.021,0.0,0.0,0.0,0.91,0,0.0,0.0,0.0
719.94,0.021,0.0,0.0,0.0,0.91,0,0.0,0.0,0.0
720.0,0.021,0.0,0.0,0.0,0.91,0,0.0,0.0,0.0
720.04,0.021,0.0,0.0,0.0,0.91,0,0.0,0.0,0.0
720.1,0.021,0.0,0.0,0.0,0.91,0,0.0,0.0,0.0
720.14,0.021,0.0,0.0,0.0,0.91,0,0.0,0.0,0.0
720.2,0.021,0.0,0.0,0.0,0.91,0,0.0,0.0,0.0
720.24,0.021,0.0,0.0,0.0,0.91,0,0.0,0.0,0.0
720.3,0.021,0.0,0.0,0.0,0.91,0,0.0,0.0,0.0
720.34,0.021,0.0,0.0,0.0,0.91,0,0.0,0.0,0.0
720.4,0.021,0.0,0.0,0.0,0.91,0,0.0,0.0,0.0
720.44,0.021,0.0,0.0,0.0,0.91,0,0.0,0.0,0.0
720.5,0.021,0.0,0.0,0.0,0.91,0,0.0,0.0,0.0
720.56,0.021,0.0,0.0,0.0,0.91,0,0.0,0.0,0.0
720.6,0.021,0.0,0.0,0.0,0.91,0,0.0,0.0,0.0
720.66,0.021,0.0,0.0,0.0,0.91,0,0.0,0.0,0.0
720.7,0.021,0.0,0.0,0.0,0.91,0,0.0,0.0,0.0
720.76,0.021,0.0,0.0,0.0,0.91,0,0.0,0.0,0.0
720.8,0.021,0.0,0.0,0.0,0.91,0,0.0,0.0,0.0
720.86,0.021,0.0,0.0,0.0,0.91,0,0.0,0.0,0.0
720.9,0.021,0.0,0.0,0.0,0.91,0,0.0,0.0,0.0
720.96,0.021,0.0,0.0,0.0,0.91,0,0.0,0.0,0.0
721.0,0.021,0.0,0.0,0.0,0.91,0,0.0,0.0,0.0
721.06,0.021,0.0,0.0,0.0,0.91,0,0.0,0.0,0.0
721.12,0.021,0.0,0.0,0.0,0.91,0,0.0,0.0,0.0
721.18,0.021,0.0,0.0,0.0,0.91,0,0.0,0.0,0.0
721.24,0.021,0.0,0.0,0.0,0.91,0,0.0,0.0,0.0
721.28,0.021,0.0,0.0,0.0,0.91,0,0.0,0.0,0.0
721.34,0.021,0.0,0.0,0.0,0.91,0,0.0,0.0,0.0
721.38,0.021,0.0,0.0,0.0,0.91,0,0.0,0.0,0.0
721.44,0.021,0.0,0.0,0.0,0.91,0,0.0,0.0,0.0
721.48,0.021,0.0,0.0,0.0,0.91,0,0.0,0.0,0.0
721.54,0.021,0.0,0.0,0.0,0.91,0,0.0,0.0,0.0
721.6,0.021,0.0,0.0,0.0,0.91,0,0.0,0.0,0.0
721.66,0.021,0.0,0.0,0.0,0.91,0,0.0,0.0,0.0
721.7,0.021,0.0,0.0,0.0,0.91,0,0.0,0.0,0.0
721.76,0.021,0.0,0.0,0.0,0.91,0,0.0,0.0,0.0
721.8,0.021,0.0,0.0,0.0,0.91,0,0.0,0.0,0.0
721.86,0.021,0.0,0.0,0.0,0.91,0,0.0,0.0,0.0
721.9,0.021,0.0,0.0,0.0,0.91,0,0.0,0.0,0.0
721.96,0.021,0.0,0.0,0.0,0.91,0,0.0,0.0,0.0
722.0,0.021,0.0,0.0,0.0,0.91,0,0.0,0.0,0.0
722.06,0.021,0.0,0.0,0.0,0.91,0,0.0,0.0,0.0
722.1,0.021,0.0,0.0,0.0,0.91,0,0.0,0.0,0.0
722.16,0.021,0.0,0.0,0.0,0.91,0,0.0,0.0,0.0
722.22,0.021,0.0,0.0,0.0,0.91,0,0.0,0.0,0.0
722.26,0.021,0.0,0.0,0.0,0.91,0,0.0,0.0,0.0
722.32,0.021,0.0,0.0,0.0,0.91,0,0.0,0.0,0.0
722.36,0.021,0.0,0.0,0.0,0.91,0,0.0,0.0,0.0
722.42,0.021,0.0,0.0,0.0,0.91,0,0.0,0.0,0.0
722.46,0.021,0.0,0.0,0.0,0.91,0,0.0,0.0,0.0
722.52,0.021,0.0,0.0,0.0,0.91,0,0.0,0.0,0.0
722.58,0.021,0.0,0.0,0.0,0.91,0,0.0,0.0,0.0
722.62,0.021,0.0,0.0,0.0,0.91,0,0.0,0.0,0.0
722.68,0.021,0.0,0.0,0.0,0.91,0,0.0,0.0,0.0
722.72,0.021,0.0,0.0,0.0,0.91,0,0.0,0.0,0.0
722.78,0.021,0.0,0.0,0.0,0.91,0,0.0,0.0,0.0
722.82,0.021,0.0,0.0,0.0,0.91,0,0.0,0.0,0.0
722.88,0.021,0.0,0.0,0.0,0.91,0,0.0,0.0,0.0
722.92,0.021,0.0,0.0,0.0,0.91,0,0.0,0.0,0.0
722.98,0.021,0.0,0.0,0.0,0.91,0,0.0,0.0,0.0
723.02,0.021,0.0,0.0,0.0,0.91,0,0.0,0.0,0.0
723.08,0.021,0.0,0.0,0.0,0.91,0,0.0,0.0,0.0
723.14,0.021,0.0,0.0,0.0,0.91,0,0.0,0.0,0.0
723.18,0.021,0.0,0.0,0.0,0.91,0,0.0,0.0,0.0
723.24,0.021,0.0,0.0,0.0,0.91,0,0.0,0.0,0.0
723.28,0.021,0.0,0.0,0.0,0.91,0,0.0,0.0,0.0
723.34,0.021,0.0,0.0,0.0,0.91,0,0.0,0.0,0.0
723.38,0.021,0.0,0.0,0.0,0.91,0,0.0,0.0,0.0
723.44,0.021,0.0,0.0,0.0,0.91,0,0.0,0.0,0.0
723.48,0.021,0.0,0.0,0.0,0.91,0,0.0,0.0,0.0
723.54,0.021,0.0,0.0,0.0,0.91,0,0.0,0.0,0.0
723.58,0.021,0.0,0.0,0.0,0.91,0,0.0,0.0,0.0
723.64,0.021,0.0,0.0,0.0,0.91,0,0.0,0.0,0.0
723.7,0.021,0.0,0.0,0.0,0.91,0,0.0,0.0,0.0
723.74,0.021,0.0,0.0,0.0,0.91,0,0.0,0.0,0.0
723.8,0.021,0.0,0.0,0.0,0.91,0,0.0,0.0,0.0
723.84,0.021,0.0,0.0,0.0,0.91,0,0.0,0.0,0.0
723.88,0.021,0.0,0.0,0.0,0.91,0,0.0,0.0,0.0
723.96,0.021,0.0,0.0,0.0,0.91,0,0.0,0.0,0.0
724.0,0.021,0.0,0.0,0.0,0.91,0,0.0,0.0,0.0
724.06,0.021,0.0,0.0,0.0,0.91,0,0.0,0.0,0.0
724.12,0.021,0.0,0.0,0.0,0.91,0,0.0,0.0,0.0
724.16,0.021,0.0,0.0,0.0,0.91,0,0.0,0.0,0.0
724.22,0.021,0.0,0.0,0.0,0.91,0,0.0,0.0,0.0
724.26,0.021,0.0,0.0,0.0,0.91,0,0.0,0.0,0.0
724.32,0.021,0.0,0.0,0.0,0.91,0,0.0,0.0,0.0
724.36,0.021,0.0,0.0,0.0,0.91,0,0.0,0.0,0.0
724.42,0.021,0.0,0.0,0.0,0.91,0,0.0,0.0,0.0
724.48,0.021,0.0,0.0,0.0,0.91,0,0.0,0.0,0.0
724.52,0.021,0.0,0.0,0.0,0.91,0,0.0,0.0,0.0
724.58,0.021,0.0,0.0,0.0,0.91,0,0.0,0.0,0.0
724.62,0.021,0.0,0.0,0.0,0.91,0,0.0,0.0,0.0
724.68,0.021,0.0,0.0,0.0,0.91,0,0.0,0.0,0.0
724.74,0.021,0.0,0.0,0.0,0.91,0,0.0,0.0,0.0
724.78,0.021,0.0,0.0,0.0,0.91,0,0.0,0.0,0.0
724.84,0.021,0.0,0.0,0.0,0.91,0,0.0,0.0,0.0
724.88,0.021,0.0,0.0,0.0,0.91,0,0.0,0.0,0.0
724.94,0.021,0.0,0.0,0.0,0.91,0,0.0,0.0,0.0
724.98,0.021,0.0,0.0,0.0,0.91,0,0.0,0.0,0.0
725.04,0.021,0.0,0.0,0.0,0.91,0,0.0,0.0,0.0
725.08,0.021,0.0,0.0,0.0,0.91,0,0.0,0.0,0.0
725.14,0.021,0.0,0.0,0.0,0.91,0,0.0,0.0,0.0
725.18,0.021,0.0,0.0,0.0,0.91,0,0.0,0.0,0.0
725.24,0.021,0.0,0.0,0.0,0.91,0,0.0,0.0,0.0
725.28,0.021,0.0,0.0,0.0,0.91,0,0.0,0.0,0.0
725.34,0.021,0.0,0.0,0.0,0.91,0,0.0,0.0,0.0
725.4,0.021,0.0,0.0,0.0,0.91,0,0.0,0.0,0.0
725.44,0.021,0.0,0.0,0.0,0.91,0,0.0,0.0,0.0
725.5,0.021,0.0,0.0,0.0,0.91,0,0.0,0.0,0.0
725.54,0.021,0.0,0.0,0.0,0.91,0,0.0,0.0,0.0
725.6,0.021,0.0,0.0,0.0,0.91,0,0.0,0.0,0.0
725.64,0.021,0.0,0.0,0.0,0.91,0,0.0,0.0,0.0
725.7,0.021,0.0,0.0,0.0,0.91,0,0.0,0.0,0.0
725.74,0.021,0.0,0.0,0.0,0.91,0,0.0,0.0,0.0
725.8,0.021,0.0,0.0,0.0,0.91,0,0.0,0.0,0.0
725.86,0.021,0.0,0.0,0.0,0.91,0,0.0,0.0,0.0
725.9,0.021,0.0,0.0,0.0,0.91,0,0.0,0.0,0.0
725.96,0.021,0.0,0.0,0.0,0.91,0,0.0,0.0,0.0
726.0,0.021,0.0,0.0,0.0,0.91,0,0.0,0.0,0.0
726.06,0.021,0.0,0.0,0.0,0.91,0,0.0,0.0,0.0
726.1,0.021,0.0,0.0,0.0,0.91,0,0.0,0.0,0.0
726.16,0.021,0.0,0.0,0.0,0.91,0,0.0,0.0,0.0
726.22,0.021,0.0,0.0,0.0,0.91,0,0.0,0.0,0.0
726.28,0.021,0.0,0.0,0.0,0.91,0,0.0,0.0,0.0
726.32,0.021,0.0,0.0,0.0,0.91,0,0.0,0.0,0.0
726.38,0.021,0.0,0.0,0.0,0.91,0,0.0,0.0,0.0
726.42,0.021,0.0,0.0,0.0,0.91,0,0.0,0.0,0.0
726.48,0.021,0.0,0.0,0.0,0.91,0,0.0,0.0,0.0
726.52,0.021,0.0,0.0,0.0,0.91,0,0.0,0.0,0.0
726.58,0.021,0.0,0.0,0.0,0.91,0,0.0,0.0,0.0
726.62,0.021,0.0,0.0,0.0,0.91,0,0.0,0.0,0.0
726.68,0.021,0.0,0.0,0.0,0.91,0,0.0,0.0,0.0
726.72,0.021,0.0,0.0,0.0,0.91,0,0.0,0.0,0.0
726.78,0.021,0.0,0.0,0.0,0.91,0,0.0,0.0,0.0
726.82,0.021,0.0,0.0,0.0,0.91,0,0.0,0.0,0.0
726.88,0.021,0.0,0.0,0.0,0.91,0,0.0,0.0,0.0
726.94,0.021,0.0,0.0,0.0,0.91,0,0.0,0.0,0.0
726.98,0.021,0.0,0.0,0.0,0.91,0,0.0,0.0,0.0
727.04,0.021,0.0,0.0,0.0,0.91,0,0.0,0.0,0.0
727.08,0.021,0.0,0.0,0.0,0.91,0,0.0,0.0,0.0
727.12,0.021,0.0,0.0,0.0,0.91,0,0.0,0.0,0.0
727.18,0.021,0.0,0.0,0.0,0.91,0,0.0,0.0,0.0
727.24,0.021,0.0,0.0,0.0,0.91,0,0.0,0.0,0.0
727.28,0.021,0.0,0.0,0.0,0.91,0,0.0,0.0,0.0
727.34,0.021,0.0,0.0,0.0,0.91,0,0.0,0.0,0.0
727.38,0.021,0.0,0.0,0.0,0.91,0,0.0,0.0,0.0
727.44,0.021,0.0,0.0,0.0,0.91,0,0.0,0.0,0.0
727.48,0.021,0.0,0.0,0.0,0.91,0,0.0,0.0,0.0
727.54,0.021,0.0,0.0,0.0,0.91,0,0.0,0.0,0.0
727.6,0.021,0.0,0.0,0.0,0.91,0,0.0,0.0,0.0
727.64,0.021,0.0,0.0,0.0,0.91,0,0.0,0.0,0.0
727.7,0.021,0.0,0.0,0.0,0.91,0,0.0,0.0,0.0
727.74,0.021,0.0,0.0,0.0,0.91,0,0.0,0.0,0.0
727.8,0.021,0.0,0.0,0.0,0.91,0,0.0,0.0,0.0
727.84,0.021,0.0,0.0,0.0,0.91,0,0.0,0.0,0.0
727.9,0.021,0.0,0.0,0.0,0.91,0,0.0,0.0,0.0
727.94,0.021,0.0,0.0,0.0,0.91,0,0.0,0.0,0.0
728.0,0.021,0.0,0.0,0.0,0.91,0,0.0,0.0,0.0
728.04,0.021,0.0,0.0,0.0,0.91,0,0.0,0.0,0.0
728.1,0.021,0.0,0.0,0.0,0.91,0,0.0,0.0,0.0
728.14,0.021,0.0,0.0,0.0,0.91,0,0.0,0.0,0.0
728.2,0.021,0.0,0.0,0.0,0.91,0,0.0,0.0,0.0
728.26,0.021,0.0,0.0,0.0,0.91,0,0.0,0.0,0.0
728.32,0.021,0.0,0.0,0.0,0.91,0,0.0,0.0,0.0
728.36,0.021,0.0,0.0,0.0,0.91,0,0.0,0.0,0.0
728.42,0.021,0.0,0.0,0.0,0.91,0,0.0,0.0,0.0
728.46,0.021,0.0,0.0,0.0,0.91,0,0.0,0.0,0.0
728.52,0.021,0.0,0.0,0.0,0.91,0,0.0,0.0,0.0
728.56,0.021,0.0,0.0,0.0,0.91,0,0.0,0.0,0.0
728.62,0.021,0.0,0.0,0.0,0.91,0,0.0,0.0,0.0
728.66,0.021,0.0,0.0,0.0,0.91,0,0.0,0.0,0.0
728.72,0.021,0.0,0.0,0.0,0.91,0,0.0,0.0,0.0
728.76,0.021,0.0,0.0,0.0,0.91,0,0.0,0.0,0.0
728.82,0.021,0.0,0.0,0.0,0.91,0,0.0,0.0,0.0
728.86,0.021,0.0,0.0,0.0,0.91,0,0.0,0.0,0.0
728.92,0.021,0.0,0.0,0.0,0.91,0,0.0,0.0,0.0
728.98,0.021,0.0,0.0,0.0,0.91,0,0.0,0.0,0.0
729.02,0.021,0.0,0.0,0.0,0.91,0,0.0,0.0,0.0
729.08,0.021,0.0,0.0,0.0,0.91,0,0.0,0.0,0.0
729.12,0.021,0.0,0.0,0.0,0.91,0,0.0,0.0,0.0
729.18,0.021,0.0,0.0,0.0,0.91,0,0.0,0.0,0.0
729.22,0.021,0.0,0.0,0.0,0.91,0,0.0,0.0,0.0
729.28,0.021,0.0,0.0,0.0,0.91,0,0.0,0.0,0.0
729.32,0.021,0.0,0.0,0.0,0.91,0,0.0,0.0,0.0
729.38,0.021,0.0,0.0,0.0,0.91,0,0.0,0.0,0.0
729.42,0.021,0.0,0.0,0.0,0.91,0,0.0,0.0,0.0
729.48,0.021,0.0,0.0,0.0,0.91,0,0.0,0.0,0.0
729.54,0.021,0.0,0.0,0.0,0.91,0,0.0,0.0,0.0
729.58,0.021,0.0,0.0,0.0,0.91,0,0.0,0.0,0.0
729.64,0.021,0.0,0.0,0.0,0.91,0,0.0,0.0,0.0
729.68,0.021,0.0,0.0,0.0,0.91,0,0.0,0.0,0.0
729.74,0.021,0.0,0.0,0.0,0.91,0,0.0,0.0,0.0
729.78,0.021,0.0,0.0,0.0,0.91,0,0.0,0.0,0.0
729.84,0.021,0.0,0.0,0.0,0.91,0,0.0,0.0,0.0
729.9,0.021,0.0,0.0,0.0,0.91,0,0.0,0.0,0.0
729.94,0.021,0.0,0.0,0.0,0.91,0,0.0,0.0,0.0
730.0,0.021,0.0,0.0,0.0,0.91,0,0.0,0.0,0.0
730.04,0.021,0.0,0.0,0.0,0.91,0,0.0,0.0,0.0
730.1,0.021,0.0,0.0,0.0,0.91,0,0.0,0.0,0.0
730.14,0.021,0.0,0.0,0.0,0.91,0,0.0,0.0,0.0
730.2,0.021,0.0,0.0,0.0,0.91,0,0.0,0.0,0.0
730.26,0.021,0.0,0.0,0.0,0.91,0,0.0,0.0,0.0
730.3,0.021,0.0,0.0,0.0,0.91,0,0.0,0.0,0.0
730.36,0.021,0.0,0.0,0.0,0.91,0,0.0,0.0,0.0
730.4,0.021,0.0,0.0,0.0,0.91,0,0.0,0.0,0.0
730.46,0.021,0.0,0.0,0.0,0.91,0,0.0,0.0,0.0
730.52,0.021,0.0,0.0,0.0,0.91,0,0.0,0.0,0.0
730.56,0.021,0.0,0.0,0.0,0.91,0,0.0,0.0,0.0
730.62,0.021,0.0,0.0,0.0,0.91,0,0.0,0.0,0.0
730.66,0.021,0.0,0.0,0.0,0.91,0,0.0,0.0,0.0
730.72,0.021,0.0,0.0,0.0,0.91,0,0.0,0.0,0.0
730.78,0.021,0.0,0.0,0.0,0.91,0,0.0,0.0,0.0
730.82,0.021,0.0,0.0,0.0,0.91,0,0.0,0.0,0.0
730.88,0.021,0.0,0.0,0.0,0.91,0,0.0,0.0,0.0
730.92,0.021,0.0,0.0,0.0,0.91,0,0.0,0.0,0.0
730.98,0.021,0.0,0.0,0.0,0.91,0,0.0,0.0,0.0
731.02,0.021,0.0,0.0,0.0,0.91,0,0.0,0.0,0.0
731.08,0.021,0.0,0.0,0.0,0.91,0,0.0,0.0,0.0
731.12,0.021,0.0,0.0,0.0,0.91,0,0.0,0.0,0.0
731.18,0.021,0.0,0.0,0.0,0.91,0,0.0,0.0,0.0
731.22,0.021,0.0,0.0,0.0,0.91,0,0.0,0.0,0.0
731.28,0.021,0.0,0.0,0.0,0.91,0,0.0,0.0,0.0
731.32,0.021,0.0,0.0,0.0,0.91,0,0.0,0.0,0.0
731.38,0.021,0.0,0.0,0.0,0.91,0,0.0,0.0,0.0
731.44,0.021,0.0,0.0,0.0,0.91,0,0.0,0.0,0.0
731.48,0.021,0.0,0.0,0.0,0.91,0,0.0,0.0,0.0
731.54,0.021,0.0,0.0,0.0,0.91,0,0.0,0.0,0.0
731.58,0.021,0.0,0.0,0.0,0.91,0,0.0,0.0,0.0
731.64,0.021,0.0,0.0,0.0,0.91,0,0.0,0.0,0.0
731.68,0.021,0.0,0.0,0.0,0.91,0,0.0,0.0,0.0
731.74,0.021,0.0,0.0,0.0,0.91,0,0.0,0.0,0.0
731.8,0.021,0.0,0.0,0.0,0.91,0,0.0,0.0,0.0
731.84,0.021,0.0,0.0,0.0,0.91,0,0.0,0.0,0.0
731.9,0.021,0.0,0.0,0.0,0.91,0,0.0,0.0,0.0
731.94,0.021,0.0,0.0,0.0,0.91,0,0.0,0.0,0.0
732.0,0.021,0.0,0.0,0.0,0.91,0,0.0,0.0,0.0
732.04,0.021,0.0,0.0,0.0,0.91,0,0.0,0.0,0.0
732.1,0.021,0.0,0.0,0.0,0.91,0,0.0,0.0,0.0
732.16,0.021,0.0,0.0,0.0,0.91,0,0.0,0.0,0.0
732.2,0.021,0.0,0.0,0.0,0.91,0,0.0,0.0,0.0
732.26,0.021,0.0,0.0,0.0,0.91,0,0.0,0.0,0.0
732.3,0.021,0.0,0.0,0.0,0.91,0,0.0,0.0,0.0
732.36,0.021,0.0,0.0,0.0,0.91,0,0.0,0.0,0.0
732.4,0.021,0.0,0.0,0.0,0.91,0,0.0,0.0,0.0
732.46,0.021,0.0,0.0,0.0,0.91,0,0.0,0.0,0.0
732.5,0.021,0.0,0.0,0.0,0.91,0,0.0,0.0,0.0
732.56,0.021,0.0,0.0,0.0,0.91,0,0.0,0.0,0.0
732.62,0.021,0.0,0.0,0.0,0.91,0,0.0,0.0,0.0
732.66,0.021,0.0,0.0,0.0,0.91,0,0.0,0.0,0.0
732.72,0.021,0.0,0.0,0.0,0.91,0,0.0,0.0,0.0
732.76,0.021,0.0,0.0,0.0,0.91,0,0.0,0.0,0.0
732.8,0.021,0.0,0.0,0.0,0.91,0,0.0,0.0,0.0
732.88,0.021,0.0,0.0,0.0,0.91,0,0.0,0.0,0.0
732.92,0.021,0.0,0.0,0.0,0.91,0,0.0,0.0,0.0
732.98,0.021,0.0,0.0,0.0,0.91,0,0.0,0.0,0.0
733.02,0.021,0.0,0.0,0.0,0.91,0,0.0,0.0,0.0
733.08,0.021,0.0,0.0,0.0,0.91,0,0.0,0.0,0.0
733.12,0.021,0.0,0.0,0.0,0.91,0,0.0,0.0,0.0
733.18,0.021,0.0,0.0,0.0,0.91,0,0.0,0.0,0.0
733.24,0.021,0.0,0.0,0.0,0.91,0,0.0,0.0,0.0
733.28,0.021,0.0,0.0,0.0,0.91,0,0.0,0.0,0.0
733.34,0.021,0.0,0.0,0.0,0.91,0,0.0,0.0,0.0
733.38,0.021,0.0,0.0,0.0,0.91,0,0.0,0.0,0.0
733.44,0.021,0.0,0.0,0.0,0.91,0,0.0,0.0,0.0
733.48,0.021,0.0,0.0,0.0,0.91,0,0.0,0.0,0.0
733.54,0.021,0.0,0.0,0.0,0.91,0,0.0,0.0,0.0
733.6,0.021,0.0,0.0,0.0,0.91,0,0.0,0.0,0.0
733.64,0.021,0.0,0.0,0.0,0.91,0,0.0,0.0,0.0
733.7,0.021,0.0,0.0,0.0,0.91,0,0.0,0.0,0.0
733.74,0.021,0.0,0.0,0.0,0.91,0,0.0,0.0,0.0
733.8,0.021,0.0,0.0,0.0,0.91,0,0.0,0.0,0.0
733.84,0.021,0.0,0.0,0.0,0.91,0,0.0,0.0,0.0
733.9,0.021,0.0,0.0,0.0,0.91,0,0.0,0.0,0.0
733.94,0.021,0.0,0.0,0.0,0.91,0,0.0,0.0,0.0
734.0,0.021,0.0,0.0,0.0,0.91,0,0.0,0.0,0.0
734.06,0.021,0.0,0.0,0.0,0.91,0,0.0,0.0,0.0
734.12,0.021,0.0,0.0,0.0,0.91,0,0.0,0.0,0.0
734.18,0.021,0.0,0.0,0.0,0.91,0,0.0,0.0,0.0
734.22,0.021,0.0,0.0,0.0,0.91,0,0.0,0.0,0.0
734.28,0.021,0.0,0.0,0.0,0.91,0,0.0,0.0,0.0
734.32,0.021,0.0,0.0,0.0,0.91,0,0.0,0.0,0.0
734.38,0.021,0.0,0.0,0.0,0.91,0,0.0,0.0,0.0
734.44,0.021,0.0,0.0,0.0,0.91,0,0.0,0.0,0.0
734.5,0.021,0.0,0.0,0.0,0.91,0,0.0,0.0,0.0
734.54,0.021,0.0,0.0,0.0,0.91,0,0.0,0.0,0.0
734.6,0.021,0.0,0.0,0.0,0.91,0,0.0,0.0,0.0
734.64,0.021,0.0,0.0,0.0,0.91,0,0.0,0.0,0.0
734.7,0.021,0.0,0.0,0.0,0.91,0,0.0,0.0,0.0
734.74,0.021,0.0,0.0,0.0,0.91,0,0.0,0.0,0.0
734.8,0.021,0.0,0.0,0.0,0.91,0,0.0,0.0,0.0
734.86,0.021,0.0,0.0,0.0,0.91,0,0.0,0.0,0.0
734.9,0.021,0.0,0.0,0.0,0.91,0,0.0,0.0,0.0
734.96,0.021,0.0,0.0,0.0,0.91,0,0.0,0.0,0.0
735.0,0.021,0.0,0.0,0.0,0.91,0,0.0,0.0,0.0
735.06,0.021,0.0,0.0,0.0,0.91,0,0.0,0.0,0.0
735.1,0.021,0.0,0.0,0.0,0.91,0,0.0,0.0,0.0
735.16,0.021,0.0,0.0,0.0,0.91,0,0.0,0.0,0.0
735.2,0.021,0.0,0.0,0.0,0.91,0,0.0,0.0,0.0
735.26,0.021,0.0,0.0,0.0,0.91,0,0.0,0.0,0.0
735.3,0.021,0.0,0.0,0.0,0.91,0,0.0,0.0,0.0
735.36,0.021,0.0,0.0,0.0,0.91,0,0.0,0.0,0.0
735.42,0.021,0.0,0.0,0.0,0.91,0,0.0,0.0,0.0
735.46,0.021,0.0,0.0,0.0,0.91,0,0.0,0.0,0.0
735.52,0.021,0.0,0.0,0.0,0.91,0,0.0,0.0,0.0
735.56,0.021,0.0,0.0,0.0,0.91,0,0.0,0.0,0.0
735.62,0.021,0.0,0.0,0.0,0.91,0,0.0,0.0,0.0
735.66,0.021,0.0,0.0,0.0,0.91,0,0.0,0.0,0.0
735.72,0.021,0.0,0.0,0.0,0.91,0,0.0,0.0,0.0
735.78,0.021,0.0,0.0,0.0,0.91,0,0.0,0.0,0.0
735.82,0.021,0.0,0.0,0.0,0.91,0,0.0,0.0,0.0
735.88,0.021,0.0,0.0,0.0,0.91,0,0.0,0.0,0.0
735.92,0.021,0.0,0.0,0.0,0.91,0,0.0,0.0,0.0
735.98,0.021,0.0,0.0,0.0,0.91,0,0.0,0.0,0.0
736.02,0.021,0.0,0.0,0.0,0.91,0,0.0,0.0,0.0
736.08,0.021,0.0,0.0,0.0,0.91,0,0.0,0.0,0.0
736.12,0.021,0.0,0.0,0.0,0.91,0,0.0,0.0,0.0
736.18,0.021,0.0,0.0,0.0,0.91,0,0.0,0.0,0.0
736.22,0.021,0.0,0.0,0.0,0.91,0,0.0,0.0,0.0
736.28,0.021,0.0,0.0,0.0,0.91,0,0.0,0.0,0.0
736.34,0.021,0.0,0.0,0.0,0.91,0,0.0,0.0,0.0
736.4,0.021,0.0,0.0,0.0,0.91,0,0.0,0.0,0.0
736.44,0.021,0.0,0.0,0.0,0.91,0,0.0,0.0,0.0
736.5,0.021,0.0,0.0,0.0,0.91,0,0.0,0.0,0.0
736.54,0.021,0.0,0.0,0.0,0.91,0,0.0,0.0,0.0
736.6,0.021,0.0,0.0,0.0,0.91,0,0.0,0.0,0.0
736.64,0.021,0.0,0.0,0.0,0.91,0,0.0,0.0,0.0
736.7,0.021,0.0,0.0,0.0,0.91,0,0.0,0.0,0.0
736.76,0.021,0.0,0.0,0.0,0.91,0,0.0,0.0,0.0
736.8,0.021,0.0,0.0,0.0,0.91,0,0.0,0.0,0.0
736.86,0.021,0.0,0.0,0.0,0.91,0,0.0,0.0,0.0
736.92,0.021,0.0,0.0,0.0,0.91,0,0.0,0.0,0.0
736.96,0.021,0.0,0.0,0.0,0.91,0,0.0,0.0,0.0
737.02,0.021,0.0,0.0,0.0,0.91,0,0.0,0.0,0.0
737.06,0.021,0.0,0.0,0.0,0.91,0,0.0,0.0,0.0
737.12,0.021,0.0,0.0,0.0,0.91,0,0.0,0.0,0.0
737.16,0.021,0.0,0.0,0.0,0.91,0,0.0,0.0,0.0
737.22,0.021,0.0,0.0,0.0,0.91,0,0.0,0.0,0.0
737.28,0.021,0.0,0.0,0.0,0.91,0,0.0,0.0,0.0
737.32,0.021,0.0,0.0,0.0,0.91,0,0.0,0.0,0.0
737.38,0.021,0.0,0.0,0.0,0.91,0,0.0,0.0,0.0
737.42,0.021,0.0,0.0,0.0,0.91,0,0.0,0.0,0.0
737.48,0.021,0.0,0.0,0.0,0.91,0,0.0,0.0,0.0
737.52,0.021,0.0,0.0,0.0,0.91,0,0.0,0.0,0.0
737.58,0.021,0.0,0.0,0.0,0.91,0,0.0,0.0,0.0
737.62,0.021,0.0,0.0,0.0,0.91,0,0.0,0.0,0.0
737.68,0.021,0.0,0.0,0.0,0.91,0,0.0,0.0,0.0
737.72,0.021,0.0,0.0,0.0,0.91,0,0.0,0.0,0.0
737.78,0.021,0.0,0.0,0.0,0.91,0,0.0,0.0,0.0
737.82,0.021,0.0,0.0,0.0,0.91,0,0.0,0.0,0.0
737.88,0.021,0.0,0.0,0.0,0.91,0,0.0,0.0,0.0
737.94,0.021,0.0,0.0,0.0,0.91,0,0.0,0.0,0.0
737.98,0.021,0.0,0.0,0.0,0.91,0,0.0,0.0,0.0
738.04,0.021,0.0,0.0,0.0,0.91,0,0.0,0.0,0.0
738.08,0.021,0.0,0.0,0.0,0.91,0,0.0,0.0,0.0
738.14,0.021,0.0,0.0,0.0,0.91,0,0.0,0.0,0.0
738.18,0.021,0.0,0.0,0.0,0.91,0,0.0,0.0,0.0
738.24,0.021,0.0,0.0,0.0,0.91,0,0.0,0.0,0.0
738.3,0.021,0.0,0.0,0.0,0.91,0,0.0,0.0,0.0
738.34,0.021,0.0,0.0,0.0,0.91,0,0.0,0.0,0.0
738.4,0.021,0.0,0.0,0.0,0.91,0,0.0,0.0,0.0
738.44,0.021,0.0,0.0,0.0,0.91,0,0.0,0.0,0.0
738.5,0.021,0.0,0.0,0.0,0.91,0,0.0,0.0,0.0
738.56,0.021,0.0,0.0,0.0,0.91,0,0.0,0.0,0.0
738.6,0.021,0.0,0.0,0.0,0.91,0,0.0,0.0,0.0
738.66,0.021,0.0,0.0,0.0,0.91,0,0.0,0.0,0.0
738.7,0.021,0.0,0.0,0.0,0.91,0,0.0,0.0,0.0
738.76,0.021,0.0,0.0,0.0,0.91,0,0.0,0.0,0.0
738.8,0.021,0.0,0.0,0.0,0.91,0,0.0,0.0,0.0
738.86,0.021,0.0,0.0,0.0,0.91,0,0.0,0.0,0.0
738.9,0.021,0.0,0.0,0.0,0.91,0,0.0,0.0,0.0
738.96,0.021,0.0,0.0,0.0,0.91,0,0.0,0.0,0.0
739.0,0.021,0.0,0.0,0.0,0.91,0,0.0,0.0,0.0
739.06,0.021,0.0,0.0,0.0,0.91,0,0.0,0.0,0.0
739.1,0.021,0.0,0.0,0.0,0.91,0,0.0,0.0,0.0
739.16,0.021,0.0,0.0,0.0,0.91,0,0.0,0.0,0.0
739.22,0.021,0.0,0.0,0.0,0.91,0,0.0,0.0,0.0
739.26,0.021,0.0,0.0,0.0,0.91,0,0.0,0.0,0.0
739.32,0.021,0.0,0.0,0.0,0.91,0,0.0,0.0,0.0
739.36,0.021,0.0,0.0,0.0,0.91,0,0.0,0.0,0.0
739.42,0.021,0.0,0.0,0.0,0.91,0,0.0,0.0,0.0
739.46,0.021,0.0,0.0,0.0,0.91,0,0.0,0.0,0.0
739.52,0.021,0.0,0.0,0.0,0.91,0,0.0,0.0,0.0
739.56,0.021,0.0,0.0,0.0,0.91,0,0.0,0.0,0.0
739.62,0.021,0.0,0.0,0.0,0.91,0,0.0,0.0,0.0
739.66,0.021,0.0,0.0,0.0,0.91,0,0.0,0.0,0.0
739.72,0.021,0.0,0.0,0.0,0.91,0,0.0,0.0,0.0
739.76,0.021,0.0,0.0,0.0,0.91,0,0.0,0.0,0.0
739.82,0.021,0.0,0.0,0.0,0.91,0,0.0,0.0,0.0
739.86,0.021,0.0,0.0,0.0,0.91,0,0.0,0.0,0.0
739.92,0.021,0.0,0.0,0.0,0.91,0,0.0,0.0,0.0
739.96,0.021,0.0,0.0,0.0,0.91,0,0.0,0.0,0.0
740.02,0.021,0.0,0.0,0.0,0.91,0,0.0,0.0,0.0
740.08,0.021,0.0,0.0,0.0,0.91,0,0.0,0.0,0.0
740.12,0.021,0.0,0.0,0.0,0.91,0,0.0,0.0,0.0
740.16,0.021,0.0,0.0,0.0,0.91,0,0.0,0.0,0.0
740.22,0.021,0.0,0.0,0.0,0.91,0,0.0,0.0,0.0
740.28,0.021,0.0,0.0,0.0,0.91,0,0.0,0.0,0.0
740.32,0.021,0.0,0.0,0.0,0.91,0,0.0,0.0,0.0
740.38,0.021,0.0,0.0,0.0,0.91,0,0.0,0.0,0.0
740.42,0.021,0.0,0.0,0.0,0.91,0,0.0,0.0,0.0
740.48,0.021,0.0,0.0,0.0,0.91,0,0.0,0.0,0.0
740.54,0.021,0.0,0.0,0.0,0.91,0,0.0,0.0,0.0
740.58,0.021,0.0,0.0,0.0,0.91,0,0.0,0.0,0.0
740.6,0.021,0.0,0.0,0.0,0.91,0,0.0,0.0,0.0
740.6,0.021,0.0,0.0,0.0,0.91,0,0.0,0.0,0.0
740.7,0.021,0.0,0.0,0.0,0.91,0,0.0,0.0,0.0
740.74,0.021,0.0,0.0,0.0,0.91,0,0.0,0.0,0.0
740.8,0.021,0.0,0.0,0.0,0.91,0,0.0,0.0,0.0
740.84,0.021,0.0,0.0,0.0,0.91,0,0.0,0.0,0.0
740.9,0.021,0.0,0.0,0.0,0.91,0,0.0,0.0,0.0
740.94,0.021,0.0,0.0,0.0,0.91,0,0.0,0.0,0.0
741.0,0.021,0.0,0.0,0.0,0.91,0,0.0,0.0,0.0
741.06,0.021,0.0,0.0,0.0,0.91,0,0.0,0.0,0.0
741.12,0.021,0.0,0.0,0.0,0.91,0,0.0,0.0,0.0
741.18,0.021,0.0,0.0,0.0,0.91,0,0.0,0.0,0.0
741.24,0.021,0.0,0.0,0.0,0.91,0,0.0,0.0,0.0
741.3,0.021,0.0,0.0,0.0,0.91,0,0.0,0.0,0.0
741.34,0.021,0.0,0.0,0.0,0.91,0,0.0,0.0,0.0
741.4,0.021,0.0,0.0,0.0,0.91,0,0.0,0.0,0.0
741.46,0.021,0.0,0.0,0.0,0.91,0,0.0,0.0,0.0
741.52,0.021,0.0,0.0,0.0,0.91,0,0.0,0.0,0.0
741.58,0.021,0.0,0.0,0.0,0.91,0,0.0,0.0,0.0
741.64,0.021,0.0,0.0,0.0,0.91,0,0.0,0.0,0.0
741.68,0.021,0.0,0.0,0.0,0.91,0,0.0,0.0,0.0
741.74,0.021,0.0,0.0,0.0,0.91,0,0.0,0.0,0.0
741.8,0.021,0.0,0.0,0.0,0.91,0,0.0,0.0,0.0
741.84,0.021,0.0,0.0,0.0,0.91,0,0.0,0.0,0.0
741.9,0.021,0.0,0.0,0.0,0.91,0,0.0,0.0,0.0
741.94,0.021,0.0,0.0,0.0,0.91,0,0.0,0.0,0.0
742.0,0.021,0.0,0.0,0.0,0.91,0,0.0,0.0,0.0
742.04,0.021,0.0,0.0,0.0,0.91,0,0.0,0.0,0.0
742.1,0.021,0.0,0.0,0.0,0.91,0,0.0,0.0,0.0
742.16,0.021,0.0,0.0,0.0,0.91,0,0.0,0.0,0.0
742.2,0.021,0.0,0.0,0.0,0.91,0,0.0,0.0,0.0
742.26,0.021,0.0,0.0,0.0,0.91,0,0.0,0.0,0.0
742.3,0.021,0.0,0.0,0.0,0.91,0,0.0,0.0,0.0
742.36,0.021,0.0,0.0,0.0,0.91,0,0.0,0.0,0.0
742.4,0.021,0.0,0.0,0.0,0.91,0,0.0,0.0,0.0
742.46,0.021,0.0,0.0,0.0,0.91,0,0.0,0.0,0.0
742.52,0.021,0.0,0.0,0.0,0.91,0,0.0,0.0,0.0
742.56,0.021,0.0,0.0,0.0,0.91,0,0.0,0.0,0.0
742.62,0.021,0.0,0.0,0.0,0.91,0,0.0,0.0,0.0
742.66,0.021,0.0,0.0,0.0,0.91,0,0.0,0.0,0.0
742.72,0.021,0.0,0.0,0.0,0.91,0,0.0,0.0,0.0
742.76,0.021,0.0,0.0,0.0,0.91,0,0.0,0.0,0.0
742.82,0.021,0.0,0.0,0.0,0.91,0,0.0,0.0,0.0
742.86,0.021,0.0,0.0,0.0,0.91,0,0.0,0.0,0.0
742.92,0.021,0.0,0.0,0.0,0.91,0,0.0,0.0,0.0
742.96,0.021,0.0,0.0,0.0,0.91,0,0.0,0.0,0.0
743.02,0.021,0.0,0.0,0.0,0.91,0,0.0,0.0,0.0
743.08,0.021,0.0,0.0,0.0,0.91,0,0.0,0.0,0.0
743.14,0.021,0.0,0.0,0.0,0.91,0,0.0,0.0,0.0
743.18,0.021,0.0,0.0,0.0,0.91,0,0.0,0.0,0.0
743.24,0.021,0.0,0.0,0.0,0.91,0,0.0,0.0,0.0
743.28,0.021,0.0,0.0,0.0,0.91,0,0.0,0.0,0.0
743.34,0.021,0.0,0.0,0.0,0.91,0,0.0,0.0,0.0
743.38,0.021,0.0,0.0,0.0,0.91,0,0.0,0.0,0.0
743.44,0.021,0.0,0.0,0.0,0.91,0,0.0,0.0,0.0
743.48,0.021,0.0,0.0,0.0,0.91,0,0.0,0.0,0.0
743.54,0.021,0.0,0.0,0.0,0.91,0,0.0,0.0,0.0
743.58,0.021,0.0,0.0,0.0,0.91,0,0.0,0.0,0.0
743.64,0.021,0.0,0.0,0.0,0.91,0,0.0,0.0,0.0
743.7,0.021,0.0,0.0,0.0,0.91,0,0.0,0.0,0.0
743.76,0.021,0.0,0.0,0.0,0.91,0,0.0,0.0,0.0
743.8,0.021,0.0,0.0,0.0,0.91,0,0.0,0.0,0.0
743.86,0.021,0.0,0.0,0.0,0.91,0,0.0,0.0,0.0
743.9,0.021,0.0,0.0,0.0,0.91,0,0.0,0.0,0.0
743.96,0.021,0.0,0.0,0.0,0.91,0,0.0,0.0,0.0
744.0,0.021,0.0,0.0,0.0,0.91,0,0.0,0.0,0.0
744.06,0.021,0.0,0.0,0.0,0.91,0,0.0,0.0,0.0
744.1,0.021,0.0,0.0,0.0,0.91,0,0.0,0.0,0.0
744.16,0.021,0.0,0.0,0.0,0.91,0,0.0,0.0,0.0
744.2,0.021,0.0,0.0,0.0,0.91,0,0.0,0.0,0.0
744.26,0.021,0.0,0.0,0.0,0.91,0,0.0,0.0,0.0
744.32,0.021,0.0,0.0,0.0,0.91,0,0.0,0.0,0.0
744.38,0.021,0.0,0.0,0.0,0.91,0,0.0,0.0,0.0
744.42,0.021,0.0,0.0,0.0,0.91,0,0.0,0.0,0.0
744.48,0.021,0.0,0.0,0.0,0.91,0,0.0,0.0,0.0
744.52,0.021,0.0,0.0,0.0,0.91,0,0.0,0.0,0.0
744.58,0.021,0.0,0.0,0.0,0.91,0,0.0,0.0,0.0
744.62,0.021,0.0,0.0,0.0,0.91,0,0.0,0.0,0.0
744.68,0.021,0.0,0.0,0.0,0.91,0,0.0,0.0,0.0
744.72,0.021,0.0,0.0,0.0,0.91,0,0.0,0.0,0.0
744.78,0.021,0.0,0.0,0.0,0.91,0,0.0,0.0,0.0
744.84,0.021,0.0,0.0,0.0,0.91,0,0.0,0.0,0.0
744.88,0.021,0.0,0.0,0.0,0.91,0,0.0,0.0,0.0
744.94,0.021,0.0,0.0,0.0,0.91,0,0.0,0.0,0.0
744.98,0.021,0.0,0.0,0.0,0.91,0,0.0,0.0,0.0
745.04,0.021,0.0,0.0,0.0,0.91,0,0.0,0.0,0.0
745.08,0.021,0.0,0.0,0.0,0.91,0,0.0,0.0,0.0
745.14,0.021,0.0,0.0,0.0,0.91,0,0.0,0.0,0.0
745.2,0.021,0.0,0.0,0.0,0.91,0,0.0,0.0,0.0
745.24,0.021,0.0,0.0,0.0,0.91,0,0.0,0.0,0.0
745.3,0.021,0.0,0.0,0.0,0.91,0,0.0,0.0,0.0
745.36,0.021,0.0,0.0,0.0,0.91,0,0.0,0.0,0.0
745.42,0.021,0.0,0.0,0.0,0.91,0,0.0,0.0,0.0
745.48,0.021,0.0,0.0,0.0,0.91,0,0.0,0.0,0.0
745.52,0.021,0.0,0.0,0.0,0.91,0,0.0,0.0,0.0
745.58,0.021,0.0,0.0,0.0,0.91,0,0.0,0.0,0.0
745.64,0.021,0.0,0.0,0.0,0.91,0,0.0,0.0,0.0
745.7,0.021,0.0,0.0,0.0,0.91,0,0.0,0.0,0.0
745.74,0.021,0.0,0.0,0.0,0.91,0,0.0,0.0,0.0
745.8,0.021,0.0,0.0,0.0,0.91,0,0.0,0.0,0.0
745.84,0.021,0.0,0.0,0.0,0.91,0,0.0,0.0,0.0
745.9,0.021,0.0,0.0,0.0,0.91,0,0.0,0.0,0.0
745.94,0.021,0.0,0.0,0.0,0.91,0,0.0,0.0,0.0
746.0,0.021,0.0,0.0,0.0,0.91,0,0.0,0.0,0.0
746.06,0.021,0.0,0.0,0.0,0.91,0,0.0,0.0,0.0
746.12,0.021,0.0,0.0,0.0,0.91,0,0.0,0.0,0.0
746.18,0.021,0.0,0.0,0.0,0.91,0,0.0,0.0,0.0
746.24,0.021,0.0,0.0,0.0,0.91,0,0.0,0.0,0.0
746.3,0.021,0.0,0.0,0.0,0.91,0,0.0,0.0,0.0
746.36,0.021,0.0,0.0,0.0,0.91,0,0.0,0.0,0.0
746.4,0.021,0.0,0.0,0.0,0.91,0,0.0,0.0,0.0
746.46,0.021,0.0,0.0,0.0,0.91,0,0.0,0.0,0.0
746.5,0.021,0.0,0.0,0.0,0.91,0,0.0,0.0,0.0
746.56,0.021,0.0,0.0,0.0,0.91,0,0.0,0.0,0.0
746.6,0.021,0.0,0.0,0.0,0.91,0,0.0,0.0,0.0
746.66,0.021,0.0,0.0,0.0,0.91,0,0.0,0.0,0.0
746.72,0.021,0.0,0.0,0.0,0.91,0,0.0,0.0,0.0
746.78,0.021,0.0,0.0,0.0,0.91,0,0.0,0.0,0.0
746.82,0.021,0.0,0.0,0.0,0.91,0,0.0,0.0,0.0
746.88,0.021,0.0,0.0,0.0,0.91,0,0.0,0.0,0.0
746.92,0.021,0.0,0.0,0.0,0.91,0,0.0,0.0,0.0
746.98,0.021,0.0,0.0,0.0,0.91,0,0.0,0.0,0.0
747.02,0.021,0.0,0.0,0.0,0.91,0,0.0,0.0,0.0
747.08,0.021,0.0,0.0,0.0,0.91,0,0.0,0.0,0.0
747.14,0.021,0.0,0.0,0.0,0.91,0,0.0,0.0,0.0
747.18,0.021,0.0,0.0,0.0,0.91,0,0.0,0.0,0.0
747.24,0.021,0.0,0.0,0.0,0.91,0,0.0,0.0,0.0
747.28,0.021,0.0,0.0,0.0,0.91,0,0.0,0.0,0.0
747.34,0.021,0.0,0.0,0.0,0.91,0,0.0,0.0,0.0
747.38,0.021,0.0,0.0,0.0,0.91,0,0.0,0.0,0.0
747.44,0.021,0.0,0.0,0.0,0.91,0,0.0,0.0,0.0
747.48,0.021,0.0,0.0,0.0,0.91,0,0.0,0.0,0.0
747.54,0.021,0.0,0.0,0.0,0.91,0,0.0,0.0,0.0
747.6,0.021,0.0,0.0,0.0,0.91,0,0.0,0.0,0.0
747.64,0.021,0.0,0.0,0.0,0.91,0,0.0,0.0,0.0
747.7,0.021,0.0,0.0,0.0,0.91,0,0.0,0.0,0.0
747.74,0.021,0.0,0.0,0.0,0.91,0,0.0,0.0,0.0
747.8,0.021,0.0,0.0,0.0,0.91,0,0.0,0.0,0.0
747.84,0.021,0.0,0.0,0.0,0.91,0,0.0,0.0,0.0
747.9,0.021,0.0,0.0,0.0,0.91,0,0.0,0.0,0.0
747.94,0.021,0.0,0.0,0.0,0.91,0,0.0,0.0,0.0
748.0,0.021,0.0,0.0,0.0,0.91,0,0.0,0.0,0.0
748.04,0.021,0.0,0.0,0.0,0.91,0,0.0,0.0,0.0
748.1,0.021,0.0,0.0,0.0,0.91,0,0.0,0.0,0.0
748.14,0.021,0.0,0.0,0.0,0.91,0,0.0,0.0,0.0
748.2,0.021,0.0,0.0,0.0,0.91,0,0.0,0.0,0.0
748.26,0.021,0.0,0.0,0.0,0.91,0,0.0,0.0,0.0
748.32,0.021,0.0,0.0,0.0,0.91,0,0.0,0.0,0.0
748.36,0.021,0.0,0.0,0.0,0.91,0,0.0,0.0,0.0
748.42,0.021,0.0,0.0,0.0,0.91,0,0.0,0.0,0.0
748.46,0.021,0.0,0.0,0.0,0.91,0,0.0,0.0,0.0
748.52,0.021,0.0,0.0,0.0,0.91,0,0.0,0.0,0.0
748.56,0.021,0.0,0.0,0.0,0.91,0,0.0,0.0,0.0
748.62,0.021,0.0,0.0,0.0,0.91,0,0.0,0.0,0.0
748.68,0.021,0.0,0.0,0.0,0.91,0,0.0,0.0,0.0
748.74,0.021,0.0,0.0,0.0,0.91,0,0.0,0.0,0.0
748.78,0.021,0.0,0.0,0.0,0.91,0,0.0,0.0,0.0
748.84,0.021,0.0,0.0,0.0,0.91,0,0.0,0.0,0.0
748.88,0.021,0.0,0.0,0.0,0.91,0,0.0,0.0,0.0
748.94,0.021,0.0,0.0,0.0,0.91,0,0.0,0.0,0.0
748.98,0.021,0.0,0.0,0.0,0.91,0,0.0,0.0,0.0
749.04,0.021,0.0,0.0,0.0,0.91,0,0.0,0.0,0.0
749.1,0.021,0.0,0.0,0.0,0.91,0,0.0,0.0,0.0
749.14,0.021,0.0,0.0,0.0,0.91,0,0.0,0.0,0.0
749.2,0.021,0.0,0.0,0.0,0.91,0,0.0,0.0,0.0
749.24,0.021,0.0,0.0,0.0,0.91,0,0.0,0.0,0.0
749.3,0.021,0.0,0.0,0.0,0.91,0,0.0,0.0,0.0
749.34,0.021,0.0,0.0,0.0,0.91,0,0.0,0.0,0.0
749.4,0.021,0.0,0.0,0.0,0.91,0,0.0,0.0,0.0
749.44,0.021,0.0,0.0,0.0,0.91,0,0.0,0.0,0.0
749.5,0.021,0.0,0.0,0.0,0.91,0,0.0,0.0,0.0
749.54,0.021,0.0,0.0,0.0,0.91,0,0.0,0.0,0.0
749.6,0.021,0.0,0.0,0.0,0.91,0,0.0,0.0,0.0
749.64,0.021,0.0,0.0,0.0,0.91,0,0.0,0.0,0.0
749.7,0.021,0.0,0.0,0.0,0.91,0,0.0,0.0,0.0
749.76,0.021,0.0,0.0,0.0,0.91,0,0.0,0.0,0.0
749.8,0.021,0.0,0.0,0.0,0.91,0,0.0,0.0,0.0
749.86,0.021,0.0,0.0,0.0,0.91,0,0.0,0.0,0.0
749.9,0.021,0.0,0.0,0.0,0.91,0,0.0,0.0,0.0
749.96,0.021,0.0,0.0,0.0,0.91,0,0.0,0.0,0.0
750.0,0.021,0.0,0.0,0.0,0.91,0,0.0,0.0,0.0
750.06,0.021,0.0,0.0,0.0,0.91,0,0.0,0.0,0.0
750.1,0.021,0.0,0.0,0.0,0.91,0,0.0,0.0,0.0
750.16,0.021,0.0,0.0,0.0,0.91,0,0.0,0.0,0.0
750.2,0.021,0.0,0.0,0.0,0.91,0,0.0,0.0,0.0
750.26,0.021,0.0,0.0,0.0,0.91,0,0.0,0.0,0.0
750.3,0.021,0.0,0.0,0.0,0.91,0,0.0,0.0,0.0
750.36,0.021,0.0,0.0,0.0,0.91,0,0.0,0.0,0.0
750.42,0.021,0.0,0.0,0.0,0.91,0,0.0,0.0,0.0
750.46,0.021,0.0,0.0,0.0,0.91,0,0.0,0.0,0.0
750.5,0.021,0.0,0.0,0.0,0.91,0,0.0,0.0,0.0
750.56,0.021,0.0,0.0,0.0,0.91,0,0.0,0.0,0.0
750.6,0.021,0.0,0.0,0.0,0.91,0,0.0,0.0,0.0
750.66,0.021,0.0,0.0,0.0,0.91,0,0.0,0.0,0.0
750.7,0.021,0.0,0.0,0.0,0.91,0,0.0,0.0,0.0
750.76,0.021,0.0,0.0,0.0,0.91,0,0.0,0.0,0.0
750.8,0.021,0.0,0.0,0.0,0.91,0,0.0,0.0,0.0
750.86,0.021,0.0,0.0,0.0,0.91,0,0.0,0.0,0.0
750.92,0.021,0.0,0.0,0.0,0.91,0,0.0,0.0,0.0
750.96,0.021,0.0,0.0,0.0,0.91,0,0.0,0.0,0.0
751.02,0.021,0.0,0.0,0.0,0.91,0,0.0,0.0,0.0
751.08,0.021,0.0,0.0,0.0,0.91,0,0.0,0.0,0.0
751.12,0.021,0.0,0.0,0.0,0.91,0,0.0,0.0,0.0
751.18,0.021,0.0,0.0,0.0,0.91,0,0.0,0.0,0.0
751.24,0.021,0.0,0.0,0.0,0.91,0,0.0,0.0,0.0
751.28,0.021,0.0,0.0,0.0,0.91,0,0.0,0.0,0.0
751.34,0.021,0.0,0.0,0.0,0.91,0,0.0,0.0,0.0
751.38,0.021,0.0,0.0,0.0,0.91,0,0.0,0.0,0.0
751.44,0.021,0.0,0.0,0.0,0.91,0,0.0,0.0,0.0
751.48,0.021,0.0,0.0,0.0,0.91,0,0.0,0.0,0.0
751.54,0.021,0.0,0.0,0.0,0.91,0,0.0,0.0,0.0
751.58,0.021,0.0,0.0,0.0,0.91,0,0.0,0.0,0.0
751.64,0.021,0.0,0.0,0.0,0.91,0,0.0,0.0,0.0
751.68,0.021,0.0,0.0,0.0,0.91,0,0.0,0.0,0.0
751.74,0.021,0.0,0.0,0.0,0.91,0,0.0,0.0,0.0
751.78,0.021,0.0,0.0,0.0,0.91,0,0.0,0.0,0.0
751.84,0.021,0.0,0.0,0.0,0.91,0,0.0,0.0,0.0
751.88,0.021,0.0,0.0,0.0,0.91,0,0.0,0.0,0.0
751.94,0.021,0.0,0.0,0.0,0.91,0,0.0,0.0,0.0
752.0,0.021,0.0,0.0,0.0,0.91,0,0.0,0.0,0.0
752.04,0.021,0.0,0.0,0.0,0.91,0,0.0,0.0,0.0
752.08,0.021,0.0,0.0,0.0,0.91,0,0.0,0.0,0.0
752.14,0.021,0.0,0.0,0.0,0.91,0,0.0,0.0,0.0
752.18,0.021,0.0,0.0,0.0,0.91,0,0.0,0.0,0.0
752.24,0.021,0.0,0.0,0.0,0.91,0,0.0,0.0,0.0
752.3,0.021,0.0,0.0,0.0,0.91,0,0.0,0.0,0.0
752.34,0.021,0.0,0.0,0.0,0.91,0,0.0,0.0,0.0
752.4,0.021,0.0,0.0,0.0,0.91,0,0.0,0.0,0.0
752.46,0.021,0.0,0.0,0.0,0.91,0,0.0,0.0,0.0
752.52,0.021,0.0,0.0,0.0,0.91,0,0.0,0.0,0.0
752.56,0.021,0.0,0.0,0.0,0.91,0,0.0,0.0,0.0
752.62,0.021,0.0,0.0,0.0,0.91,0,0.0,0.0,0.0
752.68,0.021,0.0,0.0,0.0,0.91,0,0.0,0.0,0.0
752.72,0.021,0.0,0.0,0.0,0.91,0,0.0,0.0,0.0
752.76,0.021,0.0,0.0,0.0,0.91,0,0.0,0.0,0.0
752.82,0.021,0.0,0.0,0.0,0.91,0,0.0,0.0,0.0
752.86,0.021,0.0,0.0,0.0,0.91,0,0.0,0.0,0.0
752.92,0.021,0.0,0.0,0.0,0.91,0,0.0,0.0,0.0
752.96,0.021,0.0,0.0,0.0,0.91,0,0.0,0.0,0.0
753.02,0.021,0.0,0.0,0.0,0.91,0,0.0,0.0,0.0
753.08,0.021,0.0,0.0,0.0,0.91,0,0.0,0.0,0.0
753.12,0.021,0.0,0.0,0.0,0.91,0,0.0,0.0,0.0
753.18,0.021,0.0,0.0,0.0,0.91,0,0.0,0.0,0.0
753.24,0.021,0.0,0.0,0.0,0.91,0,0.0,0.0,0.0
753.3,0.021,0.0,0.0,0.0,0.91,0,0.0,0.0,0.0
753.34,0.021,0.0,0.0,0.0,0.91,0,0.0,0.0,0.0
753.38,0.021,0.0,0.0,0.0,0.91,0,0.0,0.0,0.0
753.44,0.021,0.0,0.0,0.0,0.91,0,0.0,0.0,0.0
753.48,0.021,0.0,0.0,0.0,0.91,0,0.0,0.0,0.0
753.54,0.021,0.0,0.0,0.0,0.91,0,0.0,0.0,0.0
753.6,0.021,0.0,0.0,0.0,0.91,0,0.0,0.0,0.0
753.64,0.021,0.0,0.0,0.0,0.91,0,0.0,0.0,0.0
753.7,0.021,0.0,0.0,0.0,0.91,0,0.0,0.0,0.0
753.74,0.021,0.0,0.0,0.0,0.91,0,0.0,0.0,0.0
753.8,0.021,0.0,0.0,0.0,0.91,0,0.0,0.0,0.0
753.86,0.021,0.0,0.0,0.0,0.91,0,0.0,0.0,0.0
753.9,0.021,0.0,0.0,0.0,0.91,0,0.0,0.0,0.0
753.94,0.021,0.0,0.0,0.0,0.91,0,0.0,0.0,0.0
754.0,0.021,0.0,0.0,0.0,0.91,0,0.0,0.0,0.0
754.06,0.021,0.0,0.0,0.0,0.91,0,0.0,0.0,0.0
754.1,0.021,0.0,0.0,0.0,0.91,0,0.0,0.0,0.0
754.16,0.021,0.0,0.0,0.0,0.91,0,0.0,0.0,0.0
754.2,0.021,0.0,0.0,0.0,0.91,0,0.0,0.0,0.0
754.24,0.021,0.0,0.0,0.0,0.91,0,0.0,0.0,0.0
754.32,0.021,0.0,0.0,0.0,0.91,0,0.0,0.0,0.0
754.36,0.021,0.0,0.0,0.0,0.91,0,0.0,0.0,0.0
754.42,0.021,0.0,0.0,0.0,0.91,0,0.0,0.0,0.0
754.48,0.021,0.0,0.0,0.0,0.91,0,0.0,0.0,0.0
754.54,0.021,0.0,0.0,0.0,0.91,0,0.0,0.0,0.0
754.6,0.021,0.0,0.0,0.0,0.91,0,0.0,0.0,0.0
754.64,0.021,0.0,0.0,0.0,0.91,0,0.0,0.0,0.0
754.7,0.021,0.0,0.0,0.0,0.91,0,0.0,0.0,0.0
754.74,0.021,0.0,0.0,0.0,0.91,0,0.0,0.0,0.0
754.8,0.021,0.0,0.0,0.0,0.91,0,0.0,0.0,0.0
754.84,0.021,0.0,0.0,0.0,0.91,0,0.0,0.0,0.0
754.9,0.021,0.0,0.0,0.0,0.91,0,0.0,0.0,0.0
754.96,0.021,0.0,0.0,0.0,0.91,0,0.0,0.0,0.0
755.02,0.021,0.0,0.0,0.0,0.91,0,0.0,0.0,0.0
755.08,0.021,0.0,0.0,0.0,0.91,0,0.0,0.0,0.0
755.14,0.021,0.0,0.0,0.0,0.91,0,0.0,0.0,0.0
755.18,0.021,0.0,0.0,0.0,0.91,0,0.0,0.0,0.0
755.24,0.021,0.0,0.0,0.0,0.91,0,0.0,0.0,0.0
755.28,0.021,0.0,0.0,0.0,0.91,0,0.0,0.0,0.0
755.34,0.021,0.0,0.0,0.0,0.91,0,0.0,0.0,0.0
755.4,0.021,0.0,0.0,0.0,0.91,0,0.0,0.0,0.0
755.44,0.021,0.0,0.0,0.0,0.91,0,0.0,0.0,0.0
755.5,0.021,0.0,0.0,0.0,0.91,0,0.0,0.0,0.0
755.54,0.021,0.0,0.0,0.0,0.91,0,0.0,0.0,0.0
755.6,0.021,0.0,0.0,0.0,0.91,0,0.0,0.0,0.0
755.66,0.021,0.0,0.0,0.0,0.91,0,0.0,0.0,0.0
755.72,0.021,0.0,0.0,0.0,0.91,0,0.0,0.0,0.0
755.76,0.021,0.0,0.0,0.0,0.91,0,0.0,0.0,0.0
755.82,0.021,0.0,0.0,0.0,0.91,0,0.0,0.0,0.0
755.86,0.021,0.0,0.0,0.0,0.91,0,0.0,0.0,0.0
755.92,0.021,0.0,0.0,0.0,0.91,0,0.0,0.0,0.0
755.96,0.021,0.0,0.0,0.0,0.91,0,0.0,0.0,0.0
756.02,0.021,0.0,0.0,0.0,0.91,0,0.0,0.0,0.0
756.06,0.021,0.0,0.0,0.0,0.91,0,0.0,0.0,0.0
756.12,0.021,0.0,0.0,0.0,0.91,0,0.0,0.0,0.0
756.16,0.021,0.0,0.0,0.0,0.91,0,0.0,0.0,0.0
756.22,0.021,0.0,0.0,0.0,0.91,0,0.0,0.0,0.0
756.28,0.021,0.0,0.0,0.0,0.91,0,0.0,0.0,0.0
756.34,0.021,0.0,0.0,0.0,0.91,0,0.0,0.0,0.0
756.38,0.021,0.0,0.0,0.0,0.91,0,0.0,0.0,0.0
756.44,0.021,0.0,0.0,0.0,0.91,0,0.0,0.0,0.0
756.48,0.021,0.0,0.0,0.0,0.91,0,0.0,0.0,0.0
756.54,0.021,0.0,0.0,0.0,0.91,0,0.0,0.0,0.0
756.58,0.021,0.0,0.0,0.0,0.91,0,0.0,0.0,0.0
756.64,0.021,0.0,0.0,0.0,0.91,0,0.0,0.0,0.0
756.68,0.021,0.0,0.0,0.0,0.91,0,0.0,0.0,0.0
756.74,0.021,0.0,0.0,0.0,0.91,0,0.0,0.0,0.0
756.78,0.021,0.0,0.0,0.0,0.91,0,0.0,0.0,0.0
756.84,0.021,0.0,0.0,0.0,0.91,0,0.0,0.0,0.0
756.88,0.021,0.0,0.0,0.0,0.91,0,0.0,0.0,0.0
756.94,0.021,0.0,0.0,0.0,0.91,0,0.0,0.0,0.0
756.98,0.021,0.0,0.0,0.0,0.91,0,0.0,0.0,0.0
757.04,0.021,0.0,0.0,0.0,0.91,0,0.0,0.0,0.0
757.1,0.021,0.0,0.0,0.0,0.91,0,0.0,0.0,0.0
757.16,0.021,0.0,0.0,0.0,0.91,0,0.0,0.0,0.0
757.22,0.021,0.0,0.0,0.0,0.91,0,0.0,0.0,0.0
757.26,0.021,0.0,0.0,0.0,0.91,0,0.0,0.0,0.0
757.32,0.021,0.0,0.0,0.0,0.91,0,0.0,0.0,0.0
757.38,0.021,0.0,0.0,0.0,0.91,0,0.0,0.0,0.0
757.44,0.021,0.0,0.0,0.0,0.91,0,0.0,0.0,0.0
757.5,0.021,0.0,0.0,0.0,0.91,0,0.0,0.0,0.0
757.54,0.021,0.0,0.0,0.0,0.91,0,0.0,0.0,0.0
757.6,0.021,0.0,0.0,0.0,0.91,0,0.0,0.0,0.0
757.66,0.021,0.0,0.0,0.0,0.91,0,0.0,0.0,0.0
757.7,0.021,0.0,0.0,0.0,0.91,0,0.0,0.0,0.0
757.76,0.021,0.0,0.0,0.0,0.91,0,0.0,0.0,0.0
757.8,0.021,0.0,0.0,0.0,0.91,0,0.0,0.0,0.0
757.86,0.021,0.0,0.0,0.0,0.91,0,0.0,0.0,0.0
757.9,0.021,0.0,0.0,0.0,0.91,0,0.0,0.0,0.0
757.96,0.021,0.0,0.0,0.0,0.91,0,0.0,0.0,0.0
758.0,0.021,0.0,0.0,0.0,0.91,0,0.0,0.0,0.0
758.06,0.021,0.0,0.0,0.0,0.91,0,0.0,0.0,0.0
758.12,0.021,0.0,0.0,0.0,0.91,0,0.0,0.0,0.0
758.18,0.021,0.0,0.0,0.0,0.91,0,0.0,0.0,0.0
758.24,0.021,0.0,0.0,0.0,0.91,0,0.0,0.0,0.0
758.28,0.021,0.0,0.0,0.0,0.91,0,0.0,0.0,0.0
758.34,0.021,0.0,0.0,0.0,0.91,0,0.0,0.0,0.0
758.4,0.021,0.0,0.0,0.0,0.91,0,0.0,0.0,0.0
758.46,0.021,0.0,0.0,0.0,0.91,0,0.0,0.0,0.0
758.52,0.021,0.0,0.0,0.0,0.91,0,0.0,0.0,0.0
758.58,0.021,0.0,0.0,0.0,0.91,0,0.0,0.0,0.0
758.64,0.021,0.0,0.0,0.0,0.91,0,0.0,0.0,0.0
758.68,0.021,0.0,0.0,0.0,0.91,0,0.0,0.0,0.0
758.74,0.021,0.0,0.0,0.0,0.91,0,0.0,0.0,0.0
758.78,0.021,0.0,0.0,0.0,0.91,0,0.0,0.0,0.0
758.84,0.021,0.0,0.0,0.0,0.91,0,0.0,0.0,0.0
758.9,0.021,0.0,0.0,0.0,0.91,0,0.0,0.0,0.0
758.94,0.021,0.0,0.0,0.0,0.91,0,0.0,0.0,0.0
759.0,0.021,0.0,0.0,0.0,0.91,0,0.0,0.0,0.0
759.06,0.021,0.0,0.0,0.0,0.91,0,0.0,0.0,0.0
759.12,0.021,0.0,0.0,0.0,0.91,0,0.0,0.0,0.0
759.18,0.021,0.0,0.0,0.0,0.91,0,0.0,0.0,0.0
759.24,0.021,0.0,0.0,0.0,0.91,0,0.0,0.0,0.0
759.3,0.021,0.0,0.0,0.0,0.91,0,0.0,0.0,0.0
759.36,0.021,0.0,0.0,0.0,0.91,0,0.0,0.0,0.0
759.4,0.021,0.0,0.0,0.0,0.91,0,0.0,0.0,0.0
759.46,0.021,0.0,0.0,0.0,0.91,0,0.0,0.0,0.0
759.5,0.021,0.0,0.0,0.0,0.91,0,0.0,0.0,0.0
759.56,0.021,0.0,0.0,0.0,0.91,0,0.0,0.0,0.0
759.6,0.021,0.0,0.0,0.0,0.91,0,0.0,0.0,0.0
759.66,0.021,0.0,0.0,0.0,0.91,0,0.0,0.0,0.0
759.7,0.021,0.0,0.0,0.0,0.91,0,0.0,0.0,0.0
759.76,0.021,0.0,0.0,0.0,0.91,0,0.0,0.0,0.0
759.8,0.021,0.0,0.0,0.0,0.91,0,0.0,0.0,0.0
759.86,0.021,0.0,0.0,0.0,0.91,0,0.0,0.0,0.0
759.92,0.021,0.0,0.0,0.0,0.91,0,0.0,0.0,0.0
759.98,0.021,0.0,0.0,0.0,0.91,0,0.0,0.0,0.0
760.04,0.021,0.0,0.0,0.0,0.91,0,0.0,0.0,0.0
760.08,0.021,0.0,0.0,0.0,0.91,0,0.0,0.0,0.0
760.14,0.021,0.0,0.0,0.0,0.91,0,0.0,0.0,0.0
760.18,0.021,0.0,0.0,0.0,0.91,0,0.0,0.0,0.0
760.24,0.021,0.0,0.0,0.0,0.91,0,0.0,0.0,0.0
760.28,0.021,0.0,0.0,0.0,0.91,0,0.0,0.0,0.0
760.34,0.021,0.0,0.0,0.0,0.91,0,0.0,0.0,0.0
760.4,0.021,0.0,0.0,0.0,0.91,0,0.0,0.0,0.0
760.44,0.021,0.0,0.0,0.0,0.91,0,0.0,0.0,0.0
760.5,0.021,0.0,0.0,0.0,0.91,0,0.0,0.0,0.0
760.54,0.021,0.0,0.0,0.0,0.91,0,0.0,0.0,0.0
760.6,0.021,0.0,0.0,0.0,0.91,0,0.0,0.0,0.0
760.66,0.021,0.0,0.0,0.0,0.91,0,0.0,0.0,0.0
760.72,0.021,0.0,0.0,0.0,0.91,0,0.0,0.0,0.0
760.78,0.021,0.0,0.0,0.0,0.91,0,0.0,0.0,0.0
760.82,0.021,0.0,0.0,0.0,0.91,0,0.0,0.0,0.0
760.88,0.021,0.0,0.0,0.0,0.91,0,0.0,0.0,0.0
760.94,0.021,0.0,0.0,0.0,0.91,0,0.0,0.0,0.0
761.0,0.021,0.0,0.0,0.0,0.91,0,0.0,0.0,0.0
761.04,0.021,0.0,0.0,0.0,0.91,0,0.0,0.0,0.0
761.1,0.021,0.0,0.0,0.0,0.91,0,0.0,0.0,0.0
761.14,0.021,0.0,0.0,0.0,0.91,0,0.0,0.0,0.0
761.2,0.021,0.0,0.0,0.0,0.91,0,0.0,0.0,0.0
761.24,0.021,0.0,0.0,0.0,0.91,0,0.0,0.0,0.0
761.3,0.021,0.0,0.0,0.0,0.91,0,0.0,0.0,0.0
761.36,0.021,0.0,0.0,0.0,0.91,0,0.0,0.0,0.0
761.4,0.021,0.0,0.0,0.0,0.91,0,0.0,0.0,0.0
761.46,0.021,0.0,0.0,0.0,0.91,0,0.0,0.0,0.0
761.5,0.021,0.0,0.0,0.0,0.91,0,0.0,0.0,0.0
761.56,0.021,0.0,0.0,0.0,0.91,0,0.0,0.0,0.0
761.62,0.021,0.0,0.0,0.0,0.91,0,0.0,0.0,0.0
761.66,0.021,0.0,0.0,0.0,0.91,0,0.0,0.0,0.0
761.72,0.021,0.0,0.0,0.0,0.91,0,0.0,0.0,0.0
761.78,0.021,0.0,0.0,0.0,0.91,0,0.0,0.0,0.0
761.82,0.021,0.0,0.0,0.0,0.91,0,0.0,0.0,0.0
761.86,0.021,0.0,0.0,0.0,0.91,0,0.0,0.0,0.0
761.92,0.021,0.0,0.0,0.0,0.91,0,0.0,0.0,0.0
761.98,0.021,0.0,0.0,0.0,0.91,0,0.0,0.0,0.0
762.02,0.021,0.0,0.0,0.0,0.91,0,0.0,0.0,0.0
762.06,0.021,0.0,0.0,0.0,0.91,0,0.0,0.0,0.0
762.12,0.021,0.0,0.0,0.0,0.91,0,0.0,0.0,0.0
762.18,0.021,0.0,0.0,0.0,0.91,0,0.0,0.0,0.0
762.24,0.021,0.0,0.0,0.0,0.91,0,0.0,0.0,0.0
762.3,0.021,0.0,0.0,0.0,0.91,0,0.0,0.0,0.0
762.34,0.021,0.0,0.0,0.0,0.91,0,0.0,0.0,0.0
762.4,0.021,0.0,0.0,0.0,0.91,0,0.0,0.0,0.0
762.44,0.021,0.0,0.0,0.0,0.91,0,0.0,0.0,0.0
762.5,0.021,0.0,0.0,0.0,0.91,0,0.0,0.0,0.0
762.54,0.021,0.0,0.0,0.0,0.91,0,0.0,0.0,0.0
762.6,0.021,0.0,0.0,0.0,0.91,0,0.0,0.0,0.0
762.66,0.021,0.0,0.0,0.0,0.91,0,0.0,0.0,0.0
762.7,0.021,0.0,0.0,0.0,0.91,0,0.0,0.0,0.0
762.76,0.021,0.0,0.0,0.0,0.91,0,0.0,0.0,0.0
762.82,0.021,0.0,0.0,0.0,0.91,0,0.0,0.0,0.0
762.88,0.021,0.0,0.0,0.0,0.91,0,0.0,0.0,0.0
762.92,0.021,0.0,0.0,0.0,0.91,0,0.0,0.0,0.0
762.98,0.021,0.0,0.0,0.0,0.91,0,0.0,0.0,0.0
763.02,0.021,0.0,0.0,0.0,0.91,0,0.0,0.0,0.0
763.08,0.021,0.0,0.0,0.0,0.91,0,0.0,0.0,0.0
763.14,0.021,0.0,0.0,0.0,0.91,0,0.0,0.0,0.0
763.18,0.021,0.0,0.0,0.0,0.91,0,0.0,0.0,0.0
763.24,0.021,0.0,0.0,0.0,0.91,0,0.0,0.0,0.0
763.28,0.021,0.0,0.0,0.0,0.91,0,0.0,0.0,0.0
763.34,0.021,0.0,0.0,0.0,0.91,0,0.0,0.0,0.0
763.4,0.021,0.0,0.0,0.0,0.91,0,0.0,0.0,0.0
763.46,0.021,0.0,0.0,0.0,0.91,0,0.0,0.0,0.0
763.52,0.021,0.0,0.0,0.0,0.91,0,0.0,0.0,0.0
763.58,0.021,0.0,0.0,0.0,0.91,0,0.0,0.0,0.0
763.62,0.021,0.0,0.0,0.0,0.91,0,0.0,0.0,0.0
763.68,0.021,0.0,0.0,0.0,0.91,0,0.0,0.0,0.0
763.72,0.021,0.0,0.0,0.0,0.91,0,0.0,0.0,0.0
763.78,0.021,0.0,0.0,0.0,0.91,0,0.0,0.0,0.0
763.82,0.021,0.0,0.0,0.0,0.91,0,0.0,0.0,0.0
763.88,0.021,0.0,0.0,0.0,0.91,0,0.0,0.0,0.0
763.92,0.021,0.0,0.0,0.0,0.91,0,0.0,0.0,0.0
763.98,0.021,0.0,0.0,0.0,0.91,0,0.0,0.0,0.0
764.04,0.021,0.0,0.0,0.0,0.91,0,0.0,0.0,0.0
764.1,0.021,0.0,0.0,0.0,0.91,0,0.0,0.0,0.0
764.14,0.021,0.0,0.0,0.0,0.91,0,0.0,0.0,0.0
764.18,0.021,0.0,0.0,0.0,0.91,0,0.0,0.0,0.0
764.24,0.021,0.0,0.0,0.0,0.91,0,0.0,0.0,0.0
764.3,0.021,0.0,0.0,0.0,0.91,0,0.0,0.0,0.0
764.36,0.021,0.0,0.0,0.0,0.91,0,0.0,0.0,0.0
764.42,0.021,0.0,0.0,0.0,0.91,0,0.0,0.0,0.0
764.46,0.021,0.0,0.0,0.0,0.91,0,0.0,0.0,0.0
764.52,0.021,0.0,0.0,0.0,0.91,0,0.0,0.0,0.0
764.58,0.021,0.0,0.0,0.0,0.91,0,0.0,0.0,0.0
764.64,0.021,0.0,0.0,0.0,0.91,0,0.0,0.0,0.0
764.7,0.021,0.0,0.0,0.0,0.91,0,0.0,0.0,0.0
764.74,0.021,0.0,0.0,0.0,0.91,0,0.0,0.0,0.0
764.8,0.021,0.0,0.0,0.0,0.91,0,0.0,0.0,0.0
764.86,0.021,0.0,0.0,0.0,0.91,0,0.0,0.0,0.0
764.92,0.021,0.0,0.0,0.0,0.91,0,0.0,0.0,0.0
764.98,0.021,0.0,0.0,0.0,0.91,0,0.0,0.0,0.0
765.02,0.021,0.0,0.0,0.0,0.91,0,0.0,0.0,0.0
765.08,0.021,0.0,0.0,0.0,0.91,0,0.0,0.0,0.0
765.12,0.021,0.0,0.0,0.0,0.91,0,0.0,0.0,0.0
765.18,0.021,0.0,0.0,0.0,0.91,0,0.0,0.0,0.0
765.22,0.021,0.0,0.0,0.0,0.91,0,0.0,0.0,0.0
765.28,0.021,0.0,0.0,0.0,0.91,0,0.0,0.0,0.0
765.34,0.021,0.0,0.0,0.0,0.91,0,0.0,0.0,0.0
765.4,0.021,0.0,0.0,0.0,0.91,0,0.0,0.0,0.0
765.44,0.021,0.0,0.0,0.0,0.91,0,0.0,0.0,0.0
765.5,0.021,0.0,0.0,0.0,0.91,0,0.0,0.0,0.0
765.54,0.021,0.0,0.0,0.0,0.91,0,0.0,0.0,0.0
765.6,0.021,0.0,0.0,0.0,0.91,0,0.0,0.0,0.0
765.66,0.021,0.0,0.0,0.0,0.91,0,0.0,0.0,0.0
765.7,0.021,0.0,0.0,0.0,0.91,0,0.0,0.0,0.0
765.76,0.021,0.0,0.0,0.0,0.91,0,0.0,0.0,0.0
765.8,0.021,0.0,0.0,0.0,0.91,0,0.0,0.0,0.0
765.86,0.021,0.0,0.0,0.0,0.91,0,0.0,0.0,0.0
765.9,0.021,0.0,0.0,0.0,0.91,0,0.0,0.0,0.0
765.96,0.021,0.0,0.0,0.0,0.91,0,0.0,0.0,0.0
766.02,0.021,0.0,0.0,0.0,0.91,0,0.0,0.0,0.0
766.08,0.021,0.0,0.0,0.0,0.91,0,0.0,0.0,0.0
766.14,0.021,0.0,0.0,0.0,0.91,0,0.0,0.0,0.0
766.2,0.021,0.0,0.0,0.0,0.91,0,0.0,0.0,0.0
766.24,0.021,0.0,0.0,0.0,0.91,0,0.0,0.0,0.0
766.3,0.021,0.0,0.0,0.0,0.91,0,0.0,0.0,0.0
766.34,0.021,0.0,0.0,0.0,0.91,0,0.0,0.0,0.0
766.4,0.021,0.0,0.0,0.0,0.91,0,0.0,0.0,0.0
766.44,0.021,0.0,0.0,0.0,0.91,0,0.0,0.0,0.0
766.48,0.021,0.0,0.0,0.0,0.91,0,0.0,0.0,0.0
766.54,0.021,0.0,0.0,0.0,0.91,0,0.0,0.0,0.0
766.6,0.021,0.0,0.0,0.0,0.91,0,0.0,0.0,0.0
766.66,0.021,0.0,0.0,0.0,0.91,0,0.0,0.0,0.0
766.7,0.021,0.0,0.0,0.0,0.91,0,0.0,0.0,0.0
766.76,0.021,0.0,0.0,0.0,0.91,0,0.0,0.0,0.0
766.8,0.021,0.0,0.0,0.0,0.91,0,0.0,0.0,0.0
766.86,0.021,0.0,0.0,0.0,0.91,0,0.0,0.0,0.0
766.9,0.021,0.0,0.0,0.0,0.91,0,0.0,0.0,0.0
766.96,0.021,0.0,0.0,0.0,0.91,0,0.0,0.0,0.0
767.02,0.021,0.0,0.0,0.0,0.91,0,0.0,0.0,0.0
767.08,0.021,0.0,0.0,0.0,0.91,0,0.0,0.0,0.0
767.12,0.021,0.0,0.0,0.0,0.91,0,0.0,0.0,0.0
767.18,0.021,0.0,0.0,0.0,0.91,0,0.0,0.0,0.0
767.22,0.021,0.0,0.0,0.0,0.91,0,0.0,0.0,0.0
767.28,0.021,0.0,0.0,0.0,0.91,0,0.0,0.0,0.0
767.34,0.021,0.0,0.0,0.0,0.91,0,0.0,0.0,0.0
767.4,0.021,0.0,0.0,0.0,0.91,0,0.0,0.0,0.0
767.46,0.021,0.0,0.0,0.0,0.91,0,0.0,0.0,0.0
767.52,0.021,0.0,0.0,0.0,0.91,0,0.0,0.0,0.0
767.58,0.021,0.0,0.0,0.0,0.91,0,0.0,0.0,0.0
767.62,0.021,0.0,0.0,0.0,0.91,0,0.0,0.0,0.0
767.68,0.021,0.0,0.0,0.0,0.91,0,0.0,0.0,0.0
767.72,0.021,0.0,0.0,0.0,0.91,0,0.0,0.0,0.0
767.78,0.021,0.0,0.0,0.0,0.91,0,0.0,0.0,0.0
767.82,0.021,0.0,0.0,0.0,0.91,0,0.0,0.0,0.0
767.88,0.021,0.0,0.0,0.0,0.91,0,0.0,0.0,0.0
767.92,0.021,0.0,0.0,0.0,0.91,0,0.0,0.0,0.0
767.98,0.021,0.0,0.0,0.0,0.91,0,0.0,0.0,0.0
768.02,0.021,0.0,0.0,0.0,0.91,0,0.0,0.0,0.0
768.08,0.021,0.0,0.0,0.0,0.91,0,0.0,0.0,0.0
768.12,0.021,0.0,0.0,0.0,0.91,0,0.0,0.0,0.0
768.18,0.021,0.0,0.0,0.0,0.91,0,0.0,0.0,0.0
768.24,0.021,0.0,0.0,0.0,0.91,0,0.0,0.0,0.0
768.28,0.021,0.0,0.0,0.0,0.91,0,0.0,0.0,0.0
768.34,0.021,0.0,0.0,0.0,0.91,0,0.0,0.0,0.0
768.38,0.021,0.0,0.0,0.0,0.91,0,0.0,0.0,0.0
768.44,0.021,0.0,0.0,0.0,0.91,0,0.0,0.0,0.0
768.5,0.021,0.0,0.0,0.0,0.91,0,0.0,0.0,0.0
768.54,0.021,0.0,0.0,0.0,0.91,0,0.0,0.0,0.0
768.6,0.021,0.0,0.0,0.0,0.91,0,0.0,0.0,0.0
768.64,0.021,0.0,0.0,0.0,0.91,0,0.0,0.0,0.0
768.7,0.021,0.0,0.0,0.0,0.91,0,0.0,0.0,0.0
768.76,0.021,0.0,0.0,0.0,0.91,0,0.0,0.0,0.0
768.82,0.021,0.0,0.0,0.0,0.91,0,0.0,0.0,0.0
768.88,0.021,0.0,0.0,0.0,0.91,0,0.0,0.0,0.0
768.94,0.021,0.0,0.0,0.0,0.91,0,0.0,0.0,0.0
769.0,0.021,0.0,0.0,0.0,0.91,0,0.0,0.0,0.0
769.06,0.021,0.0,0.0,0.0,0.91,0,0.0,0.0,0.0
769.1,0.021,0.0,0.0,0.0,0.91,0,0.0,0.0,0.0
769.16,0.021,0.0,0.0,0.0,0.91,0,0.0,0.0,0.0
769.2,0.021,0.0,0.0,0.0,0.91,0,0.0,0.0,0.0
769.26,0.021,0.0,0.0,0.0,0.91,0,0.0,0.0,0.0
769.3,0.021,0.0,0.0,0.0,0.91,0,0.0,0.0,0.0
769.36,0.021,0.0,0.0,0.0,0.91,0,0.0,0.0,0.0
769.42,0.021,0.0,0.0,0.0,0.91,0,0.0,0.0,0.0
769.48,0.021,0.0,0.0,0.0,0.91,0,0.0,0.0,0.0
769.54,0.021,0.0,0.0,0.0,0.91,0,0.0,0.0,0.0
769.58,0.021,0.0,0.0,0.0,0.91,0,0.0,0.0,0.0
769.64,0.021,0.0,0.0,0.0,0.91,0,0.0,0.0,0.0
769.68,0.021,0.0,0.0,0.0,0.91,0,0.0,0.0,0.0
769.74,0.021,0.0,0.0,0.0,0.91,0,0.0,0.0,0.0
769.78,0.021,0.0,0.0,0.0,0.91,0,0.0,0.0,0.0
769.84,0.021,0.0,0.0,0.0,0.91,0,0.0,0.0,0.0
769.88,0.021,0.0,0.0,0.0,0.91,0,0.0,0.0,0.0
769.94,0.021,0.0,0.0,0.0,0.91,0,0.0,0.0,0.0
770.0,0.021,0.0,0.0,0.0,0.91,0,0.0,0.0,0.0
770.04,0.021,0.0,0.0,0.0,0.91,0,0.0,0.0,0.0
770.1,0.021,0.0,0.0,0.0,0.91,0,0.0,0.0,0.0
770.14,0.021,0.0,0.0,0.0,0.91,0,0.0,0.0,0.0
770.2,0.021,0.0,0.0,0.0,0.91,0,0.0,0.0,0.0
770.24,0.021,0.0,0.0,0.0,0.91,0,0.0,0.0,0.0
770.3,0.021,0.0,0.0,0.0,0.91,0,0.0,0.0,0.0
770.36,0.021,0.0,0.0,0.0,0.91,0,0.0,0.0,0.0
770.42,0.021,0.0,0.0,0.0,0.91,0,0.0,0.0,0.0
770.48,0.021,0.0,0.0,0.0,0.91,0,0.0,0.0,0.0
770.54,0.021,0.0,0.0,0.0,0.91,0,0.0,0.0,0.0
770.58,0.021,0.0,0.0,0.0,0.91,0,0.0,0.0,0.0
770.64,0.021,0.0,0.0,0.0,0.91,0,0.0,0.0,0.0
770.68,0.021,0.0,0.0,0.0,0.91,0,0.0,0.0,0.0
770.74,0.021,0.0,0.0,0.0,0.91,0,0.0,0.0,0.0
770.78,0.021,0.0,0.0,0.0,0.91,0,0.0,0.0,0.0
770.84,0.021,0.0,0.0,0.0,0.91,0,0.0,0.0,0.0
770.9,0.021,0.0,0.0,0.0,0.91,0,0.0,0.0,0.0
770.94,0.021,0.0,0.0,0.0,0.91,0,0.0,0.0,0.0
771.0,0.021,0.0,0.0,0.0,0.91,0,0.0,0.0,0.0
771.04,0.021,0.0,0.0,0.0,0.91,0,0.0,0.0,0.0
771.1,0.021,0.0,0.0,0.0,0.91,0,0.0,0.0,0.0
771.14,0.021,0.0,0.0,0.0,0.91,0,0.0,0.0,0.0
771.2,0.021,0.0,0.0,0.0,0.91,0,0.0,0.0,0.0
771.26,0.021,0.0,0.0,0.0,0.91,0,0.0,0.0,0.0
771.32,0.021,0.0,0.0,0.0,0.91,0,0.0,0.0,0.0
771.38,0.021,0.0,0.0,0.0,0.91,0,0.0,0.0,0.0
771.42,0.021,0.0,0.0,0.0,0.91,0,0.0,0.0,0.0
771.48,0.021,0.0,0.0,0.0,0.91,0,0.0,0.0,0.0
771.52,0.021,0.0,0.0,0.0,0.91,0,0.0,0.0,0.0
771.58,0.021,0.0,0.0,0.0,0.91,0,0.0,0.0,0.0
771.62,0.021,0.0,0.0,0.0,0.91,0,0.0,0.0,0.0
771.68,0.021,0.0,0.0,0.0,0.91,0,0.0,0.0,0.0
771.74,0.021,0.0,0.0,0.0,0.91,0,0.0,0.0,0.0
771.8,0.021,0.0,0.0,0.0,0.91,0,0.0,0.0,0.0
771.86,0.021,0.0,0.0,0.0,0.91,0,0.0,0.0,0.0
771.9,0.021,0.0,0.0,0.0,0.91,0,0.0,0.0,0.0
771.96,0.021,0.0,0.0,0.0,0.91,0,0.0,0.0,0.0
772.0,0.021,0.0,0.0,0.0,0.91,0,0.0,0.0,0.0
772.06,0.021,0.0,0.0,0.0,0.91,0,0.0,0.0,0.0
772.1,0.021,0.0,0.0,0.0,0.91,0,0.0,0.0,0.0
772.16,0.021,0.0,0.0,0.0,0.91,0,0.0,0.0,0.0
772.2,0.021,0.0,0.0,0.0,0.91,0,0.0,0.0,0.0
772.26,0.021,0.0,0.0,0.0,0.91,0,0.0,0.0,0.0
772.32,0.021,0.0,0.0,0.0,0.91,0,0.0,0.0,0.0
772.36,0.021,0.0,0.0,0.0,0.91,0,0.0,0.0,0.0
772.42,0.021,0.0,0.0,0.0,0.91,0,0.0,0.0,0.0
772.46,0.021,0.0,0.0,0.0,0.91,0,0.0,0.0,0.0
772.52,0.021,0.0,0.0,0.0,0.91,0,0.0,0.0,0.0
772.56,0.021,0.0,0.0,0.0,0.91,0,0.0,0.0,0.0
772.62,0.021,0.0,0.0,0.0,0.91,0,0.0,0.0,0.0
772.68,0.021,0.0,0.0,0.0,0.91,0,0.0,0.0,0.0
772.74,0.021,0.0,0.0,0.0,0.91,0,0.0,0.0,0.0
772.78,0.021,0.0,0.0,0.0,0.91,0,0.0,0.0,0.0
772.84,0.021,0.0,0.0,0.0,0.91,0,0.0,0.0,0.0
772.88,0.021,0.0,0.0,0.0,0.91,0,0.0,0.0,0.0
772.94,0.021,0.0,0.0,0.0,0.91,0,0.0,0.0,0.0
772.98,0.021,0.0,0.0,0.0,0.91,0,0.0,0.0,0.0
773.04,0.021,0.0,0.0,0.0,0.91,0,0.0,0.0,0.0
773.1,0.021,0.0,0.0,0.0,0.91,0,0.0,0.0,0.0
773.16,0.021,0.0,0.0,0.0,0.91,0,0.0,0.0,0.0
773.22,0.021,0.0,0.0,0.0,0.91,0,0.0,0.0,0.0
773.28,0.021,0.0,0.0,0.0,0.91,0,0.0,0.0,0.0
773.34,0.021,0.0,0.0,0.0,0.91,0,0.0,0.0,0.0
773.4,0.021,0.0,0.0,0.0,0.91,0,0.0,0.0,0.0
773.44,0.021,0.0,0.0,0.0,0.91,0,0.0,0.0,0.0
773.5,0.021,0.0,0.0,0.0,0.91,0,0.0,0.0,0.0
773.54,0.021,0.0,0.0,0.0,0.91,0,0.0,0.0,0.0
773.6,0.021,0.0,0.0,0.0,0.91,0,0.0,0.0,0.0
773.64,0.021,0.0,0.0,0.0,0.91,0,0.0,0.0,0.0
773.7,0.021,0.0,0.0,0.0,0.91,0,0.0,0.0,0.0
773.76,0.021,0.0,0.0,0.0,0.91,0,0.0,0.0,0.0
773.82,0.021,0.0,0.0,0.0,0.91,0,0.0,0.0,0.0
773.88,0.021,0.0,0.0,0.0,0.91,0,0.0,0.0,0.0
773.94,0.021,0.0,0.0,0.0,0.91,0,0.0,0.0,0.0
774.0,0.021,0.0,0.0,0.0,0.91,0,0.0,0.0,0.0
774.04,0.021,0.0,0.0,0.0,0.91,0,0.0,0.0,0.0
774.1,0.021,0.0,0.0,0.0,0.91,0,0.0,0.0,0.0
774.14,0.021,0.0,0.0,0.0,0.91,0,0.0,0.0,0.0
774.2,0.021,0.0,0.0,0.0,0.91,0,0.0,0.0,0.0
774.26,0.021,0.0,0.0,0.0,0.91,0,0.0,0.0,0.0
774.32,0.021,0.0,0.0,0.0,0.91,0,0.0,0.0,0.0
774.36,0.021,0.0,0.0,0.0,0.91,0,0.0,0.0,0.0
774.42,0.021,0.0,0.0,0.0,0.91,0,0.0,0.0,0.0
774.46,0.021,0.0,0.0,0.0,0.91,0,0.0,0.0,0.0
774.52,0.021,0.0,0.0,0.0,0.91,0,0.0,0.0,0.0
774.56,0.021,0.0,0.0,0.0,0.91,0,0.0,0.0,0.0
774.62,0.021,0.0,0.0,0.0,0.91,0,0.0,0.0,0.0
774.66,0.021,0.0,0.0,0.0,0.91,0,0.0,0.0,0.0
774.72,0.021,0.0,0.0,0.0,0.91,0,0.0,0.0,0.0
774.76,0.021,0.0,0.0,0.0,0.91,0,0.0,0.0,0.0
774.82,0.021,0.0,0.0,0.0,0.91,0,0.0,0.0,0.0
774.86,0.021,0.0,0.0,0.0,0.91,0,0.0,0.0,0.0
774.92,0.021,0.0,0.0,0.0,0.91,0,0.0,0.0,0.0
774.98,0.021,0.0,0.0,0.0,0.91,0,0.0,0.0,0.0
775.02,0.021,0.0,0.0,0.0,0.91,0,0.0,0.0,0.0
775.08,0.021,0.0,0.0,0.0,0.91,0,0.0,0.0,0.0
775.14,0.021,0.0,0.0,0.0,0.91,0,0.0,0.0,0.0
775.16,0.021,0.0,0.0,0.0,0.91,0,0.0,0.0,0.0
775.24,0.021,0.0,0.0,0.0,0.91,0,0.0,0.0,0.0
775.28,0.021,0.0,0.0,0.0,0.91,0,0.0,0.0,0.0
775.32,0.021,0.0,0.0,0.0,0.91,0,0.0,0.0,0.0
775.38,0.021,0.0,0.0,0.0,0.91,0,0.0,0.0,0.0
775.42,0.021,0.0,0.0,0.0,0.91,0,0.0,0.0,0.0
775.48,0.021,0.0,0.0,0.0,0.91,0,0.0,0.0,0.0
775.54,0.021,0.0,0.0,0.0,0.91,0,0.0,0.0,0.0
775.58,0.021,0.0,0.0,0.0,0.91,0,0.0,0.0,0.0
775.64,0.021,0.0,0.0,0.0,0.91,0,0.0,0.0,0.0
775.68,0.021,0.0,0.0,0.0,0.91,0,0.0,0.0,0.0
775.74,0.021,0.0,0.0,0.0,0.91,0,0.0,0.0,0.0
775.78,0.021,0.0,0.0,0.0,0.91,0,0.0,0.0,0.0
775.84,0.021,0.0,0.0,0.0,0.91,0,0.0,0.0,0.0
775.88,0.021,0.0,0.0,0.0,0.91,0,0.0,0.0,0.0
775.94,0.021,0.0,0.0,0.0,0.91,0,0.0,0.0,0.0
776.0,0.021,0.0,0.0,0.0,0.91,0,0.0,0.0,0.0
776.04,0.021,0.0,0.0,0.0,0.91,0,0.0,0.0,0.0
776.08,0.021,0.0,0.0,0.0,0.91,0,0.0,0.0,0.0
776.08,0.021,0.0,0.0,0.0,0.91,0,0.0,0.0,0.0
776.18,0.021,0.0,0.0,0.0,0.91,0,0.0,0.0,0.0
776.22,0.021,0.0,0.0,0.0,0.91,0,0.0,0.0,0.0
776.28,0.021,0.0,0.0,0.0,0.91,0,0.0,0.0,0.0
776.34,0.021,0.0,0.0,0.0,0.91,0,0.0,0.0,0.0
776.4,0.021,0.0,0.0,0.0,0.91,0,0.0,0.0,0.0
776.46,0.021,0.0,0.0,0.0,0.91,0,0.0,0.0,0.0
776.52,0.021,0.0,0.0,0.0,0.91,0,0.0,0.0,0.0
776.58,0.021,0.0,0.0,0.0,0.91,0,0.0,0.0,0.0
776.64,0.021,0.0,0.0,0.0,0.91,0,0.0,0.0,0.0
776.7,0.021,0.0,0.0,0.0,0.91,0,0.0,0.0,0.0
776.76,0.021,0.0,0.0,0.0,0.91,0,0.0,0.0,0.0
776.8,0.021,0.0,0.0,0.0,0.91,0,0.0,0.0,0.0
776.86,0.021,0.0,0.0,0.0,0.91,0,0.0,0.0,0.0
776.9,0.021,0.0,0.0,0.0,0.91,0,0.0,0.0,0.0
776.96,0.021,0.0,0.0,0.0,0.91,0,0.0,0.0,0.0
777.02,0.021,0.0,0.0,0.0,0.91,0,0.0,0.0,0.0
777.06,0.021,0.0,0.0,0.0,0.91,0,0.0,0.0,0.0
777.12,0.021,0.0,0.0,0.0,0.91,0,0.0,0.0,0.0
777.18,0.021,0.0,0.0,0.0,0.91,0,0.0,0.0,0.0
777.24,0.021,0.0,0.0,0.0,0.91,0,0.0,0.0,0.0
777.3,0.021,0.0,0.0,0.0,0.91,0,0.0,0.0,0.0
777.36,0.021,0.0,0.0,0.0,0.91,0,0.0,0.0,0.0
777.42,0.021,0.0,0.0,0.0,0.91,0,0.0,0.0,0.0
777.46,0.021,0.0,0.0,0.0,0.91,0,0.0,0.0,0.0
777.52,0.021,0.0,0.0,0.0,0.91,0,0.0,0.0,0.0
777.56,0.021,0.0,0.0,0.0,0.91,0,0.0,0.0,0.0
777.62,0.021,0.0,0.0,0.0,0.91,0,0.0,0.0,0.0
777.66,0.021,0.0,0.0,0.0,0.91,0,0.0,0.0,0.0
777.72,0.021,0.0,0.0,0.0,0.91,0,0.0,0.0,0.0
777.78,0.021,0.0,0.0,0.0,0.91,0,0.0,0.0,0.0
777.82,0.021,0.0,0.0,0.0,0.91,0,0.0,0.0,0.0
777.88,0.021,0.0,0.0,0.0,0.91,0,0.0,0.0,0.0
777.92,0.021,0.0,0.0,0.0,0.91,0,0.0,0.0,0.0
777.98,0.021,0.0,0.0,0.0,0.91,0,0.0,0.0,0.0
778.02,0.021,0.0,0.0,0.0,0.91,0,0.0,0.0,0.0
778.08,0.021,0.0,0.0,0.0,0.91,0,0.0,0.0,0.0
778.12,0.021,0.0,0.0,0.0,0.91,0,0.0,0.0,0.0
778.18,0.021,0.0,0.0,0.0,0.91,0,0.0,0.0,0.0
778.24,0.021,0.0,0.0,0.0,0.91,0,0.0,0.0,0.0
778.3,0.021,0.0,0.0,0.0,0.91,0,0.0,0.0,0.0
778.34,0.021,0.0,0.0,0.0,0.91,0,0.0,0.0,0.0
778.4,0.021,0.0,0.0,0.0,0.91,0,0.0,0.0,0.0
778.44,0.021,0.0,0.0,0.0,0.91,0,0.0,0.0,0.0
778.5,0.021,0.0,0.0,0.0,0.91,0,0.0,0.0,0.0
778.54,0.021,0.0,0.0,0.0,0.91,0,0.0,0.0,0.0
778.6,0.021,0.0,0.0,0.0,0.91,0,0.0,0.0,0.0
778.66,0.021,0.0,0.0,0.0,0.91,0,0.0,0.0,0.0
778.72,0.021,0.0,0.0,0.0,0.91,0,0.0,0.0,0.0
778.78,0.021,0.0,0.0,0.0,0.91,0,0.0,0.0,0.0
778.82,0.021,0.0,0.0,0.0,0.91,0,0.0,0.0,0.0
778.88,0.021,0.0,0.0,0.0,0.91,0,0.0,0.0,0.0
778.92,0.021,0.0,0.0,0.0,0.91,0,0.0,0.0,0.0
778.98,0.021,0.0,0.0,0.0,0.91,0,0.0,0.0,0.0
779.02,0.021,0.0,0.0,0.0,0.91,0,0.0,0.0,0.0
779.08,0.021,0.0,0.0,0.0,0.91,0,0.0,0.0,0.0
779.12,0.021,0.0,0.0,0.0,0.91,0,0.0,0.0,0.0
779.18,0.021,0.0,0.0,0.0,0.91,0,0.0,0.0,0.0
779.22,0.021,0.0,0.0,0.0,0.91,0,0.0,0.0,0.0
779.28,0.021,0.0,0.0,0.0,0.91,0,0.0,0.0,0.0
779.34,0.021,0.0,0.0,0.0,0.91,0,0.0,0.0,0.0
779.38,0.021,0.0,0.0,0.0,0.91,0,0.0,0.0,0.0
779.42,0.021,0.0,0.0,0.0,0.91,0,0.0,0.0,0.0
779.48,0.021,0.0,0.0,0.0,0.91,0,0.0,0.0,0.0
779.54,0.021,0.0,0.0,0.0,0.91,0,0.0,0.0,0.0
779.6,0.021,0.0,0.0,0.0,0.91,0,0.0,0.0,0.0
779.66,0.021,0.0,0.0,0.0,0.91,0,0.0,0.0,0.0
779.72,0.021,0.0,0.0,0.0,0.91,0,0.0,0.0,0.0
779.78,0.021,0.0,0.0,0.0,0.91,0,0.0,0.0,0.0
779.82,0.021,0.0,0.0,0.0,0.91,0,0.0,0.0,0.0
779.88,0.021,0.0,0.0,0.0,0.91,0,0.0,0.0,0.0
779.92,0.021,0.0,0.0,0.0,0.91,0,0.0,0.0,0.0
779.98,0.021,0.0,0.0,0.0,0.91,0,0.0,0.0,0.0
780.02,0.021,0.0,0.0,0.0,0.91,0,0.0,0.0,0.0
780.08,0.021,0.0,0.0,0.0,0.91,0,0.0,0.0,0.0
780.12,0.021,0.0,0.0,0.0,0.91,0,0.0,0.0,0.0
780.18,0.021,0.0,0.0,0.0,0.91,0,0.0,0.0,0.0
780.24,0.021,0.0,0.0,0.0,0.91,0,0.0,0.0,0.0
780.3,0.021,0.0,0.0,0.0,0.91,0,0.0,0.0,0.0
780.36,0.021,0.0,0.0,0.0,0.91,0,0.0,0.0,0.0
780.42,0.021,0.0,0.0,0.0,0.91,0,0.0,0.0,0.0
780.48,0.021,0.0,0.0,0.0,0.91,0,0.0,0.0,0.0
780.54,0.021,0.0,0.0,0.0,0.91,0,0.0,0.0,0.0
780.6,0.021,0.0,0.0,0.0,0.91,0,0.0,0.0,0.0
780.66,0.021,0.0,0.0,0.0,0.91,0,0.0,0.0,0.0
780.72,0.021,0.0,0.0,0.0,0.91,0,0.0,0.0,0.0
780.78,0.021,0.0,0.0,0.0,0.91,0,0.0,0.0,0.0
780.84,0.021,0.0,0.0,0.0,0.91,0,0.0,0.0,0.0
780.88,0.021,0.0,0.0,0.0,0.91,0,0.0,0.0,0.0
780.94,0.021,0.0,0.0,0.0,0.91,0,0.0,0.0,0.0
781.0,0.021,0.0,0.0,0.0,0.91,0,0.0,0.0,0.0
781.06,0.021,0.0,0.0,0.0,0.91,0,0.0,0.0,0.0
781.12,0.021,0.0,0.0,0.0,0.91,0,0.0,0.0,0.0
781.18,0.021,0.0,0.0,0.0,0.91,0,0.0,0.0,0.0
781.24,0.021,0.0,0.0,0.0,0.91,0,0.0,0.0,0.0
781.3,0.021,0.0,0.0,0.0,0.91,0,0.0,0.0,0.0
781.36,0.021,0.0,0.0,0.0,0.91,0,0.0,0.0,0.0
781.4,0.021,0.0,0.0,0.0,0.91,0,0.0,0.0,0.0
781.46,0.021,0.0,0.0,0.0,0.91,0,0.0,0.0,0.0
781.52,0.021,0.0,0.0,0.0,0.91,0,0.0,0.0,0.0
781.58,0.021,0.0,0.0,0.0,0.91,0,0.0,0.0,0.0
781.62,0.021,0.0,0.0,0.0,0.91,0,0.0,0.0,0.0
781.68,0.021,0.0,0.0,0.0,0.91,0,0.0,0.0,0.0
781.72,0.021,0.0,0.0,0.0,0.91,0,0.0,0.0,0.0
781.78,0.021,0.0,0.0,0.0,0.91,0,0.0,0.0,0.0
781.82,0.021,0.0,0.0,0.0,0.91,0,0.0,0.0,0.0
781.88,0.021,0.0,0.0,0.0,0.91,0,0.0,0.0,0.0
781.94,0.021,0.0,0.0,0.0,0.91,0,0.0,0.0,0.0
782.0,0.021,0.0,0.0,0.0,0.91,0,0.0,0.0,0.0
782.06,0.021,0.0,0.0,0.0,0.91,0,0.0,0.0,0.0
782.12,0.021,0.0,0.0,0.0,0.91,0,0.0,0.0,0.0
782.18,0.021,0.0,0.0,0.0,0.91,0,0.0,0.0,0.0
782.24,0.021,0.0,0.0,0.0,0.91,0,0.0,0.0,0.0
782.3,0.021,0.0,0.0,0.0,0.91,0,0.0,0.0,0.0
782.34,0.021,0.0,0.0,0.0,0.91,0,0.0,0.0,0.0
782.4,0.021,0.0,0.0,0.0,0.91,0,0.0,0.0,0.0
782.46,0.021,0.0,0.0,0.0,0.91,0,0.0,0.0,0.0
782.52,0.021,0.0,0.0,0.0,0.91,0,0.0,0.0,0.0
782.58,0.021,0.0,0.0,0.0,0.91,0,0.0,0.0,0.0
782.62,0.021,0.0,0.0,0.0,0.91,0,0.0,0.0,0.0
782.68,0.021,0.0,0.0,0.0,0.91,0,0.0,0.0,0.0
782.72,0.021,0.0,0.0,0.0,0.91,0,0.0,0.0,0.0
782.78,0.021,0.0,0.0,0.0,0.91,0,0.0,0.0,0.0
782.84,0.021,0.0,0.0,0.0,0.91,0,0.0,0.0,0.0
782.9,0.021,0.0,0.0,0.0,0.91,0,0.0,0.0,0.0
782.96,0.021,0.0,0.0,0.0,0.91,0,0.0,0.0,0.0
783.0,0.021,0.0,0.0,0.0,0.91,0,0.0,0.0,0.0
783.06,0.021,0.0,0.0,0.0,0.91,0,0.0,0.0,0.0
783.12,0.021,0.0,0.0,0.0,0.91,0,0.0,0.0,0.0
783.16,0.021,0.0,0.0,0.0,0.91,0,0.0,0.0,0.0
783.22,0.021,0.0,0.0,0.0,0.91,0,0.0,0.0,0.0
783.26,0.021,0.0,0.0,0.0,0.91,0,0.0,0.0,0.0
783.32,0.021,0.0,0.0,0.0,0.91,0,0.0,0.0,0.0
783.36,0.021,0.0,0.0,0.0,0.91,0,0.0,0.0,0.0
783.42,0.021,0.0,0.0,0.0,0.91,0,0.0,0.0,0.0
783.48,0.021,0.0,0.0,0.0,0.91,0,0.0,0.0,0.0
783.54,0.021,0.0,0.0,0.0,0.91,0,0.0,0.0,0.0
783.6,0.021,0.0,0.0,0.0,0.91,0,0.0,0.0,0.0
783.66,0.021,0.0,0.0,0.0,0.91,0,0.0,0.0,0.0
783.72,0.021,0.0,0.0,0.0,0.91,0,0.0,0.0,0.0
783.76,0.021,0.0,0.0,0.0,0.91,0,0.0,0.0,0.0
783.82,0.021,0.0,0.0,0.0,0.91,0,0.0,0.0,0.0
783.86,0.021,0.0,0.0,0.0,0.91,0,0.0,0.0,0.0
783.92,0.021,0.0,0.0,0.0,0.91,0,0.0,0.0,0.0
783.96,0.021,0.0,0.0,0.0,0.91,0,0.0,0.0,0.0
784.02,0.021,0.0,0.0,0.0,0.91,0,0.0,0.0,0.0
784.06,0.021,0.0,0.0,0.0,0.91,0,0.0,0.0,0.0
784.12,0.021,0.0,0.0,0.0,0.91,0,0.0,0.0,0.0
784.16,0.021,0.0,0.0,0.0,0.91,0,0.0,0.0,0.0
784.22,0.021,0.0,0.0,0.0,0.91,0,0.0,0.0,0.0
784.28,0.021,0.0,0.0,0.0,0.91,0,0.0,0.0,0.0
784.34,0.021,0.0,0.0,0.0,0.91,0,0.0,0.0,0.0
784.4,0.021,0.0,0.0,0.0,0.91,0,0.0,0.0,0.0
784.46,0.021,0.0,0.0,0.0,0.91,0,0.0,0.0,0.0
784.52,0.021,0.0,0.0,0.0,0.91,0,0.0,0.0,0.0
784.58,0.021,0.0,0.0,0.0,0.91,0,0.0,0.0,0.0
784.64,0.021,0.0,0.0,0.0,0.91,0,0.0,0.0,0.0
784.68,0.021,0.0,0.0,0.0,0.91,0,0.0,0.0,0.0
784.74,0.021,0.0,0.0,0.0,0.91,0,0.0,0.0,0.0
784.78,0.021,0.0,0.0,0.0,0.91,0,0.0,0.0,0.0
784.84,0.021,0.0,0.0,0.0,0.91,0,0.0,0.0,0.0
784.9,0.021,0.0,0.0,0.0,0.91,0,0.0,0.0,0.0
784.94,0.021,0.0,0.0,0.0,0.91,0,0.0,0.0,0.0
785.0,0.021,0.0,0.0,0.0,0.91,0,0.0,0.0,0.0
785.04,0.021,0.0,0.0,0.0,0.91,0,0.0,0.0,0.0
785.1,0.021,0.0,0.0,0.0,0.91,0,0.0,0.0,0.0
785.14,0.021,0.0,0.0,0.0,0.91,0,0.0,0.0,0.0
785.2,0.021,0.0,0.0,0.0,0.91,0,0.0,0.0,0.0
785.24,0.021,0.0,0.0,0.0,0.91,0,0.0,0.0,0.0
785.3,0.021,0.0,0.0,0.0,0.91,0,0.0,0.0,0.0
785.36,0.021,0.0,0.0,0.0,0.91,0,0.0,0.0,0.0
785.42,0.021,0.0,0.0,0.0,0.91,0,0.0,0.0,0.0
785.48,0.021,0.0,0.0,0.0,0.91,0,0.0,0.0,0.0
785.54,0.021,0.0,0.0,0.0,0.91,0,0.0,0.0,0.0
785.6,0.021,0.0,0.0,0.0,0.91,0,0.0,0.0,0.0
785.66,0.021,0.0,0.0,0.0,0.91,0,0.0,0.0,0.0
785.7,0.021,0.0,0.0,0.0,0.91,0,0.0,0.0,0.0
785.76,0.021,0.0,0.0,0.0,0.91,0,0.0,0.0,0.0
785.82,0.021,0.0,0.0,0.0,0.91,0,0.0,0.0,0.0
785.88,0.021,0.0,0.0,0.0,0.91,0,0.0,0.0,0.0
785.94,0.021,0.0,0.0,0.0,0.91,0,0.0,0.0,0.0
785.98,0.021,0.0,0.0,0.0,0.91,0,0.0,0.0,0.0
786.04,0.021,0.0,0.0,0.0,0.91,0,0.0,0.0,0.0
786.1,0.021,0.0,0.0,0.0,0.91,0,0.0,0.0,0.0
786.16,0.021,0.0,0.0,0.0,0.91,0,0.0,0.0,0.0
786.22,0.021,0.0,0.0,0.0,0.91,0,0.0,0.0,0.0
786.26,0.021,0.0,0.0,0.0,0.91,0,0.0,0.0,0.0
786.32,0.021,0.0,0.0,0.0,0.91,0,0.0,0.0,0.0
786.36,0.021,0.0,0.0,0.0,0.91,0,0.0,0.0,0.0
786.42,0.021,0.0,0.0,0.0,0.91,0,0.0,0.0,0.0
786.46,0.021,0.0,0.0,0.0,0.91,0,0.0,0.0,0.0
786.52,0.021,0.0,0.0,0.0,0.91,0,0.0,0.0,0.0
786.56,0.021,0.0,0.0,0.0,0.91,0,0.0,0.0,0.0
786.62,0.021,0.0,0.0,0.0,0.91,0,0.0,0.0,0.0
786.68,0.021,0.0,0.0,0.0,0.91,0,0.0,0.0,0.0
786.74,0.021,0.0,0.0,0.0,0.91,0,0.0,0.0,0.0
786.8,0.021,0.0,0.0,0.0,0.91,0,0.0,0.0,0.0
786.84,0.021,0.0,0.0,0.0,0.91,0,0.0,0.0,0.0
786.9,0.021,0.0,0.0,0.0,0.91,0,0.0,0.0,0.0
786.94,0.021,0.0,0.0,0.0,0.91,0,0.0,0.0,0.0
787.0,0.021,0.0,0.0,0.0,0.91,0,0.0,0.0,0.0
787.04,0.021,0.0,0.0,0.0,0.91,0,0.0,0.0,0.0
787.1,0.021,0.0,0.0,0.0,0.91,0,0.0,0.0,0.0
787.16,0.021,0.0,0.0,0.0,0.91,0,0.0,0.0,0.0
787.2,0.021,0.0,0.0,0.0,0.91,0,0.0,0.0,0.0
787.26,0.021,0.0,0.0,0.0,0.91,0,0.0,0.0,0.0
787.3,0.021,0.0,0.0,0.0,0.91,0,0.0,0.0,0.0
787.36,0.021,0.0,0.0,0.0,0.91,0,0.0,0.0,0.0
787.42,0.021,0.0,0.0,0.0,0.91,0,0.0,0.0,0.0
787.48,0.021,0.0,0.0,0.0,0.91,0,0.0,0.0,0.0
787.52,0.021,0.0,0.0,0.0,0.91,0,0.0,0.0,0.0
787.58,0.021,0.0,0.0,0.0,0.91,0,0.0,0.0,0.0
787.64,0.021,0.0,0.0,0.0,0.91,0,0.0,0.0,0.0
787.68,0.021,0.0,0.0,0.0,0.91,0,0.0,0.0,0.0
787.74,0.021,0.0,0.0,0.0,0.91,0,0.0,0.0,0.0
787.78,0.021,0.0,0.0,0.0,0.91,0,0.0,0.0,0.0
787.84,0.021,0.0,0.0,0.0,0.91,0,0.0,0.0,0.0
787.9,0.021,0.0,0.0,0.0,0.91,0,0.0,0.0,0.0
787.96,0.021,0.0,0.0,0.0,0.91,0,0.0,0.0,0.0
788.02,0.021,0.0,0.0,0.0,0.91,0,0.0,0.0,0.0
788.06,0.021,0.0,0.0,0.0,0.91,0,0.0,0.0,0.0
788.12,0.021,0.0,0.0,0.0,0.91,0,0.0,0.0,0.0
788.16,0.021,0.0,0.0,0.0,0.91,0,0.0,0.0,0.0
788.22,0.021,0.0,0.0,0.0,0.91,0,0.0,0.0,0.0
788.26,0.021,0.0,0.0,0.0,0.91,0,0.0,0.0,0.0
788.32,0.021,0.0,0.0,0.0,0.91,0,0.0,0.0,0.0
788.36,0.021,0.0,0.0,0.0,0.91,0,0.0,0.0,0.0
788.42,0.021,0.0,0.0,0.0,0.91,0,0.0,0.0,0.0
788.48,0.021,0.0,0.0,0.0,0.91,0,0.0,0.0,0.0
788.54,0.021,0.0,0.0,0.0,0.91,0,0.0,0.0,0.0
788.6,0.021,0.0,0.0,0.0,0.91,0,0.0,0.0,0.0
788.66,0.021,0.0,0.0,0.0,0.91,0,0.0,0.0,0.0
788.72,0.021,0.0,0.0,0.0,0.91,0,0.0,0.0,0.0
788.78,0.021,0.0,0.0,0.0,0.91,0,0.0,0.0,0.0
788.84,0.021,0.0,0.0,0.0,0.91,0,0.0,0.0,0.0
788.88,0.021,0.0,0.0,0.0,0.91,0,0.0,0.0,0.0
788.94,0.021,0.0,0.0,0.0,0.91,0,0.0,0.0,0.0
789.0,0.021,0.0,0.0,0.0,0.91,0,0.0,0.0,0.0
789.06,0.021,0.0,0.0,0.0,0.91,0,0.0,0.0,0.0
789.12,0.021,0.0,0.0,0.0,0.91,0,0.0,0.0,0.0
789.18,0.021,0.0,0.0,0.0,0.91,0,0.0,0.0,0.0
789.24,0.021,0.0,0.0,0.0,0.91,0,0.0,0.0,0.0
789.28,0.021,0.0,0.0,0.0,0.91,0,0.0,0.0,0.0
789.34,0.021,0.0,0.0,0.0,0.91,0,0.0,0.0,0.0
789.38,0.021,0.0,0.0,0.0,0.91,0,0.0,0.0,0.0
789.44,0.021,0.0,0.0,0.0,0.91,0,0.0,0.0,0.0
789.48,0.021,0.0,0.0,0.0,0.91,0,0.0,0.0,0.0
789.54,0.021,0.0,0.0,0.0,0.91,0,0.0,0.0,0.0
789.6,0.021,0.0,0.0,0.0,0.91,0,0.0,0.0,0.0
789.64,0.021,0.0,0.0,0.0,0.91,0,0.0,0.0,0.0
789.7,0.021,0.0,0.0,0.0,0.91,0,0.0,0.0,0.0
789.74,0.021,0.0,0.0,0.0,0.91,0,0.0,0.0,0.0
789.8,0.021,0.0,0.0,0.0,0.91,0,0.0,0.0,0.0
789.84,0.021,0.0,0.0,0.0,0.91,0,0.0,0.0,0.0
789.9,0.021,0.0,0.0,0.0,0.91,0,0.0,0.0,0.0
789.96,0.021,0.0,0.0,0.0,0.91,0,0.0,0.0,0.0
790.02,0.021,0.0,0.0,0.0,0.91,0,0.0,0.0,0.0
790.08,0.021,0.0,0.0,0.0,0.91,0,0.0,0.0,0.0
790.14,0.021,0.0,0.0,0.0,0.91,0,0.0,0.0,0.0
790.2,0.021,0.0,0.0,0.0,0.91,0,0.0,0.0,0.0
790.24,0.021,0.0,0.0,0.0,0.91,0,0.0,0.0,0.0
790.3,0.021,0.0,0.0,0.0,0.91,0,0.0,0.0,0.0
790.34,0.021,0.0,0.0,0.0,0.91,0,0.0,0.0,0.0
790.4,0.021,0.0,0.0,0.0,0.91,0,0.0,0.0,0.0
790.46,0.021,0.0,0.0,0.0,0.91,0,0.0,0.0,0.0
790.52,0.021,0.0,0.0,0.0,0.91,0,0.0,0.0,0.0
790.58,0.021,0.0,0.0,0.0,0.91,0,0.0,0.0,0.0
790.62,0.021,0.0,0.0,0.0,0.91,0,0.0,0.0,0.0
790.68,0.021,0.0,0.0,0.0,0.91,0,0.0,0.0,0.0
790.74,0.021,0.0,0.0,0.0,0.91,0,0.0,0.0,0.0
790.8,0.021,0.0,0.0,0.0,0.91,0,0.0,0.0,0.0
790.86,0.021,0.0,0.0,0.0,0.91,0,0.0,0.0,0.0
790.92,0.021,0.0,0.0,0.0,0.91,0,0.0,0.0,0.0
790.98,0.021,0.0,0.0,0.0,0.91,0,0.0,0.0,0.0
791.02,0.021,0.0,0.0,0.0,0.91,0,0.0,0.0,0.0
791.08,0.021,0.0,0.0,0.0,0.91,0,0.0,0.0,0.0
791.12,0.021,0.0,0.0,0.0,0.91,0,0.0,0.0,0.0
791.18,0.021,0.0,0.0,0.0,0.91,0,0.0,0.0,0.0
791.22,0.021,0.0,0.0,0.0,0.91,0,0.0,0.0,0.0
791.28,0.021,0.0,0.0,0.0,0.91,0,0.0,0.0,0.0
791.34,0.021,0.0,0.0,0.0,0.91,0,0.0,0.0,0.0
791.4,0.021,0.0,0.0,0.0,0.91,0,0.0,0.0,0.0
791.46,0.021,0.0,0.0,0.0,0.91,0,0.0,0.0,0.0
791.52,0.021,0.0,0.0,0.0,0.91,0,0.0,0.0,0.0
791.58,0.021,0.0,0.0,0.0,0.91,0,0.0,0.0,0.0
791.62,0.021,0.0,0.0,0.0,0.91,0,0.0,0.0,0.0
791.68,0.021,0.0,0.0,0.0,0.91,0,0.0,0.0,0.0
791.72,0.021,0.0,0.0,0.0,0.91,0,0.0,0.0,0.0
791.78,0.021,0.0,0.0,0.0,0.91,0,0.0,0.0,0.0
791.82,0.021,0.0,0.0,0.0,0.91,0,0.0,0.0,0.0
791.88,0.021,0.0,0.0,0.0,0.91,0,0.0,0.0,0.0
791.94,0.021,0.0,0.0,0.0,0.91,0,0.0,0.0,0.0
792.0,0.021,0.0,0.0,0.0,0.91,0,0.0,0.0,0.0
792.04,0.021,0.0,0.0,0.0,0.91,0,0.0,0.0,0.0
792.1,0.021,0.0,0.0,0.0,0.91,0,0.0,0.0,0.0
792.14,0.021,0.0,0.0,0.0,0.91,0,0.0,0.0,0.0
792.2,0.021,0.0,0.0,0.0,0.91,0,0.0,0.0,0.0
792.26,0.021,0.0,0.0,0.0,0.91,0,0.0,0.0,0.0
792.32,0.021,0.0,0.0,0.0,0.91,0,0.0,0.0,0.0
792.36,0.021,0.0,0.0,0.0,0.91,0,0.0,0.0,0.0
792.42,0.021,0.0,0.0,0.0,0.91,0,0.0,0.0,0.0
792.46,0.021,0.0,0.0,0.0,0.91,0,0.0,0.0,0.0
792.52,0.021,0.0,0.0,0.0,0.91,0,0.0,0.0,0.0
793.42,0.021,0.0,0.0,0.0,0.91,0,0.0,0.0,0.0
793.48,0.021,0.0,0.0,0.0,0.91,0,0.0,0.0,0.0
793.52,0.021,0.0,0.0,0.0,0.91,0,0.0,0.0,0.0
793.58,0.021,0.0,0.0,0.0,0.91,0,0.0,0.0,0.0
793.64,0.021,0.0,0.0,0.0,0.91,0,0.0,0.0,0.0
793.7,0.021,0.0,0.0,0.0,0.91,0,0.0,0.0,0.0
793.74,0.021,0.0,0.0,0.0,0.91,0,0.0,0.0,0.0
793.8,0.021,0.0,0.0,0.0,0.91,0,0.0,0.0,0.0
793.86,0.021,0.0,0.0,0.0,0.91,0,0.0,0.0,0.0
793.92,0.021,0.0,0.0,0.0,0.91,0,0.0,0.0,0.0
793.96,0.021,0.0,0.0,0.0,0.91,0,0.0,0.0,0.0
794.02,0.021,0.0,0.0,0.0,0.91,0,0.0,0.0,0.0
794.06,0.021,0.0,0.0,0.0,0.91,0,0.0,0.0,0.0
794.12,0.021,0.0,0.0,0.0,0.91,0,0.0,0.0,0.0
794.16,0.021,0.0,0.0,0.0,0.91,0,0.0,0.0,0.0
794.22,0.021,0.0,0.0,0.0,0.91,0,0.0,0.0,0.0
794.28,0.021,0.0,0.0,0.0,0.91,0,0.0,0.0,0.0
794.34,0.021,0.0,0.0,0.0,0.91,0,0.0,0.0,0.0
794.4,0.021,0.0,0.0,0.0,0.91,0,0.0,0.0,0.0
794.46,0.021,0.0,0.0,0.0,0.91,0,0.0,0.0,0.0
794.52,0.021,0.0,0.0,0.0,0.91,0,0.0,0.0,0.0
794.56,0.021,0.0,0.0,0.0,0.91,0,0.0,0.0,0.0
794.62,0.021,0.0,0.0,0.0,0.91,0,0.0,0.0,0.0
794.66,0.021,0.0,0.0,0.0,0.91,0,0.0,0.0,0.0
794.72,0.021,0.0,0.0,0.0,0.91,0,0.0,0.0,0.0
794.76,0.021,0.0,0.0,0.0,0.91,0,0.0,0.0,0.0
794.82,0.021,0.0,0.0,0.0,0.91,0,0.0,0.0,0.0
794.88,0.021,0.0,0.0,0.0,0.91,0,0.0,0.0,0.0
794.94,0.021,0.0,0.0,0.0,0.91,0,0.0,0.0,0.0
795.0,0.021,0.0,0.0,0.0,0.91,0,0.0,0.0,0.0
795.06,0.021,0.0,0.0,0.0,0.91,0,0.0,0.0,0.0
795.12,0.021,0.0,0.0,0.0,0.91,0,0.0,0.0,0.0
795.18,0.021,0.0,0.0,0.0,0.91,0,0.0,0.0,0.0
795.24,0.021,0.0,0.0,0.0,0.91,0,0.0,0.0,0.0
795.3,0.021,0.0,0.0,0.0,0.91,0,0.0,0.0,0.0
795.36,0.021,0.0,0.0,0.0,0.91,0,0.0,0.0,0.0
795.4,0.021,0.0,0.0,0.0,0.91,0,0.0,0.0,0.0
795.46,0.021,0.0,0.0,0.0,0.91,0,0.0,0.0,0.0
795.52,0.021,0.0,0.0,0.0,0.91,0,0.0,0.0,0.0
795.58,0.021,0.0,0.0,0.0,0.91,0,0.0,0.0,0.0
795.64,0.021,0.0,0.0,0.0,0.91,0,0.0,0.0,0.0
795.7,0.021,0.0,0.0,0.0,0.91,0,0.0,0.0,0.0
795.76,0.021,0.0,0.0,0.0,0.91,0,0.0,0.0,0.0
795.8,0.021,0.0,0.0,0.0,0.91,0,0.0,0.0,0.0
795.86,0.021,0.0,0.0,0.0,0.91,0,0.0,0.0,0.0
795.9,0.021,0.0,0.0,0.0,0.91,0,0.0,0.0,0.0
795.96,0.021,0.0,0.0,0.0,0.91,0,0.0,0.0,0.0
796.02,0.021,0.0,0.0,0.0,0.91,0,0.0,0.0,0.0
796.06,0.021,0.0,0.0,0.0,0.91,0,0.0,0.0,0.0
796.12,0.021,0.0,0.0,0.0,0.91,0,0.0,0.0,0.0
796.16,0.021,0.0,0.0,0.0,0.91,0,0.0,0.0,0.0
796.22,0.021,0.0,0.0,0.0,0.91,0,0.0,0.0,0.0
796.26,0.021,0.0,0.0,0.0,0.91,0,0.0,0.0,0.0
796.32,0.021,0.0,0.0,0.0,0.91,0,0.0,0.0,0.0
796.36,0.021,0.0,0.0,0.0,0.91,0,0.0,0.0,0.0
796.42,0.021,0.0,0.0,0.0,0.91,0,0.0,0.0,0.0
796.48,0.021,0.0,0.0,0.0,0.91,0,0.0,0.0,0.0
796.52,0.021,0.0,0.0,0.0,0.91,0,0.0,0.0,0.0
796.58,0.021,0.0,0.0,0.0,0.91,0,0.0,0.0,0.0
796.62,0.021,0.0,0.0,0.0,0.91,0,0.0,0.0,0.0
796.68,0.021,0.0,0.0,0.0,0.91,0,0.0,0.0,0.0
796.72,0.021,0.0,0.0,0.0,0.91,0,0.0,0.0,0.0
796.78,0.021,0.0,0.0,0.0,0.91,0,0.0,0.0,0.0
796.82,0.021,0.0,0.0,0.0,0.91,0,0.0,0.0,0.0
796.88,0.021,0.0,0.0,0.0,0.91,0,0.0,0.0,0.0
796.92,0.021,0.0,0.0,0.0,0.91,0,0.0,0.0,0.0
796.98,0.021,0.0,0.0,0.0,0.91,0,0.0,0.0,0.0
797.04,0.021,0.0,0.0,0.0,0.91,0,0.0,0.0,0.0
797.1,0.021,0.0,0.0,0.0,0.91,0,0.0,0.0,0.0
797.14,0.021,0.0,0.0,0.0,0.91,0,0.0,0.0,0.0
797.2,0.021,0.0,0.0,0.0,0.91,0,0.0,0.0,0.0
797.26,0.021,0.0,0.0,0.0,0.91,0,0.0,0.0,0.0
797.32,0.021,0.0,0.0,0.0,0.91,0,0.0,0.0,0.0
797.38,0.021,0.0,0.0,0.0,0.91,0,0.0,0.0,0.0
797.42,0.021,0.0,0.0,0.0,0.91,0,0.0,0.0,0.0
797.48,0.021,0.0,0.0,0.0,0.91,0,0.0,0.0,0.0
797.54,0.021,0.0,0.0,0.0,0.91,0,0.0,0.0,0.0
797.6,0.021,0.0,0.0,0.0,0.91,0,0.0,0.0,0.0
797.64,0.021,0.0,0.0,0.0,0.91,0,0.0,0.0,0.0
797.7,0.021,0.0,0.0,0.0,0.91,0,0.0,0.0,0.0
797.74,0.021,0.0,0.0,0.0,0.91,0,0.0,0.0,0.0
797.8,0.021,0.0,0.0,0.0,0.91,0,0.0,0.0,0.0
797.86,0.021,0.0,0.0,0.0,0.91,0,0.0,0.0,0.0
797.92,0.021,0.0,0.0,0.0,0.91,0,0.0,0.0,0.0
797.96,0.021,0.0,0.0,0.0,0.91,0,0.0,0.0,0.0
798.02,0.021,0.0,0.0,0.0,0.91,0,0.0,0.0,0.0
798.06,0.021,0.0,0.0,0.0,0.91,0,0.0,0.0,0.0
798.12,0.021,0.0,0.0,0.0,0.91,0,0.0,0.0,0.0
798.16,0.021,0.0,0.0,0.0,0.91,0,0.0,0.0,0.0
798.22,0.021,0.0,0.0,0.0,0.91,0,0.0,0.0,0.0
798.26,0.021,0.0,0.0,0.0,0.91,0,0.0,0.0,0.0
798.32,0.021,0.0,0.0,0.0,0.91,0,0.0,0.0,0.0
798.36,0.021,0.0,0.0,0.0,0.91,0,0.0,0.0,0.0
798.42,0.021,0.0,0.0,0.0,0.91,0,0.0,0.0,0.0
798.48,0.021,0.0,0.0,0.0,0.91,0,0.0,0.0,0.0
798.54,0.021,0.0,0.0,0.0,0.91,0,0.0,0.0,0.0
798.6,0.021,0.0,0.0,0.0,0.91,0,0.0,0.0,0.0
798.66,0.021,0.0,0.0,0.0,0.91,0,0.0,0.0,0.0
798.72,0.021,0.0,0.0,0.0,0.91,0,0.0,0.0,0.0
798.78,0.021,0.0,0.0,0.0,0.91,0,0.0,0.0,0.0
798.84,0.021,0.0,0.0,0.0,0.91,0,0.0,0.0,0.0
798.9,0.021,0.0,0.0,0.0,0.91,0,0.0,0.0,0.0
798.96,0.021,0.0,0.0,0.0,0.91,0,0.0,0.0,0.0
799.02,0.021,0.0,0.0,0.0,0.91,0,0.0,0.0,0.0
799.06,0.021,0.0,0.0,0.0,0.91,0,0.0,0.0,0.0
799.12,0.021,0.0,0.0,0.0,0.91,0,0.0,0.0,0.0
799.18,0.021,0.0,0.0,0.0,0.91,0,0.0,0.0,0.0
799.24,0.021,0.0,0.0,0.0,0.91,0,0.0,0.0,0.0
799.3,0.021,0.0,0.0,0.0,0.91,0,0.0,0.0,0.0
799.36,0.021,0.0,0.0,0.0,0.91,0,0.0,0.0,0.0
799.42,0.021,0.0,0.0,0.0,0.91,0,0.0,0.0,0.0
799.48,0.021,0.0,0.0,0.0,0.91,0,0.0,0.0,0.0
799.54,0.021,0.0,0.0,0.0,0.91,0,0.0,0.0,0.0
799.6,0.021,0.0,0.0,0.0,0.91,0,0.0,0.0,0.0
799.66,0.021,0.0,0.0,0.0,0.91,0,0.0,0.0,0.0
799.72,0.021,0.0,0.0,0.0,0.91,0,0.0,0.0,0.0
799.78,0.021,0.0,0.0,0.0,0.91,0,0.0,0.0,0.0
799.84,0.021,0.0,0.0,0.0,0.91,0,0.0,0.0,0.0
799.88,0.021,0.0,0.0,0.0,0.91,0,0.0,0.0,0.0
799.94,0.021,0.0,0.0,0.0,0.91,0,0.0,0.0,0.0
800.0,0.021,0.0,0.0,0.0,0.91,0,0.0,0.0,0.0
800.06,0.021,0.0,0.0,0.0,0.91,0,0.0,0.0,0.0
800.12,0.021,0.0,0.0,0.0,0.91,0,0.0,0.0,0.0
800.18,0.021,0.0,0.0,0.0,0.91,0,0.0,0.0,0.0
800.24,0.021,0.0,0.0,0.0,0.91,0,0.0,0.0,0.0
800.3,0.021,0.0,0.0,0.0,0.91,0,0.0,0.0,0.0
800.36,0.021,0.0,0.0,0.0,0.91,0,0.0,0.0,0.0
800.42,0.021,0.0,0.0,0.0,0.91,0,0.0,0.0,0.0
800.46,0.021,0.0,0.0,0.0,0.91,0,0.0,0.0,0.0
800.52,0.021,0.0,0.0,0.0,0.91,0,0.0,0.0,0.0
800.58,0.021,0.0,0.0,0.0,0.91,0,0.0,0.0,0.0
800.64,0.021,0.0,0.0,0.0,0.91,0,0.0,0.0,0.0
800.68,0.021,0.0,0.0,0.0,0.91,0,0.0,0.0,0.0
800.74,0.021,0.0,0.0,0.0,0.91,0,0.0,0.0,0.0
800.78,0.021,0.0,0.0,0.0,0.91,0,0.0,0.0,0.0
800.84,0.021,0.0,0.0,0.0,0.91,0,0.0,0.0,0.0
800.9,0.021,0.0,0.0,0.0,0.91,0,0.0,0.0,0.0
800.96,0.021,0.0,0.0,0.0,0.91,0,0.0,0.0,0.0
801.02,0.021,0.0,0.0,0.0,0.91,0,0.0,0.0,0.0
801.08,0.021,0.0,0.0,0.0,0.91,0,0.0,0.0,0.0
801.14,0.021,0.0,0.0,0.0,0.91,0,0.0,0.0,0.0
801.2,0.021,0.0,0.0,0.0,0.91,0,0.0,0.0,0.0
801.26,0.021,0.0,0.0,0.0,0.91,0,0.0,0.0,0.0
801.3,0.021,0.0,0.0,0.0,0.91,0,0.0,0.0,0.0
801.36,0.021,0.0,0.0,0.0,0.91,0,0.0,0.0,0.0
801.42,0.021,0.0,0.0,0.0,0.91,0,0.0,0.0,0.0
801.48,0.021,0.0,0.0,0.0,0.91,0,0.0,0.0,0.0
801.54,0.021,0.0,0.0,0.0,0.91,0,0.0,0.0,0.0
801.58,0.021,0.0,0.0,0.0,0.91,0,0.0,0.0,0.0
801.64,0.021,0.0,0.0,0.0,0.91,0,0.0,0.0,0.0
801.7,0.021,0.0,0.0,0.0,0.91,0,0.0,0.0,0.0
801.76,0.021,0.0,0.0,0.0,0.91,0,0.0,0.0,0.0
801.82,0.021,0.0,0.0,0.0,0.91,0,0.0,0.0,0.0
801.86,0.021,0.0,0.0,0.0,0.91,0,0.0,0.0,0.0
801.92,0.021,0.0,0.0,0.0,0.91,0,0.0,0.0,0.0
801.96,0.021,0.0,0.0,0.0,0.91,0,0.0,0.0,0.0
802.02,0.021,0.0,0.0,0.0,0.91,0,0.0,0.0,0.0
802.06,0.021,0.0,0.0,0.0,0.91,0,0.0,0.0,0.0
802.12,0.021,0.0,0.0,0.0,0.91,0,0.0,0.0,0.0
802.18,0.021,0.0,0.0,0.0,0.91,0,0.0,0.0,0.0
802.24,0.021,0.0,0.0,0.0,0.91,0,0.0,0.0,0.0
802.3,0.021,0.0,0.0,0.0,0.91,0,0.0,0.0,0.0
802.36,0.021,0.0,0.0,0.0,0.91,0,0.0,0.0,0.0
802.42,0.021,0.0,0.0,0.0,0.91,0,0.0,0.0,0.0
802.48,0.021,0.0,0.0,0.0,0.91,0,0.0,0.0,0.0
802.52,0.021,0.0,0.0,0.0,0.91,0,0.0,0.0,0.0
802.58,0.021,0.0,0.0,0.0,0.91,0,0.0,0.0,0.0
802.62,0.021,0.0,0.0,0.0,0.91,0,0.0,0.0,0.0
802.68,0.021,0.0,0.0,0.0,0.91,0,0.0,0.0,0.0
802.72,0.021,0.0,0.0,0.0,0.91,0,0.0,0.0,0.0
802.78,0.021,0.0,0.0,0.0,0.91,0,0.0,0.0,0.0
802.82,0.021,0.0,0.0,0.0,0.91,0,0.0,0.0,0.0
802.88,0.021,0.0,0.0,0.0,0.91,0,0.0,0.0,0.0
802.94,0.021,0.0,0.0,0.0,0.91,0,0.0,0.0,0.0
803.0,0.021,0.0,0.0,0.0,0.91,0,0.0,0.0,0.0
803.04,0.021,0.0,0.0,0.0,0.91,0,0.0,0.0,0.0
803.1,0.021,0.0,0.0,0.0,0.91,0,0.0,0.0,0.0
803.14,0.021,0.0,0.0,0.0,0.91,0,0.0,0.0,0.0
803.2,0.021,0.0,0.0,0.0,0.91,0,0.0,0.0,0.0
803.24,0.021,0.0,0.0,0.0,0.91,0,0.0,0.0,0.0
803.3,0.021,0.0,0.0,0.0,0.91,0,0.0,0.0,0.0
803.36,0.021,0.0,0.0,0.0,0.91,0,0.0,0.0,0.0
803.42,0.021,0.0,0.0,0.0,0.91,0,0.0,0.0,0.0
803.48,0.021,0.0,0.0,0.0,0.91,0,0.0,0.0,0.0
803.54,0.021,0.0,0.0,0.0,0.91,0,0.0,0.0,0.0
803.6,0.021,0.0,0.0,0.0,0.91,0,0.0,0.0,0.0
803.64,0.021,0.0,0.0,0.0,0.91,0,0.0,0.0,0.0
803.7,0.021,0.0,0.0,0.0,0.91,0,0.0,0.0,0.0
803.74,0.021,0.0,0.0,0.0,0.91,0,0.0,0.0,0.0
803.8,0.021,0.0,0.0,0.0,0.91,0,0.0,0.0,0.0
803.84,0.021,0.0,0.0,0.0,0.91,0,0.0,0.0,0.0
803.9,0.021,0.0,0.0,0.0,0.91,0,0.0,0.0,0.0
803.96,0.021,0.0,0.0,0.0,0.91,0,0.0,0.0,0.0
804.02,0.021,0.0,0.0,0.0,0.91,0,0.0,0.0,0.0
804.08,0.021,0.0,0.0,0.0,0.91,0,0.0,0.0,0.0
804.12,0.021,0.0,0.0,0.0,0.91,0,0.0,0.0,0.0
804.18,0.021,0.0,0.0,0.0,0.91,0,0.0,0.0,0.0
804.24,0.021,0.0,0.0,0.0,0.91,0,0.0,0.0,0.0
804.3,0.021,0.0,0.0,0.0,0.91,0,0.0,0.0,0.0
804.34,0.021,0.0,0.0,0.0,0.91,0,0.0,0.0,0.0
804.38,0.021,0.0,0.0,0.0,0.91,0,0.0,0.0,0.0
804.44,0.021,0.0,0.0,0.0,0.91,0,0.0,0.0,0.0
804.5,0.021,0.0,0.0,0.0,0.91,0,0.0,0.0,0.0
804.56,0.021,0.0,0.0,0.0,0.91,0,0.0,0.0,0.0
804.62,0.021,0.0,0.0,0.0,0.91,0,0.0,0.0,0.0
804.68,0.021,0.0,0.0,0.0,0.91,0,0.0,0.0,0.0
804.72,0.021,0.0,0.0,0.0,0.91,0,0.0,0.0,0.0
804.78,0.021,0.0,0.0,0.0,0.91,0,0.0,0.0,0.0
804.84,0.021,0.0,0.0,0.0,0.91,0,0.0,0.0,0.0
804.9,0.021,0.0,0.0,0.0,0.91,0,0.0,0.0,0.0
804.96,0.021,0.0,0.0,0.0,0.91,0,0.0,0.0,0.0
805.02,0.021,0.0,0.0,0.0,0.91,0,0.0,0.0,0.0
805.08,0.021,0.0,0.0,0.0,0.91,0,0.0,0.0,0.0
805.14,0.021,0.0,0.0,0.0,0.91,0,0.0,0.0,0.0
805.18,0.021,0.0,0.0,0.0,0.91,0,0.0,0.0,0.0
805.24,0.021,0.0,0.0,0.0,0.91,0,0.0,0.0,0.0
805.3,0.021,0.0,0.0,0.0,0.91,0,0.0,0.0,0.0
805.36,0.021,0.0,0.0,0.0,0.91,0,0.0,0.0,0.0
805.42,0.021,0.0,0.0,0.0,0.91,0,0.0,0.0,0.0
805.48,0.021,0.0,0.0,0.0,0.91,0,0.0,0.0,0.0
805.54,0.021,0.0,0.0,0.0,0.91,0,0.0,0.0,0.0
805.6,0.021,0.0,0.0,0.0,0.91,0,0.0,0.0,0.0
805.64,0.021,0.0,0.0,0.0,0.91,0,0.0,0.0,0.0
805.7,0.021,0.0,0.0,0.0,0.91,0,0.0,0.0,0.0
805.74,0.021,0.0,0.0,0.0,0.91,0,0.0,0.0,0.0
805.8,0.021,0.0,0.0,0.0,0.91,0,0.0,0.0,0.0
805.84,0.021,0.0,0.0,0.0,0.91,0,0.0,0.0,0.0
805.9,0.021,0.0,0.0,0.0,0.91,0,0.0,0.0,0.0
805.94,0.021,0.0,0.0,0.0,0.91,0,0.0,0.0,0.0
806.0,0.021,0.0,0.0,0.0,0.91,0,0.0,0.0,0.0
806.06,0.021,0.0,0.0,0.0,0.91,0,0.0,0.0,0.0
806.12,0.021,0.0,0.0,0.0,0.91,0,0.0,0.0,0.0
806.18,0.021,0.0,0.0,0.0,0.91,0,0.0,0.0,0.0
806.24,0.021,0.0,0.0,0.0,0.91,0,0.0,0.0,0.0
806.28,0.021,0.0,0.0,0.0,0.91,0,0.0,0.0,0.0
806.34,0.021,0.0,0.0,0.0,0.91,0,0.0,0.0,0.0
806.4,0.021,0.0,0.0,0.0,0.91,0,0.0,0.0,0.0
806.46,0.021,0.0,0.0,0.0,0.91,0,0.0,0.0,0.0
806.52,0.021,0.0,0.0,0.0,0.91,0,0.0,0.0,0.0
806.58,0.021,0.0,0.0,0.0,0.91,0,0.0,0.0,0.0
806.62,0.021,0.0,0.0,0.0,0.91,0,0.0,0.0,0.0
806.68,0.021,0.0,0.0,0.0,0.91,0,0.0,0.0,0.0
806.72,0.021,0.0,0.0,0.0,0.91,0,0.0,0.0,0.0
806.78,0.021,0.0,0.0,0.0,0.91,0,0.0,0.0,0.0
806.82,0.021,0.0,0.0,0.0,0.91,0,0.0,0.0,0.0
806.88,0.021,0.0,0.0,0.0,0.91,0,0.0,0.0,0.0
806.92,0.021,0.0,0.0,0.0,0.91,0,0.0,0.0,0.0
806.98,0.021,0.0,0.0,0.0,0.91,0,0.0,0.0,0.0
807.04,0.021,0.0,0.0,0.0,0.91,0,0.0,0.0,0.0
807.1,0.021,0.0,0.0,0.0,0.91,0,0.0,0.0,0.0
807.14,0.021,0.0,0.0,0.0,0.91,0,0.0,0.0,0.0
807.2,0.021,0.0,0.0,0.0,0.91,0,0.0,0.0,0.0
807.24,0.021,0.0,0.0,0.0,0.91,0,0.0,0.0,0.0
807.3,0.021,0.0,0.0,0.0,0.91,0,0.0,0.0,0.0
807.34,0.021,0.0,0.0,0.0,0.91,0,0.0,0.0,0.0
807.4,0.021,0.0,0.0,0.0,0.91,0,0.0,0.0,0.0
807.46,0.021,0.0,0.0,0.0,0.91,0,0.0,0.0,0.0
807.5,0.021,0.0,0.0,0.0,0.91,0,0.0,0.0,0.0
807.56,0.021,0.0,0.0,0.0,0.91,0,0.0,0.0,0.0
807.62,0.021,0.0,0.0,0.0,0.91,0,0.0,0.0,0.0
807.68,0.021,0.0,0.0,0.0,0.91,0,0.0,0.0,0.0
807.74,0.021,0.0,0.0,0.0,0.91,0,0.0,0.0,0.0
807.8,0.021,0.0,0.0,0.0,0.91,0,0.0,0.0,0.0
807.86,0.021,0.0,0.0,0.0,0.91,0,0.0,0.0,0.0
807.92,0.021,0.0,0.0,0.0,0.91,0,0.0,0.0,0.0
807.96,0.021,0.0,0.0,0.0,0.91,0,0.0,0.0,0.0
808.02,0.021,0.0,0.0,0.0,0.91,0,0.0,0.0,0.0
808.08,0.021,0.0,0.0,0.0,0.91,0,0.0,0.0,0.0
808.14,0.021,0.0,0.0,0.0,0.91,0,0.0,0.0,0.0
808.2,0.021,0.0,0.0,0.0,0.91,0,0.0,0.0,0.0
808.26,0.021,0.0,0.0,0.0,0.91,0,0.0,0.0,0.0
808.32,0.021,0.0,0.0,0.0,0.91,0,0.0,0.0,0.0
808.38,0.021,0.0,0.0,0.0,0.91,0,0.0,0.0,0.0
808.44,0.021,0.0,0.0,0.0,0.91,0,0.0,0.0,0.0
808.48,0.021,0.0,0.0,0.0,0.91,0,0.0,0.0,0.0
808.54,0.021,0.0,0.0,0.0,0.91,0,0.0,0.0,0.0
808.6,0.021,0.0,0.0,0.0,0.91,0,0.0,0.0,0.0
808.66,0.021,0.0,0.0,0.0,0.91,0,0.0,0.0,0.0
808.7,0.021,0.0,0.0,0.0,0.91,0,0.0,0.0,0.0
808.76,0.021,0.0,0.0,0.0,0.91,0,0.0,0.0,0.0
808.82,0.021,0.0,0.0,0.0,0.91,0,0.0,0.0,0.0
808.86,0.021,0.0,0.0,0.0,0.91,0,0.0,0.0,0.0
808.92,0.021,0.0,0.0,0.0,0.91,0,0.0,0.0,0.0
808.96,0.021,0.0,0.0,0.0,0.91,0,0.0,0.0,0.0
809.02,0.021,0.0,0.0,0.0,0.91,0,0.0,0.0,0.0
809.06,0.021,0.0,0.0,0.0,0.91,0,0.0,0.0,0.0
809.12,0.021,0.0,0.0,0.0,0.91,0,0.0,0.0,0.0
809.16,0.021,0.0,0.0,0.0,0.91,0,0.0,0.0,0.0
809.22,0.021,0.0,0.0,0.0,0.91,0,0.0,0.0,0.0
809.28,0.021,0.0,0.0,0.0,0.91,0,0.0,0.0,0.0
809.34,0.021,0.0,0.0,0.0,0.91,0,0.0,0.0,0.0
809.4,0.021,0.0,0.0,0.0,0.91,0,0.0,0.0,0.0
809.44,0.021,0.0,0.0,0.0,0.91,0,0.0,0.0,0.0
809.5,0.021,0.0,0.0,0.0,0.91,0,0.0,0.0,0.0
809.56,0.021,0.0,0.0,0.0,0.91,0,0.0,0.0,0.0
809.6,0.021,0.0,0.0,0.0,0.91,0,0.0,0.0,0.0
809.66,0.021,0.0,0.0,0.0,0.91,0,0.0,0.0,0.0
809.72,0.021,0.0,0.0,0.0,0.91,0,0.0,0.0,0.0
809.76,0.021,0.0,0.0,0.0,0.91,0,0.0,0.0,0.0
809.82,0.021,0.0,0.0,0.0,0.91,0,0.0,0.0,0.0
809.88,0.021,0.0,0.0,0.0,0.91,0,0.0,0.0,0.0
809.92,0.021,0.0,0.0,0.0,0.91,0,0.0,0.0,0.0
809.96,0.021,0.0,0.0,0.0,0.91,0,0.0,0.0,0.0
810.02,0.021,0.0,0.0,0.0,0.91,0,0.0,0.0,0.0
810.06,0.021,0.0,0.0,0.0,0.91,0,0.0,0.0,0.0
810.12,0.021,0.0,0.0,0.0,0.91,0,0.0,0.0,0.0
810.16,0.021,0.0,0.0,0.0,0.91,0,0.0,0.0,0.0
810.22,0.021,0.0,0.0,0.0,0.91,0,0.0,0.0,0.0
810.26,0.021,0.0,0.0,0.0,0.91,0,0.0,0.0,0.0
810.32,0.021,0.0,0.0,0.0,0.91,0,0.0,0.0,0.0
810.38,0.021,0.0,0.0,0.0,0.91,0,0.0,0.0,0.0
810.42,0.021,0.0,0.0,0.0,0.91,0,0.0,0.0,0.0
810.46,0.021,0.0,0.0,0.0,0.91,0,0.0,0.0,0.0
810.52,0.021,0.0,0.0,0.0,0.91,0,0.0,0.0,0.0
810.58,0.021,0.0,0.0,0.0,0.91,0,0.0,0.0,0.0
810.62,0.021,0.0,0.0,0.0,0.91,0,0.0,0.0,0.0
810.68,0.021,0.0,0.0,0.0,0.91,0,0.0,0.0,0.0
810.72,0.021,0.0,0.0,0.0,0.91,0,0.0,0.0,0.0
810.78,0.021,0.0,0.0,0.0,0.91,0,0.0,0.0,0.0
810.84,0.021,0.0,0.0,0.0,0.91,0,0.0,0.0,0.0
810.88,0.021,0.0,0.0,0.0,0.91,0,0.0,0.0,0.0
810.94,0.021,0.0,0.0,0.0,0.91,0,0.0,0.0,0.0
810.98,0.021,0.0,0.0,0.0,0.91,0,0.0,0.0,0.0
811.04,0.021,0.0,0.0,0.0,0.91,0,0.0,0.0,0.0
811.08,0.021,0.0,0.0,0.0,0.91,0,0.0,0.0,0.0
811.14,0.021,0.0,0.0,0.0,0.91,0,0.0,0.0,0.0
811.16,0.021,0.0,0.0,0.0,0.91,0,0.0,0.0,0.0
811.18,0.021,0.0,0.0,0.0,0.91,0,0.0,0.0,0.0
811.26,0.021,0.0,0.0,0.0,0.91,0,0.0,0.0,0.0
811.3,0.021,0.0,0.0,0.0,0.91,0,0.0,0.0,0.0
811.34,0.021,0.0,0.0,0.0,0.91,0,0.0,0.0,0.0
811.4,0.021,0.0,0.0,0.0,0.91,0,0.0,0.0,0.0
811.46,0.021,0.0,0.0,0.0,0.91,0,0.0,0.0,0.0
811.52,0.021,0.0,0.0,0.0,0.91,0,0.0,0.0,0.0
811.56,0.021,0.0,0.0,0.0,0.91,0,0.0,0.0,0.0
811.62,0.021,0.0,0.0,0.0,0.91,0,0.0,0.0,0.0
811.68,0.021,0.0,0.0,0.0,0.91,0,0.0,0.0,0.0
811.74,0.021,0.0,0.0,0.0,0.91,0,0.0,0.0,0.0
811.8,0.021,0.0,0.0,0.0,0.91,0,0.0,0.0,0.0
811.84,0.021,0.0,0.0,0.0,0.91,0,0.0,0.0,0.0
811.9,0.021,0.0,0.0,0.0,0.91,0,0.0,0.0,0.0
811.94,0.021,0.0,0.0,0.0,0.91,0,0.0,0.0,0.0
812.0,0.021,0.0,0.0,0.0,0.91,0,0.0,0.0,0.0
812.04,0.021,0.0,0.0,0.0,0.91,0,0.0,0.0,0.0
812.1,0.021,0.0,0.0,0.0,0.91,0,0.0,0.0,0.0
812.14,0.021,0.0,0.0,0.0,0.91,0,0.0,0.0,0.0
812.2,0.021,0.0,0.0,0.0,0.91,0,0.0,0.0,0.0
812.26,0.021,0.0,0.0,0.0,0.91,0,0.0,0.0,0.0
812.32,0.021,0.0,0.0,0.0,0.91,0,0.0,0.0,0.0
812.38,0.021,0.0,0.0,0.0,0.91,0,0.0,0.0,0.0
812.42,0.021,0.0,0.0,0.0,0.91,0,0.0,0.0,0.0
812.48,0.021,0.0,0.0,0.0,0.91,0,0.0,0.0,0.0
812.52,0.021,0.0,0.0,0.0,0.91,0,0.0,0.0,0.0
812.58,0.021,0.0,0.0,0.0,0.91,0,0.0,0.0,0.0
812.62,0.021,0.0,0.0,0.0,0.91,0,0.0,0.0,0.0
812.68,0.021,0.0,0.0,0.0,0.91,0,0.0,0.0,0.0
812.72,0.021,0.0,0.0,0.0,0.91,0,0.0,0.0,0.0
812.78,0.021,0.0,0.0,0.0,0.91,0,0.0,0.0,0.0
812.82,0.021,0.0,0.0,0.0,0.91,0,0.0,0.0,0.0
812.88,0.021,0.0,0.0,0.0,0.91,0,0.0,0.0,0.0
812.94,0.021,0.0,0.0,0.0,0.91,0,0.0,0.0,0.0
813.0,0.021,0.0,0.0,0.0,0.91,0,0.0,0.0,0.0
813.06,0.021,0.0,0.0,0.0,0.91,0,0.0,0.0,0.0
813.1,0.021,0.0,0.0,0.0,0.91,0,0.0,0.0,0.0
813.16,0.021,0.0,0.0,0.0,0.91,0,0.0,0.0,0.0
813.2,0.021,0.0,0.0,0.0,0.91,0,0.0,0.0,0.0
813.26,0.021,0.0,0.0,0.0,0.91,0,0.0,0.0,0.0
813.3,0.021,0.0,0.0,0.0,0.91,0,0.0,0.0,0.0
813.36,0.021,0.0,0.0,0.0,0.91,0,0.0,0.0,0.0
813.4,0.021,0.0,0.0,0.0,0.91,0,0.0,0.0,0.0
813.46,0.021,0.0,0.0,0.0,0.91,0,0.0,0.0,0.0
813.5,0.021,0.0,0.0,0.0,0.91,0,0.0,0.0,0.0
813.56,0.021,0.0,0.0,0.0,0.91,0,0.0,0.0,0.0
813.62,0.021,0.0,0.0,0.0,0.91,0,0.0,0.0,0.0
813.68,0.021,0.0,0.0,0.0,0.91,0,0.0,0.0,0.0
813.74,0.021,0.0,0.0,0.0,0.91,0,0.0,0.0,0.0
813.78,0.021,0.0,0.0,0.0,0.91,0,0.0,0.0,0.0
813.84,0.021,0.0,0.0,0.0,0.91,0,0.0,0.0,0.0
813.88,0.021,0.0,0.0,0.0,0.91,0,0.0,0.0,0.0
813.94,0.021,0.0,0.0,0.0,0.91,0,0.0,0.0,0.0
813.98,0.021,0.0,0.0,0.0,0.91,0,0.0,0.0,0.0
814.04,0.021,0.0,0.0,0.0,0.91,0,0.0,0.0,0.0
814.08,0.021,0.0,0.0,0.0,0.91,0,0.0,0.0,0.0
814.14,0.021,0.0,0.0,0.0,0.91,0,0.0,0.0,0.0
814.18,0.021,0.0,0.0,0.0,0.91,0,0.0,0.0,0.0
814.24,0.021,0.0,0.0,0.0,0.91,0,0.0,0.0,0.0
814.3,0.021,0.0,0.0,0.0,0.91,0,0.0,0.0,0.0
814.36,0.021,0.0,0.0,0.0,0.91,0,0.0,0.0,0.0
814.42,0.021,0.0,0.0,0.0,0.91,0,0.0,0.0,0.0
814.48,0.021,0.0,0.0,0.0,0.91,0,0.0,0.0,0.0
814.54,0.021,0.0,0.0,0.0,0.91,0,0.0,0.0,0.0
814.6,0.021,0.0,0.0,0.0,0.91,0,0.0,0.0,0.0
814.66,0.021,0.0,0.0,0.0,0.91,0,0.0,0.0,0.0
814.72,0.021,0.0,0.0,0.0,0.91,0,0.0,0.0,0.0
814.76,0.021,0.0,0.0,0.0,0.91,0,0.0,0.0,0.0
814.82,0.021,0.0,0.0,0.0,0.91,0,0.0,0.0,0.0
814.88,0.021,0.0,0.0,0.0,0.91,0,0.0,0.0,0.0
814.92,0.021,0.0,0.0,0.0,0.91,0,0.0,0.0,0.0
814.98,0.021,0.0,0.0,0.0,0.91,0,0.0,0.0,0.0
815.02,0.021,0.0,0.0,0.0,0.91,0,0.0,0.0,0.0
815.08,0.021,0.0,0.0,0.0,0.91,0,0.0,0.0,0.0
815.12,0.021,0.0,0.0,0.0,0.91,0,0.0,0.0,0.0
815.18,0.021,0.0,0.0,0.0,0.91,0,0.0,0.0,0.0
815.22,0.021,0.0,0.0,0.0,0.91,0,0.0,0.0,0.0
815.28,0.021,0.0,0.0,0.0,0.91,0,0.0,0.0,0.0
815.32,0.021,0.0,0.0,0.0,0.91,0,0.0,0.0,0.0
815.38,0.021,0.0,0.0,0.0,0.91,0,0.0,0.0,0.0
815.44,0.021,0.0,0.0,0.0,0.91,0,0.0,0.0,0.0
815.5,0.021,0.0,0.0,0.0,0.91,0,0.0,0.0,0.0
815.56,0.021,0.0,0.0,0.0,0.91,0,0.0,0.0,0.0
815.62,0.021,0.0,0.0,0.0,0.91,0,0.0,0.0,0.0
815.68,0.021,0.0,0.0,0.0,0.91,0,0.0,0.0,0.0
815.74,0.021,0.0,0.0,0.0,0.91,0,0.0,0.0,0.0
815.78,0.021,0.0,0.0,0.0,0.91,0,0.0,0.0,0.0
815.84,0.021,0.0,0.0,0.0,0.91,0,0.0,0.0,0.0
815.88,0.021,0.0,0.0,0.0,0.91,0,0.0,0.0,0.0
815.94,0.021,0.0,0.0,0.0,0.91,0,0.0,0.0,0.0
815.98,0.021,0.0,0.0,0.0,0.91,0,0.0,0.0,0.0
816.04,0.021,0.0,0.0,0.0,0.91,0,0.0,0.0,0.0
816.08,0.021,0.0,0.0,0.0,0.91,0,0.0,0.0,0.0
816.14,0.021,0.0,0.0,0.0,0.91,0,0.0,0.0,0.0
816.2,0.021,0.0,0.0,0.0,0.91,0,0.0,0.0,0.0
816.24,0.021,0.0,0.0,0.0,0.91,0,0.0,0.0,0.0
816.3,0.021,0.0,0.0,0.0,0.91,0,0.0,0.0,0.0
816.34,0.021,0.0,0.0,0.0,0.91,0,0.0,0.0,0.0
816.4,0.021,0.0,0.0,0.0,0.91,0,0.0,0.0,0.0
816.44,0.021,0.0,0.0,0.0,0.91,0,0.0,0.0,0.0
816.5,0.021,0.0,0.0,0.0,0.91,0,0.0,0.0,0.0
816.54,0.021,0.0,0.0,0.0,0.91,0,0.0,0.0,0.0
816.6,0.021,0.0,0.0,0.0,0.91,0,0.0,0.0,0.0
816.64,0.021,0.0,0.0,0.0,0.91,0,0.0,0.0,0.0
816.7,0.021,0.0,0.0,0.0,0.91,0,0.0,0.0,0.0
816.76,0.021,0.0,0.0,0.0,0.91,0,0.0,0.0,0.0
816.8,0.021,0.0,0.0,0.0,0.91,0,0.0,0.0,0.0
816.86,0.021,0.0,0.0,0.0,0.91,0,0.0,0.0,0.0
816.9,0.021,0.0,0.0,0.0,0.91,0,0.0,0.0,0.0
816.96,0.021,0.0,0.0,0.0,0.91,0,0.0,0.0,0.0
817.02,0.021,0.0,0.0,0.0,0.91,0,0.0,0.0,0.0
817.08,0.021,0.0,0.0,0.0,0.91,0,0.0,0.0,0.0
817.14,0.021,0.0,0.0,0.0,0.91,0,0.0,0.0,0.0
817.2,0.021,0.0,0.0,0.0,0.91,0,0.0,0.0,0.0
817.24,0.021,0.0,0.0,0.0,0.91,0,0.0,0.0,0.0
817.3,0.021,0.0,0.0,0.0,0.91,0,0.0,0.0,0.0
817.34,0.021,0.0,0.0,0.0,0.91,0,0.0,0.0,0.0
817.4,0.021,0.0,0.0,0.0,0.91,0,0.0,0.0,0.0
817.44,0.021,0.0,0.0,0.0,0.91,0,0.0,0.0,0.0
817.5,0.021,0.0,0.0,0.0,0.91,0,0.0,0.0,0.0
817.56,0.021,0.0,0.0,0.0,0.91,0,0.0,0.0,0.0
817.62,0.021,0.0,0.0,0.0,0.91,0,0.0,0.0,0.0
817.68,0.021,0.0,0.0,0.0,0.91,0,0.0,0.0,0.0
817.72,0.021,0.0,0.0,0.0,0.91,0,0.0,0.0,0.0
817.78,0.021,0.0,0.0,0.0,0.91,0,0.0,0.0,0.0
817.82,0.021,0.0,0.0,0.0,0.91,0,0.0,0.0,0.0
817.88,0.021,0.0,0.0,0.0,0.91,0,0.0,0.0,0.0
817.92,0.021,0.0,0.0,0.0,0.91,0,0.0,0.0,0.0
817.98,0.021,0.0,0.0,0.0,0.91,0,0.0,0.0,0.0
818.02,0.021,0.0,0.0,0.0,0.91,0,0.0,0.0,0.0
818.08,0.021,0.0,0.0,0.0,0.91,0,0.0,0.0,0.0
818.12,0.021,0.0,0.0,0.0,0.91,0,0.0,0.0,0.0
818.18,0.021,0.0,0.0,0.0,0.91,0,0.0,0.0,0.0
818.24,0.021,0.0,0.0,0.0,0.91,0,0.0,0.0,0.0
818.3,0.021,0.0,0.0,0.0,0.91,0,0.0,0.0,0.0
818.36,0.021,0.0,0.0,0.0,0.91,0,0.0,0.0,0.0
818.42,0.021,0.0,0.0,0.0,0.91,0,0.0,0.0,0.0
818.48,0.021,0.0,0.0,0.0,0.91,0,0.0,0.0,0.0
818.52,0.021,0.0,0.0,0.0,0.91,0,0.0,0.0,0.0
818.58,0.021,0.0,0.0,0.0,0.91,0,0.0,0.0,0.0
818.64,0.021,0.0,0.0,0.0,0.91,0,0.0,0.0,0.0
818.7,0.021,0.0,0.0,0.0,0.91,0,0.0,0.0,0.0
818.76,0.021,0.0,0.0,0.0,0.91,0,0.0,0.0,0.0
818.82,0.021,0.0,0.0,0.0,0.91,0,0.0,0.0,0.0
818.88,0.021,0.0,0.0,0.0,0.91,0,0.0,0.0,0.0
818.94,0.021,0.0,0.0,0.0,0.91,0,0.0,0.0,0.0
818.98,0.021,0.0,0.0,0.0,0.91,0,0.0,0.0,0.0
819.04,0.021,0.0,0.0,0.0,0.91,0,0.0,0.0,0.0
819.08,0.021,0.0,0.0,0.0,0.91,0,0.0,0.0,0.0
819.14,0.021,0.0,0.0,0.0,0.91,0,0.0,0.0,0.0
819.18,0.021,0.0,0.0,0.0,0.91,0,0.0,0.0,0.0
819.24,0.021,0.0,0.0,0.0,0.91,0,0.0,0.0,0.0
819.28,0.021,0.0,0.0,0.0,0.91,0,0.0,0.0,0.0
819.34,0.021,0.0,0.0,0.0,0.91,0,0.0,0.0,0.0
819.38,0.021,0.0,0.0,0.0,0.91,0,0.0,0.0,0.0
819.44,0.021,0.0,0.0,0.0,0.91,0,0.0,0.0,0.0
819.5,0.021,0.0,0.0,0.0,0.91,0,0.0,0.0,0.0
819.56,0.021,0.0,0.0,0.0,0.91,0,0.0,0.0,0.0
819.62,0.021,0.0,0.0,0.0,0.91,0,0.0,0.0,0.0
819.68,0.021,0.0,0.0,0.0,0.91,0,0.0,0.0,0.0
819.74,0.021,0.0,0.0,0.0,0.91,0,0.0,0.0,0.0
819.78,0.021,0.0,0.0,0.0,0.91,0,0.0,0.0,0.0
819.84,0.021,0.0,0.0,0.0,0.91,0,0.0,0.0,0.0
819.88,0.021,0.0,0.0,0.0,0.91,0,0.0,0.0,0.0
819.94,0.021,0.0,0.0,0.0,0.91,0,0.0,0.0,0.0
819.98,0.021,0.0,0.0,0.0,0.91,0,0.0,0.0,0.0
820.04,0.021,0.0,0.0,0.0,0.91,0,0.0,0.0,0.0
820.08,0.021,0.0,0.0,0.0,0.91,0,0.0,0.0,0.0
820.14,0.021,0.0,0.0,0.0,0.91,0,0.0,0.0,0.0
820.18,0.021,0.0,0.0,0.0,0.91,0,0.0,0.0,0.0
820.24,0.021,0.0,0.0,0.0,0.91,0,0.0,0.0,0.0
820.3,0.021,0.0,0.0,0.0,0.91,0,0.0,0.0,0.0
820.36,0.021,0.0,0.0,0.0,0.91,0,0.0,0.0,0.0
820.4,0.021,0.0,0.0,0.0,0.91,0,0.0,0.0,0.0
820.46,0.021,0.0,0.0,0.0,0.91,0,0.0,0.0,0.0
820.5,0.021,0.0,0.0,0.0,0.91,0,0.0,0.0,0.0
820.56,0.021,0.0,0.0,0.0,0.91,0,0.0,0.0,0.0
820.6,0.021,0.0,0.0,0.0,0.91,0,0.0,0.0,0.0
820.66,0.021,0.0,0.0,0.0,0.91,0,0.0,0.0,0.0
820.7,0.021,0.0,0.0,0.0,0.91,0,0.0,0.0,0.0
820.76,0.021,0.0,0.0,0.0,0.91,0,0.0,0.0,0.0
820.8,0.021,0.0,0.0,0.0,0.91,0,0.0,0.0,0.0
820.86,0.021,0.0,0.0,0.0,0.91,0,0.0,0.0,0.0
820.92,0.021,0.0,0.0,0.0,0.91,0,0.0,0.0,0.0
820.98,0.021,0.0,0.0,0.0,0.91,0,0.0,0.0,0.0
821.02,0.021,0.0,0.0,0.0,0.91,0,0.0,0.0,0.0
821.08,0.021,0.0,0.0,0.0,0.91,0,0.0,0.0,0.0
821.12,0.021,0.0,0.0,0.0,0.91,0,0.0,0.0,0.0
821.18,0.021,0.0,0.0,0.0,0.91,0,0.0,0.0,0.0
821.22,0.021,0.0,0.0,0.0,0.91,0,0.0,0.0,0.0
821.28,0.021,0.0,0.0,0.0,0.91,0,0.0,0.0,0.0
821.32,0.021,0.0,0.0,0.0,0.91,0,0.0,0.0,0.0
821.38,0.021,0.0,0.0,0.0,0.91,0,0.0,0.0,0.0
821.44,0.021,0.0,0.0,0.0,0.91,0,0.0,0.0,0.0
821.5,0.021,0.0,0.0,0.0,0.91,0,0.0,0.0,0.0
821.56,0.021,0.0,0.0,0.0,0.91,0,0.0,0.0,0.0
821.62,0.021,0.0,0.0,0.0,0.91,0,0.0,0.0,0.0
821.68,0.021,0.0,0.0,0.0,0.91,0,0.0,0.0,0.0
821.72,0.021,0.0,0.0,0.0,0.91,0,0.0,0.0,0.0
821.78,0.021,0.0,0.0,0.0,0.91,0,0.0,0.0,0.0
821.82,0.021,0.0,0.0,0.0,0.91,0,0.0,0.0,0.0
821.88,0.021,0.0,0.0,0.0,0.91,0,0.0,0.0,0.0
821.92,0.021,0.0,0.0,0.0,0.91,0,0.0,0.0,0.0
821.98,0.021,0.0,0.0,0.0,0.91,0,0.0,0.0,0.0
822.04,0.021,0.0,0.0,0.0,0.91,0,0.0,0.0,0.0
822.08,0.021,0.0,0.0,0.0,0.91,0,0.0,0.0,0.0
822.14,0.021,0.0,0.0,0.0,0.91,0,0.0,0.0,0.0
822.18,0.021,0.0,0.0,0.0,0.91,0,0.0,0.0,0.0
822.24,0.021,0.0,0.0,0.0,0.91,0,0.0,0.0,0.0
822.28,0.021,0.0,0.0,0.0,0.91,0,0.0,0.0,0.0
822.34,0.021,0.0,0.0,0.0,0.91,0,0.0,0.0,0.0
822.4,0.021,0.0,0.0,0.0,0.91,0,0.0,0.0,0.0
822.46,0.021,0.0,0.0,0.0,0.91,0,0.0,0.0,0.0
822.52,0.021,0.0,0.0,0.0,0.91,0,0.0,0.0,0.0
822.56,0.021,0.0,0.0,0.0,0.91,0,0.0,0.0,0.0
822.62,0.021,0.0,0.0,0.0,0.91,0,0.0,0.0,0.0
822.66,0.021,0.0,0.0,0.0,0.91,0,0.0,0.0,0.0
822.72,0.021,0.0,0.0,0.0,0.91,0,0.0,0.0,0.0
822.76,0.021,0.0,0.0,0.0,0.91,0,0.0,0.0,0.0
822.82,0.021,0.0,0.0,0.0,0.91,0,0.0,0.0,0.0
822.88,0.021,0.0,0.0,0.0,0.91,0,0.0,0.0,0.0
822.94,0.021,0.0,0.0,0.0,0.91,0,0.0,0.0,0.0
822.98,0.021,0.0,0.0,0.0,0.91,0,0.0,0.0,0.0
823.04,0.021,0.0,0.0,0.0,0.91,0,0.0,0.0,0.0
823.08,0.021,0.0,0.0,0.0,0.91,0,0.0,0.0,0.0
823.14,0.021,0.0,0.0,0.0,0.91,0,0.0,0.0,0.0
823.18,0.021,0.0,0.0,0.0,0.91,0,0.0,0.0,0.0
823.24,0.021,0.0,0.0,0.0,0.91,0,0.0,0.0,0.0
823.3,0.021,0.0,0.0,0.0,0.91,0,0.0,0.0,0.0
823.34,0.021,0.0,0.0,0.0,0.91,0,0.0,0.0,0.0
823.38,0.021,0.0,0.0,0.0,0.91,0,0.0,0.0,0.0
823.44,0.021,0.0,0.0,0.0,0.91,0,0.0,0.0,0.0
823.5,0.021,0.0,0.0,0.0,0.91,0,0.0,0.0,0.0
823.56,0.021,0.0,0.0,0.0,0.91,0,0.0,0.0,0.0
823.6,0.021,0.0,0.0,0.0,0.91,0,0.0,0.0,0.0
823.66,0.021,0.0,0.0,0.0,0.91,0,0.0,0.0,0.0
823.7,0.021,0.0,0.0,0.0,0.91,0,0.0,0.0,0.0
823.76,0.021,0.0,0.0,0.0,0.91,0,0.0,0.0,0.0
823.8,0.021,0.0,0.0,0.0,0.91,0,0.0,0.0,0.0
823.86,0.021,0.0,0.0,0.0,0.91,0,0.0,0.0,0.0
823.9,0.021,0.0,0.0,0.0,0.91,0,0.0,0.0,0.0
823.96,0.021,0.0,0.0,0.0,0.91,0,0.0,0.0,0.0
824.02,0.021,0.0,0.0,0.0,0.91,0,0.0,0.0,0.0
824.08,0.021,0.0,0.0,0.0,0.91,0,0.0,0.0,0.0
824.12,0.021,0.0,0.0,0.0,0.91,0,0.0,0.0,0.0
824.18,0.021,0.0,0.0,0.0,0.91,0,0.0,0.0,0.0
824.22,0.021,0.0,0.0,0.0,0.91,0,0.0,0.0,0.0
824.28,0.021,0.0,0.0,0.0,0.91,0,0.0,0.0,0.0
824.32,0.021,0.0,0.0,0.0,0.91,0,0.0,0.0,0.0
824.38,0.021,0.0,0.0,0.0,0.91,0,0.0,0.0,0.0
824.44,0.021,0.0,0.0,0.0,0.91,0,0.0,0.0,0.0
824.5,0.021,0.0,0.0,0.0,0.91,0,0.0,0.0,0.0
824.56,0.021,0.0,0.0,0.0,0.91,0,0.0,0.0,0.0
824.62,0.021,0.0,0.0,0.0,0.91,0,0.0,0.0,0.0
824.66,0.021,0.0,0.0,0.0,0.91,0,0.0,0.0,0.0
824.7,0.021,0.0,0.0,0.0,0.91,0,0.0,0.0,0.0
824.76,0.021,0.0,0.0,0.0,0.91,0,0.0,0.0,0.0
824.82,0.021,0.0,0.0,0.0,0.91,0,0.0,0.0,0.0
824.88,0.021,0.0,0.0,0.0,0.91,0,0.0,0.0,0.0
824.92,0.021,0.0,0.0,0.0,0.91,0,0.0,0.0,0.0
824.98,0.021,0.0,0.0,0.0,0.91,0,0.0,0.0,0.0
825.04,0.021,0.0,0.0,0.0,0.91,0,0.0,0.0,0.0
825.1,0.021,0.0,0.0,0.0,0.91,0,0.0,0.0,0.0
825.16,0.021,0.0,0.0,0.0,0.91,0,0.0,0.0,0.0
825.22,0.021,0.0,0.0,0.0,0.91,0,0.0,0.0,0.0
825.26,0.021,0.0,0.0,0.0,0.91,0,0.0,0.0,0.0
825.32,0.021,0.0,0.0,0.0,0.91,0,0.0,0.0,0.0
825.38,0.021,0.0,0.0,0.0,0.91,0,0.0,0.0,0.0
825.44,0.021,0.0,0.0,0.0,0.91,0,0.0,0.0,0.0
825.5,0.021,0.0,0.0,0.0,0.91,0,0.0,0.0,0.0
825.56,0.021,0.0,0.0,0.0,0.91,0,0.0,0.0,0.0
825.62,0.021,0.0,0.0,0.0,0.91,0,0.0,0.0,0.0
825.66,0.021,0.0,0.0,0.0,0.91,0,0.0,0.0,0.0
825.72,0.021,0.0,0.0,0.0,0.91,0,0.0,0.0,0.0
825.76,0.021,0.0,0.0,0.0,0.91,0,0.0,0.0,0.0
825.82,0.021,0.0,0.0,0.0,0.91,0,0.0,0.0,0.0
825.86,0.021,0.0,0.0,0.0,0.91,0,0.0,0.0,0.0
825.92,0.021,0.0,0.0,0.0,0.91,0,0.0,0.0,0.0
825.98,0.021,0.0,0.0,0.0,0.91,0,0.0,0.0,0.0
826.04,0.021,0.0,0.0,0.0,0.91,0,0.0,0.0,0.0
826.1,0.021,0.0,0.0,0.0,0.91,0,0.0,0.0,0.0
826.14,0.021,0.0,0.0,0.0,0.91,0,0.0,0.0,0.0
826.2,0.021,0.0,0.0,0.0,0.91,0,0.0,0.0,0.0
826.24,0.021,0.0,0.0,0.0,0.91,0,0.0,0.0,0.0
826.3,0.021,0.0,0.0,0.0,0.91,0,0.0,0.0,0.0
826.34,0.021,0.0,0.0,0.0,0.91,0,0.0,0.0,0.0
826.4,0.021,0.0,0.0,0.0,0.91,0,0.0,0.0,0.0
826.44,0.021,0.0,0.0,0.0,0.91,0,0.0,0.0,0.0
826.5,0.021,0.0,0.0,0.0,0.91,0,0.0,0.0,0.0
826.56,0.021,0.0,0.0,0.0,0.91,0,0.0,0.0,0.0
826.6,0.021,0.0,0.0,0.0,0.91,0,0.0,0.0,0.0
826.66,0.021,0.0,0.0,0.0,0.91,0,0.0,0.0,0.0
826.7,0.021,0.0,0.0,0.0,0.91,0,0.0,0.0,0.0
826.76,0.021,0.0,0.0,0.0,0.91,0,0.0,0.0,0.0
826.8,0.021,0.0,0.0,0.0,0.91,0,0.0,0.0,0.0
826.86,0.021,0.0,0.0,0.0,0.91,0,0.0,0.0,0.0
826.9,0.021,0.0,0.0,0.0,0.91,0,0.0,0.0,0.0
826.96,0.021,0.0,0.0,0.0,0.91,0,0.0,0.0,0.0
827.02,0.021,0.0,0.0,0.0,0.91,0,0.0,0.0,0.0
827.08,0.021,0.0,0.0,0.0,0.91,0,0.0,0.0,0.0
827.14,0.021,0.0,0.0,0.0,0.91,0,0.0,0.0,0.0
827.2,0.021,0.0,0.0,0.0,0.91,0,0.0,0.0,0.0
827.24,0.021,0.0,0.0,0.0,0.91,0,0.0,0.0,0.0
827.3,0.021,0.0,0.0,0.0,0.91,0,0.0,0.0,0.0
827.36,0.021,0.0,0.0,0.0,0.91,0,0.0,0.0,0.0
827.42,0.021,0.0,0.0,0.0,0.91,0,0.0,0.0,0.0
827.46,0.021,0.0,0.0,0.0,0.91,0,0.0,0.0,0.0
827.52,0.021,0.0,0.0,0.0,0.91,0,0.0,0.0,0.0
827.56,0.021,0.0,0.0,0.0,0.91,0,0.0,0.0,0.0
827.62,0.021,0.0,0.0,0.0,0.91,0,0.0,0.0,0.0
827.66,0.021,0.0,0.0,0.0,0.91,0,0.0,0.0,0.0
827.72,0.021,0.0,0.0,0.0,0.91,0,0.0,0.0,0.0
827.76,0.021,0.0,0.0,0.0,0.91,0,0.0,0.0,0.0
827.82,0.021,0.0,0.0,0.0,0.91,0,0.0,0.0,0.0
827.88,0.021,0.0,0.0,0.0,0.91,0,0.0,0.0,0.0
827.92,0.021,0.0,0.0,0.0,0.91,0,0.0,0.0,0.0
827.98,0.021,0.0,0.0,0.0,0.91,0,0.0,0.0,0.0
828.04,0.021,0.0,0.0,0.0,0.91,0,0.0,0.0,0.0
828.1,0.021,0.0,0.0,0.0,0.91,0,0.0,0.0,0.0
828.16,0.021,0.0,0.0,0.0,0.91,0,0.0,0.0,0.0
828.2,0.021,0.0,0.0,0.0,0.91,0,0.0,0.0,0.0
828.26,0.021,0.0,0.0,0.0,0.91,0,0.0,0.0,0.0
828.3,0.021,0.0,0.0,0.0,0.91,0,0.0,0.0,0.0
828.36,0.021,0.0,0.0,0.0,0.91,0,0.0,0.0,0.0
828.4,0.021,0.0,0.0,0.0,0.91,0,0.0,0.0,0.0
828.46,0.021,0.0,0.0,0.0,0.91,0,0.0,0.0,0.0
828.5,0.021,0.0,0.0,0.0,0.91,0,0.0,0.0,0.0
828.56,0.021,0.0,0.0,0.0,0.91,0,0.0,0.0,0.0
828.62,0.021,0.0,0.0,0.0,0.91,0,0.0,0.0,0.0
828.68,0.021,0.0,0.0,0.0,0.91,0,0.0,0.0,0.0
828.72,0.021,0.0,0.0,0.0,0.91,0,0.0,0.0,0.0
828.78,0.021,0.0,0.0,0.0,0.91,0,0.0,0.0,0.0
828.82,0.021,0.0,0.0,0.0,0.91,0,0.0,0.0,0.0
828.88,0.021,0.0,0.0,0.0,0.91,0,0.0,0.0,0.0
828.92,0.021,0.0,0.0,0.0,0.91,0,0.0,0.0,0.0
828.98,0.021,0.0,0.0,0.0,0.91,0,0.0,0.0,0.0
829.04,0.021,0.0,0.0,0.0,0.91,0,0.0,0.0,0.0
829.1,0.021,0.0,0.0,0.0,0.91,0,0.0,0.0,0.0
829.14,0.021,0.0,0.0,0.0,0.91,0,0.0,0.0,0.0
829.2,0.021,0.0,0.0,0.0,0.91,0,0.0,0.0,0.0
829.24,0.021,0.0,0.0,0.0,0.91,0,0.0,0.0,0.0
829.3,0.021,0.0,0.0,0.0,0.91,0,0.0,0.0,0.0
829.34,0.021,0.0,0.0,0.0,0.91,0,0.0,0.0,0.0
829.4,0.021,0.0,0.0,0.0,0.91,0,0.0,0.0,0.0
829.44,0.021,0.0,0.0,0.0,0.91,0,0.0,0.0,0.0
829.5,0.021,0.0,0.0,0.0,0.91,0,0.0,0.0,0.0
829.56,0.021,0.0,0.0,0.0,0.91,0,0.0,0.0,0.0
829.62,0.021,0.0,0.0,0.0,0.91,0,0.0,0.0,0.0
829.68,0.021,0.0,0.0,0.0,0.91,0,0.0,0.0,0.0
829.74,0.021,0.0,0.0,0.0,0.91,0,0.0,0.0,0.0
829.8,0.021,0.0,0.0,0.0,0.91,0,0.0,0.0,0.0
829.84,0.021,0.0,0.0,0.0,0.91,0,0.0,0.0,0.0
829.9,0.021,0.0,0.0,0.0,0.91,0,0.0,0.0,0.0
829.96,0.021,0.0,0.0,0.0,0.91,0,0.0,0.0,0.0
830.02,0.021,0.0,0.0,0.0,0.91,0,0.0,0.0,0.0
830.08,0.021,0.0,0.0,0.0,0.91,0,0.0,0.0,0.0
830.14,0.021,0.0,0.0,0.0,0.91,0,0.0,0.0,0.0
830.2,0.021,0.0,0.0,0.0,0.91,0,0.0,0.0,0.0
830.26,0.021,0.0,0.0,0.0,0.91,0,0.0,0.0,0.0
830.3,0.021,0.0,0.0,0.0,0.91,0,0.0,0.0,0.0
830.36,0.021,0.0,0.0,0.0,0.91,0,0.0,0.0,0.0
830.4,0.021,0.0,0.0,0.0,0.91,0,0.0,0.0,0.0
830.46,0.021,0.0,0.0,0.0,0.91,0,0.0,0.0,0.0
830.5,0.021,0.0,0.0,0.0,0.91,0,0.0,0.0,0.0
830.56,0.021,0.0,0.0,0.0,0.91,0,0.0,0.0,0.0
830.6,0.021,0.0,0.0,0.0,0.91,0,0.0,0.0,0.0
830.66,0.021,0.0,0.0,0.0,0.91,0,0.0,0.0,0.0
830.7,0.021,0.0,0.0,0.0,0.91,0,0.0,0.0,0.0
830.76,0.021,0.0,0.0,0.0,0.91,0,0.0,0.0,0.0
830.82,0.021,0.0,0.0,0.0,0.91,0,0.0,0.0,0.0
830.86,0.021,0.0,0.0,0.0,0.91,0,0.0,0.0,0.0
830.92,0.021,0.0,0.0,0.0,0.91,0,0.0,0.0,0.0
830.98,0.021,0.0,0.0,0.0,0.91,0,0.0,0.0,0.0
831.04,0.021,0.0,0.0,0.0,0.91,0,0.0,0.0,0.0
831.1,0.021,0.0,0.0,0.0,0.91,0,0.0,0.0,0.0
831.14,0.021,0.0,0.0,0.0,0.91,0,0.0,0.0,0.0
831.2,0.021,0.0,0.0,0.0,0.91,0,0.0,0.0,0.0
831.24,0.021,0.0,0.0,0.0,0.91,0,0.0,0.0,0.0
831.3,0.021,0.0,0.0,0.0,0.91,0,0.0,0.0,0.0
831.34,0.021,0.0,0.0,0.0,0.91,0,0.0,0.0,0.0
831.4,0.021,0.0,0.0,0.0,0.91,0,0.0,0.0,0.0
831.44,0.021,0.0,0.0,0.0,0.91,0,0.0,0.0,0.0
831.5,0.021,0.0,0.0,0.0,0.91,0,0.0,0.0,0.0
831.56,0.021,0.0,0.0,0.0,0.91,0,0.0,0.0,0.0
831.62,0.021,0.0,0.0,0.0,0.91,0,0.0,0.0,0.0
831.68,0.021,0.0,0.0,0.0,0.91,0,0.0,0.0,0.0
831.74,0.021,0.0,0.0,0.0,0.91,0,0.0,0.0,0.0
831.8,0.021,0.0,0.0,0.0,0.91,0,0.0,0.0,0.0
831.84,0.021,0.0,0.0,0.0,0.91,0,0.0,0.0,0.0
831.9,0.021,0.0,0.0,0.0,0.91,0,0.0,0.0,0.0
831.96,0.021,0.0,0.0,0.0,0.91,0,0.0,0.0,0.0
832.02,0.021,0.0,0.0,0.0,0.91,0,0.0,0.0,0.0
832.08,0.021,0.0,0.0,0.0,0.91,0,0.0,0.0,0.0
832.14,0.021,0.0,0.0,0.0,0.91,0,0.0,0.0,0.0
832.2,0.021,0.0,0.0,0.0,0.91,0,0.0,0.0,0.0
832.26,0.021,0.0,0.0,0.0,0.91,0,0.0,0.0,0.0
832.32,0.021,0.0,0.0,0.0,0.91,0,0.0,0.0,0.0
832.36,0.021,0.0,0.0,0.0,0.91,0,0.0,0.0,0.0
832.42,0.021,0.0,0.0,0.0,0.91,0,0.0,0.0,0.0
832.46,0.021,0.0,0.0,0.0,0.91,0,0.0,0.0,0.0
832.5,0.021,0.0,0.0,0.0,0.91,0,0.0,0.0,0.0
832.56,0.021,0.0,0.0,0.0,0.91,0,0.0,0.0,0.0
832.62,0.021,0.0,0.0,0.0,0.91,0,0.0,0.0,0.0
832.66,0.021,0.0,0.0,0.0,0.91,0,0.0,0.0,0.0
832.72,0.021,0.0,0.0,0.0,0.91,0,0.0,0.0,0.0
832.76,0.021,0.0,0.0,0.0,0.91,0,0.0,0.0,0.0
832.82,0.021,0.0,0.0,0.0,0.91,0,0.0,0.0,0.0
832.86,0.021,0.0,0.0,0.0,0.91,0,0.0,0.0,0.0
832.92,0.021,0.0,0.0,0.0,0.91,0,0.0,0.0,0.0
832.98,0.021,0.0,0.0,0.0,0.91,0,0.0,0.0,0.0
833.04,0.021,0.0,0.0,0.0,0.91,0,0.0,0.0,0.0
833.1,0.021,0.0,0.0,0.0,0.91,0,0.0,0.0,0.0
833.16,0.021,0.0,0.0,0.0,0.91,0,0.0,0.0,0.0
833.2,0.021,0.0,0.0,0.0,0.91,0,0.0,0.0,0.0
833.26,0.021,0.0,0.0,0.0,0.91,0,0.0,0.0,0.0
833.3,0.021,0.0,0.0,0.0,0.91,0,0.0,0.0,0.0
833.36,0.021,0.0,0.0,0.0,0.91,0,0.0,0.0,0.0
833.4,0.021,0.0,0.0,0.0,0.91,0,0.0,0.0,0.0
833.46,0.021,0.0,0.0,0.0,0.91,0,0.0,0.0,0.0
833.5,0.021,0.0,0.0,0.0,0.91,0,0.0,0.0,0.0
833.54,0.021,0.0,0.0,0.0,0.91,0,0.0,0.0,0.0
833.62,0.021,0.0,0.0,0.0,0.91,0,0.0,0.0,0.0
833.66,0.021,0.0,0.0,0.0,0.91,0,0.0,0.0,0.0
833.72,0.021,0.0,0.0,0.0,0.91,0,0.0,0.0,0.0
833.78,0.021,0.0,0.0,0.0,0.91,0,0.0,0.0,0.0
833.84,0.021,0.0,0.0,0.0,0.91,0,0.0,0.0,0.0
833.88,0.021,0.0,0.0,0.0,0.91,0,0.0,0.0,0.0
833.94,0.021,0.0,0.0,0.0,0.91,0,0.0,0.0,0.0
833.98,0.021,0.0,0.0,0.0,0.91,0,0.0,0.0,0.0
834.04,0.021,0.0,0.0,0.0,0.91,0,0.0,0.0,0.0
834.08,0.021,0.0,0.0,0.0,0.91,0,0.0,0.0,0.0
834.14,0.021,0.0,0.0,0.0,0.91,0,0.0,0.0,0.0
834.18,0.021,0.0,0.0,0.0,0.91,0,0.0,0.0,0.0
834.24,0.021,0.0,0.0,0.0,0.91,0,0.0,0.0,0.0
834.3,0.021,0.0,0.0,0.0,0.91,0,0.0,0.0,0.0
834.36,0.021,0.0,0.0,0.0,0.91,0,0.0,0.0,0.0
834.42,0.021,0.0,0.0,0.0,0.91,0,0.0,0.0,0.0
834.48,0.021,0.0,0.0,0.0,0.91,0,0.0,0.0,0.0
834.52,0.021,0.0,0.0,0.0,0.91,0,0.0,0.0,0.0
834.56,0.021,0.0,0.0,0.0,0.91,0,0.0,0.0,0.0
834.62,0.021,0.0,0.0,0.0,0.91,0,0.0,0.0,0.0
834.68,0.021,0.0,0.0,0.0,0.91,0,0.0,0.0,0.0
834.72,0.021,0.0,0.0,0.0,0.91,0,0.0,0.0,0.0
834.78,0.021,0.0,0.0,0.0,0.91,0,0.0,0.0,0.0
834.82,0.021,0.0,0.0,0.0,0.91,0,0.0,0.0,0.0
834.88,0.021,0.0,0.0,0.0,0.91,0,0.0,0.0,0.0
834.92,0.021,0.0,0.0,0.0,0.91,0,0.0,0.0,0.0
834.98,0.021,0.0,0.0,0.0,0.91,0,0.0,0.0,0.0
835.02,0.021,0.0,0.0,0.0,0.91,0,0.0,0.0,0.0
835.08,0.021,0.0,0.0,0.0,0.91,0,0.0,0.0,0.0
835.12,0.021,0.0,0.0,0.0,0.91,0,0.0,0.0,0.0
835.18,0.021,0.0,0.0,0.0,0.91,0,0.0,0.0,0.0
835.24,0.021,0.0,0.0,0.0,0.91,0,0.0,0.0,0.0
835.3,0.021,0.0,0.0,0.0,0.91,0,0.0,0.0,0.0
835.36,0.021,0.0,0.0,0.0,0.91,0,0.0,0.0,0.0
835.42,0.021,0.0,0.0,0.0,0.91,0,0.0,0.0,0.0
835.48,0.021,0.0,0.0,0.0,0.91,0,0.0,0.0,0.0
835.52,0.021,0.0,0.0,0.0,0.91,0,0.0,0.0,0.0
835.58,0.021,0.0,0.0,0.0,0.91,0,0.0,0.0,0.0
835.62,0.021,0.0,0.0,0.0,0.91,0,0.0,0.0,0.0
835.68,0.021,0.0,0.0,0.0,0.91,0,0.0,0.0,0.0
835.72,0.021,0.0,0.0,0.0,0.91,0,0.0,0.0,0.0
835.78,0.021,0.0,0.0,0.0,0.91,0,0.0,0.0,0.0
835.82,0.021,0.0,0.0,0.0,0.91,0,0.0,0.0,0.0
835.88,0.021,0.0,0.0,0.0,0.91,0,0.0,0.0,0.0
835.92,0.021,0.0,0.0,0.0,0.91,0,0.0,0.0,0.0
835.98,0.021,0.0,0.0,0.0,0.91,0,0.0,0.0,0.0
836.04,0.021,0.0,0.0,0.0,0.91,0,0.0,0.0,0.0
836.1,0.021,0.0,0.0,0.0,0.91,0,0.0,0.0,0.0
836.16,0.021,0.0,0.0,0.0,0.91,0,0.0,0.0,0.0
836.2,0.021,0.0,0.0,0.0,0.91,0,0.0,0.0,0.0
836.26,0.021,0.0,0.0,0.0,0.91,0,0.0,0.0,0.0
836.32,0.021,0.0,0.0,0.0,0.91,0,0.0,0.0,0.0
836.38,0.021,0.0,0.0,0.0,0.91,0,0.0,0.0,0.0
836.44,0.021,0.0,0.0,0.0,0.91,0,0.0,0.0,0.0
836.5,0.021,0.0,0.0,0.0,0.91,0,0.0,0.0,0.0
836.54,0.021,0.0,0.0,0.0,0.91,0,0.0,0.0,0.0
836.6,0.021,0.0,0.0,0.0,0.91,0,0.0,0.0,0.0
836.64,0.021,0.0,0.0,0.0,0.91,0,0.0,0.0,0.0
836.7,0.021,0.0,0.0,0.0,0.91,0,0.0,0.0,0.0
836.74,0.021,0.0,0.0,0.0,0.91,0,0.0,0.0,0.0
836.8,0.021,0.0,0.0,0.0,0.91,0,0.0,0.0,0.0
836.84,0.021,0.0,0.0,0.0,0.91,0,0.0,0.0,0.0
836.9,0.021,0.0,0.0,0.0,0.91,0,0.0,0.0,0.0
836.94,0.021,0.0,0.0,0.0,0.91,0,0.0,0.0,0.0
837.0,0.021,0.0,0.0,0.0,0.91,0,0.0,0.0,0.0
837.06,0.021,0.0,0.0,0.0,0.91,0,0.0,0.0,0.0
837.1,0.021,0.0,0.0,0.0,0.91,0,0.0,0.0,0.0
837.16,0.021,0.0,0.0,0.0,0.91,0,0.0,0.0,0.0
837.2,0.021,0.0,0.0,0.0,0.91,0,0.0,0.0,0.0
837.26,0.021,0.0,0.0,0.0,0.91,0,0.0,0.0,0.0
837.3,0.021,0.0,0.0,0.0,0.91,0,0.0,0.0,0.0
837.36,0.021,0.0,0.0,0.0,0.91,0,0.0,0.0,0.0
837.4,0.021,0.0,0.0,0.0,0.91,0,0.0,0.0,0.0
837.46,0.021,0.0,0.0,0.0,0.91,0,0.0,0.0,0.0
837.52,0.021,0.0,0.0,0.0,0.91,0,0.0,0.0,0.0
837.58,0.021,0.0,0.0,0.0,0.91,0,0.0,0.0,0.0
837.62,0.021,0.0,0.0,0.0,0.91,0,0.0,0.0,0.0
837.68,0.021,0.0,0.0,0.0,0.91,0,0.0,0.0,0.0
837.74,0.021,0.0,0.0,0.0,0.91,0,0.0,0.0,0.0
837.8,0.021,0.0,0.0,0.0,0.91,0,0.0,0.0,0.0
837.86,0.021,0.0,0.0,0.0,0.91,0,0.0,0.0,0.0
837.9,0.021,0.0,0.0,0.0,0.91,0,0.0,0.0,0.0
837.96,0.021,0.0,0.0,0.0,0.91,0,0.0,0.0,0.0
838.02,0.021,0.0,0.0,0.0,0.91,0,0.0,0.0,0.0
838.08,0.021,0.0,0.0,0.0,0.91,0,0.0,0.0,0.0
838.14,0.021,0.0,0.0,0.0,0.91,0,0.0,0.0,0.0
838.2,0.021,0.0,0.0,0.0,0.91,0,0.0,0.0,0.0
838.24,0.021,0.0,0.0,0.0,0.91,0,0.0,0.0,0.0
838.28,0.021,0.0,0.0,0.0,0.91,0,0.0,0.0,0.0
838.34,0.021,0.0,0.0,0.0,0.91,0,0.0,0.0,0.0
838.38,0.021,0.0,0.0,0.0,0.91,0,0.0,0.0,0.0
838.44,0.021,0.0,0.0,0.0,0.91,0,0.0,0.0,0.0
838.5,0.021,0.0,0.0,0.0,0.91,0,0.0,0.0,0.0
838.56,0.021,0.0,0.0,0.0,0.91,0,0.0,0.0,0.0
838.6,0.021,0.0,0.0,0.0,0.91,0,0.0,0.0,0.0
838.66,0.021,0.0,0.0,0.0,0.91,0,0.0,0.0,0.0
838.7,0.021,0.0,0.0,0.0,0.91,0,0.0,0.0,0.0
838.76,0.021,0.0,0.0,0.0,0.91,0,0.0,0.0,0.0
838.8,0.021,0.0,0.0,0.0,0.91,0,0.0,0.0,0.0
838.86,0.021,0.0,0.0,0.0,0.91,0,0.0,0.0,0.0
838.92,0.021,0.0,0.0,0.0,0.91,0,0.0,0.0,0.0
838.96,0.021,0.0,0.0,0.0,0.91,0,0.0,0.0,0.0
839.02,0.021,0.0,0.0,0.0,0.91,0,0.0,0.0,0.0
839.06,0.021,0.0,0.0,0.0,0.91,0,0.0,0.0,0.0
839.12,0.021,0.0,0.0,0.0,0.91,0,0.0,0.0,0.0
839.16,0.021,0.0,0.0,0.0,0.91,0,0.0,0.0,0.0
839.22,0.021,0.0,0.0,0.0,0.91,0,0.0,0.0,0.0
839.26,0.021,0.0,0.0,0.0,0.91,0,0.0,0.0,0.0
839.32,0.021,0.0,0.0,0.0,0.91,0,0.0,0.0,0.0
839.38,0.021,0.0,0.0,0.0,0.91,0,0.0,0.0,0.0
839.42,0.021,0.0,0.0,0.0,0.91,0,0.0,0.0,0.0
839.48,0.021,0.0,0.0,0.0,0.91,0,0.0,0.0,0.0
839.54,0.021,0.0,0.0,0.0,0.91,0,0.0,0.0,0.0
839.6,0.021,0.0,0.0,0.0,0.91,0,0.0,0.0,0.0
839.64,0.021,0.0,0.0,0.0,0.91,0,0.0,0.0,0.0
839.7,0.021,0.0,0.0,0.0,0.91,0,0.0,0.0,0.0
839.74,0.021,0.0,0.0,0.0,0.91,0,0.0,0.0,0.0
839.8,0.021,0.0,0.0,0.0,0.91,0,0.0,0.0,0.0
839.84,0.021,0.0,0.0,0.0,0.91,0,0.0,0.0,0.0
839.88,0.021,0.0,0.0,0.0,0.91,0,0.0,0.0,0.0
839.94,0.021,0.0,0.0,0.0,0.91,0,0.0,0.0,0.0
840.0,0.021,0.0,0.0,0.0,0.91,0,0.0,0.0,0.0
840.06,0.021,0.0,0.0,0.0,0.91,0,0.0,0.0,0.0
840.1,0.021,0.0,0.0,0.0,0.91,0,0.0,0.0,0.0
840.16,0.021,0.0,0.0,0.0,0.91,0,0.0,0.0,0.0
840.2,0.021,0.0,0.0,0.0,0.91,0,0.0,0.0,0.0
840.26,0.021,0.0,0.0,0.0,0.91,0,0.0,0.0,0.0
840.3,0.021,0.0,0.0,0.0,0.91,0,0.0,0.0,0.0
840.36,0.021,0.0,0.0,0.0,0.91,0,0.0,0.0,0.0
840.4,0.021,0.0,0.0,0.0,0.91,0,0.0,0.0,0.0
840.46,0.021,0.0,0.0,0.0,0.91,0,0.0,0.0,0.0
840.52,0.021,0.0,0.0,0.0,0.91,0,0.0,0.0,0.0
840.56,0.021,0.0,0.0,0.0,0.91,0,0.0,0.0,0.0
840.62,0.021,0.0,0.0,0.0,0.91,0,0.0,0.0,0.0
840.66,0.021,0.0,0.0,0.0,0.91,0,0.0,0.0,0.0
840.72,0.021,0.0,0.0,0.0,0.91,0,0.0,0.0,0.0
840.76,0.021,0.0,0.0,0.0,0.91,0,0.0,0.0,0.0
840.82,0.021,0.0,0.0,0.0,0.91,0,0.0,0.0,0.0
840.86,0.021,0.0,0.0,0.0,0.91,0,0.0,0.0,0.0
840.92,0.021,0.0,0.0,0.0,0.91,0,0.0,0.0,0.0
840.98,0.021,0.0,0.0,0.0,0.91,0,0.0,0.0,0.0
841.04,0.021,0.0,0.0,0.0,0.91,0,0.0,0.0,0.0
841.1,0.021,0.0,0.0,0.0,0.91,0,0.0,0.0,0.0
841.14,0.021,0.0,0.0,0.0,0.91,0,0.0,0.0,0.0
841.2,0.021,0.0,0.0,0.0,0.91,0,0.0,0.0,0.0
841.24,0.021,0.0,0.0,0.0,0.91,0,0.0,0.0,0.0
841.3,0.021,0.0,0.0,0.0,0.91,0,0.0,0.0,0.0
841.34,0.021,0.0,0.0,0.0,0.91,0,0.0,0.0,0.0
841.4,0.021,0.0,0.0,0.0,0.91,0,0.0,0.0,0.0
841.44,0.021,0.0,0.0,0.0,0.91,0,0.0,0.0,0.0
841.5,0.021,0.0,0.0,0.0,0.91,0,0.0,0.0,0.0
841.56,0.021,0.0,0.0,0.0,0.91,0,0.0,0.0,0.0
841.62,0.021,0.0,0.0,0.0,0.91,0,0.0,0.0,0.0
841.66,0.021,0.0,0.0,0.0,0.91,0,0.0,0.0,0.0
841.72,0.021,0.0,0.0,0.0,0.91,0,0.0,0.0,0.0
841.76,0.021,0.0,0.0,0.0,0.91,0,0.0,0.0,0.0
841.82,0.021,0.0,0.0,0.0,0.91,0,0.0,0.0,0.0
841.86,0.021,0.0,0.0,0.0,0.91,0,0.0,0.0,0.0
841.92,0.021,0.0,0.0,0.0,0.91,0,0.0,0.0,0.0
841.96,0.021,0.0,0.0,0.0,0.91,0,0.0,0.0,0.0
842.02,0.021,0.0,0.0,0.0,0.91,0,0.0,0.0,0.0
842.08,0.021,0.0,0.0,0.0,0.91,0,0.0,0.0,0.0
842.14,0.021,0.0,0.0,0.0,0.91,0,0.0,0.0,0.0
842.2,0.021,0.0,0.0,0.0,0.91,0,0.0,0.0,0.0
842.26,0.021,0.0,0.0,0.0,0.91,0,0.0,0.0,0.0
842.3,0.021,0.0,0.0,0.0,0.91,0,0.0,0.0,0.0
842.36,0.021,0.0,0.0,0.0,0.91,0,0.0,0.0,0.0
842.42,0.021,0.0,0.0,0.0,0.91,0,0.0,0.0,0.0
842.48,0.021,0.0,0.0,0.0,0.91,0,0.0,0.0,0.0
842.52,0.021,0.0,0.0,0.0,0.91,0,0.0,0.0,0.0
842.58,0.021,0.0,0.0,0.0,0.91,0,0.0,0.0,0.0
842.64,0.021,0.0,0.0,0.0,0.91,0,0.0,0.0,0.0
842.7,0.021,0.0,0.0,0.0,0.91,0,0.0,0.0,0.0
842.76,0.021,0.0,0.0,0.0,0.91,0,0.0,0.0,0.0
842.82,0.021,0.0,0.0,0.0,0.91,0,0.0,0.0,0.0
842.86,0.021,0.0,0.0,0.0,0.91,0,0.0,0.0,0.0
842.92,0.021,0.0,0.0,0.0,0.91,0,0.0,0.0,0.0
842.98,0.021,0.0,0.0,0.0,0.91,0,0.0,0.0,0.0
843.04,0.021,0.0,0.0,0.0,0.91,0,0.0,0.0,0.0
843.1,0.021,0.0,0.0,0.0,0.91,0,0.0,0.0,0.0
843.14,0.021,0.0,0.0,0.0,0.91,0,0.0,0.0,0.0
843.2,0.021,0.0,0.0,0.0,0.91,0,0.0,0.0,0.0
843.24,0.021,0.0,0.0,0.0,0.91,0,0.0,0.0,0.0
843.3,0.021,0.0,0.0,0.0,0.91,0,0.0,0.0,0.0
843.34,0.021,0.0,0.0,0.0,0.91,0,0.0,0.0,0.0
843.38,0.021,0.0,0.0,0.0,0.91,0,0.0,0.0,0.0
843.44,0.021,0.0,0.0,0.0,0.91,0,0.0,0.0,0.0
843.5,0.021,0.0,0.0,0.0,0.91,0,0.0,0.0,0.0
843.54,0.021,0.0,0.0,0.0,0.91,0,0.0,0.0,0.0
843.6,0.021,0.0,0.0,0.0,0.91,0,0.0,0.0,0.0
843.64,0.021,0.0,0.0,0.0,0.91,0,0.0,0.0,0.0
843.7,0.021,0.0,0.0,0.0,0.91,0,0.0,0.0,0.0
843.74,0.021,0.0,0.0,0.0,0.91,0,0.0,0.0,0.0
843.8,0.021,0.0,0.0,0.0,0.91,0,0.0,0.0,0.0
843.86,0.021,0.0,0.0,0.0,0.91,0,0.0,0.0,0.0
843.9,0.021,0.0,0.0,0.0,0.91,0,0.0,0.0,0.0
843.96,0.021,0.0,0.0,0.0,0.91,0,0.0,0.0,0.0
844.0,0.021,0.0,0.0,0.0,0.91,0,0.0,0.0,0.0
844.06,0.021,0.0,0.0,0.0,0.91,0,0.0,0.0,0.0
844.1,0.021,0.0,0.0,0.0,0.91,0,0.0,0.0,0.0
844.16,0.021,0.0,0.0,0.0,0.91,0,0.0,0.0,0.0
844.22,0.021,0.0,0.0,0.0,0.91,0,0.0,0.0,0.0
844.28,0.021,0.0,0.0,0.0,0.91,0,0.0,0.0,0.0
844.32,0.021,0.0,0.0,0.0,0.91,0,0.0,0.0,0.0
844.38,0.021,0.0,0.0,0.0,0.91,0,0.0,0.0,0.0
844.44,0.021,0.0,0.0,0.0,0.91,0,0.0,0.0,0.0
844.48,0.021,0.0,0.0,0.0,0.91,0,0.0,0.0,0.0
844.54,0.021,0.0,0.0,0.0,0.91,0,0.0,0.0,0.0
844.58,0.021,0.0,0.0,0.0,0.91,0,0.0,0.0,0.0
844.64,0.021,0.0,0.0,0.0,0.91,0,0.0,0.0,0.0
844.68,0.021,0.0,0.0,0.0,0.91,0,0.0,0.0,0.0
844.74,0.021,0.0,0.0,0.0,0.91,0,0.0,0.0,0.0
844.78,0.021,0.0,0.0,0.0,0.91,0,0.0,0.0,0.0
844.84,0.021,0.0,0.0,0.0,0.91,0,0.0,0.0,0.0
844.88,0.021,0.0,0.0,0.0,0.91,0,0.0,0.0,0.0
844.94,0.021,0.0,0.0,0.0,0.91,0,0.0,0.0,0.0
845.0,0.021,0.0,0.0,0.0,0.91,0,0.0,0.0,0.0
845.04,0.021,0.0,0.0,0.0,0.91,0,0.0,0.0,0.0
845.1,0.021,0.0,0.0,0.0,0.91,0,0.0,0.0,0.0
845.16,0.021,0.0,0.0,0.0,0.91,0,0.0,0.0,0.0
845.2,0.021,0.0,0.0,0.0,0.91,0,0.0,0.0,0.0
845.24,0.021,0.0,0.0,0.0,0.91,0,0.0,0.0,0.0
845.3,0.021,0.0,0.0,0.0,0.91,0,0.0,0.0,0.0
845.36,0.021,0.0,0.0,0.0,0.91,0,0.0,0.0,0.0
845.38,0.021,0.0,0.0,0.0,0.91,0,0.0,0.0,0.0
845.4,0.021,0.0,0.0,0.0,0.91,0,0.0,0.0,0.0
845.48,0.021,0.0,0.0,0.0,0.91,0,0.0,0.0,0.0
845.52,0.021,0.0,0.0,0.0,0.91,0,0.0,0.0,0.0
845.56,0.021,0.0,0.0,0.0,0.91,0,0.0,0.0,0.0
845.62,0.021,0.0,0.0,0.0,0.91,0,0.0,0.0,0.0
845.68,0.021,0.0,0.0,0.0,0.91,0,0.0,0.0,0.0
845.74,0.021,0.0,0.0,0.0,0.91,0,0.0,0.0,0.0
845.8,0.021,0.0,0.0,0.0,0.91,0,0.0,0.0,0.0
845.84,0.021,0.0,0.0,0.0,0.91,0,0.0,0.0,0.0
845.9,0.021,0.0,0.0,0.0,0.91,0,0.0,0.0,0.0
845.94,0.021,0.0,0.0,0.0,0.91,0,0.0,0.0,0.0
846.0,0.021,0.0,0.0,0.0,0.91,0,0.0,0.0,0.0
846.04,0.021,0.0,0.0,0.0,0.91,0,0.0,0.0,0.0
846.1,0.021,0.0,0.0,0.0,0.91,0,0.0,0.0,0.0
846.14,0.021,0.0,0.0,0.0,0.91,0,0.0,0.0,0.0
846.2,0.021,0.0,0.0,0.0,0.91,0,0.0,0.0,0.0
846.24,0.021,0.0,0.0,0.0,0.91,0,0.0,0.0,0.0
846.3,0.021,0.0,0.0,0.0,0.91,0,0.0,0.0,0.0
846.36,0.021,0.0,0.0,0.0,0.91,0,0.0,0.0,0.0
846.4,0.021,0.0,0.0,0.0,0.91,0,0.0,0.0,0.0
846.46,0.021,0.0,0.0,0.0,0.91,0,0.0,0.0,0.0
846.52,0.021,0.0,0.0,0.0,0.91,0,0.0,0.0,0.0
846.58,0.021,0.0,0.0,0.0,0.91,0,0.0,0.0,0.0
846.62,0.021,0.0,0.0,0.0,0.91,0,0.0,0.0,0.0
846.68,0.021,0.0,0.0,0.0,0.91,0,0.0,0.0,0.0
846.72,0.021,0.0,0.0,0.0,0.91,0,0.0,0.0,0.0
846.78,0.021,0.0,0.0,0.0,0.91,0,0.0,0.0,0.0
846.82,0.021,0.0,0.0,0.0,0.91,0,0.0,0.0,0.0
846.88,0.021,0.0,0.0,0.0,0.91,0,0.0,0.0,0.0
846.94,0.021,0.0,0.0,0.0,0.91,0,0.0,0.0,0.0
846.98,0.021,0.0,0.0,0.0,0.91,0,0.0,0.0,0.0
847.04,0.021,0.0,0.0,0.0,0.91,0,0.0,0.0,0.0
847.1,0.021,0.0,0.0,0.0,0.91,0,0.0,0.0,0.0
847.16,0.021,0.0,0.0,0.0,0.91,0,0.0,0.0,0.0
847.22,0.021,0.0,0.0,0.0,0.91,0,0.0,0.0,0.0
847.28,0.021,0.0,0.0,0.0,0.91,0,0.0,0.0,0.0
847.34,0.021,0.0,0.0,0.0,0.91,0,0.0,0.0,0.0
847.38,0.021,0.0,0.0,0.0,0.91,0,0.0,0.0,0.0
847.44,0.021,0.0,0.0,0.0,0.91,0,0.0,0.0,0.0
847.48,0.021,0.0,0.0,0.0,0.91,0,0.0,0.0,0.0
847.54,0.021,0.0,0.0,0.0,0.91,0,0.0,0.0,0.0
847.58,0.021,0.0,0.0,0.0,0.91,0,0.0,0.0,0.0
847.64,0.021,0.0,0.0,0.0,0.91,0,0.0,0.0,0.0
847.68,0.021,0.0,0.0,0.0,0.91,0,0.0,0.0,0.0
847.74,0.021,0.0,0.0,0.0,0.91,0,0.0,0.0,0.0
847.78,0.021,0.0,0.0,0.0,0.91,0,0.0,0.0,0.0
847.84,0.021,0.0,0.0,0.0,0.91,0,0.0,0.0,0.0
847.9,0.021,0.0,0.0,0.0,0.91,0,0.0,0.0,0.0
847.96,0.021,0.0,0.0,0.0,0.91,0,0.0,0.0,0.0
848.02,0.021,0.0,0.0,0.0,0.91,0,0.0,0.0,0.0
848.08,0.021,0.0,0.0,0.0,0.91,0,0.0,0.0,0.0
848.12,0.021,0.0,0.0,0.0,0.91,0,0.0,0.0,0.0
848.18,0.021,0.0,0.0,0.0,0.91,0,0.0,0.0,0.0
848.22,0.021,0.0,0.0,0.0,0.91,0,0.0,0.0,0.0
848.28,0.021,0.0,0.0,0.0,0.91,0,0.0,0.0,0.0
848.32,0.021,0.0,0.0,0.0,0.91,0,0.0,0.0,0.0
848.38,0.021,0.0,0.0,0.0,0.91,0,0.0,0.0,0.0
848.42,0.021,0.0,0.0,0.0,0.91,0,0.0,0.0,0.0
848.48,0.021,0.0,0.0,0.0,0.91,0,0.0,0.0,0.0
848.54,0.021,0.0,0.0,0.0,0.91,0,0.0,0.0,0.0
848.6,0.021,0.0,0.0,0.0,0.91,0,0.0,0.0,0.0
848.66,0.021,0.0,0.0,0.0,0.91,0,0.0,0.0,0.0
848.72,0.021,0.0,0.0,0.0,0.91,0,0.0,0.0,0.0
848.76,0.021,0.0,0.0,0.0,0.91,0,0.0,0.0,0.0
848.82,0.021,0.0,0.0,0.0,0.91,0,0.0,0.0,0.0
848.86,0.021,0.0,0.0,0.0,0.91,0,0.0,0.0,0.0
848.92,0.021,0.0,0.0,0.0,0.91,0,0.0,0.0,0.0
848.96,0.021,0.0,0.0,0.0,0.91,0,0.0,0.0,0.0
849.02,0.021,0.0,0.0,0.0,0.91,0,0.0,0.0,0.0
849.06,0.021,0.0,0.0,0.0,0.91,0,0.0,0.0,0.0
849.12,0.021,0.0,0.0,0.0,0.91,0,0.0,0.0,0.0
849.18,0.021,0.0,0.0,0.0,0.91,0,0.0,0.0,0.0
849.24,0.021,0.0,0.0,0.0,0.91,0,0.0,0.0,0.0
849.3,0.021,0.0,0.0,0.0,0.91,0,0.0,0.0,0.0
849.36,0.021,0.0,0.0,0.0,0.91,0,0.0,0.0,0.0
849.42,0.021,0.0,0.0,0.0,0.91,0,0.0,0.0,0.0
849.48,0.021,0.0,0.0,0.0,0.91,0,0.0,0.0,0.0
849.52,0.021,0.0,0.0,0.0,0.91,0,0.0,0.0,0.0
849.58,0.021,0.0,0.0,0.0,0.91,0,0.0,0.0,0.0
849.64,0.021,0.0,0.0,0.0,0.91,0,0.0,0.0,0.0
849.7,0.021,0.0,0.0,0.0,0.91,0,0.0,0.0,0.0
849.76,0.021,0.0,0.0,0.0,0.91,0,0.0,0.0,0.0
849.8,0.021,0.0,0.0,0.0,0.91,0,0.0,0.0,0.0
849.86,0.021,0.0,0.0,0.0,0.91,0,0.0,0.0,0.0
849.92,0.021,0.0,0.0,0.0,0.91,0,0.0,0.0,0.0
849.96,0.021,0.0,0.0,0.0,0.91,0,0.0,0.0,0.0
850.02,0.021,0.0,0.0,0.0,0.91,0,0.0,0.0,0.0
850.06,0.021,0.0,0.0,0.0,0.91,0,0.0,0.0,0.0
850.12,0.021,0.0,0.0,0.0,0.91,0,0.0,0.0,0.0
850.16,0.021,0.0,0.0,0.0,0.91,0,0.0,0.0,0.0
850.22,0.021,0.0,0.0,0.0,0.91,0,0.0,0.0,0.0
850.28,0.021,0.0,0.0,0.0,0.91,0,0.0,0.0,0.0
850.34,0.021,0.0,0.0,0.0,0.91,0,0.0,0.0,0.0
850.4,0.021,0.0,0.0,0.0,0.91,0,0.0,0.0,0.0
850.44,0.021,0.0,0.0,0.0,0.91,0,0.0,0.0,0.0
850.5,0.021,0.0,0.0,0.0,0.91,0,0.0,0.0,0.0
850.56,0.021,0.0,0.0,0.0,0.91,0,0.0,0.0,0.0
850.62,0.021,0.0,0.0,0.0,0.91,0,0.0,0.0,0.0
850.68,0.021,0.0,0.0,0.0,0.91,0,0.0,0.0,0.0
850.72,0.021,0.0,0.0,0.0,0.91,0,0.0,0.0,0.0
850.78,0.021,0.0,0.0,0.0,0.91,0,0.0,0.0,0.0
850.82,0.021,0.0,0.0,0.0,0.91,0,0.0,0.0,0.0
850.88,0.021,0.0,0.0,0.0,0.91,0,0.0,0.0,0.0
850.92,0.021,0.0,0.0,0.0,0.91,0,0.0,0.0,0.0
850.98,0.021,0.0,0.0,0.0,0.91,0,0.0,0.0,0.0
851.02,0.021,0.0,0.0,0.0,0.91,0,0.0,0.0,0.0
851.08,0.021,0.0,0.0,0.0,0.91,0,0.0,0.0,0.0
851.12,0.021,0.0,0.0,0.0,0.91,0,0.0,0.0,0.0
851.18,0.021,0.0,0.0,0.0,0.91,0,0.0,0.0,0.0
851.24,0.021,0.0,0.0,0.0,0.91,0,0.0,0.0,0.0
851.3,0.021,0.0,0.0,0.0,0.91,0,0.0,0.0,0.0
851.34,0.021,0.0,0.0,0.0,0.91,0,0.0,0.0,0.0
851.4,0.021,0.0,0.0,0.0,0.91,0,0.0,0.0,0.0
851.46,0.021,0.0,0.0,0.0,0.91,0,0.0,0.0,0.0
851.5,0.021,0.0,0.0,0.0,0.91,0,0.0,0.0,0.0
851.56,0.021,0.0,0.0,0.0,0.91,0,0.0,0.0,0.0
851.6,0.021,0.0,0.0,0.0,0.91,0,0.0,0.0,0.0
851.66,0.021,0.0,0.0,0.0,0.91,0,0.0,0.0,0.0
851.7,0.021,0.0,0.0,0.0,0.91,0,0.0,0.0,0.0
851.76,0.021,0.0,0.0,0.0,0.91,0,0.0,0.0,0.0
851.82,0.021,0.0,0.0,0.0,0.91,0,0.0,0.0,0.0
851.86,0.021,0.0,0.0,0.0,0.91,0,0.0,0.0,0.0
851.92,0.021,0.0,0.0,0.0,0.91,0,0.0,0.0,0.0
851.96,0.021,0.0,0.0,0.0,0.91,0,0.0,0.0,0.0
852.02,0.021,0.0,0.0,0.0,0.91,0,0.0,0.0,0.0
852.06,0.021,0.0,0.0,0.0,0.91,0,0.0,0.0,0.0
852.12,0.021,0.0,0.0,0.0,0.91,0,0.0,0.0,0.0
852.16,0.021,0.0,0.0,0.0,0.91,0,0.0,0.0,0.0
852.22,0.021,0.0,0.0,0.0,0.91,0,0.0,0.0,0.0
852.28,0.021,0.0,0.0,0.0,0.91,0,0.0,0.0,0.0
852.34,0.021,0.0,0.0,0.0,0.91,0,0.0,0.0,0.0
852.38,0.021,0.0,0.0,0.0,0.91,0,0.0,0.0,0.0
852.44,0.021,0.0,0.0,0.0,0.91,0,0.0,0.0,0.0
852.48,0.021,0.0,0.0,0.0,0.91,0,0.0,0.0,0.0
852.54,0.021,0.0,0.0,0.0,0.91,0,0.0,0.0,0.0
852.58,0.021,0.0,0.0,0.0,0.91,0,0.0,0.0,0.0
852.64,0.021,0.0,0.0,0.0,0.91,0,0.0,0.0,0.0
852.68,0.021,0.0,0.0,0.0,0.91,0,0.0,0.0,0.0
852.74,0.021,0.0,0.0,0.0,0.91,0,0.0,0.0,0.0
852.78,0.021,0.0,0.0,0.0,0.91,0,0.0,0.0,0.0
852.84,0.021,0.0,0.0,0.0,0.91,0,0.0,0.0,0.0
852.88,0.021,0.0,0.0,0.0,0.91,0,0.0,0.0,0.0
852.94,0.021,0.0,0.0,0.0,0.91,0,0.0,0.0,0.0
852.98,0.021,0.0,0.0,0.0,0.91,0,0.0,0.0,0.0
853.04,0.021,0.0,0.0,0.0,0.91,0,0.0,0.0,0.0
853.1,0.021,0.0,0.0,0.0,0.91,0,0.0,0.0,0.0
853.16,0.021,0.0,0.0,0.0,0.91,0,0.0,0.0,0.0
853.22,0.021,0.0,0.0,0.0,0.91,0,0.0,0.0,0.0
853.26,0.021,0.0,0.0,0.0,0.91,0,0.0,0.0,0.0
853.32,0.021,0.0,0.0,0.0,0.91,0,0.0,0.0,0.0
853.38,0.021,0.0,0.0,0.0,0.91,0,0.0,0.0,0.0
853.42,0.021,0.0,0.0,0.0,0.91,0,0.0,0.0,0.0
853.46,0.021,0.0,0.0,0.0,0.91,0,0.0,0.0,0.0
853.52,0.021,0.0,0.0,0.0,0.91,0,0.0,0.0,0.0
853.56,0.021,0.0,0.0,0.0,0.91,0,0.0,0.0,0.0
853.62,0.021,0.0,0.0,0.0,0.91,0,0.0,0.0,0.0
853.68,0.021,0.0,0.0,0.0,0.91,0,0.0,0.0,0.0
853.74,0.021,0.0,0.0,0.0,0.91,0,0.0,0.0,0.0
853.8,0.021,0.0,0.0,0.0,0.91,0,0.0,0.0,0.0
853.86,0.021,0.0,0.0,0.0,0.91,0,0.0,0.0,0.0
853.9,0.021,0.0,0.0,0.0,0.91,0,0.0,0.0,0.0
853.96,0.021,0.0,0.0,0.0,0.91,0,0.0,0.0,0.0
854.02,0.021,0.0,0.0,0.0,0.91,0,0.0,0.0,0.0
854.08,0.021,0.0,0.0,0.0,0.91,0,0.0,0.0,0.0
854.14,0.021,0.0,0.0,0.0,0.91,0,0.0,0.0,0.0
854.2,0.021,0.0,0.0,0.0,0.91,0,0.0,0.0,0.0
854.24,0.021,0.0,0.0,0.0,0.91,0,0.0,0.0,0.0
854.3,0.021,0.0,0.0,0.0,0.91,0,0.0,0.0,0.0
854.36,0.021,0.0,0.0,0.0,0.91,0,0.0,0.0,0.0
854.4,0.021,0.0,0.0,0.0,0.91,0,0.0,0.0,0.0
854.46,0.021,0.0,0.0,0.0,0.91,0,0.0,0.0,0.0
854.5,0.021,0.0,0.0,0.0,0.91,0,0.0,0.0,0.0
854.56,0.021,0.0,0.0,0.0,0.91,0,0.0,0.0,0.0
854.62,0.021,0.0,0.0,0.0,0.91,0,0.0,0.0,0.0
854.68,0.021,0.0,0.0,0.0,0.91,0,0.0,0.0,0.0
854.74,0.021,0.0,0.0,0.0,0.91,0,0.0,0.0,0.0
854.8,0.021,0.0,0.0,0.0,0.91,0,0.0,0.0,0.0
854.86,0.021,0.0,0.0,0.0,0.91,0,0.0,0.0,0.0
854.92,0.021,0.0,0.0,0.0,0.91,0,0.0,0.0,0.0
854.98,0.021,0.0,0.0,0.0,0.91,0,0.0,0.0,0.0
855.02,0.021,0.0,0.0,0.0,0.91,0,0.0,0.0,0.0
855.08,0.021,0.0,0.0,0.0,0.91,0,0.0,0.0,0.0
855.12,0.021,0.0,0.0,0.0,0.91,0,0.0,0.0,0.0
855.18,0.021,0.0,0.0,0.0,0.91,0,0.0,0.0,0.0
855.22,0.021,0.0,0.0,0.0,0.91,0,0.0,0.0,0.0
855.28,0.021,0.0,0.0,0.0,0.91,0,0.0,0.0,0.0
855.32,0.021,0.0,0.0,0.0,0.91,0,0.0,0.0,0.0
855.38,0.021,0.0,0.0,0.0,0.91,0,0.0,0.0,0.0
855.44,0.021,0.0,0.0,0.0,0.91,0,0.0,0.0,0.0
855.48,0.021,0.0,0.0,0.0,0.91,0,0.0,0.0,0.0
855.54,0.021,0.0,0.0,0.0,0.91,0,0.0,0.0,0.0
855.58,0.021,0.0,0.0,0.0,0.91,0,0.0,0.0,0.0
855.64,0.021,0.0,0.0,0.0,0.91,0,0.0,0.0,0.0
855.68,0.021,0.0,0.0,0.0,0.91,0,0.0,0.0,0.0
855.74,0.021,0.0,0.0,0.0,0.91,0,0.0,0.0,0.0
855.78,0.021,0.0,0.0,0.0,0.91,0,0.0,0.0,0.0
855.84,0.021,0.0,0.0,0.0,0.91,0,0.0,0.0,0.0
855.9,0.021,0.0,0.0,0.0,0.91,0,0.0,0.0,0.0
855.94,0.021,0.0,0.0,0.0,0.91,0,0.0,0.0,0.0
855.98,0.021,0.0,0.0,0.0,0.91,0,0.0,0.0,0.0
856.04,0.021,0.0,0.0,0.0,0.91,0,0.0,0.0,0.0
856.08,0.021,0.0,0.0,0.0,0.91,0,0.0,0.0,0.0
856.14,0.021,0.0,0.0,0.0,0.91,0,0.0,0.0,0.0
856.18,0.021,0.0,0.0,0.0,0.91,0,0.0,0.0,0.0
856.24,0.021,0.0,0.0,0.0,0.91,0,0.0,0.0,0.0
856.3,0.021,0.0,0.0,0.0,0.91,0,0.0,0.0,0.0
856.36,0.021,0.0,0.0,0.0,0.91,0,0.0,0.0,0.0
856.42,0.021,0.0,0.0,0.0,0.91,0,0.0,0.0,0.0
856.46,0.021,0.0,0.0,0.0,0.91,0,0.0,0.0,0.0
856.52,0.021,0.0,0.0,0.0,0.91,0,0.0,0.0,0.0
856.58,0.021,0.0,0.0,0.0,0.91,0,0.0,0.0,0.0
856.64,0.021,0.0,0.0,0.0,0.91,0,0.0,0.0,0.0
856.7,0.021,0.0,0.0,0.0,0.91,0,0.0,0.0,0.0
856.76,0.021,0.0,0.0,0.0,0.91,0,0.0,0.0,0.0
856.8,0.021,0.0,0.0,0.0,0.91,0,0.0,0.0,0.0
856.86,0.021,0.0,0.0,0.0,0.91,0,0.0,0.0,0.0
856.9,0.021,0.0,0.0,0.0,0.91,0,0.0,0.0,0.0
856.96,0.021,0.0,0.0,0.0,0.91,0,0.0,0.0,0.0
857.02,0.021,0.0,0.0,0.0,0.91,0,0.0,0.0,0.0
857.06,0.021,0.0,0.0,0.0,0.91,0,0.0,0.0,0.0
857.1,0.021,0.0,0.0,0.0,0.91,0,0.0,0.0,0.0
857.16,0.021,0.0,0.0,0.0,0.91,0,0.0,0.0,0.0
857.22,0.021,0.0,0.0,0.0,0.91,0,0.0,0.0,0.0
857.26,0.021,0.0,0.0,0.0,0.91,0,0.0,0.0,0.0
857.32,0.021,0.0,0.0,0.0,0.91,0,0.0,0.0,0.0
857.36,0.021,0.0,0.0,0.0,0.91,0,0.0,0.0,0.0
857.42,0.021,0.0,0.0,0.0,0.91,0,0.0,0.0,0.0
857.48,0.021,0.0,0.0,0.0,0.91,0,0.0,0.0,0.0
857.54,0.021,0.0,0.0,0.0,0.91,0,0.0,0.0,0.0
857.58,0.021,0.0,0.0,0.0,0.91,0,0.0,0.0,0.0
857.64,0.021,0.0,0.0,0.0,0.91,0,0.0,0.0,0.0
857.68,0.021,0.0,0.0,0.0,0.91,0,0.0,0.0,0.0
857.74,0.021,0.0,0.0,0.0,0.91,0,0.0,0.0,0.0
857.78,0.021,0.0,0.0,0.0,0.91,0,0.0,0.0,0.0
857.84,0.021,0.0,0.0,0.0,0.91,0,0.0,0.0,0.0
857.9,0.021,0.0,0.0,0.0,0.91,0,0.0,0.0,0.0
857.96,0.021,0.0,0.0,0.0,0.91,0,0.0,0.0,0.0
858.0,0.021,0.0,0.0,0.0,0.91,0,0.0,0.0,0.0
858.06,0.021,0.0,0.0,0.0,0.91,0,0.0,0.0,0.0
858.12,0.021,0.0,0.0,0.0,0.91,0,0.0,0.0,0.0
858.18,0.021,0.0,0.0,0.0,0.91,0,0.0,0.0,0.0
858.22,0.021,0.0,0.0,0.0,0.91,0,0.0,0.0,0.0
858.28,0.021,0.0,0.0,0.0,0.91,0,0.0,0.0,0.0
858.34,0.021,0.0,0.0,0.0,0.91,0,0.0,0.0,0.0
858.4,0.021,0.0,0.0,0.0,0.91,0,0.0,0.0,0.0
858.44,0.021,0.0,0.0,0.0,0.91,0,0.0,0.0,0.0
858.5,0.021,0.0,0.0,0.0,0.91,0,0.0,0.0,0.0
858.56,0.021,0.0,0.0,0.0,0.91,0,0.0,0.0,0.0
858.6,0.021,0.0,0.0,0.0,0.91,0,0.0,0.0,0.0
858.66,0.021,0.0,0.0,0.0,0.91,0,0.0,0.0,0.0
858.7,0.021,0.0,0.0,0.0,0.91,0,0.0,0.0,0.0
858.76,0.021,0.0,0.0,0.0,0.91,0,0.0,0.0,0.0
858.8,0.021,0.0,0.0,0.0,0.91,0,0.0,0.0,0.0
858.86,0.021,0.0,0.0,0.0,0.91,0,0.0,0.0,0.0
858.9,0.021,0.0,0.0,0.0,0.91,0,0.0,0.0,0.0
858.96,0.021,0.0,0.0,0.0,0.91,0,0.0,0.0,0.0
859.02,0.021,0.0,0.0,0.0,0.91,0,0.0,0.0,0.0
859.08,0.021,0.0,0.0,0.0,0.91,0,0.0,0.0,0.0
859.14,0.021,0.0,0.0,0.0,0.91,0,0.0,0.0,0.0
859.2,0.021,0.0,0.0,0.0,0.91,0,0.0,0.0,0.0
859.24,0.021,0.0,0.0,0.0,0.91,0,0.0,0.0,0.0
859.3,0.021,0.0,0.0,0.0,0.91,0,0.0,0.0,0.0
859.36,0.021,0.0,0.0,0.0,0.91,0,0.0,0.0,0.0
859.42,0.021,0.0,0.0,0.0,0.91,0,0.0,0.0,0.0
859.46,0.021,0.0,0.0,0.0,0.91,0,0.0,0.0,0.0
859.52,0.021,0.0,0.0,0.0,0.91,0,0.0,0.0,0.0
859.58,0.021,0.0,0.0,0.0,0.91,0,0.0,0.0,0.0
859.64,0.021,0.0,0.0,0.0,0.91,0,0.0,0.0,0.0
859.7,0.021,0.0,0.0,0.0,0.91,0,0.0,0.0,0.0
859.74,0.021,0.0,0.0,0.0,0.91,0,0.0,0.0,0.0
859.8,0.021,0.0,0.0,0.0,0.91,0,0.0,0.0,0.0
859.86,0.021,0.0,0.0,0.0,0.91,0,0.0,0.0,0.0
859.9,0.021,0.0,0.0,0.0,0.91,0,0.0,0.0,0.0
859.96,0.021,0.0,0.0,0.0,0.91,0,0.0,0.0,0.0
860.0,0.021,0.0,0.0,0.0,0.91,0,0.0,0.0,0.0
860.06,0.021,0.0,0.0,0.0,0.91,0,0.0,0.0,0.0
860.1,0.021,0.0,0.0,0.0,0.91,0,0.0,0.0,0.0
860.16,0.021,0.0,0.0,0.0,0.91,0,0.0,0.0,0.0
860.2,0.021,0.0,0.0,0.0,0.91,0,0.0,0.0,0.0
860.26,0.021,0.0,0.0,0.0,0.91,0,0.0,0.0,0.0
860.32,0.021,0.0,0.0,0.0,0.91,0,0.0,0.0,0.0
860.38,0.021,0.0,0.0,0.0,0.91,0,0.0,0.0,0.0
860.42,0.021,0.0,0.0,0.0,0.91,0,0.0,0.0,0.0
860.48,0.021,0.0,0.0,0.0,0.91,0,0.0,0.0,0.0
860.54,0.021,0.0,0.0,0.0,0.91,0,0.0,0.0,0.0
860.6,0.021,0.0,0.0,0.0,0.91,0,0.0,0.0,0.0
860.64,0.021,0.0,0.0,0.0,0.91,0,0.0,0.0,0.0
860.7,0.021,0.0,0.0,0.0,0.91,0,0.0,0.0,0.0
860.74,0.021,0.0,0.0,0.0,0.91,0,0.0,0.0,0.0
860.8,0.021,0.0,0.0,0.0,0.91,0,0.0,0.0,0.0
860.84,0.021,0.0,0.0,0.0,0.91,0,0.0,0.0,0.0
860.9,0.021,0.0,0.0,0.0,0.91,0,0.0,0.0,0.0
860.94,0.021,0.0,0.0,0.0,0.91,0,0.0,0.0,0.0
861.0,0.021,0.0,0.0,0.0,0.91,0,0.0,0.0,0.0
861.06,0.021,0.0,0.0,0.0,0.91,0,0.0,0.0,0.0
861.1,0.021,0.0,0.0,0.0,0.91,0,0.0,0.0,0.0
861.16,0.021,0.0,0.0,0.0,0.91,0,0.0,0.0,0.0
861.2,0.021,0.0,0.0,0.0,0.91,0,0.0,0.0,0.0
861.26,0.021,0.0,0.0,0.0,0.91,0,0.0,0.0,0.0
861.3,0.021,0.0,0.0,0.0,0.91,0,0.0,0.0,0.0
861.36,0.021,0.0,0.0,0.0,0.91,0,0.0,0.0,0.0
861.4,0.021,0.0,0.0,0.0,0.91,0,0.0,0.0,0.0
861.46,0.021,0.0,0.0,0.0,0.91,0,0.0,0.0,0.0
861.5,0.021,0.0,0.0,0.0,0.91,0,0.0,0.0,0.0
861.56,0.021,0.0,0.0,0.0,0.91,0,0.0,0.0,0.0
861.62,0.021,0.0,0.0,0.0,0.91,0,0.0,0.0,0.0
861.68,0.021,0.0,0.0,0.0,0.91,0,0.0,0.0,0.0
861.72,0.021,0.0,0.0,0.0,0.91,0,0.0,0.0,0.0
861.78,0.021,0.0,0.0,0.0,0.91,0,0.0,0.0,0.0
861.84,0.021,0.0,0.0,0.0,0.91,0,0.0,0.0,0.0
861.9,0.021,0.0,0.0,0.0,0.91,0,0.0,0.0,0.0
861.94,0.021,0.0,0.0,0.0,0.91,0,0.0,0.0,0.0
862.0,0.021,0.0,0.0,0.0,0.91,0,0.0,0.0,0.0
862.06,0.021,0.0,0.0,0.0,0.91,0,0.0,0.0,0.0
862.12,0.021,0.0,0.0,0.0,0.91,0,0.0,0.0,0.0
862.18,0.021,0.0,0.0,0.0,0.91,0,0.0,0.0,0.0
862.24,0.021,0.0,0.0,0.0,0.91,0,0.0,0.0,0.0
862.28,0.021,0.0,0.0,0.0,0.91,0,0.0,0.0,0.0
862.34,0.021,0.0,0.0,0.0,0.91,0,0.0,0.0,0.0
862.4,0.021,0.0,0.0,0.0,0.91,0,0.0,0.0,0.0
862.46,0.021,0.0,0.0,0.0,0.91,0,0.0,0.0,0.0
862.52,0.021,0.0,0.0,0.0,0.91,0,0.0,0.0,0.0
862.56,0.021,0.0,0.0,0.0,0.91,0,0.0,0.0,0.0
862.62,0.021,0.0,0.0,0.0,0.91,0,0.0,0.0,0.0
862.68,0.021,0.0,0.0,0.0,0.91,0,0.0,0.0,0.0
862.74,0.021,0.0,0.0,0.0,0.91,0,0.0,0.0,0.0
862.78,0.021,0.0,0.0,0.0,0.91,0,0.0,0.0,0.0
862.82,0.021,0.0,0.0,0.0,0.91,0,0.0,0.0,0.0
862.88,0.021,0.0,0.0,0.0,0.91,0,0.0,0.0,0.0
862.92,0.021,0.0,0.0,0.0,0.91,0,0.0,0.0,0.0
862.98,0.021,0.0,0.0,0.0,0.91,0,0.0,0.0,0.0
863.04,0.021,0.0,0.0,0.0,0.91,0,0.0,0.0,0.0
863.1,0.021,0.0,0.0,0.0,0.91,0,0.0,0.0,0.0
863.14,0.021,0.0,0.0,0.0,0.91,0,0.0,0.0,0.0
863.2,0.021,0.0,0.0,0.0,0.91,0,0.0,0.0,0.0
863.24,0.021,0.0,0.0,0.0,0.91,0,0.0,0.0,0.0
863.3,0.021,0.0,0.0,0.0,0.91,0,0.0,0.0,0.0
863.34,0.021,0.0,0.0,0.0,0.91,0,0.0,0.0,0.0
863.4,0.021,0.0,0.0,0.0,0.91,0,0.0,0.0,0.0
863.44,0.021,0.0,0.0,0.0,0.91,0,0.0,0.0,0.0
863.5,0.021,0.0,0.0,0.0,0.91,0,0.0,0.0,0.0
863.56,0.021,0.0,0.0,0.0,0.91,0,0.0,0.0,0.0
863.62,0.021,0.0,0.0,0.0,0.91,0,0.0,0.0,0.0
863.68,0.021,0.0,0.0,0.0,0.91,0,0.0,0.0,0.0
863.74,0.021,0.0,0.0,0.0,0.91,0,0.0,0.0,0.0
863.78,0.021,0.0,0.0,0.0,0.91,0,0.0,0.0,0.0
863.84,0.021,0.0,0.0,0.0,0.91,0,0.0,0.0,0.0
863.9,0.021,0.0,0.0,0.0,0.91,0,0.0,0.0,0.0
863.96,0.021,0.0,0.0,0.0,0.91,0,0.0,0.0,0.0
864.0,0.021,0.0,0.0,0.0,0.91,0,0.0,0.0,0.0
864.06,0.021,0.0,0.0,0.0,0.91,0,0.0,0.0,0.0
864.12,0.021,0.0,0.0,0.0,0.91,0,0.0,0.0,0.0
864.18,0.021,0.0,0.0,0.0,0.91,0,0.0,0.0,0.0
864.22,0.021,0.0,0.0,0.0,0.91,0,0.0,0.0,0.0
864.28,0.021,0.0,0.0,0.0,0.91,0,0.0,0.0,0.0
864.34,0.021,0.0,0.0,0.0,0.91,0,0.0,0.0,0.0
864.4,0.021,0.0,0.0,0.0,0.91,0,0.0,0.0,0.0
864.46,0.021,0.0,0.0,0.0,0.91,0,0.0,0.0,0.0
864.52,0.021,0.0,0.0,0.0,0.91,0,0.0,0.0,0.0
864.58,0.021,0.0,0.0,0.0,0.91,0,0.0,0.0,0.0
864.62,0.021,0.0,0.0,0.0,0.91,0,0.0,0.0,0.0
864.66,0.021,0.0,0.0,0.0,0.91,0,0.0,0.0,0.0
864.72,0.021,0.0,0.0,0.0,0.91,0,0.0,0.0,0.0
864.78,0.021,0.0,0.0,0.0,0.91,0,0.0,0.0,0.0
864.82,0.021,0.0,0.0,0.0,0.91,0,0.0,0.0,0.0
864.88,0.021,0.0,0.0,0.0,0.91,0,0.0,0.0,0.0
864.94,0.021,0.0,0.0,0.0,0.91,0,0.0,0.0,0.0
865.0,0.021,0.0,0.0,0.0,0.91,0,0.0,0.0,0.0
865.06,0.021,0.0,0.0,0.0,0.91,0,0.0,0.0,0.0
865.12,0.021,0.0,0.0,0.0,0.91,0,0.0,0.0,0.0
865.16,0.021,0.0,0.0,0.0,0.91,0,0.0,0.0,0.0
865.22,0.021,0.0,0.0,0.0,0.91,0,0.0,0.0,0.0
865.26,0.021,0.0,0.0,0.0,0.91,0,0.0,0.0,0.0
865.32,0.021,0.0,0.0,0.0,0.91,0,0.0,0.0,0.0
865.36,0.021,0.0,0.0,0.0,0.91,0,0.0,0.0,0.0
865.42,0.021,0.0,0.0,0.0,0.91,0,0.0,0.0,0.0
865.48,0.021,0.0,0.0,0.0,0.91,0,0.0,0.0,0.0
865.52,0.021,0.0,0.0,0.0,0.91,0,0.0,0.0,0.0
865.58,0.021,0.0,0.0,0.0,0.91,0,0.0,0.0,0.0
865.64,0.021,0.0,0.0,0.0,0.91,0,0.0,0.0,0.0
865.7,0.021,0.0,0.0,0.0,0.91,0,0.0,0.0,0.0
865.74,0.021,0.0,0.0,0.0,0.91,0,0.0,0.0,0.0
865.8,0.021,0.0,0.0,0.0,0.91,0,0.0,0.0,0.0
865.86,0.021,0.0,0.0,0.0,0.91,0,0.0,0.0,0.0
865.9,0.021,0.0,0.0,0.0,0.91,0,0.0,0.0,0.0
865.96,0.021,0.0,0.0,0.0,0.91,0,0.0,0.0,0.0
866.02,0.021,0.0,0.0,0.0,0.91,0,0.0,0.0,0.0
866.08,0.021,0.0,0.0,0.0,0.91,0,0.0,0.0,0.0
866.12,0.021,0.0,0.0,0.0,0.91,0,0.0,0.0,0.0
866.18,0.021,0.0,0.0,0.0,0.91,0,0.0,0.0,0.0
866.24,0.021,0.0,0.0,0.0,0.91,0,0.0,0.0,0.0
866.3,0.021,0.0,0.0,0.0,0.91,0,0.0,0.0,0.0
866.36,0.021,0.0,0.0,0.0,0.91,0,0.0,0.0,0.0
866.4,0.021,0.0,0.0,0.0,0.91,0,0.0,0.0,0.0
866.46,0.021,0.0,0.0,0.0,0.91,0,0.0,0.0,0.0
866.52,0.021,0.0,0.0,0.0,0.91,0,0.0,0.0,0.0
866.58,0.021,0.0,0.0,0.0,0.91,0,0.0,0.0,0.0
866.64,0.021,0.0,0.0,0.0,0.91,0,0.0,0.0,0.0
866.7,0.021,0.0,0.0,0.0,0.91,0,0.0,0.0,0.0
866.76,0.021,0.0,0.0,0.0,0.91,0,0.0,0.0,0.0
866.8,0.021,0.0,0.0,0.0,0.91,0,0.0,0.0,0.0
866.86,0.021,0.0,0.0,0.0,0.91,0,0.0,0.0,0.0
866.92,0.021,0.0,0.0,0.0,0.91,0,0.0,0.0,0.0
866.98,0.021,0.0,0.0,0.0,0.91,0,0.0,0.0,0.0
867.02,0.021,0.0,0.0,0.0,0.91,0,0.0,0.0,0.0
867.08,0.021,0.0,0.0,0.0,0.91,0,0.0,0.0,0.0
867.14,0.021,0.0,0.0,0.0,0.91,0,0.0,0.0,0.0
867.18,0.021,0.0,0.0,0.0,0.91,0,0.0,0.0,0.0
867.24,0.021,0.0,0.0,0.0,0.91,0,0.0,0.0,0.0
867.3,0.021,0.0,0.0,0.0,0.91,0,0.0,0.0,0.0
867.36,0.021,0.0,0.0,0.0,0.91,0,0.0,0.0,0.0
867.4,0.021,0.0,0.0,0.0,0.91,0,0.0,0.0,0.0
867.46,0.021,0.0,0.0,0.0,0.91,0,0.0,0.0,0.0
867.5,0.021,0.0,0.0,0.0,0.91,0,0.0,0.0,0.0
867.56,0.021,0.0,0.0,0.0,0.91,0,0.0,0.0,0.0
867.62,0.021,0.0,0.0,0.0,0.91,0,0.0,0.0,0.0
867.68,0.021,0.0,0.0,0.0,0.91,0,0.0,0.0,0.0
867.74,0.021,0.0,0.0,0.0,0.91,0,0.0,0.0,0.0
867.78,0.021,0.0,0.0,0.0,0.91,0,0.0,0.0,0.0
867.84,0.021,0.0,0.0,0.0,0.91,0,0.0,0.0,0.0
867.9,0.021,0.0,0.0,0.0,0.91,0,0.0,0.0,0.0
867.96,0.021,0.0,0.0,0.0,0.91,0,0.0,0.0,0.0
868.0,0.021,0.0,0.0,0.0,0.91,0,0.0,0.0,0.0
868.06,0.021,0.0,0.0,0.0,0.91,0,0.0,0.0,0.0
868.12,0.021,0.0,0.0,0.0,0.91,0,0.0,0.0,0.0
868.16,0.021,0.0,0.0,0.0,0.91,0,0.0,0.0,0.0
868.22,0.021,0.0,0.0,0.0,0.91,0,0.0,0.0,0.0
868.28,0.021,0.0,0.0,0.0,0.91,0,0.0,0.0,0.0
868.34,0.021,0.0,0.0,0.0,0.91,0,0.0,0.0,0.0
868.4,0.021,0.0,0.0,0.0,0.91,0,0.0,0.0,0.0
868.46,0.021,0.0,0.0,0.0,0.91,0,0.0,0.0,0.0
868.52,0.021,0.0,0.0,0.0,0.91,0,0.0,0.0,0.0
868.56,0.021,0.0,0.0,0.0,0.91,0,0.0,0.0,0.0
868.62,0.021,0.0,0.0,0.0,0.91,0,0.0,0.0,0.0
868.68,0.021,0.0,0.0,0.0,0.91,0,0.0,0.0,0.0
868.74,0.021,0.0,0.0,0.0,0.91,0,0.0,0.0,0.0
868.8,0.021,0.0,0.0,0.0,0.91,0,0.0,0.0,0.0
868.86,0.021,0.0,0.0,0.0,0.91,0,0.0,0.0,0.0
868.92,0.021,0.0,0.0,0.0,0.91,0,0.0,0.0,0.0
868.98,0.021,0.0,0.0,0.0,0.91,0,0.0,0.0,0.0
869.02,0.021,0.0,0.0,0.0,0.91,0,0.0,0.0,0.0
869.08,0.021,0.0,0.0,0.0,0.91,0,0.0,0.0,0.0
869.14,0.021,0.0,0.0,0.0,0.91,0,0.0,0.0,0.0
869.18,0.021,0.0,0.0,0.0,0.91,0,0.0,0.0,0.0
869.22,0.021,0.0,0.0,0.0,0.91,0,0.0,0.0,0.0
869.28,0.021,0.0,0.0,0.0,0.91,0,0.0,0.0,0.0
869.34,0.021,0.0,0.0,0.0,0.91,0,0.0,0.0,0.0
869.38,0.021,0.0,0.0,0.0,0.91,0,0.0,0.0,0.0
869.44,0.021,0.0,0.0,0.0,0.91,0,0.0,0.0,0.0
869.5,0.021,0.0,0.0,0.0,0.91,0,0.0,0.0,0.0
869.54,0.021,0.0,0.0,0.0,0.91,0,0.0,0.0,0.0
869.6,0.021,0.0,0.0,0.0,0.91,0,0.0,0.0,0.0
869.64,0.021,0.0,0.0,0.0,0.91,0,0.0,0.0,0.0
869.7,0.021,0.0,0.0,0.0,0.91,0,0.0,0.0,0.0
869.74,0.021,0.0,0.0,0.0,0.91,0,0.0,0.0,0.0
869.8,0.021,0.0,0.0,0.0,0.91,0,0.0,0.0,0.0
869.84,0.021,0.0,0.0,0.0,0.91,0,0.0,0.0,0.0
869.9,0.021,0.0,0.0,0.0,0.91,0,0.0,0.0,0.0
869.96,0.021,0.0,0.0,0.0,0.91,0,0.0,0.0,0.0
870.02,0.021,0.0,0.0,0.0,0.91,0,0.0,0.0,0.0
870.06,0.021,0.0,0.0,0.0,0.91,0,0.0,0.0,0.0
870.12,0.021,0.0,0.0,0.0,0.91,0,0.0,0.0,0.0
870.18,0.021,0.0,0.0,0.0,0.91,0,0.0,0.0,0.0
870.24,0.021,0.0,0.0,0.0,0.91,0,0.0,0.0,0.0
870.28,0.021,0.0,0.0,0.0,0.91,0,0.0,0.0,0.0
870.34,0.021,0.0,0.0,0.0,0.91,0,0.0,0.0,0.0
870.4,0.021,0.0,0.0,0.0,0.91,0,0.0,0.0,0.0
870.46,0.021,0.0,0.0,0.0,0.91,0,0.0,0.0,0.0
870.5,0.021,0.0,0.0,0.0,0.91,0,0.0,0.0,0.0
870.56,0.021,0.0,0.0,0.0,0.91,0,0.0,0.0,0.0
870.62,0.021,0.0,0.0,0.0,0.91,0,0.0,0.0,0.0
870.68,0.021,0.0,0.0,0.0,0.91,0,0.0,0.0,0.0
870.74,0.021,0.0,0.0,0.0,0.91,0,0.0,0.0,0.0
870.78,0.021,0.0,0.0,0.0,0.91,0,0.0,0.0,0.0
870.84,0.021,0.0,0.0,0.0,0.91,0,0.0,0.0,0.0
870.9,0.021,0.0,0.0,0.0,0.91,0,0.0,0.0,0.0
870.96,0.021,0.0,0.0,0.0,0.91,0,0.0,0.0,0.0
871.0,0.021,0.0,0.0,0.0,0.91,0,0.0,0.0,0.0
871.06,0.021,0.0,0.0,0.0,0.91,0,0.0,0.0,0.0
871.12,0.021,0.0,0.0,0.0,0.91,0,0.0,0.0,0.0
871.18,0.021,0.0,0.0,0.0,0.91,0,0.0,0.0,0.0
871.24,0.021,0.0,0.0,0.0,0.91,0,0.0,0.0,0.0
871.28,0.021,0.0,0.0,0.0,0.91,0,0.0,0.0,0.0
871.34,0.021,0.0,0.0,0.0,0.91,0,0.0,0.0,0.0
871.4,0.021,0.0,0.0,0.0,0.91,0,0.0,0.0,0.0
871.44,0.021,0.0,0.0,0.0,0.91,0,0.0,0.0,0.0
871.5,0.021,0.0,0.0,0.0,0.91,0,0.0,0.0,0.0
871.56,0.021,0.0,0.0,0.0,0.91,0,0.0,0.0,0.0
871.62,0.021,0.0,0.0,0.0,0.91,0,0.0,0.0,0.0
871.66,0.021,0.0,0.0,0.0,0.91,0,0.0,0.0,0.0
871.72,0.021,0.0,0.0,0.0,0.91,0,0.0,0.0,0.0
871.76,0.021,0.0,0.0,0.0,0.91,0,0.0,0.0,0.0
871.82,0.021,0.0,0.0,0.0,0.91,0,0.0,0.0,0.0
871.86,0.021,0.0,0.0,0.0,0.91,0,0.0,0.0,0.0
871.92,0.021,0.0,0.0,0.0,0.91,0,0.0,0.0,0.0
871.98,0.021,0.0,0.0,0.0,0.91,0,0.0,0.0,0.0
872.04,0.021,0.0,0.0,0.0,0.91,0,0.0,0.0,0.0
872.08,0.021,0.0,0.0,0.0,0.91,0,0.0,0.0,0.0
872.14,0.021,0.0,0.0,0.0,0.91,0,0.0,0.0,0.0
872.2,0.021,0.0,0.0,0.0,0.91,0,0.0,0.0,0.0
872.26,0.021,0.0,0.0,0.0,0.91,0,0.0,0.0,0.0
872.3,0.021,0.0,0.0,0.0,0.91,0,0.0,0.0,0.0
872.36,0.021,0.0,0.0,0.0,0.91,0,0.0,0.0,0.0
872.42,0.021,0.0,0.0,0.0,0.91,0,0.0,0.0,0.0
872.46,0.021,0.0,0.0,0.0,0.91,0,0.0,0.0,0.0
872.52,0.021,0.0,0.0,0.0,0.91,0,0.0,0.0,0.0
872.56,0.021,0.0,0.0,0.0,0.91,0,0.0,0.0,0.0
872.62,0.021,0.0,0.0,0.0,0.91,0,0.0,0.0,0.0
872.68,0.021,0.0,0.0,0.0,0.91,0,0.0,0.0,0.0
872.74,0.021,0.0,0.0,0.0,0.91,0,0.0,0.0,0.0
872.8,0.021,0.0,0.0,0.0,0.91,0,0.0,0.0,0.0
872.86,0.021,0.0,0.0,0.0,0.91,0,0.0,0.0,0.0
872.9,0.021,0.0,0.0,0.0,0.91,0,0.0,0.0,0.0
872.96,0.021,0.0,0.0,0.0,0.91,0,0.0,0.0,0.0
873.02,0.021,0.0,0.0,0.0,0.91,0,0.0,0.0,0.0
873.06,0.021,0.0,0.0,0.0,0.91,0,0.0,0.0,0.0
873.12,0.021,0.0,0.0,0.0,0.91,0,0.0,0.0,0.0
873.18,0.021,0.0,0.0,0.0,0.91,0,0.0,0.0,0.0
873.24,0.021,0.0,0.0,0.0,0.91,0,0.0,0.0,0.0
873.28,0.021,0.0,0.0,0.0,0.91,0,0.0,0.0,0.0
873.34,0.021,0.0,0.0,0.0,0.91,0,0.0,0.0,0.0
873.4,0.021,0.0,0.0,0.0,0.91,0,0.0,0.0,0.0
873.44,0.021,0.0,0.0,0.0,0.91,0,0.0,0.0,0.0
873.5,0.021,0.0,0.0,0.0,0.91,0,0.0,0.0,0.0
873.54,0.021,0.0,0.0,0.0,0.91,0,0.0,0.0,0.0
873.6,0.021,0.0,0.0,0.0,0.91,0,0.0,0.0,0.0
873.64,0.021,0.0,0.0,0.0,0.91,0,0.0,0.0,0.0
873.7,0.021,0.0,0.0,0.0,0.91,0,0.0,0.0,0.0
873.74,0.021,0.0,0.0,0.0,0.91,0,0.0,0.0,0.0
873.8,0.021,0.0,0.0,0.0,0.91,0,0.0,0.0,0.0
873.86,0.021,0.0,0.0,0.0,0.91,0,0.0,0.0,0.0
873.92,0.021,0.0,0.0,0.0,0.91,0,0.0,0.0,0.0
873.96,0.021,0.0,0.0,0.0,0.91,0,0.0,0.0,0.0
874.02,0.021,0.0,0.0,0.0,0.91,0,0.0,0.0,0.0
874.06,0.021,0.0,0.0,0.0,0.91,0,0.0,0.0,0.0
874.12,0.021,0.0,0.0,0.0,0.91,0,0.0,0.0,0.0
874.16,0.021,0.0,0.0,0.0,0.91,0,0.0,0.0,0.0
874.22,0.021,0.0,0.0,0.0,0.91,0,0.0,0.0,0.0
874.26,0.021,0.0,0.0,0.0,0.91,0,0.0,0.0,0.0
874.32,0.021,0.0,0.0,0.0,0.91,0,0.0,0.0,0.0
874.36,0.021,0.0,0.0,0.0,0.91,0,0.0,0.0,0.0
874.42,0.021,0.0,0.0,0.0,0.91,0,0.0,0.0,0.0
874.48,0.021,0.0,0.0,0.0,0.91,0,0.0,0.0,0.0
874.54,0.021,0.0,0.0,0.0,0.91,0,0.0,0.0,0.0
874.6,0.021,0.0,0.0,0.0,0.91,0,0.0,0.0,0.0
874.64,0.021,0.0,0.0,0.0,0.91,0,0.0,0.0,0.0
874.68,0.021,0.0,0.0,0.0,0.91,0,0.0,0.0,0.0
874.74,0.021,0.0,0.0,0.0,0.91,0,0.0,0.0,0.0
874.8,0.021,0.0,0.0,0.0,0.91,0,0.0,0.0,0.0
874.84,0.021,0.0,0.0,0.0,0.91,0,0.0,0.0,0.0
874.9,0.021,0.0,0.0,0.0,0.91,0,0.0,0.0,0.0
874.94,0.021,0.0,0.0,0.0,0.91,0,0.0,0.0,0.0
875.0,0.021,0.0,0.0,0.0,0.91,0,0.0,0.0,0.0
875.04,0.021,0.0,0.0,0.0,0.91,0,0.0,0.0,0.0
875.1,0.021,0.0,0.0,0.0,0.91,0,0.0,0.0,0.0
875.14,0.021,0.0,0.0,0.0,0.91,0,0.0,0.0,0.0
875.2,0.021,0.0,0.0,0.0,0.91,0,0.0,0.0,0.0
875.26,0.021,0.0,0.0,0.0,0.91,0,0.0,0.0,0.0
875.32,0.021,0.0,0.0,0.0,0.91,0,0.0,0.0,0.0
875.38,0.021,0.0,0.0,0.0,0.91,0,0.0,0.0,0.0
875.42,0.021,0.0,0.0,0.0,0.91,0,0.0,0.0,0.0
875.48,0.021,0.0,0.0,0.0,0.91,0,0.0,0.0,0.0
875.54,0.021,0.0,0.0,0.0,0.91,0,0.0,0.0,0.0
875.6,0.021,0.0,0.0,0.0,0.91,0,0.0,0.0,0.0
875.66,0.021,0.0,0.0,0.0,0.91,0,0.0,0.0,0.0
875.7,0.021,0.0,0.0,0.0,0.91,0,0.0,0.0,0.0
875.76,0.021,0.0,0.0,0.0,0.91,0,0.0,0.0,0.0
875.8,0.021,0.0,0.0,0.0,0.91,0,0.0,0.0,0.0
875.86,0.021,0.0,0.0,0.0,0.91,0,0.0,0.0,0.0
875.92,0.021,0.0,0.0,0.0,0.91,0,0.0,0.0,0.0
875.96,0.021,0.0,0.0,0.0,0.91,0,0.0,0.0,0.0
876.02,0.021,0.0,0.0,0.0,0.91,0,0.0,0.0,0.0
876.08,0.021,0.0,0.0,0.0,0.91,0,0.0,0.0,0.0
876.14,0.021,0.0,0.0,0.0,0.91,0,0.0,0.0,0.0
876.2,0.021,0.0,0.0,0.0,0.91,0,0.0,0.0,0.0
876.24,0.021,0.0,0.0,0.0,0.91,0,0.0,0.0,0.0
876.3,0.021,0.0,0.0,0.0,0.91,0,0.0,0.0,0.0
876.34,0.021,0.0,0.0,0.0,0.91,0,0.0,0.0,0.0
876.4,0.021,0.0,0.0,0.0,0.91,0,0.0,0.0,0.0
876.44,0.021,0.0,0.0,0.0,0.91,0,0.0,0.0,0.0
876.5,0.021,0.0,0.0,0.0,0.91,0,0.0,0.0,0.0
876.54,0.021,0.0,0.0,0.0,0.91,0,0.0,0.0,0.0
876.6,0.021,0.0,0.0,0.0,0.91,0,0.0,0.0,0.0
876.64,0.021,0.0,0.0,0.0,0.91,0,0.0,0.0,0.0
876.7,0.021,0.0,0.0,0.0,0.91,0,0.0,0.0,0.0
876.76,0.021,0.0,0.0,0.0,0.91,0,0.0,0.0,0.0
876.82,0.021,0.0,0.0,0.0,0.91,0,0.0,0.0,0.0
876.88,0.021,0.0,0.0,0.0,0.91,0,0.0,0.0,0.0
876.94,0.021,0.0,0.0,0.0,0.91,0,0.0,0.0,0.0
876.98,0.021,0.0,0.0,0.0,0.91,0,0.0,0.0,0.0
877.04,0.021,0.0,0.0,0.0,0.91,0,0.0,0.0,0.0
877.08,0.021,0.0,0.0,0.0,0.91,0,0.0,0.0,0.0
877.14,0.021,0.0,0.0,0.0,0.91,0,0.0,0.0,0.0
877.2,0.021,0.0,0.0,0.0,0.91,0,0.0,0.0,0.0
877.26,0.021,0.0,0.0,0.0,0.91,0,0.0,0.0,0.0
877.3,0.021,0.0,0.0,0.0,0.91,0,0.0,0.0,0.0
877.36,0.021,0.0,0.0,0.0,0.91,0,0.0,0.0,0.0
877.4,0.021,0.0,0.0,0.0,0.91,0,0.0,0.0,0.0
877.46,0.021,0.0,0.0,0.0,0.91,0,0.0,0.0,0.0
877.52,0.021,0.0,0.0,0.0,0.91,0,0.0,0.0,0.0
877.56,0.021,0.0,0.0,0.0,0.91,0,0.0,0.0,0.0
877.62,0.021,0.0,0.0,0.0,0.91,0,0.0,0.0,0.0
877.68,0.021,0.0,0.0,0.0,0.91,0,0.0,0.0,0.0
877.74,0.021,0.0,0.0,0.0,0.91,0,0.0,0.0,0.0
877.78,0.021,0.0,0.0,0.0,0.91,0,0.0,0.0,0.0
877.84,0.021,0.0,0.0,0.0,0.91,0,0.0,0.0,0.0
877.9,0.021,0.0,0.0,0.0,0.91,0,0.0,0.0,0.0
877.94,0.021,0.0,0.0,0.0,0.91,0,0.0,0.0,0.0
878.0,0.021,0.0,0.0,0.0,0.91,0,0.0,0.0,0.0
878.06,0.021,0.0,0.0,0.0,0.91,0,0.0,0.0,0.0
878.12,0.021,0.0,0.0,0.0,0.91,0,0.0,0.0,0.0
878.18,0.021,0.0,0.0,0.0,0.91,0,0.0,0.0,0.0
878.22,0.021,0.0,0.0,0.0,0.91,0,0.0,0.0,0.0
878.28,0.021,0.0,0.0,0.0,0.91,0,0.0,0.0,0.0
878.34,0.021,0.0,0.0,0.0,0.91,0,0.0,0.0,0.0
878.38,0.021,0.0,0.0,0.0,0.91,0,0.0,0.0,0.0
878.42,0.021,0.0,0.0,0.0,0.91,0,0.0,0.0,0.0
878.48,0.021,0.0,0.0,0.0,0.91,0,0.0,0.0,0.0
878.54,0.021,0.0,0.0,0.0,0.91,0,0.0,0.0,0.0
878.58,0.021,0.0,0.0,0.0,0.91,0,0.0,0.0,0.0
878.62,0.021,0.0,0.0,0.0,0.91,0,0.0,0.0,0.0
878.68,0.021,0.0,0.0,0.0,0.91,0,0.0,0.0,0.0
878.74,0.021,0.0,0.0,0.0,0.91,0,0.0,0.0,0.0
878.78,0.021,0.0,0.0,0.0,0.91,0,0.0,0.0,0.0
878.84,0.021,0.0,0.0,0.0,0.91,0,0.0,0.0,0.0
878.88,0.021,0.0,0.0,0.0,0.91,0,0.0,0.0,0.0
878.94,0.021,0.0,0.0,0.0,0.91,0,0.0,0.0,0.0
879.0,0.021,0.0,0.0,0.0,0.91,0,0.0,0.0,0.0
879.04,0.021,0.0,0.0,0.0,0.91,0,0.0,0.0,0.0
879.1,0.021,0.0,0.0,0.0,0.91,0,0.0,0.0,0.0
879.14,0.021,0.0,0.0,0.0,0.91,0,0.0,0.0,0.0
879.2,0.021,0.0,0.0,0.0,0.91,0,0.0,0.0,0.0
879.24,0.021,0.0,0.0,0.0,0.91,0,0.0,0.0,0.0
879.3,0.021,0.0,0.0,0.0,0.91,0,0.0,0.0,0.0
879.34,0.021,0.0,0.0,0.0,0.91,0,0.0,0.0,0.0
879.4,0.021,0.0,0.0,0.0,0.91,0,0.0,0.0,0.0
879.46,0.021,0.0,0.0,0.0,0.91,0,0.0,0.0,0.0
879.5,0.021,0.0,0.0,0.0,0.91,0,0.0,0.0,0.0
879.54,0.021,0.0,0.0,0.0,0.91,0,0.0,0.0,0.0
879.6,0.021,0.0,0.0,0.0,0.91,0,0.0,0.0,0.0
879.64,0.021,0.0,0.0,0.0,0.91,0,0.0,0.0,0.0
879.7,0.021,0.0,0.0,0.0,0.91,0,0.0,0.0,0.0
879.76,0.021,0.0,0.0,0.0,0.91,0,0.0,0.0,0.0
879.8,0.021,0.0,0.0,0.0,0.91,0,0.0,0.0,0.0
879.86,0.021,0.0,0.0,0.0,0.91,0,0.0,0.0,0.0
879.9,0.021,0.0,0.0,0.0,0.91,0,0.0,0.0,0.0
879.94,0.021,0.0,0.0,0.0,0.91,0,0.0,0.0,0.0
880.0,0.021,0.0,0.0,0.0,0.91,0,0.0,0.0,0.0
880.06,0.021,0.0,0.0,0.0,0.91,0,0.0,0.0,0.0
880.12,0.021,0.0,0.0,0.0,0.91,0,0.0,0.0,0.0
880.16,0.021,0.0,0.0,0.0,0.91,0,0.0,0.0,0.0
880.2,0.021,0.0,0.0,0.0,0.91,0,0.0,0.0,0.0
880.26,0.021,0.0,0.0,0.0,0.91,0,0.0,0.0,0.0
880.28,0.021,0.0,0.0,0.0,0.91,0,0.0,0.0,0.0
880.36,0.021,0.0,0.0,0.0,0.91,0,0.0,0.0,0.0
880.4,0.021,0.0,0.0,0.0,0.91,0,0.0,0.0,0.0
880.46,0.021,0.0,0.0,0.0,0.91,0,0.0,0.0,0.0
880.5,0.021,0.0,0.0,0.0,0.91,0,0.0,0.0,0.0
880.56,0.021,0.0,0.0,0.0,0.91,0,0.0,0.0,0.0
880.62,0.021,0.0,0.0,0.0,0.91,0,0.0,0.0,0.0
880.68,0.021,0.0,0.0,0.0,0.91,0,0.0,0.0,0.0
880.74,0.021,0.0,0.0,0.0,0.91,0,0.0,0.0,0.0
880.78,0.021,0.0,0.0,0.0,0.91,0,0.0,0.0,0.0
880.84,0.021,0.0,0.0,0.0,0.91,0,0.0,0.0,0.0
880.9,0.021,0.0,0.0,0.0,0.91,0,0.0,0.0,0.0
880.96,0.021,0.0,0.0,0.0,0.91,0,0.0,0.0,0.0
881.0,0.021,0.0,0.0,0.0,0.91,0,0.0,0.0,0.0
881.06,0.021,0.0,0.0,0.0,0.91,0,0.0,0.0,0.0
881.12,0.021,0.0,0.0,0.0,0.91,0,0.0,0.0,0.0
881.18,0.021,0.0,0.0,0.0,0.91,0,0.0,0.0,0.0
881.24,0.021,0.0,0.0,0.0,0.91,0,0.0,0.0,0.0
881.28,0.021,0.0,0.0,0.0,0.91,0,0.0,0.0,0.0
881.34,0.021,0.0,0.0,0.0,0.91,0,0.0,0.0,0.0
881.4,0.021,0.0,0.0,0.0,0.91,0,0.0,0.0,0.0
881.44,0.021,0.0,0.0,0.0,0.91,0,0.0,0.0,0.0
881.5,0.021,0.0,0.0,0.0,0.91,0,0.0,0.0,0.0
881.56,0.021,0.0,0.0,0.0,0.91,0,0.0,0.0,0.0
881.6,0.021,0.0,0.0,0.0,0.91,0,0.0,0.0,0.0
881.66,0.021,0.0,0.0,0.0,0.91,0,0.0,0.0,0.0
881.7,0.021,0.0,0.0,0.0,0.91,0,0.0,0.0,0.0
881.76,0.021,0.0,0.0,0.0,0.91,0,0.0,0.0,0.0
881.8,0.021,0.0,0.0,0.0,0.91,0,0.0,0.0,0.0
881.86,0.021,0.0,0.0,0.0,0.91,0,0.0,0.0,0.0
881.92,0.021,0.0,0.0,0.0,0.91,0,0.0,0.0,0.0
881.96,0.021,0.0,0.0,0.0,0.91,0,0.0,0.0,0.0
882.02,0.021,0.0,0.0,0.0,0.91,0,0.0,0.0,0.0
882.08,0.021,0.0,0.0,0.0,0.91,0,0.0,0.0,0.0
882.14,0.021,0.0,0.0,0.0,0.91,0,0.0,0.0,0.0
882.2,0.021,0.0,0.0,0.0,0.91,0,0.0,0.0,0.0
882.24,0.021,0.0,0.0,0.0,0.91,0,0.0,0.0,0.0
882.3,0.021,0.0,0.0,0.0,0.91,0,0.0,0.0,0.0
882.36,0.021,0.0,0.0,0.0,0.91,0,0.0,0.0,0.0
882.42,0.021,0.0,0.0,0.0,0.91,0,0.0,0.0,0.0
882.48,0.021,0.0,0.0,0.0,0.91,0,0.0,0.0,0.0
882.54,0.021,0.0,0.0,0.0,0.91,0,0.0,0.0,0.0
882.6,0.021,0.0,0.0,0.0,0.91,0,0.0,0.0,0.0
882.66,0.021,0.0,0.0,0.0,0.91,0,0.0,0.0,0.0
882.72,0.021,0.0,0.0,0.0,0.91,0,0.0,0.0,0.0
882.76,0.021,0.0,0.0,0.0,0.91,0,0.0,0.0,0.0
882.82,0.021,0.0,0.0,0.0,0.91,0,0.0,0.0,0.0
882.88,0.021,0.0,0.0,0.0,0.91,0,0.0,0.0,0.0
882.94,0.021,0.0,0.0,0.0,0.91,0,0.0,0.0,0.0
883.0,0.021,0.0,0.0,0.0,0.91,0,0.0,0.0,0.0
883.04,0.021,0.0,0.0,0.0,0.91,0,0.0,0.0,0.0
883.1,0.021,0.0,0.0,0.0,0.91,0,0.0,0.0,0.0
883.16,0.021,0.0,0.0,0.0,0.91,0,0.0,0.0,0.0
883.22,0.021,0.0,0.0,0.0,0.91,0,0.0,0.0,0.0
883.28,0.021,0.0,0.0,0.0,0.91,0,0.0,0.0,0.0
883.32,0.021,0.0,0.0,0.0,0.91,0,0.0,0.0,0.0
883.38,0.021,0.0,0.0,0.0,0.91,0,0.0,0.0,0.0
883.44,0.021,0.0,0.0,0.0,0.91,0,0.0,0.0,0.0
883.5,0.021,0.0,0.0,0.0,0.91,0,0.0,0.0,0.0
883.56,0.021,0.0,0.0,0.0,0.91,0,0.0,0.0,0.0
883.62,0.021,0.0,0.0,0.0,0.91,0,0.0,0.0,0.0
883.68,0.021,0.0,0.0,0.0,0.91,0,0.0,0.0,0.0
883.74,0.021,0.0,0.0,0.0,0.91,0,0.0,0.0,0.0
883.8,0.021,0.0,0.0,0.0,0.91,0,0.0,0.0,0.0
883.84,0.021,0.0,0.0,0.0,0.91,0,0.0,0.0,0.0
883.9,0.021,0.0,0.0,0.0,0.91,0,0.0,0.0,0.0
883.96,0.021,0.0,0.0,0.0,0.91,0,0.0,0.0,0.0
884.02,0.021,0.0,0.0,0.0,0.91,0,0.0,0.0,0.0
884.08,0.021,0.0,0.0,0.0,0.91,0,0.0,0.0,0.0
884.14,0.021,0.0,0.0,0.0,0.91,0,0.0,0.0,0.0
884.2,0.021,0.0,0.0,0.0,0.91,0,0.0,0.0,0.0
884.26,0.021,0.0,0.0,0.0,0.91,0,0.0,0.0,0.0
884.32,0.021,0.0,0.0,0.0,0.91,0,0.0,0.0,0.0
884.38,0.021,0.0,0.0,0.0,0.91,0,0.0,0.0,0.0
884.44,0.021,0.0,0.0,0.0,0.91,0,0.0,0.0,0.0
884.48,0.021,0.0,0.0,0.0,0.91,0,0.0,0.0,0.0
884.54,0.021,0.0,0.0,0.0,0.91,0,0.0,0.0,0.0
884.6,0.021,0.0,0.0,0.0,0.91,0,0.0,0.0,0.0
884.64,0.021,0.0,0.0,0.0,0.91,0,0.0,0.0,0.0
884.68,0.021,0.0,0.0,0.0,0.91,0,0.0,0.0,0.0
884.74,0.021,0.0,0.0,0.0,0.91,0,0.0,0.0,0.0
884.8,0.021,0.0,0.0,0.0,0.91,0,0.0,0.0,0.0
884.86,0.021,0.0,0.0,0.0,0.91,0,0.0,0.0,0.0
884.9,0.021,0.0,0.0,0.0,0.91,0,0.0,0.0,0.0
884.96,0.021,0.0,0.0,0.0,0.91,0,0.0,0.0,0.0
885.02,0.021,0.0,0.0,0.0,0.91,0,0.0,0.0,0.0
885.08,0.021,0.0,0.0,0.0,0.91,0,0.0,0.0,0.0
885.14,0.021,0.0,0.0,0.0,0.91,0,0.0,0.0,0.0
885.2,0.021,0.0,0.0,0.0,0.91,0,0.0,0.0,0.0
885.26,0.021,0.0,0.0,0.0,0.91,0,0.0,0.0,0.0
885.3,0.021,0.0,0.0,0.0,0.91,0,0.0,0.0,0.0
885.36,0.021,0.0,0.0,0.0,0.91,0,0.0,0.0,0.0
885.42,0.021,0.0,0.0,0.0,0.91,0,0.0,0.0,0.0
885.48,0.021,0.0,0.0,0.0,0.91,0,0.0,0.0,0.0
885.54,0.021,0.0,0.0,0.0,0.91,0,0.0,0.0,0.0
885.58,0.021,0.0,0.0,0.0,0.91,0,0.0,0.0,0.0
885.64,0.021,0.0,0.0,0.0,0.91,0,0.0,0.0,0.0
885.7,0.021,0.0,0.0,0.0,0.91,0,0.0,0.0,0.0
885.76,0.021,0.0,0.0,0.0,0.91,0,0.0,0.0,0.0
885.8,0.021,0.0,0.0,0.0,0.91,0,0.0,0.0,0.0
885.86,0.021,0.0,0.0,0.0,0.91,0,0.0,0.0,0.0
885.92,0.021,0.0,0.0,0.0,0.91,0,0.0,0.0,0.0
885.96,0.021,0.0,0.0,0.0,0.91,0,0.0,0.0,0.0
886.02,0.021,0.0,0.0,0.0,0.91,0,0.0,0.0,0.0
886.08,0.021,0.0,0.0,0.0,0.91,0,0.0,0.0,0.0
886.14,0.021,0.0,0.0,0.0,0.91,0,0.0,0.0,0.0
886.2,0.021,0.0,0.0,0.0,0.91,0,0.0,0.0,0.0
886.24,0.021,0.0,0.0,0.0,0.91,0,0.0,0.0,0.0
886.3,0.021,0.0,0.0,0.0,0.91,0,0.0,0.0,0.0
886.36,0.021,0.0,0.0,0.0,0.91,0,0.0,0.0,0.0
886.42,0.021,0.0,0.0,0.0,0.91,0,0.0,0.0,0.0
886.46,0.021,0.0,0.0,0.0,0.91,0,0.0,0.0,0.0
886.52,0.021,0.0,0.0,0.0,0.91,0,0.0,0.0,0.0
886.58,0.021,0.0,0.0,0.0,0.91,0,0.0,0.0,0.0
886.62,0.021,0.0,0.0,0.0,0.91,0,0.0,0.0,0.0
886.68,0.021,0.0,0.0,0.0,0.91,0,0.0,0.0,0.0
886.74,0.021,0.0,0.0,0.0,0.91,0,0.0,0.0,0.0
886.8,0.021,0.0,0.0,0.0,0.91,0,0.0,0.0,0.0
886.84,0.021,0.0,0.0,0.0,0.91,0,0.0,0.0,0.0
886.9,0.021,0.0,0.0,0.0,0.91,0,0.0,0.0,0.0
886.96,0.021,0.0,0.0,0.0,0.91,0,0.0,0.0,0.0
887.02,0.021,0.0,0.0,0.0,0.91,0,0.0,0.0,0.0
887.08,0.021,0.0,0.0,0.0,0.91,0,0.0,0.0,0.0
887.12,0.021,0.0,0.0,0.0,0.91,0,0.0,0.0,0.0
887.18,0.021,0.0,0.0,0.0,0.91,0,0.0,0.0,0.0
887.24,0.021,0.0,0.0,0.0,0.91,0,0.0,0.0,0.0
887.3,0.021,0.0,0.0,0.0,0.91,0,0.0,0.0,0.0
887.36,0.021,0.0,0.0,0.0,0.91,0,0.0,0.0,0.0
887.42,0.021,0.0,0.0,0.0,0.91,0,0.0,0.0,0.0
887.46,0.021,0.0,0.0,0.0,0.91,0,0.0,0.0,0.0
887.52,0.021,0.0,0.0,0.0,0.91,0,0.0,0.0,0.0
887.58,0.021,0.0,0.0,0.0,0.91,0,0.0,0.0,0.0
887.64,0.021,0.0,0.0,0.0,0.91,0,0.0,0.0,0.0
887.68,0.021,0.0,0.0,0.0,0.91,0,0.0,0.0,0.0
887.74,0.021,0.0,0.0,0.0,0.91,0,0.0,0.0,0.0
887.8,0.021,0.0,0.0,0.0,0.91,0,0.0,0.0,0.0
887.86,0.021,0.0,0.0,0.0,0.91,0,0.0,0.0,0.0
887.9,0.021,0.0,0.0,0.0,0.91,0,0.0,0.0,0.0
887.96,0.021,0.0,0.0,0.0,0.91,0,0.0,0.0,0.0
888.02,0.021,0.0,0.0,0.0,0.91,0,0.0,0.0,0.0
888.08,0.021,0.0,0.0,0.0,0.91,0,0.0,0.0,0.0
888.14,0.021,0.0,0.0,0.0,0.91,0,0.0,0.0,0.0
888.2,0.021,0.0,0.0,0.0,0.91,0,0.0,0.0,0.0
888.26,0.021,0.0,0.0,0.0,0.91,0,0.0,0.0,0.0
888.3,0.021,0.0,0.0,0.0,0.91,0,0.0,0.0,0.0
888.36,0.021,0.0,0.0,0.0,0.91,0,0.0,0.0,0.0
888.42,0.021,0.0,0.0,0.0,0.91,0,0.0,0.0,0.0
888.48,0.021,0.0,0.0,0.0,0.91,0,0.0,0.0,0.0
888.52,0.021,0.0,0.0,0.0,0.91,0,0.0,0.0,0.0
888.58,0.021,0.0,0.0,0.0,0.91,0,0.0,0.0,0.0
888.64,0.021,0.0,0.0,0.0,0.91,0,0.0,0.0,0.0
888.7,0.021,0.0,0.0,0.0,0.91,0,0.0,0.0,0.0
888.76,0.021,0.0,0.0,0.0,0.91,0,0.0,0.0,0.0
888.8,0.021,0.0,0.0,0.0,0.91,0,0.0,0.0,0.0
888.86,0.021,0.0,0.0,0.0,0.91,0,0.0,0.0,0.0
888.92,0.021,0.0,0.0,0.0,0.91,0,0.0,0.0,0.0
888.98,0.021,0.0,0.0,0.0,0.91,0,0.0,0.0,0.0
889.02,0.021,0.0,0.0,0.0,0.91,0,0.0,0.0,0.0
889.08,0.021,0.0,0.0,0.0,0.91,0,0.0,0.0,0.0
889.14,0.021,0.0,0.0,0.0,0.91,0,0.0,0.0,0.0
889.2,0.021,0.0,0.0,0.0,0.91,0,0.0,0.0,0.0
889.26,0.021,0.0,0.0,0.0,0.91,0,0.0,0.0,0.0
889.3,0.021,0.0,0.0,0.0,0.91,0,0.0,0.0,0.0
889.36,0.021,0.0,0.0,0.0,0.91,0,0.0,0.0,0.0
889.42,0.021,0.0,0.0,0.0,0.91,0,0.0,0.0,0.0
889.48,0.021,0.0,0.0,0.0,0.91,0,0.0,0.0,0.0
889.52,0.021,0.0,0.0,0.0,0.91,0,0.0,0.0,0.0
889.58,0.021,0.0,0.0,0.0,0.91,0,0.0,0.0,0.0
889.64,0.021,0.0,0.0,0.0,0.91,0,0.0,0.0,0.0
889.7,0.021,0.0,0.0,0.0,0.91,0,0.0,0.0,0.0
889.76,0.021,0.0,0.0,0.0,0.91,0,0.0,0.0,0.0
889.82,0.021,0.0,0.0,0.0,0.91,0,0.0,0.0,0.0
889.86,0.021,0.0,0.0,0.0,0.91,0,0.0,0.0,0.0
889.92,0.021,0.0,0.0,0.0,0.91,0,0.0,0.0,0.0
889.98,0.021,0.0,0.0,0.0,0.91,0,0.0,0.0,0.0
890.02,0.021,0.0,0.0,0.0,0.91,0,0.0,0.0,0.0
890.08,0.021,0.0,0.0,0.0,0.91,0,0.0,0.0,0.0
890.14,0.021,0.0,0.0,0.0,0.91,0,0.0,0.0,0.0
890.2,0.021,0.0,0.0,0.0,0.91,0,0.0,0.0,0.0
890.24,0.021,0.0,0.0,0.0,0.91,0,0.0,0.0,0.0
890.3,0.021,0.0,0.0,0.0,0.91,0,0.0,0.0,0.0
890.36,0.021,0.0,0.0,0.0,0.91,0,0.0,0.0,0.0
890.42,0.021,0.0,0.0,0.0,0.91,0,0.0,0.0,0.0
890.46,0.021,0.0,0.0,0.0,0.91,0,0.0,0.0,0.0
890.52,0.021,0.0,0.0,0.0,0.91,0,0.0,0.0,0.0
890.58,0.021,0.0,0.0,0.0,0.91,0,0.0,0.0,0.0
890.64,0.021,0.0,0.0,0.0,0.91,0,0.0,0.0,0.0
890.7,0.021,0.0,0.0,0.0,0.91,0,0.0,0.0,0.0
890.74,0.021,0.0,0.0,0.0,0.91,0,0.0,0.0,0.0
890.8,0.021,0.0,0.0,0.0,0.91,0,0.0,0.0,0.0
890.86,0.021,0.0,0.0,0.0,0.91,0,0.0,0.0,0.0
890.9,0.021,0.0,0.0,0.0,0.91,0,0.0,0.0,0.0
890.96,0.021,0.0,0.0,0.0,0.91,0,0.0,0.0,0.0
891.02,0.021,0.0,0.0,0.0,0.91,0,0.0,0.0,0.0
891.08,0.021,0.0,0.0,0.0,0.91,0,0.0,0.0,0.0
891.14,0.021,0.0,0.0,0.0,0.91,0,0.0,0.0,0.0
891.18,0.021,0.0,0.0,0.0,0.91,0,0.0,0.0,0.0
891.24,0.021,0.0,0.0,0.0,0.91,0,0.0,0.0,0.0
891.3,0.021,0.0,0.0,0.0,0.91,0,0.0,0.0,0.0
891.34,0.021,0.0,0.0,0.0,0.91,0,0.0,0.0,0.0
891.4,0.021,0.0,0.0,0.0,0.91,0,0.0,0.0,0.0
891.46,0.021,0.0,0.0,0.0,0.91,0,0.0,0.0,0.0
891.52,0.021,0.0,0.0,0.0,0.91,0,0.0,0.0,0.0
891.56,0.021,0.0,0.0,0.0,0.91,0,0.0,0.0,0.0
891.62,0.021,0.0,0.0,0.0,0.91,0,0.0,0.0,0.0
891.68,0.021,0.0,0.0,0.0,0.91,0,0.0,0.0,0.0
891.74,0.021,0.0,0.0,0.0,0.91,0,0.0,0.0,0.0
891.8,0.021,0.0,0.0,0.0,0.91,0,0.0,0.0,0.0
891.86,0.021,0.0,0.0,0.0,0.91,0,0.0,0.0,0.0
891.9,0.021,0.0,0.0,0.0,0.91,0,0.0,0.0,0.0
891.96,0.021,0.0,0.0,0.0,0.91,0,0.0,0.0,0.0
892.02,0.021,0.0,0.0,0.0,0.91,0,0.0,0.0,0.0
892.06,0.021,0.0,0.0,0.0,0.91,0,0.0,0.0,0.0
892.12,0.021,0.0,0.0,0.0,0.91,0,0.0,0.0,0.0
892.18,0.021,0.0,0.0,0.0,0.91,0,0.0,0.0,0.0
892.24,0.021,0.0,0.0,0.0,0.91,0,0.0,0.0,0.0
892.3,0.021,0.0,0.0,0.0,0.91,0,0.0,0.0,0.0
892.34,0.021,0.0,0.0,0.0,0.91,0,0.0,0.0,0.0
892.4,0.021,0.0,0.0,0.0,0.91,0,0.0,0.0,0.0
892.46,0.021,0.0,0.0,0.0,0.91,0,0.0,0.0,0.0
892.52,0.021,0.0,0.0,0.0,0.91,0,0.0,0.0,0.0
892.58,0.021,0.0,0.0,0.0,0.91,0,0.0,0.0,0.0
892.62,0.021,0.0,0.0,0.0,0.91,0,0.0,0.0,0.0
892.68,0.021,0.0,0.0,0.0,0.91,0,0.0,0.0,0.0
892.74,0.021,0.0,0.0,0.0,0.91,0,0.0,0.0,0.0
892.8,0.021,0.0,0.0,0.0,0.91,0,0.0,0.0,0.0
892.84,0.021,0.0,0.0,0.0,0.91,0,0.0,0.0,0.0
892.9,0.021,0.0,0.0,0.0,0.91,0,0.0,0.0,0.0
892.96,0.021,0.0,0.0,0.0,0.91,0,0.0,0.0,0.0
893.02,0.021,0.0,0.0,0.0,0.91,0,0.0,0.0,0.0
893.08,0.021,0.0,0.0,0.0,0.91,0,0.0,0.0,0.0
893.12,0.021,0.0,0.0,0.0,0.91,0,0.0,0.0,0.0
893.18,0.021,0.0,0.0,0.0,0.91,0,0.0,0.0,0.0
893.24,0.021,0.0,0.0,0.0,0.91,0,0.0,0.0,0.0
893.28,0.021,0.0,0.0,0.0,0.91,0,0.0,0.0,0.0
893.34,0.021,0.0,0.0,0.0,0.91,0,0.0,0.0,0.0
893.4,0.021,0.0,0.0,0.0,0.91,0,0.0,0.0,0.0
893.46,0.021,0.0,0.0,0.0,0.91,0,0.0,0.0,0.0
893.52,0.021,0.0,0.0,0.0,0.91,0,0.0,0.0,0.0
893.58,0.021,0.0,0.0,0.0,0.91,0,0.0,0.0,0.0
893.62,0.021,0.0,0.0,0.0,0.91,0,0.0,0.0,0.0
893.66,0.021,0.0,0.0,0.0,0.91,0,0.0,0.0,0.0
893.72,0.021,0.0,0.0,0.0,0.91,0,0.0,0.0,0.0
893.78,0.021,0.0,0.0,0.0,0.91,0,0.0,0.0,0.0
893.82,0.021,0.0,0.0,0.0,0.91,0,0.0,0.0,0.0
893.88,0.021,0.0,0.0,0.0,0.91,0,0.0,0.0,0.0
893.94,0.021,0.0,0.0,0.0,0.91,0,0.0,0.0,0.0
893.98,0.021,0.0,0.0,0.0,0.91,0,0.0,0.0,0.0
894.04,0.021,0.0,0.0,0.0,0.91,0,0.0,0.0,0.0
894.08,0.021,0.0,0.0,0.0,0.91,0,0.0,0.0,0.0
894.14,0.021,0.0,0.0,0.0,0.91,0,0.0,0.0,0.0
894.18,0.021,0.0,0.0,0.0,0.91,0,0.0,0.0,0.0
894.24,0.021,0.0,0.0,0.0,0.91,0,0.0,0.0,0.0
894.3,0.021,0.0,0.0,0.0,0.91,0,0.0,0.0,0.0
894.34,0.021,0.0,0.0,0.0,0.91,0,0.0,0.0,0.0
894.4,0.021,0.0,0.0,0.0,0.91,0,0.0,0.0,0.0
894.46,0.021,0.0,0.0,0.0,0.91,0,0.0,0.0,0.0
894.52,0.021,0.0,0.0,0.0,0.91,0,0.0,0.0,0.0
894.58,0.021,0.0,0.0,0.0,0.91,0,0.0,0.0,0.0
894.64,0.021,0.0,0.0,0.0,0.91,0,0.0,0.0,0.0
894.7,0.021,0.0,0.0,0.0,0.91,0,0.0,0.0,0.0
894.74,0.021,0.0,0.0,0.0,0.91,0,0.0,0.0,0.0
894.78,0.021,0.0,0.0,0.0,0.91,0,0.0,0.0,0.0
894.84,0.021,0.0,0.0,0.0,0.91,0,0.0,0.0,0.0
894.9,0.021,0.0,0.0,0.0,0.91,0,0.0,0.0,0.0
894.94,0.021,0.0,0.0,0.0,0.91,0,0.0,0.0,0.0
895.0,0.021,0.0,0.0,0.0,0.91,0,0.0,0.0,0.0
895.06,0.021,0.0,0.0,0.0,0.91,0,0.0,0.0,0.0
895.1,0.021,0.0,0.0,0.0,0.91,0,0.0,0.0,0.0
895.16,0.021,0.0,0.0,0.0,0.91,0,0.0,0.0,0.0
895.22,0.021,0.0,0.0,0.0,0.91,0,0.0,0.0,0.0
895.28,0.021,0.0,0.0,0.0,0.91,0,0.0,0.0,0.0
895.34,0.021,0.0,0.0,0.0,0.91,0,0.0,0.0,0.0
895.38,0.021,0.0,0.0,0.0,0.91,0,0.0,0.0,0.0
895.44,0.021,0.0,0.0,0.0,0.91,0,0.0,0.0,0.0
895.5,0.021,0.0,0.0,0.0,0.91,0,0.0,0.0,0.0
895.56,0.021,0.0,0.0,0.0,0.91,0,0.0,0.0,0.0
895.6,0.021,0.0,0.0,0.0,0.91,0,0.0,0.0,0.0
895.66,0.021,0.0,0.0,0.0,0.91,0,0.0,0.0,0.0
895.7,0.021,0.0,0.0,0.0,0.91,0,0.0,0.0,0.0
895.74,0.021,0.0,0.0,0.0,0.91,0,0.0,0.0,0.0
895.8,0.021,0.0,0.0,0.0,0.91,0,0.0,0.0,0.0
895.86,0.021,0.0,0.0,0.0,0.91,0,0.0,0.0,0.0
895.9,0.021,0.0,0.0,0.0,0.91,0,0.0,0.0,0.0
895.96,0.021,0.0,0.0,0.0,0.91,0,0.0,0.0,0.0
896.02,0.021,0.0,0.0,0.0,0.91,0,0.0,0.0,0.0
896.08,0.021,0.0,0.0,0.0,0.91,0,0.0,0.0,0.0
896.14,0.021,0.0,0.0,0.0,0.91,0,0.0,0.0,0.0
896.18,0.021,0.0,0.0,0.0,0.91,0,0.0,0.0,0.0
896.24,0.021,0.0,0.0,0.0,0.91,0,0.0,0.0,0.0
896.3,0.021,0.0,0.0,0.0,0.91,0,0.0,0.0,0.0
896.36,0.021,0.0,0.0,0.0,0.91,0,0.0,0.0,0.0
896.4,0.021,0.0,0.0,0.0,0.91,0,0.0,0.0,0.0
896.46,0.021,0.0,0.0,0.0,0.91,0,0.0,0.0,0.0
896.52,0.021,0.0,0.0,0.0,0.91,0,0.0,0.0,0.0
896.58,0.021,0.0,0.0,0.0,0.91,0,0.0,0.0,0.0
896.64,0.021,0.0,0.0,0.0,0.91,0,0.0,0.0,0.0
896.7,0.021,0.0,0.0,0.0,0.91,0,0.0,0.0,0.0
896.74,0.021,0.0,0.0,0.0,0.91,0,0.0,0.0,0.0
896.8,0.021,0.0,0.0,0.0,0.91,0,0.0,0.0,0.0
896.84,0.021,0.0,0.0,0.0,0.91,0,0.0,0.0,0.0
896.9,0.021,0.0,0.0,0.0,0.91,0,0.0,0.0,0.0
896.94,0.021,0.0,0.0,0.0,0.91,0,0.0,0.0,0.0
897.0,0.021,0.0,0.0,0.0,0.91,0,0.0,0.0,0.0
897.06,0.021,0.0,0.0,0.0,0.91,0,0.0,0.0,0.0
897.12,0.021,0.0,0.0,0.0,0.91,0,0.0,0.0,0.0
897.16,0.021,0.0,0.0,0.0,0.91,0,0.0,0.0,0.0
897.22,0.021,0.0,0.0,0.0,0.91,0,0.0,0.0,0.0
897.28,0.021,0.0,0.0,0.0,0.91,0,0.0,0.0,0.0
897.34,0.021,0.0,0.0,0.0,0.91,0,0.0,0.0,0.0
897.38,0.021,0.0,0.0,0.0,0.91,0,0.0,0.0,0.0
897.44,0.021,0.0,0.0,0.0,0.91,0,0.0,0.0,0.0
897.48,0.021,0.0,0.0,0.0,0.91,0,0.0,0.0,0.0
897.54,0.021,0.0,0.0,0.0,0.91,0,0.0,0.0,0.0
897.6,0.021,0.0,0.0,0.0,0.91,0,0.0,0.0,0.0
897.66,0.021,0.0,0.0,0.0,0.91,0,0.0,0.0,0.0
897.72,0.021,0.0,0.0,0.0,0.91,0,0.0,0.0,0.0
897.78,0.021,0.0,0.0,0.0,0.91,0,0.0,0.0,0.0
897.82,0.021,0.0,0.0,0.0,0.91,0,0.0,0.0,0.0
897.88,0.021,0.0,0.0,0.0,0.91,0,0.0,0.0,0.0
897.94,0.021,0.0,0.0,0.0,0.91,0,0.0,0.0,0.0
898.0,0.021,0.0,0.0,0.0,0.91,0,0.0,0.0,0.0
898.04,0.021,0.0,0.0,0.0,0.91,0,0.0,0.0,0.0
898.1,0.021,0.0,0.0,0.0,0.91,0,0.0,0.0,0.0
898.16,0.021,0.0,0.0,0.0,0.91,0,0.0,0.0,0.0
898.22,0.021,0.0,0.0,0.0,0.91,0,0.0,0.0,0.0
898.26,0.021,0.0,0.0,0.0,0.91,0,0.0,0.0,0.0
898.32,0.021,0.0,0.0,0.0,0.91,0,0.0,0.0,0.0
898.38,0.021,0.0,0.0,0.0,0.91,0,0.0,0.0,0.0
898.42,0.021,0.0,0.0,0.0,0.91,0,0.0,0.0,0.0
898.48,0.021,0.0,0.0,0.0,0.91,0,0.0,0.0,0.0
898.54,0.021,0.0,0.0,0.0,0.91,0,0.0,0.0,0.0
898.58,0.021,0.0,0.0,0.0,0.91,0,0.0,0.0,0.0
898.64,0.021,0.0,0.0,0.0,0.91,0,0.0,0.0,0.0
898.7,0.021,0.0,0.0,0.0,0.91,0,0.0,0.0,0.0
898.76,0.021,0.0,0.0,0.0,0.91,0,0.0,0.0,0.0
898.8,0.021,0.0,0.0,0.0,0.91,0,0.0,0.0,0.0
898.86,0.021,0.0,0.0,0.0,0.91,0,0.0,0.0,0.0
898.9,0.021,0.0,0.0,0.0,0.91,0,0.0,0.0,0.0
898.96,0.021,0.0,0.0,0.0,0.91,0,0.0,0.0,0.0
899.02,0.021,0.0,0.0,0.0,0.91,0,0.0,0.0,0.0
899.08,0.021,0.0,0.0,0.0,0.91,0,0.0,0.0,0.0
899.12,0.021,0.0,0.0,0.0,0.91,0,0.0,0.0,0.0
899.18,0.021,0.0,0.0,0.0,0.91,0,0.0,0.0,0.0
899.24,0.021,0.0,0.0,0.0,0.91,0,0.0,0.0,0.0
899.3,0.021,0.0,0.0,0.0,0.91,0,0.0,0.0,0.0
899.34,0.021,0.0,0.0,0.0,0.91,0,0.0,0.0,0.0
899.4,0.021,0.0,0.0,0.0,0.91,0,0.0,0.0,0.0
899.46,0.021,0.0,0.0,0.0,0.91,0,0.0,0.0,0.0
899.52,0.021,0.0,0.0,0.0,0.91,0,0.0,0.0,0.0
899.56,0.021,0.0,0.0,0.0,0.91,0,0.0,0.0,0.0
899.62,0.021,0.0,0.0,0.0,0.91,0,0.0,0.0,0.0
899.68,0.021,0.0,0.0,0.0,0.91,0,0.0,0.0,0.0
899.74,0.021,0.0,0.0,0.0,0.91,0,0.0,0.0,0.0
899.8,0.021,0.0,0.0,0.0,0.91,0,0.0,0.0,0.0
899.84,0.021,0.0,0.0,0.0,0.91,0,0.0,0.0,0.0
899.9,0.021,0.0,0.0,0.0,0.91,0,0.0,0.0,0.0
899.96,0.021,0.0,0.0,0.0,0.91,0,0.0,0.0,0.0
900.02,0.021,0.0,0.0,0.0,0.91,0,0.0,0.0,0.0
900.08,0.021,0.0,0.0,0.0,0.91,0,0.0,0.0,0.0
900.12,0.021,0.0,0.0,0.0,0.91,0,0.0,0.0,0.0
900.18,0.021,0.0,0.0,0.0,0.91,0,0.0,0.0,0.0
900.24,0.021,0.0,0.0,0.0,0.91,0,0.0,0.0,0.0
900.3,0.021,0.0,0.0,0.0,0.91,0,0.0,0.0,0.0
900.36,0.021,0.0,0.0,0.0,0.91,0,0.0,0.0,0.0
900.4,0.021,0.0,0.0,0.0,0.91,0,0.0,0.0,0.0
900.46,0.021,0.0,0.0,0.0,0.91,0,0.0,0.0,0.0
900.52,0.021,0.0,0.0,0.0,0.91,0,0.0,0.0,0.0
900.56,0.021,0.0,0.0,0.0,0.91,0,0.0,0.0,0.0
900.62,0.021,0.0,0.0,0.0,0.91,0,0.0,0.0,0.0
900.68,0.021,0.0,0.0,0.0,0.91,0,0.0,0.0,0.0
900.74,0.021,0.0,0.0,0.0,0.91,0,0.0,0.0,0.0
900.78,0.021,0.0,0.0,0.0,0.91,0,0.0,0.0,0.0
900.84,0.021,0.0,0.0,0.0,0.91,0,0.0,0.0,0.0
900.9,0.021,0.0,0.0,0.0,0.91,0,0.0,0.0,0.0
900.96,0.021,0.0,0.0,0.0,0.91,0,0.0,0.0,0.0
901.02,0.021,0.0,0.0,0.0,0.91,0,0.0,0.0,0.0
901.06,0.021,0.0,0.0,0.0,0.91,0,0.0,0.0,0.0
901.12,0.021,0.0,0.0,0.0,0.91,0,0.0,0.0,0.0
901.18,0.021,0.0,0.0,0.0,0.91,0,0.0,0.0,0.0
901.22,0.021,0.0,0.0,0.0,0.91,0,0.0,0.0,0.0
901.28,0.021,0.0,0.0,0.0,0.91,0,0.0,0.0,0.0
901.34,0.021,0.0,0.0,0.0,0.91,0,0.0,0.0,0.0
901.38,0.021,0.0,0.0,0.0,0.91,0,0.0,0.0,0.0
901.44,0.021,0.0,0.0,0.0,0.91,0,0.0,0.0,0.0
901.48,0.021,0.0,0.0,0.0,0.91,0,0.0,0.0,0.0
901.54,0.021,0.0,0.0,0.0,0.91,0,0.0,0.0,0.0
901.6,0.021,0.0,0.0,0.0,0.91,0,0.0,0.0,0.0
901.66,0.021,0.0,0.0,0.0,0.91,0,0.0,0.0,0.0
901.7,0.021,0.0,0.0,0.0,0.91,0,0.0,0.0,0.0
901.76,0.021,0.0,0.0,0.0,0.91,0,0.0,0.0,0.0
901.8,0.021,0.0,0.0,0.0,0.91,0,0.0,0.0,0.0
901.86,0.021,0.0,0.0,0.0,0.91,0,0.0,0.0,0.0
901.92,0.021,0.0,0.0,0.0,0.91,0,0.0,0.0,0.0
901.98,0.021,0.0,0.0,0.0,0.91,0,0.0,0.0,0.0
902.02,0.021,0.0,0.0,0.0,0.91,0,0.0,0.0,0.0
902.08,0.021,0.0,0.0,0.0,0.91,0,0.0,0.0,0.0
902.14,0.021,0.0,0.0,0.0,0.91,0,0.0,0.0,0.0
902.2,0.021,0.0,0.0,0.0,0.91,0,0.0,0.0,0.0
902.26,0.021,0.0,0.0,0.0,0.91,0,0.0,0.0,0.0
902.3,0.021,0.0,0.0,0.0,0.91,0,0.0,0.0,0.0
902.36,0.021,0.0,0.0,0.0,0.91,0,0.0,0.0,0.0
902.42,0.021,0.0,0.0,0.0,0.91,0,0.0,0.0,0.0
902.46,0.021,0.0,0.0,0.0,0.91,0,0.0,0.0,0.0
902.52,0.021,0.0,0.0,0.0,0.91,0,0.0,0.0,0.0
902.58,0.021,0.0,0.0,0.0,0.91,0,0.0,0.0,0.0
902.64,0.021,0.0,0.0,0.0,0.91,0,0.0,0.0,0.0
902.7,0.021,0.0,0.0,0.0,0.91,0,0.0,0.0,0.0
902.74,0.021,0.0,0.0,0.0,0.91,0,0.0,0.0,0.0
902.8,0.021,0.0,0.0,0.0,0.91,0,0.0,0.0,0.0
902.84,0.021,0.0,0.0,0.0,0.91,0,0.0,0.0,0.0
902.9,0.021,0.0,0.0,0.0,0.91,0,0.0,0.0,0.0
902.96,0.021,0.0,0.0,0.0,0.91,0,0.0,0.0,0.0
903.02,0.021,0.0,0.0,0.0,0.91,0,0.0,0.0,0.0
903.08,0.021,0.0,0.0,0.0,0.91,0,0.0,0.0,0.0
903.14,0.021,0.0,0.0,0.0,0.91,0,0.0,0.0,0.0
903.2,0.021,0.0,0.0,0.0,0.91,0,0.0,0.0,0.0
903.24,0.021,0.0,0.0,0.0,0.91,0,0.0,0.0,0.0
903.3,0.021,0.0,0.0,0.0,0.91,0,0.0,0.0,0.0
903.36,0.021,0.0,0.0,0.0,0.91,0,0.0,0.0,0.0
903.42,0.021,0.0,0.0,0.0,0.91,0,0.0,0.0,0.0
903.46,0.021,0.0,0.0,0.0,0.91,0,0.0,0.0,0.0
903.52,0.021,0.0,0.0,0.0,0.91,0,0.0,0.0,0.0
903.58,0.021,0.0,0.0,0.0,0.91,0,0.0,0.0,0.0
903.62,0.021,0.0,0.0,0.0,0.91,0,0.0,0.0,0.0
903.68,0.021,0.0,0.0,0.0,0.91,0,0.0,0.0,0.0
903.72,0.021,0.0,0.0,0.0,0.91,0,0.0,0.0,0.0
903.78,0.021,0.0,0.0,0.0,0.91,0,0.0,0.0,0.0
903.82,0.021,0.0,0.0,0.0,0.91,0,0.0,0.0,0.0
903.88,0.021,0.0,0.0,0.0,0.91,0,0.0,0.0,0.0
903.94,0.021,0.0,0.0,0.0,0.91,0,0.0,0.0,0.0
904.0,0.021,0.0,0.0,0.0,0.91,0,0.0,0.0,0.0
904.04,0.021,0.0,0.0,0.0,0.91,0,0.0,0.0,0.0
904.1,0.021,0.0,0.0,0.0,0.91,0,0.0,0.0,0.0
904.14,0.021,0.0,0.0,0.0,0.91,0,0.0,0.0,0.0
904.2,0.021,0.0,0.0,0.0,0.91,0,0.0,0.0,0.0
904.24,0.021,0.0,0.0,0.0,0.91,0,0.0,0.0,0.0
904.3,0.021,0.0,0.0,0.0,0.91,0,0.0,0.0,0.0
904.34,0.021,0.0,0.0,0.0,0.91,0,0.0,0.0,0.0
904.4,0.021,0.0,0.0,0.0,0.91,0,0.0,0.0,0.0
904.46,0.021,0.0,0.0,0.0,0.91,0,0.0,0.0,0.0
904.52,0.021,0.0,0.0,0.0,0.91,0,0.0,0.0,0.0
904.58,0.021,0.0,0.0,0.0,0.91,0,0.0,0.0,0.0
904.62,0.021,0.0,0.0,0.0,0.91,0,0.0,0.0,0.0
904.68,0.021,0.0,0.0,0.0,0.91,0,0.0,0.0,0.0
904.74,0.021,0.0,0.0,0.0,0.91,0,0.0,0.0,0.0
904.78,0.021,0.0,0.0,0.0,0.91,0,0.0,0.0,0.0
904.82,0.021,0.0,0.0,0.0,0.91,0,0.0,0.0,0.0
904.88,0.021,0.0,0.0,0.0,0.91,0,0.0,0.0,0.0
904.94,0.021,0.0,0.0,0.0,0.91,0,0.0,0.0,0.0
905.0,0.021,0.0,0.0,0.0,0.91,0,0.0,0.0,0.0
905.04,0.021,0.0,0.0,0.0,0.91,0,0.0,0.0,0.0
905.1,0.021,0.0,0.0,0.0,0.91,0,0.0,0.0,0.0
905.16,0.021,0.0,0.0,0.0,0.91,0,0.0,0.0,0.0
905.22,0.021,0.0,0.0,0.0,0.91,0,0.0,0.0,0.0
905.26,0.021,0.0,0.0,0.0,0.91,0,0.0,0.0,0.0
905.32,0.021,0.0,0.0,0.0,0.91,0,0.0,0.0,0.0
905.38,0.021,0.0,0.0,0.0,0.91,0,0.0,0.0,0.0
905.44,0.021,0.0,0.0,0.0,0.91,0,0.0,0.0,0.0
905.48,0.021,0.0,0.0,0.0,0.91,0,0.0,0.0,0.0
905.54,0.021,0.0,0.0,0.0,0.91,0,0.0,0.0,0.0
905.6,0.021,0.0,0.0,0.0,0.91,0,0.0,0.0,0.0
905.64,0.021,0.0,0.0,0.0,0.91,0,0.0,0.0,0.0
905.7,0.021,0.0,0.0,0.0,0.91,0,0.0,0.0,0.0
905.74,0.021,0.0,0.0,0.0,0.91,0,0.0,0.0,0.0
905.8,0.021,0.0,0.0,0.0,0.91,0,0.0,0.0,0.0
905.84,0.021,0.0,0.0,0.0,0.91,0,0.0,0.0,0.0
905.9,0.021,0.0,0.0,0.0,0.91,0,0.0,0.0,0.0
905.94,0.021,0.0,0.0,0.0,0.91,0,0.0,0.0,0.0
906.0,0.021,0.0,0.0,0.0,0.91,0,0.0,0.0,0.0
906.06,0.021,0.0,0.0,0.0,0.91,0,0.0,0.0,0.0
906.1,0.021,0.0,0.0,0.0,0.91,0,0.0,0.0,0.0
906.16,0.021,0.0,0.0,0.0,0.91,0,0.0,0.0,0.0
906.22,0.021,0.0,0.0,0.0,0.91,0,0.0,0.0,0.0
906.28,0.021,0.0,0.0,0.0,0.91,0,0.0,0.0,0.0
906.32,0.021,0.0,0.0,0.0,0.91,0,0.0,0.0,0.0
906.38,0.021,0.0,0.0,0.0,0.91,0,0.0,0.0,0.0
906.44,0.021,0.0,0.0,0.0,0.91,0,0.0,0.0,0.0
906.5,0.021,0.0,0.0,0.0,0.91,0,0.0,0.0,0.0
906.56,0.021,0.0,0.0,0.0,0.91,0,0.0,0.0,0.0
906.6,0.021,0.0,0.0,0.0,0.91,0,0.0,0.0,0.0
906.66,0.021,0.0,0.0,0.0,0.91,0,0.0,0.0,0.0
906.72,0.021,0.0,0.0,0.0,0.91,0,0.0,0.0,0.0
906.78,0.021,0.0,0.0,0.0,0.91,0,0.0,0.0,0.0
906.82,0.021,0.0,0.0,0.0,0.91,0,0.0,0.0,0.0
906.88,0.021,0.0,0.0,0.0,0.91,0,0.0,0.0,0.0
906.94,0.021,0.0,0.0,0.0,0.91,0,0.0,0.0,0.0
907.0,0.021,0.0,0.0,0.0,0.91,0,0.0,0.0,0.0
907.04,0.021,0.0,0.0,0.0,0.91,0,0.0,0.0,0.0
907.1,0.021,0.0,0.0,0.0,0.91,0,0.0,0.0,0.0
907.14,0.021,0.0,0.0,0.0,0.91,0,0.0,0.0,0.0
907.2,0.021,0.0,0.0,0.0,0.91,0,0.0,0.0,0.0
907.24,0.021,0.0,0.0,0.0,0.91,0,0.0,0.0,0.0
907.3,0.021,0.0,0.0,0.0,0.91,0,0.0,0.0,0.0
907.34,0.021,0.0,0.0,0.0,0.91,0,0.0,0.0,0.0
907.4,0.021,0.0,0.0,0.0,0.91,0,0.0,0.0,0.0
907.46,0.021,0.0,0.0,0.0,0.91,0,0.0,0.0,0.0
907.52,0.021,0.0,0.0,0.0,0.91,0,0.0,0.0,0.0
907.56,0.021,0.0,0.0,0.0,0.91,0,0.0,0.0,0.0
907.62,0.021,0.0,0.0,0.0,0.91,0,0.0,0.0,0.0
907.68,0.021,0.0,0.0,0.0,0.91,0,0.0,0.0,0.0
907.74,0.021,0.0,0.0,0.0,0.91,0,0.0,0.0,0.0
907.78,0.021,0.0,0.0,0.0,0.91,0,0.0,0.0,0.0
907.84,0.021,0.0,0.0,0.0,0.91,0,0.0,0.0,0.0
907.9,0.021,0.0,0.0,0.0,0.91,0,0.0,0.0,0.0
907.94,0.021,0.0,0.0,0.0,0.91,0,0.0,0.0,0.0
908.0,0.021,0.0,0.0,0.0,0.91,0,0.0,0.0,0.0
908.06,0.021,0.0,0.0,0.0,0.91,0,0.0,0.0,0.0
908.1,0.021,0.0,0.0,0.0,0.91,0,0.0,0.0,0.0
908.16,0.021,0.0,0.0,0.0,0.91,0,0.0,0.0,0.0
908.22,0.021,0.0,0.0,0.0,0.91,0,0.0,0.0,0.0
908.28,0.021,0.0,0.0,0.0,0.91,0,0.0,0.0,0.0
908.32,0.021,0.0,0.0,0.0,0.91,0,0.0,0.0,0.0
908.38,0.021,0.0,0.0,0.0,0.91,0,0.0,0.0,0.0
908.44,0.021,0.0,0.0,0.0,0.91,0,0.0,0.0,0.0
908.5,0.021,0.0,0.0,0.0,0.91,0,0.0,0.0,0.0
908.54,0.021,0.0,0.0,0.0,0.91,0,0.0,0.0,0.0
908.6,0.021,0.0,0.0,0.0,0.91,0,0.0,0.0,0.0
908.66,0.021,0.0,0.0,0.0,0.91,0,0.0,0.0,0.0
908.7,0.021,0.0,0.0,0.0,0.91,0,0.0,0.0,0.0
908.76,0.021,0.0,0.0,0.0,0.91,0,0.0,0.0,0.0
908.8,0.021,0.0,0.0,0.0,0.91,0,0.0,0.0,0.0
908.86,0.021,0.0,0.0,0.0,0.91,0,0.0,0.0,0.0
908.9,0.021,0.0,0.0,0.0,0.91,0,0.0,0.0,0.0
908.96,0.021,0.0,0.0,0.0,0.91,0,0.0,0.0,0.0
909.0,0.021,0.0,0.0,0.0,0.91,0,0.0,0.0,0.0
909.06,0.021,0.0,0.0,0.0,0.91,0,0.0,0.0,0.0
909.12,0.021,0.0,0.0,0.0,0.91,0,0.0,0.0,0.0
909.18,0.021,0.0,0.0,0.0,0.91,0,0.0,0.0,0.0
909.22,0.021,0.0,0.0,0.0,0.91,0,0.0,0.0,0.0
909.28,0.021,0.0,0.0,0.0,0.91,0,0.0,0.0,0.0
909.34,0.021,0.0,0.0,0.0,0.91,0,0.0,0.0,0.0
909.4,0.021,0.0,0.0,0.0,0.91,0,0.0,0.0,0.0
909.46,0.021,0.0,0.0,0.0,0.91,0,0.0,0.0,0.0
909.5,0.021,0.0,0.0,0.0,0.91,0,0.0,0.0,0.0
909.56,0.021,0.0,0.0,0.0,0.91,0,0.0,0.0,0.0
909.62,0.021,0.0,0.0,0.0,0.91,0,0.0,0.0,0.0
909.68,0.021,0.0,0.0,0.0,0.91,0,0.0,0.0,0.0
909.72,0.021,0.0,0.0,0.0,0.91,0,0.0,0.0,0.0
909.78,0.021,0.0,0.0,0.0,0.91,0,0.0,0.0,0.0
909.84,0.021,0.0,0.0,0.0,0.91,0,0.0,0.0,0.0
909.9,0.021,0.0,0.0,0.0,0.91,0,0.0,0.0,0.0
909.96,0.021,0.0,0.0,0.0,0.91,0,0.0,0.0,0.0
910.02,0.021,0.0,0.0,0.0,0.91,0,0.0,0.0,0.0
910.08,0.021,0.0,0.0,0.0,0.91,0,0.0,0.0,0.0
910.12,0.021,0.0,0.0,0.0,0.91,0,0.0,0.0,0.0
910.18,0.021,0.0,0.0,0.0,0.91,0,0.0,0.0,0.0
910.24,0.021,0.0,0.0,0.0,0.91,0,0.0,0.0,0.0
910.3,0.021,0.0,0.0,0.0,0.91,0,0.0,0.0,0.0
910.34,0.021,0.0,0.0,0.0,0.91,0,0.0,0.0,0.0
910.4,0.021,0.0,0.0,0.0,0.91,0,0.0,0.0,0.0
910.46,0.021,0.0,0.0,0.0,0.91,0,0.0,0.0,0.0
910.52,0.021,0.0,0.0,0.0,0.91,0,0.0,0.0,0.0
910.56,0.021,0.0,0.0,0.0,0.91,0,0.0,0.0,0.0
910.62,0.021,0.0,0.0,0.0,0.91,0,0.0,0.0,0.0
910.68,0.021,0.0,0.0,0.0,0.91,0,0.0,0.0,0.0
910.72,0.021,0.0,0.0,0.0,0.91,0,0.0,0.0,0.0
910.78,0.021,0.0,0.0,0.0,0.91,0,0.0,0.0,0.0
910.84,0.021,0.0,0.0,0.0,0.91,0,0.0,0.0,0.0
910.88,0.021,0.0,0.0,0.0,0.91,0,0.0,0.0,0.0
910.94,0.021,0.0,0.0,0.0,0.91,0,0.0,0.0,0.0
910.98,0.021,0.0,0.0,0.0,0.91,0,0.0,0.0,0.0
911.04,0.021,0.0,0.0,0.0,0.91,0,0.0,0.0,0.0
911.1,0.021,0.0,0.0,0.0,0.91,0,0.0,0.0,0.0
911.16,0.021,0.0,0.0,0.0,0.91,0,0.0,0.0,0.0
911.22,0.021,0.0,0.0,0.0,0.91,0,0.0,0.0,0.0
911.28,0.021,0.0,0.0,0.0,0.91,0,0.0,0.0,0.0
911.32,0.021,0.0,0.0,0.0,0.91,0,0.0,0.0,0.0
911.38,0.021,0.0,0.0,0.0,0.91,0,0.0,0.0,0.0
911.44,0.021,0.0,0.0,0.0,0.91,0,0.0,0.0,0.0
911.48,0.021,0.0,0.0,0.0,0.91,0,0.0,0.0,0.0
911.54,0.021,0.0,0.0,0.0,0.91,0,0.0,0.0,0.0
911.58,0.021,0.0,0.0,0.0,0.91,0,0.0,0.0,0.0
911.64,0.021,0.0,0.0,0.0,0.91,0,0.0,0.0,0.0
911.7,0.021,0.0,0.0,0.0,0.91,0,0.0,0.0,0.0
911.76,0.021,0.0,0.0,0.0,0.91,0,0.0,0.0,0.0
911.82,0.021,0.0,0.0,0.0,0.91,0,0.0,0.0,0.0
911.88,0.021,0.0,0.0,0.0,0.91,0,0.0,0.0,0.0
911.92,0.021,0.0,0.0,0.0,0.91,0,0.0,0.0,0.0
911.98,0.021,0.0,0.0,0.0,0.91,0,0.0,0.0,0.0
912.04,0.021,0.0,0.0,0.0,0.91,0,0.0,0.0,0.0
912.1,0.021,0.0,0.0,0.0,0.91,0,0.0,0.0,0.0
912.14,0.021,0.0,0.0,0.0,0.91,0,0.0,0.0,0.0
912.2,0.021,0.0,0.0,0.0,0.91,0,0.0,0.0,0.0
912.26,0.021,0.0,0.0,0.0,0.91,0,0.0,0.0,0.0
912.3,0.021,0.0,0.0,0.0,0.91,0,0.0,0.0,0.0
912.36,0.021,0.0,0.0,0.0,0.91,0,0.0,0.0,0.0
912.42,0.021,0.0,0.0,0.0,0.91,0,0.0,0.0,0.0
912.46,0.021,0.0,0.0,0.0,0.91,0,0.0,0.0,0.0
912.52,0.021,0.0,0.0,0.0,0.91,0,0.0,0.0,0.0
912.58,0.021,0.0,0.0,0.0,0.91,0,0.0,0.0,0.0
912.62,0.021,0.0,0.0,0.0,0.91,0,0.0,0.0,0.0
912.68,0.021,0.0,0.0,0.0,0.91,0,0.0,0.0,0.0
912.74,0.021,0.0,0.0,0.0,0.91,0,0.0,0.0,0.0
912.78,0.021,0.0,0.0,0.0,0.91,0,0.0,0.0,0.0
912.84,0.021,0.0,0.0,0.0,0.91,0,0.0,0.0,0.0
912.9,0.021,0.0,0.0,0.0,0.91,0,0.0,0.0,0.0
912.94,0.021,0.0,0.0,0.0,0.91,0,0.0,0.0,0.0
913.0,0.021,0.0,0.0,0.0,0.91,0,0.0,0.0,0.0
913.06,0.021,0.0,0.0,0.0,0.91,0,0.0,0.0,0.0
913.1,0.021,0.0,0.0,0.0,0.91,0,0.0,0.0,0.0
913.16,0.021,0.0,0.0,0.0,0.91,0,0.0,0.0,0.0
913.22,0.021,0.0,0.0,0.0,0.91,0,0.0,0.0,0.0
913.28,0.021,0.0,0.0,0.0,0.91,0,0.0,0.0,0.0
913.34,0.021,0.0,0.0,0.0,0.91,0,0.0,0.0,0.0
913.4,0.021,0.0,0.0,0.0,0.91,0,0.0,0.0,0.0
913.44,0.021,0.0,0.0,0.0,0.91,0,0.0,0.0,0.0
913.5,0.021,0.0,0.0,0.0,0.91,0,0.0,0.0,0.0
913.54,0.021,0.0,0.0,0.0,0.91,0,0.0,0.0,0.0
913.6,0.021,0.0,0.0,0.0,0.91,0,0.0,0.0,0.0
913.64,0.021,0.0,0.0,0.0,0.91,0,0.0,0.0,0.0
913.7,0.021,0.0,0.0,0.0,0.91,0,0.0,0.0,0.0
913.76,0.021,0.0,0.0,0.0,0.91,0,0.0,0.0,0.0
913.8,0.021,0.0,0.0,0.0,0.91,0,0.0,0.0,0.0
913.86,0.021,0.0,0.0,0.0,0.91,0,0.0,0.0,0.0
913.9,0.021,0.0,0.0,0.0,0.91,0,0.0,0.0,0.0
913.96,0.021,0.0,0.0,0.0,0.91,0,0.0,0.0,0.0
914.02,0.021,0.0,0.0,0.0,0.91,0,0.0,0.0,0.0
914.08,0.021,0.0,0.0,0.0,0.91,0,0.0,0.0,0.0
914.12,0.021,0.0,0.0,0.0,0.91,0,0.0,0.0,0.0
914.16,0.021,0.0,0.0,0.0,0.91,0,0.0,0.0,0.0
914.22,0.021,0.0,0.0,0.0,0.91,0,0.0,0.0,0.0
914.28,0.021,0.0,0.0,0.0,0.91,0,0.0,0.0,0.0
914.32,0.021,0.0,0.0,0.0,0.91,0,0.0,0.0,0.0
914.38,0.021,0.0,0.0,0.0,0.91,0,0.0,0.0,0.0
914.42,0.021,0.0,0.0,0.0,0.91,0,0.0,0.0,0.0
914.48,0.021,0.0,0.0,0.0,0.91,0,0.0,0.0,0.0
914.54,0.021,0.0,0.0,0.0,0.91,0,0.0,0.0,0.0
914.58,0.021,0.0,0.0,0.0,0.91,0,0.0,0.0,0.0
914.64,0.021,0.0,0.0,0.0,0.91,0,0.0,0.0,0.0
914.68,0.021,0.0,0.0,0.0,0.91,0,0.0,0.0,0.0
914.74,0.021,0.0,0.0,0.0,0.91,0,0.0,0.0,0.0
914.78,0.021,0.0,0.0,0.0,0.91,0,0.0,0.0,0.0
914.84,0.021,0.0,0.0,0.0,0.91,0,0.0,0.0,0.0
914.9,0.021,0.0,0.0,0.0,0.91,0,0.0,0.0,0.0
914.96,0.021,0.0,0.0,0.0,0.91,0,0.0,0.0,0.0
915.0,0.021,0.0,0.0,0.0,0.91,0,0.0,0.0,0.0
915.04,0.021,0.0,0.0,0.0,0.91,0,0.0,0.0,0.0
915.1,0.021,0.0,0.0,0.0,0.91,0,0.0,0.0,0.0
915.1,0.021,0.0,0.0,0.0,0.91,0,0.0,0.0,0.0
915.2,0.021,0.0,0.0,0.0,0.91,0,0.0,0.0,0.0
915.24,0.021,0.0,0.0,0.0,0.91,0,0.0,0.0,0.0
915.3,0.021,0.0,0.0,0.0,0.91,0,0.0,0.0,0.0
915.34,0.021,0.0,0.0,0.0,0.91,0,0.0,0.0,0.0
915.4,0.021,0.0,0.0,0.0,0.91,0,0.0,0.0,0.0
915.46,0.021,0.0,0.0,0.0,0.91,0,0.0,0.0,0.0
915.52,0.021,0.0,0.0,0.0,0.91,0,0.0,0.0,0.0
915.56,0.021,0.0,0.0,0.0,0.91,0,0.0,0.0,0.0
915.62,0.021,0.0,0.0,0.0,0.91,0,0.0,0.0,0.0
915.68,0.021,0.0,0.0,0.0,0.91,0,0.0,0.0,0.0
915.72,0.021,0.0,0.0,0.0,0.91,0,0.0,0.0,0.0
915.78,0.021,0.0,0.0,0.0,0.91,0,0.0,0.0,0.0
915.84,0.021,0.0,0.0,0.0,0.91,0,0.0,0.0,0.0
915.9,0.021,0.0,0.0,0.0,0.91,0,0.0,0.0,0.0
915.94,0.021,0.0,0.0,0.0,0.91,0,0.0,0.0,0.0
916.0,0.021,0.0,0.0,0.0,0.91,0,0.0,0.0,0.0
916.04,0.021,0.0,0.0,0.0,0.91,0,0.0,0.0,0.0
916.1,0.021,0.0,0.0,0.0,0.91,0,0.0,0.0,0.0
916.14,0.021,0.0,0.0,0.0,0.91,0,0.0,0.0,0.0
916.2,0.021,0.0,0.0,0.0,0.91,0,0.0,0.0,0.0
916.24,0.021,0.0,0.0,0.0,0.91,0,0.0,0.0,0.0
916.3,0.021,0.0,0.0,0.0,0.91,0,0.0,0.0,0.0
916.34,0.021,0.0,0.0,0.0,0.91,0,0.0,0.0,0.0
916.4,0.021,0.0,0.0,0.0,0.91,0,0.0,0.0,0.0
916.46,0.021,0.0,0.0,0.0,0.91,0,0.0,0.0,0.0
916.52,0.021,0.0,0.0,0.0,0.91,0,0.0,0.0,0.0
916.56,0.021,0.0,0.0,0.0,0.91,0,0.0,0.0,0.0
916.62,0.021,0.0,0.0,0.0,0.91,0,0.0,0.0,0.0
916.68,0.021,0.0,0.0,0.0,0.91,0,0.0,0.0,0.0
916.74,0.021,0.0,0.0,0.0,0.91,0,0.0,0.0,0.0
916.8,0.021,0.0,0.0,0.0,0.91,0,0.0,0.0,0.0
916.84,0.021,0.0,0.0,0.0,0.91,0,0.0,0.0,0.0
916.9,0.021,0.0,0.0,0.0,0.91,0,0.0,0.0,0.0
916.94,0.021,0.0,0.0,0.0,0.91,0,0.0,0.0,0.0
917.0,0.021,0.0,0.0,0.0,0.91,0,0.0,0.0,0.0
917.06,0.021,0.0,0.0,0.0,0.91,0,0.0,0.0,0.0
917.1,0.021,0.0,0.0,0.0,0.91,0,0.0,0.0,0.0
917.16,0.021,0.0,0.0,0.0,0.91,0,0.0,0.0,0.0
917.22,0.021,0.0,0.0,0.0,0.91,0,0.0,0.0,0.0
917.26,0.021,0.0,0.0,0.0,0.91,0,0.0,0.0,0.0
917.32,0.021,0.0,0.0,0.0,0.91,0,0.0,0.0,0.0
917.38,0.021,0.0,0.0,0.0,0.91,0,0.0,0.0,0.0
917.42,0.021,0.0,0.0,0.0,0.91,0,0.0,0.0,0.0
917.48,0.021,0.0,0.0,0.0,0.91,0,0.0,0.0,0.0
917.54,0.021,0.0,0.0,0.0,0.91,0,0.0,0.0,0.0
917.58,0.021,0.0,0.0,0.0,0.91,0,0.0,0.0,0.0
917.64,0.021,0.0,0.0,0.0,0.91,0,0.0,0.0,0.0
917.7,0.021,0.0,0.0,0.0,0.91,0,0.0,0.0,0.0
917.74,0.021,0.0,0.0,0.0,0.91,0,0.0,0.0,0.0
917.8,0.021,0.0,0.0,0.0,0.91,0,0.0,0.0,0.0
917.84,0.021,0.0,0.0,0.0,0.91,0,0.0,0.0,0.0
917.88,0.021,0.0,0.0,0.0,0.91,0,0.0,0.0,0.0
917.94,0.021,0.0,0.0,0.0,0.91,0,0.0,0.0,0.0
918.0,0.021,0.0,0.0,0.0,0.91,0,0.0,0.0,0.0
918.04,0.021,0.0,0.0,0.0,0.91,0,0.0,0.0,0.0
918.1,0.021,0.0,0.0,0.0,0.91,0,0.0,0.0,0.0
918.14,0.021,0.0,0.0,0.0,0.91,0,0.0,0.0,0.0
918.2,0.021,0.0,0.0,0.0,0.91,0,0.0,0.0,0.0
918.26,0.021,0.0,0.0,0.0,0.91,0,0.0,0.0,0.0
918.32,0.021,0.0,0.0,0.0,0.91,0,0.0,0.0,0.0
918.36,0.021,0.0,0.0,0.0,0.91,0,0.0,0.0,0.0
918.42,0.021,0.0,0.0,0.0,0.91,0,0.0,0.0,0.0
918.48,0.021,0.0,0.0,0.0,0.91,0,0.0,0.0,0.0
918.52,0.021,0.0,0.0,0.0,0.91,0,0.0,0.0,0.0
918.58,0.021,0.0,0.0,0.0,0.91,0,0.0,0.0,0.0
918.64,0.021,0.0,0.0,0.0,0.91,0,0.0,0.0,0.0
918.7,0.021,0.0,0.0,0.0,0.91,0,0.0,0.0,0.0
918.76,0.021,0.0,0.0,0.0,0.91,0,0.0,0.0,0.0
918.8,0.021,0.0,0.0,0.0,0.91,0,0.0,0.0,0.0
918.86,0.021,0.0,0.0,0.0,0.91,0,0.0,0.0,0.0
918.92,0.021,0.0,0.0,0.0,0.91,0,0.0,0.0,0.0
918.96,0.021,0.0,0.0,0.0,0.91,0,0.0,0.0,0.0
919.02,0.021,0.0,0.0,0.0,0.91,0,0.0,0.0,0.0
919.08,0.021,0.0,0.0,0.0,0.91,0,0.0,0.0,0.0
919.12,0.021,0.0,0.0,0.0,0.91,0,0.0,0.0,0.0
919.18,0.021,0.0,0.0,0.0,0.91,0,0.0,0.0,0.0
919.22,0.021,0.0,0.0,0.0,0.91,0,0.0,0.0,0.0
919.28,0.021,0.0,0.0,0.0,0.91,0,0.0,0.0,0.0
919.32,0.021,0.0,0.0,0.0,0.91,0,0.0,0.0,0.0
919.38,0.021,0.0,0.0,0.0,0.91,0,0.0,0.0,0.0
919.42,0.021,0.0,0.0,0.0,0.91,0,0.0,0.0,0.0
919.48,0.021,0.0,0.0,0.0,0.91,0,0.0,0.0,0.0
919.54,0.021,0.0,0.0,0.0,0.91,0,0.0,0.0,0.0
919.6,0.021,0.0,0.0,0.0,0.91,0,0.0,0.0,0.0
919.66,0.021,0.0,0.0,0.0,0.91,0,0.0,0.0,0.0
919.72,0.021,0.0,0.0,0.0,0.91,0,0.0,0.0,0.0
919.76,0.021,0.0,0.0,0.0,0.91,0,0.0,0.0,0.0
919.82,0.021,0.0,0.0,0.0,0.91,0,0.0,0.0,0.0
919.86,0.021,0.0,0.0,0.0,0.91,0,0.0,0.0,0.0
919.92,0.021,0.0,0.0,0.0,0.91,0,0.0,0.0,0.0
919.98,0.021,0.0,0.0,0.0,0.91,0,0.0,0.0,0.0
920.02,0.021,0.0,0.0,0.0,0.91,0,0.0,0.0,0.0
920.06,0.021,0.0,0.0,0.0,0.91,0,0.0,0.0,0.0
920.12,0.021,0.0,0.0,0.0,0.91,0,0.0,0.0,0.0
920.18,0.021,0.0,0.0,0.0,0.91,0,0.0,0.0,0.0
920.22,0.021,0.0,0.0,0.0,0.91,0,0.0,0.0,0.0
920.28,0.021,0.0,0.0,0.0,0.91,0,0.0,0.0,0.0
920.34,0.021,0.0,0.0,0.0,0.91,0,0.0,0.0,0.0
920.4,0.021,0.0,0.0,0.0,0.91,0,0.0,0.0,0.0
920.44,0.021,0.0,0.0,0.0,0.91,0,0.0,0.0,0.0
920.5,0.021,0.0,0.0,0.0,0.91,0,0.0,0.0,0.0
920.56,0.021,0.0,0.0,0.0,0.91,0,0.0,0.0,0.0
920.62,0.021,0.0,0.0,0.0,0.91,0,0.0,0.0,0.0
920.66,0.021,0.0,0.0,0.0,0.91,0,0.0,0.0,0.0
920.72,0.021,0.0,0.0,0.0,0.91,0,0.0,0.0,0.0
920.78,0.021,0.0,0.0,0.0,0.91,0,0.0,0.0,0.0
920.84,0.021,0.0,0.0,0.0,0.91,0,0.0,0.0,0.0
920.88,0.021,0.0,0.0,0.0,0.91,0,0.0,0.0,0.0
920.94,0.021,0.0,0.0,0.0,0.91,0,0.0,0.0,0.0
921.0,0.021,0.0,0.0,0.0,0.91,0,0.0,0.0,0.0
921.06,0.021,0.0,0.0,0.0,0.91,0,0.0,0.0,0.0
921.1,0.021,0.0,0.0,0.0,0.91,0,0.0,0.0,0.0
921.16,0.021,0.0,0.0,0.0,0.91,0,0.0,0.0,0.0
921.22,0.021,0.0,0.0,0.0,0.91,0,0.0,0.0,0.0
921.26,0.021,0.0,0.0,0.0,0.91,0,0.0,0.0,0.0
921.32,0.021,0.0,0.0,0.0,0.91,0,0.0,0.0,0.0
921.36,0.021,0.0,0.0,0.0,0.91,0,0.0,0.0,0.0
921.4,0.021,0.0,0.0,0.0,0.91,0,0.0,0.0,0.0
921.46,0.021,0.0,0.0,0.0,0.91,0,0.0,0.0,0.0
921.5,0.021,0.0,0.0,0.0,0.91,0,0.0,0.0,0.0
921.56,0.021,0.0,0.0,0.0,0.91,0,0.0,0.0,0.0
921.62,0.021,0.0,0.0,0.0,0.91,0,0.0,0.0,0.0
921.66,0.021,0.0,0.0,0.0,0.91,0,0.0,0.0,0.0
921.72,0.021,0.0,0.0,0.0,0.91,0,0.0,0.0,0.0
921.78,0.021,0.0,0.0,0.0,0.91,0,0.0,0.0,0.0
921.84,0.021,0.0,0.0,0.0,0.91,0,0.0,0.0,0.0
921.9,0.021,0.0,0.0,0.0,0.91,0,0.0,0.0,0.0
921.94,0.021,0.0,0.0,0.0,0.91,0,0.0,0.0,0.0
922.0,0.021,0.0,0.0,0.0,0.91,0,0.0,0.0,0.0
922.06,0.021,0.0,0.0,0.0,0.91,0,0.0,0.0,0.0
922.12,0.021,0.0,0.0,0.0,0.91,0,0.0,0.0,0.0
922.16,0.021,0.0,0.0,0.0,0.91,0,0.0,0.0,0.0
922.22,0.021,0.0,0.0,0.0,0.91,0,0.0,0.0,0.0
922.28,0.021,0.0,0.0,0.0,0.91,0,0.0,0.0,0.0
922.32,0.021,0.0,0.0,0.0,0.91,0,0.0,0.0,0.0
922.38,0.021,0.0,0.0,0.0,0.91,0,0.0,0.0,0.0
922.44,0.021,0.0,0.0,0.0,0.91,0,0.0,0.0,0.0
922.5,0.021,0.0,0.0,0.0,0.91,0,0.0,0.0,0.0
922.56,0.021,0.0,0.0,0.0,0.91,0,0.0,0.0,0.0
922.6,0.021,0.0,0.0,0.0,0.91,0,0.0,0.0,0.0
922.66,0.021,0.0,0.0,0.0,0.91,0,0.0,0.0,0.0
922.72,0.021,0.0,0.0,0.0,0.91,0,0.0,0.0,0.0
922.78,0.021,0.0,0.0,0.0,0.91,0,0.0,0.0,0.0
922.84,0.021,0.0,0.0,0.0,0.91,0,0.0,0.0,0.0
922.88,0.021,0.0,0.0,0.0,0.91,0,0.0,0.0,0.0
922.94,0.021,0.0,0.0,0.0,0.91,0,0.0,0.0,0.0
923.0,0.021,0.0,0.0,0.0,0.91,0,0.0,0.0,0.0
923.06,0.021,0.0,0.0,0.0,0.91,0,0.0,0.0,0.0
923.1,0.021,0.0,0.0,0.0,0.91,0,0.0,0.0,0.0
923.16,0.021,0.0,0.0,0.0,0.91,0,0.0,0.0,0.0
923.22,0.021,0.0,0.0,0.0,0.91,0,0.0,0.0,0.0
923.26,0.021,0.0,0.0,0.0,0.91,0,0.0,0.0,0.0
923.32,0.021,0.0,0.0,0.0,0.91,0,0.0,0.0,0.0
923.38,0.021,0.0,0.0,0.0,0.91,0,0.0,0.0,0.0
923.44,0.021,0.0,0.0,0.0,0.91,0,0.0,0.0,0.0
923.48,0.021,0.0,0.0,0.0,0.91,0,0.0,0.0,0.0
923.54,0.021,0.0,0.0,0.0,0.91,0,0.0,0.0,0.0
923.6,0.021,0.0,0.0,0.0,0.91,0,0.0,0.0,0.0
923.66,0.021,0.0,0.0,0.0,0.91,0,0.0,0.0,0.0
923.72,0.021,0.0,0.0,0.0,0.91,0,0.0,0.0,0.0
923.76,0.021,0.0,0.0,0.0,0.91,0,0.0,0.0,0.0
923.8,0.021,0.0,0.0,0.0,0.91,0,0.0,0.0,0.0
923.86,0.021,0.0,0.0,0.0,0.91,0,0.0,0.0,0.0
923.9,0.021,0.0,0.0,0.0,0.91,0,0.0,0.0,0.0
923.96,0.021,0.0,0.0,0.0,0.91,0,0.0,0.0,0.0
924.02,0.021,0.0,0.0,0.0,0.91,0,0.0,0.0,0.0
924.08,0.021,0.0,0.0,0.0,0.91,0,0.0,0.0,0.0
924.12,0.021,0.0,0.0,0.0,0.91,0,0.0,0.0,0.0
924.18,0.021,0.0,0.0,0.0,0.91,0,0.0,0.0,0.0
924.24,0.021,0.0,0.0,0.0,0.91,0,0.0,0.0,0.0
924.28,0.021,0.0,0.0,0.0,0.91,0,0.0,0.0,0.0
924.34,0.021,0.0,0.0,0.0,0.91,0,0.0,0.0,0.0
924.4,0.021,0.0,0.0,0.0,0.91,0,0.0,0.0,0.0
924.44,0.021,0.0,0.0,0.0,0.91,0,0.0,0.0,0.0
924.5,0.021,0.0,0.0,0.0,0.91,0,0.0,0.0,0.0
924.56,0.021,0.0,0.0,0.0,0.91,0,0.0,0.0,0.0
924.62,0.021,0.0,0.0,0.0,0.91,0,0.0,0.0,0.0
924.66,0.021,0.0,0.0,0.0,0.91,0,0.0,0.0,0.0
924.72,0.021,0.0,0.0,0.0,0.91,0,0.0,0.0,0.0
924.76,0.021,0.0,0.0,0.0,0.91,0,0.0,0.0,0.0
924.82,0.021,0.0,0.0,0.0,0.91,0,0.0,0.0,0.0
924.86,0.021,0.0,0.0,0.0,0.91,0,0.0,0.0,0.0
924.92,0.021,0.0,0.0,0.0,0.91,0,0.0,0.0,0.0
924.98,0.021,0.0,0.0,0.0,0.91,0,0.0,0.0,0.0
925.02,0.021,0.0,0.0,0.0,0.91,0,0.0,0.0,0.0
925.08,0.021,0.0,0.0,0.0,0.91,0,0.0,0.0,0.0
925.14,0.021,0.0,0.0,0.0,0.91,0,0.0,0.0,0.0
925.2,0.021,0.0,0.0,0.0,0.91,0,0.0,0.0,0.0
925.24,0.021,0.0,0.0,0.0,0.91,0,0.0,0.0,0.0
925.3,0.021,0.0,0.0,0.0,0.91,0,0.0,0.0,0.0
925.36,0.021,0.0,0.0,0.0,0.91,0,0.0,0.0,0.0
925.4,0.021,0.0,0.0,0.0,0.91,0,0.0,0.0,0.0
925.46,0.021,0.0,0.0,0.0,0.91,0,0.0,0.0,0.0
925.52,0.021,0.0,0.0,0.0,0.91,0,0.0,0.0,0.0
925.56,0.021,0.0,0.0,0.0,0.91,0,0.0,0.0,0.0
925.62,0.021,0.0,0.0,0.0,0.91,0,0.0,0.0,0.0
925.68,0.021,0.0,0.0,0.0,0.91,0,0.0,0.0,0.0
925.72,0.021,0.0,0.0,0.0,0.91,0,0.0,0.0,0.0
925.78,0.021,0.0,0.0,0.0,0.91,0,0.0,0.0,0.0
925.84,0.021,0.0,0.0,0.0,0.91,0,0.0,0.0,0.0
925.9,0.021,0.0,0.0,0.0,0.91,0,0.0,0.0,0.0
925.94,0.021,0.0,0.0,0.0,0.91,0,0.0,0.0,0.0
926.0,0.021,0.0,0.0,0.0,0.91,0,0.0,0.0,0.0
926.06,0.021,0.0,0.0,0.0,0.91,0,0.0,0.0,0.0
926.12,0.021,0.0,0.0,0.0,0.91,0,0.0,0.0,0.0
926.18,0.021,0.0,0.0,0.0,0.91,0,0.0,0.0,0.0
926.22,0.021,0.0,0.0,0.0,0.91,0,0.0,0.0,0.0
926.28,0.021,0.0,0.0,0.0,0.91,0,0.0,0.0,0.0
926.34,0.021,0.0,0.0,0.0,0.91,0,0.0,0.0,0.0
926.4,0.021,0.0,0.0,0.0,0.91,0,0.0,0.0,0.0
926.46,0.021,0.0,0.0,0.0,0.91,0,0.0,0.0,0.0
926.52,0.021,0.0,0.0,0.0,0.91,0,0.0,0.0,0.0
926.58,0.021,0.0,0.0,0.0,0.91,0,0.0,0.0,0.0
926.64,0.021,0.0,0.0,0.0,0.91,0,0.0,0.0,0.0
926.68,0.021,0.0,0.0,0.0,0.91,0,0.0,0.0,0.0
926.74,0.021,0.0,0.0,0.0,0.91,0,0.0,0.0,0.0
926.78,0.021,0.0,0.0,0.0,0.91,0,0.0,0.0,0.0
926.84,0.021,0.0,0.0,0.0,0.91,0,0.0,0.0,0.0
926.88,0.021,0.0,0.0,0.0,0.91,0,0.0,0.0,0.0
926.94,0.021,0.0,0.0,0.0,0.91,0,0.0,0.0,0.0
926.98,0.021,0.0,0.0,0.0,0.91,0,0.0,0.0,0.0
927.04,0.021,0.0,0.0,0.0,0.91,0,0.0,0.0,0.0
927.1,0.021,0.0,0.0,0.0,0.91,0,0.0,0.0,0.0
927.16,0.021,0.0,0.0,0.0,0.91,0,0.0,0.0,0.0
927.22,0.021,0.0,0.0,0.0,0.91,0,0.0,0.0,0.0
927.28,0.021,0.0,0.0,0.0,0.91,0,0.0,0.0,0.0
927.32,0.021,0.0,0.0,0.0,0.91,0,0.0,0.0,0.0
927.38,0.021,0.0,0.0,0.0,0.91,0,0.0,0.0,0.0
927.42,0.021,0.0,0.0,0.0,0.91,0,0.0,0.0,0.0
927.48,0.021,0.0,0.0,0.0,0.91,0,0.0,0.0,0.0
927.52,0.021,0.0,0.0,0.0,0.91,0,0.0,0.0,0.0
927.58,0.021,0.0,0.0,0.0,0.91,0,0.0,0.0,0.0
927.62,0.021,0.0,0.0,0.0,0.91,0,0.0,0.0,0.0
927.68,0.021,0.0,0.0,0.0,0.91,0,0.0,0.0,0.0
927.72,0.021,0.0,0.0,0.0,0.91,0,0.0,0.0,0.0
927.78,0.021,0.0,0.0,0.0,0.91,0,0.0,0.0,0.0
927.84,0.021,0.0,0.0,0.0,0.91,0,0.0,0.0,0.0
927.88,0.021,0.0,0.0,0.0,0.91,0,0.0,0.0,0.0
927.92,0.021,0.0,0.0,0.0,0.91,0,0.0,0.0,0.0
927.98,0.021,0.0,0.0,0.0,0.91,0,0.0,0.0,0.0
928.02,0.021,0.0,0.0,0.0,0.91,0,0.0,0.0,0.0
928.08,0.021,0.0,0.0,0.0,0.91,0,0.0,0.0,0.0
928.14,0.021,0.0,0.0,0.0,0.91,0,0.0,0.0,0.0
928.18,0.021,0.0,0.0,0.0,0.91,0,0.0,0.0,0.0
928.24,0.021,0.0,0.0,0.0,0.91,0,0.0,0.0,0.0
928.28,0.021,0.0,0.0,0.0,0.91,0,0.0,0.0,0.0
928.34,0.021,0.0,0.0,0.0,0.91,0,0.0,0.0,0.0
928.4,0.021,0.0,0.0,0.0,0.91,0,0.0,0.0,0.0
928.46,0.021,0.0,0.0,0.0,0.91,0,0.0,0.0,0.0
928.5,0.021,0.0,0.0,0.0,0.91,0,0.0,0.0,0.0
928.56,0.021,0.0,0.0,0.0,0.91,0,0.0,0.0,0.0
928.56,0.021,0.0,0.0,0.0,0.91,0,0.0,0.0,0.0
928.68,0.021,0.0,0.0,0.0,0.91,0,0.0,0.0,0.0
928.72,0.021,0.0,0.0,0.0,0.91,0,0.0,0.0,0.0
928.76,0.021,0.0,0.0,0.0,0.91,0,0.0,0.0,0.0
928.82,0.021,0.0,0.0,0.0,0.91,0,0.0,0.0,0.0
928.88,0.021,0.0,0.0,0.0,0.91,0,0.0,0.0,0.0
928.94,0.021,0.0,0.0,0.0,0.91,0,0.0,0.0,0.0
928.98,0.021,0.0,0.0,0.0,0.91,0,0.0,0.0,0.0
929.04,0.021,0.0,0.0,0.0,0.91,0,0.0,0.0,0.0
929.1,0.021,0.0,0.0,0.0,0.91,0,0.0,0.0,0.0
929.16,0.021,0.0,0.0,0.0,0.91,0,0.0,0.0,0.0
929.2,0.021,0.0,0.0,0.0,0.91,0,0.0,0.0,0.0
929.26,0.021,0.0,0.0,0.0,0.91,0,0.0,0.0,0.0
929.36,0.021,0.0,0.0,0.0,0.91,0,0.0,0.0,0.0
929.38,0.021,0.0,0.0,0.0,0.91,0,0.0,0.0,0.0
929.44,0.021,0.0,0.0,0.0,0.91,0,0.0,0.0,0.0
