met,altitude_km,vertical_speed_ms,true_air_speed_ms,mach_number,dynamic_pressure_kpa,thrust_kn,pitch_deg,roll_deg,downrange_distance_km
0.0,0.2405,0.0,0.0,0.0,0.0,0.0,89.98,-90.0,0.0
0.0,0.2405,0.0,0.0,0.0,0.0,0.01,90.0,-90.0,0.0
0.0,0.2405,0.0,0.0,0.0,0.0,0.01,89.97,-90.0,0.0
0.0,0.2405,0.0,0.0,0.0,0.0,0.01,89.97,-90.0,0.0
0.0,0.2405,0.0,0.0,0.0,0.0,0.01,89.98,-90.0,0.0
0.0,0.2405,0.0,0.0,0.0,0.0,0.01,90.0,-90.0,0.0
0.0,0.2405,0.0,0.0,0.0,0.0,0.02,90.0,-90.0,0.0
0.0,0.2405,0.0,0.0,0.0,0.0,0.02,89.98,-90.0,0.0
0.0,0.2405,0.0,0.0,0.0,0.0,0.02,89.98,-90.0,0.0
0.0,0.2405,0.0,0.0,0.0,0.0,0.02,90.0,-90.0,0.0
0.0,0.2405,0.0,0.0,0.0,0.0,0.03,89.98,-90.0,0.0
0.0,0.2405,0.0,0.0,0.0,0.0,0.03,90.0,-90.0,0.0
0.0,0.2405,0.0,0.0,0.0,0.0,0.03,89.97,-90.0,0.0
0.0,0.2405,0.0,0.0,0.0,0.0,0.04,89.98,-90.0,0.0
0.0,0.2405,0.0,0.0,0.0,0.0,0.04,90.0,-90.0,0.0
0.0,0.2405,0.0,0.0,0.0,0.0,0.04,90.0,-90.0,0.0
0.0,0.2405,0.0,0.0,0.0,0.0,0.05,90.0,-90.0,0.0
0.0,0.2405,0.0,0.0,0.0,0.0,0.05,89.98,-90.0,0.0
0.0,0.2405,0.0,0.0,0.0,0.0,0.06,90.0,-90.0,0.0
0.0,0.2405,0.0,0.0,0.0,0.0,0.06,90.0,-90.0,0.0
0.0,0.2405,0.0,0.0,0.0,0.0,0.07,89.98,-90.0,0.0
0.0,0.2405,0.0,0.0,0.0,0.0,0.07,90.0,-90.0,0.0
0.0,0.2405,0.0,0.0,0.0,0.0,0.08,89.97,-90.0,0.0
0.0,0.2405,0.0,0.0,0.0,0.0,0.09,89.97,-90.0,0.0
0.0,0.2405,0.0,0.0,0.0,0.0,0.11,90.0,-90.0,0.0
0.0,0.2405,0.0,0.0,0.0,0.0,0.11,90.0,-90.0,0.0
0.0,0.2405,0.0,0.0,0.0,0.0,0.12,89.98,-90.0,0.0
0.0,0.2405,0.0,0.0,0.0,0.0,0.13,89.98,-90.0,0.0
0.0,0.2405,0.0,0.0,0.0,0.0,0.14,90.0,-90.0,0.0
0.0,0.2405,0.0,0.0,0.0,0.0,0.15,89.98,-90.0,0.0
0.0,0.2405,0.0,0.0,0.0,0.0,0.17,89.98,-90.0,0.0
0.0,0.2405,0.0,0.0,0.0,0.0,0.2,89.97,-90.0,0.0
0.0,0.2405,0.0,0.0,0.0,0.0,0.2,89.97,-90.0,0.0
0.0,0.2405,0.0,0.0,0.0,0.0,0.23,90.0,-90.0,0.0
0.0,0.2405,0.0,0.0,0.0,0.0,0.26,89.98,-90.0,0.0
0.0,0.2405,0.0,0.0,0.0,0.0,0.26,89.98,-90.0,0.0
0.0,0.2405,0.0,0.0,0.0,0.0,0.3,90.0,-90.0,0.0
0.0,0.2405,0.0,0.0,0.0,0.0,0.31,89.98,-90.0,0.0
0.0,0.2405,0.0,0.0,0.0,0.0,0.32,89.98,-90.0,0.0
0.0,0.2405,0.0,0.0,0.0,0.0,0.35,89.98,-90.0,0.0
0.0,0.2405,0.0,0.0,0.0,0.0,0.39,90.0,-90.0,0.0
0.0,0.2405,0.0,0.0,0.0,0.0,0.44,90.0,-90.0,0.0
0.0,0.2405,0.0,0.0,0.0,0.0,0.46,89.98,-90.0,0.0
0.0,0.2405,0.0,0.0,0.0,0.0,0.5,89.98,-90.0,0.0
0.0,0.2405,0.0,0.0,0.0,0.0,0.53,89.98,-90.0,0.0
0.0,0.2405,0.0,0.0,0.0,0.0,0.58,89.98,-90.0,0.0
0.0,0.2405,0.0,0.0,0.0,0.0,0.63,89.97,-90.0,0.0
0.0,0.2405,0.0,0.0,0.0,0.0,0.66,90.0,-90.0,0.0
0.0,0.2405,0.0,0.0,0.0,0.0,0.75,90.0,-90.0,0.0
0.0,0.2405,0.0,0.0,0.0,0.0,0.78,90.0,-90.0,0.0
0.0,0.2405,0.0,0.0,0.0,0.0,0.85,89.98,-90.0,0.0
0.0,0.2405,0.0,0.0,0.0,0.0,0.89,90.0,-90.0,0.0
0.0,0.2405,0.0,0.0,0.0,0.0,0.97,89.98,-90.0,0.0
0.0,0.2405,0.0,0.0,0.0,0.0,1.01,89.98,-90.0,0.0
0.0,0.2405,0.0,0.0,0.0,0.0,1.1,89.98,-90.0,0.0
0.0,0.2405,0.0,0.0,0.0,0.0,1.25,89.97,-90.0,0.0
0.0,0.2405,0.0,0.0,0.0,0.0,1.3,90.0,-90.0,0.0
0.0,0.2405,0.0,0.0,0.0,0.0,1.42,89.98,-90.0,0.0
0.0,0.2405,0.0,0.0,0.0,0.0,1.49,90.0,-90.0,0.0
0.0,0.2405,0.0,0.0,0.0,0.0,16.64,89.98,-90.0,0.0
0.0,0.2405,0.0,0.0,0.0,0.0,24.15,89.98,-90.0,0.0
0.0,0.2405,0.0,0.0,0.0,0.0,38.77,90.0,-90.0,0.0
0.0,0.2405,0.0,0.0,0.0,0.0,80.67,89.98,-90.0,0.0
0.0,0.2405,0.0,0.0,0.0,0.0,80.67,89.98,-90.0,0.0
0.0,0.2405,0.0,0.0,0.0,0.0,114.45,90.0,-90.0,0.0
0.0,0.2405,0.0,0.0,0.0,0.0,135.15,90.0,-90.0,0.0
0.0,0.2405,0.0,0.0,0.0,0.0,144.77,89.98,-90.0,0.0
0.0,0.2405,0.0,0.0,0.0,0.0,162.13,90.0,-90.0,0.0
0.0,0.2405,0.0,0.0,0.0,0.0,162.13,90.0,-90.0,0.0
0.0,0.2405,0.0,0.0,0.0,0.0,182.66,89.98,-90.0,0.0
0.0,0.2405,0.0,0.0,0.0,0.0,182.66,89.98,-90.0,0.0
0.0,0.241,0.0,0.1,0.0,0.0,194.26,90.0,-90.0,0.0
0.0,0.241,0.0,0.43,0.0,0.0,206.95,90.0,-90.0,0.0
0.0,0.241,0.0,0.43,0.0,0.0,206.95,90.0,-90.0,0.0
0.0,0.241,0.0,0.69,0.0,0.0,214.36,90.0,-90.0,0.0
0.0,0.2411,0.0,1.1,0.0,0.0,221.76,90.0,-90.0,0.0
0.0,0.2411,0.0,1.1,0.0,0.0,221.76,90.0,-90.0,0.0
0.0,0.2411,0.0,1.54,0.0,0.0,227.12,90.0,-90.0,0.0
0.0,0.2412,0.0,1.84,0.0,0.001,229.92,90.0,-90.0,0.0
0.0,0.2413,0.0,2.0,0.0,0.001,231.15,90.0,-90.0,0.0
0.0,0.2413,0.0,2.31,0.0,0.001,233.38,90.0,-90.0,0.0
0.0,0.2414,0.0,2.47,0.0,0.001,233.31,90.0,-90.0,0.0
0.04,0.2416,0.0,2.96,0.01,0.002,235.44,90.0,-90.0,0.0
0.1,0.2418,0.0,3.45,0.01,0.004,237.4,90.0,-90.0,0.0
0.1,0.2418,0.0,3.45,0.01,0.004,237.4,90.0,-90.0,0.0
0.16,0.242,0.0,3.95,0.01,0.006,238.44,90.0,-90.0,0.0
0.22,0.2422,0.0,4.45,0.01,0.008,238.21,90.0,-90.0,0.0
0.22,0.2422,0.0,4.45,0.01,0.008,238.21,90.0,-90.0,0.0
0.28,0.2426,0.0,5.13,0.01,0.011,240.67,90.0,-90.0,0.0
0.34,0.243,0.0,5.64,0.01,0.014,240.31,90.0,-90.0,0.0
0.34,0.243,0.0,5.64,0.01,0.014,240.31,90.0,-90.0,0.0
0.38,0.2432,0.0,5.99,0.02,0.016,240.86,90.0,-90.0,0.0
0.44,0.2434,0.0,6.33,0.02,0.018,241.12,90.0,-90.0,0.0
0.48,0.2437,0.0,6.68,0.02,0.021,240.52,90.0,-90.0,0.0
0.5,0.244,0.0,7.02,0.02,0.023,240.33,90.0,-90.0,0.0
0.54,0.2441,0.0,7.19,0.02,0.024,240.73,90.0,-90.0,0.0
0.56,0.2444,0.0,7.54,0.02,0.027,241.03,90.0,-90.0,0.0
0.6,0.2446,0.0,7.71,0.02,0.029,240.64,90.0,-90.0,0.0
0.62,0.2449,0.0,8.05,0.02,0.032,240.18,89.97,-90.0,0.0
0.66,0.2451,0.0,8.22,0.02,0.033,240.42,90.0,-90.0,0.0
0.68,0.2454,0.0,8.57,0.02,0.037,240.59,90.0,-90.0,0.0
0.72,0.2456,0.0,8.74,0.02,0.039,240.58,90.0,-90.0,0.0
0.74,0.2459,0.0,9.09,0.02,0.042,240.56,90.0,-90.0,0.0
0.78,0.2461,0.0,9.26,0.03,0.044,240.67,90.0,-90.0,0.0
0.8,0.2465,0.0,9.61,0.03,0.048,240.64,90.0,-90.0,0.0
0.8,0.2465,0.0,9.61,0.03,0.048,240.64,90.0,-90.0,0.0
0.86,0.2471,0.0,10.13,0.03,0.054,241.22,90.0,-90.0,0.0
0.9,0.2473,0.0,10.3,0.03,0.056,240.59,90.0,-90.0,0.0
0.92,0.2477,0.0,10.65,0.03,0.06,241.09,89.98,-90.0,0.0
0.96,0.2479,0.0,10.82,0.03,0.062,241.12,89.97,-90.0,0.0
0.98,0.2484,0.0,11.17,0.03,0.067,240.72,90.0,-90.0,0.0
1.02,0.2486,0.0,11.34,0.03,0.069,240.59,90.0,-90.0,0.0
1.04,0.2491,0.0,11.69,0.03,0.074,241.23,90.0,-90.0,0.0
1.1,0.2498,0.0,12.21,0.03,0.081,240.33,89.98,-90.0,0.0
1.1,0.2498,0.0,12.21,0.03,0.081,240.33,89.98,-90.0,0.0
1.16,0.2506,0.0,12.74,0.04,0.089,241.07,90.0,-90.0,0.0
1.2,0.2508,0.0,12.91,0.04,0.092,240.55,90.0,-90.0,0.0
1.22,0.2513,0.0,13.26,0.04,0.097,240.67,90.0,-90.0,0.0
1.26,0.2516,0.0,13.43,0.04,0.1,240.81,90.0,-90.0,0.0
1.28,0.2522,0.0,13.78,0.04,0.106,241.34,89.96,-90.0,0.0
1.32,0.2524,0.0,13.96,0.04,0.109,240.68,90.0,-90.0,0.0
1.34,0.253,0.0,14.31,0.04,0.115,240.63,89.97,-90.0,0.0
1.4,0.2539,0.0,14.83,0.04,0.124,241.07,89.98,-90.0,0.0
1.44,0.2542,0.0,15.01,0.04,0.127,240.43,89.96,-90.0,0.0
1.46,0.2548,0.0,15.36,0.04,0.134,240.41,89.97,-90.0,0.0
1.5,0.2551,0.0,15.53,0.04,0.137,240.56,89.97,-90.0,0.0
1.52,0.2557,0.0,15.88,0.05,0.144,240.98,89.97,-90.0,0.0
1.56,0.2561,0.0,16.06,0.05,0.147,240.23,89.96,-90.0,0.0
1.58,0.2567,0.0,16.41,0.05,0.154,240.89,89.96,-90.0,0.0
1.64,0.2574,0.0,16.76,0.05,0.162,240.82,89.96,-90.0,0.0
1.64,0.2577,0.0,16.94,0.05,0.165,240.49,89.96,-90.0,0.0
1.7,0.2588,0.0,17.47,0.05,0.176,241.04,89.95,-90.0,0.0
1.74,0.2591,0.0,17.64,0.05,0.18,240.31,89.97,-90.0,0.0
1.76,0.2598,0.0,18.0,0.05,0.188,240.9,89.95,-90.0,0.0
1.84,0.2609,0.0,18.52,0.05,0.2,240.93,89.95,-90.0,0.0
1.84,0.2609,0.0,18.52,0.05,0.2,240.93,89.95,-90.0,0.0
1.9,0.2621,0.0,19.05,0.06,0.212,240.34,89.95,-90.0,0.0
1.96,0.2632,0.0,19.58,0.06,0.225,240.93,89.94,-90.0,0.0
1.96,0.2632,0.0,19.58,0.06,0.225,240.93,89.94,-90.0,0.0
2.02,0.2648,0.0,20.29,0.06,0.242,240.19,89.95,-90.0,0.0
2.02,0.2648,0.0,20.29,0.06,0.242,240.19,89.95,-90.0,0.0
2.08,0.2661,0.0,20.82,0.06,0.256,240.5,89.94,-90.0,0.0
2.14,0.2669,0.0,21.18,0.06,0.265,240.58,89.94,-90.0,0.0
2.14,0.2669,0.0,21.18,0.06,0.265,240.58,89.94,-90.0,0.0
2.18,0.2682,0.0,21.71,0.06,0.279,240.72,89.94,-90.0,0.0
2.18,0.2682,0.0,21.71,0.06,0.279,240.72,89.94,-90.0,0.0
2.24,0.2691,0.0,22.07,0.06,0.289,240.9,89.93,-90.0,0.0
2.28,0.27,0.0,22.42,0.07,0.299,240.57,89.94,-90.0,0.0
2.32,0.2709,0.0,22.78,0.07,0.309,240.31,89.93,-90.0,0.0
2.38,0.2723,0.0,23.31,0.07,0.324,240.11,89.93,-90.0,0.0
2.38,0.2723,0.0,23.31,0.07,0.324,240.11,89.93,-90.0,0.0
2.44,0.2737,0.0,23.84,0.07,0.34,240.59,89.92,-90.0,0.0
2.5,0.2751,0.0,24.38,0.07,0.356,240.63,89.92,-90.0,0.0
2.5,0.2756,0.0,24.56,0.07,0.362,241.1,89.91,-90.0,0.0
2.56,0.2766,0.0,24.92,0.07,0.373,240.58,89.91,-90.0,0.0
2.56,0.2771,0.0,25.09,0.07,0.378,240.45,89.92,-90.0,0.0
2.6,0.2781,0.0,25.45,0.08,0.39,240.92,89.91,-90.0,0.0
2.64,0.2787,0.0,25.63,0.08,0.395,239.96,89.91,-90.0,0.0
2.66,0.2797,0.0,25.99,0.08,0.407,240.42,89.9,-90.0,0.0
2.7,0.2802,0.0,26.17,0.08,0.413,240.41,89.91,-90.0,0.0
2.72,0.2813,0.0,26.53,0.08,0.425,240.55,89.91,-90.0,0.0
2.78,0.2823,0.0,26.89,0.08,0.437,240.87,89.9,-90.0,0.0
2.78,0.2829,0.0,27.07,0.08,0.443,240.6,89.9,-90.0,0.0
2.84,0.284,0.0,27.43,0.08,0.455,240.86,89.89,-90.0,0.0
2.88,0.2851,0.0,27.78,0.08,0.468,240.7,89.9,-90.0,0.0
2.9,0.2862,0.0,28.14,0.08,0.48,240.55,89.89,-90.0,0.0
2.94,0.2868,0.0,28.32,0.08,0.487,240.74,89.9,-90.0,0.0
2.96,0.2879,0.0,28.68,0.09,0.499,240.32,89.89,-90.0,0.0
3.0,0.2885,0.0,28.87,0.09,0.506,241.04,89.88,-90.0,0.0
3.02,0.2897,0.0,29.23,0.09,0.519,240.0,89.89,-90.0,0.0
3.08,0.2908,0.0,29.59,0.09,0.532,240.75,89.88,-73.06,0.0
3.1,0.2914,0.0,29.77,0.09,0.539,240.18,89.88,-72.82,0.0
3.14,0.2932,0.0,30.31,0.09,0.56,240.59,89.88,-72.1,0.0
3.18,0.2939,0.0,30.49,0.09,0.567,240.62,89.88,-71.86,0.0
3.2,0.2951,0.0,30.85,0.09,0.581,240.96,89.87,-71.36,0.0
3.24,0.2957,0.0,31.04,0.09,0.588,241.02,89.87,-71.12,0.0
3.26,0.297,0.0,31.4,0.09,0.602,240.21,89.87,-70.61,0.0
3.3,0.2976,0.0,31.58,0.09,0.609,240.34,89.86,-70.36,0.0
3.32,0.2989,0.0,31.94,0.1,0.623,240.19,89.86,-69.85,0.0
3.36,0.2995,0.0,32.12,0.1,0.631,240.36,89.86,-69.59,0.0
3.42,0.3021,0.0,32.85,0.1,0.661,240.71,89.86,-68.55,0.0
3.42,0.3021,0.0,32.85,0.1,0.661,240.71,89.86,-68.55,0.0
3.48,0.3034,0.0,33.22,0.1,0.676,241.09,89.86,-68.02,0.0
3.52,0.3048,0.0,33.58,0.1,0.691,240.38,89.85,-67.49,0.0
3.52,0.3054,0.0,33.76,0.1,0.699,240.65,89.85,-67.23,0.0
3.58,0.3075,0.0,34.31,0.1,0.722,240.25,89.84,-66.42,0.0
3.62,0.3082,0.0,34.49,0.1,0.73,241.2,89.84,-66.15,0.0
3.64,0.3096,0.0,34.86,0.1,0.746,241.22,89.84,-65.6,0.0
3.68,0.3103,0.0,35.04,0.11,0.754,240.87,89.84,-65.32,0.0
3.7,0.3117,0.0,35.41,0.11,0.77,240.89,89.83,-64.77,0.0
3.74,0.3124,0.0,35.59,0.11,0.778,240.67,89.83,-64.49,0.0
3.76,0.3138,0.0,35.96,0.11,0.795,240.49,89.83,-63.93,0.0
3.8,0.3146,0.0,36.14,0.11,0.803,241.02,89.83,-63.65,0.0
3.82,0.316,0.0,36.51,0.11,0.82,240.59,89.82,-63.08,0.0
3.86,0.3167,0.0,36.69,0.11,0.828,241.33,89.82,-62.8,0.0
3.88,0.3182,0.0,37.06,0.11,0.846,240.98,89.82,-62.23,0.0
3.94,0.3205,0.0,37.62,0.11,0.871,240.77,89.81,-61.38,0.0
3.98,0.3212,0.0,37.8,0.11,0.88,240.41,89.81,-61.09,0.0
4.0,0.3228,0.0,38.17,0.11,0.898,240.9,89.81,-60.51,0.0
4.04,0.3235,0.0,38.35,0.12,0.907,240.66,89.81,-60.23,0.0
4.06,0.3251,0.0,38.72,0.12,0.925,240.63,89.8,-59.64,0.0
4.1,0.3258,0.0,38.9,0.12,0.934,240.55,89.8,-59.36,0.0
4.12,0.3274,0.0,39.28,0.12,0.952,241.55,89.8,-58.77,0.0
4.18,0.3298,0.0,39.83,0.12,0.979,241.44,89.79,-57.9,0.0
4.18,0.3298,0.0,39.83,0.12,0.979,241.44,89.79,-57.9,0.0
4.24,0.3322,0.0,40.39,0.12,1.007,240.97,89.78,-57.02,0.0
4.28,0.333,0.0,40.57,0.12,1.017,240.73,89.78,-56.73,0.0
4.3,0.3346,0.0,40.94,0.12,1.036,240.97,89.78,-56.14,0.0
4.34,0.3355,0.0,41.13,0.12,1.045,241.05,89.78,-55.84,0.0
4.36,0.3371,0.0,41.5,0.12,1.065,240.93,89.77,-55.25,0.0
4.4,0.338,0.0,41.69,0.13,1.074,240.7,89.77,-54.95,0.0
4.42,0.3396,0.0,42.06,0.13,1.094,240.87,89.76,-54.35,0.0
4.48,0.3413,0.0,42.43,0.13,1.114,241.22,89.76,-53.76,0.0
4.52,0.343,0.0,42.81,0.13,1.133,241.28,89.75,-53.16,0.0
4.54,0.3448,0.0,43.18,0.13,1.154,241.63,89.75,-52.57,0.0
4.58,0.3456,0.0,43.37,0.13,1.164,241.7,89.75,-52.28,0.0
4.6,0.3474,0.0,43.74,0.13,1.184,241.31,89.74,-51.68,0.0
4.64,0.3483,0.0,43.93,0.13,1.194,240.78,89.74,-51.38,0.0
4.66,0.35,0.0,44.3,0.13,1.215,240.88,89.74,-50.79,0.0
4.7,0.3509,0.0,44.49,0.13,1.226,241.2,89.73,-50.5,0.0
4.72,0.3527,0.0,44.86,0.14,1.247,240.91,89.73,-49.91,0.0
4.78,0.3554,0.0,45.43,0.14,1.278,241.04,89.72,-49.02,0.0
4.82,0.3563,0.0,45.61,0.14,1.289,241.64,89.72,-48.72,0.0
4.84,0.3582,0.0,45.99,0.14,1.311,241.26,89.71,-48.13,0.0
4.88,0.3591,0.0,46.18,0.14,1.322,241.34,89.71,-47.84,0.0
4.9,0.36,0.0,46.37,0.14,1.332,240.94,89.71,-47.55,0.0
4.92,0.3619,0.0,46.74,0.14,1.354,240.92,89.7,-46.96,0.0
4.96,0.3638,0.0,47.12,0.14,1.376,240.96,89.7,-46.38,0.0
5.0,0.3647,0.0,47.31,0.14,1.388,241.29,89.7,-46.09,0.0
5.02,0.3666,0.0,47.68,0.14,1.41,241.02,89.69,-45.51,0.0
5.08,0.3685,0.0,48.06,0.15,1.433,241.03,89.69,-44.93,0.0
5.12,0.3705,0.0,48.44,0.15,1.455,240.84,89.68,-44.36,0.0
5.14,0.3724,0.0,48.82,0.15,1.478,241.17,89.67,-43.79,0.0
5.18,0.3734,0.0,49.01,0.15,1.49,241.09,89.67,-43.5,0.0
5.2,0.3754,0.0,49.38,0.15,1.513,240.78,89.66,-42.94,0.0
5.24,0.3764,0.0,49.57,0.15,1.525,241.21,89.66,-42.66,0.0
5.26,0.3784,0.0,49.95,0.15,1.548,241.13,89.65,-42.09,0.0
5.3,0.3794,0.0,50.14,0.15,1.56,240.91,89.65,-41.81,0.0
5.32,0.3814,0.0,50.52,0.15,1.584,240.71,89.65,-41.25,0.0
5.38,0.3844,0.0,51.09,0.15,1.62,241.17,89.63,-40.42,0.0
5.42,0.3855,0.0,51.28,0.16,1.632,241.52,89.63,-40.15,0.0
5.44,0.3875,0.0,51.66,0.16,1.657,241.4,89.63,-39.61,0.0
5.48,0.3886,0.0,51.85,0.16,1.669,241.04,89.62,-39.34,0.0
5.5,0.3906,0.0,52.23,0.16,1.693,241.5,89.62,-38.79,0.0
5.54,0.3917,0.0,52.42,0.16,1.706,241.32,89.61,-38.52,0.0
5.56,0.3938,0.0,52.8,0.16,1.731,241.55,89.61,-37.99,0.0
5.62,0.3959,0.0,53.18,0.16,1.756,240.92,89.6,-37.46,0.001
5.62,0.397,0.0,53.37,0.16,1.769,240.94,89.59,-37.2,0.001
5.68,0.4002,0.0,53.95,0.16,1.807,240.7,89.59,-36.42,0.001
5.72,0.4013,0.0,54.14,0.16,1.82,241.74,89.58,-36.16,0.001
5.74,0.4035,0.0,54.52,0.17,1.846,241.29,89.57,-35.64,0.001
5.78,0.4046,0.0,54.71,0.17,1.859,241.14,89.57,-35.39,0.001
5.8,0.4068,0.0,55.1,0.17,1.885,241.4,89.56,-34.89,0.001
5.84,0.4079,0.0,55.29,0.17,1.898,240.84,89.56,-34.63,0.001
5.86,0.4101,0.0,55.67,0.17,1.924,241.42,89.55,-34.13,0.001
5.92,0.4135,0.0,56.25,0.17,1.964,241.11,89.54,-33.39,0.001
5.92,0.4135,0.0,56.25,0.17,1.964,241.11,89.54,-33.39,0.001
5.98,0.4169,0.0,56.82,0.17,2.005,241.17,89.53,-32.66,0.001
6.02,0.418,0.0,57.02,0.17,2.018,241.38,89.53,-32.42,0.001
6.04,0.4191,0.0,57.21,0.17,2.032,241.92,89.52,-32.18,0.001
6.06,0.4214,0.0,57.6,0.17,2.059,241.22,89.51,-31.71,0.001
6.1,0.4238,0.0,57.98,0.18,2.087,241.31,89.51,-31.24,0.001
6.14,0.4249,0.0,58.18,0.18,2.101,242.05,89.5,-31.0,0.001
6.16,0.4273,0.0,58.56,0.18,2.129,241.13,89.49,-30.54,0.001
6.22,0.4308,0.0,59.14,0.18,2.171,241.28,89.48,-29.86,0.001
6.26,0.432,0.0,59.33,0.18,2.185,241.2,89.48,-29.63,0.001
6.28,0.4344,0.0,59.72,0.18,2.214,241.59,89.47,-29.19,0.001
6.32,0.4356,0.0,59.92,0.18,2.228,241.62,89.46,-28.97,0.001
6.34,0.438,0.0,60.31,0.18,2.257,241.98,89.46,-28.53,0.001
6.38,0.4392,0.0,60.5,0.18,2.271,241.49,89.45,-28.31,0.001
6.4,0.4416,0.0,60.89,0.18,2.3,241.29,89.44,-27.89,0.001
6.44,0.4428,0.0,61.08,0.19,2.315,241.93,89.44,-27.67,0.001
6.46,0.4453,0.0,61.47,0.19,2.344,242.13,89.43,-27.25,0.001
6.52,0.449,0.0,62.06,0.19,2.389,241.41,89.42,-26.63,0.001
6.56,0.4502,0.0,62.25,0.19,2.404,242.08,89.41,-26.42,0.001
6.58,0.4527,0.0,62.64,0.19,2.434,241.6,89.4,-26.01,0.001
6.62,0.454,0.0,62.84,0.19,2.449,241.58,89.4,-25.82,0.001
6.64,0.4565,0.0,63.23,0.19,2.479,241.56,89.39,-25.42,0.001
6.68,0.4578,0.0,63.42,0.19,2.494,242.15,89.39,-25.22,0.001
6.7,0.4603,0.0,63.82,0.19,2.525,241.48,89.38,-24.83,0.001
6.76,0.4642,0.0,64.4,0.2,2.571,241.29,89.36,-24.26,0.001
6.8,0.4655,0.0,64.6,0.2,2.587,241.6,89.36,-24.07,0.001
6.82,0.4681,0.0,64.99,0.2,2.618,241.65,89.35,-23.69,0.001
6.86,0.4694,0.0,65.18,0.2,2.634,242.05,89.35,-23.51,0.001
6.88,0.472,0.0,65.58,0.2,2.665,241.22,89.34,-23.14,0.001
6.92,0.4733,0.0,65.77,0.2,2.681,241.42,89.33,-22.96,0.001
6.94,0.476,0.0,66.16,0.2,2.713,241.25,89.32,-22.6,0.001
7.0,0.4786,0.0,66.56,0.2,2.744,242.07,89.31,-22.25,0.001
7.02,0.48,0.0,66.75,0.2,2.761,241.4,89.31,-22.07,0.001
7.06,0.484,0.0,67.35,0.2,2.809,241.61,89.29,-21.56,0.001
7.12,0.4881,0.0,67.94,0.21,2.858,241.65,89.28,-21.06,0.001
7.12,0.4881,0.0,67.94,0.21,2.858,241.65,89.28,-21.06,0.001
7.18,0.4922,0.0,68.53,0.21,2.907,241.98,89.26,-20.56,0.001
7.18,0.4922,0.0,68.53,0.21,2.907,241.98,89.26,-20.56,0.001
7.24,0.4963,0.0,69.12,0.21,2.957,242.19,89.25,-20.08,0.001
7.32,0.5005,0.0,69.72,0.21,3.007,241.44,89.24,-19.61,0.001
7.32,0.5005,0.0,69.72,0.21,3.007,241.44,89.24,-19.61,0.001
7.34,0.5033,0.0,70.11,0.21,3.041,241.43,89.23,-19.31,0.001
7.4,0.5075,0.0,70.71,0.22,3.092,242.1,89.21,-18.86,0.001
7.44,0.5089,0.0,70.91,0.22,3.109,242.12,89.21,-18.71,0.001
7.48,0.5118,0.0,71.3,0.22,3.143,241.88,89.2,-18.42,0.001
7.5,0.5132,0.0,71.5,0.22,3.161,242.24,89.19,-18.27,0.001
7.54,0.5161,0.0,71.9,0.22,3.195,242.16,89.18,-17.99,0.001
7.56,0.5189,0.0,72.3,0.22,3.23,241.9,89.17,-17.71,0.001
7.6,0.5204,0.0,72.5,0.22,3.248,241.91,89.17,-17.57,0.001
7.62,0.5233,0.0,72.9,0.22,3.283,242.02,89.16,-17.3,0.002
7.66,0.5262,0.0,73.3,0.22,3.318,241.8,89.15,-17.04,0.002
7.72,0.5292,0.0,73.7,0.22,3.354,241.71,89.14,-16.77,0.002
7.72,0.5307,0.0,73.9,0.22,3.372,242.38,89.13,-16.64,0.002
7.78,0.5351,0.0,74.5,0.23,3.426,241.7,89.12,-16.27,0.002
7.82,0.5366,0.0,74.7,0.23,3.444,242.47,89.12,-16.14,0.002
7.84,0.5396,0.0,75.1,0.23,3.48,242.09,89.11,-15.9,0.002
7.88,0.5411,0.0,75.3,0.23,3.498,242.27,89.1,-15.77,0.002
7.9,0.5441,0.0,75.7,0.23,3.535,242.06,89.09,-15.54,0.002
7.96,0.5472,0.0,76.1,0.23,3.572,242.01,89.08,-15.31,0.002
8.0,0.5502,0.0,76.5,0.23,3.609,242.49,89.07,-15.08,0.002
8.02,0.5533,0.0,76.91,0.23,3.646,241.6,89.06,-14.85,0.002
8.06,0.5548,0.0,77.11,0.23,3.665,242.57,89.06,-14.75,0.002
8.08,0.5579,0.0,77.51,0.24,3.702,242.0,89.05,-14.53,0.002
8.12,0.5595,0.0,77.71,0.24,3.721,242.54,89.04,-14.42,0.002
8.14,0.5626,0.0,78.12,0.24,3.759,242.56,89.04,-14.21,0.002
8.2,0.5658,0.0,78.52,0.24,3.797,242.35,89.03,-14.0,0.002
8.2,0.5673,0.0,78.72,0.24,3.816,241.95,89.02,-13.9,0.002
8.26,0.5721,0.0,79.33,0.24,3.873,242.12,89.01,-13.6,0.002
8.3,0.5737,0.0,79.53,0.24,3.893,241.77,89.0,-13.51,0.002
8.32,0.5769,0.0,79.94,0.24,3.932,241.97,88.99,-13.31,0.002
8.36,0.5785,0.0,80.14,0.24,3.951,242.28,88.99,-13.22,0.002
8.38,0.5817,0.0,80.55,0.25,3.99,242.91,88.98,-13.04,0.002
8.42,0.5833,0.0,80.75,0.25,4.009,242.33,88.98,-12.95,0.002
8.44,0.5865,0.0,81.15,0.25,4.049,242.54,88.97,-12.77,0.002
8.48,0.5882,0.0,81.36,0.25,4.069,243.05,88.96,-12.68,0.002
8.5,0.5914,0.0,81.77,0.25,4.108,242.62,88.95,-12.5,0.002
8.56,0.5964,0.0,82.38,0.25,4.168,242.05,88.94,-12.25,0.002
8.6,0.598,0.0,82.58,0.25,4.188,242.29,88.94,-12.17,0.002
8.62,0.6013,0.0,82.99,0.25,4.229,242.55,88.93,-12.01,0.002
8.66,0.603,0.0,83.2,0.25,4.249,242.39,88.92,-11.93,0.002
8.68,0.6063,0.0,83.6,0.25,4.289,242.9,88.92,-11.78,0.003
8.72,0.608,0.0,83.81,0.26,4.31,242.18,88.91,-11.71,0.003
8.74,0.6114,0.0,84.22,0.26,4.351,242.82,88.9,-11.56,0.003
8.78,0.6131,0.0,84.42,0.26,4.371,242.84,88.9,-11.49,0.003
8.82,0.6164,0.0,84.83,0.26,4.413,243.07,88.89,-11.35,0.003
8.86,0.6216,0.0,85.45,0.26,4.475,242.78,88.88,-11.14,0.003
8.9,0.6233,0.0,85.66,0.26,4.496,242.35,88.87,-11.08,0.003
8.92,0.6267,0.0,86.07,0.26,4.538,242.32,88.87,-10.95,0.003
8.96,0.6284,0.0,86.27,0.26,4.559,242.86,88.86,-10.88,0.003
8.98,0.6319,0.0,86.68,0.26,4.601,243.17,88.85,-10.76,0.003
9.02,0.6336,0.0,86.89,0.26,4.622,242.98,88.85,-10.7,0.003
9.04,0.6371,0.0,87.3,0.27,4.664,242.8,88.84,-10.58,0.003
9.1,0.6406,0.0,87.72,0.27,4.707,242.27,88.84,-10.47,0.003
9.1,0.6424,0.0,87.92,0.27,4.729,242.65,88.83,-10.41,0.003
9.16,0.6477,0.0,88.54,0.27,4.793,243.36,88.82,-10.25,0.003
9.2,0.6495,0.0,88.75,0.27,4.815,242.55,88.82,-10.2,0.003
9.22,0.6512,0.0,88.96,0.27,4.836,242.56,88.81,-10.15,0.003
9.24,0.6548,0.0,89.37,0.27,4.88,242.75,88.81,-10.04,0.003
9.28,0.6584,0.0,89.78,0.27,4.924,243.0,88.8,-9.95,0.003
9.32,0.6602,0.0,89.99,0.27,4.945,242.51,88.79,-9.9,0.003
9.34,0.6638,0.0,90.41,0.28,4.989,242.72,88.79,-9.81,0.003
9.4,0.6693,0.0,91.03,0.28,5.056,243.32,88.78,-9.68,0.003
9.4,0.6693,0.0,91.03,0.28,5.056,243.32,88.78,-9.68,0.003
9.46,0.6747,0.0,91.65,0.28,5.123,243.18,88.77,-9.56,0.004
9.5,0.6766,0.0,91.86,0.28,5.145,243.15,88.76,-9.52,0.004
9.52,0.6803,0.0,92.28,0.28,5.19,242.82,88.76,-9.45,0.004
9.56,0.6821,0.0,92.49,0.28,5.213,243.09,88.75,-9.41,0.004
9.58,0.6858,0.0,92.9,0.28,5.258,242.91,88.75,-9.34,0.004
9.62,0.6877,0.0,93.11,0.28,5.281,243.04,88.74,-9.3,0.004
9.64,0.6914,0.0,93.53,0.29,5.326,242.6,88.74,-9.24,0.004
9.7,0.6952,0.0,93.95,0.29,5.372,243.12,88.73,-9.17,0.004
9.7,0.6971,0.0,94.16,0.29,5.395,243.1,88.73,-9.14,0.004
9.76,0.7027,0.0,94.78,0.29,5.464,243.03,88.72,-9.06,0.004
9.8,0.7046,0.0,94.99,0.29,5.487,242.85,88.71,-9.03,0.004
9.82,0.7084,0.0,95.41,0.29,5.533,242.81,88.71,-8.97,0.004
9.86,0.7104,0.0,95.62,0.29,5.557,242.74,88.7,-8.95,0.004
9.88,0.7142,0.0,96.04,0.29,5.603,242.55,88.7,-8.9,0.004
9.92,0.7161,0.0,96.25,0.29,5.627,242.86,88.7,-8.87,0.004
9.94,0.72,0.0,96.67,0.3,5.674,242.72,88.69,-8.83,0.004
10.0,0.7258,0.0,97.3,0.3,5.745,243.53,88.68,-8.76,0.004
10.0,0.7258,0.0,97.3,0.3,5.745,243.53,88.68,-8.76,0.004
10.06,0.7317,0.0,97.93,0.3,5.816,243.08,88.67,-8.7,0.005
10.1,0.7336,0.0,98.14,0.3,5.84,243.35,88.67,-8.69,0.005
10.12,0.7376,0.0,98.57,0.3,5.888,243.43,88.66,-8.65,0.005
10.16,0.7395,0.0,98.78,0.3,5.912,243.37,88.66,-8.64,0.005
10.18,0.7435,0.0,99.2,0.3,5.96,242.52,88.65,-8.6,0.005
10.22,0.7455,0.0,99.41,0.3,5.985,243.28,88.65,-8.59,0.005
10.24,0.7495,0.0,99.84,0.3,6.033,243.43,88.64,-8.56,0.005
10.3,0.7555,0.0,100.47,0.31,6.106,243.37,88.64,-8.51,0.005
10.34,0.7575,0.0,100.68,0.31,6.131,242.64,88.63,-8.5,0.005
10.36,0.7615,0.0,101.11,0.31,6.18,243.45,88.63,-8.47,0.005
10.4,0.7636,0.0,101.32,0.31,6.205,242.58,88.62,-8.46,0.005
10.42,0.7676,0.0,101.74,0.31,6.254,242.85,88.62,-8.44,0.005
10.46,0.7697,0.0,101.95,0.31,6.279,243.07,88.61,-8.43,0.005
10.48,0.7738,0.0,102.38,0.31,6.329,243.25,88.61,-8.41,0.005
10.54,0.7799,0.0,103.02,0.31,6.404,243.21,88.6,-8.38,0.005
10.58,0.782,0.0,103.23,0.32,6.429,243.17,88.6,-8.38,0.006
10.6,0.7861,0.0,103.66,0.32,6.479,242.79,88.59,-8.36,0.006
10.64,0.7882,0.0,103.87,0.32,6.505,242.68,88.59,-8.35,0.006
10.66,0.7924,0.0,104.3,0.32,6.555,243.17,88.58,-8.34,0.006
10.7,0.7945,0.0,104.51,0.32,6.581,242.93,88.58,-8.33,0.006
10.72,0.7987,0.0,104.94,0.32,6.632,243.7,88.57,-8.32,0.006
10.76,0.8008,0.0,105.15,0.32,6.657,243.5,88.57,-8.31,0.006
10.78,0.805,0.0,105.58,0.32,6.709,243.29,88.56,-8.3,0.006
10.84,0.8092,0.0,106.01,0.32,6.76,243.32,88.56,-8.29,0.006
10.88,0.8135,0.0,106.43,0.33,6.812,243.38,88.55,-8.28,0.006
10.9,0.8177,0.0,106.86,0.33,6.864,243.27,88.54,-8.27,0.006
10.96,0.822,0.0,107.29,0.33,6.916,242.96,88.54,-8.26,0.006
10.96,0.822,0.0,107.29,0.33,6.916,242.96,88.54,-8.26,0.006
11.0,0.8263,0.0,107.72,0.33,6.968,243.62,88.53,-8.25,0.006
11.0,0.8285,0.0,107.94,0.33,6.994,243.58,88.53,-8.24,0.006
11.06,0.835,0.0,108.58,0.33,7.073,243.36,88.52,-8.22,0.007
11.12,0.8415,0.0,109.23,0.33,7.152,243.5,88.51,-8.21,0.007
11.12,0.8415,0.0,109.23,0.33,7.152,243.5,88.51,-8.21,0.007
11.16,0.8459,0.0,109.66,0.34,7.206,242.82,88.5,-8.19,0.007
11.22,0.8503,0.0,110.09,0.34,7.259,242.93,88.5,-8.18,0.007
11.22,0.8525,0.0,110.3,0.34,7.286,243.07,88.49,-8.18,0.007
11.28,0.8592,0.0,110.95,0.34,7.366,243.81,88.48,-8.15,0.007
11.28,0.8592,0.0,110.95,0.34,7.366,243.81,88.48,-8.15,0.007
11.36,0.8658,0.0,111.6,0.34,7.447,243.37,88.47,-8.13,0.007
11.38,0.8681,0.0,111.81,0.34,7.474,242.97,88.47,-8.12,0.007
11.38,0.8703,0.0,112.03,0.34,7.501,242.89,88.46,-8.12,0.007
11.44,0.8771,0.0,112.68,0.34,7.583,243.9,88.45,-8.1,0.008
11.48,0.8793,0.0,112.9,0.35,7.61,243.9,88.45,-8.09,0.008
11.52,0.8838,0.0,113.34,0.35,7.665,243.63,88.44,-8.07,0.008
11.54,0.8884,0.0,113.77,0.35,7.721,243.33,88.44,-8.06,0.008
11.58,0.8907,0.0,113.99,0.35,7.748,243.53,88.43,-8.05,0.008
11.6,0.8952,0.0,114.42,0.35,7.804,243.52,88.42,-8.03,0.008
11.64,0.8998,0.0,114.86,0.35,7.859,244.06,88.42,-8.01,0.008
11.7,0.9067,0.0,115.51,0.35,7.943,243.76,88.4,-7.98,0.008
11.7,0.9067,0.0,115.51,0.35,7.943,243.76,88.4,-7.98,0.008
11.74,0.9114,0.0,115.95,0.35,7.999,243.91,88.4,-7.96,0.008
11.78,0.9137,0.0,116.17,0.36,8.027,243.69,88.39,-7.94,0.008
11.8,0.9184,0.0,116.61,0.36,8.084,243.56,88.38,-7.92,0.009
11.84,0.923,0.0,117.05,0.36,8.141,243.42,88.38,-7.89,0.009
11.88,0.9254,0.0,117.26,0.36,8.169,243.78,88.37,-7.87,0.009
11.9,0.9301,0.0,117.7,0.36,8.226,243.68,88.36,-7.85,0.009
11.94,0.9324,0.0,117.92,0.36,8.255,243.51,88.36,-7.83,0.009
11.96,0.9372,0.0,118.36,0.36,8.312,244.52,88.35,-7.8,0.009
12.04,0.9443,0.0,119.02,0.36,8.398,244.21,88.34,-7.75,0.009
12.04,0.9443,0.0,119.02,0.36,8.398,244.21,88.34,-7.75,0.009
12.06,0.9491,0.0,119.47,0.37,8.456,244.66,88.33,-7.71,0.009
12.1,0.9539,0.0,119.91,0.37,8.514,244.5,88.32,-7.66,0.009
12.14,0.9563,0.0,120.13,0.37,8.543,244.71,88.32,-7.62,0.009
12.16,0.9611,0.0,120.57,0.37,8.602,243.93,88.3,-7.52,0.01
12.22,0.9659,0.0,121.01,0.37,8.66,244.22,88.29,-7.36,0.01
12.26,0.9732,0.0,121.68,0.37,8.749,244.64,88.27,-7.05,0.01
12.3,0.9756,0.0,121.9,0.37,8.778,244.53,88.27,-6.93,0.01
12.32,0.9805,0.0,122.34,0.37,8.838,244.42,88.25,-6.65,0.01
12.36,0.983,0.0,122.57,0.37,8.867,244.35,88.24,-6.49,0.01
12.38,0.9879,0.0,123.01,0.38,8.927,244.9,88.23,-6.15,0.01
12.42,0.9903,0.0,123.23,0.38,8.957,244.47,88.22,-5.97,0.01
12.44,0.9953,0.0,123.68,0.38,9.017,244.03,88.2,-5.57,0.01
12.5,1.0002,0.0,124.12,0.38,9.077,244.74,88.18,-5.15,0.011
12.52,1.0052,0.0,124.57,0.38,9.137,245.03,88.16,-4.69,0.011
12.56,1.0102,0.0,125.01,0.38,9.197,244.9,88.14,-4.22,0.011
12.6,1.0127,0.0,125.24,0.38,9.228,244.76,88.13,-3.97,0.011
12.62,1.0177,0.0,125.68,0.38,9.288,244.08,88.1,-3.46,0.011
12.66,1.0203,0.0,125.91,0.39,9.319,244.4,88.09,-3.19,0.011
12.68,1.0253,0.0,126.36,0.39,9.38,244.42,88.06,-2.66,0.011
12.74,1.0304,0.0,126.8,0.39,9.441,244.67,88.04,-2.11,0.011
12.74,1.0329,0.0,127.03,0.39,9.472,244.1,88.02,-1.83,0.012
12.8,1.0406,0.0,127.7,0.39,9.564,244.13,87.98,-0.99,0.012
12.84,1.0431,0.0,127.92,0.39,9.595,245.03,87.97,-0.7,0.012
12.86,1.0482,0.0,128.37,0.39,9.657,244.67,87.94,-0.13,0.012
12.9,1.0508,0.0,128.6,0.39,9.688,245.0,87.92,0.15,0.012
12.92,1.0534,0.0,128.82,0.39,9.719,244.95,87.91,0.44,0.012
12.98,1.0637,0.0,129.72,0.4,9.844,244.34,87.85,1.56,0.012
12.98,1.0637,0.0,129.72,0.4,9.844,244.34,87.85,1.56,0.012
13.04,1.0715,0.0,130.4,0.4,9.938,244.66,87.8,2.4,0.013
13.08,1.0742,0.0,130.63,0.4,9.97,244.66,87.78,2.67,0.013
13.1,1.0794,0.0,131.08,0.4,10.033,244.64,87.75,3.21,0.013
13.14,1.082,0.0,131.3,0.4,10.065,244.79,87.73,3.47,0.013
13.16,1.0873,0.0,131.76,0.4,10.128,245.47,87.7,3.99,0.013
13.2,1.0899,0.0,131.98,0.4,10.16,245.15,87.68,4.25,0.013
13.22,1.0952,0.0,132.44,0.41,10.224,245.14,87.65,4.74,0.013
13.28,1.1032,0.0,133.12,0.41,10.32,245.13,87.6,5.46,0.014
13.32,1.1058,0.0,133.34,0.41,10.352,245.12,87.58,5.69,0.014
13.34,1.1112,0.0,133.8,0.41,10.416,245.26,87.55,6.14,0.014
13.38,1.1139,0.0,134.03,0.41,10.449,245.04,87.53,6.36,0.014
13.4,1.1192,0.0,134.48,0.41,10.513,245.2,87.5,6.78,0.014
13.44,1.1219,0.0,134.71,0.41,10.546,244.8,87.48,6.99,0.014
13.46,1.1273,0.0,135.16,0.41,10.611,245.2,87.45,7.39,0.014
13.52,1.1355,0.0,135.85,0.42,10.709,244.82,87.4,7.95,0.014
13.52,1.1355,0.0,135.85,0.42,10.709,244.82,87.4,7.95,0.015
13.58,1.1436,0.0,136.53,0.42,10.807,244.72,87.35,8.46,0.015
13.64,1.1519,0.0,137.22,0.42,10.906,245.44,87.31,8.94,0.015
13.64,1.1519,0.0,137.22,0.42,10.906,245.44,87.31,8.94,0.015
13.72,1.1601,0.0,137.91,0.42,11.005,245.68,87.27,9.37,0.015
13.74,1.1656,0.0,138.36,0.42,11.071,244.95,87.24,9.63,0.015
13.78,1.1684,0.0,138.59,0.42,11.104,245.53,87.23,9.75,0.016
13.8,1.174,0.0,139.05,0.43,11.171,245.08,87.2,9.99,0.016
13.84,1.1767,0.0,139.28,0.43,11.204,245.13,87.19,10.09,0.016
13.86,1.1823,0.0,139.74,0.43,11.271,244.85,87.16,10.3,0.016
13.94,1.1907,0.0,140.43,0.43,11.372,245.1,87.13,10.57,0.016
13.94,1.1907,0.0,140.43,0.43,11.372,245.1,87.13,10.57,0.016
14.0,1.1992,0.0,141.12,0.43,11.473,245.1,87.1,10.79,0.017
14.02,1.202,0.0,141.35,0.43,11.507,244.9,87.09,10.86,0.017
14.06,1.2077,0.0,141.81,0.43,11.575,245.49,87.07,10.98,0.017
14.1,1.2134,0.0,142.27,0.44,11.643,244.97,87.05,11.08,0.017
14.12,1.2162,0.0,142.5,0.44,11.677,245.69,87.04,11.13,0.017
14.16,1.2219,0.0,142.97,0.44,11.745,245.74,87.03,11.2,0.017
14.2,1.2276,0.0,143.43,0.44,11.813,245.46,87.01,11.26,0.018
14.22,1.2334,0.0,143.89,0.44,11.882,245.93,87.0,11.29,0.018
14.26,1.2363,0.0,144.12,0.44,11.917,245.98,86.99,11.31,0.018
14.28,1.242,0.0,144.59,0.44,11.985,245.97,86.98,11.32,0.018
14.32,1.2449,0.0,144.82,0.44,12.02,244.99,86.98,11.32,0.018
14.34,1.2507,0.0,145.29,0.44,12.089,245.79,86.97,11.31,0.018
14.4,1.2595,0.0,145.98,0.45,12.194,245.41,86.96,11.27,0.019
14.44,1.2624,0.0,146.22,0.45,12.229,245.31,86.96,11.24,0.019
14.46,1.2683,0.0,146.68,0.45,12.299,245.09,86.95,11.19,0.019
14.5,1.2712,0.0,146.92,0.45,12.334,245.58,86.95,11.15,0.019
14.52,1.2771,0.0,147.38,0.45,12.404,246.23,86.95,11.07,0.019
14.56,1.28,0.0,147.62,0.45,12.439,245.81,86.95,11.03,0.02
14.58,1.286,0.0,148.08,0.45,12.51,245.78,86.94,10.93,0.02
14.64,1.2919,0.0,148.55,0.45,12.58,245.51,86.94,10.82,0.02
14.64,1.2949,0.0,148.79,0.46,12.616,245.97,86.94,10.76,0.02
14.7,1.3038,0.0,149.49,0.46,12.722,245.4,86.95,10.55,0.02
14.74,1.3068,0.0,149.72,0.46,12.758,245.46,86.95,10.48,0.021
14.76,1.3128,0.0,150.19,0.46,12.829,245.68,86.95,10.33,0.021
14.8,1.3158,0.0,150.43,0.46,12.865,246.56,86.95,10.24,0.021
14.82,1.3218,0.0,150.9,0.46,12.937,246.03,86.96,10.08,0.021
14.86,1.3248,0.0,151.13,0.46,12.973,246.59,86.96,9.99,0.021
14.88,1.3309,0.0,151.61,0.46,13.045,246.5,86.96,9.8,0.021
14.94,1.337,0.0,152.08,0.47,13.117,246.19,86.97,9.62,0.022
14.94,1.34,0.0,152.32,0.47,13.153,246.36,86.97,9.52,0.022
15.0,1.3492,0.0,153.03,0.47,13.262,246.63,86.98,9.22,0.022
15.04,1.3522,0.0,153.26,0.47,13.299,246.69,86.98,9.12,0.022
15.08,1.3584,0.0,153.73,0.47,13.372,245.78,86.99,8.9,0.023
15.14,1.3676,0.0,154.44,0.47,13.482,246.43,87.0,8.59,0.023
15.14,1.3676,0.0,154.44,0.47,13.482,246.43,87.0,8.59,0.023
15.2,1.38,0.0,155.39,0.48,13.629,246.54,87.01,8.16,0.023
15.2,1.38,0.0,155.39,0.48,13.629,246.54,87.01,8.16,0.023
15.24,1.3831,0.0,155.63,0.48,13.666,246.53,87.01,8.05,0.024
15.3,1.3925,0.0,156.35,0.48,13.777,246.36,87.02,7.72,0.024
15.32,1.3956,0.0,156.58,0.48,13.814,246.35,87.02,7.62,0.024
15.36,1.405,0.0,157.3,0.48,13.925,246.23,87.03,7.31,0.024
15.4,1.4082,0.0,157.54,0.48,13.963,246.37,87.03,7.2,0.025
15.42,1.4145,0.0,158.01,0.48,14.037,246.82,87.04,7.0,0.025
15.46,1.4176,0.0,158.25,0.48,14.075,246.14,87.04,6.91,0.025
15.48,1.424,0.0,158.73,0.49,14.15,246.46,87.04,6.72,0.025
15.52,1.4272,0.0,158.97,0.49,14.187,246.88,87.04,6.63,0.025
15.54,1.4335,0.0,159.45,0.49,14.262,246.7,87.04,6.46,0.026
15.58,1.4367,0.0,159.69,0.49,14.3,246.34,87.04,6.37,0.026
15.6,1.4431,0.0,160.17,0.49,14.376,247.01,87.04,6.21,0.026
15.66,1.4495,0.0,160.65,0.49,14.452,246.54,87.04,6.06,0.026
15.66,1.4527,0.0,160.89,0.49,14.49,247.09,87.04,5.99,0.027
15.72,1.4592,0.0,161.37,0.49,14.566,246.12,87.04,5.87,0.027
15.72,1.4624,0.0,161.61,0.49,14.604,246.24,87.04,5.81,0.027
15.76,1.4689,0.0,162.09,0.5,14.68,246.47,87.04,5.7,0.027
15.82,1.4754,0.0,162.57,0.5,14.757,246.38,87.03,5.61,0.027
15.82,1.4786,0.0,162.81,0.5,14.795,246.5,87.03,5.57,0.028
15.9,1.4884,0.0,163.53,0.5,14.91,246.39,87.02,5.47,0.028
15.9,1.4884,0.0,163.53,0.5,14.91,246.39,87.02,5.47,0.028
15.96,1.5015,0.0,164.5,0.5,15.065,246.62,87.01,5.39,0.029
16.0,1.5048,0.0,164.74,0.5,15.103,247.18,87.0,5.39,0.029
16.02,1.5114,0.0,165.22,0.51,15.181,246.19,86.99,5.38,0.029
16.08,1.518,0.0,165.71,0.51,15.259,246.56,86.98,5.4,0.029
16.08,1.5214,0.0,165.95,0.51,15.298,246.42,86.98,5.41,0.03
16.14,1.528,0.0,166.43,0.51,15.376,246.95,86.96,5.44,0.03
16.14,1.5313,0.0,166.68,0.51,15.415,246.69,86.96,5.46,0.03
16.18,1.538,0.0,167.16,0.51,15.493,246.77,86.94,5.52,0.03
16.22,1.5414,0.0,167.4,0.51,15.532,246.73,86.94,5.55,0.031
16.24,1.5481,0.0,167.89,0.51,15.611,246.62,86.92,5.63,0.031
16.3,1.5548,0.0,168.38,0.52,15.689,246.97,86.91,5.72,0.031
16.3,1.5581,0.0,168.62,0.52,15.729,246.52,86.9,5.77,0.031
16.36,1.5683,0.0,169.35,0.52,15.847,246.68,86.87,5.94,0.032
16.4,1.5717,0.0,169.59,0.52,15.887,246.48,86.86,6.0,0.032
16.42,1.5785,0.0,170.08,0.52,15.966,246.55,86.84,6.13,0.032
16.46,1.5819,0.0,170.32,0.52,16.006,247.29,86.83,6.2,0.033
16.48,1.5887,0.0,170.81,0.52,16.085,247.09,86.81,6.34,0.033
16.52,1.5921,0.0,171.06,0.52,16.125,247.55,86.8,6.42,0.033
16.54,1.5989,0.0,171.54,0.53,16.205,246.93,86.78,6.58,0.033
16.6,1.6058,0.0,172.04,0.53,16.285,247.18,86.76,6.74,0.034
16.64,1.6127,0.0,172.53,0.53,16.366,247.19,86.73,6.9,0.034
16.66,1.6196,0.0,173.02,0.53,16.446,247.58,86.71,7.08,0.034
16.7,1.6231,0.0,173.26,0.53,16.487,247.36,86.7,7.16,0.035
16.72,1.63,0.0,173.76,0.53,16.567,247.15,86.68,7.34,0.035
16.76,1.6335,0.0,174.0,0.53,16.608,247.01,86.66,7.43,0.035
16.78,1.6405,0.0,174.49,0.53,16.689,247.51,86.64,7.6,0.035
16.82,1.6439,0.0,174.74,0.54,16.73,246.79,86.63,7.69,0.036
16.84,1.6509,0.0,175.23,0.54,16.811,247.04,86.6,7.87,0.036
16.9,1.658,0.0,175.73,0.54,16.893,246.96,86.58,8.04,0.036
16.92,1.665,0.0,176.22,0.54,16.975,247.05,86.56,8.21,0.037
16.96,1.672,0.0,176.71,0.54,17.057,247.25,86.53,8.38,0.037
17.0,1.6756,0.0,176.96,0.54,17.098,247.29,86.52,8.46,0.037
17.02,1.6827,0.0,177.45,0.54,17.18,247.65,86.5,8.63,0.038
17.06,1.6862,0.0,177.7,0.54,17.221,247.5,86.48,8.7,0.038
17.08,1.6933,0.0,178.2,0.55,17.304,247.67,86.46,8.86,0.038
17.12,1.6969,0.0,178.45,0.55,17.345,247.2,86.45,8.94,0.038
17.14,1.704,0.0,178.94,0.55,17.428,248.02,86.43,9.08,0.039
17.18,1.7076,0.0,179.19,0.55,17.469,247.5,86.41,9.15,0.039
17.2,1.7148,0.0,179.69,0.55,17.553,248.06,86.39,9.28,0.039
17.26,1.7256,0.0,180.44,0.55,17.678,247.76,86.36,9.47,0.04
17.3,1.7328,0.0,180.94,0.55,17.761,247.63,86.34,9.59,0.04
17.34,1.7364,0.0,181.18,0.56,17.803,247.64,86.33,9.64,0.04
17.36,1.7437,0.0,181.68,0.56,17.887,247.75,86.31,9.74,0.041
17.4,1.7473,0.0,181.93,0.56,17.929,247.34,86.3,9.79,0.041
17.42,1.7509,0.0,182.18,0.56,17.971,247.53,86.29,9.83,0.041
17.42,1.7546,0.0,182.43,0.56,18.014,247.62,86.28,9.88,0.041
17.5,1.7655,0.0,183.18,0.56,18.14,247.59,86.26,9.99,0.042
17.5,1.7655,0.0,183.18,0.56,18.14,247.59,86.26,9.99,0.042
17.52,1.7729,0.0,183.68,0.56,18.225,248.15,86.24,10.06,0.042
17.56,1.7802,0.0,184.19,0.57,18.31,248.16,86.23,10.11,0.043
17.6,1.7839,0.0,184.44,0.57,18.352,248.07,86.22,10.14,0.043
17.66,1.795,0.0,185.19,0.57,18.48,248.58,86.2,10.19,0.043
17.66,1.7987,0.0,185.44,0.57,18.523,247.94,86.19,10.21,0.044
17.72,1.8098,0.0,186.2,0.57,18.651,247.7,86.17,10.24,0.044
17.72,1.8098,0.0,186.2,0.57,18.651,247.7,86.17,10.24,0.044
17.78,1.8173,0.0,186.7,0.57,18.737,248.21,86.16,10.26,0.045
17.82,1.8248,0.0,187.21,0.57,18.823,247.78,86.15,10.25,0.045
17.82,1.8285,0.0,187.46,0.58,18.866,247.96,86.15,10.25,0.045
17.88,1.8398,0.0,188.22,0.58,18.996,248.61,86.14,10.23,0.046
17.92,1.8435,0.0,188.47,0.58,19.039,248.42,86.13,10.22,0.046
17.94,1.8511,0.0,188.98,0.58,19.126,248.21,86.13,10.2,0.047
17.98,1.8548,0.0,189.23,0.58,19.169,247.78,86.12,10.18,0.047
18.0,1.8624,0.0,189.74,0.58,19.256,248.72,86.12,10.14,0.047
18.04,1.8662,0.0,189.99,0.58,19.3,248.0,86.11,10.12,0.047
18.06,1.8738,0.0,190.5,0.58,19.387,248.3,86.11,10.07,0.048
18.12,1.8814,0.0,191.01,0.59,19.475,248.41,86.1,10.02,0.048
18.16,1.8891,0.0,191.52,0.59,19.563,248.29,86.1,9.96,0.049
18.18,1.8967,0.0,192.03,0.59,19.65,248.56,86.1,9.9,0.049
18.22,1.9006,0.0,192.28,0.59,19.695,248.6,86.09,9.87,0.049
18.24,1.9083,0.0,192.79,0.59,19.783,248.67,86.09,9.8,0.05
18.28,1.9121,0.0,193.05,0.59,19.827,248.97,86.09,9.76,0.05
18.3,1.9198,0.0,193.56,0.59,19.915,248.36,86.09,9.69,0.051
18.34,1.9237,0.0,193.81,0.6,19.96,248.72,86.09,9.65,0.051
18.36,1.9315,0.0,194.32,0.6,20.049,249.05,86.08,9.58,0.051
18.42,1.9431,0.0,195.09,0.6,20.182,249.21,86.08,9.46,0.052
18.42,1.9431,0.0,195.09,0.6,20.182,249.21,86.08,9.46,0.052
18.52,1.9588,0.0,196.12,0.6,20.361,248.84,86.07,9.31,0.053
18.52,1.9588,0.0,196.12,0.6,20.361,248.84,86.07,9.31,0.053
18.58,1.9705,0.0,196.89,0.6,20.496,248.89,86.07,9.2,0.054
18.62,1.9784,0.0,197.41,0.61,20.586,248.78,86.07,9.13,0.054
18.68,1.9903,0.0,198.18,0.61,20.721,249.04,86.06,9.03,0.055
18.7,1.9942,0.0,198.44,0.61,20.766,249.56,86.06,9.0,0.055
18.74,2.0022,0.0,198.96,0.61,20.857,248.78,86.05,8.94,0.055
18.76,2.0062,0.0,199.22,0.61,20.903,248.76,86.05,8.91,0.056
18.82,2.0181,0.0,199.99,0.61,21.039,249.65,86.04,8.83,0.056
18.82,2.0181,0.0,199.99,0.61,21.039,249.65,86.04,8.83,0.056
18.88,2.0301,0.0,200.77,0.62,21.176,249.25,86.03,8.77,0.057
18.9,2.0341,0.0,201.03,0.62,21.222,249.32,86.03,8.75,0.057
18.94,2.0422,0.0,201.55,0.62,21.314,248.9,86.02,8.72,0.058
18.96,2.0462,0.0,201.81,0.62,21.36,248.85,86.02,8.7,0.058
19.0,2.0543,0.0,202.33,0.62,21.451,249.26,86.01,8.68,0.059
19.06,2.0664,0.0,203.11,0.62,21.59,249.85,86.0,8.66,0.059
19.08,2.0705,0.0,203.37,0.63,21.636,249.7,85.99,8.65,0.06
19.12,2.0786,0.0,203.89,0.63,21.728,249.58,85.98,8.65,0.06
19.14,2.0827,0.0,204.15,0.63,21.774,249.86,85.97,8.66,0.061
19.18,2.0909,0.0,204.68,0.63,21.867,249.57,85.96,8.66,0.061
19.22,2.099,0.0,205.2,0.63,21.961,249.4,85.95,8.68,0.062
19.26,2.1072,0.0,205.72,0.63,22.054,249.44,85.94,8.7,0.062
19.3,2.1155,0.0,206.24,0.63,22.147,249.12,85.92,8.73,0.062
19.32,2.1196,0.0,206.51,0.64,22.194,249.86,85.92,8.75,0.063
19.36,2.1279,0.0,207.03,0.64,22.288,249.1,85.9,8.79,0.063
19.4,2.1361,0.0,207.55,0.64,22.382,250.28,85.88,8.84,0.064
19.44,2.1444,0.0,208.08,0.64,22.476,250.37,85.87,8.89,0.064
19.48,2.1528,0.0,208.61,0.64,22.57,250.11,85.85,8.94,0.065
19.5,2.1569,0.0,208.87,0.64,22.617,250.17,85.84,8.97,0.065
19.56,2.1695,0.0,209.66,0.65,22.76,249.69,85.82,9.07,0.066
19.56,2.1695,0.0,209.66,0.65,22.76,249.69,85.82,9.07,0.066
19.62,2.182,0.0,210.46,0.65,22.902,250.34,85.79,9.17,0.067
19.64,2.1863,0.0,210.72,0.65,22.95,249.66,85.78,9.21,0.067
19.68,2.1947,0.0,211.25,0.65,23.045,249.98,85.76,9.28,0.068
19.74,2.2074,0.0,212.04,0.65,23.189,250.34,85.73,9.4,0.068
19.74,2.2074,0.0,212.04,0.65,23.189,250.34,85.73,9.4,0.069
19.8,2.2201,0.0,212.84,0.66,23.333,249.58,85.7,9.52,0.069
19.82,2.2243,0.0,213.1,0.66,23.381,250.08,85.69,9.55,0.07
19.86,2.2329,0.0,213.63,0.66,23.477,250.29,85.67,9.63,0.07
19.92,2.2457,0.0,214.43,0.66,23.622,250.55,85.64,9.75,0.071
19.92,2.2457,0.0,214.43,0.66,23.622,250.55,85.64,9.75,0.071
19.96,2.2585,0.0,215.23,0.66,23.767,250.09,85.62,9.86,0.072
20.0,2.2628,0.0,215.49,0.66,23.816,250.23,85.61,9.9,0.072
20.08,2.2801,0.0,216.56,0.67,24.01,249.79,85.57,10.03,0.073
20.08,2.2801,0.0,216.56,0.67,24.01,249.79,85.57,10.03,0.074
20.12,2.2888,0.0,217.09,0.67,24.107,249.77,85.55,10.08,0.074
20.14,2.2974,0.0,217.62,0.67,24.205,250.06,85.54,10.11,0.075
20.2,2.3061,0.0,218.16,0.67,24.302,250.69,85.53,10.12,0.075
20.24,2.3149,0.0,218.69,0.67,24.4,250.13,85.52,10.11,0.076
20.24,2.3192,0.0,218.96,0.67,24.449,250.09,85.51,10.11,0.076
20.32,2.3324,0.0,219.76,0.68,24.595,250.23,85.51,10.05,0.077
20.32,2.3324,0.0,219.76,0.68,24.595,250.23,85.51,10.05,0.077
20.36,2.3455,0.0,220.56,0.68,24.742,250.35,85.5,9.97,0.078
20.4,2.3499,0.0,220.83,0.68,24.791,250.55,85.5,9.94,0.078
20.44,2.3588,0.0,221.37,0.68,24.889,251.05,85.5,9.86,0.079
20.5,2.3721,0.0,222.17,0.68,25.037,250.92,85.5,9.71,0.08
20.5,2.3721,0.0,222.17,0.68,25.037,250.92,85.5,9.71,0.08
20.56,2.3854,0.0,222.97,0.69,25.185,250.49,85.5,9.55,0.081
20.58,2.3898,0.0,223.24,0.69,25.234,251.1,85.51,9.48,0.081
20.62,2.4032,0.0,224.04,0.69,25.382,251.02,85.51,9.28,0.082
20.66,2.4077,0.0,224.31,0.69,25.431,250.75,85.52,9.21,0.082
20.7,2.4167,0.0,224.85,0.69,25.53,251.01,85.52,9.07,0.083
20.72,2.4212,0.0,225.12,0.69,25.58,251.0,85.53,8.99,0.083
20.76,2.4302,0.0,225.66,0.7,25.679,251.37,85.53,8.84,0.084
20.82,2.4437,0.0,226.46,0.7,25.827,250.49,85.54,8.61,0.085
20.82,2.4437,0.0,226.46,0.7,25.827,250.49,85.54,8.61,0.085
20.86,2.4573,0.0,227.27,0.7,25.976,251.34,85.55,8.37,0.086
20.9,2.4618,0.0,227.54,0.7,26.026,250.75,85.56,8.29,0.086
20.94,2.4709,0.0,228.07,0.7,26.125,251.22,85.56,8.14,0.087
20.96,2.4755,0.0,228.34,0.7,26.175,251.61,85.57,8.07,0.087
20.98,2.4846,0.0,228.88,0.71,26.274,251.0,85.57,7.92,0.088
21.06,2.4983,0.0,229.69,0.71,26.423,251.02,85.58,7.72,0.089
21.06,2.5029,0.0,229.95,0.71,26.473,250.98,85.58,7.65,0.089
21.12,2.5121,0.0,230.49,0.71,26.572,251.2,85.59,7.54,0.09
21.14,2.5167,0.0,230.76,0.71,26.622,251.47,85.59,7.48,0.09
21.18,2.5259,0.0,231.3,0.71,26.722,251.48,85.59,7.37,0.091
21.24,2.5398,0.0,232.11,0.72,26.871,251.04,85.59,7.23,0.092
21.24,2.5398,0.0,232.11,0.72,26.871,251.04,85.59,7.23,0.092
21.32,2.5584,0.0,233.18,0.72,27.07,251.25,85.59,7.09,0.093
21.32,2.5584,0.0,233.18,0.72,27.07,251.25,85.59,7.09,0.094
21.38,2.5723,0.0,233.99,0.72,27.22,251.22,85.58,7.03,0.094
21.38,2.5723,0.0,233.99,0.72,27.22,251.22,85.58,7.03,0.095
21.44,2.5864,0.0,234.79,0.73,27.369,251.65,85.57,7.0,0.096
21.48,2.6004,0.0,235.6,0.73,27.518,251.89,85.55,7.0,0.097
21.52,2.6052,0.0,235.86,0.73,27.568,251.37,85.55,7.01,0.097
21.56,2.6146,0.0,236.4,0.73,27.668,251.23,85.54,7.04,0.098
21.62,2.6287,0.0,237.2,0.73,27.817,251.83,85.51,7.1,0.099
21.62,2.6287,0.0,237.2,0.73,27.817,251.83,85.51,7.1,0.099
21.68,2.643,0.0,238.01,0.74,27.966,252.26,85.49,7.2,0.1
21.7,2.6525,0.0,238.54,0.74,28.065,251.35,85.47,7.27,0.101
21.76,2.662,0.0,239.08,0.74,28.165,252.06,85.46,7.35,0.101
21.8,2.6716,0.0,239.62,0.74,28.264,252.27,85.44,7.44,0.102
21.82,2.6763,0.0,239.88,0.74,28.314,251.6,85.43,7.5,0.103
21.86,2.6859,0.0,240.42,0.74,28.413,251.7,85.41,7.61,0.103
21.88,2.6907,0.0,240.69,0.74,28.463,252.2,85.39,7.66,0.104
21.94,2.7052,0.0,241.49,0.75,28.611,251.84,85.36,7.83,0.104
21.96,2.71,0.0,241.75,0.75,28.661,252.5,85.35,7.9,0.105
22.0,2.7196,0.0,242.29,0.75,28.76,251.8,85.33,8.02,0.106
22.06,2.7342,0.0,243.09,0.75,28.908,251.51,85.29,8.2,0.107
22.06,2.7342,0.0,243.09,0.75,28.908,251.51,85.29,8.2,0.107
22.1,2.7487,0.0,243.89,0.76,29.057,252.13,85.26,8.38,0.108
22.14,2.7536,0.0,244.15,0.76,29.106,252.46,85.25,8.44,0.109
22.18,2.7633,0.0,244.69,0.76,29.205,252.13,85.22,8.55,0.109
22.24,2.778,0.0,245.48,0.76,29.352,252.54,85.19,8.72,0.11
22.24,2.778,0.0,245.48,0.76,29.352,252.54,85.19,8.72,0.11
22.3,2.7976,0.0,246.54,0.76,29.549,252.09,85.15,8.92,0.111
22.3,2.7976,0.0,246.54,0.76,29.549,252.09,85.15,8.92,0.112
22.36,2.8075,0.0,247.07,0.77,29.647,252.21,85.13,9.01,0.113
22.42,2.8223,0.0,247.87,0.77,29.794,252.07,85.1,9.13,0.114
22.42,2.8223,0.0,247.87,0.77,29.794,252.07,85.1,9.13,0.114
22.48,2.8372,0.0,248.66,0.77,29.941,252.27,85.07,9.23,0.115
22.5,2.8421,0.0,248.92,0.77,29.99,253.03,85.07,9.25,0.116
22.54,2.8521,0.0,249.45,0.77,30.087,252.57,85.05,9.3,0.116
22.58,2.862,0.0,249.98,0.78,30.185,252.83,85.04,9.34,0.117
22.6,2.867,0.0,250.24,0.78,30.233,252.43,85.03,9.36,0.118
22.66,2.882,0.0,251.03,0.78,30.379,252.36,85.01,9.39,0.119
22.68,2.887,0.0,251.3,0.78,30.428,253.06,85.01,9.4,0.119
22.7,2.892,0.0,251.56,0.78,30.476,252.82,85.0,9.4,0.12
22.76,2.9071,0.0,252.35,0.78,30.622,252.19,84.99,9.4,0.121
22.78,2.9121,0.0,252.61,0.78,30.67,252.96,84.99,9.39,0.121
22.84,2.9273,0.0,253.4,0.79,30.815,252.37,84.98,9.36,0.122
22.84,2.9273,0.0,253.4,0.79,30.815,252.37,84.98,9.36,0.123
22.92,2.9475,0.0,254.44,0.79,31.008,252.64,84.97,9.28,0.124
22.92,2.9475,0.0,254.44,0.79,31.008,252.64,84.97,9.28,0.124
22.96,2.9577,0.0,254.97,0.79,31.104,253.33,84.97,9.24,0.125
23.02,2.973,0.0,255.75,0.79,31.248,252.82,84.97,9.15,0.126
23.02,2.9781,0.0,256.01,0.79,31.295,252.38,84.97,9.12,0.127
23.1,2.9934,0.0,256.79,0.8,31.439,253.56,84.97,9.02,0.128
23.1,2.9934,0.0,256.79,0.8,31.439,253.56,84.97,9.02,0.128
23.14,3.0088,0.0,257.57,0.8,31.582,252.71,84.97,8.92,0.129
23.18,3.0139,0.0,257.83,0.8,31.629,253.44,84.97,8.88,0.13
23.22,3.0242,0.0,258.35,0.8,31.724,253.41,84.97,8.81,0.131
23.24,3.0294,0.0,258.61,0.8,31.771,252.91,84.97,8.77,0.131
23.28,3.0449,0.0,259.39,0.81,31.913,253.46,84.97,8.65,0.132
23.34,3.0552,0.0,259.9,0.81,32.008,253.6,84.97,8.58,0.133
23.36,3.0604,0.0,260.16,0.81,32.055,253.62,84.97,8.54,0.134
23.38,3.0656,0.0,260.42,0.81,32.102,254.02,84.97,8.51,0.134
23.42,3.0812,0.0,261.2,0.81,32.243,253.6,84.97,8.4,0.135
23.46,3.0864,0.0,261.45,0.81,32.29,253.77,84.97,8.37,0.136
23.52,3.1021,0.0,262.23,0.82,32.431,253.48,84.97,8.28,0.137
23.52,3.1021,0.0,262.23,0.82,32.431,253.48,84.97,8.28,0.137
23.6,3.123,0.0,263.25,0.82,32.617,253.29,84.96,8.18,0.139
23.6,3.123,0.0,263.25,0.82,32.617,253.29,84.96,8.18,0.139
23.66,3.1388,0.0,264.02,0.82,32.757,253.38,84.95,8.12,0.14
23.68,3.1441,0.0,264.28,0.82,32.803,253.71,84.95,8.11,0.141
23.7,3.1493,0.0,264.53,0.82,32.849,253.54,84.95,8.1,0.141
23.78,3.1705,0.0,265.55,0.83,33.033,253.79,84.94,8.06,0.143
23.78,3.1705,0.0,265.55,0.83,33.033,253.79,84.94,8.06,0.143
23.84,3.1864,0.0,266.31,0.83,33.171,253.63,84.92,8.06,0.144
23.84,3.1917,0.0,266.57,0.83,33.216,253.91,84.92,8.06,0.145
23.9,3.2076,0.0,267.33,0.83,33.353,253.85,84.9,8.08,0.146
23.94,3.213,0.0,267.58,0.83,33.399,254.16,84.9,8.09,0.147
23.98,3.2236,0.0,268.09,0.83,33.49,254.0,84.88,8.11,0.148
24.0,3.229,0.0,268.34,0.84,33.535,253.7,84.88,8.13,0.148
24.02,3.2397,0.0,268.85,0.84,33.625,254.4,84.87,8.16,0.149
24.1,3.2558,0.0,269.6,0.84,33.761,254.18,84.84,8.23,0.15
24.1,3.2558,0.0,269.6,0.84,33.761,254.18,84.84,8.23,0.151
24.18,3.2773,0.0,270.61,0.84,33.94,253.94,84.81,8.33,0.152
24.18,3.2773,0.0,270.61,0.84,33.94,253.94,84.81,8.33,0.152
24.22,3.2881,0.0,271.11,0.85,34.03,253.9,84.8,8.38,0.153
24.24,3.299,0.0,271.61,0.85,34.119,254.3,84.78,8.44,0.154
24.3,3.3098,0.0,272.11,0.85,34.208,254.68,84.77,8.5,0.155
24.36,3.3261,0.0,272.86,0.85,34.341,254.08,84.74,8.6,0.156
24.36,3.3261,0.0,272.86,0.85,34.341,254.08,84.74,8.6,0.157
24.42,3.3424,0.0,273.61,0.85,34.473,254.54,84.72,8.69,0.158
24.44,3.3479,0.0,273.86,0.85,34.517,254.71,84.71,8.72,0.159
24.48,3.3588,0.0,274.36,0.86,34.605,254.47,84.69,8.78,0.16
24.54,3.3752,0.0,275.1,0.86,34.736,254.59,84.67,8.86,0.161
24.54,3.3752,0.0,275.1,0.86,34.736,254.59,84.67,8.86,0.161
24.58,3.3917,0.0,275.85,0.86,34.866,255.14,84.65,8.94,0.163
24.62,3.3972,0.0,276.09,0.86,34.91,254.26,84.64,8.96,0.163
24.66,3.4082,0.0,276.59,0.86,34.996,254.98,84.63,9.01,0.164
24.68,3.4192,0.0,277.08,0.87,35.082,254.29,84.62,9.04,0.165
24.74,3.4303,0.0,277.57,0.87,35.168,254.94,84.6,9.08,0.166
24.78,3.4414,0.0,278.06,0.87,35.254,254.8,84.59,9.11,0.167
24.8,3.4469,0.0,278.31,0.87,35.297,254.56,84.59,9.12,0.168
24.88,3.4691,0.0,279.29,0.87,35.467,255.18,84.57,9.15,0.169
24.9,3.4747,0.0,279.53,0.87,35.509,254.85,84.56,9.15,0.17
24.94,3.4858,0.0,280.02,0.87,35.594,255.08,84.55,9.16,0.171
24.96,3.4914,0.0,280.27,0.88,35.636,255.21,84.55,9.16,0.172
25.0,3.5026,0.0,280.76,0.88,35.72,255.38,84.54,9.16,0.173
25.02,3.5138,0.0,281.24,0.88,35.804,255.48,84.54,9.15,0.174
25.08,3.525,0.0,281.73,0.88,35.888,255.51,84.53,9.13,0.174
25.1,3.5306,0.0,281.98,0.88,35.929,255.23,84.53,9.12,0.175
25.12,3.5419,0.0,282.46,0.88,36.013,255.66,84.52,9.1,0.176
25.18,3.5531,0.0,282.95,0.88,36.096,255.36,84.52,9.07,0.177
25.2,3.5588,0.0,283.19,0.89,36.138,255.21,84.52,9.06,0.178
25.28,3.5814,0.0,284.16,0.89,36.303,255.56,84.51,9.0,0.179
25.28,3.5814,0.0,284.16,0.89,36.303,255.56,84.51,9.0,0.18
25.32,3.5984,0.0,284.88,0.89,36.426,255.47,84.5,8.94,0.182
25.36,3.6041,0.0,285.12,0.89,36.466,255.24,84.5,8.92,0.182
25.4,3.6154,0.0,285.6,0.89,36.548,255.6,84.5,8.88,0.183
25.42,3.6211,0.0,285.84,0.89,36.588,255.42,84.5,8.86,0.184
25.5,3.6439,0.0,286.8,0.9,36.75,255.83,84.49,8.78,0.185
25.5,3.6439,0.0,286.8,0.9,36.75,255.83,84.49,8.78,0.186
25.54,3.6611,0.0,287.52,0.9,36.871,256.13,84.49,8.73,0.187
25.58,3.6668,0.0,287.76,0.9,36.911,255.41,84.49,8.71,0.188
25.62,3.6783,0.0,288.24,0.9,36.991,256.17,84.48,8.68,0.189
25.64,3.6841,0.0,288.47,0.9,37.031,255.96,84.48,8.66,0.19
25.66,3.6956,0.0,288.95,0.91,37.11,255.78,84.48,8.63,0.191
25.72,3.7128,0.0,289.66,0.91,37.229,255.58,84.47,8.6,0.192
25.76,3.7186,0.0,289.9,0.91,37.269,256.31,84.47,8.59,0.193
25.8,3.7302,0.0,290.38,0.91,37.347,256.01,84.46,8.57,0.194
25.88,3.7533,0.0,291.32,0.91,37.504,255.48,84.44,8.55,0.195
25.9,3.7591,0.0,291.56,0.91,37.542,255.68,84.44,8.55,0.197
25.92,3.7708,0.0,292.03,0.92,37.62,256.43,84.43,8.54,0.198
25.96,3.7766,0.0,292.26,0.92,37.658,255.73,84.43,8.55,0.198
26.02,3.7941,0.0,292.97,0.92,37.774,256.47,84.41,8.56,0.2
26.02,3.7999,0.0,293.21,0.92,37.812,256.35,84.41,8.56,0.201
26.12,3.8233,0.0,294.15,0.92,37.965,256.68,84.39,8.6,0.202
26.12,3.8233,0.0,294.15,0.92,37.965,256.68,84.39,8.6,0.203
26.16,3.835,0.0,294.62,0.92,38.041,256.48,84.38,8.62,0.204
26.22,3.8527,0.0,295.32,0.93,38.155,255.86,84.36,8.66,0.205
26.22,3.8527,0.0,295.32,0.93,38.155,255.86,84.36,8.66,0.206
26.32,3.8821,0.0,296.49,0.93,38.343,256.69,84.33,8.74,0.208
26.34,3.888,0.0,296.72,0.93,38.381,256.55,84.32,8.76,0.209
26.36,3.8998,0.0,297.19,0.93,38.456,256.94,84.31,8.79,0.21
26.4,3.9058,0.0,297.42,0.93,38.493,256.93,84.3,8.81,0.211
26.44,3.9176,0.0,297.89,0.94,38.567,256.2,84.29,8.85,0.212
26.46,3.9236,0.0,298.12,0.94,38.604,256.84,84.28,8.86,0.213
26.52,3.9414,0.0,298.82,0.94,38.715,256.93,84.27,8.91,0.214
26.54,3.9473,0.0,299.05,0.94,38.752,256.41,84.26,8.93,0.215
26.6,3.9652,0.0,299.75,0.94,38.863,256.5,84.24,8.97,0.216
26.62,3.9712,0.0,299.98,0.94,38.899,256.81,84.24,8.98,0.217
26.64,3.9831,0.0,300.44,0.94,38.973,257.4,84.23,9.01,0.219
26.68,3.9891,0.0,300.67,0.95,39.009,257.03,84.22,9.02,0.219
26.72,4.0011,0.0,301.14,0.95,39.082,257.05,84.21,9.04,0.22
26.74,4.0131,0.0,301.6,0.95,39.154,256.89,84.2,9.06,0.222
26.8,4.0251,0.0,302.06,0.95,39.226,257.0,84.19,9.07,0.223
26.88,4.0492,0.0,302.98,0.95,39.37,256.77,84.17,9.09,0.224
26.88,4.0492,0.0,302.98,0.95,39.37,256.77,84.17,9.09,0.225
26.92,4.0613,0.0,303.45,0.96,39.442,257.46,84.16,9.09,0.226
26.94,4.0734,0.0,303.91,0.96,39.513,257.19,84.16,9.09,0.228
27.0,4.0855,0.0,304.37,0.96,39.584,257.61,84.15,9.08,0.229
27.02,4.0916,0.0,304.6,0.96,39.619,257.78,84.15,9.08,0.229
27.12,4.1219,0.0,305.75,0.96,39.797,257.51,84.13,9.05,0.231
27.12,4.1219,0.0,305.75,0.96,39.797,257.51,84.13,9.05,0.232
27.16,4.1402,0.0,306.45,0.97,39.902,257.83,84.12,9.02,0.234
27.24,4.1585,0.0,307.14,0.97,40.008,257.94,84.11,8.99,0.235
27.24,4.1585,0.0,307.14,0.97,40.008,257.94,84.11,8.99,0.236
27.3,4.1769,0.0,307.83,0.97,40.113,257.97,84.11,8.96,0.238
27.36,4.2014,0.0,308.75,0.97,40.252,257.9,84.1,8.92,0.239
27.36,4.2014,0.0,308.75,0.97,40.252,257.9,84.1,8.92,0.241
27.42,4.2137,0.0,309.21,0.98,40.321,257.74,84.09,8.9,0.242
27.44,4.2199,0.0,309.44,0.98,40.356,257.7,84.09,8.89,0.242
27.5,4.2384,0.0,310.13,0.98,40.46,257.36,84.08,8.86,0.244
27.52,4.2446,0.0,310.36,0.98,40.494,258.0,84.08,8.86,0.245
27.56,4.2631,0.0,311.05,0.98,40.597,258.26,84.07,8.83,0.246
27.6,4.2693,0.0,311.28,0.98,40.631,258.55,84.06,8.83,0.247
27.62,4.2755,0.0,311.51,0.98,40.665,258.05,84.06,8.82,0.248
27.66,4.2941,0.0,312.2,0.99,40.767,258.15,84.05,8.81,0.25
27.72,4.3066,0.0,312.65,0.99,40.835,258.48,84.04,8.81,0.251
27.74,4.3128,0.0,312.88,0.99,40.869,257.73,84.04,8.81,0.252
27.82,4.3377,0.0,313.8,0.99,41.005,258.07,84.02,8.81,0.253
27.84,4.344,0.0,314.03,0.99,41.039,258.54,84.02,8.82,0.255
27.86,4.3502,0.0,314.26,0.99,41.072,257.66,84.01,8.82,0.256
27.88,4.3628,0.0,314.72,0.99,41.14,258.63,84.0,8.83,0.257
27.96,4.3816,0.0,315.41,1.0,41.241,258.73,83.99,8.85,0.259
28.0,4.3941,0.0,315.88,1.0,41.308,258.72,83.97,8.87,0.26
28.06,4.413,0.0,316.57,1.0,41.408,258.41,83.96,8.9,0.262
28.06,4.413,0.0,316.57,1.0,41.408,258.41,83.96,8.9,0.262
28.1,4.4319,0.0,317.25,1.0,41.508,257.76,83.94,8.93,0.264
28.16,4.4446,0.0,317.72,1.0,41.575,258.54,83.93,8.95,0.265
28.18,4.4509,0.0,317.95,1.01,41.608,259.06,83.92,8.96,0.266
28.24,4.4699,0.0,318.64,1.01,41.708,258.14,83.91,8.99,0.268
28.24,4.4762,0.0,318.87,1.01,41.741,258.26,83.9,9.0,0.269
28.28,4.4826,0.0,319.1,1.01,41.774,258.29,83.9,9.01,0.27
28.3,4.4953,0.0,319.56,1.01,41.84,258.59,83.88,9.02,0.271
28.36,4.508,0.0,320.03,1.01,41.906,258.59,83.87,9.04,0.272
28.38,4.5144,0.0,320.26,1.01,41.94,258.93,83.87,9.05,0.273
28.42,4.5335,0.0,320.95,1.02,42.038,258.87,83.85,9.07,0.275
28.46,4.5399,0.0,321.18,1.02,42.071,258.83,83.85,9.08,0.276
28.5,4.5527,0.0,321.65,1.02,42.137,258.69,83.84,9.09,0.277
28.52,4.5655,0.0,322.11,1.02,42.203,258.34,83.83,9.09,0.278
28.58,4.5783,0.0,322.57,1.02,42.269,258.52,83.82,9.1,0.28
28.6,4.5912,0.0,323.04,1.02,42.334,258.75,83.81,9.1,0.281
28.68,4.6105,0.0,323.73,1.03,42.432,258.81,83.8,9.1,0.283
28.68,4.6169,0.0,323.96,1.03,42.465,258.94,83.8,9.1,0.284
28.72,4.6234,0.0,324.2,1.03,42.497,258.59,83.79,9.09,0.285
28.76,4.6363,0.0,324.66,1.03,42.562,258.63,83.79,9.09,0.286
28.8,4.6557,0.0,325.36,1.03,42.66,259.14,83.78,9.08,0.287
28.86,4.6686,0.0,325.82,1.03,42.724,259.37,83.77,9.07,0.289
28.86,4.6686,0.0,325.82,1.03,42.724,259.37,83.77,9.07,0.289
28.94,4.6946,0.0,326.75,1.04,42.854,259.19,83.76,9.05,0.292
28.94,4.6946,0.0,326.75,1.04,42.854,259.19,83.76,9.05,0.292
28.98,4.7141,0.0,327.45,1.04,42.951,259.15,83.75,9.03,0.294
29.02,4.7206,0.0,327.69,1.04,42.983,259.31,83.74,9.02,0.295
29.06,4.7336,0.0,328.15,1.04,43.047,258.9,83.74,9.01,0.296
29.08,4.7402,0.0,328.38,1.04,43.079,259.21,83.73,9.01,0.297
29.16,4.7663,0.0,329.32,1.05,43.208,258.91,83.72,8.99,0.299
29.18,4.7729,0.0,329.55,1.05,43.24,259.35,83.71,8.99,0.301
29.2,4.786,0.0,330.02,1.05,43.304,259.54,83.71,8.98,0.302
29.24,4.7926,0.0,330.25,1.05,43.336,259.48,83.7,8.98,0.303
29.28,4.8057,0.0,330.72,1.05,43.399,259.8,83.7,8.98,0.304
29.3,4.8123,0.0,330.95,1.05,43.431,259.73,83.69,8.98,0.305
29.36,4.8321,0.0,331.66,1.05,43.526,259.24,83.68,8.98,0.307
29.4,4.8453,0.0,332.13,1.06,43.59,259.23,83.67,8.98,0.308
29.4,4.8519,0.0,332.36,1.06,43.622,259.99,83.67,8.99,0.309
29.46,4.8651,0.0,332.83,1.06,43.685,260.11,83.66,8.99,0.311
29.52,4.8916,0.0,333.77,1.06,43.812,259.38,83.64,9.01,0.312
29.52,4.8916,0.0,333.77,1.06,43.812,259.38,83.64,9.01,0.314
29.62,4.9182,0.0,334.71,1.06,43.938,259.35,83.62,9.03,0.315
29.62,4.9249,0.0,334.95,1.07,43.97,260.41,83.61,9.04,0.317
29.66,4.9315,0.0,335.18,1.07,44.001,259.94,83.61,9.04,0.318
29.7,4.9515,0.0,335.89,1.07,44.096,259.95,83.59,9.06,0.32
29.74,4.9582,0.0,336.13,1.07,44.127,260.05,83.59,9.07,0.321
29.8,4.9783,0.0,336.84,1.07,44.221,260.67,83.57,9.09,0.323
29.8,4.9783,0.0,336.84,1.07,44.221,260.67,83.57,9.09,0.323
29.86,4.9984,0.0,337.55,1.07,44.315,260.26,83.56,9.1,0.326
29.88,5.0051,0.0,337.78,1.08,44.346,260.09,83.55,9.11,0.326
29.92,5.0186,0.0,338.26,1.08,44.409,260.65,83.54,9.12,0.328
29.94,5.032,0.0,338.74,1.08,44.471,260.97,83.53,9.13,0.329
30.02,5.059,0.0,339.68,1.08,44.596,259.88,83.51,9.14,0.331
30.02,5.059,0.0,339.68,1.08,44.596,259.88,83.51,9.14,0.332
30.08,5.0725,0.0,340.16,1.08,44.658,260.59,83.51,9.14,0.334
30.14,5.0996,0.0,341.11,1.09,44.782,260.96,83.49,9.15,0.335
30.14,5.0996,0.0,341.11,1.09,44.782,260.96,83.49,9.15,0.337
30.24,5.1268,0.0,342.07,1.09,44.906,261.42,83.47,9.14,0.339
30.24,5.1336,0.0,342.3,1.09,44.937,260.61,83.47,9.14,0.341
30.28,5.1404,0.0,342.54,1.09,44.968,260.19,83.47,9.14,0.342
30.32,5.154,0.0,343.02,1.09,45.029,260.57,83.46,9.14,0.343
30.34,5.1677,0.0,343.5,1.1,45.091,261.11,83.45,9.13,0.345
30.4,5.1813,0.0,343.97,1.1,45.152,261.27,83.44,9.12,0.345
30.44,5.195,0.0,344.45,1.1,45.213,261.15,83.44,9.12,0.347
30.48,5.2087,0.0,344.93,1.1,45.274,260.75,83.43,9.11,0.349
30.48,5.2087,0.0,344.93,1.1,45.274,260.75,83.43,9.11,0.349
30.56,5.2362,0.0,345.89,1.1,45.396,261.51,83.41,9.1,0.352
30.56,5.2362,0.0,345.89,1.1,45.396,261.51,83.41,9.1,0.353
30.66,5.2706,0.0,347.09,1.11,45.548,261.25,83.39,9.09,0.354
30.66,5.2706,0.0,347.09,1.11,45.548,261.25,83.39,9.09,0.356
30.68,5.2775,0.0,347.33,1.11,45.578,261.46,83.39,9.09,0.357
30.72,5.2913,0.0,347.81,1.11,45.639,261.34,83.38,9.09,0.359
30.78,5.3121,0.0,348.54,1.11,45.729,261.63,83.37,9.09,0.361
30.84,5.3329,0.0,349.26,1.12,45.82,261.42,83.36,9.1,0.362
30.88,5.3468,0.0,349.74,1.12,45.88,261.98,83.35,9.1,0.364
30.88,5.3468,0.0,349.74,1.12,45.88,261.98,83.35,9.1,0.365
30.94,5.3746,0.0,350.71,1.12,46.0,261.66,83.33,9.12,0.367
30.94,5.3746,0.0,350.71,1.12,46.0,261.66,83.33,9.12,0.368
31.0,5.3886,0.0,351.19,1.12,46.06,262.03,83.32,9.12,0.37
31.06,5.4095,0.0,351.92,1.13,46.15,262.29,83.3,9.14,0.371
31.06,5.4165,0.0,352.16,1.13,46.179,262.04,83.3,9.14,0.373
31.12,5.4305,0.0,352.65,1.13,46.239,262.38,83.29,9.15,0.374
31.16,5.4446,0.0,353.13,1.13,46.298,261.86,83.28,9.16,0.376
31.16,5.4446,0.0,353.13,1.13,46.298,261.86,83.28,9.16,0.377
31.26,5.4868,0.0,354.59,1.14,46.476,262.0,83.25,9.18,0.379
31.3,5.4938,0.0,354.83,1.14,46.505,262.01,83.25,9.18,0.382
31.3,5.4938,0.0,354.83,1.14,46.505,262.01,83.25,9.18,0.382
31.36,5.515,0.0,355.56,1.14,46.594,261.66,83.24,9.19,0.385
31.38,5.522,0.0,355.8,1.14,46.623,261.83,83.23,9.19,0.386
31.42,5.5433,0.0,356.53,1.14,46.71,262.6,83.22,9.2,0.387
31.48,5.5575,0.0,357.02,1.15,46.769,261.92,83.21,9.2,0.389
31.48,5.5575,0.0,357.02,1.15,46.769,261.92,83.21,9.2,0.39
31.5,5.5716,0.0,357.51,1.15,46.827,262.23,83.2,9.2,0.392
31.58,5.593,0.0,358.24,1.15,46.914,262.55,83.19,9.2,0.393
31.6,5.6001,0.0,358.48,1.15,46.942,262.7,83.19,9.2,0.395
31.68,5.6286,0.0,359.46,1.15,47.058,261.92,83.17,9.19,0.397
31.7,5.6429,0.0,359.95,1.16,47.115,262.35,83.16,9.19,0.398
31.74,5.6501,0.0,360.19,1.16,47.144,261.79,83.16,9.19,0.401
31.76,5.6572,0.0,360.44,1.16,47.172,261.92,83.16,9.19,0.402
31.8,5.6716,0.0,360.93,1.16,47.23,262.35,83.15,9.19,0.403
31.82,5.6859,0.0,361.42,1.16,47.287,262.12,83.14,9.18,0.405
31.88,5.7003,0.0,361.91,1.16,47.343,262.87,83.13,9.18,0.406
31.92,5.7219,0.0,362.64,1.17,47.428,262.07,83.12,9.18,0.408
31.92,5.7219,0.0,362.64,1.17,47.428,262.07,83.12,9.18,0.409
31.98,5.7363,0.0,363.13,1.17,47.485,262.94,83.11,9.18,0.411
32.0,5.7507,0.0,363.62,1.17,47.541,262.23,83.1,9.18,0.413
32.06,5.7652,0.0,364.12,1.17,47.597,262.76,83.09,9.18,0.415
32.08,5.7724,0.0,364.36,1.17,47.625,262.98,83.09,9.18,0.415
32.16,5.8014,0.0,365.35,1.18,47.737,262.22,83.07,9.19,0.417
32.18,5.8087,0.0,365.59,1.18,47.765,262.33,83.07,9.19,0.42
32.2,5.8159,0.0,365.84,1.18,47.793,263.23,83.06,9.19,0.421
32.22,5.8305,0.0,366.34,1.18,47.849,263.41,83.05,9.19,0.422
32.28,5.845,0.0,366.83,1.18,47.904,263.33,83.04,9.2,0.424
32.3,5.8523,0.0,367.08,1.18,47.932,263.13,83.04,9.2,0.425
32.36,5.8742,0.0,367.82,1.18,48.015,262.59,83.03,9.21,0.427
32.42,5.8961,0.0,368.56,1.19,48.098,262.84,83.01,9.22,0.43
32.42,5.8961,0.0,368.56,1.19,48.098,262.84,83.01,9.22,0.43
32.48,5.9181,0.0,369.3,1.19,48.181,263.01,83.0,9.23,0.433
32.5,5.9255,0.0,369.55,1.19,48.208,263.4,82.99,9.23,0.434
32.54,5.9402,0.0,370.05,1.19,48.263,263.31,82.99,9.23,0.436
32.56,5.9549,0.0,370.55,1.19,48.318,262.67,82.98,9.24,0.438
32.64,5.977,0.0,371.29,1.2,48.399,263.8,82.96,9.24,0.439
32.66,5.9843,0.0,371.54,1.2,48.427,263.09,82.96,9.25,0.441
32.68,5.9991,0.0,372.04,1.2,48.481,262.93,82.95,9.25,0.443
32.74,6.0139,0.0,372.54,1.2,48.535,263.52,82.94,9.25,0.445
32.78,6.0361,0.0,373.29,1.2,48.616,263.92,82.93,9.25,0.446
32.82,6.0435,0.0,373.54,1.21,48.642,262.95,82.93,9.25,0.448
32.84,6.0509,0.0,373.78,1.21,48.669,263.4,82.92,9.25,0.449
32.88,6.0658,0.0,374.28,1.21,48.723,263.6,82.91,9.25,0.451
32.92,6.0807,0.0,374.78,1.21,48.776,263.61,82.91,9.25,0.453
32.96,6.0956,0.0,375.28,1.21,48.829,263.48,82.9,9.25,0.454
32.96,6.0956,0.0,375.28,1.21,48.829,263.48,82.9,9.25,0.455
33.04,6.1254,0.0,376.28,1.22,48.935,263.92,82.88,9.25,0.458
33.04,6.1254,0.0,376.28,1.22,48.935,263.92,82.88,9.25,0.459
33.1,6.1478,0.0,377.03,1.22,49.014,263.12,82.87,9.25,0.461
33.14,6.1628,0.0,377.53,1.22,49.066,263.89,82.86,9.25,0.462
33.16,6.1703,0.0,377.78,1.22,49.092,263.39,82.85,9.25,0.464
33.24,6.2004,0.0,378.78,1.23,49.195,263.83,82.83,9.25,0.466
33.24,6.2004,0.0,378.78,1.23,49.195,263.83,82.83,9.25,0.468
33.3,6.2229,0.0,379.53,1.23,49.272,264.1,82.82,9.26,0.471
33.32,6.2305,0.0,379.78,1.23,49.298,263.36,82.82,9.26,0.472
33.38,6.2531,0.0,380.53,1.23,49.374,263.86,82.8,9.26,0.474
33.38,6.2531,0.0,380.53,1.23,49.374,263.86,82.8,9.26,0.475
33.46,6.2834,0.0,381.53,1.24,49.476,263.95,82.78,9.27,0.477
33.46,6.2834,0.0,381.53,1.24,49.476,263.95,82.78,9.27,0.478
33.5,6.3061,0.0,382.29,1.24,49.552,264.27,82.77,9.27,0.481
33.54,6.3137,0.0,382.54,1.24,49.577,264.51,82.76,9.28,0.482
33.58,6.3289,0.0,383.04,1.24,49.627,263.73,82.76,9.28,0.484
33.6,6.3365,0.0,383.29,1.24,49.652,263.8,82.75,9.28,0.485
33.68,6.367,0.0,384.3,1.25,49.751,264.25,82.73,9.29,0.488
33.68,6.367,0.0,384.3,1.25,49.751,264.25,82.73,9.29,0.489
33.72,6.3822,0.0,384.8,1.25,49.8,264.17,82.72,9.29,0.491
33.76,6.3975,0.0,385.3,1.25,49.85,264.05,82.72,9.3,0.493
33.78,6.4128,0.0,385.81,1.25,49.898,264.72,82.71,9.3,0.495
33.86,6.4358,0.0,386.57,1.25,49.972,264.19,82.7,9.3,0.497
33.86,6.4358,0.0,386.57,1.25,49.972,264.19,82.7,9.3,0.498
33.92,6.4589,0.0,387.32,1.26,50.045,265.07,82.68,9.31,0.5
33.94,6.4665,0.0,387.58,1.26,50.069,265.14,82.68,9.31,0.501
33.98,6.4819,0.0,388.08,1.26,50.117,264.7,82.67,9.31,0.503
34.0,6.4974,0.0,388.59,1.26,50.165,264.7,82.66,9.31,0.505
34.06,6.5128,0.0,389.1,1.26,50.213,264.82,82.66,9.31,0.506
34.08,6.5205,0.0,389.35,1.27,50.237,264.56,82.65,9.31,0.508
34.1,6.536,0.0,389.86,1.27,50.285,265.19,82.64,9.31,0.51
34.16,6.5515,0.0,390.36,1.27,50.332,265.16,82.64,9.31,0.512
34.22,6.5747,0.0,391.13,1.27,50.403,265.53,82.62,9.31,0.515
34.26,6.598,0.0,391.89,1.27,50.474,264.99,82.61,9.31,0.518
34.32,6.6214,0.0,392.65,1.28,50.543,265.67,82.6,9.31,0.519
34.36,6.6292,0.0,392.9,1.28,50.567,265.17,82.59,9.32,0.522
34.38,6.637,0.0,393.16,1.28,50.59,265.84,82.59,9.32,0.523
34.42,6.6526,0.0,393.66,1.28,50.636,264.92,82.58,9.32,0.525
34.46,6.6682,0.0,394.17,1.28,50.682,265.64,82.57,9.32,0.527
34.48,6.6839,0.0,394.68,1.29,50.728,265.44,82.56,9.32,0.529
34.54,6.6995,0.0,395.19,1.29,50.773,264.81,82.55,9.32,0.53
34.54,6.7074,0.0,395.44,1.29,50.796,265.25,82.55,9.32,0.532
34.58,6.7152,0.0,395.7,1.29,50.818,265.19,82.54,9.32,0.533
34.66,6.7467,0.0,396.72,1.29,50.908,265.75,82.52,9.33,0.537
34.66,6.7467,0.0,396.72,1.29,50.908,265.75,82.52,9.33,0.538
34.7,6.7624,0.0,397.23,1.29,50.953,266.02,82.51,9.33,0.54
34.72,6.7782,0.0,397.74,1.3,50.997,266.04,82.51,9.34,0.542
34.78,6.794,0.0,398.25,1.3,51.041,265.9,82.5,9.34,0.544
34.86,6.8335,0.0,399.53,1.3,51.151,265.69,82.47,9.35,0.546
34.86,6.8335,0.0,399.53,1.3,51.151,265.69,82.47,9.35,0.549
34.94,6.8573,0.0,400.3,1.31,51.216,266.21,82.46,9.35,0.551
34.94,6.8653,0.0,400.55,1.31,51.238,265.2,82.46,9.35,0.553
35.0,6.8812,0.0,401.06,1.31,51.281,266.34,82.45,9.35,0.555
35.02,6.8891,0.0,401.32,1.31,51.302,265.72,82.45,9.35,0.556
35.06,6.913,0.0,402.09,1.31,51.366,265.85,82.43,9.36,0.558
35.1,6.921,0.0,402.34,1.31,51.387,265.93,82.43,9.36,0.56
35.12,6.929,0.0,402.6,1.32,51.408,265.73,82.43,9.36,0.561
35.18,6.953,0.0,403.37,1.32,51.471,265.92,82.41,9.36,0.564
35.18,6.961,0.0,403.62,1.32,51.492,265.64,82.41,9.36,0.566
35.28,6.993,0.0,404.65,1.32,51.574,265.84,82.39,9.36,0.568
35.28,6.993,0.0,404.65,1.32,51.574,265.84,82.39,9.36,0.57
35.34,7.0171,0.0,405.41,1.33,51.636,265.44,82.38,9.36,0.572
35.36,7.0252,0.0,405.67,1.33,51.656,266.41,82.38,9.37,0.574
35.4,7.0413,0.0,406.19,1.33,51.696,266.01,82.37,9.37,0.575
35.4,7.0493,0.0,406.44,1.33,51.716,266.21,82.36,9.37,0.577
35.5,7.0816,0.0,407.47,1.33,51.796,266.57,82.35,9.37,0.58
35.5,7.0816,0.0,407.47,1.33,51.796,266.57,82.35,9.37,0.582
35.54,7.0978,0.0,407.99,1.34,51.835,266.72,82.34,9.37,0.584
35.56,7.1059,0.0,408.25,1.34,51.855,266.61,82.33,9.37,0.585
35.62,7.1302,0.0,409.02,1.34,51.913,266.54,82.32,9.37,0.587
35.62,7.1383,0.0,409.28,1.34,51.932,265.94,82.31,9.37,0.589
35.74,7.179,0.0,410.57,1.35,52.028,266.41,82.29,9.38,0.591
35.74,7.179,0.0,410.57,1.35,52.028,266.41,82.29,9.38,0.595
35.76,7.1871,0.0,410.83,1.35,52.046,266.77,82.29,9.38,0.596
35.8,7.2034,0.0,411.35,1.35,52.084,266.75,82.28,9.38,0.598
35.84,7.2279,0.0,412.13,1.35,52.139,266.07,82.26,9.38,0.6
35.88,7.2361,0.0,412.38,1.35,52.157,266.55,82.26,9.38,0.602
35.94,7.2688,0.0,413.42,1.36,52.23,266.75,82.24,9.39,0.604
35.94,7.2688,0.0,413.42,1.36,52.23,266.75,82.24,9.39,0.607
35.98,7.277,0.0,413.68,1.36,52.247,267.25,82.24,9.39,0.608
36.02,7.2934,0.0,414.2,1.36,52.283,266.85,82.23,9.39,0.61
36.04,7.3016,0.0,414.46,1.36,52.301,266.71,82.23,9.39,0.611
36.1,7.3263,0.0,415.24,1.36,52.353,267.38,82.21,9.4,0.615
36.12,7.3345,0.0,415.5,1.36,52.37,266.72,82.21,9.4,0.616
36.2,7.3675,0.0,416.54,1.37,52.439,266.99,82.19,9.4,0.619
36.2,7.3675,0.0,416.54,1.37,52.439,266.99,82.19,9.4,0.62
36.24,7.3923,0.0,417.33,1.37,52.489,267.29,82.18,9.4,0.624
36.3,7.4089,0.0,417.85,1.37,52.522,267.22,82.17,9.41,0.625
36.32,7.4172,0.0,418.11,1.37,52.538,266.82,82.17,9.41,0.627
36.38,7.442,0.0,418.89,1.38,52.587,267.56,82.16,9.41,0.629
36.38,7.442,0.0,418.89,1.38,52.587,267.56,82.16,9.41,0.63
36.44,7.467,0.0,419.68,1.38,52.635,267.49,82.14,9.41,0.634
36.46,7.4753,0.0,419.94,1.38,52.651,267.6,82.14,9.41,0.635
36.5,7.5003,0.0,420.73,1.38,52.698,267.02,82.13,9.41,0.638
36.58,7.5253,0.0,421.51,1.39,52.744,268.0,82.11,9.41,0.64
36.58,7.5253,0.0,421.51,1.39,52.744,268.0,82.11,9.41,0.642
36.64,7.5504,0.0,422.3,1.39,52.79,268.15,82.1,9.41,0.644
36.64,7.5504,0.0,422.3,1.39,52.79,268.15,82.1,9.41,0.645
36.68,7.5672,0.0,422.83,1.39,52.82,268.2,82.09,9.42,0.648
36.7,7.5839,0.0,423.36,1.39,52.849,267.73,82.08,9.42,0.65
36.78,7.6091,0.0,424.15,1.4,52.894,267.49,82.07,9.42,0.652
36.78,7.6091,0.0,424.15,1.4,52.894,267.49,82.07,9.42,0.653
36.84,7.6344,0.0,424.94,1.4,52.937,267.67,82.06,9.42,0.657
36.86,7.6428,0.0,425.2,1.4,52.951,267.48,82.05,9.42,0.658
36.9,7.6597,0.0,425.73,1.4,52.979,268.22,82.04,9.42,0.66
36.92,7.6681,0.0,425.99,1.4,52.993,267.84,82.04,9.42,0.662
37.0,7.7019,0.0,427.05,1.41,53.047,268.26,82.02,9.43,0.665
37.0,7.7019,0.0,427.05,1.41,53.047,268.26,82.02,9.43,0.666
37.04,7.7273,0.0,427.85,1.41,53.087,267.68,82.01,9.43,0.67
37.1,7.7443,0.0,428.38,1.41,53.114,268.1,82.0,9.43,0.671
37.12,7.7528,0.0,428.65,1.41,53.127,268.26,82.0,9.43,0.673
37.14,7.7698,0.0,429.18,1.42,53.153,268.31,81.99,9.44,0.676
37.2,7.7868,0.0,429.71,1.42,53.179,267.67,81.98,9.44,0.677
37.24,7.8038,0.0,430.25,1.42,53.204,268.31,81.97,9.44,0.679
37.26,7.8124,0.0,430.51,1.42,53.217,267.74,81.97,9.44,0.682
37.28,7.8209,0.0,430.78,1.42,53.229,267.65,81.96,9.44,0.683
37.34,7.8465,0.0,431.58,1.43,53.266,268.1,81.95,9.44,0.687
37.4,7.8722,0.0,432.38,1.43,53.302,268.42,81.94,9.45,0.688
37.4,7.8722,0.0,432.38,1.43,53.302,268.42,81.94,9.45,0.69
37.46,7.8979,0.0,433.19,1.43,53.337,268.81,81.93,9.45,0.693
37.46,7.8979,0.0,433.19,1.43,53.337,268.81,81.93,9.45,0.694
37.5,7.9151,0.0,433.72,1.43,53.36,268.38,81.92,9.45,0.696
37.58,7.9495,0.0,434.8,1.44,53.406,268.52,81.9,9.45,0.7
37.58,7.9495,0.0,434.8,1.44,53.406,268.52,81.9,9.45,0.701
37.62,7.9754,0.0,435.61,1.44,53.439,268.71,81.89,9.45,0.705
37.68,7.9926,0.0,436.14,1.44,53.461,268.01,81.88,9.45,0.706
37.7,8.0013,0.0,436.41,1.44,53.472,268.23,81.87,9.45,0.708
37.74,8.0186,0.0,436.95,1.45,53.493,268.08,81.87,9.46,0.71
37.78,8.0359,0.0,437.49,1.45,53.514,268.34,81.86,9.46,0.713
37.8,8.0445,0.0,437.76,1.45,53.524,268.62,81.85,9.46,0.714
37.82,8.0619,0.0,438.3,1.45,53.544,268.88,81.84,9.46,0.717
37.9,8.088,0.0,439.12,1.45,53.573,269.43,81.83,9.46,0.719
37.9,8.088,0.0,439.12,1.45,53.573,269.43,81.83,9.46,0.721
38.0,8.1315,0.0,440.48,1.46,53.621,269.09,81.81,9.46,0.723
38.0,8.1315,0.0,440.48,1.46,53.621,269.09,81.81,9.46,0.727
38.04,8.1577,0.0,441.3,1.46,53.649,269.19,81.8,9.47,0.731
38.08,8.1665,0.0,441.57,1.46,53.658,268.8,81.79,9.47,0.732
38.12,8.184,0.0,442.12,1.47,53.677,269.3,81.78,9.47,0.734
38.14,8.1927,0.0,442.39,1.47,53.685,268.63,81.78,9.47,0.736
38.22,8.2278,0.0,443.48,1.47,53.72,269.47,81.76,9.47,0.739
38.22,8.2278,0.0,443.48,1.47,53.72,269.47,81.76,9.47,0.741
38.26,8.2542,0.0,444.31,1.47,53.745,269.68,81.75,9.48,0.744
38.3,8.263,0.0,444.58,1.47,53.753,268.6,81.74,9.48,0.746
38.34,8.2806,0.0,445.13,1.48,53.769,269.41,81.74,9.48,0.748
38.36,8.2894,0.0,445.4,1.48,53.777,269.55,81.73,9.48,0.75
38.42,8.3159,0.0,446.23,1.48,53.8,269.31,81.72,9.48,0.752
38.44,8.3247,0.0,446.51,1.48,53.808,269.69,81.71,9.48,0.755
38.46,8.3336,0.0,446.78,1.48,53.815,269.45,81.71,9.48,0.756
38.5,8.3601,0.0,447.61,1.49,53.837,268.71,81.7,9.48,0.76
38.56,8.3779,0.0,448.16,1.49,53.851,269.12,81.69,9.49,0.761
38.58,8.3867,0.0,448.44,1.49,53.858,269.62,81.68,9.49,0.764
38.66,8.4223,0.0,449.55,1.49,53.885,269.49,81.67,9.49,0.766
38.66,8.4223,0.0,449.55,1.49,53.885,269.49,81.67,9.49,0.769
38.7,8.4401,0.0,450.1,1.49,53.898,269.34,81.66,9.49,0.771
38.74,8.4669,0.0,450.94,1.5,53.916,269.36,81.65,9.49,0.774
38.78,8.4758,0.0,451.21,1.5,53.922,269.32,81.64,9.49,0.777
38.82,8.4937,0.0,451.77,1.5,53.934,270.1,81.63,9.49,0.778
38.82,8.5026,0.0,452.05,1.5,53.939,269.91,81.63,9.49,0.781
38.92,8.5385,0.0,453.16,1.51,53.961,269.25,81.61,9.5,0.784
38.92,8.5385,0.0,453.16,1.51,53.961,269.25,81.61,9.5,0.786
38.96,8.5564,0.0,453.72,1.51,53.972,269.96,81.6,9.5,0.788
39.02,8.5924,0.0,454.84,1.51,53.991,269.66,81.59,9.5,0.791
39.02,8.5924,0.0,454.84,1.51,53.991,269.66,81.59,9.5,0.794
39.08,8.6104,0.0,455.41,1.51,54.001,269.99,81.58,9.5,0.796
39.12,8.6284,0.0,455.97,1.52,54.009,270.37,81.57,9.5,0.798
39.12,8.6375,0.0,456.25,1.52,54.014,270.34,81.57,9.5,0.8
39.2,8.6736,0.0,457.38,1.52,54.031,269.66,81.55,9.51,0.803
39.2,8.6736,0.0,457.38,1.52,54.031,269.66,81.55,9.51,0.806
39.26,8.6917,0.0,457.94,1.52,54.038,269.79,81.54,9.51,0.808
39.28,8.7008,0.0,458.22,1.52,54.042,270.12,81.54,9.51,0.81
39.32,8.728,0.0,459.07,1.53,54.053,270.18,81.52,9.51,0.814
39.4,8.7553,0.0,459.91,1.53,54.062,269.91,81.51,9.51,0.815
39.42,8.7644,0.0,460.2,1.53,54.065,269.89,81.51,9.51,0.819
39.44,8.7826,0.0,460.77,1.53,54.071,270.3,81.5,9.51,0.822
39.5,8.8009,0.0,461.33,1.54,54.076,269.78,81.49,9.51,0.824
39.54,8.8192,0.0,461.9,1.54,54.081,269.91,81.48,9.52,0.826
39.54,8.8283,0.0,462.19,1.54,54.084,270.09,81.48,9.52,0.829
39.62,8.8558,0.0,463.04,1.54,54.091,270.09,81.46,9.52,0.831
39.62,8.8558,0.0,463.04,1.54,54.091,270.09,81.46,9.52,0.833
39.68,8.8833,0.0,463.9,1.55,54.097,270.21,81.45,9.52,0.837
39.7,8.8925,0.0,464.18,1.55,54.099,269.9,81.45,9.52,0.838
39.74,8.92,0.0,465.04,1.55,54.103,270.12,81.44,9.52,0.842
39.84,8.9569,0.0,466.19,1.55,54.109,270.76,81.42,9.53,0.844
39.84,8.9569,0.0,466.19,1.55,54.109,270.76,81.42,9.53,0.848
39.88,8.9753,0.0,466.77,1.56,54.111,270.94,81.41,9.53,0.851
39.9,8.9846,0.0,467.05,1.56,54.112,270.18,81.41,9.53,0.852
39.96,9.0123,0.0,467.92,1.56,54.114,270.74,81.39,9.53,0.855
39.96,9.0216,0.0,468.21,1.56,54.115,270.65,81.39,9.53,0.857
40.04,9.0494,0.0,469.07,1.56,54.116,271.11,81.38,9.53,0.86
40.04,9.0494,0.0,469.07,1.56,54.116,271.11,81.38,9.53,0.862
40.1,9.0773,0.0,469.95,1.57,54.117,270.48,81.36,9.53,0.866
40.12,9.0866,0.0,470.24,1.57,54.117,270.87,81.36,9.53,0.867
40.16,9.1145,0.0,471.11,1.57,54.117,270.47,81.35,9.53,0.871
40.2,9.1238,0.0,471.4,1.57,54.117,271.56,81.34,9.53,0.873
40.22,9.1331,0.0,471.69,1.57,54.117,271.42,81.34,9.53,0.874
40.26,9.1612,0.0,472.56,1.58,54.115,271.07,81.33,9.54,0.879
40.3,9.1705,0.0,472.86,1.58,54.114,271.35,81.32,9.54,0.88
40.32,9.1799,0.0,473.15,1.58,54.114,271.69,81.32,9.54,0.881
40.38,9.2173,0.0,474.32,1.58,54.11,271.36,81.3,9.54,0.884
40.38,9.2173,0.0,474.32,1.58,54.11,271.36,81.3,9.54,0.887
40.44,9.2361,0.0,474.91,1.58,54.107,271.34,81.29,9.54,0.89
40.48,9.2549,0.0,475.5,1.59,54.105,271.69,81.28,9.54,0.893
40.52,9.2737,0.0,476.09,1.59,54.102,271.33,81.28,9.54,0.896
40.54,9.2832,0.0,476.38,1.59,54.1,271.06,81.27,9.54,0.897
40.58,9.302,0.0,476.97,1.59,54.097,271.52,81.26,9.55,0.9
40.6,9.3114,0.0,477.27,1.59,54.095,271.44,81.26,9.55,0.901
40.66,9.3398,0.0,478.15,1.6,54.089,271.1,81.25,9.55,0.906
40.7,9.3587,0.0,478.75,1.6,54.084,271.55,81.24,9.55,0.907
40.72,9.3682,0.0,479.04,1.6,54.082,271.29,81.23,9.55,0.91
40.74,9.3871,0.0,479.64,1.6,54.077,272.06,81.23,9.55,0.913
40.78,9.3966,0.0,479.93,1.6,54.074,271.56,81.22,9.55,0.914
40.82,9.4156,0.0,480.53,1.61,54.068,272.3,81.21,9.55,0.917
40.84,9.4346,0.0,481.13,1.61,54.062,271.82,81.2,9.55,0.92
40.9,9.4537,0.0,481.72,1.61,54.056,272.32,81.2,9.56,0.923
40.94,9.4823,0.0,482.62,1.61,54.046,271.69,81.18,9.56,0.925
40.94,9.4823,0.0,482.62,1.61,54.046,271.69,81.18,9.56,0.928
41.0,9.5014,0.0,483.22,1.61,54.039,271.23,81.17,9.56,0.931
41.02,9.5109,0.0,483.51,1.62,54.035,271.8,81.17,9.56,0.932
41.08,9.5396,0.0,484.41,1.62,54.024,271.68,81.16,9.56,0.936
41.1,9.5492,0.0,484.71,1.62,54.02,271.51,81.15,9.56,0.938
41.14,9.5684,0.0,485.31,1.62,54.011,271.8,81.14,9.56,0.941
41.2,9.5972,0.0,486.22,1.63,53.998,271.73,81.13,9.56,0.944
41.2,9.5972,0.0,486.22,1.63,53.998,271.73,81.13,9.56,0.945
41.26,9.6261,0.0,487.12,1.63,53.983,272.26,81.12,9.57,0.948
41.26,9.6261,0.0,487.12,1.63,53.983,272.26,81.12,9.57,0.95
41.32,9.655,0.0,488.03,1.63,53.968,271.97,81.11,9.57,0.954
41.34,9.6646,0.0,488.33,1.63,53.963,272.62,81.1,9.57,0.956
41.4,9.6936,0.0,489.24,1.64,53.947,272.27,81.09,9.57,0.959
41.42,9.7033,0.0,489.54,1.64,53.942,272.66,81.09,9.57,0.962
41.48,9.7324,0.0,490.46,1.64,53.925,271.94,81.07,9.57,0.965
41.52,9.7518,0.0,491.06,1.64,53.914,271.77,81.07,9.57,0.968
41.52,9.7518,0.0,491.06,1.64,53.914,271.77,81.07,9.57,0.969
41.6,9.7906,0.0,492.28,1.65,53.889,272.07,81.05,9.57,0.974
41.6,9.7906,0.0,492.28,1.65,53.889,272.07,81.05,9.57,0.975
41.64,9.8101,0.0,492.89,1.65,53.876,271.77,81.04,9.57,0.979
41.7,9.8394,0.0,493.81,1.65,53.856,272.65,81.03,9.58,0.982
41.7,9.8491,0.0,494.11,1.65,53.849,272.83,81.02,9.58,0.985
41.74,9.8589,0.0,494.42,1.65,53.842,272.19,81.02,9.58,0.986
41.78,9.8882,0.0,495.34,1.66,53.821,273.17,81.01,9.58,0.991
41.84,9.9078,0.0,495.96,1.66,53.807,271.98,81.0,9.58,0.992
41.86,9.9176,0.0,496.27,1.66,53.799,272.95,81.0,9.58,0.995
41.9,9.9373,0.0,496.88,1.66,53.785,272.28,80.99,9.58,0.998
41.96,9.9667,0.0,497.81,1.67,53.762,272.3,80.97,9.58,1.002
41.96,9.9667,0.0,497.81,1.67,53.762,272.3,80.97,9.58,1.003
42.02,9.9963,0.0,498.73,1.67,53.738,272.1,80.96,9.58,1.006
42.02,10.0061,0.0,499.04,1.67,53.73,272.96,80.96,9.58,1.009
42.08,10.0259,0.0,499.66,1.67,53.713,272.4,80.95,9.59,1.012
42.1,10.0357,0.0,499.97,1.67,53.705,272.46,80.94,9.59,1.014
42.14,10.0654,0.0,500.91,1.68,53.679,272.66,80.93,9.59,1.019
42.18,10.0753,0.0,501.22,1.68,53.67,272.86,80.93,9.59,1.02
42.22,10.0951,0.0,501.84,1.68,53.652,273.09,80.92,9.59,1.023
42.26,10.115,0.0,502.46,1.68,53.634,272.31,80.91,9.59,1.025
42.26,10.1249,0.0,502.78,1.68,53.625,272.78,80.91,9.59,1.028
42.34,10.1547,0.0,503.71,1.69,53.597,272.46,80.89,9.59,1.031
42.36,10.1647,0.0,504.02,1.69,53.588,272.63,80.89,9.59,1.034
42.4,10.1846,0.0,504.65,1.69,53.568,273.04,80.88,9.59,1.038
42.42,10.1946,0.0,504.97,1.69,53.559,273.63,80.88,9.59,1.039
42.46,10.2146,0.0,505.59,1.69,53.539,273.38,80.87,9.59,1.042
42.52,10.2446,0.0,506.54,1.7,53.508,273.34,80.86,9.6,1.046
42.52,10.2446,0.0,506.54,1.7,53.508,273.34,80.86,9.6,1.047
42.58,10.2746,0.0,507.48,1.7,53.478,272.59,80.85,9.6,1.052
42.6,10.2846,0.0,507.8,1.7,53.467,273.04,80.84,9.6,1.054
42.64,10.3047,0.0,508.43,1.7,53.446,273.37,80.83,9.6,1.057
42.66,10.3248,0.0,509.07,1.7,53.425,273.76,80.83,9.6,1.06
42.72,10.3449,0.0,509.7,1.71,53.403,273.8,80.82,9.6,1.063
42.76,10.3651,0.0,510.34,1.71,53.381,273.7,80.81,9.6,1.065
42.78,10.3752,0.0,510.66,1.71,53.37,273.12,80.81,9.6,1.068
42.84,10.4054,0.0,511.61,1.71,53.337,273.8,80.79,9.6,1.071
42.86,10.4156,0.0,511.93,1.71,53.325,273.93,80.79,9.6,1.075
42.9,10.4358,0.0,512.57,1.72,53.302,273.56,80.78,9.6,1.078
42.96,10.4662,0.0,513.53,1.72,53.267,273.66,80.77,9.61,1.081
42.96,10.4662,0.0,513.53,1.72,53.267,273.66,80.77,9.61,1.083
43.02,10.4966,0.0,514.49,1.72,53.231,273.6,80.76,9.61,1.086
43.08,10.5272,0.0,515.46,1.73,53.195,273.12,80.74,9.61,1.091
43.08,10.5272,0.0,515.46,1.73,53.195,273.12,80.74,9.61,1.093
43.12,10.5475,0.0,516.1,1.73,53.17,273.68,80.73,9.61,1.096
43.14,10.5577,0.0,516.42,1.73,53.157,273.85,80.73,9.61,1.098
43.2,10.5883,0.0,517.39,1.73,53.119,273.59,80.72,9.61,1.103
43.22,10.5986,0.0,517.71,1.73,53.107,273.65,80.71,9.61,1.104
43.26,10.6293,0.0,518.68,1.74,53.068,273.23,80.7,9.61,1.109
43.3,10.6395,0.0,519.01,1.74,53.054,273.78,80.7,9.61,1.111
43.34,10.66,0.0,519.66,1.74,53.028,274.05,80.69,9.61,1.114
43.38,10.6806,0.0,520.31,1.74,53.001,274.25,80.68,9.61,1.116
43.38,10.6908,0.0,520.63,1.74,52.987,274.34,80.68,9.61,1.119
43.46,10.7217,0.0,521.61,1.75,52.946,273.65,80.66,9.62,1.123
43.48,10.732,0.0,521.94,1.75,52.933,274.01,80.66,9.62,1.126
43.5,10.7423,0.0,522.26,1.75,52.919,273.98,80.66,9.62,1.128
43.56,10.7733,0.0,523.24,1.75,52.877,273.81,80.64,9.62,1.133
43.6,10.8043,0.0,524.23,1.76,52.834,274.08,80.63,9.62,1.134
43.6,10.8043,0.0,524.23,1.76,52.834,274.08,80.63,9.62,1.138
43.66,10.825,0.0,524.88,1.76,52.805,274.12,80.62,9.62,1.141
43.68,10.8457,0.0,525.54,1.76,52.776,273.66,80.62,9.62,1.145
43.74,10.8665,0.0,526.2,1.76,52.746,274.35,80.61,9.62,1.148
43.76,10.8769,0.0,526.53,1.76,52.731,274.25,80.6,9.62,1.15
43.8,10.8977,0.0,527.19,1.77,52.701,274.1,80.6,9.62,1.153
43.82,10.9185,0.0,527.84,1.77,52.671,273.78,80.59,9.62,1.157
43.88,10.9394,0.0,528.51,1.77,52.64,274.76,80.58,9.62,1.16
43.92,10.9603,0.0,529.17,1.77,52.609,273.97,80.57,9.62,1.162
43.92,10.9707,0.0,529.5,1.77,52.594,274.18,80.57,9.62,1.165
44.0,11.0021,0.0,530.5,1.78,52.547,273.81,80.56,9.63,1.169
44.02,11.0126,0.0,530.83,1.78,52.531,274.52,80.55,9.63,1.172
44.06,11.0335,0.0,531.5,1.78,52.499,274.97,80.54,9.63,1.176
44.1,11.0545,0.0,532.17,1.78,52.467,274.67,80.54,9.63,1.179
44.12,11.065,0.0,532.5,1.78,52.451,274.18,80.53,9.63,1.181
44.16,11.0861,0.0,533.17,1.79,52.419,275.06,80.52,9.63,1.184
44.2,11.1071,0.0,533.84,1.79,52.386,274.96,80.51,9.63,1.188
44.24,11.1282,0.0,534.51,1.79,52.353,274.84,80.51,9.63,1.189
44.26,11.1388,0.0,534.85,1.79,52.337,275.0,80.5,9.63,1.193
44.32,11.1705,0.0,535.86,1.8,52.287,275.13,80.49,9.63,1.196
44.36,11.1916,0.0,536.54,1.8,52.253,274.88,80.48,9.63,1.2
44.36,11.1916,0.0,536.54,1.8,52.253,274.88,80.48,9.63,1.202
44.44,11.234,0.0,537.88,1.8,52.185,274.17,80.47,9.63,1.207
44.44,11.234,0.0,537.88,1.8,52.185,274.17,80.47,9.63,1.209
44.5,11.2659,0.0,538.9,1.81,52.132,274.4,80.45,9.64,1.212
44.5,11.2765,0.0,539.24,1.81,52.115,275.03,80.45,9.64,1.216
44.56,11.2978,0.0,539.92,1.81,52.079,275.1,80.44,9.64,1.219
44.58,11.3085,0.0,540.25,1.81,52.062,274.6,80.44,9.64,1.221
44.62,11.3298,0.0,540.93,1.81,52.026,274.78,80.43,9.64,1.225
44.68,11.3619,0.0,541.96,1.82,51.972,274.77,80.42,9.64,1.228
44.68,11.3619,0.0,541.96,1.82,51.972,274.77,80.42,9.64,1.23
44.76,11.4047,0.0,543.32,1.82,51.899,275.15,80.4,9.64,1.236
44.76,11.4047,0.0,543.32,1.82,51.899,275.15,80.4,9.64,1.237
44.8,11.4261,0.0,544.01,1.82,51.862,274.9,80.4,9.64,1.241
44.84,11.4476,0.0,544.7,1.83,51.825,275.09,80.39,9.64,1.245
44.88,11.4691,0.0,545.39,1.83,51.787,275.42,80.38,9.64,1.248
44.92,11.4907,0.0,546.07,1.83,51.75,275.19,80.37,9.64,1.25
44.94,11.5014,0.0,546.42,1.83,51.731,274.74,80.37,9.64,1.254
45.0,11.5338,0.0,547.45,1.84,51.674,275.63,80.35,9.64,1.257
45.0,11.5338,0.0,547.45,1.84,51.674,275.63,80.35,9.64,1.259
45.04,11.5554,0.0,548.15,1.84,51.636,275.84,80.35,9.64,1.263
45.06,11.5771,0.0,548.84,1.84,51.597,275.24,80.34,9.65,1.266
45.12,11.5987,0.0,549.53,1.84,51.559,275.29,80.33,9.65,1.27
45.14,11.6096,0.0,549.88,1.84,51.539,275.59,80.32,9.65,1.272
45.18,11.6421,0.0,550.92,1.85,51.48,276.04,80.31,9.65,1.277
45.24,11.6639,0.0,551.62,1.85,51.441,275.07,80.3,9.65,1.279
45.26,11.6748,0.0,551.97,1.85,51.421,275.03,80.3,9.65,1.283
45.3,11.6965,0.0,552.66,1.85,51.381,275.33,80.29,9.65,1.287
45.32,11.7184,0.0,553.36,1.86,51.341,275.6,80.28,9.65,1.29
45.36,11.7293,0.0,553.72,1.86,51.32,276.09,80.28,9.65,1.292
45.42,11.7621,0.0,554.77,1.86,51.259,275.73,80.27,9.65,1.296
45.42,11.7621,0.0,554.77,1.86,51.259,275.73,80.27,9.65,1.298
45.5,11.8059,0.0,556.18,1.86,51.177,276.46,80.25,9.65,1.303
45.5,11.8059,0.0,556.18,1.86,51.177,276.46,80.25,9.65,1.305
45.54,11.8278,0.0,556.88,1.87,51.136,275.87,80.24,9.65,1.309
45.56,11.8498,0.0,557.59,1.87,51.095,275.62,80.24,9.65,1.313
45.62,11.8718,0.0,558.3,1.87,51.053,276.08,80.23,9.66,1.317
45.64,11.8828,0.0,558.65,1.87,51.032,275.81,80.22,9.66,1.318
45.68,11.9159,0.0,559.71,1.88,50.969,275.65,80.21,9.66,1.324
45.74,11.938,0.0,560.42,1.88,50.926,276.1,80.2,9.66,1.326
45.76,11.9491,0.0,560.77,1.88,50.905,275.96,80.2,9.66,1.33
45.8,11.9712,0.0,561.49,1.88,50.862,276.43,80.19,9.66,1.334
45.82,11.9933,0.0,562.2,1.89,50.818,275.67,80.18,9.66,1.337
45.86,12.0044,0.0,562.56,1.89,50.797,276.39,80.18,9.66,1.339
45.92,12.0377,0.0,563.63,1.89,50.731,275.4,80.17,9.66,1.343
45.92,12.0377,0.0,563.63,1.89,50.731,275.4,80.17,9.66,1.345
46.0,12.0822,0.0,565.06,1.89,50.644,276.26,80.15,9.66,1.351
46.0,12.0822,0.0,565.06,1.89,50.644,276.26,80.15,9.66,1.353
46.08,12.1269,0.0,566.5,1.9,50.555,276.34,80.14,9.66,1.358
46.08,12.1269,0.0,566.5,1.9,50.555,276.34,80.14,9.66,1.36
46.12,12.1492,0.0,567.21,1.9,50.51,275.44,80.13,9.66,1.364
46.14,12.1604,0.0,567.57,1.9,50.488,275.75,80.12,9.66,1.366
46.18,12.194,0.0,568.65,1.91,50.42,275.68,80.11,9.66,1.372
46.22,12.2052,0.0,569.01,1.91,50.397,275.56,80.11,9.66,1.374
46.26,12.2277,0.0,569.74,1.91,50.351,276.15,80.1,9.66,1.378
46.28,12.2389,0.0,570.1,1.91,50.328,276.52,80.1,9.66,1.38
46.3,12.2614,0.0,570.82,1.91,50.282,276.75,80.09,9.67,1.384
46.38,12.2952,0.0,571.91,1.92,50.213,276.13,80.08,9.67,1.388
46.44,12.329,0.0,573.0,1.92,50.143,275.95,80.07,9.67,1.393
46.44,12.329,0.0,573.0,1.92,50.143,275.95,80.07,9.67,1.395
46.5,12.3629,0.0,574.1,1.93,50.073,276.19,80.05,9.67,1.399
46.5,12.3629,0.0,574.1,1.93,50.073,276.19,80.05,9.67,1.401
46.56,12.3969,0.0,575.19,1.93,50.002,276.9,80.04,9.67,1.407
46.58,12.4082,0.0,575.56,1.93,49.978,276.68,80.04,9.67,1.409
46.62,12.4423,0.0,576.66,1.93,49.907,276.72,80.03,9.67,1.415
46.66,12.4537,0.0,577.03,1.93,49.883,276.82,80.02,9.67,1.417
46.7,12.4764,0.0,577.76,1.94,49.835,275.87,80.01,9.67,1.421
46.74,12.5106,0.0,578.86,1.94,49.763,276.01,80.0,9.67,1.423
46.74,12.5106,0.0,578.86,1.94,49.763,276.01,80.0,9.67,1.427
46.82,12.5449,0.0,579.96,1.94,49.69,276.34,79.99,9.67,1.431
46.84,12.5563,0.0,580.33,1.95,49.666,276.38,79.99,9.67,1.435
46.86,12.5677,0.0,580.7,1.95,49.642,276.73,79.98,9.67,1.437
46.92,12.6021,0.0,581.81,1.95,49.568,276.31,79.97,9.67,1.443
46.94,12.6136,0.0,582.18,1.95,49.543,276.24,79.97,9.67,1.445
46.98,12.648,0.0,583.3,1.96,49.469,276.52,79.96,9.67,1.449
47.02,12.6595,0.0,583.67,1.96,49.444,277.35,79.95,9.67,1.453
47.06,12.6825,0.0,584.42,1.96,49.394,276.0,79.94,9.67,1.455
47.08,12.694,0.0,584.79,1.96,49.369,276.87,79.94,9.67,1.459
47.14,12.7286,0.0,585.91,1.96,49.294,276.74,79.93,9.67,1.463
47.16,12.7402,0.0,586.28,1.97,49.268,276.83,79.93,9.67,1.467
47.2,12.7633,0.0,587.03,1.97,49.218,276.61,79.92,9.67,1.469
47.22,12.7865,0.0,587.78,1.97,49.167,277.11,79.91,9.67,1.476
47.26,12.798,0.0,588.16,1.97,49.141,276.54,79.91,9.68,1.478
47.32,12.8328,0.0,589.29,1.98,49.064,276.62,79.9,9.68,1.482
47.32,12.8328,0.0,589.29,1.98,49.064,276.62,79.9,9.68,1.484
47.38,12.8677,0.0,590.42,1.98,48.987,276.72,79.89,9.68,1.49
47.4,12.8793,0.0,590.8,1.98,48.961,277.14,79.88,9.68,1.492
47.44,12.9026,0.0,591.55,1.98,48.909,276.59,79.87,9.68,1.496
47.5,12.9376,0.0,592.69,1.99,48.83,277.4,79.86,9.68,1.5
47.52,12.9493,0.0,593.07,1.99,48.804,276.58,79.86,9.68,1.504
47.56,12.9727,0.0,593.83,1.99,48.751,277.57,79.85,9.68,1.507
47.58,12.9844,0.0,594.21,1.99,48.725,277.39,79.85,9.68,1.511
47.64,13.0195,0.0,595.35,2.0,48.645,277.1,79.84,9.68,1.515
47.64,13.0195,0.0,595.35,2.0,48.645,277.1,79.84,9.68,1.517
47.68,13.043,0.0,596.12,2.0,48.592,277.17,79.83,9.68,1.521
47.7,13.0665,0.0,596.89,2.0,48.538,277.51,79.82,9.68,1.525
47.76,13.09,0.0,597.65,2.0,48.485,277.21,79.81,9.68,1.529
47.78,13.1018,0.0,598.03,2.01,48.458,277.22,79.81,9.68,1.532
47.82,13.1253,0.0,598.8,2.01,48.404,277.07,79.8,9.68,1.536
47.84,13.1489,0.0,599.57,2.01,48.35,277.71,79.79,9.68,1.54
47.9,13.1726,0.0,600.34,2.01,48.295,278.15,79.79,9.68,1.544
47.94,13.1962,0.0,601.12,2.02,48.241,277.73,79.78,9.68,1.548
48.0,13.2318,0.0,602.28,2.02,48.159,277.5,79.77,9.68,1.553
48.0,13.2318,0.0,602.28,2.02,48.159,277.5,79.77,9.68,1.555
48.04,13.2555,0.0,603.05,2.02,48.104,277.65,79.76,9.68,1.559
48.06,13.2793,0.0,603.82,2.03,48.048,277.07,79.75,9.68,1.563
48.12,13.3031,0.0,604.6,2.03,47.993,277.54,79.74,9.68,1.568
48.14,13.315,0.0,604.99,2.03,47.965,277.04,79.74,9.68,1.57
48.2,13.3507,0.0,606.15,2.03,47.881,277.15,79.73,9.68,1.576
48.22,13.3627,0.0,606.54,2.03,47.852,277.41,79.72,9.68,1.578
48.26,13.3866,0.0,607.33,2.04,47.796,277.56,79.71,9.69,1.583
48.3,13.4225,0.0,608.5,2.04,47.711,278.07,79.7,9.69,1.585
48.3,13.4225,0.0,608.5,2.04,47.711,278.07,79.7,9.69,1.589
48.38,13.4585,0.0,609.68,2.04,47.626,277.83,79.69,9.69,1.593
48.38,13.4585,0.0,609.68,2.04,47.626,277.83,79.69,9.69,1.596
48.42,13.4945,0.0,610.85,2.05,47.54,277.39,79.68,9.69,1.602
48.48,13.5186,0.0,611.64,2.05,47.483,278.01,79.67,9.69,1.604
48.5,13.5306,0.0,612.04,2.05,47.454,278.02,79.67,9.69,1.609
48.56,13.5668,0.0,613.23,2.06,47.368,278.3,79.66,9.69,1.613
48.56,13.5668,0.0,613.23,2.06,47.368,278.3,79.66,9.69,1.615
48.6,13.591,0.0,614.02,2.06,47.31,277.5,79.65,9.69,1.62
48.62,13.6151,0.0,614.81,2.06,47.252,277.35,79.64,9.69,1.624
48.68,13.6394,0.0,615.6,2.06,47.194,278.1,79.64,9.69,1.628
48.7,13.6515,0.0,616.0,2.07,47.164,278.43,79.63,9.69,1.631
48.74,13.6879,0.0,617.2,2.07,47.077,278.19,79.62,9.69,1.637
48.78,13.7,0.0,617.59,2.07,47.047,277.88,79.62,9.69,1.639
48.8,13.7122,0.0,617.99,2.07,47.018,278.55,79.62,9.69,1.642
48.86,13.7487,0.0,619.19,2.08,46.929,278.31,79.6,9.69,1.646
48.86,13.7609,0.0,619.59,2.08,46.9,278.25,79.6,9.69,1.65
48.92,13.7853,0.0,620.39,2.08,46.841,277.75,79.59,9.69,1.655
48.98,13.822,0.0,621.6,2.09,46.751,278.44,79.58,9.69,1.659
48.98,13.8342,0.0,622.0,2.09,46.722,278.52,79.58,9.69,1.664
49.04,13.8587,0.0,622.81,2.09,46.662,278.71,79.57,9.69,1.666
49.06,13.871,0.0,623.21,2.09,46.632,277.62,79.56,9.69,1.671
49.1,13.9078,0.0,624.42,2.09,46.542,278.17,79.55,9.69,1.673
49.1,13.9078,0.0,624.42,2.09,46.542,278.17,79.55,9.69,1.677
49.16,13.9324,0.0,625.23,2.1,46.482,277.9,79.54,9.69,1.682
49.24,13.9817,0.0,626.85,2.1,46.361,278.69,79.53,9.69,1.689
49.24,13.9817,0.0,626.85,2.1,46.361,278.69,79.53,9.69,1.691
49.3,14.0187,0.0,628.07,2.11,46.269,278.39,79.52,9.69,1.695
49.3,14.0311,0.0,628.48,2.11,46.239,278.52,79.51,9.69,1.7
49.36,14.0558,0.0,629.29,2.11,46.178,278.47,79.51,9.69,1.704
49.42,14.093,0.0,630.52,2.12,46.086,278.73,79.5,9.69,1.709
49.42,14.093,0.0,630.52,2.12,46.086,278.73,79.5,9.69,1.711
49.48,14.1303,0.0,631.75,2.12,45.994,278.71,79.49,9.69,1.718
49.5,14.1427,0.0,632.16,2.12,45.963,278.0,79.48,9.69,1.72
49.54,14.1676,0.0,632.98,2.12,45.901,278.75,79.48,9.69,1.725
49.56,14.1925,0.0,633.81,2.13,45.839,278.51,79.47,9.69,1.73
49.62,14.2175,0.0,634.63,2.13,45.777,278.64,79.46,9.69,1.734
49.66,14.2424,0.0,635.45,2.13,45.715,278.84,79.46,9.69,1.737
49.68,14.255,0.0,635.87,2.13,45.684,278.57,79.45,9.69,1.741
49.74,14.2925,0.0,637.11,2.14,45.59,278.63,79.44,9.69,1.746
49.74,14.2925,0.0,637.11,2.14,45.59,278.63,79.44,9.69,1.748
49.8,14.3302,0.0,638.36,2.14,45.497,279.08,79.43,9.69,1.753
49.8,14.3427,0.0,638.77,2.14,45.465,278.47,79.43,9.69,1.757
49.86,14.3679,0.0,639.61,2.15,45.402,279.26,79.42,9.69,1.762
49.88,14.3804,0.0,640.02,2.15,45.371,278.31,79.41,9.69,1.764
49.92,14.4182,0.0,641.28,2.15,45.277,279.25,79.4,9.69,1.771
49.98,14.4435,0.0,642.12,2.15,45.214,279.44,79.39,9.69,1.774
50.0,14.4561,0.0,642.54,2.16,45.182,279.02,79.39,9.69,1.778
50.06,14.4941,0.0,643.8,2.16,45.087,279.23,79.38,9.69,1.783
50.06,14.4941,0.0,643.8,2.16,45.087,279.23,79.38,9.69,1.786
50.1,14.5194,0.0,644.64,2.16,45.024,278.5,79.37,9.69,1.79
50.14,14.5448,0.0,645.48,2.17,44.961,279.11,79.36,9.69,1.795
50.18,14.5702,0.0,646.32,2.17,44.897,278.95,79.36,9.69,1.8
50.2,14.5829,0.0,646.74,2.17,44.865,279.27,79.35,9.7,1.802
50.24,14.6084,0.0,647.59,2.17,44.802,278.99,79.35,9.7,1.807
50.28,14.6466,0.0,648.86,2.18,44.705,279.44,79.33,9.7,1.809
50.28,14.6466,0.0,648.86,2.18,44.705,279.44,79.33,9.7,1.814
50.36,14.6849,0.0,650.14,2.18,44.609,278.98,79.32,9.7,1.819
50.38,14.6977,0.0,650.56,2.18,44.577,279.53,79.32,9.7,1.824
50.42,14.7233,0.0,651.41,2.19,44.513,279.22,79.31,9.7,1.828
50.46,14.7489,0.0,652.27,2.19,44.448,279.25,79.3,9.7,1.833
50.48,14.7618,0.0,652.69,2.19,44.416,278.7,79.3,9.7,1.836
50.52,14.8003,0.0,653.98,2.2,44.319,279.11,79.29,9.7,1.84
50.56,14.8132,0.0,654.41,2.2,44.287,279.23,79.29,9.7,1.845
50.6,14.8389,0.0,655.27,2.2,44.222,279.91,79.28,9.7,1.85
50.62,14.8647,0.0,656.13,2.2,44.158,279.1,79.27,9.7,1.855
50.68,14.8905,0.0,656.99,2.21,44.093,279.43,79.26,9.7,1.857
50.72,14.9164,0.0,657.85,2.21,44.028,279.59,79.26,9.7,1.862
50.72,14.9164,0.0,657.85,2.21,44.028,279.59,79.26,9.7,1.865
50.8,14.9682,0.0,659.59,2.21,43.898,279.79,79.24,9.7,1.872
50.8,14.9682,0.0,659.59,2.21,43.898,279.79,79.24,9.7,1.874
50.86,15.0071,0.0,660.89,2.22,43.8,279.54,79.23,9.7,1.879
50.88,15.0201,0.0,661.32,2.22,43.768,279.22,79.23,9.7,1.884
50.9,15.0461,0.0,662.19,2.22,43.702,279.16,79.22,9.7,1.889
50.98,15.0852,0.0,663.5,2.23,43.604,280.1,79.21,9.7,1.894
50.98,15.0852,0.0,663.5,2.23,43.604,280.1,79.21,9.7,1.896
51.04,15.1244,0.0,664.81,2.23,43.505,278.93,79.2,9.7,1.901
51.06,15.1374,0.0,665.25,2.23,43.472,280.1,79.2,9.7,1.906
51.1,15.1636,0.0,666.12,2.24,43.405,279.73,79.19,9.7,1.911
51.12,15.1767,0.0,666.56,2.24,43.372,279.34,79.19,9.7,1.914
51.18,15.2161,0.0,667.88,2.24,43.272,279.94,79.17,9.7,1.919
51.22,15.2423,0.0,668.77,2.25,43.205,279.93,79.17,9.7,1.924
51.22,15.2423,0.0,668.77,2.25,43.205,279.93,79.17,9.7,1.926
51.26,15.2818,0.0,670.09,2.25,43.104,280.16,79.16,9.7,1.934
51.3,15.295,0.0,670.54,2.25,43.071,280.4,79.15,9.7,1.936
51.36,15.3345,0.0,671.87,2.26,42.97,280.32,79.14,9.7,1.941
51.36,15.3345,0.0,671.87,2.26,42.97,280.32,79.14,9.7,1.944
51.4,15.3742,0.0,673.2,2.26,42.868,280.23,79.13,9.7,1.951
51.44,15.3874,0.0,673.65,2.26,42.834,279.38,79.13,9.7,1.954
51.5,15.4272,0.0,674.99,2.27,42.732,280.08,79.12,9.7,1.961
51.52,15.4405,0.0,675.43,2.27,42.698,280.21,79.11,9.7,1.964
51.54,15.467,0.0,676.33,2.27,42.63,279.43,79.11,9.7,1.969
51.62,15.5069,0.0,677.67,2.28,42.527,279.32,79.1,9.7,1.974
51.62,15.5069,0.0,677.67,2.28,42.527,279.32,79.1,9.7,1.977
51.68,15.5469,0.0,679.02,2.28,42.423,279.62,79.08,9.7,1.984
51.7,15.5603,0.0,679.47,2.28,42.389,279.49,79.08,9.7,1.987
51.76,15.6003,0.0,680.82,2.29,42.285,279.88,79.07,9.7,1.992
51.78,15.6137,0.0,681.27,2.29,42.25,279.9,79.07,9.7,1.997
51.8,15.6405,0.0,682.17,2.29,42.18,279.99,79.06,9.7,2.002
51.84,15.6539,0.0,682.62,2.29,42.145,279.82,79.06,9.7,2.005
51.86,15.6808,0.0,683.53,2.3,42.075,280.1,79.05,9.7,2.01
51.94,15.7345,0.0,685.35,2.3,41.935,279.77,79.03,9.7,2.015
51.94,15.7345,0.0,685.35,2.3,41.935,279.77,79.03,9.7,2.02
52.0,15.7615,0.0,686.26,2.31,41.865,280.25,79.03,9.7,2.026
52.02,15.7885,0.0,687.17,2.31,41.795,280.09,79.02,9.7,2.031
52.06,15.802,0.0,687.63,2.31,41.759,280.34,79.02,9.7,2.033
52.1,15.829,0.0,688.54,2.31,41.689,280.0,79.01,9.7,2.039
52.16,15.8696,0.0,689.92,2.32,41.583,279.91,79.0,9.7,2.044
52.18,15.8832,0.0,690.38,2.32,41.547,280.36,78.99,9.7,2.049
52.24,15.9239,0.0,691.76,2.33,41.441,280.48,78.98,9.7,2.054
52.26,15.9375,0.0,692.22,2.33,41.406,280.62,78.98,9.7,2.059
52.28,15.9511,0.0,692.68,2.33,41.37,280.3,78.97,9.7,2.062
52.34,15.992,0.0,694.07,2.33,41.263,280.49,78.96,9.7,2.07
52.36,16.0056,0.0,694.53,2.33,41.228,280.6,78.96,9.7,2.073
52.4,16.0329,0.0,695.46,2.34,41.157,280.11,78.95,9.7,2.078
52.46,16.0739,0.0,696.85,2.34,41.049,280.44,78.94,9.7,2.083
52.46,16.0739,0.0,696.85,2.34,41.049,280.44,78.94,9.7,2.086
52.52,16.115,0.0,698.25,2.35,40.942,280.41,78.93,9.7,2.091
52.54,16.1287,0.0,698.72,2.35,40.906,280.82,78.93,9.7,2.097
52.58,16.1562,0.0,699.65,2.35,40.835,280.48,78.92,9.7,2.102
52.62,16.1837,0.0,700.59,2.36,40.763,280.87,78.91,9.7,2.107
52.66,16.2112,0.0,701.53,2.36,40.691,280.0,78.91,9.7,2.113
52.7,16.2388,0.0,702.47,2.36,40.619,280.83,78.9,9.7,2.115
52.72,16.2526,0.0,702.94,2.36,40.583,280.19,78.9,9.7,2.121
52.76,16.294,0.0,704.35,2.37,40.475,280.29,78.89,9.7,2.126
52.8,16.3079,0.0,704.82,2.37,40.439,280.53,78.88,9.7,2.131
52.84,16.3356,0.0,705.77,2.37,40.367,280.68,78.87,9.7,2.137
52.88,16.3772,0.0,707.19,2.38,40.259,280.65,78.86,9.7,2.139
52.88,16.3772,0.0,707.19,2.38,40.259,280.65,78.86,9.7,2.145
52.96,16.4189,0.0,708.61,2.38,40.151,280.16,78.85,9.7,2.15
52.98,16.4328,0.0,709.09,2.38,40.115,281.03,78.85,9.7,2.156
53.0,16.4607,0.0,710.04,2.39,40.042,280.51,78.84,9.7,2.161
53.06,16.4886,0.0,711.0,2.39,39.97,280.89,78.84,9.7,2.167
53.08,16.5025,0.0,711.48,2.39,39.934,280.33,78.83,9.7,2.169
53.1,16.5305,0.0,712.43,2.4,39.862,281.05,78.83,9.7,2.175
53.16,16.5585,0.0,713.39,2.4,39.789,281.09,78.82,9.7,2.18
53.2,16.5865,0.0,714.35,2.4,39.717,280.8,78.81,9.7,2.186
53.22,16.6146,0.0,715.31,2.41,39.644,280.23,78.81,9.7,2.191
53.28,16.6427,0.0,716.27,2.41,39.571,280.77,78.8,9.69,2.197
53.32,16.6708,0.0,717.24,2.41,39.499,280.76,78.79,9.69,2.2
53.32,16.6708,0.0,717.24,2.41,39.499,280.76,78.79,9.69,2.202
53.4,16.7272,0.0,719.17,2.42,39.353,280.52,78.78,9.69,2.211
53.4,16.7272,0.0,719.17,2.42,39.353,280.52,78.78,9.69,2.214
53.44,16.7555,0.0,720.14,2.42,39.28,280.78,78.77,9.69,2.219
53.46,16.7837,0.0,721.11,2.43,39.207,280.54,78.76,9.69,2.225
53.52,16.8121,0.0,722.09,2.43,39.134,280.59,78.76,9.69,2.23
53.56,16.8404,0.0,723.06,2.43,39.06,281.04,78.75,9.69,2.236
53.6,16.8688,0.0,724.04,2.44,38.987,280.49,78.74,9.69,2.241
53.62,16.883,0.0,724.53,2.44,38.95,281.55,78.74,9.69,2.244
53.64,16.9115,0.0,725.51,2.44,38.877,280.45,78.73,9.69,2.25
53.7,16.94,0.0,726.49,2.44,38.803,281.38,78.73,9.69,2.255
53.74,16.9685,0.0,727.47,2.45,38.73,281.05,78.72,9.69,2.261
53.76,16.9971,0.0,728.46,2.45,38.657,281.31,78.71,9.69,2.267
53.82,17.0257,0.0,729.44,2.46,38.583,280.86,78.71,9.69,2.272
53.84,17.0544,0.0,730.43,2.46,38.509,280.67,78.7,9.69,2.278
53.88,17.0687,0.0,730.93,2.46,38.473,280.9,78.7,9.69,2.281
53.92,17.1118,0.0,732.41,2.47,38.362,281.44,78.69,9.69,2.287
53.96,17.1262,0.0,732.91,2.47,38.325,281.51,78.68,9.69,2.292
54.0,17.1549,0.0,733.91,2.47,38.251,281.24,78.67,9.69,2.295
54.02,17.1693,0.0,734.41,2.47,38.214,281.39,78.67,9.69,2.301
54.06,17.1982,0.0,735.41,2.48,38.141,281.5,78.66,9.69,2.307
54.08,17.2126,0.0,735.9,2.48,38.104,280.74,78.66,9.69,2.31
54.14,17.256,0.0,737.4,2.48,37.993,280.96,78.65,9.69,2.318
54.16,17.2849,0.0,738.41,2.49,37.919,281.45,78.64,9.69,2.324
54.22,17.3139,0.0,739.41,2.49,37.845,280.99,78.64,9.69,2.33
54.24,17.3284,0.0,739.91,2.49,37.808,281.74,78.63,9.69,2.333
54.28,17.3575,0.0,740.92,2.49,37.734,280.52,78.62,9.69,2.338
54.34,17.4157,0.0,742.94,2.5,37.586,281.24,78.61,9.69,2.344
54.34,17.4157,0.0,742.94,2.5,37.586,281.24,78.61,9.69,2.35
54.42,17.4741,0.0,744.96,2.51,37.437,281.5,78.6,9.69,2.356
54.42,17.4741,0.0,744.96,2.51,37.437,281.5,78.6,9.69,2.362
54.5,17.518,0.0,746.49,2.51,37.325,281.88,78.58,9.69,2.368
54.5,17.5326,0.0,747.0,2.52,37.288,281.68,78.58,9.69,2.373
54.56,17.5766,0.0,748.53,2.52,37.177,281.18,78.57,9.69,2.376
54.56,17.5766,0.0,748.53,2.52,37.177,281.18,78.57,9.69,2.382
54.62,17.606,0.0,749.55,2.52,37.102,282.09,78.56,9.69,2.388
54.64,17.6354,0.0,750.57,2.53,37.028,281.1,78.56,9.69,2.394
54.7,17.6649,0.0,751.6,2.53,36.954,281.12,78.55,9.69,2.4
54.72,17.6796,0.0,752.11,2.53,36.916,281.58,78.54,9.69,2.403
54.76,17.7092,0.0,753.14,2.54,36.842,281.41,78.54,9.7,2.409
54.82,17.7535,0.0,754.69,2.54,36.73,281.83,78.53,9.7,2.415
54.82,17.7535,0.0,754.69,2.54,36.73,281.83,78.53,9.7,2.418
54.88,17.798,0.0,756.24,2.55,36.618,281.31,78.52,9.7,2.424
54.88,17.8128,0.0,756.75,2.55,36.581,281.18,78.51,9.7,2.43
54.94,17.8425,0.0,757.79,2.55,36.506,281.83,78.51,9.7,2.436
54.98,17.8723,0.0,758.83,2.56,36.431,282.2,78.5,9.7,2.442
55.02,17.902,0.0,759.88,2.56,36.357,281.42,78.49,9.7,2.448
55.04,17.9169,0.0,760.39,2.56,36.319,281.16,78.49,9.7,2.451
55.08,17.9617,0.0,761.96,2.57,36.208,281.55,78.48,9.7,2.46
55.14,17.9916,0.0,763.01,2.57,36.133,281.88,78.47,9.69,2.463
55.16,18.0066,0.0,763.53,2.57,36.096,281.92,78.47,9.69,2.469
55.22,18.0516,0.0,765.1,2.58,35.983,281.53,78.46,9.69,2.475
55.22,18.0516,0.0,765.1,2.58,35.983,281.53,78.46,9.69,2.478
55.3,18.1116,0.0,767.2,2.59,35.834,281.41,78.45,9.69,2.487
55.3,18.1267,0.0,767.73,2.59,35.796,281.93,78.45,9.69,2.493
55.34,18.1418,0.0,768.26,2.59,35.759,282.18,78.44,9.69,2.496
55.36,18.1568,0.0,768.78,2.59,35.721,281.64,78.44,9.69,2.499
55.42,18.2021,0.0,770.37,2.6,35.609,282.09,78.43,9.69,2.508
55.44,18.2172,0.0,770.9,2.6,35.571,281.23,78.43,9.68,2.511
55.5,18.2626,0.0,772.49,2.6,35.459,281.76,78.42,9.68,2.521
55.54,18.3081,0.0,774.08,2.61,35.347,281.3,78.41,9.68,2.524
55.54,18.3081,0.0,774.08,2.61,35.347,281.3,78.41,9.68,2.53
55.62,18.3688,0.0,776.22,2.62,35.197,281.81,78.39,9.68,2.536
55.62,18.3688,0.0,776.22,2.62,35.197,281.81,78.39,9.68,2.542
55.7,18.4145,0.0,777.83,2.62,35.084,281.97,78.38,9.68,2.548
55.7,18.4145,0.0,777.83,2.62,35.084,281.97,78.38,9.68,2.552
55.74,18.4603,0.0,779.44,2.63,34.972,281.51,78.37,9.68,2.561
55.78,18.4756,0.0,779.98,2.63,34.934,282.08,78.37,9.68,2.564
55.82,18.5062,0.0,781.05,2.63,34.86,282.1,78.36,9.68,2.57
55.88,18.5522,0.0,782.67,2.64,34.747,282.3,78.35,9.68,2.577
55.88,18.5522,0.0,782.67,2.64,34.747,282.3,78.35,9.68,2.58
55.94,18.5983,0.0,784.3,2.64,34.635,282.45,78.34,9.68,2.586
55.94,18.6136,0.0,784.84,2.65,34.597,281.55,78.34,9.68,2.592
56.0,18.6444,0.0,785.93,2.65,34.522,282.36,78.33,9.68,2.598
56.02,18.6598,0.0,786.47,2.65,34.485,282.47,78.32,9.68,2.602
56.06,18.6907,0.0,787.56,2.66,34.41,281.48,78.32,9.68,2.608
56.12,18.737,0.0,789.2,2.66,34.298,282.61,78.31,9.68,2.614
56.12,18.737,0.0,789.2,2.66,34.298,282.61,78.31,9.68,2.617
56.18,18.7835,0.0,790.83,2.67,34.185,282.39,78.3,9.69,2.627
56.2,18.799,0.0,791.38,2.67,34.148,281.99,78.29,9.69,2.63
56.24,18.83,0.0,792.48,2.67,34.073,282.58,78.29,9.69,2.637
56.26,18.8611,0.0,793.58,2.68,33.998,281.98,78.28,9.69,2.643
56.32,18.8922,0.0,794.68,2.68,33.923,281.86,78.28,9.69,2.649
56.34,18.9078,0.0,795.23,2.68,33.886,282.38,78.27,9.69,2.653
56.36,18.939,0.0,796.33,2.69,33.811,281.93,78.27,9.69,2.659
56.44,18.9858,0.0,797.99,2.69,33.699,281.88,78.26,9.69,2.665
56.46,19.0015,0.0,798.55,2.69,33.661,281.75,78.25,9.69,2.672
56.48,19.0328,0.0,799.66,2.7,33.586,282.3,78.25,9.69,2.678
56.52,19.0485,0.0,800.22,2.7,33.549,282.72,78.24,9.69,2.681
56.56,19.0956,0.0,801.88,2.71,33.437,282.06,78.23,9.69,2.691
56.62,19.127,0.0,803.0,2.71,33.362,281.65,78.23,9.69,2.694
56.64,19.1427,0.0,803.56,2.71,33.325,282.41,78.22,9.69,2.701
56.7,19.19,0.0,805.24,2.72,33.213,282.48,78.21,9.69,2.707
56.74,19.2216,0.0,806.36,2.72,33.138,282.63,78.21,9.69,2.714
56.74,19.2216,0.0,806.36,2.72,33.138,282.63,78.21,9.69,2.717
56.8,19.2849,0.0,808.61,2.73,32.989,282.45,78.19,9.68,2.724
56.8,19.2849,0.0,808.61,2.73,32.989,282.45,78.19,9.68,2.73
56.88,19.3324,0.0,810.31,2.73,32.877,282.88,78.18,9.68,2.737
56.92,19.3642,0.0,811.44,2.74,32.803,282.72,78.18,9.68,2.743
56.92,19.3801,0.0,812.01,2.74,32.765,282.58,78.17,9.68,2.75
56.96,19.396,0.0,812.58,2.74,32.728,282.92,78.17,9.68,2.753
57.0,19.4279,0.0,813.71,2.75,32.654,282.03,78.16,9.68,2.76
57.02,19.4438,0.0,814.28,2.75,32.617,282.6,78.16,9.68,2.763
57.06,19.4917,0.0,815.99,2.75,32.505,282.77,78.15,9.67,2.773
57.12,19.5237,0.0,817.13,2.76,32.431,282.38,78.14,9.67,2.777
57.14,19.5397,0.0,817.7,2.76,32.393,282.24,78.14,9.67,2.783
57.16,19.5718,0.0,818.85,2.76,32.319,282.6,78.13,9.67,2.79
57.2,19.5878,0.0,819.42,2.77,32.282,282.5,78.13,9.67,2.793
57.24,19.636,0.0,821.14,2.77,32.17,282.44,78.12,9.67,2.803
57.28,19.6521,0.0,821.71,2.77,32.133,282.76,78.12,9.67,2.807
57.32,19.6843,0.0,822.86,2.78,32.059,282.31,78.11,9.67,2.813
57.36,19.7327,0.0,824.6,2.78,31.947,282.56,78.1,9.67,2.817
57.36,19.7327,0.0,824.6,2.78,31.947,282.56,78.1,9.67,2.823
57.42,19.765,0.0,825.75,2.79,31.873,282.28,78.09,9.67,2.83
57.44,19.7812,0.0,826.33,2.79,31.836,282.48,78.09,9.67,2.833
57.5,19.8298,0.0,828.07,2.8,31.725,282.38,78.08,9.67,2.844
57.52,19.846,0.0,828.65,2.8,31.688,282.56,78.08,9.67,2.847
57.56,19.8785,0.0,829.82,2.8,31.614,282.78,78.07,9.67,2.854
57.58,19.8947,0.0,830.4,2.8,31.577,282.47,78.07,9.67,2.857
57.64,19.9436,0.0,832.15,2.81,31.465,282.8,78.06,9.67,2.867
57.66,19.9599,0.0,832.73,2.81,31.428,282.92,78.05,9.67,2.871
57.7,19.9925,0.0,833.9,2.82,31.354,282.42,78.05,9.67,2.878
57.72,20.0252,0.0,835.08,2.82,31.28,283.17,78.04,9.67,2.884
57.8,20.0743,0.0,836.84,2.83,31.169,283.17,78.03,9.67,2.891
57.8,20.0743,0.0,836.84,2.83,31.169,283.17,78.03,9.67,2.895
57.84,20.1235,0.0,838.61,2.83,31.058,283.39,78.02,9.67,2.905
57.88,20.1399,0.0,839.2,2.83,31.021,282.63,78.02,9.67,2.909
57.92,20.1893,0.0,840.97,2.84,30.911,282.91,78.01,9.67,2.919
57.96,20.2057,0.0,841.56,2.84,30.874,282.75,78.01,9.67,2.922
58.0,20.2387,0.0,842.75,2.85,30.8,282.59,78.0,9.67,2.929
58.02,20.2552,0.0,843.34,2.85,30.763,283.16,78.0,9.67,2.933
58.06,20.2882,0.0,844.53,2.85,30.689,283.21,77.99,9.67,2.94
58.08,20.3213,0.0,845.72,2.86,30.615,283.12,77.98,9.68,2.947
58.14,20.3545,0.0,846.91,2.86,30.541,283.33,77.98,9.68,2.954
58.18,20.3877,0.0,848.11,2.86,30.468,282.66,77.97,9.67,2.961
58.24,20.4375,0.0,849.9,2.87,30.357,282.57,77.96,9.67,2.968
58.24,20.4375,0.0,849.9,2.87,30.357,282.57,77.96,9.67,2.971
58.3,20.4875,0.0,851.7,2.88,30.246,283.13,77.95,9.67,2.978
58.32,20.5041,0.0,852.3,2.88,30.21,282.61,77.95,9.67,2.985
58.36,20.5542,0.0,854.11,2.89,30.099,282.89,77.94,9.67,2.989
58.36,20.5542,0.0,854.11,2.89,30.099,282.89,77.94,9.67,2.996
58.44,20.6044,0.0,855.92,2.89,29.989,282.92,77.93,9.67,3.003
58.48,20.638,0.0,857.13,2.9,29.915,283.08,77.92,9.67,3.01
58.48,20.638,0.0,857.13,2.9,29.915,283.08,77.92,9.67,3.014
58.52,20.6884,0.0,858.95,2.9,29.805,282.64,77.91,9.67,3.024
58.56,20.7052,0.0,859.56,2.9,29.768,283.17,77.91,9.67,3.028
58.62,20.7557,0.0,861.38,2.91,29.659,282.72,77.9,9.67,3.035
58.62,20.7557,0.0,861.38,2.91,29.659,282.72,77.9,9.67,3.039
58.66,20.7894,0.0,862.6,2.92,29.585,282.84,77.89,9.66,3.046
58.68,20.8232,0.0,863.82,2.92,29.512,282.61,77.89,9.66,3.053
58.74,20.857,0.0,865.05,2.92,29.439,282.33,77.88,9.66,3.06
58.76,20.874,0.0,865.66,2.93,29.402,282.29,77.88,9.66,3.064
58.8,20.9079,0.0,866.88,2.93,29.329,282.76,77.87,9.66,3.071
58.86,20.9588,0.0,868.73,2.94,29.219,283.29,77.86,9.66,3.078
58.88,20.9758,0.0,869.34,2.94,29.182,282.77,77.86,9.66,3.085
58.92,21.0099,0.0,870.58,2.94,29.109,283.54,77.85,9.66,3.093
58.94,21.0269,0.0,871.19,2.94,29.073,282.67,77.85,9.66,3.096
58.98,21.061,0.0,872.43,2.95,29.0,282.92,77.84,9.66,3.103
59.02,21.0952,0.0,873.67,2.95,28.927,283.33,77.84,9.65,3.111
59.06,21.1294,0.0,874.91,2.96,28.854,282.48,77.83,9.65,3.118
59.1,21.1637,0.0,876.15,2.96,28.781,283.36,77.82,9.65,3.125
59.12,21.1808,0.0,876.77,2.96,28.745,282.67,77.82,9.65,3.129
59.16,21.2323,0.0,878.65,2.97,28.635,283.17,77.81,9.65,3.14
59.2,21.2495,0.0,879.27,2.97,28.599,282.97,77.81,9.65,3.144
59.24,21.2839,0.0,880.53,2.98,28.526,283.6,77.8,9.65,3.151
59.26,21.3012,0.0,881.15,2.98,28.49,282.79,77.8,9.65,3.155
59.3,21.3357,0.0,882.41,2.98,28.417,283.56,77.79,9.65,3.162
59.36,21.3875,0.0,884.29,2.99,28.308,283.29,77.78,9.65,3.169
59.38,21.4048,0.0,884.92,2.99,28.272,283.59,77.78,9.65,3.177
59.42,21.4395,0.0,886.18,3.0,28.199,283.39,77.77,9.65,3.184
59.44,21.4568,0.0,886.82,3.0,28.163,283.29,77.77,9.65,3.188
59.48,21.4915,0.0,888.08,3.0,28.09,283.9,77.76,9.65,3.195
59.5,21.5263,0.0,889.35,3.01,28.018,283.33,77.76,9.65,3.203
59.54,21.5437,0.0,889.98,3.01,27.981,282.93,77.75,9.65,3.207
59.6,21.596,0.0,891.89,3.02,27.872,282.95,77.74,9.65,3.214
59.62,21.6134,0.0,892.53,3.02,27.836,283.78,77.74,9.65,3.222
59.66,21.6484,0.0,893.8,3.02,27.764,283.12,77.73,9.65,3.229
59.68,21.6658,0.0,894.44,3.02,27.727,283.25,77.73,9.65,3.233
59.72,21.7009,0.0,895.72,3.03,27.655,282.76,77.72,9.65,3.24
59.74,21.7359,0.0,896.99,3.03,27.582,282.74,77.72,9.65,3.248
59.8,21.771,0.0,898.27,3.04,27.509,283.18,77.71,9.65,3.255
59.86,21.8238,0.0,900.2,3.04,27.4,283.34,77.7,9.65,3.263
59.86,21.8238,0.0,900.2,3.04,27.4,283.34,77.7,9.65,3.267
59.9,21.859,0.0,901.49,3.05,27.328,283.36,77.7,9.65,3.274
59.96,21.912,0.0,903.42,3.06,27.219,282.83,77.69,9.65,3.286
59.98,21.9296,0.0,904.07,3.06,27.182,283.36,77.68,9.65,3.29
60.04,21.9827,0.0,906.01,3.06,27.073,283.8,77.67,9.65,3.297
60.04,21.9827,0.0,906.01,3.06,27.073,283.8,77.67,9.65,3.301
60.1,22.0359,0.0,907.96,3.07,26.964,283.39,77.67,9.65,3.313
60.12,22.0537,0.0,908.61,3.07,26.928,283.24,77.66,9.65,3.316
60.16,22.0893,0.0,909.91,3.08,26.855,282.96,77.66,9.65,3.324
60.22,22.1427,0.0,911.86,3.08,26.746,282.77,77.65,9.65,3.332
60.22,22.1427,0.0,911.86,3.08,26.746,282.77,77.65,9.65,3.336
60.3,22.2141,0.0,914.48,3.09,26.601,283.44,77.63,9.65,3.347
60.3,22.2141,0.0,914.48,3.09,26.601,283.44,77.63,9.65,3.351
60.36,22.2678,0.0,916.45,3.1,26.492,283.54,77.62,9.65,3.359
60.38,22.2857,0.0,917.1,3.1,26.455,283.3,77.62,9.65,3.367
60.4,22.3037,0.0,917.76,3.1,26.419,283.55,77.62,9.65,3.371
60.42,22.3396,0.0,919.08,3.11,26.347,283.27,77.61,9.65,3.378
60.48,22.3755,0.0,920.4,3.11,26.274,283.8,77.61,9.65,3.386
60.54,22.4296,0.0,922.38,3.12,26.165,283.96,77.6,9.65,3.394
60.54,22.4296,0.0,922.38,3.12,26.165,283.96,77.6,9.65,3.398
60.6,22.4837,0.0,924.37,3.13,26.057,283.02,77.59,9.64,3.41
60.62,22.5018,0.0,925.03,3.13,26.021,283.28,77.58,9.64,3.414
60.66,22.5561,0.0,927.03,3.14,25.912,283.65,77.57,9.64,3.425
60.72,22.5924,0.0,928.36,3.14,25.84,282.56,77.57,9.64,3.429
60.72,22.5924,0.0,928.36,3.14,25.84,282.56,77.57,9.64,3.433
60.8,22.6651,0.0,931.02,3.15,25.695,283.1,77.56,9.64,3.445
60.8,22.6651,0.0,931.02,3.15,25.695,283.1,77.56,9.64,3.449
60.84,22.7197,0.0,933.03,3.16,25.587,283.83,77.55,9.64,3.461
60.88,22.7379,0.0,933.7,3.16,25.551,283.0,77.54,9.64,3.465
60.9,22.7562,0.0,934.38,3.16,25.514,283.32,77.54,9.64,3.469
60.92,22.7928,0.0,935.72,3.17,25.442,283.2,77.53,9.63,3.477
60.98,22.8294,0.0,937.07,3.17,25.37,283.26,77.53,9.63,3.485
61.04,22.8844,0.0,939.09,3.18,25.262,283.11,77.52,9.63,3.493
61.04,22.8844,0.0,939.09,3.18,25.262,283.11,77.52,9.63,3.497
61.1,22.9395,0.0,941.12,3.18,25.154,283.54,77.51,9.63,3.509
61.12,22.9579,0.0,941.8,3.19,25.118,283.21,77.51,9.63,3.513
61.16,22.9947,0.0,943.16,3.19,25.046,283.85,77.5,9.63,3.521
61.22,23.0501,0.0,945.2,3.2,24.939,283.3,77.49,9.63,3.529
61.22,23.0501,0.0,945.2,3.2,24.939,283.3,77.49,9.63,3.533
61.3,23.1241,0.0,947.93,3.21,24.795,283.31,77.48,9.63,3.545
61.3,23.1241,0.0,947.93,3.21,24.795,283.31,77.48,9.63,3.549
61.34,23.1797,0.0,949.98,3.21,24.688,283.77,77.47,9.63,3.562
61.38,23.1982,0.0,950.67,3.22,24.652,284.0,77.47,9.63,3.566
61.42,23.2354,0.0,952.04,3.22,24.58,284.0,77.46,9.63,3.574
61.48,23.2913,0.0,954.1,3.23,24.473,283.77,77.45,9.62,3.582
61.48,23.2913,0.0,954.1,3.23,24.473,283.77,77.45,9.62,3.586
61.54,23.3473,0.0,956.17,3.23,24.366,283.17,77.44,9.62,3.598
61.56,23.366,0.0,956.86,3.24,24.33,283.71,77.44,9.62,3.602
61.58,23.4034,0.0,958.25,3.24,24.259,283.48,77.44,9.62,3.611
61.64,23.4409,0.0,959.64,3.25,24.187,284.15,77.43,9.62,3.619
61.66,23.4784,0.0,961.03,3.25,24.116,284.07,77.42,9.62,3.627
61.72,23.516,0.0,962.42,3.26,24.045,284.01,77.42,9.62,3.631
61.74,23.5348,0.0,963.12,3.26,24.009,283.11,77.41,9.62,3.64
61.8,23.5913,0.0,965.21,3.27,23.903,283.15,77.4,9.62,3.648
61.82,23.6101,0.0,965.91,3.27,23.867,283.81,77.4,9.62,3.656
61.84,23.629,0.0,966.61,3.27,23.832,283.21,77.4,9.62,3.66
61.86,23.6668,0.0,968.01,3.27,23.761,284.12,77.39,9.62,3.669
61.9,23.6857,0.0,968.71,3.28,23.725,283.08,77.39,9.62,3.673
61.96,23.7425,0.0,970.82,3.28,23.619,284.04,77.38,9.62,3.685
61.98,23.7615,0.0,971.53,3.29,23.584,284.12,77.38,9.62,3.69
62.04,23.8185,0.0,973.64,3.29,23.477,283.5,77.37,9.62,3.698
62.04,23.8375,0.0,974.35,3.3,23.442,283.64,77.37,9.62,3.706
62.1,23.8756,0.0,975.77,3.3,23.371,283.43,77.36,9.62,3.715
62.16,23.9329,0.0,977.9,3.31,23.265,283.52,77.35,9.62,3.723
62.16,23.9329,0.0,977.9,3.31,23.265,283.52,77.35,9.62,3.728
62.22,23.9902,0.0,980.03,3.31,23.16,284.07,77.34,9.62,3.74
62.24,24.0094,0.0,980.74,3.32,23.124,284.51,77.34,9.62,3.745
62.26,24.0477,0.0,982.17,3.32,23.054,284.31,77.33,9.62,3.753
62.3,24.0669,0.0,982.89,3.32,23.019,283.54,77.33,9.62,3.757
62.32,24.1053,0.0,984.32,3.33,22.948,283.94,77.32,9.62,3.766
62.38,24.1631,0.0,986.46,3.34,22.843,283.65,77.31,9.62,3.779
62.42,24.1823,0.0,987.18,3.34,22.807,283.66,77.31,9.62,3.783
62.46,24.2209,0.0,988.62,3.34,22.737,284.5,77.3,9.62,3.791
62.52,24.2789,0.0,990.78,3.35,22.632,283.61,77.3,9.62,3.8
62.52,24.2789,0.0,990.78,3.35,22.632,283.61,77.3,9.62,3.804
62.58,24.337,0.0,992.95,3.36,22.526,283.81,77.29,9.62,3.817
62.6,24.3564,0.0,993.67,3.36,22.491,283.85,77.28,9.62,3.822
62.66,24.4147,0.0,995.84,3.37,22.386,283.67,77.27,9.62,3.83
62.68,24.4341,0.0,996.57,3.37,22.351,283.45,77.27,9.62,3.839
62.7,24.4536,0.0,997.3,3.37,22.316,284.01,77.27,9.61,3.843
62.72,24.4926,0.0,998.75,3.38,22.246,284.19,77.26,9.61,3.852
62.78,24.5316,0.0,1000.21,3.38,22.176,283.86,77.26,9.61,3.861
62.84,24.5902,0.0,1002.4,3.39,22.072,283.47,77.25,9.61,3.869
62.84,24.5902,0.0,1002.4,3.39,22.072,283.47,77.25,9.61,3.874
62.9,24.649,0.0,1004.59,3.4,21.967,284.33,77.24,9.61,3.887
62.92,24.6686,0.0,1005.33,3.4,21.932,283.93,77.24,9.61,3.891
62.94,24.7079,0.0,1006.8,3.4,21.862,283.95,77.23,9.61,3.9
62.98,24.7276,0.0,1007.53,3.41,21.828,283.86,77.23,9.61,3.904
63.04,24.7867,0.0,1009.74,3.41,21.723,283.49,77.22,9.61,3.918
63.06,24.8064,0.0,1010.48,3.42,21.688,283.68,77.21,9.61,3.922
63.08,24.8459,0.0,1011.96,3.42,21.619,284.5,77.21,9.6,3.931
63.14,24.9052,0.0,1014.18,3.43,21.515,283.91,77.2,9.6,3.935
63.14,24.9052,0.0,1014.18,3.43,21.515,283.91,77.2,9.6,3.944
63.2,24.9448,0.0,1015.66,3.43,21.446,284.17,77.19,9.6,3.953
63.22,24.9646,0.0,1016.41,3.44,21.411,283.98,77.19,9.6,3.957
63.28,25.0242,0.0,1018.64,3.44,21.307,283.57,77.18,9.6,3.971
63.3,25.0441,0.0,1019.38,3.45,21.273,284.06,77.18,9.6,3.975
63.34,25.0839,0.0,1020.88,3.45,21.204,283.54,77.17,9.6,3.984
63.4,25.1438,0.0,1023.12,3.46,21.1,283.74,77.17,9.6,3.993
63.4,25.1438,0.0,1023.12,3.46,21.1,283.74,77.17,9.6,3.998
63.46,25.2038,0.0,1025.37,3.47,20.997,283.97,77.16,9.59,4.011
63.48,25.2238,0.0,1026.12,3.47,20.962,284.58,77.15,9.59,4.016
63.5,25.2639,0.0,1027.62,3.47,20.894,283.88,77.15,9.59,4.025
63.58,25.3241,0.0,1029.88,3.48,20.791,284.54,77.14,9.59,4.034
63.58,25.3241,0.0,1029.88,3.48,20.791,284.54,77.14,9.59,4.038
63.64,25.3845,0.0,1032.15,3.49,20.688,284.77,77.13,9.59,4.052
63.66,25.4046,0.0,1032.91,3.49,20.653,284.4,77.13,9.59,4.056
63.72,25.4652,0.0,1035.18,3.5,20.551,283.61,77.12,9.59,4.07
63.74,25.4854,0.0,1035.94,3.5,20.516,284.06,77.12,9.59,4.074
63.76,25.5258,0.0,1037.46,3.5,20.448,284.19,77.11,9.59,4.083
63.82,25.5663,0.0,1038.98,3.51,20.38,283.94,77.1,9.59,4.093
63.82,25.5663,0.0,1038.98,3.51,20.38,283.94,77.1,9.59,4.093
63.88,25.6272,0.0,1041.27,3.52,20.277,284.37,77.1,9.58,4.106
63.9,25.6679,0.0,1042.79,3.52,20.209,283.92,77.09,9.58,4.116
63.96,25.7086,0.0,1044.33,3.53,20.141,284.52,77.08,9.58,4.125
63.98,25.729,0.0,1045.1,3.53,20.107,284.42,77.08,9.58,4.129
64.02,25.7698,0.0,1046.63,3.53,20.039,284.33,77.08,9.58,4.139
64.08,25.8312,0.0,1048.94,3.54,19.937,283.97,77.07,9.58,4.148
64.08,25.8516,0.0,1049.72,3.54,19.903,284.76,77.06,9.58,4.157
64.14,25.8926,0.0,1051.26,3.55,19.836,284.07,77.06,9.58,4.166
64.16,25.9131,0.0,1052.03,3.55,19.802,284.34,77.06,9.58,4.171
64.2,25.9542,0.0,1053.58,3.56,19.734,284.74,77.05,9.58,4.18
64.22,25.9748,0.0,1054.36,3.56,19.7,284.65,77.05,9.58,4.185
64.28,26.0366,0.0,1056.68,3.57,19.599,283.68,77.04,9.58,4.199
64.32,26.0778,0.0,1058.24,3.57,19.531,284.64,77.03,9.58,4.204
64.34,26.0985,0.0,1059.02,3.57,19.498,283.92,77.03,9.58,4.213
64.38,26.1398,0.0,1060.57,3.58,19.43,284.13,77.02,9.58,4.218
64.38,26.1605,0.0,1061.36,3.58,19.397,284.27,77.02,9.58,4.227
64.46,26.2227,0.0,1063.7,3.59,19.296,284.25,77.01,9.58,4.236
64.48,26.2435,0.0,1064.49,3.59,19.262,284.2,77.01,9.58,4.246
64.52,26.285,0.0,1066.06,3.6,19.195,284.6,77.0,9.58,4.255
64.58,26.3475,0.0,1068.41,3.61,19.094,283.86,76.99,9.57,4.265
64.58,26.3475,0.0,1068.41,3.61,19.094,283.86,76.99,9.57,4.269
64.64,26.4101,0.0,1070.78,3.61,18.994,284.9,76.99,9.57,4.279
64.66,26.431,0.0,1071.56,3.62,18.96,284.08,76.98,9.57,4.288
64.7,26.4937,0.0,1073.93,3.62,18.86,283.87,76.97,9.57,4.298
64.76,26.5357,0.0,1075.52,3.63,18.793,284.25,76.97,9.57,4.308
64.78,26.5567,0.0,1076.31,3.63,18.76,284.44,76.97,9.57,4.317
64.82,26.5987,0.0,1077.9,3.64,18.693,284.44,76.96,9.57,4.322
64.84,26.6197,0.0,1078.7,3.64,18.66,284.32,76.96,9.57,4.331
64.88,26.6829,0.0,1081.09,3.65,18.56,284.76,76.95,9.57,4.341
64.92,26.704,0.0,1081.88,3.65,18.527,284.26,76.94,9.57,4.351
64.94,26.7251,0.0,1082.68,3.65,18.494,283.68,76.94,9.57,4.355
64.98,26.7673,0.0,1084.28,3.66,18.428,284.53,76.94,9.57,4.365
65.02,26.8309,0.0,1086.69,3.66,18.328,284.8,76.93,9.57,4.375
65.06,26.8521,0.0,1087.49,3.67,18.295,283.6,76.92,9.57,4.384
65.1,26.8945,0.0,1089.09,3.67,18.229,283.83,76.92,9.57,4.394
65.12,26.9157,0.0,1089.89,3.67,18.196,283.62,76.92,9.57,4.399
65.16,26.9583,0.0,1091.5,3.68,18.13,283.83,76.91,9.57,4.409
65.2,27.0009,0.0,1093.12,3.68,18.064,284.6,76.9,9.56,4.419
65.22,27.0222,0.0,1093.92,3.69,18.031,284.04,76.9,9.56,4.423
65.26,27.0649,0.0,1095.54,3.69,17.966,284.1,76.9,9.56,4.433
65.3,27.1077,0.0,1097.16,3.7,17.9,284.46,76.89,9.56,4.443
65.34,27.1505,0.0,1098.79,3.7,17.834,284.6,76.88,9.56,4.453
65.4,27.2148,0.0,1101.23,3.71,17.736,284.83,76.88,9.56,4.463
65.4,27.2148,0.0,1101.23,3.71,17.736,284.83,76.88,9.56,4.468
65.46,27.2793,0.0,1103.68,3.72,17.638,284.08,76.87,9.56,4.477
65.48,27.3008,0.0,1104.5,3.72,17.606,284.34,76.86,9.56,4.487
65.54,27.3655,0.0,1106.95,3.73,17.508,284.84,76.86,9.56,4.497
65.54,27.3655,0.0,1106.95,3.73,17.508,284.84,76.86,9.56,4.502
65.58,27.4087,0.0,1108.59,3.73,17.443,284.72,76.85,9.55,4.512
65.64,27.4736,0.0,1111.05,3.74,17.345,284.34,76.84,9.55,4.522
65.64,27.4953,0.0,1111.87,3.74,17.313,283.87,76.84,9.55,4.532
65.7,27.5387,0.0,1113.52,3.75,17.248,284.06,76.83,9.55,4.542
65.72,27.5604,0.0,1114.35,3.75,17.216,284.5,76.83,9.55,4.547
65.78,27.6256,0.0,1116.82,3.76,17.119,284.5,76.82,9.55,4.557
65.78,27.6256,0.0,1116.82,3.76,17.119,284.5,76.82,9.55,4.562
65.84,27.691,0.0,1119.31,3.77,17.022,284.74,76.81,9.55,4.572
65.84,27.7128,0.0,1120.14,3.77,16.99,284.27,76.81,9.55,4.582
65.9,27.7565,0.0,1121.81,3.77,16.926,284.74,76.8,9.54,4.592
65.96,27.8222,0.0,1124.3,3.78,16.829,284.02,76.8,9.54,4.602
65.96,27.8222,0.0,1124.3,3.78,16.829,284.02,76.8,9.54,4.607
66.04,27.91,0.0,1127.65,3.79,16.701,284.46,76.78,9.54,4.622
66.06,27.932,0.0,1128.48,3.8,16.669,284.33,76.78,9.54,4.632
66.08,27.954,0.0,1129.32,3.8,16.637,285.05,76.78,9.54,4.638
66.14,28.0201,0.0,1131.84,3.81,16.541,284.91,76.77,9.54,4.648
66.14,28.0201,0.0,1131.84,3.81,16.541,284.91,76.77,9.54,4.653
66.22,28.1085,0.0,1135.21,3.82,16.414,283.86,76.76,9.53,4.668
66.22,28.1085,0.0,1135.21,3.82,16.414,283.86,76.76,9.53,4.673
66.28,28.1749,0.0,1137.74,3.82,16.319,284.9,76.75,9.53,4.684
66.3,28.1971,0.0,1138.59,3.83,16.287,284.85,76.75,9.53,4.694
66.32,28.2415,0.0,1140.28,3.83,16.224,285.03,76.74,9.53,4.704
66.4,28.3083,0.0,1142.83,3.84,16.129,284.6,76.73,9.53,4.714
66.4,28.3083,0.0,1142.83,3.84,16.129,284.6,76.73,9.53,4.719
66.44,28.3528,0.0,1144.53,3.85,16.066,284.84,76.73,9.53,4.73
66.48,28.3975,0.0,1146.23,3.85,16.003,285.06,76.72,9.52,4.74
66.54,28.4646,0.0,1148.79,3.86,15.908,285.02,76.71,9.52,4.751
66.54,28.4646,0.0,1148.79,3.86,15.908,285.02,76.71,9.52,4.756
66.6,28.5318,0.0,1151.36,3.87,15.814,284.13,76.71,9.52,4.766
66.62,28.5542,0.0,1152.22,3.87,15.783,284.48,76.7,9.52,4.776
66.66,28.6217,0.0,1154.79,3.88,15.689,284.78,76.69,9.52,4.787
66.7,28.6442,0.0,1155.65,3.88,15.658,284.62,76.69,9.52,4.797
66.72,28.6667,0.0,1156.51,3.88,15.627,284.58,76.69,9.52,4.803
66.78,28.7344,0.0,1159.09,3.89,15.533,284.19,76.68,9.51,4.813
66.78,28.7344,0.0,1159.09,3.89,15.533,284.19,76.68,9.51,4.818
66.86,28.8248,0.0,1162.55,3.9,15.409,284.22,76.67,9.51,4.834
66.86,28.8248,0.0,1162.55,3.9,15.409,284.22,76.67,9.51,4.839
66.92,28.8929,0.0,1165.15,3.91,15.316,284.76,76.66,9.51,4.85
66.94,28.9156,0.0,1166.02,3.91,15.285,284.76,76.66,9.51,4.86
66.96,28.9611,0.0,1167.76,3.92,15.223,284.69,76.65,9.51,4.871
67.04,29.0294,0.0,1170.37,3.92,15.13,284.82,76.65,9.5,4.882
67.04,29.0294,0.0,1170.37,3.92,15.13,284.82,76.65,9.5,4.887
67.1,29.0979,0.0,1172.99,3.93,15.038,284.35,76.64,9.5,4.898
67.12,29.1207,0.0,1173.86,3.94,15.007,283.94,76.63,9.5,4.908
67.18,29.1894,0.0,1176.49,3.94,14.915,284.22,76.63,9.5,4.919
67.18,29.1894,0.0,1176.49,3.94,14.915,284.22,76.63,9.5,4.924
67.22,29.2353,0.0,1178.24,3.95,14.854,284.6,76.62,9.5,4.935
67.28,29.3042,0.0,1180.88,3.96,14.763,283.75,76.61,9.5,4.946
67.28,29.3272,0.0,1181.76,3.96,14.732,284.34,76.61,9.5,4.956
67.36,29.3963,0.0,1184.4,3.97,14.641,284.21,76.6,9.49,4.967
67.36,29.3963,0.0,1184.4,3.97,14.641,284.21,76.6,9.49,4.973
67.42,29.4656,0.0,1187.06,3.97,14.55,285.04,76.59,9.49,4.983
67.44,29.4888,0.0,1187.94,3.98,14.52,284.8,76.59,9.49,4.994
67.46,29.5351,0.0,1189.71,3.98,14.459,283.93,76.58,9.49,5.005
67.54,29.6047,0.0,1192.37,3.99,14.369,283.95,76.58,9.49,5.016
67.54,29.6047,0.0,1192.37,3.99,14.369,283.95,76.58,9.49,5.021
67.6,29.6977,0.0,1195.94,4.0,14.248,284.88,76.57,9.49,5.032
67.6,29.6977,0.0,1195.94,4.0,14.248,284.88,76.57,9.49,5.043
67.68,29.7677,0.0,1198.62,4.01,14.158,283.95,76.56,9.48,5.054
67.72,29.8144,0.0,1200.41,4.01,14.098,284.65,76.55,9.48,5.065
67.72,29.8144,0.0,1200.41,4.01,14.098,284.65,76.55,9.48,5.07
67.8,29.908,0.0,1204.01,4.03,13.979,284.67,76.54,9.48,5.087
67.8,29.908,0.0,1204.01,4.03,13.979,284.67,76.54,9.48,5.092
67.84,29.955,0.0,1205.81,4.03,13.92,284.42,76.53,9.48,5.103
67.88,30.002,0.0,1207.61,4.04,13.86,284.16,76.53,9.48,5.115
67.9,30.049,0.0,1209.41,4.04,13.801,284.61,76.52,9.48,5.126
67.96,30.0962,0.0,1211.23,4.05,13.742,284.99,76.52,9.48,5.137
67.98,30.1197,0.0,1212.13,4.05,13.712,284.56,76.52,9.47,5.142
68.02,30.167,0.0,1213.94,4.05,13.653,284.17,76.51,9.47,5.153
68.06,30.2143,0.0,1215.76,4.06,13.594,284.16,76.5,9.47,5.164
68.1,30.2617,0.0,1217.58,4.06,13.535,285.28,76.5,9.47,5.176
68.12,30.2854,0.0,1218.49,4.07,13.506,284.56,76.5,9.47,5.181
68.16,30.3329,0.0,1220.32,4.07,13.447,284.42,76.49,9.47,5.192
68.18,30.3804,0.0,1222.15,4.08,13.389,285.42,76.49,9.47,5.204
68.24,30.4281,0.0,1223.98,4.08,13.331,284.5,76.48,9.47,5.215
68.28,30.4996,0.0,1226.74,4.09,13.243,285.22,76.47,9.46,5.22
68.32,30.5235,0.0,1227.66,4.09,13.214,284.92,76.47,9.46,5.237
68.34,30.5474,0.0,1228.58,4.1,13.185,284.37,76.47,9.46,5.243
68.38,30.5953,0.0,1230.42,4.1,13.127,285.1,76.46,9.46,5.254
68.42,30.6433,0.0,1232.26,4.11,13.069,285.28,76.45,9.46,5.266
68.44,30.6673,0.0,1233.19,4.11,13.04,284.97,76.45,9.46,5.271
68.5,30.7394,0.0,1235.96,4.12,12.954,284.73,76.44,9.46,5.288
68.54,30.7875,0.0,1237.82,4.12,12.897,284.16,76.44,9.45,5.294
68.56,30.8116,0.0,1238.75,4.13,12.868,285.07,76.44,9.45,5.305
68.6,30.8599,0.0,1240.6,4.13,12.811,285.18,76.43,9.45,5.317
68.62,30.9082,0.0,1242.47,4.14,12.753,285.5,76.42,9.45,5.328
68.68,30.9566,0.0,1244.33,4.14,12.696,284.66,76.42,9.45,5.34
68.72,31.0051,0.0,1246.2,4.15,12.639,285.03,76.41,9.45,5.345
68.74,31.0294,0.0,1247.14,4.15,12.611,284.99,76.41,9.45,5.357
68.78,31.078,0.0,1249.02,4.16,12.554,285.24,76.41,9.44,5.363
68.78,31.1023,0.0,1249.95,4.16,12.526,284.86,76.4,9.44,5.374
68.86,31.1754,0.0,1252.77,4.17,12.442,284.81,76.39,9.44,5.386
68.88,31.1998,0.0,1253.71,4.17,12.413,284.71,76.39,9.44,5.397
68.92,31.2486,0.0,1255.6,4.18,12.357,285.31,76.39,9.44,5.409
68.98,31.322,0.0,1258.43,4.18,12.273,285.1,76.38,9.43,5.42
68.98,31.322,0.0,1258.43,4.18,12.273,285.1,76.38,9.43,5.426
69.04,31.3956,0.0,1261.27,4.19,12.189,285.27,76.37,9.43,5.438
69.06,31.4201,0.0,1262.22,4.19,12.162,284.41,76.37,9.43,5.449
69.08,31.4447,0.0,1263.16,4.2,12.134,284.36,76.36,9.43,5.455
69.12,31.5185,0.0,1266.02,4.2,12.051,285.14,76.36,9.43,5.473
69.18,31.5678,0.0,1267.92,4.21,11.995,285.44,76.35,9.42,5.485
69.22,31.6172,0.0,1269.83,4.22,11.94,285.17,76.34,9.42,5.49
69.24,31.6419,0.0,1270.79,4.22,11.913,285.23,76.34,9.42,5.502
69.28,31.6914,0.0,1272.7,4.22,11.858,284.22,76.34,9.42,5.508
69.28,31.7162,0.0,1273.65,4.23,11.831,284.23,76.33,9.42,5.52
69.36,31.7906,0.0,1276.53,4.23,11.749,284.77,76.33,9.41,5.532
69.38,31.8155,0.0,1277.49,4.24,11.722,284.75,76.32,9.41,5.543
69.42,31.8653,0.0,1279.41,4.24,11.667,284.86,76.32,9.41,5.555
69.48,31.94,0.0,1282.3,4.25,11.586,285.0,76.31,9.41,5.567
69.48,31.94,0.0,1282.3,4.25,11.586,285.0,76.31,9.41,5.573
69.54,32.015,0.0,1285.2,4.26,11.505,284.96,76.3,9.4,5.585
69.56,32.04,0.0,1286.17,4.26,11.478,284.83,76.3,9.4,5.597
69.6,32.0901,0.0,1288.1,4.27,11.425,284.53,76.29,9.4,5.603
69.62,32.1151,0.0,1289.07,4.27,11.398,284.41,76.29,9.4,5.615
69.66,32.1653,0.0,1291.01,4.28,11.344,285.08,76.28,9.4,5.627
69.72,32.2408,0.0,1293.93,4.28,11.265,285.18,76.28,9.39,5.639
69.72,32.2408,0.0,1293.93,4.28,11.265,285.18,76.28,9.39,5.645
69.8,32.3416,0.0,1297.84,4.29,11.159,284.75,76.27,9.39,5.663
69.82,32.3669,0.0,1298.81,4.3,11.132,284.69,76.26,9.39,5.675
69.86,32.4175,0.0,1300.77,4.3,11.08,284.83,76.26,9.38,5.687
69.9,32.4681,0.0,1302.73,4.31,11.027,284.34,76.25,9.38,5.693
69.92,32.4935,0.0,1303.71,4.31,11.001,284.94,76.25,9.38,5.705
69.98,32.5696,0.0,1306.65,4.32,10.923,284.43,76.24,9.38,5.717
69.98,32.5696,0.0,1306.65,4.32,10.923,284.43,76.24,9.38,5.723
70.04,32.646,0.0,1309.61,4.33,10.845,285.22,76.23,9.37,5.736
70.06,32.6715,0.0,1310.6,4.33,10.819,284.99,76.23,9.37,5.748
70.08,32.697,0.0,1311.58,4.33,10.794,284.41,76.23,9.37,5.754
70.16,32.7992,0.0,1315.53,4.34,10.691,284.53,76.22,9.36,5.772
70.16,32.7992,0.0,1315.53,4.34,10.691,284.53,76.22,9.36,5.778
70.2,32.8504,0.0,1317.52,4.35,10.639,285.3,76.21,9.36,5.791
70.24,32.9017,0.0,1319.51,4.35,10.588,285.34,76.21,9.36,5.803
70.28,32.9788,0.0,1322.5,4.36,10.512,285.11,76.2,9.35,5.821
70.34,33.0302,0.0,1324.49,4.37,10.462,285.01,76.19,9.35,5.828
70.36,33.056,0.0,1325.49,4.37,10.436,284.23,76.19,9.35,5.84
70.4,33.1076,0.0,1327.49,4.38,10.386,284.77,76.19,9.35,5.846
70.42,33.1334,0.0,1328.49,4.38,10.361,284.98,76.18,9.35,5.859
70.48,33.211,0.0,1331.5,4.39,10.286,284.79,76.17,9.34,5.871
70.5,33.237,0.0,1332.5,4.39,10.261,284.73,76.17,9.34,5.884
70.54,33.2888,0.0,1334.51,4.4,10.211,285.08,76.17,9.34,5.896
70.56,33.3148,0.0,1335.52,4.4,10.186,284.63,76.16,9.34,5.902
70.6,33.3668,0.0,1337.53,4.4,10.137,284.61,76.16,9.33,5.915
70.66,33.4449,0.0,1340.56,4.41,10.063,284.82,76.15,9.33,5.927
70.66,33.4449,0.0,1340.56,4.41,10.063,284.82,76.15,9.33,5.934
70.72,33.5232,0.0,1343.6,4.42,9.989,284.63,76.14,9.32,5.946
70.74,33.5493,0.0,1344.61,4.42,9.965,284.35,76.14,9.32,5.959
70.8,33.6279,0.0,1347.66,4.43,9.892,285.38,76.13,9.32,5.971
70.84,33.6803,0.0,1349.69,4.44,9.844,284.78,76.13,9.32,5.984
70.84,33.6803,0.0,1349.69,4.44,9.844,284.78,76.13,9.32,5.99
70.9,33.7591,0.0,1352.75,4.45,9.771,285.02,76.12,9.31,6.003
70.92,33.7854,0.0,1353.78,4.45,9.747,284.97,76.12,9.31,6.016
70.98,33.8645,0.0,1356.84,4.46,9.675,285.29,76.11,9.3,6.028
71.0,33.8909,0.0,1357.87,4.46,9.651,284.63,76.1,9.3,6.041
71.04,33.9437,0.0,1359.92,4.47,9.604,284.46,76.1,9.3,6.054
71.06,33.9702,0.0,1360.94,4.47,9.58,284.59,76.1,9.3,6.06
71.1,34.0232,0.0,1363.0,4.47,9.533,285.3,76.09,9.3,6.073
71.12,34.0497,0.0,1364.03,4.48,9.509,284.91,76.09,9.29,6.079
71.18,34.1293,0.0,1367.12,4.49,9.438,285.17,76.08,9.29,6.099
71.22,34.1825,0.0,1369.18,4.49,9.392,284.96,76.08,9.29,6.112
71.24,34.2091,0.0,1370.22,4.49,9.368,284.37,76.07,9.28,6.118
71.28,34.2625,0.0,1372.29,4.5,9.322,285.36,76.07,9.28,6.131
71.3,34.2892,0.0,1373.32,4.5,9.298,284.61,76.06,9.28,6.137
71.36,34.3693,0.0,1376.44,4.51,9.229,285.39,76.06,9.27,6.157
71.4,34.4229,0.0,1378.52,4.52,9.182,284.17,76.05,9.27,6.163
71.42,34.4497,0.0,1379.56,4.52,9.159,284.7,76.05,9.27,6.176
71.46,34.5034,0.0,1381.64,4.52,9.113,285.39,76.04,9.27,6.183
71.46,34.5303,0.0,1382.69,4.53,9.09,285.34,76.04,9.26,6.196
71.54,34.611,0.0,1385.82,4.54,9.022,284.62,76.03,9.26,6.209
71.54,34.611,0.0,1385.82,4.54,9.022,284.62,76.03,9.26,6.215
71.62,34.7189,0.0,1390.01,4.55,8.931,284.62,76.02,9.25,6.235
71.66,34.773,0.0,1392.11,4.55,8.885,285.01,76.02,9.25,6.248
71.66,34.773,0.0,1392.11,4.55,8.885,285.01,76.02,9.25,6.255
71.72,34.8814,0.0,1396.32,4.56,8.795,284.9,76.01,9.24,6.268
71.72,34.8814,0.0,1396.32,4.56,8.795,284.9,76.01,9.24,6.281
71.78,34.9357,0.0,1398.43,4.57,8.75,284.35,76.0,9.24,6.294
71.82,34.9901,0.0,1400.54,4.58,8.705,284.69,76.0,9.23,6.307
71.84,35.0173,0.0,1401.6,4.58,8.683,285.09,75.99,9.23,6.314
71.9,35.1265,0.0,1405.84,4.59,8.594,285.07,75.98,9.23,6.327
71.9,35.1265,0.0,1405.84,4.59,8.594,285.07,75.98,9.23,6.34
71.96,35.1811,0.0,1407.97,4.6,8.549,285.51,75.98,9.22,6.354
72.02,35.2633,0.0,1411.16,4.6,8.483,284.95,75.97,9.22,6.367
72.02,35.2633,0.0,1411.16,4.6,8.483,284.95,75.97,9.22,6.374
72.08,35.3732,0.0,1415.43,4.62,8.395,284.92,75.96,9.21,6.387
72.08,35.3732,0.0,1415.43,4.62,8.395,284.92,75.96,9.21,6.401
72.16,35.4558,0.0,1418.64,4.62,8.33,285.14,75.95,9.2,6.414
72.18,35.4834,0.0,1419.71,4.63,8.308,284.65,75.95,9.2,6.427
72.22,35.5386,0.0,1421.86,4.63,8.264,284.97,75.94,9.2,6.441
72.28,35.6216,0.0,1425.09,4.64,8.2,285.07,75.94,9.19,6.454
72.28,35.6216,0.0,1425.09,4.64,8.2,285.07,75.94,9.19,6.461
72.34,35.7048,0.0,1428.33,4.65,8.135,285.44,75.93,9.19,6.475
72.36,35.7325,0.0,1429.4,4.65,8.114,284.25,75.93,9.18,6.488
72.42,35.8159,0.0,1432.65,4.66,8.049,284.83,75.92,9.18,6.502
72.44,35.8438,0.0,1433.73,4.66,8.028,284.51,75.91,9.18,6.515
72.46,35.8717,0.0,1434.81,4.67,8.007,285.32,75.91,9.17,6.522
72.52,35.9554,0.0,1438.07,4.68,7.943,284.69,75.9,9.17,6.536
72.54,35.9833,0.0,1439.16,4.68,7.922,284.93,75.9,9.17,6.549
72.6,36.0673,0.0,1442.43,4.69,7.859,285.57,75.89,9.16,6.563
72.6,36.0673,0.0,1442.43,4.69,7.859,285.57,75.89,9.16,6.57
72.66,36.1515,0.0,1445.7,4.7,7.797,285.22,75.89,9.15,6.584
72.68,36.1796,0.0,1446.8,4.7,7.776,284.35,75.88,9.15,6.597
72.72,36.2359,0.0,1448.99,4.71,7.734,284.55,75.88,9.15,6.611
72.78,36.3204,0.0,1452.28,4.71,7.672,285.26,75.87,9.14,6.625
72.78,36.3204,0.0,1452.28,4.71,7.672,285.26,75.87,9.14,6.632
72.84,36.4051,0.0,1455.58,4.72,7.611,285.63,75.86,9.13,6.646
72.86,36.4334,0.0,1456.69,4.73,7.59,285.08,75.86,9.13,6.66
72.92,36.5184,0.0,1460.0,4.73,7.529,284.79,75.85,9.12,6.674
72.92,36.5184,0.0,1460.0,4.73,7.529,284.79,75.85,9.12,6.68
72.96,36.5752,0.0,1462.21,4.74,7.488,285.54,75.85,9.12,6.694
73.02,36.6605,0.0,1465.53,4.75,7.428,284.89,75.84,9.11,6.708
73.02,36.6605,0.0,1465.53,4.75,7.428,284.89,75.84,9.11,6.715
73.1,36.7745,0.0,1469.97,4.76,7.348,284.96,75.83,9.1,6.736
73.1,36.7745,0.0,1469.97,4.76,7.348,284.96,75.83,9.1,6.743
73.16,36.8603,0.0,1473.31,4.77,7.288,284.99,75.82,9.09,6.757
73.18,36.8889,0.0,1474.43,4.77,7.268,285.64,75.82,9.09,6.771
73.24,36.9749,0.0,1477.79,4.78,7.209,284.78,75.81,9.08,6.786
73.26,37.0037,0.0,1478.91,4.78,7.189,285.14,75.81,9.08,6.8
73.28,37.0324,0.0,1480.02,4.79,7.17,284.77,75.8,9.08,6.807
73.32,37.1187,0.0,1483.39,4.8,7.111,284.97,75.8,9.07,6.828
73.36,37.1476,0.0,1484.51,4.8,7.092,284.69,75.79,9.07,6.835
73.42,37.2342,0.0,1487.89,4.81,7.034,285.52,75.79,9.06,6.849
73.42,37.2342,0.0,1487.89,4.81,7.034,285.52,75.79,9.06,6.856
73.46,37.3209,0.0,1491.27,4.82,6.976,285.01,75.78,9.05,6.878
73.5,37.3499,0.0,1492.4,4.82,6.957,284.86,75.78,9.05,6.885
73.54,37.4079,0.0,1494.66,4.83,6.918,285.07,75.77,9.04,6.899
73.6,37.4951,0.0,1498.06,4.83,6.861,285.35,75.76,9.04,6.913
73.6,37.4951,0.0,1498.06,4.83,6.861,285.35,75.76,9.04,6.921
73.68,37.6117,0.0,1502.61,4.85,6.786,285.64,75.75,9.02,6.942
73.7,37.6408,0.0,1503.75,4.85,6.767,284.77,75.75,9.02,6.957
73.72,37.6701,0.0,1504.88,4.85,6.749,285.0,75.75,9.02,6.964
73.78,37.7578,0.0,1508.3,4.86,6.693,284.75,75.74,9.01,6.978
73.78,37.7578,0.0,1508.3,4.86,6.693,284.75,75.74,9.01,6.985
73.86,37.8752,0.0,1512.89,4.87,6.619,285.41,75.73,9.0,7.007
73.86,37.8752,0.0,1512.89,4.87,6.619,285.41,75.73,9.0,7.014
73.92,37.9634,0.0,1516.33,4.88,6.564,284.45,75.72,8.99,7.029
73.94,37.9928,0.0,1517.47,4.88,6.545,285.02,75.72,8.99,7.043
73.96,38.0518,0.0,1519.77,4.89,6.509,285.0,75.71,8.98,7.058
74.0,38.0813,0.0,1520.92,4.89,6.491,284.77,75.71,8.98,7.065
74.06,38.17,0.0,1524.38,4.9,6.437,284.79,75.7,8.97,7.08
74.06,38.1996,0.0,1525.54,4.91,6.419,285.51,75.7,8.96,7.095
74.1,38.2293,0.0,1526.7,4.91,6.401,285.1,75.7,8.96,7.102
74.16,38.3183,0.0,1530.16,4.92,6.347,284.91,75.69,8.95,7.117
74.16,38.348,0.0,1531.32,4.92,6.329,284.73,75.69,8.95,7.131
74.22,38.4373,0.0,1534.81,4.93,6.276,285.13,75.68,8.94,7.153
74.26,38.4671,0.0,1535.97,4.93,6.259,284.74,75.68,8.93,7.161
74.32,38.5567,0.0,1539.46,4.94,6.206,285.25,75.67,8.92,7.176
74.32,38.5567,0.0,1539.46,4.94,6.206,285.25,75.67,8.92,7.183
74.36,38.6464,0.0,1542.97,4.95,6.154,285.52,75.66,8.91,7.205
74.4,38.6764,0.0,1544.14,4.95,6.136,285.36,75.66,8.91,7.213
74.44,38.7364,0.0,1546.49,4.96,6.102,285.44,75.65,8.9,7.228
74.5,38.8266,0.0,1550.01,4.97,6.05,284.98,75.65,8.89,7.243
74.5,38.8567,0.0,1551.18,4.97,6.033,285.43,75.64,8.89,7.257
74.56,38.917,0.0,1553.53,4.98,5.999,285.15,75.64,8.88,7.265
74.58,38.9471,0.0,1554.71,4.98,5.982,285.2,75.64,8.88,7.28
74.62,39.0075,0.0,1557.07,4.99,5.948,285.33,75.63,8.87,7.295
74.64,39.0378,0.0,1558.26,4.99,5.931,285.27,75.63,8.87,7.302
74.68,39.0983,0.0,1560.62,5.0,5.897,284.92,75.62,8.86,7.317
74.7,39.1589,0.0,1562.99,5.0,5.864,284.55,75.62,8.85,7.333
74.76,39.2197,0.0,1565.36,5.01,5.83,284.88,75.61,8.84,7.348
74.78,39.25,0.0,1566.55,5.01,5.814,285.4,75.61,8.84,7.355
74.82,39.3109,0.0,1568.92,5.02,5.781,285.05,75.6,8.83,7.37
74.84,39.3719,0.0,1571.3,5.02,5.748,285.06,75.6,8.82,7.385
74.9,39.4329,0.0,1573.69,5.03,5.715,284.84,75.59,8.82,7.401
74.94,39.494,0.0,1576.07,5.03,5.682,284.88,75.59,8.81,7.408
74.96,39.5246,0.0,1577.27,5.04,5.666,284.74,75.59,8.8,7.424
75.0,39.5859,0.0,1579.66,5.04,5.633,285.13,75.58,8.8,7.439
75.06,39.678,0.0,1583.25,5.05,5.584,284.52,75.57,8.78,7.454
75.06,39.678,0.0,1583.25,5.05,5.584,284.52,75.57,8.78,7.462
75.12,39.7703,0.0,1586.86,5.06,5.536,284.83,75.57,8.77,7.477
75.12,39.7703,0.0,1586.86,5.06,5.536,284.83,75.57,8.77,7.485
75.16,39.8628,0.0,1590.47,5.07,5.488,284.83,75.56,8.76,7.508
75.24,39.9555,0.0,1594.09,5.08,5.44,285.3,75.55,8.74,7.523
75.24,39.9555,0.0,1594.09,5.08,5.44,285.3,75.55,8.74,7.531
75.3,40.0484,0.0,1597.72,5.09,5.392,285.55,75.54,8.73,7.546
75.32,40.0794,0.0,1598.94,5.09,5.377,285.37,75.54,8.73,7.562
75.38,40.1726,0.0,1602.59,5.1,5.33,284.54,75.53,8.71,7.577
75.4,40.2037,0.0,1603.8,5.11,5.314,284.61,75.53,8.71,7.593
75.44,40.266,0.0,1606.24,5.11,5.283,285.49,75.52,8.7,7.608
75.46,40.2971,0.0,1607.46,5.11,5.267,284.95,75.52,8.69,7.616
75.48,40.3596,0.0,1609.9,5.12,5.236,284.44,75.52,8.68,7.632
75.56,40.4534,0.0,1613.56,5.13,5.19,284.46,75.51,8.67,7.648
75.56,40.4534,0.0,1613.56,5.13,5.19,284.46,75.51,8.67,7.655
75.62,40.5788,0.0,1618.47,5.14,5.129,284.86,75.5,8.65,7.671
75.62,40.5788,0.0,1618.47,5.14,5.129,284.86,75.5,8.65,7.687
75.68,40.6417,0.0,1620.94,5.15,5.098,285.54,75.49,8.64,7.702
75.74,40.736,0.0,1621.73,5.16,5.053,0.0,75.48,8.63,7.718
75.74,40.736,0.0,1621.73,5.16,5.053,0.0,75.48,8.63,7.726
75.82,40.8618,0.0,1620.84,5.17,4.984,0.0,75.47,8.61,7.75
75.84,40.8932,0.0,1620.62,5.17,4.965,0.0,75.47,8.61,7.765
75.88,40.9561,0.0,1620.17,5.17,4.924,0.0,75.47,8.6,7.781
75.9,40.9875,0.0,1619.95,5.17,4.902,0.0,75.46,8.6,7.789
75.94,41.0503,0.0,1619.51,5.16,4.856,0.0,75.46,8.59,7.805
75.96,41.0817,0.0,1619.29,5.16,4.833,0.0,75.45,8.59,7.813
76.0,41.1759,0.0,1618.63,5.16,4.765,0.0,75.45,8.58,7.836
76.06,41.2387,0.0,1618.19,5.15,4.72,0.0,75.44,8.58,7.844
76.08,41.27,0.0,1617.97,5.15,4.697,0.0,75.44,8.58,7.86
76.12,41.3328,0.0,1617.53,5.15,4.653,0.0,75.43,8.58,7.876
76.14,41.3641,0.0,1617.31,5.15,4.631,0.0,75.43,8.58,7.883
76.18,41.4269,0.0,1616.87,5.14,4.587,0.0,75.42,8.58,7.899
76.22,41.4895,0.0,1616.44,5.14,4.544,0.0,75.42,8.58,7.915
76.24,41.5209,0.0,1616.22,5.14,4.523,0.0,75.42,8.58,7.923
76.26,41.5836,0.0,1615.78,5.14,4.48,0.0,75.41,8.58,7.938
76.32,41.6462,0.0,1615.34,5.13,4.438,0.0,75.4,8.58,7.954
76.36,41.7088,0.0,1614.91,5.13,4.396,0.0,75.4,8.58,7.97
76.38,41.7401,0.0,1614.69,5.13,4.375,0.0,75.4,8.59,7.978
76.42,41.8027,0.0,1614.26,5.13,4.334,0.0,75.39,8.59,7.994
76.5,41.9279,0.0,1613.39,5.12,4.253,0.0,75.38,8.6,8.017
76.5,41.9279,0.0,1613.39,5.12,4.253,0.0,75.38,8.6,8.025
76.56,42.0217,0.0,1612.74,5.12,4.194,0.0,75.37,8.61,8.041
76.58,42.053,0.0,1612.52,5.11,4.174,0.0,75.37,8.61,8.056
76.62,42.1155,0.0,1612.09,5.11,4.135,0.0,75.36,8.62,8.072
76.64,42.1467,0.0,1611.88,5.11,4.116,0.0,75.36,8.62,8.08
76.68,42.2405,0.0,1611.23,5.1,4.058,0.0,75.35,8.64,8.104
76.74,42.3029,0.0,1610.8,5.1,4.02,0.0,75.34,8.64,8.111
76.76,42.3342,0.0,1610.59,5.1,4.002,0.0,75.34,8.65,8.127
76.8,42.3966,0.0,1610.16,5.1,3.964,0.0,75.33,8.66,8.143
76.82,42.4278,0.0,1609.94,5.1,3.946,0.0,75.33,8.66,8.151
76.86,42.5214,0.0,1609.3,5.09,3.891,0.0,75.32,8.68,8.174
76.9,42.5526,0.0,1609.08,5.09,3.873,0.0,75.32,8.69,8.182
76.94,42.615,0.0,1608.66,5.09,3.837,0.0,75.31,8.7,8.198
76.96,42.6462,0.0,1608.44,5.09,3.819,0.0,75.31,8.71,8.206
77.0,42.7085,0.0,1608.02,5.08,3.784,0.0,75.31,8.72,8.221
77.06,42.802,0.0,1607.38,5.08,3.731,0.0,75.3,8.74,8.237
77.06,42.8332,0.0,1607.16,5.08,3.714,0.0,75.29,8.75,8.253
77.1,42.8643,0.0,1606.95,5.07,3.697,0.0,75.29,8.75,8.261
77.14,42.9266,0.0,1606.53,5.07,3.663,0.0,75.29,8.77,8.276
77.18,42.9889,0.0,1606.1,5.07,3.629,0.0,75.28,8.78,8.292
77.24,43.0822,0.0,1605.46,5.06,3.579,0.0,75.27,8.81,8.308
77.24,43.0822,0.0,1605.46,5.06,3.579,0.0,75.27,8.81,8.316
77.3,43.1756,0.0,1604.83,5.06,3.53,0.0,75.26,8.83,8.331
77.32,43.2378,0.0,1604.41,5.06,3.498,0.0,75.26,8.85,8.355
77.38,43.3,0.0,1603.98,5.05,3.466,0.0,75.25,8.87,8.371
77.4,43.331,0.0,1603.77,5.05,3.45,0.0,75.25,8.88,8.379
77.44,43.3932,0.0,1603.35,5.05,3.418,0.0,75.24,8.9,8.394
77.48,43.4553,0.0,1602.93,5.05,3.387,0.0,75.24,8.92,8.402
77.5,43.4864,0.0,1602.72,5.05,3.371,0.0,75.24,8.92,8.418
77.56,43.5796,0.0,1602.09,5.04,3.325,0.0,75.23,8.95,8.434
77.58,43.6106,0.0,1601.88,5.04,3.31,0.0,75.23,8.96,8.449
77.62,43.6727,0.0,1601.46,5.04,3.28,0.0,75.22,8.98,8.465
77.68,43.7658,0.0,1600.83,5.03,3.236,0.0,75.21,9.01,8.481
77.68,43.7658,0.0,1600.83,5.03,3.236,0.0,75.21,9.01,8.489
77.74,43.8588,0.0,1600.2,5.03,3.192,0.0,75.21,9.05,8.504
77.76,43.8898,0.0,1599.99,5.03,3.177,0.0,75.2,9.06,8.52
77.8,43.9518,0.0,1599.57,5.02,3.148,0.0,75.2,9.08,8.536
77.86,44.0448,0.0,1598.95,5.02,3.106,0.0,75.19,9.11,8.551
77.86,44.0448,0.0,1598.95,5.02,3.106,0.0,75.19,9.11,8.559
77.92,44.1377,0.0,1598.32,5.01,3.064,0.0,75.18,9.14,8.575
77.94,44.1687,0.0,1598.12,5.01,3.05,0.0,75.18,9.15,8.591
77.96,44.1997,0.0,1597.91,5.01,3.036,0.0,75.18,9.16,8.599
78.02,44.2925,0.0,1597.28,5.01,2.995,0.0,75.17,9.2,8.622
78.04,44.3235,0.0,1597.08,5.01,2.982,0.0,75.17,9.21,8.63
78.1,44.4163,0.0,1596.45,5.0,2.942,0.0,75.16,9.24,8.646
78.1,44.4163,0.0,1596.45,5.0,2.942,0.0,75.16,9.24,8.653
78.18,44.54,0.0,1595.62,5.0,2.889,0.0,75.15,9.29,8.677
78.18,44.54,0.0,1595.62,5.0,2.889,0.0,75.15,9.29,8.685
78.24,44.6327,0.0,1595.0,4.99,2.85,0.0,75.15,9.33,8.701
78.26,44.6636,0.0,1594.8,4.99,2.838,0.0,75.14,9.34,8.716
78.3,44.7254,0.0,1594.38,4.99,2.812,0.0,75.14,9.36,8.732
78.32,44.7563,0.0,1594.18,4.99,2.8,0.0,75.14,9.37,8.74
78.38,44.8489,0.0,1593.56,4.98,2.762,0.0,75.13,9.41,8.763
78.42,44.9107,0.0,1593.15,4.98,2.737,0.0,75.13,9.43,8.771
78.44,44.9415,0.0,1592.94,4.98,2.725,0.0,75.12,9.44,8.787
78.48,45.0033,0.0,1592.53,4.98,2.701,0.0,75.12,9.47,8.803
78.5,45.0341,0.0,1592.32,4.97,2.689,0.0,75.12,9.48,8.81
78.54,45.0958,0.0,1591.91,4.97,2.665,0.0,75.11,9.5,8.826
78.56,45.1575,0.0,1591.5,4.97,2.641,0.0,75.11,9.53,8.842
78.62,45.2191,0.0,1591.09,4.97,2.618,0.0,75.11,9.55,8.858
78.64,45.2499,0.0,1590.89,4.96,2.606,0.0,75.1,9.56,8.865
78.68,45.3116,0.0,1590.48,4.96,2.583,0.0,75.1,9.59,8.881
78.72,45.3732,0.0,1590.07,4.96,2.56,0.0,75.1,9.61,8.897
78.76,45.4348,0.0,1589.66,4.96,2.537,0.0,75.09,9.64,8.912
78.78,45.4656,0.0,1589.46,4.96,2.526,0.0,75.09,9.65,8.92
78.84,45.5579,0.0,1588.84,4.95,2.492,0.0,75.09,9.68,8.944
78.86,45.5887,0.0,1588.64,4.95,2.481,0.0,75.08,9.7,8.952
78.9,45.6502,0.0,1588.23,4.95,2.46,0.0,75.08,9.72,8.967
78.94,45.7117,0.0,1587.82,4.95,2.438,0.0,75.08,9.74,8.983
78.96,45.7425,0.0,1587.62,4.94,2.427,0.0,75.08,9.76,8.991
79.0,45.8347,0.0,1587.01,4.94,2.395,0.0,75.07,9.79,9.014
79.08,45.9269,0.0,1586.4,4.94,2.363,0.0,75.07,9.83,9.03
79.08,45.9269,0.0,1586.4,4.94,2.363,0.0,75.07,9.83,9.038
79.12,45.9884,0.0,1585.99,4.93,2.343,0.0,75.06,9.85,9.054
79.16,46.0498,0.0,1585.59,4.93,2.322,0.0,75.06,9.87,9.069
79.2,46.1112,0.0,1585.18,4.93,2.302,0.0,75.06,9.9,9.085
79.26,46.234,0.0,1584.37,4.92,2.262,0.0,75.05,9.94,9.101
79.26,46.234,0.0,1584.37,4.92,2.262,0.0,75.05,9.94,9.116
79.34,46.326,0.0,1583.77,4.92,2.232,0.0,75.05,9.98,9.132
79.36,46.3567,0.0,1583.56,4.92,2.222,0.0,75.04,9.99,9.148
79.4,46.418,0.0,1583.16,4.92,2.203,0.0,75.04,10.01,9.163
79.44,46.4793,0.0,1582.76,4.91,2.184,0.0,75.04,10.03,9.171
79.46,46.51,0.0,1582.55,4.91,2.174,0.0,75.04,10.04,9.187
79.5,46.5713,0.0,1582.15,4.91,2.155,0.0,75.03,10.06,9.195
79.52,46.6325,0.0,1581.75,4.91,2.136,0.0,75.03,10.09,9.218
79.58,46.6938,0.0,1581.34,4.91,2.118,0.0,75.03,10.11,9.226
79.6,46.7244,0.0,1581.14,4.9,2.109,0.0,75.03,10.12,9.242
79.64,46.7856,0.0,1580.74,4.9,2.09,0.0,75.03,10.14,9.258
79.66,46.8162,0.0,1580.54,4.9,2.081,0.0,75.02,10.15,9.265
79.7,46.908,0.0,1579.94,4.9,2.054,0.0,75.02,10.18,9.289
79.76,46.9692,0.0,1579.54,4.89,2.037,0.0,75.02,10.2,9.297
79.78,46.9998,0.0,1579.33,4.89,2.028,0.0,75.02,10.21,9.312
79.82,47.061,0.0,1578.93,4.89,2.01,0.0,75.01,10.23,9.328
79.84,47.0915,0.0,1578.73,4.89,2.002,0.0,75.01,10.24,9.336
79.88,47.1527,0.0,1578.33,4.89,1.984,0.0,75.01,10.26,9.352
79.94,47.2443,0.0,1577.73,4.88,1.959,0.0,75.01,10.29,9.367
79.94,47.2443,0.0,1577.73,4.88,1.959,0.0,75.01,10.29,9.375
80.02,47.3665,0.0,1576.93,4.88,1.925,0.0,75.0,10.33,9.399
80.04,47.397,0.0,1576.73,4.88,1.917,0.0,75.0,10.33,9.414
80.08,47.4581,0.0,1576.33,4.88,1.901,0.0,75.0,10.35,9.43
80.1,47.4886,0.0,1576.13,4.88,1.893,0.0,75.0,10.36,9.438
80.14,47.5496,0.0,1575.73,4.87,1.877,0.0,75.0,10.38,9.454
80.2,47.6411,0.0,1575.14,4.87,1.853,0.0,74.99,10.41,9.469
80.2,47.6411,0.0,1575.14,4.87,1.853,0.0,74.99,10.41,9.477
80.28,47.7631,0.0,1574.34,4.87,1.821,0.0,74.99,10.44,9.501
80.28,47.7631,0.0,1574.34,4.87,1.821,0.0,74.99,10.44,9.508
80.32,47.824,0.0,1573.94,4.86,1.806,0.0,74.99,10.46,9.524
80.38,47.9154,0.0,1573.34,4.86,1.783,0.0,74.99,10.48,9.54
80.38,47.9154,0.0,1573.34,4.86,1.783,0.0,74.99,10.48,9.548
80.44,48.0372,0.0,1572.55,4.86,1.753,0.0,74.98,10.51,9.571
80.48,48.0676,0.0,1572.35,4.86,1.745,0.0,74.98,10.52,9.587
80.52,48.1285,0.0,1571.95,4.85,1.731,0.0,74.98,10.53,9.602
80.54,48.1589,0.0,1571.76,4.85,1.723,0.0,74.98,10.54,9.61
80.58,48.2198,0.0,1571.36,4.85,1.709,0.0,74.98,10.55,9.626
80.64,48.311,0.0,1570.77,4.85,1.687,0.0,74.98,10.58,9.642
80.64,48.311,0.0,1570.77,4.85,1.687,0.0,74.98,10.58,9.65
80.7,48.4022,0.0,1570.17,4.84,1.666,0.0,74.97,10.6,9.665
80.72,48.4326,0.0,1569.97,4.84,1.659,0.0,74.97,10.6,9.681
80.76,48.4934,0.0,1569.58,4.84,1.645,0.0,74.97,10.62,9.697
80.82,48.5845,0.0,1568.99,4.84,1.625,0.0,74.97,10.63,9.712
80.82,48.5845,0.0,1568.99,4.84,1.625,0.0,74.97,10.63,9.72
80.88,48.6756,0.0,1568.39,4.84,1.605,0.0,74.97,10.65,9.736
80.9,48.7059,0.0,1568.2,4.83,1.598,0.0,74.97,10.66,9.751
80.92,48.7363,0.0,1568.0,4.83,1.591,0.0,74.97,10.66,9.759
80.96,48.8273,0.0,1567.41,4.83,1.571,0.0,74.97,10.68,9.783
81.02,48.888,0.0,1567.01,4.83,1.558,0.0,74.96,10.69,9.798
81.04,48.9183,0.0,1566.82,4.83,1.552,0.0,74.96,10.7,9.806
81.08,48.9789,0.0,1566.42,4.83,1.539,0.0,74.96,10.71,9.822
81.12,49.0395,0.0,1566.03,4.82,1.526,0.0,74.96,10.72,9.83
81.14,49.0699,0.0,1565.83,4.82,1.52,0.0,74.96,10.72,9.845
81.18,49.1305,0.0,1565.44,4.82,1.508,0.0,74.96,10.73,9.861
81.2,49.191,0.0,1565.04,4.82,1.495,0.0,74.96,10.74,9.877
81.26,49.2516,0.0,1564.65,4.82,1.483,0.0,74.96,10.75,9.892
81.28,49.2819,0.0,1564.46,4.82,1.477,0.0,74.96,10.75,9.9
81.32,49.3424,0.0,1564.06,4.82,1.464,0.0,74.96,10.76,9.916
81.38,49.4332,0.0,1563.47,4.81,1.446,0.0,74.96,10.77,9.932
81.38,49.4635,0.0,1563.28,4.81,1.441,0.0,74.95,10.77,9.947
81.44,49.524,0.0,1562.89,4.81,1.429,0.0,74.95,10.78,9.963
81.46,49.5542,0.0,1562.69,4.81,1.423,0.0,74.95,10.78,9.971
81.5,49.6147,0.0,1562.3,4.81,1.411,0.0,74.95,10.79,9.986
81.52,49.6752,0.0,1561.91,4.81,1.4,0.0,74.95,10.8,10.002
81.581,49.7377,0.0,1561.5,4.8,1.388,0.0,74.95,10.8,10.019
81.601,49.7699,0.0,1561.29,4.8,1.382,0.0,74.95,10.81,10.027
81.667,49.8703,0.0,1560.64,4.8,1.364,0.0,74.95,10.82,10.054
81.689,49.9052,0.0,1560.42,4.8,1.358,0.0,74.95,10.82,10.063
81.736,49.9769,0.0,1559.95,4.8,1.346,0.0,74.95,10.82,10.082
81.784,50.0515,0.0,1559.47,4.8,1.333,0.0,74.95,10.83,10.092
81.809,50.0899,0.0,1559.22,4.8,1.326,0.0,74.95,10.83,10.112
81.861,50.169,0.0,1558.71,4.79,1.313,0.0,74.95,10.84,10.133
81.887,50.2513,0.0,1558.17,4.79,1.299,0.0,74.94,10.84,10.155
81.97,50.3368,0.0,1557.62,4.79,1.285,0.0,74.94,10.84,10.182
81.999,50.3976,0.0,1557.23,4.79,1.277,0.0,74.94,10.85,10.198
82.08,50.5228,0.0,1556.41,4.79,1.26,0.0,74.94,10.85,10.231
82.165,50.653,0.0,1555.57,4.79,1.239,0.0,74.94,10.85,10.248
82.209,50.72,0.0,1555.14,4.78,1.228,0.0,74.94,10.85,10.283
82.299,50.8581,0.0,1554.24,4.78,1.207,0.0,74.94,10.85,10.32
82.345,51.0016,0.0,1553.31,4.78,1.185,0.0,74.94,10.85,10.358
82.49,51.1508,0.0,1552.35,4.78,1.162,0.0,74.94,10.84,10.398
82.643,51.3858,0.0,1550.83,4.77,1.128,0.0,74.93,10.83,10.439
82.643,51.3858,0.0,1550.83,4.77,1.128,0.0,74.93,10.83,10.46
82.811,51.6501,0.0,1549.11,4.77,1.092,0.0,74.93,10.82,10.508
82.873,51.7443,0.0,1548.5,4.77,1.079,0.0,74.93,10.81,10.558
82.936,51.8403,0.0,1547.88,4.77,1.066,0.0,74.93,10.8,10.583
83.2,52.2433,0.0,1545.27,4.76,1.013,0.0,74.92,10.76,10.663
83.2,52.2433,0.0,1545.27,4.76,1.013,0.0,74.92,10.76,10.691
83.412,52.5668,0.0,1543.18,4.75,0.972,0.0,74.92,10.72,10.748
83.486,52.6788,0.0,1542.45,4.75,0.958,0.0,74.92,10.7,10.807
83.561,52.9095,0.0,1540.96,4.75,0.931,0.0,74.92,10.67,10.869
83.876,53.2662,0.0,1538.65,4.75,0.889,0.0,74.91,10.61,10.932
83.876,53.2662,0.0,1538.65,4.75,0.889,0.0,74.91,10.61,10.963
84.116,53.6228,0.0,1536.34,4.74,0.848,0.0,74.9,10.54,11.026
84.196,53.7415,0.0,1535.57,4.74,0.835,0.0,74.9,10.52,11.088
84.356,54.0973,0.0,1533.26,4.73,0.796,0.0,74.9,10.45,11.151
84.516,54.2158,0.0,1532.49,4.73,0.784,0.0,74.89,10.42,11.213
84.676,54.4525,0.0,1530.96,4.73,0.76,0.0,74.89,10.37,11.276
84.756,54.5708,0.0,1530.19,4.73,0.749,0.0,74.88,10.34,11.307
84.916,54.8072,0.0,1528.66,4.73,0.726,0.0,74.88,10.29,11.369
84.996,54.9253,0.0,1527.89,4.73,0.715,0.0,74.88,10.26,11.401
85.156,55.2792,0.0,1525.59,4.73,0.683,0.0,74.87,10.17,11.494
85.396,55.5148,0.0,1524.06,4.73,0.662,0.0,74.86,10.11,11.557
85.476,55.6325,0.0,1523.3,4.73,0.652,0.0,74.86,10.08,11.588
85.636,55.8678,0.0,1521.77,4.73,0.633,0.0,74.85,10.02,11.651
85.876,56.2201,0.0,1519.48,4.73,0.604,0.0,74.84,9.93,11.713
85.876,56.2201,0.0,1519.48,4.73,0.604,0.0,74.84,9.93,11.744
86.116,56.572,0.0,1517.19,4.73,0.577,0.0,74.82,9.84,11.838
86.196,56.6891,0.0,1516.43,4.73,0.569,0.0,74.82,9.81,11.869
86.356,56.9232,0.0,1514.91,4.73,0.551,0.0,74.81,9.74,11.932
86.596,57.2739,0.0,1512.63,4.73,0.527,0.0,74.79,9.65,11.994
86.596,57.2739,0.0,1512.63,4.73,0.527,0.0,74.79,9.65,12.026
86.916,57.7406,0.0,1509.59,4.73,0.496,0.0,74.77,9.53,12.119
86.916,57.7406,0.0,1509.59,4.73,0.496,0.0,74.77,9.53,12.15
87.156,58.09,0.0,1507.31,4.73,0.473,0.0,74.76,9.44,12.213
87.236,58.2063,0.0,1506.55,4.73,0.466,0.0,74.75,9.41,12.275
87.316,58.3226,0.0,1505.79,4.73,0.459,0.0,74.75,9.38,12.307
87.636,58.787,0.0,1502.76,4.73,0.432,0.0,74.72,9.26,12.4
87.636,58.787,0.0,1502.76,4.73,0.432,0.0,74.72,9.26,12.431
87.876,59.1347,0.0,1500.49,4.73,0.413,0.0,74.7,9.17,12.525
87.956,59.2505,0.0,1499.73,4.73,0.406,0.0,74.69,9.15,12.556
88.116,59.4818,0.0,1498.22,4.73,0.394,0.0,74.68,9.09,12.619
88.196,59.5974,0.0,1497.46,4.74,0.388,0.0,74.67,9.06,12.65
88.356,59.9438,0.0,1495.19,4.74,0.371,0.0,74.65,8.98,12.744
88.516,60.0591,0.0,1494.44,4.74,0.365,0.0,74.65,8.96,12.775
88.676,60.2896,0.0,1492.93,4.74,0.354,0.0,74.63,8.91,12.837
88.756,60.4047,0.0,1492.17,4.74,0.349,0.0,74.62,8.88,12.868
88.916,60.6348,0.0,1490.66,4.74,0.338,0.0,74.61,8.83,12.931
89.076,60.8647,0.0,1489.15,4.74,0.328,0.0,74.59,8.78,12.993
89.156,61.0943,0.0,1487.64,4.74,0.318,0.0,74.58,8.74,13.056
89.396,61.3236,0.0,1486.14,4.74,0.308,0.0,74.56,8.69,13.118
89.476,61.4382,0.0,1485.38,4.74,0.303,0.0,74.55,8.67,13.149
89.636,61.6672,0.0,1483.88,4.74,0.294,0.0,74.54,8.63,13.211
89.876,62.0102,0.0,1481.62,4.75,0.28,0.0,74.51,8.56,13.274
89.876,62.1244,0.0,1480.87,4.75,0.276,0.0,74.5,8.54,13.336
90.116,62.3526,0.0,1479.36,4.75,0.267,0.0,74.49,8.5,13.399
90.196,62.4666,0.0,1478.61,4.75,0.263,0.0,74.48,8.48,13.43
90.356,62.6945,0.0,1477.11,4.75,0.255,0.0,74.46,8.45,13.492
90.596,63.0358,0.0,1474.85,4.75,0.243,0.0,74.43,8.39,13.555
90.596,63.0358,0.0,1474.85,4.75,0.243,0.0,74.43,8.39,13.586
90.916,63.49,0.0,1471.85,4.75,0.228,0.0,74.4,8.33,13.679
90.916,63.49,0.0,1471.85,4.75,0.228,0.0,74.4,8.33,13.71
91.156,63.83,0.0,1469.6,4.75,0.218,0.0,74.37,8.28,13.773
91.236,63.9433,0.0,1468.85,4.75,0.214,0.0,74.36,8.27,13.835
91.316,64.1695,0.0,1467.35,4.75,0.208,0.0,74.34,8.24,13.897
91.636,64.5084,0.0,1465.1,4.75,0.198,0.0,74.31,8.2,13.96
91.636,64.5084,0.0,1465.1,4.75,0.198,0.0,74.31,8.2,13.991
91.796,64.734,0.0,1463.6,4.76,0.192,0.0,74.29,8.18,14.053
91.956,64.9594,0.0,1462.11,4.76,0.186,0.0,74.27,8.15,14.115
92.116,65.297,0.0,1459.86,4.76,0.177,0.0,74.25,8.12,14.209
92.276,65.4094,0.0,1459.11,4.76,0.174,0.0,74.24,8.11,14.24
92.436,65.634,0.0,1457.62,4.76,0.168,0.0,74.22,8.09,14.302
92.596,65.8584,0.0,1456.12,4.76,0.163,0.0,74.2,8.07,14.333
92.676,65.9705,0.0,1455.37,4.76,0.16,0.0,74.19,8.06,14.396
92.836,66.1945,0.0,1453.88,4.75,0.155,0.0,74.17,8.04,14.458
92.916,66.3064,0.0,1453.13,4.75,0.153,0.0,74.16,8.04,14.489
93.076,66.53,0.0,1451.64,4.75,0.148,0.0,74.14,8.02,14.551
93.156,66.7534,0.0,1450.15,4.75,0.143,0.0,74.12,8.01,14.614
93.396,66.9766,0.0,1448.65,4.75,0.138,0.0,74.1,7.99,14.676
93.476,67.088,0.0,1447.91,4.75,0.136,0.0,74.09,7.99,14.707
93.636,67.3108,0.0,1446.41,4.75,0.131,0.0,74.07,7.98,14.769
93.956,67.7556,0.0,1443.43,4.75,0.123,0.0,74.03,7.96,14.863
93.956,67.7556,0.0,1443.43,4.75,0.123,0.0,74.03,7.96,14.894
94.116,67.9776,0.0,1441.94,4.74,0.119,0.0,74.01,7.95,14.956
94.276,68.1994,0.0,1440.45,4.74,0.115,0.0,73.99,7.94,15.018
94.436,68.4209,0.0,1438.96,4.74,0.111,0.0,73.97,7.93,15.081
94.516,68.5316,0.0,1438.22,4.74,0.109,0.0,73.96,7.93,15.112
94.676,68.8633,0.0,1435.99,4.74,0.103,0.0,73.92,7.92,15.205
94.836,68.9737,0.0,1435.24,4.73,0.102,0.0,73.91,7.92,15.236
94.996,69.1944,0.0,1433.75,4.73,0.098,0.0,73.89,7.92,15.298
95.236,69.5249,0.0,1431.52,4.73,0.093,0.0,73.86,7.91,15.33
95.236,69.5249,0.0,1431.52,4.73,0.093,0.0,73.86,7.91,15.392
95.556,69.9647,0.0,1428.55,4.73,0.087,0.0,73.82,7.91,15.485
95.636,70.0746,0.0,1427.81,4.72,0.086,0.0,73.81,7.91,15.547
95.796,70.294,0.0,1426.32,4.72,0.083,0.0,73.79,7.91,15.61
95.876,70.4036,0.0,1425.58,4.72,0.081,0.0,73.78,7.91,15.641
96.036,70.6227,0.0,1424.09,4.72,0.079,0.0,73.76,7.91,15.703
96.116,70.7321,0.0,1423.35,4.72,0.077,0.0,73.75,7.91,15.734
96.276,71.0601,0.0,1421.13,4.72,0.073,0.0,73.72,7.91,15.827
96.516,71.2784,0.0,1419.64,4.71,0.071,0.0,73.7,7.92,15.858
96.596,71.3875,0.0,1418.9,4.71,0.07,0.0,73.69,7.92,15.921
96.756,71.6054,0.0,1417.42,4.71,0.067,0.0,73.67,7.92,15.983
96.836,71.7143,0.0,1416.68,4.71,0.066,0.0,73.65,7.93,16.014
96.996,71.9319,0.0,1415.19,4.71,0.064,0.0,73.63,7.93,16.076
97.236,72.2578,0.0,1412.97,4.71,0.061,0.0,73.6,7.94,16.138
97.316,72.3663,0.0,1412.23,4.71,0.06,0.0,73.59,7.94,16.2
97.556,72.6915,0.0,1410.01,4.71,0.057,0.0,73.56,7.95,16.262
97.556,72.6915,0.0,1410.01,4.71,0.057,0.0,73.56,7.95,16.294
97.716,72.908,0.0,1408.53,4.71,0.055,0.0,73.54,7.96,16.356
97.956,73.2322,0.0,1406.31,4.71,0.052,0.0,73.51,7.97,16.418
97.956,73.2322,0.0,1406.31,4.71,0.052,0.0,73.51,7.97,16.449
98.276,73.6637,0.0,1403.35,4.71,0.048,0.0,73.47,7.99,16.542
98.276,73.6637,0.0,1403.35,4.71,0.048,0.0,73.47,7.99,16.573
98.516,73.9867,0.0,1401.13,4.71,0.046,0.0,73.44,8.0,16.636
98.596,74.0942,0.0,1400.39,4.71,0.045,0.0,73.43,8.0,16.698
98.756,74.3091,0.0,1398.91,4.71,0.044,0.0,73.4,8.01,16.76
98.836,74.4164,0.0,1398.18,4.71,0.043,0.0,73.39,8.02,16.791
98.996,74.6309,0.0,1396.7,4.71,0.041,0.0,73.37,8.03,16.853
99.156,74.9522,0.0,1394.48,4.71,0.039,0.0,73.34,8.04,16.915
99.316,75.0592,0.0,1393.74,4.71,0.039,0.0,73.33,8.05,16.977
99.476,75.273,0.0,1392.27,4.71,0.037,0.0,73.31,8.06,17.039
99.556,75.3798,0.0,1391.53,4.71,0.037,0.0,73.3,8.07,17.07
99.716,75.5932,0.0,1390.05,4.71,0.035,0.0,73.28,8.08,17.132
99.956,75.9128,0.0,1387.84,4.71,0.034,0.0,73.25,8.1,17.195
99.956,75.9128,0.0,1387.84,4.71,0.034,0.0,73.25,8.1,17.226
100.276,76.3382,0.0,1384.89,4.71,0.031,0.0,73.21,8.12,17.319
100.356,76.4443,0.0,1384.15,4.71,0.031,0.0,73.2,8.13,17.381
100.516,76.6565,0.0,1382.68,4.71,0.03,0.0,73.18,8.14,17.443
100.596,76.7625,0.0,1381.94,4.71,0.029,0.0,73.17,8.15,17.474
100.756,76.9743,0.0,1380.46,4.71,0.028,0.0,73.14,8.16,17.536
100.996,77.2916,0.0,1378.25,4.71,0.027,0.0,73.11,8.18,17.598
100.996,77.2916,0.0,1378.25,4.71,0.027,0.0,73.11,8.18,17.629
101.236,77.6083,0.0,1376.04,4.71,0.026,0.0,73.08,8.2,17.691
101.236,77.7137,0.0,1375.31,4.71,0.025,0.0,73.07,8.21,17.753
101.476,77.9244,0.0,1373.83,4.72,0.024,0.0,73.05,8.22,17.815
101.716,78.24,0.0,1371.63,4.72,0.023,0.0,73.02,8.24,17.878
101.716,78.24,0.0,1371.63,4.72,0.023,0.0,73.02,8.24,17.909
101.956,78.555,0.0,1369.42,4.72,0.022,0.0,72.99,8.26,17.971
102.036,78.6599,0.0,1368.68,4.72,0.022,0.0,72.98,8.27,18.033
102.196,78.8695,0.0,1367.21,4.72,0.021,0.0,72.96,8.29,18.095
102.276,78.9742,0.0,1366.48,4.72,0.02,0.0,72.95,8.29,18.126
102.516,79.288,0.0,1364.27,4.73,0.019,0.0,72.92,8.32,18.219
102.596,79.3924,0.0,1363.53,4.73,0.019,0.0,72.91,8.32,18.25
102.756,79.6012,0.0,1362.06,4.73,0.018,0.0,72.89,8.34,18.312
102.996,79.9138,0.0,1359.86,4.73,0.018,0.0,72.86,8.36,18.374
102.996,79.9138,0.0,1359.86,4.73,0.018,0.0,72.86,8.36,18.405
103.236,80.2259,0.0,1357.66,4.73,0.017,0.0,72.83,8.38,18.467
103.316,80.3298,0.0,1356.92,4.73,0.016,0.0,72.81,8.39,18.529
103.396,80.5375,0.0,1355.45,4.73,0.016,0.0,72.79,8.41,18.591
103.716,80.8485,0.0,1353.25,4.74,0.015,0.0,72.76,8.43,18.653
103.716,80.8485,0.0,1353.25,4.74,0.015,0.0,72.76,8.43,18.684
103.956,81.1589,0.0,1351.05,4.74,0.014,0.0,72.73,8.46,18.746
104.036,81.2623,0.0,1350.31,4.74,0.014,0.0,72.72,8.46,18.808
104.196,81.4688,0.0,1348.85,4.74,0.014,0.0,72.7,8.48,18.87
104.276,81.6751,0.0,1347.38,4.74,0.013,0.0,72.68,8.5,18.932
104.516,81.8812,0.0,1345.91,4.74,0.013,0.0,72.66,8.51,18.994
104.596,81.9841,0.0,1345.18,4.74,0.012,0.0,72.65,8.52,19.025
104.756,82.1898,0.0,1343.71,4.74,0.012,0.0,72.63,8.54,19.087
104.996,82.4978,0.0,1341.51,4.74,0.011,0.0,72.6,8.56,19.149
104.996,82.4978,0.0,1341.51,4.74,0.011,0.0,72.6,8.56,19.18
105.236,82.8053,0.0,1339.32,4.75,0.011,0.0,72.57,8.59,19.273
105.476,83.1123,0.0,1337.12,4.75,0.01,0.0,72.54,8.61,19.335
105.476,83.1123,0.0,1337.12,4.75,0.01,0.0,72.54,8.61,19.366
105.716,83.4187,0.0,1334.92,4.75,0.01,0.0,72.51,8.64,19.428
105.796,83.5207,0.0,1334.19,4.75,0.01,0.0,72.5,8.65,19.49
105.956,83.7245,0.0,1332.72,4.75,0.009,0.0,72.48,8.66,19.552
106.036,83.8264,0.0,1331.99,4.74,0.009,0.0,72.47,8.67,19.583
106.196,84.0298,0.0,1330.53,4.74,0.009,0.0,72.45,8.69,19.645
106.356,84.2331,0.0,1329.07,4.74,0.008,0.0,72.43,8.71,19.707
106.516,84.4361,0.0,1327.6,4.74,0.008,0.0,72.41,8.72,19.769
106.596,84.5375,0.0,1326.87,4.74,0.008,0.0,72.4,8.73,19.8
106.756,84.7401,0.0,1325.41,4.74,0.008,0.0,72.38,8.75,19.862
106.916,84.9425,0.0,1323.95,4.74,0.008,0.0,72.35,8.76,19.924
107.076,85.1446,0.0,1322.49,4.74,0.007,0.0,72.33,8.78,19.986
107.236,85.4473,0.0,1320.29,4.73,0.007,0.0,72.3,8.81,20.048
107.396,85.5481,0.0,1319.56,4.73,0.007,0.0,72.29,8.82,20.11
107.476,85.6488,0.0,1318.83,4.73,0.007,0.0,72.28,8.82,20.141
107.636,85.8501,0.0,1317.37,4.73,0.006,0.0,72.26,8.84,20.203
107.796,86.0511,0.0,1315.91,4.72,0.006,0.0,72.24,8.86,20.264
108.036,86.3522,0.0,1313.72,4.72,0.006,0.0,72.21,8.88,20.327
108.036,86.3522,0.0,1313.72,4.72,0.006,0.0,72.21,8.88,20.357
108.276,86.6528,0.0,1311.53,4.71,0.006,0.0,72.18,8.91,20.419
108.356,86.7528,0.0,1310.8,4.71,0.005,0.0,72.17,8.92,20.481
108.516,86.9528,0.0,1309.34,4.71,0.005,0.0,72.15,8.94,20.543
108.756,87.3519,0.0,1306.42,4.7,0.005,0.0,72.11,8.97,20.605
108.756,87.3519,0.0,1306.42,4.7,0.005,0.0,72.11,8.97,20.667
109.076,87.6506,0.0,1304.24,4.69,0.005,0.0,72.08,9.0,20.729
109.156,87.75,0.0,1303.51,4.69,0.005,0.0,72.07,9.01,20.791
109.316,87.9487,0.0,1302.05,4.69,0.004,0.0,72.05,9.02,20.853
109.396,88.048,0.0,1301.32,4.69,0.004,0.0,72.04,9.03,20.884
109.556,88.2464,0.0,1299.86,4.68,0.004,0.0,72.02,9.05,20.946
109.636,88.3454,0.0,1299.14,4.68,0.004,0.0,72.01,9.06,20.976
109.796,88.5434,0.0,1297.68,4.67,0.004,0.0,71.99,9.07,21.038
110.036,88.8399,0.0,1295.49,4.67,0.004,0.0,71.96,9.1,21.1
110.116,88.9386,0.0,1294.77,4.67,0.004,0.0,71.95,9.11,21.162
110.276,89.1359,0.0,1293.31,4.66,0.004,0.0,71.93,9.13,21.224
110.516,89.4313,0.0,1291.13,4.65,0.003,0.0,71.9,9.15,21.286
110.516,89.4313,0.0,1291.13,4.65,0.003,0.0,71.9,9.15,21.317
110.756,89.7262,0.0,1288.94,4.65,0.003,0.0,71.87,9.18,21.379
110.836,89.8243,0.0,1288.22,4.64,0.003,0.0,71.86,9.19,21.441
110.996,90.0205,0.0,1286.76,4.64,0.003,0.0,71.84,9.2,21.472
111.076,90.1184,0.0,1286.03,4.64,0.003,0.0,71.83,9.21,21.533
111.156,90.2164,0.0,1285.31,4.63,0.003,0.0,71.82,9.22,21.564
111.316,90.5098,0.0,1283.13,4.63,0.003,0.0,71.79,9.25,21.657
111.476,90.6074,0.0,1282.4,4.62,0.003,0.0,71.78,9.25,21.688
111.636,90.8026,0.0,1280.95,4.62,0.003,0.0,71.76,9.27,21.75
111.876,91.0949,0.0,1278.77,4.61,0.002,0.0,71.73,9.3,21.812
111.876,91.0949,0.0,1278.77,4.61,0.002,0.0,71.73,9.3,21.843
112.116,91.3867,0.0,1276.59,4.6,0.002,0.0,71.7,9.32,21.905
112.276,91.5809,0.0,1275.13,4.59,0.002,0.0,71.68,9.34,21.967
112.276,91.5809,0.0,1275.13,4.59,0.002,0.0,71.68,9.34,21.997
112.596,91.9685,0.0,1272.23,4.58,0.002,0.0,71.64,9.37,22.09
112.596,91.9685,0.0,1272.23,4.58,0.002,0.0,71.64,9.37,22.121
112.756,92.162,0.0,1270.78,4.57,0.002,0.0,71.62,9.39,22.183
112.996,92.4517,0.0,1268.6,4.56,0.002,0.0,71.59,9.42,22.245
112.996,92.4517,0.0,1268.6,4.56,0.002,0.0,71.59,9.42,22.276
113.236,92.7409,0.0,1266.43,4.55,0.002,0.0,71.56,9.44,22.338
113.316,92.8372,0.0,1265.7,4.55,0.002,0.0,71.55,9.45,22.399
113.476,93.0296,0.0,1264.25,4.54,0.002,0.0,71.53,9.47,22.43
113.556,93.1257,0.0,1263.53,4.53,0.002,0.0,71.52,9.48,22.492
113.716,93.3177,0.0,1262.08,4.53,0.002,0.0,71.5,9.49,22.554
113.796,93.4136,0.0,1261.35,4.52,0.002,0.0,71.49,9.5,22.585
113.956,93.7009,0.0,1259.18,4.51,0.001,0.0,71.46,9.53,22.677
114.276,93.9878,0.0,1257.0,4.5,0.001,0.0,71.43,9.55,22.739
114.276,93.9878,0.0,1257.0,4.5,0.001,0.0,71.43,9.55,22.77
114.516,94.274,0.0,1254.83,4.49,0.001,0.0,71.4,9.58,22.863
114.596,94.3693,0.0,1254.11,4.48,0.001,0.0,71.39,9.59,22.894
114.756,94.5598,0.0,1252.66,4.47,0.001,0.0,71.37,9.6,22.955
114.836,94.6549,0.0,1251.94,4.47,0.001,0.0,71.36,9.61,22.986
114.996,94.8449,0.0,1250.49,4.46,0.001,0.0,71.34,9.63,23.048
115.156,95.0347,0.0,1249.04,4.45,0.001,0.0,71.32,9.65,23.11
115.316,95.2243,0.0,1247.59,4.44,0.001,0.0,71.3,9.66,23.172
115.476,95.4136,0.0,1246.15,4.43,0.001,0.0,71.28,9.68,23.234
115.556,95.5082,0.0,1245.42,4.43,0.001,0.0,71.27,9.69,23.264
115.716,95.6972,0.0,1243.98,4.42,0.001,0.0,71.25,9.7,23.326
115.956,95.9801,0.0,1241.81,4.41,0.001,0.0,71.22,9.73,23.388
116.036,96.0744,0.0,1241.09,4.4,0.001,0.0,71.21,9.74,23.45
116.276,96.3566,0.0,1238.92,4.39,0.001,0.0,71.18,9.76,23.512
116.276,96.3566,0.0,1238.92,4.39,0.001,0.0,71.18,9.76,23.542
116.516,96.6383,0.0,1236.75,4.37,0.001,0.0,71.15,9.79,23.635
116.596,96.7321,0.0,1236.03,4.37,0.001,0.0,71.14,9.79,23.666
116.756,96.9195,0.0,1234.58,4.36,0.001,0.0,71.12,9.81,23.728
116.916,97.1066,0.0,1233.14,4.35,0.001,0.0,71.1,9.83,23.789
116.996,97.2001,0.0,1232.42,4.35,0.001,0.0,71.09,9.84,23.82
117.236,97.4801,0.0,1230.25,4.33,0.001,0.0,71.06,9.86,23.882
117.236,97.4801,0.0,1230.25,4.33,0.001,0.0,71.06,9.86,23.913
117.556,97.8527,0.0,1227.37,4.31,0.001,0.0,71.02,9.89,24.006
117.636,97.9457,0.0,1226.65,4.31,0.001,0.0,71.01,9.9,24.067
117.796,98.1315,0.0,1225.2,4.3,0.001,0.0,70.99,9.92,24.129
117.876,98.2243,0.0,1224.48,4.29,0.001,0.0,70.98,9.93,24.16
118.036,98.4097,0.0,1223.04,4.29,0.001,0.0,70.96,9.94,24.222
118.276,98.6874,0.0,1220.88,4.27,0.001,0.0,70.93,9.97,24.284
118.276,98.6874,0.0,1220.88,4.27,0.001,0.0,70.93,9.97,24.314
118.516,98.9646,0.0,1218.72,4.26,0.001,0.0,70.9,9.99,24.376
118.596,99.0568,0.0,1218.0,4.25,0.001,0.0,70.89,10.0,24.438
118.756,99.2412,0.0,1216.56,4.24,0.001,0.0,70.87,10.02,24.499
118.996,99.5172,0.0,1214.39,4.23,0.0,0.0,70.84,10.04,24.561
118.996,99.5172,0.0,1214.39,4.23,0.0,0.0,70.84,10.04,24.592
119.236,99.7927,0.0,1212.24,4.21,0.0,0.0,70.81,10.06,24.654
119.316,99.8845,0.0,1211.52,4.21,0.0,0.0,70.8,10.07,24.715
119.556,100.1592,0.0,1209.36,4.19,0.0,0.0,70.77,10.1,24.777
119.716,100.3421,0.0,1207.92,4.18,0.0,0.0,70.75,10.11,24.839
119.796,100.4335,0.0,1207.2,4.18,0.0,0.0,70.74,10.12,24.9
119.956,100.616,0.0,1205.76,4.17,0.0,0.0,70.72,10.14,24.932
120.036,100.7071,0.0,1205.04,4.16,0.0,0.0,70.71,10.14,24.993
120.196,100.9803,0.0,1202.88,4.15,0.0,0.0,70.68,10.17,25.055
120.356,101.0712,0.0,1202.16,4.14,0.0,0.0,70.67,10.17,25.116
120.516,101.2529,0.0,1200.73,4.13,0.0,0.0,70.65,10.19,25.178
120.596,101.3436,0.0,1200.01,4.13,0.0,0.0,70.64,10.2,25.209
120.756,101.5249,0.0,1198.57,4.12,0.0,0.0,70.62,10.21,25.271
120.836,101.6155,0.0,1197.85,4.12,0.0,0.0,70.61,10.22,25.301
120.996,101.8868,0.0,1195.7,4.1,0.0,0.0,70.58,10.25,25.394
121.236,102.0674,0.0,1194.26,4.09,0.0,0.0,70.56,10.26,25.456
121.316,102.1576,0.0,1193.54,4.09,0.0,0.0,70.55,10.27,25.487
121.476,102.3378,0.0,1192.11,4.08,0.0,0.0,70.53,10.29,25.548
121.716,102.6076,0.0,1189.96,4.06,0.0,0.0,70.5,10.31,25.61
121.716,102.6076,0.0,1189.96,4.06,0.0,0.0,70.5,10.31,25.641
121.956,102.9666,0.0,1187.09,4.04,0.0,0.0,70.46,10.34,25.703
122.116,103.0562,0.0,1186.37,4.04,0.0,0.0,70.45,10.35,25.795
122.276,103.2352,0.0,1184.94,4.03,0.0,0.0,70.43,10.36,25.856
122.356,103.3246,0.0,1184.22,4.03,0.0,0.0,70.42,10.37,25.887
122.516,103.5032,0.0,1182.78,4.02,0.0,0.0,70.4,10.39,25.949
122.596,103.5924,0.0,1182.07,4.01,0.0,0.0,70.39,10.39,25.98
122.756,103.7707,0.0,1180.63,4.0,0.0,0.0,70.37,10.41,26.041
122.916,104.0376,0.0,1178.49,3.99,0.0,0.0,70.34,10.43,26.134
123.076,104.1265,0.0,1177.77,3.98,0.0,0.0,70.33,10.44,26.165
123.236,104.304,0.0,1176.34,3.97,0.0,0.0,70.31,10.46,26.226
123.476,104.5699,0.0,1174.19,3.96,0.0,0.0,70.28,10.48,26.288
123.476,104.5699,0.0,1174.19,3.96,0.0,0.0,70.28,10.48,26.319
123.716,104.8352,0.0,1172.04,3.94,0.0,0.0,70.25,10.5,26.381
123.796,104.9235,0.0,1171.33,3.94,0.0,0.0,70.24,10.51,26.442
123.956,105.1,0.0,1169.9,3.93,0.0,0.0,70.22,10.52,26.504
124.036,105.2762,0.0,1168.46,3.92,0.0,0.0,70.2,10.54,26.565
124.276,105.4521,0.0,1167.03,3.91,0.0,0.0,70.18,10.55,26.627
124.516,105.7156,0.0,1164.89,3.89,0.0,0.0,70.15,10.58,26.689
124.516,105.7156,0.0,1164.89,3.89,0.0,0.0,70.15,10.58,26.719
124.756,105.9786,0.0,1162.75,3.87,0.0,0.0,70.12,10.6,26.781
124.836,106.0661,0.0,1162.03,3.87,0.0,0.0,70.11,10.61,26.843
124.996,106.241,0.0,1160.6,3.86,0.0,0.0,70.09,10.62,26.904
125.076,106.3283,0.0,1159.89,3.85,0.0,0.0,70.08,10.63,26.935
125.236,106.5028,0.0,1158.46,3.84,0.0,0.0,70.06,10.64,26.997
125.316,106.59,0.0,1157.74,3.84,0.0,0.0,70.05,10.65,27.027
125.556,106.8511,0.0,1155.6,3.82,0.0,0.0,70.02,10.67,27.12
125.716,107.0249,0.0,1154.18,3.81,0.0,0.0,70.0,10.69,27.181
125.796,107.1117,0.0,1153.46,3.8,0.0,0.0,69.99,10.7,27.212
125.956,107.2851,0.0,1152.03,3.79,0.0,0.0,69.97,10.71,27.274
126.196,107.5448,0.0,1149.89,3.77,0.0,0.0,69.94,10.73,27.336
126.196,107.5448,0.0,1149.89,3.77,0.0,0.0,69.94,10.73,27.366
126.516,107.8902,0.0,1147.04,3.75,0.0,0.0,69.9,10.76,27.428
126.516,107.8902,0.0,1147.04,3.75,0.0,0.0,69.9,10.76,27.489
126.836,108.2346,0.0,1144.19,3.73,0.0,0.0,69.86,10.79,27.582
126.916,108.3205,0.0,1143.48,3.72,0.0,0.0,69.85,10.8,27.643
127.076,108.4922,0.0,1142.05,3.71,0.0,0.0,69.83,10.81,27.705
127.236,108.6637,0.0,1140.63,3.69,0.0,0.0,69.81,10.83,27.736
127.316,108.7494,0.0,1139.92,3.69,0.0,0.0,69.8,10.84,27.797
127.556,109.006,0.0,1137.78,3.67,0.0,0.0,69.77,10.86,27.828
127.556,109.006,0.0,1137.78,3.67,0.0,0.0,69.77,10.86,27.89
127.716,109.1767,0.0,1136.36,3.66,0.0,0.0,69.75,10.87,27.951
128.036,109.5175,0.0,1133.51,3.63,0.0,0.0,69.71,10.9,28.044
128.036,109.5175,0.0,1133.51,3.63,0.0,0.0,69.71,10.9,28.074
128.276,109.7724,0.0,1131.38,3.61,0.0,0.0,69.68,10.92,28.136
128.356,109.8573,0.0,1130.67,3.6,0.0,0.0,69.67,10.93,28.197
128.516,110.0268,0.0,1129.24,3.59,0.0,0.0,69.65,10.94,28.259
128.756,110.2807,0.0,1127.11,3.57,0.0,0.0,69.62,10.97,28.321
128.836,110.3652,0.0,1126.4,3.56,0.0,0.0,69.61,10.97,28.382
129.076,110.6183,0.0,1124.27,3.54,0.0,0.0,69.58,10.99,28.413
129.076,110.6183,0.0,1124.27,3.54,0.0,0.0,69.58,10.99,28.474
129.316,110.8709,0.0,1122.14,3.51,0.0,0.0,69.55,11.02,28.536
129.476,111.039,0.0,1120.72,3.5,0.0,0.0,69.53,11.03,28.598
129.556,111.1229,0.0,1120.01,3.49,0.0,0.0,69.52,11.04,28.659
129.636,111.2068,0.0,1119.3,3.48,0.0,0.0,69.51,11.04,28.69
129.876,111.5418,0.0,1116.46,3.45,0.0,0.0,69.47,11.07,28.751
129.876,111.5418,0.0,1116.46,3.45,0.0,0.0,69.47,11.07,28.813
130.116,111.7089,0.0,1115.04,3.43,0.0,0.0,69.45,11.09,28.874
130.196,111.7924,0.0,1114.33,3.42,0.0,0.0,69.44,11.09,28.905
130.356,111.9591,0.0,1112.91,3.41,0.0,0.0,69.42,11.11,28.967
130.596,112.2088,0.0,1110.79,3.38,0.0,0.0,69.39,11.13,29.028
130.596,112.2088,0.0,1110.79,3.38,0.0,0.0,69.39,11.13,29.059
130.756,112.375,0.0,1109.37,3.37,0.0,0.0,69.37,11.14,29.12
131.076,112.7066,0.0,1106.54,3.34,0.0,0.0,69.33,11.17,29.213
131.076,112.7066,0.0,1106.54,3.34,0.0,0.0,69.33,11.17,29.243
131.316,112.9546,0.0,1104.41,3.31,0.0,0.0,69.3,11.19,29.336
131.396,113.0372,0.0,1103.7,3.3,0.0,0.0,69.29,11.2,29.366
131.556,113.2021,0.0,1102.29,3.29,0.0,0.0,69.27,11.21,29.428
131.796,113.4491,0.0,1100.16,3.26,0.0,0.0,69.24,11.23,29.49
131.796,113.4491,0.0,1100.16,3.26,0.0,0.0,69.24,11.23,29.52
132.036,113.7775,0.0,1097.33,3.23,0.0,0.0,69.2,11.26,29.613
132.196,113.8595,0.0,1096.63,3.23,0.0,0.0,69.19,11.27,29.674
132.356,114.0232,0.0,1095.21,3.21,0.0,0.0,69.17,11.28,29.735
132.436,114.105,0.0,1094.51,3.2,0.0,0.0,69.16,11.29,29.766
132.596,114.2683,0.0,1093.09,3.19,0.0,0.0,69.14,11.3,29.828
132.836,114.5129,0.0,1090.97,3.16,0.0,0.0,69.11,11.32,29.889
132.836,114.5129,0.0,1090.97,3.16,0.0,0.0,69.11,11.32,29.92
133.076,114.757,0.0,1088.85,3.14,0.0,0.0,69.08,11.34,29.982
133.156,114.8382,0.0,1088.15,3.13,0.0,0.0,69.07,11.35,30.043
133.316,115.0005,0.0,1086.74,3.12,0.0,0.0,69.05,11.36,30.104
133.396,115.0816,0.0,1086.03,3.11,0.0,0.0,69.04,11.37,30.135
133.556,115.2435,0.0,1084.62,3.1,0.0,0.0,69.02,11.38,30.196
133.796,115.4859,0.0,1082.5,3.08,0.0,0.0,68.99,11.4,30.258
133.876,115.5666,0.0,1081.8,3.07,0.0,0.0,68.98,11.41,30.319
134.036,115.7278,0.0,1080.39,3.05,0.0,0.0,68.96,11.42,30.381
134.116,115.8083,0.0,1079.68,3.05,0.0,0.0,68.95,11.43,30.412
134.276,115.9691,0.0,1078.27,3.03,0.0,0.0,68.93,11.44,30.473
134.436,116.1297,0.0,1076.86,3.02,0.0,0.0,68.91,11.46,30.534
134.596,116.2901,0.0,1075.45,3.01,0.0,0.0,68.89,11.47,30.596
134.676,116.3701,0.0,1074.75,3.0,0.0,0.0,68.88,11.48,30.627
134.836,116.5301,0.0,1073.34,2.98,0.0,0.0,68.86,11.49,30.688
135.076,116.7696,0.0,1071.23,2.96,0.0,0.0,68.83,11.51,30.75
135.076,116.7696,0.0,1071.23,2.96,0.0,0.0,68.83,11.51,30.78
135.396,117.0882,0.0,1068.41,2.94,0.0,0.0,68.79,11.54,30.873
135.396,117.0882,0.0,1068.41,2.94,0.0,0.0,68.79,11.54,30.903
135.636,117.3264,0.0,1066.3,2.92,0.0,0.0,68.76,11.56,30.965
135.716,117.4057,0.0,1065.6,2.91,0.0,0.0,68.75,11.56,31.026
135.796,117.5641,0.0,1064.19,2.9,0.0,0.0,68.73,11.58,31.087
136.116,117.8013,0.0,1062.08,2.88,0.0,0.0,68.7,11.6,31.149
136.116,117.8013,0.0,1062.08,2.88,0.0,0.0,68.7,11.6,31.18
136.356,118.0379,0.0,1059.97,2.86,0.0,0.0,68.67,11.62,31.272
136.596,118.274,0.0,1057.87,2.85,0.0,0.0,68.64,11.63,31.333
136.596,118.274,0.0,1057.87,2.85,0.0,0.0,68.64,11.63,31.364
136.916,118.5879,0.0,1055.06,2.82,0.0,0.0,68.6,11.66,31.456
136.916,118.5879,0.0,1055.06,2.82,0.0,0.0,68.6,11.66,31.487
137.156,118.8228,0.0,1052.95,2.81,0.0,0.0,68.57,11.68,31.548
137.156,118.9009,0.0,1052.25,2.8,0.0,0.0,68.56,11.69,31.61
137.476,119.135,0.0,1050.15,2.78,0.0,0.0,68.53,11.71,31.671
137.556,119.2129,0.0,1049.44,2.78,0.0,0.0,68.52,11.71,31.732
137.716,119.3685,0.0,1048.04,2.77,0.0,0.0,68.5,11.73,31.763
137.796,119.4463,0.0,1047.34,2.76,0.0,0.0,68.49,11.73,31.825
138.036,119.6791,0.0,1045.24,2.75,0.0,0.0,68.46,11.75,31.886
138.116,119.7566,0.0,1044.54,2.74,0.0,0.0,68.45,11.76,31.947
138.276,119.9114,0.0,1043.14,2.73,0.0,0.0,68.43,11.77,31.978
138.356,119.9887,0.0,1042.44,2.73,0.0,0.0,68.42,11.78,32.039
138.436,120.0659,0.0,1041.74,2.72,0.0,0.0,68.41,11.78,32.07
138.596,120.2202,0.0,1040.34,2.71,0.0,0.0,68.39,11.8,32.132
138.836,120.4512,0.0,1038.24,2.7,0.0,0.0,68.36,11.81,32.193
138.836,120.5281,0.0,1037.54,2.69,0.0,0.0,68.35,11.82,32.254
139.076,120.6817,0.0,1036.14,2.68,0.0,0.0,68.33,11.83,32.316
139.236,120.8351,0.0,1034.74,2.67,0.0,0.0,68.31,11.85,32.377
139.396,120.9882,0.0,1033.34,2.66,0.0,0.0,68.29,11.86,32.408
139.476,121.0646,0.0,1032.64,2.66,0.0,0.0,68.28,11.87,32.469
139.636,121.2174,0.0,1031.24,2.65,0.0,0.0,68.26,11.88,32.531
139.716,121.2936,0.0,1030.55,2.64,0.0,0.0,68.25,11.88,32.561
139.876,121.446,0.0,1029.15,2.63,0.0,0.0,68.23,11.9,32.623
140.116,121.6741,0.0,1027.05,2.62,0.0,0.0,68.2,11.92,32.684
140.116,121.7501,0.0,1026.36,2.62,0.0,0.0,68.19,11.92,32.745
140.356,121.9017,0.0,1024.96,2.61,0.0,0.0,68.17,11.93,32.807
140.436,121.9775,0.0,1024.26,2.6,0.0,0.0,68.16,11.94,32.837
140.596,122.1287,0.0,1022.87,2.59,0.0,0.0,68.14,11.95,32.899
140.676,122.2043,0.0,1022.17,2.59,0.0,0.0,68.13,11.96,32.929
140.676,122.2043,0.0,1022.17,2.59,0.0,0.0,68.13,11.96,32.929
141.076,122.5812,0.0,1018.68,2.57,0.0,0.0,68.08,11.99,33.052
141.076,122.7315,0.0,1017.29,2.56,0.0,0.0,68.06,12.0,33.144
141.396,122.8816,0.0,1015.9,2.55,0.0,0.0,68.04,12.01,33.206
141.636,123.1063,0.0,1013.81,2.54,0.0,0.0,68.01,12.03,33.267
141.636,123.1063,0.0,1013.81,2.54,0.0,0.0,68.01,12.03,33.298
141.956,123.405,0.0,1011.02,2.52,0.0,0.0,67.97,12.06,33.39
141.956,123.405,0.0,1011.02,2.52,0.0,0.0,67.97,12.06,33.42
142.116,123.554,0.0,1009.63,2.51,0.0,0.0,67.95,12.07,33.482
142.196,123.7028,0.0,1008.24,2.5,0.0,0.0,67.93,12.08,33.543
142.356,123.7771,0.0,1007.54,2.5,0.0,0.0,67.92,12.09,33.574
142.436,123.9255,0.0,1006.15,2.49,0.0,0.0,67.9,12.1,33.635
142.676,124.0736,0.0,1004.76,2.48,0.0,0.0,67.88,12.11,33.696
142.756,124.2215,0.0,1003.37,2.47,0.0,0.0,67.86,12.12,33.758
142.916,124.2954,0.0,1002.68,2.47,0.0,0.0,67.85,12.13,33.788
143.156,124.5166,0.0,1000.59,2.46,0.0,0.0,67.82,12.15,33.85
143.236,124.5903,0.0,999.9,2.45,0.0,0.0,67.81,12.15,33.911
143.396,124.7373,0.0,998.51,2.45,0.0,0.0,67.79,12.17,33.942
143.636,124.9575,0.0,996.43,2.43,0.0,0.0,67.76,12.19,34.034
143.636,124.9575,0.0,996.43,2.43,0.0,0.0,67.76,12.19,34.064
143.796,125.1771,0.0,994.35,2.42,0.0,0.0,67.73,12.2,34.156
143.956,125.2502,0.0,993.65,2.42,0.0,0.0,67.72,12.21,34.187
144.116,125.3962,0.0,992.27,2.41,0.0,0.0,67.7,12.22,34.248
144.196,125.5419,0.0,990.88,2.4,0.0,0.0,67.68,12.23,34.31
144.516,125.7601,0.0,988.8,2.39,0.0,0.0,67.65,12.25,34.371
144.516,125.7601,0.0,988.8,2.39,0.0,0.0,67.65,12.25,34.402
144.756,125.9777,0.0,986.73,2.38,0.0,0.0,67.62,12.27,34.463
144.836,126.0502,0.0,986.03,2.38,0.0,0.0,67.61,12.27,34.524
144.996,126.1948,0.0,984.65,2.37,0.0,0.0,67.59,12.29,34.585
145.236,126.4114,0.0,982.57,2.36,0.0,0.0,67.56,12.3,34.647
145.236,126.4114,0.0,982.57,2.36,0.0,0.0,67.56,12.3,34.677
145.476,126.6274,0.0,980.5,2.35,0.0,0.0,67.53,12.32,34.769
145.556,126.6993,0.0,979.81,2.34,0.0,0.0,67.52,12.33,34.8
145.716,126.8428,0.0,978.43,2.34,0.0,0.0,67.5,12.34,34.861
145.796,126.9145,0.0,977.74,2.33,0.0,0.0,67.49,12.35,34.892
145.876,127.0579,0.0,976.35,2.33,0.0,0.0,67.47,12.36,34.953
146.036,127.2008,0.0,974.97,2.32,0.0,0.0,67.45,12.37,35.015
146.276,127.3436,0.0,973.59,2.31,0.0,0.0,67.43,12.38,35.076
146.516,127.5572,0.0,971.52,2.3,0.0,0.0,67.4,12.4,35.137
146.516,127.5572,0.0,971.52,2.3,0.0,0.0,67.4,12.4,35.168
146.756,127.7704,0.0,969.45,2.29,0.0,0.0,67.36,12.42,35.26
146.836,127.8413,0.0,968.76,2.29,0.0,0.0,67.35,12.42,35.29
146.996,127.983,0.0,967.38,2.28,0.0,0.0,67.33,12.43,35.352
147.236,128.195,0.0,965.32,2.27,0.0,0.0,67.3,12.45,35.413
147.236,128.195,0.0,965.32,2.27,0.0,0.0,67.3,12.45,35.444
147.396,128.336,0.0,963.94,2.26,0.0,0.0,67.28,12.46,35.505
147.556,128.4769,0.0,962.56,2.26,0.0,0.0,67.26,12.47,35.566
147.796,128.6876,0.0,960.5,2.25,0.0,0.0,67.23,12.49,35.628
147.876,128.7578,0.0,959.81,2.24,0.0,0.0,67.22,12.5,35.689
147.956,128.8278,0.0,959.12,2.24,0.0,0.0,67.21,12.5,35.719
148.116,128.9678,0.0,957.74,2.24,0.0,0.0,67.19,12.51,35.781
148.276,129.1075,0.0,956.37,2.23,0.0,0.0,67.17,12.52,35.842
148.356,129.1773,0.0,955.68,2.23,0.0,0.0,67.16,12.53,35.872
148.516,129.3167,0.0,954.31,2.22,0.0,0.0,67.14,12.54,35.934
148.756,129.5253,0.0,952.25,2.21,0.0,0.0,67.11,12.56,35.995
148.756,129.5253,0.0,952.25,2.21,0.0,0.0,67.11,12.56,36.026
148.916,129.6641,0.0,950.87,2.2,0.0,0.0,67.09,12.57,36.087
148.996,129.8026,0.0,949.5,2.2,0.0,0.0,67.07,12.58,36.148
149.236,129.9409,0.0,948.13,2.19,0.0,0.0,67.05,12.59,36.209
149.316,130.0789,0.0,946.76,2.18,0.0,0.0,67.03,12.6,36.271
149.476,130.1479,0.0,946.07,2.18,0.0,0.0,67.02,12.61,36.301
149.716,130.3543,0.0,944.01,2.17,0.0,0.0,66.99,12.63,36.363
149.716,130.3543,0.0,944.01,2.17,0.0,0.0,66.99,12.63,36.393
149.956,130.5602,0.0,941.96,2.16,0.0,0.0,66.96,12.64,36.485
150.036,130.6287,0.0,941.27,2.16,0.0,0.0,66.95,12.65,36.516
150.276,130.8339,0.0,939.22,2.15,0.0,0.0,66.92,12.67,36.577
150.276,130.8339,0.0,939.22,2.15,0.0,0.0,66.92,12.67,36.607
150.516,131.0385,0.0,937.17,2.14,0.0,0.0,66.89,12.68,36.699
150.676,131.1746,0.0,935.8,2.14,0.0,0.0,66.87,12.69,36.76
150.756,131.2426,0.0,935.11,2.13,0.0,0.0,66.86,12.7,36.791
150.996,131.4461,0.0,933.06,2.12,0.0,0.0,66.83,12.72,36.853
150.996,131.4461,0.0,933.06,2.12,0.0,0.0,66.83,12.72,36.883
151.236,131.6491,0.0,931.01,2.12,0.0,0.0,66.8,12.73,36.944
151.316,131.7167,0.0,930.33,2.11,0.0,0.0,66.79,12.74,37.005
151.476,131.8516,0.0,928.96,2.11,0.0,0.0,66.77,12.75,37.036
151.556,131.9189,0.0,928.28,2.1,0.0,0.0,66.76,12.75,37.097
151.716,132.0535,0.0,926.92,2.1,0.0,0.0,66.74,12.76,37.158
151.956,132.3219,0.0,924.19,2.09,0.0,0.0,66.7,12.79,37.22
151.956,132.3219,0.0,924.19,2.09,0.0,0.0,66.7,12.79,37.281
152.196,132.4557,0.0,922.82,2.08,0.0,0.0,66.68,12.8,37.342
152.356,132.5893,0.0,921.46,2.08,0.0,0.0,66.66,12.81,37.403
152.356,132.656,0.0,920.78,2.07,0.0,0.0,66.65,12.81,37.434
152.516,132.7893,0.0,919.42,2.07,0.0,0.0,66.63,12.83,37.495
152.756,132.9222,0.0,918.05,2.06,0.0,0.0,66.61,12.84,37.556
152.996,133.1213,0.0,916.01,2.05,0.0,0.0,66.58,12.85,37.618
153.076,133.1875,0.0,915.33,2.05,0.0,0.0,66.57,12.86,37.679
153.236,133.3198,0.0,913.97,2.05,0.0,0.0,66.55,12.87,37.71
153.236,133.3198,0.0,913.97,2.05,0.0,0.0,66.55,12.87,37.74
153.476,133.5177,0.0,911.93,2.04,0.0,0.0,66.52,12.88,37.832
153.556,133.5836,0.0,911.25,2.04,0.0,0.0,66.51,12.89,37.862
153.796,133.7808,0.0,909.21,2.03,0.0,0.0,66.48,12.91,37.924
153.796,133.7808,0.0,909.21,2.03,0.0,0.0,66.48,12.91,37.954
154.036,133.9775,0.0,907.18,2.02,0.0,0.0,66.45,12.92,38.046
154.116,134.043,0.0,906.5,2.02,0.0,0.0,66.44,12.93,38.077
154.276,134.1737,0.0,905.14,2.01,0.0,0.0,66.42,12.94,38.138
154.436,134.3041,0.0,903.79,2.01,0.0,0.0,66.4,12.95,38.199
154.516,134.3693,0.0,903.11,2.0,0.0,0.0,66.39,12.95,38.229
154.676,134.4994,0.0,901.75,2.0,0.0,0.0,66.37,12.96,38.291
154.836,134.6293,0.0,900.4,1.99,0.0,0.0,66.35,12.98,38.352
154.916,134.6941,0.0,899.72,1.99,0.0,0.0,66.34,12.98,38.382
155.076,134.8883,0.0,897.69,1.98,0.0,0.0,66.31,13.0,38.474
155.236,134.9529,0.0,897.01,1.98,0.0,0.0,66.3,13.0,38.505
155.396,135.0819,0.0,895.66,1.98,0.0,0.0,66.28,13.01,38.566
155.556,135.2107,0.0,894.3,1.97,0.0,0.0,66.26,13.02,38.627
155.636,135.275,0.0,893.63,1.97,0.0,0.0,66.25,13.03,38.658
155.796,135.4034,0.0,892.28,1.96,0.0,0.0,66.23,13.04,38.719
155.956,135.5316,0.0,890.92,1.96,0.0,0.0,66.21,13.05,38.78
156.036,135.5956,0.0,890.25,1.96,0.0,0.0,66.2,13.05,38.811
156.196,135.7234,0.0,888.9,1.95,0.0,0.0,66.18,13.06,38.872
156.436,135.9147,0.0,886.87,1.94,0.0,0.0,66.15,13.08,38.933
156.516,135.9784,0.0,886.2,1.94,0.0,0.0,66.14,13.09,38.994
156.676,136.1055,0.0,884.85,1.94,0.0,0.0,66.12,13.1,39.055
156.756,136.1689,0.0,884.18,1.93,0.0,0.0,66.11,13.1,39.086
156.916,136.2957,0.0,882.83,1.93,0.0,0.0,66.08,13.11,39.147
157.076,136.4222,0.0,881.48,1.92,0.0,0.0,66.06,13.12,39.208
157.236,136.5484,0.0,880.13,1.92,0.0,0.0,66.04,13.13,39.269
157.316,136.6115,0.0,879.46,1.92,0.0,0.0,66.03,13.14,39.3
157.476,136.7374,0.0,878.11,1.91,0.0,0.0,66.01,13.15,39.361
157.556,136.8002,0.0,877.44,1.91,0.0,0.0,66.0,13.15,39.392
157.636,136.9258,0.0,876.09,1.9,0.0,0.0,65.98,13.16,39.453
157.876,137.0511,0.0,874.75,1.9,0.0,0.0,65.96,13.17,39.514
157.956,137.1137,0.0,874.08,1.9,0.0,0.0,65.95,13.18,39.545
158.276,137.3633,0.0,871.39,1.89,0.0,0.0,65.91,13.2,39.637
158.276,137.3633,0.0,871.39,1.89,0.0,0.0,65.91,13.2,39.667
158.436,137.5499,0.0,869.38,1.88,0.0,0.0,65.88,13.21,39.759
158.596,137.612,0.0,868.71,1.88,0.0,0.0,65.87,13.22,39.789
158.756,137.736,0.0,867.36,1.87,0.0,0.0,65.85,13.23,39.85
158.836,137.8597,0.0,866.02,1.87,0.0,0.0,65.83,13.24,39.911
158.996,137.9215,0.0,865.35,1.87,0.0,0.0,65.82,13.25,39.942
159.156,138.0449,0.0,864.01,1.86,0.0,0.0,65.8,13.26,40.003
159.316,138.168,0.0,862.67,1.86,0.0,0.0,65.78,13.27,40.064
159.396,138.2295,0.0,862.0,1.86,0.0,0.0,65.77,13.27,40.095
159.556,138.3523,0.0,860.66,1.85,0.0,0.0,65.75,13.28,40.156
159.636,138.4748,0.0,859.33,1.85,0.0,0.0,65.73,13.29,40.217
159.796,138.536,0.0,858.66,1.85,0.0,0.0,65.72,13.3,40.248
159.956,138.6582,0.0,857.32,1.84,0.0,0.0,65.7,13.31,40.309
160.036,138.7192,0.0,856.65,1.84,0.0,0.0,65.69,13.31,40.339
160.276,138.9018,0.0,854.65,1.83,0.0,0.0,65.66,13.33,40.431
160.356,138.9626,0.0,853.98,1.83,0.0,0.0,65.65,13.33,40.461
160.436,139.0839,0.0,852.64,1.83,0.0,0.0,65.63,13.34,40.523
160.596,139.1445,0.0,851.98,1.82,0.0,0.0,65.62,13.35,40.553
160.676,139.2655,0.0,850.64,1.82,0.0,0.0,65.6,13.36,40.614
160.996,139.4465,0.0,848.64,1.81,0.0,0.0,65.57,13.37,40.676
160.996,139.4465,0.0,848.64,1.81,0.0,0.0,65.57,13.37,40.706
161.156,139.627,0.0,846.64,1.81,0.0,0.0,65.54,13.39,40.798
161.316,139.687,0.0,845.98,1.8,0.0,0.0,65.53,13.39,40.828
161.476,139.8069,0.0,844.64,1.8,0.0,0.0,65.51,13.4,40.889
161.716,139.9864,0.0,842.65,1.79,0.0,0.0,65.48,13.42,40.951
161.716,139.9864,0.0,842.65,1.79,0.0,0.0,65.48,13.42,40.981
161.876,140.1652,0.0,840.65,0.0,0.0,0.0,65.45,13.43,41.073
162.036,140.2247,0.0,839.99,0.0,0.0,0.0,65.44,13.44,41.103
162.196,140.3436,0.0,838.66,0.0,0.0,0.0,65.42,13.45,41.164
162.356,140.4622,0.0,837.33,0.0,0.0,0.0,65.4,13.46,41.225
162.436,140.5214,0.0,836.67,0.0,0.0,0.0,65.39,13.46,41.256
162.676,140.6987,0.0,834.68,0.0,0.0,0.0,65.36,13.47,41.317
162.756,140.7577,0.0,834.01,0.0,0.0,0.0,65.35,13.48,41.378
162.836,140.8166,0.0,833.35,0.0,0.0,0.0,65.34,13.48,41.409
163.076,141.0517,0.0,830.7,0.0,0.0,0.0,65.3,13.5,41.47
163.076,141.0517,0.0,830.7,0.0,0.0,0.0,65.3,13.5,41.531
163.236,141.1103,0.0,830.04,0.0,0.0,0.0,65.29,13.51,41.561
163.396,141.2274,0.0,828.71,0.0,0.0,0.0,65.27,13.52,41.622
163.556,141.3442,0.0,827.39,0.0,0.0,0.0,65.25,13.53,41.684
163.636,141.4025,0.0,826.73,0.0,0.0,0.0,65.24,13.53,41.714
163.796,141.5189,0.0,825.41,0.0,0.0,0.0,65.22,13.54,41.775
163.876,141.5771,0.0,824.75,0.0,0.0,0.0,65.21,13.55,41.806
164.036,141.6932,0.0,823.43,0.0,0.0,0.0,65.19,13.56,41.867
164.276,141.867,0.0,821.44,0.0,0.0,0.0,65.16,13.57,41.928
164.276,141.867,0.0,821.44,0.0,0.0,0.0,65.16,13.57,41.958
164.516,142.0401,0.0,819.47,0.0,0.0,0.0,65.12,13.59,42.05
164.596,142.0977,0.0,818.81,0.0,0.0,0.0,65.11,13.59,42.081
164.756,142.2701,0.0,816.83,0.0,0.0,0.0,65.08,13.61,42.172
164.996,142.3847,0.0,815.51,0.0,0.0,0.0,65.06,13.62,42.203
165.076,142.442,0.0,814.85,0.0,0.0,0.0,65.05,13.62,42.264
165.236,142.5562,0.0,813.54,0.0,0.0,0.0,65.03,13.63,42.325
165.316,142.6133,0.0,812.88,0.0,0.0,0.0,65.02,13.63,42.355
165.476,142.7272,0.0,811.56,0.0,0.0,0.0,65.0,13.64,42.416
165.636,142.841,0.0,810.25,0.0,0.0,0.0,64.98,13.65,42.478
165.716,142.8977,0.0,809.59,0.0,0.0,0.0,64.97,13.66,42.508
165.876,143.0111,0.0,808.28,0.0,0.0,0.0,64.95,13.67,42.569
166.116,143.1807,0.0,806.31,0.0,0.0,0.0,64.92,13.68,42.63
166.116,143.1807,0.0,806.31,0.0,0.0,0.0,64.92,13.68,42.661
166.276,143.2935,0.0,805.0,0.0,0.0,0.0,64.9,13.69,42.722
166.436,143.406,0.0,803.69,0.0,0.0,0.0,64.88,13.7,42.783
166.516,143.4622,0.0,803.03,0.0,0.0,0.0,64.87,13.71,42.813
166.676,143.5744,0.0,801.72,0.0,0.0,0.0,64.85,13.72,42.874
166.836,143.6863,0.0,800.41,0.0,0.0,0.0,64.83,13.72,42.935
166.916,143.7422,0.0,799.76,0.0,0.0,0.0,64.82,13.73,42.966
167.156,143.9094,0.0,797.79,0.0,0.0,0.0,64.79,13.74,43.027
167.236,143.9651,0.0,797.14,0.0,0.0,0.0,64.78,13.75,43.088
167.396,144.0762,0.0,795.83,0.0,0.0,0.0,64.76,13.76,43.119
167.556,144.187,0.0,794.53,0.0,0.0,0.0,64.74,13.77,43.21
167.636,144.2423,0.0,793.88,0.0,0.0,0.0,64.73,13.77,43.241
167.876,144.4078,0.0,791.92,0.0,0.0,0.0,64.7,13.79,43.302
167.956,144.4629,0.0,791.27,0.0,0.0,0.0,64.69,13.79,43.363
168.116,144.5729,0.0,789.96,0.0,0.0,0.0,64.67,13.8,43.424
168.196,144.6278,0.0,789.31,0.0,0.0,0.0,64.66,13.8,43.454
168.356,144.7375,0.0,788.01,0.0,0.0,0.0,64.64,13.81,43.515
168.436,144.7922,0.0,787.36,0.0,0.0,0.0,64.63,13.82,43.546
168.596,144.9015,0.0,786.06,0.0,0.0,0.0,64.61,13.83,43.607
168.756,145.0106,0.0,784.76,0.0,0.0,0.0,64.59,13.84,43.666
168.916,145.1194,0.0,783.46,0.0,0.0,0.0,64.57,13.85,43.723
168.996,145.1737,0.0,782.81,0.0,0.0,0.0,64.56,13.85,43.752
169.156,145.2822,0.0,781.51,0.0,0.0,0.0,64.54,13.86,43.809
169.236,145.3363,0.0,780.86,0.0,0.0,0.0,64.53,13.87,43.838
169.396,145.4444,0.0,779.56,0.0,0.0,0.0,64.51,13.88,43.895
169.556,145.5523,0.0,778.26,0.0,0.0,0.0,64.49,13.89,43.953
169.716,145.6599,0.0,776.97,0.0,0.0,0.0,64.47,13.9,44.01
169.876,145.7673,0.0,775.67,0.0,0.0,0.0,64.45,13.91,44.067
169.876,145.7673,0.0,775.67,0.0,0.0,0.0,64.45,13.91,44.067
169.956,145.9813,0.0,773.09,0.0,0.0,0.0,64.41,13.93,44.182
170.436,146.1412,0.0,771.15,0.0,0.0,0.0,64.38,13.94,44.269
170.676,146.3006,0.0,769.21,0.0,0.0,0.0,64.35,13.96,44.325
170.676,146.3006,0.0,769.21,0.0,0.0,0.0,64.35,13.96,44.355
170.916,146.4594,0.0,767.27,0.0,0.0,0.0,64.31,13.97,44.442
170.996,146.5122,0.0,766.63,0.0,0.0,0.0,64.3,13.98,44.471
171.156,146.6177,0.0,765.34,0.0,0.0,0.0,64.28,13.99,44.528
171.236,146.6703,0.0,764.7,0.0,0.0,0.0,64.27,13.99,44.557
171.396,146.7754,0.0,763.41,0.0,0.0,0.0,64.25,14.0,44.615
171.556,146.8803,0.0,762.12,0.0,0.0,0.0,64.23,14.01,44.673
171.716,146.9849,0.0,760.83,0.0,0.0,0.0,64.21,14.02,44.731
171.796,147.0372,0.0,760.19,0.0,0.0,0.0,64.2,14.03,44.76
171.956,147.1414,0.0,758.91,0.0,0.0,0.0,64.18,14.04,44.818
172.116,147.2454,0.0,757.62,0.0,0.0,0.0,64.16,14.05,44.876
172.276,147.3492,0.0,756.34,0.0,0.0,0.0,64.14,14.06,44.903
172.356,147.401,0.0,755.7,0.0,0.0,0.0,64.13,14.06,44.963
172.516,147.5045,0.0,754.42,0.0,0.0,0.0,64.11,14.07,45.021
172.596,147.5561,0.0,753.78,0.0,0.0,0.0,64.1,14.08,45.05
172.756,147.6592,0.0,752.49,0.0,0.0,0.0,64.08,14.09,45.108
172.916,147.762,0.0,751.21,0.0,0.0,0.0,64.06,14.1,45.166
173.076,147.8646,0.0,749.94,0.0,0.0,0.0,64.04,14.11,45.224
173.236,147.9669,0.0,748.66,0.0,0.0,0.0,64.02,14.12,45.282
173.316,148.018,0.0,748.02,0.0,0.0,0.0,64.01,14.12,45.311
173.476,148.12,0.0,746.74,0.0,0.0,0.0,63.99,14.13,45.37
173.556,148.1709,0.0,746.1,0.0,0.0,0.0,63.98,14.14,45.399
173.716,148.2726,0.0,744.83,0.0,0.0,0.0,63.96,14.14,45.457
173.876,148.374,0.0,743.55,0.0,0.0,0.0,63.94,14.15,45.516
173.956,148.4246,0.0,742.92,0.0,0.0,0.0,63.93,14.16,45.545
174.116,148.5256,0.0,741.64,0.0,0.0,0.0,63.91,14.17,45.603
174.276,148.6264,0.0,740.37,0.0,0.0,0.0,63.89,14.18,45.662
174.436,148.727,0.0,739.1,0.0,0.0,0.0,63.87,14.19,45.72
174.596,148.8273,0.0,737.83,0.0,0.0,0.0,63.85,14.2,45.748
174.676,148.8773,0.0,737.19,0.0,0.0,0.0,63.84,14.2,45.808
174.836,148.9773,0.0,735.92,0.0,0.0,0.0,63.82,14.21,45.866
174.996,149.077,0.0,734.65,0.0,0.0,0.0,63.8,14.22,45.925
175.076,149.1268,0.0,734.02,0.0,0.0,0.0,63.79,14.23,45.954
175.236,149.2262,0.0,732.75,0.0,0.0,0.0,63.77,14.24,46.013
175.316,149.2758,0.0,732.12,0.0,0.0,0.0,63.76,14.24,46.042
175.476,149.3748,0.0,730.85,0.0,0.0,0.0,63.74,14.25,46.101
175.716,149.5228,0.0,728.96,0.0,0.0,0.0,63.71,14.27,46.159
175.876,149.6212,0.0,727.69,0.0,0.0,0.0,63.68,14.27,46.217
175.876,149.6212,0.0,727.69,0.0,0.0,0.0,63.68,14.27,46.248
176.036,149.7194,0.0,726.43,0.0,0.0,0.0,63.66,14.28,46.307
176.196,149.8173,0.0,725.17,0.0,0.0,0.0,63.64,14.29,46.365
176.356,149.915,0.0,723.91,0.0,0.0,0.0,63.62,14.3,46.424
176.516,150.0124,0.0,722.65,0.0,0.0,0.0,63.6,14.31,46.483
176.596,150.0611,0.0,722.02,0.0,0.0,0.0,63.59,14.32,46.513
176.836,150.2066,0.0,720.13,0.0,0.0,0.0,63.56,14.33,46.571
176.836,150.2066,0.0,720.13,0.0,0.0,0.0,63.56,14.33,46.601
176.996,150.3034,0.0,718.87,0.0,0.0,0.0,63.54,14.34,46.66
177.156,150.3998,0.0,717.62,0.0,0.0,0.0,63.52,14.35,46.719
177.316,150.4961,0.0,716.36,0.0,0.0,0.0,63.5,14.36,46.778
177.476,150.5921,0.0,715.11,0.0,0.0,0.0,63.48,14.37,46.837
177.636,150.6879,0.0,713.85,0.0,0.0,0.0,63.46,14.38,46.896
177.716,150.7357,0.0,713.23,0.0,0.0,0.0,63.45,14.38,46.926
177.876,150.8311,0.0,711.98,0.0,0.0,0.0,63.43,14.39,46.985
178.036,150.9263,0.0,710.73,0.0,0.0,0.0,63.41,14.4,47.044
178.116,150.9738,0.0,710.1,0.0,0.0,0.0,63.4,14.41,47.074
178.356,151.1159,0.0,708.23,0.0,0.0,0.0,63.37,14.42,47.132
178.436,151.1632,0.0,707.6,0.0,0.0,0.0,63.36,14.43,47.192
178.596,151.2575,0.0,706.36,0.0,0.0,0.0,63.34,14.43,47.222
178.676,151.3046,0.0,705.73,0.0,0.0,0.0,63.33,14.44,47.281
178.836,151.3986,0.0,704.49,0.0,0.0,0.0,63.31,14.45,47.341
179.076,151.5391,0.0,702.62,0.0,0.0,0.0,63.28,14.46,47.4
179.076,151.5391,0.0,702.62,0.0,0.0,0.0,63.28,14.46,47.43
179.316,151.6791,0.0,700.76,0.0,0.0,0.0,63.25,14.48,47.489
179.396,151.7256,0.0,700.13,0.0,0.0,0.0,63.24,14.48,47.549
179.556,151.8185,0.0,698.89,0.0,0.0,0.0,63.22,14.49,47.608
179.636,151.8649,0.0,698.27,0.0,0.0,0.0,63.21,14.49,47.638
179.796,151.9574,0.0,697.03,0.0,0.0,0.0,63.19,14.5,47.697
179.876,152.0036,0.0,696.41,0.0,0.0,0.0,63.18,14.51,47.727
180.036,152.0958,0.0,695.18,0.0,0.0,0.0,63.16,14.52,47.787
180.276,152.2336,0.0,693.32,0.0,0.0,0.0,63.13,14.53,47.846
180.356,152.2795,0.0,692.7,0.0,0.0,0.0,63.12,14.54,47.906
180.516,152.3709,0.0,691.47,0.0,0.0,0.0,63.1,14.54,47.966
180.676,152.4622,0.0,690.23,0.0,0.0,0.0,63.07,14.55,47.995
180.756,152.5077,0.0,689.62,0.0,0.0,0.0,63.06,14.56,48.055
180.996,152.6439,0.0,687.77,0.0,0.0,0.0,63.03,14.57,48.115
181.156,152.7344,0.0,686.54,0.0,0.0,0.0,63.01,14.58,48.174
181.156,152.7344,0.0,686.54,0.0,0.0,0.0,63.01,14.58,48.205
181.396,152.8698,0.0,684.69,0.0,0.0,0.0,62.98,14.59,48.264
181.476,152.9147,0.0,684.08,0.0,0.0,0.0,62.97,14.6,48.324
181.556,152.9597,0.0,683.47,0.0,0.0,0.0,62.96,14.6,48.354
181.716,153.0494,0.0,682.24,0.0,0.0,0.0,62.94,14.61,48.414
181.876,153.1388,0.0,681.01,0.0,0.0,0.0,62.92,14.62,48.474
182.036,153.228,0.0,679.79,0.0,0.0,0.0,62.9,14.63,48.534
182.116,153.2725,0.0,679.18,0.0,0.0,0.0,62.89,14.64,48.564
182.356,153.4057,0.0,677.34,0.0,0.0,0.0,62.86,14.65,48.624
182.356,153.4057,0.0,677.34,0.0,0.0,0.0,62.86,14.65,48.654
182.596,153.5383,0.0,675.51,0.0,0.0,0.0,62.83,14.66,48.744
182.676,153.5824,0.0,674.9,0.0,0.0,0.0,62.82,14.67,48.774
182.836,153.6704,0.0,673.68,0.0,0.0,0.0,62.8,14.68,48.834
182.916,153.7143,0.0,673.07,0.0,0.0,0.0,62.79,14.68,48.864
183.076,153.802,0.0,671.86,0.0,0.0,0.0,62.77,14.69,48.924
183.316,153.933,0.0,670.03,0.0,0.0,0.0,62.74,14.7,48.984
183.476,154.0201,0.0,668.82,0.0,0.0,0.0,62.72,14.71,49.044
183.556,154.0635,0.0,668.21,0.0,0.0,0.0,62.71,14.72,49.105
183.796,154.1934,0.0,666.39,0.0,0.0,0.0,62.68,14.73,49.165
183.796,154.1934,0.0,666.39,0.0,0.0,0.0,62.68,14.73,49.195
183.956,154.2798,0.0,665.18,0.0,0.0,0.0,62.66,14.74,49.255
184.116,154.3659,0.0,663.97,0.0,0.0,0.0,62.64,14.75,49.316
184.276,154.4517,0.0,662.76,0.0,0.0,0.0,62.62,14.76,49.346
184.356,154.4946,0.0,662.16,0.0,0.0,0.0,62.61,14.76,49.406
184.596,154.6227,0.0,660.35,0.0,0.0,0.0,62.58,14.77,49.466
184.676,154.6653,0.0,659.75,0.0,0.0,0.0,62.57,14.78,49.527
184.756,154.7079,0.0,659.15,0.0,0.0,0.0,62.56,14.78,49.557
184.996,154.8351,0.0,657.34,0.0,0.0,0.0,62.52,14.8,49.617
185.076,154.8774,0.0,656.74,0.0,0.0,0.0,62.51,14.8,49.678
185.236,154.9619,0.0,655.54,0.0,0.0,0.0,62.49,14.81,49.708
185.316,155.004,0.0,654.94,0.0,0.0,0.0,62.48,14.81,49.769
185.476,155.088,0.0,653.74,0.0,0.0,0.0,62.46,14.82,49.829
185.636,155.1719,0.0,652.54,0.0,0.0,0.0,62.44,14.83,49.89
185.716,155.2137,0.0,651.94,0.0,0.0,0.0,62.43,14.83,49.92
185.876,155.2972,0.0,650.75,0.0,0.0,0.0,62.41,14.84,49.98
186.036,155.3804,0.0,649.55,0.0,0.0,0.0,62.39,14.85,50.041
186.116,155.4219,0.0,648.95,0.0,0.0,0.0,62.38,14.86,50.071
186.276,155.5048,0.0,647.76,0.0,0.0,0.0,62.36,14.87,50.132
186.436,155.5874,0.0,646.57,0.0,0.0,0.0,62.34,14.87,50.193
186.516,155.6287,0.0,645.97,0.0,0.0,0.0,62.33,14.88,50.223
186.676,155.7109,0.0,644.79,0.0,0.0,0.0,62.31,14.89,50.284
186.836,155.793,0.0,643.6,0.0,0.0,0.0,62.29,14.9,50.344
186.996,155.8748,0.0,642.41,0.0,0.0,0.0,62.27,14.9,50.405
187.076,155.9156,0.0,641.82,0.0,0.0,0.0,62.26,14.91,50.436
187.316,156.0376,0.0,640.04,0.0,0.0,0.0,62.23,14.92,50.496
187.396,156.0782,0.0,639.45,0.0,0.0,0.0,62.22,14.93,50.557
187.476,156.1187,0.0,638.86,0.0,0.0,0.0,62.21,14.93,50.588
187.636,156.1996,0.0,637.67,0.0,0.0,0.0,62.19,14.94,50.648
187.796,156.2802,0.0,636.49,0.0,0.0,0.0,62.17,14.95,50.709
187.956,156.3605,0.0,635.31,0.0,0.0,0.0,62.15,14.96,50.77
188.036,156.4006,0.0,634.72,0.0,0.0,0.0,62.14,14.96,50.801
188.196,156.4806,0.0,633.55,0.0,0.0,0.0,62.12,14.97,50.862
188.356,156.5604,0.0,632.37,0.0,0.0,0.0,62.1,14.98,50.923
188.436,156.6002,0.0,631.78,0.0,0.0,0.0,62.09,14.98,50.953
188.596,156.6796,0.0,630.61,0.0,0.0,0.0,62.07,14.99,51.014
188.756,156.7588,0.0,629.44,0.0,0.0,0.0,62.05,15.0,51.075
188.836,156.7983,0.0,628.85,0.0,0.0,0.0,62.04,15.0,51.106
188.996,156.8771,0.0,627.68,0.0,0.0,0.0,62.02,15.01,51.167
188.996,156.8771,0.0,627.68,0.0,0.0,0.0,62.02,15.01,51.167
189.076,157.034,0.0,625.35,0.0,0.0,0.0,61.97,15.03,51.289
189.636,157.19,0.0,623.02,0.0,0.0,0.0,61.93,15.04,51.381
189.716,157.2288,0.0,622.43,0.0,0.0,0.0,61.92,15.05,51.442
189.796,157.2676,0.0,621.85,0.0,0.0,0.0,61.91,15.05,51.472
189.956,157.345,0.0,620.69,0.0,0.0,0.0,61.89,15.06,51.533
190.116,157.4221,0.0,619.53,0.0,0.0,0.0,61.87,15.07,51.595
190.196,157.4606,0.0,618.95,0.0,0.0,0.0,61.86,15.07,51.625
190.356,157.5374,0.0,617.79,0.0,0.0,0.0,61.84,15.08,51.687
190.516,157.6139,0.0,616.64,0.0,0.0,0.0,61.82,15.09,51.748
190.596,157.6521,0.0,616.06,0.0,0.0,0.0,61.81,15.1,51.778
190.756,157.7283,0.0,614.9,0.0,0.0,0.0,61.79,15.1,51.84
190.916,157.8043,0.0,613.75,0.0,0.0,0.0,61.77,15.11,51.901
191.156,157.9177,0.0,612.02,0.0,0.0,0.0,61.74,15.12,51.963
191.156,157.9177,0.0,612.02,0.0,0.0,0.0,61.74,15.12,51.993
191.316,157.9931,0.0,610.87,0.0,0.0,0.0,61.72,15.13,52.055
191.476,158.0682,0.0,609.73,0.0,0.0,0.0,61.7,15.14,52.116
191.636,158.1431,0.0,608.58,0.0,0.0,0.0,61.68,15.15,52.177
191.716,158.1804,0.0,608.01,0.0,0.0,0.0,61.67,15.15,52.208
191.876,158.2549,0.0,606.86,0.0,0.0,0.0,61.65,15.16,52.27
192.116,158.3663,0.0,605.15,0.0,0.0,0.0,61.62,15.17,52.332
192.116,158.3663,0.0,605.15,0.0,0.0,0.0,61.62,15.17,52.362
192.356,158.4771,0.0,603.44,0.0,0.0,0.0,61.59,15.19,52.424
192.436,158.5139,0.0,602.87,0.0,0.0,0.0,61.58,15.19,52.485
192.596,158.5873,0.0,601.74,0.0,0.0,0.0,61.56,15.2,52.547
192.836,158.6971,0.0,600.03,0.0,0.0,0.0,61.53,15.21,52.609
192.836,158.6971,0.0,600.03,0.0,0.0,0.0,61.53,15.21,52.639
192.996,158.7699,0.0,598.9,0.0,0.0,0.0,61.51,15.22,52.701
193.156,158.8425,0.0,597.77,0.0,0.0,0.0,61.49,15.23,52.762
193.316,158.9149,0.0,596.64,0.0,0.0,0.0,61.47,15.24,52.824
193.556,159.023,0.0,594.95,0.0,0.0,0.0,61.43,15.25,52.886
193.556,159.023,0.0,594.95,0.0,0.0,0.0,61.43,15.25,52.916
193.716,159.0948,0.0,593.82,0.0,0.0,0.0,61.41,15.26,52.978
193.876,159.1663,0.0,592.7,0.0,0.0,0.0,61.39,15.26,53.04
194.036,159.2376,0.0,591.58,0.0,0.0,0.0,61.37,15.27,53.102
194.116,159.2732,0.0,591.02,0.0,0.0,0.0,61.36,15.28,53.132
194.276,159.3441,0.0,589.9,0.0,0.0,0.0,61.34,15.28,53.194
194.436,159.4148,0.0,588.78,0.0,0.0,0.0,61.32,15.29,53.256
194.516,159.4501,0.0,588.22,0.0,0.0,0.0,61.31,15.3,53.287
194.756,159.5555,0.0,586.55,0.0,0.0,0.0,61.28,15.31,53.35
194.836,159.5905,0.0,585.99,0.0,0.0,0.0,61.27,15.31,53.411
194.996,159.6604,0.0,584.88,0.0,0.0,0.0,61.25,15.32,53.473
195.076,159.6952,0.0,584.32,0.0,0.0,0.0,61.24,15.32,53.504
195.236,159.7648,0.0,583.21,0.0,0.0,0.0,61.22,15.33,53.566
195.476,159.8686,0.0,581.55,0.0,0.0,0.0,61.19,15.34,53.628
195.476,159.8686,0.0,581.55,0.0,0.0,0.0,61.19,15.34,53.658
195.636,159.9375,0.0,580.45,0.0,0.0,0.0,61.17,15.35,53.72
195.796,160.0062,0.0,579.34,0.0,0.0,0.0,61.15,15.36,53.782
195.956,160.0746,0.0,578.24,0.0,0.0,0.0,61.13,15.37,53.844
196.036,160.1087,0.0,577.69,0.0,0.0,0.0,61.12,15.37,53.875
196.196,160.1768,0.0,576.59,0.0,0.0,0.0,61.1,15.38,53.937
196.436,160.2785,0.0,574.95,0.0,0.0,0.0,61.07,15.39,54.0
196.436,160.2785,0.0,574.95,0.0,0.0,0.0,61.07,15.39,54.031
196.676,160.3796,0.0,573.3,0.0,0.0,0.0,61.04,15.4,54.094
196.756,160.4132,0.0,572.76,0.0,0.0,0.0,61.03,15.41,54.155
196.916,160.4802,0.0,571.67,0.0,0.0,0.0,61.01,15.42,54.186
196.996,160.5136,0.0,571.12,0.0,0.0,0.0,61.0,15.42,54.248
197.156,160.5803,0.0,570.03,0.0,0.0,0.0,60.98,15.43,54.31
197.396,160.6798,0.0,568.41,0.0,0.0,0.0,60.94,15.44,54.342
197.396,160.6798,0.0,568.41,0.0,0.0,0.0,60.94,15.44,54.403
197.636,160.7788,0.0,566.78,0.0,0.0,0.0,60.91,15.45,54.497
197.716,160.8117,0.0,566.24,0.0,0.0,0.0,60.9,15.46,54.528
197.876,160.8773,0.0,565.16,0.0,0.0,0.0,60.88,15.46,54.59
197.956,160.91,0.0,564.62,0.0,0.0,0.0,60.87,15.47,54.621
198.116,160.9752,0.0,563.54,0.0,0.0,0.0,60.85,15.48,54.684
198.276,161.0402,0.0,562.47,0.0,0.0,0.0,60.83,15.48,54.746
198.356,161.0726,0.0,561.93,0.0,0.0,0.0,60.82,15.49,54.777
198.516,161.1372,0.0,560.86,0.0,0.0,0.0,60.8,15.5,54.839
198.676,161.2016,0.0,559.79,0.0,0.0,0.0,60.78,15.5,54.902
198.836,161.2657,0.0,558.72,0.0,0.0,0.0,60.76,15.51,54.964
198.996,161.3296,0.0,557.66,0.0,0.0,0.0,60.74,15.52,55.026
199.076,161.3615,0.0,557.12,0.0,0.0,0.0,60.73,15.52,55.058
199.316,161.4567,0.0,555.53,0.0,0.0,0.0,60.7,15.53,55.121
199.316,161.4567,0.0,555.53,0.0,0.0,0.0,60.7,15.53,55.151
199.476,161.5199,0.0,554.47,0.0,0.0,0.0,60.68,15.54,55.214
199.636,161.5829,0.0,553.41,0.0,0.0,0.0,60.66,15.55,55.276
199.716,161.6143,0.0,552.88,0.0,0.0,0.0,60.65,15.55,55.307
199.876,161.6769,0.0,551.83,0.0,0.0,0.0,60.63,15.56,55.37
200.036,161.7392,0.0,550.77,0.0,0.0,0.0,60.61,15.57,55.432
200.276,161.8323,0.0,549.2,0.0,0.0,0.0,60.58,15.58,55.496
200.276,161.8323,0.0,549.2,0.0,0.0,0.0,60.58,15.58,55.526
200.436,161.8941,0.0,548.15,0.0,0.0,0.0,60.56,15.59,55.589
200.596,161.9556,0.0,547.1,0.0,0.0,0.0,60.54,15.6,55.651
200.756,162.0169,0.0,546.06,0.0,0.0,0.0,60.52,15.6,55.714
200.836,162.0474,0.0,545.54,0.0,0.0,0.0,60.51,15.61,55.745
201.076,162.1388,0.0,543.98,0.0,0.0,0.0,60.48,15.62,55.808
201.156,162.1691,0.0,543.46,0.0,0.0,0.0,60.47,15.62,55.87
201.316,162.2295,0.0,542.42,0.0,0.0,0.0,60.44,15.63,55.933
201.396,162.2597,0.0,541.9,0.0,0.0,0.0,60.43,15.63,55.964
201.556,162.3198,0.0,540.87,0.0,0.0,0.0,60.41,15.64,56.027
201.796,162.4095,0.0,539.32,0.0,0.0,0.0,60.38,15.65,56.091
201.796,162.4095,0.0,539.32,0.0,0.0,0.0,60.38,15.65,56.121
202.036,162.4986,0.0,537.78,0.0,0.0,0.0,60.35,15.67,56.185
202.116,162.5282,0.0,537.27,0.0,0.0,0.0,60.34,15.67,56.247
202.276,162.5872,0.0,536.25,0.0,0.0,0.0,60.32,15.68,56.309
202.516,162.6753,0.0,534.72,0.0,0.0,0.0,60.29,15.69,56.373
202.516,162.6753,0.0,534.72,0.0,0.0,0.0,60.29,15.69,56.404
202.676,162.7338,0.0,533.7,0.0,0.0,0.0,60.27,15.7,56.466
202.836,162.7919,0.0,532.68,0.0,0.0,0.0,60.25,15.7,56.529
203.076,162.8788,0.0,531.16,0.0,0.0,0.0,60.22,15.71,56.593
203.156,162.9076,0.0,530.66,0.0,0.0,0.0,60.21,15.72,56.655
203.316,162.9651,0.0,529.65,0.0,0.0,0.0,60.19,15.73,56.688
203.396,162.9937,0.0,529.15,0.0,0.0,0.0,60.18,15.73,56.749
203.556,163.0509,0.0,528.14,0.0,0.0,0.0,60.16,15.74,56.812
203.796,163.1361,0.0,526.64,0.0,0.0,0.0,60.13,15.75,56.876
203.796,163.1361,0.0,526.64,0.0,0.0,0.0,60.13,15.75,56.907
203.956,163.1926,0.0,525.64,0.0,0.0,0.0,60.11,15.76,56.97
204.116,163.2489,0.0,524.64,0.0,0.0,0.0,60.09,15.76,57.032
204.276,163.3049,0.0,523.64,0.0,0.0,0.0,60.07,15.77,57.095
204.436,163.3607,0.0,522.65,0.0,0.0,0.0,60.05,15.78,57.158
204.596,163.4163,0.0,521.66,0.0,0.0,0.0,60.03,15.79,57.19
204.676,163.444,0.0,521.17,0.0,0.0,0.0,60.02,15.79,57.253
204.756,163.4716,0.0,520.67,0.0,0.0,0.0,60.01,15.79,57.285
204.916,163.5267,0.0,519.69,0.0,0.0,0.0,59.99,15.8,57.348
205.076,163.5816,0.0,518.7,0.0,0.0,0.0,59.96,15.81,57.411
205.156,163.6089,0.0,518.21,0.0,0.0,0.0,59.95,15.81,57.442
205.316,163.6634,0.0,517.23,0.0,0.0,0.0,59.93,15.82,57.505
205.556,163.7447,0.0,515.77,0.0,0.0,0.0,59.9,15.83,57.57
205.636,163.7717,0.0,515.28,0.0,0.0,0.0,59.89,15.83,57.631
205.796,163.8255,0.0,514.31,0.0,0.0,0.0,59.87,15.84,57.665
205.876,163.8523,0.0,513.83,0.0,0.0,0.0,59.86,15.84,57.726
206.036,163.9057,0.0,512.86,0.0,0.0,0.0,59.84,15.85,57.789
206.196,163.9589,0.0,511.89,0.0,0.0,0.0,59.82,15.86,57.853
206.276,163.9854,0.0,511.41,0.0,0.0,0.0,59.81,15.86,57.884
206.436,164.0382,0.0,510.45,0.0,0.0,0.0,59.79,15.87,57.947
206.596,164.0908,0.0,509.49,0.0,0.0,0.0,59.77,15.88,58.011
206.756,164.1432,0.0,508.53,0.0,0.0,0.0,59.75,15.89,58.044
206.836,164.1693,0.0,508.06,0.0,0.0,0.0,59.74,15.89,58.105
206.996,164.2213,0.0,507.1,0.0,0.0,0.0,59.72,15.9,58.169
207.156,164.273,0.0,506.15,0.0,0.0,0.0,59.7,15.9,58.232
207.236,164.2988,0.0,505.68,0.0,0.0,0.0,59.69,15.91,58.264
207.396,164.3502,0.0,504.73,0.0,0.0,0.0,59.67,15.91,58.327
207.476,164.3758,0.0,504.26,0.0,0.0,0.0,59.66,15.92,58.359
207.636,164.4269,0.0,503.32,0.0,0.0,0.0,59.64,15.93,58.422
207.796,164.4777,0.0,502.38,0.0,0.0,0.0,59.62,15.93,58.485
208.036,164.5535,0.0,500.97,0.0,0.0,0.0,59.59,15.94,58.55
208.036,164.5535,0.0,500.97,0.0,0.0,0.0,59.59,15.94,58.58
208.196,164.6037,0.0,500.04,0.0,0.0,0.0,59.57,15.95,58.614
208.356,164.6536,0.0,499.11,0.0,0.0,0.0,59.55,15.96,58.707
208.516,164.7034,0.0,498.18,0.0,0.0,0.0,59.53,15.97,58.74
208.596,164.7282,0.0,497.72,0.0,0.0,0.0,59.52,15.97,58.802
208.756,164.7775,0.0,496.8,0.0,0.0,0.0,59.49,15.98,58.866
208.836,164.8021,0.0,496.34,0.0,0.0,0.0,59.48,15.98,58.897
208.916,164.8512,0.0,495.42,0.0,0.0,0.0,59.46,15.99,58.961
209.236,164.9242,0.0,494.04,0.0,0.0,0.0,59.43,16.0,59.026
209.236,164.9485,0.0,493.59,0.0,0.0,0.0,59.42,16.0,59.088
209.476,164.9968,0.0,492.68,0.0,0.0,0.0,59.4,16.01,59.151
209.556,165.0209,0.0,492.22,0.0,0.0,0.0,59.39,16.01,59.183
209.796,165.0927,0.0,490.86,0.0,0.0,0.0,59.36,16.02,59.248
209.876,165.1165,0.0,490.41,0.0,0.0,0.0,59.35,16.03,59.31
210.036,165.164,0.0,489.51,0.0,0.0,0.0,59.33,16.03,59.374
210.276,165.2348,0.0,488.16,0.0,0.0,0.0,59.3,16.04,59.439
210.276,165.2348,0.0,488.16,0.0,0.0,0.0,59.3,16.04,59.469
210.516,165.305,0.0,486.83,0.0,0.0,0.0,59.27,16.05,59.564
210.596,165.3283,0.0,486.38,0.0,0.0,0.0,59.26,16.06,59.596
210.756,165.3747,0.0,485.49,0.0,0.0,0.0,59.24,16.07,59.66
210.916,165.4208,0.0,484.61,0.0,0.0,0.0,59.22,16.07,59.724
211.076,165.4668,0.0,483.73,0.0,0.0,0.0,59.2,16.08,59.787
211.236,165.5125,0.0,482.85,0.0,0.0,0.0,59.18,16.09,59.819
211.316,165.5352,0.0,482.41,0.0,0.0,0.0,59.17,16.09,59.883
211.396,165.5579,0.0,481.97,0.0,0.0,0.0,59.16,16.09,59.915
211.556,165.6031,0.0,481.1,0.0,0.0,0.0,59.14,16.1,59.978
211.716,165.6481,0.0,480.23,0.0,0.0,0.0,59.12,16.11,60.042
211.796,165.6705,0.0,479.8,0.0,0.0,0.0,59.11,16.11,60.074
211.956,165.7151,0.0,478.93,0.0,0.0,0.0,59.09,16.12,60.138
212.116,165.7595,0.0,478.07,0.0,0.0,0.0,59.07,16.13,60.201
212.276,165.8036,0.0,477.21,0.0,0.0,0.0,59.04,16.13,60.265
212.356,165.8256,0.0,476.78,0.0,0.0,0.0,59.03,16.14,60.297
212.516,165.8694,0.0,475.93,0.0,0.0,0.0,59.01,16.14,60.361
212.756,165.9346,0.0,474.65,0.0,0.0,0.0,58.98,16.15,60.426
212.756,165.9346,0.0,474.65,0.0,0.0,0.0,58.98,16.15,60.456
212.996,165.9993,0.0,473.38,0.0,0.0,0.0,58.95,16.16,60.522
213.076,166.0208,0.0,472.96,0.0,0.0,0.0,58.94,16.17,60.584
213.236,166.0635,0.0,472.12,0.0,0.0,0.0,58.92,16.17,60.648
213.316,166.0848,0.0,471.71,0.0,0.0,0.0,58.91,16.18,60.68
213.476,166.1271,0.0,470.87,0.0,0.0,0.0,58.89,16.19,60.744
213.636,166.1692,0.0,470.04,0.0,0.0,0.0,58.87,16.19,60.808
213.796,166.2111,0.0,469.21,0.0,0.0,0.0,58.85,16.2,60.872
213.876,166.232,0.0,468.8,0.0,0.0,0.0,58.84,16.2,60.904
214.036,166.2735,0.0,467.97,0.0,0.0,0.0,58.82,16.21,60.967
214.116,166.2942,0.0,467.56,0.0,0.0,0.0,58.81,16.21,60.999
214.276,166.3353,0.0,466.74,0.0,0.0,0.0,58.79,16.22,61.063
214.436,166.3763,0.0,465.93,0.0,0.0,0.0,58.77,16.23,61.127
214.596,166.4169,0.0,465.12,0.0,0.0,0.0,58.75,16.23,61.191
214.676,166.4372,0.0,464.71,0.0,0.0,0.0,58.74,16.24,61.223
214.836,166.4775,0.0,463.9,0.0,0.0,0.0,58.72,16.24,61.287
214.996,166.5176,0.0,463.1,0.0,0.0,0.0,58.7,16.25,61.351
215.076,166.5376,0.0,462.7,0.0,0.0,0.0,58.69,16.25,61.383
215.236,166.5773,0.0,461.9,0.0,0.0,0.0,58.67,16.26,61.447
215.396,166.6168,0.0,461.11,0.0,0.0,0.0,58.65,16.27,61.511
215.476,166.6365,0.0,460.71,0.0,0.0,0.0,58.64,16.27,61.543
215.636,166.6756,0.0,459.92,0.0,0.0,0.0,58.62,16.28,61.607
215.876,166.7339,0.0,458.74,0.0,0.0,0.0,58.58,16.29,61.674
216.036,166.7725,0.0,457.96,0.0,0.0,0.0,58.56,16.3,61.738
216.036,166.7725,0.0,457.96,0.0,0.0,0.0,58.56,16.3,61.768
216.196,166.8108,0.0,457.18,0.0,0.0,0.0,58.54,16.3,61.832
216.356,166.8488,0.0,456.41,0.0,0.0,0.0,58.52,16.31,61.896
216.516,166.8867,0.0,455.64,0.0,0.0,0.0,58.5,16.32,61.93
216.596,166.9055,0.0,455.26,0.0,0.0,0.0,58.49,16.32,61.992
216.836,166.9616,0.0,454.11,0.0,0.0,0.0,58.46,16.33,62.056
216.916,166.9802,0.0,453.73,0.0,0.0,0.0,58.45,16.33,62.12
217.076,167.0172,0.0,452.97,0.0,0.0,0.0,58.43,16.34,62.185
217.156,167.0356,0.0,452.59,0.0,0.0,0.0,58.42,16.34,62.217
217.316,167.0723,0.0,451.84,0.0,0.0,0.0,58.4,16.35,62.281
217.556,167.1268,0.0,450.72,0.0,0.0,0.0,58.37,16.36,62.347
217.556,167.1268,0.0,450.72,0.0,0.0,0.0,58.37,16.36,62.377
217.796,167.1808,0.0,449.61,0.0,0.0,0.0,58.34,16.37,62.444
217.876,167.1987,0.0,449.24,0.0,0.0,0.0,58.33,16.37,62.506
218.036,167.2342,0.0,448.5,0.0,0.0,0.0,58.31,16.38,62.54
218.116,167.2519,0.0,448.14,0.0,0.0,0.0,58.3,16.38,62.602
218.276,167.2872,0.0,447.41,0.0,0.0,0.0,58.28,16.39,62.666
218.436,167.3221,0.0,446.68,0.0,0.0,0.0,58.26,16.4,62.731
218.596,167.3569,0.0,445.96,0.0,0.0,0.0,58.24,16.4,62.795
218.676,167.3742,0.0,445.6,0.0,0.0,0.0,58.23,16.41,62.827
218.836,167.4086,0.0,444.88,0.0,0.0,0.0,58.21,16.41,62.891
218.916,167.4257,0.0,444.52,0.0,0.0,0.0,58.2,16.42,62.924
219.076,167.4597,0.0,443.81,0.0,0.0,0.0,58.18,16.42,62.988
219.316,167.5103,0.0,442.75,0.0,0.0,0.0,58.14,16.43,63.055
219.396,167.527,0.0,442.4,0.0,0.0,0.0,58.13,16.44,63.117
219.556,167.5603,0.0,441.7,0.0,0.0,0.0,58.11,16.44,63.151
219.636,167.5769,0.0,441.35,0.0,0.0,0.0,58.1,16.45,63.213
219.796,167.6099,0.0,440.66,0.0,0.0,0.0,58.08,16.45,63.278
219.876,167.6263,0.0,440.31,0.0,0.0,0.0,58.07,16.46,63.31
220.036,167.6589,0.0,439.63,0.0,0.0,0.0,58.05,16.46,63.374
220.276,167.7073,0.0,438.6,0.0,0.0,0.0,58.02,16.47,63.441
220.276,167.7073,0.0,438.6,0.0,0.0,0.0,58.02,16.47,63.471
220.436,167.7393,0.0,437.93,0.0,0.0,0.0,58.0,16.48,63.535
220.596,167.7711,0.0,437.25,0.0,0.0,0.0,57.98,16.49,63.6
220.836,167.8183,0.0,436.25,0.0,0.0,0.0,57.95,16.5,63.667
220.916,167.8339,0.0,435.92,0.0,0.0,0.0,57.94,16.5,63.729
220.996,167.8495,0.0,435.59,0.0,0.0,0.0,57.93,16.5,63.761
221.156,167.8804,0.0,434.93,0.0,0.0,0.0,57.91,16.51,63.826
221.316,167.9111,0.0,434.27,0.0,0.0,0.0,57.89,16.52,63.89
221.396,167.9264,0.0,433.94,0.0,0.0,0.0,57.88,16.52,63.922
221.556,167.9567,0.0,433.3,0.0,0.0,0.0,57.86,16.53,63.987
221.796,168.0018,0.0,432.33,0.0,0.0,0.0,57.83,16.54,64.054
221.876,168.0167,0.0,432.01,0.0,0.0,0.0,57.82,16.54,64.116
222.036,168.0463,0.0,431.37,0.0,0.0,0.0,57.8,16.55,64.148
222.196,168.0757,0.0,430.74,0.0,0.0,0.0,57.78,16.55,64.213
222.276,168.0903,0.0,430.43,0.0,0.0,0.0,57.77,16.56,64.278
222.436,168.1193,0.0,429.8,0.0,0.0,0.0,57.75,16.56,64.342
222.516,168.1338,0.0,429.49,0.0,0.0,0.0,57.74,16.57,64.374
222.676,168.1625,0.0,428.87,0.0,0.0,0.0,57.71,16.57,64.439
222.836,168.1909,0.0,428.25,0.0,0.0,0.0,57.69,16.58,64.504
222.916,168.205,0.0,427.95,0.0,0.0,0.0,57.68,16.58,64.536
223.076,168.2331,0.0,427.34,0.0,0.0,0.0,57.66,16.59,64.601
223.316,168.2748,0.0,426.43,0.0,0.0,0.0,57.63,16.6,64.668
223.316,168.2748,0.0,426.43,0.0,0.0,0.0,57.63,16.6,64.698
223.556,168.3159,0.0,425.54,0.0,0.0,0.0,57.6,16.61,64.765
223.636,168.3295,0.0,425.24,0.0,0.0,0.0,57.59,16.61,64.827
223.796,168.3565,0.0,424.65,0.0,0.0,0.0,57.57,16.62,64.892
223.876,168.3699,0.0,424.36,0.0,0.0,0.0,57.56,16.62,64.924
224.036,168.3966,0.0,423.78,0.0,0.0,0.0,57.54,16.63,64.989
224.196,168.423,0.0,423.2,0.0,0.0,0.0,57.52,16.63,65.054
224.356,168.4492,0.0,422.62,0.0,0.0,0.0,57.5,16.64,65.088
224.516,168.4751,0.0,422.05,0.0,0.0,0.0,57.48,16.65,65.153
224.596,168.488,0.0,421.77,0.0,0.0,0.0,57.47,16.65,65.215
224.676,168.5009,0.0,421.49,0.0,0.0,0.0,57.46,16.65,65.248
224.836,168.5263,0.0,420.93,0.0,0.0,0.0,57.44,16.66,65.313
224.996,168.5515,0.0,420.37,0.0,0.0,0.0,57.42,16.66,65.377
225.156,168.5765,0.0,419.82,0.0,0.0,0.0,57.4,16.67,65.41
225.316,168.6013,0.0,419.28,0.0,0.0,0.0,57.38,16.68,65.475
225.396,168.6136,0.0,419.0,0.0,0.0,0.0,57.37,16.68,65.539
225.556,168.638,0.0,418.46,0.0,0.0,0.0,57.35,16.69,65.604
225.636,168.6501,0.0,418.2,0.0,0.0,0.0,57.34,16.69,65.637
225.796,168.6741,0.0,417.66,0.0,0.0,0.0,57.32,16.7,65.702
225.956,168.6979,0.0,417.13,0.0,0.0,0.0,57.29,16.7,65.734
226.036,168.7097,0.0,416.87,0.0,0.0,0.0,57.28,16.71,65.799
226.276,168.7448,0.0,416.09,0.0,0.0,0.0,57.25,16.72,65.866
226.356,168.7564,0.0,415.83,0.0,0.0,0.0,57.24,16.72,65.929
226.516,168.7794,0.0,415.32,0.0,0.0,0.0,57.22,16.73,65.994
226.596,168.7908,0.0,415.07,0.0,0.0,0.0,57.21,16.73,66.026
226.756,168.8134,0.0,414.56,0.0,0.0,0.0,57.19,16.73,66.091
226.996,168.8468,0.0,413.81,0.0,0.0,0.0,57.16,16.74,66.158
226.996,168.8468,0.0,413.81,0.0,0.0,0.0,57.16,16.74,66.188
227.156,168.8689,0.0,413.32,0.0,0.0,0.0,57.14,16.75,66.253
227.316,168.8906,0.0,412.83,0.0,0.0,0.0,57.12,16.76,66.318
227.476,168.9122,0.0,412.35,0.0,0.0,0.0,57.1,16.76,66.383
227.636,168.9335,0.0,411.87,0.0,0.0,0.0,57.08,16.77,66.418
227.716,168.9441,0.0,411.63,0.0,0.0,0.0,57.07,16.77,66.481
227.876,168.965,0.0,411.16,0.0,0.0,0.0,57.05,16.78,66.546
228.036,168.9857,0.0,410.7,0.0,0.0,0.0,57.03,16.78,66.611
228.116,168.996,0.0,410.46,0.0,0.0,0.0,57.02,16.79,66.643
228.276,169.0163,0.0,410.0,0.0,0.0,0.0,57.0,16.79,66.708
228.436,169.0365,0.0,409.55,0.0,0.0,0.0,56.98,16.8,66.773
228.596,169.0563,0.0,409.1,0.0,0.0,0.0,56.96,16.81,66.838
228.676,169.0662,0.0,408.88,0.0,0.0,0.0,56.95,16.81,66.871
228.836,169.0857,0.0,408.44,0.0,0.0,0.0,56.93,16.82,66.936
228.996,169.105,0.0,408.0,0.0,0.0,0.0,56.91,16.82,66.971
229.076,169.1145,0.0,407.78,0.0,0.0,0.0,56.9,16.83,67.033
229.236,169.1335,0.0,407.35,0.0,0.0,0.0,56.87,16.83,67.099
229.396,169.1522,0.0,406.93,0.0,0.0,0.0,56.85,16.84,67.164
229.476,169.1614,0.0,406.72,0.0,0.0,0.0,56.84,16.84,67.196
229.636,169.1797,0.0,406.3,0.0,0.0,0.0,56.82,16.85,67.261
229.796,169.1978,0.0,405.89,0.0,0.0,0.0,56.8,16.85,67.326
229.876,169.2068,0.0,405.68,0.0,0.0,0.0,56.79,16.86,67.359
230.036,169.2245,0.0,405.28,0.0,0.0,0.0,56.77,16.86,67.424
230.276,169.2507,0.0,404.68,0.0,0.0,0.0,56.74,16.87,67.492
230.356,169.2593,0.0,404.48,0.0,0.0,0.0,56.73,16.87,67.554
230.516,169.2763,0.0,404.1,0.0,0.0,0.0,56.71,16.88,67.59
230.596,169.2848,0.0,403.9,0.0,0.0,0.0,56.7,16.88,67.652
230.756,169.3014,0.0,403.52,0.0,0.0,0.0,56.68,16.89,67.717
230.836,169.3097,0.0,403.33,0.0,0.0,0.0,56.67,16.89,67.75
230.996,169.326,0.0,402.96,0.0,0.0,0.0,56.65,16.9,67.815
231.156,169.3421,0.0,402.59,0.0,0.0,0.0,56.63,16.91,67.88
231.316,169.3579,0.0,402.23,0.0,0.0,0.0,56.61,16.91,67.946
231.476,169.3735,0.0,401.87,0.0,0.0,0.0,56.59,16.92,67.978
231.556,169.3812,0.0,401.69,0.0,0.0,0.0,56.58,16.92,68.044
231.716,169.3964,0.0,401.34,0.0,0.0,0.0,56.56,16.93,68.109
231.796,169.404,0.0,401.17,0.0,0.0,0.0,56.55,16.93,68.141
231.956,169.4189,0.0,400.82,0.0,0.0,0.0,56.53,16.94,68.207
232.116,169.4335,0.0,400.48,0.0,0.0,0.0,56.51,16.94,68.272
232.276,169.4479,0.0,400.15,0.0,0.0,0.0,56.49,16.95,68.337
232.356,169.455,0.0,399.99,0.0,0.0,0.0,56.48,16.95,68.37
232.516,169.4691,0.0,399.66,0.0,0.0,0.0,56.45,16.96,68.435
232.756,169.4897,0.0,399.19,0.0,0.0,0.0,56.42,16.97,68.503
232.756,169.4897,0.0,399.19,0.0,0.0,0.0,56.42,16.97,68.533
232.996,169.5098,0.0,398.72,0.0,0.0,0.0,56.39,16.98,68.601
233.076,169.5164,0.0,398.57,0.0,0.0,0.0,56.38,16.98,68.664
233.236,169.5294,0.0,398.27,0.0,0.0,0.0,56.36,16.98,68.729
233.316,169.5358,0.0,398.12,0.0,0.0,0.0,56.35,16.99,68.762
233.476,169.5484,0.0,397.83,0.0,0.0,0.0,56.33,16.99,68.827
233.636,169.5608,0.0,397.54,0.0,0.0,0.0,56.31,17.0,68.893
233.796,169.573,0.0,397.26,0.0,0.0,0.0,56.29,17.01,68.958
233.876,169.5789,0.0,397.12,0.0,0.0,0.0,56.28,17.01,68.991
234.036,169.5907,0.0,396.85,0.0,0.0,0.0,56.26,17.01,69.056
234.276,169.608,0.0,396.44,0.0,0.0,0.0,56.23,17.02,69.124
234.276,169.608,0.0,396.44,0.0,0.0,0.0,56.23,17.02,69.154
234.436,169.6192,0.0,396.18,0.0,0.0,0.0,56.21,17.03,69.22
234.516,169.6247,0.0,396.06,0.0,0.0,0.0,56.2,17.03,69.252
234.756,169.6409,0.0,395.68,0.0,0.0,0.0,56.17,17.04,69.321
234.836,169.6462,0.0,395.56,0.0,0.0,0.0,56.16,17.04,69.383
234.996,169.6565,0.0,395.32,0.0,0.0,0.0,56.14,17.05,69.449
235.236,169.6716,0.0,394.96,0.0,0.0,0.0,56.11,17.06,69.517
235.236,169.6716,0.0,394.96,0.0,0.0,0.0,56.11,17.06,69.547
235.476,169.6862,0.0,394.62,0.0,0.0,0.0,56.08,17.07,69.615
235.556,169.6909,0.0,394.51,0.0,0.0,0.0,56.07,17.07,69.678
235.716,169.7002,0.0,394.3,0.0,0.0,0.0,56.04,17.08,69.743
235.956,169.7137,0.0,393.98,0.0,0.0,0.0,56.01,17.09,69.809
235.956,169.7137,0.0,393.98,0.0,0.0,0.0,56.01,17.09,69.842
236.116,169.7224,0.0,393.78,0.0,0.0,0.0,55.99,17.09,69.907
236.196,169.7267,0.0,393.68,0.0,0.0,0.0,55.98,17.09,69.94
236.356,169.7351,0.0,393.49,0.0,0.0,0.0,55.96,17.1,70.005
236.516,169.7432,0.0,393.3,0.0,0.0,0.0,55.94,17.11,70.071
236.756,169.7549,0.0,393.02,0.0,0.0,0.0,55.91,17.12,70.14
236.836,169.7587,0.0,392.93,0.0,0.0,0.0,55.9,17.12,70.172
236.916,169.7624,0.0,392.85,0.0,0.0,0.0,55.89,17.12,70.235
237.076,169.7697,0.0,392.68,0.0,0.0,0.0,55.87,17.13,70.301
237.236,169.7767,0.0,392.51,0.0,0.0,0.0,55.85,17.13,70.366
237.476,169.7868,0.0,392.28,0.0,0.0,0.0,55.82,17.14,70.402
237.476,169.7868,0.0,392.28,0.0,0.0,0.0,55.82,17.14,70.465
237.716,169.7964,0.0,392.05,0.0,0.0,0.0,55.79,17.15,70.53
237.716,169.7964,0.0,392.05,0.0,0.0,0.0,55.79,17.15,70.563
237.876,169.8025,0.0,391.91,0.0,0.0,0.0,55.77,17.16,70.629
238.036,169.8084,0.0,391.78,0.0,0.0,0.0,55.75,17.16,70.694
238.196,169.814,0.0,391.64,0.0,0.0,0.0,55.73,17.17,70.76
238.356,169.8194,0.0,391.52,0.0,0.0,0.0,55.71,17.17,70.826
238.516,169.8245,0.0,391.4,0.0,0.0,0.0,55.69,17.18,70.861
238.596,169.827,0.0,391.34,0.0,0.0,0.0,55.68,17.18,70.924
238.756,169.8318,0.0,391.23,0.0,0.0,0.0,55.66,17.19,70.99
238.836,169.8341,0.0,391.18,0.0,0.0,0.0,55.64,17.19,71.023
238.996,169.8385,0.0,391.07,0.0,0.0,0.0,55.62,17.2,71.088
239.236,169.8447,0.0,390.93,0.0,0.0,0.0,55.59,17.21,71.157
239.316,169.8466,0.0,390.89,0.0,0.0,0.0,55.58,17.21,71.22
239.476,169.8503,0.0,390.8,0.0,0.0,0.0,55.56,17.21,71.285
239.556,169.8521,0.0,390.76,0.0,0.0,0.0,55.55,17.22,71.318
239.716,169.8555,0.0,390.68,0.0,0.0,0.0,55.53,17.22,71.384
239.956,169.8601,0.0,390.58,0.0,0.0,0.0,55.5,17.23,71.453
239.956,169.8601,0.0,390.58,0.0,0.0,0.0,55.5,17.23,71.483
240.116,169.8628,0.0,390.51,0.0,0.0,0.0,55.48,17.24,71.548
240.276,169.8653,0.0,390.46,0.0,0.0,0.0,55.46,17.24,71.614
240.436,169.8676,0.0,390.4,0.0,0.0,0.0,55.44,17.25,71.68
240.516,169.8687,0.0,390.38,0.0,0.0,0.0,55.43,17.25,71.713
240.676,169.8706,0.0,390.34,0.0,0.0,0.0,55.41,17.26,71.779
240.756,169.8715,0.0,390.32,0.0,0.0,0.0,55.4,17.26,71.812
240.916,169.8731,0.0,390.28,0.0,0.0,0.0,55.38,17.27,71.877
241.076,169.8744,0.0,390.25,0.0,0.0,0.0,55.36,17.27,71.943
241.236,169.8755,0.0,390.23,0.0,0.0,0.0,55.34,17.28,72.009
241.476,169.8767,0.0,390.21,0.0,0.0,0.0,55.31,17.29,72.078
241.476,169.8767,0.0,390.21,0.0,0.0,0.0,55.31,17.29,72.108
241.716,169.8774,0.0,390.19,0.0,0.0,0.0,55.28,17.29,72.177
241.796,169.8775,0.0,390.19,0.0,0.0,0.0,55.27,17.3,72.239
241.956,169.8775,0.0,390.19,0.0,0.0,0.0,55.24,17.3,72.305
242.116,169.8773,0.0,390.2,0.0,0.0,0.0,55.22,17.31,72.371
242.196,169.8771,0.0,390.21,0.0,0.0,0.0,55.21,17.31,72.404
242.436,169.8762,0.0,390.23,0.0,0.0,0.0,55.18,17.32,72.473
242.436,169.8762,0.0,390.23,0.0,0.0,0.0,55.18,17.32,72.503
242.596,169.8752,0.0,390.26,0.0,0.0,0.0,55.16,17.33,72.569
242.756,169.8741,0.0,390.29,0.0,0.0,0.0,55.14,17.33,72.635
242.996,169.8719,0.0,390.35,0.0,0.0,0.0,55.11,17.34,72.704
243.076,169.871,0.0,390.37,0.0,0.0,0.0,55.1,17.34,72.767
243.236,169.8692,0.0,390.41,0.0,0.0,0.0,55.08,17.35,72.8
243.316,169.8681,0.0,390.44,0.0,0.0,0.0,55.07,17.35,72.866
243.476,169.8659,0.0,390.5,0.0,0.0,0.0,55.05,17.36,72.931
243.556,169.8647,0.0,390.53,0.0,0.0,0.0,55.04,17.36,72.964
243.716,169.8621,0.0,390.59,0.0,0.0,0.0,55.02,17.37,73.03
243.956,169.8578,0.0,390.7,0.0,0.0,0.0,54.99,17.37,73.1
243.956,169.8578,0.0,390.7,0.0,0.0,0.0,54.99,17.37,73.129
244.196,169.8529,0.0,390.82,0.0,0.0,0.0,54.96,17.38,73.199
244.276,169.8512,0.0,390.86,0.0,0.0,0.0,54.95,17.38,73.261
244.436,169.8475,0.0,390.95,0.0,0.0,0.0,54.93,17.39,73.327
244.596,169.8436,0.0,391.04,0.0,0.0,0.0,54.91,17.4,73.393
244.676,169.8416,0.0,391.09,0.0,0.0,0.0,54.9,17.4,73.426
244.916,169.8351,0.0,391.25,0.0,0.0,0.0,54.87,17.41,73.496
244.916,169.8351,0.0,391.25,0.0,0.0,0.0,54.87,17.41,73.525
245.076,169.8305,0.0,391.36,0.0,0.0,0.0,54.84,17.41,73.591
245.236,169.8257,0.0,391.48,0.0,0.0,0.0,54.82,17.42,73.657
245.476,169.818,0.0,391.67,0.0,0.0,0.0,54.79,17.43,73.727
245.556,169.8153,0.0,391.73,0.0,0.0,0.0,54.78,17.43,73.79
245.636,169.8125,0.0,391.8,0.0,0.0,0.0,54.77,17.43,73.823
245.796,169.8069,0.0,391.94,0.0,0.0,0.0,54.75,17.44,73.889
245.956,169.8009,0.0,392.08,0.0,0.0,0.0,54.73,17.44,73.955
246.196,169.7916,0.0,392.31,0.0,0.0,0.0,54.7,17.45,74.024
246.276,169.7884,0.0,392.38,0.0,0.0,0.0,54.69,17.45,74.057
246.436,169.7818,0.0,392.54,0.0,0.0,0.0,54.67,17.46,74.123
246.516,169.7784,0.0,392.63,0.0,0.0,0.0,54.66,17.46,74.186
246.676,169.7714,0.0,392.79,0.0,0.0,0.0,54.64,17.47,74.252
246.756,169.7678,0.0,392.88,0.0,0.0,0.0,54.63,17.47,74.285
246.916,169.7605,0.0,393.06,0.0,0.0,0.0,54.61,17.48,74.351
247.076,169.7529,0.0,393.24,0.0,0.0,0.0,54.59,17.48,74.418
247.156,169.749,0.0,393.33,0.0,0.0,0.0,54.58,17.48,74.451
247.316,169.7411,0.0,393.52,0.0,0.0,0.0,54.56,17.49,74.517
247.476,169.7329,0.0,393.72,0.0,0.0,0.0,54.54,17.5,74.583
247.556,169.7287,0.0,393.82,0.0,0.0,0.0,54.53,17.5,74.616
247.716,169.7202,0.0,394.02,0.0,0.0,0.0,54.51,17.5,74.682
247.876,169.7114,0.0,394.23,0.0,0.0,0.0,54.49,17.51,74.748
247.956,169.707,0.0,394.34,0.0,0.0,0.0,54.48,17.51,74.781
248.196,169.6932,0.0,394.67,0.0,0.0,0.0,54.44,17.52,74.851
248.276,169.6885,0.0,394.78,0.0,0.0,0.0,54.43,17.52,74.914
248.436,169.6789,0.0,395.01,0.0,0.0,0.0,54.41,17.53,74.98
248.516,169.674,0.0,395.12,0.0,0.0,0.0,54.4,17.53,75.013
248.676,169.664,0.0,395.36,0.0,0.0,0.0,54.38,17.54,75.079
248.916,169.6487,0.0,395.73,0.0,0.0,0.0,54.35,17.54,75.149
248.916,169.6487,0.0,395.73,0.0,0.0,0.0,54.35,17.54,75.179
249.076,169.6381,0.0,395.98,0.0,0.0,0.0,54.33,17.55,75.245
249.236,169.6273,0.0,396.23,0.0,0.0,0.0,54.31,17.56,75.311
249.396,169.6163,0.0,396.49,0.0,0.0,0.0,54.29,17.56,75.377
249.476,169.6107,0.0,396.63,0.0,0.0,0.0,54.28,17.56,75.411
249.636,169.5993,0.0,396.9,0.0,0.0,0.0,54.26,17.57,75.477
249.796,169.5877,0.0,397.17,0.0,0.0,0.0,54.24,17.57,75.543
249.956,169.5758,0.0,397.45,0.0,0.0,0.0,54.22,17.58,75.609
250.036,169.5698,0.0,397.59,0.0,0.0,0.0,54.21,17.58,75.643
250.196,169.5576,0.0,397.88,0.0,0.0,0.0,54.19,17.59,75.709
250.356,169.5452,0.0,398.18,0.0,0.0,0.0,54.17,17.59,75.775
250.436,169.5388,0.0,398.33,0.0,0.0,0.0,54.16,17.6,75.808
250.596,169.526,0.0,398.63,0.0,0.0,0.0,54.14,17.6,75.875
250.756,169.513,0.0,398.93,0.0,0.0,0.0,54.12,17.61,75.941
250.916,169.4997,0.0,399.25,0.0,0.0,0.0,54.1,17.61,75.974
250.996,169.493,0.0,399.4,0.0,0.0,0.0,54.09,17.61,76.04
251.156,169.4793,0.0,399.72,0.0,0.0,0.0,54.06,17.62,76.107
251.316,169.4654,0.0,400.05,0.0,0.0,0.0,54.04,17.63,76.173
251.396,169.4584,0.0,400.22,0.0,0.0,0.0,54.03,17.63,76.206
251.636,169.437,0.0,400.72,0.0,0.0,0.0,54.0,17.64,76.276
251.636,169.437,0.0,400.72,0.0,0.0,0.0,54.0,17.64,76.306
251.796,169.4224,0.0,401.06,0.0,0.0,0.0,53.98,17.64,76.372
251.956,169.4076,0.0,401.4,0.0,0.0,0.0,53.96,17.65,76.439
252.196,169.3849,0.0,401.93,0.0,0.0,0.0,53.93,17.65,76.509
252.276,169.3772,0.0,402.11,0.0,0.0,0.0,53.92,17.66,76.571
252.356,169.3694,0.0,402.29,0.0,0.0,0.0,53.91,17.66,76.605
252.516,169.3538,0.0,402.66,0.0,0.0,0.0,53.89,17.67,76.671
252.676,169.3379,0.0,403.03,0.0,0.0,0.0,53.87,17.67,76.738
252.916,169.3136,0.0,403.59,0.0,0.0,0.0,53.84,17.68,76.808
252.916,169.3136,0.0,403.59,0.0,0.0,0.0,53.84,17.68,76.837
253.076,169.2971,0.0,403.98,0.0,0.0,0.0,53.82,17.68,76.904
253.236,169.2804,0.0,404.36,0.0,0.0,0.0,53.8,17.69,76.97
253.396,169.2634,0.0,404.76,0.0,0.0,0.0,53.78,17.69,77.036
253.636,169.2375,0.0,405.36,0.0,0.0,0.0,53.75,17.7,77.103
253.636,169.2375,0.0,405.36,0.0,0.0,0.0,53.75,17.7,77.136
253.876,169.2111,0.0,405.97,0.0,0.0,0.0,53.72,17.71,77.206
253.956,169.2021,0.0,406.17,0.0,0.0,0.0,53.71,17.71,77.269
254.116,169.1841,0.0,406.59,0.0,0.0,0.0,53.68,17.72,77.336
254.276,169.1658,0.0,407.01,0.0,0.0,0.0,53.66,17.72,77.402
254.436,169.1473,0.0,407.43,0.0,0.0,0.0,53.64,17.73,77.469
254.516,169.138,0.0,407.65,0.0,0.0,0.0,53.63,17.73,77.502
254.676,169.1191,0.0,408.08,0.0,0.0,0.0,53.61,17.74,77.568
254.756,169.1096,0.0,408.3,0.0,0.0,0.0,53.6,17.74,77.602
254.916,169.0903,0.0,408.74,0.0,0.0,0.0,53.58,17.74,77.668
255.156,169.0611,0.0,409.41,0.0,0.0,0.0,53.55,17.75,77.738
255.236,169.0512,0.0,409.64,0.0,0.0,0.0,53.54,17.75,77.801
255.396,169.0312,0.0,410.09,0.0,0.0,0.0,53.52,17.76,77.838
255.476,169.0212,0.0,410.32,0.0,0.0,0.0,53.51,17.76,77.901
255.636,169.0009,0.0,410.78,0.0,0.0,0.0,53.49,17.77,77.968
255.796,168.9803,0.0,411.25,0.0,0.0,0.0,53.47,17.77,78.034
255.876,168.97,0.0,411.49,0.0,0.0,0.0,53.46,17.78,78.067
256.116,168.9386,0.0,412.2,0.0,0.0,0.0,53.43,17.78,78.138
256.116,168.9386,0.0,412.2,0.0,0.0,0.0,53.43,17.78,78.167
256.276,168.9173,0.0,412.68,0.0,0.0,0.0,53.41,17.79,78.234
256.436,168.8958,0.0,413.17,0.0,0.0,0.0,53.39,17.79,78.301
256.596,168.8741,0.0,413.66,0.0,0.0,0.0,53.37,17.8,78.367
256.676,168.8631,0.0,413.91,0.0,0.0,0.0,53.36,17.8,78.4
256.916,168.8299,0.0,414.66,0.0,0.0,0.0,53.33,17.81,78.471
256.996,168.8187,0.0,414.91,0.0,0.0,0.0,53.32,17.81,78.534
257.156,168.7962,0.0,415.42,0.0,0.0,0.0,53.29,17.82,78.6
257.236,168.7848,0.0,415.67,0.0,0.0,0.0,53.28,17.82,78.634
257.396,168.7619,0.0,416.19,0.0,0.0,0.0,53.26,17.82,78.7
257.476,168.7504,0.0,416.45,0.0,0.0,0.0,53.25,17.83,78.734
257.636,168.7271,0.0,416.97,0.0,0.0,0.0,53.23,17.83,78.8
257.796,168.7036,0.0,417.5,0.0,0.0,0.0,53.21,17.84,78.867
257.956,168.6798,0.0,418.03,0.0,0.0,0.0,53.19,17.84,78.934
258.116,168.6559,0.0,418.57,0.0,0.0,0.0,53.17,17.85,79.0
258.196,168.6438,0.0,418.84,0.0,0.0,0.0,53.16,17.85,79.034
258.436,168.6072,0.0,419.65,0.0,0.0,0.0,53.13,17.86,79.1
258.436,168.6072,0.0,419.65,0.0,0.0,0.0,53.13,17.86,79.134
258.676,168.57,0.0,420.48,0.0,0.0,0.0,53.1,17.87,79.204
258.756,168.5576,0.0,420.76,0.0,0.0,0.0,53.09,17.87,79.267
258.836,168.545,0.0,421.03,0.0,0.0,0.0,53.08,17.87,79.3
258.996,168.5197,0.0,421.6,0.0,0.0,0.0,53.06,17.88,79.367
259.156,168.4942,0.0,422.16,0.0,0.0,0.0,53.04,17.88,79.434
259.396,168.4554,0.0,423.02,0.0,0.0,0.0,53.01,17.89,79.504
259.396,168.4554,0.0,423.02,0.0,0.0,0.0,53.01,17.89,79.534
259.636,168.4162,0.0,423.89,0.0,0.0,0.0,52.98,17.9,79.605
259.636,168.4162,0.0,423.89,0.0,0.0,0.0,52.98,17.9,79.634
259.876,168.3764,0.0,424.76,0.0,0.0,0.0,52.95,17.9,79.705
259.956,168.363,0.0,425.06,0.0,0.0,0.0,52.94,17.91,79.768
260.196,168.3224,0.0,425.95,0.0,0.0,0.0,52.9,17.91,79.834
260.276,168.3088,0.0,426.25,0.0,0.0,0.0,52.89,17.92,79.901
260.356,168.2951,0.0,426.55,0.0,0.0,0.0,52.88,17.92,79.934
260.516,168.2676,0.0,427.15,0.0,0.0,0.0,52.86,17.92,80.001
260.676,168.2398,0.0,427.76,0.0,0.0,0.0,52.84,17.93,80.068
260.836,168.2118,0.0,428.37,0.0,0.0,0.0,52.82,17.93,80.135
260.916,168.1977,0.0,428.68,0.0,0.0,0.0,52.81,17.94,80.168
261.156,168.155,0.0,429.61,0.0,0.0,0.0,52.78,17.94,80.239
261.156,168.155,0.0,429.61,0.0,0.0,0.0,52.78,17.94,80.268
261.396,168.1118,0.0,430.54,0.0,0.0,0.0,52.75,17.95,80.369
261.476,168.0973,0.0,430.86,0.0,0.0,0.0,52.74,17.95,80.402
261.636,168.0681,0.0,431.49,0.0,0.0,0.0,52.72,17.96,80.469
261.716,168.0534,0.0,431.81,0.0,0.0,0.0,52.71,17.96,80.502
261.876,168.0238,0.0,432.45,0.0,0.0,0.0,52.69,17.97,80.569
262.036,167.994,0.0,433.09,0.0,0.0,0.0,52.67,17.97,80.636
262.196,167.9639,0.0,433.74,0.0,0.0,0.0,52.65,17.98,80.703
262.436,167.9184,0.0,434.72,0.0,0.0,0.0,52.62,17.98,80.774
262.516,167.9031,0.0,435.05,0.0,0.0,0.0,52.61,17.99,80.803
262.676,167.8724,0.0,435.71,0.0,0.0,0.0,52.59,17.99,80.87
262.756,167.8569,0.0,436.04,0.0,0.0,0.0,52.58,17.99,80.937
262.916,167.8258,0.0,436.71,0.0,0.0,0.0,52.56,18.0,81.004
263.156,167.7787,0.0,437.71,0.0,0.0,0.0,52.52,18.01,81.071
263.156,167.7787,0.0,437.71,0.0,0.0,0.0,52.52,18.01,81.104
263.396,167.731,0.0,438.73,0.0,0.0,0.0,52.49,18.01,81.205
263.476,167.715,0.0,439.07,0.0,0.0,0.0,52.48,18.02,81.238
263.636,167.6828,0.0,439.76,0.0,0.0,0.0,52.46,18.02,81.305
263.716,167.6666,0.0,440.1,0.0,0.0,0.0,52.45,18.02,81.338
263.876,167.6341,0.0,440.79,0.0,0.0,0.0,52.43,18.03,81.405
264.036,167.6013,0.0,441.48,0.0,0.0,0.0,52.41,18.03,81.472
264.196,167.5683,0.0,442.18,0.0,0.0,0.0,52.39,18.04,81.539
264.276,167.5517,0.0,442.53,0.0,0.0,0.0,52.38,18.04,81.573
264.436,167.5183,0.0,443.24,0.0,0.0,0.0,52.36,18.05,81.64
264.676,167.4678,0.0,444.3,0.0,0.0,0.0,52.33,18.05,81.711
264.756,167.4508,0.0,444.66,0.0,0.0,0.0,52.32,18.06,81.774
264.916,167.4168,0.0,445.37,0.0,0.0,0.0,52.3,18.06,81.841
264.996,167.3996,0.0,445.73,0.0,0.0,0.0,52.29,18.06,81.874
265.156,167.3652,0.0,446.45,0.0,0.0,0.0,52.27,18.07,81.941
265.396,167.3131,0.0,447.54,0.0,0.0,0.0,52.24,18.07,82.012
265.396,167.3131,0.0,447.54,0.0,0.0,0.0,52.24,18.07,82.042
265.636,167.2604,0.0,448.64,0.0,0.0,0.0,52.21,18.08,82.142
265.716,167.2427,0.0,449.01,0.0,0.0,0.0,52.2,18.08,82.176
265.876,167.2072,0.0,449.75,0.0,0.0,0.0,52.17,18.09,82.243
266.116,167.1535,0.0,450.86,0.0,0.0,0.0,52.14,18.1,82.314
266.116,167.1535,0.0,450.86,0.0,0.0,0.0,52.14,18.1,82.343
266.276,167.1174,0.0,451.61,0.0,0.0,0.0,52.12,18.1,82.41
266.436,167.081,0.0,452.36,0.0,0.0,0.0,52.1,18.11,82.477
266.516,167.0628,0.0,452.74,0.0,0.0,0.0,52.09,18.11,82.511
266.676,167.0261,0.0,453.49,0.0,0.0,0.0,52.07,18.11,82.578
266.916,166.9705,0.0,454.63,0.0,0.0,0.0,52.04,18.12,82.649
266.996,166.9519,0.0,455.02,0.0,0.0,0.0,52.03,18.12,82.712
267.156,166.9145,0.0,455.78,0.0,0.0,0.0,52.01,18.13,82.779
267.236,166.8957,0.0,456.17,0.0,0.0,0.0,52.0,18.13,82.812
267.396,166.8579,0.0,456.94,0.0,0.0,0.0,51.98,18.14,82.88
267.636,166.8008,0.0,458.11,0.0,0.0,0.0,51.95,18.14,82.951
267.636,166.8008,0.0,458.11,0.0,0.0,0.0,51.95,18.14,82.98
267.876,166.7432,0.0,459.28,0.0,0.0,0.0,51.92,18.15,83.047
267.956,166.7238,0.0,459.68,0.0,0.0,0.0,51.91,18.15,83.114
268.196,166.6655,0.0,460.86,0.0,0.0,0.0,51.88,18.16,83.186
268.196,166.6655,0.0,460.86,0.0,0.0,0.0,51.88,18.16,83.215
268.356,166.6263,0.0,461.65,0.0,0.0,0.0,51.86,18.16,83.282
268.516,166.5868,0.0,462.45,0.0,0.0,0.0,51.84,18.17,83.349
268.596,166.567,0.0,462.85,0.0,0.0,0.0,51.83,18.17,83.383
268.756,166.5272,0.0,463.65,0.0,0.0,0.0,51.8,18.18,83.45
268.916,166.4872,0.0,464.46,0.0,0.0,0.0,51.78,18.18,83.517
269.156,166.4267,0.0,465.67,0.0,0.0,0.0,51.75,18.19,83.588
269.236,166.4064,0.0,466.08,0.0,0.0,0.0,51.74,18.19,83.651
269.396,166.3656,0.0,466.9,0.0,0.0,0.0,51.72,18.2,83.685
269.476,166.3451,0.0,467.31,0.0,0.0,0.0,51.71,18.2,83.752
269.636,166.304,0.0,468.13,0.0,0.0,0.0,51.69,18.2,83.819
269.876,166.2419,0.0,469.36,0.0,0.0,0.0,51.66,18.21,83.891
269.876,166.2419,0.0,469.36,0.0,0.0,0.0,51.66,18.21,83.92
270.116,166.1793,0.0,470.61,0.0,0.0,0.0,51.63,18.22,83.991
270.116,166.1793,0.0,470.61,0.0,0.0,0.0,51.63,18.22,84.021
270.356,166.1161,0.0,471.86,0.0,0.0,0.0,51.6,18.22,84.092
270.436,166.0949,0.0,472.28,0.0,0.0,0.0,51.59,18.23,84.155
270.596,166.0524,0.0,473.12,0.0,0.0,0.0,51.57,18.23,84.222
270.676,166.031,0.0,473.54,0.0,0.0,0.0,51.56,18.23,84.256
270.836,165.9881,0.0,474.39,0.0,0.0,0.0,51.54,18.24,84.323
270.996,165.945,0.0,475.24,0.0,0.0,0.0,51.52,18.24,84.391
271.156,165.9016,0.0,476.09,0.0,0.0,0.0,51.5,18.25,84.458
271.236,165.8799,0.0,476.52,0.0,0.0,0.0,51.49,18.25,84.491
271.396,165.8361,0.0,477.37,0.0,0.0,0.0,51.47,18.26,84.559
271.476,165.8142,0.0,477.8,0.0,0.0,0.0,51.46,18.26,84.592
271.636,165.7701,0.0,478.66,0.0,0.0,0.0,51.43,18.26,84.66
271.876,165.7035,0.0,479.96,0.0,0.0,0.0,51.4,18.27,84.731
271.956,165.6812,0.0,480.39,0.0,0.0,0.0,51.39,18.27,84.794
272.116,165.6364,0.0,481.26,0.0,0.0,0.0,51.37,18.28,84.861
272.196,165.6139,0.0,481.7,0.0,0.0,0.0,51.36,18.28,84.895
272.356,165.5688,0.0,482.57,0.0,0.0,0.0,51.34,18.28,84.962
272.596,165.5006,0.0,483.89,0.0,0.0,0.0,51.31,18.29,85.034
272.596,165.5006,0.0,483.89,0.0,0.0,0.0,51.31,18.29,85.063
272.756,165.4548,0.0,484.77,0.0,0.0,0.0,51.29,18.3,85.13
272.916,165.4088,0.0,485.66,0.0,0.0,0.0,51.27,18.3,85.198
273.076,165.3626,0.0,486.55,0.0,0.0,0.0,51.25,18.3,85.236
273.156,165.3394,0.0,486.99,0.0,0.0,0.0,51.24,18.31,85.299
273.316,165.2928,0.0,487.88,0.0,0.0,0.0,51.22,18.31,85.366
273.476,165.246,0.0,488.78,0.0,0.0,0.0,51.2,18.32,85.433
273.636,165.1989,0.0,489.68,0.0,0.0,0.0,51.18,18.32,85.501
273.716,165.1753,0.0,490.13,0.0,0.0,0.0,51.17,18.32,85.534
273.876,165.1279,0.0,491.03,0.0,0.0,0.0,51.15,18.33,85.602
274.116,165.0563,0.0,492.39,0.0,0.0,0.0,51.12,18.33,85.673
274.116,165.0563,0.0,492.39,0.0,0.0,0.0,51.12,18.33,85.703
274.356,164.9842,0.0,493.76,0.0,0.0,0.0,51.09,18.34,85.774
274.436,164.9601,0.0,494.21,0.0,0.0,0.0,51.07,18.34,85.837
274.596,164.9116,0.0,495.13,0.0,0.0,0.0,51.05,18.35,85.875
274.676,164.8873,0.0,495.59,0.0,0.0,0.0,51.04,18.35,85.939
274.836,164.8384,0.0,496.51,0.0,0.0,0.0,51.02,18.36,86.006
274.996,164.7893,0.0,497.43,0.0,0.0,0.0,51.0,18.36,86.073
275.076,164.7647,0.0,497.89,0.0,0.0,0.0,50.99,18.36,86.107
275.316,164.6904,0.0,499.28,0.0,0.0,0.0,50.96,18.37,86.179
275.396,164.6656,0.0,499.75,0.0,0.0,0.0,50.95,18.37,86.242
275.476,164.6406,0.0,500.21,0.0,0.0,0.0,50.94,18.37,86.276
275.636,164.5906,0.0,501.15,0.0,0.0,0.0,50.92,18.38,86.343
275.876,164.5151,0.0,502.55,0.0,0.0,0.0,50.89,18.39,86.415
275.876,164.5151,0.0,502.55,0.0,0.0,0.0,50.89,18.39,86.444
276.116,164.4391,0.0,503.96,0.0,0.0,0.0,50.86,18.39,86.512
276.196,164.4136,0.0,504.44,0.0,0.0,0.0,50.85,18.39,86.579
276.356,164.3625,0.0,505.38,0.0,0.0,0.0,50.83,18.4,86.646
276.596,164.2854,0.0,506.8,0.0,0.0,0.0,50.8,18.41,86.718
276.596,164.2854,0.0,506.8,0.0,0.0,0.0,50.8,18.41,86.748
276.836,164.2078,0.0,508.23,0.0,0.0,0.0,50.77,18.41,86.819
276.916,164.1818,0.0,508.71,0.0,0.0,0.0,50.76,18.42,86.882
277.076,164.1296,0.0,509.67,0.0,0.0,0.0,50.74,18.42,86.95
277.316,164.0509,0.0,511.11,0.0,0.0,0.0,50.7,18.43,87.022
277.316,164.0509,0.0,511.11,0.0,0.0,0.0,50.7,18.43,87.051
277.476,163.9981,0.0,512.07,0.0,0.0,0.0,50.68,18.43,87.119
277.636,163.9451,0.0,513.04,0.0,0.0,0.0,50.66,18.44,87.186
277.796,163.8918,0.0,514.01,0.0,0.0,0.0,50.64,18.44,87.254
277.876,163.8651,0.0,514.49,0.0,0.0,0.0,50.63,18.44,87.287
278.116,163.7846,0.0,515.95,0.0,0.0,0.0,50.6,18.45,87.359
278.196,163.7577,0.0,516.44,0.0,0.0,0.0,50.59,18.45,87.422
278.356,163.7036,0.0,517.42,0.0,0.0,0.0,50.57,18.46,87.456
278.436,163.6764,0.0,517.91,0.0,0.0,0.0,50.56,18.46,87.524
278.596,163.622,0.0,518.89,0.0,0.0,0.0,50.54,18.46,87.591
278.836,163.5399,0.0,520.36,0.0,0.0,0.0,50.51,18.47,87.663
278.916,163.5124,0.0,520.86,0.0,0.0,0.0,50.5,18.47,87.726
279.076,163.4573,0.0,521.84,0.0,0.0,0.0,50.48,18.48,87.764
279.156,163.4296,0.0,522.34,0.0,0.0,0.0,50.47,18.48,87.828
279.316,163.3741,0.0,523.33,0.0,0.0,0.0,50.45,18.48,87.895
279.396,163.3462,0.0,523.83,0.0,0.0,0.0,50.44,18.49,87.929
279.556,163.2904,0.0,524.82,0.0,0.0,0.0,50.42,18.49,87.996
279.636,163.2623,0.0,525.32,0.0,0.0,0.0,50.41,18.49,88.03
279.796,163.2061,0.0,526.32,0.0,0.0,0.0,50.39,18.5,88.098
279.956,163.1496,0.0,527.32,0.0,0.0,0.0,50.37,18.5,88.165
280.116,163.0929,0.0,528.33,0.0,0.0,0.0,50.34,18.51,88.233
280.276,163.036,0.0,529.33,0.0,0.0,0.0,50.32,18.51,88.301
280.356,163.0074,0.0,529.84,0.0,0.0,0.0,50.31,18.51,88.334
280.596,162.9214,0.0,531.35,0.0,0.0,0.0,50.28,18.52,88.402
280.676,162.8926,0.0,531.86,0.0,0.0,0.0,50.27,18.52,88.47
280.836,162.8348,0.0,532.87,0.0,0.0,0.0,50.25,18.53,88.508
280.916,162.8058,0.0,533.38,0.0,0.0,0.0,50.24,18.53,88.571
281.076,162.7477,0.0,534.4,0.0,0.0,0.0,50.22,18.53,88.639
281.316,162.6601,0.0,535.93,0.0,0.0,0.0,50.19,18.54,88.711
281.316,162.6601,0.0,535.93,0.0,0.0,0.0,50.19,18.54,88.74
281.556,162.5719,0.0,537.46,0.0,0.0,0.0,50.16,18.55,88.842
281.636,162.5424,0.0,537.97,0.0,0.0,0.0,50.15,18.55,88.875
281.796,162.4832,0.0,539.0,0.0,0.0,0.0,50.13,18.55,88.943
282.036,162.3939,0.0,540.55,0.0,0.0,0.0,50.1,18.56,89.015
282.036,162.3939,0.0,540.55,0.0,0.0,0.0,50.1,18.56,89.044
282.196,162.3341,0.0,541.58,0.0,0.0,0.0,50.08,18.56,89.112
282.356,162.2741,0.0,542.61,0.0,0.0,0.0,50.06,18.57,89.18
282.516,162.2138,0.0,543.65,0.0,0.0,0.0,50.04,18.57,89.247
282.596,162.1836,0.0,544.17,0.0,0.0,0.0,50.03,18.58,89.281
282.836,162.0925,0.0,545.73,0.0,0.0,0.0,50.0,18.58,89.354
282.916,162.0621,0.0,546.25,0.0,0.0,0.0,49.98,18.58,89.417
283.076,162.0009,0.0,547.3,0.0,0.0,0.0,49.96,18.59,89.484
283.156,161.9703,0.0,547.82,0.0,0.0,0.0,49.95,18.59,89.518
283.316,161.9088,0.0,548.87,0.0,0.0,0.0,49.93,18.59,89.586
283.556,161.8162,0.0,550.44,0.0,0.0,0.0,49.9,18.6,89.658
283.636,161.7852,0.0,550.97,0.0,0.0,0.0,49.89,18.6,89.721
283.796,161.723,0.0,552.02,0.0,0.0,0.0,49.87,18.61,89.76
283.876,161.6918,0.0,552.55,0.0,0.0,0.0,49.86,18.61,89.823
284.036,161.6293,0.0,553.61,0.0,0.0,0.0,49.84,18.61,89.891
284.116,161.5979,0.0,554.13,0.0,0.0,0.0,49.83,18.62,89.925
284.356,161.5035,0.0,555.73,0.0,0.0,0.0,49.8,18.62,89.992
284.516,161.4402,0.0,556.79,0.0,0.0,0.0,49.78,18.63,90.065
284.516,161.4402,0.0,556.79,0.0,0.0,0.0,49.78,18.63,90.094
284.676,161.3767,0.0,557.85,0.0,0.0,0.0,49.76,18.63,90.162
284.836,161.313,0.0,558.92,0.0,0.0,0.0,49.74,18.64,90.229
284.996,161.249,0.0,559.99,0.0,0.0,0.0,49.72,18.64,90.297
285.076,161.217,0.0,560.52,0.0,0.0,0.0,49.71,18.64,90.331
285.316,161.1204,0.0,562.13,0.0,0.0,0.0,49.68,18.65,90.403
285.396,161.0881,0.0,562.67,0.0,0.0,0.0,49.67,18.65,90.467
285.556,161.0233,0.0,563.74,0.0,0.0,0.0,49.65,18.66,90.534
285.636,160.9908,0.0,564.28,0.0,0.0,0.0,49.63,18.66,90.568
285.796,160.9256,0.0,565.36,0.0,0.0,0.0,49.61,18.66,90.636
286.036,160.8274,0.0,566.98,0.0,0.0,0.0,49.58,18.67,90.709
286.116,160.7946,0.0,567.52,0.0,0.0,0.0,49.57,18.67,90.772
286.356,160.6957,0.0,569.15,0.0,0.0,0.0,49.54,18.68,90.84
286.356,160.6957,0.0,569.15,0.0,0.0,0.0,49.54,18.68,90.873
286.516,160.6294,0.0,570.23,0.0,0.0,0.0,49.52,18.68,90.941
286.676,160.5629,0.0,571.32,0.0,0.0,0.0,49.5,18.69,91.009
286.836,160.4962,0.0,572.41,0.0,0.0,0.0,49.48,18.69,91.077
286.916,160.4628,0.0,572.96,0.0,0.0,0.0,49.47,18.69,91.111
287.076,160.3957,0.0,574.05,0.0,0.0,0.0,49.45,18.7,91.179
287.316,160.2947,0.0,575.7,0.0,0.0,0.0,49.42,18.7,91.251
287.316,160.2947,0.0,575.7,0.0,0.0,0.0,49.42,18.7,91.281
287.556,160.1931,0.0,577.34,0.0,0.0,0.0,49.39,18.71,91.353
287.636,160.1591,0.0,577.89,0.0,0.0,0.0,49.38,18.71,91.416
287.716,160.1251,0.0,578.44,0.0,0.0,0.0,49.37,18.71,91.45
287.876,160.0568,0.0,579.55,0.0,0.0,0.0,49.35,18.72,91.518
288.116,159.954,0.0,581.2,0.0,0.0,0.0,49.32,18.73,91.591
288.116,159.954,0.0,581.2,0.0,0.0,0.0,49.32,18.73,91.62
288.356,159.8506,0.0,582.86,0.0,0.0,0.0,49.29,18.73,91.688
288.436,159.816,0.0,583.42,0.0,0.0,0.0,49.27,18.73,91.756
288.596,159.7467,0.0,584.53,0.0,0.0,0.0,49.25,18.74,91.824
288.756,159.6771,0.0,585.64,0.0,0.0,0.0,49.23,18.74,91.891
288.916,159.6073,0.0,586.75,0.0,0.0,0.0,49.21,18.75,91.959
289.076,159.5372,0.0,587.87,0.0,0.0,0.0,49.19,18.75,91.998
289.076,159.5372,0.0,587.87,0.0,0.0,0.0,49.19,18.75,92.027
289.236,159.4669,0.0,588.98,0.0,0.0,0.0,49.17,18.76,92.095
289.396,159.3964,0.0,590.1,0.0,0.0,0.0,49.15,18.76,92.163
289.556,159.3257,0.0,591.22,0.0,0.0,0.0,49.13,18.76,92.231
289.636,159.2902,0.0,591.78,0.0,0.0,0.0,49.12,18.77,92.265
289.876,159.1834,0.0,593.47,0.0,0.0,0.0,49.09,18.77,92.338
289.956,159.1477,0.0,594.03,0.0,0.0,0.0,49.08,18.77,92.401
290.116,159.0761,0.0,595.15,0.0,0.0,0.0,49.06,18.78,92.435
290.196,159.0402,0.0,595.72,0.0,0.0,0.0,49.05,18.78,92.503
290.356,158.9683,0.0,596.85,0.0,0.0,0.0,49.03,18.79,92.571
290.596,158.8599,0.0,598.54,0.0,0.0,0.0,49.0,18.79,92.643
290.596,158.8599,0.0,598.54,0.0,0.0,0.0,49.0,18.79,92.673
290.836,158.7509,0.0,600.24,0.0,0.0,0.0,48.97,18.8,92.741
290.836,158.7509,0.0,600.24,0.0,0.0,0.0,48.97,18.8,92.775
291.076,158.6415,0.0,601.94,0.0,0.0,0.0,48.94,18.8,92.843
291.156,158.6049,0.0,602.51,0.0,0.0,0.0,48.92,18.81,92.911
291.396,158.4947,0.0,604.22,0.0,0.0,0.0,48.89,18.81,92.983
291.476,158.4579,0.0,604.79,0.0,0.0,0.0,48.88,18.81,93.047
291.636,158.384,0.0,605.93,0.0,0.0,0.0,48.86,18.82,93.115
291.716,158.347,0.0,606.5,0.0,0.0,0.0,48.85,18.82,93.149
291.876,158.2728,0.0,607.65,0.0,0.0,0.0,48.83,18.83,93.217
292.116,158.161,0.0,609.36,0.0,0.0,0.0,48.8,18.83,93.285
292.116,158.161,0.0,609.36,0.0,0.0,0.0,48.8,18.83,93.319
292.276,158.0862,0.0,610.51,0.0,0.0,0.0,48.78,18.84,93.387
292.436,158.0111,0.0,611.66,0.0,0.0,0.0,48.76,18.84,93.455
292.596,157.9358,0.0,612.81,0.0,0.0,0.0,48.74,18.84,93.523
292.756,157.8603,0.0,613.96,0.0,0.0,0.0,48.72,18.85,93.591
292.916,157.7845,0.0,615.11,0.0,0.0,0.0,48.7,18.85,93.659
293.076,157.7085,0.0,616.27,0.0,0.0,0.0,48.68,18.86,93.698
293.156,157.6704,0.0,616.85,0.0,0.0,0.0,48.67,18.86,93.761
293.396,157.5557,0.0,618.58,0.0,0.0,0.0,48.64,18.86,93.834
293.396,157.5557,0.0,618.58,0.0,0.0,0.0,48.64,18.86,93.863
293.636,157.4406,0.0,620.32,0.0,0.0,0.0,48.61,18.87,93.936
293.716,157.402,0.0,620.9,0.0,0.0,0.0,48.6,18.87,93.999
293.796,157.3635,0.0,621.48,0.0,0.0,0.0,48.59,18.88,94.033
293.956,157.2861,0.0,622.65,0.0,0.0,0.0,48.56,18.88,94.102
294.116,157.2086,0.0,623.81,0.0,0.0,0.0,48.54,18.88,94.17
294.356,157.0918,0.0,625.56,0.0,0.0,0.0,48.51,18.89,94.242
294.356,157.0918,0.0,625.56,0.0,0.0,0.0,48.51,18.89,94.272
294.596,156.9745,0.0,627.31,0.0,0.0,0.0,48.48,18.9,94.345
294.676,156.9352,0.0,627.9,0.0,0.0,0.0,48.47,18.9,94.379
294.836,156.8566,0.0,629.07,0.0,0.0,0.0,48.45,18.9,94.476
294.916,156.8172,0.0,629.65,0.0,0.0,0.0,48.44,18.9,94.51
295.076,156.7382,0.0,630.82,0.0,0.0,0.0,48.42,18.91,94.578
295.236,156.659,0.0,632.0,0.0,0.0,0.0,48.4,18.91,94.646
295.396,156.5795,0.0,633.17,0.0,0.0,0.0,48.38,18.92,94.715
295.476,156.5397,0.0,633.76,0.0,0.0,0.0,48.37,18.92,94.749
295.636,156.4598,0.0,634.94,0.0,0.0,0.0,48.35,18.92,94.783
295.716,156.4198,0.0,635.53,0.0,0.0,0.0,48.34,18.93,94.851
295.876,156.3396,0.0,636.71,0.0,0.0,0.0,48.32,18.93,94.919
296.116,156.2189,0.0,638.48,0.0,0.0,0.0,48.29,18.94,94.992
296.196,156.1785,0.0,639.07,0.0,0.0,0.0,48.28,18.94,95.055
296.356,156.0976,0.0,640.25,0.0,0.0,0.0,48.26,18.94,95.094
296.436,156.0571,0.0,640.85,0.0,0.0,0.0,48.25,18.94,95.158
296.596,155.9758,0.0,642.03,0.0,0.0,0.0,48.22,18.95,95.226
296.836,155.8535,0.0,643.81,0.0,0.0,0.0,48.19,18.95,95.299
296.836,155.8535,0.0,643.81,0.0,0.0,0.0,48.19,18.95,95.328
297.076,155.7306,0.0,645.6,0.0,0.0,0.0,48.16,18.96,95.396
297.156,155.6895,0.0,646.19,0.0,0.0,0.0,48.15,18.96,95.435
297.316,155.6072,0.0,647.38,0.0,0.0,0.0,48.13,18.97,95.503
297.396,155.5659,0.0,647.98,0.0,0.0,0.0,48.12,18.97,95.567
297.636,155.4418,0.0,649.77,0.0,0.0,0.0,48.09,18.97,95.64
297.636,155.4418,0.0,649.77,0.0,0.0,0.0,48.09,18.97,95.669
297.796,155.3587,0.0,650.96,0.0,0.0,0.0,48.07,18.98,95.737
297.956,155.2754,0.0,652.16,0.0,0.0,0.0,48.05,18.98,95.806
298.116,155.1919,0.0,653.36,0.0,0.0,0.0,48.03,18.99,95.874
298.276,155.1081,0.0,654.56,0.0,0.0,0.0,48.01,18.99,95.942
298.356,155.0662,0.0,655.16,0.0,0.0,0.0,48.0,18.99,95.976
298.596,154.9399,0.0,656.96,0.0,0.0,0.0,47.97,19.0,96.049
298.676,154.8977,0.0,657.56,0.0,0.0,0.0,47.96,19.0,96.113
298.836,154.8131,0.0,658.76,0.0,0.0,0.0,47.94,19.0,96.181
298.916,154.7707,0.0,659.36,0.0,0.0,0.0,47.93,19.01,96.215
299.076,154.6857,0.0,660.57,0.0,0.0,0.0,47.91,19.01,96.283
299.156,154.6431,0.0,661.17,0.0,0.0,0.0,47.9,19.01,96.318
299.396,154.5151,0.0,662.98,0.0,0.0,0.0,47.86,19.02,96.391
299.556,154.4294,0.0,664.19,0.0,0.0,0.0,47.84,19.02,96.459
299.556,154.4294,0.0,664.19,0.0,0.0,0.0,47.84,19.02,96.488
299.716,154.3435,0.0,665.4,0.0,0.0,0.0,47.82,19.03,96.557
299.876,154.2573,0.0,666.61,0.0,0.0,0.0,47.8,19.03,96.625
299.956,154.2141,0.0,667.22,0.0,0.0,0.0,47.79,19.03,96.659
300.116,154.1276,0.0,668.43,0.0,0.0,0.0,47.77,19.04,96.727
300.356,153.9974,0.0,670.25,0.0,0.0,0.0,47.74,19.04,96.801
300.436,153.9539,0.0,670.86,0.0,0.0,0.0,47.73,19.05,96.864
300.596,153.8666,0.0,672.08,0.0,0.0,0.0,47.71,19.05,96.898
300.676,153.8229,0.0,672.68,0.0,0.0,0.0,47.7,19.05,96.966
300.836,153.7354,0.0,673.9,0.0,0.0,0.0,47.68,19.06,97.035
301.076,153.6035,0.0,675.73,0.0,0.0,0.0,47.65,19.06,97.108
301.156,153.5595,0.0,676.34,0.0,0.0,0.0,47.64,19.06,97.171
301.236,153.5153,0.0,676.95,0.0,0.0,0.0,47.63,19.07,97.206
301.396,153.4269,0.0,678.17,0.0,0.0,0.0,47.61,19.07,97.274
301.556,153.3382,0.0,679.4,0.0,0.0,0.0,47.59,19.07,97.342
301.636,153.2938,0.0,680.01,0.0,0.0,0.0,47.58,19.08,97.377
301.796,153.2048,0.0,681.23,0.0,0.0,0.0,47.56,19.08,97.445
301.956,153.1155,0.0,682.46,0.0,0.0,0.0,47.54,19.08,97.513
302.036,153.0708,0.0,683.07,0.0,0.0,0.0,47.52,19.09,97.547
302.196,152.9812,0.0,684.3,0.0,0.0,0.0,47.5,19.09,97.616
302.356,152.8913,0.0,685.53,0.0,0.0,0.0,47.48,19.09,97.684
302.516,152.8012,0.0,686.76,0.0,0.0,0.0,47.46,19.1,97.723
302.596,152.7561,0.0,687.37,0.0,0.0,0.0,47.45,19.1,97.753
302.756,152.6656,0.0,688.61,0.0,0.0,0.0,47.43,19.1,97.855
302.916,152.5749,0.0,689.84,0.0,0.0,0.0,47.41,19.11,97.924
303.076,152.484,0.0,691.07,0.0,0.0,0.0,47.39,19.11,97.963
303.156,152.4384,0.0,691.69,0.0,0.0,0.0,47.38,19.11,98.026
303.236,152.3928,0.0,692.31,0.0,0.0,0.0,47.37,19.11,98.06
303.236,152.3928,0.0,692.31,0.0,0.0,0.0,47.37,19.11,98.06
303.316,152.2097,0.0,694.78,0.0,0.0,0.0,47.33,19.12,98.197
303.636,152.0718,0.0,696.64,0.0,0.0,0.0,47.3,19.13,98.3
303.956,151.9334,0.0,698.5,0.0,0.0,0.0,47.27,19.13,98.403
304.116,151.8871,0.0,699.12,0.0,0.0,0.0,47.26,19.14,98.437
304.276,151.7943,0.0,700.36,0.0,0.0,0.0,47.24,19.14,98.505
304.516,151.6548,0.0,702.22,0.0,0.0,0.0,47.21,19.15,98.579
304.516,151.6548,0.0,702.22,0.0,0.0,0.0,47.21,19.15,98.608
304.756,151.5147,0.0,704.09,0.0,0.0,0.0,47.17,19.15,98.681
304.836,151.4679,0.0,704.71,0.0,0.0,0.0,47.16,19.15,98.745
305.076,151.3271,0.0,706.58,0.0,0.0,0.0,47.13,19.16,98.818
305.156,151.2801,0.0,707.2,0.0,0.0,0.0,47.12,19.16,98.882
305.316,151.1858,0.0,708.45,0.0,0.0,0.0,47.1,19.17,98.95
305.556,151.0439,0.0,710.32,0.0,0.0,0.0,47.07,19.17,99.024
305.556,151.0439,0.0,710.32,0.0,0.0,0.0,47.07,19.17,99.053
305.796,150.9015,0.0,712.2,0.0,0.0,0.0,47.04,19.18,99.127
305.876,150.8539,0.0,712.83,0.0,0.0,0.0,47.03,19.18,99.19
306.036,150.7586,0.0,714.08,0.0,0.0,0.0,47.01,19.18,99.259
306.196,150.663,0.0,715.33,0.0,0.0,0.0,46.99,19.19,99.327
306.276,150.6151,0.0,715.96,0.0,0.0,0.0,46.98,19.19,99.361
306.516,150.471,0.0,717.84,0.0,0.0,0.0,46.95,19.2,99.435
306.596,150.4229,0.0,718.47,0.0,0.0,0.0,46.94,19.2,99.498
306.676,150.3747,0.0,719.1,0.0,0.0,0.0,46.93,19.2,99.533
306.836,150.2782,0.0,720.35,0.0,0.0,0.0,46.91,19.2,99.601
306.996,150.1814,0.0,721.61,0.0,0.0,0.0,46.89,19.21,99.67
307.076,150.1329,0.0,722.24,0.0,0.0,0.0,46.88,19.21,99.704
307.316,149.9888,0.0,724.13,0.0,0.0,0.0,46.85,19.21,99.776
307.393,149.9445,0.0,724.74,0.0,0.0,0.0,46.84,19.22,99.832
307.534,149.8637,0.0,725.85,0.0,0.0,0.0,46.82,19.22,99.885
307.598,149.8269,0.0,726.36,0.0,0.0,0.0,46.81,19.22,99.909
307.715,149.7596,0.0,727.28,0.0,0.0,0.0,46.8,19.22,99.954
307.818,149.7,0.0,728.1,0.0,0.0,0.0,46.78,19.23,99.993
307.91,149.6473,0.0,728.82,0.0,0.0,0.0,46.77,19.23,100.027
307.951,149.6233,0.0,729.15,0.0,0.0,0.0,46.77,19.23,100.043
308.027,149.5794,0.0,729.75,0.0,0.0,0.0,46.76,19.23,100.072
308.094,149.5406,0.0,730.28,0.0,0.0,0.0,46.75,19.23,100.097
308.154,149.5063,0.0,730.74,0.0,0.0,0.0,46.74,19.23,100.12
308.206,149.476,0.0,731.16,0.0,0.0,0.0,46.74,19.23,100.131
308.23,149.4621,0.0,731.35,0.0,0.0,0.0,46.73,19.24,100.149
308.252,149.4368,0.0,731.69,0.0,0.0,0.0,46.73,19.24,100.166
308.333,149.3997,0.0,732.17,0.0,0.0,0.0,46.72,19.24,100.184
308.353,149.3873,0.0,732.32,0.0,0.0,0.0,46.72,19.24,100.2
308.393,149.3626,0.0,732.64,0.0,0.0,0.0,46.71,19.24,100.209
308.413,149.3502,0.0,732.8,0.0,0.0,0.0,46.71,19.24,100.226
308.453,149.3255,0.0,733.12,0.0,0.0,0.0,46.71,19.24,100.236
308.473,149.3131,0.0,733.27,0.0,0.0,0.0,46.7,19.24,100.252
308.533,149.2759,0.0,733.75,0.0,0.0,0.0,46.7,19.24,100.27
308.553,149.2635,0.0,733.91,0.0,0.0,0.0,46.69,19.24,100.286
308.593,149.2387,0.0,734.22,0.0,0.0,0.0,46.69,19.24,100.296
308.613,149.2262,0.0,734.38,0.0,0.0,0.0,46.69,19.24,100.312
308.653,149.2014,0.0,734.7,0.0,0.0,0.0,46.68,19.25,100.329
308.673,149.189,0.0,734.86,0.0,0.0,0.0,46.68,19.25,100.337
308.713,149.1641,0.0,735.18,0.0,0.0,0.0,46.67,19.25,100.354
308.773,149.1268,0.0,735.65,0.0,0.0,0.0,46.67,19.25,100.372
308.773,149.1268,0.0,735.65,0.0,0.0,0.0,46.67,19.25,100.38
308.833,149.0894,0.0,736.13,0.0,0.0,0.0,46.66,19.25,100.406
308.853,149.077,0.0,736.29,0.0,0.0,0.0,46.65,19.25,100.414
308.893,149.0521,0.0,736.6,0.0,0.0,0.0,46.65,19.25,100.441
308.961,148.9916,0.0,737.37,0.0,0.0,0.0,46.65,19.25,100.467
308.961,148.9916,0.0,737.37,0.0,0.0,0.0,46.65,19.25,100.479
309.059,148.9233,0.0,738.24,0.0,0.0,0.0,46.65,19.25,100.514
309.099,148.896,0.0,738.59,0.0,0.0,0.0,46.65,19.25,100.55
309.19,148.8346,0.0,739.37,0.0,0.0,0.0,46.65,19.25,100.576
309.241,148.6735,0.0,741.41,0.0,0.0,0.0,46.65,19.25,100.784
309.736,148.3499,0.0,745.49,0.0,0.0,0.0,46.65,19.26,100.902
310.01,148.1527,0.0,747.96,0.0,0.0,0.0,46.65,19.26,101.184
310.667,147.6862,0.0,753.79,0.0,0.0,0.0,46.65,19.26,101.528
311.049,147.4161,0.0,757.14,0.0,0.0,0.0,46.65,19.26,101.723
311.922,146.8001,0.0,764.73,0.0,0.0,0.0,46.66,19.27,102.16
312.939,144.7284,0.0,789.75,0.0,0.0,0.0,46.67,19.28,102.532
312.939,144.7284,0.0,789.75,0.0,0.0,0.0,46.67,19.28,103.966
317.501,140.4485,0.0,839.1,0.0,0.0,0.0,46.69,19.28,105.45
321.501,140.3001,0.0,840.76,0.0,0.0,0.0,46.69,19.28,105.52
321.901,140.002,0.0,844.09,0.0,0.0,0.0,46.69,19.28,105.591
322.101,140.002,0.0,844.09,0.0,0.0,0.0,46.69,19.28,105.598
322.121,139.9721,0.0,844.25,0.0,0.0,0.0,46.69,19.28,105.613
322.121,139.9721,0.0,844.25,0.0,0.0,0.0,46.69,19.28,105.613
322.181,139.9273,0.0,844.75,0.71,0.0,0.0,46.69,19.28,105.634
322.221,139.9123,0.0,844.92,0.89,0.0,0.0,46.69,19.28,105.641
322.261,139.8824,0.0,845.25,1.25,0.0,0.0,46.69,19.28,105.655
322.321,139.8374,0.0,845.75,1.79,0.0,0.0,46.69,19.28,105.669
322.321,139.8374,0.0,845.75,1.79,0.0,0.0,46.69,19.28,105.676
322.381,139.7925,0.0,846.25,1.79,0.0,0.0,46.69,19.28,105.698
322.401,139.7775,0.0,846.42,1.79,0.0,0.0,46.69,19.28,105.705
322.441,139.7475,0.0,846.75,1.79,0.0,0.0,46.69,19.29,105.719
322.501,139.7025,0.0,847.25,1.79,0.0,0.0,46.69,19.29,105.733
322.501,139.7025,0.0,847.25,1.79,0.0,0.0,46.69,19.29,105.74
322.561,139.6574,0.0,847.75,1.8,0.0,0.0,46.69,19.29,105.754
322.581,139.6424,0.0,847.92,1.8,0.0,0.0,46.69,19.29,105.768
322.621,139.6123,0.0,848.25,1.8,0.0,0.0,46.69,19.29,105.783
322.661,139.5822,0.0,848.58,1.8,0.0,0.0,46.69,19.29,105.797
322.701,139.5521,0.0,848.92,1.8,0.0,0.0,46.69,19.29,105.804
322.721,139.5371,0.0,849.08,1.8,0.0,0.0,46.69,19.29,105.818
322.761,139.507,0.0,849.42,1.8,0.0,0.0,46.69,19.29,105.832
322.781,139.4919,0.0,849.58,1.8,0.0,0.0,46.69,19.29,105.839
322.821,139.4618,0.0,849.92,1.8,0.0,0.0,46.69,19.29,105.853
322.861,139.4316,0.0,850.25,1.8,0.0,0.0,46.69,19.29,105.868
322.901,139.4014,0.0,850.58,1.8,0.0,0.0,46.69,19.29,105.882
322.941,139.3713,0.0,850.92,1.81,0.0,0.0,46.69,19.29,105.889
322.961,139.3562,0.0,851.08,1.81,0.0,0.0,46.69,19.29,105.903
323.001,139.326,0.0,851.42,1.81,0.0,0.0,46.69,19.29,105.917
323.021,139.3108,0.0,851.58,1.81,0.0,0.0,46.69,19.29,105.924
323.061,139.2806,0.0,851.92,1.81,0.0,0.0,46.69,19.29,105.938
323.101,139.2504,0.0,852.25,1.81,0.0,0.0,46.69,19.29,105.953
323.141,139.2201,0.0,852.58,1.81,0.0,0.0,46.69,19.29,105.967
323.161,139.205,0.0,852.75,1.81,0.0,0.0,46.69,19.29,105.974
323.201,139.1747,0.0,853.08,1.81,0.0,0.0,46.69,19.29,105.988
323.261,139.1292,0.0,853.59,1.81,0.0,0.0,46.69,19.29,106.002
323.261,139.1292,0.0,853.59,1.81,0.0,0.0,46.69,19.29,106.009
323.301,139.0989,0.0,853.92,1.82,0.0,0.0,46.69,19.29,106.024
323.341,139.0678,0.0,854.26,1.82,0.0,0.0,46.69,19.29,106.038
323.383,139.0355,0.0,854.62,1.82,0.0,0.0,46.69,19.29,106.046
323.427,139.0017,0.0,854.99,1.82,0.0,0.0,46.69,19.29,106.062
323.449,138.9844,0.0,855.18,1.82,0.0,0.0,46.69,19.29,106.078
323.472,138.9667,0.0,855.37,1.82,0.0,0.0,46.69,19.29,106.087
323.519,138.9301,0.0,855.78,1.82,0.0,0.0,46.69,19.29,106.104
323.568,138.8809,0.0,856.32,1.82,0.0,0.0,46.69,19.29,106.118
323.608,138.8498,0.0,856.66,1.82,0.0,0.0,46.69,19.29,106.147
323.649,138.8181,0.0,857.01,1.82,0.0,0.0,46.69,19.29,106.162
323.733,138.7527,0.0,857.72,1.83,0.0,0.0,46.69,19.29,106.194
323.821,138.6845,0.0,858.47,1.83,0.0,0.0,46.69,19.29,106.226
323.959,138.577,0.0,859.65,1.83,0.0,0.0,46.69,19.29,106.259
323.959,138.577,0.0,859.65,1.83,0.0,0.0,46.69,19.29,106.277
324.116,138.4466,0.0,861.07,1.83,0.0,0.0,46.69,19.29,106.319
324.177,138.3986,0.0,861.59,1.84,0.0,0.0,46.69,19.29,106.365
324.303,138.2996,0.0,862.67,1.84,0.0,0.0,46.69,19.29,106.411
324.368,138.2486,0.0,863.23,1.84,0.0,0.0,46.69,19.29,106.435
324.435,138.1965,0.0,863.8,1.84,0.0,0.0,46.7,19.29,106.46
324.714,137.9769,0.0,866.18,1.85,0.0,0.0,46.7,19.29,106.536
324.714,137.9769,0.0,866.18,1.85,0.0,0.0,46.7,19.29,106.563
324.939,137.7999,0.0,868.1,1.85,0.0,0.0,46.7,19.3,106.617
324.939,137.7999,0.0,868.1,1.85,0.0,0.0,46.7,19.3,106.646
325.256,137.5522,0.0,870.78,1.86,0.0,0.0,46.7,19.3,106.731
325.336,137.4899,0.0,871.45,1.86,0.0,0.0,46.7,19.3,106.788
325.496,137.3653,0.0,872.79,1.87,0.0,0.0,46.7,19.3,106.845
325.576,137.3029,0.0,873.47,1.87,0.0,0.0,46.7,19.3,106.873
325.736,137.1779,0.0,874.81,1.88,0.0,0.0,46.7,19.3,106.93
325.976,136.99,0.0,876.83,1.88,0.0,0.0,46.7,19.3,106.986
325.976,136.99,0.0,876.83,1.88,0.0,0.0,46.7,19.3,107.015
326.136,136.8016,0.0,878.85,1.89,0.0,0.0,46.7,19.3,107.071
326.296,136.7386,0.0,879.52,1.89,0.0,0.0,46.7,19.3,107.129
326.456,136.6126,0.0,880.87,1.9,0.0,0.0,46.7,19.3,107.186
326.536,136.5495,0.0,881.54,1.9,0.0,0.0,46.7,19.3,107.214
326.696,136.423,0.0,882.89,1.9,0.0,0.0,46.7,19.3,107.271
326.776,136.2964,0.0,884.24,1.91,0.0,0.0,46.7,19.3,107.328
326.936,136.233,0.0,884.91,1.91,0.0,0.0,46.7,19.3,107.357
327.096,136.106,0.0,886.26,1.92,0.0,0.0,46.7,19.31,107.413
327.256,135.9787,0.0,887.61,1.92,0.0,0.0,46.7,19.31,107.47
327.496,135.7874,0.0,889.63,1.93,0.0,0.0,46.7,19.31,107.526
327.496,135.7874,0.0,889.63,1.93,0.0,0.0,46.7,19.31,107.556
327.736,135.5955,0.0,891.66,1.94,0.0,0.0,46.7,19.31,107.612
327.816,135.5314,0.0,892.34,1.94,0.0,0.0,46.71,19.31,107.67
327.896,135.4673,0.0,893.01,1.94,0.0,0.0,46.71,19.31,107.698
328.056,135.2745,0.0,895.04,1.95,0.0,0.0,46.71,19.31,107.783
328.216,135.2101,0.0,895.72,1.95,0.0,0.0,46.71,19.31,107.812
328.296,135.1457,0.0,896.39,1.95,0.0,0.0,46.71,19.31,107.84
328.536,134.952,0.0,898.42,1.96,0.0,0.0,46.71,19.31,107.926
328.616,134.8873,0.0,899.1,1.96,0.0,0.0,46.71,19.31,107.954
328.776,134.7578,0.0,900.46,1.97,0.0,0.0,46.71,19.31,108.011
329.016,134.563,0.0,902.49,1.98,0.0,0.0,46.71,19.31,108.067
329.096,134.498,0.0,903.17,1.98,0.0,0.0,46.71,19.31,108.125
329.256,134.3677,0.0,904.52,1.98,0.0,0.0,46.71,19.31,108.182
329.336,134.3025,0.0,905.2,1.99,0.0,0.0,46.71,19.31,108.211
329.496,134.1719,0.0,906.56,1.99,0.0,0.0,46.71,19.32,108.268
329.736,133.9755,0.0,908.59,2.0,0.0,0.0,46.71,19.32,108.324
329.736,133.9755,0.0,908.59,2.0,0.0,0.0,46.71,19.32,108.353
329.976,133.7786,0.0,910.63,2.01,0.0,0.0,46.71,19.32,108.41
329.976,133.7786,0.0,910.63,2.01,0.0,0.0,46.71,19.32,108.439
330.216,133.5811,0.0,912.67,2.01,0.0,0.0,46.71,19.32,108.495
330.296,133.5152,0.0,913.35,2.02,0.0,0.0,46.71,19.32,108.553
330.456,133.3831,0.0,914.71,2.02,0.0,0.0,46.71,19.32,108.61
330.696,133.1846,0.0,916.75,2.03,0.0,0.0,46.71,19.32,108.666
330.696,133.1846,0.0,916.75,2.03,0.0,0.0,46.71,19.32,108.696
330.936,132.9855,0.0,918.79,2.04,0.0,0.0,46.71,19.32,108.752
331.016,132.919,0.0,919.47,2.04,0.0,0.0,46.71,19.32,108.81
331.176,132.7859,0.0,920.84,2.05,0.0,0.0,46.71,19.32,108.867
331.336,132.6525,0.0,922.2,2.05,0.0,0.0,46.72,19.32,108.924
331.496,132.5188,0.0,923.56,2.06,0.0,0.0,46.72,19.32,108.952
331.576,132.4519,0.0,924.24,2.06,0.0,0.0,46.72,19.32,109.01
331.736,132.318,0.0,925.61,2.07,0.0,0.0,46.72,19.33,109.067
331.976,132.1165,0.0,927.65,2.07,0.0,0.0,46.72,19.33,109.124
331.976,132.1165,0.0,927.65,2.07,0.0,0.0,46.72,19.33,109.153
332.136,131.9819,0.0,929.02,2.08,0.0,0.0,46.72,19.33,109.21
332.296,131.8471,0.0,930.38,2.08,0.0,0.0,46.72,19.33,109.267
332.536,131.6444,0.0,932.43,2.09,0.0,0.0,46.72,19.33,109.323
332.536,131.6444,0.0,932.43,2.09,0.0,0.0,46.72,19.33,109.353
332.696,131.509,0.0,933.8,2.1,0.0,0.0,46.72,19.33,109.41
332.856,131.3733,0.0,935.17,2.1,0.0,0.0,46.72,19.33,109.467
333.016,131.2374,0.0,936.54,2.11,0.0,0.0,46.72,19.33,109.524
333.096,131.1694,0.0,937.22,2.11,0.0,0.0,46.72,19.33,109.553
333.256,131.0331,0.0,938.59,2.12,0.0,0.0,46.72,19.33,109.61
333.336,130.9649,0.0,939.27,2.12,0.0,0.0,46.72,19.33,109.639
333.496,130.8282,0.0,940.64,2.13,0.0,0.0,46.72,19.33,109.696
333.656,130.6914,0.0,942.01,2.13,0.0,0.0,46.72,19.33,109.753
333.816,130.5543,0.0,943.38,2.14,0.0,0.0,46.72,19.33,109.81
333.976,130.4169,0.0,944.75,2.15,0.0,0.0,46.72,19.33,109.868
334.056,130.3481,0.0,945.44,2.15,0.0,0.0,46.72,19.34,109.896
334.216,130.2104,0.0,946.81,2.16,0.0,0.0,46.72,19.34,109.954
334.456,130.0034,0.0,948.87,2.16,0.0,0.0,46.72,19.34,110.011
334.456,130.0034,0.0,948.87,2.16,0.0,0.0,46.72,19.34,110.039
334.696,129.7958,0.0,950.93,2.17,0.0,0.0,46.73,19.34,110.096
334.776,129.7265,0.0,951.61,2.18,0.0,0.0,46.73,19.34,110.154
334.936,129.5877,0.0,952.99,2.18,0.0,0.0,46.73,19.34,110.211
335.016,129.5182,0.0,953.67,2.19,0.0,0.0,46.73,19.34,110.24
335.256,129.3094,0.0,955.74,2.2,0.0,0.0,46.73,19.34,110.297
335.336,129.2397,0.0,956.42,2.2,0.0,0.0,46.73,19.34,110.354
335.496,129.1001,0.0,957.8,2.2,0.0,0.0,46.73,19.34,110.412
335.576,129.0301,0.0,958.49,2.21,0.0,0.0,46.73,19.34,110.44
335.736,128.8901,0.0,959.86,2.21,0.0,0.0,46.73,19.34,110.498
335.896,128.7499,0.0,961.24,2.22,0.0,0.0,46.73,19.34,110.555
335.976,128.6797,0.0,961.93,2.22,0.0,0.0,46.73,19.34,110.584
336.216,128.4687,0.0,963.99,2.23,0.0,0.0,46.73,19.34,110.64
336.296,128.3982,0.0,964.68,2.24,0.0,0.0,46.73,19.34,110.698
336.456,128.2572,0.0,966.06,2.24,0.0,0.0,46.73,19.35,110.726
336.536,128.1865,0.0,966.75,2.25,0.0,0.0,46.73,19.35,110.784
336.696,128.0451,0.0,968.12,2.25,0.0,0.0,46.73,19.35,110.842
336.936,127.8325,0.0,970.19,2.26,0.0,0.0,46.73,19.35,110.898
336.936,127.8325,0.0,970.19,2.26,0.0,0.0,46.73,19.35,110.928
337.176,127.6193,0.0,972.26,2.27,0.0,0.0,46.73,19.35,110.984
337.256,127.5481,0.0,972.95,2.28,0.0,0.0,46.73,19.35,111.043
337.496,127.3343,0.0,975.02,2.29,0.0,0.0,46.73,19.35,111.1
337.576,127.2628,0.0,975.71,2.29,0.0,0.0,46.73,19.35,111.158
337.736,127.1198,0.0,977.09,2.3,0.0,0.0,46.73,19.35,111.185
337.816,127.0482,0.0,977.79,2.3,0.0,0.0,46.73,19.35,111.244
337.976,126.9049,0.0,979.17,2.31,0.0,0.0,46.74,19.35,111.301
338.216,126.6894,0.0,981.24,2.32,0.0,0.0,46.74,19.35,111.359
338.216,126.6894,0.0,981.24,2.32,0.0,0.0,46.74,19.35,111.387
338.456,126.4733,0.0,983.32,2.33,0.0,0.0,46.74,19.35,111.444
338.536,126.4012,0.0,984.01,2.33,0.0,0.0,46.74,19.35,111.502
338.776,126.1844,0.0,986.08,2.34,0.0,0.0,46.74,19.36,111.559
338.856,126.112,0.0,986.78,2.35,0.0,0.0,46.74,19.36,111.617
338.936,126.0396,0.0,987.47,2.35,0.0,0.0,46.74,19.36,111.646
339.176,125.8219,0.0,989.54,2.36,0.0,0.0,46.74,19.36,111.703
339.256,125.7492,0.0,990.24,2.37,0.0,0.0,46.74,19.36,111.731
339.336,125.6765,0.0,990.93,2.37,0.0,0.0,46.74,19.36,111.79
339.496,125.5308,0.0,992.32,2.38,0.0,0.0,46.74,19.36,111.847
339.736,125.3119,0.0,994.4,2.39,0.0,0.0,46.74,19.36,111.904
339.736,125.3119,0.0,994.4,2.39,0.0,0.0,46.74,19.36,111.933
339.976,125.0924,0.0,996.48,2.4,0.0,0.0,46.74,19.36,112.02
340.056,125.0191,0.0,997.17,2.4,0.0,0.0,46.74,19.36,112.048
340.216,124.8724,0.0,998.56,2.41,0.0,0.0,46.74,19.36,112.106
340.296,124.7989,0.0,999.25,2.41,0.0,0.0,46.74,19.36,112.135
340.456,124.6518,0.0,1000.64,2.42,0.0,0.0,46.74,19.36,112.192
340.696,124.4307,0.0,1002.72,2.43,0.0,0.0,46.74,19.36,112.25
340.776,124.3569,0.0,1003.42,2.44,0.0,0.0,46.74,19.36,112.307
340.856,124.283,0.0,1004.11,2.44,0.0,0.0,46.74,19.36,112.336
341.016,124.135,0.0,1005.5,2.45,0.0,0.0,46.74,19.36,112.394
341.176,123.9869,0.0,1006.89,2.46,0.0,0.0,46.74,19.37,112.422
341.256,123.9127,0.0,1007.59,2.46,0.0,0.0,46.75,19.37,112.48
341.496,123.6897,0.0,1009.67,2.47,0.0,0.0,46.75,19.37,112.537
341.576,123.6153,0.0,1010.37,2.48,0.0,0.0,46.75,19.37,112.595
341.656,123.5408,0.0,1011.07,2.48,0.0,0.0,46.75,19.37,112.624
341.896,123.317,0.0,1013.15,2.49,0.0,0.0,46.75,19.37,112.681
341.976,123.2423,0.0,1013.85,2.5,0.0,0.0,46.75,19.37,112.711
342.136,123.0926,0.0,1015.24,2.51,0.0,0.0,46.75,19.37,112.767
342.216,123.0177,0.0,1015.94,2.51,0.0,0.0,46.75,19.37,112.826
342.456,122.7927,0.0,1018.03,2.52,0.0,0.0,46.75,19.37,112.883
342.456,122.7927,0.0,1018.03,2.52,0.0,0.0,46.75,19.37,112.912
342.696,122.567,0.0,1020.12,2.54,0.0,0.0,46.75,19.37,112.969
342.776,122.4917,0.0,1020.82,2.54,0.0,0.0,46.75,19.37,113.028
342.936,122.3408,0.0,1022.21,2.55,0.0,0.0,46.75,19.37,113.085
343.176,122.1141,0.0,1024.3,2.56,0.0,0.0,46.75,19.37,113.142
343.176,122.1141,0.0,1024.3,2.56,0.0,0.0,46.75,19.37,113.172
343.336,121.9627,0.0,1025.7,2.57,0.0,0.0,46.75,19.37,113.229
343.496,121.811,0.0,1027.1,2.58,0.0,0.0,46.75,19.37,113.287
343.656,121.6591,0.0,1028.49,2.59,0.0,0.0,46.75,19.38,113.316
343.736,121.583,0.0,1029.19,2.59,0.0,0.0,46.75,19.38,113.374
343.976,121.3545,0.0,1031.29,2.61,0.0,0.0,46.75,19.38,113.43
344.056,121.2782,0.0,1031.98,2.61,0.0,0.0,46.75,19.38,113.489
344.216,121.1254,0.0,1033.38,2.62,0.0,0.0,46.75,19.38,113.547
344.296,121.049,0.0,1034.08,2.63,0.0,0.0,46.75,19.38,113.576
344.456,120.8958,0.0,1035.48,2.64,0.0,0.0,46.76,19.38,113.633
344.696,120.6657,0.0,1037.58,2.65,0.0,0.0,46.76,19.38,113.69
344.776,120.5888,0.0,1038.28,2.65,0.0,0.0,46.76,19.38,113.749
344.856,120.5119,0.0,1038.98,2.66,0.0,0.0,46.76,19.38,113.778
345.016,120.3579,0.0,1040.38,2.67,0.0,0.0,46.76,19.38,113.836
345.176,120.2037,0.0,1041.78,2.68,0.0,0.0,46.76,19.38,113.893
345.256,120.1265,0.0,1042.48,2.68,0.0,0.0,46.76,19.38,113.922
345.416,119.9719,0.0,1043.88,2.69,0.0,0.0,46.76,19.38,113.98
345.656,119.7396,0.0,1045.98,2.71,0.0,0.0,46.76,19.38,114.037
345.656,119.7396,0.0,1045.98,2.71,0.0,0.0,46.76,19.38,114.067
345.816,119.5844,0.0,1047.38,2.72,0.0,0.0,46.76,19.38,114.125
345.976,119.429,0.0,1048.78,2.73,0.0,0.0,46.76,19.38,114.182
346.216,119.1954,0.0,1050.88,2.74,0.0,0.0,46.76,19.39,114.239
346.216,119.1954,0.0,1050.88,2.74,0.0,0.0,46.76,19.39,114.269
346.456,118.9613,0.0,1052.99,2.76,0.0,0.0,46.76,19.39,114.327
346.456,118.9613,0.0,1052.99,2.76,0.0,0.0,46.76,19.39,114.356
346.536,118.8049,0.0,1054.39,2.77,0.0,0.0,46.76,19.39,114.414
346.936,118.4914,0.0,1057.2,2.79,0.0,0.0,46.76,19.39,114.5
346.936,118.4914,0.0,1057.2,2.79,0.0,0.0,46.76,19.39,114.529
347.176,118.2556,0.0,1059.3,2.81,0.0,0.0,46.76,19.39,114.586
347.256,118.1769,0.0,1060.01,2.82,0.0,0.0,46.76,19.39,114.645
347.496,117.9404,0.0,1062.11,2.83,0.0,0.0,46.76,19.39,114.702
347.576,117.8615,0.0,1062.82,2.84,0.0,0.0,46.77,19.39,114.761
347.736,117.7034,0.0,1064.22,2.85,0.0,0.0,46.77,19.39,114.79
347.816,117.6242,0.0,1064.93,2.86,0.0,0.0,46.77,19.39,114.848
347.976,117.4658,0.0,1066.33,2.87,0.0,0.0,46.77,19.39,114.906
348.056,117.3865,0.0,1067.04,2.88,0.0,0.0,46.77,19.39,114.935
348.216,117.2277,0.0,1068.44,2.89,0.0,0.0,46.77,19.39,114.993
348.456,116.989,0.0,1070.55,2.91,0.0,0.0,46.77,19.39,115.05
348.456,116.989,0.0,1070.55,2.91,0.0,0.0,46.77,19.39,115.079
348.616,116.8296,0.0,1071.96,2.92,0.0,0.0,46.77,19.4,115.137
348.776,116.67,0.0,1073.37,2.93,0.0,0.0,46.77,19.4,115.195
348.936,116.5101,0.0,1074.78,2.95,0.0,0.0,46.77,19.4,115.253
349.016,116.43,0.0,1075.48,2.95,0.0,0.0,46.77,19.4,115.282
349.176,116.2698,0.0,1076.89,2.97,0.0,0.0,46.77,19.4,115.34
349.336,116.1093,0.0,1078.3,2.98,0.0,0.0,46.77,19.4,115.398
349.416,116.0289,0.0,1079.0,2.99,0.0,0.0,46.77,19.4,115.427
349.656,115.7875,0.0,1081.12,3.01,0.0,0.0,46.77,19.4,115.485
349.736,115.707,0.0,1081.82,3.01,0.0,0.0,46.77,19.4,115.543
349.896,115.5456,0.0,1083.23,3.03,0.0,0.0,46.77,19.4,115.601
349.976,115.4649,0.0,1083.94,3.03,0.0,0.0,46.77,19.4,115.63
350.136,115.3031,0.0,1085.35,3.05,0.0,0.0,46.77,19.4,115.688
350.296,115.1412,0.0,1086.76,3.06,0.0,0.0,46.77,19.4,115.746
350.456,114.979,0.0,1088.17,3.08,0.0,0.0,46.77,19.4,115.804
350.536,114.8978,0.0,1088.88,3.08,0.0,0.0,46.77,19.4,115.833
350.696,114.7353,0.0,1090.29,3.1,0.0,0.0,46.77,19.4,115.891
350.936,114.491,0.0,1092.41,3.12,0.0,0.0,46.78,19.4,115.948
350.936,114.491,0.0,1092.41,3.12,0.0,0.0,46.78,19.4,115.978
351.176,114.2462,0.0,1094.53,3.14,0.0,0.0,46.78,19.41,116.065
351.256,114.1644,0.0,1095.24,3.15,0.0,0.0,46.78,19.41,116.094
351.416,114.0008,0.0,1096.65,3.17,0.0,0.0,46.78,19.41,116.152
351.656,113.7549,0.0,1098.77,3.19,0.0,0.0,46.78,19.41,116.21
351.656,113.7549,0.0,1098.77,3.19,0.0,0.0,46.78,19.41,116.24
351.896,113.5084,0.0,1100.89,3.21,0.0,0.0,46.78,19.41,116.297
351.976,113.4261,0.0,1101.6,3.22,0.0,0.0,46.78,19.41,116.356
352.056,113.3438,0.0,1102.31,3.23,0.0,0.0,46.78,19.41,116.385
352.216,113.0964,0.0,1104.43,3.25,0.0,0.0,46.78,19.41,116.472
352.456,112.9312,0.0,1105.85,3.27,0.0,0.0,46.78,19.41,116.53
352.696,112.683,0.0,1107.97,3.29,0.0,0.0,46.78,19.41,116.588
352.696,112.683,0.0,1107.97,3.29,0.0,0.0,46.78,19.41,116.617
352.936,112.4341,0.0,1110.1,3.31,0.0,0.0,46.78,19.41,116.675
353.016,112.3511,0.0,1110.81,3.32,0.0,0.0,46.78,19.41,116.734
353.176,112.1848,0.0,1112.22,3.34,0.0,0.0,46.78,19.41,116.792
353.256,112.1015,0.0,1112.93,3.35,0.0,0.0,46.78,19.41,116.821
353.496,111.8514,0.0,1115.06,3.37,0.0,0.0,46.78,19.41,116.879
353.496,111.8514,0.0,1115.06,3.37,0.0,0.0,46.78,19.41,116.908
353.736,111.6008,0.0,1117.19,3.39,0.0,0.0,46.78,19.41,116.995
353.896,111.4334,0.0,1118.6,3.41,0.0,0.0,46.78,19.42,117.054
354.056,111.2658,0.0,1120.02,3.43,0.0,0.0,46.79,19.42,117.112
354.216,111.0979,0.0,1121.44,3.44,0.0,0.0,46.79,19.42,117.17
354.296,111.0139,0.0,1122.15,3.45,0.0,0.0,46.79,19.42,117.199
354.456,110.8457,0.0,1123.57,3.47,0.0,0.0,46.79,19.42,117.257
354.696,110.5928,0.0,1125.7,3.49,0.0,0.0,46.79,19.42,117.315
354.696,110.5928,0.0,1125.7,3.49,0.0,0.0,46.79,19.42,117.345
354.936,110.3395,0.0,1127.83,3.51,0.0,0.0,46.79,19.42,117.403
355.016,110.2549,0.0,1128.54,3.52,0.0,0.0,46.79,19.42,117.461
355.176,110.0856,0.0,1129.97,3.54,0.0,0.0,46.79,19.42,117.519
355.256,110.0008,0.0,1130.68,3.55,0.0,0.0,46.79,19.42,117.548
355.416,109.8311,0.0,1132.1,3.56,0.0,0.0,46.79,19.42,117.607
355.656,109.5762,0.0,1134.23,3.58,0.0,0.0,46.79,19.42,117.664
355.656,109.5762,0.0,1134.23,3.58,0.0,0.0,46.79,19.42,117.694
355.816,109.4059,0.0,1135.65,3.59,0.0,0.0,46.79,19.42,117.752
355.976,109.2353,0.0,1137.08,3.61,0.0,0.0,46.79,19.42,117.811
356.136,109.0645,0.0,1138.5,3.62,0.0,0.0,46.79,19.42,117.869
356.216,108.9791,0.0,1139.21,3.63,0.0,0.0,46.79,19.42,117.898
356.376,108.8079,0.0,1140.64,3.64,0.0,0.0,46.79,19.42,117.956
356.616,108.5508,0.0,1142.77,3.66,0.0,0.0,46.79,19.42,118.014
356.616,108.5508,0.0,1142.77,3.66,0.0,0.0,46.79,19.42,118.044
356.856,108.293,0.0,1144.91,3.68,0.0,0.0,46.79,19.43,118.101
356.936,108.207,0.0,1145.62,3.68,0.0,0.0,46.79,19.43,118.161
357.096,108.0348,0.0,1147.04,3.7,0.0,0.0,46.79,19.43,118.219
357.176,107.8623,0.0,1148.47,3.71,0.0,0.0,46.79,19.43,118.277
357.416,107.6896,0.0,1149.9,3.72,0.0,0.0,46.79,19.43,118.306
357.496,107.6031,0.0,1150.61,3.73,0.0,0.0,46.79,19.43,118.365
357.656,107.4301,0.0,1152.03,3.74,0.0,0.0,46.79,19.43,118.423
357.896,107.17,0.0,1154.17,3.76,0.0,0.0,46.8,19.43,118.481
357.896,107.17,0.0,1154.17,3.76,0.0,0.0,46.8,19.43,118.511
358.056,106.9963,0.0,1155.6,3.77,0.0,0.0,46.8,19.43,118.569
358.216,106.8224,0.0,1157.03,3.78,0.0,0.0,46.8,19.43,118.627
358.376,106.6482,0.0,1158.45,3.79,0.0,0.0,46.8,19.43,118.686
358.616,106.3865,0.0,1160.6,3.81,0.0,0.0,46.8,19.43,118.743
358.616,106.3865,0.0,1160.6,3.81,0.0,0.0,46.8,19.43,118.773
358.856,106.0367,0.0,1163.45,3.83,0.0,0.0,46.8,19.43,118.831
358.856,106.0367,0.0,1163.45,3.83,0.0,0.0,46.8,19.43,118.89
359.176,105.7737,0.0,1165.6,3.85,0.0,0.0,46.8,19.43,118.948
359.256,105.6859,0.0,1166.31,3.85,0.0,0.0,46.8,19.43,119.007
359.336,105.5981,0.0,1167.03,3.86,0.0,0.0,46.8,19.43,119.036
359.416,105.4222,0.0,1168.45,3.87,0.0,0.0,46.8,19.43,119.095
359.656,105.2461,0.0,1169.88,3.88,0.0,0.0,46.8,19.43,119.153
359.896,104.9815,0.0,1172.03,3.9,0.0,0.0,46.8,19.43,119.211
359.976,104.8932,0.0,1172.74,3.9,0.0,0.0,46.8,19.43,119.27
360.136,104.7163,0.0,1174.17,3.91,0.0,0.0,46.8,19.43,119.299
360.216,104.6278,0.0,1174.89,3.92,0.0,0.0,46.8,19.43,119.358
360.376,104.4506,0.0,1176.32,3.93,0.0,0.0,46.8,19.43,119.416
360.456,104.3619,0.0,1177.04,3.93,0.0,0.0,46.8,19.43,119.446
360.616,104.1844,0.0,1178.47,3.94,0.0,0.0,46.8,19.43,119.504
360.776,104.0066,0.0,1179.9,3.95,0.0,0.0,46.8,19.44,119.563
360.856,103.9176,0.0,1180.62,3.96,0.0,0.0,46.8,19.44,119.592
361.016,103.7394,0.0,1182.05,3.97,0.0,0.0,46.8,19.44,119.651
361.176,103.561,0.0,1183.48,3.98,0.0,0.0,46.8,19.44,119.709
361.416,103.2929,0.0,1185.63,3.99,0.0,0.0,46.8,19.44,119.767
361.496,103.2034,0.0,1186.34,4.0,0.0,0.0,46.8,19.44,119.826
361.656,103.0243,0.0,1187.78,4.0,0.0,0.0,46.8,19.44,119.885
361.736,102.9346,0.0,1188.49,4.01,0.0,0.0,46.8,19.44,119.914
361.896,102.7551,0.0,1189.93,4.02,0.0,0.0,46.8,19.44,119.973
361.976,102.6653,0.0,1190.65,4.02,0.0,0.0,46.8,19.44,120.002
362.136,102.4854,0.0,1192.08,4.03,0.0,0.0,46.8,19.44,120.06
362.376,102.2152,0.0,1194.23,4.05,0.0,0.0,46.8,19.44,120.118
362.376,102.2152,0.0,1194.23,4.05,0.0,0.0,46.8,19.44,120.148
362.616,101.9444,0.0,1196.38,4.06,0.0,0.0,46.8,19.44,120.206
362.696,101.854,0.0,1197.1,4.07,0.0,0.0,46.8,19.44,120.265
362.856,101.673,0.0,1198.54,4.08,0.0,0.0,46.8,19.44,120.324
363.016,101.4918,0.0,1199.97,4.09,0.0,0.0,46.8,19.44,120.383
363.176,101.3104,0.0,1201.41,4.09,0.0,0.0,46.8,19.44,120.441
363.256,101.2196,0.0,1202.12,4.1,0.0,0.0,46.8,19.44,120.471
363.416,101.0377,0.0,1203.56,4.11,0.0,0.0,46.8,19.44,120.529
363.656,100.7646,0.0,1205.71,4.12,0.0,0.0,46.8,19.44,120.587
363.656,100.7646,0.0,1205.71,4.12,0.0,0.0,46.8,19.44,120.617
363.896,100.4909,0.0,1207.87,4.14,0.0,0.0,46.8,19.44,120.675
363.976,100.3995,0.0,1208.59,4.14,0.0,0.0,46.8,19.44,120.735
364.136,100.2166,0.0,1210.03,4.15,0.0,0.0,46.8,19.44,120.793
364.216,100.0335,0.0,1211.46,4.16,0.0,0.0,46.8,19.44,120.852
364.456,99.8501,0.0,1212.9,4.17,0.0,0.0,46.8,19.44,120.911
364.536,99.7583,0.0,1213.62,4.18,0.0,0.0,46.8,19.44,120.94
364.696,99.5745,0.0,1215.06,4.19,0.0,0.0,46.8,19.44,120.999
364.856,99.3905,0.0,1216.5,4.2,0.0,0.0,46.8,19.44,121.057
365.096,99.1141,0.0,1218.65,4.21,0.0,0.0,46.8,19.44,121.115
365.096,99.0218,0.0,1219.37,4.22,0.0,0.0,46.8,19.44,121.175
365.256,98.9295,0.0,1220.09,4.22,0.001,0.0,46.8,19.44,121.204
365.496,98.6521,0.0,1222.25,4.24,0.001,0.0,46.79,19.44,121.292
365.576,98.5596,0.0,1222.97,4.24,0.001,0.0,46.79,19.44,121.322
365.816,98.2815,0.0,1225.13,4.25,0.001,0.0,46.79,19.44,121.41
365.976,98.0029,0.0,1227.29,4.27,0.001,0.0,46.79,19.44,121.438
365.976,98.0029,0.0,1227.29,4.27,0.001,0.0,46.79,19.44,121.498
366.216,97.8168,0.0,1228.73,4.28,0.001,0.0,46.79,19.44,121.557
366.296,97.6305,0.0,1230.17,4.29,0.001,0.0,46.79,19.44,121.615
366.536,97.444,0.0,1231.61,4.3,0.001,0.0,46.79,19.44,121.674
366.776,97.1637,0.0,1233.78,4.31,0.001,0.0,46.79,19.44,121.732
366.856,97.0701,0.0,1234.5,4.32,0.001,0.0,46.79,19.44,121.792
367.016,96.8829,0.0,1235.94,4.33,0.001,0.0,46.78,19.44,121.82
367.096,96.7891,0.0,1236.66,4.33,0.001,0.0,46.78,19.44,121.88
367.336,96.5076,0.0,1238.82,4.34,0.001,0.0,46.78,19.44,121.938
367.416,96.4136,0.0,1239.54,4.35,0.001,0.0,46.78,19.43,121.998
367.576,96.2255,0.0,1240.98,4.36,0.001,0.0,46.78,19.43,122.056
367.656,96.1314,0.0,1241.71,4.36,0.001,0.0,46.78,19.43,122.086
367.816,95.9429,0.0,1243.15,4.37,0.001,0.0,46.78,19.43,122.145
368.056,95.6597,0.0,1245.31,4.39,0.001,0.0,46.77,19.43,122.203
368.056,95.6597,0.0,1245.31,4.39,0.001,0.0,46.77,19.43,122.233
368.296,95.376,0.0,1247.48,4.4,0.001,0.0,46.77,19.43,122.291
368.376,95.2813,0.0,1248.2,4.4,0.001,0.0,46.77,19.43,122.351
368.536,95.0917,0.0,1249.64,4.41,0.001,0.0,46.77,19.43,122.41
368.616,94.9968,0.0,1250.36,4.42,0.001,0.0,46.77,19.43,122.439
368.776,94.8069,0.0,1251.81,4.43,0.001,0.0,46.77,19.43,122.498
368.936,94.6167,0.0,1253.25,4.43,0.001,0.0,46.76,19.43,122.557
369.096,94.4262,0.0,1254.7,4.44,0.001,0.0,46.76,19.43,122.616
369.336,94.1401,0.0,1256.86,4.46,0.001,0.0,46.76,19.43,122.674
369.336,94.1401,0.0,1256.86,4.46,0.001,0.0,46.76,19.43,122.704
369.576,93.8535,0.0,1259.03,4.47,0.001,0.0,46.75,19.42,122.792
369.656,93.7578,0.0,1259.75,4.47,0.001,0.0,46.75,19.42,122.822
369.816,93.5663,0.0,1261.2,4.48,0.001,0.0,46.75,19.42,122.851
369.896,93.4704,0.0,1261.92,4.48,0.001,0.0,46.75,19.42,122.91
370.056,93.2786,0.0,1263.37,4.49,0.001,0.0,46.74,19.42,122.969
370.296,92.9903,0.0,1265.53,4.51,0.002,0.0,46.74,19.42,123.027
370.376,92.8941,0.0,1266.26,4.51,0.002,0.0,46.74,19.42,123.087
370.536,92.7014,0.0,1267.7,4.52,0.002,0.0,46.73,19.42,123.116
370.616,92.605,0.0,1268.43,4.52,0.002,0.0,46.73,19.42,123.176
370.776,92.4121,0.0,1269.87,4.53,0.002,0.0,46.73,19.41,123.235
370.856,92.3155,0.0,1270.6,4.53,0.002,0.0,46.72,19.41,123.264
371.016,92.1221,0.0,1272.04,4.54,0.002,0.0,46.72,19.41,123.323
371.256,91.8317,0.0,1274.21,4.55,0.002,0.0,46.71,19.41,123.382
371.256,91.8317,0.0,1274.21,4.55,0.002,0.0,46.71,19.41,123.412
371.496,91.5406,0.0,1276.38,4.56,0.002,0.0,46.71,19.41,123.471
371.576,91.4435,0.0,1277.11,4.56,0.002,0.0,46.7,19.4,123.53
371.816,91.1518,0.0,1279.28,4.57,0.002,0.0,46.7,19.4,123.589
371.816,91.1518,0.0,1279.28,4.57,0.002,0.0,46.7,19.4,123.618
372.056,90.8595,0.0,1281.45,4.58,0.002,0.0,46.69,19.4,123.676
372.136,90.7619,0.0,1282.17,4.59,0.002,0.0,46.69,19.4,123.736
372.296,90.5666,0.0,1283.62,4.59,0.002,0.0,46.68,19.39,123.795
372.376,90.4689,0.0,1284.34,4.6,0.003,0.0,46.68,19.39,123.825
372.536,90.2732,0.0,1285.79,4.6,0.003,0.0,46.67,19.39,123.884
372.776,89.9793,0.0,1287.96,4.61,0.003,0.0,46.66,19.39,123.942
372.856,89.8812,0.0,1288.69,4.61,0.003,0.0,46.66,19.39,124.002
373.016,89.6848,0.0,1290.13,4.62,0.003,0.0,46.65,19.38,124.061
373.256,89.3898,0.0,1292.31,4.63,0.003,0.0,46.64,19.38,124.12
373.256,89.3898,0.0,1292.31,4.63,0.003,0.0,46.64,19.38,124.15
373.576,88.9956,0.0,1295.2,4.64,0.003,0.0,46.62,19.37,124.208
373.576,88.9956,0.0,1295.2,4.64,0.003,0.0,46.62,19.37,124.268
373.736,88.7981,0.0,1296.65,4.64,0.003,0.0,46.62,19.37,124.327
374.056,88.4024,0.0,1299.55,4.65,0.004,0.0,46.6,19.36,124.415
374.056,88.4024,0.0,1299.55,4.65,0.004,0.0,46.6,19.36,124.445
374.216,88.105,0.0,1301.72,4.66,0.004,0.0,46.59,19.36,124.534
374.376,88.0058,0.0,1302.45,4.66,0.004,0.0,46.58,19.35,124.563
374.536,87.8071,0.0,1303.9,4.66,0.004,0.0,46.57,19.35,124.623
374.776,87.5086,0.0,1306.07,4.67,0.004,0.0,46.56,19.34,124.681
374.776,87.5086,0.0,1306.07,4.67,0.004,0.0,46.56,19.34,124.711
375.096,87.1098,0.0,1308.97,4.68,0.005,0.0,46.54,19.34,124.77
375.096,87.1098,0.0,1308.97,4.68,0.005,0.0,46.54,19.34,124.83
375.336,86.81,0.0,1311.14,4.68,0.005,0.0,46.52,19.33,124.889
375.416,86.7099,0.0,1311.87,4.68,0.005,0.0,46.51,19.33,124.948
375.496,86.6098,0.0,1312.59,4.69,0.005,0.0,46.51,19.32,124.978
375.656,86.4095,0.0,1314.04,4.69,0.005,0.0,46.49,19.32,125.037
375.816,86.2088,0.0,1315.49,4.69,0.006,0.0,46.48,19.31,125.096
376.056,85.9074,0.0,1317.67,4.7,0.006,0.0,46.46,19.31,125.155
376.056,85.9074,0.0,1317.67,4.7,0.006,0.0,46.46,19.31,125.185
376.296,85.6055,0.0,1319.84,4.7,0.006,0.0,46.44,19.3,125.243
376.376,85.5047,0.0,1320.56,4.7,0.006,0.0,46.43,19.29,125.303
376.616,85.202,0.0,1322.74,4.71,0.007,0.0,46.41,19.28,125.392
376.696,85.101,0.0,1323.46,4.71,0.007,0.0,46.4,19.28,125.422
376.856,84.8988,0.0,1324.91,4.71,0.007,0.0,46.39,19.27,125.481
376.936,84.7976,0.0,1325.64,4.71,0.007,0.0,46.38,19.27,125.511
377.096,84.595,0.0,1327.09,4.72,0.007,0.0,46.36,19.26,125.57
377.256,84.3922,0.0,1328.53,4.72,0.008,0.0,46.35,19.26,125.629
377.336,84.2907,0.0,1329.26,4.72,0.008,0.0,46.34,19.25,125.659
377.576,83.9858,0.0,1331.43,4.72,0.008,0.0,46.31,19.24,125.717
377.656,83.8841,0.0,1332.16,4.72,0.008,0.0,46.3,19.24,125.777
377.736,83.7823,0.0,1332.88,4.72,0.008,0.0,46.29,19.23,125.807
377.896,83.5785,0.0,1334.33,4.72,0.009,0.0,46.27,19.23,125.866
378.136,83.2724,0.0,1336.5,4.72,0.009,0.0,46.24,19.21,125.925
378.216,83.1702,0.0,1337.23,4.72,0.009,0.0,46.23,19.21,125.985
378.296,83.068,0.0,1337.95,4.73,0.01,0.0,46.22,19.2,126.015
378.376,82.8634,0.0,1339.4,4.73,0.01,0.0,46.2,19.2,126.074
378.616,82.6585,0.0,1340.85,4.73,0.01,0.0,46.18,19.19,126.133
378.856,82.3507,0.0,1343.02,4.73,0.011,0.0,46.14,19.17,126.193
378.936,82.248,0.0,1343.74,4.73,0.011,0.0,46.13,19.17,126.252
379.096,82.0424,0.0,1345.19,4.72,0.011,0.0,46.11,19.16,126.281
379.176,81.9395,0.0,1345.91,4.72,0.012,0.0,46.09,19.15,126.341
379.336,81.7335,0.0,1347.36,4.72,0.012,0.0,46.07,19.14,126.4
379.576,81.4241,0.0,1349.53,4.72,0.013,0.0,46.03,19.12,126.459
379.656,81.3209,0.0,1350.25,4.72,0.013,0.0,46.01,19.12,126.519
379.816,81.1142,0.0,1351.7,4.72,0.013,0.0,45.99,19.1,126.549
379.896,81.0107,0.0,1352.42,4.72,0.014,0.0,45.97,19.1,126.608
380.056,80.8037,0.0,1353.87,4.72,0.014,0.0,45.94,19.09,126.667
380.136,80.7001,0.0,1354.59,4.72,0.014,0.0,45.93,19.08,126.697
380.296,80.4927,0.0,1356.04,4.72,0.015,0.0,45.9,19.07,126.756
380.536,80.1811,0.0,1358.21,4.72,0.016,0.0,45.85,19.05,126.815
380.536,80.1811,0.0,1358.21,4.72,0.016,0.0,45.85,19.05,126.846
380.856,79.7648,0.0,1361.09,4.71,0.017,0.0,45.78,19.02,126.935
380.856,79.7648,0.0,1361.09,4.71,0.017,0.0,45.78,19.02,126.964
381.096,79.4519,0.0,1363.26,4.71,0.018,0.0,45.73,18.99,127.053
381.336,79.1386,0.0,1365.43,4.71,0.018,0.0,45.67,18.97,127.112
381.336,79.1386,0.0,1365.43,4.71,0.018,0.0,45.67,18.97,127.143
381.576,78.8246,0.0,1367.59,4.71,0.019,0.0,45.61,18.94,127.201
381.656,78.7199,0.0,1368.31,4.7,0.02,0.0,45.59,18.93,127.262
381.816,78.5101,0.0,1369.76,4.7,0.02,0.0,45.55,18.92,127.29
381.896,78.4052,0.0,1370.48,4.7,0.021,0.0,45.53,18.91,127.351
382.056,78.1951,0.0,1371.92,4.7,0.022,0.0,45.49,18.89,127.41
382.136,78.09,0.0,1372.64,4.7,0.022,0.0,45.47,18.88,127.44
382.376,77.7742,0.0,1374.8,4.7,0.023,0.0,45.4,18.85,127.529
382.456,77.6689,0.0,1375.52,4.7,0.023,0.0,45.38,18.84,127.559
382.616,77.458,0.0,1376.96,4.7,0.024,0.0,45.34,18.82,127.618
382.776,77.2468,0.0,1378.4,4.69,0.025,0.0,45.29,18.8,127.647
382.776,77.2468,0.0,1378.4,4.69,0.025,0.0,45.29,18.8,127.678
383.096,76.8238,0.0,1381.28,4.69,0.027,0.0,45.19,18.75,127.767
383.176,76.7179,0.0,1382.0,4.69,0.027,0.0,45.17,18.74,127.826
383.256,76.6119,0.0,1382.72,4.69,0.028,0.0,45.14,18.73,127.856
383.336,76.3998,0.0,1384.16,4.69,0.029,0.0,45.09,18.71,127.916
383.576,76.1874,0.0,1385.59,4.69,0.03,0.0,45.04,18.68,127.975
383.656,76.0811,0.0,1386.31,4.69,0.03,0.0,45.01,18.67,128.005
383.816,75.762,0.0,1388.47,4.69,0.032,0.0,44.93,18.63,128.094
384.056,75.5489,0.0,1389.9,4.69,0.033,0.0,44.87,18.6,128.123
384.136,75.4423,0.0,1390.62,4.69,0.034,0.0,44.84,18.59,128.183
384.296,75.2288,0.0,1392.06,4.69,0.035,0.0,44.79,18.56,128.243
384.376,75.122,0.0,1392.77,4.69,0.035,0.0,44.76,18.55,128.273
384.536,74.9082,0.0,1394.21,4.69,0.037,0.0,44.7,18.52,128.332
384.776,74.5871,0.0,1396.36,4.69,0.039,0.0,44.61,18.47,128.391
384.776,74.5871,0.0,1396.36,4.69,0.039,0.0,44.61,18.47,128.422
385.016,74.2654,0.0,1398.5,4.69,0.041,0.0,44.51,18.42,128.48
385.096,74.158,0.0,1399.22,4.69,0.041,0.0,44.48,18.41,128.541
385.336,73.8356,0.0,1401.37,4.69,0.044,0.0,44.38,18.36,128.599
385.416,73.728,0.0,1402.08,4.69,0.044,0.0,44.35,18.34,128.66
385.576,73.5127,0.0,1403.51,4.69,0.046,0.0,44.28,18.3,128.719
385.656,73.4049,0.0,1404.22,4.69,0.047,0.0,44.25,18.29,128.749
385.816,73.1892,0.0,1405.65,4.69,0.048,0.0,44.18,18.25,128.809
385.976,72.9732,0.0,1407.08,4.69,0.05,0.0,44.11,18.21,128.868
386.056,72.8652,0.0,1407.79,4.69,0.051,0.0,44.08,18.19,128.898
386.296,72.5406,0.0,1409.93,4.69,0.054,0.0,43.97,18.13,128.957
386.376,72.4323,0.0,1410.64,4.69,0.055,0.0,43.93,18.11,129.017
386.536,72.2155,0.0,1412.06,4.69,0.056,0.0,43.86,18.07,129.046
386.616,72.107,0.0,1412.77,4.69,0.057,0.0,43.83,18.05,129.106
386.856,71.7812,0.0,1414.91,4.69,0.06,0.0,43.71,17.99,129.166
387.016,71.5637,0.0,1416.33,4.69,0.063,0.0,43.64,17.94,129.225
387.016,71.4549,0.0,1417.03,4.69,0.064,0.0,43.6,17.92,129.285
387.176,71.346,0.0,1417.74,4.69,0.065,0.0,43.56,17.89,129.315
387.336,71.128,0.0,1419.16,4.69,0.067,0.0,43.48,17.85,129.375
387.496,70.9098,0.0,1420.57,4.69,0.069,0.0,43.41,17.8,129.434
387.576,70.8006,0.0,1421.28,4.69,0.071,0.0,43.37,17.77,129.464
387.736,70.582,0.0,1422.69,4.69,0.073,0.0,43.29,17.72,129.523
387.896,70.3632,0.0,1424.1,4.69,0.076,0.0,43.21,17.67,129.583
388.056,70.1442,0.0,1425.51,4.7,0.078,0.0,43.13,17.62,129.612
388.136,70.0346,0.0,1426.21,4.7,0.08,0.0,43.09,17.59,129.672
388.296,69.8152,0.0,1427.62,4.7,0.082,0.0,43.0,17.53,129.732
388.376,69.7054,0.0,1428.32,4.7,0.084,0.0,42.96,17.5,129.762
388.536,69.4857,0.0,1429.72,4.7,0.087,0.0,42.88,17.45,129.821
388.616,69.3757,0.0,1430.42,4.7,0.088,0.0,42.84,17.42,129.851
388.696,69.1556,0.0,1431.82,4.7,0.091,0.0,42.75,17.35,129.911
389.096,68.7147,0.0,1434.61,4.71,0.098,0.0,42.58,17.23,130.0
389.096,68.7147,0.0,1434.61,4.71,0.098,0.0,42.58,17.23,130.03
389.336,68.3834,0.0,1436.7,4.71,0.103,0.0,42.46,17.13,130.089
389.416,68.2729,0.0,1437.39,4.71,0.105,0.0,42.41,17.09,130.149
389.576,68.0516,0.0,1438.78,4.71,0.108,0.0,42.33,17.02,130.209
389.656,67.9409,0.0,1439.47,4.71,0.11,0.0,42.28,16.98,130.238
389.896,67.6084,0.0,1441.54,4.71,0.116,0.0,42.15,16.87,130.328
390.056,67.3864,0.0,1442.92,4.72,0.12,0.0,42.06,16.8,130.357
390.136,67.2753,0.0,1443.6,4.72,0.122,0.0,42.02,16.76,130.417
390.376,66.9418,0.0,1445.66,4.72,0.128,0.0,41.89,16.63,130.477
390.376,66.9418,0.0,1445.66,4.72,0.128,0.0,41.89,16.63,130.507
390.536,66.7191,0.0,1447.03,4.72,0.132,0.0,41.8,16.55,130.566
390.616,66.6077,0.0,1447.71,4.72,0.135,0.0,41.76,16.51,130.596
390.856,66.2731,0.0,1449.75,4.72,0.142,0.0,41.63,16.37,130.685
390.936,66.1615,0.0,1450.43,4.72,0.144,0.0,41.58,16.33,130.715
391.096,65.938,0.0,1451.79,4.72,0.149,0.0,41.5,16.23,130.775
391.176,65.7143,0.0,1453.14,4.72,0.154,0.0,41.41,16.14,130.834
391.336,65.6024,0.0,1453.81,4.72,0.156,0.0,41.37,16.09,130.864
391.576,65.2663,0.0,1455.83,4.72,0.164,0.0,41.24,15.94,130.923
391.576,65.1541,0.0,1456.5,4.72,0.167,0.0,41.2,15.88,130.983
391.736,65.0419,0.0,1457.17,4.72,0.17,0.0,41.16,15.83,131.013
391.896,64.8173,0.0,1458.51,4.72,0.175,0.0,41.08,15.72,131.072
392.136,64.48,0.0,1460.51,4.72,0.184,0.0,40.95,15.55,131.132
392.136,64.48,0.0,1460.51,4.72,0.184,0.0,40.95,15.55,131.162
392.376,64.1422,0.0,1462.49,4.72,0.193,0.0,40.83,15.38,131.22
392.456,64.0295,0.0,1463.15,4.72,0.196,0.0,40.8,15.32,131.281
392.616,63.8039,0.0,1464.47,4.72,0.202,0.0,40.72,15.19,131.34
392.856,63.4651,0.0,1466.44,4.72,0.212,0.0,40.61,15.0,131.399
392.856,63.4651,0.0,1466.44,4.72,0.212,0.0,40.61,15.0,131.429
393.096,63.1257,0.0,1468.39,4.71,0.222,0.0,40.5,14.8,131.518
393.176,63.0125,0.0,1469.04,4.71,0.225,0.0,40.47,14.73,131.548
393.336,62.7859,0.0,1470.34,4.71,0.233,0.0,40.4,14.59,131.608
393.416,62.5591,0.0,1471.63,4.71,0.24,0.0,40.34,14.44,131.667
393.656,62.3321,0.0,1472.91,4.71,0.248,0.0,40.28,14.29,131.726
393.896,61.9911,0.0,1474.83,4.71,0.259,0.0,40.19,14.05,131.785
393.896,61.9911,0.0,1474.83,4.71,0.259,0.0,40.19,14.05,131.816
394.136,61.6496,0.0,1476.73,4.7,0.272,0.0,40.11,13.81,131.875
394.136,61.6496,0.0,1476.73,4.7,0.272,0.0,40.11,13.81,131.905
394.376,61.3077,0.0,1478.62,4.7,0.285,0.0,40.04,13.55,131.994
394.456,61.1936,0.0,1479.25,4.7,0.289,0.0,40.02,13.47,132.023
394.536,61.0795,0.0,1479.87,4.7,0.294,0.0,40.0,13.38,132.053
394.856,60.6224,0.0,1482.36,4.7,0.312,0.0,39.93,13.01,132.141
394.856,60.6224,0.0,1482.36,4.7,0.312,0.0,39.93,13.01,132.172
395.016,60.3935,0.0,1483.59,4.7,0.322,0.0,39.9,12.81,132.231
395.176,60.1644,0.0,1484.82,4.69,0.332,0.0,39.88,12.61,132.29
395.336,59.9352,0.0,1486.04,4.69,0.342,0.0,39.86,12.41,132.349
395.416,59.8204,0.0,1486.65,4.69,0.347,0.0,39.85,12.3,132.379
395.576,59.5908,0.0,1487.85,4.69,0.358,0.0,39.84,12.09,132.438
395.816,59.246,0.0,1489.65,4.69,0.375,0.0,39.83,11.75,132.497
395.816,59.246,0.0,1489.65,4.69,0.375,0.0,39.83,11.75,132.527
396.056,58.9008,0.0,1491.44,4.68,0.392,0.0,39.83,11.41,132.585
396.136,58.7856,0.0,1492.02,4.68,0.398,0.0,39.84,11.29,132.645
396.296,58.5551,0.0,1493.2,4.68,0.41,0.0,39.85,11.04,132.675
396.456,58.3244,0.0,1494.36,4.68,0.422,0.0,39.87,10.79,132.763
396.616,58.0934,0.0,1495.52,4.68,0.435,0.0,39.9,10.53,132.793
396.776,57.8623,0.0,1496.67,4.67,0.448,0.0,39.93,10.26,132.851
396.856,57.7467,0.0,1497.24,4.67,0.455,0.0,39.95,10.12,132.911
396.936,57.631,0.0,1497.81,4.67,0.462,0.0,39.97,9.99,132.941
397.016,57.3995,0.0,1498.94,4.67,0.476,0.0,40.01,9.7,133.0
397.256,57.1677,0.0,1500.06,4.67,0.49,0.0,40.06,9.41,133.059
397.336,57.0518,0.0,1500.61,4.67,0.498,0.0,40.09,9.26,133.088
397.576,56.7037,0.0,1502.26,4.67,0.52,0.0,40.18,8.8,133.176
397.656,56.5876,0.0,1502.81,4.67,0.528,0.0,40.21,8.64,133.206
397.816,56.3552,0.0,1503.89,4.66,0.544,0.0,40.28,8.32,133.265
397.896,56.2389,0.0,1504.43,4.66,0.552,0.0,40.32,8.15,133.294
398.056,56.0062,0.0,1505.5,4.66,0.569,0.0,40.4,7.81,133.353
398.296,55.6569,0.0,1507.07,4.66,0.595,0.0,40.53,7.29,133.411
398.296,55.5403,0.0,1507.59,4.66,0.604,0.0,40.57,7.11,133.47
398.536,55.3071,0.0,1508.62,4.66,0.622,0.0,40.67,6.74,133.499
398.696,54.9569,0.0,1510.15,4.66,0.65,0.0,40.82,6.16,133.557
398.696,54.9569,0.0,1510.15,4.66,0.65,0.0,40.82,6.16,133.617
399.096,54.4893,0.0,1512.13,4.66,0.69,0.0,41.03,5.35,133.704
399.096,54.4893,0.0,1512.13,4.66,0.69,0.0,41.03,5.35,133.734
399.336,54.1382,0.0,1513.59,4.65,0.721,0.0,41.2,4.71,133.821
399.416,54.021,0.0,1514.06,4.65,0.732,0.0,41.26,4.5,133.851
399.496,53.7867,0.0,1515.01,4.65,0.754,0.0,41.37,4.05,133.909
399.656,53.5521,0.0,1515.94,4.66,0.777,0.0,41.49,3.59,133.967
399.896,53.3174,0.0,1516.85,4.66,0.801,0.0,41.6,3.11,134.025
399.976,53.1999,0.0,1517.3,4.66,0.813,0.0,41.66,2.87,134.055
400.136,52.9649,0.0,1518.19,4.66,0.838,0.0,41.78,2.37,134.113
400.376,52.6122,0.0,1519.5,4.66,0.877,0.0,41.95,1.6,134.17
400.376,52.6122,0.0,1519.5,4.66,0.877,0.0,41.95,1.6,134.2
400.536,52.3768,0.0,1520.35,4.66,0.904,0.0,42.06,1.06,134.258
400.616,52.1412,0.0,1521.18,4.66,0.932,0.0,42.16,0.51,134.316
400.776,52.0234,0.0,1521.59,4.67,0.947,0.0,42.22,0.23,134.345
400.856,51.7876,0.0,1522.39,4.67,0.976,0.0,42.31,-0.35,134.403
401.096,51.5517,0.0,1523.18,4.67,1.006,0.0,42.41,-0.94,134.46
401.336,51.1975,0.0,1524.32,4.67,1.053,0.0,42.53,-1.87,134.518
401.336,51.1975,0.0,1524.32,4.67,1.053,0.0,42.53,-1.87,134.547
401.576,50.843,0.0,1525.41,4.68,1.103,0.0,42.64,-2.83,134.604
401.656,50.7248,0.0,1525.77,4.68,1.12,0.0,42.67,-3.16,134.662
401.816,50.4882,0.0,1526.46,4.68,1.155,0.0,42.72,-3.84,134.719
401.896,50.2515,0.0,1527.13,4.68,1.191,0.0,42.76,-4.54,134.777
402.136,50.0146,0.0,1527.77,4.69,1.229,0.0,42.79,-5.26,134.834
402.216,49.8962,0.0,1528.08,4.69,1.248,0.0,42.79,-5.63,134.862
402.376,49.6591,0.0,1528.69,4.69,1.287,0.0,42.8,-6.38,134.919
402.536,49.4219,0.0,1529.26,4.69,1.328,0.0,42.79,-7.15,134.976
402.776,49.066,0.0,1530.08,4.7,1.391,0.0,42.75,-8.36,135.033
402.776,49.066,0.0,1530.08,4.7,1.391,0.0,42.75,-8.36,135.062
402.936,48.8285,0.0,1530.58,4.7,1.435,0.0,42.7,-9.19,135.118
403.016,48.7097,0.0,1530.82,4.7,1.458,0.0,42.67,-9.61,135.147
403.096,48.4721,0.0,1531.28,4.71,1.504,0.0,42.59,-10.48,135.203
403.336,48.2344,0.0,1531.7,4.71,1.552,0.0,42.5,-11.38,135.26
403.496,47.9966,0.0,1532.09,4.72,1.602,0.0,42.39,-12.3,135.287
403.656,47.7587,0.0,1532.44,4.72,1.653,0.0,42.26,-13.24,135.372
403.816,47.5207,0.0,1532.75,4.73,1.706,0.0,42.12,-14.22,135.428
403.896,47.4016,0.0,1532.89,4.73,1.734,0.0,42.04,-14.72,135.456
404.056,47.1635,0.0,1533.14,4.73,1.79,0.0,41.87,-15.73,135.512
404.296,46.8062,0.0,1533.43,4.74,1.878,0.0,41.59,-17.31,135.568
404.296,46.8062,0.0,1533.43,4.74,1.878,0.0,41.59,-17.31,135.596
404.536,46.4487,0.0,1533.61,4.75,1.971,0.0,41.27,-18.96,135.651
404.616,46.3296,0.0,1533.65,4.75,2.003,0.0,41.16,-19.53,135.707
404.776,46.0912,0.0,1533.68,4.76,2.068,0.0,40.93,-20.68,135.762
404.936,45.8527,0.0,1533.66,4.76,2.136,0.0,40.69,-21.87,135.817
405.096,45.6143,0.0,1533.58,4.77,2.206,0.0,40.44,-23.09,135.872
405.176,45.3758,0.0,1533.44,4.77,2.279,0.0,40.19,-24.34,135.927
405.336,45.2565,0.0,1533.35,4.77,2.316,0.0,40.06,-24.98,135.954
405.576,44.8987,0.0,1532.98,4.78,2.432,0.0,39.69,-26.95,136.008
405.576,44.8987,0.0,1532.98,4.78,2.432,0.0,39.69,-26.95,136.036
405.816,44.541,0.0,1532.46,4.79,2.553,0.0,39.32,-29.0,136.117
405.896,44.4217,0.0,1532.26,4.79,2.594,0.0,39.2,-29.71,136.144
406.056,44.1833,0.0,1531.79,4.79,2.68,0.0,38.97,-31.14,136.198
406.136,43.9448,0.0,1531.25,4.8,2.768,0.0,38.75,-32.62,136.252
406.376,43.7064,0.0,1530.64,4.8,2.859,0.0,38.55,-34.13,136.305
406.456,43.5872,0.0,1530.31,4.81,2.906,0.0,38.46,-34.9,136.332
406.616,43.3489,0.0,1529.59,4.81,3.001,0.0,38.29,-36.47,136.385
406.856,42.9916,0.0,1528.35,4.82,3.15,0.0,38.08,-38.9,136.437
406.936,42.8725,0.0,1527.9,4.82,3.202,0.0,38.02,-39.74,136.49
407.096,42.6345,0.0,1526.94,4.82,3.307,0.0,37.93,-41.43,136.516
407.336,42.2776,0.0,1525.35,4.83,3.472,0.0,37.84,-44.05,136.594
407.336,42.2776,0.0,1525.35,4.83,3.472,0.0,37.84,-44.05,136.621
407.496,42.0398,0.0,1524.18,4.83,3.586,0.0,37.82,-45.85,136.673
407.576,41.8022,0.0,1522.93,4.83,3.704,0.0,37.82,-47.69,136.724
407.816,41.5647,0.0,1521.59,4.84,3.825,0.0,37.86,-49.58,136.775
408.056,41.2087,0.0,1519.42,4.84,4.015,0.0,37.95,-52.48,136.826
408.056,41.2087,0.0,1519.42,4.84,4.015,0.0,37.95,-52.48,136.852
408.296,40.8532,0.0,1517.05,4.84,4.213,0.0,38.09,-55.48,136.902
408.376,40.7348,0.0,1516.22,4.84,4.281,0.0,38.15,-56.5,136.952
408.616,40.3799,0.0,1513.58,4.84,4.491,0.0,38.32,-59.62,137.002
408.696,40.2617,0.0,1512.66,4.84,4.563,0.0,38.38,-60.68,137.052
408.856,40.0254,0.0,1510.75,4.85,4.71,0.0,38.5,-62.82,137.076
408.856,39.9074,0.0,1509.75,4.85,4.785,0.0,38.56,-63.91,137.125
409.176,39.436,0.0,1505.54,4.85,5.096,0.0,38.76,-68.33,137.174
409.176,39.436,0.0,1505.54,4.85,5.096,0.0,38.76,-68.33,137.222
409.416,39.2007,0.0,1503.28,4.84,5.259,0.0,38.83,-70.59,137.27
409.576,38.9656,0.0,1500.91,4.84,5.425,0.0,38.87,-72.88,137.318
409.736,38.7309,0.0,1498.44,4.84,5.596,0.0,38.88,-75.2,137.365
409.896,38.4966,0.0,1495.85,4.84,5.772,0.0,38.84,-77.53,137.388
409.896,38.3795,0.0,1494.51,4.84,5.862,0.0,38.81,-78.7,137.435
410.216,38.0288,0.0,1490.29,4.84,6.139,0.0,38.66,-82.25,137.481
410.216,37.9121,0.0,1488.82,4.84,6.234,0.0,38.58,-83.43,137.527
410.536,37.5626,0.0,1484.19,4.83,6.526,0.0,38.3,-87.0,137.572
410.536,37.5626,0.0,1484.19,4.83,6.526,0.0,38.3,-87.0,137.594
410.696,37.3302,0.0,1480.92,4.83,6.728,0.0,38.07,-89.38,137.639
410.936,36.9823,0.0,1475.71,4.82,7.04,0.0,37.66,-92.93,137.682
410.936,36.9823,0.0,1475.71,4.82,7.04,0.0,37.66,-92.93,137.704
411.176,36.6355,0.0,1470.12,4.81,7.363,0.0,37.21,-96.45,137.747
411.256,36.5202,0.0,1468.16,4.81,7.473,0.0,37.06,-97.61,137.79
411.336,36.2899,0.0,1464.12,4.81,7.697,0.0,36.75,-99.91,137.832
411.656,35.9456,0.0,1457.71,4.8,8.042,0.0,36.32,-103.3,137.874
411.736,35.8312,0.0,1455.48,4.79,8.16,0.0,36.19,-104.4,137.915
411.896,35.6027,0.0,1450.88,4.79,8.398,0.0,35.95,-106.58,137.935
411.896,35.6027,0.0,1450.88,4.79,8.398,0.0,35.95,-106.58,137.955
412.216,35.1478,0.0,1441.13,4.77,8.887,0.0,35.61,-110.78,138.014
412.216,35.1478,0.0,1441.13,4.77,8.887,0.0,35.61,-110.78,138.034
412.376,34.8084,0.0,1433.34,4.75,9.264,0.0,35.49,-113.76,138.092
412.536,34.6957,0.0,1430.66,4.75,9.392,0.0,35.48,-114.71,138.111
412.696,34.4708,0.0,1425.18,4.74,9.65,0.0,35.49,-116.56,138.148
412.776,34.2467,0.0,1419.53,4.73,9.911,0.0,35.54,-118.33,138.185
413.016,34.0233,0.0,1413.73,4.71,10.175,0.0,35.63,-120.0,138.221
413.096,33.912,0.0,1410.77,4.71,10.309,0.0,35.68,-120.81,138.238
413.176,33.8009,0.0,1407.77,4.7,10.443,0.0,35.74,-121.58,138.256
413.416,33.4688,0.0,1398.57,4.68,10.852,0.0,35.9,-123.76,138.307
413.496,33.2485,0.0,1392.26,4.67,11.13,0.0,35.99,-125.07,138.341
413.736,33.0291,0.0,1385.79,4.65,11.411,0.0,36.04,-126.27,138.373
413.816,32.9198,0.0,1382.5,4.64,11.552,0.0,36.05,-126.82,138.389
413.976,32.7018,0.0,1375.8,4.63,11.839,0.0,36.02,-127.84,138.421
414.056,32.5932,0.0,1372.38,4.62,11.983,0.0,35.98,-128.3,138.436
414.376,32.0539,0.0,1354.6,4.58,12.715,0.0,35.48,-130.08,138.482
414.376,32.0539,0.0,1354.6,4.58,12.715,0.0,35.48,-130.08,138.511
414.696,31.7336,0.0,1343.3,4.55,13.16,0.0,34.95,-130.72,138.553
414.936,31.4157,0.0,1331.46,4.52,13.608,0.0,34.3,-131.02,138.58
414.936,31.4157,0.0,1331.46,4.52,13.608,0.0,34.3,-131.02,138.593
415.256,30.9962,0.0,1314.79,4.48,14.202,0.0,33.34,-130.86,138.618
415.256,30.9962,0.0,1314.79,4.48,14.202,0.0,33.34,-130.86,138.643
415.416,30.7883,0.0,1306.06,4.46,14.497,0.0,32.87,-130.53,138.667
415.496,30.6849,0.0,1301.6,4.44,14.643,0.0,32.65,-130.3,138.678
415.736,30.3766,0.0,1287.86,4.41,15.076,0.0,32.06,-129.36,138.712
415.816,30.2745,0.0,1283.17,4.39,15.218,0.0,31.89,-128.96,138.722
416.056,29.9705,0.0,1268.77,4.36,15.636,0.0,31.51,-127.49,138.743
416.136,29.8699,0.0,1263.87,4.34,15.772,0.0,31.42,-126.92,138.763
416.296,29.6698,0.0,1253.96,4.31,16.04,0.0,31.29,-125.64,138.781
416.376,29.5703,0.0,1248.94,4.3,16.172,0.0,31.24,-124.93,138.79
416.456,29.3725,0.0,1238.81,4.27,16.43,0.0,31.19,-123.39,138.808
416.696,29.1762,0.0,1228.56,4.24,16.682,0.0,31.15,-121.69,138.816
416.696,29.0787,0.0,1223.4,4.23,16.805,0.0,31.13,-120.78,138.832
417.016,28.7885,0.0,1207.73,4.18,17.165,0.0,31.02,-117.82,138.847
417.176,28.597,0.0,1197.16,4.15,17.396,0.0,30.89,-115.66,138.861
417.176,28.5019,0.0,1191.83,4.13,17.509,0.0,30.79,-114.53,138.873
417.336,28.4072,0.0,1186.46,4.11,17.621,0.0,30.67,-113.37,138.879
417.496,28.2191,0.0,1175.63,4.08,17.837,0.0,30.36,-110.96,138.891
417.656,28.0326,0.0,1164.65,4.05,18.046,0.0,29.95,-108.44,138.901
417.816,27.8479,0.0,1153.49,4.01,18.246,0.0,29.45,-105.82,138.91
418.056,27.5742,0.0,1136.4,3.96,18.527,0.0,28.57,-101.76,138.919
418.056,27.5742,0.0,1136.4,3.96,18.527,0.0,28.57,-101.76,138.923
418.216,27.394,0.0,1124.75,3.93,18.699,0.0,27.93,-98.97,138.93
418.456,27.1272,0.0,1106.9,3.87,18.934,0.0,26.97,-94.72,138.936
418.456,27.1272,0.0,1106.9,3.87,18.934,0.0,26.97,-94.72,138.938
418.696,26.8647,0.0,1088.64,3.82,19.137,0.0,26.11,-90.41,138.942
418.696,26.7782,0.0,1082.48,3.8,19.197,0.0,25.86,-88.97,138.946
418.856,26.6066,0.0,1070.07,3.76,19.305,0.0,25.42,-86.1,138.949
419.016,26.5216,0.0,1063.84,3.74,19.353,0.0,25.24,-84.67,138.949
419.256,26.2696,0.0,1045.04,3.68,19.473,0.0,24.83,-80.43,138.951
419.416,26.1041,0.0,1032.49,3.64,19.534,0.0,24.65,-77.66,138.952
419.416,26.0221,0.0,1026.22,3.62,19.559,0.0,24.58,-76.3,138.95
419.736,25.7792,0.0,1007.47,3.55,19.614,0.0,24.43,-72.32,138.95
419.736,25.7792,0.0,1007.47,3.55,19.614,0.0,24.43,-72.32,138.948
419.976,25.4625,0.0,982.69,3.47,19.642,0.0,24.16,-67.34,138.946
420.136,25.3846,0.0,976.53,3.45,19.643,0.0,24.06,-66.17,138.939
420.216,25.3072,0.0,970.39,3.43,19.64,0.0,23.94,-65.03,138.936
420.376,25.1539,0.0,958.13,3.39,19.628,0.0,23.63,-62.85,138.931
420.536,25.0026,0.0,945.9,3.35,19.606,0.0,23.23,-60.81,138.924
420.696,24.8534,0.0,933.68,3.3,19.574,0.0,22.74,-58.94,138.922
420.776,24.7795,0.0,927.56,3.28,19.554,0.0,22.47,-58.07,138.913
421.016,24.5611,0.0,909.19,3.22,19.477,0.0,21.56,-55.72,138.906
421.016,24.5611,0.0,909.19,3.22,19.477,0.0,21.56,-55.72,138.9
421.256,24.3472,0.0,890.76,3.16,19.374,0.0,20.59,-53.79,138.891
421.496,24.138,0.0,872.29,3.1,19.242,0.0,19.66,-52.3,138.876
421.496,24.138,0.0,872.29,3.1,19.242,0.0,19.66,-52.3,138.869
421.736,23.9336,0.0,853.86,3.04,19.081,0.0,18.85,-51.25,138.859
421.816,23.8664,0.0,847.74,3.02,19.02,0.0,18.62,-50.99,138.845
421.896,23.7998,0.0,841.64,2.99,18.957,0.0,18.41,-50.79,138.838
422.056,23.6682,0.0,829.5,2.95,18.82,0.0,18.05,-50.54,138.825
422.296,23.4746,0.0,811.54,2.89,18.595,0.0,17.65,-50.53,138.812
422.296,23.4746,0.0,811.54,2.89,18.595,0.0,17.65,-50.53,138.804
422.536,23.2855,0.0,793.92,2.83,18.349,0.0,17.35,-50.95,138.781
422.616,23.2235,0.0,788.14,2.81,18.263,0.0,17.26,-51.18,138.773
422.776,23.0405,0.0,771.06,2.75,17.997,0.0,16.96,-52.17,138.758
423.016,22.9209,0.0,759.9,2.71,17.814,0.0,16.71,-53.04,138.742
423.016,22.9209,0.0,759.9,2.71,17.814,0.0,16.71,-53.04,138.732
423.256,22.7451,0.0,743.45,2.65,17.534,0.0,16.21,-54.68,138.716
423.336,22.6874,0.0,738.04,2.63,17.439,0.0,16.0,-55.31,138.696
423.496,22.5736,0.0,727.32,2.59,17.247,0.0,15.53,-56.68,138.678
423.656,22.4616,0.0,716.7,2.55,17.052,0.0,14.98,-58.19,138.659
423.816,22.3514,0.0,706.18,2.52,16.854,0.0,14.37,-59.85,138.651
423.816,22.3514,0.0,706.18,2.52,16.854,0.0,14.37,-59.85,138.64
424.136,22.1367,0.0,685.36,2.44,16.447,0.0,13.01,-63.54,138.611
424.216,22.0842,0.0,680.21,2.43,16.342,0.0,12.67,-64.54,138.589
424.376,21.9805,0.0,669.95,2.39,16.13,0.0,11.98,-66.61,138.58
424.376,21.9805,0.0,669.95,2.39,16.13,0.0,11.98,-66.61,138.569
424.616,21.8283,0.0,654.72,2.34,15.801,0.0,11.03,-69.88,138.537
424.856,21.6802,0.0,639.75,2.29,15.462,0.0,10.21,-73.34,138.517
424.856,21.6802,0.0,639.75,2.29,15.462,0.0,10.21,-73.34,138.504
425.096,21.536,0.0,625.08,2.23,15.114,0.0,9.55,-76.93,138.471
425.176,21.442,0.0,615.51,2.2,14.878,0.0,9.21,-79.4,138.449
425.416,21.3041,0.0,601.49,2.15,14.522,0.0,8.81,-83.16,138.439
425.416,21.3041,0.0,601.49,2.15,14.522,0.0,8.81,-83.16,138.415
425.736,21.17,0.0,587.91,2.1,14.166,0.0,8.51,-86.97,138.394
425.816,21.1261,0.0,583.48,2.08,14.048,0.0,8.42,-88.25,138.369
425.976,21.0395,0.0,574.78,2.05,13.814,0.0,8.25,-90.8,138.358
426.216,20.9124,0.0,562.09,2.0,13.468,0.0,7.98,-94.61,138.324
426.216,20.9124,0.0,562.09,2.0,13.468,0.0,7.98,-94.61,138.311
426.376,20.8296,0.0,553.86,1.97,13.242,0.0,7.77,-97.12,138.287
426.536,20.7081,0.0,541.83,1.93,12.909,0.0,7.37,-100.83,138.251
426.776,20.629,0.0,534.0,1.9,12.692,0.0,7.05,-103.24,138.227
427.016,20.5129,0.0,522.52,1.86,12.372,0.0,6.49,-106.76,138.205
427.016,20.5129,0.0,522.52,1.86,12.372,0.0,6.49,-106.76,138.191
427.176,20.4372,0.0,515.03,1.83,12.163,0.0,6.06,-109.02,138.167
427.256,20.3629,0.0,507.65,1.81,11.956,0.0,5.6,-111.21,138.143
427.496,20.29,0.0,500.37,1.78,11.752,0.0,5.12,-113.32,138.118
427.656,20.183,0.0,489.64,1.74,11.449,0.0,4.38,-116.33,138.109
427.656,20.183,0.0,489.64,1.74,11.449,0.0,4.38,-116.33,138.081
427.896,20.1133,0.0,482.61,1.72,11.249,0.0,3.9,-118.23,138.057
428.056,20.0449,0.0,475.69,1.69,11.05,0.0,3.43,-120.03,138.033
428.216,19.9778,0.0,468.86,1.67,10.852,0.0,3.0,-121.73,138.008
428.296,19.9447,0.0,465.49,1.66,10.754,0.0,2.79,-122.54,137.996
428.456,19.8794,0.0,458.83,1.63,10.559,0.0,2.42,-124.09,137.971
428.536,19.8472,0.0,455.54,1.62,10.462,0.0,2.24,-124.82,137.959
428.616,19.7838,0.0,449.06,1.6,10.269,0.0,1.93,-126.21,137.935
428.936,19.6908,0.0,439.57,1.56,9.984,0.0,1.54,-128.1,137.912
429.016,19.6603,0.0,436.47,1.55,9.89,0.0,1.43,-128.67,137.886
429.176,19.6003,0.0,430.38,1.53,9.704,0.0,1.24,-129.74,137.876
429.176,19.5708,0.0,427.38,1.52,9.613,0.0,1.16,-130.23,137.849
429.496,19.4836,0.0,418.6,1.49,9.343,0.0,0.94,-131.55,137.825
429.656,19.4269,0.0,412.89,1.47,9.168,0.0,0.82,-132.29,137.801
429.656,19.4269,0.0,412.89,1.47,9.168,0.0,0.82,-132.29,137.789
429.976,19.3165,0.0,401.81,1.42,8.828,0.0,0.62,-133.45,137.755
429.976,19.3165,0.0,401.81,1.42,8.828,0.0,0.62,-133.45,137.741
430.216,19.2364,0.0,393.77,1.4,8.583,0.0,0.48,-134.04,137.705
430.296,19.2102,0.0,391.13,1.39,8.503,0.0,0.44,-134.19,137.694
430.456,19.1585,0.0,385.93,1.37,8.345,0.0,0.36,-134.4,137.67
430.616,19.0828,0.0,378.29,1.34,8.113,0.0,0.26,-134.52,137.648
430.776,19.0581,0.0,375.79,1.33,8.037,0.0,0.23,-134.5,137.623
430.856,19.0336,0.0,373.3,1.32,7.962,0.0,0.2,-134.47,137.611
431.016,18.9614,0.0,365.98,1.3,7.739,0.0,0.13,-134.21,137.576
431.256,18.9145,0.0,361.21,1.28,7.594,0.0,0.09,-133.92,137.553
431.336,18.8913,0.0,358.86,1.27,7.522,0.0,0.07,-133.74,137.542
431.496,18.8458,0.0,354.21,1.25,7.381,0.0,0.05,-133.3,137.519
431.656,18.779,0.0,347.41,1.23,7.173,0.0,0.03,-132.49,137.509
431.656,18.779,0.0,347.41,1.23,7.173,0.0,0.03,-132.49,137.485
431.976,18.7143,0.0,340.78,1.2,6.971,0.0,0.04,-131.47,137.464
432.056,18.6931,0.0,338.64,1.2,6.905,0.0,0.05,-131.09,137.44
432.216,18.6514,0.0,334.64,1.18,6.774,0.0,0.05,-130.27,137.418
432.376,18.5901,0.0,329.5,1.16,6.588,0.0,-0.15,-128.92,137.41
432.376,18.5901,0.0,329.5,1.16,6.588,0.0,-0.15,-128.92,137.384
432.616,18.55,0.0,326.54,1.15,6.473,0.0,-0.54,-127.95,137.362
432.776,18.5105,0.0,323.79,1.13,6.369,0.0,-1.18,-126.94,137.341
432.936,18.4714,0.0,321.1,1.12,6.277,0.0,-2.09,-125.88,137.319
433.096,18.4329,0.0,318.34,1.11,6.196,0.0,-3.24,-124.8,137.297
433.176,18.4139,0.0,316.91,1.1,6.159,0.0,-3.9,-124.25,137.287
433.256,18.3762,0.0,313.89,1.09,6.089,0.0,-5.33,-123.14,137.265
433.496,18.339,0.0,310.61,1.09,6.019,0.0,-6.86,-122.0,137.244
433.736,18.2845,0.0,305.22,1.07,5.909,0.0,-9.16,-120.27,137.225
433.736,18.2845,0.0,305.22,1.07,5.909,0.0,-9.16,-120.27,137.213
433.976,18.2314,0.0,299.41,1.05,5.782,0.0,-11.28,-118.49,137.194
434.136,18.1969,0.0,295.44,1.04,5.687,0.0,-12.49,-117.28,137.174
434.136,18.1969,0.0,295.44,1.04,5.687,0.0,-12.49,-117.28,137.162
434.456,18.1296,0.0,287.72,1.02,5.475,0.0,-14.39,-114.79,137.134
434.456,18.1296,0.0,287.72,1.02,5.475,0.0,-14.39,-114.79,137.123
434.696,18.0806,0.0,282.42,1.0,5.308,0.0,-15.36,-112.86,137.105
434.776,18.0646,0.0,280.77,0.99,5.253,0.0,-15.62,-112.2,137.084
434.936,18.0328,0.0,277.65,0.98,5.146,0.0,-16.06,-110.88,137.065
435.176,17.9859,0.0,273.32,0.96,4.996,0.0,-16.55,-108.88,137.048
435.176,17.9859,0.0,273.32,0.96,4.996,0.0,-16.55,-108.88,137.037
435.416,17.9399,0.0,269.25,0.94,4.861,0.0,-16.91,-106.86,137.021
435.496,17.9247,0.0,267.92,0.94,4.82,0.0,-16.99,-106.18,137.001
435.736,17.8798,0.0,263.98,0.92,4.704,0.0,-17.16,-104.13,136.983
435.736,17.8798,0.0,263.98,0.92,4.704,0.0,-17.16,-104.13,136.974
435.976,17.8357,0.0,260.14,0.91,4.596,0.0,-17.18,-102.08,136.956
436.056,17.8212,0.0,258.88,0.91,4.562,0.0,-17.15,-101.4,136.939
436.136,17.8067,0.0,257.63,0.9,4.528,0.0,-17.11,-100.71,136.931
436.296,17.7639,0.0,253.96,0.89,4.427,0.0,-16.9,-98.66,136.905
436.536,17.7357,0.0,251.58,0.88,4.362,0.0,-16.69,-97.3,136.888
436.616,17.7217,0.0,250.4,0.87,4.33,0.0,-16.57,-96.62,136.88
436.696,17.7079,0.0,249.24,0.87,4.298,0.0,-16.43,-95.94,136.872
437.016,17.6531,0.0,244.74,0.85,4.175,0.0,-15.8,-93.26,136.847
437.016,17.6531,0.0,244.74,0.85,4.175,0.0,-15.8,-93.26,136.839
437.256,17.6128,0.0,241.52,0.84,4.086,0.0,-15.26,-91.27,136.825
437.336,17.5995,0.0,240.47,0.84,4.058,0.0,-15.07,-90.62,136.808
437.496,17.5731,0.0,238.43,0.83,4.002,0.0,-14.68,-89.33,136.792
437.576,17.56,0.0,237.43,0.83,3.975,0.0,-14.49,-88.69,136.784
437.736,17.5341,0.0,235.49,0.82,3.922,0.0,-14.11,-87.43,136.769
437.976,17.4956,0.0,232.69,0.81,3.846,0.0,-13.57,-85.57,136.756
437.976,17.4829,0.0,231.79,0.81,3.822,0.0,-13.41,-84.97,136.739
438.296,17.4451,0.0,229.18,0.8,3.751,0.0,-12.97,-83.19,136.734
438.296,17.4451,0.0,229.18,0.8,3.751,0.0,-12.97,-83.19,136.717
438.456,17.4202,0.0,227.52,0.79,3.707,0.0,-12.73,-82.05,136.703
438.616,17.3956,0.0,225.9,0.78,3.665,0.0,-12.54,-80.93,136.689
438.776,17.3711,0.0,224.33,0.78,3.624,0.0,-12.41,-79.84,136.674
438.856,17.359,0.0,223.56,0.77,3.605,0.0,-12.36,-79.31,136.667
439.016,17.3348,0.0,222.05,0.77,3.566,0.0,-12.32,-78.28,136.654
439.176,17.3108,0.0,220.57,0.76,3.53,0.0,-12.33,-77.28,136.64
439.256,17.2871,0.0,219.11,0.76,3.494,0.0,-12.4,-76.32,136.626
439.496,17.2635,0.0,217.67,0.75,3.46,0.0,-12.54,-75.39,136.613
439.576,17.2401,0.0,216.24,0.75,3.427,0.0,-12.72,-74.51,136.6
439.816,17.2169,0.0,214.83,0.74,3.394,0.0,-12.95,-73.66,136.595
439.896,17.2053,0.0,214.12,0.74,3.378,0.0,-13.09,-73.25,136.58
440.056,17.1824,0.0,212.71,0.74,3.346,0.0,-13.38,-72.47,136.568
440.296,17.1482,0.0,210.6,0.73,3.299,0.0,-13.88,-71.38,136.557
440.296,17.1482,0.0,210.6,0.73,3.299,0.0,-13.88,-71.38,136.549
440.536,17.1145,0.0,208.49,0.72,3.252,0.0,-14.42,-70.38,136.53
440.616,17.1033,0.0,207.78,0.72,3.237,0.0,-14.6,-70.07,136.524
440.776,17.0811,0.0,206.37,0.71,3.205,0.0,-14.97,-69.48,136.512
440.936,17.059,0.0,204.95,0.71,3.174,0.0,-15.33,-68.94,136.5
441.096,17.0371,0.0,203.54,0.7,3.143,0.0,-15.68,-68.43,136.489
441.336,17.0045,0.0,201.41,0.7,3.095,0.0,-16.15,-67.76,136.479
441.416,16.9937,0.0,200.71,0.69,3.079,0.0,-16.29,-67.55,136.466
441.576,16.9723,0.0,199.3,0.69,3.048,0.0,-16.54,-67.17,136.462
441.736,16.951,0.0,197.91,0.69,3.016,0.0,-16.74,-66.83,136.451
441.816,16.9404,0.0,197.21,0.68,3.0,0.0,-16.83,-66.67,136.438
441.976,16.9192,0.0,195.84,0.68,2.969,0.0,-16.96,-66.39,136.427
442.216,16.8878,0.0,193.81,0.67,2.922,0.0,-17.06,-66.03,136.418
442.216,16.8878,0.0,193.81,0.67,2.922,0.0,-17.06,-66.03,136.411
442.376,16.867,0.0,192.48,0.67,2.891,0.0,-17.05,-65.83,136.401
442.616,16.8361,0.0,190.54,0.66,2.845,0.0,-16.93,-65.6,136.386
442.696,16.8258,0.0,189.91,0.66,2.83,0.0,-16.87,-65.54,136.381
442.936,16.7952,0.0,188.06,0.65,2.787,0.0,-16.59,-65.4,136.371
442.936,16.7952,0.0,188.06,0.65,2.787,0.0,-16.59,-65.4,136.366
443.176,16.7648,0.0,186.28,0.64,2.744,0.0,-16.2,-65.34,136.358
443.256,16.7548,0.0,185.71,0.64,2.731,0.0,-16.05,-65.34,136.347
443.416,16.7347,0.0,184.59,0.64,2.704,0.0,-15.72,-65.35,136.337
443.496,16.7247,0.0,184.05,0.64,2.691,0.0,-15.54,-65.37,136.333
443.656,16.7047,0.0,182.99,0.63,2.666,0.0,-15.15,-65.43,136.324
443.896,16.675,0.0,181.47,0.63,2.63,0.0,-14.53,-65.59,136.316
443.976,16.6651,0.0,180.99,0.62,2.619,0.0,-14.32,-65.66,136.306
444.216,16.6356,0.0,179.59,0.62,2.586,0.0,-13.65,-65.91,136.299
444.216,16.6356,0.0,179.59,0.62,2.586,0.0,-13.65,-65.91,136.293
444.376,16.616,0.0,178.7,0.61,2.566,0.0,-13.21,-66.12,136.284
444.616,16.5867,0.0,177.45,0.61,2.537,0.0,-12.55,-66.49,136.277
444.616,16.5867,0.0,177.45,0.61,2.537,0.0,-12.55,-66.49,136.271
444.856,16.5575,0.0,176.27,0.61,2.511,0.0,-11.91,-66.94,136.265
444.936,16.5478,0.0,175.89,0.6,2.503,0.0,-11.71,-67.1,136.255
445.176,16.5188,0.0,174.8,0.6,2.48,0.0,-11.14,-67.64,136.249
445.256,16.5092,0.0,174.46,0.6,2.472,0.0,-10.97,-67.84,136.239
445.416,16.4899,0.0,173.78,0.6,2.459,0.0,-10.64,-68.25,136.232
445.496,16.4803,0.0,173.45,0.59,2.452,0.0,-10.49,-68.47,136.228
445.656,16.4611,0.0,172.8,0.59,2.439,0.0,-10.22,-68.93,136.22
445.896,16.4324,0.0,171.87,0.59,2.422,0.0,-9.88,-69.68,136.215
445.976,16.4228,0.0,171.57,0.59,2.416,0.0,-9.79,-69.95,136.206
446.136,16.4037,0.0,170.97,0.58,2.405,0.0,-9.63,-70.5,136.198
446.216,16.3942,0.0,170.68,0.58,2.4,0.0,-9.57,-70.79,136.195
446.456,16.3656,0.0,169.81,0.58,2.385,0.0,-9.44,-71.7,136.19
446.536,16.3561,0.0,169.52,0.58,2.381,0.0,-9.42,-72.02,136.181
446.696,16.3371,0.0,168.95,0.58,2.371,0.0,-9.4,-72.67,136.174
447.016,16.2992,0.0,167.82,0.57,2.353,0.0,-9.46,-74.07,136.169
447.016,16.2992,0.0,167.82,0.57,2.353,0.0,-9.46,-74.07,136.161
447.176,16.2803,0.0,167.26,0.57,2.345,0.0,-9.54,-74.82,136.155
447.416,16.252,0.0,166.42,0.57,2.332,0.0,-9.71,-75.99,136.15
447.416,16.252,0.0,166.42,0.57,2.332,0.0,-9.71,-75.99,136.145
447.656,16.2237,0.0,165.56,0.57,2.319,0.0,-9.92,-77.22,136.141
447.736,16.2143,0.0,165.28,0.56,2.315,0.0,-10.0,-77.64,136.133
447.816,16.1955,0.0,164.7,0.56,2.306,0.0,-10.17,-78.51,136.128
448.056,16.1767,0.0,164.12,0.56,2.297,0.0,-10.34,-79.4,136.122
448.136,16.1673,0.0,163.82,0.56,2.293,0.0,-10.43,-79.86,136.119
448.296,16.1486,0.0,163.23,0.56,2.284,0.0,-10.6,-80.79,136.113
448.536,16.1205,0.0,162.32,0.56,2.27,0.0,-10.84,-82.23,136.109
448.536,16.1205,0.0,162.32,0.56,2.27,0.0,-10.84,-82.23,136.105
448.776,16.0925,0.0,161.42,0.55,2.256,0.0,-11.05,-83.72,136.101
448.856,16.0832,0.0,161.11,0.55,2.251,0.0,-11.11,-84.23,136.095
449.016,16.0645,0.0,160.51,0.55,2.241,0.0,-11.21,-85.26,136.09
449.096,16.0552,0.0,160.21,0.55,2.236,0.0,-11.24,-85.78,136.087
449.256,16.0366,0.0,159.61,0.55,2.226,0.0,-11.3,-86.84,136.082
449.416,16.018,0.0,159.03,0.54,2.216,0.0,-11.33,-87.92,136.077
449.656,15.9902,0.0,158.16,0.54,2.202,0.0,-11.31,-89.56,136.074
449.656,15.9902,0.0,158.16,0.54,2.202,0.0,-11.31,-89.56,136.07
449.976,15.9531,0.0,157.07,0.54,2.182,0.0,-11.17,-91.8,136.064
450.056,15.9439,0.0,156.8,0.54,2.178,0.0,-11.11,-92.36,136.059
450.216,15.9254,0.0,156.29,0.53,2.169,0.0,-10.97,-93.51,136.059
450.296,15.9161,0.0,156.05,0.53,2.164,0.0,-10.89,-94.08,136.053
450.456,15.8976,0.0,155.57,0.53,2.156,0.0,-10.71,-95.24,136.049
450.536,15.8884,0.0,155.34,0.53,2.152,0.0,-10.61,-95.82,136.047
450.696,15.8699,0.0,154.89,0.53,2.144,0.0,-10.38,-96.99,136.043
450.936,15.8421,0.0,154.27,0.53,2.134,0.0,-10.0,-98.77,136.04
451.016,15.8329,0.0,154.07,0.53,2.13,0.0,-9.87,-99.36,136.035
451.176,15.8143,0.0,153.7,0.52,2.124,0.0,-9.58,-100.55,136.031
451.256,15.8051,0.0,153.53,0.52,2.122,0.0,-9.43,-101.15,136.029
451.416,15.7865,0.0,153.19,0.52,2.117,0.0,-9.13,-102.35,136.026
451.656,15.7587,0.0,152.73,0.52,2.11,0.0,-8.65,-104.17,136.024
451.656,15.7587,0.0,152.73,0.52,2.11,0.0,-8.65,-104.17,136.021
451.816,15.7401,0.0,152.45,0.52,2.107,0.0,-8.33,-105.38,136.017
451.976,15.7215,0.0,152.2,0.52,2.104,0.0,-8.01,-106.6,136.014
452.216,15.6936,0.0,151.85,0.52,2.101,0.0,-7.54,-108.43,136.012
452.216,15.6936,0.0,151.85,0.52,2.101,0.0,-7.54,-108.43,136.009
452.376,15.6749,0.0,151.63,0.51,2.1,0.0,-7.23,-109.66,136.006
452.536,15.6562,0.0,151.44,0.51,2.099,0.0,-6.93,-110.88,136.003
452.696,15.6375,0.0,151.26,0.51,2.099,0.0,-6.64,-112.11,136.0
452.776,15.6281,0.0,151.17,0.51,2.099,0.0,-6.51,-112.72,135.999
452.936,15.5999,0.0,150.93,0.51,2.1,0.0,-6.11,-114.56,135.995
453.096,15.5905,0.0,150.86,0.51,2.1,0.0,-5.99,-115.18,135.993
453.256,15.5717,0.0,150.72,0.51,2.102,0.0,-5.76,-116.4,135.991
453.416,15.5528,0.0,150.58,0.51,2.104,0.0,-5.55,-117.63,135.988
453.496,15.5433,0.0,150.51,0.51,2.105,0.0,-5.45,-118.24,135.987
453.816,15.5054,0.0,150.25,0.51,2.109,0.0,-5.09,-120.68,135.983
453.816,15.5054,0.0,150.25,0.51,2.109,0.0,-5.09,-120.68,135.982
453.976,15.4864,0.0,150.13,0.51,2.112,0.0,-4.94,-121.89,135.98
454.136,15.4674,0.0,150.0,0.51,2.114,0.0,-4.8,-123.1,135.978
454.136,15.4579,0.0,149.94,0.51,2.116,0.0,-4.74,-123.7,135.977
454.296,15.4483,0.0,149.87,0.51,2.117,0.0,-4.68,-124.3,135.976
454.536,15.4101,0.0,149.61,0.51,2.123,0.0,-4.47,-126.69,135.973
454.776,15.3909,0.0,149.47,0.51,2.126,0.0,-4.38,-127.88,135.972
454.776,15.3909,0.0,149.47,0.51,2.126,0.0,-4.38,-127.88,135.97
455.096,15.3525,0.0,149.19,0.51,2.131,0.0,-4.2,-130.22,135.969
455.096,15.3525,0.0,149.19,0.51,2.131,0.0,-4.2,-130.22,135.966
455.336,15.3236,0.0,148.97,0.5,2.135,0.0,-4.08,-131.95,135.964
455.576,15.2946,0.0,148.74,0.5,2.139,0.0,-3.95,-133.66,135.962
455.576,15.2946,0.0,148.74,0.5,2.139,0.0,-3.95,-133.66,135.962
455.816,15.2656,0.0,148.51,0.5,2.143,0.0,-3.81,-135.34,135.96
455.896,15.2559,0.0,148.43,0.5,2.144,0.0,-3.76,-135.9,135.959
456.136,15.2268,0.0,148.19,0.5,2.147,0.0,-3.6,-137.54,135.957
456.296,15.2074,0.0,148.03,0.5,2.149,0.0,-3.47,-138.61,135.958
456.376,15.1977,0.0,147.95,0.5,2.15,0.0,-3.41,-139.15,135.955
456.616,15.1685,0.0,147.72,0.5,2.153,0.0,-3.19,-140.72,135.956
456.616,15.1685,0.0,147.72,0.5,2.153,0.0,-3.19,-140.72,135.954
456.776,15.1393,0.0,147.49,0.5,2.157,0.0,-2.94,-142.26,135.953
456.936,15.1295,0.0,147.42,0.5,2.158,0.0,-2.85,-142.76,135.952
457.096,15.11,0.0,147.27,0.5,2.16,0.0,-2.66,-143.75,135.951
457.176,15.1002,0.0,147.2,0.5,2.161,0.0,-2.56,-144.24,135.951
457.416,15.0708,0.0,147.0,0.5,2.164,0.0,-2.24,-145.69,135.95
457.496,15.061,0.0,146.94,0.5,2.166,0.0,-2.13,-146.16,135.95
457.656,15.0414,0.0,146.81,0.5,2.168,0.0,-1.89,-147.08,135.949
457.896,15.0119,0.0,146.65,0.5,2.172,0.0,-1.52,-148.44,135.95
458.056,14.9922,0.0,146.54,0.5,2.175,0.0,-1.27,-149.31,135.95
458.056,14.9922,0.0,146.54,0.5,2.175,0.0,-1.27,-149.31,135.948
458.376,14.9527,0.0,146.36,0.49,2.182,0.0,-0.74,-151.0,135.949
458.376,14.9527,0.0,146.36,0.49,2.182,0.0,-0.74,-151.0,135.948
458.456,14.9428,0.0,146.32,0.49,2.184,0.0,-0.61,-151.41,135.948
458.696,14.9131,0.0,146.21,0.49,2.19,0.0,-0.21,-152.61,135.948
458.936,14.8833,0.0,146.12,0.49,2.196,0.0,0.19,-153.75,135.949
458.936,14.8833,0.0,146.12,0.49,2.196,0.0,0.19,-153.75,135.948
459.176,14.8535,0.0,146.04,0.49,2.203,0.0,0.58,-154.85,135.948
459.256,14.8435,0.0,146.02,0.49,2.205,0.0,0.7,-155.2,135.948
459.336,14.8236,0.0,145.98,0.49,2.211,0.0,0.95,-155.89,135.949
459.576,14.8036,0.0,145.94,0.49,2.216,0.0,1.18,-156.55,135.949
459.736,14.7836,0.0,145.91,0.49,2.221,0.0,1.41,-157.19,135.949
459.816,14.7736,0.0,145.89,0.49,2.224,0.0,1.52,-157.5,135.95
459.896,14.7535,0.0,145.86,0.49,2.23,0.0,1.72,-158.11,135.95
460.136,14.7334,0.0,145.84,0.49,2.236,0.0,1.91,-158.69,135.951
460.296,14.7133,0.0,145.81,0.49,2.242,0.0,2.09,-159.25,135.951
460.536,14.6831,0.0,145.77,0.49,2.252,0.0,2.34,-160.03,135.953
460.536,14.6831,0.0,145.77,0.49,2.252,0.0,2.34,-160.03,135.952
460.776,14.6427,0.0,145.71,0.49,2.264,0.0,2.61,-161.0,135.954
460.776,14.6427,0.0,145.71,0.49,2.264,0.0,2.61,-161.0,135.954
461.016,14.6224,0.0,145.68,0.49,2.271,0.0,2.73,-161.44,135.955
461.096,14.6021,0.0,145.64,0.49,2.277,0.0,2.83,-161.86,135.956
461.336,14.5818,0.0,145.59,0.49,2.283,0.0,2.93,-162.25,135.957
461.496,14.5513,0.0,145.52,0.49,2.293,0.0,3.05,-162.79,135.96
461.496,14.5513,0.0,145.52,0.49,2.293,0.0,3.05,-162.79,135.959
461.816,14.5208,0.0,145.44,0.49,2.302,0.0,3.16,-163.27,135.962
461.896,14.5106,0.0,145.41,0.49,2.305,0.0,3.19,-163.41,135.962
462.056,14.4902,0.0,145.34,0.49,2.311,0.0,3.25,-163.69,135.963
462.136,14.48,0.0,145.3,0.49,2.314,0.0,3.28,-163.81,135.964
462.216,14.4596,0.0,145.23,0.49,2.319,0.0,3.34,-164.05,135.965
462.536,14.4186,0.0,145.06,0.49,2.33,0.0,3.45,-164.43,135.968
462.536,14.4186,0.0,145.06,0.49,2.33,0.0,3.45,-164.43,135.969
462.776,14.3981,0.0,144.98,0.49,2.335,0.0,3.51,-164.58,135.97
462.856,14.3879,0.0,144.93,0.49,2.338,0.0,3.54,-164.65,135.971
463.096,14.3571,0.0,144.79,0.49,2.345,0.0,3.63,-164.8,135.974
463.176,14.3469,0.0,144.74,0.49,2.348,0.0,3.67,-164.84,135.975
463.416,14.3161,0.0,144.59,0.49,2.355,0.0,3.78,-164.91,135.978
463.496,14.3058,0.0,144.54,0.49,2.357,0.0,3.83,-164.91,135.979
463.656,14.275,0.0,144.38,0.49,2.364,0.0,3.96,-164.9,135.981
463.656,14.275,0.0,144.38,0.49,2.364,0.0,3.96,-164.9,135.982
463.896,14.2544,0.0,144.28,0.49,2.368,0.0,4.06,-164.85,135.984
463.976,14.2441,0.0,144.23,0.49,2.371,0.0,4.11,-164.82,135.985
464.216,14.2132,0.0,144.08,0.49,2.377,0.0,4.28,-164.67,135.988
464.376,14.1926,0.0,143.98,0.49,2.382,0.0,4.4,-164.54,135.991
464.456,14.1823,0.0,143.93,0.49,2.384,0.0,4.47,-164.47,135.992
464.696,14.1513,0.0,143.79,0.49,2.39,0.0,4.67,-164.19,135.996
464.696,14.1513,0.0,143.79,0.49,2.39,0.0,4.67,-164.19,135.996
464.856,14.1204,0.0,143.65,0.49,2.397,0.0,4.87,-163.85,135.999
465.016,14.11,0.0,143.61,0.49,2.399,0.0,4.95,-163.73,136.001
465.176,14.0894,0.0,143.52,0.48,2.404,0.0,5.09,-163.45,136.003
465.336,14.0584,0.0,143.4,0.48,2.411,0.0,5.31,-162.99,136.005
465.496,14.048,0.0,143.36,0.48,2.414,0.0,5.38,-162.82,136.009
465.656,14.0273,0.0,143.29,0.48,2.419,0.0,5.52,-162.45,136.011
465.896,13.9962,0.0,143.18,0.48,2.427,0.0,5.73,-161.86,136.016
465.896,13.9962,0.0,143.18,0.48,2.427,0.0,5.73,-161.86,136.016
466.056,13.9755,0.0,143.11,0.48,2.432,0.0,5.87,-161.43,136.019
466.056,13.9755,0.0,143.11,0.48,2.432,0.0,5.87,-161.43,136.019
466.136,13.934,0.0,142.98,0.48,2.443,0.0,6.12,-160.48,136.025
466.456,13.9133,0.0,142.92,0.48,2.448,0.0,6.24,-159.96,136.028
466.776,13.8821,0.0,142.83,0.48,2.457,0.0,6.39,-159.14,136.033
466.856,13.8717,0.0,142.8,0.48,2.46,0.0,6.44,-158.85,136.035
467.016,13.8509,0.0,142.73,0.48,2.466,0.0,6.53,-158.25,136.038
467.176,13.8301,0.0,142.67,0.48,2.472,0.0,6.61,-157.63,136.041
467.256,13.8093,0.0,142.6,0.48,2.478,0.0,6.68,-156.98,136.045
467.576,13.778,0.0,142.5,0.48,2.487,0.0,6.77,-155.95,136.047
467.576,13.778,0.0,142.5,0.48,2.487,0.0,6.77,-155.95,136.05
467.816,13.7467,0.0,142.39,0.48,2.495,0.0,6.83,-154.87,136.055
467.896,13.7363,0.0,142.36,0.48,2.498,0.0,6.85,-154.5,136.057
468.136,13.705,0.0,142.24,0.48,2.507,0.0,6.89,-153.34,136.062
468.296,13.6842,0.0,142.16,0.48,2.513,0.0,6.91,-152.53,136.065
468.376,13.6737,0.0,142.11,0.48,2.516,0.0,6.92,-152.12,136.067
468.616,13.6424,0.0,141.98,0.48,2.524,0.0,6.93,-150.85,136.073
468.616,13.6424,0.0,141.98,0.48,2.524,0.0,6.93,-150.85,136.074
468.776,13.6215,0.0,141.88,0.48,2.529,0.0,6.94,-149.98,136.078
468.936,13.6006,0.0,141.78,0.48,2.534,0.0,6.94,-149.08,136.082
469.096,13.5798,0.0,141.68,0.48,2.54,0.0,6.94,-148.15,136.086
469.336,13.5484,0.0,141.52,0.48,2.547,0.0,6.94,-146.73,136.091
469.336,13.5484,0.0,141.52,0.48,2.547,0.0,6.94,-146.73,136.092
469.656,13.5066,0.0,141.29,0.48,2.556,0.0,6.94,-144.75,136.099
469.736,13.4962,0.0,141.23,0.48,2.559,0.0,6.94,-144.25,136.102
469.896,13.4753,0.0,141.11,0.48,2.563,0.0,6.95,-143.22,136.105
470.056,13.4544,0.0,140.99,0.48,2.567,0.0,6.96,-142.17,136.109
470.136,13.444,0.0,140.93,0.48,2.569,0.0,6.96,-141.63,136.113
470.216,13.4336,0.0,140.87,0.48,2.572,0.0,6.97,-141.1,136.115
470.376,13.4127,0.0,140.75,0.48,2.576,0.0,6.99,-140.01,136.119
470.536,13.3918,0.0,140.63,0.48,2.58,0.0,7.01,-138.9,136.124
470.696,13.3709,0.0,140.51,0.47,2.584,0.0,7.03,-137.77,136.128
470.776,13.3605,0.0,140.45,0.47,2.586,0.0,7.05,-137.2,136.131
470.936,13.3396,0.0,140.32,0.47,2.59,0.0,7.08,-136.05,136.135
471.176,13.3083,0.0,140.14,0.47,2.596,0.0,7.14,-134.29,136.138
471.176,13.3083,0.0,140.14,0.47,2.596,0.0,7.14,-134.29,136.142
471.416,13.277,0.0,139.96,0.47,2.602,0.0,7.21,-132.49,136.149
471.656,13.2458,0.0,139.79,0.47,2.608,0.0,7.28,-130.65,136.154
471.656,13.2458,0.0,139.79,0.47,2.608,0.0,7.28,-130.65,136.156
471.896,13.2145,0.0,139.62,0.47,2.614,0.0,7.35,-128.79,136.161
471.976,13.2041,0.0,139.56,0.47,2.616,0.0,7.38,-128.16,136.165
472.136,13.1832,0.0,139.45,0.47,2.62,0.0,7.43,-126.89,136.17
472.216,13.1624,0.0,139.34,0.47,2.624,0.0,7.48,-125.61,136.175
472.456,13.1416,0.0,139.24,0.47,2.629,0.0,7.53,-124.32,136.18
472.696,13.1103,0.0,139.08,0.47,2.635,0.0,7.6,-122.36,136.183
472.696,13.1103,0.0,139.08,0.47,2.635,0.0,7.6,-122.36,136.187
472.936,13.0791,0.0,138.93,0.47,2.642,0.0,7.66,-120.38,136.192
473.176,13.0478,0.0,138.77,0.47,2.649,0.0,7.71,-118.38,136.198
473.176,13.0478,0.0,138.77,0.47,2.649,0.0,7.71,-118.38,136.202
473.336,13.0166,0.0,138.62,0.47,2.656,0.0,7.76,-116.37,136.21
473.496,13.0062,0.0,138.57,0.47,2.658,0.0,7.77,-115.69,136.212
473.656,12.9854,0.0,138.47,0.47,2.663,0.0,7.79,-114.33,136.217
473.736,12.9646,0.0,138.37,0.47,2.667,0.0,7.8,-112.97,136.222
473.976,12.9438,0.0,138.27,0.47,2.672,0.0,7.81,-111.61,136.228
474.136,12.923,0.0,138.16,0.47,2.677,0.0,7.81,-110.24,136.233
474.216,12.9126,0.0,138.11,0.47,2.679,0.0,7.81,-109.56,136.235
474.536,12.871,0.0,137.9,0.47,2.689,0.0,7.8,-106.81,136.241
474.536,12.871,0.0,137.9,0.47,2.689,0.0,7.8,-106.81,136.246
474.776,12.8398,0.0,137.74,0.47,2.696,0.0,7.78,-104.75,136.252
474.856,12.8294,0.0,137.68,0.46,2.698,0.0,7.77,-104.06,136.256
475.096,12.7983,0.0,137.52,0.46,2.705,0.0,7.74,-102.01,136.262
475.096,12.7983,0.0,137.52,0.46,2.705,0.0,7.74,-102.01,136.264
475.336,12.7671,0.0,137.34,0.46,2.711,0.0,7.71,-99.96,136.27
475.416,12.7567,0.0,137.29,0.46,2.713,0.0,7.69,-99.28,136.275
475.576,12.736,0.0,137.17,0.46,2.718,0.0,7.67,-97.92,136.281
475.896,12.6945,0.0,136.93,0.46,2.726,0.0,7.62,-95.22,136.287
475.896,12.6945,0.0,136.93,0.46,2.726,0.0,7.62,-95.22,136.292
476.136,12.6634,0.0,136.75,0.46,2.732,0.0,7.59,-93.21,136.298
476.216,12.6531,0.0,136.69,0.46,2.734,0.0,7.58,-92.54,136.302
476.376,12.6324,0.0,136.57,0.46,2.738,0.0,7.56,-91.22,136.308
476.456,12.622,0.0,136.51,0.46,2.74,0.0,7.56,-90.56,136.311
476.696,12.5806,0.0,136.26,0.46,2.748,0.0,7.54,-87.95,136.317
476.696,12.5806,0.0,136.26,0.46,2.748,0.0,7.54,-87.95,136.322
476.936,12.56,0.0,136.14,0.46,2.752,0.0,7.53,-86.66,136.327
477.096,12.5393,0.0,136.02,0.46,2.756,0.0,7.53,-85.39,136.333
477.256,12.5187,0.0,135.9,0.46,2.76,0.0,7.54,-84.12,136.339
477.336,12.5083,0.0,135.84,0.46,2.762,0.0,7.54,-83.49,136.341
477.496,12.4877,0.0,135.72,0.46,2.765,0.0,7.55,-82.25,136.347
477.656,12.4671,0.0,135.61,0.46,2.769,0.0,7.57,-81.02,136.353
477.736,12.4567,0.0,135.55,0.46,2.771,0.0,7.58,-80.41,136.355
477.976,12.4258,0.0,135.38,0.46,2.777,0.0,7.61,-78.61,136.361
478.056,12.4155,0.0,135.32,0.46,2.779,0.0,7.62,-78.01,136.367
478.296,12.3846,0.0,135.16,0.46,2.785,0.0,7.66,-76.25,136.373
478.296,12.3846,0.0,135.16,0.46,2.785,0.0,7.66,-76.25,136.375
478.536,12.3537,0.0,135.0,0.46,2.792,0.0,7.71,-74.53,136.381
478.696,12.3229,0.0,134.85,0.46,2.798,0.0,7.75,-72.85,136.388
478.696,12.3229,0.0,134.85,0.46,2.798,0.0,7.75,-72.85,136.392
479.016,12.292,0.0,134.7,0.45,2.805,0.0,7.8,-71.22,136.398
479.096,12.2818,0.0,134.65,0.45,2.807,0.0,7.81,-70.68,136.404
479.256,12.2612,0.0,134.56,0.45,2.811,0.0,7.84,-69.62,136.409
479.336,12.2509,0.0,134.51,0.45,2.814,0.0,7.85,-69.1,136.412
479.496,12.2201,0.0,134.37,0.45,2.821,0.0,7.89,-67.57,136.421
479.656,12.2099,0.0,134.32,0.45,2.823,0.0,7.9,-67.07,136.424
479.816,12.1893,0.0,134.23,0.45,2.828,0.0,7.92,-66.08,136.429
479.976,12.1586,0.0,134.1,0.45,2.836,0.0,7.95,-64.64,136.433
480.136,12.1483,0.0,134.05,0.45,2.838,0.0,7.96,-64.18,136.441
480.296,12.1278,0.0,133.96,0.45,2.843,0.0,7.97,-63.26,136.444
480.456,12.1073,0.0,133.87,0.45,2.848,0.0,7.97,-62.36,136.45
480.536,12.0971,0.0,133.83,0.45,2.851,0.0,7.98,-61.92,136.455
480.696,12.0766,0.0,133.74,0.45,2.856,0.0,7.98,-61.06,136.459
480.776,12.0663,0.0,133.69,0.45,2.858,0.0,7.98,-60.64,136.464
480.936,12.0459,0.0,133.6,0.45,2.863,0.0,7.97,-59.81,136.47
481.096,12.0254,0.0,133.51,0.45,2.869,0.0,7.96,-59.02,136.475
481.176,12.0152,0.0,133.47,0.45,2.871,0.0,7.96,-58.62,136.478
481.336,11.9947,0.0,133.38,0.45,2.876,0.0,7.95,-57.86,136.484
481.416,11.9743,0.0,133.29,0.45,2.881,0.0,7.93,-57.13,136.49
481.656,11.9538,0.0,133.19,0.45,2.886,0.0,7.92,-56.42,136.496
481.736,11.9436,0.0,133.14,0.45,2.889,0.0,7.91,-56.07,136.499
481.976,11.913,0.0,133.0,0.45,2.896,0.0,7.88,-55.08,136.505
482.056,11.9028,0.0,132.95,0.45,2.899,0.0,7.87,-54.76,136.51
482.296,11.8722,0.0,132.81,0.45,2.906,0.0,7.84,-53.85,136.516
482.296,11.8722,0.0,132.81,0.45,2.906,0.0,7.84,-53.85,136.519
482.456,11.8518,0.0,132.71,0.45,2.911,0.0,7.81,-53.27,136.524
482.616,11.8212,0.0,132.56,0.45,2.918,0.0,7.78,-52.46,136.533
482.856,11.8008,0.0,132.46,0.45,2.923,0.0,7.77,-51.96,136.536
482.936,11.7907,0.0,132.42,0.45,2.925,0.0,7.76,-51.71,136.541
483.016,11.7805,0.0,132.37,0.45,2.928,0.0,7.75,-51.48,136.544
483.176,11.7601,0.0,132.27,0.45,2.932,0.0,7.73,-51.03,136.55
483.336,11.7398,0.0,132.17,0.45,2.937,0.0,7.72,-50.61,136.556
483.496,11.7195,0.0,132.07,0.45,2.942,0.0,7.71,-50.22,136.561
483.656,11.6992,0.0,131.97,0.45,2.946,0.0,7.7,-49.86,136.567
483.736,11.689,0.0,131.92,0.45,2.949,0.0,7.7,-49.69,136.57
483.896,11.6687,0.0,131.82,0.44,2.953,0.0,7.69,-49.37,136.576
483.976,11.6586,0.0,131.77,0.44,2.956,0.0,7.69,-49.22,136.578
484.136,11.6383,0.0,131.67,0.44,2.96,0.0,7.69,-48.95,136.584
484.216,11.6281,0.0,131.62,0.44,2.963,0.0,7.69,-48.82,136.587
484.456,11.5977,0.0,131.48,0.44,2.969,0.0,7.69,-48.48,136.595
484.536,11.5876,0.0,131.43,0.44,2.972,0.0,7.69,-48.38,136.598
484.696,11.5674,0.0,131.33,0.44,2.976,0.0,7.7,-48.21,136.604
484.936,11.537,0.0,131.19,0.44,2.984,0.0,7.7,-48.0,136.609
484.936,11.537,0.0,131.19,0.44,2.984,0.0,7.7,-48.0,136.612
485.096,11.5067,0.0,131.05,0.44,2.991,0.0,7.71,-47.86,136.62
485.336,11.4865,0.0,130.96,0.44,2.995,0.0,7.72,-47.81,136.626
485.416,11.4764,0.0,130.92,0.44,2.998,0.0,7.72,-47.79,136.629
485.656,11.4461,0.0,130.78,0.44,3.005,0.0,7.73,-47.78,136.634
485.656,11.4461,0.0,130.78,0.44,3.005,0.0,7.73,-47.78,136.637
485.896,11.4158,0.0,130.65,0.44,3.013,0.0,7.73,-47.84,136.643
485.976,11.4058,0.0,130.6,0.44,3.015,0.0,7.73,-47.87,136.648
486.136,11.3755,0.0,130.47,0.44,3.022,0.0,7.73,-48.01,136.656
486.376,11.3554,0.0,130.38,0.44,3.027,0.0,7.73,-48.14,136.659
486.376,11.3554,0.0,130.38,0.44,3.027,0.0,7.73,-48.14,136.661
486.696,11.3151,0.0,130.21,0.44,3.038,0.0,7.71,-48.49,136.67
486.776,11.3051,0.0,130.16,0.44,3.04,0.0,7.71,-48.6,136.675
486.936,11.285,0.0,130.08,0.44,3.045,0.0,7.69,-48.83,136.678
487.016,11.2749,0.0,130.03,0.44,3.048,0.0,7.69,-48.95,136.683
487.176,11.2548,0.0,129.94,0.44,3.053,0.0,7.67,-49.23,136.688
487.256,11.2448,0.0,129.9,0.44,3.055,0.0,7.66,-49.38,136.691
487.496,11.2147,0.0,129.76,0.44,3.063,0.0,7.63,-49.86,136.696
487.576,11.2047,0.0,129.72,0.44,3.065,0.0,7.62,-50.04,136.702
487.736,11.1846,0.0,129.63,0.44,3.07,0.0,7.59,-50.41,136.707
487.896,11.1545,0.0,129.49,0.44,3.078,0.0,7.55,-51.02,136.709
487.896,11.1545,0.0,129.49,0.44,3.078,0.0,7.55,-51.02,136.715
488.216,11.1245,0.0,129.35,0.44,3.085,0.0,7.51,-51.7,136.722
488.376,11.1045,0.0,129.26,0.44,3.09,0.0,7.48,-52.18,136.728
488.456,11.0945,0.0,129.21,0.44,3.092,0.0,7.46,-52.44,136.73
488.696,11.0645,0.0,129.07,0.44,3.099,0.0,7.42,-53.23,136.735
488.696,11.0645,0.0,129.07,0.44,3.099,0.0,7.42,-53.23,136.738
489.016,11.0246,0.0,128.88,0.43,3.109,0.0,7.36,-54.39,136.745
489.096,11.0146,0.0,128.83,0.43,3.111,0.0,7.34,-54.7,136.75
489.256,10.9947,0.0,128.73,0.43,3.116,0.0,7.31,-55.33,136.753
489.336,10.9847,0.0,128.68,0.43,3.118,0.0,7.3,-55.66,136.758
489.496,10.9648,0.0,128.58,0.43,3.122,0.0,7.27,-56.33,136.763
489.576,10.9548,0.0,128.53,0.43,3.125,0.0,7.26,-56.67,136.765
489.736,10.925,0.0,128.39,0.43,3.131,0.0,7.23,-57.75,136.773
489.896,10.915,0.0,128.34,0.43,3.134,0.0,7.22,-58.12,136.775
490.056,10.8951,0.0,128.24,0.43,3.138,0.0,7.2,-58.88,136.78
490.376,10.8554,0.0,128.05,0.43,3.147,0.0,7.17,-60.47,136.785
490.376,10.8554,0.0,128.05,0.43,3.147,0.0,7.17,-60.47,136.79
490.536,10.8356,0.0,127.95,0.43,3.151,0.0,7.15,-61.3,136.792
490.536,10.8256,0.0,127.9,0.43,3.153,0.0,7.15,-61.72,136.797
490.696,10.8058,0.0,127.81,0.43,3.158,0.0,7.14,-62.58,136.801
490.936,10.786,0.0,127.71,0.43,3.162,0.0,7.13,-63.47,136.806
491.176,10.7563,0.0,127.57,0.43,3.169,0.0,7.11,-64.84,136.811
491.176,10.7563,0.0,127.57,0.43,3.169,0.0,7.11,-64.84,136.813
491.416,10.7266,0.0,127.43,0.43,3.176,0.0,7.11,-66.26,136.817
491.416,10.7168,0.0,127.39,0.43,3.178,0.0,7.1,-66.74,136.822
491.656,10.697,0.0,127.3,0.43,3.182,0.0,7.1,-67.72,136.827
491.816,10.6772,0.0,127.2,0.43,3.187,0.0,7.09,-68.72,136.829
491.896,10.6674,0.0,127.16,0.43,3.189,0.0,7.09,-69.23,136.833
492.136,10.6378,0.0,127.03,0.43,3.196,0.0,7.08,-70.78,136.84
492.216,10.6279,0.0,126.98,0.43,3.198,0.0,7.08,-71.3,136.842
492.376,10.6082,0.0,126.89,0.43,3.203,0.0,7.08,-72.37,136.847
492.456,10.5984,0.0,126.85,0.43,3.205,0.0,7.07,-72.9,136.849
492.616,10.5787,0.0,126.76,0.43,3.21,0.0,7.07,-73.99,136.853
492.696,10.559,0.0,126.67,0.43,3.215,0.0,7.06,-75.1,136.857
493.016,10.5295,0.0,126.54,0.43,3.222,0.0,7.04,-76.78,136.861
493.016,10.5295,0.0,126.54,0.43,3.222,0.0,7.04,-76.78,136.864
493.256,10.5,0.0,126.41,0.43,3.229,0.0,7.03,-78.49,136.87
493.336,10.4902,0.0,126.37,0.43,3.231,0.0,7.02,-79.07,136.872
493.576,10.4608,0.0,126.24,0.43,3.238,0.0,7.0,-80.83,136.876
493.656,10.451,0.0,126.2,0.43,3.241,0.0,6.99,-81.42,136.88
493.816,10.4314,0.0,126.11,0.42,3.246,0.0,6.98,-82.61,136.882
493.896,10.4216,0.0,126.07,0.42,3.248,0.0,6.97,-83.21,136.886
494.056,10.402,0.0,125.98,0.42,3.253,0.0,6.95,-84.41,136.89
494.136,10.3824,0.0,125.9,0.42,3.257,0.0,6.94,-85.63,136.894
494.376,10.3628,0.0,125.81,0.42,3.262,0.0,6.92,-86.85,136.898
494.456,10.3531,0.0,125.77,0.42,3.264,0.0,6.91,-87.47,136.9
494.616,10.3335,0.0,125.68,0.42,3.269,0.0,6.89,-88.7,136.904
494.776,10.314,0.0,125.59,0.42,3.274,0.0,6.88,-89.95,136.907
494.936,10.2847,0.0,125.46,0.42,3.281,0.0,6.85,-91.82,136.911
495.256,10.2554,0.0,125.33,0.42,3.288,0.0,6.83,-93.71,136.915
495.256,10.2554,0.0,125.33,0.42,3.288,0.0,6.83,-93.71,136.918
495.416,10.2359,0.0,125.25,0.42,3.292,0.0,6.82,-94.98,136.92
495.496,10.2262,0.0,125.2,0.42,3.295,0.0,6.81,-95.61,136.924
495.576,10.2164,0.0,125.16,0.42,3.297,0.0,6.81,-96.24,136.925
495.656,10.197,0.0,125.08,0.42,3.302,0.0,6.8,-97.51,136.929
495.896,10.1775,0.0,124.99,0.42,3.306,0.0,6.79,-98.78,136.932
496.136,10.1484,0.0,124.86,0.42,3.313,0.0,6.78,-100.69,136.936
496.376,10.1192,0.0,124.74,0.42,3.32,0.0,6.77,-102.59,136.939
496.376,10.1192,0.0,124.74,0.42,3.32,0.0,6.77,-102.59,136.943
496.616,10.0901,0.0,124.61,0.42,3.327,0.0,6.77,-104.49,136.946
496.856,10.061,0.0,124.49,0.42,3.334,0.0,6.78,-106.39,136.95
496.856,10.061,0.0,124.49,0.42,3.334,0.0,6.78,-106.39,136.952
497.096,10.0223,0.0,124.33,0.42,3.344,0.0,6.79,-108.9,136.957
497.256,10.0126,0.0,124.29,0.42,3.346,0.0,6.79,-109.52,136.96
497.416,9.9932,0.0,124.21,0.42,3.351,0.0,6.8,-110.76,136.963
497.496,9.9836,0.0,124.17,0.42,3.353,0.0,6.8,-111.38,136.965
497.656,9.9642,0.0,124.1,0.42,3.358,0.0,6.81,-112.61,136.968
497.736,9.9545,0.0,124.06,0.42,3.36,0.0,6.82,-113.23,136.969
497.976,9.9256,0.0,123.95,0.42,3.368,0.0,6.83,-115.05,136.973
498.056,9.9159,0.0,123.91,0.42,3.37,0.0,6.84,-115.66,136.975
498.216,9.8966,0.0,123.84,0.42,3.375,0.0,6.85,-116.86,136.978
498.296,9.887,0.0,123.8,0.42,3.378,0.0,6.85,-117.45,136.979
498.456,9.8677,0.0,123.73,0.42,3.383,0.0,6.86,-118.63,136.982
498.696,9.8291,0.0,123.58,0.42,3.393,0.0,6.87,-120.96,136.984
498.696,9.8291,0.0,123.58,0.42,3.393,0.0,6.87,-120.96,136.987
499.016,9.8002,0.0,123.47,0.42,3.401,0.0,6.88,-122.68,136.989
499.096,9.7906,0.0,123.43,0.41,3.403,0.0,6.88,-123.24,136.992
499.256,9.7714,0.0,123.34,0.41,3.408,0.0,6.88,-124.36,136.995
499.336,9.7618,0.0,123.3,0.41,3.411,0.0,6.89,-124.91,136.996
499.496,9.7425,0.0,123.22,0.41,3.415,0.0,6.89,-126.0,136.998
499.656,9.7233,0.0,123.13,0.41,3.42,0.0,6.89,-127.08,137.001
499.816,9.7041,0.0,123.04,0.41,3.425,0.0,6.9,-128.14,137.003
499.896,9.6945,0.0,122.99,0.41,3.427,0.0,6.9,-128.66,137.004
500.056,9.6754,0.0,122.9,0.41,3.431,0.0,6.91,-129.7,137.006
500.136,9.6562,0.0,122.81,0.41,3.435,0.0,6.91,-130.71,137.008
500.456,9.6275,0.0,122.66,0.41,3.442,0.0,6.93,-132.2,137.01
500.456,9.6275,0.0,122.66,0.41,3.442,0.0,6.93,-132.2,137.012
500.776,9.5892,0.0,122.46,0.41,3.449,0.0,6.96,-134.11,137.013
500.776,9.5892,0.0,122.46,0.41,3.449,0.0,6.96,-134.11,137.016
501.016,9.5606,0.0,122.3,0.41,3.454,0.0,6.99,-135.49,137.017
501.096,9.551,0.0,122.25,0.41,3.456,0.0,7.0,-135.94,137.019
501.336,9.5224,0.0,122.09,0.41,3.461,0.0,7.04,-137.25,137.021
501.416,9.5129,0.0,122.04,0.41,3.463,0.0,7.05,-137.68,137.023
501.496,9.5034,0.0,121.99,0.41,3.464,0.0,7.07,-138.1,137.024
501.656,9.4844,0.0,121.88,0.41,3.467,0.0,7.1,-138.93,137.026
501.896,9.4558,0.0,121.72,0.41,3.472,0.0,7.14,-140.12,137.027
501.976,9.4463,0.0,121.66,0.41,3.473,0.0,7.16,-140.5,137.028
502.056,9.4369,0.0,121.61,0.41,3.475,0.0,7.18,-140.88,137.03
502.216,9.4084,0.0,121.44,0.41,3.479,0.0,7.22,-141.98,137.032
502.456,9.3894,0.0,121.33,0.41,3.482,0.0,7.26,-142.68,137.032
502.456,9.3894,0.0,121.33,0.41,3.482,0.0,7.26,-142.68,137.033
502.776,9.3516,0.0,121.1,0.41,3.487,0.0,7.31,-144.01,137.035
502.856,9.3421,0.0,121.05,0.41,3.488,0.0,7.33,-144.32,137.037
503.016,9.3233,0.0,120.93,0.41,3.491,0.0,7.35,-144.93,137.038
503.096,9.3138,0.0,120.88,0.41,3.492,0.0,7.36,-145.23,137.039
503.256,9.2949,0.0,120.76,0.41,3.494,0.0,7.39,-145.8,137.04
503.496,9.2667,0.0,120.59,0.4,3.498,0.0,7.41,-146.6,137.041
503.576,9.2573,0.0,120.53,0.4,3.499,0.0,7.42,-146.85,137.042
503.736,9.2385,0.0,120.41,0.4,3.501,0.0,7.43,-147.34,137.042
503.976,9.2103,0.0,120.24,0.4,3.504,0.0,7.43,-148.02,137.044
503.976,9.2103,0.0,120.24,0.4,3.504,0.0,7.43,-148.02,137.044
504.216,9.1821,0.0,120.06,0.4,3.507,0.0,7.43,-148.64,137.045
504.216,9.1821,0.0,120.06,0.4,3.507,0.0,7.43,-148.64,137.046
504.456,9.154,0.0,119.88,0.4,3.51,0.0,7.42,-149.19,137.047
504.536,9.1447,0.0,119.82,0.4,3.511,0.0,7.41,-149.36,137.047
504.696,9.126,0.0,119.7,0.4,3.513,0.0,7.4,-149.68,137.048
504.856,9.1073,0.0,119.57,0.4,3.515,0.0,7.38,-149.97,137.048
504.936,9.0979,0.0,119.51,0.4,3.516,0.0,7.37,-150.11,137.049
505.016,9.0793,0.0,119.39,0.4,3.517,0.0,7.35,-150.35,137.049
505.256,9.0606,0.0,119.26,0.4,3.519,0.0,7.32,-150.57,137.05
505.416,9.042,0.0,119.13,0.4,3.52,0.0,7.3,-150.76,137.05
505.576,9.0234,0.0,119.01,0.4,3.521,0.0,7.27,-150.93,137.051
505.816,8.9956,0.0,118.81,0.4,3.523,0.0,7.23,-151.11,137.05
505.816,8.9956,0.0,118.81,0.4,3.523,0.0,7.23,-151.11,137.051
506.056,8.9677,0.0,118.62,0.4,3.525,0.0,7.18,-151.24,137.051
506.136,8.9585,0.0,118.55,0.4,3.525,0.0,7.17,-151.26,137.052
506.296,8.94,0.0,118.42,0.4,3.526,0.0,7.14,-151.3,137.052
506.536,8.9122,0.0,118.22,0.4,3.527,0.0,7.1,-151.29,137.051
506.536,8.9122,0.0,118.22,0.4,3.527,0.0,7.1,-151.29,137.052
506.776,8.8754,0.0,117.95,0.4,3.529,0.0,7.06,-151.18,137.051
506.776,8.8754,0.0,117.95,0.4,3.529,0.0,7.06,-151.18,137.052
507.096,8.8477,0.0,117.75,0.39,3.53,0.0,7.04,-151.02,137.051
507.176,8.8385,0.0,117.68,0.39,3.53,0.0,7.04,-150.95,137.051
507.256,8.8202,0.0,117.55,0.39,3.53,0.0,7.03,-150.79,137.051
507.496,8.8018,0.0,117.41,0.39,3.531,0.0,7.02,-150.61,137.051
507.656,8.7835,0.0,117.28,0.39,3.531,0.0,7.02,-150.39,137.05
507.736,8.7743,0.0,117.21,0.39,3.531,0.0,7.02,-150.27,137.05
507.816,8.756,0.0,117.07,0.39,3.531,0.0,7.03,-150.01,137.05
508.056,8.7377,0.0,116.94,0.39,3.531,0.0,7.03,-149.73,137.049
508.136,8.7286,0.0,116.87,0.39,3.531,0.0,7.04,-149.57,137.049
508.216,8.7103,0.0,116.73,0.39,3.532,0.0,7.05,-149.24,137.049
508.456,8.6921,0.0,116.6,0.39,3.532,0.0,7.07,-148.88,137.048
508.776,8.6557,0.0,116.33,0.39,3.532,0.0,7.1,-148.08,137.047
508.776,8.6557,0.0,116.33,0.39,3.532,0.0,7.1,-148.08,137.047
508.936,8.6375,0.0,116.2,0.39,3.532,0.0,7.12,-147.63,137.046
509.096,8.6194,0.0,116.06,0.39,3.532,0.0,7.14,-147.16,137.045
509.256,8.6013,0.0,115.93,0.39,3.532,0.0,7.16,-146.66,137.044
509.336,8.5832,0.0,115.8,0.39,3.532,0.0,7.18,-146.13,137.043
509.576,8.5651,0.0,115.67,0.39,3.532,0.0,7.19,-145.57,137.043
509.656,8.556,0.0,115.6,0.39,3.532,0.0,7.2,-145.28,137.042
509.816,8.538,0.0,115.47,0.39,3.532,0.0,7.21,-144.68,137.041
509.896,8.529,0.0,115.4,0.39,3.532,0.0,7.22,-144.38,137.04
510.136,8.5019,0.0,115.21,0.39,3.532,0.0,7.23,-143.41,137.039
510.216,8.4929,0.0,115.14,0.39,3.532,0.0,7.24,-143.08,137.038
510.376,8.4749,0.0,115.01,0.38,3.532,0.0,7.24,-142.39,137.037
510.456,8.466,0.0,114.95,0.38,3.532,0.0,7.24,-142.03,137.036
510.616,8.448,0.0,114.82,0.38,3.532,0.0,7.23,-141.3,137.035
510.696,8.4301,0.0,114.69,0.38,3.532,0.0,7.23,-140.55,137.034
511.016,8.4032,0.0,114.49,0.38,3.532,0.0,7.21,-139.38,137.032
511.016,8.4032,0.0,114.49,0.38,3.532,0.0,7.21,-139.38,137.032
511.256,8.3764,0.0,114.3,0.38,3.532,0.0,7.18,-138.15,137.029
511.336,8.3674,0.0,114.23,0.38,3.532,0.0,7.17,-137.73,137.029
511.496,8.3407,0.0,114.04,0.38,3.531,0.0,7.12,-136.43,137.026
511.656,8.3318,0.0,113.97,0.38,3.531,0.0,7.11,-135.99,137.026
511.816,8.314,0.0,113.84,0.38,3.531,0.0,7.08,-135.08,137.024
511.976,8.2962,0.0,113.71,0.38,3.531,0.0,7.04,-134.16,137.023
511.976,8.2873,0.0,113.64,0.38,3.531,0.0,7.02,-133.69,137.021
512.296,8.2607,0.0,113.44,0.38,3.53,0.0,6.96,-132.25,137.019
512.296,8.2607,0.0,113.44,0.38,3.53,0.0,6.96,-132.25,137.019
512.536,8.2341,0.0,113.24,0.38,3.529,0.0,6.91,-130.76,137.016
512.616,8.2253,0.0,113.18,0.38,3.529,0.0,6.89,-130.26,137.015
512.776,8.1987,0.0,112.98,0.38,3.528,0.0,6.83,-128.71,137.013
513.096,8.1723,0.0,112.77,0.38,3.527,0.0,6.77,-127.13,137.011
513.096,8.1723,0.0,112.77,0.38,3.527,0.0,6.77,-127.13,137.009
513.256,8.1547,0.0,112.64,0.38,3.527,0.0,6.74,-126.06,137.007
513.416,8.1371,0.0,112.5,0.38,3.526,0.0,6.71,-124.96,137.005
513.576,8.1107,0.0,112.3,0.37,3.525,0.0,6.67,-123.3,137.002
513.896,8.0844,0.0,112.1,0.37,3.523,0.0,6.64,-121.6,137.0
513.896,8.0844,0.0,112.1,0.37,3.523,0.0,6.64,-121.6,136.999
514.136,8.0581,0.0,111.9,0.37,3.522,0.0,6.62,-119.86,136.996
514.216,8.0494,0.0,111.83,0.37,3.521,0.0,6.61,-119.28,136.994
514.296,8.0406,0.0,111.76,0.37,3.521,0.0,6.61,-118.69,136.993
514.536,8.0144,0.0,111.56,0.37,3.519,0.0,6.6,-116.91,136.989
514.696,7.997,0.0,111.43,0.37,3.518,0.0,6.6,-115.71,136.987
514.856,7.9796,0.0,111.3,0.37,3.517,0.0,6.61,-114.5,136.986
514.856,7.9796,0.0,111.3,0.37,3.517,0.0,6.61,-114.5,136.985
515.176,7.9448,0.0,111.03,0.37,3.515,0.0,6.63,-112.05,136.981
515.176,7.9448,0.0,111.03,0.37,3.515,0.0,6.63,-112.05,136.98
515.416,7.9188,0.0,110.84,0.37,3.513,0.0,6.66,-110.19,136.977
515.416,7.9101,0.0,110.77,0.37,3.513,0.0,6.66,-109.56,136.975
515.736,7.8842,0.0,110.58,0.37,3.511,0.0,6.69,-107.68,136.972
515.736,7.8842,0.0,110.58,0.37,3.511,0.0,6.69,-107.68,136.971
516.056,7.8496,0.0,110.33,0.37,3.509,0.0,6.74,-105.15,136.967
516.056,7.8496,0.0,110.33,0.37,3.509,0.0,6.74,-105.15,136.965
516.296,7.8238,0.0,110.14,0.37,3.508,0.0,6.77,-103.24,136.962
516.376,7.8152,0.0,110.07,0.37,3.507,0.0,6.78,-102.6,136.96
516.536,7.798,0.0,109.95,0.37,3.506,0.0,6.79,-101.32,136.957
516.776,7.7722,0.0,109.77,0.36,3.505,0.0,6.82,-99.4,136.954
516.776,7.7722,0.0,109.77,0.36,3.505,0.0,6.82,-99.4,136.953
516.936,7.755,0.0,109.64,0.36,3.504,0.0,6.83,-98.12,136.95
517.096,7.7379,0.0,109.52,0.36,3.503,0.0,6.84,-96.84,136.947
517.176,7.7293,0.0,109.46,0.36,3.503,0.0,6.84,-96.2,136.946
517.336,7.7037,0.0,109.28,0.36,3.502,0.0,6.84,-94.28,136.943
517.496,7.6951,0.0,109.22,0.36,3.501,0.0,6.84,-93.64,136.94
517.656,7.678,0.0,109.1,0.36,3.5,0.0,6.84,-92.37,136.937
517.896,7.6525,0.0,108.92,0.36,3.499,0.0,6.83,-90.46,136.934
517.896,7.6525,0.0,108.92,0.36,3.499,0.0,6.83,-90.46,136.933
518.136,7.6269,0.0,108.74,0.36,3.498,0.0,6.8,-88.57,136.929
518.216,7.6099,0.0,108.62,0.36,3.497,0.0,6.79,-87.32,136.925
518.456,7.5929,0.0,108.5,0.36,3.497,0.0,6.76,-86.08,136.923
518.696,7.5675,0.0,108.33,0.36,3.495,0.0,6.73,-84.23,136.92
518.696,7.5675,0.0,108.33,0.36,3.495,0.0,6.73,-84.23,136.917
518.856,7.5421,0.0,108.15,0.36,3.494,0.0,6.69,-82.4,136.913
519.016,7.5336,0.0,108.09,0.36,3.494,0.0,6.68,-81.8,136.911
519.176,7.5167,0.0,107.97,0.36,3.493,0.0,6.65,-80.6,136.908
519.256,7.5083,0.0,107.91,0.36,3.492,0.0,6.64,-80.0,136.906
519.496,7.483,0.0,107.73,0.36,3.491,0.0,6.6,-78.23,136.903
519.576,7.4746,0.0,107.67,0.36,3.491,0.0,6.59,-77.65,136.9
519.896,7.4409,0.0,107.44,0.36,3.489,0.0,6.54,-75.35,136.896
519.896,7.4409,0.0,107.44,0.36,3.489,0.0,6.54,-75.35,136.893
520.216,7.4073,0.0,107.2,0.35,3.487,0.0,6.51,-73.12,136.889
520.216,7.4073,0.0,107.2,0.35,3.487,0.0,6.51,-73.12,136.887
520.456,7.3822,0.0,107.02,0.35,3.485,0.0,6.5,-71.48,136.883
520.616,7.3571,0.0,106.85,0.35,3.484,0.0,6.5,-69.89,136.88
520.616,7.3571,0.0,106.85,0.35,3.484,0.0,6.5,-69.89,136.877
520.936,7.332,0.0,106.67,0.35,3.482,0.0,6.5,-68.33,136.872
521.016,7.3237,0.0,106.62,0.35,3.481,0.0,6.51,-67.82,136.87
521.256,7.2987,0.0,106.44,0.35,3.48,0.0,6.53,-66.32,136.865
521.336,7.2904,0.0,106.39,0.35,3.479,0.0,6.54,-65.83,136.864
521.496,7.2737,0.0,106.27,0.35,3.478,0.0,6.56,-64.86,136.86
521.576,7.2654,0.0,106.22,0.35,3.478,0.0,6.58,-64.39,136.859
521.736,7.2488,0.0,106.11,0.35,3.477,0.0,6.6,-63.45,136.855
521.976,7.2156,0.0,105.89,0.35,3.475,0.0,6.67,-61.64,136.852
521.976,7.2156,0.0,105.89,0.35,3.475,0.0,6.67,-61.64,136.848
522.296,7.1908,0.0,105.72,0.35,3.474,0.0,6.73,-60.34,136.845
522.376,7.1825,0.0,105.67,0.35,3.473,0.0,6.74,-59.92,136.842
522.536,7.166,0.0,105.57,0.35,3.472,0.0,6.78,-59.09,136.838
522.616,7.1577,0.0,105.51,0.35,3.472,0.0,6.8,-58.69,136.836
522.776,7.133,0.0,105.36,0.35,3.471,0.0,6.86,-57.5,136.834
522.936,7.1247,0.0,105.3,0.35,3.471,0.0,6.88,-57.12,136.83
523.096,7.1082,0.0,105.2,0.35,3.47,0.0,6.91,-56.37,136.826
523.176,7.1,0.0,105.15,0.35,3.47,0.0,6.93,-56.01,136.824
523.416,7.0753,0.0,105.0,0.35,3.469,0.0,6.98,-54.95,136.821
523.496,7.0671,0.0,104.95,0.35,3.469,0.0,6.99,-54.61,136.818
523.736,7.0425,0.0,104.8,0.35,3.468,0.0,7.03,-53.62,136.814
523.816,7.0343,0.0,104.75,0.34,3.468,0.0,7.04,-53.3,136.811
523.896,7.0261,0.0,104.7,0.34,3.467,0.0,7.04,-53.0,136.809
524.376,6.977,0.0,104.41,0.34,3.466,0.0,7.07,-51.27,136.8
524.536,6.9607,0.0,104.31,0.34,3.466,0.0,7.07,-50.75,136.797
524.536,6.9607,0.0,104.31,0.34,3.466,0.0,7.07,-50.75,136.795
524.776,6.928,0.0,104.12,0.34,3.465,0.0,7.05,-49.79,136.792
524.776,6.928,0.0,104.12,0.34,3.465,0.0,7.05,-49.79,136.788
525.176,6.8955,0.0,103.93,0.34,3.465,0.0,7.02,-48.94,136.783
525.176,6.8874,0.0,103.88,0.34,3.465,0.0,7.01,-48.74,136.78
525.416,6.863,0.0,103.73,0.34,3.464,0.0,6.97,-48.19,136.778
525.416,6.863,0.0,103.73,0.34,3.464,0.0,6.97,-48.19,136.775
525.736,6.8386,0.0,103.59,0.34,3.464,0.0,6.93,-47.71,136.771
526.056,6.8062,0.0,103.39,0.34,3.463,0.0,6.87,-47.17,136.766
526.056,6.8062,0.0,103.39,0.34,3.463,0.0,6.87,-47.17,136.763
526.296,6.782,0.0,103.24,0.34,3.462,0.0,6.82,-46.83,136.759
526.376,6.7739,0.0,103.19,0.34,3.462,0.0,6.81,-46.74,136.756
526.536,6.7578,0.0,103.1,0.34,3.462,0.0,6.78,-46.56,136.753
526.616,6.7497,0.0,103.05,0.34,3.461,0.0,6.77,-46.49,136.751
526.936,6.7175,0.0,102.85,0.34,3.46,0.0,6.73,-46.26,136.748
526.936,6.7175,0.0,102.85,0.34,3.46,0.0,6.73,-46.26,136.744
527.176,6.6933,0.0,102.7,0.34,3.459,0.0,6.7,-46.17,136.741
527.256,6.6853,0.0,102.65,0.34,3.459,0.0,6.7,-46.15,136.738
527.336,6.6692,0.0,102.55,0.34,3.458,0.0,6.69,-46.14,136.735
527.576,6.6532,0.0,102.45,0.34,3.458,0.0,6.69,-46.15,136.731
527.656,6.6452,0.0,102.4,0.34,3.457,0.0,6.69,-46.17,136.73
527.816,6.6292,0.0,102.3,0.33,3.457,0.0,6.69,-46.23,136.727
528.056,6.6052,0.0,102.16,0.33,3.456,0.0,6.7,-46.37,136.723
528.056,6.6052,0.0,102.16,0.33,3.456,0.0,6.7,-46.37,136.722
528.376,6.5732,0.0,101.96,0.33,3.454,0.0,6.74,-46.66,136.717
528.376,6.5732,0.0,101.96,0.33,3.454,0.0,6.74,-46.66,136.715
528.616,6.5493,0.0,101.82,0.33,3.453,0.0,6.78,-46.95,136.712
528.696,6.5413,0.0,101.77,0.33,3.453,0.0,6.79,-47.06,136.709
528.856,6.5254,0.0,101.68,0.33,3.452,0.0,6.82,-47.31,136.708
528.936,6.5095,0.0,101.58,0.33,3.452,0.0,6.86,-47.58,136.703
529.176,6.4936,0.0,101.49,0.33,3.451,0.0,6.89,-47.87,136.702
529.256,6.4857,0.0,101.44,0.33,3.451,0.0,6.91,-48.03,136.699
529.416,6.4618,0.0,101.31,0.33,3.45,0.0,6.96,-48.55,136.696
529.576,6.4539,0.0,101.26,0.33,3.45,0.0,6.98,-48.74,136.693
529.736,6.4381,0.0,101.17,0.33,3.449,0.0,7.01,-49.13,136.69
529.816,6.4302,0.0,101.12,0.33,3.449,0.0,7.03,-49.33,136.688
530.056,6.4064,0.0,100.99,0.33,3.449,0.0,7.07,-49.99,136.685
530.136,6.3985,0.0,100.95,0.33,3.448,0.0,7.09,-50.22,136.682
530.376,6.3748,0.0,100.81,0.33,3.448,0.0,7.12,-50.96,136.68
530.536,6.3591,0.0,100.73,0.33,3.448,0.0,7.14,-51.48,136.677
530.536,6.3591,0.0,100.73,0.33,3.448,0.0,7.14,-51.48,136.675
530.776,6.3354,0.0,100.6,0.33,3.447,0.0,7.16,-52.31,136.671
530.856,6.3276,0.0,100.55,0.33,3.447,0.0,7.16,-52.61,136.67
531.096,6.304,0.0,100.42,0.33,3.447,0.0,7.16,-53.51,136.666
531.176,6.2961,0.0,100.38,0.33,3.447,0.0,7.16,-53.83,136.664
531.336,6.2804,0.0,100.29,0.33,3.447,0.0,7.15,-54.48,136.662
531.496,6.2647,0.0,100.2,0.33,3.446,0.0,7.14,-55.15,136.661
531.576,6.249,0.0,100.12,0.33,3.446,0.0,7.12,-55.85,136.656
531.816,6.2334,0.0,100.03,0.33,3.446,0.0,7.1,-56.58,136.655
531.896,6.2256,0.0,99.98,0.33,3.446,0.0,7.09,-56.95,136.653
532.056,6.2099,0.0,99.9,0.33,3.446,0.0,7.06,-57.71,136.65
532.136,6.2021,0.0,99.85,0.32,3.446,0.0,7.05,-58.1,136.649
532.296,6.1865,0.0,99.76,0.32,3.445,0.0,7.01,-58.89,136.646
532.536,6.1631,0.0,99.63,0.32,3.445,0.0,6.96,-60.13,136.644
532.616,6.1553,0.0,99.58,0.32,3.445,0.0,6.94,-60.55,136.642
532.776,6.1397,0.0,99.49,0.32,3.444,0.0,6.9,-61.41,136.639
532.856,6.1319,0.0,99.45,0.32,3.444,0.0,6.89,-61.85,136.638
533.096,6.1086,0.0,99.31,0.32,3.443,0.0,6.83,-63.2,136.636
533.096,6.1086,0.0,99.31,0.32,3.443,0.0,6.83,-63.2,136.635
533.416,6.0775,0.0,99.12,0.32,3.442,0.0,6.77,-65.08,136.631
533.416,6.0775,0.0,99.12,0.32,3.442,0.0,6.77,-65.08,136.63
533.656,6.0543,0.0,98.98,0.32,3.441,0.0,6.72,-66.54,136.628
533.736,6.0465,0.0,98.94,0.32,3.441,0.0,6.71,-67.03,136.626
533.896,6.0311,0.0,98.84,0.32,3.44,0.0,6.69,-68.04,136.624
534.136,6.0079,0.0,98.7,0.32,3.439,0.0,6.67,-69.58,136.622
534.216,6.0002,0.0,98.66,0.32,3.438,0.0,6.67,-70.11,136.62
534.296,5.9924,0.0,98.61,0.32,3.438,0.0,6.67,-70.63,136.619
534.536,5.9616,0.0,98.42,0.32,3.436,0.0,6.67,-72.79,136.617
534.536,5.9616,0.0,98.42,0.32,3.436,0.0,6.67,-72.79,136.615
534.776,5.9462,0.0,98.33,0.32,3.435,0.0,6.68,-73.88,136.613
535.016,5.9231,0.0,98.19,0.32,3.434,0.0,6.71,-75.56,136.612
535.016,5.9231,0.0,98.19,0.32,3.434,0.0,6.71,-75.56,136.611
535.176,5.9001,0.0,98.05,0.32,3.433,0.0,6.75,-77.27,136.608
535.336,5.8924,0.0,98.01,0.32,3.432,0.0,6.76,-77.84,136.607
535.576,5.8694,0.0,97.87,0.32,3.431,0.0,6.82,-79.58,136.606
535.576,5.8694,0.0,97.87,0.32,3.431,0.0,6.82,-79.58,136.605
535.896,5.8388,0.0,97.7,0.32,3.429,0.0,6.9,-81.94,136.603
535.896,5.8388,0.0,97.7,0.32,3.429,0.0,6.9,-81.94,136.602
536.136,5.8159,0.0,97.56,0.32,3.428,0.0,6.96,-83.74,136.6
536.216,5.8083,0.0,97.52,0.32,3.428,0.0,6.99,-84.34,136.599
536.456,5.7778,0.0,97.35,0.32,3.426,0.0,7.08,-86.77,136.598
536.456,5.7778,0.0,97.35,0.32,3.426,0.0,7.08,-86.77,136.596
536.696,5.7625,0.0,97.27,0.31,3.426,0.0,7.12,-87.99,136.595
536.776,5.7473,0.0,97.18,0.31,3.425,0.0,7.17,-89.22,136.594
537.096,5.7245,0.0,97.06,0.31,3.425,0.0,7.22,-91.07,136.593
537.176,5.7169,0.0,97.02,0.31,3.425,0.0,7.24,-91.69,136.592
537.336,5.7017,0.0,96.94,0.31,3.424,0.0,7.27,-92.93,136.591
537.416,5.6942,0.0,96.9,0.31,3.424,0.0,7.29,-93.55,136.59
537.656,5.6714,0.0,96.78,0.31,3.424,0.0,7.32,-95.42,136.589
537.736,5.6638,0.0,96.74,0.31,3.423,0.0,7.33,-96.04,136.588
537.976,5.6411,0.0,96.62,0.31,3.423,0.0,7.35,-97.91,136.587
537.976,5.6411,0.0,96.62,0.31,3.423,0.0,7.35,-97.91,136.587
538.216,5.6185,0.0,96.5,0.31,3.423,0.0,7.36,-99.78,136.586
538.296,5.6109,0.0,96.46,0.31,3.423,0.0,7.36,-100.4,136.585
538.536,5.5883,0.0,96.34,0.31,3.422,0.0,7.35,-102.27,136.585
538.616,5.5808,0.0,96.3,0.31,3.422,0.0,7.35,-102.89,136.584
538.776,5.5657,0.0,96.22,0.31,3.422,0.0,7.33,-104.13,136.583
538.856,5.5582,0.0,96.18,0.31,3.422,0.0,7.32,-104.74,136.583
539.096,5.5356,0.0,96.06,0.31,3.422,0.0,7.29,-106.59,136.583
539.176,5.5281,0.0,96.02,0.31,3.422,0.0,7.28,-107.2,136.582
539.176,5.5206,0.0,95.98,0.31,3.421,0.0,7.27,-107.81,136.582
539.416,5.5056,0.0,95.9,0.31,3.421,0.0,7.25,-109.03,136.581
539.496,5.4906,0.0,95.82,0.31,3.421,0.0,7.22,-110.24,136.581
539.736,5.4756,0.0,95.74,0.31,3.42,0.0,7.2,-111.45,136.581
539.816,5.4681,0.0,95.69,0.31,3.42,0.0,7.18,-112.05,136.58
539.976,5.4531,0.0,95.61,0.31,3.42,0.0,7.16,-113.24,136.58
540.136,5.4381,0.0,95.53,0.31,3.419,0.0,7.14,-114.42,136.58
540.296,5.4232,0.0,95.45,0.31,3.419,0.0,7.12,-115.59,136.58
540.376,5.4157,0.0,95.4,0.31,3.419,0.0,7.11,-116.18,136.58
540.536,5.4008,0.0,95.32,0.31,3.418,0.0,7.1,-117.33,136.58
540.696,5.3859,0.0,95.24,0.31,3.418,0.0,7.09,-118.48,136.58
540.856,5.371,0.0,95.15,0.31,3.417,0.0,7.09,-119.61,136.58
540.936,5.3635,0.0,95.11,0.31,3.417,0.0,7.09,-120.17,136.58
541.096,5.3412,0.0,94.99,0.31,3.416,0.0,7.09,-121.83,136.58
541.256,5.3338,0.0,94.94,0.31,3.415,0.0,7.1,-122.38,136.58
541.416,5.3189,0.0,94.86,0.31,3.415,0.0,7.12,-123.46,136.581
541.496,5.3115,0.0,94.82,0.31,3.414,0.0,7.13,-124.0,136.581
541.656,5.2967,0.0,94.74,0.3,3.414,0.0,7.15,-125.06,136.581
541.816,5.2819,0.0,94.66,0.3,3.413,0.0,7.18,-126.1,136.581
542.056,5.2597,0.0,94.54,0.3,3.412,0.0,7.24,-127.63,136.582
542.056,5.2597,0.0,94.54,0.3,3.412,0.0,7.24,-127.63,136.582
542.296,5.2375,0.0,94.42,0.3,3.411,0.0,7.31,-129.12,136.583
542.456,5.2153,0.0,94.3,0.3,3.41,0.0,7.38,-130.56,136.584
542.456,5.2153,0.0,94.3,0.3,3.41,0.0,7.38,-130.56,136.584
542.776,5.1932,0.0,94.18,0.3,3.41,0.0,7.46,-131.96,136.584
542.856,5.1858,0.0,94.14,0.3,3.409,0.0,7.49,-132.42,136.585
543.016,5.1711,0.0,94.07,0.3,3.409,0.0,7.54,-133.31,136.586
543.256,5.149,0.0,93.96,0.3,3.409,0.0,7.63,-134.62,136.587
543.336,5.1417,0.0,93.92,0.3,3.408,0.0,7.65,-135.04,136.587
543.496,5.127,0.0,93.85,0.3,3.408,0.0,7.7,-135.87,136.588
543.656,5.1123,0.0,93.78,0.3,3.408,0.0,7.75,-136.67,136.589
543.656,5.1123,0.0,93.78,0.3,3.408,0.0,7.75,-136.67,136.589
543.896,5.0903,0.0,93.67,0.3,3.408,0.0,7.82,-137.84,136.591
544.056,5.0756,0.0,93.6,0.3,3.408,0.0,7.86,-138.59,136.592
544.216,5.061,0.0,93.53,0.3,3.408,0.0,7.89,-139.31,136.593
544.216,5.0536,0.0,93.49,0.3,3.408,0.0,7.91,-139.66,136.594
544.456,5.039,0.0,93.42,0.3,3.408,0.0,7.93,-140.35,136.595
544.536,5.0317,0.0,93.39,0.3,3.408,0.0,7.94,-140.68,136.596
544.776,5.0098,0.0,93.29,0.3,3.408,0.0,7.96,-141.65,136.597
544.856,5.0025,0.0,93.25,0.3,3.408,0.0,7.96,-141.96,136.598
544.936,4.9952,0.0,93.22,0.3,3.408,0.0,7.96,-142.26,136.599
545.096,4.9806,0.0,93.15,0.3,3.408,0.0,7.96,-142.85,136.6
545.256,4.966,0.0,93.08,0.3,3.408,0.0,7.95,-143.41,136.602
545.336,4.9515,0.0,93.01,0.3,3.409,0.0,7.94,-143.95,136.603
545.576,4.9369,0.0,92.94,0.3,3.409,0.0,7.92,-144.46,136.605
545.736,4.9224,0.0,92.86,0.3,3.409,0.0,7.89,-144.94,136.606
545.896,4.9078,0.0,92.79,0.3,3.409,0.0,7.86,-145.4,136.608
545.976,4.9006,0.0,92.76,0.3,3.409,0.0,7.85,-145.62,136.609
546.136,4.8788,0.0,92.65,0.3,3.409,0.0,7.79,-146.24,136.611
546.296,4.8715,0.0,92.61,0.3,3.409,0.0,7.78,-146.43,136.612
546.456,4.8571,0.0,92.53,0.3,3.408,0.0,7.74,-146.8,136.614
546.696,4.8353,0.0,92.42,0.3,3.408,0.0,7.68,-147.3,136.616
546.696,4.8353,0.0,92.42,0.3,3.408,0.0,7.68,-147.3,136.617
546.856,4.8209,0.0,92.34,0.3,3.408,0.0,7.64,-147.6,136.619
547.016,4.7992,0.0,92.23,0.29,3.407,0.0,7.6,-148.01,136.622
547.256,4.7848,0.0,92.15,0.29,3.407,0.0,7.57,-148.24,136.623
547.256,4.7848,0.0,92.15,0.29,3.407,0.0,7.57,-148.24,136.624
547.576,4.7559,0.0,91.99,0.29,3.406,0.0,7.52,-148.63,136.627
547.576,4.7559,0.0,91.99,0.29,3.406,0.0,7.52,-148.63,136.628
547.816,4.7344,0.0,91.87,0.29,3.405,0.0,7.5,-148.85,136.631
547.896,4.7272,0.0,91.83,0.29,3.404,0.0,7.5,-148.91,136.632
548.056,4.7056,0.0,91.72,0.29,3.403,0.0,7.5,-149.04,136.635
548.216,4.6984,0.0,91.68,0.29,3.403,0.0,7.51,-149.07,136.637
548.376,4.6841,0.0,91.6,0.29,3.402,0.0,7.52,-149.12,136.639
548.456,4.6769,0.0,91.56,0.29,3.402,0.0,7.53,-149.13,136.64
548.616,4.6626,0.0,91.48,0.29,3.401,0.0,7.55,-149.13,136.642
548.776,4.6483,0.0,91.4,0.29,3.4,0.0,7.58,-149.1,136.644
548.936,4.634,0.0,91.32,0.29,3.399,0.0,7.61,-149.04,136.647
549.016,4.6268,0.0,91.28,0.29,3.399,0.0,7.63,-149.0,136.648
549.176,4.6125,0.0,91.21,0.29,3.398,0.0,7.68,-148.9,136.65
549.416,4.5911,0.0,91.09,0.29,3.397,0.0,7.75,-148.7,136.653
549.416,4.5911,0.0,91.09,0.29,3.397,0.0,7.75,-148.7,136.654
549.656,4.5697,0.0,90.98,0.29,3.396,0.0,7.83,-148.43,136.658
549.736,4.5626,0.0,90.95,0.29,3.396,0.0,7.85,-148.33,136.659
549.976,4.5412,0.0,90.84,0.29,3.395,0.0,7.94,-147.97,136.662
550.136,4.5199,0.0,90.73,0.29,3.394,0.0,8.02,-147.56,136.664
550.136,4.5199,0.0,90.73,0.29,3.394,0.0,8.02,-147.56,136.667
550.456,4.4986,0.0,90.63,0.29,3.394,0.0,8.09,-147.08,136.669
550.536,4.4915,0.0,90.59,0.29,3.393,0.0,8.12,-146.9,136.672
550.696,4.4773,0.0,90.52,0.29,3.393,0.0,8.16,-146.53,136.674
551.016,4.449,0.0,90.39,0.29,3.393,0.0,8.23,-145.71,136.677
551.016,4.449,0.0,90.39,0.29,3.393,0.0,8.23,-145.71,136.68
551.176,4.4348,0.0,90.32,0.29,3.392,0.0,8.26,-145.26,136.682
551.336,4.4207,0.0,90.25,0.29,3.392,0.0,8.28,-144.78,136.685
551.496,4.3995,0.0,90.15,0.29,3.392,0.0,8.3,-144.02,136.688
551.656,4.3924,0.0,90.12,0.29,3.392,0.0,8.3,-143.75,136.691
551.816,4.3783,0.0,90.05,0.29,3.392,0.0,8.3,-143.19,136.693
551.896,4.3713,0.0,90.02,0.29,3.392,0.0,8.3,-142.91,136.695
552.136,4.3501,0.0,89.92,0.29,3.392,0.0,8.28,-142.01,136.698
552.136,4.3501,0.0,89.92,0.29,3.392,0.0,8.28,-142.01,136.699
552.456,4.322,0.0,89.78,0.29,3.392,0.0,8.23,-140.72,136.703
552.456,4.322,0.0,89.78,0.29,3.392,0.0,8.23,-140.72,136.705
552.696,4.3009,0.0,89.68,0.28,3.391,0.0,8.18,-139.7,136.708
552.776,4.2938,0.0,89.64,0.28,3.391,0.0,8.16,-139.35,136.71
552.936,4.2798,0.0,89.57,0.28,3.391,0.0,8.11,-138.62,136.713
553.016,4.2728,0.0,89.53,0.28,3.391,0.0,8.09,-138.25,136.714
553.256,4.2518,0.0,89.42,0.28,3.39,0.0,8.02,-137.11,136.719
553.336,4.2448,0.0,89.39,0.28,3.39,0.0,8.0,-136.72,136.72
553.576,4.2238,0.0,89.28,0.28,3.389,0.0,7.93,-135.52,136.723
553.576,4.2168,0.0,89.24,0.28,3.389,0.0,7.9,-135.1,136.726
553.896,4.1958,0.0,89.12,0.28,3.388,0.0,7.83,-133.84,136.729
553.896,4.1958,0.0,89.12,0.28,3.388,0.0,7.83,-133.84,136.73
554.056,4.1749,0.0,89.01,0.28,3.387,0.0,7.78,-132.53,136.734
554.376,4.154,0.0,88.89,0.28,3.386,0.0,7.73,-131.17,136.737
554.376,4.154,0.0,88.89,0.28,3.386,0.0,7.73,-131.17,136.739
554.616,4.1331,0.0,88.77,0.28,3.384,0.0,7.69,-129.78,136.742
554.696,4.1261,0.0,88.73,0.28,3.384,0.0,7.68,-129.3,136.744
554.936,4.1053,0.0,88.62,0.28,3.382,0.0,7.67,-127.86,136.747
555.016,4.0983,0.0,88.58,0.28,3.382,0.0,7.67,-127.36,136.75
555.096,4.0914,0.0,88.54,0.28,3.381,0.0,7.67,-126.87,136.751
555.256,4.0775,0.0,88.46,0.28,3.38,0.0,7.68,-125.86,136.754
555.416,4.0567,0.0,88.34,0.28,3.378,0.0,7.7,-124.33,136.758
555.576,4.0498,0.0,88.3,0.28,3.378,0.0,7.72,-123.81,136.76
555.736,4.036,0.0,88.23,0.28,3.377,0.0,7.75,-122.76,136.763
555.816,4.029,0.0,88.19,0.28,3.376,0.0,7.76,-122.22,136.764
555.976,4.0152,0.0,88.11,0.28,3.375,0.0,7.8,-121.15,136.767
556.216,3.9945,0.0,88.0,0.28,3.373,0.0,7.87,-119.51,136.769
556.296,3.9876,0.0,87.96,0.28,3.373,0.0,7.9,-118.96,136.772
556.536,3.9669,0.0,87.85,0.28,3.371,0.0,7.98,-117.28,136.773
556.536,3.9669,0.0,87.85,0.28,3.371,0.0,7.98,-117.28,136.776
556.776,3.9463,0.0,87.74,0.28,3.37,0.0,8.06,-115.57,136.779
556.776,3.9394,0.0,87.71,0.28,3.37,0.0,8.09,-115.0,136.781
557.016,3.9188,0.0,87.6,0.28,3.368,0.0,8.18,-113.26,136.785
557.176,3.9119,0.0,87.57,0.28,3.368,0.0,8.2,-112.67,136.787
557.336,3.8982,0.0,87.5,0.28,3.367,0.0,8.26,-111.49,136.789
557.416,3.8913,0.0,87.47,0.28,3.367,0.0,8.28,-110.9,136.791
557.656,3.8707,0.0,87.37,0.28,3.366,0.0,8.35,-109.11,136.793
557.736,3.8639,0.0,87.33,0.28,3.366,0.0,8.37,-108.51,136.796
557.976,3.8433,0.0,87.24,0.28,3.365,0.0,8.42,-106.7,136.798
558.056,3.8365,0.0,87.2,0.28,3.365,0.0,8.43,-106.09,136.801
558.136,3.8228,0.0,87.14,0.28,3.365,0.0,8.46,-104.88,136.803
558.296,3.816,0.0,87.11,0.28,3.365,0.0,8.46,-104.27,136.804
558.536,3.7955,0.0,87.01,0.27,3.364,0.0,8.48,-102.43,136.807
558.536,3.7955,0.0,87.01,0.27,3.364,0.0,8.48,-102.43,136.808
558.856,3.7682,0.0,86.88,0.27,3.364,0.0,8.47,-99.97,136.811
558.856,3.7682,0.0,86.88,0.27,3.364,0.0,8.47,-99.97,136.812
559.016,3.7546,0.0,86.81,0.27,3.363,0.0,8.45,-98.74,136.815
559.096,3.7478,0.0,86.78,0.27,3.363,0.0,8.44,-98.13,136.816
559.336,3.7206,0.0,86.65,0.27,3.363,0.0,8.38,-95.67,136.818
559.496,3.7138,0.0,86.62,0.27,3.363,0.0,8.36,-95.06,136.82
559.576,3.707,0.0,86.58,0.27,3.362,0.0,8.34,-94.45,136.823
559.656,3.7002,0.0,86.55,0.27,3.362,0.0,8.32,-93.84,136.824
559.816,3.6866,0.0,86.48,0.27,3.362,0.0,8.27,-92.62,136.826
560.056,3.6662,0.0,86.38,0.27,3.361,0.0,8.2,-90.8,136.828
560.056,3.6595,0.0,86.34,0.27,3.361,0.0,8.18,-90.2,136.83
560.216,3.6527,0.0,86.31,0.27,3.361,0.0,8.16,-89.6,136.831
560.376,3.6392,0.0,86.24,0.27,3.36,0.0,8.11,-88.4,136.833
560.456,3.6256,0.0,86.16,0.27,3.359,0.0,8.06,-87.21,136.835
560.696,3.6121,0.0,86.09,0.27,3.359,0.0,8.02,-86.03,136.837
560.776,3.6053,0.0,86.06,0.27,3.358,0.0,8.0,-85.44,136.838
561.016,3.5851,0.0,85.95,0.27,3.357,0.0,7.94,-83.69,136.839
561.016,3.5784,0.0,85.91,0.27,3.357,0.0,7.93,-83.12,136.841
561.336,3.5581,0.0,85.8,0.27,3.355,0.0,7.89,-81.4,136.843
561.336,3.5581,0.0,85.8,0.27,3.355,0.0,7.89,-81.4,136.844
561.576,3.5379,0.0,85.69,0.27,3.354,0.0,7.88,-79.71,136.845
561.656,3.5312,0.0,85.65,0.27,3.353,0.0,7.88,-79.15,136.847
561.976,3.5043,0.0,85.51,0.27,3.351,0.0,7.89,-76.95,136.849
561.976,3.5043,0.0,85.51,0.27,3.351,0.0,7.89,-76.95,136.85
562.216,3.4842,0.0,85.4,0.27,3.349,0.0,7.93,-75.34,136.852
562.216,3.4775,0.0,85.36,0.27,3.349,0.0,7.95,-74.81,136.853
562.536,3.4574,0.0,85.26,0.27,3.347,0.0,8.01,-73.23,136.854
562.536,3.4574,0.0,85.26,0.27,3.347,0.0,8.01,-73.23,136.855
562.696,3.444,0.0,85.19,0.27,3.346,0.0,8.06,-72.2,136.857
562.856,3.424,0.0,85.09,0.27,3.345,0.0,8.15,-70.68,136.858
563.016,3.4173,0.0,85.05,0.27,3.345,0.0,8.18,-70.19,136.859
563.176,3.4039,0.0,84.99,0.27,3.344,0.0,8.25,-69.2,136.86
563.256,3.3972,0.0,84.95,0.27,3.343,0.0,8.29,-68.71,136.861
563.416,3.3839,0.0,84.89,0.27,3.343,0.0,8.36,-67.75,136.862
563.496,3.3772,0.0,84.86,0.27,3.342,0.0,8.4,-67.28,136.863
563.656,3.3572,0.0,84.77,0.27,3.341,0.0,8.51,-65.88,136.864
563.896,3.3439,0.0,84.71,0.27,3.341,0.0,8.59,-64.97,136.865
563.976,3.3373,0.0,84.68,0.27,3.341,0.0,8.62,-64.53,136.865
564.136,3.324,0.0,84.62,0.27,3.341,0.0,8.7,-63.64,136.866
564.296,3.3107,0.0,84.56,0.27,3.34,0.0,8.76,-62.78,136.867
564.376,3.304,0.0,84.53,0.27,3.34,0.0,8.8,-62.35,136.868
564.696,3.2775,0.0,84.42,0.26,3.34,0.0,8.91,-60.7,136.868
564.696,3.2775,0.0,84.42,0.26,3.34,0.0,8.91,-60.7,136.869
564.936,3.2576,0.0,84.34,0.26,3.34,0.0,8.97,-59.52,136.869
565.016,3.251,0.0,84.32,0.26,3.34,0.0,8.99,-59.14,136.87
565.256,3.2311,0.0,84.24,0.26,3.341,0.0,9.03,-58.02,136.87
565.256,3.2311,0.0,84.24,0.26,3.341,0.0,9.03,-58.02,136.871
565.416,3.2113,0.0,84.16,0.26,3.341,0.0,9.04,-56.95,136.872
565.576,3.2046,0.0,84.13,0.26,3.342,0.0,9.04,-56.6,136.872
565.816,3.1848,0.0,84.05,0.26,3.342,0.0,9.03,-55.6,136.872
565.896,3.1782,0.0,84.03,0.26,3.342,0.0,9.02,-55.28,136.872
566.056,3.165,0.0,83.97,0.26,3.343,0.0,9.0,-54.66,136.873
566.296,3.1452,0.0,83.89,0.26,3.343,0.0,8.94,-53.77,136.873
566.296,3.1452,0.0,83.89,0.26,3.343,0.0,8.94,-53.77,136.873
566.616,3.1189,0.0,83.78,0.26,3.344,0.0,8.85,-52.67,136.873
566.696,3.1123,0.0,83.75,0.26,3.344,0.0,8.83,-52.42,136.873
566.856,3.0991,0.0,83.69,0.26,3.344,0.0,8.77,-51.92,136.873
566.936,3.0926,0.0,83.66,0.26,3.344,0.0,8.75,-51.68,136.873
567.096,3.0794,0.0,83.6,0.26,3.344,0.0,8.69,-51.23,136.873
567.176,3.0663,0.0,83.54,0.26,3.344,0.0,8.63,-50.8,136.872
567.496,3.0466,0.0,83.45,0.26,3.344,0.0,8.55,-50.21,136.872
567.496,3.0466,0.0,83.45,0.26,3.344,0.0,8.55,-50.21,136.872
567.736,3.0204,0.0,83.32,0.26,3.343,0.0,8.45,-49.53,136.871
567.736,3.0204,0.0,83.32,0.26,3.343,0.0,8.45,-49.53,136.871
568.056,3.0008,0.0,83.22,0.26,3.343,0.0,8.39,-49.08,136.871
568.136,2.9942,0.0,83.19,0.26,3.342,0.0,8.38,-48.95,136.87
568.296,2.9812,0.0,83.13,0.26,3.342,0.0,8.35,-48.7,136.87
568.376,2.9746,0.0,83.09,0.26,3.342,0.0,8.34,-48.59,136.869
568.696,2.9485,0.0,82.96,0.26,3.34,0.0,8.33,-48.21,136.868
568.696,2.9485,0.0,82.96,0.26,3.34,0.0,8.33,-48.21,136.868
568.856,2.9355,0.0,82.9,0.26,3.34,0.0,8.34,-48.06,136.867
569.016,2.9225,0.0,82.83,0.26,3.339,0.0,8.35,-47.94,136.867
569.176,2.9094,0.0,82.77,0.26,3.338,0.0,8.38,-47.84,136.866
569.496,2.8834,0.0,82.64,0.26,3.337,0.0,8.46,-47.73,136.865
569.496,2.8834,0.0,82.64,0.26,3.337,0.0,8.46,-47.73,136.864
569.656,2.8704,0.0,82.58,0.26,3.336,0.0,8.51,-47.72,136.863
569.816,2.8575,0.0,82.52,0.26,3.335,0.0,8.57,-47.73,136.862
570.056,2.838,0.0,82.43,0.26,3.335,0.0,8.67,-47.8,136.861
570.056,2.838,0.0,82.43,0.26,3.335,0.0,8.67,-47.8,136.86
570.216,2.8251,0.0,82.37,0.26,3.334,0.0,8.74,-47.87,136.859
570.296,2.8186,0.0,82.34,0.26,3.334,0.0,8.78,-47.92,136.859
570.456,2.7992,0.0,82.26,0.26,3.333,0.0,8.89,-48.1,136.857
570.616,2.7927,0.0,82.23,0.26,3.333,0.0,8.93,-48.17,136.856
570.856,2.7733,0.0,82.15,0.26,3.333,0.0,9.04,-48.43,136.855
570.856,2.7733,0.0,82.15,0.26,3.333,0.0,9.04,-48.43,136.854
571.176,2.7475,0.0,82.05,0.26,3.333,0.0,9.18,-48.86,136.852
571.176,2.7475,0.0,82.05,0.26,3.333,0.0,9.18,-48.86,136.851
571.496,2.7217,0.0,81.95,0.26,3.333,0.0,9.29,-49.39,136.849
571.496,2.7217,0.0,81.95,0.26,3.333,0.0,9.29,-49.39,136.848
571.656,2.7088,0.0,81.9,0.26,3.334,0.0,9.34,-49.69,136.847
571.816,2.696,0.0,81.85,0.26,3.334,0.0,9.37,-50.02,136.845
571.896,2.6895,0.0,81.83,0.26,3.334,0.0,9.38,-50.19,136.844
572.056,2.6702,0.0,81.76,0.25,3.335,0.0,9.41,-50.75,136.843
572.216,2.6638,0.0,81.73,0.25,3.335,0.0,9.41,-50.95,136.841
572.456,2.6446,0.0,81.66,0.25,3.336,0.0,9.41,-51.58,136.839
572.456,2.6446,0.0,81.66,0.25,3.336,0.0,9.41,-51.58,136.838
572.696,2.6253,0.0,81.59,0.25,3.337,0.0,9.38,-52.27,136.836
572.776,2.6189,0.0,81.56,0.25,3.337,0.0,9.36,-52.51,136.835
573.016,2.5997,0.0,81.48,0.25,3.338,0.0,9.3,-53.28,136.833
573.096,2.5933,0.0,81.46,0.25,3.338,0.0,9.28,-53.54,136.832
573.176,2.5869,0.0,81.43,0.25,3.338,0.0,9.25,-53.82,136.83
573.336,2.5741,0.0,81.38,0.25,3.338,0.0,9.2,-54.39,136.828
573.416,2.5613,0.0,81.33,0.25,3.339,0.0,9.13,-54.98,136.826
573.736,2.5421,0.0,81.24,0.25,3.339,0.0,9.03,-55.92,136.824
573.736,2.5421,0.0,81.24,0.25,3.339,0.0,9.03,-55.92,136.823
573.976,2.5166,0.0,81.13,0.25,3.339,0.0,8.88,-57.25,136.821
573.976,2.5166,0.0,81.13,0.25,3.339,0.0,8.88,-57.25,136.819
574.296,2.4975,0.0,81.03,0.25,3.339,0.0,8.78,-58.32,136.817
574.376,2.4911,0.0,81.0,0.25,3.338,0.0,8.74,-58.69,136.815
574.536,2.4784,0.0,80.94,0.25,3.338,0.0,8.68,-59.44,136.814
574.616,2.472,0.0,80.91,0.25,3.338,0.0,8.65,-59.83,136.811
574.856,2.4466,0.0,80.78,0.25,3.337,0.0,8.55,-61.43,136.809
574.856,2.4466,0.0,80.78,0.25,3.337,0.0,8.55,-61.43,136.807
575.176,2.4276,0.0,80.68,0.25,3.335,0.0,8.49,-62.69,136.805
575.176,2.4212,0.0,80.65,0.25,3.335,0.0,8.48,-63.12,136.802
575.496,2.4022,0.0,80.55,0.25,3.334,0.0,8.46,-64.44,136.8
575.496,2.4022,0.0,80.55,0.25,3.334,0.0,8.46,-64.44,136.799
575.736,2.3832,0.0,80.45,0.25,3.332,0.0,8.46,-65.8,136.796
575.816,2.3706,0.0,80.39,0.25,3.331,0.0,8.47,-66.74,136.793
576.056,2.3579,0.0,80.32,0.25,3.33,0.0,8.5,-67.69,136.791
576.136,2.3516,0.0,80.29,0.25,3.33,0.0,8.52,-68.17,136.79
576.296,2.339,0.0,80.23,0.25,3.329,0.0,8.56,-69.15,136.788
576.376,2.3327,0.0,80.19,0.25,3.328,0.0,8.59,-69.65,136.786
576.536,2.3138,0.0,80.1,0.25,3.327,0.0,8.68,-71.15,136.783
576.696,2.3075,0.0,80.07,0.25,3.326,0.0,8.71,-71.66,136.782
576.936,2.2886,0.0,79.98,0.25,3.325,0.0,8.83,-73.21,136.779
577.016,2.2823,0.0,79.95,0.25,3.324,0.0,8.87,-73.73,136.777
577.256,2.2635,0.0,79.87,0.25,3.323,0.0,9.0,-75.32,136.775
577.256,2.2635,0.0,79.87,0.25,3.323,0.0,9.0,-75.32,136.774
577.576,2.2384,0.0,79.76,0.25,3.322,0.0,9.17,-77.48,136.77
577.576,2.2384,0.0,79.76,0.25,3.322,0.0,9.17,-77.48,136.769
577.896,2.2133,0.0,79.66,0.25,3.322,0.0,9.34,-79.67,136.765
577.896,2.2133,0.0,79.66,0.25,3.322,0.0,9.34,-79.67,136.764
578.136,2.1945,0.0,79.58,0.25,3.322,0.0,9.46,-81.34,136.762
578.216,2.1883,0.0,79.56,0.25,3.322,0.0,9.49,-81.9,136.76
578.376,2.1758,0.0,79.51,0.25,3.322,0.0,9.56,-83.02,136.758
578.376,2.1695,0.0,79.49,0.25,3.322,0.0,9.59,-83.59,136.756
578.696,2.1508,0.0,79.42,0.25,3.322,0.0,9.66,-85.3,136.754
578.776,2.1445,0.0,79.39,0.25,3.322,0.0,9.67,-85.87,136.752
578.856,2.1383,0.0,79.37,0.25,3.323,0.0,9.69,-86.44,136.75
579.016,2.1196,0.0,79.3,0.25,3.323,0.0,9.72,-88.17,136.748
579.176,2.1133,0.0,79.28,0.25,3.324,0.0,9.72,-88.75,136.746
579.336,2.1009,0.0,79.23,0.25,3.324,0.0,9.72,-89.91,136.745
579.416,2.0946,0.0,79.21,0.25,3.325,0.0,9.72,-90.49,136.743
579.576,2.0822,0.0,79.16,0.25,3.325,0.0,9.7,-91.65,136.74
579.816,2.0635,0.0,79.09,0.25,3.326,0.0,9.65,-93.41,136.738
579.896,2.0573,0.0,79.07,0.25,3.326,0.0,9.63,-94.0,136.736
579.976,2.0511,0.0,79.04,0.25,3.327,0.0,9.61,-94.58,136.735
580.296,2.0263,0.0,78.94,0.24,3.328,0.0,9.49,-96.94,136.733
580.296,2.0263,0.0,78.94,0.24,3.328,0.0,9.49,-96.94,136.731
580.536,2.0076,0.0,78.86,0.24,3.328,0.0,9.4,-98.71,136.729
580.616,2.0014,0.0,78.84,0.24,3.328,0.0,9.36,-99.3,136.726
580.856,1.9829,0.0,78.75,0.24,3.329,0.0,9.25,-101.07,136.724
580.856,1.9767,0.0,78.72,0.24,3.329,0.0,9.22,-101.66,136.722
581.176,1.9581,0.0,78.64,0.24,3.329,0.0,9.11,-103.43,136.72
581.176,1.9581,0.0,78.64,0.24,3.329,0.0,9.11,-103.43,136.72
581.416,1.9396,0.0,78.55,0.24,3.328,0.0,9.02,-105.2,136.718
581.496,1.9272,0.0,78.48,0.24,3.328,0.0,8.96,-106.37,136.715
581.736,1.9149,0.0,78.42,0.24,3.328,0.0,8.92,-107.54,136.714
581.816,1.9087,0.0,78.39,0.24,3.327,0.0,8.9,-108.12,136.712
581.896,1.9026,0.0,78.36,0.24,3.327,0.0,8.88,-108.7,136.711
582.136,1.8841,0.0,78.26,0.24,3.326,0.0,8.84,-110.43,136.709
582.296,1.8718,0.0,78.2,0.24,3.325,0.0,8.84,-111.58,136.707
582.536,1.8533,0.0,78.1,0.24,3.324,0.0,8.85,-113.28,136.706
582.536,1.8533,0.0,78.1,0.24,3.324,0.0,8.85,-113.28,136.704
582.776,1.8349,0.0,78.01,0.24,3.323,0.0,8.89,-114.96,136.702
582.856,1.8288,0.0,77.98,0.24,3.323,0.0,8.91,-115.51,136.701
583.096,1.8104,0.0,77.88,0.24,3.321,0.0,8.99,-117.15,136.7
583.176,1.8043,0.0,77.85,0.24,3.321,0.0,9.02,-117.69,136.698
583.336,1.7859,0.0,77.76,0.24,3.32,0.0,9.13,-119.3,136.698
583.496,1.7798,0.0,77.73,0.24,3.32,0.0,9.17,-119.82,136.696
583.576,1.7737,0.0,77.71,0.24,3.319,0.0,9.22,-120.35,136.695
583.656,1.7676,0.0,77.68,0.24,3.319,0.0,9.26,-120.86,136.694
584.056,1.7371,0.0,77.54,0.24,3.318,0.0,9.51,-123.39,136.693
584.056,1.7371,0.0,77.54,0.24,3.318,0.0,9.51,-123.39,136.691
584.296,1.7188,0.0,77.46,0.24,3.318,0.0,9.67,-124.85,136.69
584.456,1.7066,0.0,77.42,0.24,3.318,0.0,9.78,-125.8,136.689
584.456,1.7066,0.0,77.42,0.24,3.318,0.0,9.78,-125.8,136.688
584.776,1.6822,0.0,77.32,0.24,3.318,0.0,9.98,-127.64,136.687
584.856,1.6762,0.0,77.3,0.24,3.318,0.0,10.03,-128.09,136.686
585.096,1.6579,0.0,77.23,0.24,3.319,0.0,10.16,-129.4,136.685
585.176,1.6519,0.0,77.21,0.24,3.319,0.0,10.2,-129.83,136.684
585.336,1.6397,0.0,77.17,0.24,3.32,0.0,10.26,-130.66,136.684
585.416,1.6336,0.0,77.15,0.24,3.32,0.0,10.29,-131.07,136.683
585.576,1.6215,0.0,77.11,0.24,3.321,0.0,10.35,-131.87,136.683
585.736,1.6094,0.0,77.06,0.24,3.322,0.0,10.38,-132.66,136.682
585.816,1.6033,0.0,77.04,0.24,3.323,0.0,10.4,-133.04,136.682
585.976,1.5851,0.0,76.98,0.24,3.324,0.0,10.41,-134.15,136.681
586.136,1.5791,0.0,76.96,0.24,3.325,0.0,10.41,-134.51,136.681
586.296,1.567,0.0,76.92,0.24,3.326,0.0,10.4,-135.22,136.68
586.456,1.5549,0.0,76.88,0.24,3.327,0.0,10.37,-135.9,136.68
586.616,1.5428,0.0,76.83,0.24,3.328,0.0,10.33,-136.56,136.68
586.616,1.5367,0.0,76.81,0.24,3.329,0.0,10.31,-136.88,136.68
586.936,1.5186,0.0,76.74,0.24,3.33,0.0,10.22,-137.82,136.68
587.016,1.5126,0.0,76.71,0.24,3.331,0.0,10.18,-138.12,136.679
587.096,1.5066,0.0,76.69,0.24,3.331,0.0,10.15,-138.41,136.679
587.176,1.4945,0.0,76.64,0.24,3.332,0.0,10.07,-138.99,136.679
587.416,1.4824,0.0,76.58,0.24,3.333,0.0,9.98,-139.54,136.679
587.496,1.4764,0.0,76.56,0.24,3.333,0.0,9.94,-139.81,136.68
587.816,1.4523,0.0,76.44,0.24,3.334,0.0,9.75,-140.82,136.68
587.816,1.4523,0.0,76.44,0.24,3.334,0.0,9.75,-140.82,136.68
588.056,1.4343,0.0,76.36,0.24,3.334,0.0,9.62,-141.53,136.68
588.136,1.4283,0.0,76.32,0.24,3.334,0.0,9.58,-141.75,136.68
588.376,1.4103,0.0,76.23,0.24,3.333,0.0,9.46,-142.39,136.681
588.456,1.4043,0.0,76.2,0.24,3.333,0.0,9.42,-142.59,136.681
588.616,1.3923,0.0,76.13,0.24,3.333,0.0,9.36,-142.97,136.682
588.696,1.3863,0.0,76.1,0.24,3.332,0.0,9.33,-143.16,136.682
588.776,1.3744,0.0,76.03,0.24,3.332,0.0,9.28,-143.5,136.683
589.016,1.3624,0.0,75.97,0.24,3.331,0.0,9.25,-143.83,136.683
589.176,1.3505,0.0,75.9,0.24,3.33,0.0,9.23,-144.12,136.684
589.256,1.3445,0.0,75.87,0.23,3.329,0.0,9.22,-144.26,136.684
589.416,1.3266,0.0,75.77,0.23,3.328,0.0,9.23,-144.64,136.685
589.576,1.3206,0.0,75.73,0.23,3.327,0.0,9.24,-144.76,136.686
589.736,1.3087,0.0,75.66,0.23,3.326,0.0,9.27,-144.96,136.687
589.816,1.3028,0.0,75.63,0.23,3.326,0.0,9.29,-145.06,136.687
590.056,1.2849,0.0,75.53,0.23,3.324,0.0,9.38,-145.29,136.688
590.136,1.279,0.0,75.5,0.23,3.323,0.0,9.41,-145.36,136.689
590.376,1.2612,0.0,75.41,0.23,3.322,0.0,9.53,-145.51,136.69
590.456,1.2552,0.0,75.38,0.23,3.321,0.0,9.58,-145.55,136.691
590.616,1.2434,0.0,75.32,0.23,3.321,0.0,9.68,-145.6,136.692
590.696,1.2375,0.0,75.29,0.23,3.32,0.0,9.73,-145.61,136.693
590.856,1.2197,0.0,75.2,0.23,3.319,0.0,9.89,-145.61,136.695
591.016,1.2138,0.0,75.17,0.23,3.319,0.0,9.95,-145.59,136.695
591.176,1.2019,0.0,75.12,0.23,3.318,0.0,10.06,-145.54,136.697
591.576,1.1724,0.0,74.99,0.23,3.318,0.0,10.33,-145.27,136.698
591.576,1.1665,0.0,74.97,0.23,3.318,0.0,10.38,-145.2,136.7
591.896,1.1488,0.0,74.9,0.23,3.318,0.0,10.53,-144.92,136.702
591.896,1.1488,0.0,74.9,0.23,3.318,0.0,10.53,-144.92,136.703
592.136,1.1311,0.0,74.83,0.23,3.319,0.0,10.64,-144.59,136.705
592.216,1.1252,0.0,74.81,0.23,3.319,0.0,10.68,-144.46,136.706
592.296,1.1193,0.0,74.78,0.23,3.319,0.0,10.71,-144.33,136.707
592.456,1.1017,0.0,74.72,0.23,3.32,0.0,10.77,-143.88,136.71
592.616,1.0958,0.0,74.7,0.23,3.32,0.0,10.79,-143.72,136.71
592.776,1.084,0.0,74.65,0.23,3.321,0.0,10.8,-143.38,136.712
592.856,1.0781,0.0,74.63,0.23,3.322,0.0,10.81,-143.2,136.713
593.176,1.0547,0.0,74.54,0.23,3.323,0.0,10.77,-142.41,136.716
593.176,1.0547,0.0,74.54,0.23,3.323,0.0,10.77,-142.41,136.717
593.416,1.0371,0.0,74.47,0.23,3.325,0.0,10.71,-141.75,136.719
593.496,1.0312,0.0,74.45,0.23,3.325,0.0,10.68,-141.52,136.72
593.656,1.0136,0.0,74.37,0.23,3.326,0.0,10.57,-140.79,136.722
593.816,1.0078,0.0,74.35,0.23,3.327,0.0,10.53,-140.54,136.724
593.896,1.0019,0.0,74.32,0.23,3.327,0.0,10.49,-140.28,136.725
594.056,0.9902,0.0,74.27,0.23,3.327,0.0,10.39,-139.75,136.727
594.296,0.9727,0.0,74.18,0.23,3.328,0.0,10.23,-138.91,136.729
594.296,0.9668,0.0,74.15,0.23,3.328,0.0,10.18,-138.62,136.731
594.536,0.9552,0.0,74.09,0.23,3.328,0.0,10.06,-138.02,136.732
594.536,0.9493,0.0,74.06,0.23,3.328,0.0,10.01,-137.72,136.734
594.696,0.9435,0.0,74.03,0.23,3.328,0.0,9.95,-137.41,136.735
594.936,0.926,0.0,73.93,0.23,3.327,0.0,9.79,-136.45,136.737
595.016,0.9202,0.0,73.9,0.23,3.327,0.0,9.73,-136.12,136.739
595.176,0.9028,0.0,73.8,0.23,3.326,0.0,9.59,-135.11,136.74
595.496,0.8853,0.0,73.69,0.23,3.324,0.0,9.46,-134.06,136.743
595.496,0.8853,0.0,73.69,0.23,3.324,0.0,9.46,-134.06,136.745
595.736,0.8679,0.0,73.59,0.23,3.322,0.0,9.37,-132.96,136.747
595.816,0.8564,0.0,73.51,0.23,3.321,0.0,9.33,-132.2,136.75
596.056,0.8448,0.0,73.44,0.23,3.319,0.0,9.3,-131.43,136.751
596.136,0.839,0.0,73.41,0.23,3.319,0.0,9.29,-131.04,136.753
596.296,0.8274,0.0,73.33,0.23,3.317,0.0,9.29,-130.24,136.754
596.376,0.8217,0.0,73.3,0.23,3.316,0.0,9.29,-129.83,136.756
596.536,0.8101,0.0,73.23,0.23,3.314,0.0,9.32,-129.0,136.758
596.696,0.7986,0.0,73.16,0.23,3.313,0.0,9.36,-128.15,136.76
596.776,0.7928,0.0,73.12,0.23,3.312,0.0,9.39,-127.72,136.761
596.936,0.7813,0.0,73.05,0.23,3.31,0.0,9.45,-126.84,136.763
597.256,0.7583,0.0,72.92,0.23,3.307,0.0,9.62,-125.03,136.765
597.256,0.7583,0.0,72.92,0.23,3.307,0.0,9.62,-125.03,136.767
597.416,0.7411,0.0,72.82,0.23,3.305,0.0,9.78,-123.62,136.768
597.576,0.7353,0.0,72.79,0.23,3.304,0.0,9.84,-123.14,136.771
597.656,0.7296,0.0,72.76,0.23,3.303,0.0,9.9,-122.66,136.772
597.976,0.7067,0.0,72.65,0.23,3.301,0.0,10.14,-120.67,136.775
597.976,0.7067,0.0,72.65,0.23,3.301,0.0,10.14,-120.67,136.776
598.136,0.6952,0.0,72.59,0.22,3.3,0.0,10.27,-119.65,136.777
598.296,0.6838,0.0,72.54,0.22,3.3,0.0,10.39,-118.62,136.779
598.456,0.6723,0.0,72.49,0.22,3.299,0.0,10.5,-117.57,136.781
598.616,0.6609,0.0,72.44,0.22,3.299,0.0,10.61,-116.5,136.783
598.696,0.6552,0.0,72.41,0.22,3.299,0.0,10.66,-115.96,136.784
598.856,0.6438,0.0,72.37,0.22,3.299,0.0,10.75,-114.87,136.785
599.016,0.6324,0.0,72.32,0.22,3.299,0.0,10.83,-113.77,136.787
599.096,0.6267,0.0,72.3,0.22,3.299,0.0,10.87,-113.21,136.788
599.256,0.6153,0.0,72.25,0.22,3.299,0.0,10.92,-112.09,136.789
599.496,0.5925,0.0,72.16,0.22,3.3,0.0,10.98,-109.81,136.791
599.496,0.5925,0.0,72.16,0.22,3.3,0.0,10.98,-109.81,136.793
599.816,0.5754,0.0,72.1,0.22,3.301,0.0,10.98,-108.09,136.794
599.896,0.5697,0.0,72.07,0.22,3.302,0.0,10.97,-107.51,136.795
600.056,0.5527,0.0,72.01,0.22,3.303,0.0,10.9,-105.76,136.796
600.376,0.5357,0.0,71.93,0.22,3.303,0.0,10.81,-104.01,136.798
600.376,0.5357,0.0,71.93,0.22,3.303,0.0,10.81,-104.01,136.8
600.536,0.5243,0.0,71.88,0.22,3.304,0.0,10.72,-102.84,136.8
600.616,0.5187,0.0,71.86,0.22,3.304,0.0,10.67,-102.26,136.801
600.936,0.496,0.0,71.75,0.22,3.305,0.0,10.45,-99.92,136.802
601.016,0.4847,0.0,71.69,0.22,3.305,0.0,10.33,-98.76,136.804
601.176,0.479,0.0,71.66,0.22,3.305,0.0,10.26,-98.18,136.805
601.336,0.4677,0.0,71.6,0.22,3.305,0.0,10.13,-97.02,136.806
601.416,0.4621,0.0,71.57,0.22,3.305,0.0,10.07,-96.44,136.807
601.576,0.4508,0.0,71.51,0.22,3.304,0.0,9.94,-95.29,136.808
601.656,0.4452,0.0,71.48,0.22,3.304,0.0,9.88,-94.72,136.808
601.816,0.4283,0.0,71.38,0.22,3.303,0.0,9.7,-93.01,136.809
601.976,0.4226,0.0,71.34,0.22,3.302,0.0,9.64,-92.44,136.81
602.136,0.4114,0.0,71.28,0.22,3.301,0.0,9.54,-91.32,136.811
602.376,0.3945,0.0,71.17,0.22,3.299,0.0,9.41,-89.65,136.811
602.376,0.3945,0.0,71.17,0.22,3.299,0.0,9.41,-89.65,136.812
602.696,0.3721,0.0,71.03,0.22,3.296,0.0,9.29,-87.44,136.812
602.696,0.3721,0.0,71.03,0.22,3.296,0.0,9.29,-87.44,136.813
602.936,0.3553,0.0,70.92,0.22,3.293,0.0,9.25,-85.82,136.813
603.016,0.3497,0.0,70.89,0.22,3.292,0.0,9.25,-85.28,136.814
603.256,0.3329,0.0,70.78,0.22,3.289,0.0,9.27,-83.67,136.814
603.256,0.3273,0.0,70.75,0.22,3.288,0.0,9.29,-83.14,136.814
603.576,0.3106,0.0,70.64,0.22,3.285,0.0,9.38,-81.57,136.814
603.576,0.3106,0.0,70.64,0.22,3.285,0.0,9.38,-81.57,136.815
603.816,0.2939,0.0,70.54,0.22,3.283,0.0,9.51,-80.01,136.815
603.896,0.2883,0.0,70.51,0.22,3.282,0.0,9.56,-79.49,136.815
604.136,0.2716,0.0,70.42,0.22,3.279,0.0,9.74,-77.96,136.815
604.216,0.2661,0.0,70.39,0.22,3.279,0.0,9.8,-77.45,136.815
604.456,0.2494,0.0,70.3,0.22,3.277,0.0,10.01,-75.94,136.815
604.456,0.2494,0.0,70.3,0.22,3.277,0.0,10.01,-75.94,136.815
604.776,0.2272,0.0,70.2,0.22,3.274,0.0,10.31,-73.96,136.815
604.856,0.2217,0.0,70.17,0.22,3.274,0.0,10.39,-73.47,136.815
605.016,0.2106,0.0,70.13,0.22,3.273,0.0,10.54,-72.5,136.814
605.176,0.1885,0.0,70.04,0.22,3.273,0.0,10.83,-70.58,136.814
605.176,0.1885,0.0,70.04,0.22,3.273,0.0,10.83,-70.58,136.814
605.576,0.1719,0.0,69.98,0.22,3.273,0.0,11.02,-69.17,136.813
605.656,0.1664,0.0,69.96,0.22,3.273,0.0,11.08,-68.71,136.813
605.816,0.1553,0.0,69.92,0.22,3.274,0.0,11.18,-67.79,136.812
605.976,0.1443,0.0,69.89,0.22,3.275,0.0,11.27,-66.89,136.811
606.216,0.1277,0.0,69.83,0.22,3.276,0.0,11.36,-65.56,136.811
606.296,0.1222,0.0,69.82,0.22,3.277,0.0,11.38,-65.13,136.81
606.456,0.1112,0.0,69.78,0.22,3.278,0.0,11.4,-64.27,136.809
606.616,0.1001,0.0,69.75,0.22,3.279,0.0,11.4,-63.43,136.808
606.696,0.0946,0.0,69.73,0.22,3.28,0.0,11.39,-63.02,136.808
606.856,0.0836,0.0,69.7,0.22,3.281,0.0,11.36,-62.21,136.807
607.016,0.0726,0.0,69.66,0.22,3.282,0.0,11.3,-61.43,136.806
607.176,0.0616,0.0,69.62,0.22,3.284,0.0,11.23,-60.66,136.805
607.176,0.0616,0.0,69.62,0.22,3.284,0.0,11.23,-60.66,136.805
607.256,0.0561,0.0,69.6,0.22,3.284,0.0,11.18,-75.29,136.81
